id,tier,type
00000000-0000-0000-0000-000000000000,L3,Root
00000000-0000-0000-0000-000000000000,L3,Root
4c69bfa7-cc69-411d-89a0-7bad65bf8f42,L3,Root
4c69bfa7-cc69-411d-89a0-7bad65bf8f42,L3,Root
c34f3833-e479-4343-a9f8-ade29eb4547c,L3,Profile
e931f994-6bfe-4e39-87ee-523d740ae026,L3,Tweet
13cad157-d591-4db5-b0b2-801fc68b81de,L3,Tweet
cd7a57aa-d84b-4186-88d9-5e398e4f77a5,L3,Tweet
d5bfc2b4-5b98-4c5f-9fc6-d69c1180174c,L3,Tweet
8b6f3a25-6a9f-416c-8086-fa2731756ec7,L3,Tweet
f83844e4-7e4b-4053-8cbc-4a9762a26465,L3,Tweet
2c440408-57e4-4a49-a828-9778c8086bd2,L3,Tweet
cfa918c1-f717-4cc8-a74d-b5b06d01b6b9,L3,Tweet
6c59c1a1-691b-4e0e-b3a2-9e373b42b2ee,L3,Tweet
a74e20e5-4087-4230-bf58-b6f072af5cbe,L3,Tweet
57915b30-3f75-4e9d-a43d-363e3bedb998,L3,Tweet
0ff5365c-5ff7-4f24-bfa4-9387bdeba49a,L3,Tweet
25684354-4086-422e-913f-2a6dc9c4ec9b,L3,Tweet
c5468baa-110f-4fb2-96d5-53e4d3cc1fde,L3,Tweet
c9a760ea-8f56-46fd-9f4e-526fe0e2fbc6,L3,Tweet
0966ad1c-63f3-4acf-aea9-9b09d8c8bc7f,L3,Tweet
520a52ee-d15d-4669-bee6-961e56ffc496,L3,Tweet
e9c37d13-daf8-48e2-adfa-b2618e4d0a45,L3,Tweet
323838e0-18f3-4aa3-8ac2-ca1e5ef4ee59,L3,Tweet
c381b363-eaed-4f70-b7de-ee9edc2341d0,L3,Tweet
71ba42a0-d7ab-4732-a9bf-7a4e12dca5c7,L3,Tweet
8ba205f5-58da-45a0-9619-271961f3f0f8,L3,Tweet
efd8e40a-4567-424d-ac02-0aebc7fc0498,L3,Tweet
f91d3fbc-9727-4c58-8391-0ae77e5f62c4,L3,Tweet
02508bdb-a9a0-4196-83b1-056497353993,L3,Tweet
17991001-fb11-432f-b4f1-8f50a1209769,L3,Tweet
7098790f-16be-4f47-9416-bda89864cd3a,L3,Tweet
6316f00e-96b5-414d-97d4-cfe034dc9123,L3,Tweet
408620a5-7d4d-4938-a0ca-d01056c79f01,L3,Tweet
7aeadb90-1cd3-41b5-b649-5cbe332948d3,L3,Tweet
f54a7f42-e78f-4972-90d0-17efa2e8d083,L3,Tweet
c0bdb6e7-8088-4d83-b3ea-af2e72a358db,L3,Tweet
9805875b-0084-4e1d-ad4a-b86d0474aebe,L3,Tweet
534a264d-7c44-4ec7-938d-c201686743b3,L3,Tweet
e2d199d5-a819-46c9-bb5e-fdb2a01fc175,L3,Tweet
20e9fe96-1d51-4930-9e72-e12e2a52579a,L3,Tweet
f856a3ba-21d6-4ddd-89ef-8c0a8226e1ef,L3,Tweet
d93d80d1-d498-451f-a378-fe3bd9f0c55b,L3,Tweet
5ed65729-c843-4775-82e9-cb3b7107c3e7,L3,Tweet
de74bcb8-7874-49ba-a298-c05560513c54,L3,Tweet
af0b2c15-1324-4651-bb74-b37c9d245fc1,L3,Tweet
2a8af061-d81b-4268-a1f8-e204ffbd06f7,L3,Tweet
4b7c5563-624c-48b3-b578-e59f4f536676,L3,Tweet
1591c79c-1d33-4a65-94c1-59c68475d005,L3,Tweet
a7e6d2e3-3e32-4a1d-bd30-da36ae1b8cf5,L3,Tweet
28f30fcf-4254-40f9-96dc-cb865b5241f1,L3,Tweet
e63c6bc9-b2ad-4064-9860-80fc9aa662a6,L3,Tweet
e8d0a0d8-ae54-42b0-a300-342269f1d72a,L3,Tweet
0396fde4-accc-438d-a846-ecd012614822,L3,Tweet
48ecc4a7-c27a-4293-afdf-8a6209804216,L3,Tweet
1f324f5d-e01d-4ca0-891b-315c772220be,L3,Tweet
08af81e1-38e1-47ea-a3d7-589f2cbf5245,L3,Tweet
1e80f686-4c3b-4a00-ae52-6af91f304b19,L3,Tweet
8e33a17a-fdb0-45c6-ac9a-c0106d08859d,L3,Tweet
86686f84-c0c4-49ee-80af-da028483c5d9,L3,Tweet
42c4b9fc-fd40-42e0-ab48-ee81b0c53a91,L3,Tweet
04490cd7-4258-408f-914c-7e36a45c57d1,L3,Tweet
86bbcd3e-ab07-4ff7-b202-2b5be51ac43a,L3,Tweet
8721957d-b578-4d56-b19d-84e0679ecda0,L3,Tweet
8386bc9b-b9ee-4dc8-8567-88d681d4b0d2,L3,Tweet
afe48256-d97f-4e54-81c4-febb462a8078,L3,Tweet
ac2da886-f440-4b48-9230-ae57da038fa0,L3,Tweet
530020d8-8d09-47fc-b33b-d3f14153d20d,L3,Tweet
3cef3fc3-918f-463b-8b29-00e1f5057eb3,L3,Tweet
d8d25339-027f-43ca-8219-48d9cac3e26f,L3,Tweet
d629c33e-80ce-4682-ae5b-e1bf74f64160,L3,Tweet
b9d218f5-14ed-4633-9a33-68b2622c19f1,L3,Tweet
29bfbb6f-c087-434a-b5a3-47d51eaceeec,L3,Tweet
c34fbe1b-ab97-4d00-9390-7811de92f0af,L3,Tweet
118db1e9-6bc0-4a8e-af2e-c906eeba4fb8,L3,Tweet
5b3a06b0-aadb-45fc-9069-fbc322c5a219,L3,Tweet
a3f85082-6b38-4169-b19e-7567fe0295c0,L3,Tweet
3845760c-cfe5-4642-a751-da63a60ea5a0,L3,Tweet
5ee16216-eeff-4019-9da2-c4141d64ed4a,L3,Tweet
61cebf05-8445-48ed-8ad4-2990a4dc9431,L3,Tweet
866382f2-1d2f-472c-b366-233212935188,L3,Tweet
b438de2b-c4dd-4e14-a649-2333ed29a98b,L3,Tweet
770bc165-08eb-4d17-8135-d625e482c782,L3,Tweet
a35f4ab6-08d3-4a01-9058-fcd6e697cae3,L3,Tweet
fe7b77d0-0403-4209-8083-54b09554bf14,L3,Tweet
39a39f50-97e0-4709-a15b-e559f7f238f4,L3,Tweet
5c81779b-3e44-4c3d-b37a-f48121b40e76,L3,Tweet
318ad8c0-0962-4d4e-82fe-5acc84a65092,L3,Tweet
0432268c-195e-4bbf-8e98-e4c10c735cd6,L3,Tweet
c8a11f9e-c866-4764-af63-c3059e11855a,L3,Tweet
cb32b331-75d1-493e-94c7-df15b3de073d,L3,Tweet
83762869-ccc5-4f4f-919e-834f4bf3d510,L3,Tweet
2e74cc48-e5e1-45fb-8279-ed8828694dc1,L3,Tweet
8ff0327d-acb9-4c54-ae20-87f13edc3be4,L3,Tweet
ad3f75ba-bdef-40d9-8e19-b23a796a685c,L3,Tweet
8b894933-055b-4f6a-8ecc-1d2f88aaeb99,L3,Tweet
e88ffe5b-1971-4bcf-aee8-4a330b2fb0e9,L3,Tweet
f17e4814-58de-4ae5-95e7-ed15c0cae921,L3,Tweet
be5b7455-e4ad-4fbc-a3c6-3663b87f8566,L3,Tweet
555a6a87-6c62-4e39-98b1-4eda712bc2a3,L3,Tweet
2b86ccd7-9f24-4023-869c-2231908f30da,L3,Tweet
55617c5f-505f-4566-9700-4b708f7c3ab3,L3,Tweet
7451190e-4329-45b6-bb63-2c414b31125c,L3,Tweet
4a02c36c-2104-468d-b03d-546b62cb24cc,L3,Tweet
de32a32a-b512-482e-9eb8-b543af7416e8,L3,Tweet
2f44e2c2-9bda-4fa5-85cc-fb57c4d78480,L3,Tweet
5173a133-3cb6-454b-bde8-4e02c6a5427e,L3,Tweet
fa0181c7-526b-4745-afdd-6e064d555141,L3,Tweet
77533607-5e1a-4e56-a9c5-75c7d79d4e2f,L3,Tweet
68b77278-ef1e-497a-a8b7-820b377f24a5,L3,Tweet
d1b152c9-1fe0-4ec5-93fc-0803c55cb875,L3,Tweet
32d5255a-cea5-42cc-b99a-df86691e766e,L3,Tweet
95f5417d-990c-48c4-9795-21f271801aca,L3,Tweet
1fa18914-9e12-485f-adda-baec5973097d,L3,Tweet
5b2a0c1a-89ab-44ec-ac2d-a6e7f5c24a84,L3,Tweet
0b66fb1a-b36e-43f1-9ace-a6a6646d3d34,L3,Tweet
46bf9b09-90f2-4310-8702-e5809870a3b9,L3,Tweet
f7b8d01b-700c-4e53-93e5-718398fa2395,L3,Tweet
59b46a48-f377-4f92-a363-c61e66980993,L3,Tweet
1a760b56-c742-4e39-969e-640aaf5549c8,L3,Tweet
8a1111f3-8f18-4c51-9a95-b0556615ae39,L3,Tweet
915c7398-18a9-4117-8a3e-67156e7671ce,L3,Tweet
204a22f5-b6f0-4cea-8bc7-059c3fc71546,L3,Tweet
0ec32bbd-70be-4347-846c-a60d3bf08f76,L3,Tweet
2f1fbef1-cc96-4033-81d9-4396a9c47e70,L3,Tweet
c59721c9-53ff-4c27-b3fc-6b6ecc30bb02,L3,Tweet
b80affe7-f9ae-41e8-abee-a2be97b48494,L3,Tweet
5059291e-1661-40c2-8c28-f97c6c003843,L3,Tweet
680ca138-8e0e-41a8-b506-4e1535305ca6,L3,Tweet
5b815134-21d5-48db-b62d-b173fc332dee,L3,Tweet
9788a581-cbec-4925-9be6-9a1221404c7f,L3,Tweet
da1af907-3ba6-460a-8517-d946702f4ea2,L3,Tweet
246eb38f-5717-43b6-910e-53f7a29715d6,L3,Tweet
cfb4ce6e-f951-40d3-a794-0eba692f57be,L3,Tweet
5c53d339-6ba3-49b4-a0d7-4e57e8df7284,L3,Tweet
f7979d55-7c91-46f2-80ef-d8980c871cd6,L3,Tweet
ecda55ea-be32-4026-b900-612237cccd29,L3,Tweet
8770149e-ef12-4f60-93f6-d55caefcdd4b,L3,Tweet
f9b2cb8e-716c-4b82-bdab-1cb01b7a9101,L3,Tweet
5b01dffa-6454-41c9-b280-7efa662d4843,L3,Tweet
f1b61548-c38b-49ae-bee3-82f0962ea422,L3,Tweet
e68e4b6c-1ded-44b2-9353-85183f29589e,L3,Tweet
4ebb65b5-6b97-4ed2-97a4-c483ae90cef6,L3,Tweet
f3c3693a-1aa1-47dd-a8fa-2e10067a8eec,L3,Tweet
25c91060-e112-45ef-832e-d6d56b1c1239,L3,Tweet
90db5ca0-0d6d-4b81-80ad-131c6575ccd3,L3,Tweet
32f46edb-9f7a-43e6-b5d2-640b2a76fb63,L3,Tweet
54d0610b-0aa1-43e7-af0b-ab8285f67543,L3,Tweet
520a25a0-0f37-4643-97c4-c9bd997664cc,L3,Tweet
d0037de5-d89a-4c64-b046-478ccd4368f3,L3,Tweet
5e6133db-6b9f-4e03-a6b7-e77c62f6f2be,L3,Tweet
b5b3d017-b5ba-4569-b8ce-5b3162d4b0ae,L3,Tweet
62e3e777-b06c-4247-b4bd-65dcf8df1a58,L3,Tweet
7bc14921-acf0-473b-99a3-152df66a8f1d,L3,Tweet
1a10732e-6e71-423d-b509-be13fa146325,L3,Tweet
57631c59-ae62-444e-995e-f70f61210e52,L3,Tweet
bf72bc99-e8ae-4323-aa8f-26a8df9989b1,L3,Tweet
269e3130-81e3-42f4-9b4e-87e459a88965,L3,Tweet
52e17769-3be4-4544-b653-da7a66c9e2a6,L3,Tweet
e8dca8ef-5b8f-40c4-a19a-c46fe1a67a00,L3,Tweet
1434e16e-65e9-4127-9600-a2c73152146b,L3,Tweet
366991b1-4e4b-4cc3-8022-a9aeb6312797,L3,Tweet
1a118dc6-38c2-4fe9-a0af-dbd16fdee69e,L3,Tweet
ab03cc15-daa1-4f04-981c-eca8dc69c0b3,L3,Tweet
494165fc-0d70-43d2-85a2-214f8b29fcdf,L3,Tweet
784dad9b-3b1c-4995-ac90-ec36013a1844,L3,Tweet
4620ec92-3e7a-4ef3-816b-31f60d70f8fc,L3,Tweet
721c8690-e3b6-4c98-8061-a548bea75644,L3,Tweet
689110e5-b490-4c7b-9e49-6ff4bc27a650,L3,Tweet
4dbb42ee-f4c5-4837-9368-4bc95ec74f0b,L3,Tweet
b9f65f6d-8ddd-4524-b5c3-b451b85a5b5c,L3,Tweet
742b0508-f0c2-403b-9a05-16fc91d95b33,L3,Tweet
09cc3861-f058-4f25-b789-f13bd61e4e16,L3,Tweet
8b3660b4-02f2-4b31-95e4-1e5dea0e2b5f,L3,Tweet
9a9421ea-921b-4add-bc10-edea97bd62e7,L3,Tweet
42a31d25-f896-4fcc-8304-e74979ec847f,L3,Tweet
3d5b6c06-ab3f-4f39-91e3-be83c48b0941,L3,Tweet
a9cedc9e-482d-4784-931d-925fba40975f,L3,Tweet
607b0ff4-35d4-474e-adb3-23b31b047c52,L3,Tweet
b5f137e4-ce49-4b41-ba3b-5040de26cdf7,L3,Tweet
0b1d7cfd-f5e3-4e0c-a715-e6000818770e,L3,Tweet
9af5f319-48b4-4911-ab03-436ab3603a5d,L3,Tweet
d18fac48-2e28-443d-b1dd-56c6214ee9b3,L3,Tweet
efb0b2ce-d2ff-444e-96d6-72d1a8b26ec9,L3,Tweet
d9953ea8-96db-4415-ac31-413e96b90bda,L3,Tweet
bfc12910-ce34-4328-8122-6b3ac74cf4ec,L3,Tweet
8ec3d07a-3cfc-4860-9dd5-036ca62b2920,L3,Tweet
b234e5bf-2670-4848-b7b1-f02dec19f1d1,L3,Tweet
94b06914-6e83-4997-b76b-04821b69770a,L3,Tweet
a4f859b1-b975-46f3-a7e1-123b9cf70586,L3,Tweet
821e2bd4-e1de-4965-a90d-e850b93c26b2,L3,Tweet
a16db896-7354-4521-94fc-1f02f10d1b2d,L3,Tweet
4fc8a9fb-56bf-471f-af04-09591f7b4269,L3,Tweet
c973e4b1-5005-4ef6-816a-d6c101571841,L3,Tweet
333cfae5-5517-49b1-861e-8994aadb98fe,L3,Tweet
deb94713-825a-4b28-b079-f51849eaa6be,L3,Tweet
6be3b684-5a41-4615-9c0f-90c7d89e3a58,L3,Tweet
523e64d3-5030-4285-a81c-68c29316367b,L3,Tweet
6345e519-819a-4523-9d72-c1b729a16ce3,L3,Tweet
e78cc9b0-5d8f-44d8-a2fa-983c9189f842,L3,Tweet
162ae11f-75e8-495e-baf1-95bc11996985,L3,Tweet
b5d7f576-2f8e-4526-8171-6df8282079fb,L3,Tweet
ce9552e4-8d90-4399-ad2f-4e2a5a832a76,L3,Tweet
7f264440-bcfa-48ac-ab5d-291bb1791da2,L3,Tweet
dc431ebe-4fd9-48db-84c5-9eb29ae11a32,L3,Tweet
872bbf1f-59bb-4aab-81c9-2d8d0ed3581a,L1,Tweet
d3f75f8d-a45c-4ed1-ad31-1efa1d0d2405,L1,Tweet
aa42c5f7-7de0-4dcc-a299-f7fde1f2d22c,L1,Tweet
8de3b0d7-df06-467b-98e7-504b3da74451,L1,Tweet
068def02-bfd0-41c8-b491-7e6b46e56449,L1,Tweet
e9c49afb-cafa-4413-9864-f959cf348f6a,L1,Tweet
de75b985-8d09-4161-8c1c-81847e5530fa,L1,Tweet
5c7f8e2a-2921-4b20-871e-619ba76d0067,L1,Tweet
e2c62395-47d5-40b5-8525-be7472cb3ee3,L1,Tweet
c23e868d-3195-4c63-b67e-e78f4eea234b,L1,Tweet
13299445-b8d1-4add-a31e-244b246850f9,L1,Tweet
7609355e-11b5-467c-8f6a-c6958348ef1e,L1,Tweet
ca0e0131-af36-472c-abdc-e94735999055,L1,Tweet
944fd113-df91-47af-b753-6376308239c0,L1,Tweet
4bbb91bf-bcea-480e-aa50-eb2b649ec9fc,L1,Tweet
781cb14e-842b-4f72-a4b1-296c2e84be92,L1,Tweet
29320200-e4a6-4eb7-b18a-87389225d250,L1,Tweet
96f1796a-ed4e-41e0-be67-592c530f110d,L1,Tweet
b6d150d5-9a3f-4fc2-abd0-b9cb753c87b6,L1,Tweet
7f242bda-225e-4f42-8dee-c93df9f14b9d,L1,Tweet
d0ceca74-deed-4025-b4b6-457829e728ea,L1,Tweet
b69c69dd-3118-4ce5-8a5b-1ee69d045438,L1,Tweet
d2f7db6f-6636-42bb-992a-f986549fa650,L1,Tweet
ee7c0325-ada2-4ee9-84ab-5c213f193621,L1,Tweet
b3225d78-7f68-4a5d-877f-f480fee078fd,L1,Tweet
5e82347d-569d-415a-a481-4114372a39f0,L1,Tweet
8601ebb5-b33d-460c-87ab-61b46148b5a4,L1,Tweet
c030235b-5049-44bc-ba48-6d1b3767e883,L1,Tweet
e286fc02-d1bc-4c6e-a84b-1a53cbc0a54c,L1,Tweet
dea1a20a-b9b0-4aab-9247-ba977cca119c,L1,Tweet
0a9007db-9b14-488d-b3d8-66d1ef5c0af6,L1,Tweet
1e7afa1a-cc50-4268-82d5-1ca1ad8efb21,L1,Tweet
c675625e-b63a-482a-ad65-488d1db39c19,L1,Tweet
8005067f-44d7-43c7-a6a7-91f6f96d8953,L1,Tweet
1dd7fb54-7075-446a-91ee-d9c7d44f714f,L1,Tweet
b9c32936-5d0e-43eb-862a-fd9055c2c546,L1,Tweet
06561cca-08ff-45f7-9abf-30a30b3f910e,L1,Tweet
c9f21538-101b-482c-9d57-bb73febabca9,L1,Tweet
a3cb96f8-b17b-4a68-91f3-eea6105cd7c9,L1,Tweet
05fb32d3-e924-4fde-9409-cba923a16488,L1,Tweet
beb99d97-c85e-4e1c-9edd-a3f77772db92,L1,Tweet
55ae6642-c419-4537-b058-c9e5846728ca,L1,Tweet
5cc8a922-0edc-4f05-999a-1a2bad3e203e,L1,Tweet
924f342f-6a93-4f96-9aad-9ee4f0094910,L1,Tweet
8c386525-b7c2-434e-9c87-2a91d62e18ea,L1,Tweet
ef300c08-981e-4371-8217-9af13a707c3c,L1,Tweet
eaaf9d4c-08bd-4659-851b-3fcdf40ed487,L1,Tweet
d8284c51-33f5-4e2f-9414-2ead0a802f49,L1,Tweet
1147f590-523d-4e74-b453-0448dfba2a1d,L1,Tweet
4f9af769-39c2-4d51-b356-cd6782d83970,L1,Tweet
6ecdec56-a485-4713-9fb2-289f296de1d3,L1,Tweet
20d24634-6a7c-42d0-8182-98f82b760b3f,L1,Tweet
31061bb6-dd32-481b-b318-b33632b7ec79,L1,Tweet
bba3a4c2-b3c1-4b20-93f1-e6f1f110f868,L1,Tweet
2c74faf5-d63a-4e36-a4f5-e442c247fdbb,L1,Tweet
235511a6-ae5b-43fc-abd6-c278809eea79,L1,Tweet
4a257963-1aad-4afe-8d02-803c5a4053fb,L1,Tweet
b3c9a070-ae9d-44aa-a328-2560509e1621,L1,Tweet
c683ea21-5641-4a39-9c87-bce5bbc3937b,L1,Tweet
5846e864-0233-4844-9209-2aaded89ffe7,L1,Tweet
1f8b8e84-44ad-4335-b254-f6d6de9b4d87,L1,Tweet
c1265634-8a75-49d6-af8e-45e4130332b4,L1,Tweet
253cc2ea-54f9-4e9c-b71e-e1f08bbee7e7,L1,Tweet
02bd7ddf-e81f-4e66-9f6a-b5e87e83748b,L1,Tweet
b25e1ede-0adb-4123-952b-4e3f0e30904f,L1,Tweet
c34f0d2a-7941-45d0-aa3e-25a809d92058,L1,Tweet
2931172d-fcc5-4ee3-837d-6f32a229f151,L1,Tweet
bfd3b1b5-8748-45bf-9545-ea321953a291,L1,Tweet
2020fa1f-d192-41fc-8c31-0b9a83c72c04,L1,Tweet
f97dabfa-7b11-4c83-bad9-b6ce634b0e3f,L1,Tweet
b26d32e7-509b-43ab-a0e8-49da715cdd73,L1,Tweet
9ad115be-42d2-4109-98ed-7a5c5c8495df,L1,Tweet
4fbedec5-0d21-4c08-9a4b-7391f0db66d2,L1,Tweet
1feddf14-d1f1-4fef-9767-9122aea3dca2,L1,Tweet
92349e96-5ff2-4264-9a95-83ee741e6e7e,L1,Tweet
2f8d3a78-ce8d-40a6-b927-7dd8da7f728f,L1,Tweet
3e622968-9096-4ae2-b7cf-560f0e65dd4e,L1,Tweet
4e16aee4-0182-40f3-a006-f0116226a8b5,L1,Tweet
ab2cd892-bd3d-4139-bd92-c7777f3ef614,L1,Tweet
17a4c45b-a28e-45c6-bfd4-fb9372ea126d,L1,Tweet
bcaac2fd-4f14-4682-96b7-3be01fb4bb48,L1,Tweet
82d1ba5a-d79d-4cfd-9cc0-168125c2302d,L1,Tweet
e1765d9b-ed56-4877-8fae-64cfba3d087f,L1,Tweet
2eec1779-2e75-426e-b010-351fe24f62e4,L1,Tweet
69697078-bb1a-4cd7-83fa-faa39c339207,L1,Tweet
1d2c99fd-cdb1-45b7-90c8-c3a837a9f62a,L1,Tweet
4e82cb79-14b2-4a21-916f-c74c40dc33f8,L1,Tweet
c3e2d38b-4cd7-45e8-8c73-f33fe494e4ac,L1,Tweet
268ce4d4-73f3-4caa-9107-ea7e9f2f6fdf,L1,Tweet
2d791299-a574-4b50-8bb6-ef24a9e5bf83,L1,Tweet
0b78d9df-fe73-4a68-9d1e-156aa4aa198d,L1,Tweet
2048ddf8-0a71-441b-b112-6a74e5648742,L1,Tweet
acd14baa-5762-47ef-994f-b7f1bde59e9b,L1,Tweet
e85df7fb-a01a-4697-a32b-d5be482becac,L1,Tweet
f8c9b121-50a5-46e6-9ccd-a694e0be2115,L1,Tweet
02b601da-aa13-4623-bf8c-82389de1067e,L1,Tweet
209ea23a-9e47-4632-8cc3-3ac21aa8ae6c,L1,Tweet
f237539e-d0fd-4090-9842-dc784dcc953e,L1,Tweet
b1813aa5-67bc-4c85-8d68-5b80bb68a856,L1,Tweet
1e929f38-517d-4a6c-9eaf-b489d14488a8,L1,Tweet
85bca365-0133-4de2-a176-66cb3d508b7d,L1,Tweet
2f507dd4-3e97-4c28-9663-020dfaacc168,L1,Tweet
7e55f990-c43c-4256-a590-4e25218b3160,L1,Tweet
d6c60e63-9df6-4da2-afa3-63505ea4e2d4,L1,Tweet
33d43533-1947-4606-9883-37cbb9c28d81,L1,Tweet
eec39bd2-b4e2-4689-afe7-968208b92f7b,L1,Tweet
9b8d42c6-33e6-470b-acf2-5ff8a8458f33,L1,Tweet
ea01056d-b46a-41e5-a563-5495e579ed9e,L1,Tweet
3be53dfd-c888-4c86-94d7-2e1106b11c56,L1,Tweet
e9e40075-2e31-4740-8d3f-8cb64fbf3327,L1,Tweet
090372f3-5543-4374-9214-730a87ed1a0a,L1,Tweet
fa5b297b-80c8-49b9-8fcf-fed558d8105f,L1,Tweet
bfd2892b-febb-4bd2-9b4c-e4c623ee1ca0,L1,Tweet
9983fd3e-1f6a-4fd0-9fe1-d0e61b5d15c6,L1,Tweet
25938d6b-0a36-47d1-a9d7-dbfd29109328,L1,Tweet
f7fe277f-c668-437e-a697-fec6f04333d9,L1,Tweet
91a011b9-378f-4040-a34b-6831f8b3ff46,L1,Tweet
e6ccb15b-90f3-480f-a6bc-21a7889de33b,L1,Tweet
f90ec7d9-dd84-42c6-af9a-f07c354cbfbb,L1,Tweet
e6a5a87d-9982-415a-b607-a14bcb31d663,L1,Tweet
a7440a1c-890b-4e43-8bb5-6687d40a268e,L1,Tweet
769318c8-0e99-4dd2-9ae7-fb78924180b2,L1,Tweet
c265f6bc-178e-46d6-915f-9e7a88a97133,L1,Tweet
6d9cfe9c-6102-4ef4-96e7-58096ed82634,L1,Tweet
5ba7d23e-ddd6-4d4a-8507-6f89efebfe03,L1,Tweet
55530690-9930-431c-b970-fbb927428157,L1,Tweet
11b797ea-062a-43a7-af4f-a13d63849eac,L1,Tweet
4fd4fa00-08b1-4aa8-95b5-4938e62426b2,L1,Tweet
4d613008-2d0c-4da2-83aa-f05cf067a7e0,L1,Tweet
0b30ebb1-c494-4cdd-abd9-5020a7a582ea,L1,Tweet
f0f9e879-5b61-44f4-9750-09010e13cdb3,L1,Tweet
11121929-e2ca-4b28-9a23-94d5c6f61953,L1,Tweet
c4e007e7-0673-4186-9bfd-2e899d2ac879,L1,Tweet
4d328bef-c3ea-48a7-a9c0-693b4021f607,L1,Tweet
47c26125-f75c-4bb0-9fe9-326f40cbfd30,L1,Tweet
ab07f878-d3f0-44a9-8e9f-ab7608372f72,L1,Tweet
6d140ac3-ec84-4593-9ea4-eeed1e2fbfd8,L1,Tweet
6c0fe750-7325-4f3e-a850-55e2466aa716,L1,Tweet
3435af9c-2cde-4cda-ab9e-30a1ba4bce8c,L1,Tweet
ea883d56-4b81-458e-9b45-79b0a0d603df,L1,Tweet
abd59a83-848a-401a-805f-6d885cc98061,L1,Tweet
b8f51786-c2bd-4bc4-9418-1442bb68ec4d,L1,Tweet
3ee6d63c-ec1f-4854-9abc-f23273992f7f,L1,Tweet
b0bcc4b2-f34b-4621-a7dd-28b88fecb136,L1,Tweet
270f66e3-0a75-4b44-b3fc-d0289e8e8c54,L1,Tweet
0c69a5d8-bc08-46a7-9f0b-80b0b2174c81,L1,Tweet
abae5035-44a8-4f3b-9176-68682712fdb6,L1,Tweet
5063fa56-6100-45f6-92b0-c55a3517afbb,L1,Tweet
fcaffd95-9033-462d-afa3-e65e80e7d941,L1,Tweet
f7b0dd3f-bb90-4820-9d90-63cd709b9cff,L1,Tweet
a5c930f0-06c1-4b06-803e-c4e11ae75790,L1,Tweet
7286dc20-b8c5-49e9-81e5-4a66770dfdf4,L1,Tweet
c0de7e23-5128-48f7-9bfc-d41526ddb766,L1,Tweet
9a84cc5b-12eb-4a43-9434-bb2bd0423d88,L1,Tweet
85e27708-a8d7-4fdb-8fe6-657f3986cedb,L1,Tweet
6fb20cb6-c96e-4325-91d7-1b0a65dadd38,L1,Tweet
8d2bab52-641d-4043-a585-e7f09f8195ea,L1,Tweet
3bb2ac1f-3e0e-41ec-b227-9e11de681757,L1,Tweet
6bd5013e-2b01-4852-adee-43a837dc1069,L1,Tweet
21bc9642-a0ba-41e8-a5e7-e5968858beac,L1,Tweet
15befee8-f585-41e3-984e-af6f2bc997ac,L1,Tweet
922d81b1-7a30-4a72-95b1-f0322df848eb,L1,Tweet
624c54fa-ad46-43a1-8870-642f55e06c56,L1,Tweet
15818b73-a83f-446d-a2de-cf028e86c1c3,L1,Tweet
2fb1e900-db18-4d0c-9a62-4f195493ac20,L1,Tweet
c5d28037-80ca-478f-9fd5-d9deceeb36e2,L1,Tweet
fba9ccdd-5fb0-4109-a248-902183f4401b,L1,Tweet
4b272a9c-3dc6-4cae-bce0-3f206297af95,L1,Tweet
71ce4999-b7fe-4f02-bec9-c0e205aa0ea6,L1,Tweet
013802da-22f8-4c32-9eb7-c9b9bc785abb,L1,Tweet
e032c409-5375-4d0a-a962-1217a05709d0,L1,Tweet
cc942e4a-b5a8-4afd-ad6a-26318e65f41e,L1,Tweet
d882ac1d-813e-462c-87bc-777e1c45f1fe,L1,Tweet
a1dd2281-d27b-44b7-a82d-a7f6ea2e8906,L1,Tweet
109a9165-48bd-47bb-a07e-fed49139bb7f,L1,Tweet
d04a9dcf-6204-4ba9-b9f1-3f3b3ce03614,L1,Tweet
50dd4245-52d7-4422-91b7-36d94182ee70,L1,Tweet
f46fe7b9-0955-4526-9d7f-79c8ecf9dafb,L1,Tweet
2a881617-4ce1-4c3e-bb72-bfe809ad49bc,L1,Tweet
f1a8d471-af5a-4f4c-b509-5ef7953a72df,L1,Tweet
d23af9f7-2d68-4551-8d68-ea86f91d8668,L1,Tweet
042f057a-2f13-4d0d-a7c9-63d0a8ca5fdd,L1,Tweet
ebd4cace-f174-4e1a-841b-fef19506d57d,L1,Tweet
0e12dfa9-0c9d-496f-86c2-d7354433b43d,L1,Tweet
744a84d5-f460-4032-9869-1b67f320d494,L1,Tweet
8d59b509-8a61-4353-9c5b-60fe1ddd854a,L3,Tweet
15fc02fd-1107-4330-8013-fd80e63fad9f,L3,Tweet
dbf83f8b-7355-4d40-8825-80b7051c7f9a,L3,Tweet
bda612d2-6266-4dfc-80de-0ccc2d7d2cb1,L3,Tweet
89618209-7bec-40d5-989d-e45e3fa5230f,L3,Tweet
ed10ef22-4fc9-41f0-a8c0-e116d0124639,L3,Tweet
43776ed9-dcf1-4836-be36-75ecadacc7e5,L3,Tweet
a4f632d8-7f4e-428b-97c0-2acf5d883e9c,L3,Tweet
32dbf939-55cc-4e69-b415-f7269aab2d2a,L3,Tweet
1da466ba-0e63-40b9-8bbe-b28ec9a1d97e,L3,Tweet
1eb1347e-e05f-47c1-9df7-36060f70b4bc,L3,Tweet
d7b10c93-cb68-4d17-8597-1fe4d22c2923,L3,Tweet
9a35bc41-cb4a-4790-ae6e-c33cbcfa0f2b,L3,Tweet
2e911e13-5978-4b32-ab9e-6f4eec909f07,L3,Tweet
7448d511-c0e5-4192-95af-6cbcdc4c5e4f,L3,Tweet
1c2c2967-9416-4b4d-8a59-31e72582bf7a,L3,Tweet
e1c85be6-2142-42ab-b66a-d553346191cf,L3,Tweet
00fc2afc-4d67-48f0-aee5-ee93a050181a,L3,Tweet
e054ddaf-668d-4c1b-85bd-c76e593e7cd2,L3,Tweet
cb6a55fe-e402-4e18-aa4b-61375d4e2831,L3,Tweet
2fa61e94-92b6-4763-b322-78c120e07b55,L3,Tweet
9c6ce3c7-6806-4eaa-ade9-7ea90a39116c,L3,Tweet
b608fe63-24d5-4be8-b97e-c149a70182f7,L3,Tweet
76df8ade-8a15-4dc4-aaf0-33b6f14c2e7c,L3,Tweet
8f52ea32-841e-487e-aa56-9b3552575acb,L3,Tweet
e099ad70-9a04-4e7c-a63c-5c1f397805f2,L3,Tweet
cc19b909-764d-491d-b433-e666d4aa4df8,L3,Tweet
bf44ac2b-40d5-4835-8558-b5c2657f0fc8,L3,Tweet
ce5c2985-8e01-4b2f-8093-81196a845aa0,L3,Tweet
ef6a559a-5664-482f-a51d-a379d8a8d66d,L3,Tweet
9399a941-c0a6-4f32-8c0d-ac2b3595b9ac,L3,Tweet
0bce682f-77ae-4eba-97dc-768aaf2502b8,L3,Tweet
c858189b-5d7c-43ae-bdfb-1d2ed6c3cd62,L3,Tweet
669fee80-e5cc-4d14-8f05-18388997c6f8,L3,Tweet
275258a5-4fe2-43a0-b890-c40c66b3a351,L3,Tweet
81ce8742-9471-4315-bd9d-7f2b90f422da,L3,Tweet
0711065a-0a93-4199-86e1-fc0e15d2fa64,L3,Tweet
a5cc0d1e-7e81-497c-9357-a78733767f6d,L3,Tweet
bb4883af-16af-48a2-a77e-23493ff6faf1,L3,Tweet
ee21cfe6-c265-4e61-ac0d-4d275cd192cb,L3,Tweet
acf7de33-ef98-453b-82e6-f70aa67b1c6a,L3,Tweet
5cc589be-e3d0-4169-a1fb-5645eabb6615,L3,Tweet
a77afea9-81b5-472e-a55d-f6f8425e051b,L3,Tweet
cca7f7a3-c589-4630-997a-22304910b1a5,L3,Tweet
91f8520f-f5cb-4391-8f1b-63a0d0c48203,L3,Tweet
9ed57c03-c06a-430c-b0fc-04e5b9e19b80,L3,Tweet
01407fd6-fc4b-4522-8c98-833995bcb3d7,L3,Tweet
f5a06047-586a-4eb3-b061-e06e393dba07,L3,Tweet
5bd413da-1455-450c-a4de-93e3d4ba76d8,L3,Tweet
0b811977-8ec6-4064-9a1a-027bc9b099ab,L3,Tweet
ca87ab48-6721-46aa-b9da-67067ba4aed6,L3,Tweet
5fb12879-ed30-451f-b6cd-bd01aba7d246,L3,Tweet
0d8c3789-e189-403d-bb93-14037e940695,L3,Tweet
ed3b7578-2fcc-48fe-bb9e-d0c83d3e2674,L3,Tweet
c0b0ba0e-96fa-47e1-a480-dfd1bd0c5986,L3,Tweet
7185e745-1b72-4cdc-b413-6d1b87353acf,L3,Tweet
0b37d9e8-7450-439a-85e3-1dbf2c4f7995,L3,Tweet
c24146a1-f265-4839-b0c2-1744e236baec,L3,Tweet
8fdb108d-88d5-470a-ae33-b92a0911c0e2,L3,Tweet
8f18aee0-e68d-4294-a4a4-ff339d19e930,L3,Tweet
9a9fe38f-80ff-4e32-9f45-d72e181948be,L3,Tweet
d0f20605-6db8-4710-afff-b3a1c98edde4,L3,Tweet
8e76a65f-32a0-4e45-b76e-1bc84be9beb6,L3,Tweet
2d9b24aa-6ac8-41d6-8ec3-9f02062c0cb1,L3,Tweet
5bb857c2-24f6-42ab-bbfe-015e238cdbc7,L3,Tweet
b9f8d7bf-45a1-4bf7-9b8c-d1ea8fecef08,L3,Tweet
bebeac37-d0bb-4816-9e80-6225d00b9bbf,L3,Tweet
230bb68f-a82a-42ea-9711-b948d8fc7ebb,L3,Tweet
906215dc-a5c6-43c5-be7e-055342db681b,L3,Tweet
d61234d2-5c03-4b42-96bc-5694df22d2cd,L3,Tweet
dac9e754-fead-45c6-90b2-a387274e64ac,L3,Tweet
ffe6712d-225c-4cd2-bf4d-60b335056b81,L3,Tweet
a0e0314f-478e-4d83-ba88-0dd57ac0ffb3,L3,Tweet
97486353-d89a-42d8-863c-5243d98baf69,L3,Tweet
9ccb3005-68fa-40b9-a338-752fa8464ad9,L3,Tweet
d6fdb5ef-530e-4430-9758-288c772257aa,L3,Tweet
9b6ce9fc-c4d7-4a06-9cd3-d7c339e88ee0,L3,Tweet
9e592428-0d85-454e-b2cb-46306180894f,L3,Tweet
cb3db9d1-752e-4f00-9cf8-0ffdba4b16b9,L3,Tweet
e03e5d2f-4ed5-4d59-986a-12d956176b58,L3,Tweet
2705ba4b-9c45-49e1-b81d-8cdb03426f14,L3,Tweet
ec5ab819-5a9e-4a2d-9d78-1a55593e7258,L3,Tweet
a9a640fa-0148-4e58-beaa-58eaa1b5d56f,L3,Tweet
a753457b-ce28-4b4e-909c-fe12c488282f,L3,Tweet
16bf4954-e9bf-4135-89cc-52de73c89e7a,L3,Tweet
cb8e8fef-89f3-450d-8716-bb96c0b81de1,L3,Tweet
151ee1f4-9774-4ec1-a15b-af48040d4d18,L3,Tweet
1a156187-f5f3-4597-966f-c57916a78529,L3,Tweet
b0a312e1-7755-47c2-aa82-a817066d17e8,L3,Tweet
2793e913-3a3a-45d7-9191-cbd384f7da02,L3,Tweet
de2bf3b5-84de-480c-80f9-61f0d5d15747,L3,Tweet
1495cbfd-88bb-45d5-8a81-99eda656152a,L3,Tweet
d4a453f6-8b53-4cf1-a66d-fb6d263b4aef,L3,Tweet
116b02f4-a4ec-48ca-a2e9-8bb96f65a2c8,L3,Tweet
0fb097af-62be-409f-a217-340c06ca9085,L3,Tweet
890602be-ddf2-435f-8d1a-986a4adec9f4,L3,Tweet
fda9b7fe-a316-40bf-be7a-48e859c86e93,L3,Tweet
946d9e96-9771-41a2-afc3-acbf16b0cffe,L3,Tweet
26b4aa39-f86d-4b83-967c-9cbd0dec9c87,L3,Tweet
b576701f-0525-4e70-b9ed-4f8747fea36c,L3,Tweet
336bcb1e-6d27-4fe9-866a-f003c7c2c50b,L3,Tweet
3035b802-a3dd-47b6-9b12-3502e9e7cf15,L3,Tweet
5242a9b7-4f86-4e66-934e-4276d8392777,L3,Tweet
52e12357-5710-4623-af96-72733e2002d2,L3,Tweet
6c0d270c-7be9-4602-b69a-fc7210cbb027,L3,Tweet
0d664c4f-fa38-4bf6-8da0-b7d98459eff6,L3,Tweet
dcaafa41-956e-4238-af9a-3ebb00955a8f,L3,Tweet
38bc4873-8272-4676-bdc7-bbc114506a08,L3,Tweet
962fb86e-4814-4ce5-815e-3d2c8cd3fefd,L3,Tweet
a13afdf8-24a7-46aa-969c-981b2f835a88,L3,Tweet
e88f55ae-9ff8-4c38-a6a4-c8b84886e387,L3,Tweet
20bd8221-0a86-4c8b-bfbd-a119fe924f3c,L3,Tweet
cd46e25b-bd9d-4230-9a42-a6b5cdcb0c03,L3,Tweet
c8122550-2051-4691-b9ba-709858167cf9,L3,Tweet
49786076-7d30-43ad-876b-3a863db260e6,L3,Tweet
0c739ac9-0a04-4bf3-8ba9-549a2e43f43c,L3,Tweet
29af1ba0-c724-40af-8bcc-6948293f3ab6,L3,Tweet
c1421db3-8b23-464f-8f1a-e84aaaddf86c,L3,Tweet
e0a256d7-23de-4bd7-b29a-a0c09c131dd3,L3,Tweet
7ca2b6e7-aa74-42b6-9d86-35f628483c94,L3,Tweet
01057cd8-9f9a-44be-83a3-24b7d6913a3c,L3,Tweet
23e78478-d274-4e00-9f00-fdbd90d728e5,L3,Tweet
3752c7ad-872d-46d8-b157-88942b4e9d68,L3,Tweet
871dfbcd-15df-44bf-95b4-bd0ffce9d7d1,L3,Tweet
0b140ed7-8d61-47c9-8f57-5adf4e59cacd,L3,Tweet
8dc81575-f278-41d5-8394-54716a4c9681,L3,Tweet
481d1505-d2fb-44ae-ba83-ad87fcd6e7b6,L3,Tweet
66222603-de4b-4ced-b73b-13200852e9ff,L3,Tweet
8e316cdf-bf26-4475-b33e-e288f873239e,L3,Tweet
1a3f22ca-0df2-4e18-bc55-d85413dd5439,L3,Tweet
644aecce-52e8-45ee-9ab7-5dbe586cc83f,L3,Tweet
2b08d36b-8824-4f2c-b6df-0d4cbfb028eb,L3,Tweet
566ea116-c3ea-4e91-b6dd-04d4ca4f5a81,L3,Tweet
557f4503-64d3-44b3-8972-0a590d420646,L3,Tweet
6fac7993-9e59-4b01-850f-f42935a974b1,L3,Tweet
7fecb199-8ce5-4e33-a5af-06e6a5515bdc,L3,Tweet
1b6d7824-f3b9-477c-9dc1-090668d1cc87,L3,Tweet
a66538e1-2993-4283-b7a7-20d44b1fae83,L3,Tweet
37f37adb-deba-4b31-94fd-3df6836d011f,L3,Tweet
8ea02281-087b-4624-b480-55ac26fa6458,L3,Tweet
2c3450f7-3970-49b4-bba3-d6c5c04b9ebe,L3,Tweet
c6cdf484-1644-4bfb-a4f2-c1e3bea2965c,L3,Tweet
a56b080c-c37b-4cb2-b1e9-fcd83448c554,L3,Tweet
f2e4c5ca-a8f4-42c6-85f4-789b050a6fd1,L3,Tweet
26f7b409-30a6-440a-8f68-cca00abf338c,L3,Tweet
b422f643-f955-47f2-9e2a-b2aa1adcd800,L3,Tweet
e3dcbde4-65e8-4a57-86d4-6fbe7f78db65,L3,Tweet
9e43a54a-5f51-42f1-bcb3-1c17f62fc79d,L3,Tweet
74d52226-1952-4810-b0d2-b1fbb4d38bbc,L3,Tweet
90088f39-d5b1-4304-b395-8a67e4ccbf3c,L3,Tweet
c0a5c293-9f67-4117-9c3b-0afa9111ace2,L3,Tweet
fb1b51ea-3a45-4267-a268-f98071daf969,L3,Tweet
24a1fb3b-692a-40a5-8826-d3be52049276,L3,Tweet
5d0d38c2-9020-45d5-b168-e2ff5896a112,L3,Tweet
f4109069-3199-49f3-b4fe-845eca377903,L3,Tweet
2fdb3d54-6e04-4f87-be31-7ceda878f93f,L3,Tweet
f2a5352f-6729-4215-953c-67b5a28a110c,L3,Tweet
eda7433e-e0f0-463c-8c40-9c6593708a52,L3,Tweet
e760bb4a-7abd-4e76-a7bf-1cabd3bcce89,L3,Tweet
e2175034-9546-45a1-b822-c36b95e87844,L3,Tweet
c0ffe560-16bb-4085-959e-2844ae5ce284,L3,Tweet
6b8ae01e-7dd3-4a76-bb87-1ae2ed275165,L3,Tweet
736addc9-d112-47e8-9980-6f59c319127c,L3,Tweet
08d1b2bd-53c8-4cf9-8b47-f384e975f992,L3,Tweet
4eafb1e7-603c-4556-993c-cd5ad6a4be62,L3,Tweet
792b17f3-ad97-4e05-9577-13d9b8773ee1,L3,Tweet
aa4b77b0-3c24-4bc7-a7a1-4ed8808f6636,L3,Tweet
ec8a9ad0-f1f8-4e79-bd2c-7597f332728c,L3,Tweet
8d91af1d-9e67-4cec-a6a0-47ebd2eb9053,L3,Tweet
62d44b82-0fcd-4a39-b3ec-ac9772dac066,L3,Tweet
bd594a6f-e55a-415e-bf3f-adf7c8e21c87,L3,Tweet
4394e994-0dda-41d3-8b16-d102a609a38a,L3,Tweet
2ae7ff43-1b63-4571-9785-04858b296b72,L3,Tweet
6f53afb9-31aa-49c1-9e88-01061fde60ce,L3,Tweet
0165f5a0-3638-4d54-bdb1-ff07ca7c49c8,L3,Tweet
83496a84-b106-4302-a427-9fc98cb3035f,L3,Tweet
f71ce834-3155-4310-a841-7b162f6ab73b,L3,Tweet
6775f267-e7d4-4dd6-9c16-d6113567e705,L3,Tweet
ffd07685-93bc-49bf-a548-ecfd60173417,L3,Tweet
83c6814b-9a2c-44e3-a81f-9cd9ded11e34,L3,Tweet
962391b3-9b8b-4b4a-8714-dd0ee69ba1bc,L3,Tweet
6e31f2a5-97e1-438c-8f13-aefeaf7452a5,L3,Tweet
2ffd35b8-971c-4263-b2ff-2dd4d40d6bd2,L3,Tweet
debbc098-de81-4b5e-9319-3c4f63728c66,L3,Tweet
19143959-834d-454e-b789-f5dd36e11dd7,L3,Tweet
3fd38ee2-2382-4885-860c-454d7a33f527,L3,Tweet
92395321-d9cb-4f57-bebf-7d34f6b0c40b,L3,Tweet
b67548f9-3332-40ff-b5d7-0e405f12b9b7,L3,Tweet
623df730-a2d2-4a2c-97c3-04550bd22013,L3,Tweet
50a6c901-baac-4596-b18e-3f06f252feee,L3,Tweet
86155b7e-e7d3-484a-be03-689298a8e3bf,L3,Tweet
3bc51fc2-b802-4b6e-9477-32117d5e8afa,L3,Tweet
eb82e099-0705-4343-9ef9-61bfafe8fc62,L3,Tweet
e0ae9ee4-dcd4-42d2-af76-3461068f6b2e,L3,Tweet
d629e114-3192-4c14-9786-02ee21515cbf,L3,Tweet
18b7f5f2-cac4-499a-953f-6d876a9b421a,L3,Tweet
e02854e2-85a1-4256-a178-1033f5b3df0d,L3,Tweet
2a423d93-c581-484c-8269-9a6d0891ef95,L3,Tweet
5d306845-4847-4c0e-8ebc-f750d04a1123,L3,Tweet
70585417-e236-4ff0-8277-482cd43c0e7a,L3,Tweet
d3df31ff-944a-48c1-9215-0a6c0ae103c2,L3,Tweet
b937cc42-db17-4567-927b-fa5a201f3fbd,L3,Tweet
82d2b1e8-79f0-45a3-9eb2-487b787f6082,L3,Tweet
362f2fd8-afee-433c-9e7d-ee83f9360c9a,L3,Tweet
8e506438-bff8-492c-9a5f-a30f9c923b3a,L3,Tweet
2db26294-7dfb-488f-8114-9a63f0fb74eb,L3,Tweet
437d28a1-fa60-4bd2-a797-fb493ddfb013,L3,Tweet
10425159-7d89-4035-9a6d-1b11cee15add,L3,Tweet
b75ec988-00fa-45c9-81ba-aa082dd87108,L3,Tweet
30a9d46a-f024-4a0e-a490-c205ec65eea2,L3,Tweet
2875ef47-38d3-4bb6-8bc6-a2f9b72514ac,L3,Tweet
c19fbfa4-b734-4fbb-8804-56b2cfcc2df6,L3,Tweet
be56a84b-384a-41d1-a1c8-60504973fd09,L3,Tweet
ed6b6eef-ec0d-47e7-99e0-ac07fcd7d4ca,L3,Tweet
7955da46-f2eb-4e1c-bc7a-8f82e3a3ab18,L3,Tweet
fc2ba281-3b85-4a17-b367-e6a28d724446,L3,Tweet
402e3440-185c-42a1-a69d-b070333e2498,L3,Tweet
e65b7f83-9589-4e20-a451-25bb32a71a10,L3,Tweet
9269b071-509e-4d3d-b011-068bd4695ace,L3,Tweet
2ad10b39-83f6-46ec-889e-d2f71eb5a211,L3,Tweet
0e86252a-168a-49ca-8bcd-de88e2ba1e93,L3,Tweet
c0c058cd-d6c1-49b8-bfb1-fa11d5c9d7cc,L3,Tweet
1d77423b-f69f-4d98-9c7a-81837399c74b,L3,Tweet
b265aa48-bd84-4183-98fc-1292c72085c9,L3,Tweet
b5d6b4f6-d3f9-4465-a5d0-9dea8258e43f,L3,Tweet
832de258-37b9-4e22-b474-3d990a4a0063,L3,Tweet
a0ebd2c0-c5f8-49b1-a37f-c257e5453754,L3,Tweet
3d495d48-8b10-44d7-8661-c5a30281dd31,L3,Tweet
48947cd9-6cbb-43dd-b5e3-061f599f9adb,L3,Tweet
061eee23-4192-4b81-9d61-c090326a4c65,L3,Tweet
6b5dde99-705c-46b0-9db6-94a95cd4e932,L3,Tweet
8637564e-4e97-4da9-8f9b-8147133ecf87,L3,Tweet
f56ce6f1-2f4e-4ddd-a80b-145bb662431f,L3,Tweet
65da99b1-5f55-4759-91a8-16795a46de52,L3,Tweet
441847a2-5ef8-4085-b469-e30bedf25835,L3,Tweet
45ca5c76-7b51-4452-909e-6cbe0833d2a9,L3,Tweet
307d02ff-535e-47cb-84a6-c954fd8ca12b,L3,Tweet
3a89c6ff-ea0b-4be2-98a5-2dfdeaf8f221,L3,Tweet
37b5b1bd-6c03-4a69-8688-8d7095c466ee,L3,Tweet
fe778a91-ed10-4d2a-a7e2-bfa7a17bc532,L3,Tweet
5191bd05-796b-4065-9156-59f987e97a9e,L3,Tweet
3b74cd69-6720-4c2c-9b5d-f4f11e1cfa12,L3,Tweet
98332bed-8592-4846-bb48-3797aaf30b61,L3,Tweet
7d531fc0-4531-4cbf-ae88-32715271b36e,L3,Tweet
0d3b819a-1fb2-47fa-9464-479a40c088b8,L3,Tweet
0c5c3b19-76e1-492d-a1fe-b9a2c0320d7c,L3,Tweet
21d56976-a5e8-4e1a-9ce3-9b6c69a84477,L3,Tweet
6aa127e5-61b4-490a-8bbd-076588fa54be,L3,Tweet
f98b81dd-c5da-48e3-be17-c898cf58672a,L3,Tweet
5fe3acab-adfd-4640-8a02-2d7431625e9f,L3,Tweet
2800d168-310a-47e7-b13a-a569d54d5416,L3,Tweet
54c44019-0fed-4d08-ba55-7d7a376acc41,L3,Tweet
eabc4be3-8d36-4455-bfb9-bda9e939986d,L3,Tweet
4d0b0616-6f81-4c3a-b5c4-7b39b7eb7259,L3,Tweet
240afad0-79f7-4a88-a6f9-4eaa03b0d719,L3,Tweet
7b356b28-fdd4-41ab-8990-b355a8d2cada,L3,Tweet
dd6ed421-12d4-49f3-8244-0e08d83accac,L3,Tweet
aab60262-6dad-41a3-ae7a-035a619199cd,L3,Tweet
180ad9f5-76a7-444b-9e5f-cf18810ceba1,L3,Tweet
f36db60d-4f2f-491e-8795-d2878c65e470,L3,Tweet
11473bd5-ad5c-4019-b989-a0c1a1ff3571,L3,Tweet
ff1bc855-0062-48cd-8af7-aa0820d7f776,L3,Tweet
2aea080d-0302-4203-bed0-2a6a149a9091,L3,Tweet
aaae0ceb-51e7-4168-8289-1f22f7a7ef4c,L3,Tweet
1ef3e917-3ab9-43eb-a02d-9a5b02dd655c,L3,Tweet
8c0bfafe-88f4-4596-891d-1e671b3f0307,L3,Tweet
175858a3-4c18-418a-bed5-5dc77c0f7760,L3,Tweet
63c28888-565e-40ee-97ab-2215880cab2d,L3,Tweet
9105a914-016e-4282-9998-655622089a2e,L3,Tweet
3cac2e1a-d266-4b5e-b523-f97f4aee6b58,L3,Tweet
0adfd147-811d-4c58-8de4-ca875ebcd38c,L3,Tweet
33eac4fa-26a6-4099-a95d-10dd32034694,L3,Tweet
17244e9d-4b32-499a-bcbe-303578998168,L3,Tweet
9ac50117-fc15-4799-a79b-6e14822b8e9b,L3,Tweet
db512fc1-f1f9-4741-b03a-22ae68e316b5,L3,Tweet
c5b09380-6266-4d13-aa3c-5d63a7227fdd,L3,Tweet
930e2c84-f283-48c9-9b3b-ccb347ee8ce7,L3,Tweet
786cd52f-bb30-4823-8b12-4d1c132deea9,L3,Tweet
d537f6a2-9044-4c7b-bf1c-e364a9340bda,L3,Tweet
953aa3bd-ee2c-4d07-bbd8-3dfb577091cd,L3,Tweet
8ad02d8e-39c1-4741-bead-cbb681cc5919,L3,Tweet
16aa186f-ba91-45b7-a9cc-a8cc6cabe3a6,L3,Tweet
55c83029-2b07-410d-a8b3-a328006ec73f,L3,Tweet
51c45369-5989-4bb0-b7bd-cd03b213f6ca,L3,Tweet
86d0926a-9e52-48c6-9753-ede6778621ac,L3,Tweet
e6bb7b43-327c-4f70-ba2a-15a117a82b3a,L3,Tweet
92a4a9e1-58ab-4b06-a9a2-2113ecf3df17,L3,Tweet
3f5f8fec-4b5c-4895-8f88-67de04950ff2,L3,Tweet
bb33d725-fe23-405a-9aa7-794408d605c7,L3,Tweet
f02d2545-7454-413d-b3fb-3fb2b9b7da25,L3,Tweet
050ed0b4-5c42-47be-b1bb-20d4373274cc,L3,Tweet
bab0e2fb-3f51-468b-909e-0f11e39bfc9f,L3,Tweet
c544b1cd-6299-4f90-8cb4-15e77f2975db,L3,Tweet
1f2c50df-9ced-42fd-8455-cca15676c38a,L3,Tweet
2ae3c007-8bab-4b5b-867a-26d53d34ec6f,L3,Tweet
04790b17-b6ae-46be-ae66-f1aefed3e732,L3,Tweet
1d53ddb3-953d-450a-8c84-8fe3c3b2f6cc,L3,Tweet
c3189cf9-b833-4880-9e4d-b067e68a1424,L3,Tweet
25d8b1e4-63ee-4c3e-ac67-b67714ccfad7,L3,Tweet
e10f13cc-a9ad-46b5-b73f-40cac93ab582,L3,Tweet
15c93886-f431-45f4-8802-e3fd29be5791,L3,Tweet
40fb6690-23ed-4509-b710-90daf2cf45e6,L3,Tweet
e07191f0-880e-4d4c-913c-e9faa7deae08,L3,Tweet
914613f6-9b18-4c84-b7cd-2f273321c12a,L3,Tweet
f33236be-6925-4470-b0e5-0a035363dda6,L3,Tweet
ae5f56ca-6269-4f0b-99f5-a91f0413afca,L3,Tweet
8fafe908-dc92-4a4a-911f-84861ed3e5d7,L3,Tweet
5bc08f46-45bb-4933-bdef-2467a7429581,L3,Tweet
86e4f247-3796-451d-8a61-7ece20d42e3e,L3,Tweet
fe3d90c5-4740-4b6f-8fd7-97cb03137b05,L3,Tweet
0a2aaad2-99a5-43e2-88cc-ae8bbcae5afe,L3,Tweet
203db691-352c-4f76-83e2-5d71c9afec2a,L3,Tweet
9ea7a660-0096-4ee6-8816-007b20a3d902,L3,Tweet
e92565ec-985f-4bad-afff-cfeb540c80f6,L3,Tweet
5dbd2611-92ea-432c-b15d-59bdc54aa120,L3,Tweet
adbeec3c-7567-4619-8c4f-1ec171e0fcef,L3,Tweet
6da0d0c2-0e1e-4201-8bf3-5964b1920caa,L3,Tweet
f770f1a1-869b-405c-ad9d-d9682e983ac8,L3,Tweet
36d32c0f-aa5e-4b8e-8f56-a965c49acb0e,L3,Tweet
72bb050a-e755-47c1-ba8f-2d59b7ec3167,L3,Tweet
3cbe8dbc-e183-40ca-ac13-a56837b78834,L3,Tweet
61ccee3b-e447-46c0-98a3-3b9282675dd0,L3,Tweet
419918c8-081e-4d47-8710-ebd0606a65cb,L3,Tweet
7d1464ac-5992-473c-b4ae-dd8970dd2c1d,L3,Tweet
b9528061-b012-432e-a65d-8b782ba920c4,L3,Tweet
a0d7db3e-e86b-4b8f-8487-a9cd4afa00f8,L3,Tweet
79cc782b-35e7-4d4d-bffd-e3c32817149e,L3,Tweet
5c5edcf5-2772-4cb1-81ab-144f94af1375,L3,Tweet
54383fa7-68f2-4f0d-8763-b6dec26e1aa3,L3,Tweet
2fd9f22b-0650-413c-a575-63988242de37,L3,Tweet
7dd9656a-c992-435f-b905-38c6110ca178,L3,Tweet
2028401b-9046-41f4-a80d-b012e17a76a7,L3,Tweet
6f6ee93c-5c0e-4bb5-a9e2-85dd5111c26b,L3,Tweet
d6574a00-c0f9-4f04-8804-452374bbd980,L3,Tweet
cd5935bd-88ed-40bb-a3c4-6ba9eafe1a70,L3,Tweet
504746c7-76cd-4890-b1d4-f4f144de0ad0,L3,Tweet
502a99d4-2b2b-4ac9-ab57-7bde7088a7be,L3,Tweet
735d0514-bb63-4662-9e1c-9e6035447f7d,L3,Tweet
ed49ac83-a4f5-4dca-be96-376809592379,L3,Tweet
c7bb1fc6-f314-4516-923a-35efc06c2ff6,L3,Tweet
1d7371c8-51ad-4431-b1c6-a6e66b8deb1f,L3,Tweet
e579353a-0bcb-4e36-b87e-169c76a43300,L3,Tweet
82c9da52-a9e6-4f9f-b79a-d9d12e4ee00d,L3,Tweet
0b50512f-eae7-4d79-9e03-ec4277001639,L3,Tweet
6065d1ee-1028-48a0-9fd1-b1683a876589,L3,Tweet
3244505e-d6a0-47b2-a787-eb23f67b0472,L3,Tweet
9251781f-5754-4990-9df9-2b490a5e1ec1,L3,Tweet
00ffc848-b06c-46b8-bfb9-0a1c4011cc83,L3,Tweet
9c523cd2-0caf-4b22-8e48-d3b5b8375b1f,L3,Tweet
1b04a788-fe5f-4981-903d-f2264434c120,L3,Tweet
24b910f0-243f-40dc-a74b-753a11a5e429,L3,Tweet
5abbfbcd-550f-470a-82dd-6eeaddb263d5,L3,Tweet
006e6bc8-eb5a-45f5-ad75-254397c84e8c,L3,Tweet
a1d53e45-69c9-4068-8ab7-7d6a444ce3e3,L3,Tweet
c972ca5f-f683-481c-84f2-6ea6aa9b2e20,L3,Tweet
a455c3df-44b6-4e9b-bcad-3d943eea63a2,L3,Tweet
792f1d1a-ab01-4732-8808-a0d7fe167577,L3,Tweet
cf24dc3f-63b2-424f-8be9-8c037ebb5227,L3,Tweet
3ea2e672-e80c-478f-a3c2-0209a274a8b6,L3,Tweet
1aa4e83d-4c0e-41cc-979b-eda5351fe3fb,L3,Tweet
2d14c7e2-50f6-4af5-a9aa-280a9b2358d2,L3,Tweet
09b95cc5-0907-446b-b0ab-45fc1af359f2,L3,Tweet
cc2f2751-297e-4293-ba9f-f3878bfb3dd8,L3,Tweet
c4b3937e-8dcf-41e6-b59c-6c2927c608d8,L3,Tweet
6f10011d-1ea7-4fc2-a139-ad6a8a4a47bd,L3,Tweet
fe3913b2-d7aa-461f-97c0-ab7b23281000,L3,Tweet
401bb956-fdc3-4303-b637-70c4f2e3a534,L3,Tweet
ffe75921-561f-4452-971c-50acf8224b7b,L3,Tweet
f9f6c97f-acf1-4e8e-8cec-b32e4693af7a,L3,Tweet
9ff45d9e-1b67-4bd9-96a1-963c895deea6,L3,Tweet
05e2c5a9-6d7e-4716-b302-89d49ac739af,L3,Tweet
2cfa5f2d-e0c5-42b9-8712-5af55eb6ef63,L3,Tweet
6d8b2b46-7303-433e-9827-bc807a22d568,L3,Tweet
84fdd075-ecb9-4bcd-b635-84b9d0c874a8,L3,Tweet
ab068438-bd34-46e8-b871-7d914fa8691c,L3,Tweet
3e613301-1357-4b34-8921-e1e30585193b,L3,Tweet
f399389c-9cdb-42da-8bd1-39ebd0c450d0,L3,Tweet
526309d7-752a-4fb3-b235-019c79f7af64,L3,Tweet
5ebed4ba-8ace-4a7d-9f28-5aa4d0b4c263,L3,Tweet
3ad6e88b-7bee-4870-9c61-33cb4e5fcc39,L3,Tweet
04a1dde6-4fd3-4967-8927-e06317e09ad4,L3,Tweet
7e43299d-53a1-48a4-879b-95c35b2bad64,L3,Tweet
7643d4f6-63ab-4b33-9e94-fe35a57b46a2,L3,Tweet
fdf37bc2-9013-4196-b0df-35e9d01fcb0c,L3,Tweet
05eb46b7-625c-4ebe-9cf7-5e37baf12b1e,L3,Tweet
c81785f8-67f7-4459-81be-ca1e6cfca42f,L3,Tweet
0d546f5d-21cb-43d3-aba1-2dc9ad84c715,L3,Tweet
2d44eba0-82fc-4dcf-924a-9ae496afc8c0,L3,Tweet
03c2512c-a528-400c-8b05-942ef9d91118,L3,Tweet
0007e039-e527-4e6a-9b9b-5d2a5cdcb0bd,L3,Tweet
70547d33-5509-49f5-b151-7661deed8a61,L3,Tweet
87a7cdeb-7d47-449d-8d41-ceb992cd9665,L3,Tweet
64e8d1c5-6f9c-496f-9a53-3279a1757480,L3,Tweet
dc1626cc-0575-4762-9775-1cd4ad86d0df,L3,Tweet
74a71594-c73a-40e8-a224-419780719f5a,L3,Tweet
6eb8ac3e-e821-485a-bfb7-464a43bad30f,L3,Tweet
d9bee9e4-e4d1-49a8-b3be-24c662050d79,L3,Tweet
4ab7841f-4642-4989-965a-50abbb624e1b,L3,Tweet
5bad2b9d-1e61-4b70-bb7b-4933d6a6d112,L3,Tweet
72df4754-a2f2-492a-b51e-5ebd9fd6564f,L3,Tweet
1bbd27b7-8801-4036-bfbe-333c05626a43,L3,Tweet
7c22710b-a21d-4019-a14f-16920b978abb,L3,Tweet
f6cb089c-c4a3-4f8e-9b48-035dd2abb823,L3,Tweet
fa648825-e57b-481d-b2bf-e342c656889c,L3,Tweet
6542c19c-8af6-4cfc-8250-005b393dfe33,L3,Tweet
2e7063ef-da5f-4c51-b17f-542653266434,L3,Tweet
b29c48ed-30f6-44ba-a2d1-d6284f47b610,L3,Tweet
494d9da1-943d-4752-ab1a-2d8f84d561d5,L3,Tweet
1fbcf2d7-99f1-4a63-9fd4-61da53646dc6,L3,Tweet
1d17c767-d772-42a3-83a1-16c8415dd3b8,L3,Tweet
3e415668-fd36-4a75-89c4-70b2f1ba0168,L3,Tweet
e8aaf788-2d85-43fa-bc09-5aeb1112025f,L3,Tweet
a2b51820-e195-4cbf-ae47-56bde0a5898b,L3,Tweet
a3ebeaa4-f9ea-4262-9e4f-99b98e15fee5,L3,Tweet
55820ea6-356a-4371-b907-f350f3f67a96,L3,Tweet
63cef2e8-8a54-4985-a476-b688d8232c61,L3,Tweet
4d256bbe-a6da-4e73-a419-2ea4f17cae55,L3,Tweet
ad26b2b8-b7a5-4833-83e9-32b0568b9d50,L3,Tweet
5dce7fb1-8ecb-4d12-861c-7c66acaa33d0,L3,Tweet
88b2e348-a6ac-4e47-9aff-50bb8d7c8c91,L3,Tweet
7c3d7fb3-bc79-4836-b082-66e63ead2d7a,L3,Tweet
bdf85258-5563-4e33-a133-04027f7ce5fd,L3,Tweet
35f674e0-8413-4c4d-8051-36da9b23912d,L3,Tweet
82a3fbbd-3a26-4313-8dfe-1cf6ce55ad47,L3,Tweet
f3ca89a6-2a0e-41fa-8d62-f24eb87a0b5e,L3,Tweet
01658f9f-2a1c-4dc0-8cd9-694e017e2d8d,L3,Tweet
c0c33503-ac98-4ac2-a072-4aaf9b499447,L3,Tweet
dfe25d38-9358-45fc-b929-98d605d101e3,L3,Tweet
0002f24c-7a0c-4b30-b0c5-41621b766d62,L3,Tweet
20e1f858-38c4-42bb-8baa-9fbeb04cec15,L3,Tweet
755d0947-df1e-400f-b2b5-0921ffabc326,L3,Tweet
1d2602a3-487a-43d0-9762-bc2c93240dd3,L3,Tweet
058e4ed9-aacf-4558-9522-e56452a0ed7d,L3,Tweet
44176225-7f80-4ace-8aea-68cc598638b1,L3,Tweet
42825c63-6356-4642-a3e1-86afca93fde8,L3,Tweet
13449e49-7062-4a32-8419-8551bf864a29,L3,Tweet
30421e4f-2b81-4acf-9c59-64f6a69e7449,L3,Tweet
d8bdc097-202b-4012-8e43-0620e55b940a,L3,Tweet
4493b077-9bc8-4d42-a0b0-50ad9bd1fd95,L3,Tweet
5a94c475-8ac9-44ce-9601-49d9d9c156df,L3,Tweet
8cab55f0-a6c4-4d26-8c1e-e95ad97b2dcd,L3,Tweet
4d389078-4720-4423-81ff-cb4f9abf565e,L3,Tweet
4abc1e54-309f-4906-a58b-1c11068b0621,L3,Tweet
cf44d143-2d44-4c6d-a56c-45b548306c1a,L3,Tweet
6cca24cc-9348-4094-8743-e09b8502cdff,L3,Tweet
fc3298b6-844c-477e-8dcf-2cecd450f3dc,L3,Tweet
67025dd7-2e7b-492e-a7c6-1c1a10e64a9f,L3,Tweet
734f925d-fb7e-48e0-a254-4fab66a653a6,L3,Tweet
32bee21d-6d28-4478-8a41-5e5c08e3914e,L3,Tweet
9292d1b3-4426-4e17-b2c1-1988920954e9,L3,Tweet
592fb740-3feb-4945-ab24-62017bce884f,L3,Tweet
3ef8a4a6-d243-4672-9c3c-a8f39f70f6c8,L3,Tweet
7735c3c2-9b3c-46ba-b908-8336ae0a01a7,L3,Tweet
7f720aea-0002-424d-9ef8-7d4051215833,L3,Tweet
5ac5971f-37a6-48f3-90e6-328bb7ec0126,L3,Tweet
a5a8669e-6747-4fbe-975e-0cd5650916d8,L3,Tweet
5a7955ab-7f4a-42c1-adc6-2faa4959f34f,L3,Tweet
d753a00b-3dd4-4d4e-a465-d35d30d30791,L3,Tweet
143168fe-27bf-4d45-b4b1-7907dba0c1ac,L3,Tweet
4360ce69-471c-438d-bfa5-b0063f0248f9,L3,Tweet
998b662d-0338-4a69-b988-8bcdc0ac09eb,L3,Tweet
7987b8bc-46dd-4ac8-87da-a251f53149b3,L3,Tweet
4bb6297f-2af5-46e9-9664-2d9a0cd7a630,L3,Tweet
6aaf9893-6878-4f16-8f31-37d211829dfb,L3,Tweet
bbb22548-1a57-4790-98ce-095b94d9d177,L3,Tweet
1757c2fb-5084-40ca-a5b9-864f594ae418,L3,Tweet
27a6af05-3708-4485-b657-16f87689ceef,L3,Tweet
915f8404-e1ee-465c-ab0b-aae5652a82e4,L3,Tweet
afbfb39d-d557-45de-858b-ed136ce36493,L3,Tweet
d9d1d041-2d3d-4093-bb4f-4929ecef4cdf,L3,Tweet
69bab433-ebbe-40a7-afb3-013a0e752c4b,L3,Tweet
79e5dde6-f7d1-4a90-a9b8-c883c10c9fb4,L3,Tweet
fa083724-445a-43cb-946a-eba503e32cca,L3,Tweet
14f6e4f9-476f-4db8-b26e-4b7a3a0e5a31,L3,Tweet
140c9a3a-0fe1-4762-8c26-78667f0a4118,L3,Tweet
fa58ce58-4bbc-46ee-a144-6c53e1c7bda4,L3,Tweet
7e0b4b15-75a1-4f7a-bccc-e45e241ee2c8,L3,Tweet
8555a7d3-07f5-4c4c-8099-79e758b5c2a4,L3,Tweet
56a7e97a-7c5e-446d-846d-186af50e3c29,L3,Tweet
a1af3d17-8e25-400d-a913-08ebeeb95232,L3,Tweet
d224433c-4bad-4496-873a-0635e9dd5463,L3,Tweet
277d5a1f-6601-4ac5-adb5-8a1ac3028afc,L3,Tweet
a96ed8c4-e4e1-44cd-bba9-7a62f439a93f,L3,Tweet
2b0b6632-9693-4149-a2de-367f9a3ef20d,L3,Tweet
98c5038f-b547-43ec-be63-4070163edc33,L3,Tweet
4d908b21-02f7-4730-a5d7-7d76a5f65887,L3,Tweet
2b4b885e-016b-4306-8b97-bedd8340ac6a,L3,Tweet
60bfa0fe-3472-4905-9bde-d475179a8d75,L3,Tweet
f8e63c32-9e43-4198-9996-62091551cc82,L3,Tweet
57141ed5-a256-4fc0-a17d-469862f666e6,L3,Tweet
696a5406-a536-425d-a6eb-d9f28ec0d981,L3,Tweet
99257c08-8c8b-4912-b430-976c239faf74,L3,Tweet
4e02d108-589b-4207-a954-017fe66ee6ae,L3,Tweet
45fb78e2-6313-4d31-8110-fec3b4ba3489,L3,Tweet
a77f0add-9ffc-4c82-a1cb-31d1491e8a92,L3,Tweet
f596b996-2aef-47ef-b4ea-f12e9c3f5349,L3,Tweet
77ef5e04-bf5a-42b4-babe-f324ba9a7891,L3,Tweet
3dffb7a3-0380-4670-91a8-4b9c339d425a,L3,Tweet
507a7047-bb3c-495c-a713-2a6f52edd7a0,L3,Tweet
02986611-3e69-4172-9a2c-daa0902e278a,L3,Tweet
8374a1fe-66df-4279-81f3-9713e29ecd52,L3,Tweet
8fb7e288-e345-4c7b-82d6-b2e9909028ba,L3,Tweet
0c1a7a7a-ca5c-4823-9530-997d5802f33f,L3,Tweet
7261311a-e6a1-43d3-a7db-4d8a0b6aa901,L3,Tweet
6ca6f965-7aa3-4728-a996-c62480aa8666,L3,Tweet
e2d2c6b1-4936-4347-a3ed-c48a6099fe99,L3,Tweet
bb481c33-b24d-4d49-8ed1-02d42672d986,L3,Tweet
79bd80e3-03da-452d-8991-86cd5e41476c,L3,Tweet
3c2038d3-9b7d-4a32-9fd9-a4022fb92c01,L3,Tweet
0b675e13-222e-4cfc-b55c-48716850db04,L3,Tweet
f4117a50-1aa1-4db4-a558-3a888fd150fa,L3,Tweet
7f75665e-b98e-4f09-9814-7d7d2b9b2c00,L3,Tweet
18184cda-bf1c-4ff1-81bb-23c116a6fec7,L3,Tweet
4e823cb1-341f-4b6e-9a6c-b7cd4dc8bd32,L3,Tweet
d81bce94-234a-4372-855c-6066a230e3d3,L3,Tweet
a124094c-83ab-47f8-b130-c9ac19e6d120,L3,Tweet
eea9dc5c-2d93-4517-a460-f6c165d01cd8,L3,Tweet
6587e235-6617-4da3-b6e8-9691a5454353,L3,Tweet
7d583041-0e11-4815-862c-d8dd110b32a2,L3,Tweet
eea41606-6ae7-4c5a-8856-8223b4130b9c,L3,Tweet
14d4bcc3-3227-4e78-8066-c9ce7aa89a9d,L3,Tweet
00130534-df14-4865-968d-99b091daaf87,L3,Tweet
08bbcd32-b837-4b87-bd26-eef29213bdcf,L3,Tweet
40da39a9-19fd-4db2-af02-a2d8b1659a1f,L3,Tweet
614dc8d6-fa71-4ecf-9eb4-56bb5903ab7c,L3,Tweet
a7d24a8e-4eb4-4984-8b2a-520852394f9f,L3,Tweet
db9caad2-9dc0-4413-929c-28e557b12a76,L3,Tweet
9f1f1a61-c6dd-4efd-a440-9aa20aebb50a,L3,Tweet
873a0819-8112-4ad6-b169-8bf822a352bc,L3,Tweet
e301935a-5706-4549-9cf8-c15f72b0d95b,L3,Tweet
17310af3-9b65-4a58-b0c5-d64ac751e051,L3,Tweet
1cbca54f-ac39-4b26-9393-1cd4d75c38f4,L3,Tweet
a342cf41-9713-4dc4-91c7-37e4bb9c0e6a,L3,Tweet
f973402a-aa84-4ad8-90ff-d57a6dec5a9f,L3,Tweet
dfa4a839-3989-4df3-b1d6-3ad6053fc9a9,L3,Tweet
5053abb6-9acc-4912-a2a5-8ed2b39e8bae,L3,Tweet
f952f435-e9b5-4741-a6e2-42739d4d5cf8,L3,Tweet
4e41cfb2-3768-4579-be13-3c43d11b7789,L3,Tweet
007964e7-23a8-4144-8b10-0e0744a52c00,L3,Tweet
eec17d6b-6f6f-48e4-bc05-0315c527032f,L3,Tweet
825321f3-9d49-41cd-8b33-42f922a671e5,L3,Tweet
538cf423-4502-41be-bf3e-f380ea27c408,L3,Tweet
4025afa0-276d-4542-a2c6-d9dd41277a4c,L3,Tweet
b2bfdbca-ede3-4c82-bc94-52d6b1725a84,L3,Tweet
30e28d40-1d26-427d-af40-efdfe2f57d03,L3,Tweet
1d7f28a4-6618-4007-a897-f343f4c05450,L3,Tweet
f1c234c6-ed99-4dcd-a19a-bd00b4708686,L3,Tweet
200cfa84-759e-44ea-ae3e-9e244c0f705f,L3,Tweet
c9047737-6f29-4193-8579-6bb839395927,L3,Tweet
30127ba0-e92e-40ae-93c0-bbd7003e64a2,L3,Tweet
c08dda41-f05d-4a74-ae8b-c4ddc6937ff6,L3,Tweet
12f0ffe1-037c-4c17-9ec5-6c445d3b5e83,L3,Tweet
75b66e5e-2af2-4add-9b19-2f61045492db,L3,Tweet
aaac06e8-efa4-4b59-9273-4516f80c3592,L3,Tweet
ca356c08-1778-4dc9-9633-50dbdb2ac765,L3,Tweet
6b4754e4-8667-4ea6-97e2-b1ac612ef46c,L3,Tweet
61b456ae-b7d8-416d-a935-9be1155eeb1a,L3,Tweet
eca9d4e0-d5fa-41fc-8319-f6a1380223cd,L3,Tweet
309677b4-064d-4e0c-ad24-4c4756aaa378,L3,Tweet
e8d5b8dd-18a6-4f50-96e6-0d11e9e2d0dc,L3,Tweet
87bf320d-d499-4143-a9f7-2fc572d689a2,L3,Tweet
1dd4b2fb-eada-4c8d-9e3c-5f19efe22686,L3,Tweet
f41dd76b-59cc-4d57-91d8-99baea97ff76,L3,Tweet
3f95f6f6-097b-4351-9866-64d206316bcf,L3,Tweet
69492a19-3063-4880-8931-552c87cae801,L3,Tweet
7b7ced09-e6b6-45f7-b181-190d2bb64539,L3,Tweet
eeb58b87-b663-4498-b038-5a6f677c874f,L3,Tweet
ccca00d2-0219-48d2-8b61-091e1149b595,L3,Tweet
b98a41e0-25d1-46e8-bcc2-6932f522f8ae,L3,Tweet
0081907c-a5a5-415c-8d4b-0c277edddb49,L3,Tweet
28df8425-dd1c-4075-ab07-cd756e826404,L3,Tweet
2e8bf1ed-cee2-45c1-a7d4-d5d4bfdd8ab7,L3,Tweet
da8e75c2-ef01-42ac-b7db-3238cba697af,L3,Tweet
5fce75ef-fec9-4b3f-b1be-605f3e38bf4a,L3,Tweet
673d0834-25d6-4b02-931a-ebf5b3e9f1cd,L3,Tweet
82634b14-4a8d-4582-9e61-2e29c978dd2f,L3,Tweet
991ca6ff-9a2c-458e-b7d2-06f0fe7d8df0,L3,Tweet
6f56511b-8887-44a5-80f0-83df01222012,L3,Tweet
2b31d57e-88c8-483b-9b6b-fbb82a7b3e31,L3,Tweet
c4d20e8b-9113-4caa-af56-dace87f3bd44,L3,Tweet
0243a108-f320-48b3-9ea9-2178651d8252,L3,Tweet
6a40f27d-fc11-41d6-ace5-9f78d872faae,L3,Tweet
28197bd3-1544-46d3-9c5b-3d45bc14642b,L3,Tweet
125cd5de-a589-40bb-8b20-69a4fe1aa216,L3,Tweet
969666b8-e197-406e-a6a5-f30663ec63ee,L3,Tweet
c310326e-489d-47a1-bc70-4e325c217426,L3,Tweet
428be2de-2822-46c6-a674-352a5058c048,L3,Tweet
224ba50b-b4e2-4bf3-8af0-f4f537cf89e6,L3,Tweet
db87b0e3-7066-422c-a22b-0573734069e5,L3,Tweet
ae6111ec-b5a3-41cd-ae49-3c1570e64183,L3,Tweet
e3eb366e-368a-4471-8cff-874d4cbc38a2,L3,Tweet
920d108c-94ce-4d43-9489-47fbb7d13031,L3,Tweet
9518ccd5-ffc7-49f4-b236-7146322f7d6e,L3,Tweet
d100720b-6af9-44a6-b942-df107287740c,L3,Tweet
29a2650f-d820-4e2f-9789-20e5501b8c45,L3,Tweet
10a29efc-d293-483f-a239-e420816c7912,L3,Tweet
388f8d23-366a-4bd5-9796-b9c29768ccb7,L3,Tweet
db5c8900-395f-4b38-a5b7-f88a79f33de3,L3,Tweet
5597f83d-b3cf-413d-a139-c326e56cd07d,L3,Tweet
54146ef1-ec1c-44ab-81b0-27527b8d62f0,L3,Tweet
6e09ee7c-d899-4516-a04f-8bd1d6813e80,L3,Tweet
0292252e-99d0-441f-855d-da3c26842132,L3,Tweet
c9dac370-7adb-4085-8f2e-0473ee2ba07e,L3,Tweet
4ec414b5-8d5a-40fe-af9f-340fa0c16e34,L3,Tweet
9050c153-6480-43b6-beb4-babac3fccb28,L3,Tweet
6028a67b-f5ca-44f9-bcbf-c9b88916c748,L3,Tweet
9cf83de5-b98f-4d28-8bcd-ff696f0437a8,L3,Tweet
6f29aa87-6d0d-4b5c-b3be-0e3fb06ad9ef,L3,Tweet
5e5f70fc-bd81-46d7-9159-db7b7e7a9e40,L3,Tweet
72fd7fd1-4dd3-4acb-94aa-d89ca2e4d18e,L3,Tweet
b6ca0ca1-4709-43d7-aaa1-c7993704c35e,L3,Tweet
9609093e-7087-4ca7-8d4b-b1ed4306dea3,L3,Tweet
9e49dd31-c908-43eb-ae96-826f27145fd4,L3,Tweet
096dd3fd-652c-419b-bdec-bdaa658515cb,L3,Tweet
b1be0536-dd63-4042-a0dc-74503cadd1d4,L3,Tweet
e175c02b-b928-4c10-858c-f6ead910eb1d,L3,Tweet
53042c22-d11e-415c-961b-810d86cd0c34,L3,Tweet
75e9cf1a-a941-4e89-b2ff-c72f51b1efda,L3,Tweet
0cb4863d-e642-4ed2-8696-e5b15fdbcfbb,L3,Tweet
962a01ed-8f2a-400e-8490-8e05dd77a0fc,L3,Tweet
50edb0a3-cae3-4168-9b6e-d606d90ddd88,L3,Tweet
91c08fed-683b-4328-b998-693dc0c3f57f,L3,Tweet
703c822d-2c71-4f48-93f9-1b08b875d828,L3,Tweet
5c6742cd-afe6-4bdf-91dd-002ff440fd06,L3,Tweet
bbd401cd-e864-4b3b-9c83-8954f0d5e065,L3,Tweet
4279f6f5-f8a6-4d5f-8475-2d1a72fcbf45,L3,Tweet
af8fbf02-1f2d-47f6-a3ba-0a37cd1d9e63,L3,Tweet
d2fa8e70-2823-4214-b5d5-3f11c5d14b86,L3,Tweet
38303de4-1f34-4e4e-bc07-ba920bae5667,L3,Tweet
cd24917d-0104-4dc1-93e0-173f1b4d97c6,L3,Tweet
7769c801-b77d-473b-aea1-f8e75cfbd2b6,L3,Tweet
5bd2c270-3a8a-4621-8953-be673fc03453,L3,Tweet
61aa147c-8d04-4ae4-a842-5274e11f8383,L3,Tweet
95e4ad75-46ef-44e4-b567-08c13d314654,L3,Tweet
7423efb8-af38-493c-b071-8d2144b23445,L3,Tweet
dd837306-65d8-4056-afa8-a1df95537ac2,L3,Tweet
fe7ebe8a-4fc7-44e4-855c-5697dc9d3e84,L3,Tweet
263c334b-763c-4626-93f6-1b8cee3fe2d1,L3,Tweet
dc86e301-aff9-41a7-9560-b2970106286c,L3,Tweet
e8e7a417-8887-4e93-90e4-556c5913a4d6,L3,Tweet
f2b03e6e-a392-4239-8824-f14c16e9c810,L3,Tweet
b216f0e4-0559-4229-863f-acd9ff559105,L3,Tweet
d5b096b1-5599-49af-ac05-e5812a057795,L3,Tweet
c7e9c7b1-76f6-45d1-a09e-92c7760d743e,L3,Tweet
fe7af8ac-2bf0-4db0-92fa-f49e3ae83f49,L3,Tweet
acd67495-206d-4a46-9ba8-6f6b6af9974a,L3,Tweet
4b7daaf8-e00e-4476-ba8e-4f3562e10aac,L3,Tweet
3c594a3f-fabb-4b4f-b62d-d53a00e3d5f9,L3,Tweet
d01bc164-0227-4398-9cac-3a810c32a00c,L3,Tweet
282844f6-5674-4ef6-be19-97ac2e0181b4,L3,Tweet
bd6ce5cf-3ac3-4b4f-ab72-de70b01f6e41,L3,Tweet
6e6dff8e-07ac-4e5c-8cea-36446e1a87d3,L3,Tweet
ca558e5b-21e7-40d8-855c-b47476cc6b2c,L3,Tweet
4030c4c7-f722-4d5a-8eb8-052fb53dc5e5,L3,Tweet
650c3e4d-7ce5-46d4-a21b-59767f602fee,L3,Tweet
019ffb41-c475-46b1-916f-ba5b1504758a,L3,Tweet
f3e012e3-28ef-4bc6-9c47-b79a8b43ad97,L3,Tweet
61528646-e42a-4a75-b02f-25cc690ac93e,L3,Tweet
b560b80d-9b86-4ef3-92cc-ff9beaf05a8f,L3,Tweet
1e7e5224-f1c3-4323-bc07-1eb93c865e14,L3,Tweet
03f518d4-a3f2-44be-a668-3f8d825d1947,L3,Tweet
103257d4-ec96-4a27-abec-ad946933cf09,L3,Tweet
a67efb6d-be03-4f3e-9623-69ce2af26918,L3,Tweet
e8e58f0e-44c3-444f-93f5-d53a70484f06,L3,Tweet
1f2dd17d-ddb3-43ce-b8ec-67e2ac573cb6,L3,Tweet
f260bdb1-def7-43c0-816b-88d1b95937ca,L3,Tweet
95a0925b-895d-4478-ac7e-9e2558fe4f73,L3,Tweet
dab2c9eb-1e5e-48b1-85b4-afe032eb262a,L3,Tweet
9884c808-2f5a-48db-af27-e978442d26d8,L3,Tweet
b5f1c794-0f00-471f-a6cd-38ab380fd35d,L3,Tweet
59ad762c-573b-4a96-96cc-72e62ebe7ff0,L3,Tweet
bab785c3-1312-47b1-89d1-85d4173ed3ef,L3,Tweet
ed18fd19-05ba-4d89-9841-cbce4ccb0dca,L3,Tweet
271fb5c2-6807-45ff-b883-dccf81868bec,L3,Tweet
e5cd6b43-2ecc-4ca9-a807-2755ecf159ce,L3,Tweet
38470855-6662-40d0-8fe3-ecdc04e7f65f,L3,Tweet
6401e110-c277-4dfc-8ce6-12835e395763,L3,Tweet
97b03a7b-3728-4966-8a2b-29bf2391fb70,L3,Tweet
97fedf5e-8d65-41dd-bde5-7cbc15029b28,L3,Tweet
1e509915-e497-4135-8f5f-740d9d2b3b52,L3,Tweet
d4bc4ff1-d4ca-4043-b684-4df345695fff,L3,Tweet
46221035-e2a0-4d06-a129-90274969b89a,L3,Tweet
e2cabe92-97e8-4850-806a-9295348a69fa,L3,Tweet
b9fe21a8-8b3c-460a-874c-90b9e70c876b,L3,Tweet
acd9b925-dbaf-4369-a163-e89357b4705e,L3,Tweet
33424e2d-f856-48ba-87aa-156e8310dbee,L3,Tweet
754e2774-1375-4f06-ab90-75ce35026989,L3,Tweet
25793a2a-11bc-42ea-8095-8ef9610eb5b3,L3,Tweet
680f40a9-adb8-4fd0-b814-2109a7cd9a32,L3,Tweet
c641cb66-082c-4a99-8eac-68d9445fa8cf,L3,Tweet
ca2618a7-73cc-4e15-9bb2-51bfbfbc8ee4,L3,Tweet
5405d492-ea9f-4678-b388-4530066239fe,L3,Tweet
73618ffb-f637-4dc2-96ca-ef76c79f9dab,L3,Tweet
89583015-9533-4b3f-ad57-0cdad5836369,L3,Tweet
0850a6af-3d3c-4070-b96d-97b1d0c7f7af,L3,Tweet
189418f2-3468-4b1e-861b-d80875a2ae81,L3,Tweet
e9ae9cb7-ff57-4cb1-af83-30eeafc5615f,L3,Tweet
c4b3e61a-aac0-4a45-acc4-cf6389e1534f,L3,Tweet
df1b3a75-63cd-4a6d-8cb3-90baa6c83725,L3,Tweet
91de15df-7809-4b15-9e3a-9c8afcaf16ff,L3,Tweet
f106f1c7-f131-4e42-b309-2defb9c4291d,L3,Tweet
9d76e565-3132-4ff6-85bd-0bf036d0ff17,L3,Tweet
82e97a43-52b0-4001-9836-f3713b8b2d45,L3,Tweet
049a7708-f112-4cfe-b4f7-f2abef87ebed,L3,Tweet
e18ba485-cfa4-4a9a-ad14-f2308afd0e39,L3,Tweet
fb0fe577-6051-42e0-99f7-b8370acd1d46,L3,Tweet
326e959b-78f2-47c7-9dee-da4e5189423c,L3,Tweet
22ba18d2-e876-4a0c-9a46-155e98a81189,L3,Tweet
505da8ab-70c0-4fb0-bda2-f93f0f510145,L3,Tweet
e0331d90-ab74-4631-a035-c41b95cddb1c,L3,Tweet
1b324f18-fb3c-43a6-9e5e-c705f35a0a86,L3,Tweet
8d902b01-091b-4e54-a9fa-d3a47f52ddaf,L3,Tweet
bda00d0a-8e4a-4729-89df-46cac00fb309,L3,Tweet
92e7191d-b077-4515-9674-864a20d03edd,L3,Tweet
4c3be14a-11fc-4076-8c52-0d665bd7fc8d,L3,Tweet
0f099f26-71ac-435d-8fba-cd5b509491e8,L3,Tweet
92c27974-ee24-4b4a-9ec8-0fe03afd52b1,L3,Tweet
ef6c6431-421b-4709-9b04-a0728e36bc48,L3,Tweet
6b1e8fee-d2bb-4cf0-8230-6afa468b803c,L3,Tweet
e3689b30-f3b7-4564-ba0e-b191dcfe8e18,L3,Tweet
ba17f540-7a6d-41b5-9d2a-7b401d38bd4e,L3,Tweet
1bf741ee-6374-4eba-8506-5bdbf53256ba,L3,Tweet
02b4e69f-08e7-4b33-b8fa-06f132fa5a4b,L3,Tweet
d96981e2-4809-41fa-89d5-08f4127faeb1,L3,Tweet
e8d613df-1345-4727-8a80-305c40cdeb7f,L3,Tweet
694eb83d-ed8d-45ae-91eb-54b55f9bba12,L3,Tweet
7fcb950b-774c-4727-805c-a4d4e049bd4b,L3,Tweet
b1f5a1cd-e665-4745-9afc-c30c5d8e905e,L3,Tweet
d419ca73-cfe5-4840-b92e-3cd2f1cf5742,L3,Tweet
904e32b4-c58b-4744-b3eb-bee13af7b7ca,L3,Tweet
07c28827-b57a-40a8-b93b-444260747e2d,L3,Tweet
f0842c8e-e6f4-40ab-a125-a0460bdd1383,L3,Tweet
91019448-1596-439e-8d22-8eed8e0af9e2,L3,Tweet
99da4ae7-3f3b-446d-aebb-b7a1104a4558,L3,Tweet
4ebed76b-71e4-44f0-b509-6476d9d679c3,L3,Tweet
a3ed795d-3ec2-4bf2-ba0d-673d30fbad8f,L3,Tweet
556ea23c-214a-4ef4-a5d2-b033f2e41d21,L3,Tweet
0d696727-7e10-480c-b858-b9a1af2e0446,L3,Tweet
8546a220-21fb-458c-aa11-50ec95851f63,L3,Tweet
933b0f23-ffca-445f-9a7d-772fe098bf9a,L3,Tweet
0d13e03e-173a-4a3a-b4d0-50626bf4eb69,L3,Tweet
ac611d81-3759-4062-a80b-22d9b444d06c,L3,Tweet
71441e46-1bca-427d-909c-e9c50d596c3b,L3,Tweet
62fe6f02-757f-4273-8766-21a1f669cda2,L3,Tweet
d92dba9a-2b81-4967-a9f6-9ca442304307,L3,Tweet
df28706f-c8c3-4c6b-921c-948edd23fb83,L3,Tweet
76e6758e-40cc-4180-8e7a-99360e7b1dae,L3,Tweet
f8a12b53-dd81-40f7-acba-415a0f36e29d,L3,Tweet
b7a67d24-3923-4952-b2df-2d47c19460db,L3,Tweet
66696dfd-29fe-4643-8a57-fa723f055b7a,L3,Tweet
0ce7af78-b5bc-461a-95f8-7d7b580a5a66,L3,Tweet
3d1cc1f3-1a7a-442e-966b-258345a3d8b2,L3,Tweet
7ce2ef2e-53f9-472d-9d9b-c138849fdaf0,L3,Tweet
2080b330-2127-4796-95ac-0ab51f67d6c6,L3,Tweet
f96f0f2e-74e2-4d60-89f4-474e5ac59480,L3,Tweet
3db03b9d-ea84-417d-b629-e7d0cf563e3e,L3,Tweet
b05995af-b3e0-411e-ace6-a12ba0bcbcc0,L3,Tweet
b8535b6d-f6d3-4113-b58f-35387d488387,L3,Tweet
4237e44d-5a7c-4291-860f-48d864ca7b09,L3,Tweet
36a31a30-8a4b-43af-a9d9-a2aab785fa88,L3,Tweet
d9a00a97-076a-4ffd-843a-6cab8a575f8a,L3,Tweet
1c72a0e2-bfc3-4586-b0a9-545db9d69311,L3,Tweet
fb7fd961-7efc-4e4a-985f-b170c56da2c4,L3,Tweet
0c45848b-83de-4712-8a33-63daf11fc648,L3,Tweet
ca66314e-71bd-4766-b3f6-7e40a92b1127,L3,Tweet
c7f60ee4-8625-43ff-ba1c-d22da34234fd,L3,Tweet
6e005157-1069-47cd-bf51-c1078b2315be,L3,Tweet
3ca0ae80-ed4c-48a0-b9f2-e3ed2a12f0a5,L3,Tweet
a407c6a2-9c70-4194-8cde-1bba18c9b3a3,L3,Tweet
3381503c-a506-45e3-8451-f8331fd9f548,L3,Tweet
f361b2af-fb6c-4bba-a8fc-3eddc5fcf175,L3,Tweet
c56c1e52-7e75-4a1c-a481-239370606953,L3,Tweet
d5b41dba-577f-4213-8db5-d57e1104c2e2,L3,Tweet
a1d1d1ca-7b7d-4b01-83e8-852ee469a975,L3,Tweet
751809b6-1bfc-4237-86fe-6a053585f990,L3,Tweet
0daaa793-0d9b-4a24-9b15-d469d00f3439,L3,Tweet
146eaf82-7b44-43b3-b21c-06afbdc5f2d6,L3,Tweet
e01e0067-8f66-4b3d-ae01-871df5cce26d,L3,Tweet
586f7552-fd72-48ed-a270-30b867113b3b,L3,Tweet
6d298f8b-eff9-4221-bf48-a3a6d223e7b5,L3,Tweet
b1f882ef-7393-4d2e-9f55-f78d97935fa9,L3,Tweet
ce53c54e-3b12-41ee-b9b2-735d7c409984,L3,Tweet
5ed818ae-7fac-475d-a9a8-b13578323e93,L3,Tweet
9fa0bce6-e91a-4b80-b71a-73a3e1d07100,L3,Tweet
0b5d02e7-c247-4267-b39a-310d5b21d044,L3,Tweet
2e232df0-dc04-419b-836f-af1600d3e419,L3,Tweet
edaaa998-9d0d-463f-a6f6-1159494b6cf6,L3,Tweet
af745def-3801-42a7-90da-0c09672b9855,L3,Tweet
fd5ab53b-6527-4fb1-9bf1-b45470db9931,L3,Tweet
030c5cf4-9361-4088-abb0-1bf8f9716a2c,L3,Tweet
6600d7de-8d20-4aa3-a89a-baed77c2beb0,L3,Tweet
ac11080f-fd8d-4764-8df5-5025a2035100,L3,Tweet
efc929cf-7ec1-42fe-87ba-be6b2b33746f,L3,Tweet
6d8c73bc-add3-4f7d-9285-27ad92bef020,L3,Tweet
f0628db5-d6eb-4d78-a07d-3e2d17f1ea1c,L3,Tweet
c9fadbae-2416-45fc-8e44-1f6fd2049b41,L3,Tweet
e530d929-e149-4755-ba29-8eb94d5c91f2,L3,Tweet
f232df05-0210-4ec9-b433-b1c2061f3b98,L3,Tweet
d39c2a10-ecbc-4c33-9e47-12d8e4a53c75,L3,Tweet
bd615c20-776f-4726-8ad2-b1226f6941aa,L3,Tweet
f7f0d1c6-6a51-43c2-ab84-1b0639c62857,L3,Tweet
e5833006-2b40-4b43-9b59-d7ee507b4479,L3,Tweet
a6c40026-5bcd-4d9e-a482-510ccf466163,L3,Tweet
4b41e6cf-e72e-468b-ad1e-cc1fb8037b77,L3,Tweet
0573efc9-8f2e-425f-8f29-3d24e70a8f16,L3,Tweet
a64daaff-65b8-45fa-8aae-7839a8b753dd,L3,Tweet
aa5c6d16-9492-42dd-a376-191ad3816a94,L3,Tweet
8f2f8294-de63-4b11-90cc-30069dfaff81,L3,Tweet
625a681d-d7be-4d84-9664-2aa13890dd6e,L3,Tweet
f0c8227b-bef6-4ee9-8fdf-0598b60d39dc,L3,Tweet
8bca35e5-2eb8-4686-9f58-a1e208cb8df2,L3,Tweet
24e94c5d-11d1-4179-9c46-4704cf2bd425,L3,Tweet
62a206e3-880e-4fe1-a11c-441308b3b3a2,L3,Tweet
ed0cc34e-00cc-4a57-9f89-f055793e47fa,L3,Tweet
fd81454b-e195-4a37-9405-29fa7ed1cfb0,L3,Tweet
95d0e64c-9634-4462-b588-7dabc3d1bcdf,L3,Tweet
cad6a8c4-1cc6-4cb0-9aa7-538e9983861a,L3,Tweet
a8606972-59b5-461e-950b-a0155a405b22,L3,Tweet
bc830fa7-06eb-4365-9670-fc897c06f2de,L3,Tweet
8d93b1fa-b483-4836-84db-85e9a511198d,L3,Tweet
f8f62a93-6472-4f26-9819-546041ad9ecf,L3,Tweet
0ff77e7b-e4a2-4401-9203-80df859c21a7,L3,Tweet
2147b3f0-b83f-4426-b9d2-a60da31df78d,L3,Tweet
d4690ad0-bcc8-4128-9bfc-28a989f028d3,L3,Tweet
af0407cf-320e-41e5-a380-a1d1f601d9ac,L3,Tweet
cdca0d36-54cd-43ae-92e1-13aa75dda76a,L3,Tweet
6bec5f91-6887-495b-a88a-c2838a18d703,L3,Tweet
2701e2c7-3936-4225-8a6c-9c5dacd241e4,L3,Tweet
29529663-067b-4c07-b604-e2d2f6500802,L3,Tweet
f953037e-a2b9-431d-af06-5d9ac48c2fe4,L3,Tweet
c9eaf8f6-ba99-4df6-8afa-13a057bf6eef,L3,Tweet
fe716321-9b30-46ed-8903-a936d899ac8a,L3,Tweet
41f14ab1-4451-45a4-98c4-bc4024bbdf9c,L3,Tweet
628da223-ab64-4f27-862d-39e8ad610b22,L3,Tweet
27d2f05f-db13-4fe8-9a7f-35f9ac5a59b3,L3,Tweet
060670bc-bfff-4200-88d3-582ea513abfb,L3,Tweet
993b117f-d9d6-444e-be48-4a9b8c1a34f4,L3,Tweet
45d04cb1-122a-4f59-bd04-963aa1813b2f,L3,Tweet
3c1140b7-684a-4eaf-ad35-4f7ad1d427b3,L3,Tweet
a3cbe73e-b5b7-46dd-981d-135c4f0644bb,L3,Tweet
4a9ce94d-bba8-4ef6-9826-5514791e8456,L3,Tweet
a8be30ed-9dc8-41b7-8d3f-9801820293b5,L3,Tweet
6521dbed-6d6c-4ff0-aca6-993274c66dca,L3,Tweet
c314c04c-a93d-4079-8a7c-48187594719c,L3,Tweet
e44bd68b-fbf7-4720-a9bc-9c0293661c57,L3,Tweet
52982777-3d4f-400e-8d2a-00e2b66bb9a2,L3,Tweet
dd449367-b8f9-4d33-b66e-d16e20825cab,L3,Tweet
1109a12e-25dc-4282-b81f-bdfb34f4e4b3,L3,Tweet
94f8880d-f5d1-4c62-a202-a9f024b62e2b,L3,Tweet
6f90f6e2-0b91-46d9-a0ed-164d5ea150c5,L3,Tweet
82db0e60-9b79-4478-b300-dcdb7db93267,L3,Tweet
af15d317-f307-4b22-9041-5b21c966676e,L3,Tweet
52813772-9f86-4f82-a866-e8cc5c05421b,L3,Tweet
83dcd3b6-bed5-48e2-a1a9-eecc81048781,L3,Tweet
31c59411-a31c-4812-aaaa-18679dc1b12d,L3,Tweet
7123c583-2999-46cc-9e32-9e9aa8d5c42e,L3,Tweet
8c5180ed-1965-41e9-ad70-5a4b79f0cdcf,L3,Tweet
8d530ea7-2f71-448c-a628-bd353110627a,L3,Tweet
13cef8a1-068f-4e33-889c-a3fcd4e572c2,L3,Tweet
0fffff70-ad5e-41b5-894f-dbbdfa8d00c5,L3,Tweet
8d20137d-6ca2-465f-a6ad-10da701644d9,L3,Tweet
1dce5465-58d5-48b8-9d7c-3780f01a7a7e,L3,Tweet
c7e62237-a4b0-4b6e-9a52-6be915e04ba2,L3,Tweet
7b2603bf-5193-4e10-abc3-222daeabc399,L3,Tweet
76f5da62-694e-4a5b-af51-10338fd0ec94,L3,Tweet
bb756dcb-49a6-448c-9d95-4ff01e78fe8d,L3,Tweet
34ba6ab9-d26a-4509-985a-8804de598570,L3,Tweet
4b8ee01f-2c47-49dc-b0ab-6a6b45fe8e8c,L3,Tweet
c293475c-82df-4cd3-94f6-721a130c6263,L3,Tweet
b1f68a20-c004-4c29-b858-8c9068559277,L3,Tweet
d18a3c2b-69bc-4ca8-9872-ca86ab0a63e1,L3,Tweet
c1762b05-e50f-4bd4-8c6d-6ef51d677304,L3,Tweet
b206adfa-75f3-4c31-8319-4489d3016ff9,L3,Tweet
629b2d1b-492e-4b08-9876-0305c51c1c95,L3,Tweet
7d57c27e-0652-424c-b603-029467e647b5,L3,Tweet
607082ca-0b5e-408f-9393-bc571c3e7c7b,L3,Tweet
58759516-9330-41e9-a79f-c5c83d65c871,L3,Tweet
af8fd5a4-eb24-4db9-b3b1-e6e6e39c7b5a,L3,Tweet
a6a2c5ce-e321-44d1-b996-d4b5fcb663ee,L3,Tweet
4021088f-24c1-43c0-8709-9141daf45af4,L3,Tweet
3cf449c3-8ea5-4647-bb83-47aff15ce66f,L3,Tweet
888bb04a-fd09-403a-be05-9d8bd343c7e4,L3,Tweet
3618b0c9-1753-46a5-96ab-b72f579e27e0,L3,Tweet
7fa3ec71-1d9a-457a-81e6-94f5f5f6923a,L3,Tweet
72e1732d-2156-46db-9bba-3c9cefe50262,L3,Tweet
75ee2a41-702b-4b0d-a492-2ba999cee71d,L3,Tweet
11a65bed-320d-4115-b0e4-20be0367a104,L3,Tweet
64eabd9d-a7f9-4767-a749-81145597bde4,L3,Tweet
a9081fe2-55e0-41bc-957b-afaeebb4ae34,L3,Tweet
76a6bb42-e0b9-4ef5-ad03-6ce6cbdaffa8,L3,Tweet
e44cbff2-7818-4c1c-bb9e-692d8eddc139,L3,Tweet
8ef53968-af6d-4711-bf1f-5923fcd8f093,L3,Tweet
cd8881b8-db11-4c61-ab6a-b38b18707e01,L3,Tweet
78b7e5ad-f991-492b-a027-55c99fa08e2d,L3,Tweet
08c52b37-176c-49a7-afb5-e203efffa533,L3,Tweet
e3728eaa-7a9d-4663-adfe-db1e60ac4c27,L3,Tweet
4cbc8071-0f74-402e-9dcb-93795e8ac709,L3,Tweet
5c477463-f290-40c7-a399-79197a8182d9,L3,Tweet
22172fcd-b51a-43e0-ad05-80925f3256e1,L3,Tweet
949eedbe-6194-47b5-b028-0c9b7bc00b81,L3,Tweet
5fcd13e6-7c28-4ff0-ae85-aafd7caa7733,L3,Tweet
a35f807a-9c9a-4b4c-8e98-dcf969ffd88a,L3,Tweet
d6b5445b-406e-43bd-95ea-2bd3ae14ea83,L3,Tweet
333b2299-4c59-4213-861e-76fdfc638674,L3,Tweet
72b11c10-6ebd-4eff-9af1-372ee21487ba,L3,Tweet
914f7e56-d419-43ee-9380-29472d414050,L3,Tweet
9884aba4-3648-48ac-975f-a7e57cd4bc2c,L3,Tweet
c60753d9-7fdf-4024-9b7e-858d84ad71ec,L3,Tweet
b8770df2-9353-45da-9ce5-2933401d0336,L3,Tweet
1e0446e6-dab7-404f-b50f-f7a7640f98e5,L3,Tweet
7aedc44b-ba8b-4376-9cf8-d4080e6688d2,L3,Tweet
905961ff-aff0-47a8-820c-b575cae68441,L3,Tweet
e984e235-442b-41f7-9ded-f1acc22230cd,L3,Tweet
b3b4317b-0918-4f00-b285-0a5b5ce062a5,L3,Tweet
af5c0059-a629-475d-9676-5d35ce61473d,L3,Tweet
bfb3452e-8833-4779-b400-c02b9d6fde63,L3,Tweet
1c25c151-9b00-45cd-a057-ec4e531310a0,L3,Tweet
53836351-c101-4bba-aef4-7c6c5f651646,L3,Tweet
7fafb71d-2e88-4b3a-9b3d-11fb4c741f36,L3,Tweet
5b3f0694-1998-4dd7-a4fd-776952086e00,L3,Tweet
fa88b413-9dd2-4132-97eb-b7db80d12a30,L3,Tweet
8de46061-e591-4ceb-a205-8a175dd09fea,L3,Tweet
96993ce9-fc08-4d8c-8dc7-5f3b50fdfc8b,L3,Tweet
1bac5e27-8f64-4bc4-9ef5-f7da2d3915cf,L3,Tweet
fa06e695-35b6-4633-a44b-c4adebde3c00,L3,Tweet
af8af946-124d-40a0-9979-5cb4ec62e73b,L3,Tweet
b9d2594d-93c7-42fd-9be6-102dec1d5477,L3,Tweet
bd1c373c-d6a2-443e-b089-67e231eafda1,L3,Tweet
041416d3-7bd6-45ba-ac60-503c0329003a,L3,Tweet
a4fd09dc-3a2f-4151-8500-1d349b270d15,L3,Tweet
4c9c53bc-9dcf-4995-a5b4-59936b9e0679,L3,Tweet
cee79aff-670c-4cf8-af72-4102ec5fd777,L3,Tweet
4f9edf3c-3400-48a1-bc77-722a87f1154b,L3,Tweet
651f29cb-005d-489f-9943-8f31f405bead,L3,Tweet
30a6af7c-8bf3-4546-9263-9fd8f232f30a,L3,Tweet
6dfc4982-2217-44fa-9fdd-6c85557bba90,L3,Tweet
8566b991-0b82-42e4-87b2-9f79dc423b16,L3,Tweet
4f19990d-995e-4f70-a093-66953d8ff920,L3,Tweet
6b8eec06-0c21-45f5-808a-c8868cca4322,L3,Tweet
181553c1-6679-446a-a376-4d9fc840aed1,L3,Tweet
da87a281-5dde-4752-8039-26a7f1b520a3,L3,Tweet
0db944ed-5fc5-4cf4-a0da-9827ae25153f,L3,Tweet
54ef2ded-f7e6-4f72-997e-22ba4befac68,L3,Tweet
fe96a1c8-9adb-4fbb-91ad-932979f2c62b,L3,Tweet
42094bf7-26d7-4624-ac9d-5b6bf56f68c9,L3,Tweet
55bdde14-ad82-4d8c-835b-8a2762aedc23,L3,Tweet
ebe41892-7a60-4ef9-9435-8a4828656006,L3,Tweet
69674610-42e4-45dd-9882-82f6b272340c,L3,Tweet
64870861-ae7e-49e7-a814-e0fa349b5111,L3,Tweet
036f0f28-a0b1-49ed-95a4-1167cae29a03,L3,Tweet
a8952fbe-bbdc-42b5-ba65-db081965924c,L3,Tweet
1ebdc24f-6fbf-486c-89a9-67de600e0c9a,L3,Tweet
1a967abc-0e5e-44c7-98f8-c2ea6ac201c4,L3,Tweet
d8eb799c-6fb1-4984-9149-168a76ec6650,L3,Tweet
2abb586f-8123-4684-b5d6-868723787e98,L3,Tweet
c0b4e862-a532-4a00-86e4-72e50b1ae95f,L3,Tweet
0eb96932-73fc-4ca6-82e8-31e11db2855f,L3,Tweet
2299f1a9-36e4-4575-b89b-2a648a4cf0cb,L3,Tweet
67bba013-0a05-4508-9220-b85692a2d567,L3,Tweet
b1099724-cf63-4089-9752-75ccc881b39c,L3,Tweet
04aba741-3794-4e31-8fa9-22a9b74a9a34,L3,Tweet
f24f1e82-8469-4d72-81be-5da779eba2e5,L3,Tweet
b9f2d521-22f0-4e96-9438-896a3f32c0fd,L3,Tweet
5334c0ae-7780-4c72-af3f-3ba37b8ceb06,L3,Tweet
a384bf1a-afce-4457-b157-5ac068b02c76,L3,Tweet
957d36f9-98da-4064-9df2-5bd185158ea0,L3,Tweet
96b61f73-8edc-48c9-8d8f-9b7fdfe8cff9,L3,Tweet
49bce7fd-2101-451e-8c24-5a75f6da033e,L3,Tweet
91aeaccf-9413-4d34-ba51-9902718df887,L3,Tweet
1e491f64-de7d-4a90-bd5c-a046bd8b18cf,L3,Tweet
a9a0c52d-dc59-4b29-864f-78122b26076e,L3,Tweet
f16c629d-2009-4b18-b270-b62ea7b79cdf,L3,Tweet
00cd93d8-7899-428d-8090-7f7b2d42eec3,L3,Tweet
61e66058-c54e-400a-a74f-65c636790d27,L3,Tweet
932173da-cc89-454b-8163-8fde7329afc0,L3,Tweet
51573a79-4818-4cb7-a876-f39018fb06f5,L3,Tweet
a29ef07d-a9f3-47df-8c9c-2d62383f38dd,L3,Tweet
f4737636-2aa6-4638-8908-864ecf1afaab,L3,Tweet
25ee828a-6249-4f3c-83dc-25495c9739bb,L3,Tweet
81e5a66a-6fb3-4ace-b40b-4a76066b3126,L3,Tweet
de45d899-b226-4278-a0ac-12f18eee9fda,L3,Tweet
64dec569-8ffe-4c63-af23-2d3868e847c5,L3,Tweet
8d719fc7-4cbd-45d2-9430-49aa2766f0e0,L3,Tweet
93724b0e-e234-4037-988b-8939fd627269,L3,Tweet
b096ea5b-ef7b-45fa-8bc2-6e679a57f2e7,L3,Tweet
b3996b28-32b8-4d56-a3f1-6733987a7f13,L3,Tweet
4dfec645-2572-4006-8f9e-577fdc5dbbc9,L3,Tweet
687312f6-5975-4ed9-8c83-0d92cfe7c75f,L3,Tweet
1f97318a-0711-4960-8663-89fbad490b7e,L3,Tweet
254f6680-11f6-4679-8a64-385b73847cac,L3,Tweet
351d8c7c-ea1b-42cf-ae86-1bb79f39c5a8,L3,Tweet
efb77388-8a0c-4e4b-b9f8-6fbb09964bee,L3,Tweet
122093d6-27a0-47b3-ad41-99f2fb09acd4,L3,Tweet
eb3c2dd0-d1d1-4cbb-9eba-aba9209731a9,L3,Tweet
84b33198-8d3c-4f15-84c6-a9f17b9ce12c,L3,Tweet
de402ae9-5270-4610-9155-3860526b0822,L3,Tweet
d02a4812-d8f1-4ad6-952d-45032a1eb85c,L3,Tweet
fbc26649-5463-4e1a-be71-4ccd8bc28809,L3,Tweet
f6058752-558b-4ae9-bcda-18555ef968e1,L3,Tweet
f2c80daf-3837-4e67-a13b-6f26f59af67d,L3,Tweet
aa184f09-6acb-48c8-b905-b6c84dd533e2,L3,Tweet
7d5429c2-03c6-4a8d-b44b-ce4124c2c6e4,L3,Tweet
49d16f95-38d0-4f1f-8d29-668c747cb702,L3,Tweet
939405f1-c78f-40e6-97ac-4d3ce4177e6d,L3,Tweet
adedca69-9f7b-4e70-bdc7-81d9f1da98b9,L3,Tweet
7eb7de02-89f3-4bff-a0b3-7335bb2fb2f5,L3,Tweet
fcd262bb-93ec-46d1-8a61-dc5cc55cfa87,L3,Tweet
996f7720-35ab-42c9-b06e-d9a5a8f0f8ed,L3,Tweet
5832a7cb-ff93-4841-8106-7a9f905cee03,L3,Tweet
2d94e5d8-69c3-48d2-8dc3-e9636e642bbe,L3,Tweet
9b636a56-3084-456f-99fe-7c5ebb8bc498,L3,Tweet
2879e01a-cb80-46bd-a9b5-5ed9bdb6526c,L3,Tweet
2b3fc3ba-194d-4782-86a3-a51f12089fb5,L3,Tweet
e3dd8e49-cc1d-476f-967d-03f343c0e78a,L3,Tweet
0bed17e7-e6c4-4b7c-9b9a-e194415eeb91,L3,Tweet
d1dafaf8-3e44-4932-b57d-fe5e6355134d,L3,Tweet
32da5363-7767-43ad-bc08-4eec267e4d47,L3,Tweet
f9372b1b-7dba-4909-a741-e97d9d58c6e4,L3,Tweet
7267f643-2acd-4b17-9718-1450a1a3b0c7,L3,Tweet
6852f52c-a7c8-43fe-8d62-309af6970315,L3,Tweet
a2f44497-27e5-4381-bacb-d6c612473b6c,L3,Tweet
1997ab64-c72d-45c9-a22f-bb17f0f5eaf8,L3,Tweet
20d92a88-60dd-4df1-bb32-e243eec369f8,L3,Tweet
fd1e53cc-9b85-4c8a-93d9-63d0802a0cfb,L3,Tweet
05bc004d-87af-4cc7-b5d3-a548d4eb5632,L3,Tweet
2855592d-cefb-4393-8816-c6e221cbe108,L3,Tweet
2d4cbb90-b047-4d24-8355-fea61a224fac,L3,Tweet
c6879059-72ca-41ed-93c9-7fd6096cf48a,L3,Tweet
b3bc6eec-6756-4349-8e9e-57333be717ba,L3,Tweet
9962e606-70f5-425f-bec2-33e6506816b5,L3,Tweet
f8c24197-57d8-44d8-81af-a7273a795ab8,L3,Tweet
aaaaa661-c907-4d4d-8396-257d75379a11,L3,Tweet
edb475f7-9fbf-4100-a4e0-c01edcf4b3f6,L3,Tweet
6e4b35db-df45-40ef-838a-c59c89c78f18,L3,Tweet
103ff0e0-30c6-465b-805d-19f89f5972a8,L3,Tweet
cace9f7c-122b-4df2-a120-9c9430a82ddd,L3,Tweet
d6d05b10-d38d-4a93-929b-43a1d890466b,L3,Tweet
cc975a09-49a9-42c9-8434-6837c89dd6eb,L3,Tweet
9b96a2cf-d039-4678-bdc3-d541a536c4f2,L3,Tweet
2755acbf-e29f-4942-a8db-6a42eb0b9f17,L3,Tweet
f0172e41-14ea-4a08-b657-651b0227fc03,L3,Tweet
dc2f0d5a-8962-4741-8613-9d6236f2a647,L3,Tweet
adb14e36-85e0-45c1-9d6b-d2acc46718a9,L3,Tweet
384a39d0-a889-4990-995c-675732a9c34d,L3,Tweet
308b18d2-398a-4c17-a2ee-69f2085500d6,L3,Tweet
cbc7965b-398e-41f2-b59e-39e0a9d5e557,L3,Tweet
57196e60-522d-446b-b136-660fb2fa1f31,L3,Tweet
2a0708b0-5f32-4913-aa95-65a75bdc992a,L3,Tweet
b4936529-213b-45d2-868a-178ca7613d28,L3,Tweet
4a926145-b094-4657-85c3-196631b81fd3,L3,Tweet
2d5beb8f-2023-4df9-aced-46400f1419a0,L3,Tweet
b264e059-9b21-41ec-a803-10bb662720a6,L3,Tweet
6a05bcc0-32af-42e8-87bb-2b3e02f526e1,L3,Tweet
c2462fa2-03b3-448a-9de2-e483bf6dc742,L3,Tweet
da7289da-f43e-433b-b9cc-5832a4eb0cf1,L3,Tweet
46c3dc3c-0b53-4aeb-aed8-fc70c6cab4cb,L3,Tweet
47a40c60-9adf-40a1-803e-70336893a3fb,L3,Tweet
938ef943-1c03-4391-8fea-c0eead1972d8,L3,Tweet
3a0d071a-5d72-4094-b3fc-a8d65360cfdc,L3,Tweet
02cce775-26a4-4f63-81b2-2977500119c7,L3,Tweet
0ba6b055-329a-4f95-91f6-30c297d1f1c6,L3,Tweet
6adcca9e-d7a4-430a-92d8-69ae8e0b16fe,L3,Tweet
1786e90c-910c-4497-ba0b-7f6c79f3ea76,L3,Tweet
201b96b2-66c2-41f5-a080-80657d442d3e,L3,Tweet
063b9e2e-d51d-42c3-bce0-ced8045e5050,L3,Tweet
9df77954-100d-4405-a9cd-b9a3d5fa22a2,L3,Tweet
75283fab-da24-4e72-b729-776dd52cc70e,L3,Tweet
043c2ceb-b7cd-4d40-8608-b35a1927048e,L3,Tweet
0c699d47-cd6c-41e7-a22a-b7dcbf68b0ce,L3,Tweet
e4522b48-fec2-43cf-9c00-dcec5ef48ca6,L3,Tweet
ffac7856-9fef-4176-bd90-2f6ccc24bfae,L3,Tweet
13828151-89d0-44a4-a82e-17cd67ab0df8,L3,Tweet
3d87f5d2-a6dd-4ce8-bf83-07f882ffb7df,L3,Tweet
c1c31559-a6c2-4b45-b865-dbe70aa58107,L3,Tweet
6570d801-1df2-4266-81a3-01f9b6d5679f,L3,Tweet
724a37b7-5a5a-4cf7-9bd3-ad4390e465f3,L3,Tweet
e01da559-986e-47a8-b163-43203403bf2b,L3,Tweet
14bcb79f-8cdb-4c0e-aec3-a8a1ce23d13f,L3,Tweet
d9e82257-a289-48b1-8333-b5782d7637b1,L3,Tweet
1aff8853-3bf7-4df0-adbc-e42801bcb981,L3,Tweet
34b790c5-b479-4097-a839-9f69ad11fa2a,L3,Tweet
6b6efab5-f4dc-4141-bc9e-cfd0712c2f16,L3,Tweet
874e1753-4e88-4753-9d76-3813191ad051,L3,Tweet
4513fe14-3c41-4d17-84e3-eece5c867ec6,L3,Tweet
72dac9ac-2578-44dd-975f-119262b50dec,L3,Tweet
8a1b40e4-a684-4893-b9c0-685fe1f20d5a,L3,Tweet
0a0a376c-2550-4728-b5ec-c403f8e7bcdd,L3,Tweet
7238d860-5953-4025-916e-f2c56d029e01,L3,Tweet
22e496b8-0192-41ef-9869-a74a16e130e8,L3,Tweet
8d7085e8-9a10-42c5-b8ca-2d1d741652ac,L3,Tweet
35e9c505-5594-4d6d-b3d3-9c0d5347a237,L3,Tweet
7056ce82-cced-4e03-a679-ab75d762e526,L3,Tweet
504c0cb9-4673-45f0-babd-89bd7115da07,L3,Tweet
3104577c-cecd-4b77-89ed-9fefea2ebbe3,L3,Tweet
bec752c8-468a-4165-a00d-7ee82038ffdc,L3,Tweet
db096570-0b06-4a7e-bf4d-dbef25630b56,L3,Tweet
239b60d7-1276-4faa-8ee2-746725cb39bf,L3,Tweet
637fc7d7-d0ed-4db0-b970-5a7b64340205,L3,Tweet
625d3ab2-4f65-4e1e-8c8c-cc98fb3d7ce6,L3,Tweet
75fc07d1-6050-4965-a28c-d4c920357268,L3,Tweet
3a274fe9-f27e-48dd-aab7-5f6a163ea35d,L3,Tweet
b4fa00c2-b953-4094-9eaf-2dedf9f0a4db,L3,Tweet
afbe4bc4-f67f-430b-8f36-6f8085c6e093,L3,Tweet
c0488df8-77fd-49c9-8512-42b71e1e355f,L3,Tweet
07cf0934-139a-45f8-9431-273ad86b80e4,L3,Tweet
d876c4e0-9440-4ddf-b70e-9a9f470709af,L3,Tweet
f61dba7e-0900-4141-900d-0f3fb23888b0,L3,Tweet
183ba830-f56e-4ce3-a75e-d01b9f5c4183,L3,Tweet
361e2724-7688-4d85-bc0e-60f3614b2f8a,L3,Tweet
17a7013d-d2da-452d-891f-baf96ee1c07c,L3,Tweet
e58446d8-0c1f-4a08-9bf5-9df178d0c4f0,L3,Tweet
e70da6d8-558a-42e2-a202-e02fabcb9563,L3,Tweet
23b64b89-a8e8-40b8-8a82-1a574df4c8d4,L3,Tweet
1c4acb53-4728-4dc2-8872-8a08034db87e,L3,Tweet
5b5a78fb-088d-406e-aa4a-927d615edd0a,L3,Tweet
8370f33c-bb19-403f-966f-87c1db5638d7,L3,Tweet
ec4e1c99-36fd-4c3c-a370-2f49b238d4f8,L3,Tweet
68d88d9c-a26f-45be-95e0-219468006074,L3,Tweet
da02e116-9944-48f3-81a1-e86b4031cd3a,L3,Tweet
4ebff298-e8d4-418e-b832-cd04bf1a9a37,L3,Tweet
63f324e6-3c4b-4f13-8b3d-a27b12ce00e4,L3,Tweet
d27dcc0b-8b81-4212-9a56-3fa577c75f52,L3,Tweet
e5d35903-02ff-4eee-be71-811cc345cd88,L3,Tweet
6f68f7ae-b959-4713-8461-3119669c9ef8,L3,Tweet
1b0a2467-c343-4994-aba9-af7b1a5a811a,L3,Tweet
6b858ae4-ae24-492b-8b0d-cdf63985020b,L3,Tweet
6f4bf74e-b1a6-4d69-9276-8b68ef9a897b,L3,Tweet
77fee306-1b56-4701-84bd-4ccbd9bc43f9,L3,Tweet
d4f94d6e-5a7b-408b-be68-16a62813abde,L3,Tweet
854b188d-aada-4e47-b671-24b20c5408ca,L3,Tweet
1427cd9a-843b-4b6d-8d5f-f225df1f5244,L3,Tweet
e077cc95-1eab-474f-b7e5-7516ad3c543f,L3,Tweet
41b2cc54-a35b-4d23-aa1a-8ac286b0d843,L3,Tweet
1d668e1f-c0fc-4aab-a487-e2e4d4e680ba,L3,Tweet
b8d78f75-ef5e-4285-8d8e-3a16c5cda32d,L3,Tweet
06886b17-f05d-418e-a424-5ea4111ac241,L3,Tweet
67b5b950-62e7-4dcd-84e3-5da697dd1cd7,L3,Tweet
4f0f7709-e187-48b0-8661-0e325c9cd0e2,L3,Tweet
ad6bf624-b8e6-4d04-a2bf-d1d1040d86a6,L3,Tweet
42b374ae-cda1-42b4-a89e-15053bc4cf68,L3,Tweet
f88c02f3-b41a-471f-8ff5-78faa7d3a49b,L3,Tweet
ced05356-5626-478e-b3ff-428a8720225e,L3,Tweet
4a63cd21-aaa7-4866-bf1f-b49d4713197b,L3,Tweet
61922f22-362a-4a8c-bf54-95c6261b91e2,L3,Tweet
e9b3532a-bb83-4a9a-80c9-b0a4d4bea9ea,L3,Tweet
3b13b637-0d23-46c4-b1c5-cdc0cc687556,L3,Tweet
8f19a501-e73d-4c16-8f53-a4f623f44c3c,L3,Tweet
a4cf0c54-4d11-41ed-bd15-af0e43b24ffb,L3,Tweet
79adfa9f-6009-4a27-84e6-c07abb274c66,L3,Tweet
4c527e94-51c6-45bf-aa70-af66adc61f5a,L3,Tweet
9cfe050b-dcdd-46af-a26c-a4e5328be4d0,L3,Tweet
8dcc5d19-0c8d-40fa-9c37-d231cb5b78ee,L3,Tweet
0eedf392-a3b2-43f5-aec6-bd1a240b8b07,L3,Tweet
a261f7a7-4389-499b-a0c0-c2e514eccbad,L3,Tweet
23c3d1b0-c91e-471c-b177-0eeb037cf92a,L3,Tweet
edc35ed4-42aa-47dd-ad44-0ddcd2df677d,L3,Tweet
26e1610c-a799-47c9-b41d-35dfb881890a,L3,Tweet
9d2ff453-5299-4d1d-8dfc-07c1a160161d,L3,Tweet
58baa171-98ae-4c5e-b3f8-1208dc4fbf54,L3,Tweet
c1876444-5301-4725-a901-31a4935a3668,L3,Tweet
2e7bc7f0-23e9-4cb7-9b3b-49fa34967f3c,L3,Tweet
4995041e-05d2-4816-a39c-a2198cf268a6,L3,Tweet
02d07842-259c-4630-9ccf-df3a9e87190a,L3,Tweet
1deb24ed-fa86-443d-bce7-54e73594f33c,L3,Tweet
9fa47a63-f0fc-4203-a21b-a7a5175033aa,L3,Tweet
1a6aab93-9841-4070-8edb-9e09985ca873,L3,Tweet
57fbe988-4663-4d0f-8479-11774cda58f2,L3,Tweet
82cbddf9-6acd-4994-a218-1b76d9ea76dc,L3,Tweet
aa062f5d-3228-411b-b9fe-fefdcc0fec44,L3,Tweet
ed82b426-d4ca-4f38-b296-07c20fdf39a5,L3,Tweet
b06e6e7d-f04b-4f14-a1fd-cc3e0b241c5c,L3,Tweet
7e4bbff2-0da2-43e1-a3d2-de337006c26b,L3,Tweet
9c4982ec-a3a3-461d-8931-368d71dc2fad,L3,Tweet
6c1d7a75-3e6a-46c4-8355-a2d7d06462a5,L3,Tweet
f2271b36-46a0-4e4e-b43f-45c92fd770fb,L3,Tweet
c155158b-04ca-4506-805a-b79fed74dc9f,L3,Tweet
aaf2b800-e2fa-40a5-b616-96c3989639b8,L3,Tweet
df85d5ec-0e08-4f72-9efc-f9ac7dd925b1,L3,Tweet
8df156c0-1df2-4357-87f9-6f24c956328d,L3,Tweet
1ab26a8f-af47-4078-8b92-1b199e6cf06c,L3,Tweet
9224d275-89a0-4115-a5ec-467fde533ef6,L3,Tweet
60b0e3f2-00fd-4977-8831-fe57508fca47,L3,Tweet
00b79a63-af69-455d-bce2-63396b03d15b,L3,Tweet
c93d5f37-42f8-4382-a885-e16b9afb9b28,L3,Tweet
c58b40ee-45ce-4a8b-9e67-902c79729387,L3,Tweet
c8087090-4979-46bd-b9d7-784792784444,L3,Tweet
4b23daa9-b68d-4054-bb69-21c078c10931,L3,Tweet
4b184351-e33a-4bcf-b547-a095c05aa692,L3,Tweet
ab3ea6f1-0b93-497d-bb79-43b49caf882b,L3,Tweet
36d6dbba-622b-4aa9-ad83-26dae5c6237c,L3,Tweet
7c4961ec-4f5f-48c6-9091-c0dd6d296051,L3,Tweet
588599f8-7292-472d-868c-09cd60bb6372,L3,Tweet
24e9eff5-8872-4979-9b46-38eef76634fd,L3,Tweet
0ae4fa7b-2b0f-4180-a02f-059138571fa3,L3,Tweet
a31551c2-db69-4b88-9c29-841d2165400b,L3,Tweet
5e60dd5f-2edf-422b-a25e-dc2e305e6c50,L3,Tweet
24e4d545-a2f4-4e04-9bd8-7db801c44b70,L3,Tweet
0942bc7a-7091-43d6-af12-04627d03ec03,L3,Tweet
ed1e447c-dbc9-46dc-9064-20ea989b163f,L3,Tweet
ba3ddd85-7a18-4659-9b4f-49151468105e,L3,Tweet
3d484b2a-9134-4574-b675-5cd5c00b82be,L3,Tweet
ccd61197-53fe-4239-a2bb-65ea1ecdc38f,L3,Tweet
0fe462c5-5ccc-49dc-ae5d-85dff006baa8,L3,Tweet
2db4d57c-c72f-4b7e-96fd-00fb8e2bb7a3,L3,Tweet
0241510f-452e-481a-ba64-fad4f42ce8a1,L3,Tweet
51bb6a20-0415-4568-84a5-f85920988c12,L3,Tweet
9d2a6a3d-76d3-4554-bcea-965d0a680a0e,L3,Tweet
b6cb6c21-2e43-42f0-8c54-6a914158650b,L3,Tweet
af6cdb68-0150-4563-b068-e88cc4a518eb,L3,Tweet
15fe3306-e224-47ac-85d0-e35f421e5e00,L3,Tweet
2c5ab114-71b3-4496-83cb-9aa4beab1ab9,L3,Tweet
3aa5550b-19bb-47b9-b215-6542a4c24036,L3,Tweet
7f2b9af8-fb2e-4588-b230-1321621ff6f3,L3,Tweet
d1b0221b-c56c-403c-84f6-a3aedbc905b9,L3,Tweet
3a8022d2-1f15-427e-97b8-361155056a4c,L3,Tweet
68cd66d9-3687-47b1-b241-cd197ad5b5ab,L3,Tweet
dff7f771-e1f3-4af4-a21f-0a4f8efcda3a,L3,Tweet
37903a57-3992-4ea9-a6dd-d8cad6edc751,L3,Tweet
8189f148-190f-4f58-b32d-975c89eed33e,L3,Tweet
5224cf76-89ca-4a08-90c5-c51705166e5a,L3,Tweet
7e9976ff-6f7f-4805-8781-bcfdf652fc95,L3,Tweet
9d6bc4e2-e49f-4c3b-b4a7-6d0fc5cd414c,L3,Tweet
eea97d0e-4448-414a-a448-8461613b7edf,L3,Tweet
ab520b06-2f3b-4c8b-9df5-656ddbd5a407,L3,Tweet
712e59d1-ea9d-470f-99e5-08a1af37d879,L3,Tweet
4b5ece04-70de-42de-80f0-3b9d222a4ddb,L3,Tweet
994f32fd-286e-4fde-9dbd-663ff205f39f,L3,Tweet
65b5146e-fd0e-4318-8d46-aff67ba1ce8b,L3,Tweet
f00544e5-b3d4-4192-9cdf-3246c704191c,L3,Tweet
9965d7b6-8e7b-45af-aeac-f2d68c53b3e8,L3,Tweet
46c776f3-a688-475a-94fd-b1640f2c3497,L3,Tweet
317895cb-d3a0-4723-86ab-850a1de93ff5,L3,Tweet
5c856bf2-f9d7-401d-a816-59c5c6fc313c,L3,Tweet
8840d1c2-8195-4a38-a065-6d6f26c388c5,L3,Tweet
23b1edc2-3a85-4fe0-a4f6-c833c2abf2f8,L3,Tweet
943503db-6646-4d04-8b65-5ba313778918,L3,Tweet
bb424a4a-6342-4ef2-923d-e86bbf783620,L3,Tweet
7c4a3cde-1b57-445c-86f4-22ece54a192c,L3,Tweet
d0b2b7ad-8233-4ccb-a398-2ca1c070b9fa,L3,Tweet
7ff2e727-afee-41b8-b972-2ebd047bb8a3,L3,Tweet
a36340a3-70b6-45d7-b8ff-860862d52b82,L3,Tweet
49abc286-a514-4f10-8992-5ca910a44389,L3,Tweet
94886132-617a-4d41-930b-86c1596eb488,L3,Tweet
d54c33ee-c305-4577-a9ec-73c1fa75a0c5,L3,Tweet
7884b5ea-27ec-472b-8859-dec8c448114e,L3,Tweet
3196b485-dae4-4dfe-ab02-148687061249,L3,Tweet
522bed49-3fa5-45d0-82d6-390ce6b8fe66,L3,Tweet
ae3c8173-18f9-4c64-939a-5168c27c7206,L3,Tweet
69293ffb-fd3e-4add-8736-da678653327c,L3,Tweet
587a22c2-8438-475a-bd6d-1597637b617a,L3,Tweet
eeff570b-bbcf-4dee-89cc-8318abb3d881,L3,Tweet
c9c83625-3b9a-4e51-9271-0c06ddbbf07a,L3,Tweet
d19a8729-c34a-4116-a53d-35ab3537744b,L3,Tweet
59a24cb3-bf12-40d1-893e-805d12cd2147,L3,Tweet
8f094154-c39e-457b-91d8-1fa4589e3539,L3,Tweet
b3720c15-332b-4421-a619-8d7de4bafd05,L3,Tweet
c85fd112-5a9a-495b-a2d2-a0cfb6216a09,L3,Tweet
973f5937-7a7b-4821-aebd-1a380c4a45ae,L3,Tweet
17d36300-1111-4ee4-8107-ee37e3b475be,L3,Tweet
be0b3028-a026-4747-9b34-7587ef92fcfc,L3,Tweet
e986bb0d-a821-4535-a0f1-221bad66e505,L3,Tweet
1b67f49e-cc90-46b4-b242-b077fe7f6b7f,L3,Tweet
d3978280-4757-4967-9b61-73be6175ed44,L3,Tweet
07914382-6073-4502-922e-8c58743341ba,L3,Tweet
149650c1-ecf3-4236-8c5a-0e03f03d6056,L3,Tweet
30a7335e-0f8e-4725-b9a0-6b2e34bc38c1,L3,Tweet
df9a56d6-ca30-43be-b78f-23569fd605ea,L3,Tweet
db9d1892-a10f-42ad-b4d3-9c7e0bc299b9,L3,Tweet
66c89ade-a52b-4efa-a3ad-e394614ac7ff,L3,Tweet
96823f39-d433-40be-97a3-5862e583d94f,L3,Tweet
eccfb303-67f3-421d-9201-c1335c99b6ac,L3,Tweet
ae2a3437-e61e-4f9e-af17-9d9e2e848b14,L3,Tweet
67bce6fe-9617-4704-b911-d18d104655c5,L3,Tweet
d6b3bb2c-69eb-47b3-b02a-66eaa049f04d,L3,Tweet
e4966dbb-f35a-4316-b7ae-fb34d8cc098d,L3,Tweet
d0d06923-175b-4569-a963-f2490b9f7058,L3,Tweet
a6b4cf1b-a3d0-4a51-8fd9-ca91786cdb8a,L3,Tweet
55a3a21d-75af-407f-99b9-9757b3d8c6a4,L3,Tweet
81f9cc16-4e32-478b-b850-8909d7557d89,L3,Tweet
c8fe3d8d-2b09-4c27-bff2-61940c117fa2,L3,Tweet
fe43e003-832c-411b-8d3c-e300f811717a,L3,Tweet
d7223006-4bc3-44f7-aa7e-f8f997d0fe19,L3,Tweet
e9c80825-b4bc-4105-9fd4-2e771c245029,L3,Tweet
cde886f5-43d3-4978-b604-266dcf5bf075,L3,Tweet
43199602-8a0f-4da2-98ae-083c307367b8,L3,Tweet
1f4ddc59-da69-4bdc-ae46-d10cda557054,L3,Tweet
097a03a0-b100-49eb-ae1a-f7659d15f794,L3,Tweet
bf0ef0c1-f363-49ec-966b-4f92d42917ed,L3,Tweet
240d345c-eea4-48a8-b6f6-0fe978da9899,L3,Tweet
87741c31-2cc6-4945-9f73-cc87d4974b58,L3,Tweet
8668a476-5fd9-4add-9083-85ae258d8e76,L3,Tweet
0da198cd-dd78-440b-b3e1-15d66c62721b,L3,Tweet
838e92a5-0608-41c3-a760-3ab2fd8cff3f,L3,Tweet
bc400950-2263-4c17-9ad9-8e5279d9fffb,L3,Tweet
d9a04c5e-2f50-49a0-a8a9-846fee211876,L3,Tweet
73f4960b-fdfc-43fc-94bb-a9adeb49f790,L3,Tweet
c13a6f1b-450c-4b50-8ff9-6bd7afa921af,L3,Tweet
e650d269-f5e7-4d80-9dfc-d21952aae4aa,L3,Tweet
be19e576-1ff0-4473-9fbc-e1606b1395f5,L3,Tweet
af713753-ffaf-405c-849a-1b70f9dad4d2,L3,Tweet
0ba09754-7a0d-4521-9658-998383a9abbd,L3,Tweet
35901402-2a0a-414e-bbba-413f6db203ab,L3,Tweet
40c61d9d-de78-475b-a4e9-1e88845d1d4e,L3,Tweet
57e43f37-b842-4b05-b810-20e65b76d572,L3,Tweet
5ca66ae4-2295-4eb1-8b96-d0d7019352d4,L3,Tweet
c39218dd-1967-4f3a-a042-dbdf5f360903,L3,Tweet
0a7c0653-fd8d-412c-97c7-c2d8a9323456,L3,Tweet
4e73b913-5d2f-4fbd-a6eb-2606d8936c5c,L3,Tweet
69940472-3a7b-4112-9f5c-2efb2dd1fd98,L3,Tweet
116985ca-7212-4fd4-bec0-d1feb449f31d,L3,Tweet
0aea25e2-18ed-4578-ad6d-f913b45ab6ac,L3,Tweet
96c61b00-d35b-4bf3-8466-34f166684832,L3,Tweet
1cadc80a-5217-4472-b4db-7e45cd7d5caf,L3,Tweet
a282136d-6aaa-4b4c-8701-8847b586034f,L3,Tweet
8181b8d4-2c41-4d7e-83ed-428d7532ce0c,L3,Tweet
dec6bd0a-1fbd-4a28-bc93-ce827caca6b6,L3,Tweet
42eb0e41-eda0-42d4-bbe4-8874ac18f31e,L3,Tweet
b9a4c380-8113-4b08-998e-af202be8cac4,L3,Tweet
96bb875e-3b5f-4801-b245-7753fbdac95f,L3,Tweet
5ae1b89a-ed65-42e0-a56a-54e93fdc869f,L3,Tweet
c09e59dd-14b3-48d3-a1ea-7f475cf3ab09,L3,Tweet
4f18f37d-3148-4a2d-8a08-a69ab1e9175b,L3,Tweet
cb0d3fab-30b3-42cc-814d-0765bc245d6b,L3,Tweet
fa958a4f-f58a-4259-ae20-c3f6c3cb7606,L3,Tweet
7bb1f841-8ce5-4745-96be-cde01e71464f,L3,Tweet
e7adb4cf-da98-4d02-b4b6-5fb2c0d26863,L3,Tweet
4607a263-47bf-4a05-8f3b-3216f06bd043,L3,Tweet
a2d3a59d-7d61-4ef4-87f7-b187dce3e0e9,L3,Tweet
2750c9c1-c8f1-424f-b4ab-4d2ffe334415,L3,Tweet
1cc7ac48-3ad9-464d-891d-69dc323a64d1,L3,Tweet
2fde5d85-4b42-41c5-93ba-8554a4efa897,L3,Tweet
3d721f40-e44b-4b8f-baa6-3d7539ded798,L3,Tweet
2c2a2986-de38-48fa-b1c0-ee06b33929ae,L3,Tweet
4bc1ee5c-259f-4bcd-baaa-84fc3b4086db,L3,Tweet
2d4a0560-7bb6-4893-a929-459a1f82ea1d,L3,Tweet
8c9a1b5d-c423-41f8-8402-8ffbb65cef2c,L3,Tweet
1c7404fc-cc2d-4693-b6d6-663aaa135544,L3,Tweet
943ef4a7-4e43-40c2-9450-db311d842ea0,L3,Tweet
55fcbf6a-2081-4472-b9a6-09663a044fac,L3,Tweet
37d43a68-a10c-4726-bb51-3131a3e655e2,L3,Tweet
c1c1181e-a38f-4e3a-b523-c6b2d25ba286,L3,Tweet
bb382b27-694c-4ec7-a233-7a3561273287,L3,Tweet
8383d6bc-7788-4b11-86b8-8e8247fc72fa,L3,Tweet
b75aebb8-7dba-4577-8b24-6279aac0cf82,L3,Tweet
b4a50f41-7efc-4eef-b1e7-48d8ce4aa597,L3,Tweet
8b1dac8a-f703-4c6e-809d-2e3aa2f6f930,L3,Tweet
fffc23b4-008f-4ee4-a11b-fa5f799c07b6,L3,Tweet
a63bf426-5a38-4836-9710-c384f05b8126,L3,Tweet
023bbea8-6400-4191-ba4d-08c30e6058f8,L3,Tweet
2df6bfd9-e6fc-4306-954d-e49f9582ee62,L3,Tweet
a0cdacde-63f3-44fb-a63b-46ea8beaf80d,L3,Tweet
eaa28f01-0656-45ae-9617-35bbb7d0e6d6,L3,Tweet
5c09de60-3943-4ccb-b794-a4dcbe6c5112,L3,Tweet
854a7097-f2e5-4cb5-9601-c934404f0e40,L3,Tweet
d543da48-61c1-4879-8550-fe32db8c5ac2,L3,Tweet
d2060881-2b8c-4b54-8615-736d75f4810b,L3,Tweet
4c2bef7d-588d-467d-8d4b-c4bb7c014973,L3,Tweet
a0169510-e776-4fd9-8a19-da0058bca7d5,L3,Tweet
4339f99e-244d-4477-8850-58d2b8a89f88,L3,Tweet
850ba4fc-9ad0-47a7-9e3d-75d5fae041df,L3,Tweet
16ec6591-1973-47dc-a5da-0bfa249164d7,L3,Tweet
f96b1971-9587-4867-b94e-a982e73335c0,L3,Tweet
f6c9ba92-cba5-4bb0-b705-b6b9c08f4fb9,L3,Tweet
edc9a6ec-0f72-4a9a-96ed-70dcac2c26f0,L3,Tweet
4089cf90-69c9-43da-8dc0-4d93109fe629,L3,Tweet
4133526f-a39b-4caf-bbb7-e55f47d912ec,L3,Tweet
de302aca-6b49-4d48-aa55-d315e3dd678c,L3,Tweet
307c8398-3826-4023-a17a-86cea83b12df,L3,Tweet
8fecf0ce-9312-4a5f-91cd-4137a16d4be1,L3,Tweet
f9ade58a-a04a-4ad5-8649-a277ca4caa6f,L3,Tweet
b18a390b-b372-4ea3-a61b-f051b44274d0,L3,Tweet
aaa31b26-e5c8-444a-8eff-6a3fc63bcc4b,L3,Tweet
b9c82776-31b1-49be-b263-213e7e1095a0,L3,Tweet
d00ab699-d8a2-46bf-9c32-fefe33fd3747,L3,Tweet
227cca0f-514f-4b5f-b26c-3062579f4b05,L3,Tweet
5266f3c0-5975-4fe8-95d1-32b8ca9dfcd9,L3,Tweet
c6cf844f-3f3f-415f-b224-ba5f51777b24,L3,Tweet
03b74126-646a-4076-84d4-d7ae257529f4,L3,Tweet
5f8ad6b5-f166-4a55-a3f2-e2f623cee46d,L3,Tweet
64a45887-a6fc-4086-bc0c-f6b6b104e54e,L3,Tweet
90f492fe-6e6c-4349-b65f-dc7fd0956166,L3,Tweet
d39aa761-5e1f-4a8e-ac3b-f0d05aa4ebfc,L3,Tweet
75d9b529-4f57-4eb0-a66a-76232d073f64,L3,Tweet
adbbb425-8b54-4bca-8eca-5cc9ee1e8400,L3,Tweet
64db138e-5031-48b2-a705-c743cff23222,L3,Tweet
f137eebe-321d-44e7-9459-c5ad0f747383,L3,Tweet
23083074-cfad-437d-b822-f09ac66fca30,L3,Tweet
acdbcb60-ff40-4d05-8b33-6dc5e2b62ead,L3,Tweet
27006388-12b2-4f8b-abc4-a57019b35b0e,L3,Tweet
2a724291-819e-4e5b-9882-bb2684db616b,L3,Tweet
0677b784-e1a0-422d-9a33-64f4a85c3b8e,L3,Tweet
2141839d-a093-487a-b43f-162fbc8101e8,L3,Tweet
4b452040-6235-4576-a3da-46801d1ed8c3,L3,Tweet
4b6f3af8-9d85-4ef0-a839-4cca8374db0a,L3,Tweet
09cfd451-bfa6-4c95-8780-e929ec6e2798,L3,Tweet
a7ed7b0a-719a-4dbd-8db7-57e4e077421d,L3,Tweet
f584810c-6d4c-4d69-b85d-5452bb449fe5,L3,Tweet
f7303df6-2c72-46f6-939d-9d80ec7c95e5,L3,Tweet
e880f107-0ec4-4de7-8b81-29d304e30153,L3,Tweet
c73ef7e9-77d0-4bc8-8653-6c25de59b7c3,L3,Tweet
edf21bb7-1b49-4d1d-9823-1265bb6d317b,L3,Tweet
88ac6bd0-da16-4322-a70e-d443a0b0fef1,L3,Tweet
c54e0144-54b3-455e-9776-6840d71baa4e,L3,Tweet
29d23c91-0aaf-49e3-97f4-c4aacb36b2b6,L3,Tweet
97ea35f9-d81e-4ef1-a3f9-3e1f12f19bd6,L3,Tweet
02ee8fc9-64d7-4143-a0e2-70c7ab7d559a,L3,Tweet
60acc92b-c642-441e-b177-cf7f26535851,L3,Tweet
e0ec924a-1f94-4fd1-a18a-b35ded272b9d,L3,Tweet
85ddb6b4-efe9-46ea-ad63-e8e0b8505796,L3,Tweet
9f20b0c7-28b5-451c-80b1-e66cdd53d02b,L3,Tweet
7ef9f6a0-d720-4989-81e1-4609a3d62ba5,L3,Tweet
45dbfb79-d5b9-4db9-99c5-1e72cda21a28,L3,Tweet
705b933a-de1d-4f73-9c7e-8a31333352b4,L3,Tweet
2b21452c-da65-419c-b05f-891fb3050ce8,L3,Tweet
aa12f72d-8fcf-4c4b-8bd6-3ceaaafa715a,L3,Tweet
46709352-2967-44f9-8398-5efb6b897da1,L3,Tweet
2f3129f4-2b5d-4e9b-a1ac-437472dbcc32,L3,Tweet
c27513f9-0ff8-478f-8bde-df3938029fa2,L3,Tweet
dfbc8b3c-2ce6-4d61-a51c-7037cb7aa272,L3,Tweet
92c62549-013d-4b25-a64c-08bca8fc74fe,L3,Tweet
644123c8-0506-4566-8ca5-c3f1a597fac9,L3,Tweet
79f98d5e-bd71-4b9f-825f-9cb42854769d,L3,Tweet
653d21f3-c8df-412c-8195-e8c2d983bb92,L3,Tweet
aa463a55-3184-4cde-8403-6a74545c825c,L3,Tweet
f73b886b-95ac-469f-bd39-6e9d8b95d491,L3,Tweet
b2ac6c19-c385-4840-b905-9b5bfb3e5999,L3,Tweet
b2e2a6a5-86cc-4cdd-bf6e-2338485bf4a0,L3,Tweet
8b24ef89-5597-482b-bb02-f5b26f4b5530,L3,Tweet
3eb3b8e3-e7a1-41ab-bc57-f583e7cfe41e,L3,Tweet
afebbbae-7391-4d57-8853-a2198033b009,L3,Tweet
667eb380-88b8-4e95-b45b-3c7400db5766,L3,Tweet
64c315f6-824b-4952-9325-a87edd158ec2,L3,Tweet
6299115f-44e1-4b46-bfc2-4b5f76cdcb30,L3,Tweet
1b587ac0-b0f1-46f8-b458-8bb93f02b60a,L3,Tweet
9e904101-3368-49f6-bfe6-5d61c3ec6d9b,L3,Tweet
906e40c2-2a98-4aff-93ff-153247944bea,L3,Tweet
ee58ccf6-b242-4d84-aea0-2394e5b5878d,L3,Tweet
c51e78e8-4ccb-4834-8c2e-b95ec684d7f9,L3,Tweet
a30fdea7-5f9f-436b-b77c-f89b2fd4b253,L3,Tweet
9cacaae5-865f-486e-8cad-8508fa88e78b,L3,Tweet
63c62738-2d18-4aec-8db4-eac4fd4ee427,L3,Tweet
9a6cecfa-b23d-4ee3-bdbc-2ddf4399494d,L3,Tweet
38f077e5-c382-4400-bce7-cb4b3f849f24,L3,Tweet
55ccbaad-68a6-4f81-9051-62dd62f41a28,L3,Tweet
be1f1e60-1d7c-46ac-aac9-d5c4c3f94bb2,L3,Tweet
bfa56afb-16e4-41a7-93d8-d33b1c9c36d6,L3,Tweet
bf4ddd21-dd8e-42c5-817f-d8116f332b5d,L3,Tweet
2996584d-b95a-4b9e-8855-cc4d09b57f88,L3,Tweet
46dc6d57-de4a-4eff-bf39-279b0f3798e8,L3,Tweet
b2c9e603-778f-40d0-9e22-274d9bf57215,L3,Tweet
2edfda32-0562-4319-b70a-9148d230b3e7,L3,Tweet
16cc5163-82fe-45a2-a6c0-f063c61db9c9,L3,Tweet
75914422-5a44-4398-aaca-9187d5910607,L3,Tweet
bfd27693-a945-4941-b34a-aeb94eea8c4e,L3,Tweet
9771d3c2-a05d-4b55-bb27-f834e9aba1d0,L3,Tweet
a519295a-97aa-4194-861d-3b00dc3fefbe,L3,Tweet
26a60bb9-cb1e-4023-8a3b-5943e22a8741,L3,Tweet
695eea94-9c5f-4ca5-adec-9124c2a6e505,L3,Tweet
9718f71f-384f-4dac-bbdb-1cacc75deb89,L3,Tweet
8510324f-ca22-4b74-84bd-7d5f61a23051,L3,Tweet
97b8f890-28f0-4260-9b3c-f6f863751267,L3,Tweet
bac9e927-4eaa-423b-8c24-08f160f9a72e,L3,Tweet
6beb186c-8eed-44fb-a943-6294fcb322b8,L3,Tweet
4ec435f5-b01d-4097-b291-d8989eb13c07,L3,Tweet
9492914a-b1bd-4d6e-85b6-a7d38f4fc883,L3,Tweet
90cdd18a-60c3-4af7-b5cb-89b770083d41,L3,Tweet
3e5273dd-609a-4028-b58f-ca80f9b3c2cf,L3,Tweet
cf1f5634-0dc7-4d3a-b6ac-7f1b3a308937,L3,Tweet
f05f60d0-5f49-400b-8fff-132f174a5062,L3,Tweet
72f3f79a-1dbc-4216-8d46-b4381c3e182f,L3,Tweet
b2cbe748-0d63-429f-8fe0-6555b56ed219,L3,Tweet
1c0d1ce1-54aa-4e3e-b9d1-f558df6bb942,L3,Tweet
551ecc6f-287b-4e15-9381-2641bc8cb408,L3,Tweet
f496c768-2f23-4f2a-b7f2-4ab13ef83af4,L3,Tweet
1bae5b83-bd95-4a39-93c6-1ef82d7516fb,L3,Tweet
c79bdc48-e603-4747-9132-a66ec92e2d4e,L3,Tweet
55a10286-80ca-4c55-898f-6e4690f063ae,L3,Tweet
7f0df4be-a61f-4d72-970c-0d1f264c50fd,L3,Tweet
f462488e-ee9a-4bcc-828b-6d2001c49bf1,L3,Tweet
87bb6b55-159e-4382-9947-e9c492a9cb44,L3,Tweet
eb0928b7-a58e-4b03-ade0-4b3aff482e30,L3,Tweet
1acf2986-79a6-4b7d-ad05-1edebd3db319,L3,Tweet
56d04d1c-1757-4740-b6e5-35afc1a15a81,L3,Tweet
1c733d5e-04a9-4473-9407-5222482f391a,L3,Tweet
a5e9f54d-9029-4611-8e18-cc8dcdb5d408,L3,Tweet
e957bf27-cc35-4bc5-8a6e-ae47298be478,L3,Tweet
6b01fd08-f84e-4153-b62b-aa531bcc598d,L3,Tweet
f6479c13-e9ce-4c31-aaa1-3b7520ed5392,L3,Tweet
daf17f93-468e-4a2b-b706-c3222dcfc654,L3,Tweet
937938c5-c04c-4d57-a6fa-2c8528770fa7,L3,Tweet
373f2237-4a4c-4a9a-85c2-363e9eb07c9c,L3,Tweet
d129bfa6-191e-42cf-b3a3-e23f12b1ba58,L3,Tweet
ae586ab2-7920-4495-8bc7-389b5fdcef9a,L3,Tweet
6bace1ce-cb3f-4ea3-8530-b591b52a3e5f,L3,Tweet
d2f2446f-ac88-420a-b943-03b6c110badd,L3,Tweet
8bf10a5a-81ba-4cb2-962d-eda0486be1a2,L3,Tweet
2c1cd62e-6b30-43c0-a581-661cd64dc9bc,L3,Tweet
e09436f0-f2c9-49e3-a406-5ff0d4818e1f,L3,Tweet
479c5b10-ef87-4194-a23e-7963fa854e56,L3,Tweet
049dfedd-4043-4f8d-9fea-cf49c6cfc23d,L3,Tweet
47f2c1f2-777d-47ad-b8bc-70240ca68e90,L3,Tweet
9915e1a6-5ba6-437c-bdaa-2a4c51371a41,L3,Tweet
58af2afd-ea0d-443a-9953-c9a2dc4c028c,L3,Tweet
bdaa1098-241d-4b30-b20c-576dda0a823e,L3,Tweet
ca14300f-3498-41e1-8cca-d770da36593a,L3,Tweet
7139331b-ab19-4610-820d-20a985077254,L3,Tweet
0e1ff496-3706-48d6-9037-ea9c05d60b5d,L3,Tweet
50f9ae43-3654-4f76-9528-5a53a4278d55,L3,Tweet
e260a803-9b54-480d-8d8c-dacf80b1ca79,L3,Tweet
e1555bd2-c23d-4c1d-a22d-25858f04a3c6,L3,Tweet
07e47504-7d14-41c8-b4b9-a11329967711,L3,Tweet
2e154074-a821-4212-8473-7f57b1159a1d,L3,Tweet
5dcdf94a-e451-4f7e-a32d-dc22b9ab6270,L3,Tweet
dec4d795-a61d-418f-8786-8d58435ecd5d,L3,Tweet
aae675c3-fe8d-4f6a-889a-9772f6e6794a,L3,Tweet
9dcfe3d6-9c47-4573-816c-0a993e2bce7a,L3,Tweet
8929179f-5664-4c2d-bca4-af2ba69d1f83,L3,Tweet
50be59d0-1405-4ddb-81e1-56ef86360929,L3,Tweet
3b80393c-3f16-490e-be9d-5c4e85cbcb5f,L3,Tweet
533217b9-26fc-49bb-80ab-6deb89f6a319,L3,Tweet
8bcd3783-7b20-40b4-be2d-f370561a72c8,L3,Tweet
362101b1-72b2-4f48-b4e9-b678fcf5ce32,L3,Tweet
d64bfd48-ab27-490b-86c0-0b8bc2c6a712,L3,Tweet
65e1a1f3-18c7-438e-9469-e4e84ee20d16,L3,Tweet
6e15af33-6d57-4e64-880b-cfcce5f19073,L3,Tweet
9625f825-8e0d-4ede-b4aa-ac491b73f4ac,L3,Tweet
46bde4b8-5c3a-422e-a50f-ad2cc1a500fb,L3,Tweet
181b7427-513b-4c77-b642-693a0badca60,L3,Tweet
9553e390-e2bf-4878-8acd-f661a3d01aaf,L3,Tweet
2c1eb719-ccf6-4b0e-804a-92fd92e4c1b6,L3,Tweet
d96afe5c-8e4c-4200-9f76-b7c4b3f642dd,L3,Tweet
ab7ca099-edbf-4d56-89c0-d3736ffff07b,L3,Tweet
7745820b-ef49-4cd7-b487-55863befd7b7,L3,Tweet
8dbc29dd-c976-49e5-8e40-6bd2bf7c8650,L3,Tweet
8f2c3fd0-3183-49e6-b5a3-8b7e89cbb55e,L3,Tweet
190aff6b-c427-4e04-8593-1bb8b33bd7bc,L3,Tweet
f50e857e-1ede-46bb-85a1-684f5816d5d2,L3,Tweet
cb761812-56c1-429f-a950-9fdf8e3defff,L3,Tweet
00c5909c-26e5-48a7-88df-7a4cd3b796bd,L3,Tweet
816faa1b-ff78-4e17-a0e0-e1b2cb4c7b00,L3,Tweet
e69a153d-7ec9-4674-abf8-607e464a97b4,L3,Tweet
2d04711a-72fb-45ff-9df9-85ea7f30d7f1,L3,Tweet
47ec3206-d9ff-4fcb-bf7c-727ccf878234,L3,Tweet
8a93fe6b-7196-4884-aba4-e28bd6249d31,L3,Tweet
88742b14-7aff-4f87-9c84-3bebe3ebe5dd,L3,Tweet
c20b5f84-701e-4eab-9883-b22d816e6a17,L3,Tweet
feac9a7a-a23e-4c45-9772-d5aa3208b3ee,L3,Tweet
38d4ff4d-5a8d-4a5f-965b-224e7bdd1acd,L3,Tweet
0c2d9efb-a29e-461e-81dc-89c1d38d04ce,L3,Tweet
4320d603-c2c7-4dd7-8323-95a7f9b8c669,L3,Tweet
63909824-0def-4dbc-b444-0480828ff0a0,L3,Tweet
1d190bb4-a90a-4013-ae3d-0432707c47d4,L3,Tweet
eea18f04-6d05-4570-9d44-ce1a32c7d81d,L3,Tweet
9d6b1dce-026e-4b48-8417-d2c02171ba30,L3,Tweet
a4dcb7e8-b3db-4412-9783-b075666040f1,L3,Tweet
b5bee9cf-7ed3-4492-99bf-e9bed629fa2f,L3,Tweet
df732923-9d1d-4db7-99ce-82412f910f81,L3,Tweet
c917742e-f202-413c-910c-9a2b5520560e,L3,Tweet
901e2285-7879-4271-93bc-4904811dc75f,L3,Tweet
178bb920-47fb-4aa9-8fc8-e2f6eb4d56cc,L3,Tweet
058051fa-65cd-44bc-a8e4-69ececd26371,L3,Tweet
e2bc0fc5-16ec-493d-9eda-85bc9f6daa27,L3,Tweet
d66fe8ed-9161-47cf-aed8-c1d0dc69302d,L3,Tweet
6ea012dd-c877-49f4-874a-7988d91711aa,L3,Tweet
042caa67-c0c2-468f-835c-56942a522b9a,L3,Tweet
68b2d5b1-8318-4193-9823-87db70796ad1,L3,Tweet
e2c9cb13-befe-4994-bf93-966163675203,L3,Tweet
c92482ec-9bfa-4a41-9801-5e4bccc5f7bc,L3,Tweet
d3425d14-f698-45b3-aa2f-1769429df6fc,L3,Tweet
51e9477f-5306-47d2-88dd-c3389a6eff1e,L3,Tweet
1676cfff-a5f0-4c17-bcaa-ed6ba228923d,L3,Tweet
522438f4-cb6c-4500-bf95-d1af7498e189,L3,Tweet
c61815f5-915b-4975-a684-cc80d44d7387,L3,Tweet
c081be6b-ec01-47f3-9dda-abdd13bbaa20,L3,Tweet
b0c02aa5-c3ce-4ebd-91b8-13dd794daf5d,L3,Tweet
1f490472-492d-4ec6-8fbb-7e05a13f291c,L3,Tweet
d563ebb9-47de-4ecd-bd95-ed88029194ed,L3,Tweet
ecb091ae-fa3d-42ce-84da-595aa486fa2d,L3,Tweet
4b9ae559-1e0a-46af-a05e-32d6885e5800,L3,Tweet
9e32a391-e84d-4183-98f2-b5b887fffa08,L3,Tweet
1e699ca9-c775-4033-a374-80d397be86b6,L3,Tweet
222343ac-6652-4bfe-9d3a-38187d6758a5,L3,Tweet
4f9a98b2-1412-40cd-afc1-ca117f0b4276,L3,Tweet
68fbc264-fe0e-4079-af9b-22977034b235,L3,Tweet
c290bd9c-72a4-4961-b10c-9ed0ea27df2e,L3,Tweet
12a43c3a-3188-4e68-b0c0-a19e2883255c,L3,Tweet
b5b228b9-79f3-47f3-9f0c-459252b862b4,L3,Tweet
3b45ab36-27b9-449f-97de-5836d3049931,L3,Tweet
4c765a8c-4764-47bc-94fc-b659dc4d70f3,L3,Tweet
775cfb3f-38b5-474b-bb53-bc8ae9e1c9bf,L3,Tweet
f811e886-0a35-427f-92e4-74d1700f3074,L3,Tweet
af2185e1-d87c-43a0-896b-bb26e33ae5c0,L3,Tweet
7227e7a2-535b-411d-8cb1-d2238793838c,L3,Tweet
069de1c0-476f-4dd3-9024-07430d87cab0,L3,Tweet
9fe502fb-893c-499f-b7af-ec1a20e1e011,L3,Tweet
cc333e07-6cbb-4174-8ab7-4020b39c09ff,L3,Tweet
87b1a154-055a-4726-83d7-e6ac18d52a5a,L3,Tweet
f31e3159-3942-4781-b8f9-d5d732941f82,L3,Tweet
7b527c48-f536-439f-917e-11b1ee0b4a07,L3,Tweet
69eed3dd-7253-4a81-8734-08010472ad34,L3,Tweet
c4504cdf-f1d7-4884-9b30-d441960aa0aa,L3,Tweet
c8e4d6a7-b9e3-4b1a-8629-956002350ca1,L3,Tweet
a1fca209-9a42-47c4-9dca-97a7bc5cc69d,L3,Tweet
cfe14cf8-2ff7-4de7-8475-1609b05acb4d,L3,Tweet
fc7ffe80-11dc-4010-a159-d7a41a2c2b8d,L3,Tweet
f7df50db-f406-4330-84f2-cbb4f60d4e93,L3,Tweet
0b777cad-83eb-455d-813a-737c3cea4783,L3,Tweet
247f17ad-a62d-4458-a8a4-fe21a7fd283c,L3,Tweet
1048f8c7-2ce3-4d04-a7e9-42912bd6226d,L3,Tweet
3d05cad2-0e7b-4126-94fe-3ad5ecd362c5,L3,Tweet
99a88bf2-a6e8-4e38-9a3b-9be618e30093,L3,Tweet
bba269e3-dc2c-4df6-865e-4d39538b950d,L3,Tweet
7527481d-c0a9-415b-aa07-bbda4bff8752,L3,Tweet
e151750c-2374-4fbd-89e3-08ccdc5671eb,L3,Tweet
8e5b62c8-c28c-46b3-b4b8-1922dcf2ea34,L3,Tweet
a097e042-7729-4896-b294-a0ce4c992373,L3,Tweet
6e972178-8858-4a8e-9b25-c40942f26f58,L3,Tweet
7ce3248a-3444-443c-b653-9f2d3b4c5561,L3,Tweet
1f2bdda3-a7d4-4e4c-8c47-5eabe44e3dd3,L3,Tweet
71fa9abe-0ed3-4635-981f-fffa0c07c384,L3,Tweet
de5de9e0-33f2-426f-8d2c-7c261f5b2147,L3,Tweet
5dacabb5-12bf-44d3-beda-ea53a47477a4,L3,Tweet
7fddb5cc-526d-48ee-bd6f-07a6f3656bf6,L3,Tweet
eb65e962-69fe-48e0-9f05-8fc151aaebbf,L3,Tweet
ed96d599-c2a2-49c9-94d4-751ba3176d52,L3,Tweet
c459c24d-f722-41cd-9b78-66e08b7bfe56,L3,Tweet
c0d3ecd3-6e1a-4637-885c-aaf4d2dff34e,L3,Tweet
63390f0a-e0fe-41c6-a8d1-8d392af5d871,L3,Tweet
98654248-f7d7-4d93-862d-cb8945187764,L3,Tweet
7807a5bf-17ec-4558-bb53-6e971848e239,L3,Tweet
a52f3bd7-80dc-45d5-9983-465e15af0fcb,L3,Tweet
c5001d01-34c8-4b8b-90b8-9b06f31b9b7b,L3,Tweet
806de22e-1b90-4b52-a8ef-3ecb568e948a,L3,Tweet
425bce2f-c20f-4158-bc79-c48721daa19c,L3,Tweet
0507d7df-11b6-491a-affe-912b5dc4ea27,L3,Tweet
c4953d9f-18f3-468a-adc5-3f16eb615104,L3,Tweet
a0ebab4e-1ce0-4672-946a-c4df3444259d,L3,Tweet
f7d9ad17-442a-4757-ae93-1170ef1aa4aa,L3,Tweet
8324cf5f-1e01-42eb-a880-72b0840f4a97,L3,Tweet
a1d04f66-ecfa-4a38-85eb-d89f062ca115,L3,Tweet
0dca132d-a659-443c-9b2f-d7f23e1aa106,L3,Tweet
c389f3f8-0da4-42fb-bbfd-323ddc025155,L3,Tweet
29ce7337-df68-4b24-8be2-f5ac844e2743,L3,Tweet
fdea26e1-2cba-46a6-ad5c-e77f34f80715,L3,Tweet
8448a067-2c83-4502-a9bd-a9e21bb84cfc,L3,Tweet
17aae274-6858-4c33-81fa-9a9e679004bf,L3,Tweet
0410096e-1499-44ff-ab5d-24b4f32b293a,L3,Tweet
d60b9f44-226d-4632-9c12-cfa35060ee24,L3,Tweet
13632bfb-6b90-4060-9766-e45c73a7bc1c,L3,Tweet
86646c80-d114-4ac3-9f76-f42b672bf13d,L3,Tweet
074e5779-44ec-4ada-823f-24d2d384cda8,L3,Tweet
1e173a22-fa61-424f-89f4-a2647e946673,L3,Tweet
db8ac992-6110-445e-beaa-09786980cfb6,L3,Tweet
3061ed2f-6f13-47a2-af8e-cb9be201df77,L3,Tweet
eac44115-a24e-4f4f-8924-3cc871fefcb8,L3,Tweet
69ddc4e5-d9e3-4064-b9a4-91ff45cd754f,L3,Tweet
34bae69f-77a9-4949-8859-26ef2f68529c,L3,Tweet
6c366e84-54b5-409d-bb26-331b2b733ac8,L3,Tweet
7629cc0e-6f52-41e0-b20f-f70498da5df8,L3,Tweet
91c282d3-44ac-46ef-827a-185801eceb11,L3,Tweet
23c65b60-51e9-40cd-a702-e8a2cbcd7df0,L3,Tweet
46de2a03-9d0f-46e3-b091-0020bd4d17a0,L3,Tweet
f17adb17-e02d-4d13-86fb-3256b41ea960,L3,Tweet
a47bbf46-fe27-43aa-9f42-e328813b4fe7,L3,Tweet
2dcc2250-f3ce-4fcb-829e-7aedfa263590,L3,Tweet
e43ee826-878b-4d1a-ab27-48b1eeb24c9e,L3,Tweet
c88ea079-1d8c-43c6-97b2-713c14158532,L3,Tweet
c2e2f4d6-8e6e-462e-8642-cc5d4ac97eb7,L3,Tweet
f0ed862d-1b3b-47af-8af7-598e72ed6bcc,L3,Tweet
0c6f00f3-ca2b-47ef-ba9d-2d35cad95be1,L3,Tweet
fe62f8e0-49c5-4519-8a85-a0311f9db127,L3,Tweet
18ea7478-87a3-4856-b8f6-7b362acd764b,L3,Tweet
6e9ba73d-c3fa-4b95-a295-fb79f7f1cd49,L3,Tweet
fb862437-26df-486a-a662-715cae4665f8,L3,Tweet
d123bd8c-181e-4544-9362-6b6de70fa393,L3,Tweet
c65a9f71-ed1d-4a64-bae1-5414db485244,L3,Tweet
47fc6570-c6b6-4d70-bbc8-c533d0b54634,L3,Tweet
4afacd68-e7c5-437e-8227-2c0b4e0990d4,L3,Tweet
04a2e62a-083a-433b-859d-11d3966803e0,L3,Tweet
3fe1a054-6653-45b7-8237-7da41cae18e6,L3,Tweet
fe62dab2-4abd-4e75-b4cc-a4e9655c18bb,L3,Tweet
0a7c5d01-17c3-4a61-bd5a-32d5057f4647,L3,Tweet
bef6a0ac-18c5-45a0-a642-a9cd92dd2911,L3,Tweet
15136220-49af-47c9-82b1-9161eec4d8a9,L3,Tweet
f5192bbc-4615-4762-ab39-b49f9520f862,L3,Tweet
2d7ee120-5ced-4462-8e49-dbad3f22ee5d,L3,Tweet
9db89d31-ab8f-4007-9410-57c16f46f048,L3,Tweet
b6f16b3e-3fca-40dc-a2b1-f3d4f30cc85a,L3,Tweet
b29191b7-c0d0-4523-8fa2-627e9eec6f69,L3,Tweet
0c2662be-89e5-4b86-a97e-d2b303e47f35,L3,Tweet
2719336e-bb84-40dd-9e6e-e9695482bdc2,L3,Tweet
38f1a395-7e14-4aeb-84ae-515843901ea7,L3,Tweet
4e58d983-2e46-43ff-a070-4d94331775b8,L3,Tweet
4b1c64b9-5f5c-4f90-ba24-fe55e67302e9,L3,Tweet
0b5d5a37-b592-48bf-ad3f-f5a5ce8cbdf0,L3,Tweet
ccf42a2c-0797-4be8-9614-6dd993a6597d,L3,Tweet
09dad5d6-5600-41f5-aba7-8573254f7bc6,L3,Tweet
8b04dc28-64c1-4689-a8ac-cad9b9759d42,L3,Tweet
803b5326-1227-43e6-91f6-62ca5f8d64a6,L3,Tweet
9be7f0b7-8f2f-408a-8c94-ca8af59b02a0,L3,Tweet
4ab1db06-435a-4e1f-84e2-452c65a14a28,L3,Tweet
f267b986-308b-4106-ba35-ad9fce2606b4,L3,Tweet
32202b69-0f01-4a41-8f82-820d13c26901,L3,Tweet
d408e1f3-9220-490f-b0a7-ae6dab4fe6b8,L3,Tweet
5960dbad-bf46-475a-b574-e2865ac7a6ec,L3,Tweet
2a874ebb-b9bb-4df1-95a7-3a74dfb98dd5,L3,Tweet
30c8ccd2-7c6e-4c03-a7da-5c5a210e1f8a,L3,Tweet
e378d2e1-c4d6-4421-8fbd-7d33c0a1fc16,L3,Tweet
0b250176-dd79-4ac9-9698-35c9f6fcb7e5,L3,Tweet
1ef65ad9-1b79-4512-98cf-874950428f9e,L3,Tweet
56df2757-e632-4c82-bf60-58b2b9a0b23c,L3,Tweet
265cb0d3-299b-4e36-b08d-a870252e0213,L3,Tweet
7db53680-a2b2-4c5e-80de-4a90f8c4c455,L3,Tweet
bc642384-fc0a-46af-9d0d-5a8483221526,L3,Tweet
d99bc60c-6869-46fe-b6d8-6c7a5fcc9806,L3,Tweet
bc516f0f-546c-4b79-89de-9e3f0fc14b3f,L3,Tweet
3070a482-4657-4747-8945-7d2896d14713,L3,Tweet
59dde743-81b5-4cdf-a85b-59bf0f937268,L3,Tweet
bab57701-610a-4257-86cf-d35fa585c8b2,L3,Tweet
83723b27-6454-4fd5-a87e-b1036bb50370,L3,Tweet
43a26afb-961f-48a4-9c86-52035c3e9e8f,L3,Tweet
26bb34a0-787f-4b59-b277-22b29bc79c06,L3,Tweet
121c93ac-ae22-4346-8e85-3f782d966b80,L3,Tweet
3847aacc-8b1b-49d9-8f73-6a420d2b008b,L3,Tweet
76c7f345-6786-45f9-a565-898d3831738a,L3,Tweet
03ac1fa8-ab09-4b65-a544-b9a712d70dd0,L3,Tweet
421ac96d-355d-4f26-99ce-b022bd6d16ea,L3,Tweet
ed7411d0-313a-4a39-a034-3d2196886cbf,L3,Tweet
f33c392d-9b1e-4929-a477-33c1c84f2cfe,L3,Tweet
e6dcf043-7f5d-4913-a196-e49e09543348,L3,Tweet
87a0986a-34e4-4d85-b419-a0fce01aa772,L3,Tweet
fbfdf9bf-427a-434f-ac05-5f3760cc56a5,L3,Tweet
0c7b825e-d277-4101-8752-d307f2b315ac,L3,Tweet
86a86f79-4631-42d6-8402-da0ed90a0656,L3,Tweet
9b822109-c503-4eb4-8977-8b4cbc908d17,L3,Tweet
fd7fc0ec-caac-455c-92fe-9ba02815969b,L3,Tweet
3c06ab21-4997-4b25-a8b3-09a6ed331b37,L3,Tweet
5ec5d52f-aaf7-4d05-95a2-abac611ddac8,L3,Tweet
e4467581-ff35-4ced-9f71-7ef329a3ac05,L3,Tweet
41607d2e-8006-4369-b1a2-94365b8e9e09,L3,Tweet
194b91b7-d61e-4f68-ad9f-4b3d4eb7b68c,L3,Tweet
9b3a0b16-a75f-459d-9e2c-de9328a35b65,L3,Tweet
2f395212-a890-4033-903e-d12f964806b5,L3,Tweet
1c5fa1d4-4980-4e76-adc5-3edf7c929c3a,L3,Tweet
55c2c97b-cb46-4a97-a14d-fd3e896f22d8,L3,Tweet
b576a7f7-b966-4135-8a82-7a37f529bdc4,L3,Tweet
bcd99725-f4b6-4d71-86c2-10bf53681d57,L3,Tweet
34d1f7d3-0947-4b0e-9471-2e3b21375c77,L3,Tweet
b3c244a2-21f5-4424-9547-6dd234b6c53f,L3,Tweet
f8de1b93-7249-49f7-8741-f39f120aaad1,L3,Tweet
fc59caa5-133f-47b8-bd94-f8c2929d4790,L3,Tweet
a4e6c600-4214-4ddc-8def-62ffc1cd232c,L3,Tweet
acfc13af-e331-4f71-a07a-166ce73983f5,L3,Tweet
9acb4f0c-7b1e-4bdc-bb2a-a511d4bc74d0,L3,Tweet
0bdefd7b-a1f0-448f-a077-0c61ae03ec74,L3,Tweet
fa4469a7-64bf-4255-a239-11bfa05e9756,L3,Tweet
d8055ecd-0162-4a6e-bc92-c7fed80f6264,L3,Tweet
05187e3a-6d9b-47df-9c28-fdcfad693adb,L3,Tweet
e3676a00-5f9d-4ae9-afa9-aef1f5f8b6a8,L3,Tweet
593d220a-1026-4db9-a468-cf3be526b2d3,L3,Tweet
a534818c-915a-48c1-a23d-1bb69312a699,L3,Tweet
7da614cc-062d-4267-9cb0-1bb948ebf590,L3,Tweet
38bfb20f-d55b-4ff7-88a0-e991696890c7,L3,Tweet
1999454c-74cb-46b7-81cc-2df7032cd1fb,L3,Tweet
8907073b-6f71-4ec4-bd1a-79cbc86a10ce,L3,Tweet
4e14c57c-5f22-4b3b-aca1-7257acb1af1f,L3,Tweet
49f39306-0570-4d21-b357-eefeced044f1,L3,Tweet
e79aa591-285e-4bca-a878-9cfa2055b837,L3,Tweet
00cb0efe-2924-471a-9d72-4fe8965c412d,L3,Tweet
135d221f-8e85-47cf-b846-10a70e28f081,L3,Tweet
fe35f700-7e26-49ca-8046-7fe7dc675d8d,L3,Tweet
0a916af2-f309-4fb4-838c-76f4c96486b4,L3,Tweet
0c14552d-5b60-4aa8-8947-f8d90a0018e3,L3,Tweet
c5ca7b68-1823-4980-bed5-784e5691ec6c,L3,Tweet
c0d38ac8-5af8-47e7-bc60-a57c480999c4,L3,Tweet
43174521-9832-49db-867d-30f01cf1cd8c,L3,Tweet
e7dd37c0-8f5b-46d8-8d80-4d65c6a4cbc7,L3,Tweet
528261e2-81ba-4f9e-9511-204546534ffe,L3,Tweet
f0a0b526-c845-49aa-b70c-59296d5298b8,L3,Tweet
f1a56af7-375f-47c4-a456-efa15296b948,L3,Tweet
463d28d6-f09e-49aa-a13a-02242d1bf68c,L3,Tweet
96f93cef-5e64-46d8-acb9-a51c30edf934,L3,Tweet
2ae6a7c0-5b32-4b28-88d4-fe152ada818a,L3,Tweet
035e00c9-8705-4e41-96e2-82de4803abe4,L3,Tweet
38115092-bbbd-4682-9616-d693bce19e0e,L3,Tweet
094ad4eb-75a1-43dd-9ae2-50dd35a7a952,L3,Tweet
2de612bf-57de-4c9a-b457-7f863ac174cd,L3,Tweet
25cac39f-a45d-4483-b4f8-9365d473852f,L3,Tweet
61780496-f3eb-48fd-b717-7e335c256f44,L3,Tweet
06408c6c-b456-4d54-94cc-ad55e84f3496,L3,Tweet
81b1a14d-4bce-4293-b236-6171a5c28cfe,L3,Tweet
4e18581e-64ff-4958-bf90-00f22c756c52,L3,Tweet
7e35c60c-e141-43ce-b4e6-905d87022c9f,L3,Tweet
57ac204f-c176-4f76-88f7-27bfe980fb92,L3,Tweet
d7e938c7-5e53-495f-beed-47718f07c199,L3,Tweet
860b4d2e-7426-4a06-bf58-d3d7df77f9fb,L3,Tweet
a0d82a4e-ab9d-4902-82ea-2985a016ae16,L3,Tweet
a5d6c718-4ca7-44c9-ba42-50bbedd2c9b7,L3,Tweet
d7ba539c-1b05-4315-b283-49e6b3c747d5,L3,Tweet
90a45c54-fcdd-4720-92f1-37fb604b58f8,L3,Tweet
b2dd9c82-9aac-44fd-80c1-8dad8b5de88d,L3,Tweet
71747da9-62f0-49de-8a01-7b9d3104d2b9,L3,Tweet
f2c12f8e-f79d-47b5-bb78-bc775570542a,L3,Tweet
fdf48deb-e319-4c5a-8272-82b68c57c401,L3,Tweet
64936291-69c1-40ea-be67-37bf9aa249c3,L3,Tweet
0c35f6c8-f5be-4146-8063-d445a07d93c3,L3,Tweet
eb181162-da69-4996-b549-de10af4ec628,L3,Tweet
46ae82e9-a1a3-4176-9f6b-720db05a1387,L3,Tweet
9e6c3606-166e-4944-86c4-d4c15d17c360,L3,Tweet
05b15ffb-1298-46fd-aa04-b70c06a1f864,L3,Tweet
0673574d-3d01-48e3-8b36-e64e4676ca48,L3,Tweet
493b4fa8-b07b-4f22-a6ad-b50d36f943d0,L3,Tweet
b0b8594d-9cb3-4186-827a-e3c3a0382a3e,L3,Tweet
61da9eaa-afe3-4363-a097-94aab5b78356,L3,Tweet
3cfa7604-64ac-499d-9d6f-853cb43b336c,L3,Tweet
90128a1f-835e-4e96-ad91-41753db573e5,L3,Tweet
d3d802d1-fd1b-43c2-9cef-687a910e5510,L3,Tweet
f40c8800-5857-45c3-a2c8-212ef8253073,L3,Tweet
8f7274dc-2fdd-4757-a2fa-ee5d269f381e,L3,Tweet
ecc32ce1-1653-4a92-9abc-bec6cc14556e,L3,Tweet
5115eb99-4098-40b7-ad77-5a91c2c9ea6e,L3,Tweet
edddc855-ad12-4676-8f31-2b3be4bdc11f,L3,Tweet
871f1df2-347b-4e76-aeb6-5dd1605e2ace,L3,Tweet
67b6d1ce-2585-42aa-bb0b-5a2e98eb883c,L3,Tweet
2edfc2d7-5a79-442c-876a-96fe3babed03,L3,Tweet
a31ac8e2-c1c4-4a62-87a7-5b56c5579019,L3,Tweet
65717830-1541-44db-a266-43ea43c827e7,L3,Tweet
2359821d-3360-40ae-adb2-d03ca93e52be,L3,Tweet
32b86798-7d45-4517-a076-2f94b6bd7991,L3,Tweet
5a96bb8d-1510-45e2-b963-d3b7ecc9c0dc,L3,Tweet
f23556b5-2ab8-487a-b821-2270c82a3d97,L3,Tweet
efb220f5-19d9-4ff2-803c-7e62fb81e917,L3,Tweet
30f6ffc7-157f-40ff-b4be-33d253b556ba,L3,Tweet
13b79a0b-7624-4f1e-808e-336e0092ed73,L3,Tweet
66d26497-ef92-47dc-8eee-a0be015d0169,L3,Tweet
73cd1f40-31e9-4107-8b2a-f85e61c302e9,L3,Tweet
6da57f4f-b9e6-4970-b08a-d945951760cd,L3,Tweet
b84917cc-0632-4536-8cac-0a0936178e70,L3,Tweet
ded6adc2-6571-43ab-bb6c-fb980064310e,L3,Tweet
7f662490-58b4-4ef6-96a7-295b8dcb79b4,L3,Tweet
b103f65d-35a1-4c76-ad92-6678cfc971f4,L3,Tweet
a59c2abb-1742-4630-bf0c-04a62aa6bf62,L3,Tweet
b275e3cf-1e98-4d5e-bcaf-58fcaa846a65,L3,Tweet
ec15c20b-b213-4162-b4e4-f5adcc75190c,L3,Tweet
0a422e4d-c8f4-4a83-8fe4-e918af6229fb,L3,Tweet
2dfa033f-e214-4b01-8ec3-04e564e345bc,L3,Tweet
358fe7b9-3e87-492e-8dba-bd7e0efe2120,L3,Tweet
6d1869d2-85c4-41c7-a38d-a135eccbd6ce,L3,Tweet
f8534df8-5df1-4897-9194-34b0baabd9c0,L3,Tweet
5f6f726c-e5f6-4105-8238-8c1cdfbcead8,L3,Tweet
b263cf59-e5ef-4c37-a9e8-9bb86cea2b0c,L3,Tweet
73f532a8-1abe-4731-b356-8148cff487c1,L3,Tweet
d8597216-30df-453e-a303-db9bbb758b51,L3,Tweet
7a3e6a8c-c9bf-4f4c-b81e-66ebf0a617ea,L3,Tweet
1fb25b3a-0590-40dc-8e7e-a9bd642c30a0,L3,Tweet
2ed9a9c5-48e7-493b-a862-90710b85e6c1,L3,Tweet
f5f49650-4ce5-4339-80e3-12b895257905,L3,Tweet
54d2561c-6fb5-4b11-8d25-890ea987a0e2,L3,Tweet
57d22bd2-8d0a-44ff-916f-b034108786e2,L3,Tweet
52073a90-e8a7-4aa6-93eb-dc695d6c31f4,L3,Tweet
8eec946b-bbcd-456c-a9cc-09569eab8f68,L3,Tweet
6f4225ea-1f19-48e8-9525-25464db86b38,L3,Tweet
67856e4a-e420-4544-a8a9-e6086159aa10,L3,Tweet
50fc0bf1-1131-4ca0-951c-1c5d92b8816e,L3,Tweet
37e4e6a1-8f10-448e-9d66-7134865719d3,L3,Tweet
dcc9755d-f315-4063-a428-d76af8955ae4,L3,Tweet
5581f805-8bff-4828-abed-a17177e24164,L3,Tweet
6bbb7e5d-5e1e-4b7a-864d-a413d32a2ac3,L3,Tweet
015ccb14-64e8-45c6-ac07-7723b3abe80b,L3,Tweet
ddb8d92d-bd80-4f84-8454-0c9908296e98,L3,Tweet
aa7a9cb2-1181-43b6-808e-d213fc105b68,L3,Tweet
1200cb88-d8e5-4f25-adeb-2feb769d50da,L3,Tweet
4fef3155-f236-4297-84cc-d399536b2751,L3,Tweet
2162e786-f99d-42dc-be87-962f1c9b26ae,L3,Tweet
24a35d61-9994-488d-a049-64a2689c9472,L3,Tweet
3a53923e-066c-4ab0-a2da-16611dc90fa7,L3,Tweet
f13e9358-cf80-4f1d-b6c7-a95af9490865,L3,Tweet
840db4d6-3a4a-47e4-b301-baa0672801d8,L3,Tweet
cbaab41d-7ce1-4c6c-82bb-a030b280be4a,L3,Tweet
95153365-f73d-4978-b34e-200fc977f744,L3,Tweet
2874724b-17a1-4d5a-a79d-baa23a952a40,L3,Tweet
06d242e5-aea3-4a4d-aef3-7dabb89bfe1f,L3,Tweet
49b5ae2e-748c-48c8-b3eb-a0fd7c69d175,L3,Tweet
a09144ed-b22c-4600-b6da-4579efa0046c,L3,Tweet
d54b656f-2141-4120-bd7a-4a49507ec25f,L3,Tweet
c6a17966-d7e6-4983-99ef-2a73d4a371cf,L3,Tweet
a3d3703f-583d-47d2-b25f-4485a197805b,L3,Tweet
f4256b8a-a49d-4565-8fba-25d48ea2ed21,L3,Tweet
ae8137a0-b75e-4d32-a8f0-f22d5332cb8f,L3,Tweet
216c25ea-c824-4d01-a93a-17e5f787f9a2,L3,Tweet
618a07e9-947a-451f-b3da-051391d32327,L3,Tweet
480d4b67-9f10-4f64-b2a8-09450e672100,L3,Tweet
bd8b9409-c137-499b-8dd4-e00146361201,L3,Tweet
de268b8f-7fed-41e2-9ffa-693b5c08eb00,L3,Tweet
cc39c6cc-204d-4d49-be22-158160439b76,L3,Tweet
6f9b4cb9-6825-4fd2-a0bb-7e7a9e74453e,L3,Tweet
ec79680b-23f9-4837-9306-ce892488d042,L3,Tweet
609086f8-abf1-45e4-9667-a6e296755eab,L3,Tweet
cef9d17e-5c36-421d-99a4-70889da1775a,L3,Tweet
6a9a13c8-aa3d-47b1-9335-2858509d54ef,L3,Tweet
a311a98d-f569-4c93-9943-d7adcbe4cde9,L3,Tweet
86fb6ac5-40a0-490d-b4d6-ee23c7ecd4b0,L3,Tweet
b385af6a-d28b-4f27-8e8b-a916aa4b3912,L3,Tweet
22476b82-fb26-4e47-8efe-aac3ee43b6ef,L3,Tweet
f99e773a-6cf7-4387-b9e3-7f7a046e8faf,L3,Tweet
e675e141-7509-471f-acdb-af7919029450,L3,Tweet
5e5574c4-49c5-434a-895d-903c901422b8,L3,Tweet
c76e9b37-935f-441e-8ec9-690cb7307004,L3,Tweet
f6e3a9ad-04b2-4846-8f9c-efe3712031f0,L3,Tweet
2834ae6b-efa7-47f4-a485-bcf66328d5bb,L3,Tweet
c2a1b3be-1068-4893-8a94-d5e760d1bec6,L3,Tweet
21ac530c-8c91-46f4-b09c-74e7ceafb397,L3,Tweet
93c9fc54-8bdf-411e-9610-67a436739a62,L3,Tweet
85f16717-6912-48d4-be9b-bd447b8279d7,L3,Tweet
508742aa-cd03-474b-a874-b9d743339686,L3,Tweet
07e01687-dce0-4ad2-aa57-2836f86e7be2,L3,Tweet
1f385e84-618a-4fd8-a610-308870ee5db1,L3,Tweet
94c85e71-d81e-4aa1-a8fd-8ce92a7f07d5,L3,Tweet
d841473f-4e82-479d-a876-aff4436ce7f1,L3,Tweet
6b6e5f45-be13-4789-aad5-b3b1b7535cc4,L3,Tweet
25f21fd9-229b-4deb-9cfa-484273864402,L3,Tweet
79afdc4d-d360-4142-bc07-b5c5b5f9d53e,L3,Tweet
0f1567c6-b2e8-41e5-afb6-e6383d60c98a,L3,Tweet
0b667cc7-4586-4fba-810e-0cf56b4680db,L3,Tweet
912aa05b-3cae-455b-910e-9e10dcbe8ed0,L3,Tweet
eaf9e854-d3cc-4bf8-9aa6-74c80c26dbd5,L3,Tweet
3886cb5a-2d34-4770-88ca-ad05ff4d2182,L3,Tweet
04079d9f-2cb7-4752-a10f-800d0d160d8f,L3,Tweet
175dc5cc-417e-4695-971a-e67fdbca773d,L3,Tweet
30fcf4c9-85a3-4ab2-adff-632084a42bf7,L3,Tweet
a6639d84-d1fe-4609-96c8-3ed0954b6b2a,L3,Tweet
9ded71d2-58c0-4f1c-8f7b-0002dd89ec11,L3,Tweet
31377524-3487-4165-bb15-03f7bd6b900e,L3,Tweet
3991cb69-a551-428d-ac5a-2f351e08b029,L3,Tweet
b1d9293c-ea1c-4af3-be61-d1bf218f8430,L3,Tweet
745fd0c5-0daf-47e6-a1e1-fb650c039ba3,L3,Tweet
7cbbe289-a97d-44c0-91e2-5644a602b6b7,L3,Tweet
be92761e-a6b3-4aaa-855f-a77df4c2625e,L3,Tweet
58db5dfc-e4aa-408f-943c-59e06b0d513c,L3,Tweet
063bbf01-9af3-4fa9-8b5d-12435211c305,L3,Tweet
7abd08e4-3453-4174-b1c9-50e04c1565f4,L3,Tweet
9fafdcf4-bdd8-4db6-855b-2bf10412b0bb,L3,Tweet
85d4030d-8fe3-4b77-8175-6496fd175930,L3,Tweet
a5e376ae-0781-4563-bd7b-1be57452deb6,L3,Tweet
874c33ec-f0f2-452a-8e64-bb2ae9a93e48,L3,Tweet
ad80da84-a809-47a8-ab70-d68c9e1bb564,L3,Tweet
392442e8-e959-4806-8120-36eb68540a6e,L3,Tweet
576e57c3-877a-452f-af17-f79a1cb532c8,L3,Tweet
fa967946-1a12-45c0-aefc-25b0a6279f38,L3,Tweet
eee9067e-1516-4220-af42-de55e88fa0bf,L3,Tweet
204a00ec-b905-4568-bcf4-d26aa7b77c34,L3,Tweet
16c2b65d-4147-45ee-a5dd-6c90e8fa2186,L3,Tweet
24573367-2c3c-4fc9-a7cb-8b36baa0df26,L3,Tweet
1b4ee786-5c9c-4b9b-9cd9-7923f370f367,L3,Tweet
b2383662-f4cd-4cd2-8565-865a9ee69a7c,L3,Tweet
f1058658-70c3-49c5-9bb6-9b82b05f7927,L3,Tweet
5a15765d-ea48-44f2-b8db-362bb605170b,L3,Tweet
58b4d909-4025-4145-8eb0-e72ea6731948,L3,Tweet
db9cf16b-2072-48c6-bd10-77bcf835d156,L3,Tweet
a162a284-9809-4754-8341-231805b44e33,L3,Tweet
a03502d8-fb0e-482c-9e22-5dbaf5f29a9a,L3,Tweet
204ac908-a990-4d55-9923-9a6d284a0ca2,L3,Tweet
ffb94004-9e79-460b-a7a6-182af1aa4267,L3,Tweet
aa7e6bbb-bead-4ceb-9620-6412c07b76f5,L3,Tweet
dce29781-416e-4996-920e-189d1eb1f035,L3,Tweet
07644907-fe7b-4a83-aac6-81a076001171,L3,Tweet
e33be914-fdd1-4c39-a114-4493091851fb,L3,Tweet
9361d796-6490-40ef-91e4-e7ac790ab85a,L3,Tweet
b491ea29-eeda-4aa4-a932-00060bfa22ca,L3,Tweet
628c8e10-8807-4676-9914-466c56931812,L3,Tweet
6a292c24-dd48-4afd-8e02-0ff2bac7f79b,L3,Tweet
0cdd2136-6061-4996-b03b-03ff367dc5dd,L3,Tweet
4258f11d-2a3d-4d1e-bd10-6545124ca76e,L3,Tweet
5a8ea843-a3c9-45e7-bf96-dc9a7a9d0a7a,L3,Tweet
9c62d7f0-1cc4-4d9e-ac4a-73f31ac1a944,L3,Tweet
3bef0532-d392-4325-a13f-f8157262bae1,L3,Tweet
2462205c-071d-4971-af24-d47e56695a24,L3,Tweet
9ad99555-c18e-4209-8fdf-47e062fa3e42,L3,Tweet
8bc3bdc0-0a5a-491e-ae40-f77b1fea976a,L3,Tweet
a4ff433b-acf7-453e-86de-97aa7567bd3e,L3,Tweet
37ebc6f4-481e-4595-9be9-8499f8473b9e,L3,Tweet
27576ce3-bf02-4287-9bbb-b598616026c0,L3,Tweet
198b0fb3-92d3-45f1-9fdf-5e406e93d96d,L3,Tweet
43115489-0ed2-4596-a3fe-7e65b9ae7828,L3,Tweet
c4984ce1-df7b-465c-bd30-24ca474ae723,L3,Tweet
a14baf2d-20d6-4fbb-b0dc-6890bf49241f,L3,Tweet
eb2cc6f1-1a61-4014-a8b1-f265605e984a,L3,Tweet
6638886a-f888-4638-88a3-9c3b5d6b634d,L3,Tweet
d0480cd7-b08d-4b36-8108-00cd59e70133,L3,Tweet
1493e5fa-740e-4d31-a022-7ef1d2677b52,L3,Tweet
55aa6d97-5a9c-439e-8326-ea843bdaf122,L3,Tweet
3966bd14-ab7a-4cd3-8de2-87d1676db8b2,L3,Tweet
d873b97f-7465-4b8b-b19a-8f5af1287694,L3,Tweet
75995e92-756d-4b8c-b97b-30ee2e707326,L3,Tweet
14168e5a-d9db-48d5-bdd4-8de994f2624e,L3,Tweet
54f09d10-0d1d-4b15-8374-9298fbf30c12,L3,Tweet
704349f6-099e-4342-bcbe-6b4785d9cc79,L3,Tweet
fc4802f5-f1a9-40ab-91cf-ebba9504de00,L3,Tweet
d4cc5edb-0f10-47c7-b3b0-0be7fc25fddc,L3,Tweet
b84b1c3e-49ef-496e-9972-4c80d90d2812,L3,Tweet
a7a3a255-4519-42e9-a0d4-ab6a62852739,L3,Tweet
09347281-f925-4180-b4ce-2e319b313134,L3,Tweet
ad8358d0-b69d-4745-aebb-f03568b0f63a,L3,Tweet
82cfad38-a7d1-4106-9840-7ee32c3a4f8d,L3,Tweet
7c709ff9-6ddd-4068-be06-5da693d3b724,L3,Tweet
c73d5d9f-2846-4c75-89aa-2820f7fe40a8,L3,Tweet
0c6d0608-4f96-4a34-b72d-52d6bb375606,L3,Tweet
15b22423-9621-46fe-b25f-94cf0e177947,L3,Tweet
0fc3659e-b9bc-4ad7-8c2b-6e43e872ab0d,L3,Tweet
b95ba1f9-4803-43dd-9fe3-6a93ea1cb0e7,L3,Tweet
9c29581a-df15-4706-b19c-42aefb88a8f5,L3,Tweet
d721e4a0-1f33-49e8-aaa6-6c36eb5b4eba,L3,Tweet
90eb490e-70c2-406b-ac21-26d36524578e,L3,Tweet
33bb3a7f-1c28-4550-babd-dffcae84e59c,L3,Tweet
802873c0-9caf-4ed6-bdb8-564503a5982e,L3,Tweet
9f27d372-7321-49d0-baa3-b2ee077d06c4,L3,Tweet
01d7b51c-3b1d-4381-bdaa-4128b9fd93ba,L3,Tweet
d889423b-bdcb-4081-947f-bd555e5fe001,L3,Tweet
3b3ff52b-0b1f-4e0c-9894-d3972c84dbdc,L3,Tweet
efb7c7f9-393c-4241-8f30-93268cd00ba3,L3,Tweet
f2fab546-2f42-40c8-ba96-377a28251e2f,L3,Tweet
8993ea2b-8a30-4724-a314-e7843fb73974,L3,Tweet
558cd64a-a9df-4681-8d06-30813498de5a,L3,Tweet
6ea7c233-d51f-4cb6-a2d9-c4b4e9823ec5,L3,Tweet
b68f7a5d-6476-4b00-b5dd-52e8674861ee,L3,Tweet
0f0ce377-681a-48c7-89fa-8dbe64135f7d,L3,Tweet
1e44c5dd-037f-465b-82ce-c67035be18e4,L3,Tweet
b75e14b1-3598-48f0-b3fc-620ab7c048d6,L3,Tweet
00d3c2fc-0ac9-4175-a9ed-89ac2a2d3ef4,L3,Tweet
8155e4e2-86f6-40d6-9e38-f3dfa6dbd3ca,L3,Tweet
7bd148f6-96ea-4eed-a4b6-cc2fb756c188,L3,Tweet
ce9ee688-0929-45ce-bf3c-22c7867d21f4,L3,Tweet
193b5a3f-8cc4-4e95-be8d-d3c858fe12e9,L3,Tweet
7f388b89-7fad-4760-8944-e9f9684c9937,L3,Tweet
24ac69b6-9551-4da4-94ac-ae456c45ef67,L3,Tweet
e1301843-008a-4cfe-a85b-d15f0462ed86,L3,Tweet
bfe903f9-f30e-45f2-b4c5-7b99fbbac29a,L3,Tweet
5d874c05-cc9e-400b-a171-3212590852af,L3,Tweet
dc84f948-5daf-4a74-986a-e9d1cc7cdcd1,L3,Tweet
41537b4a-2db5-4cec-8047-07b8a1429acd,L3,Tweet
2d69b770-9bcb-47e6-897e-2240e471566e,L3,Tweet
2efbbb0b-bec2-41ef-912d-967ce08e64ca,L3,Tweet
f5b48e62-635d-42b9-a64e-c1c62d7472e0,L3,Tweet
72aa2c85-3d8e-48a5-9285-8e33f6fea93d,L3,Tweet
0c51def0-cc00-4c89-84f4-3165055adf8a,L3,Tweet
ae01baf7-a151-4769-8130-bc24afd26e73,L3,Tweet
66677db9-3842-4484-a5b7-282cbea40e53,L3,Tweet
669a06bb-d807-4a1f-aaef-afafb655e144,L3,Tweet
72509e4b-ab02-4686-9002-538e57a71ff9,L3,Tweet
21d53cd2-e61c-4b4a-add2-0c6ed70c9a9d,L3,Tweet
b0b83b7a-09c1-47e3-b4ab-de46c3aaf4a1,L3,Tweet
02937ec6-730e-49b8-8c17-4627ff7e6358,L3,Tweet
1ad463f8-6a8a-42fc-af7e-9c34924394e6,L3,Tweet
338197a8-3370-4283-9f37-73392510991b,L3,Tweet
fa2346dc-5f04-4a81-ae15-467ff78506f7,L3,Tweet
69ae04da-6306-45ee-aa84-94b162f7a96a,L3,Tweet
de027f55-a78b-4d78-af0f-7d59252bed23,L3,Tweet
f64822d5-488d-4101-85d2-f3840aa4a896,L3,Tweet
8d9e63d5-4b10-4ab2-a896-faf615612af4,L3,Tweet
43596c83-ca04-46c6-a916-ff696032182f,L3,Tweet
be4932ae-199d-4f1c-9218-d5d27adb7573,L3,Tweet
4eea922e-deae-4731-af97-79b43b5b293a,L3,Tweet
8e966170-503c-49b4-b866-9a55b8fe999f,L3,Tweet
d8565747-58d1-44fd-8a72-2601b8196a83,L3,Tweet
604003be-26f7-409d-a3f0-763662a81fd9,L3,Tweet
3cc7450c-e1a9-4928-b026-21636c38285f,L3,Tweet
791131a5-bbca-40af-b816-57b1f287650f,L3,Tweet
4eb607b2-462a-4406-b212-aab00eb5e271,L3,Tweet
de6b9b78-4bcd-4d97-809e-b351d61cb234,L3,Tweet
a2140bc6-ec6b-47e3-90e6-d6c4a4c0ca33,L3,Tweet
1ebaa1bc-918f-45c2-b66d-fad76d5b7c58,L3,Tweet
fbe99cf6-f926-4df4-9950-914e49867b84,L3,Tweet
b68df896-751b-418f-8da4-036b1cf18e66,L3,Tweet
60a05853-5672-431b-83cd-e872019a07a9,L3,Tweet
9f580fe3-acdf-4e9b-a93e-c651681292cc,L3,Tweet
82fc7324-3c36-48c7-8040-d4c6a42db625,L3,Tweet
72b48f4f-e29b-430f-aeaa-97a6107a9308,L3,Tweet
bfa36533-8e06-4b37-89ea-d26de4295442,L3,Tweet
3a4dc396-fc23-4e85-922a-bbeef66f9a46,L3,Tweet
6c77de2e-a290-4518-aa8b-5a272d3f1071,L3,Tweet
98f59758-1984-44ca-a61a-182aca2f50e3,L3,Tweet
8ec6e81d-78cb-4986-92fe-3cde4f8cc2d4,L3,Tweet
7f3c109d-5240-46b6-b066-44c6577fbe1b,L3,Tweet
b21d2c6a-318f-4221-84b7-70c611429b9b,L3,Tweet
f159ddb8-bec1-44aa-9939-ed65704d9704,L3,Tweet
ad36d6f4-457f-4eb2-b879-1d8e158be76d,L3,Tweet
3f60097e-cdd0-4e4e-96e7-7ec1e6f29dbf,L3,Tweet
36f15dc9-3883-4924-b760-e7d36baa53a5,L3,Tweet
ceb9425f-375b-4579-9e8a-6c2c3f731e67,L3,Tweet
0adb7026-e84f-449b-95a0-15055dad111c,L3,Tweet
b3296dfd-ec7b-407c-978a-2ac9eb884a1e,L3,Tweet
a1ce9807-03c8-4317-9043-f170d4dad875,L3,Tweet
0b0439ba-13fd-4706-96ed-a6d9672ad9be,L3,Tweet
1fd9d752-5d5e-4331-94a0-48d700b94a45,L3,Tweet
3f917bcc-526d-46c2-bb9b-12e1217ac515,L3,Tweet
1b51fbaa-0f1e-4560-b6b2-0138a98eba5f,L3,Tweet
fbe60e26-358c-4217-b1c9-7ddb446265b5,L3,Tweet
ed442610-0238-478f-a080-7727a7c77430,L3,Tweet
0b7cc1f4-e5a4-476f-9d9b-e567ea1dcfb1,L3,Tweet
70a8bba1-876e-4ee3-9b0f-5a982ddbc6c9,L3,Tweet
c4b0dc67-ba7c-49d6-958b-0df9153ef781,L3,Tweet
adcb6508-1785-48c6-99f2-4d2d6bff5edd,L3,Tweet
1b87b6c1-c1f8-4638-8c24-18d59aef2acc,L3,Tweet
f418f463-b9ef-41af-9bb1-f53be91014f1,L3,Tweet
cd3139be-d7e8-4f77-8557-d6c00e0df5da,L3,Tweet
0cdfb8cc-098c-496c-9885-3064db9c5402,L3,Tweet
fab6835c-5b5c-40c1-9b37-ac11c259b73e,L3,Tweet
5a35d933-d472-4bc0-8124-7601cba722d2,L3,Tweet
540e0913-7915-48a0-9435-bce11911eb8b,L3,Tweet
a707dbfd-e84b-45a1-9040-a1c87499cf73,L3,Tweet
1cb06dce-1bcc-43ad-a814-a31153da5d37,L3,Tweet
55e13f22-3f88-470b-a6c8-0b52a2c50f65,L3,Tweet
afb85f65-3095-42af-a52c-940b59230337,L3,Tweet
4da1b8c4-1ee5-4487-83db-26fe5bf0722f,L3,Tweet
ea320fdd-0a44-4494-8407-3ebb597fa460,L3,Tweet
dc77d4bc-6222-4fda-92dc-0a0ba14659ec,L3,Tweet
205e83f1-eecc-4849-9aa9-23803e9fa771,L3,Tweet
d50ec76d-40ed-4e4c-9ffc-0ee1728cd878,L3,Tweet
395ea4eb-e939-4e6c-b534-47a8b2d565df,L3,Tweet
81e1b8ca-edc5-4fbc-b5a2-d21ff1a8741c,L3,Tweet
30a20715-f000-4939-9b3b-a44f1fbfda3f,L3,Tweet
3c2262ce-efc0-4f7b-8553-57dc23c90eb8,L3,Tweet
0b14d5da-f39f-4591-974a-36f57a54dde0,L3,Tweet
fd7b715c-f105-472b-8a3e-88ff573c5ce3,L3,Tweet
1a8de3c3-ff66-4c16-90ba-71acc2ef3544,L3,Tweet
5504eb4f-857a-4390-986f-e046eeeb2aec,L3,Tweet
90932481-ee6e-4375-bc75-00e7dd687358,L3,Tweet
88f6fe79-7d7c-4096-9525-18c09bd39564,L3,Tweet
1c9be64b-5bb1-451d-bbd8-929ad5973a4a,L3,Tweet
f6f68b22-6d03-4de3-96e8-f6f35c4ca761,L3,Tweet
05eb9c2f-3082-4161-bc36-ed849cbfb52a,L3,Tweet
edd310d0-9e1b-4d50-b72f-ef000f1ae1c3,L3,Tweet
52b4e462-b8ce-4111-b518-ce3690bd22cf,L3,Tweet
d54c206f-3988-40df-8413-194fce598115,L3,Tweet
bebf8e2b-5ab5-4fdc-9ac8-072d8eefe9bd,L3,Tweet
9ef98d01-471f-4e82-9bc5-6b8317150d72,L3,Tweet
f104c4ff-af54-42ec-8a01-569f276af97c,L3,Tweet
0d49ea15-1195-464a-891b-66a0c1406143,L3,Tweet
9c493372-0d78-4a3a-8be8-bb46e8f7d6e5,L3,Tweet
5b8a7784-3117-4ffd-aa1c-45cfc9a8640f,L3,Tweet
9b2b206a-c9a0-4d1f-8aee-a8cc54d5efb2,L3,Tweet
1f57be04-5461-4a7f-8d14-03ad19717ffb,L3,Tweet
bb5fa823-5bb0-4a25-8752-940d1e96aa36,L3,Tweet
7c6744ad-f53f-41ef-99ad-d3b75394adad,L3,Tweet
f8152e38-aefc-4a7a-8b77-8c52d235cc14,L3,Tweet
8d4c0dda-ea26-486e-88aa-dcc32e4dba92,L3,Tweet
3d577786-4c81-4f87-8a5a-6564ded48c0c,L3,Tweet
50b56d6b-b376-454c-ac3c-4c7e5b1106ee,L3,Tweet
512289d1-38ff-43e0-891d-1ea378b4f632,L3,Tweet
de0c8b25-07c7-40e4-a66b-0c8211f756f7,L3,Tweet
48edf9cd-4ccc-43e7-8644-b0f8b2eb4dfe,L3,Tweet
7de84499-7df5-40d8-bac0-08d56efc7d09,L3,Tweet
c7bd86da-71c0-41b5-a348-9d328b887dc7,L3,Tweet
1be8c990-223e-4ed8-89db-388068a6bd41,L3,Tweet
e0f3fad3-805e-4f1b-8dfb-7d7f5e812741,L3,Tweet
3879701d-561c-48eb-88e4-71f9d6218052,L3,Tweet
c5c67b7e-ccad-4204-bf24-2d669244bdfe,L3,Tweet
6e5fcf96-f861-419e-8992-0e8b9ba2ac82,L3,Tweet
360a44d8-86b2-409d-ac66-ff7187a59d6b,L3,Tweet
34476535-1ef7-4e43-ad11-35382d92ff86,L3,Tweet
4fc90ece-a039-4e3e-bf66-bfb165142802,L3,Tweet
5b6f6f13-7623-4f6e-b369-f2d2d3ec3ad6,L3,Tweet
9675c347-e5e7-446d-8a24-7505dadb900a,L3,Tweet
1897e02a-e924-4470-854b-8c4b81c512b1,L3,Tweet
26bebb13-6b7b-4033-b096-7f71fdd6c92e,L3,Tweet
b9259401-7c90-4dc3-9227-59eaf1857dc9,L3,Tweet
a22b0539-465c-45ea-9233-32dcdd30f078,L3,Tweet
0dea2bfe-08d1-44b6-bc6e-6da03f9960c5,L3,Tweet
c80de994-d5be-4f56-abb2-be7d409c7ef2,L3,Tweet
214c04c2-87ce-492d-8160-3a820d2f03c4,L3,Tweet
1d42bb7a-1176-42f6-b72d-a695162be2f4,L3,Tweet
cda16caa-546a-4ebe-9319-be552d859b1e,L3,Tweet
f92d647e-155f-4f71-8edf-7295e82bf2d3,L3,Tweet
8e73e74b-f111-4c07-84c2-bde0ed734c30,L3,Tweet
21282788-4ab3-41d6-a809-045f78f0ba0d,L3,Tweet
0173da76-5fcd-438e-996f-fe6606d22ab9,L3,Tweet
b5fcdaf8-4006-4d44-8c03-b76c3d7fc9f9,L3,Tweet
f28fea74-1da7-4009-bbb2-e8dde0dab55f,L3,Tweet
83ff4051-dd61-4220-bc95-d2b1282cb020,L3,Tweet
46b65e80-2209-49f7-a7ab-bec09221331e,L3,Tweet
85edaecd-eb0c-4cca-93b0-a0d8f311e408,L3,Tweet
2d307e75-6e38-4f5a-a57c-4683f287ef6b,L3,Tweet
33ba0ca4-45d5-4339-869b-aef35719a471,L3,Tweet
021b46e2-d0de-42de-a51b-6f822e771a0a,L3,Tweet
0e67d229-0d24-49d8-a2d8-99c3b8c4e1e6,L3,Tweet
91b622a9-0c37-41c1-bbc8-e959e9767677,L3,Tweet
0de0b6a5-87b0-493d-9d1c-367a7667d09d,L3,Tweet
109e163c-a3b2-454b-a5c0-338f7667c023,L3,Tweet
51c0c293-6463-4c7b-a00c-3e928135c45f,L3,Tweet
6e980331-a6af-46c4-ac15-13bc489b5f94,L3,Tweet
0ebec863-4385-4e8a-baf1-54660685b2bd,L3,Tweet
52864b38-15d0-447f-8789-99e32a0b6069,L3,Tweet
511d9c70-c052-4b82-9a9d-d61eaa721ec4,L3,Tweet
595af6db-f108-4c94-adc7-7df650455260,L3,Tweet
3423119b-168d-4870-ae4b-de0c2ddd1e8b,L3,Tweet
f75d304d-6191-4263-acf6-6fc9786d39bc,L3,Tweet
00a15f0d-bef3-4e3c-afa4-93694e8d41f9,L3,Tweet
c817f296-ed22-43c6-b86d-96e48081cc76,L3,Tweet
cc17ae28-19fe-4721-884c-95a8b4fa6dc5,L3,Tweet
fb31d6b7-2859-4436-96da-4cb4173ea0b9,L3,Tweet
15eb2c9a-cdac-4813-a423-0e925a8d9b82,L3,Tweet
b1643143-09ec-4deb-9a9d-f969b2a1cc75,L3,Tweet
257e1f8a-3274-499d-bb69-5312bdaeae9f,L3,Tweet
78c36d8e-085e-4a32-b3ad-80a42411ea60,L3,Tweet
40a2b8b7-5300-4209-8a1c-a61cda1ee51c,L3,Tweet
5a302792-1922-4381-893b-e2ff42923097,L3,Tweet
19a1637b-369f-4928-a4af-f46d04e88362,L3,Tweet
3dc2101b-adcb-479b-b9ac-138c8bbdfe17,L3,Tweet
909078e0-3364-479d-a542-b7307b84f7d7,L3,Tweet
684a5f0b-8b84-4cee-a8de-36cd0d9cb0c6,L3,Tweet
99800d01-b3da-443f-aa3d-fd1777128771,L3,Tweet
7ba79879-df88-4c49-a81b-3f2947f1727f,L3,Tweet
f597b3aa-ec66-4861-b510-8df57249164d,L3,Tweet
5b255ed2-6730-4302-96f2-bed81d0dc2c8,L3,Tweet
bcf31a70-b83a-4726-80c0-62fc509dce34,L3,Tweet
6f35a12c-f0ea-4dbb-a3af-9d6fcff1f232,L3,Tweet
eab92797-1bea-48d7-a0b6-4b7cd5e12589,L3,Tweet
b8d4906f-ceb4-4fbc-9168-716eaeb507ac,L3,Tweet
aab48d4a-a51f-430d-8a33-6b501dea286b,L3,Tweet
5a05f62e-2af2-4ddd-afaf-d504e850836d,L3,Tweet
12010725-0bb4-4665-9795-a6861c9ee827,L3,Tweet
7aaf9bc4-dd9d-4935-88f1-fe200c653ef6,L3,Tweet
56769092-3d6a-4e23-82c1-a134cd7df496,L3,Tweet
37eb6d42-314d-4afc-bf33-b2aa300268a4,L3,Tweet
557f3ed8-4d57-4f22-9678-3577d1003c2a,L3,Tweet
97088fad-ef3a-4eb6-9417-7458c605052b,L3,Tweet
d391a87f-198b-4dc8-b239-e118a5987007,L3,Tweet
0ba2ecf7-9b7f-41ea-a202-015077f49b1b,L3,Tweet
147826d2-2318-4240-b5b8-20d41313e411,L3,Tweet
e73c1959-b633-49e3-af29-6b68a5dc3219,L3,Tweet
14c1f03a-ccd9-4a61-8cbf-73380a90766f,L3,Tweet
6f69ea9e-0076-4a61-8347-b0fb4484346a,L3,Tweet
c69c1657-6bde-4318-9904-8301fb9af1a3,L3,Tweet
a35f3f10-ca9a-466f-bb51-8d3e2c17ebb8,L3,Tweet
3a42e2a4-5dc8-4f4a-8770-4578447fa06d,L3,Tweet
4fbcb27b-1d3c-4249-85e6-be992f9237a6,L3,Tweet
8b5b11f9-d031-4e1d-b6cc-9c9fd46c1efd,L3,Tweet
95e7490d-77cf-4d0b-9019-45e7aa77ddbb,L3,Tweet
16591843-f33f-45fc-af71-168c356394ff,L3,Tweet
28094a9c-a59b-460b-80c3-8159be5e1324,L3,Tweet
a85498d6-59bd-45cd-b881-f39e11c387f6,L3,Tweet
c48c5334-9ab4-4e9f-83de-b6d01c990251,L3,Tweet
ff47f233-f0cc-4645-ab64-9f220cf27aca,L3,Tweet
00a62115-8eea-44cf-8f55-23e9fbf900d8,L3,Tweet
c9a01101-a888-44f2-8ebb-fa9bb238fc7f,L3,Tweet
a7f44856-ac75-4342-bbc1-3a8f934cae6e,L3,Tweet
08ba0710-5db9-4fc0-a75b-03ef88b1fde7,L3,Tweet
aa14d8ce-d9a0-465f-9b19-465b1cef03e4,L3,Tweet
a17f80f7-5303-4627-97cd-489a38aa05f7,L3,Tweet
5e47b3f9-2248-43d9-9caf-faab3c8eb45d,L3,Tweet
120635ff-d7bf-4abe-a6bc-9eeca092200f,L3,Tweet
6c549d2c-a24f-4bee-915e-babedbb191ab,L3,Tweet
6c6fee38-5488-4496-9505-8dfdbb991103,L3,Tweet
8a2a6990-f4fb-4546-ba12-869aedb20802,L3,Tweet
c2a52c6d-6313-437b-9c0c-8e687eef067b,L3,Tweet
c7d99b81-df8a-46fe-bd9a-fe1d28f40388,L3,Tweet
3fde794c-ac68-451c-9d52-4991555aecb0,L3,Tweet
575a7780-e4f5-417c-a849-c8ee8df66dee,L3,Tweet
b34e5e1e-c87e-4ce3-a0a4-897cec4a67e7,L3,Tweet
454619ce-4936-4f0d-947a-faf9537fdb20,L3,Tweet
2349af58-7ee3-40e5-b777-b9ef8c4fa450,L3,Tweet
1c925dc8-2503-4f5a-8741-43cdd1c42cdc,L3,Tweet
77da6644-6cfe-4851-a4a9-9df7b81046e5,L3,Tweet
1191ddc7-209d-4138-a0c2-ffa78f5150cc,L3,Tweet
2471d9ab-9f68-4f48-a91a-3435d849b5f8,L3,Tweet
1dc8552e-489c-41a7-b088-26643ba550c9,L3,Tweet
b6deb498-b9d4-479d-bdb4-08244ea9b67f,L3,Tweet
ca711c19-6b41-4fb1-9c1e-9d09e4af2292,L3,Tweet
0949df54-1402-4b9c-be87-a14a442d5b56,L3,Tweet
92f47384-1c00-4b0b-ae89-25c71f22b2b7,L3,Tweet
82b2bb1f-6a65-4099-adda-e758feb99b96,L3,Tweet
2691bd75-a34f-4c56-9738-a5eb5adb47b0,L3,Tweet
a46aaddb-3518-4f0e-8956-d672dc64e857,L3,Tweet
bb4a1781-d51b-42ba-8ccc-bcd294714a71,L3,Tweet
c65aa846-781a-47eb-ba59-cbc201fd4403,L3,Tweet
5b4289dd-faae-4337-bb27-77b8a2203ad5,L3,Tweet
21573804-7a44-42cd-834d-61dcc9b3bf1c,L3,Tweet
7fad68c5-29b8-4d4a-a55c-ad3d189e9760,L3,Tweet
29af10fa-b164-451f-8a4d-def39f179251,L3,Tweet
d37971a2-cf7a-4569-8c93-f85076f86354,L3,Tweet
22506ae2-09cc-4d17-82ea-e9da0fc49b67,L3,Tweet
257088af-dbd4-45be-8f30-e8a5dd1fb31a,L3,Tweet
0fac4923-948e-4b8a-a2a3-229a37fa164e,L3,Tweet
546a9229-143d-4a67-ae61-9eaea1728432,L3,Tweet
ead35efe-a0bc-420f-bb79-4fa69dcf70d8,L3,Tweet
8c07b485-efa7-46c6-8bf1-16a3f392872d,L3,Tweet
14d9b426-9a1d-4fab-8e94-8813701e425f,L3,Tweet
0fb2d1d7-0e4b-481b-a717-b6d4ad0fd6ba,L3,Tweet
26ff9467-78ae-43ea-98ac-daa2778f47c8,L3,Tweet
5fbd878f-ab33-4163-b97c-66f7f7e1d592,L3,Tweet
c867f4eb-1e5b-4b8c-bb4b-f92c9ac68e12,L3,Tweet
5a6f17d6-1ceb-4db1-a530-16bceb8c791d,L3,Tweet
ab1bc4bb-ad42-4a08-b7ab-74bc39807a24,L3,Tweet
c25cf73e-1567-4be7-b81c-f4ac146fcce1,L3,Tweet
79a8b6d4-0770-4dc7-9d1e-485dd4d257b9,L3,Tweet
63252eef-741d-4fe9-85bf-9ac9bd17edf5,L3,Tweet
ae9b9f82-1d02-4b7a-972a-0d68cb00ff11,L3,Tweet
427bd75a-42c9-4882-9f08-2c505d0bfb18,L3,Tweet
8937792b-0cd3-4a91-9b39-0d409c9495cd,L3,Tweet
f94a5969-6073-4709-a2e4-35347478ca6e,L3,Tweet
95b799a6-8049-4a4c-8f31-d672362ba661,L3,Tweet
7edc277b-f7ff-457d-88dd-d2920737e0d5,L3,Tweet
1ab4881d-2a20-48b8-835c-759b714c2948,L3,Tweet
5e92fec3-77b3-43b6-a45e-3a18572c0e0b,L3,Tweet
256039a3-5ccf-47dd-8b43-4af3c83da77d,L3,Tweet
de311628-f60a-4194-b2a0-8a741f4f6932,L3,Tweet
bbd1ba34-76b1-4534-b398-c79e82dab1ee,L3,Tweet
de33f780-bf8a-4712-8da3-67aeea616bb4,L3,Tweet
bd1d8b2a-b6d9-42da-accd-dd4c5657a01e,L3,Tweet
f27b512a-f288-424c-acdb-79632e8dad84,L3,Tweet
9e5f517a-40ec-4356-ba7b-08aeb0908fe3,L3,Tweet
c7183747-dea5-4ceb-a83f-9f0895b17b33,L3,Tweet
08bd8623-ace4-4b92-b99c-774163796792,L3,Tweet
39618256-5a10-40e8-80ab-13ebcfc0d2f5,L3,Tweet
5b7f210b-2094-469d-b204-f26b64b67558,L3,Tweet
3313e02b-e650-45f0-8c68-aac10dcfca73,L3,Tweet
b23c53de-d4d9-4b13-95fe-46af7eaba8bd,L3,Tweet
7d049faf-e205-4c0b-9861-082612fc27ce,L3,Tweet
dd6aa2d2-f4a1-4393-9101-c3a6fde3edf5,L3,Tweet
64321b0c-e88d-4770-8bad-a9a61fd9fed7,L3,Tweet
5e7efa17-6d2a-43f0-9e19-fc6e3dde6ed6,L3,Tweet
73c7efd4-1beb-48c4-86c3-44e7d62692bd,L3,Tweet
03fd73ff-bb97-4a76-87aa-428891c1d1d6,L3,Tweet
e64d68ba-847e-4536-8514-52903403c35b,L3,Tweet
eb8218c1-8874-471d-ad1e-8038a4a7fd5b,L3,Tweet
6cb10592-2260-4da5-b1b5-ba263dc73a08,L3,Tweet
4d36c20f-f7c0-4cea-94c7-fdcf52d79955,L3,Tweet
53415724-386f-4fa7-a32f-41adbec8e891,L3,Tweet
3300b6a9-76ce-41df-aed4-da0f696824a5,L3,Tweet
7eff6ace-d844-4b1f-9861-bb1643a78260,L3,Tweet
b702ef81-2c09-45c6-b395-1c5da0822f6b,L3,Tweet
578aed85-7a0b-4947-b7ba-134d7f724836,L3,Tweet
d47b69ad-3864-4229-9785-4f4ce6968788,L3,Tweet
8515885b-d2d6-4c00-bba3-2dcceff9de8a,L3,Tweet
e86bbf04-10c8-4869-879e-9fcf4b7b5526,L3,Tweet
db8b604a-fa51-4b3b-affd-acd93e98742f,L3,Tweet
27e66b67-3b3f-4061-8f4d-e683ff86a776,L3,Tweet
1fdb754f-b815-41c7-b4f9-0524bbcc63e9,L3,Tweet
28fbe359-1014-43a2-95f7-e18b92b4f0d5,L3,Tweet
b0b46582-7ebd-40d3-abba-0a7497991a67,L3,Tweet
da20f69a-0179-4225-b576-39cab8606dff,L3,Tweet
d521d139-c7ab-42a4-8e5f-66c63569912a,L3,Tweet
e48df868-2ba0-430b-a4d8-57c4a4096787,L3,Tweet
4ad8a4bd-dc41-4652-9907-815dd2b5e02b,L3,Tweet
e5201c0c-d625-4f1c-ac3c-af86e34964a7,L3,Tweet
29e42564-b13a-48fa-abf8-b6b07a1f33dd,L3,Tweet
da5dbf17-2424-4506-a775-8fb400ba0ae6,L3,Tweet
49ed4f4d-d196-4ead-89d4-e3b72539e3bc,L3,Tweet
e15e25f3-b293-4fd7-8a63-cd50c6ff03c5,L3,Tweet
e1ec9cac-07ca-4dee-9e34-da5e863a4c25,L3,Tweet
cc8ce234-9e70-4418-b58b-18e8b675720e,L3,Tweet
8619ad16-079a-4e36-b439-91c23a8e7d99,L3,Tweet
36c130ef-b25b-4002-b351-300bdb4754b4,L3,Tweet
e44c9fae-55d8-4c79-809b-5898c9944be2,L3,Tweet
f442a93d-c9ae-4200-8335-d715113ab64a,L3,Tweet
ad1fc938-3eb6-4890-9bc0-e6f500c73d57,L3,Tweet
e175a7dc-d50a-4780-b5e7-e51495f0fbd2,L3,Tweet
85991dfc-63f5-4bc0-ac3d-f58d4853bfb7,L3,Tweet
e3b51916-e99b-4715-a378-c995f6abfcef,L3,Tweet
7f1a23ff-e18f-425f-a9cf-008c10437efc,L3,Tweet
8ee318cd-5d6e-4767-8df0-5723531a06ba,L3,Tweet
8055fec2-3e62-4bca-bd4b-237f2017659a,L3,Tweet
2895d3de-e719-4e2f-b286-8740c8136754,L3,Tweet
0b709942-59c2-42ad-8135-8c8fb4d299d6,L3,Tweet
33e2321d-4af4-4ce1-be6e-2aa57cc1f55e,L3,Tweet
e9096c23-4bbd-4eec-8ce0-4b5a941f48a1,L3,Tweet
b0ac0c23-b690-44d1-b159-bac831ab1d6b,L3,Tweet
38fa9082-8e43-41b1-a67a-c9636373db4d,L3,Tweet
3b34bc06-58ac-4f15-929c-3fd763e1a06b,L3,Tweet
d0e53ab4-a80a-4f4b-82ae-df751e9410b1,L3,Tweet
fa94aafc-4e0c-4cd6-92df-8bdd9d80e784,L3,Tweet
a2e0f170-c5d7-46c8-9815-f0e60c905e17,L3,Tweet
a0277d35-c4d8-469e-834c-53dc6c5732bf,L3,Tweet
e0cb9eaa-4b31-4fc7-92e3-5d55b13a7d8e,L3,Tweet
e2be861b-1c36-40d9-8333-242652cec555,L3,Tweet
c9d5de8b-1c4a-48e1-aa42-46f5bc28c822,L3,Tweet
87d8add5-9d10-4f2e-b1dd-73108e584d45,L3,Tweet
aa9332cc-6475-45af-a2dc-fed51299e7b7,L3,Tweet
c325ce4e-9154-4a6f-8833-8b13471c5b0c,L3,Tweet
8af3c463-2cdc-47a0-9360-c3c3a0691a12,L3,Tweet
554951f6-cd57-4b6c-9e09-1b47dbe4d8ef,L3,Tweet
0acfdf26-7108-4464-bb80-b9a8ba7658f4,L3,Tweet
f28419b0-195b-4069-a419-af7b06024fe7,L3,Tweet
7f200091-58b7-4ccf-b07d-3bb9cae9c04e,L3,Tweet
e044fd73-858f-4674-b940-dbd245251919,L3,Tweet
a690a246-d395-4a14-96e0-11c3b7767bac,L3,Tweet
9e4f229c-f238-45ea-99f8-9dedf2940ec6,L3,Tweet
b66cf8f7-8afe-4d00-9201-8c16ac33c948,L3,Tweet
b035b1a8-0fbf-47b7-916e-3b6032bb438d,L3,Tweet
214b091a-015e-4cb0-b16b-c03017fc85a0,L3,Tweet
9fc7a7e9-5345-4c09-8a1d-a63845997505,L3,Tweet
9598f1c8-5926-4411-a58a-168ef5270f8d,L3,Tweet
74cf5963-de93-48d1-9ce8-311486630fde,L3,Tweet
dbbae602-f040-4583-a5c2-7d47d785d57b,L3,Tweet
02276e55-ddeb-4cfa-89e8-3ef19fc83d82,L3,Tweet
904ae158-3ce1-4a07-a24a-bbc63ca58acc,L3,Tweet
ebedaa9f-c173-4c3c-b382-369031515d6f,L3,Tweet
18aa968a-9e0a-4818-a8a0-cc202373b1f9,L3,Tweet
41d193b6-e927-4257-af6c-448b5e9070e0,L3,Tweet
6131d37b-cd10-4726-a5a3-1893755f995b,L3,Tweet
18eb41a4-131a-48e8-ac10-b597f50e03bc,L3,Tweet
46b465b6-d492-469a-978c-ebd666471149,L3,Tweet
bdb78240-b69b-4e27-aa37-09b8ed9b972f,L3,Tweet
78970bfa-df96-4d81-bac8-74f860e62aea,L3,Tweet
17e66c17-a262-4a21-9447-2a075a23ff03,L3,Tweet
717d20fb-5933-4c94-85cc-deddd09055cd,L3,Tweet
d5f3cff9-00e2-41fc-8888-8ff42fe14e55,L3,Tweet
3d78ad8c-b955-49d7-b82c-d6290b69fad3,L3,Tweet
805d1fa6-9f92-4cb0-a569-3f835eb4c6a1,L3,Tweet
2d0341c2-f3fa-41ee-9ad2-6fd875600397,L3,Tweet
54954a18-da85-4b7e-8b63-cad99489cd61,L3,Tweet
34acc6fe-1cde-4c1c-af0f-9e6d7a142d82,L3,Tweet
669e19ec-5366-4f40-8feb-b4192de1689c,L3,Tweet
d5c909cc-13d2-415b-809f-e1122b53b51b,L3,Tweet
41c2f9d1-961c-441c-ab31-e6099b22cc71,L3,Tweet
9ed19ae5-a7a3-4f54-91b1-dd43900fd4d1,L3,Tweet
360789e4-0e24-4b43-aca4-f2a808c30ccc,L3,Tweet
c8fde9a0-912b-4684-8678-bb59f388662a,L3,Tweet
d25fbe50-40a6-4701-b421-0b773045b2a2,L3,Tweet
f4994cd0-ce19-409c-ae15-faa84f42e0c1,L3,Tweet
6372a02c-1128-4aff-952d-cb4a1e47f09f,L3,Tweet
6befa31e-1fc9-466b-9a01-0ff03225005a,L3,Tweet
069f0cf3-b713-4153-81ff-39651c959ffe,L3,Tweet
31185f61-f506-45fb-8580-67953a2b53cb,L3,Tweet
a2417432-a4b6-406f-a13c-efbc13c3fcdb,L3,Tweet
d7a2178b-b076-4bad-925d-7e4cf63caa3f,L3,Tweet
5b464e53-84fa-4d8a-b7c4-efdcc3089079,L3,Tweet
a96ad18a-827a-42d3-b114-8fccdc657c31,L3,Tweet
d3241abe-9201-4653-8551-15015fbaea41,L3,Tweet
f2709e4c-e353-4573-bd9a-c1fd9ce37dee,L3,Tweet
297b222c-01b3-4172-aeb5-a05f9f5e6d6e,L3,Tweet
8391863d-f8f8-4249-9582-51afd79e2dfa,L3,Tweet
8ef759f9-dcae-417b-be66-4ffde03c4c9d,L3,Tweet
e5bed7fa-528a-4be3-821e-e93bbc91b1a4,L3,Tweet
57dcce9f-49f9-4743-8db6-9ca45f455fc2,L3,Tweet
9286172b-4d22-4e2d-a85f-c7ed2a226b23,L3,Tweet
19d4d826-e1d2-4456-adf2-09fbe9c04481,L3,Tweet
bec515a9-ffe4-49bb-a2bb-fa9baf2f4341,L3,Tweet
baad189f-46c5-49bb-bcf3-cea84dd6f3df,L3,Tweet
d2e2c932-5663-4009-aaa9-94146eb21d5c,L3,Tweet
48f986b7-da6c-4ca4-84ea-653ff9ad9f47,L3,Tweet
c418304b-a0fd-4ef0-ab53-3e8b9a7cc16b,L3,Tweet
b0fca2a2-da16-4b55-ba36-fb2e6bd13a54,L3,Tweet
5e6bffe9-f96c-4995-8d99-837c4ce0b6c1,L3,Tweet
000770d6-55c5-4195-823b-2b1cef2bc4d1,L3,Tweet
89aa7daf-cbe4-48eb-91aa-05ae13d4bfd4,L3,Tweet
50ae12c2-4a04-46e1-b831-0c69750fbfe6,L3,Tweet
9b245619-1b37-4b70-83cf-1226a6912b3f,L3,Tweet
4de73c27-267c-4afd-b462-6ffd16bce738,L3,Tweet
3afe3137-0b8e-4e12-8be9-051f5f0f639c,L3,Tweet
aef138af-5217-4bce-bc25-b5f70012dec1,L3,Tweet
e00a9e9d-40ec-4578-8df9-6810cae68505,L3,Tweet
6153873b-b2cb-4c28-83f7-7f99a795459d,L3,Tweet
3337ec48-3b67-4001-ad08-2fd52d8669b8,L3,Tweet
85027736-3106-406a-81bd-46738a86773f,L3,Tweet
b1f48702-121f-4c41-9a0f-c65800e3a7c8,L3,Tweet
99fa96d2-43ec-4292-bc5f-22ddc00387f2,L3,Tweet
2ba0cefa-2491-402e-89d9-317154f283c6,L3,Tweet
c94f1c01-8f90-44f1-8e14-ec02d93ae943,L3,Tweet
51e2f0d9-a89b-4e8c-a8fa-ac8c3f3c9705,L3,Tweet
393ac711-92d3-4bc6-823f-94a0bdb2c7e5,L3,Tweet
40c30239-bb7a-4bb0-bc89-d154fe65043f,L3,Tweet
8c83a41b-0a8c-4b2b-b6f0-b28daca551c1,L3,Tweet
7c4af374-ce15-478d-a8b7-1afc550fa99b,L3,Tweet
21e411d0-09fc-4989-afcc-0057f1686f2f,L3,Tweet
39181cd2-88d2-43ad-8c8f-fe20f4574c10,L3,Tweet
73fbdb24-cbdc-4095-a3c4-70e7cf7f531a,L3,Tweet
a9533938-0fc8-4d45-8c75-408b91160a26,L3,Tweet
89b18420-8c31-4aee-bec9-504b0b61ea1b,L3,Tweet
2828fe6a-46fe-43be-98d4-edbc2d3beda7,L3,Tweet
03d55f2d-3e49-42b1-82fc-c45758bdf09c,L3,Tweet
83a0707d-152b-4c07-a7ed-a0fe2c411835,L3,Tweet
f4575a50-7351-4c84-aad9-495622512a42,L3,Tweet
97002e38-2a54-45f5-bd9c-8b5b9c1a36e9,L3,Tweet
c637e1b9-d3ae-4ef9-99df-8f2734ff3293,L3,Tweet
3cbc9960-dfb2-4fc0-aa1d-9fe649546d63,L3,Tweet
ff2dd8e1-4e8b-465f-aab9-b2c3ab858b02,L3,Tweet
95ae77b5-bb4f-449c-a2fd-7b6d64f2257c,L3,Tweet
8031dcc0-d47a-46cf-9d86-474eca899553,L3,Tweet
f4c655c1-a680-44d5-a34f-e8ae6ea09609,L3,Tweet
66382036-9a0f-4119-90c1-af81bdcb6c19,L3,Tweet
79d113cb-b34d-4022-8e46-0b5e15e18a37,L3,Tweet
9e89be3a-6d35-428e-8152-38a0dc4f74b8,L3,Tweet
d6531c2b-d7f2-4039-a188-f4d396d2dc0a,L3,Tweet
67d15662-4e4c-4b7f-b3cf-398917e6c2e1,L3,Tweet
cf7158a4-1011-4f66-ad82-bf6089f10ea4,L3,Tweet
2df229a0-2d58-4bde-9167-2efe058c7277,L3,Tweet
ff229ff7-5747-4e33-8c40-962d488e4a47,L3,Tweet
4ff8fc0d-d66a-401b-8566-253fe6b370bc,L3,Tweet
72843bf3-3c31-44c4-ba60-6e4624bb9e74,L3,Tweet
767b8e09-4d8f-4f2d-b2bd-6f717ccf298f,L3,Tweet
b154a3bb-c9c7-424f-838d-d9e1f07f6b93,L3,Tweet
dcb0502c-8ad7-495d-bf6a-1bc8edea5a80,L3,Tweet
6eabfbc4-02ae-4e14-a8a5-01e7b518cf59,L3,Tweet
209bf69f-edc7-4f92-9203-6598ffd446d6,L3,Tweet
efb44109-a502-4d48-98e6-b9a999a58a9e,L3,Tweet
1a91c1eb-cfd6-480d-82cf-1612a433a4b7,L3,Tweet
1b33139b-466b-4900-b6ff-f60eb2e02411,L3,Tweet
d4659db7-e96a-416b-839a-a52f800a4d2c,L3,Tweet
89612d05-ce33-44dc-969d-9052802d99bd,L3,Tweet
c54182c9-8500-4b88-88bc-44b39accbfc5,L3,Tweet
9d074878-f3c5-4faf-8ecb-f626b26afc14,L3,Tweet
fa1bc623-7b97-4bed-a71b-16a253d86575,L3,Tweet
3f29c61a-9612-4d1f-a5a9-70c33ad629e9,L3,Tweet
a3c71a9c-aa18-4d38-9779-bafb651abf25,L3,Tweet
18fb6e56-2b04-405d-89af-e5bdc5088e97,L3,Tweet
2b7cbb12-eb9d-4a6d-8f58-ade3a3e27798,L3,Tweet
76da947e-0143-41fe-b9b5-b43fc489524c,L3,Tweet
729b4fe0-b960-4fa3-92dc-25a739d0e908,L3,Tweet
9699a16a-3d04-4019-875b-ffd27b140fef,L3,Tweet
71c2bc78-1088-4c8d-8426-f3ecdbdfbf39,L3,Tweet
11569934-4a2b-4546-a8af-b77697740d75,L3,Tweet
797558bb-a9f4-4e5e-bc71-093704b986a1,L3,Tweet
134aeb14-28e1-4b91-b846-3a21f2f03e52,L3,Tweet
d1a737ef-61e9-4fa9-b66b-5b2085b28ddf,L3,Tweet
51306ff4-97f1-4c38-b199-a5f69342eae4,L3,Tweet
76f30e78-f3ca-4df6-9ce7-1405d712c14b,L3,Tweet
6fd2d2bc-4379-47d8-b656-9a763da0b0dc,L3,Tweet
3aa0dab7-131f-43cc-b275-640ebf553e7d,L3,Tweet
116fa764-42b1-4b16-99f2-a4a9982e0c87,L3,Tweet
9584b803-307a-4092-9874-e712eb276160,L3,Tweet
5c0f603e-ae69-43e5-97ee-5abbd781115f,L3,Tweet
e043ffe4-51df-4ad8-af41-fe450f1a55bf,L3,Tweet
22b38ff7-da7f-4068-be5e-071d8cb2a4a8,L3,Tweet
673071b3-e388-43b8-a8a7-8a0b92508cbc,L3,Tweet
6d1c5d27-bcfa-4a93-a102-0ad84f47966d,L3,Tweet
8aa4edac-e982-4864-af5e-d880aaf9bf11,L3,Tweet
75831d7a-3298-4027-8a05-02dc101a16ba,L3,Tweet
fa02ced3-e154-489d-91f3-83998d7ac13c,L3,Tweet
cd9bec6c-1651-4975-ac9d-d0ff374b46a9,L3,Tweet
f634380c-0e73-4eb1-a3c1-091b10576ea8,L3,Tweet
f7a97567-1ae2-4540-a9d5-93b40969582a,L3,Tweet
db2294ee-ea3e-4abc-a883-f7ec52cf399f,L3,Tweet
0e354480-3638-4eb8-962a-6412b0b8e36b,L3,Tweet
8aaa8c86-9fb5-4b87-af5c-4ee7b9a63627,L3,Tweet
80694c41-b092-4d86-9bad-e2fc808ed2dc,L3,Tweet
826ae2aa-7573-4f0b-b9a6-7200bd63bb22,L3,Tweet
36d8424b-6b3e-4284-94af-b2766c5dcac0,L3,Tweet
58dcff3a-7c17-4862-a77e-5097174a016c,L3,Tweet
1cbd1306-0fd5-4e2a-b4b2-68d69a3bf28d,L3,Tweet
27d5991e-3acf-4342-9f46-8120244ff902,L3,Tweet
e83f9827-47af-4910-b2c2-c8ec70e05abd,L3,Tweet
49fcae56-1107-4071-8001-accfc532af42,L3,Tweet
46b2edda-c946-4ddc-92a1-ea9be71a2350,L3,Tweet
4c1fd4d7-5319-4907-b3a9-fa3d0d3beba5,L3,Tweet
ab70e17d-966c-4a29-b351-87ceb4ee0061,L3,Tweet
0874b988-6fa6-48c7-9318-2a8e6b12a128,L3,Tweet
6b8a7ff2-0075-47fd-9d16-b62076b5d3a1,L3,Tweet
a7827847-2c7b-4a6b-af8c-ef571e367103,L3,Tweet
b984811b-7efe-404e-a374-f4b4abf6fbe2,L3,Tweet
4948f0ef-37c7-4f0c-8014-3b1609e2b11f,L3,Tweet
231e5c7e-3035-4f91-a05f-b8aaf8b76350,L3,Tweet
bd135789-7722-460c-819b-6a34e199e7b8,L3,Tweet
4f71271b-0b0f-4b65-995c-3c0f07ad074d,L3,Tweet
b217c48e-23d6-4cbb-9553-4adef81a5027,L3,Tweet
9da496d7-e6f6-4365-8b08-b2284c8a2bc5,L3,Tweet
61f87971-3596-4766-9ebc-3fe096eac922,L3,Tweet
915c368a-1d03-4c89-81d4-d428fa0dadc3,L3,Tweet
fc04dfc2-2e77-4128-9b26-7fc331e0dde4,L3,Tweet
6fa626cc-4427-4d7e-843f-81614fddf0eb,L3,Tweet
57d56c2b-f395-4e3a-8349-c2bde06fb6d8,L3,Tweet
0bd8cb8f-4544-485c-bbf4-c2315a3965f9,L3,Tweet
7e95682e-46b8-47ec-81a2-6f727b3c2898,L3,Tweet
34053160-40a3-4dd4-bab2-41c197dd1f64,L3,Tweet
a06fa142-1113-47cf-b5b8-5c5eeaaf8faa,L3,Tweet
fbf711ae-5ac5-4c2e-bab9-77032e9bcfe9,L3,Tweet
9ff063c1-69b7-4e92-8074-bf65ca552180,L3,Tweet
75879509-2c85-4b83-908f-c578093ff8cc,L3,Tweet
efd37a5b-72f0-4b0c-8d34-bbd6833a9662,L3,Tweet
8056fe49-f389-4edc-b963-817cb2f7d4d1,L3,Tweet
0a96b8a6-3b59-4807-9399-3c23c508b9d5,L3,Tweet
ebc7d266-f971-4458-b667-85e3b8a84861,L3,Tweet
d572e0ed-0f89-4b93-8e70-c8f7fecdce41,L3,Tweet
feb1bf71-91bd-49cd-b7b1-63f439853635,L3,Tweet
c5f77c85-4ac7-4cc3-967d-0305029bec64,L3,Tweet
66793c6a-ce1e-4dd1-87df-26c9b2392c18,L3,Tweet
c3022ef6-36c7-4d12-acbc-5248e5b5337e,L3,Tweet
1f71332b-bea4-4ba6-b90d-e1884196f901,L3,Tweet
53616264-635a-460e-b14b-d2afdd995ae2,L3,Tweet
65f65f52-1c88-446d-a010-9b15f497b7b3,L3,Tweet
76e225c7-fa78-4be1-b1c0-f2e867439435,L3,Tweet
b051ed45-4ce1-4cae-94be-1e8197889645,L3,Tweet
68b4e721-d2a9-4cab-8425-6b45764cb958,L3,Tweet
7a4e40e2-b3cd-4a04-b0fe-0ed87210be14,L3,Tweet
91c180c7-6fed-4e6e-90ab-bf5f40aaa9fb,L3,Tweet
628d4c05-dadb-45c2-866e-e7e73d9e3bcf,L3,Tweet
b6ded511-bb49-49fb-9c06-6aee79bb8799,L3,Tweet
0e66cb49-d920-41c1-8914-ceac0a48ae0b,L3,Tweet
aa7b3664-95c1-46ce-bf31-631966023d40,L3,Tweet
8746280c-2ee2-4b5e-809e-bef3aae0d856,L3,Tweet
82eb7f1c-6740-4db4-912e-4685ca6ffb27,L3,Tweet
9279b62c-ac2b-44ce-a61f-e6c151cba7f0,L3,Tweet
cc7217f4-3cff-4fd4-a28c-d298a883c353,L3,Tweet
705dd973-2db4-4015-90b8-3826aab8c01f,L3,Tweet
760aa829-cc0f-448b-899c-07edc7288c90,L3,Tweet
c4852144-2f3f-4429-93fa-0b4dfc64f868,L3,Tweet
ef38863b-1929-49de-b398-26fc1d7bdb5f,L3,Tweet
425a7669-f497-4ad7-be43-1b9d47a8c476,L3,Tweet
cde3a63b-bf38-47eb-a905-7fe5d9a2f1d6,L3,Tweet
81928a92-a0b8-48cd-87b5-0eb9977bd047,L3,Tweet
49be7fef-e419-44c6-a8e0-9d75bb837025,L3,Tweet
ce1e19c1-1236-41b3-9cc5-2862efe0d10b,L3,Tweet
410c64d8-2e2b-443e-8244-ae4b4cedd566,L3,Tweet
8f11ee3a-f78c-4436-a2c5-ece3d3f7466b,L3,Tweet
47828841-c7d0-4b53-90d4-d8a8914e6c9c,L3,Tweet
e236a397-c7c1-4e50-9c30-fc4fd2bb9c4b,L3,Tweet
b4daf940-d3d0-4c7b-82b7-1bad7e24f13c,L3,Tweet
32cac0e3-01a6-45aa-be51-c7548e0b8cc7,L3,Tweet
636a58c8-2e99-4701-90d1-c35fdb520d40,L3,Tweet
0a1c4186-30e4-44cf-aed8-e32c41e51f92,L3,Tweet
ca22fd70-26ed-4f59-979a-e6e17cc26e28,L3,Tweet
c170b2ed-dd15-45f2-a08f-a2a42c97a94d,L3,Tweet
c196d3df-ebe9-4357-aaa3-800f68b3cae6,L3,Tweet
e3e43dc1-b7ba-4c25-863c-62595096f077,L3,Tweet
bb33b8e9-080d-4d58-afb1-3c18712a9373,L3,Tweet
825298c1-2213-4de4-9d7c-2ce40616d7db,L3,Tweet
d758a7f5-4813-4e36-8002-41984832598a,L3,Tweet
08727d18-5f65-4a86-8584-a61dd435e89a,L3,Tweet
79c9e156-a7aa-4d4c-b970-2ab55f424111,L3,Tweet
6be5478a-d36e-4a0d-bf45-a69b40d22aa1,L3,Tweet
544ad996-5311-4a84-a5e2-6934dc42a604,L3,Tweet
d13d69c6-080f-4bc3-b905-ffcac7017709,L3,Tweet
64769267-335b-48de-861a-c9ba2d2e7f21,L3,Tweet
0f4964f3-b779-4ffa-98b5-477199f498f6,L3,Tweet
3cfdf6a8-ee60-4596-ac94-42f1f1047b34,L3,Tweet
afbc3b84-0ec7-486e-a59e-10cc3423c353,L3,Tweet
7d181a06-b510-4ca1-b25d-76af4c29d2a3,L3,Tweet
10621957-50c1-4227-ae02-6480f47b22ae,L3,Tweet
43c99ab0-d9f6-469d-8399-836ea71e423c,L3,Tweet
f14849e0-29cf-4d53-890f-b53ed257c3b6,L3,Tweet
cd0a8562-f78e-45d4-a1d8-5d91dbd16db9,L3,Tweet
c59b20dc-5150-40fe-89cc-7b2a8a0fa0dc,L3,Tweet
481d4341-d651-40af-847f-4777fa2e3cf4,L3,Tweet
f60aa708-b0bf-4ddc-b702-1ce0953042f3,L3,Tweet
f3752ece-e8b7-404f-9ff5-0a43dc593052,L3,Tweet
7e6d833c-c66e-4434-8ba5-235b92aa9175,L3,Tweet
e8768ce2-b424-4841-a419-4b2ea5e9377e,L3,Tweet
d953bc7e-d672-4df2-ada0-d91b285f601d,L3,Tweet
76fb6a72-fc63-4518-9b57-0009b2701fb1,L3,Tweet
bb8f342c-5cb0-4e8b-87eb-4bcf43c91b63,L3,Tweet
1fd80864-4c05-4329-983c-f6e96d1dc86d,L3,Tweet
6049986e-851a-4f11-95c0-949e4f0d83be,L3,Tweet
429a121f-f8ab-45ce-b541-ddfe3bd6993d,L3,Tweet
9b635b10-7719-4c0a-9fbd-ad5888a1a7ff,L3,Tweet
e468c42d-9490-49f7-9e73-ea9bee4d79d9,L3,Tweet
659f8e24-26d6-4d59-a89c-5d7d4836ce81,L3,Tweet
2e544964-ec17-48e7-95f4-109a6028f6e4,L3,Tweet
9c1aeef1-b3d5-4c00-b317-77ec8e178dec,L3,Tweet
fb07e6b9-5e1a-4dab-aef8-287fc239a291,L3,Tweet
063925fc-74fd-448e-a933-7aa23d181b92,L3,Tweet
9bab6f1f-5f03-4b09-9b0f-e1b86ea52c88,L3,Tweet
f1a89b2e-9977-480a-a53c-fd0150649565,L3,Tweet
4426a458-ba4a-4e18-aa0b-829639a437e4,L3,Tweet
189cab61-9e7e-4985-9d62-d90bbd096467,L3,Tweet
bffba772-96f1-4e52-b6e7-927ae0856e4f,L3,Tweet
6668beae-c0e1-4fb5-8f79-8bd09cbf66c1,L3,Tweet
0fc9fdab-5ac7-4e7f-8e25-14ac65e4756c,L3,Tweet
fc898ef5-29b3-4c85-8584-0854fdfe74d9,L3,Tweet
483841bf-1024-4e41-ab21-c0dd519f64cb,L3,Tweet
c3239536-fcba-49f2-b0b6-263cb04ba884,L3,Tweet
132f4d63-7758-4d9f-93c0-875756320d34,L3,Tweet
054f9aef-a9be-436e-9410-d1441ca5fd5a,L3,Tweet
3e2a925c-5aea-4f54-99fa-826f13fde27d,L3,Tweet
01270d8c-a9e8-4257-bf09-4b3d16d53cfc,L3,Tweet
e35e3e34-ab10-4d18-a02d-eb0eeb09f5fc,L3,Tweet
81e381af-1e9a-469d-aee7-dabe7a799333,L3,Tweet
a2e5b541-9007-411a-873f-b46ab5a5990d,L3,Tweet
da1fb2a4-127b-43a9-ae71-6106c6853cbb,L3,Tweet
afbb89bc-d481-4b27-a666-2fd0ed8584e0,L3,Tweet
aede8ac0-6978-4970-ba88-ec148c876a62,L3,Tweet
190cab5c-df4f-4abd-9492-7df0a91fa779,L3,Tweet
d74d3556-d998-4741-ab6d-fe5447f0b1ab,L3,Tweet
f9cac204-a745-4c81-b4ae-0bf39394be75,L3,Tweet
71b59539-924c-4b3e-b552-da9b26cb6a54,L3,Tweet
0535ccb4-9740-4f64-955b-4d02113f3b68,L3,Tweet
ea1d66e7-dfd3-4cc2-bef2-4304903d3843,L3,Tweet
01cedd95-ee71-4c6b-a173-3b797c79b7ab,L3,Tweet
f7959159-b819-4951-b8b8-1c389b264137,L3,Tweet
1c78beb2-5d79-4b65-8415-da6c3069484c,L3,Tweet
241d4e59-b4ac-4fba-a470-396bbd1155e2,L3,Tweet
a7e752c1-dde6-4a93-9363-06c08e885ed4,L3,Tweet
77408fae-7363-4fad-90b4-dae98f679157,L3,Tweet
c2f643dc-6905-4c6a-8a4f-c161843592ac,L3,Tweet
bb19d425-74df-4d9f-8f19-02300fa07cd0,L3,Tweet
493f1e9b-bc8e-499b-8969-d4edcb97ed3a,L3,Tweet
9a190903-c0a2-4f9a-ab4b-2e391531bcce,L3,Tweet
759c9bd7-c72b-4de2-bb2c-7d9017bbdf01,L3,Tweet
a0fefd96-ae7c-44cc-aad7-cace5c09b2ac,L3,Tweet
701e8e13-d0b0-45a3-b6df-16e914546ca6,L3,Tweet
ba54f8e7-8f13-48a4-a695-0c8216b2193c,L3,Tweet
381d31d1-dd11-4eb1-ab5a-d5de53a364ec,L3,Tweet
191d3174-2b67-46c1-bfec-1fec03ab73dd,L3,Tweet
27631bd9-6f66-4083-a362-f4cdf9d17edc,L3,Tweet
11396be3-7237-4087-a600-86b598501e0c,L3,Tweet
7f50752e-4a28-469f-9361-475662092f33,L3,Tweet
d296243e-75b6-41ed-996f-f11fa3f702c1,L3,Tweet
d85145c2-3973-4863-a247-f4081c9b1e25,L3,Tweet
d0208423-e3f4-4d1a-847f-bc0f8cd234ea,L3,Tweet
b5a8b011-bbc1-4ab8-854c-7be86d86b015,L3,Tweet
30fe797c-2370-4278-9916-8279738b4436,L3,Tweet
e40102c5-ed4c-4baf-b90d-e438865c598c,L3,Tweet
e0b21310-e17c-45cc-bfab-a4d61d03dcdc,L3,Tweet
3b49dccb-6578-4061-8264-031aa7cde3bb,L3,Tweet
735b9ba0-9cef-422d-aa10-2e1865c0028d,L3,Tweet
847e1279-473e-4cfd-b99b-6665d9d6d14d,L3,Tweet
3a886894-fbdf-40a5-a24d-fd3ffb42fa6a,L3,Tweet
5efe24c4-7a64-45ea-a2f7-69d74d4cca17,L3,Tweet
b7c1d703-f826-489d-a66f-7c7bf29d4032,L3,Tweet
033a9305-21df-4ea3-a0f3-edfa3b6c20f6,L3,Tweet
3027c10d-0dcd-4c41-aaa0-6cf1519adaf1,L3,Tweet
a89b5f28-8b1c-4ef0-9783-d8cc9fa7066e,L3,Tweet
dcab8982-0145-43e8-b688-ea3cbab5917e,L3,Tweet
4ea93778-e832-4598-b468-1e73125f2a9b,L3,Tweet
05efcc00-3d7a-46cb-8331-35802fbce49c,L3,Tweet
d2d14b0f-3436-4632-a726-de77d6100a1d,L3,Tweet
4c21caf2-0257-492a-a5e6-f241eb3312e9,L3,Tweet
3063d676-0fca-4485-8504-456e2fb0bc44,L3,Tweet
1806e09a-a2a9-447c-be24-bd795935d608,L3,Tweet
6b372282-e95b-4cdf-a51e-7b11ed01a157,L3,Tweet
3ec9b038-85cf-42dd-8c25-66d9d161c9d7,L3,Tweet
2b4c56be-3bf1-4f70-b2c8-30ea3874c04b,L3,Tweet
e61a8f64-5709-49c0-be94-9cbe496e9c13,L3,Tweet
8080b15a-f4cd-4a02-add9-28ba695304a1,L3,Tweet
0afa5aac-76eb-4fa9-8639-82db431b1fc5,L3,Tweet
2f14180c-7074-4fdc-8690-af5e3ff46a0a,L3,Tweet
5aa86322-1cb2-475c-ba66-1d93bacb2c55,L3,Tweet
c0b22b97-c9bb-4d42-9ddc-360a2d8d9f1f,L3,Tweet
1e28a2b1-20fb-45d1-9ba3-1c0268577957,L3,Tweet
f306c0c5-2057-4a7f-a93c-aaecdbacbc36,L3,Tweet
8374df38-eab7-42dd-b101-4ce3bdba4b94,L3,Tweet
9db831c8-315b-43d1-ad31-ee34b1e4a768,L3,Tweet
78e09cd3-9e65-46ad-bfdd-bb16494cf338,L3,Tweet
c04b9cd5-c94c-4804-9f1f-e090f72b1653,L3,Tweet
c2e0151e-51a9-4058-9d65-1900427ac29a,L3,Tweet
979bd970-aeca-49d4-b774-1a29d79a0923,L3,Tweet
a8056d17-9e97-4655-a904-329289c6fa62,L3,Tweet
6bd9451f-e1ce-4a9c-a13d-9dbcbee46662,L3,Tweet
54d4c121-f4b0-4213-b814-ceef5f348546,L3,Tweet
b77fe552-e337-4246-9a34-543625460591,L3,Tweet
cc8981eb-3dc0-4e0a-a88d-0d0c3b29d54d,L3,Tweet
947e32d7-1017-4204-b9ec-fe4d28aca30d,L3,Tweet
0692a31e-4584-4dbe-9f16-122d7d2fe2d7,L3,Tweet
cceb1ad1-1026-4c89-9a40-d98d454db0d5,L3,Tweet
26994dd5-2d44-4c08-a56b-782114587b31,L3,Tweet
46fe69ef-b31d-4972-b661-419d038168b7,L3,Tweet
476f6ca2-c1ff-4d0a-9024-c50a36c22f88,L3,Tweet
f1928e93-9cad-41b5-a186-b1b74ed07dbe,L3,Tweet
253f0443-674f-4133-b008-5b309ec7afa8,L3,Tweet
06c8154b-064f-4b67-919c-d3bb1a63d609,L3,Tweet
b95bd262-04b9-4cdf-88ae-068092fa86ff,L3,Tweet
55b53d83-d7f9-43f5-a5e9-663346353b51,L3,Tweet
553f8ed0-20e6-4a37-a2ab-e3530258a91e,L3,Tweet
0169d5a1-cea7-416d-b083-dd964b29cd14,L3,Tweet
bfdbbc65-af9e-4daa-aa48-bdf0d1825411,L3,Tweet
d4d99143-1b25-44cf-8d66-6fac60470526,L3,Tweet
f4aabdf2-a893-4c53-a901-ac5951e1b502,L3,Tweet
54a19f9d-1fee-427a-a22b-9afdaa7bd230,L3,Tweet
e856c53c-1bfa-4572-a0d0-89db71c7ad1d,L3,Tweet
30aae2b5-c4ba-4382-89f2-411b8561a18d,L3,Tweet
004e4614-64c2-4584-90b5-5ad7ebfb7f9e,L3,Tweet
7f9a0c6c-590a-40b8-8c4d-f28cd452924b,L3,Tweet
8686f744-2c50-4707-940d-911309174a19,L3,Tweet
b6c39bcd-1149-42b6-8514-e3918b691c44,L3,Tweet
64b14471-8c58-4f44-bc46-f3d464cc8d4c,L3,Tweet
12bb727b-85f0-4fbe-804e-cf6900de6d8f,L3,Tweet
218c1b35-3d93-4e94-b055-6a6e24b30efd,L3,Tweet
7b8e703c-d6e1-47b6-9d47-f5d39c05478f,L3,Tweet
b9a29a7f-6583-4b01-b2a0-7ce9d6b586b4,L3,Tweet
23928a3d-8f33-4ce5-bc70-df89dd76f3d1,L3,Tweet
34f171ce-d5ba-4e3c-9b72-e99f2b969170,L3,Tweet
065a0f4f-38bb-4186-af67-f5ada6c94cc8,L3,Tweet
4bc21887-4942-49c1-9cbb-d915f1d756bd,L3,Tweet
fcb82752-d310-4f81-b4c6-2e7ca17c6ef6,L3,Tweet
349782d8-fca5-440d-806f-1ac81e64a099,L3,Tweet
be641e77-cc8b-4d76-bce2-eb0436c9a244,L3,Tweet
339b0dda-a137-4c99-9517-9f66babaa07f,L3,Tweet
f024b281-5757-4c2a-a5cf-6ed5d4efcb91,L3,Tweet
ac29fd1c-6372-4703-a3a1-b964c9763f6d,L3,Tweet
bb231501-2911-48d7-bcf3-f8b3c3907c90,L3,Tweet
a487e2ca-30c6-4af8-9f2b-be8091da4594,L3,Tweet
3dc2be93-c36e-48b2-bb47-2bf27929dfd7,L3,Tweet
8370d7f3-3a0d-453f-b3db-0b3b9dc34e86,L3,Tweet
8d811e5e-a291-4ee3-8b53-0f7768f298c1,L3,Tweet
0b1317a6-fd6a-42a1-bf3c-94e7ae91a820,L3,Tweet
c5e07055-a36c-4fe8-bd68-ed6c9d0577ad,L3,Tweet
408e370b-4ac5-4e12-a4d4-f71bfde25816,L3,Tweet
ee0f9719-9d4e-47e7-a70c-327214c94440,L3,Tweet
f114c199-250d-4c37-8f4b-d8fd6f6d3877,L3,Tweet
40d115c9-0c88-4421-84b7-b2593e1ae61c,L3,Tweet
63f7a44d-2049-40b3-98fa-66471d14df94,L3,Tweet
751d20de-e4f7-4c89-b877-ded8d25e4a3b,L3,Tweet
ca85f126-1936-45b2-b583-6405671e5394,L3,Tweet
141bbd7c-795c-4c3f-aac2-8d5cb4d5f052,L3,Tweet
6e143b22-8151-4f56-9459-0c7c8fff99bc,L3,Tweet
eb60481b-d465-4ac6-95db-cb7057efc308,L3,Tweet
8bbb5cbb-a646-4afa-b586-cc87b0fd2842,L3,Tweet
d2ad6da7-7426-4741-8422-d56b2130584a,L3,Tweet
a757435e-afd4-486c-b7d4-0a3ce27f88a9,L3,Tweet
97900383-a914-4b7d-980c-74d8fba0b091,L3,Tweet
61fe3ada-619a-4b1c-8196-d8b77444a24e,L3,Tweet
80284134-d315-4d49-9325-55a4eb6aab3c,L3,Tweet
60961035-4717-43a5-a6b5-35331d31e1a7,L3,Tweet
0ab13cbe-6c24-497a-8756-47624a12ba87,L3,Tweet
d0c9c72c-e121-4745-b260-e3166074e15e,L3,Tweet
c47af250-339f-40c3-8471-7c055ab9aa72,L3,Tweet
1b4fca82-6b4e-4e84-bda1-f1945a4c02ed,L3,Tweet
2b35e84d-9ae2-4e0f-b2e4-84f3b484068c,L3,Tweet
8cf0ad98-0a09-4988-b4e2-d45ed0decbbd,L3,Tweet
6feca17a-2f1f-4947-9ac9-88ffee51123e,L3,Tweet
23a097da-d5b0-431f-9849-7f1e1add6e7b,L3,Tweet
d3e2abe5-9c16-4025-8224-921742e2a7f0,L3,Tweet
91e582af-1114-4331-9e30-6a84be60491b,L3,Tweet
0adb2dbc-4a50-4170-81ab-cca4f330a342,L3,Tweet
11f45551-123b-423f-9759-73a75ec6d070,L3,Tweet
d06cce3f-f61e-4621-9db6-eeb5065ea927,L3,Tweet
b639babc-e597-457a-a5e2-96a49a7ee01e,L3,Tweet
3551c7ba-a15a-4653-bc8f-1c5b272c184a,L3,Tweet
e825f2c2-ea1b-4780-a8e8-5f8c436d2f5a,L3,Tweet
6949cde5-40c7-436e-a666-da2af868f060,L3,Tweet
68c9f3d1-9cc3-4385-881e-29faefa4387a,L3,Tweet
34aed6e9-7e3b-45e0-bf43-13a8f485c81c,L3,Tweet
f27ea033-7a2e-4e5f-a43b-c80794dad0f6,L3,Tweet
c1e7b069-8787-4068-88fa-391b1f8c881a,L3,Tweet
d6ceffda-eb36-44aa-b175-b0ca5a49b76c,L3,Tweet
ada3d5ea-8ec5-4d71-921a-ced61f4803db,L3,Tweet
bf25e5f5-ef60-4d7d-9b65-532afcbcad47,L3,Tweet
9e02b718-af2e-4e32-92d0-104ece1ea990,L3,Tweet
c32970d1-9fac-452f-8e19-89778e493f94,L3,Tweet
0ebfe245-5a5b-431a-a57b-f42ae3bfd03b,L3,Tweet
5150abc3-bc15-4d01-90b3-ef8980d34e59,L3,Tweet
9032000c-5936-4714-a95b-35df8df88740,L3,Tweet
05f012a4-b6f3-4fd7-8647-11062e5c5b5b,L3,Tweet
23ec9b05-8693-4c26-adc2-3a51e4bf651a,L3,Tweet
ab71a7a5-fa1c-4c66-baa5-7dc9562f8e44,L3,Tweet
6cb00768-5274-4e50-8707-0848b8ceed51,L3,Tweet
707dffd9-cb32-475a-9728-e90140f198cd,L3,Tweet
4a1176e2-51ac-45f5-aefc-a01b3b847dc1,L3,Tweet
e46e3d6e-f63f-4d9f-af81-2fe9cb364ea2,L3,Tweet
e01febcb-7cc2-481c-adf4-c0e5de36ce30,L3,Tweet
fe710928-d35d-4176-941d-d55c8800517e,L3,Tweet
a393e9fe-aeee-4f73-82da-36b498799e3e,L3,Tweet
8ab48d31-9ac0-409b-9dcd-551ceccf395c,L3,Tweet
b1f61f52-2bc5-4ed6-bfdf-81103dcf8b79,L3,Tweet
3a8f5b31-7cb1-418f-8dc1-10e66c33db7f,L3,Tweet
93c66eec-a756-42c5-b095-9bdbb21b88f1,L3,Tweet
8c51101e-8f5f-4128-993c-4f13873e7d03,L3,Tweet
0a943711-9641-4618-aab7-22d4c74042bf,L3,Tweet
ad2621da-433a-4936-8072-a77d296c31bf,L3,Tweet
4f195c29-647f-4acc-bdff-0340edf1ea1a,L3,Tweet
a6bebef6-d2e7-44f8-beee-fa558d400929,L3,Tweet
d23fb70d-838b-4c27-991b-57e366a52a10,L3,Tweet
6be5f38c-d6ca-4f33-b957-be1a97c50f43,L3,Tweet
3bb4e57e-65fb-4afb-bcb5-ac2774b8407a,L3,Tweet
91215fc7-4c5a-4c4b-b11f-dba7e20e020a,L3,Tweet
562de633-fa0c-4ddf-bce4-8f8d0436a800,L3,Tweet
cddd7733-b953-4dcb-b271-f726e1d5414e,L3,Tweet
aef847f9-c946-4f7c-83d4-ecde27182f43,L3,Tweet
7e9cdb9e-52e1-414c-93cd-e11aac3aec0f,L3,Tweet
2af4f4a1-f9a9-4b84-92c0-bd0cbe832b7a,L3,Tweet
ebeeebac-6b8c-4148-b11b-f4bb3ff3221a,L3,Tweet
bab7612c-3a81-4f8a-ae3e-00bbdda90372,L3,Tweet
551bc71e-8d26-4e63-ab6d-b9acad129095,L3,Tweet
b920da83-093f-49ff-badb-a845006998fa,L3,Tweet
3fcbbc4d-2bf3-4b43-a001-059090537c65,L3,Tweet
5597ecc4-0f7d-4e6f-a907-ae96f54ffe2c,L3,Tweet
ec215ec7-fc31-4628-af9a-91db80a2a58e,L3,Tweet
8d040a04-becc-4c5f-a7c4-19ba0f3b1ae2,L3,Tweet
058ebe20-9f8c-4ae1-9abb-8e084a0c3136,L3,Tweet
c5f9b498-6d33-46e8-ba4c-5feb02b5dff2,L3,Tweet
93c592cd-c129-4dda-b660-21cc0fe1044e,L3,Tweet
c810cc01-f373-4f42-aa87-4f3fad20fabd,L3,Tweet
643732c9-a255-4d23-bb66-a18d9947675f,L3,Tweet
7d5686c1-b721-47ab-abe4-d059d670e45a,L3,Tweet
0b245c4c-ee1c-4453-b55d-c4086471126c,L3,Tweet
866b1e4f-79a9-471d-b360-a69ee710457a,L3,Tweet
d742c58c-be90-47ee-af46-a38284811d35,L3,Tweet
dc5ab262-d2a9-4f8a-8e09-d4563e38e5fe,L3,Tweet
80fc164f-6c4f-4295-8e6e-bee4591fdc08,L3,Tweet
bbabea05-faca-4f4a-bbf1-6a1be6fad60d,L3,Tweet
6cfff00f-6fd4-4587-96fa-52bdd91ae204,L3,Tweet
99a488d4-d50c-4753-8465-9448896269f9,L3,Tweet
ccda6b22-9d61-4cba-98c5-6f14325fc5aa,L3,Tweet
4ca46a2e-b7cd-4b44-a751-22a38138d8f2,L3,Tweet
5be8001c-bef3-46e6-8138-a2f4a40c3eb2,L3,Tweet
cda48c74-c546-4b03-b225-2b6041914b5d,L3,Tweet
e26212c6-2260-4bb6-8fe9-f5a11d19c887,L3,Tweet
0ae235d1-8660-4914-b967-15e6b2f4d7ff,L3,Tweet
bcc15d45-1d55-4db2-80c5-7bbfdd809403,L3,Tweet
ae816335-a3f5-4361-9b5f-1ec35ce6062f,L3,Tweet
3ee61d09-7198-4ce0-8d6c-ec7dcd41fb7a,L3,Tweet
b4a1130a-4f9f-49f4-a4c5-859ebbb33daf,L3,Tweet
2a1502d5-eb8e-4244-8d01-37f41cddf1e4,L3,Tweet
6a948b0c-18d5-4337-a34b-071fee991066,L3,Tweet
c207f3ae-fb29-4cc7-a5cd-90ee93a22dd6,L3,Tweet
fac892ec-f84f-4100-b462-bf36c91e684f,L3,Tweet
611c49a1-f874-48a5-8f6f-a3d1905f2b0a,L3,Tweet
4fde696d-d71b-4c58-b4cb-ef880e4bae0b,L3,Tweet
7c343247-079e-47ef-88da-3b85c7b95592,L3,Tweet
4edd0803-ded0-4474-a5b4-0be648d7fd0d,L3,Tweet
19004fdd-23e3-4736-9b5c-edaf42619aa0,L3,Tweet
165b7178-15c7-4b79-89ea-0f0dc0e2267d,L3,Tweet
8cc60c6c-b90e-4781-b6be-0911117ff15d,L3,Tweet
0696911f-ee28-432e-8459-993b5646af76,L3,Tweet
648a5466-b3b7-4fe6-8d77-78a9edd5ef28,L3,Tweet
a9cdbd32-5cfb-45bf-8536-f7e161f443f8,L3,Tweet
d2aa4894-f20a-4429-a761-0cc9dc5fa180,L3,Tweet
fa67f66d-fc0d-4270-bfb3-f108f0914793,L3,Tweet
519d2de3-7174-4bdb-89be-c2c41671f661,L3,Tweet
d9bcbd1b-6e97-4b0e-a7b5-67d4692d9489,L3,Tweet
e6e29113-735f-4c4a-935f-74692850fed5,L3,Tweet
c6cb6346-14ea-45be-84ef-50420cf2c49c,L3,Tweet
d9591900-be11-468c-ba9d-4a50e00f9e3d,L3,Tweet
05374820-7429-4a4c-81d4-e9032f901041,L3,Tweet
6c7628a0-3072-4b2c-a6ce-c3095764ba9e,L3,Tweet
196af311-94f1-41f8-a8f8-2f31c4de3caf,L3,Tweet
c98cb7b7-db9e-4793-8729-d019e38113e7,L3,Tweet
f360cc27-f956-471f-a3b9-3f06e34959cc,L3,Tweet
6beb27cd-ffac-4e4d-82ef-a685918c5aea,L3,Tweet
2a3e1d4e-3cce-4f23-beb6-38f76afe883c,L3,Tweet
375a60da-7820-407b-a264-1027bdabbf1c,L3,Tweet
4c2a40b7-c6b3-402a-83a9-d35a90076a4d,L3,Tweet
221881e6-ab7e-4195-85f6-c0a2ff80f2b8,L3,Tweet
6d4c7843-5c42-4a5a-b811-9b5d546c0e47,L3,Tweet
a147a90c-d975-42f1-bc98-e7fb0b27e4f4,L3,Tweet
81ea825f-3ad4-4cf7-8cd3-e4594dc3035a,L3,Tweet
9c1a226a-f5c3-4c87-946c-53d699d04f98,L3,Tweet
b449152e-cb43-4b85-9681-22cb5e373300,L3,Tweet
838a946b-7a41-4d57-b944-d085ac52d010,L3,Tweet
3bdf29c6-8af9-4866-bde2-cb9a5b023ae8,L3,Tweet
22c1f4ab-746c-4069-8985-faea7afad7c3,L3,Tweet
080828a0-88c3-4158-8bf4-8337511a8cd7,L3,Tweet
69f84b16-cf6c-445f-a8bb-208f8ea47db6,L3,Tweet
3aa9b335-1e99-4221-8622-c164eeb69c09,L3,Tweet
6e5fbf19-0bdb-407c-a29b-6e07e9c5851e,L3,Tweet
1dfed4e1-de19-4d7b-b5c8-3f450b536b59,L3,Tweet
cd40930b-2b0f-4e3d-83bd-74c84de04eb7,L3,Tweet
077d20ab-74c4-434b-acb4-03e7b20dce7b,L3,Tweet
9cb66fba-b12d-42a8-93b6-c4d3c4e897fc,L3,Tweet
2521d1f0-2e6a-4919-8acc-1ac16a8c08b6,L3,Tweet
d7e2daac-7de1-4772-a627-eb7b5af94e1c,L3,Tweet
a744d3e1-06ea-45df-8de0-8e744f8bf398,L3,Tweet
3ad59976-bb10-42c3-a772-4f3b5da8cdaa,L3,Tweet
6cd194d3-7656-42ac-9430-62e7aeb06aa6,L3,Tweet
6a2c9f51-927e-4ca9-a8aa-302dd49ba803,L3,Tweet
2f2155d8-7d2a-44f0-bc03-cf19b8ed9113,L3,Tweet
f3b3ead0-f905-4111-857f-5173a083bf79,L3,Tweet
b04ff08d-b52c-4fc1-8535-2634663da8b7,L3,Tweet
531fa5ee-eebc-4a79-a66d-e85e74fcd6a9,L3,Tweet
327c622e-6ebf-40b8-b987-f3a034d56ba7,L3,Tweet
f3802261-cb2d-4b93-83a0-06178c4a8526,L3,Tweet
3e4d8173-5115-41c4-b2c5-065bec42ad70,L3,Tweet
60c578fe-283f-48db-821f-bcab9c620690,L3,Tweet
40e49abd-5a21-4f82-bfea-2c4f8b8cd82c,L3,Tweet
627de3ea-1a96-4fc9-b54c-43778d4c64dc,L3,Tweet
924e3808-35c4-415a-afbf-451abcac828e,L3,Tweet
24302e1f-07ea-40d2-98a8-aff4c54e80a0,L3,Tweet
8dc49baa-97d0-454b-959a-2f0e33dedcb8,L3,Tweet
ccda4fda-fa25-40e3-bfd3-b12806c5697e,L3,Tweet
120c308a-2eca-4b0e-9c80-78fe3016a68c,L3,Tweet
a4b282f2-acfb-4254-993c-c4192ab060b0,L3,Tweet
016ff577-6ab1-48ef-9bfe-39d4c41ffccf,L3,Tweet
310fd923-c1e2-4fa5-9158-ebe1182136b8,L3,Tweet
0f9622da-5b82-4064-96b6-7389a51e866d,L3,Tweet
f484529b-4406-46fd-bd6e-4587579aba20,L3,Tweet
744b3e6c-750c-4f5b-a32d-1ee52dd55678,L3,Tweet
a80645c3-c795-4215-8df1-3d34a19b43be,L3,Tweet
3827569c-a010-497e-84f5-7d014d7d0b4c,L3,Tweet
f95864f3-2157-4d91-9f38-c5e074d3b150,L3,Tweet
45d8d3b1-1db4-4f54-83f2-e3e63e03e08a,L3,Tweet
02a965a5-e68d-4ec1-8369-a1201e55fc91,L3,Tweet
07687ba1-d8b0-4f94-8f8c-95f8d073f6d5,L3,Tweet
2cfc87c7-6e84-4c2c-9284-6571e9dcd159,L3,Tweet
0e133a11-48c7-40e2-9e63-a039831b49da,L3,Tweet
c9428e7d-40a5-4ebf-bc6a-a60beca3ac1a,L3,Tweet
ba9a024c-6721-48fe-9337-5c4f3fa9c385,L3,Tweet
3bbfb2eb-d8de-4c60-ace3-46ef280737a3,L3,Tweet
c8e0145c-24a3-4bd1-bb1b-522d8645e2cd,L3,Tweet
646ba2ec-bce1-4086-930f-257797d64582,L3,Tweet
853d6559-c5e8-4125-9258-17d055f63a56,L3,Tweet
b28f915a-985a-4ee1-97a5-dbe8f0503f03,L3,Tweet
ff4d6742-08fa-432d-a20b-391005a4a8ab,L3,Tweet
9302f5a0-47a2-44a6-ab63-4533fb4a0ede,L3,Tweet
63aee262-5139-4455-ba67-10c53ed92e63,L3,Tweet
3e7689d1-68e6-4df7-bb72-d3e4d57b24a9,L3,Tweet
9f42a3c4-5e87-44ba-8ba6-1a2c427bf57c,L3,Tweet
56f7d34d-e64b-4fb5-8dfb-f61422ce6b7a,L3,Tweet
c915ff4e-3450-4e60-a5d7-837f8c2aed3e,L3,Tweet
82934f90-207d-4ff7-a572-f4c786ef80b1,L3,Tweet
a83778d1-4ee1-40da-9328-111fc7cf6e5f,L3,Tweet
4bc47a94-5e36-4e42-8bc2-fff01cb86ae6,L3,Tweet
d6dcdcec-eab1-4035-b84f-57224d4c886e,L3,Tweet
dd429463-54cb-4d6c-9628-35abc63daa09,L3,Tweet
121e16ca-7407-4612-b867-b5d044c52e0b,L3,Tweet
3e983301-2b13-4f7b-93bf-0399a04f99ea,L3,Tweet
260e991b-0d68-4543-9167-25bd76f11655,L3,Tweet
ca9537f3-a4b4-424a-ad4d-6867deaec291,L3,Tweet
0d863e25-3379-4422-9762-fcc0789c782d,L3,Tweet
fac9462c-19a5-48a7-bd79-0c1faeff890d,L3,Tweet
cfb4291d-6378-4230-bd04-eae6180f9dc2,L3,Tweet
dd37f761-f925-4360-9f87-c44d62a48cba,L3,Tweet
9bc3c8e5-5f4f-4ce5-bfb5-39773f4f7139,L3,Tweet
c054114c-c434-4b98-a6ae-81c11888fbf8,L3,Tweet
65bbefc7-99cf-4ece-bea0-8b9727a72b56,L3,Tweet
0fb9465d-5cda-4634-8169-b607f059b1bf,L3,Tweet
393c19d2-412d-403f-9628-e2b93ce4ba42,L3,Tweet
a9a3a855-6e32-46c9-ba39-14c5d43754a6,L3,Tweet
17df818b-b047-4615-9a92-2dfc92d124e0,L3,Tweet
ac3e2cbd-1934-4fb9-9be2-bc14b90f8b1c,L3,Tweet
b5e99e7e-53b9-4dd4-9343-324e002f008c,L3,Tweet
2ef6dcf8-7554-48c5-9810-88e16e32910b,L3,Tweet
36fd5dbf-9d33-480d-8778-3c089a00cf35,L3,Tweet
f19696ea-45ce-4423-97e2-ebf1840584ea,L3,Tweet
abcf3e1c-750b-44cf-a8af-45b7a808ca77,L3,Tweet
4162ffc5-8151-4db9-85e4-f2b6ec17f247,L3,Tweet
0376b3d7-dab1-4d53-aa43-65bf34648d13,L3,Tweet
28cf78f2-8dce-4e08-a377-b31066b7efa2,L3,Tweet
455cec1b-ddd2-4740-8daa-46b973a34fff,L3,Tweet
781a23e4-1b9b-4ceb-b38b-b51e9a57309d,L3,Tweet
f283876a-9322-47b5-bc03-f147996c2609,L3,Tweet
487f5cde-26b1-4b21-9890-9082a0164518,L3,Tweet
bfd8c0c1-81d1-49cc-b8ca-9dad3078a5a3,L3,Tweet
3cf3b341-e3bc-4765-8956-c1155586666e,L3,Tweet
aa409101-5b2e-43c1-ae63-5fc3236083b0,L3,Tweet
f9d2eb2e-9855-45ab-a8a8-eaa463d16e04,L3,Tweet
f48d69e4-5d16-4920-8d54-31e62b23a0e9,L3,Tweet
33334c7f-92cf-45f0-924c-208b4eec76bb,L3,Tweet
3f058d78-50c8-472f-8d53-eae2b78d9ce6,L3,Tweet
15b91153-0840-4df3-8471-2c863075df38,L3,Tweet
dbacb972-9184-4465-b43e-61b446aa69c6,L3,Tweet
0ebdf484-f76b-4ab8-993b-69d5853bd826,L3,Tweet
a3a478ff-250b-4812-8180-95b5b78e0209,L3,Tweet
d1892017-8c92-416e-b2ab-3063dfdf70af,L3,Tweet
715b359a-443c-4bb8-89a1-ca57bb1e8534,L3,Tweet
2f64014f-3a4b-47a1-a972-e8dcc5f83bbc,L3,Tweet
2251897c-c389-4109-a93d-7b643e00aef2,L3,Tweet
ecbfe041-286b-4625-932a-4e6dcc6f7dde,L3,Tweet
1b6d602e-37ae-4e4e-bed9-ac0deafdc0f6,L3,Tweet
5ddec8ab-8357-4e15-bc1d-46fc64bbf0bf,L3,Tweet
7ab20922-5de7-4733-ad1d-0c95b796d032,L3,Tweet
4f02b7af-ef02-44c7-a10b-66338b760787,L3,Tweet
0884e369-6c5c-4ed8-a4fe-32ed3192c646,L3,Tweet
a5aac981-fbba-4d94-b36c-10ed34b017af,L3,Tweet
60ebd79d-027c-4a28-8974-89a4628d43f2,L3,Tweet
87c2e0b3-f5b3-4d35-a7f5-805d4ec7f3a7,L3,Tweet
6a9387c0-0f21-4b92-9fcb-4316d52f3a94,L3,Tweet
4773ecf6-2ba6-4666-9c2f-afcf1478ee2d,L3,Tweet
a661a72f-474d-4ade-826d-323ef7f00dc3,L3,Tweet
30d39ded-4510-403d-9e32-375c6989920c,L3,Tweet
20c5e4fe-13b3-48c1-bab4-acef2c17168f,L3,Tweet
ad7ac767-b8b9-4e0e-a653-0f345be7c795,L3,Tweet
17fc536c-05c4-45c1-b31c-8ad56b90b514,L3,Tweet
eed92cc5-3a62-4555-9588-3304ced47aa4,L3,Tweet
6628c131-198e-4599-ba50-a7a0db1da26e,L3,Tweet
6ebc28ac-ccc8-4bd5-9dce-0ba465a9da62,L3,Tweet
c941b7af-af3d-4426-8019-8dd853be66ec,L3,Tweet
99205b68-9269-49fd-bd92-b53082d059f0,L3,Tweet
79e2275a-c991-4e16-b65a-93bf54310e80,L3,Tweet
ad2ccda6-059d-4215-b956-642f40ad3c6d,L3,Tweet
4e95fa14-b795-433c-b6c9-413ba73e4ebd,L3,Tweet
f4482093-18e2-4462-86b2-e163e5973072,L3,Tweet
79954b37-02b0-4fac-8728-0770b38180a3,L3,Tweet
4b6e0b78-09d0-43ea-bded-012aab7958b2,L3,Tweet
55024fcb-99da-40af-a141-6b8d12a74f1a,L3,Tweet
3891928c-b477-4cb1-b822-5e6fa1c0acb5,L3,Tweet
d147cd68-c002-4e01-aaf1-fe628c86062a,L3,Tweet
a3a4b95f-2f21-4bbb-8737-088903182e95,L3,Tweet
4e7f4ebe-0630-4581-a208-4d2dc35dd828,L3,Tweet
0d595243-fd30-4cae-833a-5c3500ea6a3b,L3,Tweet
ffcc0a71-e19a-4a19-9bf0-f3ee9aaf3d9c,L3,Tweet
b03080e7-0a3c-469f-b0d3-789eec556f62,L3,Tweet
caf6a638-59bc-4727-ad3a-dbcc0dba5427,L3,Tweet
9dd1bc68-a94e-49b4-b3cf-220c538a6745,L3,Tweet
867e78e1-f845-4dbe-8339-42b8c1d2bcaf,L3,Tweet
c130ceab-2add-42f0-8b15-817da19d97d5,L3,Tweet
f1b843ec-d807-4fd2-8f26-b80275d624fd,L3,Tweet
6332d28e-7fa1-4bf3-9971-32d29cea3925,L3,Tweet
b053ea2a-8a0b-45bb-b04f-81606dad45e3,L3,Tweet
d0dc8f61-07e4-4964-96c0-5a4dbc33756c,L3,Tweet
2f3f96cf-7cd1-48b0-a6cb-34e44be6bdb3,L3,Tweet
d02da06e-7808-4c8f-92f8-6af7d335ea90,L3,Tweet
d52993a3-dab3-426b-a37e-0b476ddc9783,L3,Tweet
37c15586-aa7a-4315-89d3-2022150abac5,L3,Tweet
3ef89b54-dcfb-4259-818d-3d2b915e67fd,L3,Tweet
ed075e46-8325-4bd9-bd96-21f2c0225e21,L3,Tweet
b8c11542-e7a5-4248-b671-eea67a9aa935,L3,Tweet
215ed02c-ccdd-4813-95df-01d60fcccd86,L3,Tweet
222b3f14-aa10-4531-99d1-bda1281e28ab,L3,Tweet
317d1594-34ba-4881-8ee9-28df3bdc1701,L3,Tweet
39607e63-ff3b-4116-9c76-fa42ef70b76b,L3,Tweet
901dd8e4-8c1a-447a-bc24-cff6911cae48,L3,Tweet
a9decfbc-bde9-4930-af6e-97854437dadc,L3,Tweet
3dbe62b7-5f79-4248-b356-f451eeb57a24,L3,Tweet
38a48f98-eada-4a49-a325-b0e52633df85,L3,Tweet
378aa145-374a-438c-9afe-b559c2ce7c99,L3,Tweet
66eb353a-2560-4f87-816e-4f9ada3e56a1,L3,Tweet
1b04a317-0baa-4d8b-b5c0-46b3975bb7c4,L3,Tweet
0d14a89b-b6af-40b4-a2ca-eaf383fa72f0,L3,Tweet
18fd12db-b4ff-4005-b1e2-001a20a62c62,L3,Tweet
a9c8bfef-a478-46d0-a08d-777621f7c9bd,L3,Tweet
1d0e67e1-adc8-4656-8e83-69ab194962d8,L3,Tweet
89e1b46b-2a3b-4b72-9676-34f705d711b1,L3,Tweet
a48c588d-19d1-462c-a391-35c5d8f000bc,L3,Tweet
1a842552-f675-4857-a0a5-580ae82a63db,L3,Tweet
2077d8ab-5402-4108-82cf-c9f38865c668,L3,Tweet
03acf68f-d12a-41f0-9a1a-0835fa65104c,L3,Tweet
9904fbbc-36e7-4521-a368-edf5976e7504,L3,Tweet
13b1c340-61f5-4917-b76d-a5d2f2cdcb0e,L3,Tweet
74e658ff-134f-4328-ac74-56fbec4f6209,L3,Tweet
eed313f3-5cae-40ef-b55e-e1d71c0c3eff,L3,Tweet
8baa1922-0014-4183-b239-a5593d125885,L3,Tweet
65c857e7-cffa-4de8-89a5-c6a65a4ee12c,L3,Tweet
25e1346d-c13e-4c2b-a294-775c2d4b39f8,L3,Tweet
1c902197-376d-4cb1-8547-eb4b4b70a96f,L3,Tweet
a4032b84-0c96-48b7-808b-705db0fa1529,L3,Tweet
96acf37d-675a-4309-8558-bb05561cfa5d,L3,Tweet
076ff5a7-4edd-4a1a-b1da-f5a0665a4836,L3,Tweet
522a7fc5-2d37-4317-890d-7404b6487da4,L3,Tweet
daa5c0ac-9e21-4c1d-a7b0-f59ddf279ae1,L3,Tweet
4460cb68-0594-49e0-8efa-167b29f389bc,L3,Tweet
ea125f24-9a50-4259-93d0-d7a1453ad7b0,L3,Tweet
59652f81-23b7-4d51-abb0-a4e1a9f6c0dc,L3,Tweet
a868ed56-4f11-4204-9c19-a05246cf66b9,L3,Tweet
8288c75a-5320-4e70-994b-fdbb2fb7826d,L3,Tweet
f0b1adb6-3362-42df-9b32-9d7f6d445ced,L3,Tweet
d891e825-799b-493b-ba3d-eda71a7c7b78,L3,Tweet
bf5587d9-9dea-486b-81f4-a501b9739536,L3,Tweet
4ea7c9a7-378a-4f8c-8c98-0aa39fc8ce76,L3,Tweet
abd32747-c113-4a5a-81f0-1f6ec6cc63b3,L3,Tweet
aaf9f46f-cc09-441d-b26a-bcc7801b202c,L3,Tweet
caa67032-a8c0-4741-9f32-d6bc9e683442,L3,Tweet
09d3e64a-7c19-4a07-88c2-6a1be8133347,L3,Tweet
15962648-7035-49c3-a8db-3bdc73279661,L3,Tweet
38c1f4e6-1f12-453d-9848-ce5a88e35e27,L3,Tweet
198bd392-06c8-49d0-b69d-42b17d354259,L3,Tweet
b1fc9c33-afa9-42c7-9598-07aae92867ad,L3,Tweet
9596bca4-ee98-40d8-842e-f2c500d0695b,L3,Tweet
3cd7c1d5-4dbb-407e-a118-91b9f389428d,L3,Tweet
b53bedda-2f99-4995-bda6-baab91895578,L3,Tweet
05fbb676-db2f-4da3-bd64-949fa775db3d,L3,Tweet
d09e5b33-52b8-492d-8310-d942a7e153d5,L3,Tweet
121f1019-e326-4bd2-9b13-f4c22459515c,L3,Tweet
b5c97596-2b0f-4f73-9985-5f51ef2cc8b1,L3,Tweet
1c375b1b-a83b-407c-8aab-6e840b7eecae,L3,Tweet
26a261d9-0120-472e-ae1f-a8adb7c7fade,L3,Tweet
e2b388e7-7155-4be2-92f7-13942cc49df4,L3,Tweet
ef5c58d4-e83d-4cd8-90b5-cda62dfaaf5b,L3,Tweet
88cd59eb-8a08-42a1-b7be-79ef4646c5fb,L3,Tweet
321d87b0-4fe7-43dc-8fab-2b26aac69f23,L3,Tweet
31ed4a85-3564-46c1-9028-821e12ddd76e,L3,Tweet
0c35503f-9f93-401d-81f9-fdb83f4b5a84,L3,Tweet
b72c4bc8-82c4-419c-9e84-f1c5a49db568,L3,Tweet
ecfa313c-468c-4b41-9bcc-3c3142ab22a9,L3,Tweet
58229248-4be3-4943-a205-8569276c876e,L3,Tweet
cbe47458-dcd1-4515-85c0-9d20bf1041ee,L3,Tweet
3123d6ec-ab2e-457d-8879-6116eb44cbf9,L3,Tweet
81b8e657-8084-44f1-8811-de7f4960e166,L3,Tweet
aa0e17bd-00f0-4e5c-86a2-b2358df47e1b,L3,Tweet
04cfd631-acef-4c15-aa40-4442f0c0c7a7,L3,Tweet
2a1cae14-fd70-4919-a310-b417a4bc0a9c,L3,Tweet
11562d93-3542-446c-9ec0-a3fc12dcdff2,L3,Tweet
435a819a-5180-49b8-8413-c561d07100c5,L3,Tweet
8342ff1f-dc5d-4170-99fc-bbe832f9d07a,L3,Tweet
046bc10c-4ead-4f5b-a6eb-54f73c007b7f,L3,Tweet
5b8f6d83-95db-45ad-b097-016f91532588,L3,Tweet
fc762ba2-ca7b-41bf-b1f9-b5e8cf179dcb,L3,Tweet
50fbd6c0-7788-4a14-8df4-913e2ceb70aa,L3,Tweet
d336a71e-950e-4360-ba83-fb348ec88a5f,L3,Tweet
3c36d3ad-3225-4cec-b971-a5260887c739,L3,Tweet
19c8a10f-aa22-47c5-b9eb-b732d81459d2,L3,Tweet
e16a4b35-b369-4e11-940a-2be2f84120bd,L3,Tweet
3112b543-c66a-4ced-8f5e-52fc6917bb14,L3,Tweet
06626262-b42a-44d3-9f1b-c301eea0b626,L3,Tweet
ecb973d5-0262-4787-aa49-24a8cc99e6c3,L3,Tweet
bd9cea79-0a13-4c00-b23f-e1ca50d220ea,L3,Tweet
81c44668-1a34-441c-862e-eb757fd11410,L3,Tweet
65f66779-3854-48ac-b3ba-115ba48a5239,L3,Tweet
3f7fbd4e-33f6-4a93-b1ae-35cfd1784631,L3,Tweet
6ce0c3b1-c0eb-43ca-b109-665245517ff2,L3,Tweet
71b4c36e-e806-41d2-934e-e6c82bc6d2f2,L3,Tweet
fb32ae4b-d2c2-46fb-89c6-6c1c24026bba,L3,Tweet
a9cb71fa-f0fa-4c2d-bd18-db6d6798cda2,L3,Tweet
faa028ac-a8f5-4745-9da6-ba07960edfef,L3,Tweet
13b0077d-4516-4ab0-99a8-3dc4d8422a9f,L3,Tweet
60420df0-e06f-403a-820d-0485a0b85543,L3,Tweet
11316a0e-2223-46ae-b93b-698486cd09a2,L3,Tweet
1fa5f87c-e1a0-4304-8a24-9f3e268420f8,L3,Tweet
a4c68d48-be44-4d7d-8de5-ed4d24ba98d0,L3,Tweet
e435f4c4-c40e-40c0-a5fc-a3707230dc5b,L3,Tweet
48e6d0ba-9574-4890-91f2-51f07eafe69c,L3,Tweet
aaecc586-5e7c-49bb-9718-28f3804dcd1d,L3,Tweet
34e67464-9452-49b8-a159-197868b378c7,L3,Tweet
939f5ade-f30f-42b0-9e63-b1df7b01dde3,L3,Tweet
f20e831b-474a-4e02-af53-3fbd2a6a910e,L3,Tweet
a2351d2c-6aa9-4ea7-851b-b7f38382856b,L3,Tweet
061c1843-bd8f-427c-9607-a30218944484,L3,Tweet
f04d343a-bb7a-42dc-a7be-76932342bac2,L3,Tweet
5f741d5e-659c-4e74-97d2-be8eaa70ca6f,L3,Tweet
ede32781-4786-4084-a31c-68774b8807db,L3,Tweet
9fe89ca2-4794-4b81-8e20-b1b3a50c8054,L3,Tweet
814f8176-7231-47f3-b345-c7e5707950cc,L3,Tweet
90c41f77-6b11-4445-ac0f-4ae5212d0595,L3,Tweet
28cad059-7b5b-48e4-8bc9-659551f742de,L3,Tweet
80a95221-0761-48c0-a531-7eac264a6e34,L3,Tweet
e7da6a89-bbb6-42f5-a4e5-16a951fe6a53,L3,Tweet
e82819ed-135f-43c7-b435-009ab7983af6,L3,Tweet
27780787-3360-45e6-8f4f-717ff1510326,L3,Tweet
a8716ee2-3ce2-4bcb-8099-d746652a2e94,L3,Tweet
6b5251af-cfd1-4183-85b1-d307547f9cc1,L3,Tweet
6ef74d02-11f8-4008-a202-6a2ba900b2d0,L3,Tweet
eceded83-49dc-4852-ba00-c142b12fd6fa,L3,Tweet
7a14e6d8-9377-42a8-adcb-2250fc73e090,L3,Tweet
fbb8d4bf-afee-463f-a65b-0b684f9025f4,L3,Tweet
3ade0b76-5671-42fd-8024-37deb5011448,L3,Tweet
45b97a75-7b0e-4dab-9764-6b4b1f9ceab4,L3,Tweet
30d73ba7-6234-42ce-8446-1fa387083c04,L3,Tweet
c0ecff6b-f1a5-4005-9b7f-0fe18747716d,L3,Tweet
e1840357-e091-4bb7-b208-c1b1b98fbba9,L3,Tweet
747c896d-d4c1-4ccb-9ed1-d14b1759a92c,L3,Tweet
9ddeae37-24ee-49b0-a31f-ebf265585d6b,L3,Tweet
03920092-432c-46c2-b930-78187befcfe7,L3,Tweet
07d4377d-4816-4ec9-ac41-15e5bb51d5ca,L3,Tweet
9a18bdc5-f50f-4f08-9bd7-b74b772ff3b3,L3,Tweet
dcac45f5-da89-4c4c-941c-665057432322,L3,Tweet
d99ec70b-2940-4eff-9a97-a7503ffbfd46,L3,Tweet
03899968-ad91-4898-bd9c-f575c2ef0b90,L3,Tweet
27418198-0d09-4660-81fa-7970a3617e81,L3,Tweet
7aa45928-a54d-4077-9ac4-81915ff269fb,L3,Tweet
af083d74-20f9-4101-a085-18319a9a9824,L3,Tweet
8762779c-977f-4d4e-bfc5-d1696602fc1d,L3,Tweet
6c2314fc-23bd-4f88-86da-1135f9be283f,L3,Tweet
9184c4a5-62b0-4909-bbed-535aeb975802,L3,Tweet
c66aab22-5078-4bbe-b5c2-2e3efc8e6108,L3,Tweet
ae32b7e4-0ef2-47da-b946-8c3f42df1a66,L3,Tweet
e3c726a4-e078-4cdc-bedf-bbac41210fd9,L3,Tweet
fb51fd31-3c41-4396-8d04-89db621e2b6e,L3,Tweet
d1d5bf31-0cc8-4aaf-a389-7825e06a075c,L3,Tweet
82af2c2b-0e8d-47b8-9ebd-64a20ab35e3a,L3,Tweet
c6ddd5b2-b236-4000-9565-a1ce44015714,L3,Tweet
5cd212f9-9bfb-455e-b69f-33cc3dccb23c,L3,Tweet
1ee0dac4-647f-4e7b-b7ff-7dc63d9b8d80,L3,Tweet
2535ad3b-f012-437d-a5aa-105808551bfc,L3,Tweet
59d35b68-0fa8-4f61-ba25-a66914528410,L3,Tweet
7672e6e5-1146-4a22-8137-e14fcfd9037f,L3,Tweet
408a9d70-af57-4f93-932e-a0f138f2755c,L3,Tweet
1b22124d-9e3d-4b6c-bb77-b66ed35da476,L3,Tweet
e88fa247-6884-46e3-8664-9922f09d3c87,L3,Tweet
bb1e4201-291e-49b6-8f95-3c127d9c315d,L3,Tweet
b7b115d2-2845-49ff-bbe2-78864e7c6c96,L3,Tweet
7d2085ff-2ded-4500-8041-c9338670526b,L3,Tweet
39109810-af46-4efd-b0a5-b01017251ff5,L3,Tweet
f14760c3-62af-4927-9dd7-e5ed26989431,L3,Tweet
996f76de-d897-4529-b34c-6038b77180d4,L3,Tweet
2c640cfb-5374-449d-9425-eff6ae8e9b26,L3,Tweet
b0e5632f-91eb-4b8d-8cdf-fd4a5fed9fdd,L3,Tweet
b6307f46-c573-4b50-8976-8f1a35c09b42,L3,Tweet
7b5016ce-64bf-42bd-9ee7-171821d387c9,L3,Tweet
fb3654a0-91fa-4719-a78e-ec0f2dc937c7,L3,Tweet
e120c1c1-4b31-4981-acc6-9f833b26e500,L3,Tweet
cb83c093-0683-4077-9eb8-9a51606f37de,L3,Tweet
6b2df3a3-51f2-4842-95de-12c668610c82,L3,Tweet
ca588ff9-48cd-446d-ab7b-4313af7deffe,L3,Tweet
fdf593d2-94fc-49a8-b8e4-3fb9bdbf101f,L3,Tweet
d52d4631-0f30-46f0-9b82-f1f677a7af17,L3,Tweet
a2adc26f-c419-4c25-bbe6-3c0debed77de,L3,Tweet
77bf5e04-24b8-417d-a345-af97825368b1,L3,Tweet
716c7a6d-da28-4184-989c-1d0caf67d2d8,L3,Tweet
3720c1b3-6616-49ca-b12e-603d6bd39c8b,L3,Tweet
2c481702-79f1-4404-a502-4679cff18799,L3,Tweet
a90721c6-4de5-424d-af9e-1f92340a9e61,L3,Tweet
5cd01b8a-e647-44c7-91b1-632ed6a5af05,L3,Tweet
656d73b7-ba4a-4bf2-88e5-97eb7ec3c245,L3,Tweet
3297473b-4d9f-4456-ae71-f4a21198ce7e,L3,Tweet
43a3ca52-35ea-4283-bee2-26a82ff2dd69,L3,Tweet
10fe21f6-e718-422e-9f37-bc9404880a59,L3,Tweet
1c7e027a-99ed-4324-bcc0-d62f3ad021db,L3,Tweet
07afac25-455a-4ade-acff-41e1f0d3009e,L3,Tweet
e045f9c5-0ea8-452b-9e37-6f0d1e03a2d4,L3,Tweet
eadc9736-7900-4ff0-a59a-1693a6827650,L3,Tweet
ad762309-b941-4073-a018-8e4863100529,L3,Tweet
c8f74acb-2504-4360-ac13-12cb20d2695a,L3,Tweet
6fd89a11-0409-4c44-8e9d-8bca92908573,L3,Tweet
0d831293-a474-44bf-9258-9a13e61699c6,L3,Tweet
131145d5-b993-41ee-9425-b117d23a108b,L3,Tweet
7cf3c7ee-1824-4b20-86c3-e5c39256ea00,L3,Tweet
aaa33632-260f-40ec-a40e-381339061c13,L3,Tweet
b3a3b6cb-6932-477b-971d-46c65e6242e6,L3,Tweet
68442c61-41ca-4082-9738-4191c93ef204,L3,Tweet
34f0897b-b837-4a70-91f5-298f48868819,L3,Tweet
f8f5f18a-e43b-4a00-b659-6acee8b182f6,L3,Tweet
73ab4e32-4699-4669-abc0-14defabc668a,L3,Tweet
72b098de-b1d3-478f-923a-e62dc336f24a,L3,Tweet
139bd917-d9e8-447e-87de-8b85f4612e4b,L3,Tweet
18a00090-86ab-477a-9561-23ec8393ba77,L3,Tweet
5e960a83-3ee4-4785-93b3-31f74cabf3d4,L3,Tweet
dd78cf46-552b-476d-8dbd-79c68e326f51,L3,Tweet
c018f03a-1463-4532-b954-8d04f08e07a3,L3,Tweet
f8529bc5-83a2-4f80-9cf8-45a2e557ab26,L3,Tweet
169b7ce4-03ce-44d9-bc8b-7e4c7a096428,L3,Tweet
4aa3294b-06ba-4afe-91d2-342242ba4a09,L3,Tweet
9fdea1b6-bc4e-4723-9b6e-c89a4f791ac6,L3,Tweet
aa8c5fe2-7335-45fa-b570-5eaa3176b0e5,L3,Tweet
01e4424f-0950-4bec-8e75-a66a5efd1ba0,L3,Tweet
84895a22-1684-4173-9667-11df38671495,L3,Tweet
d398a4f9-4dc9-426b-a33a-141e146dbf76,L3,Tweet
b6235de4-bb00-4663-9461-d955bac2c96f,L3,Tweet
90747615-53e8-46a1-b6c3-21f7a83db3b1,L3,Tweet
e28b6571-72cd-47d9-9775-b11378ebf800,L3,Tweet
a5d1d146-de44-47d5-987c-d265a515ac69,L3,Tweet
b0fbcfc5-83a5-46ab-b52c-19b158eebd0b,L3,Tweet
93af2942-4974-4a50-a699-660ce7431c3e,L3,Tweet
9ba373df-e3a7-46c9-8d84-1dcdbb11063f,L3,Tweet
2d95ef5d-156e-4359-a776-2c2d426d33a5,L3,Tweet
5b14381a-d19e-4f64-8ec0-88bfccbb3d11,L3,Tweet
a47b8c17-e3b9-4159-b4de-031a934a9194,L3,Tweet
00ed10e7-9615-4050-a3c1-b6d98b0d5670,L3,Tweet
05bf692f-6726-44af-bcdc-7878f8086748,L3,Tweet
0d15a2da-692a-4acd-9405-6f822959a5ab,L3,Tweet
729ba0a5-654f-4a50-91b8-be70e60b2af6,L3,Tweet
33e8c5aa-afc6-4581-987d-1bc8a20b043a,L3,Tweet
d2c644d3-7c23-4210-a6f7-081224a796a2,L3,Tweet
d108e631-4b19-4b84-abd4-ce75a622e36a,L3,Tweet
3532f2a1-7600-4e43-8e31-71ad4848589f,L3,Tweet
7a6d6741-73ba-4e9e-8198-748cf034ad9c,L3,Tweet
00afae22-cb47-499b-af4d-5c01970ac17e,L3,Tweet
1719c74d-cfd4-4bcf-bdb9-6dc6a7f6a098,L3,Tweet
6fe71361-cb1c-4ca2-9ac2-51400ae766d3,L3,Tweet
0b0cc2b7-235b-4e9e-8f81-1f1dc4698f5e,L3,Tweet
4d2d2e23-a2c2-4086-a19e-86bb0331b65f,L3,Tweet
a236f520-551d-4a60-ba39-8def30dc07f7,L3,Tweet
4430b2a9-2509-4f74-9f90-09208650ab00,L3,Tweet
5f261ad5-b8ec-4e8c-88cb-f95313ddeb14,L3,Tweet
cd78a10b-c1b4-43b4-95a4-05039962a5a1,L3,Tweet
47bf2c74-63ab-4871-b3a9-bc676bb815ba,L3,Tweet
b5a076ff-f405-4eaf-9b95-6f169a288753,L3,Tweet
30f3a549-b6f2-4010-a0c7-84a7ea644c94,L3,Tweet
5e817636-1acb-40ab-9ef9-82803a43f7de,L3,Tweet
8ebf3241-634f-4346-bb64-63563dbf84a2,L3,Tweet
d38be0e2-d092-4668-8e5d-eb0a3bf37170,L3,Tweet
16374a47-63ea-4ea6-986a-56eaeede88c0,L3,Tweet
4bdcca79-c603-41bf-9734-6649041c1557,L3,Tweet
d3bdd1a2-8a12-4ce3-bc3d-d3dc2b099044,L3,Tweet
0bcf8a85-0542-46d9-a4c5-6b6072f4a47c,L3,Tweet
fc0a0e34-0a7d-485a-acc3-e61983f3a0a4,L3,Tweet
e5c878de-333b-4371-b919-a6c70593fd46,L3,Tweet
4abdd024-1eb4-4bf8-8d94-f6ca611f7f4e,L3,Tweet
b53b9e9c-9818-4d66-922a-a88253d59834,L3,Tweet
ce976a15-e6cd-41e7-a7d9-6391976eb04c,L3,Tweet
fbcc29d1-396a-41fe-9b1d-289ef3328e06,L3,Tweet
ff58dca0-1310-4116-9c88-fd243f533be2,L3,Tweet
ab07381a-74c1-4724-9bb3-7e44a3801fa3,L3,Tweet
5ff6ba82-64b6-4dd0-afff-35fe681bd9b3,L3,Tweet
4d9ba78a-acca-42d7-aff2-7688c937f58e,L3,Tweet
405c1299-902b-4f32-a66b-5dd45c91ad98,L3,Tweet
438f3511-6c5b-4e91-93b3-2ae9bac0a4b1,L3,Tweet
77e3ad32-15dc-4878-9d8b-e7ec6a6eecd0,L3,Tweet
5acbabc4-25aa-4fa7-9579-1d4b65b4464a,L3,Tweet
fe9c8d10-b901-44c5-81e1-7c3ad97d2322,L3,Tweet
6b5f06ab-80a4-4c31-a256-98d0ed589b72,L3,Tweet
e360f326-a333-4612-9b23-a82d1366b75a,L3,Tweet
088fadd9-1d51-44dd-aec5-2b3bce5e66f1,L3,Tweet
a6275721-9f8e-4cf1-886d-a8caa76fc250,L3,Tweet
e01d5514-fcec-48f1-bb1d-415574c6bd9c,L3,Tweet
3854b79c-5fca-40ae-a8be-8ee64ac6535c,L3,Tweet
aa3e14d0-7fd8-4fb1-993c-a12f96273d9d,L3,Tweet
ae8b1921-caec-437a-8e48-fefb1e476812,L3,Tweet
8fdd6fdb-3f52-4ac2-a9b6-f398388ef54f,L3,Tweet
edaa7f46-79ed-428e-a7ad-0bc9c487b9c0,L3,Tweet
d1da7451-0603-41b5-bfe6-64843dc00607,L3,Tweet
02fdb5a4-791f-4f6f-bfdb-7ef1927237c4,L3,Tweet
9652c213-e1bb-4261-a86a-afbca50fd8d5,L3,Tweet
10f21a13-c56c-4154-95e3-746b16bf6a96,L3,Tweet
11e65b64-d3e0-4c0f-b690-537172578ae6,L3,Tweet
b869c240-8b3a-47d9-889d-7cfe86c0ac3e,L3,Tweet
6a93a4e3-ef15-4412-b1be-cc827af47c4e,L3,Tweet
721128cb-81e8-4e94-b168-2aa9ae03c519,L3,Tweet
cd223812-ac9d-4396-b356-24f9090dc693,L3,Tweet
664db54b-ae75-4e04-bcdd-25f4903a9779,L3,Tweet
f9f95c88-f522-416b-9986-b3cbc9437db2,L3,Tweet
68181dbe-2081-40e0-ac0e-69eb1cab41c6,L3,Tweet
542e0831-35d2-4b9a-b69b-f1c36472f76d,L3,Tweet
ac1db9d1-2e60-4343-9d04-22c6bd84a8cb,L3,Tweet
0f49b1c8-b3f2-4966-8b16-e2a8e87d0b5d,L3,Tweet
bb9f66a4-408f-4218-9970-018e6a7e7314,L3,Tweet
d69f0bd9-ec64-443b-ab72-e084d49e1394,L3,Tweet
c25ed91d-3043-42bc-be43-e80200b447c7,L3,Tweet
330c5ce9-f25c-4da1-ae0a-f95060b6b2b8,L3,Tweet
de854035-2dac-4f19-9a22-7f03dcc2cc9e,L3,Tweet
9c7d1fcc-15f4-49e7-9522-b53f62b4e443,L3,Tweet
03a4471b-380c-4497-a452-91ebc53a0def,L3,Tweet
78ff8764-bd42-49c4-95c4-b0ea90d9b283,L3,Tweet
9f5b8447-483d-4e6c-a17a-f245a5ca58c2,L3,Tweet
55fc860c-5365-40a5-9140-d1b6490dbe59,L3,Tweet
27178cba-e2da-4312-b709-7fc74e22d1dd,L3,Tweet
103af07d-8528-4727-bcea-0fd69b04d14e,L3,Tweet
217f8412-d7d8-4a4d-bc19-679fe8d2b58a,L3,Tweet
5d4a8e68-9f6d-4a5b-990e-3e388b1a151e,L3,Tweet
4a41d58c-e124-4ffd-a869-90df63ad0f38,L3,Tweet
3f13470c-3afc-486a-a971-0b46ff4fb131,L3,Tweet
53ea1d3b-11bd-403c-b8c0-aaa132e86f6c,L3,Tweet
e219bfa7-794c-40f9-b131-1705aa2ea0b7,L3,Tweet
78065bc6-7a95-454b-ad86-14ff473d5cff,L3,Tweet
f0dec05f-71c7-4815-915c-3dea3c40c974,L3,Tweet
43f6dd4e-dce0-4a07-88ad-b1f34bd768a8,L3,Tweet
4b372dad-f250-4684-9e2b-292ddf4f5e51,L3,Tweet
69463b92-aa20-4851-9980-d95a3941e488,L3,Tweet
cac0903e-5408-4739-9f3b-b18fc8224da8,L3,Tweet
105251b6-50c7-41e5-9427-d0ed85e85f82,L3,Tweet
0423c3f3-ebec-4a9e-96f8-463f380be028,L3,Tweet
27c4cc16-d028-4776-ac05-589a4898e9a6,L3,Tweet
f3477614-52dc-49ba-aa44-8c0879a4e8d3,L3,Tweet
c75ab312-7513-44c8-8fc9-de2a6a6033d8,L3,Tweet
ee761825-b894-46e6-aebc-17e735a3adb0,L3,Tweet
52b78033-a109-49cc-82b1-fa48b028787f,L3,Tweet
897e623a-0531-48df-8b8c-13cfbee49763,L3,Tweet
40a519ed-00cb-48c2-8a45-68c298c9d031,L3,Tweet
f6fd176a-465b-41b8-82f2-9f42c0904ae8,L3,Tweet
286074dd-9697-4f9d-a6d0-071cbc0d0f1a,L3,Tweet
936f9ead-83f7-4d64-a6c9-7b307f1c533e,L3,Tweet
e00b28b2-bb13-40e2-8d55-fc5b558b80f7,L3,Tweet
b43ae6e9-aa16-4a87-a0c0-355c878c6437,L3,Tweet
4f41fa54-b7f5-48f1-9981-af37031acdc6,L3,Tweet
1941a4f2-71c5-4e61-bc13-6db4f7819d7a,L3,Tweet
0f463459-e40f-4efe-86ed-1fb2b4672d7f,L3,Tweet
090a0169-f1bd-4833-bb8e-a6a481e0eb06,L3,Tweet
eacbceca-55d4-4548-bfa6-d516ce7c8449,L3,Tweet
9a7b92ab-6f21-49ac-94ba-1a3248266b44,L3,Tweet
895f3c28-7427-4edc-aa74-db284d36ac95,L3,Tweet
3f0c7d13-2000-4dcd-9649-1082145ab734,L3,Tweet
cdeb3302-62d6-486f-b900-9f518a72e096,L3,Tweet
4bb39555-bbad-45c1-9846-65dd52ff5bac,L3,Tweet
fb5412ce-21d7-428f-b305-3f791530a53f,L3,Tweet
9376536b-2bfa-4db4-bd00-76b31c72f47b,L3,Tweet
99d34829-273b-4c62-a814-3e58d3492e86,L3,Tweet
63555559-17b2-4342-b355-36261afd8990,L3,Tweet
ff177027-453b-4e1b-8b17-7f9a92b69979,L3,Tweet
0dc041c6-8add-4351-986d-13334cdf717a,L3,Tweet
07c6b77a-246b-4a87-be3b-981314605f8c,L3,Tweet
bc5a1d1e-42a3-4088-815a-4778d9f2c362,L3,Tweet
50fb3f31-18d3-4cb8-b0b0-7e1c2b7a732e,L3,Tweet
93cb14dc-b0b7-4046-81e7-8c2af514a938,L3,Tweet
772b27b8-f77e-43f5-ae15-00c30253c2eb,L3,Tweet
86ff05de-2a09-48ab-967f-555151f94fcb,L3,Tweet
015ae5b2-845d-43b9-940b-97e3d79ad1ff,L3,Tweet
420d1f1f-580d-4941-9d93-5a0f989efa0f,L3,Tweet
ccc1559c-dee3-4663-a607-3f6b9ad65c51,L3,Tweet
b7401e0d-9638-43f9-a04d-484a22a02816,L3,Tweet
39b498ec-0629-4ae7-a94a-133d69d82e84,L3,Tweet
12652cec-0372-4ea5-955c-a178cb6cf0a6,L3,Tweet
fd83de5d-45da-475e-8571-a4978fd984c4,L3,Tweet
9862ded2-8e99-4a83-9dc7-797a1a2e4150,L3,Tweet
0b3b3455-e6e8-4aac-ac0e-e8eed656d060,L3,Tweet
68cc2038-d291-4cb3-891e-d51b1f47fdc9,L3,Tweet
2a0a7eb3-0264-448b-b890-4f4d101ac2d9,L3,Tweet
1f360991-0250-4c17-ba1e-9d52ae9168a0,L3,Tweet
6792d160-220c-4820-9b44-574836d820a7,L3,Tweet
67984868-c224-459e-bbe8-5917ec11c425,L3,Tweet
8f767561-d6cf-472c-9d55-8f417c047bf3,L3,Tweet
7d26afdf-1420-424f-a5b4-e754b941d4fa,L3,Tweet
4cd201d1-4ebc-455a-9cf3-126a27d1c2f3,L3,Tweet
4184b430-4010-44f6-b6cb-ad800a09a98a,L3,Tweet
69798128-eabe-452c-b282-1c6f41084f00,L3,Tweet
54aaf30b-5723-4732-9df4-76f3e324f05c,L3,Tweet
776fa580-0dc8-4044-90ca-dc9aef4df9a1,L3,Tweet
3b9544c1-393f-4fce-9554-f6b296cc101e,L3,Tweet
8a228978-221f-46cc-aa6f-5defe7ecd06a,L3,Tweet
580364c1-f906-4ce3-95cd-bda523b3e729,L3,Tweet
95800543-b214-4a47-a36b-11a4094bfff8,L3,Tweet
739b89fb-9b93-4bfc-b8a7-724c6beefb2b,L3,Tweet
371647ad-a7d9-4a74-bdfd-cf71b9c5b47a,L3,Tweet
57aae87a-aff1-4f4e-bcb2-62c4b4ca547b,L3,Tweet
28f9e701-702c-47f8-aec4-e1db849f9c86,L3,Tweet
905c5fa4-c6fb-4ff0-8141-9b9bf5c44975,L3,Tweet
bf8b9a02-682d-4600-b996-6c40f7f5da79,L3,Tweet
e73ec012-1be2-4579-a65e-326075d3175f,L3,Tweet
ba25faa3-8c69-4768-b193-b44a63a33a74,L3,Tweet
99ac260a-f5b3-4a31-ab73-a0ec95207514,L3,Tweet
16633c88-2df3-499f-a4e0-6290259f9c67,L3,Tweet
3ac971cb-06a6-4b13-b0a6-85e23e7e31ec,L3,Tweet
715a39eb-83c1-43fc-b338-6f90e4ab7dcb,L3,Tweet
1b5dd745-2356-4e7c-bb58-c10f6ae79a97,L3,Tweet
7bdaf4a9-7733-40e8-93ae-67d0baec0e58,L3,Tweet
b2a50996-f135-480d-a8e6-847728589197,L3,Tweet
2ddd2f30-9296-44c3-8827-821845717ccf,L3,Tweet
33650497-167f-49dc-b7f6-c1518e515d91,L3,Tweet
3bbbe862-4694-4553-9c06-276943cf8342,L3,Tweet
8883baa3-7be4-4731-aef4-2730c6d23dbb,L3,Tweet
455ae015-847d-46ff-8e70-249b35844ca7,L3,Tweet
475c0360-e935-4f95-abb4-bbeffb0ba214,L3,Tweet
e558c08e-5b60-461e-bbac-4b2148846a0d,L3,Tweet
2643bc67-e470-46e6-9bb0-8d36ce349a90,L3,Tweet
1e69908e-432e-41d5-8341-956c39a5f8f7,L3,Tweet
24fde906-f504-429a-a655-5da1b86f09ed,L3,Tweet
a020892a-08f1-48b5-a5ee-4ab2006305b2,L3,Tweet
3a55503c-0616-4470-a587-449bb2f91531,L3,Tweet
d49c9805-b142-4008-9530-9ca55a5a25d6,L3,Tweet
06ff201d-d53a-4a2c-bdf2-6d65ee9e3994,L3,Tweet
0e454c05-020d-4e81-ae6c-eb5711429917,L3,Tweet
3f535863-71ff-49d2-b08d-05ce55782e14,L3,Tweet
b82cf70d-903a-46e4-a8fb-6eacf48e6829,L3,Tweet
8319d25d-64b0-4b50-bc16-d770fe96e029,L3,Tweet
b5ea49ad-f1ee-496a-b682-0b627d223954,L3,Tweet
a9f93a78-0224-433f-992e-54ff4558c964,L3,Tweet
6b1eebd3-9fe5-4a8e-9ce9-9db991b8ed11,L3,Tweet
77ba4f69-643d-4a0f-a080-cbc0007f24cc,L3,Tweet
25fcd890-7426-45d0-a799-1543791dfe39,L3,Tweet
5dc0605f-fafd-4758-9c01-9de417dae034,L3,Tweet
2e7357f3-d706-4ed9-a2c4-5d0d45223e02,L3,Tweet
403a3933-c339-4c71-b8b2-27b41a6f2d16,L3,Tweet
6e71eb84-baa0-4834-946b-052ccf1ef8c4,L3,Tweet
ba693f59-3455-47e8-9178-aa1fc9520fe2,L3,Tweet
42e410f1-64d1-4c25-9a26-8680f2d6614f,L3,Tweet
be8effbd-ee01-4a0d-9e8d-e9aefb56af47,L3,Tweet
33e4d6af-1422-4a64-b018-4bd4638c5cc9,L3,Tweet
033103a8-e155-4f07-b9b6-bac96abd8f75,L3,Tweet
82757b1c-60d9-4a36-a408-de6239a78b41,L3,Tweet
4d5c4116-77ef-4dad-8251-c7aefc06de36,L3,Tweet
11541af8-1c2b-4787-8f1d-245ad793236b,L3,Tweet
b9ce1b99-cb24-4d87-9a64-f2fc44005753,L3,Tweet
e8213037-5224-4bde-9d9c-14b7fae5dfc3,L3,Tweet
262ae66b-addc-41fa-b3f5-da06da542aa5,L3,Tweet
8b4a83f4-380a-49e9-90bf-db6021a1ef04,L3,Tweet
27c6728b-c8e1-4467-99d1-5e4b23a09a29,L3,Tweet
0b86bd4f-58ee-4c5a-8547-44da9f483bb9,L3,Tweet
a6e06651-aa1f-4c54-8289-3300aee78495,L3,Tweet
1c28cdbc-4eae-4fa5-a8e4-8a89c9b023aa,L3,Tweet
33fd0f76-ee14-403f-bae9-e79a718e2976,L3,Tweet
8e1d6be0-08b5-4967-9739-740bc67324a2,L3,Tweet
31e07f29-3427-4d59-a3d8-bd80abb9744c,L3,Tweet
731dbb00-cdb0-4096-b8fe-8e42320f9c3c,L3,Tweet
296521b0-04da-44cc-b3ff-837122b83ae6,L3,Tweet
8120ec48-ae0a-4616-817d-ee65f6833a62,L3,Tweet
cda3afe4-204a-425a-a824-9aa7712f8b09,L3,Tweet
6ec73b1e-b4c0-42e6-abae-8328b7eefbab,L3,Tweet
0187a5ca-0752-4ed8-a2c1-8100ca7bb0e5,L3,Tweet
4346fc4c-7057-4c32-b6bf-260e2cdd42a4,L3,Tweet
1a944b5d-d7cc-49d4-ab1b-b41d585bfbd2,L3,Tweet
5728d1ce-156d-42f2-92ba-4a08c5ae3db7,L3,Tweet
51416368-4b0d-46af-bb39-4f64e64f21b9,L3,Tweet
960dd978-ce7c-4099-a169-cfca1ecc486a,L3,Tweet
a1deea52-bb39-4093-85b1-3d6bb087d3a4,L3,Tweet
e39e13d0-040b-4b75-ad0d-aefcac924ceb,L3,Tweet
9eb3e4cf-8414-4be9-9e3f-a0343470b062,L3,Tweet
31cf2b55-0716-4e08-a56d-7c1dab179e33,L3,Tweet
dc8eb6a2-7247-433a-843f-f443b47093b1,L3,Tweet
fb360faa-3ef0-4097-87fb-39abf5a7c142,L3,Tweet
2e210cb2-2ca3-4203-bf7c-e341954825f3,L3,Tweet
c7066f9d-0e1d-4bc1-87cb-00d938ed07c3,L3,Tweet
db145a3b-1675-4750-af6c-0099e39fa3b8,L3,Tweet
83bbe25f-51b8-40d4-b462-dee17233f9e9,L3,Tweet
b6dfedb4-641c-405c-b5c9-ec9955854aed,L3,Tweet
9da1f3eb-741f-45a0-be55-3a5a356c755a,L3,Tweet
bce00166-1efc-45a1-b705-0482751d3e02,L3,Tweet
dfd9e014-3bcf-4e40-a6cc-dd57f3201d52,L3,Tweet
df94f540-4b22-45af-8cd4-a37e3b2b695d,L3,Tweet
a14dc065-4002-467f-b2e2-688d4d10791e,L3,Tweet
3e097cd8-be7b-4121-9629-e60362f5ae50,L3,Tweet
862a353d-2b51-4000-a0a2-29a8e09eb6f5,L3,Tweet
5f498812-eb26-4233-af4a-3bf6ad898ef1,L3,Tweet
007d7ddf-d9a1-43ad-804f-8b069c909e50,L3,Tweet
2e75c557-6c2e-47cc-9dde-99f3d2ed1961,L3,Tweet
6d557ded-2fc7-4822-95e1-b6b563019e20,L3,Tweet
fb4117ef-6242-4034-9251-8e8892142a9c,L3,Tweet
d301a594-ea68-4045-a37f-0c26fb530817,L3,Tweet
e5dfa126-f053-4df0-8da9-bbc89fd8dba4,L3,Tweet
6e1e5c1f-2da8-4a08-bc39-b44a0b19323c,L3,Tweet
f004586f-25e1-478c-bf29-aef962de84fb,L3,Tweet
efd2adbe-c6ff-404c-b55c-98c92730af74,L3,Tweet
db10baf3-e3aa-431d-93a6-1f9741eef6d7,L3,Tweet
374ea69a-9653-4ca9-b5d6-bdab7b59c292,L3,Tweet
acc012a6-9cf3-4da9-ab62-158ed46ad5d8,L3,Tweet
f8f14b4c-cd83-42c3-a3e6-4fedf574d4b0,L3,Tweet
4cfe8591-73bf-4bca-bd94-d293f66c8ba2,L3,Tweet
db3d39aa-3947-472a-a41c-1e2c94d50990,L3,Tweet
3ef1a6c9-e7cd-454f-95b2-663238ae2ea6,L3,Tweet
bb33b32a-773b-4e88-b42a-f4cbed1ab243,L3,Tweet
ebe0b7c7-db28-4d1c-ad97-f6fe5a063173,L3,Tweet
ab438cf5-5d0e-413b-a213-bbe62d0386c2,L3,Tweet
8fd0d0c7-ff74-45ed-8117-8b7a1f5dc875,L3,Tweet
6d7a2ee3-e43e-4892-ba56-8b23a1c2bd50,L3,Tweet
6a2f2320-49b9-41e8-8e96-408b1da17ff8,L3,Tweet
1e404302-c2f5-423a-86eb-986bc371ec80,L3,Tweet
e9fa8b0d-939b-452b-909e-13b8d6cead1c,L3,Tweet
fcc1ec93-ff1b-4329-8a06-3c9af7362a08,L3,Tweet
e06ab1ac-eaf0-4b79-aa13-f964c7ecfc8b,L3,Tweet
a2a8d11f-0094-4bbd-8730-cccd5bf37e78,L3,Tweet
3d3946bb-20f2-4612-98fa-3b2e002979d2,L3,Tweet
3a2a6974-be2e-4ab0-b7c0-1764b44e44d7,L3,Tweet
db90fe8b-b74b-45c7-a928-ce1f68c7dd3c,L3,Tweet
9dca7965-1588-49b0-9ba6-40e6671a94f1,L3,Tweet
93dab73e-4a0b-42d3-87e2-bd3d19785a4e,L3,Tweet
3c32fa65-1851-4e81-9ce8-2ee2847453f6,L3,Tweet
8c347e1b-c206-4fe1-a3d8-1604af12713e,L3,Tweet
b4401a3d-66a3-42d8-a26e-6c47d7c04c2d,L3,Tweet
8c5e45dd-b7dc-42dd-a314-dd40a93886d3,L3,Tweet
6111d2b0-0230-4c4c-944d-21d5637a6e75,L3,Tweet
ee7de234-9366-427c-839d-8697f768e7fa,L3,Tweet
cbb3e5c0-3111-43b7-841f-363780ed1fb1,L3,Tweet
66d7612a-c352-4dae-badb-b51ec0a63bcb,L3,Tweet
afa7f185-18cb-4d3e-90e0-daef9b5f8309,L3,Tweet
52c1f3e8-2819-4c64-8ae4-e3934d13b577,L3,Tweet
5fbe3912-8a6e-40d3-8114-6a9dd7d931c6,L3,Tweet
b7d5407f-611b-4fd5-a0a9-50f1772604ed,L3,Tweet
b1b7b7f4-3e75-4cf2-b43f-8050bcf9a76c,L3,Tweet
a693402c-fc65-430e-b31a-4def2a71f358,L3,Tweet
8e32801f-62a8-4090-95a1-79f528f728f0,L3,Tweet
fdefaeee-3089-45d6-91bd-a924aae9e415,L3,Tweet
f64553f7-36ab-4944-ba2d-042cdab82a45,L3,Tweet
aa8cd5e2-4afb-44ef-912c-e0a1bd48a253,L3,Tweet
89bac29e-746d-4582-953a-2ed727034cf0,L3,Tweet
1e9b0ad6-45d2-4817-a36e-40ca1653ae82,L3,Tweet
2e35700f-7fa8-412d-85d6-7f5059adf938,L3,Tweet
01aae2b3-2894-4970-a1b4-61298152a0a8,L3,Tweet
8e8334db-e7c8-45e9-9882-9ba8f26ac5f7,L3,Tweet
4921f35c-ba74-423c-9d0d-c078e5b3dbab,L3,Tweet
cf6657be-89d0-483f-bbef-cccd64f722a2,L3,Tweet
03ab5987-cf45-4014-a45f-b2e6c7b675a2,L3,Tweet
ba54fdcc-4154-46a4-ba7d-56078af0f91a,L3,Tweet
6052909b-287c-49a3-99a8-6625a3c6636a,L3,Tweet
800eede1-3210-4071-ad44-1a31cec2d1f1,L3,Tweet
9ad3f34d-27e2-4d0d-90b3-f0d6c29a31c2,L3,Tweet
f86e2e0f-c131-4312-a31a-71dec36c59d5,L3,Tweet
c9d1ad2c-993a-4eca-a3b6-84054d984391,L3,Tweet
10cf0eb3-4f90-4f67-94c2-fa4c942d1cea,L3,Tweet
8526e77e-a166-4dfc-9d54-b14c5a79610d,L3,Tweet
10f7ad32-43d8-46e5-b32d-c47047fff884,L3,Tweet
dcabf2cd-eb78-4e1f-92db-5a6e53cf9cf6,L3,Tweet
2e693efd-ccc2-43a1-8a2e-ef800dfd9d54,L3,Tweet
153475fa-b2ef-4711-91a0-c0a88a060514,L3,Tweet
2c35c325-97bc-48bb-97b4-1e3cec57a69c,L3,Tweet
3f7d0360-3f26-4ef0-b70b-69a7370c38fa,L3,Tweet
f9d91c98-60fa-445e-851d-79eba1beeecd,L3,Tweet
7385c95d-1dc6-4b0c-be3a-0537c69df5dc,L3,Tweet
3f815292-f80e-4582-83e7-31b8bdf817c1,L3,Tweet
4278d3c2-dac7-4750-bd60-df21884fe645,L3,Tweet
5546ccf7-767f-4b33-8217-4fe4b93af89f,L3,Tweet
5b6c55ca-7fd2-4200-8f82-7575f8ac0b9d,L3,Tweet
4416fb2a-6dd5-4d85-9a21-29e23e612066,L3,Tweet
96e62762-5f82-441b-ae7d-3fad3dac4208,L3,Tweet
58999f46-29a3-4661-a4bc-1ddde29b23eb,L3,Tweet
1138ca29-476f-4407-a743-bce524278d85,L3,Tweet
60337b99-e11e-4fdf-a5ad-7a272b0ad251,L3,Tweet
b47de1da-4e2c-4859-85fb-1397b8eb100d,L3,Tweet
4685254b-af58-48ca-8b15-f0d76307e2f1,L3,Tweet
179eba7b-c702-44d7-9ffb-4340ac4fbf12,L3,Tweet
4b8dd24f-afc1-4d49-9bb4-17868375423b,L3,Tweet
7582d161-362d-4ad2-8824-0b45e1df6b98,L3,Tweet
4e318fda-63ef-40b8-82d8-ed9e3236d3eb,L3,Tweet
6b8a7d1c-7521-45ec-a5d9-2dc5e5f8f573,L3,Tweet
1f177c45-f8eb-4a5a-acaa-bbd31bf5d854,L3,Tweet
c5f2e01c-3855-4703-bce5-3170d62117d9,L3,Tweet
99992786-61f1-4a65-918b-007d657f751f,L3,Tweet
85f09856-89b7-4c5a-9c8a-b2f4d43846b6,L3,Tweet
4ae94b75-f394-4b71-bb5d-402c396aa711,L3,Tweet
ba48d3f9-76b0-4510-bcb5-1a20ae5c3966,L3,Tweet
be6c3074-0647-47ea-bc27-2d5cf8143fd6,L3,Tweet
b4ceb020-200f-4ff8-93e2-f31960147cb6,L3,Tweet
c41ee261-1f8b-4d64-a7cc-09322ba2b9a4,L3,Tweet
1c2b7f73-8aa9-41a4-8400-1d5c41da5793,L3,Tweet
4b79e219-2d45-4037-8c47-551c88a4e011,L3,Tweet
2b1e1393-8b44-4f5d-833e-68afe14d0119,L3,Tweet
ee85c778-f646-435c-ae94-938208405beb,L3,Tweet
c9409a3a-969c-4e16-9ebd-ebe8b885a03b,L3,Tweet
2a2ea57e-7db4-4909-a98b-cc1a9080be6c,L3,Tweet
c2d87ced-eeb5-45f1-8b66-93e954935a8c,L3,Tweet
ebda3861-a20d-4607-a4df-6b236a938aa9,L3,Tweet
1e911539-34ce-4175-8d30-d5b7c11fce13,L3,Tweet
7b0ad28e-9c98-4600-bd7c-67e1acba1ed9,L3,Tweet
efa356cd-0142-47c0-84eb-fe766d1f4fd3,L3,Tweet
ce5dca86-68bf-47b6-840c-c18675d7dda4,L3,Tweet
f1e41092-99cb-4944-b201-89bd5ef3fb2e,L3,Tweet
b45a03aa-b480-48a7-8a90-52b44e843329,L3,Tweet
7f1e5e37-52fd-4bf3-b705-4928f51cb0ff,L3,Tweet
ac32af20-bc6a-488a-9d56-f0c8beedb13f,L3,Tweet
ad9becf3-1a51-44dd-a832-e89ffb50fb06,L3,Tweet
1b095d73-8d54-4715-934c-683c31ee2aa3,L3,Tweet
835cd1b4-cda6-4bcf-b351-117dec735535,L3,Tweet
2f28cf40-4596-4118-8df8-98f40879d346,L3,Tweet
c25e0fa3-373f-4cdd-826e-6301f9ab5849,L3,Tweet
03c726b7-fc97-41e9-ac56-60052c079dbd,L3,Tweet
a300b589-ab83-4d86-a355-92ab28e81303,L3,Tweet
394ad519-d8db-4168-9e0e-7e7aa8075684,L3,Tweet
a16069e1-1d20-4d7b-99b4-5232ff41e328,L3,Tweet
9baf96f2-23e7-4a6a-917e-8a66d12aa1ce,L3,Tweet
e82364b9-ae05-4e86-b0ca-7fc90f1bee92,L3,Tweet
742108ea-2d2e-47bd-8185-67a215c24959,L3,Tweet
84452f0d-ecb9-409a-bcc5-7423b77899fa,L3,Tweet
90500e7d-eebe-4724-a525-35aa98bf1feb,L3,Tweet
c5483bf5-2bdb-43e8-b08e-317ff5842ceb,L3,Tweet
ebe604ee-d45a-4c9a-aedd-ea90a7e8c0f2,L3,Tweet
b27a9b8f-33c3-43e3-98d9-a38459eddd40,L3,Tweet
0391edc4-ed7b-4428-9508-b45d59af1a3d,L3,Tweet
260f210b-1c94-4ed1-a3bf-f6dc45285fc9,L3,Tweet
2350f468-30f0-4b10-8315-5e4355c577c1,L3,Tweet
dca4687e-5fb1-4817-83f7-763c60cfb4de,L3,Tweet
85f86d27-2e4a-4cf4-bcf2-180107c32962,L3,Tweet
9bb58b1e-9b0a-41f9-b7c2-408f3da91f19,L3,Tweet
87eb8ebf-60cb-42cf-b344-622a0d8dfccf,L3,Tweet
ebe8dbfe-eca9-4d3d-b7db-4321c31c9a13,L3,Tweet
adf1b6f8-5d00-4481-bd72-5ec303eec0c3,L3,Tweet
36562a9a-ff62-4d6a-9036-b94972a47c53,L3,Tweet
d2eeb92b-a3de-4806-b6fb-27d56ef6364e,L3,Tweet
4d60e1e4-d38b-4877-a79d-4eadd04200b7,L3,Tweet
d2432798-c788-4e8a-bd5f-fa7076b6f85d,L3,Tweet
25033241-e31e-4758-8eac-b7ebb48a54d1,L3,Tweet
ccc8cc28-07bc-414a-98dc-f71637df49b4,L3,Tweet
3548b8d3-c96b-4911-9b5d-858d5f518635,L3,Tweet
2a557141-6fba-4345-b6de-7b7565ae92c4,L3,Tweet
a0309d6e-4657-47ff-bac5-82d04352b9db,L3,Tweet
9c47f167-80e4-4e2a-a524-6e44260ca07b,L3,Tweet
b874a647-5fe8-477c-83ef-8c7791feea33,L3,Tweet
aefe13d1-dc9c-4e91-8742-cf38d494cc65,L3,Tweet
a3cbb3be-261a-4343-878a-0123b6b89912,L3,Tweet
5bd98b93-6608-4872-8866-cae6acbba88e,L3,Tweet
b33d47be-9aae-474a-9cc3-02fc2141a47d,L3,Tweet
f6c851f3-5b27-422c-8dc9-412704ce3ccf,L3,Tweet
becb67c2-9191-4221-a22d-4c306e0dfa17,L3,Tweet
64e7d3cb-a4a9-4a23-bff0-37e6c190487b,L3,Tweet
d61ac924-eefb-4d16-9a98-19180871ace5,L3,Tweet
a209fc2d-df2f-4192-b20a-80314d544633,L3,Tweet
d428f133-90cb-470e-b3b3-9e5351a51185,L3,Tweet
07041bc1-7aea-47a6-9de2-5989809c95f5,L3,Tweet
936eac67-8abd-42d2-b6d5-0ac6aa600645,L3,Tweet
b3e856c2-529c-46f6-9312-7d36283212e9,L3,Tweet
37e32ba4-9056-4f6b-8ad7-24032c7a2dce,L3,Tweet
2246f60f-287b-458c-915d-5cdc691e53b7,L3,Tweet
e29a7b94-33d6-4f59-b66f-226ea6817b25,L3,Tweet
54621ce7-573f-45fb-8ce1-132a9f4278c5,L3,Tweet
bf758153-b165-408b-a98b-17f75b1e6961,L3,Tweet
fe5676c0-8c4f-4074-aa1e-e113fd050d7f,L3,Tweet
16913d9c-7e73-4f2e-ba57-122b349d9b28,L3,Tweet
1b3815a4-2e02-421a-84cb-59eeb7dcfb93,L3,Tweet
0ef49e92-e9e7-4cb8-bc8b-c546aeb4b796,L3,Tweet
efc424cb-a9d4-4ffc-9ff6-9418ebf571b7,L3,Tweet
adbe4a58-4a86-499d-8a6a-cadf5a661253,L3,Tweet
bb4a1c81-9154-49ce-b680-1705b7ec819c,L3,Tweet
70aeddfb-f502-4ddf-bca4-67863834f3dd,L3,Tweet
4a810a3e-ff32-4d7e-980b-46fb479790bc,L3,Tweet
85661c85-b9eb-4551-83d6-270ef8d63f2c,L3,Tweet
1dd19ef6-e4d3-4aa3-8dcc-a4eb6a358cec,L3,Tweet
1a54644f-7d35-4a16-a3c8-002a73803023,L3,Tweet
0ec04e78-6f78-43b2-bbf3-040188a4503f,L3,Tweet
2706aaea-1d48-4862-963f-67e96db847b7,L3,Tweet
c95c5366-2686-4e16-b66e-8b5514553ed7,L3,Tweet
6bcbe185-0b09-4734-a11e-456d360f4722,L3,Tweet
0e8aaa42-5b63-4f02-90a1-31aedb6a781a,L3,Tweet
bcf4c0a9-c62b-4ea2-a6da-d560f8c62f1c,L3,Tweet
e691aeb4-5808-47d2-83a7-a87874941d65,L3,Tweet
f3502b7e-ae78-4a2c-a9c4-f2ac2348ecd1,L3,Tweet
42bde5bd-6499-4395-8e85-aa70a7fc0ab4,L3,Tweet
567eeca3-b1a5-4206-859f-10263cc7d7fa,L3,Tweet
43392e6b-eba8-46fe-aa01-de1872e42c0c,L3,Tweet
20107ce9-d151-4ac0-8010-d4119875ecf7,L3,Tweet
6dca9ae7-1ee9-410b-80f6-a63e2b807f28,L3,Tweet
f45cfc8c-c898-4c1d-a0df-a3897ebf2753,L3,Tweet
610cb18d-0407-473d-9e94-469e64feb296,L3,Tweet
d172ef3c-1a8e-4c8b-b165-6a07f0c089eb,L3,Tweet
91a00b7e-9885-43e6-8f82-af6507b398df,L3,Tweet
4cbf3ce2-99fc-488b-8817-cf206e619038,L3,Tweet
2d46314f-b3f3-4b78-ab59-80e5b7633398,L3,Tweet
8f4e8799-5bc9-40a8-88f5-5b0ae7390c5a,L3,Tweet
f088a047-a84d-40d0-ba50-4cf226efdc65,L3,Tweet
1656f611-cd2d-436d-9260-fd30f5718e70,L3,Tweet
538cd4b4-1834-41e5-8ae8-63ddb0e6ef1e,L3,Tweet
2df2a3fc-8081-4bb8-b488-2801a2103f33,L3,Tweet
4a6267b7-458f-4d2c-ac68-6000a528ae02,L3,Tweet
2b86e293-6a6d-47e0-8377-4d569c87dc7a,L3,Tweet
47297010-abd3-41e8-9a66-0198d742c37c,L3,Tweet
c3242059-5393-4d16-ba3e-764d00e31e25,L3,Tweet
6501a3d7-a0a2-44af-bc3f-ee2c8857f601,L3,Tweet
a241cbb3-90e6-481a-8f4a-5fafad122119,L3,Tweet
65848fb9-dc84-43b6-8b15-b51ad80b9001,L3,Tweet
1f2aa722-b545-4cd0-a72d-93c241ceb6c7,L3,Tweet
be2d93a1-514f-446d-a6c0-7f77b6ce95d3,L3,Tweet
74d4e674-d41e-4710-b1fe-b3b5041caed6,L3,Tweet
b2eabe25-bf3d-48c5-832a-45b887dd7ece,L3,Tweet
5a51301c-d492-430c-b3c2-6eb1762027cf,L3,Tweet
cbbb0452-02d8-4126-8cf4-7be7108766d5,L3,Tweet
0885ec6d-c700-403a-ad61-c080808d36f6,L3,Tweet
cf12294b-3494-40eb-bd18-dee06c6801ef,L3,Tweet
cbd0e8a9-a78b-4844-b516-6db8db5a46cf,L3,Tweet
443f6ca4-a10d-47c3-b08f-554b61d21490,L3,Tweet
e8edec38-8ec9-4b5f-b8d3-9ac17fa4190e,L3,Tweet
8be9cb9e-300d-4c95-a401-2652a0b10502,L3,Tweet
9b348ec9-11ac-4e1e-a06c-1c72f389f2ee,L3,Tweet
77122e97-d302-4692-8fe2-af205a23b69b,L3,Tweet
4f70b9ac-6659-403c-b105-2b8b66c34e42,L3,Tweet
2556c8ed-2ebf-4bea-a8ae-dfe6c5365cd6,L3,Tweet
95523dba-ef4a-4c7a-895e-22a3c499f74d,L3,Tweet
49eeae80-210c-4002-aeef-bae3f84ba9d5,L3,Tweet
056edec8-957f-4b5d-a68c-5968d3ad8e7b,L3,Tweet
c878b552-bea7-4e4f-8140-d922c3ecae96,L3,Tweet
2330511f-9541-4886-add8-00dfe69fbf26,L3,Tweet
0830892e-57e1-4711-9140-e0ca8a17d019,L3,Tweet
cbc319c5-9b44-4246-8898-d9fdea3282ce,L3,Tweet
3c798157-98b1-4be4-8c3b-aeacac610ed2,L3,Tweet
3f9df1ff-5508-422c-9db3-6f7dfe3116c2,L3,Tweet
17e2ffd6-0e4b-4b69-8bec-6ed618930e8e,L3,Tweet
321987a5-9613-4fd5-98dc-8ff7bd161afd,L3,Tweet
0ba3c2af-7d9a-413c-9f19-9a983f1400a2,L3,Tweet
9414cf20-1240-4fa1-9d30-302f8ebd638b,L3,Tweet
59d444e9-0929-4079-9421-c4e30416baa4,L3,Tweet
816bff2a-41d2-4831-8710-d3e39de50970,L3,Tweet
c210cfd0-336d-4027-abf7-b9c5607dbe62,L3,Tweet
4a114877-fbdd-40ac-ac68-da65bb5cc911,L3,Tweet
0c7ab51d-c1f4-4a4f-b79e-4a330140f538,L3,Tweet
5a380b91-aeca-44b3-82d4-cee9249452fa,L3,Tweet
fca7a479-dcdc-47a9-a6e8-a2e250dfe3e3,L3,Tweet
9ae5fda7-e8e9-429b-bf7c-c6f4a8ae8e25,L3,Tweet
50e40a2a-cb9d-4e43-89e3-9957fc88f62c,L3,Tweet
18ca66d2-72ab-4d5d-b935-6fdc54abdac6,L3,Tweet
4de000fd-8a9d-4097-ab9a-d64e251e7d54,L3,Tweet
28075f01-040b-4fcd-a79b-d3c707e87ac2,L3,Tweet
746c2e1a-ed38-48be-a983-9d676fcd1184,L3,Tweet
f7d35598-3cfa-45ca-b6a9-7ac9826137a1,L3,Tweet
8269c61b-9387-48a3-bbe5-f4f51c18186e,L3,Tweet
fd0b7ed5-365f-4b66-bdd2-bddcd421fec7,L3,Tweet
7ed00250-ed77-4a11-9b8d-a66a0d959a23,L3,Tweet
7067f99f-6a1f-41f5-8f72-2dd29b92a932,L3,Tweet
46065e8b-091c-408f-83fd-d67d0e4fc378,L3,Tweet
a5183398-7e16-452b-aace-63e48dca5a86,L3,Tweet
36980045-db1e-4812-bdfd-1384e6932326,L3,Tweet
b7f12383-f620-4950-9538-9aa2e864bbdb,L3,Tweet
bc22bf4b-0716-4f75-afc6-34263afc1d76,L3,Tweet
a7ff971d-0f53-42fa-a54c-26cd70d1a6fb,L3,Tweet
c9450234-e56c-44f5-9e84-a8b2b35122e5,L3,Tweet
9d87923f-357a-44b0-b962-01c29d719dcc,L3,Tweet
617731a6-6a68-4a0a-be0b-ba25aeb968a9,L3,Tweet
cc03b760-835b-42c8-bf24-35925f646c1a,L3,Tweet
af0d6f73-e154-4113-9e47-a9c18692e1f2,L3,Tweet
d691888b-44b7-4e99-9999-d072a86795a9,L3,Tweet
8f11ea0a-2855-4cc5-aeb7-7a21430ed210,L3,Tweet
446f56f2-22a7-417c-868d-d71d5f37a31e,L3,Tweet
a97d0c60-321e-4236-8379-eea636614a61,L3,Tweet
b820f888-4448-48ea-9cf5-ee878d5fa17a,L3,Tweet
e7f7d850-ffce-4309-9aad-ffdb736879f1,L3,Tweet
41000fa0-4644-47c9-abfd-a5fb71604997,L3,Tweet
e3c8a47c-b96e-4dc0-8b16-7166dcc7a971,L3,Tweet
af57c97a-b858-4bd6-8f14-4b2a566ae931,L3,Tweet
fbd30b82-2a2c-418e-bb0c-0271378bd628,L3,Tweet
2820c188-08b2-42f8-b9ac-ba681cac97b5,L3,Tweet
27319db9-fd22-48e1-9a4b-52dd9b2c7dd7,L3,Tweet
b0ae9c6f-f10f-421b-ba41-1a176e23134c,L3,Tweet
2b01b796-d3df-43e9-8f10-303fdf3f8365,L3,Tweet
abb45a55-aac8-427b-8601-25ad49ab0d01,L3,Tweet
a37a3f0c-9475-4bc4-8758-9931989428e2,L3,Tweet
67d23be5-8be1-41d6-a12e-dc59be059279,L3,Tweet
6cd98065-a78f-437a-9f73-0dce7cd736d1,L3,Tweet
b569d437-aa14-46eb-90b1-f1eb644833b8,L3,Tweet
0e31c389-73e3-4388-840b-f6a084048e76,L3,Tweet
c338ef5c-fcdb-438d-a325-47be7a08159b,L3,Tweet
efb4d94e-15dd-4b6f-8eb6-a5a0885ebc56,L3,Tweet
7de4a499-167a-411f-a4f9-0ba0567e98f5,L3,Tweet
557d1788-b52d-4e58-b712-0e441fe29511,L3,Tweet
7daeb79c-ea53-4713-96ca-acf06ff0eda1,L3,Tweet
4e7f2aff-80b1-44af-b398-5edb1aa44806,L3,Tweet
f9e28a8e-0051-4845-aa84-d7b2986f0154,L3,Tweet
3df7f7e2-e949-4af0-bd90-dcd02076f6c4,L3,Tweet
fc2b84f1-0acd-4351-8d32-0fa322841594,L3,Tweet
61914424-a382-491e-9687-7cca5320f0c3,L3,Tweet
e3c1d7b2-242b-4700-a86e-52a030b3bd7a,L3,Tweet
6f4e5847-480a-4148-9768-d5466f797765,L3,Tweet
cedebc9a-09f2-44dd-8f2d-90e5d316a50a,L3,Tweet
84d715e0-cac8-42ef-a9b4-a10877b77f58,L3,Tweet
083153ba-2154-4e8f-95a7-bae0121681d9,L3,Tweet
fb27cecb-4211-48f6-b8a9-9deac22254da,L3,Tweet
07857afc-b434-4455-a6c8-d9de089d6a5e,L3,Tweet
26c12115-3d76-4c6f-91db-bc6e8ccd9a41,L3,Tweet
27af257c-8d1d-445d-932d-b46781f7e007,L3,Tweet
6fb917c6-0402-4325-8fbf-edddb32fcd5a,L3,Tweet
6d20cc71-ef39-432b-92e5-a1e2497519ba,L3,Tweet
f1fcc25b-9ac6-4f88-8e26-b790b0cf9ffb,L3,Tweet
c54ea948-7d49-4633-bc34-8cb1e1564158,L3,Tweet
726e9fde-dd82-4fc5-b45a-d30ee424fe83,L3,Tweet
0227bbb2-cec0-46d8-82e9-acf597a40c4b,L3,Tweet
60d20a64-50a7-4d27-9c39-2db69a082114,L3,Tweet
28eb567b-bcb7-43aa-b90d-adcaa41d9d94,L3,Tweet
271c4e48-d5a2-4e0c-961c-d1fac363b1ce,L3,Tweet
2f002063-1a68-4b56-a8aa-730a86d88972,L3,Tweet
2fbbce60-4f30-4716-80ef-c664d5967493,L3,Tweet
5e997e63-2ce6-4e67-9c0d-6a505e4fc2de,L3,Tweet
b7fb1131-3bc4-4222-84e2-aa8130dc7ee2,L3,Tweet
9690ea79-27de-4c80-b5b5-c56774dd6c12,L3,Tweet
2f63fab1-2a7d-4e7c-9227-6bec58c251ff,L3,Tweet
a23d5d78-1fd0-496e-a730-6e3bbafa1f49,L3,Tweet
94cc2363-fd29-4359-b0de-327a4e20647f,L3,Tweet
823f8d45-7bb5-47c1-9480-bb5e9ecba9ad,L3,Tweet
c6bf8069-e16d-4027-8d4d-72a72e90ee9f,L3,Tweet
df99ac6b-5937-4e1c-baad-3d36d699653f,L3,Tweet
27073a84-a342-4f3c-ab80-5f767ec59ddf,L3,Tweet
1431d8b7-03db-489e-bf42-b092058b91c5,L3,Tweet
351e362e-bfd1-4571-989b-7b1a44f5a4b4,L3,Tweet
2ee26d80-44de-4480-8fb2-7aa3ddf9f4ff,L3,Tweet
6c39c3b6-ad33-4f25-94b8-6570e4dfdd69,L3,Tweet
c7c27de1-7523-42d7-988d-183609be9b0f,L3,Tweet
d78d4621-f9ae-4eb6-a2c7-be4be888216e,L3,Tweet
d9a3286b-b6db-402f-a433-ed68ede4f429,L3,Tweet
0ebc42ff-12f9-41ad-b838-b757a268b0b5,L3,Tweet
b8206ba1-ebb6-4ec7-9242-f08a5b737903,L3,Tweet
c2c8389b-51ad-4cc7-af1b-56e5aecb7af0,L3,Tweet
5f4a920a-57ae-4481-9146-4e9ff8339632,L3,Tweet
5abf55ff-2c3c-4480-9f5b-d88db9fc07e2,L3,Tweet
b8413c44-7eaa-4a57-b8cb-8c1cb1e49ba6,L3,Tweet
9aa7453b-4ac7-4b33-b569-4aa806a767ff,L3,Tweet
d803a586-577e-436c-9e03-4cc87c6ea9dd,L3,Tweet
fa812fe1-3873-4550-85fa-0e3dc802a52a,L3,Tweet
97fa87b4-d9f2-41a6-9cda-a8b748d4892b,L3,Tweet
bba38079-0e7f-4654-812d-f5079c2c7d69,L3,Tweet
6393eeda-65eb-4f2a-8961-ffcb750b7867,L3,Tweet
fcd4fb76-bc63-4776-9eac-04899110fcd1,L3,Tweet
6fbb12c3-fa11-4ac9-92ba-289227a963d8,L3,Tweet
2e7dfff9-9496-46ee-ac53-889d42b6a66c,L3,Tweet
aac98426-aee5-490e-8674-b6393b548fad,L3,Tweet
517f4f7b-c7d1-4780-b06e-d4b48858d5c4,L3,Tweet
d85615ce-43d9-4672-8936-9ecdb0c42d00,L3,Tweet
2120821d-9fff-4106-a848-87470c5fb7b8,L3,Tweet
45436ecf-2e79-4a71-84ea-aa34546b49e5,L3,Tweet
1f6cc3d2-2ca7-420e-93eb-5723a4b73e66,L3,Tweet
834bf636-917f-4401-b84f-f20b402709dc,L3,Tweet
00ad1522-cc24-438a-9070-c85e094f2629,L3,Tweet
11a5b805-6a5b-4a4c-a2c6-05e827d9ee71,L3,Tweet
33252ab4-8ac2-4000-8c20-798fb5392225,L3,Tweet
7e10f982-2978-4c9e-8cf1-2b0838062f44,L3,Tweet
6a62525b-0687-46e1-875c-a59d01d3f33c,L3,Tweet
745edfdb-e019-4f9b-b2a2-7e4181fea241,L3,Tweet
b73b36c9-dd81-4f3b-8cd4-1f3b9a6819bd,L3,Tweet
f78a0444-7846-49b4-9100-b30f6eac5c01,L3,Tweet
172167dd-e85b-46cf-b362-9c264d1db2bb,L3,Tweet
e122980c-a7a6-42e5-b786-11c47cdba771,L3,Tweet
513cfcdf-125c-4af9-b4a5-1a62db930fe7,L3,Tweet
c0db8816-eef2-4088-ab34-150e7dfd348b,L3,Tweet
15717222-9f27-4aad-805e-8062fc84ac85,L3,Tweet
907e3722-5812-4e6f-835f-9587b69414b8,L3,Tweet
819f54e4-e711-4515-a83b-dab4e2ca7a23,L3,Tweet
5afc66e9-945b-4871-82c9-d5c1638a26c3,L3,Tweet
18f61f32-6ff2-4cc6-a7af-7166e9e3ffab,L3,Tweet
b6ec9cf9-fce5-4a89-9edf-cdfd4b3f642d,L3,Tweet
5e83cccf-f6d8-434d-ad1c-44525f5f02eb,L3,Tweet
4694d4bf-232e-4d9f-a0b6-4e4884feb317,L3,Tweet
4eddac15-28b2-4ba6-9c8d-011fecf5d5ed,L3,Tweet
5f33d4b2-fbb8-4355-884b-93d8a6dbbcd6,L3,Tweet
50488225-6808-4f23-9911-f0380bebc213,L3,Tweet
2a663e20-b740-4659-a0ce-520e3f5c5624,L3,Tweet
6c8747d1-e596-4ab7-86ca-4c5d7f613e94,L3,Tweet
87b9f58b-a002-42f9-8daf-f70262fb38e5,L3,Tweet
9235b35f-99dd-4e3d-99ec-079d83152646,L3,Tweet
35ad3c98-b102-43e9-beac-eacb4c518fdb,L3,Tweet
26b073a9-e09e-43da-98b2-58bc901fe051,L3,Tweet
769a8091-0dbb-4e0c-8f00-8e52b6c006f5,L3,Tweet
407797a9-9873-4fa6-8836-0081fbf41da5,L3,Tweet
b3dd6a10-f780-4153-bb35-7927e8c3d347,L3,Tweet
45b1f070-7a5f-48cd-a5a2-93cc6964d545,L3,Tweet
c846a270-27a7-40e7-bb5c-7dbdfcc9215d,L3,Tweet
506e840a-9366-44f4-88fc-507678134661,L3,Tweet
9dbdfcd6-399c-4252-97cd-5865cfecc57e,L3,Tweet
50ed1fab-c53a-48eb-b6eb-de04f22c6bdc,L3,Tweet
207e0d89-54aa-490f-88d0-996f427b2a7c,L3,Tweet
235ff492-237b-4607-a30d-f44254ce2b76,L3,Tweet
443b3657-89d9-4030-a16b-56670f635f32,L3,Tweet
4f27565f-224f-475f-93a3-886f2ff3d47a,L3,Tweet
dfbaac04-8ca1-447e-b405-c91d46960067,L3,Tweet
7e50a704-f90f-4fec-a455-0e45b3605da7,L3,Tweet
8e3d04cb-feb4-42ba-86da-4892d0d5a269,L3,Tweet
c4b6a375-0c45-48d5-b1dd-49f4a917bf10,L3,Tweet
f1a57bb5-88f6-4725-872b-96409beef0f1,L3,Tweet
f286eb52-8b25-4a95-a4ee-69919577bf5f,L3,Tweet
b90de84b-5e22-48fe-9368-4fcf6f217209,L3,Tweet
88085dc6-53d2-48ed-b607-97f8f317c666,L3,Tweet
17ab370b-0250-403e-83cf-a76dfe96697f,L3,Tweet
96f95533-fa36-45ac-8888-003bfaa866a8,L3,Tweet
625fef0b-8822-4b04-85c3-58c8012cc7b0,L3,Tweet
5a89721d-4855-453c-a8ae-847684fbb450,L3,Tweet
2c20546a-b9bd-45f5-9de8-816d5041529b,L3,Tweet
fdfed888-0b7c-49f8-a49a-12a774b3f806,L3,Tweet
f7e3f61a-6784-403a-bbb5-f562b2d71a26,L3,Tweet
f8abe29a-0ad2-4ff7-ae3b-5565cbb1875d,L3,Tweet
efcaeccf-adad-4518-a63b-d50b8464a0ac,L3,Tweet
df3a2906-0c08-4cf5-8c8e-1651dcd39b5e,L3,Tweet
cf3fc97d-e70c-4ce1-8038-10be6708dd83,L3,Tweet
3365a602-edc1-4651-abb9-ab196d011fde,L3,Tweet
aff20067-4797-4ded-b808-fda096da0f75,L3,Tweet
4753abba-4f97-4d5b-b1f5-7b9de7589383,L3,Tweet
c8a9eaa4-77b4-4150-9b58-7c077601aab9,L3,Tweet
0b2bc27b-0fd2-4d7f-9efd-e35a86f392eb,L3,Tweet
942d3aa6-a38a-4118-be7c-ae80bd064b4d,L3,Tweet
968354c2-724e-4a40-ac38-09e1f3964948,L3,Tweet
0990f27c-fcc1-4f74-8457-4d2673c517f9,L3,Tweet
3b71e98a-83c7-4b70-a729-85db4ee787b8,L3,Tweet
c6eba026-a7e4-4357-bde4-02795d3b40cd,L3,Tweet
88c61c35-52db-4137-ab24-3e41ef37bf15,L3,Tweet
72efd039-9b54-46aa-9fb5-c17eb8698ad6,L3,Tweet
a8e0ea7a-a5fc-4a42-a4d5-0935c6040bd9,L3,Tweet
0def30b3-a81a-4ced-8404-09f845abf961,L3,Tweet
022225bd-c24e-405d-ad82-78a8ac8af098,L3,Tweet
fae19257-0b48-455f-a7aa-a3a20f01c124,L3,Tweet
3ab316e3-d27e-43ee-a291-c050bb46b3de,L3,Tweet
f0b727de-408a-482a-a361-5d9c1e855283,L3,Tweet
ff1d4e6f-6ae2-4431-b171-63025b92724b,L3,Tweet
8fe6aa29-81f5-4257-8e45-2a18c7d38b06,L3,Tweet
a65c79ef-e096-4d8f-bb66-78f493f85e81,L3,Tweet
01155524-27ba-44f9-ad0e-68aefae8b682,L3,Tweet
952f1788-5d79-47d8-a391-16dd4998c885,L3,Tweet
9b8d3018-174d-4b78-a519-fdf7dc8c85c8,L3,Tweet
ab9e08be-6c87-47a3-bd46-7f7181856570,L3,Tweet
773d01fa-5e2e-432a-911b-81ed712f352b,L3,Tweet
6ea67daf-e15e-467d-a62b-0cbea02421f0,L3,Tweet
e6e08893-5fce-4dc4-99ce-362055022aa4,L3,Tweet
9d575cd8-c9d1-4a74-a045-a4ba96d8e037,L3,Tweet
d3a592d2-1edb-43af-a659-d93fbd68359b,L3,Tweet
b9cf17e5-4a2c-48fd-9eaa-91c1da3c659a,L3,Tweet
59880c4b-9070-4408-8acf-4cd932bf242b,L3,Tweet
95debb40-635f-4698-9fd9-fb79a8e28cdd,L3,Tweet
573944a6-5cb7-4a10-a6ad-4a728f25db45,L3,Tweet
f2c9d63e-b3c1-4997-b0d7-76a2dfeb2f7f,L3,Tweet
1c8bae7b-f0d9-4d5a-8f7b-50f5a8350d10,L3,Tweet
ad7c0c9f-6ed9-45fc-af0b-229803162449,L3,Tweet
e70a92ef-1454-4587-abb8-f1436a448395,L3,Tweet
b830b228-bed1-47b7-9060-4e2b437eef28,L3,Tweet
c540cc1f-70c2-4ae9-b8c8-59a59bfd8602,L3,Tweet
ac5621b4-b105-49ac-8d49-806478af0e44,L3,Tweet
e69086b9-1a3d-4c0f-b10b-6c1f6da742aa,L3,Tweet
23d78c0d-6406-4a08-bf62-9a7cd1e084f5,L3,Tweet
3f8a1dda-a897-4e95-94a7-a1399c285481,L3,Tweet
71bba79c-3509-4d49-90ac-e2d394107b81,L3,Tweet
5190a01b-df1d-4f07-8a5a-be1d732d41e9,L3,Tweet
324f5855-baf8-43b7-843d-f50e6f5c0cb7,L3,Tweet
32ef1907-d89b-4e39-abfc-ab36e89af49f,L3,Tweet
b7db6dd5-cdda-4210-8875-727b02993b3a,L3,Tweet
64456225-6452-415a-8aaf-bb6733ef73bb,L3,Tweet
178cd836-c0a6-4d0b-8622-68798a6e1abd,L3,Tweet
bc77afee-6088-4369-8122-6e304c50e8b5,L3,Tweet
861e65e9-f68b-42e4-bf2a-52f43b199595,L3,Tweet
e646e92d-7700-4112-9982-6271525592cc,L3,Tweet
94a30dcb-f58f-4c5f-bf40-0e0f2ea2a130,L3,Tweet
adb3847c-dfb8-4c70-aa57-9346370a783e,L3,Tweet
f461a752-9bad-4223-aab7-89c03f886da2,L3,Tweet
a4cb64a9-b146-4370-b107-39bbd8d6b0ca,L3,Tweet
1b621a5f-130c-4f8e-9582-c502594a6423,L3,Tweet
2539bf23-07b3-480e-a013-96958a57b9e4,L3,Tweet
9da7178c-855c-49f8-8965-163ba9abfd2e,L3,Tweet
8b575211-49e6-4536-b800-50fa6d425164,L3,Tweet
cdef6bfb-7071-4b33-85a5-5fad0a97ee74,L3,Tweet
ed38c5ee-9e52-4c9c-b62f-2a146c2cfbdf,L3,Tweet
590b0557-d777-4e7c-a19d-41ae35443220,L3,Tweet
39262ede-03fa-45ae-9d4f-68b304dca671,L3,Tweet
42604433-9b92-4134-9e79-cedb65121d5c,L3,Tweet
cc96861e-5f88-4361-af34-ce8a207884e1,L3,Tweet
8e3d3b87-3796-4b86-8b40-f62390f54e20,L3,Tweet
faddde26-0056-4d02-bd0b-b3531a21196c,L3,Tweet
a013bd0e-93fc-4565-9946-52a65ff1a72e,L3,Tweet
08b4b1d7-3855-472a-95ee-91516d157caf,L3,Tweet
d4ee945f-a9a4-4170-b52a-a33aa9ab0318,L3,Tweet
26ebf317-7b77-4908-a2ec-5b8a89700b4b,L3,Tweet
901c4084-aeec-483f-bdd2-843039b7162e,L3,Tweet
9b5cf198-bb93-4c89-b11b-b27483a91701,L3,Tweet
7f587431-cbe6-4a4f-ab50-6633d9ae3487,L3,Tweet
973cbafd-de33-41c5-bac9-9f32d660b341,L3,Tweet
8dc9e5cd-04a1-487e-8b17-95bf67721924,L3,Tweet
d68aeb74-384e-44ab-8909-353c28583daa,L3,Tweet
e98d929c-e884-4149-903d-a131a7384bb4,L3,Tweet
b02271be-28f2-479e-8a35-d26312239baa,L3,Tweet
6e594246-1fdd-45fe-b34f-17ebb28c617f,L3,Tweet
88e6a006-b7de-42e9-9fb9-ca2c2d45c055,L3,Tweet
33d3e781-a0b1-4c8e-af2f-eb14ad566ace,L3,Tweet
4ddd95ce-28cf-40aa-a4ef-5b88aad2b3b7,L3,Tweet
6c555c37-3d59-40dc-9ed1-faef71e3c987,L3,Tweet
933b742e-8cab-4112-a404-49ed8ee7fdb0,L3,Tweet
9fd29252-5ce3-4983-b582-4d88abfa7d7d,L3,Tweet
4322332a-d004-4640-a244-6931298f210e,L3,Tweet
85e413a4-af69-46f1-bfbf-6e5a993b693c,L3,Tweet
877fa394-75aa-4b77-9584-f20d62b1fec1,L3,Tweet
300e37c1-8a8f-441b-9198-86f2480a6b64,L3,Tweet
6539b5a4-d04c-4aac-9f72-9f3262450e6d,L3,Tweet
6d5a1b9d-3c05-4348-9768-06be6d6c7c05,L3,Tweet
6ecb4182-92b4-401f-b0d2-68e4d7c59253,L3,Tweet
e758c2eb-a4cd-466d-b1ee-dd65da19af4b,L3,Tweet
e70bd677-e3cd-4436-a881-bce2b8755bb6,L3,Tweet
fe067e4b-685b-40ee-960d-564b4e19dadf,L3,Tweet
8ec70ce0-c4a8-487f-92d7-169eb810d556,L3,Tweet
f3bf1947-037f-4e81-8a68-51c3709dce07,L3,Tweet
1c39af74-3515-4412-82ee-3ff2b3890a1e,L3,Tweet
8c80508f-3c75-443a-848f-46853c5fd953,L3,Tweet
8b3fc86a-8d66-477d-9f73-c4844df2191e,L3,Tweet
2aa05ddd-cc5c-43d7-b140-e81781e767b0,L3,Tweet
6bc971bc-a270-40d5-a913-656ee22e1101,L3,Tweet
1793e542-1f9b-49b5-95dc-b55b6b95d565,L3,Tweet
ab7607fc-af95-4ef5-8035-91186832a63f,L3,Tweet
b9f455a0-578f-441e-9e53-3e8f3dc95490,L3,Tweet
f99f4b81-6718-4fe3-9b2d-c3cda5fc7cf1,L3,Tweet
65ba8533-4878-475f-a6d1-4051c5d8eef7,L3,Tweet
9311b708-75ef-4adb-8ec4-e0c5d9bbd90d,L3,Tweet
f841e688-cd97-41b5-9b95-6b4b438bf717,L3,Tweet
d80fb053-3a04-420f-a48f-7bd596170ebd,L3,Tweet
3904d363-2ab2-4b7e-bbd6-ca72d4959a49,L3,Tweet
e19607b2-64d8-48fe-9eff-c18755afa1ef,L3,Tweet
d6e66949-2bf9-427d-a95c-77a61f0f78f8,L3,Tweet
d4dc873c-05b7-45ee-87c9-8280172e0d84,L3,Tweet
bfcf114a-8801-4b32-b54c-fa23a1e2cecf,L3,Tweet
467adb68-4794-42c6-a48b-1135683ab91e,L3,Tweet
0a08ecd6-f357-44ef-8f9b-e9df53b6a7ff,L3,Tweet
9e29aa98-85d9-4500-afec-3e6c8023e625,L3,Tweet
83cfbce5-a6d9-4db2-8d24-865d5eca130e,L3,Tweet
6a303b98-5642-46fb-8068-333431da36b7,L3,Tweet
08b7f81a-957b-4705-af89-7d6e3c53d8c1,L3,Tweet
d3ba033c-44ce-439e-b2cd-b1469524e49c,L3,Tweet
cae3dc91-92ea-4f39-b815-29446afc2fca,L3,Tweet
e60cb31f-10f4-46e7-bd93-c491a97fd3fe,L3,Tweet
9e4ee494-4668-4ab5-baac-5974e1848a28,L3,Tweet
946f0ba5-5937-4948-a077-470262ab566e,L3,Tweet
b112a907-0d72-486f-ad02-82c88702a8ad,L3,Tweet
81a141ef-d643-4aa5-97ca-9378f3dd0905,L3,Tweet
a2fbbd9c-6337-494c-b22c-7b039ca0ae5a,L3,Tweet
d7723c1d-9159-4aeb-a3da-81542d7b7572,L3,Tweet
10e6f782-d8b6-4dc2-b6ac-10ef18bc7318,L3,Tweet
b025587b-79e3-414c-9125-a96c2aee738c,L3,Tweet
8c4159a3-4ed7-462e-8945-439549dda456,L3,Tweet
89f27864-41ea-4767-8b1f-ecdab7303b7f,L3,Tweet
66de6753-8046-4026-aa72-3941445c3477,L3,Tweet
86c0d283-9d8c-48ed-bb9a-5726eaa5c112,L3,Tweet
7eb3d984-19d6-49b9-bcd6-432b8d721afc,L3,Tweet
74afc9c6-3510-4c72-8787-f98d24f072a5,L3,Tweet
62045a02-1418-47f0-bac9-2d5e13e2d0c1,L3,Tweet
6ee3a261-bd03-45bc-b7c5-ae9464e90cf5,L3,Tweet
63a249d5-6745-4684-9e09-ac03dbd6e3a0,L3,Tweet
66497865-9ca0-45f6-992e-d9389db1671e,L3,Tweet
eb300985-fcc2-49db-a2d6-22b7c90f4e62,L3,Tweet
918d31a1-aefa-483a-995c-19c3d1187df4,L3,Tweet
8c5a0050-fc8b-4235-b579-ebfc8071a949,L3,Tweet
d90c983c-b8ad-44bc-a43d-45b4f0b7f7da,L3,Tweet
a0742764-6f94-4789-ac16-404e0aabe3be,L3,Tweet
24434eb6-6106-47ad-b6a3-2c27d167151d,L3,Tweet
d19b3317-a15d-4d7d-9336-60a9a399d212,L3,Tweet
1ed7cbeb-1643-4449-b67f-a59a2388fa7c,L3,Tweet
23f38dc4-32a8-4fa6-aece-79018a36e3ba,L3,Tweet
76f78234-dfb9-4dbb-ad27-0a2b044a96d5,L3,Tweet
467e619d-52fc-460b-8521-30843a632f60,L3,Tweet
b99d97dd-dbb8-4b23-8189-b6035512d598,L3,Tweet
d6ba5c99-0ea0-45f4-82c4-21774e59d990,L3,Tweet
ba761309-e303-4357-bcec-0999ed2423fe,L3,Tweet
caab9658-8a87-4ea7-81b7-1d7796d3d206,L3,Tweet
6c9b9348-2b0c-4fc6-89db-3fba5fe017aa,L3,Tweet
97ce099b-d47c-4894-a9fd-a60ecaa48f21,L3,Tweet
65213729-9bc4-47d6-9c62-c3f8c5c15816,L3,Tweet
1be71d96-4493-4cc0-937f-840993e76052,L3,Tweet
04ed1b98-e5d6-47cd-8d1b-07c9406c6428,L3,Tweet
8cc81e31-5647-4d84-8df2-981c8e89c466,L3,Tweet
66dfb77c-b11c-4cb0-8847-061c7019a838,L3,Tweet
5e0658d7-1d88-460e-9e5e-a1e648fb80c1,L3,Tweet
18472e4d-5f70-4ae9-9e38-9fca038924bb,L3,Tweet
1b6880bd-a1ae-483c-ac97-f8138dfac6d8,L3,Tweet
e96023c8-4e67-4058-8cae-af711063f444,L3,Tweet
262eaed8-3708-4894-81ed-224cd4f3107c,L3,Tweet
fc92f9b8-0b7e-47ba-b7b2-4c16ddd930d6,L3,Tweet
733c34f6-a299-4b6e-abe4-c6b2d63d0204,L3,Tweet
15bcb316-54d5-4b93-9d17-e55820cc8e34,L3,Tweet
f7231026-3b54-42f7-8364-ce29eac2024b,L3,Tweet
2ace4c51-a598-4869-aea6-f9d66b35d72d,L3,Tweet
0c3fc84e-a880-4a84-8aa2-cc32048bbf0a,L3,Tweet
e1e7d419-57a5-4341-ba74-7713e837598d,L3,Tweet
1ba83b1b-5d0a-4f1f-8761-4c42dc90fc3f,L3,Tweet
c60ad77d-b161-49ce-928e-ba68abc748af,L3,Tweet
0c26a911-2c8a-4f58-91bd-f9c4d393b445,L3,Tweet
9ef4a452-3c63-4985-98e6-77e15bd5f5b1,L3,Tweet
889162dd-a5bc-46e2-910d-53a25b592e6a,L3,Tweet
1e601b8f-5914-4d84-a60b-aecbc7af8f44,L3,Tweet
b7e85ee5-9e5b-4cdd-b3cb-85e96bdff141,L3,Tweet
464e9690-8a4e-4f83-ac01-ca4ddaccd438,L3,Tweet
db37572f-7ec5-4e82-8344-77faa0846b5d,L3,Tweet
84e01ac6-ec7f-4ba8-be97-d7f85784399b,L3,Tweet
187ef35e-da37-4906-8798-d949dfc0fe00,L3,Tweet
139d9650-0a4a-494d-9722-c985b4071217,L3,Tweet
0a460502-0a7f-4a36-a054-b0b685e03c65,L3,Tweet
02250100-9620-48c8-b504-fe1b59cce295,L3,Tweet
8db1bf89-d48a-4360-a54d-a40b12a0a198,L3,Tweet
8b8f5028-a408-4d72-ac9e-ce881ae348cc,L3,Tweet
1f057600-b1ff-4a4f-8911-c4e9770fd41e,L3,Tweet
d08011e5-622a-4f67-af2f-0dacb7071dc8,L3,Tweet
7a365b02-3f76-4ae1-839c-827a98357783,L3,Tweet
90fb43ea-a676-43ab-b51a-3551f77ec963,L3,Tweet
617e5c24-6f66-489d-a76d-7eae5ac0e2c4,L3,Tweet
6a7577ef-6e8f-48de-8ea1-967d2f79cb9c,L3,Tweet
8e9eb991-dc7b-4109-94ae-426cc06ed747,L3,Tweet
e54d9d02-f068-49bb-a12f-24bedbc32e4d,L3,Tweet
7401f6a5-2c2f-4716-932b-ad78d7b7e5a9,L3,Tweet
55eea988-926f-4904-a051-86b013ee7361,L3,Tweet
aea7b68a-a719-443f-b34f-b22f51a38a36,L3,Tweet
b80e4af1-493e-4a88-98e0-05694e48eca1,L3,Tweet
a5f33754-52ba-42d4-8d6a-1f53b61c5eab,L3,Tweet
9052b164-ffb5-473d-b715-95fac7606bae,L3,Tweet
fd8f57ee-f98f-4b61-852a-766e970d272a,L3,Tweet
783c6f4f-ea3f-4bcb-9b99-73cb070ecd6b,L3,Tweet
a3b12000-d7c0-4045-a987-d878e1f8200c,L3,Tweet
0d3058c7-c0a9-46e7-bd25-1b1d580077fe,L3,Tweet
3ab7fbfd-625d-457f-89c7-cf99b3273508,L3,Tweet
cb9063ed-165e-4a25-85ba-367aee69f275,L3,Tweet
6c91a9ec-c678-4add-b586-294323be625a,L3,Tweet
0428524d-fc49-4196-b7b5-0cef870a3e40,L3,Tweet
eee778d9-27b3-4dd7-8554-d902c21fefa9,L3,Tweet
3e1ebdfc-5c4d-42de-96db-7d09d0a58a59,L3,Tweet
9e7e1719-0bc9-4355-acb6-83a578af8259,L3,Tweet
feea726d-7ffe-4c28-8877-18d558e5f333,L3,Tweet
91dee8ef-9bdc-4b59-9c9e-3ef40bcaa98f,L3,Tweet
0912bf8d-782d-4c1d-b736-890088a21e80,L3,Tweet
26dc3cce-5b3d-4d10-829d-2de04f01bc84,L3,Tweet
e56a6bd2-4cb9-4e9b-a973-35ed3e3b1edd,L3,Tweet
c8a9f654-2fc5-4084-b4e8-6db06b578558,L3,Tweet
774fee58-f0bc-473c-a246-c38f2f8a6a7c,L3,Tweet
d19d2c53-37f7-4e63-b5d5-a573cb7277cc,L3,Tweet
b6c38880-9b55-4935-afdb-5144df5efff1,L3,Tweet
51778b89-9f32-476c-8f9e-8cefe42cf5c1,L3,Tweet
74ac9f1e-c5a3-4623-9c7e-8a595d814158,L3,Tweet
ddf3ed1c-2067-4038-9608-1d6e8b20820f,L3,Tweet
70ce3828-7194-4d5c-bef1-244b4249afde,L3,Tweet
bc129c2f-0cd6-4c53-b51b-054de8cd987a,L3,Tweet
5daa8e4f-6625-4f93-b1d7-1309635c13fd,L3,Tweet
c9ba737a-6ce3-40ea-8843-a05d361534bf,L3,Tweet
f79a7361-78a3-4fd5-a891-c35dbd95f16a,L3,Tweet
5d0bd90f-37e9-4023-bdee-d3f66cb2ea8b,L3,Tweet
fc81ac0e-6944-42e5-bf84-20d2c3f0510c,L3,Tweet
313692a2-ebc0-4099-8349-1c7764d1ff59,L3,Tweet
6f771460-291a-497f-a5ed-c3d59b799b82,L3,Tweet
bc3f12d8-399f-4c8f-9318-e1cfe59854d2,L3,Tweet
82cdb372-01ba-4bcc-acf7-b84ee33c3907,L3,Tweet
693ab8fb-ca24-467e-80f0-c8762d23b9f3,L3,Tweet
1fd18b08-a234-4487-9081-8b041a25514f,L3,Tweet
267cea81-7893-4685-93e9-bd3eb9d9372a,L3,Tweet
fb28174e-da72-4c09-bf75-f57e231a7f3d,L3,Tweet
b9d267ab-d62a-4d71-903a-edfc127891c1,L3,Tweet
b276f575-8a97-49fa-95bb-a052b3ccc149,L3,Tweet
97d782e3-41ae-4994-b305-ad3fe3b50efe,L3,Tweet
3cc1e31b-bf7d-4abc-a17f-deb84ffe7065,L3,Tweet
9c29c154-2fdb-4dd6-8abe-b9563f624f75,L3,Tweet
4ca7af41-2e59-42e5-a251-643ecf32e992,L3,Tweet
274e947f-595d-43ee-a926-6ac8f033dce7,L3,Tweet
146a65ed-bd34-40f5-81f9-0014b5c6cc69,L3,Tweet
dc4614b3-5a40-47af-b299-5c97a34987d3,L3,Tweet
04bd67af-d599-4d5b-8ef9-63bb46828e78,L3,Tweet
bbc1728c-9753-4721-bc16-a7514499b5a3,L3,Tweet
a8f96df8-d030-4896-ac07-c49295250b95,L3,Tweet
838ec009-e206-459f-9fed-018bf2b32968,L3,Tweet
08960156-4dcb-4c08-8660-dad8ffcf60b7,L3,Tweet
23d5c7c0-3fa6-4416-850c-ed0e108fd53f,L3,Tweet
5c9df9ce-e6c5-4f51-ae0e-50ccab342f38,L3,Tweet
82798a63-50f2-4f2f-86da-0cda9c58cc19,L3,Tweet
af7afaaf-4293-4e6d-afe0-a3c21d0b07d6,L3,Tweet
4cbd5957-0249-4be6-b8c7-cc4e2c7f68b3,L3,Tweet
ba60d970-0fa9-4007-8256-47d5e29eeee2,L3,Tweet
e152ade2-281d-42a9-818a-8558c900fe8a,L3,Tweet
10859b61-5944-4317-8865-66542fe12e34,L3,Tweet
e2dfd0a5-ce98-49f0-b593-e8cee58e78a2,L3,Tweet
1f37e342-86d4-47b1-8bb7-d31871134c30,L3,Tweet
ca226dc6-b923-460d-bbfd-e13ccaafaa28,L3,Tweet
c522d9a0-303d-4235-88f7-514eb8f55814,L3,Tweet
49f3a433-ab84-4dba-897a-d32442956c64,L3,Tweet
162e0ea0-b23f-48d8-a32f-bed488be85f9,L3,Tweet
75e2f0ee-9977-4c0c-afd8-d19c0880c58a,L3,Tweet
8224b3ae-b54e-4de6-8f4c-8047dc088897,L3,Tweet
5393ff62-3c1e-4c3e-8a22-a2221d56eb9d,L3,Tweet
b76ffdaa-a309-4975-80af-046f0778c3aa,L3,Tweet
720c675f-224d-48dd-90a1-3de5d94baaab,L3,Tweet
0bf7de30-db68-4405-a49d-5151fa7039ff,L3,Tweet
4ff045f9-abb3-4fb7-833c-fb18d31aeb53,L3,Tweet
9439344b-1b9c-4bd6-949e-b42ef489609b,L3,Tweet
5b1c5b6c-9a5b-4002-b254-785299870d71,L3,Tweet
892789b8-297e-4f4e-87a4-ca22224ec4ed,L3,Tweet
43b8742c-d605-47b4-92e3-dbf3b2381dda,L3,Tweet
251ca932-dcb0-41ce-a986-e02a78ce2e23,L3,Tweet
a2b0d8ba-2f44-44d9-89cc-1f2fda50f8df,L3,Tweet
de9ca1a3-4b1b-46bf-838a-1851f727bb14,L3,Tweet
2d29975c-563b-461a-b140-50db8ba4e2b8,L3,Tweet
e0095478-d48e-48a4-b4df-07e026bbd739,L3,Tweet
2cb6c936-f138-42cc-b623-703bcd8c553d,L3,Tweet
5a3b3a7a-50df-4dfd-b8d6-35d8b6649b86,L3,Tweet
83e5c9ae-5870-44df-839c-7f286a0f642d,L3,Tweet
708ca0e4-3aa4-421e-b862-c7df93a5298d,L3,Tweet
49f72a06-38cd-4f6e-8e04-8bbd0a20967d,L3,Tweet
372b39b0-cfc7-4ebd-a64b-65dbf31f740f,L3,Tweet
70fc88a5-d2df-40d9-8afe-463f3ec58863,L3,Tweet
3236c80b-4999-413c-b135-d1b0686954bd,L3,Tweet
dd58aa56-6c85-4134-a5da-7a997055ea8d,L3,Tweet
bf5324ff-34b0-462b-8887-45ea39c1ddb2,L3,Tweet
9a478521-33e8-4085-96cb-56bb505c1676,L3,Tweet
e475e2fc-d6fb-4dc9-873a-1fc954ce0202,L3,Tweet
c86e39e3-2e8f-4a19-b277-2b0440db5c48,L3,Tweet
6eaf66cd-9280-498b-81e6-9897ce0ae06a,L3,Tweet
b9974817-576f-494a-8a99-5c4fde440203,L3,Tweet
0ef2dda2-ab80-4f45-97a6-4affb4358aa6,L3,Tweet
d6bbf4a3-866a-4021-997a-6da4bedc8dd2,L3,Tweet
5ffb935e-5c17-4da5-a220-380ca33445b4,L3,Tweet
a75f2269-7bf1-4714-a0cd-8ef1d11d30f9,L3,Tweet
2e47650a-3a1e-49e7-a66e-ef6cd26c4414,L3,Tweet
e32aa500-aa90-40c7-9bff-67114d86f812,L3,Tweet
6fce0264-e533-4036-a75a-41064011d0fc,L3,Tweet
247a3fef-8344-4031-ad1a-e6fedda12485,L3,Tweet
6df33ed1-01d1-481f-9a0a-1ac28607ec3b,L3,Tweet
1031a973-f2c6-4936-9077-2f438f8f406c,L3,Tweet
d918dfe4-5f5f-4cc5-b5eb-a92f88ae5871,L3,Tweet
a739b5d5-4936-4de8-8dea-725e27569d70,L3,Tweet
532f24d3-5cf1-4b9c-8f8c-70f1d9cb8742,L3,Tweet
87f3fcd9-3df4-423e-9fcb-d48750234d51,L3,Tweet
9841e540-2986-453e-a183-e758a1c972be,L3,Tweet
c79ea43a-80fc-4adb-8910-46e1ac7e82bb,L3,Tweet
44d6f533-3f43-430e-af05-72d778886a2a,L3,Tweet
f6e871fa-25ba-4087-924a-fe552f02d54a,L3,Tweet
bdc27b7d-d01f-425f-a54c-e44f3c7b3a44,L3,Tweet
c89dd17e-0491-4b16-9fc9-2491b523d6a4,L3,Tweet
a1396369-4cca-498f-9fde-bdd97f1a6807,L3,Tweet
31bcd4a5-95d2-4cec-936e-5883bfef01a0,L3,Tweet
c3f3636f-f1c5-4547-93b7-1597a631d4e0,L3,Tweet
4b5bced4-914a-4b73-99c5-23540ee686df,L3,Tweet
4cf80006-aba2-40ed-8b4d-e56e638c6a9f,L3,Tweet
973dbd59-387c-47f3-bd2a-413043502d9d,L3,Tweet
b10f7622-b606-417a-ab1b-9076d38a4fb1,L3,Tweet
0d3d776b-2043-4048-b151-01c6e80f19de,L3,Tweet
a28dabf7-5aef-4592-83c3-40e54567c57e,L3,Tweet
f25c4223-4d5a-4f87-ad75-398d8505af5d,L3,Tweet
513e0d7f-266b-4dda-8ed2-dde020406084,L3,Tweet
7a054942-23e2-46bf-af3f-9a7b0d66d88d,L3,Tweet
860bc825-49f5-4b82-8c99-716e91891f6d,L3,Tweet
367a3764-ee83-4942-9e80-259de5031623,L3,Tweet
c42e2bcd-b017-413a-adc8-95bd70b658dd,L3,Tweet
eff28bf9-f1fe-43f7-a23d-ea6b0c7a33d6,L3,Tweet
0a3719d9-2975-4211-8cd2-d2596f7b1818,L3,Tweet
94182683-cc87-4df4-9aa6-ca0c646a7a00,L3,Tweet
4001f61d-ec5b-4504-b0d3-689f357f15ba,L3,Tweet
d7e8a578-fdd4-4793-a4be-4e95075ba955,L3,Tweet
653dbc73-64d6-48b5-98b6-7e0570a0e64d,L3,Tweet
7c5f48b1-825c-4dd9-b5db-bda556d24d01,L3,Tweet
10c8f34b-221d-4922-b981-19af9269026f,L3,Tweet
bb32bb6f-45d7-4f66-ac24-e00d77aa0c05,L3,Tweet
7cfab16c-be29-4d5c-9e77-1c28b208eaea,L3,Tweet
918847c8-0ce4-450e-b433-ede3b8cfa69d,L3,Tweet
0c7bd159-2cd6-4e3f-8b65-54191e585724,L3,Tweet
254e160b-eaeb-4a25-865c-48256ba11283,L3,Tweet
56e9f31c-7e7f-424f-b4b6-b9bfbf7d992c,L3,Tweet
f76af422-9d40-467c-9586-0d97f7ac4b99,L3,Tweet
e477854a-23b1-431f-a1ef-b2b7031fce44,L3,Tweet
cb9c86ed-19af-4772-996a-36eae257a237,L3,Tweet
93d707f3-6243-4f9b-a915-15f2985b0a55,L3,Tweet
0affec74-964f-4864-acd1-471042cc1b70,L3,Tweet
aca23d1d-679d-4440-a2b2-cb551719e9ad,L3,Tweet
e7441b23-16fc-44ac-90f5-e2792f71a321,L3,Tweet
a46099f7-e203-41fd-a8d4-621c9de6525d,L3,Tweet
2ce842ed-a6e0-41e6-a6b8-c781439441f2,L3,Tweet
287f4c93-f263-4743-be7c-b1d89978538a,L3,Tweet
a0a27283-4527-4d91-82d7-f1a885dc5243,L3,Tweet
73c702a8-dd28-4677-b4c6-181900d55df0,L3,Tweet
1d79a2de-6f46-449a-8a92-f60f0edb77b1,L3,Tweet
8d87e62a-70ad-4822-91a2-d9798e70ffe4,L3,Tweet
b2c41a25-4618-45b2-9f40-9626ecf4e248,L3,Tweet
851dc5e1-60a2-4e5b-badb-4f1998c6c6b0,L3,Tweet
c04dc820-45f2-4184-a5cb-17f32199abda,L3,Tweet
09a13536-e6b8-4662-9f70-26ed2ed22be6,L3,Tweet
873cfc38-9de4-4147-9444-b845c2f03294,L3,Tweet
d369b58a-40ed-4c17-8d2e-8a8fd0fc6272,L3,Tweet
c49c5730-a945-498d-b983-8385fd953c1f,L3,Tweet
000f99e3-00b8-4ac1-84a2-6b74c1b80721,L3,Tweet
85f8acc3-2194-43fb-812e-fca6bbcd4ba8,L3,Tweet
177bd771-9b13-4f92-9dd2-1b0318978801,L3,Tweet
836c9e58-f758-4f85-b5b9-79f05f268407,L3,Tweet
1cd5ddd8-cd50-4e4c-8ffd-78861bfa6f3d,L3,Tweet
9a9d1d5b-d765-400f-bd18-de847ad8a3db,L3,Tweet
922cdfb0-dc14-4cf0-a314-efcf55af245f,L3,Tweet
1344d85a-b03e-4c6a-be60-3ff3336c2a3b,L3,Tweet
2c7a6052-91af-4b77-8fd1-31bd9b354a43,L3,Tweet
c2485054-8f14-4419-9c21-1a533fd885f1,L3,Tweet
1c1c1821-cb52-4293-abba-b162aae07234,L3,Tweet
86643e57-9d7c-4265-a182-628a258c317d,L3,Tweet
a8330e2b-317e-435b-be6e-941748c28d82,L3,Tweet
27c08043-87be-49a2-bab0-bdad73576f99,L3,Tweet
246892e3-8dbc-4584-bfee-639969f1b8d3,L3,Tweet
eb734d65-b0f3-439b-ba67-30f9e371a12c,L3,Tweet
a7cbf405-f33c-44ee-a1a7-00d2fcdab208,L3,Tweet
5f825861-e04a-4452-a7c1-9a3f532b62a7,L3,Tweet
915cefa7-2aed-42fa-8fc2-f0525fdacfba,L3,Tweet
0b2c7e06-4694-4b89-904c-2cd7bf83cb3a,L3,Tweet
88a22a1a-2dd8-4f59-a6c3-7dc8c8f001ae,L3,Tweet
804be73d-b159-4cd2-94e1-128d0008c6e9,L3,Tweet
743e45a6-7912-46b4-92b2-a095966bbb93,L3,Tweet
83381195-0a46-4c9d-8196-10ca5ece75de,L3,Tweet
9f138182-12ec-4cb9-aee8-78145599b2c0,L3,Tweet
d08cbdcd-c686-4379-8bfa-b7d6cee8d8f7,L3,Tweet
aafb9385-c319-4e2c-b8cf-5c564ff8cb3d,L3,Tweet
7795504d-d298-49af-890d-1458780e78d0,L3,Tweet
da71ff3e-80d8-432a-82ea-5dbd40fb05e2,L3,Tweet
51c55cdd-fa39-499c-872c-39f08cbfaf81,L3,Tweet
5f8c0718-abc9-4fde-ae6a-db40fd490cde,L3,Tweet
b02f7a56-fb6f-4991-9698-dfacbf4b4dda,L3,Tweet
34d82982-36dd-49b7-8f5c-8cf699676a7a,L3,Tweet
eb70d818-a99a-4797-bc17-ca82e1da7c97,L3,Tweet
d08d3f8d-71fd-4c91-83d9-4a1640fdd3ab,L3,Tweet
0001595e-1f03-4a06-9fad-3b3ae7dd75a2,L3,Tweet
102d6064-3566-4950-9da5-e563914f149b,L3,Tweet
9b0b201f-d4ea-4e63-951f-00e6cc4347a3,L3,Tweet
0672955d-9ea3-438f-941c-1b9edbf96a93,L3,Tweet
42c17fd9-93b6-43da-9877-5828cd71fb7d,L3,Tweet
7ed5a902-d418-4fd1-a025-1f7eda2c8188,L3,Tweet
ff00a19d-0af6-4e74-83d7-c58e14ef4a43,L3,Tweet
d2a51735-c604-4cd2-be9e-59d4a8b0f70b,L3,Tweet
dca24744-aec7-41a3-83e9-c271728bf095,L3,Tweet
d11552ef-3e3c-47e8-bef2-3246f67d082d,L3,Tweet
244f89f0-dc9b-4690-8b0b-96e313bc5c10,L3,Tweet
a79500ad-a446-4471-a035-1bb977b326ae,L3,Tweet
953ab129-b141-49aa-89e9-e1d4b5241d7a,L3,Tweet
ae938410-c3ba-4664-9ddb-625d07ffdc0d,L3,Tweet
b75fb123-633e-4b4c-8c17-65bcc44b6312,L3,Tweet
8ca82b73-7b50-4aa9-9cf6-a022d204df04,L3,Tweet
a83f30e8-d5c3-43d6-91dc-ef8e9079d6ba,L3,Tweet
50f479fd-c9e8-48b7-a23d-cbec1e259eb6,L3,Tweet
07cfefb0-9fa8-4582-ab23-8eeaab114a98,L3,Tweet
9aa6783e-b60c-4e92-b9fc-62a8ce0dce02,L3,Tweet
67f71923-d3fe-47d5-aa26-407edfada88d,L3,Tweet
b5e720df-df6d-4805-b079-43811ba3518c,L3,Tweet
6223c76c-e975-4c67-877d-802f35134b0a,L3,Tweet
f75c4d83-9b7d-49d7-b36b-e24d93f801d1,L3,Tweet
847aede1-708c-41e0-bcce-3a4575dd7c2c,L3,Tweet
d3cb4d09-98c6-4037-8337-f319d898a8ff,L3,Tweet
db4bc3c3-cf91-4126-88ae-f565712f7b0d,L3,Tweet
df20b8b9-94b7-43ff-8ce6-cca3a398d3ce,L3,Tweet
1808b223-cde6-4dbe-85e3-4cf1701e8fb5,L3,Tweet
08d90a2e-36cd-4ec9-be3d-b26a82672e36,L3,Tweet
7fa8ebc8-d9a3-4d3a-a724-4e258bf7fa7c,L3,Tweet
8e4cdc8d-ec00-4c7f-be64-1b5e517656df,L3,Tweet
42330d0b-c95a-402d-a17d-0d5f0547010a,L3,Tweet
b177baaf-840f-44fb-8499-abdbe987f152,L3,Tweet
a493f0cb-b437-47ed-ac99-9566d8af15e3,L3,Tweet
f40dc19b-ae39-40b0-a0c1-2450ada48fa5,L3,Tweet
56e02044-c434-4d41-bbf4-b1b87a6720e3,L3,Tweet
90c4becc-c9c5-4038-8b59-50a106988577,L3,Tweet
194d5a92-d248-4ff1-8fb1-7aac590f5915,L3,Tweet
abe563b0-a662-4d87-99c7-794f148f8cde,L3,Tweet
9a687716-df6a-4023-8ff5-b7b03e66936a,L3,Tweet
4db628c7-aa55-4ab8-b1b3-667220c47abc,L3,Tweet
40670c8e-bf7c-4d79-99da-b1ee2e4874b4,L3,Tweet
2f7c7ae4-417c-49d2-b9c7-6ab9faf3d04a,L3,Tweet
9a8ea392-8aab-4a20-b465-35c3e627ad91,L3,Tweet
aea89ebf-e3e5-4647-acdd-70cf8594bf25,L3,Tweet
cbdd9361-ffc3-4707-b547-db2ea75b1923,L3,Tweet
008c27ac-ea62-47e5-9c09-87d4662fe3ed,L3,Tweet
7f6448dd-9410-464b-9c59-327ccb6b36ab,L3,Tweet
36d569f3-b22d-466f-869c-0f93e04e3165,L3,Tweet
47cbc06e-0e7c-47b4-b2de-3653a968f731,L3,Tweet
7b21fb1c-b7d8-484a-b94a-415805d64d6e,L3,Tweet
e11d6ed1-9989-4560-ae9e-04d61135e252,L3,Tweet
f748cd5a-2152-43e2-955e-9fdd7c508ae1,L3,Tweet
bc58061c-d9eb-41a5-9674-183b11720eb2,L3,Tweet
60381404-b89b-462d-9e13-46f6aa185295,L3,Tweet
87dba850-c12f-4613-b221-2c04db8cfb5d,L3,Tweet
563192ba-5d0d-46cd-91bd-1f73e98c8c27,L3,Tweet
de988e2c-66d5-4239-9728-770807d7aa6e,L3,Tweet
17e218f9-f0cd-4831-86e5-8caab668f427,L3,Tweet
42226799-49c3-4394-8a36-4f369f27b48e,L3,Tweet
143d9cd3-30dc-44b3-928c-e1247d5d77cd,L3,Tweet
8faf94be-93d2-4874-9ca8-1129f65dc12e,L3,Tweet
78b6f283-b4c0-46d6-bd10-b559ab180796,L3,Tweet
1041ac7a-7484-43f1-b3d8-9afa861924a4,L3,Tweet
c970656c-4725-48d7-934d-1f6c8a5047ec,L3,Tweet
6d5d1408-05a1-411c-85d4-e35b9e231d3c,L3,Tweet
42a090e0-ec73-4a89-8c0c-ffc9af1c122a,L3,Tweet
a9952450-5edf-471e-8a38-f966f404823c,L3,Tweet
04055926-270c-41c6-8f03-59f518a41e2e,L3,Tweet
e44a218e-a95c-4de5-a79b-3c20a0b3dd3f,L3,Tweet
f8ce09ec-40ec-41a5-bf70-772a0f77f949,L3,Tweet
298492aa-34c2-455b-beb9-b5005b3762b5,L3,Tweet
26a85eca-e823-44b0-908c-6195d8f4d30e,L3,Tweet
300330d6-07fe-40ee-b0e3-8acc56ee16c0,L3,Tweet
301ece28-6485-4e9e-9704-10c16d653094,L3,Tweet
97178164-2c8a-4f31-afc9-d1e57c886ca6,L3,Tweet
2fc7fd5f-a58d-4c16-aece-067961f2334c,L3,Tweet
63e7699a-06a0-4679-9ca1-b00516c2a497,L3,Tweet
271fbce7-ee79-4e3f-bf2c-5537f285d9ee,L3,Tweet
b991c930-a764-4a54-a65b-6d5999b2df92,L3,Tweet
478c9eea-b803-4be7-8bab-5554e32b6ff4,L3,Tweet
de8da367-fc11-4260-a81d-642347116f67,L3,Tweet
13dba509-2d08-4889-bd0e-2e65b6cabcb2,L3,Tweet
3088820f-9adf-4d56-92ec-f9a7ab21664d,L3,Tweet
2a06abab-fa3e-4313-813e-7e9ff43eb4fe,L3,Tweet
519e3b06-f1fa-4d6a-9ce8-b159f06d0187,L3,Tweet
5966f86e-0a77-42f9-8eeb-0cc86cc46eda,L3,Tweet
5886baed-aa0b-4194-8aca-0ccdc5d62656,L3,Tweet
09883680-da93-471f-a14b-5fec2606d820,L3,Tweet
7977b736-e0f8-43d0-9bc1-70b85cd8d898,L3,Tweet
c23f0cd8-2633-495e-ac9f-9a069f4b5557,L3,Tweet
d933e31e-6dba-496c-85dd-3ce408e92efd,L3,Tweet
8b109960-3317-4932-840a-92d439761cad,L3,Tweet
904f0974-d733-48c7-aa8f-7eeed76567c8,L3,Tweet
373c474a-b709-4992-82a9-74c77a6ed453,L3,Tweet
8ec6f7b4-e66e-442e-82d6-83fe4b0da17e,L3,Tweet
0221d496-74f7-42b2-9659-0d24335aeb36,L3,Tweet
aaad0f88-2e2e-4b40-923b-a536f4d4727c,L3,Tweet
a9c93846-d9aa-4183-8c2e-5c1cf8fbe1c7,L3,Tweet
d1b5d967-81f0-49c9-ba9e-95f47bae5cca,L3,Tweet
ae680162-2c53-4c51-90c4-2134ec31a13a,L3,Tweet
e87ddbc3-3408-4cdd-b800-58b38814d912,L3,Tweet
1c8eb804-7363-4b06-8ce7-f61ddaa3b6e3,L3,Tweet
63954be8-c946-4541-ae58-b993cc38561c,L3,Tweet
d605a121-7594-4e5a-8f3a-76378089d42b,L3,Tweet
2eebdd71-7ab9-4a20-92be-16b8dd8afa36,L3,Tweet
0ad01e3a-57cb-4e5f-998d-84733e08de2c,L3,Tweet
27150257-652a-4820-92a9-9fa9b51b515e,L3,Tweet
51427c21-a238-42a8-86ac-69f598121150,L3,Tweet
2e5c2b04-f671-4b2d-9803-cdc113394734,L3,Tweet
ff976c50-0d8d-4955-b50d-432090ca079c,L3,Tweet
382a632f-1d59-4360-9502-de4b89ef75e9,L3,Tweet
7762313d-dcd3-4128-aa15-6f1c4d744f7c,L3,Tweet
0d65003d-6cc0-4a98-a966-65ee4b6cd1f2,L3,Tweet
2ed25544-c4e9-4d95-a6e7-c800a3e3892f,L3,Tweet
a94f62d1-58de-4ad1-bd31-873eb0b26489,L3,Tweet
4a795dd3-de5f-4934-978f-f1a8651c0bee,L3,Tweet
4fe50193-f1ea-4982-aa6f-63db966497b1,L3,Tweet
5109a80a-ac94-4f4c-aa18-ea9f4dcf2234,L3,Tweet
dd81b09f-b48e-4828-9027-5470173890ac,L3,Tweet
46d8a840-d1bd-452b-9804-04cf77e64cc8,L3,Tweet
b8b9d3c8-95e0-4cce-b0df-c7fc63cf7644,L3,Tweet
7d1b4627-3134-45da-9c23-33282362b89f,L3,Tweet
a96fdac9-b434-4513-b060-d3a3022310c0,L3,Tweet
b9099e3e-9099-4c69-aa8e-5f11ce48d6bb,L3,Tweet
2c006e24-f3b2-48af-9f39-987427333716,L3,Tweet
5419241e-4ec0-48d5-ac21-c37b7d201218,L3,Tweet
413fc576-dc9b-441b-a70b-21b9cd216658,L3,Tweet
89d23a09-7ab9-4898-9e3e-0bd25bd940be,L3,Tweet
193d74e7-61b4-488b-b2e6-9311e5b5a86f,L3,Tweet
a58d752c-0322-4164-80ed-b7365dd0b672,L3,Tweet
fa12c811-6c6a-4e68-8751-30138fdc7fe5,L3,Tweet
10973cd0-cdc1-4d0d-b288-e5e7d451ebd5,L3,Tweet
d5418907-0eae-4ac5-a3a0-bd8bb6e63b48,L3,Tweet
8457796f-15e3-4689-9f8a-ad16541b89cb,L3,Tweet
60e8981f-b2cd-4ef1-93c4-bb6ead50f737,L3,Tweet
6dc1481f-7904-4ec4-a4ce-328ecb5c7e35,L3,Tweet
d04b342c-da35-4a0b-abd1-691622f67fdd,L3,Tweet
6d6e1840-6f24-4ed3-a827-5bc1f176eaea,L3,Tweet
7f7dd0d1-d9ba-477c-b209-1d5497ed1b99,L3,Tweet
7f02bc54-1e9a-4b7c-966d-993946da0b1e,L3,Tweet
0048fe87-a568-47b3-9d57-e4aff503e881,L3,Tweet
9d67f4df-1aaf-4860-acdf-7228758371ce,L3,Tweet
ccc608fd-a97d-47f3-97ca-5e7715303dfa,L3,Tweet
b43c9d5c-4caa-42d2-a3d5-cb879522b7f4,L3,Tweet
60cf054a-576e-4fe5-9d4b-324559b84913,L3,Tweet
4b48a415-390e-4fd0-b0c6-97a5cec44b23,L3,Tweet
b37f322c-76d8-4db1-8691-831a46c16f5a,L3,Tweet
5d5881c4-05b3-4f7e-8f1b-6068e7332ab1,L3,Tweet
33936e4f-9492-4b00-9096-6acb95565e41,L3,Tweet
146baab3-0825-404a-b3c4-4f66389d75ea,L3,Tweet
f4c068fd-456c-4513-a6dc-e53bf262bb22,L3,Tweet
88a94c03-7d17-45cb-ad9f-0b1b1816464f,L3,Tweet
1d905cb2-9c25-4b66-af35-d4f5ea4ac0c1,L3,Tweet
2ac68631-4008-4d94-bac2-5e5b3024a640,L3,Tweet
d22bcbee-ffb4-4abe-b637-dd2ac7010dec,L3,Tweet
967a4c98-1a24-44cf-8638-6b3be423dad7,L3,Tweet
f9eb1d0c-45c8-4e9e-9050-42c1640aeaaf,L3,Tweet
4e47bb9a-c1cc-4e2d-a9a7-4a53a3a22f17,L3,Tweet
bc520a7d-d940-4091-a4a1-8c335721258a,L3,Tweet
2419eae7-2eab-49c7-bf86-f516d056ac9b,L3,Tweet
b8ed9c2b-aa7d-4594-ab66-6e7f03313fc8,L3,Tweet
5be547f1-5ad8-48b1-ba39-083e20edbae5,L3,Tweet
2a449d88-0c21-4213-963d-172d7e25527b,L3,Tweet
570fa054-7627-42c7-8868-cff634f91bcd,L3,Tweet
423ac05b-5889-4ca6-bac2-5818a596056b,L3,Tweet
fccb8176-e574-4a8e-aa03-9b2d70bba409,L3,Tweet
56ab7bf4-0ec0-48d7-8954-c32678ca32d8,L3,Tweet
7904c767-2eff-490b-bf5c-d82e41046ef6,L3,Tweet
f444ec93-fd5f-4f10-bc51-242c62c3b120,L3,Tweet
9a28fdb6-7a0f-4d5a-bdc7-9872e394f9ef,L3,Tweet
a7f6e484-6efc-4e16-a147-931fc232dce6,L3,Tweet
e08b5ef2-57eb-4d60-92ea-77fb896a6d59,L3,Tweet
5320775b-65a0-4989-87a5-d7caa92c179d,L3,Tweet
9bbc7018-ae2f-4d3f-a9ba-895adfeb2863,L3,Tweet
f6566ed1-2106-46a1-b79b-157a25a4b431,L3,Tweet
e1758d56-041e-4300-a7fd-b12737825fa0,L3,Tweet
784ce79e-dcd0-4de8-9148-0baea92709e2,L3,Tweet
9efc9116-2702-4efe-8ca3-e7b2cb559e68,L3,Tweet
5cb82de6-bad6-42de-a5aa-856485be49a7,L3,Tweet
840cbf4a-14c1-408d-ad2f-6c8f3291196b,L3,Tweet
f7b40864-edc8-4150-b18f-40df80f33226,L3,Tweet
ab382725-e0fb-427d-9fff-7acd82086bc5,L3,Tweet
933149a8-f582-4d67-8d24-9f3446353105,L3,Tweet
49e56c72-f84a-42a7-af5b-55eda2ed525c,L3,Tweet
ddae6b68-69af-42f8-b6de-d93a75b0568e,L3,Tweet
56bbe8a8-a37a-477c-96d4-b0170e115828,L3,Tweet
730fd20f-963d-4a37-b077-1dcb93f5f929,L3,Tweet
2d887233-5824-417a-b81e-26f1b9d768b1,L3,Tweet
d9de80a5-3bc8-4d23-a8e8-54e7f3699ca9,L3,Tweet
ded658ef-1e5f-4c1d-86d5-b46be94d5daa,L3,Tweet
380ec787-e603-435f-b7a0-dffd8ae2ed45,L3,Tweet
488835b1-d339-492b-ba80-ecadf0ca64f4,L3,Tweet
7bdd42be-8552-4dd3-9085-67ce3ae44aab,L3,Tweet
4f4c9962-7f4c-4278-9f0c-4a9df63f42a1,L3,Tweet
af662f34-04ab-4d34-8120-40ec3e68dfa4,L3,Tweet
1a111128-3975-4ae8-b3a2-8b5d6ed0209d,L3,Tweet
3119090b-f942-430a-b915-4db33271c0f0,L3,Tweet
77df8bd6-1038-4bcc-a7aa-6034d1c03d25,L3,Tweet
7a739f0f-9879-4497-867a-b49cbe8de403,L3,Tweet
ca64a4d9-50a3-4ddd-b99e-e323880f0d8e,L3,Tweet
f3e6a016-cfcb-478d-a7d7-ae9de96ecd3e,L3,Tweet
ba2054f8-d698-4ea4-90e4-b79c1992d3e9,L3,Tweet
2eaab06a-f5e4-4bb6-8a44-fb0e21a36367,L3,Tweet
14df59c9-5cd4-4095-bb64-44af1832058d,L3,Tweet
f3c12a81-6f2e-4260-b532-aeccfe15376d,L3,Tweet
2f53371e-cbfa-463e-b3f1-e79a3af16e42,L3,Tweet
411aa382-2297-4864-a59b-6ecaa6b553ba,L3,Tweet
d5ae4c66-9286-4d23-8b90-3e18bc097a65,L3,Tweet
e21d6a03-c905-4804-be9d-a36ea2f9b69e,L3,Tweet
c5e2399e-66c9-4e95-8280-3090686bc48d,L3,Tweet
a0619f8c-3c51-407c-8a0e-9c899e2c8242,L3,Tweet
d01701d8-656d-43d6-8b6f-f14026e50c7e,L3,Tweet
b267e1b1-fe1a-42d5-ae74-8d12fa201a53,L3,Tweet
1afa3426-7ef5-4409-8b0b-1e882f111abf,L3,Tweet
7cac37f0-85e5-45b8-8786-e355ebed0bdc,L3,Tweet
de863484-97a8-420e-a6c3-5463a1c154d3,L3,Tweet
ba1926a0-e27e-402d-8473-f9b31afa3ac1,L3,Tweet
cbc59999-4114-4eab-a9f4-8a4ff593294c,L3,Tweet
d27e0500-4e87-443e-a32b-8a20de7ae3e7,L3,Tweet
bb5bb4cf-cfa8-471f-a970-029b0d0c11e0,L3,Tweet
a43bd9ed-20a6-4ae4-8748-ffda039d2fb1,L3,Tweet
28d06cfe-8e1e-422c-a024-2c1768a97974,L3,Tweet
f2f6eada-c544-47dd-95bf-2c84032479f8,L3,Tweet
1a359a35-fb27-4837-b5a5-23bbc0aedf71,L3,Tweet
91f34618-0ae0-435f-88cb-523f7f452dc3,L3,Tweet
4495281d-9541-4e90-80bf-eec81f2fce26,L3,Tweet
fe5ed1e6-d645-43cb-9b7f-6744cd2c02cc,L3,Tweet
da830661-f622-42d0-829b-913275125894,L3,Tweet
b820c67f-9dae-404c-b77a-4968a1ccbb84,L3,Tweet
f6203c04-6d91-4f25-ae4e-98e2275627ff,L3,Tweet
3ede5835-e5f5-490e-bda2-6c78b01eb5ba,L3,Tweet
85b21113-8ea0-468a-80dd-dd2e2c5ee9df,L3,Tweet
4e3a4947-2b9c-4ad1-9fea-774e6ca25d00,L3,Tweet
a1912de0-ac1c-4ad5-acbd-abad702b9783,L3,Tweet
a480a4da-f70f-4319-8264-cf8f5612a30f,L3,Tweet
f4ae3c13-bd8b-4200-9580-7d9eaccc4cb3,L3,Tweet
34bf0d6f-423c-4363-a287-abb14bc9bf5f,L3,Tweet
c548bc30-5523-4f33-88a1-e9f169e292b1,L3,Tweet
e292a136-1f00-471d-8ef3-e03995e391f1,L3,Tweet
9d424dc5-a068-49ff-8ef2-1b7344931518,L3,Tweet
c80070e0-af7f-4191-9cd3-00fbfd74b8b6,L3,Tweet
23fb0b31-aea0-48f4-aa58-c1ccbfba975b,L3,Tweet
a75378e6-3f95-45cf-b328-8face759be3d,L3,Tweet
068d5345-e238-40f0-a485-dc0ec7277953,L3,Tweet
afdbf18c-3d01-40c4-a670-edc74c5030f6,L3,Tweet
47419737-f5af-4ad2-b602-4b0d8924caf1,L3,Tweet
8cc091b9-7176-43b6-9d05-04a5ff6293cb,L3,Tweet
27b18de7-ec10-42c9-a2cc-e80c351bea04,L3,Tweet
4b9d6e7f-e1f2-4085-9f0a-0b4fc386620d,L3,Tweet
72a44954-22c2-4e70-b6ee-927decbf07f1,L3,Tweet
09c09f51-0e92-4c81-b7b6-7f071090f3a4,L3,Tweet
d21788b7-84a8-4a7a-b64c-fdfad7917b12,L3,Tweet
c314ddf9-f40c-49c4-903a-49072dc71f3d,L3,Tweet
affd58c6-2645-4cbf-85ce-15c6d51ad268,L3,Tweet
f3276f8b-7191-4292-a99a-1936bd1d7d44,L3,Tweet
a6c9de04-ae9a-4aaa-904b-466ed7c372b4,L3,Tweet
c7a53df1-d4f6-4be7-8aae-5674185db249,L3,Tweet
9a2db305-dca2-4170-b873-c43030442212,L3,Tweet
5582b882-b8f0-475a-beb8-08aab3946b76,L3,Tweet
c1f3e281-759d-4ef6-abbe-373f88f0fa23,L3,Tweet
20453bb5-89d5-41c9-8175-076eef70bd52,L3,Tweet
8f9fc283-9ed1-4d7b-ba68-e030acd15a1f,L3,Tweet
79460c06-59c5-4217-9fdc-81765e53a4d0,L3,Tweet
b642dba1-2d33-4773-b415-50677aa62416,L3,Tweet
d36652ae-5f00-4d32-8dbd-50f31b2ef830,L3,Tweet
250bebcf-6a4d-4ba4-9271-6f17865eeda2,L3,Tweet
96032ec7-d2b3-49da-a8b5-0972c87b3840,L3,Tweet
61a85252-8f40-4986-a616-7bf0f4da2503,L3,Tweet
49289296-89e4-49ab-9fc4-bb5e8e3dc622,L3,Tweet
5ee199eb-f8cd-44ab-95d5-6b727afe12dd,L3,Tweet
76ecac50-215d-4c10-b2d9-849acaf0a4f5,L3,Tweet
eff1a8a9-2108-44ac-b876-38f30f16f9b2,L3,Tweet
a3f43bc3-6a9b-449e-9a04-f67a17fe1086,L3,Tweet
23f28a6e-60db-4bf5-9e2f-a6e0028ced96,L3,Tweet
a145059c-6db2-4069-b108-ffc545a31b94,L3,Tweet
86f81b96-bfae-43c1-afe4-03fae70b3571,L3,Tweet
6a6df014-00c3-4898-a9ad-d71aab72424f,L3,Tweet
0a30bf8f-2936-47ac-ab60-54f263c796ab,L3,Tweet
28b1182f-3060-4819-8a28-1a5d7daa9e6d,L3,Tweet
54881787-0951-4ccc-b937-94d673a76816,L3,Tweet
62ed5271-abea-4af1-9340-866deb821e56,L3,Tweet
4383ceed-f782-41b5-ae8a-bd481a3be95e,L3,Tweet
367d1e43-a236-4981-9fd8-13b7369a9a42,L3,Tweet
177578b6-700c-4f4c-b4a1-9201b3657ca8,L3,Tweet
26ed7ae2-19c8-4145-a140-071669c16e90,L3,Tweet
2886ff07-e11d-4ab3-a08b-06cf2ccb3b80,L3,Tweet
d4697a94-baa5-4d92-b70a-3d78e3e00da0,L3,Tweet
89f3a9f4-04f2-48c5-aea1-8d36b85f3e44,L3,Tweet
93e8554a-597e-45cc-84e6-c5802fc7667e,L3,Tweet
6910076b-bab1-42a5-a077-45385b8d4228,L3,Tweet
d3b56721-d626-4c71-b61d-21a3d99a0158,L3,Tweet
0a1cd31a-a646-4358-b4cb-ccc291449b31,L3,Tweet
544b9233-bd40-48cc-86b6-42ec5d7dc607,L3,Tweet
97de713e-b4a4-44f1-baac-1dd1f0cde622,L3,Tweet
0cbe35cf-f28b-41ca-ad96-a9779680da00,L3,Tweet
b698c1b0-99ff-4c8a-b014-b1d158fd7313,L3,Tweet
1305c1b2-8b44-4e3f-ac78-3bd86db561f9,L3,Tweet
807a59bf-2c7e-4aca-a4c8-dbe4cce69ee0,L3,Tweet
a618779a-2598-4bd8-8d76-a1fa3bb37a28,L3,Tweet
038b632c-2643-42bf-9a7c-c2af4dc8741f,L3,Tweet
189b8e8c-e862-4402-bb0d-e09e2aaf7ff2,L3,Tweet
2964d673-c4d7-4762-bc38-ca93f3e1de44,L3,Tweet
76e91152-07cf-485c-b8c1-5a3a33cfa577,L3,Tweet
1a1b90c3-8e98-421f-a2dc-6d571734f4b3,L3,Tweet
ca0a1a60-2908-4735-8180-556d2cda7276,L3,Tweet
da39810d-e275-4910-bfef-effd374b29bc,L3,Tweet
3bf68acb-f7f2-4d32-bfc3-375ff7b8f533,L3,Tweet
69d6e715-55bb-4cae-9733-8723954aac21,L3,Tweet
b9e8bb4a-e68c-41a5-a08e-778489515188,L3,Tweet
be6e93cb-def2-4b95-895b-3772e3e141b2,L3,Tweet
0cb1723f-e1d6-4a74-8616-79dbedf79a0f,L3,Tweet
78fd0007-340f-45a2-9d08-65cf29abbded,L3,Tweet
04401245-c077-49ed-aca8-34a8dad23244,L3,Tweet
bfa7a3ef-5f6a-40cd-a8af-049d30c810e1,L3,Tweet
60d15056-b0f0-45ee-b707-70d36ce8685f,L3,Tweet
14cef425-f92c-473a-8737-e5bb89f41135,L3,Tweet
0746c032-ec73-4a08-9603-421a7d3cc9f7,L3,Tweet
3e169633-6b21-4b05-9809-7a5666e10f0b,L3,Tweet
0c7f1100-f9bb-418a-837c-ee1cc4e45c4d,L3,Tweet
f99e96db-21fd-4922-9389-a84cd7f28cf3,L3,Tweet
7e43e60e-15ca-411a-a62f-32b56706ca4c,L3,Tweet
8edb9f02-9a29-4f58-af53-0e92478a5803,L3,Tweet
42a71459-3457-44c2-9be4-12abe7d0bd8f,L3,Tweet
6765946d-b828-42d2-a81e-3631d75f593f,L3,Tweet
9b0017ab-c90f-4c4c-b1ad-15ef2af08508,L3,Tweet
b10757b6-feea-4599-b665-b1e19d381af5,L3,Tweet
88762459-527b-4828-b236-80b9c4016e62,L3,Tweet
7324688a-847f-413d-8e1d-5d8740d40ec8,L3,Tweet
e19524b8-14f1-4948-8bb2-cec65a11f654,L3,Tweet
a54699cc-ca09-4c65-a5c8-1cc927abd884,L3,Tweet
08b33666-502e-4f51-86f0-6ad2f26ee4c7,L3,Tweet
aede015f-07b8-41f9-91b5-8b7125fca27b,L3,Tweet
df4d8795-4f04-4f5c-b6b8-f520dbb47eba,L3,Tweet
eb2be9fd-0fda-4a39-ac3b-4dd5e1e2f61e,L3,Tweet
1310744d-0259-4c39-aea0-3e56687debf8,L3,Tweet
4bb955b1-040b-4969-9d59-9f5c2577cc1f,L3,Tweet
b955bef5-ade1-4f99-be81-4675b07f1f8d,L3,Tweet
44b3e904-a6d2-4e73-aa88-f8b2ab6750f2,L3,Tweet
4d694b48-f12a-4a04-b203-768c5b7c2e64,L3,Tweet
68222554-13e9-438b-ac6e-11f85801bce5,L3,Tweet
293ac31d-6495-41e2-9290-1a3de7518d6b,L3,Tweet
8477a233-497f-4429-ad41-8c2317f136e2,L3,Tweet
4cc0e79e-18a6-4f4f-bf51-06fc07437a9a,L3,Tweet
186857b4-7a25-4a54-9ed1-87f4d7e6d08a,L3,Tweet
81f123bc-6926-4be1-b09f-c6ad60d01067,L3,Tweet
bac5754f-1ef5-49e5-82ac-10523dfed117,L3,Tweet
bd0f34ea-4458-441a-9544-1998cf9a8a47,L3,Tweet
31962220-8085-4b50-9f55-b1764eeb093d,L3,Tweet
465cb1e4-d748-4b0a-8385-570f06bd0ec1,L3,Tweet
916c54df-8d38-4c5a-a801-e01c056b4b63,L3,Tweet
5f0ac92e-9f54-46cc-b2a5-e0d84b41795b,L3,Tweet
ae69d047-3ee2-45ed-bd19-72a62d3c35ce,L3,Tweet
61664cad-5b21-4f76-aa95-016b319dbe7e,L3,Tweet
10d0af76-851d-40db-8d74-298192fcb14d,L3,Tweet
96562e4f-3656-4ad3-9af1-72fd6b154c81,L3,Tweet
c10586ea-7de0-4058-a62a-4cb9b5ac24f6,L3,Tweet
88292c36-0681-425d-bec8-4991d0e2acf9,L3,Tweet
6cd1662d-76fe-475d-bdb7-5cf4561d36b6,L3,Tweet
5fa921f8-389c-41ae-a87c-5ed49c707dfb,L3,Tweet
3b59110b-dd60-4351-8e76-ef329da650b4,L3,Tweet
ecf155ef-b2ff-4b4e-a331-56011c4c3244,L3,Tweet
ee0340cf-682f-4123-89d8-bc96a6d03575,L3,Tweet
30503c0c-ebee-49cd-a5e2-0f1de4233e1a,L3,Tweet
a84cf6ee-7fbd-4418-a09b-22ed2bd86961,L3,Tweet
a1cb9a69-5216-4867-baf5-09b083ff86b0,L3,Tweet
40d4c989-8ab3-430a-9e7a-a520c5a8236b,L3,Tweet
65bec20d-d1e5-4b7e-b319-1997ef9bc0a4,L3,Tweet
8cd65721-8832-4d17-a714-de78295f98f7,L3,Tweet
467b6d0f-bf27-43e3-b0a1-beb18e703d47,L3,Tweet
6bf76d41-9cd2-4fb4-8de8-cd47972a9a98,L3,Tweet
84c4250b-b3b0-4c6f-a9df-6ee0750a092e,L3,Tweet
e5f00733-30f2-4c75-bb2f-70b8942442af,L3,Tweet
593b0026-cbf6-4e7b-91df-fade5561eae5,L3,Tweet
984f69d5-e4cc-4593-8996-67b4d168a8dc,L3,Tweet
5ba1d23e-d641-498b-9d4e-fe71a9b9b4be,L3,Tweet
1cbc7cc8-c10a-40cb-8024-e20457f8ff81,L3,Tweet
1e7b6c0c-54c0-4f05-ae78-86d27551270a,L3,Tweet
4b50ff99-3cb0-42be-b18c-f70057d5407f,L3,Tweet
cd738f94-40f9-465b-aca0-31a054b992e5,L3,Tweet
8866dad1-2481-49f1-9dd7-57a661ab8aad,L3,Tweet
5dcda632-56ad-4391-aacb-243df67dbe92,L3,Tweet
186eb95c-27a1-4e06-9256-a202ff751692,L3,Tweet
708162c9-0062-41e7-8ef6-a65946301584,L3,Tweet
c8f6759e-2d42-4622-8e9a-d3621a5500ba,L3,Tweet
d63b960e-3bff-4921-9230-8bb2ab615551,L3,Tweet
80548e57-be1e-400d-8097-f89236d082fb,L3,Tweet
cf5ca03d-add5-49f7-9fe4-5b03ecd3623a,L3,Tweet
c79b22b6-12ff-4765-b922-7fcadb81c5e8,L3,Tweet
2b1ff591-aea4-4abf-8feb-59e4958bb853,L3,Tweet
60c2a64c-3c0d-4a80-abc1-a1b88517c88b,L3,Tweet
9cc5b406-d033-4be7-ba20-eb3d1cf0c87d,L3,Tweet
261ae0f3-23b5-49cc-b462-d26e0f93fbe0,L3,Tweet
18205f52-3b82-4327-a2aa-ea7989090341,L3,Tweet
56664cd3-402f-49ba-acf8-1683d00cdd70,L3,Tweet
2d4eba2d-9592-4bd8-84bd-e07f80948796,L3,Tweet
02acb1f4-aa2c-45ee-b0d2-ad53a3d46730,L3,Tweet
47143cba-61d3-45a9-b6a5-e092711ca3af,L3,Tweet
37122740-9ec3-43de-8c74-5769786c917b,L3,Tweet
f3aefc99-b09c-48ed-8f29-ce21f9689709,L3,Tweet
5da0003e-731d-445a-aac1-493b79e93540,L3,Tweet
293d0365-4dc1-437b-8ec9-6613c7bfb530,L3,Tweet
4cadf632-401a-4777-9e3b-353e928cca81,L3,Tweet
e7ae5d68-56e5-4dd8-8af6-eaf06e48cd39,L3,Tweet
c019d99c-b533-410a-a8c5-a22a71271acb,L3,Tweet
255a5dd3-1c78-44a4-b7f9-fc8db26f3d7e,L3,Tweet
e4665fd4-b7a4-4f55-9628-150475a0b9bf,L3,Tweet
4ff6df52-f4dd-4416-8753-0648f4b42aac,L3,Tweet
f163c317-f319-42c9-89c3-665b82038ccb,L3,Tweet
38a50a27-8893-4c18-96a9-61e266da1ea5,L3,Tweet
f38c5a7c-af5e-47d4-8f73-1c51da0f97e9,L3,Tweet
89e7be9f-b70e-4821-bbd6-f2c34e50996f,L3,Tweet
0fb22efc-33ea-4ab5-a939-05be6f0f00b8,L3,Tweet
331400bd-df90-42f6-8ab7-e8f9bef2a249,L3,Tweet
ff6e3417-8230-4922-b459-95da2aff0600,L3,Tweet
f01893fe-516b-4f94-9aa7-4b8b97c8c716,L3,Tweet
1483b4e1-5d37-4d56-ad01-8265336ed7d7,L3,Tweet
d035b259-5c9c-43b6-9669-3d3e564c41e3,L3,Tweet
ff79751a-0300-448e-99c1-a3981961c56a,L3,Tweet
e889fa67-4f7f-456e-8842-7585410819f1,L3,Tweet
234fa287-1bed-48a3-b2f1-7ac66a2c24ba,L3,Tweet
9be7f411-cfa4-4ae9-8bf9-e22c2abb8b64,L3,Tweet
1dd66a09-e1cd-468c-b8c1-1b80b21202d3,L3,Tweet
209e0c21-8774-45dc-b594-b4e6cd1ef6c1,L3,Tweet
70094afa-0115-4dc0-a319-50918f958bd2,L3,Tweet
bd7c7f2d-5366-44bc-99e1-15ba6169b03d,L3,Tweet
c78aeec9-bf09-4772-b000-10af1661ec8b,L3,Tweet
3c4dbbe1-3e6b-4924-bbd9-6bd517b070ac,L3,Tweet
41b21326-3f43-441a-9639-5d8f34546fb1,L3,Tweet
9922cdab-a061-44a7-b428-a7cb1d2ac072,L3,Tweet
35b1b039-1997-41d2-8a3d-7e5c3b0d6001,L3,Tweet
b71cdbd8-c7db-43b8-bf24-53b01f06ce2e,L3,Tweet
df6e2bd6-909f-4a3d-b197-8b34c9d3d333,L3,Tweet
84f3d07e-90c9-4972-b53d-16f7f20b1b12,L3,Tweet
f63ca7a9-6b46-41f2-aa1e-59efabcb6231,L3,Tweet
5f6d876d-f858-43c4-98a8-0641a6fdaee8,L3,Tweet
e38a349e-297b-4f5b-86ab-ad81e5588a4b,L3,Tweet
3d5fefc7-2b4b-48b9-8796-8773580b7878,L3,Tweet
258aaa8b-a6c6-4e45-b739-1567e6dbbc6a,L3,Tweet
f99fa6ca-3060-468f-89e1-6ab1204c35dc,L3,Tweet
8af0f8bd-e77b-45ed-bdfd-b2e1363c3854,L3,Tweet
bf6e440a-1088-4423-a128-7c17175f2310,L3,Tweet
db1f2b85-5e4f-48ba-9637-27e468a4d1e4,L3,Tweet
db4a400d-3b75-48b9-ad1f-3d57fe44be84,L3,Tweet
f0065030-ed8f-4450-bda1-1308354a4985,L3,Tweet
26ad8298-d029-4250-988e-e5246850bee8,L3,Tweet
570e9ff7-3e55-4497-adfa-f69c6ee037e3,L3,Tweet
d0a30ced-e0b7-4a11-86a2-a8c962cf864d,L3,Tweet
e65fe86e-4b5e-43ee-ac09-1a0d32544428,L3,Tweet
72dfa9db-e679-413a-a70f-96fc4f360421,L3,Tweet
36eecb98-9b19-4fe1-a77b-07368266e0d2,L3,Tweet
e62659df-4abb-43ea-9d8d-fdc7e3ff3911,L3,Tweet
c2406b97-2cb0-4e7a-92a0-4556dd8350c0,L3,Tweet
1d94d97e-8759-460a-970e-576386eb8cc2,L3,Tweet
4296cccd-3b62-4ba3-8c37-e3c08912ed53,L3,Tweet
20765fbc-593c-47f8-be16-2985182b541f,L3,Tweet
cb3c004e-d43d-49a4-bb6d-d2f50991784d,L3,Tweet
636504f4-0a61-4a74-a06f-1d39d9ea9b10,L3,Tweet
84039250-7624-4b29-a0ef-42d20201bb8f,L3,Tweet
e6510a92-e524-4ed6-a6f0-a6d2dbc21284,L3,Tweet
2897b6e1-826b-4355-a599-f199fa561d44,L3,Tweet
79afeabf-4ca4-4ad0-970c-a2aa80c830ca,L3,Tweet
231990c1-4150-48da-8517-0b6e53ea8868,L3,Tweet
75f861e7-4dc0-4d6f-af28-4c26c71305d4,L3,Tweet
2e6ad6db-ef2e-4738-8055-aeb04faac614,L3,Tweet
7f46e773-4c9e-442c-aa6f-c7db3c1813c6,L3,Tweet
c925a81a-9066-40bb-85f9-1b321b3d0304,L3,Tweet
31ec1123-7553-465c-a370-1a8d6b8be2bc,L3,Tweet
18495d9b-473f-4fec-ab2d-56fa90049e63,L3,Tweet
dc0dd2c9-b9c5-46be-93d1-6f27fcfb55b4,L3,Tweet
946d6528-f37f-494c-9534-b72e6686d6b3,L3,Tweet
b128ceab-d464-41f5-9798-85428ce082f0,L3,Tweet
31cafbd6-5490-46dc-9655-1c6914447a35,L3,Tweet
3d291105-ca63-4c67-b6d4-b3ddf26b0f31,L3,Tweet
ffdda304-d664-40ca-b833-db43ff074a34,L3,Tweet
080bb5bc-bc53-47c3-8962-b21ee2d174af,L3,Tweet
80e54489-f4de-4343-883e-602aa6f7c039,L3,Tweet
bb91be8e-6679-423f-8710-4bb0adaa389c,L3,Tweet
42fd81e0-97c4-4c57-8a5f-95dd83b82c44,L3,Tweet
2c7f9c35-4a80-4e01-ac7a-6369c4dfdaa5,L3,Tweet
dce4565a-551e-46d3-9e60-09c446deecd2,L3,Tweet
3eae6eaa-5600-45c6-ac22-f2a96048dce3,L3,Tweet
033545fc-eee1-48d4-8cff-a23651d5d8ae,L3,Tweet
2c038aee-d53f-42d8-805a-57b3738d4b21,L3,Tweet
a3476fc7-7f36-46fd-ac29-dde13febbb78,L3,Tweet
1aae4abb-0a76-4629-b54f-8351e192786c,L3,Tweet
cb78c24f-d03f-4136-a30f-2731839f4176,L3,Tweet
272726b5-6a49-48fc-9b6e-2aa77d2b09ae,L3,Tweet
affda27c-f7ee-4a04-9d3b-630caa86414b,L3,Tweet
65eb3175-8a84-412f-a868-5e3476de0b7f,L3,Tweet
32f9599a-db9f-4bc1-974e-6da35fa6c8ff,L3,Tweet
c9d4465a-09dc-4a1c-b128-f8304d4517c9,L3,Tweet
eb026077-6b5b-47ee-9859-a302e7d8eede,L3,Tweet
6cb75ffb-dc78-4a54-a4ed-e15127370e82,L3,Tweet
121e4ea1-522c-4dd1-965f-6a0580c86386,L3,Tweet
545f9f56-3410-41db-8334-c25ca35955af,L3,Tweet
c6c1bd5a-14fd-442b-a93a-503f3ec4b1f7,L3,Tweet
8b1a278d-fbf1-4107-aca3-2d1bd184d7ab,L3,Tweet
d8e06918-e31b-4f7c-9bb9-df34009b95a6,L3,Tweet
a2937195-8b77-4fd7-a097-2ee3465482b7,L3,Tweet
e6813559-d7a9-4316-8783-34c95cea948b,L3,Tweet
4d6362af-c985-4c18-9aaf-c950b89a15ce,L3,Tweet
123ef812-5c15-4da5-a86b-60f51ebe398a,L3,Tweet
1268f7a6-ff44-4bc6-963a-00e694fe7a7f,L3,Tweet
607f48a0-8c07-4d71-8c64-a1108e4e7e4c,L3,Tweet
b308b3bf-e6d6-4423-b408-1b4f701a09f6,L3,Tweet
7e9d9b08-80e8-4129-8472-23684bbe8dd2,L3,Tweet
a1ff903f-1954-45de-8cc5-f1132413c7fb,L3,Tweet
c0d8423b-3600-4a7f-8200-e090f0a07afa,L3,Tweet
0c8a6cb1-7e22-45d0-a46a-3c0e9e35613f,L3,Tweet
4b977a68-b4b6-4d5e-aa75-0aef395d4624,L3,Tweet
a1fc4013-78a8-4391-813f-ec3495fb1a5c,L3,Tweet
60ebaccd-9c4a-4933-bd56-35008369c774,L3,Tweet
e4c550cd-4d49-466c-a99c-5a152c83e2fb,L3,Tweet
1d74934d-a544-4f82-be48-50fad2aab105,L3,Tweet
8c35869b-acea-485e-aaaf-8b6a4f52ab6f,L3,Tweet
de92cdb7-79db-4667-8710-7422e79c77e4,L3,Tweet
30d965bd-c627-41f4-90b9-662aae3bef23,L3,Tweet
6950de6c-2f6a-4814-9c66-c0cd3681ea25,L3,Tweet
f27af51e-5db4-411b-a357-eac028f99335,L3,Tweet
e005e5e5-77e4-41fb-8f94-5e494e7f8fc5,L3,Tweet
9ed5b66d-1100-43a3-b050-ccc3bb66e75b,L3,Tweet
724cb7f4-94d8-473d-a4f0-29212b782adb,L3,Tweet
8729a0d1-a51d-41e9-817e-e0e319d072e9,L3,Tweet
58880d3f-e88a-4eee-9836-8d2b61aa425c,L3,Tweet
1d51e861-c05f-4bdb-9b70-b9c96574b7bd,L3,Tweet
b3427fdd-da5b-4856-9a82-641da24897ce,L3,Tweet
d1bbd5dc-224a-4862-baf5-6529971d7cfe,L3,Tweet
90929509-f2f7-4148-9dae-47ae758d08bb,L3,Tweet
c0630527-2930-4562-8f2e-2547debe0623,L3,Tweet
e5a992bf-e49c-4bfe-b328-a6e9aa8fafb9,L3,Tweet
a2f5d799-996e-4eea-9677-e0e25917672e,L3,Tweet
2b73d665-163a-402e-a278-b8bfba630a92,L3,Tweet
45ed3417-8972-4381-86a3-7d1a20616831,L3,Tweet
2261ffb4-40f9-42b1-aa79-f0e105a7a4db,L3,Tweet
6241e88b-069b-449c-a620-585df834b157,L3,Tweet
49b8dcb7-54d0-4ba9-8ebf-b8f9143341ca,L3,Tweet
afc4471f-850e-46d9-905c-10eb7b8c5591,L3,Tweet
976d5b10-8093-42d8-a5d9-83cbc37085c8,L3,Tweet
e49add8e-628a-4377-8b44-04b24720036d,L3,Tweet
3cace475-b5f7-45ec-932c-b829750cdf2b,L3,Tweet
a829f884-cd75-49ac-b9f2-919333d7842d,L3,Tweet
4406f070-d340-4bf2-b2d3-5a50cc5967f5,L3,Tweet
c817feaa-2c79-460d-b0fb-f1ceae18dd12,L3,Tweet
64b17294-757f-4777-bfe1-117814f401c0,L3,Tweet
b09d3a40-872e-4bf1-b994-de87fe027737,L3,Tweet
a60fa233-2ad1-4255-be5c-733a13c5d2b4,L3,Tweet
364ef6bf-87f4-4641-b095-ced156de85b9,L3,Tweet
c77c5250-c354-4e70-8599-98e7961492b9,L3,Tweet
45a6e7b0-8792-43c9-a0b1-36a3e81b7a5e,L3,Tweet
92ec91a6-deab-4832-ace9-55d1c8ba7009,L3,Tweet
62c59450-26f2-4456-b665-f2b942a16665,L3,Tweet
a02a7353-7cc0-482d-8e04-2a0ed20c57de,L3,Tweet
415a9827-3e58-4eca-a534-a4932c7619f5,L3,Tweet
0c77cdd2-2755-46af-ba11-fe1dfb6832b0,L3,Tweet
a37bb875-b172-4ec6-8874-5f3a5205f6c0,L3,Tweet
1f22ab08-5344-4893-bf60-8e6698ac2c89,L3,Tweet
f5d20872-938e-417b-8b94-ca933027371a,L3,Tweet
5328579d-9f37-48ab-97f8-e8916eea209e,L3,Tweet
5dea9f40-3085-4340-997a-7fff89332c59,L3,Tweet
413fa47f-4d81-4b88-9242-1bcc77878a8d,L3,Tweet
fb21f655-b048-40a8-a767-12584b1bb966,L3,Tweet
97fa26eb-2399-4f09-96ea-48ae5697bfdc,L3,Tweet
b35ac3bc-d396-467e-b585-321df7a14982,L3,Tweet
eff78a81-4811-4223-9a52-44ff3b0ec888,L3,Tweet
c2e1f098-23d5-47a5-bcaf-3885c25c29df,L3,Tweet
5cd94213-574d-44b3-88cb-f782c90907e3,L3,Tweet
48170820-26fe-42d4-aaac-82dace8e463b,L3,Tweet
90a0d4b0-0465-47e0-bd8b-bc5bc8b5b50e,L3,Tweet
916cd41d-789a-49ce-a3d8-15efbaa16d38,L3,Tweet
5e61e2dd-6dd4-4bcb-96bf-cb55f6075e56,L3,Tweet
8388ac0f-c720-47c2-8baf-fb3e2f70c71f,L3,Tweet
7bfd1eca-ded7-486c-a911-1994f5e0aad5,L3,Tweet
e910dcec-e8d1-42f6-8739-22e570e3ae2b,L3,Tweet
72eea937-0642-446d-9be9-4cbc292c7c16,L3,Tweet
be31688f-e7b6-4541-80b7-c50a0bf2f333,L3,Tweet
877937d1-98f9-4ccd-89a1-b4a8d5f1926c,L3,Tweet
ec2af45e-bcf7-4761-9106-098b04e93ec6,L3,Tweet
31f69fa1-3760-415c-b9f7-142c51744337,L3,Tweet
4ebc9754-63be-4d2f-bd2e-70184339a81c,L3,Tweet
39ce401c-025c-4d78-9ce6-1da1257a6517,L3,Tweet
6e673bdf-2e17-498f-871e-29a9f6f47b79,L3,Tweet
4bc9f391-d602-4737-afaa-d90f58208661,L3,Tweet
832fcbf3-ce1a-4e23-8631-17c137dc84b1,L3,Tweet
80d3ba79-32dc-4d04-a61e-576b2c2a43be,L3,Tweet
2fb55d67-2fad-4793-88e5-d28b0adf89af,L3,Tweet
0a4c06b2-0dd7-441f-a4b1-189791f49a09,L3,Tweet
d1257282-a6de-46df-8647-231c9089e62e,L3,Tweet
5ad9a08e-54e8-44b8-9154-1365eb8dfea8,L3,Tweet
af1aab61-3541-4bb6-a924-acf6047f934f,L3,Tweet
55f1f21d-8bbd-41be-9031-ed8e483cf7af,L3,Tweet
8e1c5896-46c1-4213-8bf7-d7332dc57f5f,L3,Tweet
07960fdd-fa78-427b-acbd-ab71d9fcdbff,L3,Tweet
596b051c-a53c-4dcc-a44f-03b34464427b,L3,Tweet
5e847d25-5164-4239-9682-a0521a211de8,L3,Tweet
b7d17f9e-e194-489e-a8f2-885e1c412e09,L3,Tweet
93cd2a91-3ff2-4e4e-ac17-d6935e21f345,L3,Tweet
9f8a8760-a479-4d4f-9fd7-345967686f32,L3,Tweet
e62b1fa2-7364-478d-bf47-350b5b7a2a3f,L3,Tweet
b69b621f-7522-48d9-8a66-da428f966ee4,L3,Tweet
d05c4fdc-e3f0-4432-80b3-705a70e179a1,L3,Tweet
18136873-fa45-4372-a1b7-f6b6c161e20a,L3,Tweet
e182a88d-79b1-417d-a610-4a1e193417bd,L3,Tweet
c89e8e61-802e-427f-91a5-63940b0714fb,L3,Tweet
a42f9ff6-e3a9-4093-80d1-34766ab314d5,L3,Tweet
2aa1391a-2df0-45ac-8a71-002f4d50fa3a,L3,Tweet
68f62452-eff6-43e5-837c-bdc695e3c570,L3,Tweet
b78730dc-becb-4649-bfa5-681caa1dde79,L3,Tweet
22a895a9-dd34-4ac2-866d-443cd28e4034,L3,Tweet
61780fac-2046-4f3f-8ae4-0b9bb30b25a3,L3,Tweet
1ec7a5b9-e0e3-4cc3-89cf-f776d9ac8f9e,L3,Tweet
d1bd3317-7f1a-4e1d-a8c9-6b392f9006ad,L3,Tweet
ce7fe8ed-9a62-48dc-8fc0-218b45265af4,L3,Tweet
ab55b34b-f9df-4536-bb56-7daf9695b859,L3,Tweet
01df5e44-94c4-4315-8c03-e0eec5922dfd,L3,Tweet
b053b460-f227-4391-8e18-744e4f3b266d,L3,Tweet
49422aec-ef7a-492e-adb5-21277bb1daa2,L3,Tweet
6d57d4b4-a86b-4c43-8e77-fe26e6f7bf61,L3,Tweet
80ea8938-28cf-4b1c-a631-6ddab54449d5,L3,Tweet
bffcd5a7-da6e-4917-a91c-1c7c5799e8ea,L3,Tweet
c05e5647-97b9-4439-9685-6215eb48fb92,L3,Tweet
1dcc96a9-2829-4495-9a5c-e1d5e8e14f08,L3,Tweet
d5977f27-b04e-4eb7-99d8-b9493f1c5208,L3,Tweet
52428d8d-6e4d-40f3-a3fe-dd270b386691,L3,Tweet
4175445e-32d3-481d-b8ac-fb802ed3376e,L3,Tweet
0474dc38-c3d9-412a-952a-e3d44083555e,L3,Tweet
40b158ab-d0b8-47a9-8ad9-ea63eaabe3ad,L3,Tweet
8467872b-9201-404d-9692-eefe50a776c4,L3,Tweet
6478c1fc-f986-4e19-9628-968c56162f07,L3,Tweet
f62471f2-8cbf-4e33-b8fe-613b2c95c300,L3,Tweet
c907ffa1-8a80-4e4b-a577-dc9dad968e10,L3,Tweet
3d431af1-f770-4abf-a487-0e00eec4e78b,L3,Tweet
d2017985-094c-4972-9425-2ba78811de1a,L3,Tweet
99a699a5-176d-4e60-abaa-3c8f7600a10c,L3,Tweet
59b5f87b-88fa-4337-80b1-4dd4955a4062,L3,Tweet
e1706c27-d49d-4bb7-9aa1-dc6ed82984e7,L3,Tweet
68ec0b61-a8b8-4bb4-92c1-c29cd56e860b,L3,Tweet
386e5b2c-82cf-4551-8aa1-08825e041170,L3,Tweet
aa23805f-8e44-4dc3-a877-d826f4ef88b1,L3,Tweet
1c935bd0-b851-4915-b866-7a51c94ad3bf,L3,Tweet
db0018a8-5372-4e49-9046-19272cc4941f,L3,Tweet
16bb648e-756e-42d0-bb01-40e07a05f6a9,L3,Tweet
88d08705-46cb-476f-b8dc-bb2d1ca90a03,L3,Tweet
ad91e6c8-6da8-4fb0-a8b5-8a39d9009c9c,L3,Tweet
92f38922-70c7-4e80-b6b5-df99ea79c189,L3,Tweet
18670188-acf5-4169-9baf-c3bc3bf560b1,L3,Tweet
e8b68996-f5a2-44d1-8788-42417e72d9e5,L3,Tweet
4f0adccf-f320-4c98-afe2-ac1b5f717a50,L3,Tweet
87e63046-ab00-4e01-8f9e-01781125c022,L3,Tweet
3e439e2d-374e-485e-9c23-28e0c14c5083,L3,Tweet
3ef33b8c-e641-4214-b109-d6c97a1400c0,L3,Tweet
48fe6f66-e6b3-49c0-909e-5f65d57b24c9,L3,Tweet
cf82fffd-ef59-4bf7-9505-de46d08059cf,L3,Tweet
786ce04d-238d-4f5d-9479-4c1a1f1951c0,L3,Tweet
24e7502b-a7ac-4605-be50-4a1860f8ddae,L3,Tweet
708eb785-6adf-4e04-bf70-aeb02ce58436,L3,Tweet
217435df-77c9-4395-9742-ae41f475cde1,L3,Tweet
ca4cf096-91f8-4d3f-bc9d-498c83be7bf7,L3,Tweet
6d9733cb-6c27-4aeb-81e4-7ba9f97d43ef,L3,Tweet
2da5c943-07d5-4a12-915a-13c63103bcef,L3,Tweet
a69e35b0-8042-4344-b309-0bfec08daf6f,L3,Tweet
4729869b-2106-4004-ad06-9533eed8bd95,L3,Tweet
fbaf508d-2f58-4706-93b3-e1fd0ab206da,L3,Tweet
a88b49a5-dedb-4bf4-afc7-8d9a35e80d03,L3,Tweet
2c01faa5-c58d-4ba1-9c0d-eced0a749b1f,L3,Tweet
d8c003ed-3ed2-4cce-bdc3-fc3e4e4ff0ce,L3,Tweet
bf8c51bb-9add-4d9d-a6ce-1a66307b48d5,L3,Tweet
91bb6ae7-a718-4bb5-94aa-38614f569d79,L3,Tweet
fa62dcb1-3ff2-486c-a128-d4d954544050,L3,Tweet
6b5af57f-997e-4cfb-9364-9443158a08a3,L3,Tweet
61aa5367-ae2b-4dab-bad1-f91cc1b8fade,L3,Tweet
8ef7636d-1a9a-4056-abfe-8a9d37a423a3,L3,Tweet
d3ffb886-705a-4b1f-aaf4-679e4e7fcd60,L3,Tweet
cef5781d-8f25-439a-b0d9-bc3aa7e4bbe2,L3,Tweet
0220db77-2286-42e9-ad5f-1e7bdf08f5f2,L3,Tweet
90035cb1-9e98-4a8c-bce5-c97903dcf4f5,L3,Tweet
86964519-c14d-4c0e-973a-a83282d08804,L3,Tweet
d4d75829-d71a-484b-b4d5-965388ff5b2a,L3,Tweet
84665615-bfcc-4713-b84f-b79fcb15e2cd,L3,Tweet
44395146-6c67-4e5f-b1d4-32d16ba30fbe,L3,Tweet
c0a1dc3c-868f-469b-a074-6a0a279415c1,L3,Tweet
502e8b27-c7e6-4638-84d9-ebdd1b41963f,L3,Tweet
ba668969-a51e-45ad-84fb-889a86f399e5,L3,Tweet
ddf7e5df-a1e0-4b14-8679-12d4c5a645ec,L3,Tweet
a9ebd4ad-d085-4cd7-a314-582cea3eff53,L3,Tweet
ecefe464-4eb5-40e0-ba22-4b7ea3c669ca,L3,Tweet
c3842087-730f-486a-bcaf-5162960489e7,L3,Tweet
a83b9582-908a-4b8f-838a-145f9deedd33,L3,Tweet
15e7ef3c-155c-4aa8-9631-6e15dd48ca75,L3,Tweet
65bcbbdc-8f10-4368-b9c6-81fbdd0e4048,L3,Tweet
dda2db3d-5859-4ec4-86a4-dae10f6258ef,L3,Tweet
e94ea7b8-074f-4201-b82a-ce9e316dd763,L3,Tweet
2a9b431e-60d8-4d9d-8c98-3c2b5f9a4437,L3,Tweet
5b271bf5-5163-4d17-b910-9ae87e1742a5,L3,Tweet
ac56d7a2-ff9c-4c28-9e45-47c6c5bfa148,L3,Tweet
e2268e9b-2e5f-49e8-938a-49cedd4d347a,L3,Tweet
93bfd6e2-07b4-4845-86f2-dceebd124c5b,L3,Tweet
32cd4cff-88c3-4bb4-8011-aae7c680685e,L3,Tweet
4a3eb1c7-c7ba-45e4-8111-02c425f35697,L3,Tweet
c65cdc64-0144-44a2-aca8-ed92cbf27872,L3,Tweet
cb7c18d0-9c02-48df-8d14-55117e8061b8,L3,Tweet
766b07a6-5814-448b-ac53-f0d877df6847,L3,Tweet
3bcdfbe0-d826-4117-a8b1-0fd5a6ca799f,L3,Tweet
5f1cc17d-1ee6-4555-8cbd-4cb20d50a57b,L3,Tweet
f2e227c4-2d93-4ba9-950d-2f1e6acc37f2,L3,Tweet
be2f208f-1f57-45c9-b862-3e5e6d770e4a,L3,Tweet
1523b3e8-409e-40e3-9f03-afb61860e561,L3,Tweet
faf8651a-3179-4dd1-8163-5b89c49c61c5,L3,Tweet
11b80c94-8e7b-41f8-a0ef-9cf6d6eda03c,L3,Tweet
3af94868-a21c-423b-9769-ab1cc072b664,L3,Tweet
04869742-81d2-4799-b0df-d2602820409b,L3,Tweet
13c6cdf9-58f2-409d-8d0d-0a06bd7c093b,L3,Tweet
8ea9230c-c8cf-4fd2-8604-dc559f54ddc8,L3,Tweet
d7103ba3-7b60-40db-a5a0-7b795612ed55,L3,Tweet
baf61fa6-e4c6-457a-b6cb-04c3bfbf2cf1,L3,Tweet
5f955fb1-ba58-43e8-8bf6-03dce0ab18c3,L3,Tweet
6c3a398c-f245-4a77-982f-8f6566e033c7,L3,Tweet
39c0a46d-d872-4a14-979a-3c05930f5aac,L3,Tweet
d1015b71-72ad-449f-862e-863355e4d589,L3,Tweet
cd3bdf48-e9e7-4bb1-8c8c-85eb0c902beb,L3,Tweet
4a2078e3-d50d-47bb-95d9-cf03eb3c3c7d,L3,Tweet
7c4ffb20-c855-4676-94b3-4f2a196aa31a,L3,Tweet
8b995284-ab43-4294-b49b-71b65e7ef469,L3,Tweet
5b245a7e-008c-4ce7-bcc3-624f37ae5ffc,L3,Tweet
2a12a000-644a-41af-88fe-61ea94ec0a29,L3,Tweet
5036d5bf-0fa7-4cac-934d-16c3ab9e0c18,L3,Tweet
00ca0ad7-b973-4bc6-afe3-7d1e7152ba85,L3,Tweet
1141ae47-909e-4069-be45-123bc223b6d0,L3,Tweet
01cee27f-d99e-4053-9cf5-4ee28e1511cd,L3,Tweet
0e03386b-226a-4f1d-a184-5fdc688af0bd,L3,Tweet
b88e50d5-0c3f-4b2b-8efd-f2e101da7b84,L3,Tweet
e3d69e06-73b4-405e-86a1-7b81657ad17a,L3,Tweet
3505f5f2-70fd-493d-9709-b63192a2e012,L3,Tweet
b1c2c39f-5202-4d86-8575-6c7fac7adf82,L3,Tweet
c40112e0-12c2-4eb9-8b6d-3ea6c543d1c2,L3,Tweet
50118b8a-8060-4650-bb24-4aaacdd353c1,L3,Tweet
a9b3a75d-25cc-4562-8806-e9d060563f2c,L3,Tweet
d6c61d66-65b1-4a88-b7b8-b82a83732b0c,L3,Tweet
910ca40c-6e81-4f8c-ac7e-1d1bc1ea0b6a,L3,Tweet
f21fc93c-c4bb-4e87-8fd4-71bf264eb1a1,L3,Tweet
6482d83e-9eee-49cc-999c-36ab0bcb3ffb,L3,Tweet
5e8d53a7-6d31-43c8-bc0f-5748c7a9576b,L3,Tweet
9aaf6975-1a2c-44a0-8b82-54c082d190ee,L3,Tweet
b99d7e90-2e98-4c4e-a6fd-f6873315ae65,L3,Tweet
f536cbee-1d8d-4836-9b30-4da332c77c4c,L3,Tweet
8b68b471-3b1f-4701-8f88-52798e9d4c93,L3,Tweet
acd134fe-964d-4d9a-b132-c7855e9c708f,L3,Tweet
c7faac01-8295-42e0-b504-7b2b19bc0ccb,L3,Tweet
149041e2-9487-4479-bb19-225a4def3824,L3,Tweet
572f7326-0a62-492f-bc81-80ebbe7a2dd4,L3,Tweet
99524942-8e17-4d38-86b1-04f759b03d7a,L3,Tweet
95e82c3c-2571-452e-9fad-0004a203c6f8,L3,Tweet
3d571970-7835-48fc-8e0b-6ce7111867db,L3,Tweet
a3faff7f-982a-4314-ade3-ce9231fe78f8,L3,Tweet
e7a1091b-700c-4adc-9daf-f76cdb108602,L3,Tweet
90a23026-c221-41cd-bc5e-ad4f907e5fdb,L3,Tweet
bf9e90b3-8e5d-41aa-80ba-1a6c7ae1417f,L3,Tweet
b69ea955-0cab-4e1b-ab1e-6034528dbd67,L3,Tweet
1b079f01-e8c0-4e0e-ae02-e8b135f759c4,L3,Tweet
1cb06f5e-18dc-44ae-a738-306b62aec0e1,L3,Tweet
42f53548-2b23-4faa-b56f-63440dff7f17,L3,Tweet
013e9c19-35e7-475f-a70a-9b20942762a4,L3,Tweet
f05dc1c3-7ce2-49f9-a6c2-3b3b0b4b4707,L3,Tweet
5a589ee1-0473-476b-93d8-09427f506dc9,L3,Tweet
17b102d4-fe2c-4063-906d-7cd95ddb3d2e,L3,Tweet
af231afd-9841-4bd8-8048-3f274d0cb8b0,L3,Tweet
1bf037d1-7a84-41f0-87be-4121247c333b,L3,Tweet
342593a6-0a2e-457b-9697-cbc6cc04648d,L3,Tweet
f6bd84de-671a-4c52-bd39-404cc9b8a68a,L3,Tweet
1393094a-6906-49dd-ad9f-2e015d73ee91,L3,Tweet
0e255842-f26b-4529-ac66-87458477100c,L3,Tweet
abd61384-be07-4967-a518-ed3e64889871,L3,Tweet
6e227900-dabc-4874-ae1f-fe915c1dfb0b,L3,Tweet
5e439384-c574-43e1-8d86-4ab7fee02fa0,L3,Tweet
6198cfa4-34a5-478e-a33c-2b892d937fac,L3,Tweet
de4956f2-6b4e-42ef-afcb-024039db7cbe,L3,Tweet
5a7dab10-18ee-4d99-8753-8519384cc1cf,L3,Tweet
26cc61ac-7090-4962-b194-7526821020ae,L3,Tweet
221a8f16-d148-4cfd-9bfb-98e40b850fbb,L3,Tweet
4d3d656c-cb36-43e4-9537-6d935d95ff99,L3,Tweet
948dd036-c023-4398-855c-e7526c33387d,L3,Tweet
51ddd985-bd96-4c59-b8a2-f8a843708170,L3,Tweet
4090bc6a-1a4a-4eb9-b9b1-701eceb4d6a6,L3,Tweet
88d7d28f-bad9-4a53-8350-2576922bb737,L3,Tweet
f8a30c08-ea5b-4707-8b98-71b288f97eb4,L3,Tweet
efd557cb-7c34-4e10-8c60-8cb554086249,L3,Tweet
c196dd62-bc9d-4088-8ded-fdb546d5f417,L3,Tweet
bf0b1db2-5888-4529-ace8-2908ceb6c143,L3,Tweet
5aa519ec-9343-4a71-8d1d-c12301f5814d,L3,Tweet
5c484f66-ca3d-4e1e-a892-f422eb597583,L3,Tweet
86eaef21-21d6-49cd-8202-aad579a7f58d,L3,Tweet
9ac5b430-566f-47b1-b34b-8395aaa0dbb7,L3,Tweet
f2c1ad3d-6912-4504-9f23-684e62e93ca8,L3,Tweet
347b87b3-8fe4-43be-b154-d21953ed25fb,L3,Tweet
44987de9-9d31-4629-9beb-70206cbea570,L3,Tweet
01bd173f-6055-4f26-8125-df15c69f41fc,L3,Tweet
0616bb8b-e17c-4cf2-9b12-cfc6b3a4b226,L3,Tweet
9cfedfe7-587c-46da-9e1b-833049edbfc0,L3,Tweet
582bd297-8244-422a-89f7-dbd222a7d5a8,L3,Tweet
bc7b9da3-a687-4f45-9fee-18676df1646c,L3,Tweet
a69652c6-4a96-43f6-a226-ac5ed5782c5f,L3,Tweet
b81a9f2e-7dc8-49a8-bc78-a1533a4b45ee,L3,Tweet
36d7e64c-85c0-43f5-8d59-4c4d33d3e35c,L3,Tweet
030ccbea-ad48-4d48-86b9-edec9d65c79d,L3,Tweet
6e1ce6b1-13e2-4d3f-8bca-53ec14352574,L3,Tweet
aa2b2c3b-7d67-4ea3-84d6-e0e079887cb0,L3,Tweet
fe1a7b4e-d120-478b-8d01-98b8d361b8d2,L3,Tweet
77139ffc-e85f-45fc-ba0a-1a98429a771f,L3,Tweet
aeb973f1-1ba9-4b09-9848-f43771ab8409,L3,Tweet
6c798683-d477-43cd-b425-fc8755977238,L3,Tweet
c2620654-0c87-48c8-ac25-d6630f1e8afd,L3,Tweet
7563e6b2-c8ab-4465-9752-217a13354663,L3,Tweet
438c80b2-0427-4f8e-9827-837ba239c134,L3,Tweet
0a809a96-0a70-422d-9b82-3173bca0c2b6,L3,Tweet
268f4b8e-11c5-4964-b4b3-14f1a67c8290,L3,Tweet
26bf5a63-eee6-4350-9dbd-14edf730842c,L3,Tweet
27aaef06-af06-49e6-a00a-40a16b072725,L3,Tweet
f7e5c7cf-b30f-4956-92fd-4b538019933d,L3,Tweet
989bc7d7-26a5-436f-94db-321a46ccbebb,L3,Tweet
53b5b9bb-8158-485a-ad5f-750885db707e,L3,Tweet
76a91397-2652-4f80-90b9-85420e3c67ba,L3,Tweet
5543de5e-2235-4f26-8e10-2a2cc157a89e,L3,Tweet
cf0a7b71-b544-470d-ba1e-40692950e1c1,L3,Tweet
2e1fc42c-c3bb-448b-b211-3d799a493f37,L3,Tweet
42c8f19a-959d-4ec0-841d-54ee711bdb91,L3,Tweet
b07b15f7-1b99-4e54-9be8-703a7117954b,L3,Tweet
85d419b4-0ee3-4782-83d7-b5cd6aea1b79,L3,Tweet
a283cf51-d144-4b57-a0aa-f3931b38f994,L3,Tweet
8b07873c-3c37-4e5b-82d1-b4abb03b7da7,L3,Tweet
1317edd8-1aea-413b-9643-f19f46828126,L3,Tweet
258fee56-9ba8-4cc3-b62a-cd946c37b143,L3,Tweet
1ab738c8-8424-48bd-aa3b-5a6716f5022e,L3,Tweet
c06014e6-7061-44e2-b77c-6e7973fabfe8,L3,Tweet
741f4a68-7b86-4fef-bcf8-59b7cb817001,L3,Tweet
88fcc7b1-55d4-4303-bae3-ece9d7a575d8,L3,Tweet
216be578-e3f3-4dd9-b3d2-d883de46a151,L3,Tweet
25c8c4b9-f206-4d2d-b79e-bd78e0d58be6,L3,Tweet
aa6d7697-5a0d-41de-8faa-d51172cc848b,L3,Tweet
62124ae9-e116-4d66-b0fe-a25e3ae54442,L3,Tweet
0d394e57-3bcd-4e47-ba5c-24e9a4148b68,L3,Tweet
85e15e38-a367-47e7-a150-d91b7bde8ce4,L3,Tweet
2dad8140-fce4-457e-b1bb-fb2c9dfddeac,L3,Tweet
913bc0ef-11bf-425c-aad9-0f67a303b631,L3,Tweet
7d67f00a-ff57-4402-b981-d1610fae9807,L3,Tweet
6280ef06-24c4-4132-90fa-f83f0d84f43e,L3,Tweet
5e4598e7-4c86-4c63-8391-b1d701b864b9,L3,Tweet
127d5e61-a8ff-4e14-abb2-6f607f98e726,L3,Tweet
f1363b04-d5e4-4643-ab91-1f7248321e34,L3,Tweet
6cce9fd8-74b9-4377-89ff-aa453f659062,L3,Tweet
5207a603-89cb-4d1f-a5ce-dc9737c8907b,L3,Tweet
53b585fc-ec76-47b1-a12d-3fd3fb7dfc8c,L3,Tweet
2e2f40dc-fc2e-4e28-bad4-f1c1b73848b0,L3,Tweet
93ee965a-abe6-4716-b497-a5bef7022334,L3,Tweet
3d87805a-3ca9-40d5-91ea-1444da9cc807,L3,Tweet
6b46a6b5-de18-4eea-a4ad-c59546f8c02e,L3,Tweet
5bad27a3-f55f-40ca-85b0-82c2d94dc385,L3,Tweet
8c8c0bfa-b90d-413b-9efe-a3cb79cbb5cf,L3,Tweet
b37263d8-b7e2-4558-adbf-fb85c93910d0,L3,Tweet
2397062d-f618-413a-8f33-aa06ab580161,L3,Tweet
1fabfa04-2b29-45c6-b45c-ed15d9a3b5a8,L3,Tweet
77573c10-7554-4896-8a0b-d8e19243d176,L3,Tweet
982a223e-9ade-4204-ac41-708f2de87b46,L3,Tweet
9bc3001c-0505-45b0-89dd-30523cd0e879,L3,Tweet
c572f098-772f-41c0-9279-0cb2cdcab164,L3,Tweet
12a3cf41-c44c-4dbd-aa62-971d333241fc,L3,Tweet
60c1d83c-7d2c-41d4-971d-8b331e199c31,L3,Tweet
cb400949-8f99-427a-9245-6106f7df80d7,L3,Tweet
9064710c-6125-4c44-a860-742f3d5876cf,L3,Tweet
365bf35f-2eee-47c0-abf0-4bef167f526f,L3,Tweet
7e367291-2b92-4a2d-9ed8-de36bec9e8c0,L3,Tweet
bc78636c-c6c2-4766-8da6-7f90bf942e79,L3,Tweet
6f5be7f3-f558-4a08-afcc-baa1fbd008b5,L3,Tweet
c1dedc3a-a845-4263-96c3-8a3eb8da832a,L3,Tweet
c534a4d2-8b10-4a7f-8b6f-2c1f6d042d08,L3,Tweet
4f8ce8fe-ae0c-4087-9ebe-9a952f433709,L3,Tweet
3198c3ec-edb1-4183-b972-d8aa71a6e8b6,L3,Tweet
ac8f682a-c548-45c2-9f65-a0418d9fca81,L3,Tweet
57496276-12ed-471a-9fdd-cff18ae0db00,L3,Tweet
af560e0d-a8df-4340-81f2-c0f2c0f6a4ee,L3,Tweet
82d1b755-c006-485b-9629-b970669e67f4,L3,Tweet
f4e4264f-7d9e-41cc-bea0-8ac5bd41645e,L3,Tweet
74a8d8a3-9d26-4ba1-8121-55a8d3f8048f,L3,Tweet
4167ffe2-d315-4554-a5e2-00b0736ff9ea,L3,Tweet
10b64513-c505-4f77-bcb1-cc93e17801b9,L3,Tweet
43d73a90-8170-480e-9963-68e98b691349,L3,Tweet
ecad8623-0b11-4783-af3d-0bd32b8aaf3c,L3,Tweet
2262e8a3-222d-4dfe-aaf1-c58c83ef7d35,L3,Tweet
2187a675-d5e3-4109-95fd-317e364ef1b3,L3,Tweet
2bce9bbb-0991-4270-af6b-a67b642da192,L3,Tweet
dc715711-8557-44dc-9a6b-346c0e73ce9d,L3,Tweet
38189d00-9ae0-42c0-91a2-a8a34ec1c2b6,L3,Tweet
ec8e549f-3934-4c22-9125-a3a74f8c02cf,L3,Tweet
1f03f12e-84c8-4820-ae09-5aded2d81b64,L3,Tweet
6a71d07b-44ff-42ad-8709-016def73a25e,L3,Tweet
0e8fb36e-d005-45b1-a121-424089bd093f,L3,Tweet
61264f1e-d8ad-4f71-9664-41afb381d3d0,L3,Tweet
cc80217f-9cfb-447c-9df1-0c6a4954f872,L3,Tweet
5fda5fe9-62ae-466c-b841-6055eaeda986,L3,Tweet
5d564dc5-1ddc-499f-92f8-2f67f7b5948d,L3,Tweet
c33b5500-4054-42cd-bfcb-630a7d3886cf,L3,Tweet
6d66a5a2-f905-430b-ae11-2a03bd29915a,L3,Tweet
899b9fed-9962-4aa1-8b78-80fa831d8621,L3,Tweet
4a37d6e6-768d-4358-9512-0455e2ee4844,L3,Tweet
0306fd66-2ba8-45cf-b131-25507ea00430,L3,Tweet
2c5fcd11-3f52-4f1b-b42c-87d69aa421b5,L3,Tweet
edd940b5-09ea-44d8-9fb3-5a307aa54be0,L3,Tweet
829e165d-c488-4989-bb75-c7f7d91f55e8,L3,Tweet
511087c1-1ef4-40a8-ba45-335f6d078808,L3,Tweet
ebd1e31f-2961-4736-9624-2129a97d2cce,L3,Tweet
718ca49d-89b0-4ca0-9219-b4e1cec88732,L3,Tweet
4069ad26-725c-4d9c-a5ec-4681132a8dfc,L3,Tweet
612b7a3b-4e8e-43f9-ac61-879cb7e0e94d,L3,Tweet
bb2f94fa-9935-40b7-bd88-fb469036d6fc,L3,Tweet
7507e374-a3fa-4bf6-aaeb-fb96cf24f6a5,L3,Tweet
0c507ca8-5b1b-4b12-9f27-3c071bd80bf0,L3,Tweet
d9d2d7b5-37fe-42bc-8441-f6f62115b8da,L3,Tweet
1a50cef5-876d-4a32-80f4-0b4264f50e21,L3,Tweet
41a9751a-a8d7-427c-881d-5b143bf6e877,L3,Tweet
0c0e9fb5-e2df-4221-8a65-30732d2cdabd,L3,Tweet
08971d54-647b-4ca1-8615-84661020c692,L3,Tweet
41e8b767-8367-4053-bb58-d505eb201a4b,L3,Tweet
87f14494-b0c2-49bb-b045-5a52147aee11,L3,Tweet
0447017b-58c7-49a8-9126-061b006f4d9b,L3,Tweet
cc7f5564-c229-4fa0-9608-d13dca64e87b,L3,Tweet
8ab460b6-4eca-4196-951a-7583be58695f,L3,Tweet
2717c6e7-2f24-419b-9c70-ce90af713c7f,L3,Tweet
298f1e85-c28b-4cd7-9690-23977253c95b,L3,Tweet
1e3c1fd1-14f3-43c5-bd26-77794e2d3d38,L3,Tweet
ef29b70d-5c10-4625-bdfc-40be1eef4c10,L3,Tweet
93b42a12-5046-422b-9c99-9b640fdd2413,L3,Tweet
2af34130-e6ee-4621-b373-bc47d86cc043,L3,Tweet
7ee88c8c-96ff-45dd-8ecb-03e1a662cdc2,L3,Tweet
2b51d0ce-b8c8-4161-99d7-284e4dcc1e83,L3,Tweet
4ae41f1a-4169-4c3f-9c35-992c3209cf6d,L3,Tweet
3cae8a3b-1453-4fd6-b0b8-d1b73421f731,L3,Tweet
4503777d-32e0-4267-bfb7-8a6c95b94ced,L3,Tweet
26d97b6f-742e-4090-9433-28b9eebf939c,L3,Tweet
6aceb34d-24cc-4de7-a7e2-c58e11974935,L3,Tweet
edcfe6d1-aa7d-4761-886a-d8d5da30f32f,L3,Tweet
325b507b-6e9d-4d66-87a2-de4f7ec25390,L3,Tweet
cd5afda7-779c-4fe5-9db6-c04b99ac2856,L3,Tweet
33bfbfb8-456c-416a-ac63-aae9a61f0c21,L3,Tweet
aa24b076-bc92-47fe-ba13-c88986a5bdea,L3,Tweet
2cf59868-43b7-4d08-b417-ada20fc77146,L3,Tweet
3d8f2c6a-ce03-41ae-94d9-3e62b261e9a3,L3,Tweet
19740d2b-04d4-42cf-acb6-e64a0d3b06f9,L3,Tweet
fab0ec69-5037-4b95-94e3-f696c759cf5d,L3,Tweet
859f4cc1-444b-4d3c-989e-c07b0be43863,L3,Tweet
3c45b878-dacf-4983-a417-ec54e7ab5647,L3,Tweet
3a978eeb-5489-4e83-a30a-21fd92f444e7,L3,Tweet
9b99a846-c8ba-40f0-abcf-0a7271a87c1c,L3,Tweet
3a97f5a4-45b2-4c64-920c-b7c3250dfe6e,L3,Tweet
3a6706d3-e0bc-44de-b816-9324f085f144,L3,Tweet
517f5e0f-72de-415b-8d2a-9338155884c5,L3,Tweet
893dad07-9d68-4580-b2e7-dfbe4cc51b12,L3,Tweet
9d6c23ab-c542-483d-9446-7749dbdeba7b,L3,Tweet
19824770-7582-4c34-9f1f-0ededbf62f74,L3,Tweet
c9157e97-9f16-43da-ab7d-0325280a2eab,L3,Tweet
d717cb4b-2f42-4c56-9c14-1a004b8d326b,L3,Tweet
b3022793-31ff-48c0-a9df-9e7558e4a40e,L3,Tweet
9961101b-d97c-41a2-bc84-ab63e9c90652,L3,Tweet
99e84cbb-2da6-45ad-be2c-3811d61d9254,L3,Tweet
13b2ff90-82a5-48c7-b936-55363fd5ffba,L3,Tweet
a5a2fb83-0b2c-4f1b-b2ec-a41dbea25fc5,L3,Tweet
7ec397d6-74c7-46ad-b2bc-d26174798e58,L3,Tweet
fe062aa6-f6f4-4e81-be60-c6ab2ff85fd6,L3,Tweet
d93f7c44-6893-49d9-9ccd-c9c2183002cb,L3,Tweet
ed258813-b5b6-4931-9a4d-64fa6c4f643d,L3,Tweet
7c8bfd3d-16f5-41bb-b129-faf7d8df62cb,L3,Tweet
fc5c39c3-1222-4747-9644-c6b6ed97ecaf,L3,Tweet
701113b9-e9e4-4e13-b125-9d446456b597,L3,Tweet
ffa360c1-f67b-4045-bdd5-6dc2cf8b6cd7,L3,Tweet
74e0362b-ffcd-4f5d-98a1-85e7ef3c6aa8,L3,Tweet
897adaec-45d2-4994-84e4-7752a665deb9,L3,Tweet
fb1fb20b-4d7c-45fb-9b22-4799a18115e8,L3,Tweet
195e0192-3f6c-4ee8-89f5-0a257fe61b31,L3,Tweet
9da1fe30-150c-4d01-91d8-94f012d0580e,L3,Tweet
99fdde8e-8a1b-4db7-8109-25c1517e8e03,L3,Tweet
d1e4a1c5-1a4a-47ad-a17d-4d02bb245aec,L3,Tweet
4403836a-778a-4864-93e9-2814a82c12fd,L3,Tweet
8f8273fb-2f8d-45dd-bb3e-3d08dbb1718d,L3,Tweet
f3d011d7-d3d0-4da7-af3a-d14b8fcfeec3,L3,Tweet
d90c5dee-9e5a-4940-b1d5-a54af4ef7eae,L3,Tweet
5c291d48-f5b6-4dc6-a706-2eeaf528c7ed,L3,Tweet
5dcc6f16-2135-48ee-8c67-f71f9657f0de,L3,Tweet
36338522-c9b7-4343-abf6-e3163bccfdf4,L3,Tweet
55da57af-e5a1-4f26-ab36-98460a540b7d,L3,Tweet
7b9fdbc1-9368-4ad9-abff-a3358ccc420e,L3,Tweet
862e2df9-21a4-4026-bf05-951d082f5121,L3,Tweet
842d93eb-5a9d-4ede-8713-0c96cc32fe6b,L3,Tweet
e18a5902-d45c-4e68-8831-73fcf3a1e755,L3,Tweet
696b5c0e-afe7-4be3-9592-064458a9486c,L3,Tweet
50e0c1d5-64b4-4c16-ae7d-bcb329ebbb8b,L3,Tweet
d41df0dc-3405-424c-b0a1-d8cdca4bb9ab,L3,Tweet
40ee08b3-1e25-46d0-844e-ad3848a52ac8,L3,Tweet
da74299e-0f98-48f1-8406-921f9fc15c6b,L3,Tweet
9df0fe6a-5bb4-43b3-a817-ce479b70bee8,L3,Tweet
19ec2124-5f17-432c-9a14-1b3186856d18,L3,Tweet
a37f67ae-986b-408c-b422-f4e5fbf88691,L3,Tweet
504928c6-9907-4f92-bdb0-2012373aa29b,L3,Tweet
2254441e-85b7-42f7-984d-1583a543ff66,L3,Tweet
0e34dcc8-9a17-485d-a045-d5ad2775b526,L3,Tweet
5d4d02e6-1ed8-42fa-a69e-d00c7e30ddc4,L3,Tweet
2d849c98-8a42-4836-9520-8d16f7946d59,L3,Tweet
32caeaa1-7fcb-4b8b-8e9b-806ad143b2ae,L3,Tweet
2af0f186-69de-46d7-b4de-cc06169e276d,L3,Tweet
9e54088d-1952-40c7-99d5-0da69a86c3f8,L3,Tweet
1d3e3aea-d970-4979-8ebd-91f4e22c0f5e,L3,Tweet
8565d64e-8718-4ba6-9e6a-b9f545913edd,L3,Tweet
0cba74b3-8990-46ce-b1d9-108322658d5e,L3,Tweet
4382364b-f320-4bea-9dcb-1785d54faf80,L3,Tweet
0239a5c1-6e53-4daa-a098-00492e3d7a96,L3,Tweet
0ac5c9f8-54aa-4ef5-9c72-293789be8e0b,L3,Tweet
5c41311f-f8c7-4fd8-9a5a-c4bec265e1f8,L3,Tweet
6d642d85-9482-4c32-a262-27d6884e0e71,L3,Tweet
9ef2e510-c20f-46f1-a83f-07e284938eb9,L3,Tweet
cf7f1ab7-3957-4fdb-a218-6b4a616073c4,L3,Tweet
ee84bfbd-f527-4357-8858-522bb51c71ae,L3,Tweet
595dba93-9a09-40ae-8c9a-7f494274600d,L3,Tweet
6c147784-1e8d-401a-a3d1-5eb7eccc6153,L3,Tweet
5de300dc-7f93-465c-9f0b-c6ede41d02df,L3,Tweet
6301795c-3ce2-4bb3-8d1a-0a81e4bdf0a9,L3,Tweet
f51f4c61-543f-43d6-b188-34653f97b7e1,L3,Tweet
823333a6-b255-40f3-a92e-e5c13400882c,L3,Tweet
954b80c0-64a1-4d42-87e6-9aef82c646d3,L3,Tweet
3afa9cac-4ce4-443e-82c0-303507ead5c2,L3,Tweet
b800fd0e-c653-462f-93aa-ac255f91c082,L3,Tweet
c3a28496-679d-4046-8d65-3ea6c3cb3018,L3,Tweet
1a6c9a56-0fdf-4258-8aa3-88649d1fc619,L3,Tweet
ae9ff363-9d7e-4bff-b4de-f52c52febb18,L3,Tweet
8031aa75-aad3-47ad-a224-f67e49010112,L3,Tweet
3d6093d4-37d5-4594-a6e4-94e742276187,L3,Tweet
0b26f079-dd79-4e71-b154-bb9f606f5c20,L3,Tweet
52b24898-c066-46d0-82c3-0ecea8acd7f1,L3,Tweet
c373d5d8-d396-43ef-81a2-248c1e64be41,L3,Tweet
38bc3a96-ebcc-4acb-96d3-fcfacc5eb4d3,L3,Tweet
5bd9007a-c705-402d-95f2-c40fec193dd7,L3,Tweet
c1492ccc-ea85-41c2-92ba-70c20c214fe3,L3,Tweet
f3900e6d-a03c-46b7-a783-a6da602d6521,L3,Tweet
eef0251e-9936-4561-97a5-766596eb08a8,L3,Tweet
b2574944-9d3e-466c-b4eb-d1a1ca104437,L3,Tweet
27df46d6-8d38-4b55-8a56-76e9db477e1b,L3,Tweet
2a6a65ae-491c-48b0-8e55-07223899df26,L3,Tweet
6fd4a156-6a5e-4b91-9bcd-5663cbc7ac67,L3,Tweet
55386e2e-25dd-4cdb-ad33-633d2d7b8b05,L3,Tweet
b185c992-4abd-4a5b-9ef1-b80fb7de3b7b,L3,Tweet
3b784ee9-f6bf-466b-9b76-216c4fbca17e,L3,Tweet
ea569276-867c-451f-9a17-35264a5507a5,L3,Tweet
de444dbc-e87c-4dd2-b3da-ac709174a9da,L3,Tweet
79b98804-7ce0-4c44-9531-72afda5f06e4,L3,Tweet
e427ac01-8e14-4546-b329-56a909bacb70,L3,Tweet
b627a161-82d8-4cb1-9637-7dc0fb71b256,L3,Tweet
cfbf9c27-ec61-4b49-a4da-e82e23278c1f,L3,Tweet
3e87c2f7-0a0c-4756-8a32-c63e7aeebf3e,L3,Tweet
e3531547-3466-4513-b28a-590a115e720b,L3,Tweet
a54c6ddf-fb3c-48c4-a1ea-c73a0ab858b0,L3,Tweet
4977e5f2-6a93-4613-b11d-2e9d23f57f34,L3,Tweet
f377325d-192d-4574-8bdc-fea55860ef76,L3,Tweet
bc73ef3d-7ae5-4974-b9dd-d149aee5f1aa,L3,Tweet
5f302773-38bf-455e-8718-84d5b1926c5f,L3,Tweet
d2954a76-8eff-41d9-8775-e9c7b629f521,L3,Tweet
c15e6674-9d9b-42db-a881-0c10edde7ead,L3,Tweet
8ed2151a-51c6-4f2f-8b5b-7778d073eabd,L3,Tweet
0afb15a9-2914-4256-a3ad-21024e615eee,L3,Tweet
fa205211-f968-4a2f-ae05-88915792d2f7,L3,Tweet
3b1c73a7-0357-48f6-94e8-b2741680a856,L3,Tweet
5d83761a-a3d5-4fec-9bc4-55fca6a72edc,L3,Tweet
1200ff0f-aa01-4a37-be85-c9fe2358dc89,L3,Tweet
e130e627-b48c-4d6e-82b6-3b213841ebc1,L3,Tweet
7b44f792-4b17-457f-bcd2-8a74214681f5,L3,Tweet
8d840ca1-e56a-4d7e-b09c-39371a902ec2,L3,Tweet
c5d09787-a32f-4830-8e7a-eddc00d7f7a7,L3,Tweet
5f0647ce-bf35-43dc-b11a-507fd81c3de9,L3,Tweet
96497df1-8a6b-42ae-8d83-aecba64fe310,L3,Tweet
e765d3d3-0e09-46aa-a691-e08ab6c33f01,L3,Tweet
2c7ba067-aca1-4847-8456-4bc0940070c5,L3,Tweet
c5af98b7-b51d-4a83-9f6d-75e962ac1ea9,L3,Tweet
0644be73-3688-4c79-bbb5-ee5366b7f08b,L3,Tweet
65af3e45-b519-44c0-8be3-786975d38154,L3,Tweet
a50ebd2a-8b54-4490-9ae3-f9049dae7304,L3,Tweet
975af989-dc25-4040-a90e-ae6dc9169872,L3,Tweet
b15458bc-87f1-4572-9f67-5e9f7f6f8709,L3,Tweet
5b5d54a7-1b85-4076-bb61-0e269e3908e2,L3,Tweet
5e24c7f9-e416-4aaa-8038-87113cf97e6b,L3,Tweet
4cf141d3-0911-49b0-b663-46c2bb26094a,L3,Tweet
7b12c958-994b-4017-855d-a819958acd4e,L3,Tweet
22e125ce-9283-4a63-b306-b5884845bc07,L3,Tweet
64c9eaa9-9232-4680-85c1-184d18fb908c,L3,Tweet
5230995e-78f0-4f6a-a47d-77a15aec6ca9,L3,Tweet
42e5687f-128e-47ad-8493-55c1fc0b862f,L3,Tweet
aad63894-4b85-4c58-adfc-649f99eac7ac,L3,Tweet
a0a20b4f-8b8b-455c-9877-e19f2d77f8b6,L3,Tweet
440b9408-424e-432f-a88c-bcc63e9024a2,L3,Tweet
4ecc5e57-167c-40e8-b243-788c106fe013,L3,Tweet
d4b69694-d09a-4a63-8ce1-ed9e78049cc7,L3,Tweet
a75d9b1e-b51f-40f9-890a-004aa16c09e3,L3,Tweet
98f8fc21-ee12-435a-a6d1-513ac54d365f,L3,Tweet
470a3acc-3d6f-4a63-ab64-9a190aa3fc36,L3,Tweet
7c05e103-48c4-4856-bcb5-72bfcf4842f6,L3,Tweet
1c0a08d4-52e9-428e-8911-281fb088b9e2,L3,Tweet
c9a7aec5-e972-473b-a1dc-682db422ee07,L3,Tweet
1ef4767b-4b9f-4e91-94a6-1bbe50257a3c,L3,Tweet
884d18ae-fa0a-4f92-9fc7-7e9d55dde969,L3,Tweet
7e3c491f-c495-40f4-b141-3972e6344f52,L3,Tweet
6c4acff1-9e93-4d9b-bbae-68c1ec311fdd,L3,Tweet
12f74c94-a076-49eb-9fd9-7f089aabbbfd,L3,Tweet
503badae-84ae-43e0-95c8-65696d3a9985,L3,Tweet
b34f8a2a-94b6-4cd2-935f-6efa1c572ad2,L3,Tweet
7fcc1a0b-0f45-423c-baa4-a87169e96e05,L3,Tweet
b515d6e8-620d-4aa1-b546-13edc90d1a66,L3,Tweet
2f034100-a5dd-41cd-8acf-719f0ae8241f,L3,Tweet
488e522b-36d0-4071-a836-4f1edeb135e1,L3,Tweet
16eab204-3508-4b64-86a7-a3e814b51ba9,L3,Tweet
744a8d3e-b60d-4be6-b9e9-d3778a8d3859,L3,Tweet
95783205-b976-476b-be3c-a2d0ce4d9a6e,L3,Tweet
b6c61d9c-4fb0-42c4-a74e-adfd2f84b791,L3,Tweet
f3ee1aa3-405e-46ca-86be-55013cef5111,L3,Tweet
b615254c-0f5b-4e3e-bdf5-fe633930c85f,L3,Tweet
03aad27a-d95f-46e8-947b-0aa78468b334,L3,Tweet
646f469e-7eae-4f4e-a347-40af244d1674,L3,Tweet
09e044b5-0eba-4d47-a88c-f0c7b79423ef,L3,Tweet
e6ad8874-70db-4d43-a283-813ff80fe9fa,L3,Tweet
852f942c-bc37-4f2b-b2b4-7ae225a953c3,L3,Tweet
ed8e1daf-3f18-4282-8317-6a5d9e060e22,L3,Tweet
f8a6fffc-973d-4aba-b969-6398b480e6c4,L3,Tweet
3caf3ac6-9dff-4837-abc1-318b6fcfe117,L3,Tweet
2f64b49e-b862-4775-99bf-a1bbd144f97c,L3,Tweet
d9da6ed1-a8c3-4f56-b26a-7402a9c3d732,L3,Tweet
19314f5a-0a92-40d7-8c1b-ccd84f72d56f,L3,Tweet
4c42f20f-7699-4799-b64d-8cf852af1499,L3,Tweet
dc42a08d-cf22-47b9-8290-135c5015b9ff,L3,Tweet
3fdce8b4-0dee-4213-9624-22e4cd5f1cde,L3,Tweet
fb68c0e5-2309-4333-9baf-15416ce5e8f8,L3,Tweet
736e7414-f815-4e25-a995-554b7fd60bfd,L3,Tweet
94abc8f4-1155-4ce6-910e-9ac85ca6d964,L3,Tweet
5e8fda64-ca6a-42a4-a29b-364dda456741,L3,Tweet
d4c3f9e7-7267-4ecb-af96-e76d523089d0,L3,Tweet
da1423aa-5d9d-450f-9696-51ba4aeb4c29,L3,Tweet
96c01a70-90c4-4614-b1b5-2d73e09217af,L3,Tweet
c16ceacc-0c2d-4ece-87f9-8c59ca6c37bd,L3,Tweet
1998bfc7-5d4b-4520-89b7-6c54a860a51f,L3,Tweet
062d2fff-f3e0-4b7a-8424-dcaad5d52360,L3,Tweet
fc6625f9-9db8-433c-be42-edd59f6e137d,L3,Tweet
b651d990-e0b4-4a9d-8e56-6f81d348e82a,L3,Tweet
c596eb53-de88-40d2-8bf7-635e237e762b,L3,Tweet
6dcdf973-5c58-4e04-a5c0-b9dfd1ab515d,L3,Tweet
199390db-aa94-41c2-9832-9a6e206c05db,L3,Tweet
03f8ab40-0b07-4355-9b4c-c28b005db9dd,L3,Tweet
dba12f11-2a30-4988-872c-e5281830c64f,L3,Tweet
7584fe2b-0e31-40b0-a588-ada587690a12,L3,Tweet
7b40dc80-fc61-48f6-84ac-552868e6c721,L3,Tweet
bb775afd-bbc8-4dc6-81cf-d9fd39166670,L3,Tweet
43743124-3360-4869-847a-70ac274bcc1e,L3,Tweet
e695fdc3-7795-4f65-9b6e-4c25e058d6d0,L3,Tweet
d7db9923-1f84-4426-97c1-ea2d987f3f1d,L3,Tweet
968737bf-4f73-40e1-9346-56bb0807eb8e,L3,Tweet
79e9af40-855f-4438-a16c-8fce06d3b352,L3,Tweet
6220abce-79e9-4111-bac7-9d6d9622f753,L3,Tweet
720b4cad-dc1b-48a0-b4fc-e6b0ba305aba,L3,Tweet
6f05e0f0-e692-4c64-aab6-2776bebccd3d,L3,Tweet
c085294f-3c95-4cd4-b011-fec6159b8590,L3,Tweet
2e8265af-e2d6-4c56-be6d-17b814558554,L3,Tweet
a82babcd-2da1-4645-9338-89f76f963d73,L3,Tweet
6ff49e6f-d144-4a31-abda-82ca148d62b1,L3,Tweet
2e7723cc-4ea5-4d81-82c1-4420c7ef91a8,L3,Tweet
370d2a82-596c-44b7-9a35-b909c70948b3,L3,Tweet
e893f850-8e71-478a-9ad3-93614e6e0dec,L3,Tweet
6b1f3153-dc46-4fc5-b0e6-ecf62f9bc52e,L3,Tweet
07fbcf71-b74f-4723-8d23-39ccf3892ae1,L3,Tweet
8507277a-285d-4a41-afbe-62892c98537a,L3,Tweet
8b017ed7-f7f5-4256-9168-3fe06a465f6d,L3,Tweet
d01da9f1-5331-4149-939b-fb856479faf5,L3,Tweet
063e202e-6d12-4b7d-96fd-3e6e1f6a1336,L3,Tweet
38f7c20d-9a53-4ed5-891f-3956418f4e89,L3,Tweet
3ca5dbbc-8842-42cf-bf35-13454a2595a6,L3,Tweet
5827b60f-f2d8-49c7-90a9-4aadfa13c89e,L3,Tweet
183812a8-5463-43d5-9b68-7a94286cc5ce,L3,Tweet
f61c6ac5-ecbe-470a-b40a-24791a2280b0,L3,Tweet
606166c9-2698-405d-90a7-143400599a7e,L3,Tweet
5c37a5e0-988c-49aa-b400-760a33a95250,L3,Tweet
ed8b8781-01e6-4aa0-b25b-33798b3f8c30,L3,Tweet
9ae0933b-faab-459e-a542-6ef73abcd756,L3,Tweet
945691d4-322e-4e71-a2f1-e2cbd1078364,L3,Tweet
c266b466-14e8-4304-9b8f-9190d00023c3,L3,Tweet
be865e0d-d412-46ff-97a9-ddaf3876764f,L3,Tweet
b7ec6913-2304-4bcd-8e79-3af814201a06,L3,Tweet
74fbc5c8-e72f-45e1-9d6a-56b509c94513,L3,Tweet
464e6f02-e013-4fb7-8647-adc9f34312dd,L3,Tweet
eaa543ac-3caf-4d08-8fe7-868d84f653f9,L3,Tweet
559bb44d-9fdb-4703-a78d-e263ea97a0f7,L3,Tweet
4d08408a-8500-4caf-bb85-76290bbf50ad,L3,Tweet
f4f47637-2852-44c5-8ed6-e7ca3c168747,L3,Tweet
df8d687a-27a7-4d74-8c0f-33adfef024d3,L3,Tweet
b28a4610-fb56-4bbf-8ccf-40dac1815457,L3,Tweet
6ef812ee-ecde-4270-b433-e1c0ac56eebb,L3,Tweet
92b0ee73-665a-4ad8-bb22-6a3e3aee93e6,L3,Tweet
e5d4ec1c-941d-4b2b-9ca2-7ac2aa95c5b1,L3,Tweet
02a71644-9d8f-43a3-8ce5-a3f5ce85af15,L3,Tweet
4a937029-b672-4f7a-80b2-3e7a639b6e2e,L3,Tweet
54f28f1c-b9a8-4448-b704-6c7d396d7001,L3,Tweet
53483008-55ab-4378-86c7-eee5180e8da7,L3,Tweet
e3e2eae4-dbdb-4932-9ea3-1db2017e0674,L3,Tweet
b2d2a188-9bd6-451b-81e9-d87897d2f6b2,L3,Tweet
70667ae3-f9bb-4a22-893e-91ba7c9e4e4e,L3,Tweet
61ddd8cc-70b3-40ef-bd13-6e112fbd9324,L3,Tweet
2fdebf1c-452c-4263-8113-655b0c2c53b2,L3,Tweet
7087daa6-bcfd-4bfd-8594-84bca2266766,L3,Tweet
6f62daa7-5748-4173-a185-d5e04ea47c5d,L3,Tweet
c3d37bb2-ec99-42f7-84d6-adc70c8b4a65,L3,Tweet
4d46489e-48c1-4f54-979b-7480384161f8,L3,Tweet
128db1eb-4384-4862-b6ac-e19c7ece52dc,L3,Tweet
5cb9900b-e856-4b81-bf81-ef023ed50b94,L3,Tweet
9795244f-24fd-480d-9738-563d49596b35,L3,Tweet
99b8017e-5876-4580-a5f4-a1cbf0f03c6e,L3,Tweet
d3c76a53-0537-4437-92d1-525b64692cb6,L3,Tweet
8e7f1aa2-9d37-4913-a259-a8791aca535d,L3,Tweet
616475ba-8825-47c0-bf70-5d6e52a06871,L3,Tweet
ecad427d-5de7-40de-9b53-bfc811fa8df3,L3,Tweet
faea0e7b-815b-4415-ba03-686556f51f91,L3,Tweet
b0264ecc-b8dc-4d06-af7d-adc29961a851,L3,Tweet
9b820e02-86c2-4c83-a6dd-8719724a960f,L3,Tweet
ee56b909-e43c-4cd0-be88-ba88e8b6a0db,L3,Tweet
6439765b-8bce-4579-a23d-801c38864dbf,L3,Tweet
1430353f-4377-4b29-8939-29befc4bde7d,L3,Tweet
6abb295a-5c35-4839-a1e2-39a2720e42cf,L3,Tweet
41f8ab46-0657-40c0-89fd-784ccc9d21f8,L3,Tweet
93860887-5008-4f38-9d87-429a5740a98d,L3,Tweet
5aa5ca23-add5-4333-9d6a-27b0985d0356,L3,Tweet
e75c047a-26fd-41d0-840b-95bf9a3c1573,L3,Tweet
cffc13cd-2da9-45f9-97e8-e1f5dd83f2ae,L3,Tweet
d7222cf9-8b10-41eb-9fce-ad47d8aac38a,L3,Tweet
005b5994-6a3c-472c-909f-3e096b977e5c,L3,Tweet
3fa087c2-8913-4b7e-ab9a-4c82be950326,L3,Tweet
ff5dcc79-f3a8-4c56-b998-fcd9f11817cc,L3,Tweet
de8d9ead-1285-4c37-9c6e-d07aa261437f,L3,Tweet
833a562d-8623-43d6-8649-2b4b52271c5b,L3,Tweet
3369318c-2edb-48f1-9a35-acc3ffb27ddb,L3,Tweet
a7849e85-cec1-45b3-a5a1-6d4787b19164,L3,Tweet
980e13ac-0860-42b6-ad87-0fc0cd39587d,L3,Tweet
6b0e6597-cb5a-4cae-a673-5f9f6f681d07,L3,Tweet
28e22349-fb1a-44f2-9370-11d0df4a8a5f,L3,Tweet
869dad31-3686-4319-a85e-21062a4e2558,L3,Tweet
0625ecec-3aa5-4b75-8cf2-596d808e2646,L3,Tweet
8098e2cb-8c94-4622-bbeb-8dd78cf34b71,L3,Tweet
cf3ba753-7c65-4344-a863-12f5484dd287,L3,Tweet
cd62ffea-56b5-45c9-ae8c-a9b581dfa211,L3,Tweet
b1b179a9-0547-4b2f-bbe8-f44513a589b9,L3,Tweet
1f1d20c2-f304-48d5-b6c4-923688dcf0a9,L3,Tweet
f6d8774c-62d9-4ac0-acb1-1cbece4d9319,L3,Tweet
88c909ed-6237-4583-aa86-c79f60ae5d81,L3,Tweet
8517d0bb-2a01-4171-807e-73f5570481ab,L3,Tweet
f9ed2680-2fb9-47c1-83cf-31db873ae8eb,L3,Tweet
1f8a62c8-208e-4967-850a-8f2e3334c805,L3,Tweet
d4e80a9d-f95d-4569-8db8-9d5049fe1a35,L3,Tweet
01205d48-665b-493e-8cbf-d8ae5350d05d,L3,Tweet
2ebfe2b0-1fcc-448b-9989-476a978ca8a6,L3,Tweet
1e44f195-deec-4881-bf35-b8108a7378df,L3,Tweet
280ba71a-b4f8-48c1-b39a-9c60b5f1e5f8,L3,Tweet
9aca5aaf-d953-42f5-9b8b-53e6cded7a02,L3,Tweet
b9990040-b7dd-42ee-9d2d-b5dcc8c1b0d9,L3,Tweet
aa947fdb-59e4-40e7-aedf-c810b428a31e,L3,Tweet
1189d447-07b5-4983-8ac9-b1146e4659cf,L3,Tweet
314d9e78-2826-499b-b0ee-14a1fb471421,L3,Tweet
735222af-af15-4e65-a5c6-8e221669d995,L3,Tweet
36b4970b-f04c-45bf-9a90-1a79120cc87b,L3,Tweet
827dfd00-4bb1-486a-bf0c-003c4d3052ea,L3,Tweet
afdd3133-8269-4f00-819d-ee926e0e7cfe,L3,Tweet
b93b5b47-2acc-414e-8ffb-433fb7981d2b,L3,Tweet
5270f37f-5ac8-4c26-bb07-4d3cda5c3b2f,L3,Tweet
30756cf4-22ec-4f0d-931b-0421b3cf3baa,L3,Tweet
202025ec-ca3d-4293-aa62-4940c1a04288,L3,Tweet
75a5f1d4-dafc-4548-ab49-e1d29582c9b3,L3,Tweet
1ab7e7f3-e197-402c-81da-9a8770c3fe22,L3,Tweet
d6a4b759-146f-4e3a-8739-a45089883c82,L3,Tweet
93fca0ce-16a4-4647-b775-c7c8c51b7f15,L3,Tweet
99cf66de-08fc-4b5c-a943-d0b59941d634,L3,Tweet
9414be08-904a-4167-b3e4-a69a048c33ce,L3,Tweet
27588405-07cf-4032-96c0-68ab86d26f54,L3,Tweet
5bb25654-d3ab-40f7-b42b-e862cb6fde39,L3,Tweet
479b6ad6-b564-4539-b845-36e8c9cbb9f3,L3,Tweet
0a085732-9437-463a-a45c-a793a9e0b78e,L3,Tweet
822b083a-7835-433b-be72-b2f78ce26d62,L3,Tweet
8d37ea79-5cb6-4430-b642-697dc02cddfb,L3,Tweet
fb6fb37d-ac9c-4de3-925c-5bb32b0123e5,L3,Tweet
a5d15dea-ad84-4773-8b28-c5ff7524f633,L3,Tweet
c5d3be38-8f34-43e8-b9a1-fb5a333aa068,L3,Tweet
81c956fc-89e0-4f66-88a4-831b2192c925,L3,Tweet
b5a808c1-7bc8-4a2c-a5b6-4b5b290b398e,L3,Tweet
28af7f65-f34f-4424-9109-9a961cba6bba,L3,Tweet
503a6649-c38e-4d5b-b555-e3feb80338ef,L3,Tweet
bb5f3704-3cac-498b-937c-42151c3fdfa8,L3,Tweet
eae3a3e3-4d28-49eb-9bd3-9f9eecef86a1,L3,Tweet
6c5ad968-be50-48ac-b47e-8ee0aab26d04,L3,Tweet
8654ae05-b5e3-4781-ab7d-72c26202885f,L3,Tweet
429c1b32-0ca8-47d2-914f-9e39d5adfdff,L3,Tweet
3d36c985-6872-46ae-97cb-2cfac1febbd3,L3,Tweet
e9f00619-62ce-4453-adf7-016c318c462a,L3,Tweet
0ca93fae-5750-45a4-9627-9a69e091aaaf,L3,Tweet
ecd2c43d-5b9f-425e-807e-bd9f77ef4261,L3,Tweet
6d8413af-f00f-4e0e-96c7-2f2eb6fa94b4,L3,Tweet
689836df-07c3-4673-949d-ec940a78bf3a,L3,Tweet
52c029d3-b18e-4776-a11c-c4afd659b92c,L3,Tweet
915e2b77-be9c-49c2-b6f7-8a5ff396fff8,L3,Tweet
f098dbee-32ba-4fe3-91e6-9ed136f9f9d3,L3,Tweet
ac6563c3-9ecd-4c9e-aa7f-cf02bca94807,L3,Tweet
9b087ccb-6284-4be8-a501-632661ef7d6e,L3,Tweet
9436a932-a6fe-464e-af45-646157529330,L3,Tweet
094abb37-2016-44f8-93b8-021e8f3a1d05,L3,Tweet
3729db72-076e-45b0-a63a-9f9658982df7,L3,Tweet
75176fb8-616a-4d32-b7c2-a94988ae9ae3,L3,Tweet
108cfb5b-f35a-44e0-bed9-bb2bd3f32fb7,L3,Tweet
92874e1c-9f90-4f2d-a61b-06d8ea3474d5,L3,Tweet
c64edda8-2848-4895-b397-2a63edea01e2,L3,Tweet
b121cfcd-762e-454f-a473-8336a8e66c5b,L3,Tweet
3df5f52c-0be5-4972-9730-cfadafb85327,L3,Tweet
acb27698-1851-413a-9c77-a19bc716a1cc,L3,Tweet
8898ebbd-071f-4988-9cae-603bc283b9dd,L3,Tweet
3f0515bf-923e-40f4-9f2c-607f461833e3,L3,Tweet
ff17b58a-4220-4dce-941b-e7708421b823,L3,Tweet
13764f0b-03dc-4dff-a5ef-a25f0deb7f1b,L3,Tweet
44557dc9-0866-4529-a4ac-a9394b833876,L3,Tweet
2dd127cc-fd25-409a-9892-8324f2ae88fd,L3,Tweet
d1fc6acc-6344-43dc-a039-a0ef48aa929a,L3,Tweet
c921abbf-62f0-4eda-8a29-0eb6ad4b95f7,L3,Tweet
9387ece4-3a78-4582-b873-9419b4169097,L3,Tweet
a6dee3d0-a0a0-493f-b8de-03e968cd6973,L3,Tweet
406777ac-0bd1-4899-9354-d3f9f376a247,L3,Tweet
c41e0926-777a-4fa3-8218-ea40615d394d,L3,Tweet
468cb137-7065-4403-b56f-c060a51aba2a,L3,Tweet
33233ff0-c499-4794-adff-643415ab0684,L3,Tweet
097b6aa8-f0e9-4078-a967-193e2bcc65ff,L3,Tweet
41184f3a-0a80-4132-b3b0-d8c80ea774f8,L3,Tweet
bf8d5ddd-77ff-4a7a-87d9-2e179d637fcd,L3,Tweet
7d83f0bc-8a29-461e-bd8f-28e8209144a5,L3,Tweet
36b7ce28-6c9d-4d07-9d44-a3f44f08727f,L3,Tweet
cab8c2f8-b8e6-439a-86e6-11c38534bddd,L3,Tweet
5bb6698c-fea1-41ca-b449-6708fb340225,L3,Tweet
6b131058-9d50-4548-9d75-dbd6c10ff38e,L3,Tweet
24b68b64-0f47-4b48-8c49-5fe210852abd,L3,Tweet
d3f89e7f-0ee0-40f0-9522-46559409eff5,L3,Tweet
82f07e78-cf32-41a5-acbd-50b66e6613d3,L3,Tweet
b431fb77-543d-4bc0-aa5d-2f81f1b1a4a3,L3,Tweet
24ae5d7d-1e20-46a3-8820-1352a52e13f8,L3,Tweet
5f5f28fb-31dd-4495-88f0-13eb76905a1f,L3,Tweet
59fe8857-313d-4aab-bcd0-28e0993e8fe0,L3,Tweet
69d2fcba-9daa-46e8-8da9-63edd3e92748,L3,Tweet
e05eb6d2-57fe-44ef-a252-9f409b9ebb14,L3,Tweet
ed5fa2dd-13a2-48f8-a783-1518ba090e4f,L3,Tweet
672075e9-a978-4322-af20-47b6452442a9,L3,Tweet
ecb5f8a6-eb8a-4c5b-8bea-69e0afabd42c,L3,Tweet
e621e348-e60f-4ee4-a8c1-267eac31034d,L3,Tweet
1ff35eca-b099-411f-b66c-734f5890718d,L3,Tweet
48efdbf8-9f5a-4902-b700-6a0ed519ce30,L3,Tweet
1d1e6b10-042c-485c-a36e-3692c0f55acf,L3,Tweet
14268980-06f9-4f4b-9b2f-a79b11318122,L3,Tweet
4ae34838-1c0f-4e1a-bc78-8768582e4069,L3,Tweet
1565ed25-cfd4-414d-ab61-59dbc7771b78,L3,Tweet
7db9117d-3319-4574-a4a9-2036d3353a9d,L3,Tweet
3c04cd1e-6004-4161-989b-ae4412a8b66b,L3,Tweet
7be2ed93-68e4-40ac-93ad-9c7af58e55fd,L3,Tweet
6a50bfd9-3ece-4672-a626-4859f7bc2c0d,L3,Tweet
09632159-e152-4cc8-b51c-9bda6e480201,L3,Tweet
777148e0-f891-4193-92da-d39bbb39af71,L3,Tweet
f4178c42-7c75-4ff6-ac6d-840dac34d1c8,L3,Tweet
ece7e7ad-eb6a-4d23-9475-4d5bdb88e60d,L3,Tweet
1ff3cd86-cd86-4b9e-b12e-2553b7906396,L3,Tweet
7378977d-ba58-4227-9ef5-51711e73025a,L3,Tweet
dd739939-3a64-436e-861a-e3cbcdfe5e15,L3,Tweet
af56edc3-3025-49a6-9122-b96913a6fe55,L3,Tweet
52e6fc2e-ef71-4740-8cee-5434a6a98a0c,L3,Tweet
614e4bdf-52a7-4e22-b940-f16b0701399e,L3,Tweet
1086f5e6-9156-44fd-9c28-bbb1fc8e1204,L3,Tweet
5e39fa44-d3d4-4525-98e1-e1d8e6b5170c,L3,Tweet
895a5145-01ab-4f26-9bf5-41304ecae746,L3,Tweet
15424453-eaf4-4894-a9cc-95af26ab399d,L3,Tweet
4d0a0723-cf40-4b7b-8951-6969794ce10c,L3,Tweet
f2ec2517-f706-4caa-acee-d6f94362fb6a,L3,Tweet
a6cce841-1f2e-493f-ac71-29df96b42881,L3,Tweet
bc7458e5-8b51-43df-82c8-8ec0cd1d55cf,L3,Tweet
b5b5467c-f82e-4d71-91ea-fb5ac288fe1b,L3,Tweet
705dd7e1-1f63-4367-8d76-f58032d6e18c,L3,Tweet
1a9d20cc-a17d-41c8-b34e-6317fd1d8737,L3,Tweet
690c64f9-ad9b-4232-9f38-68351e1aa8b8,L3,Tweet
08b3f49d-6ab6-4160-9ca7-625c21b2c2ae,L3,Tweet
47e42155-a779-4d83-92cd-067175b41615,L3,Tweet
231b5497-1a5a-4537-9f56-d484dc7fd3af,L3,Tweet
b73ce1d5-a1a9-4f86-b07a-c6d81e03c76a,L3,Tweet
651abcd8-9be5-4bf6-96d3-3996967f00f1,L3,Tweet
d72e175c-23a6-4ba3-ba15-577cb5447065,L3,Tweet
360723d2-df59-4361-b581-b6f01db64af3,L3,Tweet
a54d63e6-e158-4119-bb1e-6d8b15c592b9,L3,Tweet
dba0abb5-a2a6-4b6b-b848-10d6d7b6dd19,L3,Tweet
876df379-591b-4e75-9b10-3c63a1ee9f7a,L3,Tweet
e2767932-378f-4d96-9436-589b26cb88c6,L3,Tweet
0d36d958-321c-45d7-9472-e6250927588b,L3,Tweet
3f9134c4-6c8a-41d2-b603-c48bc5dfd0df,L3,Tweet
c647a086-31e6-42aa-aa26-01ddb20ded24,L3,Tweet
f78e123a-3962-4112-a2ff-81db1a5933ee,L3,Tweet
f07d96e4-6b41-45ed-9592-33a3a5f48da5,L3,Tweet
584c1391-be6d-40f5-bc07-235e31b451d7,L3,Tweet
42c6447d-c81f-4f70-893a-bf26ff1bad50,L3,Tweet
265328b0-7224-4ddd-acf1-528c255ba43c,L3,Tweet
9de29995-1eb8-4830-9b4c-95d1d40a31a3,L3,Tweet
6fb2d602-98e3-4b46-af90-e5ea8597ba3f,L3,Tweet
77354320-e6d0-4a44-9931-78ccc63ba5de,L3,Tweet
969e65e9-9439-4851-9759-a39c21c11100,L3,Tweet
75a82750-f1c7-411c-a5cf-2b01384b78f0,L3,Tweet
6ce226d2-496f-44b5-869f-6da5eadd974f,L3,Tweet
3cf60826-566f-40f7-9366-abfbc781949f,L3,Tweet
56f84eb7-d763-45ca-9268-7db9013c8458,L3,Tweet
0eae0e62-df8b-4638-8777-83a1a7ef0fa3,L3,Tweet
26046b0f-df99-46f7-8e62-17b9f8bd25fb,L3,Tweet
fe2e94e9-8d1d-41df-bc40-bb76011d352d,L3,Tweet
6bdf15f4-4bab-4310-b3f3-25005974803a,L3,Tweet
44ca531d-748f-41b9-86e1-2b1fac1a9aff,L3,Tweet
6f607544-fba5-4676-9265-7b8e5f65e4eb,L3,Tweet
7635587d-592c-4057-aead-c3168b833b74,L3,Tweet
cc0610cf-54f7-4eca-81c6-71b24abc2194,L3,Tweet
a50fd520-e65e-48bc-a550-23b780f9fbd0,L3,Tweet
7b83779b-254e-47a2-9d96-d044e7a25712,L3,Tweet
582a0842-2bd4-463b-a3c1-44f60bd3738c,L3,Tweet
9d8e813b-29d8-48a7-9cf9-886705e4b7d2,L3,Tweet
b4b699bd-deb5-449f-be6c-d8239d6ace4a,L3,Tweet
0a4c2fe8-3e1b-4966-a9a8-a829608e68dd,L3,Tweet
3adbf6a1-8662-482f-a04f-ae28583a17a9,L3,Tweet
8a3a362a-c661-4923-a009-b3fef0af8083,L3,Tweet
b10cc2bd-1500-40e7-b40b-965a562f11c7,L3,Tweet
e7b89c28-3fc1-41fb-a430-fb86f0e91e51,L3,Tweet
108bf473-c6d4-47cc-a69f-01dbdede976c,L3,Tweet
f8e07187-9857-4e5a-b298-d7997521a348,L3,Tweet
18550282-5c92-4d95-bbca-ebf38a870b57,L3,Tweet
5c353c19-8934-49e4-98a2-3438cb79fd4b,L3,Tweet
246ceaea-9537-42f0-beb9-cc3a0de572bd,L3,Tweet
a7015aad-9f1b-45da-a125-f97faee43583,L3,Tweet
17483181-033f-458d-b14a-ea9ee4880e57,L3,Tweet
5d392cd2-a1d7-4718-9cf5-ae984d0dcf56,L3,Tweet
6f134acb-7058-4b5a-bcd6-427f7404f836,L3,Tweet
19ecad72-7eab-4a87-80df-ba66e0ca9e0d,L3,Tweet
88e60a55-169f-4bf3-90a1-dd40d0ffc6c3,L3,Tweet
b82e42b4-4b97-496f-aee9-1eedfff66fda,L3,Tweet
084f72ad-c059-4898-b044-aecb8715005a,L3,Tweet
5cdf67c7-12ba-4059-a6de-37cf609f0824,L3,Tweet
4a1749eb-774c-434b-89ee-a3eb4005c852,L3,Tweet
d6de9e09-55d0-4de7-86f4-aa5e9092faeb,L3,Tweet
abbfdcca-b09e-48a6-9c47-01a5fdb61c80,L3,Tweet
f810af39-5eda-4bfb-bf03-24c9dd38ac59,L3,Tweet
8b586885-5bb0-4453-b570-6ba020c95b96,L3,Tweet
9ba6aeca-073f-49ce-8460-5ecf99ee1ecc,L3,Tweet
272ff6ba-01ae-40a8-aced-2dfb948badf2,L3,Tweet
36cc9d00-bcdb-442f-aa90-7ff8e64d8579,L3,Tweet
37431a89-78a2-45cd-a0fd-fbee5bfcf0c1,L3,Tweet
eec6ce44-c27f-4a73-938a-1510ca328d8b,L3,Tweet
0adef887-734b-4c1f-bbed-ea81d18c746a,L3,Tweet
fb9c9d6b-a458-4dd9-9532-697d0f29cb3e,L3,Tweet
8586f636-ed01-4c60-ab36-01ea14424998,L3,Tweet
2f73082e-f5be-4b09-9250-7b2facedc6a0,L3,Tweet
7a905c17-cd6c-4989-81f7-6cc37c2e62e6,L3,Tweet
b567d50b-77ed-4a0e-9001-8b13985d8545,L3,Tweet
602274c1-1cae-48e6-af59-056576cd443a,L3,Tweet
c73ae7b2-1438-45f2-ab27-694d97de5a08,L3,Tweet
264260de-246f-4b88-b300-e752fa5f685c,L3,Tweet
7669b637-b72f-43e8-a8fe-522382b78978,L3,Tweet
38f8bb46-7280-4115-80aa-8eaaa910dbff,L3,Tweet
07350eb9-d9fb-4d30-b82a-499d7f77a567,L3,Tweet
be8d46bc-7f6e-4585-b97d-863b5d7ee27c,L3,Tweet
26ff96e9-3e89-4b40-abcc-7a1808986ede,L3,Tweet
f8137145-0501-402b-92c1-1d42344b1262,L3,Tweet
4865d109-3f36-4fd3-ba84-9752d9b3de74,L3,Tweet
f57d9b52-66cd-437a-b3ef-733c9985373f,L3,Tweet
fa8efa67-4e0a-4d4e-b8fb-4eed095e97b2,L3,Tweet
c08a0a89-673d-49c4-917a-9e8eeb3b7ebb,L3,Tweet
0b0ef961-ef33-43d4-9226-0b07f5f13136,L3,Tweet
ba587632-7fa2-49e7-bbf7-2852e6e81e3e,L3,Tweet
2ae8c931-42e2-43a9-bdcd-cd958311adae,L3,Tweet
4067d5cc-95fd-4ff1-950f-df198a4f2f53,L3,Tweet
ea0ab797-8e56-4524-9074-f1278c7db8a3,L3,Tweet
407673fe-7b5e-4209-b7dd-e88c264f6284,L3,Tweet
5f811e8d-0854-4df3-a287-8581303f4569,L3,Tweet
92dffb58-b384-4698-a97a-a9fb7ec05251,L3,Tweet
12c95afb-ed2b-4e6b-8540-ea5270dc9b84,L3,Tweet
5074b1ba-5399-49e6-81a3-e3e45c05b26d,L3,Tweet
57a5ef5a-0fe7-4a58-89b6-0d516e3b3f76,L3,Tweet
f362c497-41e1-476e-8bdb-72250e8faa36,L3,Tweet
e3f23a53-215d-4bd6-a4aa-1fe20f47563c,L3,Tweet
d3980621-94e9-498d-99f4-8736245564ab,L3,Tweet
82f7f2df-70ef-469e-b904-ce1d2db7fd48,L3,Tweet
c25ab5ba-cf56-4ef1-8b6f-515571151cb4,L3,Tweet
d5cd0f15-7f98-4fd0-b15f-e20679794a40,L3,Tweet
fc6efae4-1eaf-4ef0-b955-dbca475d3f61,L3,Tweet
41ad7bab-5b67-4aa1-8d40-120785b5b9aa,L3,Tweet
fce39706-1bf9-4ff0-aa2f-bb795e3d7bd6,L3,Tweet
780c53ac-532d-4597-ac16-ce1885b5d08a,L3,Tweet
277c4d51-9cb5-4308-9551-3d0e223cb4a6,L3,Tweet
2db6db43-bf3d-4b96-8c66-2a4739fd7b0f,L3,Tweet
b750c265-bc8e-4903-aee1-4674cc52b95a,L3,Tweet
de64fdd4-f1bb-4ac6-8bf3-6e4165376c2a,L3,Tweet
685df103-2ce3-4699-a25c-36c3e56ea545,L3,Tweet
4cf80e14-7914-488c-ba5c-48e2c0627d1c,L3,Tweet
e263674a-3768-4e4d-b369-5f8fd4314f9e,L3,Tweet
a4ac999b-21c9-4339-b28f-df934ec17a42,L3,Tweet
c816d2b5-65fe-40f8-b7a1-d701c303919e,L3,Tweet
8ffe587a-cbc2-413c-a957-d0f66b0d6c97,L3,Tweet
b220a1d5-41f3-4108-b1ed-feda09f09735,L3,Tweet
6aa91c64-325d-42a5-b2b7-ba75231d4908,L3,Tweet
701881e9-9641-4f2d-b40a-0d8b6681879e,L3,Tweet
be540c20-2a90-403d-8338-8278b05b0d54,L3,Tweet
7a705fe1-88b4-45db-b4b1-71cc380a5069,L3,Tweet
50178c74-402d-4a5b-adfc-d11203dac316,L3,Tweet
5e6cd798-6633-49a6-bb32-d2263a2b5b18,L3,Tweet
e6cc878f-2c9b-445e-b6b4-5a3f1f5e9a54,L3,Tweet
4a2d006d-0de6-427e-a376-d96d3da889d9,L3,Tweet
3cfab527-7a0d-4c85-b1ba-5391e5faab81,L3,Tweet
c0a54a5a-0156-40cb-8620-c1470a9e5d9e,L3,Tweet
20e9d962-d92b-4ad3-866d-c8518be19c6d,L3,Tweet
47626e2a-acd8-4cb8-bff8-a4769a2d02e2,L3,Tweet
37998660-679a-42f9-ae24-0ab968e39cee,L3,Tweet
e59a0fab-d99f-4d69-bb5e-d409c365a692,L3,Tweet
09859c03-f24e-41f8-b9b5-478fa7ce0976,L3,Tweet
7d039767-ef29-478e-8fa0-1077f14041f9,L3,Tweet
ae777fac-30d5-4d06-b380-68f46b95025d,L3,Tweet
fdc6d8a9-cb43-4edb-8236-7fc4ac444ac2,L3,Tweet
cfa0c77c-d40c-499f-a734-18e33479c4b5,L3,Tweet
794dd710-7cd6-42a4-8803-f52d0d954b9b,L3,Tweet
30532cdc-c60a-4437-ab09-49980c9dd011,L3,Tweet
9a9a8cbf-0493-4c2b-9b42-1fe78b7b413b,L3,Tweet
dcc42cd3-9ec4-4935-a9ee-8f4ea3881639,L3,Tweet
5b9370d5-fbcf-4fe1-85ad-421bc317305e,L3,Tweet
fe74bc28-9e21-493d-a662-4bb72d0310bb,L3,Tweet
518db480-39b8-4546-9497-dfd71a0b554d,L3,Tweet
5b51dddd-90dc-472b-80ef-3241dfaf5fd4,L3,Tweet
103d8b26-f215-4882-8491-ea8f463c1fbd,L3,Tweet
462a5049-8989-41fc-9ec6-fdfe8a7bc587,L3,Tweet
91faf629-380a-4de3-99d3-2008b48f161f,L3,Tweet
dafcb3af-1c78-4bbd-8b57-4d308c0d0ae7,L3,Tweet
d4e40134-bc77-4c37-a20d-fafc35c88c19,L3,Tweet
4c3b57d6-db97-4dc6-9a80-e6a52dbd5c79,L3,Tweet
cdf649d3-d93c-4862-a269-f63e4805e992,L3,Tweet
280f530b-e5a1-4b3e-8856-0c2e6482a325,L3,Tweet
3a175566-d45a-40b6-8659-ed02a0370f3b,L3,Tweet
38d76a50-4b5c-4d44-a72a-305906b2289d,L3,Tweet
40d64a6b-23e7-4808-b639-931d88db3f02,L3,Tweet
a33f657c-d66f-4c1f-a37d-10f0767c06cb,L3,Tweet
bd16bef1-b3cf-4a52-8fd4-5bec3a1f61e6,L3,Tweet
c94bf003-061c-4093-80fb-2782ebbf2aff,L3,Tweet
c9a857f9-f75d-404e-afd0-8a0338aeb6ae,L3,Tweet
80aaed84-49f1-454e-b080-1b587efbfc26,L3,Tweet
34c60d3e-de3e-48cb-b702-d068a9de4eea,L3,Tweet
71ad873b-70c9-4a77-9e06-d009d0413290,L3,Tweet
340da144-c92d-4e30-8655-47e3e699b04b,L3,Tweet
496c7aa2-a855-4882-850b-84d65a9f1fe2,L3,Tweet
35101acd-8b3f-496e-a07d-137817f67bce,L3,Tweet
dbb49d0c-781a-4bbd-be79-6504618587e0,L3,Tweet
1ca9a2ad-e0f0-44f2-abb3-e5434ed59100,L3,Tweet
5064c711-a69c-49bf-bd62-7feb787e870e,L3,Tweet
46a2a7d8-f703-4b44-abd2-f87a8a9374fd,L3,Tweet
35eb575e-e9a0-4e80-b82f-e034638ffdb0,L3,Tweet
5b5beb9d-a61f-4c34-995b-65b9621dd87e,L3,Tweet
3f7319e5-cf59-4e37-bd4c-96066989cdb9,L3,Tweet
b33b11a1-c1f1-436d-a22b-e33f26ad93ff,L3,Tweet
da84e611-a7f0-41b1-a38d-0a700a5f66ff,L3,Tweet
2a7b0997-0df7-458f-8221-830e66941633,L3,Tweet
0b615837-92ef-4d71-8fb7-22903149123a,L3,Tweet
8ea7c800-202b-4897-bd48-a0b543f0a978,L3,Tweet
384f2e3d-1433-4434-8015-056382e91934,L3,Tweet
7b3b23a1-f7f9-4573-8fa2-666adc7afb45,L3,Tweet
a169027b-13a2-4aa5-b58f-f3d685634e22,L3,Tweet
6345e83d-4821-4241-8e89-eed8b3b865c6,L3,Tweet
0addfa52-a0df-48cb-8d17-5b74bfda5433,L3,Tweet
cf058169-e8db-425b-8f79-c41b6ef7007f,L3,Tweet
33345bcf-de3a-45a0-b696-6d213340b68c,L3,Tweet
43df082f-b407-4020-8fc0-6a6a79d772b2,L3,Tweet
673cabcb-c8ae-476c-bbc0-5859304396a7,L3,Tweet
23f3fbe4-2aa4-4175-8ce8-b38403f27b09,L3,Tweet
ed8230b5-b432-4d1b-a550-deb79c8a272b,L3,Tweet
25ed2665-baa8-42f0-b87e-13fc3937e05d,L3,Tweet
72f61296-40ac-4543-a7a3-3d38c1142858,L3,Tweet
b8060fdc-8bbb-499f-a4d8-e31126a81bca,L3,Tweet
2db5b2b3-6273-4a2e-bf1d-ebdfb3fd61ec,L3,Tweet
ce8dba66-4648-42b1-af2c-e529a64a61f3,L3,Tweet
f5a14935-cd4e-425e-bec2-40344a5599e4,L3,Tweet
496deeb8-5e17-4614-b8fd-ce93a7d11a24,L3,Tweet
5a3ba50b-cbab-4391-a13d-f803126c60bc,L3,Tweet
71c94f29-9ec2-4c0d-94d6-9acbc60862a9,L3,Tweet
73b4c811-9441-4721-814e-f6101d6eee63,L3,Tweet
9c3569b4-4f0c-4ae7-91c5-0982b32e8a5b,L3,Tweet
b42433f3-b8a4-41c7-bb28-f35b751c556d,L3,Tweet
99df207a-9f81-4493-9959-f76939991c82,L3,Tweet
ed253b75-7774-4dec-a2a6-630a5ab9686c,L3,Tweet
04febd2e-1b66-4343-b3a4-a26f09699284,L3,Tweet
a71340fd-6810-411e-9f40-9f3b37a2693c,L3,Tweet
c7885741-b4d9-4f99-a981-9739a345c3da,L3,Tweet
2944c1ca-c439-4ff7-8321-50abe9d40612,L3,Tweet
ceb654f7-cc06-4910-9780-9b0c5cc38a82,L3,Tweet
25af9d1b-9eb2-47a9-a6f3-6bfdd4f047ee,L3,Tweet
ec7831eb-a4b5-425b-9018-0a34e7193e85,L3,Tweet
1b2faa09-ed1f-4b68-95bd-3b031a4eb759,L3,Tweet
5c4ba935-ad43-4e49-b742-86bd2366fd70,L3,Tweet
34475ef8-03be-49b8-95bb-453c75b5f7bc,L3,Tweet
3e4740c7-4add-4f0c-8254-f06bca68dd9d,L3,Tweet
b6588def-aa2d-4385-8cf1-cd4ddde4d059,L3,Tweet
f3f557e9-8a28-49ab-850c-4ef31b5dac05,L3,Tweet
e118216a-7024-4527-b324-91505f975101,L3,Tweet
1aa6fc4c-c18a-4b82-b785-360cea58f356,L3,Tweet
76bf7c37-0adc-459e-96b6-c230cfbae4e1,L3,Tweet
ebddd185-53a1-482b-bb4a-744a6d832f72,L3,Tweet
e4731fa5-64d8-4328-a815-de356a965b39,L3,Tweet
338a9239-263f-4524-8348-cd17caa37a61,L3,Tweet
b9c82794-c901-4dda-82fc-25723c6acbc4,L3,Tweet
d01e3208-35c4-4e7c-8c0f-bedecaa9e002,L3,Tweet
f93e7b17-6315-4553-ac9e-048c38f31bef,L3,Tweet
08fcedbf-ddde-4556-ab33-611aa07d83b9,L3,Tweet
9434c8a8-4694-4703-8ba7-83f48cdfce46,L3,Tweet
891fab55-ff7f-4643-a10e-2e627fda0f4b,L3,Tweet
56d785b4-cedc-4ffa-8bae-82ec311be3c7,L3,Tweet
91335171-a248-4f07-953b-eef14ba01944,L3,Tweet
0bc466c2-9015-499a-a05b-3148c68c03de,L3,Tweet
3db1f670-c432-4e4b-bcef-719981a32ffb,L3,Tweet
44941b02-89f2-4203-90b1-9216b337c71f,L3,Tweet
7f682f3f-7c7d-4b88-a22a-294263331742,L3,Tweet
8372cd49-44c4-4519-96ab-4807a16c0edd,L3,Tweet
c56a0d13-255d-4bbe-bdaf-2eb7b316373d,L3,Tweet
1832c082-52af-4db4-ba11-f46734f4e22d,L3,Tweet
0d52b24a-76da-4acd-b95d-c35faeab3a0b,L3,Tweet
50f4baca-3f06-46a7-9842-d47744dcdb57,L3,Tweet
9232dc22-b467-4b58-8bef-24be4f4e88c3,L3,Tweet
79fc77bb-e344-4fb2-84aa-f191b4968ae8,L3,Tweet
5639ec84-2c1f-4769-9d2a-5f6340ddc28f,L3,Tweet
ae94a516-bc11-4f0b-90fa-5009c8877368,L3,Tweet
ddfe8e73-b217-436a-ba32-65b7f9236e2a,L3,Tweet
a63a83fc-25ef-4f2e-b604-cc6d0a7ca1c0,L3,Tweet
054e8dc0-0298-4ba9-a400-e3b41d4a37f3,L3,Tweet
f0722479-85be-443a-abe5-36e984e464ff,L3,Tweet
b286d13b-1eeb-4404-9bca-fd80fb9a8939,L3,Tweet
27d6cb40-97e1-4508-b231-d57e8e0f1063,L3,Tweet
ae2eef7e-ba38-4340-a8e4-b4668aff2cd8,L3,Tweet
6a851bec-20ff-47b3-a91a-b6422e38161d,L3,Tweet
23187f62-ce83-461b-8dd7-75b9486c2748,L3,Tweet
3eea03b0-0783-4bdb-b892-b9e728eef8a0,L3,Tweet
ae7f7911-34a6-4c1e-a1fe-88661c230422,L3,Tweet
80195905-72e2-4ed9-8839-e9f416a4c701,L3,Tweet
878aca8f-530c-4e33-922d-e21d98a867c4,L3,Tweet
177ec022-44a0-4376-8449-08e0e117a1e9,L3,Tweet
84f978fa-cfa9-4698-942c-f3c5052c8936,L3,Tweet
d99a4342-7a52-4f8f-b3a6-3a8cae11e123,L3,Tweet
b1022b54-7a93-43f6-9fe3-b4aa35860761,L3,Tweet
fdc5b6a0-a4cc-4745-bdf4-b6d1451d7829,L3,Tweet
1a6cca07-e820-4a63-990a-af4f16e05bb4,L3,Tweet
ffa68af6-088d-43af-8d09-f46cb933bf7c,L3,Tweet
e256db33-7149-40ce-ac9f-9137eb0a076d,L3,Tweet
be89f40d-55f9-4ca8-bb0b-5099b589b63a,L3,Tweet
55ac5f06-dd9b-48bf-a22f-7a9465b43330,L3,Tweet
733b1405-1200-4af1-bbb3-97daf14d2c91,L3,Tweet
502ad5b8-8024-4af8-954c-8cb8c661bcb2,L3,Tweet
ad7a4163-a2c8-4179-ad1a-c9aea751ba00,L3,Tweet
4a62aaf8-bf73-4713-aa3c-6d9d5f7dd07b,L3,Tweet
6911fd2c-9dd4-4136-be0f-020faa85a67a,L3,Tweet
1cbc0e28-7d0f-4ef7-b7a7-2355dc6c1e02,L3,Tweet
494d37a5-eead-4968-8ac3-c0ee2bd906e1,L3,Tweet
c532bd58-57eb-4911-8f1e-a66ac1121dc9,L3,Tweet
0781e663-f824-4ca5-bdaa-fd1749707d9e,L3,Tweet
d34c1209-9084-4d1d-9d7a-02930b443125,L3,Tweet
d183968a-87d3-4a7d-b758-d50689658e0a,L3,Tweet
a5540e51-a324-473f-b75f-00ef71a48609,L3,Tweet
d032ff75-1d45-49ca-9beb-a5e15e778174,L3,Tweet
d528d887-8236-40ed-b931-ce35b2d1f85a,L3,Tweet
521e9f0f-bcdb-4321-b531-563b7a38bd73,L3,Tweet
b69c0e8c-7124-436d-80ef-fb43de0ae2d4,L3,Tweet
d0640e27-629f-489e-b9b5-d5de73c8e902,L3,Tweet
835e979a-7c71-48b1-a96f-fad7b8ee74c1,L3,Tweet
e31371ee-c342-4532-bdd1-fb140464f596,L3,Tweet
74bdc5b8-9f8b-40b9-b8b3-9adb48020bb7,L3,Tweet
1c21dfb6-1eba-4715-80b6-f0b1dc567c1b,L3,Tweet
fbf51ea4-7caf-4372-bf65-68296266c590,L3,Tweet
7e9e6936-d85b-48bb-be63-0f8a29ae2703,L3,Tweet
ab5cd18d-d14c-4bab-8123-f4fd3f68acae,L3,Tweet
b6f50e4b-2e0b-4126-a360-5ef7f84925c8,L3,Tweet
285944a2-1656-4afb-a40d-650f75d26db2,L3,Tweet
7a638f9a-bdc1-4d62-a1e3-e712f8acc0b9,L3,Tweet
0603e1fa-8676-460b-a80d-396b53f761d6,L3,Tweet
1f163892-61c4-4dc5-a94d-cf84a352931c,L3,Tweet
9447799d-521d-47d6-a811-6903fe3f01c5,L3,Tweet
2b4240b7-20b7-47a1-a2ca-d16c8303bad3,L3,Tweet
9f1609fe-98b1-49f9-a8b2-d79882bfe471,L3,Tweet
8301ec72-00dd-4b47-ba7e-2e72687df6a6,L3,Tweet
ff20e11b-bdf6-45d8-a96f-c5b92f7f26d6,L3,Tweet
e3300c61-c5e7-4f69-8d1f-9491e44c6915,L3,Tweet
5a2ddd20-ff2d-4416-a2be-2bd9f5c14fb7,L3,Tweet
1339d668-8f27-4553-8bad-240af0eb1525,L3,Tweet
26c2e347-898b-4974-8902-2eab18a992de,L3,Tweet
06631bf5-ed4e-460d-b388-3080638f022a,L3,Tweet
3d682fa8-1164-446a-988b-d96b4c7f5664,L3,Tweet
e5ed2a95-7740-4a22-9ccf-6f3d750df330,L3,Tweet
386fbfae-f566-4fee-86ec-7299389d07fe,L3,Tweet
d3d7f8e0-0feb-4061-964f-063659f9921b,L3,Tweet
7168a177-0e92-496e-9b0f-e8f4b1bf3df1,L3,Tweet
a72baad1-61cd-43a8-8498-5380ce3d24ab,L3,Tweet
5dad3c8f-bc31-4568-b946-022e32fa0884,L3,Tweet
3d15c84d-923f-442b-bf8c-22f6ddd21b36,L3,Tweet
1fa26915-b53b-40b5-baa8-55091a57d3e0,L3,Tweet
7c7aa32c-f063-46eb-a25b-24f911266b8c,L3,Tweet
9b6205d2-565b-4c44-aad7-8ce203ffc140,L3,Tweet
3e960303-2d37-4b73-a561-7cceec8b377d,L3,Tweet
9ed8e54c-5327-4ee4-a281-2a1c52701905,L3,Tweet
5e75098a-ebf0-469b-8ada-ec3c0f4176e3,L3,Tweet
2e72c2c0-bd6d-44f2-bbd5-bfab11ba59d9,L3,Tweet
91e8aff5-1a4e-4246-9273-3d0f06e06336,L3,Tweet
ee7439da-e3ca-45f8-9984-ee84ea0b9382,L3,Tweet
5d4b6c32-f83f-41d6-a5b4-2ccf00043ea3,L3,Tweet
4688f1c7-7967-44fb-818b-45fb2fac356d,L3,Tweet
42a146c6-f73f-4d46-abb6-908535db8638,L3,Tweet
4f1589b8-0893-43d3-9280-a41573c4c9b2,L3,Tweet
1e0d614c-2155-45a9-b2e3-8e3db3df37aa,L3,Tweet
270e0f67-df5f-4aed-9e66-d43fc6594d23,L3,Tweet
a50ba915-a42b-481a-a16d-d7080eeb9fe6,L3,Tweet
6b6b5305-9e36-4209-a13c-e40886afefba,L3,Tweet
e2978a2d-8bfa-4dbb-ab25-19492d6aba8c,L3,Tweet
1a7a071c-9cbb-42e3-a604-0f1289f54a1c,L3,Tweet
bf7c0dce-b2c4-40b2-b3e7-c360e8214925,L3,Tweet
c94faf29-7c4b-4d35-8d6b-eaa64703db8f,L3,Tweet
bdc12591-e0fa-4c21-aaca-d66cbcfce368,L3,Tweet
76629056-5e1f-4fa1-b808-306ccf2534b5,L3,Tweet
c8173325-0ba4-4a6d-944f-bb9d40116cb1,L3,Tweet
648ffb09-f416-4d71-9633-c4cc282960cf,L3,Tweet
a0a948ed-ee0c-460a-91ce-dec281a89148,L3,Tweet
95745eb3-0d6a-4fdb-8a6d-13ed3b4989d1,L3,Tweet
eb0187b3-0ab7-4239-8f61-b83979c516ce,L3,Tweet
5af92881-06c6-4fab-99df-df1146d983f3,L3,Tweet
7ae74dfd-84ca-474b-bb23-eb1a73dfed85,L3,Tweet
3aa3f7f5-20f4-4753-a9bc-85b48f345916,L3,Tweet
e5e4338f-c217-4ab8-8f73-34710f8d56a6,L3,Tweet
44217336-2039-4b67-9290-21512ea45bdb,L3,Tweet
1cdbc1da-c6d8-492e-a70a-650c28ce535d,L3,Tweet
37b2dc49-c3b6-400f-855f-04ff202baa8a,L3,Tweet
4ada237a-7b1b-42fc-b8e1-86315cb8b6f1,L3,Tweet
eeffb6fc-dd8a-48c0-b833-665dfb5b801d,L3,Tweet
7659a92f-94eb-4f9c-8515-22b630bd6d94,L3,Tweet
af160cac-5542-417c-9a25-4d6046353b1c,L3,Tweet
cb1f78cc-20e0-437d-bc1c-d178f73320ce,L3,Tweet
a0f72e3a-4252-417f-bafc-d8051e9936fa,L3,Tweet
420d6ebe-2279-4b36-aa75-e821edcc6ceb,L3,Tweet
0e8725c7-8363-499a-b79c-cdffe5b483e0,L3,Tweet
56f6a6b5-da96-4a68-857a-13d311d7d3f8,L3,Tweet
b323fd7e-2bda-4baa-84fc-fa4c8b6a5305,L3,Tweet
a4b5e150-ea63-4c11-9e1d-a6359f5beb34,L3,Tweet
848bebab-af73-45a2-9704-40a30012616c,L3,Tweet
531103c0-93a7-46e5-a55d-c83205513e72,L3,Tweet
2df04e6c-16a2-4044-80c7-f25cb01c385c,L3,Tweet
96a2fca7-e0e2-4923-92a1-599cf682ae22,L3,Tweet
2a27e549-673b-4fbc-8f06-b42a6bdeb8c0,L3,Tweet
6d6cb8eb-6a34-4d8c-9f0f-216b0203d68a,L3,Tweet
759762f7-c3d3-4813-bc0f-23db0fb0a71e,L3,Tweet
88d162b7-0869-47c7-9d42-2d9d6daf6e2d,L3,Tweet
2a636536-436d-48a6-b5ef-5b564cc6f041,L3,Tweet
0426711c-a1be-42f0-88a3-62185870fd59,L3,Tweet
86bfc5e7-d3e9-4418-8879-cf70bd926435,L3,Tweet
0e54ddc3-56df-406b-ac24-c8ea73cab1cf,L3,Tweet
dd3e778e-c747-483a-b70d-19aa760ad10c,L3,Tweet
8c56c71c-04dc-42c0-8286-4a429301d720,L3,Tweet
3c3a8168-6f6a-4d1c-97e1-8a4b8b50f325,L3,Tweet
984c32d8-ac60-4c02-8d14-fe51b7119241,L3,Tweet
06ea129d-8cec-489c-88d8-a82898c7aa47,L3,Tweet
c607e7aa-2f37-486f-bb61-aa6405f4cc80,L3,Tweet
69e9b9b8-df55-4905-8171-6ce07d182a8a,L3,Tweet
4860c9d1-4f23-414e-9815-b6a82a57fd32,L3,Tweet
640b4c7d-96a8-4a25-86c4-26bb6a94b07b,L3,Tweet
c311569b-a527-43cd-9a86-75f26e318d38,L3,Tweet
17d690b7-8407-474a-bcd6-540757abd9d7,L3,Tweet
6c60f6ab-5022-4a41-ade3-a248af336b10,L3,Tweet
018f3eee-3d5c-452d-be63-870254059139,L3,Tweet
13447170-55b8-4f6e-ac7a-8996233722be,L3,Tweet
6b973687-0ce7-4280-9299-95f7ccf0a749,L3,Tweet
9302a869-49ee-484b-bba9-98ae8748b703,L3,Tweet
ae3e3ba1-98c5-4d48-9860-c3547641c6d2,L3,Tweet
641f8e29-d831-4d58-a95b-9370c407fe0f,L3,Tweet
ee23e3bf-f680-42e9-95ba-9ee936bf532c,L3,Tweet
bb9971cf-8f2c-4880-a2d8-4e76f775d8e5,L3,Tweet
61a84c89-85eb-420c-9f36-8b3ee9c5e3b1,L3,Tweet
90252f73-f95f-4013-86cb-9343996564f8,L3,Tweet
295bc142-b7f9-4caf-837c-fcc5112ef344,L3,Tweet
3fd95ade-166d-448f-aca4-f5c0e4340ff5,L3,Tweet
b1006568-8b16-4b17-ad02-e7aea9a11480,L3,Tweet
c50c0776-547a-492e-87df-a9961642fd34,L3,Tweet
f50d110c-c36a-44f8-b419-dc4869ab0904,L3,Tweet
e73fc0f7-d27f-4971-af6e-3ea3dbfb19c3,L3,Tweet
6440db3f-8fae-4961-bf8f-1f7df7375111,L3,Tweet
e560406c-30fb-4817-85f1-9d486b2b9c53,L3,Tweet
48704b70-be70-4d0b-a204-55ed2ac60911,L3,Tweet
1b01d309-9d5b-46f5-bf19-069735652dbe,L3,Tweet
59c6a99b-157c-4e08-bc9b-175da8340b26,L3,Tweet
f4236da0-e7d1-4013-8b44-a3ea2d6b50dc,L3,Tweet
10bf3df4-a636-4413-973e-38aa13806feb,L3,Tweet
b225a3da-4cc2-4fe4-8a11-2ae3038b28fd,L3,Tweet
b4d5b62e-df40-426c-92d9-95f6a0ae6909,L3,Tweet
4770f9e3-c828-45b3-bd09-ecefa5875d77,L3,Tweet
1d9182e6-2290-4013-9e4c-a0afcc1795ee,L3,Tweet
f52b9167-3dba-4db9-b469-3b4a10a712a3,L3,Tweet
0d0feaa2-90c3-441e-8fb2-a8da8745d954,L3,Tweet
a2b15008-6c3f-494e-8536-a7767d646487,L3,Tweet
98967788-0d91-4746-bd62-ada364c539e7,L3,Tweet
d7af329d-a140-4d1e-8804-fafbf0a66715,L3,Tweet
777bc8f5-594f-4b99-a8a4-8fdc83d250c1,L3,Tweet
0c08038e-72df-4f50-90c0-8955bf382da2,L3,Tweet
c3ea7f25-feea-47d7-8214-b1dbcff978c5,L3,Tweet
5aa23bdb-4fa7-4cf8-aca0-1174c24e42e8,L3,Tweet
7734ae80-b61d-496c-b279-1b609574a1c7,L3,Tweet
6c1a0f16-413e-493d-9ac3-c2840d63c4a9,L3,Tweet
74385a71-15c2-4cf8-a43d-2f6b6f93a3f9,L3,Tweet
e14044fd-15f2-4cb1-a4b7-53566d8713c1,L3,Tweet
4ba2b499-7837-48ae-9504-74dcd1414ea5,L3,Tweet
f06759c8-1089-4a3a-b939-38e630d9d7bd,L3,Tweet
b3f013ae-9c8c-40b3-9c05-9d8c5018b66a,L3,Tweet
a94d157d-7f29-4f08-b3c6-0eb6dd53d622,L3,Tweet
b8f53d02-9002-43eb-80f7-ad79f8d268f1,L3,Tweet
6b67e0e0-e398-4ca8-9eee-5dae1d2aa598,L3,Tweet
edcf8fb6-fd31-4c2f-993a-cb9957dfd53d,L3,Tweet
526b19b2-f748-486e-82fe-bed96a7708e1,L3,Tweet
58d7c411-2748-48ec-9dc5-2c3121ec96a9,L3,Tweet
bf36ccb4-3f55-4dc7-ba4b-6fdb7bd36760,L3,Tweet
a552c9ae-c1a9-48fe-bd9a-74c40bb213f1,L3,Tweet
f55e0251-e7d4-4ee5-a64e-2f9f4af8f903,L3,Tweet
ea923e31-9413-4f52-8e7b-a0d16719f31a,L3,Tweet
cdbbbeb8-1563-409a-ba96-fe060d37e2a7,L3,Tweet
8b2940da-5b4c-46fa-a04a-73c331dd52a1,L3,Tweet
c13396f3-6741-40e2-a434-95bf0a306ea5,L3,Tweet
8bbcdb95-8380-4ea9-80f1-39585532cd1e,L3,Tweet
481d734f-d867-4d64-8160-0d2916b32c1a,L3,Tweet
974bd7f7-ccda-4ffc-a140-5a10b9b1b3fa,L3,Tweet
4954efce-3c1b-456e-97fd-99a451f6962a,L3,Tweet
a507c198-eec4-4639-acfd-eed11beb5be7,L3,Tweet
4f7a1441-701f-43a4-9562-a3a81704f247,L3,Tweet
2c6a00fe-35c0-47d7-894a-81c1032f834f,L3,Tweet
fc02c8ba-55db-4da7-9c78-4080a7841fd0,L3,Tweet
ab130cef-59e2-49d0-a9c4-2175eb8eef1c,L3,Tweet
2f2c52da-a77e-47de-9e4b-2785258a8d2f,L3,Tweet
2d2f0786-35ec-4ffd-b081-5697924cc1c8,L3,Tweet
33d5fcd5-71e2-4188-823e-caeab6fc12b8,L3,Tweet
f23de2e9-31ad-44fe-95ce-38842dc5e57b,L3,Tweet
85de7a34-fbf3-4069-ae3a-c34d1a407802,L3,Tweet
b05d9fac-07b5-44ff-9ea4-474b015eb95e,L3,Tweet
fdbe1a79-5aa4-4738-a83f-0b38b54ff056,L3,Tweet
f5f19697-3bd6-4b0b-95a9-cd24cc10db54,L3,Tweet
8f5ac9af-72dd-4579-ba8b-a969a71a9560,L3,Tweet
e2965706-3f9e-402e-bd5e-8934c9137a5e,L3,Tweet
c59a1936-7ea4-4c56-a948-5b1699580ade,L3,Tweet
593c8b82-7ac5-4dca-9d73-8842ae80306b,L3,Tweet
b612bd79-f917-4e3c-bfcb-26426e178a79,L3,Tweet
142a8b8b-5be8-4699-9114-710897e3a571,L3,Tweet
cbf0b587-391f-4715-bd66-099d547a9c9e,L3,Tweet
2622c8ff-3629-4823-9294-6f275e736358,L3,Tweet
d76c38be-43de-4697-aff7-a310a1cf28a4,L3,Tweet
7e3967d5-8207-4fe7-8824-79f8032aef73,L3,Tweet
f4f94c13-09e1-4a43-9f2a-106df2d0add6,L3,Tweet
8d4cac1f-1145-4521-8fb2-051e72105d87,L3,Tweet
b713fbac-9d16-4c0d-8aee-0e213dbfe2ab,L3,Tweet
c7696532-0f1f-4dbf-b05a-a515c7099a9a,L3,Tweet
0bd08078-fdb0-4547-8534-8f55dfa31301,L3,Tweet
f425c980-995c-4115-9736-04a220ce4d2b,L3,Tweet
78d45f4c-f7ae-4ff2-ad97-f313901032cc,L3,Tweet
06e4a221-773c-419d-ab63-b12f5353655d,L3,Tweet
e9a5aad7-4f10-4e90-aa20-b343aeae7da0,L3,Tweet
dd2d8431-81fc-4054-9dc9-8c8e7d238579,L3,Tweet
fed89056-acdf-4d95-b33d-08d2afcd887d,L3,Tweet
ca30c0be-fe15-4425-b9d1-57e338e31615,L3,Tweet
41c16f45-2893-4328-ac3c-8b785f9c60ab,L3,Tweet
ecba832b-3314-47d6-8107-80d48bdd0d86,L3,Tweet
c3fe71dd-4b59-4142-9ebf-97e226d251ca,L3,Tweet
01072960-112c-4fbc-9162-8d907417f8ff,L3,Tweet
c2c3b3c3-8a6c-4b5d-b6fb-6b7f1f086294,L3,Tweet
65f1fbf0-757a-4590-9154-6001c5c678ef,L3,Tweet
38b62ff8-4d7b-4cf8-9dcd-f72d920964c6,L3,Tweet
c861b884-a864-4295-9bbd-b784031b4043,L3,Tweet
2cfecffa-2637-46e5-a9d5-b697d8c3c477,L3,Tweet
1f030d6f-332c-44c5-b41f-ea80a09b2c9b,L3,Tweet
715e486a-2b6b-4624-8ad3-f5bb74b07ef2,L3,Tweet
ea1079d2-9a5a-4905-9016-a62b2d2a7b2f,L3,Tweet
3bf40e5d-f89e-4eb6-9c6a-84c928f78250,L3,Tweet
7f91ee96-0e9d-4d84-b265-04f7bf68c469,L3,Tweet
d152366f-e1e4-4fbb-91eb-7efbc6abddb0,L3,Tweet
e90b2237-173b-459e-acb7-2d80a03ce8eb,L3,Tweet
68ff1dc8-a5b1-4902-b20c-f36c3bc014a8,L3,Tweet
8bd32bc6-6ea9-4340-8762-b2d7e2639be7,L3,Tweet
d49f8af0-57b8-448c-928e-02666a3da301,L3,Tweet
d5144779-64ac-402c-aae0-803913bc4a69,L3,Tweet
8d274a58-38ad-4afe-8270-07883e093d39,L3,Tweet
e2b4b8dd-322a-4090-b0a1-9055db9909e3,L3,Tweet
0aae47a2-a485-4038-b6d6-71d6520bf4e4,L3,Tweet
a967e4e8-e33d-40a9-a474-a5a0af4a0d44,L3,Tweet
b892c38b-bd82-4135-85ee-c552db33f5c4,L3,Tweet
db4365de-f11b-4c4c-88a0-73d1e4337c3d,L3,Tweet
a34c6322-0d41-4cb1-a607-d814fbbc4439,L3,Tweet
f8935b01-db37-43ba-96b7-df540b2f744b,L3,Tweet
46a5292f-66e8-46ab-9340-2d4549e3a193,L3,Tweet
7c682dc2-bbfd-4a95-ad39-be00494280f7,L3,Tweet
eabc8821-8db5-49c8-92dc-59a314c52158,L3,Tweet
6a615b70-b794-460e-b4b7-bc5a11e83fa7,L3,Tweet
74e63d7c-eda5-46e8-b274-2094947507b7,L3,Tweet
76d922f7-56ec-4dd6-9a6a-8b69e97b6cea,L3,Tweet
0a3ef025-f0e9-48b5-97e4-cf1106caedc4,L3,Tweet
67260681-2c77-4956-aad7-a7444d02f51c,L3,Tweet
eee2e6bf-80cf-4ba4-857b-06dc04086787,L3,Tweet
91e82aa5-95b4-4c96-a080-a41de9b093ef,L3,Tweet
c1ed93bb-5045-419c-977e-b50ff3f8b930,L3,Tweet
627f06fa-a84d-4f97-8d5d-eefe4e85c67f,L3,Tweet
3d8895f9-6c45-4f1f-b20c-06826de71ea7,L3,Tweet
fe360ab0-71a0-4458-a4c3-78dd0ad881d1,L3,Tweet
29ad4555-aded-4a4c-adba-0783a890f08a,L3,Tweet
2b84666b-a0ce-47e0-9564-f3242f466a9d,L3,Tweet
1b871c40-54a1-4e52-acf5-c43ac34201de,L3,Tweet
671350fe-df14-4931-825d-26497b4bf594,L3,Tweet
38d50286-10ec-4f85-a0bd-c6990f1faae0,L3,Tweet
4547e67e-43c3-49b8-a5ac-8f50efae3bc8,L3,Tweet
d21a7e63-8068-48e8-a12d-6ad8ac27acaa,L3,Tweet
3f9b44c6-7345-49e8-a0e7-21c95c1bf47e,L3,Tweet
648c0437-48e6-4d0c-9655-bed39b08c963,L3,Tweet
6673bde3-a7e2-4a53-962b-014952b14d60,L3,Tweet
dcd0a869-8c5a-4363-9b4e-c56c24e1a912,L3,Tweet
eadb20f6-a0b1-4554-89b6-ab9d5ae8bda4,L3,Tweet
0aff6ba0-d394-444f-bb00-e519b3f987ab,L3,Tweet
e216c364-2e87-4906-a43e-0f6c1b6ef197,L3,Tweet
74734214-2aec-4b63-8749-68036ac7a960,L3,Tweet
31152e5a-3426-4a91-9ac4-f6788f5af935,L3,Tweet
d0899846-24db-444b-b9da-53d7abe9d3f5,L3,Tweet
d79b3825-3a4b-45d6-a090-67977ede5e8a,L3,Tweet
9fe45e56-1dd0-4737-bd98-cbf3ea23481d,L3,Tweet
d3893170-7ad1-4087-8ab2-93b7e0c86332,L3,Tweet
66abea35-f21c-4cbf-88dd-6df7cae159ac,L3,Tweet
145059b8-2217-4049-ae95-c0bd691300fc,L3,Tweet
a522b810-cbf8-4e44-a5ac-c1be7b768d85,L3,Tweet
24a7ab2f-8f42-472d-a027-7da3d0e51d27,L3,Tweet
a9bd6ee5-a763-403d-acf3-dfc46fa45a0c,L3,Tweet
8a7fc4fc-933a-4665-a985-c889e11ccd29,L3,Tweet
93665e96-5bd3-4f97-ad2d-452ead08b070,L3,Tweet
9eb66104-6617-4e29-b986-577d2d5919ea,L3,Tweet
c8015017-32cd-4b79-80b8-0ddab94f9bb5,L3,Tweet
576daa33-314b-4342-a1eb-ef0138c90064,L3,Tweet
93795cc6-c3a2-4c75-988e-5b5bf3715126,L3,Tweet
39325d7d-8391-492b-a74f-f7df075f085c,L3,Tweet
b3c8c7ce-31dc-44b3-8f99-910d61755a57,L3,Tweet
a705d92f-591e-42db-8012-1838ed450b59,L3,Tweet
6dd43bc8-0abf-46f6-b6c5-9cc481b03cd3,L3,Tweet
71e12c79-5584-4c41-9080-78185d743f98,L3,Tweet
a0c1bf7d-ef75-4e6d-b683-b99c5724ea3b,L3,Tweet
22bc6fac-3bbb-4570-a449-522335bc818a,L3,Tweet
35d1c6c1-c488-4e5c-bd9d-28497eb39a44,L3,Tweet
8a1b3602-638f-4544-b8a9-c7361775ac6f,L3,Tweet
95cf5462-f817-49ac-9b1e-cc9b66a298bd,L3,Tweet
788ddd7b-140f-4a52-82aa-162a9e431cfb,L3,Tweet
ed972b7e-5ec9-49a0-8008-aa2f4a61a729,L3,Tweet
1f57cd3c-39ff-43a3-ba5d-7dd1f84ffd5f,L3,Tweet
59970393-e8f8-48aa-99e9-c9c4469d4ac3,L3,Tweet
468d68fd-d324-421e-8f8c-8aa59d6620a0,L3,Tweet
ec14eff7-c79a-418e-a057-06c4855957cc,L3,Tweet
b9846050-b39c-4806-b50c-66ad6b7b6754,L3,Tweet
5dc73f4d-be1e-400a-97af-5908f0f3443b,L3,Tweet
0651c74a-ecd6-414c-bcb7-e6529403d3c4,L3,Tweet
26e55365-bdc3-4969-b981-5e47395236ce,L3,Tweet
acef4810-9ee0-4549-9438-5271ff6b93e1,L3,Tweet
f7f86ece-b418-4ace-8cd4-975a22f28822,L3,Tweet
a1bc65b2-47ad-4b92-9db7-d58e4383155c,L3,Tweet
08f7554e-3ea0-4dfb-934b-0a8299dd83f2,L3,Tweet
2c397e53-6eaf-4fd0-9ddb-b7f6ac51aa1f,L3,Tweet
24582cb2-a72e-41d1-a3c3-585e7b58b5e3,L3,Tweet
ee57101b-87f2-4a93-a713-00b5d27952d4,L3,Tweet
5479aef4-2aba-4f34-a2b1-035f2a2a17f4,L3,Tweet
b4a8efb4-01af-4819-950c-64bb8f0b5498,L3,Tweet
5b737a53-4714-4932-a091-26f007589765,L3,Tweet
4b7ce30c-b669-4721-a8b9-8c666de50b52,L3,Tweet
5f5f29c4-fcc5-4a01-94e3-ca2d16371a1a,L3,Tweet
ab4565ad-f8d7-4f02-a001-f575df17285b,L3,Tweet
03c11c60-b2a2-4e75-a4c9-31b0ce9136a1,L3,Tweet
87722b4c-9c05-4d70-8d95-eacaa79c7896,L3,Tweet
7b8007fe-f1fb-4fbc-994d-5cd56a51fabf,L3,Tweet
42a44885-4d2e-4f3e-9f87-5fd4241a39e6,L3,Tweet
1ad9a661-7a8a-441e-85a5-a8ec51dd7fa2,L3,Tweet
81420dcb-b4bd-4c10-95d4-4c7966c86be0,L3,Tweet
8e9dd7d2-0faf-4dc1-9c9d-e2259104b2a6,L3,Tweet
706fe4c9-0eff-472b-80ac-3080b4551e95,L3,Tweet
b0d3657a-cdeb-450d-bd9a-d3ea58acc1c5,L3,Tweet
cd24625b-20ce-4c75-b941-61763ef22fba,L3,Tweet
50e6f250-f2fc-4b8e-b27e-fd9a145a721e,L3,Tweet
e979b748-b376-42c9-8ad7-00fe1e2d09f9,L3,Tweet
2da05c55-b39a-4f4e-b722-2c25eb14f978,L3,Tweet
5e5da226-d746-4fba-a701-8f9b75d34f9e,L3,Tweet
d6d2b096-4495-48e7-a0c6-56bca9951505,L3,Tweet
d63080ac-3351-4335-9537-83f573e3d057,L3,Tweet
8cddc008-96f7-476d-838c-8aff9a629e1c,L3,Tweet
9daecd89-1eb6-445c-b061-0526b831cdef,L3,Tweet
b2cf3891-3b0a-4ca9-b947-86f0f4a2380c,L3,Tweet
29fdfbd2-f462-400a-a587-de3a1742911d,L3,Tweet
99ba395f-64fd-4a17-8739-248ee9a252db,L3,Tweet
4ffa4723-d9ce-4987-abbc-c1dcd1b473c2,L3,Tweet
5649cac7-6866-4a1b-9e89-d0e3a0e9828f,L3,Tweet
2c2b9084-45e4-43ea-ad0d-8041df742941,L3,Tweet
367cd429-e332-43bb-bc97-8a6e5e829144,L3,Tweet
ab8ddb7c-a847-4467-8d3f-7d85068f5500,L3,Tweet
b4c67f1c-fdeb-4f49-b5b4-851f18e249f5,L3,Tweet
096f6aa4-996a-4627-a541-f4c7b78be049,L3,Tweet
b876022c-51e3-48c8-84bc-7f578c02881e,L3,Tweet
d8b05d76-7fff-46d7-a09f-91c04c45a305,L3,Tweet
c44867e3-1764-4c43-8046-39ab2dc8553c,L3,Tweet
6e2c3046-2bc8-400e-9ca6-acfbd407f9ca,L3,Tweet
d2a0dac6-da4f-4d22-bcfd-c2640c4636b4,L3,Tweet
27e5bc55-538b-47d5-a458-eda2e6e189cf,L3,Tweet
deec9739-a3fb-4932-8dd5-f90c287af37f,L3,Tweet
f5f84722-2d6a-4ced-a3d5-db54eba10d78,L3,Tweet
475be461-a48b-4c56-8ef4-33e815492724,L3,Tweet
2140c180-2acf-4c2c-a4cc-70cc6ccd1228,L3,Tweet
21b684be-6bf7-4ab3-b800-bf604abc7eaa,L3,Tweet
fb387180-fa0e-452f-a8a7-d8eba1ba134a,L3,Tweet
b3e01931-d2b9-4e67-8505-64c708ce2966,L3,Tweet
0a3b66ba-19fd-40ba-aeaa-4ed8b43b831f,L3,Tweet
5f81b367-56eb-478c-90b2-e2e8b50bedfd,L3,Tweet
3680755a-9f56-4439-9262-55324d16cf86,L3,Tweet
69ea22a4-8504-4477-af88-1c6a1022ad4e,L3,Tweet
8728e77c-aefa-49d6-940c-2e5e393425f4,L3,Tweet
6643e417-b3f6-4983-a828-018656534166,L3,Tweet
c5df6da0-2a16-456c-93cb-0c35110ffc33,L3,Tweet
0313a677-6eef-4e76-9990-123fa24e4aba,L3,Tweet
d6551466-31eb-4c80-9722-37ec2fa0dc13,L3,Tweet
a13a9f28-1028-4ef3-b03f-d2366704bf86,L3,Tweet
5a023d10-ee54-4b04-8fa1-e547cf6fca04,L3,Tweet
dcea5a66-f7f9-401a-8f34-545536613454,L3,Tweet
f7002734-44a7-4a52-9808-6e7322ef4bb1,L3,Tweet
360cb46b-e857-489f-8aa2-b152541ebeb8,L3,Tweet
b768b442-035d-44b2-91e5-6b546957d99b,L3,Tweet
cfa6aeda-1797-49ff-abe9-bd3f71812534,L3,Tweet
07d7ba28-e674-41da-8af4-70ee44ad5bc8,L3,Tweet
7691000c-57e1-4132-baa3-bea245c1d9fe,L3,Tweet
d5bc9f4e-dc29-4a9d-a219-3a0be8569a8e,L3,Tweet
1285c7a3-2cd4-44f7-9b4f-b59ad8378f11,L3,Tweet
882d3dd8-5205-4d90-8fa5-42705536636b,L3,Tweet
d7a251a7-c714-4414-81a2-c3912d803966,L3,Tweet
f8e1d0ad-baac-4eba-b922-352e4cd7c9d6,L3,Tweet
2d24427e-3840-4169-a417-9d13f78c119b,L3,Tweet
64ecef7d-bedb-4280-ae16-5a5d0850715b,L3,Tweet
ecc82788-7e81-4295-bf64-a8fd35f77fa4,L3,Tweet
07a13fca-9529-4597-a9e5-1660807405fa,L3,Tweet
7dbcc9bc-0b04-43d5-a6ad-fe167d9294cc,L3,Tweet
baedc841-dbbc-4cb1-83b6-9b5ce5f48b7d,L3,Tweet
3182d57d-7b43-46f1-809c-0058af508a41,L3,Tweet
1b291e37-b371-4ff5-a07f-8a68c1b42336,L3,Tweet
64173cc4-b3ca-4f3b-9b3a-de8931801e42,L3,Tweet
e5c5ce92-ab4a-45ab-8908-7ca333b105bb,L3,Tweet
80647ff2-aedc-4b31-89c0-d14d4bbb1bf3,L3,Tweet
8015da36-5de5-4249-9463-508ffba209cb,L3,Tweet
2cc28441-2f90-492c-a093-54ba0bbe5b98,L3,Tweet
e5488b42-50d1-4412-8062-ebc8c1715c1f,L3,Tweet
96a02790-b5c4-4fbe-8afb-cf48a404a17c,L3,Tweet
fc373776-a7bf-4d41-9315-892130efb38c,L3,Tweet
1f11c50b-edb0-4065-ad42-c35a2e84aa9f,L3,Tweet
56ff1385-1f0d-4911-8cde-fbf36710554d,L3,Tweet
efe9cbf6-06c5-4eff-b0e1-19cda7ab3cc3,L3,Tweet
703c1959-41cc-480d-8ea3-104e5d58dcf2,L3,Tweet
b0854860-9cb0-4f23-8fc8-f081d22c2834,L3,Tweet
b6ab0d0b-80da-49bf-aaf8-344bbe32b5e2,L3,Tweet
80644071-ed4b-4ea0-a354-76925a0d458e,L3,Tweet
c6e50ffe-d9ad-4e79-b8b7-4cbacaeed42a,L3,Tweet
4b6015f9-942a-4c36-b952-e121fb67e258,L3,Tweet
0e2e3dd0-2bf6-4444-b385-9f118e794a2c,L3,Tweet
a6edefae-abd4-432b-970f-d298388d3932,L3,Tweet
21725097-d303-41db-9e8c-6beef013b35d,L3,Tweet
6f228e5c-5a8e-409c-9c67-c69eacb2939e,L3,Tweet
1be64171-57b2-4f72-8e13-2c531adf2e92,L3,Tweet
210db94d-1a00-4547-9528-21ff833b71c8,L3,Tweet
844c201b-d3c2-41d0-a5fc-41d5c4766ae9,L3,Tweet
8f6f8b28-24c4-4dca-908f-864775a60567,L3,Tweet
aa6d65e0-53ee-4400-a82f-efdba519ba25,L3,Tweet
12b4e801-9e25-477b-a749-a7b8ee10d1fe,L3,Tweet
fea8c661-823f-4a07-8035-e5a9b283055a,L3,Tweet
18553b87-9786-4f6b-8caa-1e8948a3ed23,L3,Tweet
b120fd72-33a7-46d3-9325-19bd89a96b98,L3,Tweet
6d50a60c-5a14-458f-a925-8bb03fbce7fd,L3,Tweet
6ea1179f-8d28-4c2a-88e3-37f68840c767,L3,Tweet
bce41f1f-0caf-41bc-adbb-d56ace248794,L3,Tweet
14f69c59-5c03-429c-b58f-f176b1a5589c,L3,Tweet
a2eac859-0dc8-41ca-a22e-5dbfda2b9a69,L3,Tweet
b007d09e-8cbb-4ea6-921b-d8eb9bf37748,L3,Tweet
4dea696b-362d-48be-97ba-f62d40362e5a,L3,Tweet
5ce2473d-9bf1-49a9-8553-f88ad06ef7d7,L3,Tweet
763ece0d-56b7-4124-8ba8-e1ea8c280dc0,L3,Tweet
58727c34-0566-46e2-ac70-a489ed522f48,L3,Tweet
dc93a62b-b405-4582-b3c5-bcf2c2eb5504,L3,Tweet
19825a30-ab59-4bad-8d4a-8b5a22471d23,L3,Tweet
26f312ca-5fbe-4e65-bfec-f6ccc6ea2001,L3,Tweet
50389860-c229-42f3-875f-ee6b6e12a8c3,L3,Tweet
e77ee082-1192-4ead-b999-ef9c3ab61229,L3,Tweet
e2c70cef-fdf4-4deb-90d3-d1749a6b3d2b,L3,Tweet
f06bd9f2-113a-4dea-9b58-07e9dbf39065,L3,Tweet
77faf30d-a3b5-4be2-8346-c3745cce9997,L3,Tweet
9617a68a-2349-423e-963e-5c877b10d6b9,L3,Tweet
2d88095d-a7e7-4a0f-86dc-ab9e6e10e3dd,L3,Tweet
51fd0a2a-89c7-4ab4-a58e-30aa804ef4bc,L3,Tweet
619727f5-00fd-4e2e-a3d5-cdf205e7042d,L3,Tweet
9299e840-82f9-4154-801c-0861990816c9,L3,Tweet
5960375f-e9cf-4b2a-9b23-a6dbf1fbf5e8,L3,Tweet
b6839454-bc3a-4f58-b52e-7499ab6b22eb,L3,Tweet
abb33cf5-c943-475a-9a6f-c1bd7eb9e8c7,L3,Tweet
a8b6b2dc-d1fe-46b4-bc1b-9fa114b11541,L3,Tweet
7aeba043-052a-46c3-b7e8-06fdfec82087,L3,Tweet
6fdecd03-63ce-44f4-9765-0f48fccb05ba,L3,Tweet
d67bd338-9cc7-415d-b2ee-8d943953ac3a,L3,Tweet
9a67c64d-ad8e-4bb4-ae59-b055bd4bfabc,L3,Tweet
202044cc-1378-41d1-8f32-d5f69427b712,L3,Tweet
fcf1f69a-7293-46c9-8bda-79f5a8d955d5,L3,Tweet
2ac0642b-5daa-4948-9125-716985600a71,L3,Tweet
0e38879e-5596-4f36-9687-43d0f421ad73,L3,Tweet
8689bbd5-3d58-4988-8277-6019cee449a1,L3,Tweet
b779cdb0-d6dd-4866-9a24-ff2ca5d96577,L3,Tweet
2f3e2d41-c62b-4b9d-9473-8f47a940754c,L3,Tweet
37cb6a8a-f278-4f42-8a8b-d0307819a8ae,L3,Tweet
44cf2ccb-e5e9-41a8-9aed-0ad8d482431f,L3,Tweet
0f26a911-6059-48c1-b62b-6191503afbca,L3,Tweet
f06dac9c-28be-4ca1-8e42-b436629eaea8,L3,Tweet
314f98d6-66ec-47ad-bb94-724a6445c6b6,L3,Tweet
b9d259e9-c21f-4597-8ab2-4d4ac906a729,L3,Tweet
edad5262-e2dc-4fb2-a11d-e3415aa0f328,L3,Tweet
4ebe99d4-5164-4f5d-9386-f9bd649dba35,L3,Tweet
a5ae150a-fe1f-4243-b0ab-b0638a8bd973,L3,Tweet
d177dee5-7d39-4075-8250-73e6573a4c85,L3,Tweet
9665e4a6-dbf2-425e-bb7e-59c4149e040d,L3,Tweet
e856db21-64c4-4fd7-b683-cbff55900be7,L3,Tweet
b2acae1b-eb42-4d1c-9408-39759a77c29e,L3,Tweet
817bd162-8744-4415-9e94-05732f2e73b3,L3,Tweet
7661f4e2-1248-49b5-a9be-f8b04c29f98b,L3,Tweet
c082ac20-4373-45db-8a3c-85a23974f953,L3,Tweet
d5b39c98-8690-4756-bfa0-c349e883a10e,L3,Tweet
31616408-c865-4247-89a2-57574c0c12ad,L3,Tweet
00500938-b68e-415c-bb75-194f4b5fc37d,L3,Tweet
5b249f09-9b88-4231-b8a1-9d9779ce864b,L3,Tweet
6e8590cb-27df-4788-95cb-faad63b28b46,L3,Tweet
c973915c-2b5a-49f0-8a22-e5cafc0c3694,L3,Tweet
ba5a9d13-1fc0-48b0-b770-2132a530b3f4,L3,Tweet
5da50dfd-8969-4c73-906e-5e52d9e19a5c,L3,Tweet
54e47479-ec25-4df0-b7d4-f063e5e0c6b7,L3,Tweet
7053cbc7-4717-4538-9bf2-e2c566b03f5a,L3,Tweet
cd3acdc0-d29e-4f4f-9a51-eb2dc7a078a6,L3,Tweet
d9f6e58e-0a05-4ebb-b4b0-f96319f84313,L3,Tweet
cee2ab93-a6ad-472a-ab1d-4cd997691cf0,L3,Tweet
b3855efd-9d02-49ec-8282-bc58dcacf0ff,L3,Tweet
40d08eef-548f-4416-9124-bd6e58753bd9,L3,Tweet
9860b80e-2710-42b5-a1d3-e071e187e02b,L3,Tweet
ce4a0ad4-0b8e-467f-b138-e63a2fa8e8c0,L3,Tweet
a3e93a91-a002-4dc3-b3c6-3b8c38d96eb3,L3,Tweet
05f706d2-343b-46f0-a15b-ea4dec2cf43f,L3,Tweet
14efb1df-399a-4bb7-80c9-5b766aaa9910,L3,Tweet
88027963-4f79-4ffe-ab0e-ad64b5da5dc5,L3,Tweet
826dd207-7da9-4b5d-a166-790315ba3a82,L3,Tweet
4b3aeeec-0ef6-477e-90b1-46d414035998,L3,Tweet
c21fca1d-7614-4378-9a21-c4c3c6b52a6b,L3,Tweet
aace4315-9800-4f66-a9b8-2827ecf21ca1,L3,Tweet
7b4a2e24-dafa-4898-8c75-3f2748af6ca8,L3,Tweet
72f1cdf0-b7a2-416f-ae1f-1581c53975f1,L3,Tweet
d080462e-4092-4b67-a194-11424840a114,L3,Tweet
db9d4af7-6325-4c02-b6ff-b9e50c25d505,L3,Tweet
77309b71-262a-4298-9965-a808a229bc7f,L3,Tweet
cd0aec8b-3ca8-4345-bd83-2b5370a1f210,L3,Tweet
a7cf4e6f-c409-475c-b1fe-db012e8c61f0,L3,Tweet
ce8fa33a-9d96-4e01-b8ca-ed6b25705033,L3,Tweet
95294ec0-6310-41bd-9f90-20c11c0d81cb,L3,Tweet
01c89c38-8f68-4efd-82bd-c6823630e892,L3,Tweet
3e5eff59-871d-424a-a1d1-0a9348d464e9,L3,Tweet
25c4bf74-1aaa-46b2-a074-57c8625e2567,L3,Tweet
c1149ca4-fc45-487c-9916-647b5ded323a,L3,Tweet
a86c40bd-85a6-4483-bea6-0dbb4aa54052,L3,Tweet
13217a7e-146f-423a-ae75-dfeec81f7c9b,L3,Tweet
3d346cbd-e745-4130-a79f-008d9d821b89,L3,Tweet
4b468fc8-1ccb-4489-8850-7258b198851e,L3,Tweet
ed501a69-d4eb-492d-99f1-865d3cf06346,L3,Tweet
9ae2b611-8938-4960-a426-0f2fb6e2194d,L3,Tweet
90364b1a-d5de-43d3-8a61-6949ef532283,L3,Tweet
129d214a-5583-4f83-80f2-0c51d8108134,L3,Tweet
d43a55ac-53ee-4c29-9293-dd5ab7012c62,L3,Tweet
67af5822-8018-40d9-bf69-3a43ec0e93aa,L3,Tweet
33c0e7e7-ad75-4be5-bf32-35c62686ad18,L3,Tweet
12e22cae-bc27-408a-86a8-0694cfdb5f8e,L3,Tweet
93e18d0e-bf71-424e-a504-c6a6f1b6147f,L3,Tweet
961858ff-3d48-4771-b9be-7867a78b9723,L3,Tweet
2623a30b-85e0-4ef6-a4a0-b93bfca01f4a,L3,Tweet
0f58881e-a753-42a3-952a-62183bc3e38f,L3,Tweet
c4998ecd-25b5-41f0-8da9-954fc1c6b11d,L3,Tweet
8e01b1ef-0007-4dc5-93f1-ad542addf6e5,L3,Tweet
d63d9f03-ef20-4114-be67-d95e69fdf7b2,L3,Tweet
d3a4d282-6408-4379-bea6-a7f24218d0ba,L3,Tweet
50d6f78a-24dc-42cd-acd0-b20bfc2f16fc,L3,Tweet
c10dfaf2-a884-4da2-85d1-ef77ef834aec,L3,Tweet
a4448b00-ae5c-427d-b96f-6b62eb8939b8,L3,Tweet
718fcfa1-e98c-4079-8eeb-f117395a828c,L3,Tweet
04ab581b-36c1-48b5-9087-78a9e1a38961,L3,Tweet
e7248d8c-b636-4f51-94c6-e1fa64b0387e,L3,Tweet
b2ecabfb-5cea-4d97-87d2-fdaece0be0a1,L3,Tweet
02c37392-4647-4ca2-a587-c2db3e16184d,L3,Tweet
544bd69c-cd67-4355-b983-b7eeb0635902,L3,Tweet
6a64a1c4-cbc4-4a3f-b622-8b81134c4f6b,L3,Tweet
6dbad88c-650a-4c5d-9532-53ca30c46510,L3,Tweet
aa0a006a-2a45-45c7-8f67-660366598444,L3,Tweet
52e85cd3-772b-4cd7-8900-790f2fb8d9d2,L3,Tweet
d3b02517-7c1c-43c9-b6d3-d95f83589f25,L3,Tweet
02b10a8e-e6d8-4c45-9d6d-dc1b3cc3fc46,L3,Tweet
04a47625-a8e9-45e4-9f3b-5d16acc19ebd,L3,Tweet
167f7b1c-6c12-4777-ba20-ae47535f828b,L3,Tweet
4e2bd767-8604-47ee-bf18-77033cd1963e,L3,Tweet
6c7f5265-611e-4539-afbc-c7c2a2cac4e4,L3,Tweet
92f5c785-fe9b-46ea-bcfd-42cd1b57125b,L3,Tweet
d21bad07-57d1-4afd-8136-878d27c1922c,L3,Tweet
fedd4b06-34da-42ce-bd22-3c1a8fff10aa,L3,Tweet
f25e5990-74d2-4dab-8bd1-c67d69380e77,L3,Tweet
3804b7d0-e41e-4ca8-b9ce-7b8c5d563a31,L3,Tweet
5c56ca13-15aa-42c1-9ccb-9e3d126c5917,L3,Tweet
e99eaf75-d38f-451a-8b09-f40886986f1a,L3,Tweet
b8e7ba4e-cc0a-4692-a308-50dbdea73875,L3,Tweet
bc107826-022d-489e-ac87-b81e4dc438cc,L3,Tweet
a351a2c0-e6f7-4c83-9f18-3e28889bf641,L3,Tweet
4e517ce5-e725-48c4-8b4f-4a1592475077,L3,Tweet
b9963270-13ca-4b32-920f-f42c44ac79fe,L3,Tweet
ce8092b3-343f-4c18-b2cc-f15f96cc1e7f,L3,Tweet
a866bd4b-3b7e-453f-994b-030e0de84db7,L3,Tweet
e8a3bd4b-24eb-44df-883d-09f4ef2ad8ac,L3,Tweet
13bff07d-0de8-4570-bf8d-9d5f728cf2af,L3,Tweet
9c19d7eb-7ea8-401b-bfa8-21475d277eae,L3,Tweet
9cbc2754-6200-4c0a-9b1b-55c8cf011cfa,L3,Tweet
24cb004a-7cb4-4b9c-80c4-f437e753e6f1,L3,Tweet
811314f7-e3b8-4648-8614-e709acaf4444,L3,Tweet
553e2257-d898-4aec-a7b9-5ebc23e91ef0,L3,Tweet
ace3e221-65df-44d1-80a4-7d15bc02eb67,L3,Tweet
4ceaa249-0cb6-4583-966d-f2cb82f39cd0,L3,Tweet
6387ef4d-f28c-4a65-9c00-6a94a3a9b0b0,L3,Tweet
cf092f38-74bf-4f4a-814d-b5b1c777283e,L3,Tweet
592b71ef-10c4-4c32-bbaa-18f6601c88f1,L3,Tweet
20a0911c-88ad-48d2-8e54-663608a48c8c,L3,Tweet
949d067a-fbf6-46b2-bd84-c5aa868d31dc,L3,Tweet
8a3722d0-9ac7-45ec-97f0-fc1dfd05e527,L3,Tweet
4d4b39d8-de1e-410b-811f-d45c8fc4a1f0,L3,Tweet
652e7dfa-2c51-4695-8d39-b57c7bc3241a,L3,Tweet
5390a50c-b004-416e-b141-7fc253872912,L3,Tweet
97b48b8d-d157-4dbb-9328-cb6083b76c07,L3,Tweet
1206a0ec-7685-4ea3-a845-ffba0c2fdca7,L3,Tweet
f198c89c-c20f-4c51-8697-5108f66d02ce,L3,Tweet
fa5e1d69-cf06-4235-b48c-6d60edf4b33c,L3,Tweet
5ee9f573-7d34-4a61-b122-5589e67879c1,L3,Tweet
7da6c9cd-5bf6-40c7-923d-119d692f5d1c,L3,Tweet
9417576f-45ef-4ce8-82b6-e15f36e4313f,L3,Tweet
8d2ac4de-2361-4c8d-b4d8-0d586d83d6be,L3,Tweet
5fd784db-402a-48bf-bdcb-4336a84290c0,L3,Tweet
cc11b26c-3b97-4495-a601-7f5fa11e9c78,L3,Tweet
41e6ec69-1502-4945-bfe9-dc43a6c7dbf3,L3,Tweet
2561355b-d85e-407a-9ba1-b63b3200cd1a,L3,Tweet
657e24a5-9e92-4e48-9df8-fbe5f1d0b8b4,L3,Tweet
6546de6d-08e0-4fb6-a019-e0018de7b3b7,L3,Tweet
f6af8715-58ec-48ea-adf4-58c893b98cd0,L3,Tweet
9dee45f9-27eb-45d0-8f7a-aa08f59cfe67,L3,Tweet
df1b877f-26bb-45f0-ae62-c9f55d48efa8,L3,Tweet
4e811dd0-321c-48c3-bec1-c8ecf0663e85,L3,Tweet
08ba7975-9d4e-425e-8a8d-4c91c130e964,L3,Tweet
f99a42ed-1a4e-4fae-b24e-2e0bcb3c1a81,L3,Tweet
7a441fbf-b8a7-433a-9d51-eecf984c3273,L3,Tweet
0eec4655-eeb4-40e5-b54a-79a354487eb1,L3,Tweet
da5d6453-1799-44c9-9d2b-25a275bdff4d,L3,Tweet
fc7c1cc1-6a2d-4e0a-9415-25de03fa825c,L3,Tweet
edce3785-ac68-4f49-877c-03a1790faaaa,L3,Tweet
21625e4c-0309-4cf4-acbc-3070c87aef13,L3,Tweet
412fdd27-c597-4d38-b37c-d9873e04a05e,L3,Tweet
2fa9f8a5-2547-48f1-9376-aa7532138b46,L3,Tweet
ad36f0f6-04fb-48a5-af1c-7e62ca7648b3,L3,Tweet
2cf6e220-7923-4ef2-b388-01e02cdc5cb8,L3,Tweet
96c61084-9ebc-4ce1-86a6-630cb09b8707,L3,Tweet
44abcfbc-679b-468c-bfa0-28b473e01dbb,L3,Tweet
9071bc2d-a48d-4554-9588-d529742dd09f,L3,Tweet
1f66bdfb-6b93-4bd0-bbaa-0b6292c426de,L3,Tweet
597dd249-48d6-4afa-a9e7-628c11a669c2,L3,Tweet
1d63115a-42b8-4b7f-8c28-0a8e915f0ab9,L3,Tweet
c3b38bf4-4c11-4d35-a5a6-7a4c73fa83e2,L3,Tweet
ed27cae9-aed4-4a45-9e8b-874bdc19a13f,L3,Tweet
b13ab92b-30ad-485b-9116-2d241e552403,L3,Tweet
68f43b21-011c-42ce-94d1-3d75df65eef6,L3,Tweet
51c9e311-fe6a-4fa9-b803-7b89249821e8,L3,Tweet
c1799b65-e16c-4a45-b527-b5f48dfdfe75,L3,Tweet
0ea98478-59ed-447b-81a3-c92bc73c265b,L3,Tweet
6f2bc3cc-33b4-4ea5-ab7a-36b03cbe771d,L3,Tweet
be01e638-444d-4e67-af0b-a77125879f55,L3,Tweet
6cdeae58-2eb6-4c31-8b2f-6d7a0ac3b29c,L3,Tweet
5b967f69-f97c-444a-bd03-fc721094f6d3,L3,Tweet
b37babca-1d2f-4033-b257-5fe3d0e8d81e,L3,Tweet
342cba60-c34a-4ac1-9959-e14b638aa12d,L3,Tweet
8c971097-ef83-4080-9e09-67a8fa801e51,L3,Tweet
f6e449f9-6392-4ead-8b93-fdeac06a55c0,L3,Tweet
57b094de-9f58-4c86-ab4c-056d3c64fab6,L3,Tweet
3a240997-2ead-4353-8040-a3ba1b90f398,L3,Tweet
eb8def3d-377a-41f8-a324-f375554bd39b,L3,Tweet
b70f1e46-821a-43c4-b2ca-a8234ab8cfae,L3,Tweet
966edc2b-d444-493c-8657-f00bb1ab2424,L3,Tweet
15946387-f388-4ef5-af2b-604e307a541b,L3,Tweet
aa4478fa-d596-4a03-ac51-ff1a7e0358b9,L3,Tweet
0741d847-3b95-4660-8a1e-2d8ac165bf64,L3,Tweet
e2a32aff-1460-40e0-b7d5-75059054b8c3,L3,Tweet
cc9a2513-3b3a-4712-9c28-8ad98eb3275d,L3,Tweet
f0472892-9ad6-4afa-b23d-cda8e8414f8c,L3,Tweet
f94cb6ef-b803-4254-a0b6-875096c16a42,L3,Tweet
46a0fb60-23ab-4066-bb67-81904e0cf6cb,L3,Tweet
206b6d64-cbac-428f-bb21-d0602e09f731,L3,Tweet
1c8efc1c-b6a0-4709-bfad-9ea78896fcea,L3,Tweet
d839f1c6-75a0-4a18-9751-7b2d77fbea01,L3,Tweet
64740aa9-d472-475c-a5b6-4c17656d67f0,L3,Tweet
bd05bc1b-6059-4a92-86f7-9ba3a2d7d8db,L3,Tweet
53f9ef5e-1aed-44d4-99c7-c817eda76442,L3,Tweet
d3843e5a-d812-436f-8de7-406003139656,L3,Tweet
a11c538e-66bc-4744-b592-bdec2683ff87,L3,Tweet
3e01ffaf-ed4e-405a-b61e-6a0ff528735f,L3,Tweet
7c6c13f8-adea-40fa-8614-87efac1e20d6,L3,Tweet
941f5bdb-5667-45ca-899d-496fbee082c7,L3,Tweet
9718e221-aea5-47f4-b809-3e4498439353,L3,Tweet
ff72b0d1-eec8-4eed-899d-3caafb88de86,L3,Tweet
a522f1fe-e5e4-48dc-b1fb-2a9ff69e18ad,L3,Tweet
39dbc17d-a252-46e3-9335-7b89169668a4,L3,Tweet
9975fb31-1e4b-4e0e-85be-28a231bf211a,L3,Tweet
462c46cd-eb59-44c5-90e4-cf056cb784b1,L3,Tweet
0914f197-c587-453a-bb41-3c5a88246f66,L3,Tweet
e2456770-d621-4da4-9053-8edf6c0ef65a,L3,Tweet
164521ff-5bde-427d-9bd4-3d4042e87258,L3,Tweet
f9d1d5c4-8a9b-4eb7-a0ff-6c1394302774,L3,Tweet
aa794094-29e6-4481-957c-b541d59e220d,L3,Tweet
a28fbf85-7545-4ab0-8f53-e37b6637f13a,L3,Tweet
6d643755-0423-483b-a81f-97ea70dd8c40,L3,Tweet
1f96b1ea-f0c6-451d-8a8b-cd290dcb8c46,L3,Tweet
8add78ab-b6c9-4c4f-8a70-50121999ec6e,L3,Tweet
32c0b54d-90ef-478c-a268-8cc4fd5655e1,L3,Tweet
d40ebf05-6c2e-4c72-af3e-ecd771738380,L3,Tweet
6f99cd69-0cd3-47e3-8260-0c22429b0e56,L3,Tweet
6ed8aed4-36e7-4692-959e-3ee41300fe51,L3,Tweet
f0051422-91b2-45d4-8684-db258eb6b5bb,L3,Tweet
a5dac1eb-613c-4513-81e9-d36e5ed016de,L3,Tweet
ba3f9637-bd44-47f8-9dd4-71db4d962bdd,L3,Tweet
d479750b-6d08-464f-9ee0-9ccd94baca5b,L3,Tweet
ffeb6871-4708-404f-82c7-e1600b39c6e2,L3,Tweet
dcd906bb-6c5f-4d62-9c07-c2d496c35510,L3,Tweet
7389dae3-e524-4253-a140-005f706fd500,L3,Tweet
0b0f4cdd-762d-468f-8a23-1aee12689c7b,L3,Tweet
2b75c031-b805-4893-bdfb-1dd33e8a75c8,L3,Tweet
c4735fbe-611b-4ea0-9631-cac5dcf094c9,L3,Tweet
c2fe9332-3e06-47ea-ac15-ce53496dc050,L3,Tweet
7b2423c9-c39d-4e8e-8618-1dd5c3524ab6,L3,Tweet
de3d01c0-48c4-4faf-97a7-8d6a55f79e63,L3,Tweet
ea647b3d-814a-4eb6-a8e6-c52186607a77,L3,Tweet
630f1776-28e1-49bb-83d5-1ecf2e52c138,L3,Tweet
be41a1c1-4413-4e00-adc2-9efd32bd56a6,L3,Tweet
990554bd-1a08-410a-874c-500f16ced0f4,L3,Tweet
fdfc80a2-35ac-4bef-9c40-bc9402e7b2c6,L3,Tweet
19be7b15-a759-4803-a422-02798f500f63,L3,Tweet
9dfcfc0a-1c7f-4192-8c7e-06ba0047fb87,L3,Tweet
f9576786-09aa-4a4a-be32-9c5dd1d68c9f,L3,Tweet
4b2dc2e2-9333-45e1-a7d8-36ecf4710b0f,L3,Tweet
ea762c6c-d43a-4a8b-819b-190b9c86a37a,L3,Tweet
7901d351-be40-4986-84b7-b50a948a6206,L3,Tweet
c604f562-5c74-447f-a02e-6fde91753cfa,L3,Tweet
e3bd146a-17e9-449b-a31f-b26e1bb6018c,L3,Tweet
8f85299a-7020-4e7d-9e5a-07fda3d1b9b4,L3,Tweet
daf47be4-b776-4839-8cd1-90cbd7dfba8e,L3,Tweet
9e62dcdb-11dc-4e79-a7d3-9c45a32f282e,L3,Tweet
820c5f0f-b23b-4382-af02-c08b53001d09,L3,Tweet
7933c43e-3d79-4358-b346-1cea4b62f92e,L3,Tweet
6f0be1e2-5975-4db4-b6a5-0c3ed64f12fc,L3,Tweet
187a1f87-36ce-4b4b-a155-c8a536502f69,L3,Tweet
1ac03778-8814-4e8e-a92c-8552dc9a3760,L3,Tweet
789ce5f2-e475-4ecb-a9b7-8d769294dfef,L3,Tweet
48d4ecb8-83b5-4f4b-b208-763ec661d1f6,L3,Tweet
a3406b46-437d-4787-a7e5-1b55b59383af,L3,Tweet
9fbff2fb-f889-40a4-8bec-307a31af83c0,L3,Tweet
e43a5164-1b88-4b7a-a154-0d2d1981a6e2,L3,Tweet
966697c3-43af-4ccb-88ad-d470b4136ae9,L3,Tweet
cd043fb3-722b-4135-9ef6-835d2d1ad40e,L3,Tweet
090d1617-af38-4b1a-809a-b939364ea06c,L3,Tweet
ecee35a0-d5fe-4a2b-a328-9da7b115d4c3,L3,Tweet
7bfd9b69-7230-4798-af9a-0d00273644ac,L3,Tweet
0770f6c6-d92d-4248-8164-8f84babdd180,L3,Tweet
de7c270a-e444-451b-b260-e74a79a2faed,L3,Tweet
3bb7519e-d8b4-4662-8a89-0eb90dbad6ce,L3,Tweet
cbaf2c59-2a6c-4ff2-8482-282a9c9a7c24,L3,Tweet
132441cd-111f-43e8-aa93-a8c4e35ad2ad,L3,Tweet
75d78b13-a630-43ef-8b9f-bf3822a69d09,L3,Tweet
ac4fcc42-790d-4065-9367-5b9fa446759e,L3,Tweet
d54205fd-e5af-444d-96cd-05dff56fdf8c,L3,Tweet
e907746b-c0ac-4432-9f07-3e2dfc11164c,L3,Tweet
b1d8a048-ad4b-415c-bf85-ab435edac9c9,L3,Tweet
9f1a58ec-18ea-43fd-9432-397ed853f832,L3,Tweet
a01a00aa-6206-4866-ba25-62fca37c633c,L3,Tweet
697e7a62-621f-4b36-9f40-f46aeb58de91,L3,Tweet
3ac14a67-c7cc-46ef-a8ea-11ddcfe4a758,L3,Tweet
7a2efe06-2b39-45bd-a175-1a653c7be655,L3,Tweet
e7f6b826-5923-469a-8f1a-fd8af89df2bd,L3,Tweet
3b17fff0-f672-446e-ae74-50de1ba2b781,L3,Tweet
2a0e6d18-6957-4aa7-a38e-4420c3736f23,L3,Tweet
fcc113a5-3a02-4f93-8cc1-825b6faa0ea2,L3,Tweet
d4cd8f58-bdc5-4d8d-b351-81e644af47be,L3,Tweet
37bb1e2d-3e05-4fad-8215-4f5915d35136,L3,Tweet
25d58c1e-bb54-4b74-a1b4-b2d4266c3a9b,L3,Tweet
18ce60e4-a6a7-4755-b3bb-7d9b5d9910bb,L3,Tweet
691ca412-674e-4178-a64d-384d43feb0ff,L3,Tweet
f41d13e4-40e1-4d59-9f2c-b9dc0ffa3e61,L3,Tweet
cbc7f87b-4eee-4b22-8ca9-e08d29111e00,L3,Tweet
2686f06c-010f-43ac-bb76-6f628cb5570c,L3,Tweet
c2dc7f73-f864-4e20-b1ca-f3a4b8c6cbe1,L3,Tweet
012cddbb-af16-40e5-9882-dfc2d738aa52,L3,Tweet
c85075b2-637a-445f-8374-c2f817d2efbf,L3,Tweet
b91c017c-6f5f-4152-8923-f6d724fdd20c,L3,Tweet
805cfeea-b589-46af-a1e2-054e18bc1410,L3,Tweet
9b723140-f9f7-465e-b073-fbc3c75df75a,L3,Tweet
36afc888-0090-49bc-8bca-d3bd0d491d3c,L3,Tweet
539512ad-ded8-43c3-8ff8-4d9df8351648,L3,Tweet
99c955eb-e2fc-44ec-a0ec-7d36fb31c19d,L3,Tweet
177ae91d-ad57-4805-a469-33d0673bd178,L3,Tweet
c9bcaad6-d309-456d-a84e-07c14f607731,L3,Tweet
a1df22bb-1091-4b5b-89f8-fe8df7b2434c,L3,Tweet
cd44bac8-e954-4861-bf84-58c2a00a6535,L3,Tweet
a428ba31-45c5-43ea-a56b-8fafff503abe,L3,Tweet
ea5ff491-6275-4d21-904c-651444ba437d,L3,Tweet
9183623c-b140-4826-b48e-cceca655ecef,L3,Tweet
f8035df0-5746-440d-8f12-2d891a1cbb4a,L3,Tweet
a4f5a0bc-5b07-46f5-9e73-74a07ffaeb41,L3,Tweet
87f849ed-0308-4bd6-b147-4aaae5630c22,L3,Tweet
a8074a2b-b94e-4006-944f-bd28930fa4d8,L3,Tweet
2123d88b-0f5a-425b-b937-96f2872a5c9b,L3,Tweet
bb863fac-b7b1-4c36-95c0-ab49303feaee,L3,Tweet
04980a86-6506-49b8-b4b2-610e9bc1cfde,L3,Tweet
42aa3996-2fd4-43bb-a361-c7201fca6546,L3,Tweet
471679fe-ffa7-46ba-9a19-77f2a39b0e13,L3,Tweet
d0322048-61ec-4905-9c86-33578a11de2e,L3,Tweet
32d1a065-1921-4002-9ebf-d7aa3b4f6718,L3,Tweet
c4b7064a-1b4b-4660-a343-26366c31ef85,L3,Tweet
c4caf356-06f7-4c0d-8502-114b5da9414c,L3,Tweet
3b998103-4e04-4469-855f-d0e87cd023c6,L3,Tweet
27d913b5-2eea-46aa-a579-73220d416666,L3,Tweet
fc9271e0-41f3-498c-a4ce-0a6f92ac2904,L3,Tweet
3fdf7726-cc64-460a-9dac-a59b06352036,L3,Tweet
4fa644dc-18ee-424b-b46e-6ac216166eff,L3,Tweet
0b3476db-0ae9-4ff1-a966-3845f271a389,L3,Tweet
7aec2129-2267-4155-9613-ae38b9aeb405,L3,Tweet
226563f0-eeb3-4d47-875b-9b7920442811,L3,Tweet
495fec3b-f43d-4df2-b7f2-f9b68aed3b6d,L3,Tweet
d9c02146-052d-4e07-8010-4a0a493fb0f9,L3,Tweet
c0ca8e4d-e5a0-4824-9ed9-f42e1d3afca7,L3,Tweet
a46206b0-3479-4e3a-a5a2-51a10ad11ce2,L3,Tweet
846a05df-878f-4f0a-ab1c-242d17874189,L3,Tweet
7e814555-2972-4f7d-801e-0af7154afdb6,L3,Tweet
ad85f45b-cc9c-49ac-a50c-8f2a5d4ea94e,L3,Tweet
ffbfa531-c932-4303-8f5a-705b3b9f1946,L3,Tweet
7217eceb-3a07-44c9-89bd-dd6513fba7dd,L3,Tweet
da96821b-4700-4d68-aacd-9214801afc5b,L3,Tweet
27a731bc-7333-4589-921b-b3fa11beac2d,L3,Tweet
63cd66e5-c184-4894-b4f4-453d9742a2b4,L3,Tweet
2731f1f7-2119-413e-842a-b006443c2129,L3,Tweet
8c150c3c-cfb5-40e3-a4dd-15afb93f4fe3,L3,Tweet
00a0246d-1202-473f-a88d-941d4689ba44,L3,Tweet
45ea1acf-2f3a-4b4c-b3f4-b8fc9dff7294,L3,Tweet
0c45bbc9-7c2e-4ab5-881d-49d49a54c369,L3,Tweet
5e611a8f-8e1f-45d1-8011-9f1aa740176a,L3,Tweet
dcf651f5-4ce4-4ce6-9782-d4c57bcbb809,L3,Tweet
c61e32aa-307b-4943-96e3-992830d5ed87,L3,Tweet
ff38415c-d655-43bb-ac63-642b11867de8,L3,Tweet
0a38820d-33fc-44a2-af1c-b0f619da3de7,L3,Tweet
3f252d60-27af-462c-bc54-fd630d2a7e32,L3,Tweet
94e62cf6-c9b3-4bee-a70c-75952577e6f5,L3,Tweet
ca53dd19-1e84-46de-968c-ebb57ea6b099,L3,Tweet
5c0835e4-4310-4f5b-a0dd-68d3b88224e9,L3,Tweet
38274d08-c50b-4bee-a947-aecdea3dc184,L3,Tweet
90ce84d1-6a61-4f7f-a234-2ac9044b44af,L3,Tweet
4247bc8a-580f-4e6a-97c4-ed15a104a3e9,L3,Tweet
8cabcd45-a8a6-4e83-b1b3-e24c5bab4606,L3,Tweet
c6878c7e-4015-4a67-b003-2aec88f6dd54,L3,Tweet
0420d93b-75f0-48f1-be63-ddd766730461,L3,Tweet
4c437d33-9509-4b89-bfe6-6461d6d121e2,L3,Tweet
04614aab-8956-4118-a1a2-8ffde7082b82,L3,Tweet
5d94aeec-3be7-4f28-ba19-d0b24c7c0be1,L3,Tweet
dcf3b055-eccb-4886-8ea1-6fbb45454081,L3,Tweet
4a7f64d5-1f9a-418a-b548-0726aa02605a,L3,Tweet
82b755c1-0f2f-45e0-8be3-b3e96041c85c,L3,Tweet
f709a77e-0310-4c91-974d-edc4643da8f2,L3,Tweet
40a3911f-0611-45fa-9bf2-c5fecfe36cae,L3,Tweet
49d31eeb-906d-46ff-b8db-ba5d21506f69,L3,Tweet
5cbd5f8a-3645-4dd8-b618-e4c78a895ca3,L3,Tweet
52123a9d-332d-4dd5-8589-7d5f80d90c5d,L3,Tweet
312ff938-b81d-427f-a19a-f2199bbb4e7b,L3,Tweet
0bb540f6-e871-44da-a680-929cb668e398,L3,Tweet
626c18fc-5fd7-45a2-b637-a2d0d7063a58,L3,Tweet
1d5dc928-37c5-4fcf-a390-8323c8fa28ce,L3,Tweet
ab4a90ca-4bb3-4080-bc70-dc9537480e55,L3,Tweet
67a2c534-23b8-4162-b6fb-0f8022da8282,L3,Tweet
73c5ba94-d227-448f-b3de-15b4ac704d7e,L3,Tweet
3f965e58-eedb-4782-8814-7ce0aefe68df,L3,Tweet
fe021bb6-fef6-4258-beee-c105684f4b95,L3,Tweet
0cfcdb8b-6ce6-476f-bde8-764d5e43ef82,L3,Tweet
55f0d752-935e-4018-be20-efe0a9adba00,L3,Tweet
9ec53b59-d5c4-48e2-b714-4cf80321c83b,L3,Tweet
430d3121-b2b4-4d05-9c60-84cefd22d58b,L3,Tweet
abedefb1-497e-4ea1-bfe7-b62aaba281b7,L3,Tweet
05489eef-d660-48f3-ac90-8cf2740130b6,L3,Tweet
30e30fd3-ad50-4353-beee-9f3d7145ca3c,L3,Tweet
931e3392-1516-4a3f-9142-34adb547c34c,L3,Tweet
3b7a51e4-3dba-4009-9595-0613151ed1d1,L3,Tweet
6552a9d0-1332-4eac-b73a-824a796434e7,L3,Tweet
9b4d0123-cefe-41e2-981e-52af3cf9c505,L3,Tweet
e7691854-e097-4c0c-a79c-0c6bd9bc189f,L3,Tweet
935cce0a-da17-4942-adf2-4391a314aefb,L3,Tweet
413c9f8e-43d9-40a7-8c14-f701ccb6bd22,L3,Tweet
89a542fa-5c1b-4f7c-8c31-7a7cbdf2241b,L3,Tweet
6a581eb0-c8db-4357-aa40-3592284573df,L3,Tweet
f22f1001-af89-4810-9f70-bde014ed0988,L3,Tweet
3c2882dd-b0c6-4411-9e9d-eb4f6762f5c9,L3,Tweet
ea01d1d3-e1b5-47b7-bcb3-289e7a8a2039,L3,Tweet
2a18153c-9f88-4fa5-8a1a-3d858c926a70,L3,Tweet
b14d8144-94db-40b8-b708-15c92b53c73a,L3,Tweet
68316b98-62ef-4b4c-87c5-34ba50e49223,L3,Tweet
81fb1131-bf17-42d5-ba88-aefc8e3950c6,L3,Tweet
2862a9c5-ea9a-4e98-84bd-0becedcda64b,L3,Tweet
b3262071-68e7-4d6e-a6de-8c316fcd802b,L3,Tweet
7f674f43-9a01-458a-9958-4f0ff3369bc9,L3,Tweet
9cf31227-29a4-4406-aebc-87ae723af9dd,L3,Tweet
5a4f10d7-039a-442a-8de4-6ed347ba4e24,L3,Tweet
d3c90252-a405-4a54-af85-409598faea71,L3,Tweet
97e2c7df-4e2e-4200-9c69-7ebf32721a1b,L3,Tweet
9bf32e50-7a4d-4759-bced-b2305661ce81,L3,Tweet
83f7eb4a-6c73-49f2-b088-df1b17727398,L3,Tweet
1ac2c2a5-6b41-422e-b90c-b0551bd35b73,L3,Tweet
269969e4-83b2-4b5a-8163-9f8e2fc0afca,L3,Tweet
7e40d14e-b2f0-409e-9437-697330b20765,L3,Tweet
69aa5934-67c8-43c9-9451-82e27028da3c,L3,Tweet
29683c49-14d8-4062-a202-397705e30c17,L3,Tweet
cfa5e6d4-378f-4c69-b318-20ff81e8a3ba,L3,Tweet
01d21740-0420-4b51-b099-a460926aa1ce,L3,Tweet
530bab62-8f85-45a6-97d0-81cf770d6627,L3,Tweet
92a185c2-07a7-4349-b2fa-8c319b3be40e,L3,Tweet
9b3ea53a-9bdf-43bf-a3a0-c849bfb93c2f,L3,Tweet
5b733c3e-bf7a-4bf9-a31f-843e8098b514,L3,Tweet
76aea26a-fb73-446f-9dcb-263968060551,L3,Tweet
4ffc2f99-a35c-4b25-865f-530643fed99b,L3,Tweet
45e92c0e-6ec9-463f-ae68-437bb0390b6c,L3,Tweet
96adcc6d-0518-44d7-8b90-4fc21bfa56b7,L3,Tweet
073e4703-979f-4b4b-803b-ab889f49b856,L3,Tweet
60e68966-7df7-4265-8192-616832cbafc6,L3,Tweet
b4d65ea8-5ba4-4a64-804d-7aabb783d299,L3,Tweet
00fefbbb-af2a-48a9-b2eb-511ef1b16db5,L3,Tweet
ec9d3481-93d4-44ec-9a38-85bb725b16bd,L3,Tweet
a75625bf-12c8-465f-9bf3-8053385ad84a,L3,Tweet
07d6a18f-9067-4086-bc8c-a56ef40a2642,L3,Tweet
3f32baaa-fa8e-4753-b0fd-c8e2b8bed59a,L3,Tweet
7f083474-7d0b-4eaf-a921-53bb14d6f6e2,L3,Tweet
a44b5feb-eb5d-4fa6-90a8-f65f71511310,L3,Tweet
60e89c16-5c91-4b62-85bb-eedb01bd541d,L3,Tweet
d8d245f6-b17e-4e00-8d41-06e34c0b037f,L3,Tweet
88c1016d-a00d-4667-a53c-880abda63fd6,L3,Tweet
c7920ccb-a483-4577-b4cb-b15176556366,L3,Tweet
c0cfe8da-eb04-4255-b67f-b45d3052e23b,L3,Tweet
c7376797-0fbd-4576-bd45-97f146276ceb,L3,Tweet
6be74bee-ab3d-42e9-8b57-bee383ef0728,L3,Tweet
66a325e8-0b25-48f5-8670-9529296327ce,L3,Tweet
4b1c6581-7714-4641-8e6f-96d10a50c9fd,L3,Tweet
51bbae8d-3c56-400b-8cab-576856fc455b,L3,Tweet
4196b84c-3833-4dd7-84fc-7543c6c440b5,L3,Tweet
7d8175bb-1292-419f-850e-f246cdc4a052,L3,Tweet
ec922dcb-f1a6-4ef3-8908-5deefd3c51f6,L3,Tweet
99c1bab6-e660-45f1-ab19-0b9553bf7f52,L3,Tweet
845b7ad0-2443-4e96-a393-b494a7c4d040,L3,Tweet
5809f140-f54f-432c-b9fa-1ea6bc7181a4,L3,Tweet
efeaeb86-0883-4113-80f1-b33dc2a28604,L3,Tweet
5e84f692-056b-4d2a-b01b-50ff67de5ee3,L3,Tweet
3d56ff32-393d-44ec-a91f-6bfec284e7b7,L3,Tweet
c4bf2d9b-76e6-4349-a23f-18a4f8151fce,L3,Tweet
7e0969ec-4a1c-430a-ba51-2da283815b1b,L3,Tweet
9ffd610c-546f-497f-a30d-4309fee1b461,L3,Tweet
686e9e9d-b894-429f-99c3-117964888d89,L3,Tweet
706c3dfc-f886-4ae1-9437-0e8f7620ba12,L3,Tweet
129051c6-0f37-49c7-80a5-f7c620122cca,L3,Tweet
9d39b99e-a432-4ec2-8358-bb3d24bddf1f,L3,Tweet
37cdfef4-937b-4045-896c-143968352206,L3,Tweet
920b3d9e-ef45-459f-a5a2-a7b9b2387128,L3,Tweet
f5af41c9-30ed-4f3c-828c-9fd18dd864dd,L3,Tweet
427a0f37-4418-40e2-a7f5-60d28337f941,L3,Tweet
fe09ea08-d77b-446a-8912-33ea2454b0d4,L3,Tweet
f8563aae-2112-40ac-b714-3adf20600315,L3,Tweet
44656c9c-8670-4f04-a576-9ec28ed0255a,L3,Tweet
519bfdf8-2ce1-419c-a396-870a19608db8,L3,Tweet
cbcf92d2-0c7c-431f-ac80-cb52d3fed21b,L3,Tweet
c1b06c2e-4eeb-49ae-8c90-ca7e041dee66,L3,Tweet
74ff1268-9643-41d6-8a36-90f0f37eddda,L3,Tweet
66498ae0-3bb1-472d-b981-2c2d44c458a6,L3,Tweet
19d915c8-e1e0-4e30-a65e-6aaeef803f2c,L3,Tweet
f4c52dc8-282a-4c93-b67d-263b7384a30d,L3,Tweet
1220323a-fdaf-4545-b0d6-23c58bb41a81,L3,Tweet
6d8c478d-ba50-4cb5-850d-a650811d287c,L3,Tweet
e93e732c-f642-4e27-ac02-a01f08470418,L3,Tweet
1a29624c-9819-45e2-9d7e-a1c1f57b7fcc,L3,Tweet
47437653-4daa-4388-a311-ef76bf89e1cd,L3,Tweet
e45f32c9-66a4-4f97-ad48-c54d1c585205,L3,Tweet
1702495b-59a7-4574-9cbb-6a131b0e5df8,L3,Tweet
97ad369f-949e-455c-9a82-036f103c236b,L3,Tweet
7f863bb8-6805-4bf0-8ad3-81b985dcb2ba,L3,Tweet
a2a0745f-e0d8-4d37-9e70-dc14261131b2,L3,Tweet
22203046-5d8c-412c-a37f-c877897ad776,L3,Tweet
99c2c16c-403f-42b5-ad27-ff1beb6997fb,L3,Tweet
b03498f2-0d5b-4044-85d2-bca9aee5369f,L3,Tweet
701ef824-6fde-4d21-868b-fe1be0c1e62c,L3,Tweet
6092bf50-0b01-42bd-9746-57512589f699,L3,Tweet
f6f50b17-e5ce-4083-829f-2a6653343da2,L3,Tweet
05981e64-5932-4040-925b-80b6aa19a29d,L3,Tweet
3c42b37d-6741-4a4a-b082-34beecf032f2,L3,Tweet
a870adad-3362-4f65-83f7-b523292c5d7f,L3,Tweet
69366e1c-93e3-426c-9ca5-ebba4226bb11,L3,Tweet
65ad0d62-edb2-4574-a6cd-81e7c35e39a5,L3,Tweet
62e88f6d-ba15-426a-a462-655eb3408d40,L3,Tweet
eaf8676e-50f8-4250-9475-39dfd1ef78cf,L3,Tweet
e1521a07-15ec-4bf1-875a-085e90ed41ea,L3,Tweet
4f1d7419-7c5e-4bed-a5e5-06696d38b736,L3,Tweet
18153895-dc83-42e3-ad99-bbf61e7da910,L3,Tweet
b616861e-5a2a-4db5-bfa9-d111a39910be,L3,Tweet
2ae53247-bc6a-4a81-9dac-8c5777124576,L3,Tweet
0dca151e-a8b3-47c0-be51-d377f494cd31,L3,Tweet
47a45d80-9f69-412b-8f4d-8bb361f59151,L3,Tweet
71c45f98-7a46-4d8f-ab15-af44a0fd3452,L3,Tweet
3466ac2e-ab79-43f0-aefe-35754b4cbfd0,L3,Tweet
0a163149-7478-4a0e-af24-7555b60e0188,L3,Tweet
22f4d86e-ac34-4373-ad3e-d3c700a18253,L3,Tweet
36bd66b0-e649-4cb9-8146-b474180088cb,L3,Tweet
8723f36e-2408-4404-bd9d-6eb324bfda38,L3,Tweet
65db0f61-2c0b-4ebb-aa12-31bdacbb4c2d,L3,Tweet
16c80083-553d-40b5-81b1-5539eda7dd14,L3,Tweet
445a6fee-7a7d-4eff-89eb-6edd6c724b15,L3,Tweet
8a8024dc-8665-4f52-acb9-5e9b896d0c0d,L3,Tweet
a4232745-0956-4a18-8cd0-773b402d803b,L3,Tweet
023af47f-73f6-4dfa-8f36-9a9cdc4addd4,L3,Tweet
f820bbe7-38c3-4553-9ec7-49e55ac92776,L3,Tweet
0a468ee8-c4a0-4b48-a6cb-ace0ea7ed809,L3,Tweet
18c11546-d0da-4cc1-9f50-a19e03b9ab77,L3,Tweet
e08d4f6a-9f00-4c91-adc2-2e77cdb141e0,L3,Tweet
9c3ca15f-714f-4fcd-9835-8b7e1e05acb5,L3,Tweet
6c18aeb4-ac14-4db5-b4be-0a9c92365310,L3,Tweet
713e70ee-cbde-4e56-808a-c644ad46ef86,L3,Tweet
6e4fd3df-dcb6-4b38-8f44-66ea6d456c50,L3,Tweet
b581c1ba-1041-4efa-b67e-4501a4f754fb,L3,Tweet
56b70574-9737-48b9-844f-989a26148a63,L3,Tweet
7728523c-ec50-4e6b-9b8d-b9d63d585c51,L3,Tweet
c48695ac-db1a-4587-88b6-91b7a55a0107,L3,Tweet
8c6fbbab-625d-4d90-8008-2779630e3fc1,L3,Tweet
0b89fae7-f8f7-40a3-9ada-4e851a04b9fb,L3,Tweet
cf0de8e9-b93d-4204-a5da-8ad4d1b63d2e,L3,Tweet
21748a7b-77bf-4b28-9720-9b57e4f5497b,L3,Tweet
34b70d56-7473-451f-9a90-cfb4f981d6f3,L3,Tweet
2b3a863e-f257-4aed-ba55-5ce5843bd1b9,L3,Tweet
6842deb2-cec1-471e-8ca0-370df3b2fa44,L3,Tweet
6a12501a-cb0c-472e-beb9-704926845bf8,L3,Tweet
c7829fb7-06bd-4372-a6f2-598945273488,L3,Tweet
092132cc-ae49-4a67-a94a-76c52553e4ec,L3,Tweet
4ab19649-8f93-4275-8e84-3904f2d47858,L3,Tweet
2190b556-368e-4f35-b6b1-72421f329c21,L3,Tweet
834b7668-cfb2-40ee-8310-655fa3fe8256,L3,Tweet
a80c4667-15f3-4c5c-9b06-4764f120de86,L3,Tweet
2faef10c-0f26-484a-8532-2db0e1bf79ca,L3,Tweet
5ff21d66-f5f6-433d-9009-9ebf41ffb742,L3,Tweet
a9141de4-c9bc-4e7d-a0bb-b39ee1695c65,L3,Tweet
51db6554-6361-481a-a177-4e637a8b438b,L3,Tweet
4d1c4bc0-93a8-4744-b412-3f2fc15ccffe,L3,Tweet
79f9cf83-4352-4b21-85b2-453adae3db59,L3,Tweet
6f7c3096-550b-40ee-a6c2-bb00e978725b,L3,Tweet
3cb2fc1b-c4b3-4f48-aa5e-d6154f9f0716,L3,Tweet
751097e5-c5ab-4596-8698-9537a8cbeb71,L3,Tweet
3df39360-9066-4704-8364-e2ac80b109bd,L3,Tweet
2343ce31-cf5f-43f3-8d73-4225d579996a,L3,Tweet
7b465c6e-8039-4b32-935a-a200942a89a3,L3,Tweet
e4777f1e-9d77-487f-9e51-dba3ee0c40e0,L3,Tweet
2d545984-c367-4f02-b412-5bf2338850f1,L3,Tweet
bd82edfd-88a6-4a5d-9267-d6038c846395,L3,Tweet
c92d6e74-b670-4c26-9043-7b89754318f9,L3,Tweet
197c5404-57d6-4680-9862-bdafeb1b1067,L3,Tweet
63982175-a125-49be-af1b-0d67eaeaf4ee,L3,Tweet
b4dfd791-57d0-4cd5-8317-cabd3e0634af,L3,Tweet
3bad7831-327d-429a-a28b-fda88f592ed4,L3,Tweet
05ba5fae-0cfd-4995-a484-0cef15e74f35,L3,Tweet
62e85f41-4c5b-4c1f-b3f6-7885b37da245,L3,Tweet
68d4e104-f807-48bb-8b11-191465fee0e5,L3,Tweet
42874dd8-0ad4-4d48-a077-70a8287f9974,L3,Tweet
2c7561e2-dd01-4bf7-84d9-def77d35af63,L3,Tweet
06cae4db-d6b9-4429-be0b-f998293ea179,L3,Tweet
bb7ab4de-a665-4733-b7fb-8155c29c7045,L3,Tweet
77f4a2a6-2212-404d-9198-93553d90e6e8,L3,Tweet
d45a4d17-14ea-430f-a6ba-ee92b9d9bc56,L3,Tweet
b3863aff-9a8b-4a64-9839-bf166afeff8f,L3,Tweet
670cac0a-28ae-44ca-815c-dcd22837fcec,L3,Tweet
5e0aa4fe-dead-4196-a1fa-420424264df4,L3,Tweet
56331b17-f096-4e48-861d-18d52be78538,L3,Tweet
2d3478eb-c799-4513-9044-22f77f3ae849,L3,Tweet
502ed4c1-0f2a-4065-aeda-ea939e60e6bc,L3,Tweet
69b5c443-dd60-4810-8fe9-8c9a2f5028fd,L3,Tweet
a98bba23-22d9-46a7-9b28-76159d48646d,L3,Tweet
d67270c7-e000-44b6-aa12-b397d84f7ad6,L3,Tweet
da5187e3-9c60-4081-a79a-c4aba05bce00,L3,Tweet
32e290b5-5034-4ad6-8672-71fd5140639f,L3,Tweet
cfce6620-5481-4f3c-b65c-a3d1a7df42b0,L3,Tweet
7237225b-55ce-4a5d-843b-d251774852a7,L3,Tweet
e4fb385b-2ded-4a9b-9087-4e3bf5a15f1e,L3,Tweet
418f4efb-04a1-4959-b3a1-deb97c4b82b6,L3,Tweet
8ad35347-101b-45ee-a1a5-711c1e304f33,L3,Tweet
1f3e0a5a-2ff0-4481-8ac1-312228a179f4,L3,Tweet
5712d159-9ccc-4afa-91fa-290ff45aeb67,L3,Tweet
cad597d1-1382-47d8-b175-18918af9d97f,L3,Tweet
6fc946d1-9af4-4cd5-b073-5a4e9779777b,L3,Tweet
c3ee1483-96bb-4dfb-b585-a73801715b7b,L3,Tweet
567adc53-f870-4f5d-9408-e3ec3a4cadea,L3,Tweet
e615fa5f-1545-46a3-b03a-8e15d1cb2bd6,L3,Tweet
aad16eac-7fc8-4ab7-8fb0-fedf1750b786,L3,Tweet
47324382-9a38-4df2-8892-f91173e7dd77,L3,Tweet
6825b5fe-4508-4b7b-a748-aa10ff1c9b03,L3,Tweet
1a028e55-66ca-46bf-bd4c-bcd8c42d8f73,L3,Tweet
09d04c1c-0fdf-48bf-8691-ed070fa75258,L3,Tweet
0b57e969-0a9c-4ec1-90d6-f967029c2f7a,L3,Tweet
13d29852-ae61-4b8d-bf39-aeddae2abdeb,L3,Tweet
d721f5ab-2181-4f9f-a231-6fe94357881e,L3,Tweet
7467c3dc-9676-49f0-af72-7e29aec2c5a1,L3,Tweet
6c93c9b1-4898-4b2e-8b57-21abbf196810,L3,Tweet
02513773-2c22-41a5-9791-08ed9b8f5ace,L3,Tweet
cb199fa7-566b-4a20-b0d2-63ccb4eb322c,L3,Tweet
d9c5dd5b-df3b-4213-a7ac-69eda353b9c3,L3,Tweet
6267b650-9f86-4d36-b27c-f33578f3b293,L3,Tweet
c035bb89-6bef-48f8-9e5c-70e6a082bbfc,L3,Tweet
fc47e772-db4b-4edc-9367-bdcf54a91290,L3,Tweet
0bf9e44a-0912-4a7a-8482-fb4d4f07a7a7,L3,Tweet
fc1eaf1e-e08e-4b60-b2e7-c28fc49b6eeb,L3,Tweet
0e39e525-ffa4-4b25-93db-bd4b9ea5e3aa,L3,Tweet
ccf5af73-3aa6-4610-a91d-647ff18fbfa5,L3,Tweet
dbc47a81-1cf9-40dd-8003-4ef221d1586d,L3,Tweet
0716ed47-3fa8-40ac-923c-fe35fa9dc303,L3,Tweet
8cd3803b-a9ed-4b59-8f9e-c275add6a041,L3,Tweet
e59a6239-5cdf-4525-ac61-79fb6cf753f5,L3,Tweet
1d3a3616-faf0-47c2-b7db-4efb34385f13,L3,Tweet
5932ccee-0665-4620-97b8-11cd29159249,L3,Tweet
3a4759bd-5b36-443e-a60d-83fd14233006,L3,Tweet
5ada88fd-a964-4fcf-bd9f-051eca5c080d,L3,Tweet
faf0cb0b-3e5d-4cc4-95af-e58a03837a85,L3,Tweet
d1ebc067-eb74-4e47-99bf-e620a005b384,L3,Tweet
25401c23-0985-47ad-be26-ca08960c5c1f,L3,Tweet
fe47d44e-154b-4af9-ad76-abec4191310e,L3,Tweet
76105545-73f5-40df-93b0-3921ba8739f0,L3,Tweet
9299e594-d5db-4d2b-9cbe-956e43e76afe,L3,Tweet
0316dfbe-0f34-45d8-bc27-6bbca5475342,L3,Tweet
06fb737e-8fa2-4082-be70-367208ede010,L3,Tweet
2bc6c060-b8ac-45b7-8ae9-345750886484,L3,Tweet
bc291b7c-f55e-4cf3-a7c7-a320eee88fc2,L3,Tweet
70361e61-bc9b-4f33-950c-50ac4947e2c1,L3,Tweet
a5900af7-74d2-4259-8865-c45ce2ef5b23,L3,Tweet
87c879d3-8233-49c2-9217-6d22df3cf878,L3,Tweet
f5be51e9-60b7-4af5-ad89-784aca560f27,L3,Tweet
fb8ca363-7cc4-4b24-bfb9-d03c509c0018,L3,Tweet
b646ff78-35f8-4986-bf15-6b8d960e9a3c,L3,Tweet
ae580c38-8908-4c3e-9035-748178d8c8ed,L3,Tweet
51dd3ec9-07a5-41b6-862b-afec23e2e97e,L3,Tweet
559677af-62e8-495d-b714-5aa0960838ae,L3,Tweet
d25748a7-24fa-4584-b332-66d220ef5cf2,L3,Tweet
53f5e6f1-f0f5-4ad7-97bc-19762b358836,L3,Tweet
0cbc0e94-07c5-4969-9841-6a75234e9493,L3,Tweet
0c35a217-2f43-4ab3-a5e9-02ae0b1b1087,L3,Tweet
3e3b16e9-16f1-42cd-b3b1-bfcb05c4d3b8,L3,Tweet
97d4767e-a3b7-4157-a8f3-a3c32f57f488,L3,Tweet
96e3ddb7-e5bb-406f-a43f-af6a22f26d2e,L3,Tweet
5507b1f0-98ea-4bcd-bf26-31feb99a6f1b,L3,Tweet
6370bde5-e964-43c2-822a-8da5be76394c,L3,Tweet
69efb2b8-cca0-467e-8dd9-5d0477ff2665,L3,Tweet
c97e7d24-0e35-47f6-b162-512697a3bad4,L3,Tweet
f8c9844a-9042-454d-86e9-19f0c384db87,L3,Tweet
ea8c15c5-b342-4921-814b-cbbd84309e3c,L3,Tweet
47585e74-ffca-4201-b061-a84afb930cf4,L3,Tweet
2a9dc197-dbe2-49d2-b816-b483e55a1a9e,L3,Tweet
5a18f042-78f7-46f4-8e3f-8116092afc57,L3,Tweet
8201dcf2-ed16-4929-800c-6b640b6bee92,L3,Tweet
33d82631-0e1c-4d00-bdae-3e457454af48,L3,Tweet
d3cd608e-fcb0-4e32-96c9-79f6b0727b12,L3,Tweet
561bd8d5-17c6-4cc2-a31d-263dc6b43804,L3,Tweet
46d46145-21f9-4041-81f8-7620f21456e9,L3,Tweet
21d9628b-327b-486c-a0c3-ba3fd1432acc,L3,Tweet
b3fcdb33-6e65-4fc8-b4b6-247f6d5809eb,L3,Tweet
1653d9ae-bc20-4d62-9b68-0939a314b66b,L3,Tweet
44b21b0b-b7ca-4cdd-931f-bede084376ab,L3,Tweet
9d00090b-2eeb-46b7-900d-ab77ad03be00,L3,Tweet
9f21fc4a-1532-4183-a53e-df284b16a49b,L3,Tweet
107849a2-ab49-4295-9325-ceffb7fd22b8,L3,Tweet
24f1d6de-1d85-45d9-b163-877d4f1d3e3a,L3,Tweet
15f1c7df-8475-44c0-b9ea-41e300aac75a,L3,Tweet
c9e3073a-6d98-461d-a8fb-9c0575f7b41a,L3,Tweet
a6982364-3cfe-41e3-a3c7-921ce3c4ee57,L3,Tweet
f720099a-50c2-4111-8105-b2742af7aa9e,L3,Tweet
c1650559-8739-405c-904e-453604e8ba45,L3,Tweet
bf0b0bd5-18d4-4792-8369-83552ff576c9,L3,Tweet
b0df0ae0-419e-4c71-abd9-85ff1b0e3d7a,L3,Tweet
7ef84cb7-35d1-45a1-a572-bd3735268fd2,L3,Tweet
98ba74f6-7b6e-4b5e-889d-d196fa45cd2a,L3,Tweet
335c7d6d-cb33-4f71-a9f4-1437f44eac2b,L3,Tweet
91ae1c57-2ec5-42a0-ac9f-22fc88191c57,L3,Tweet
73ad0533-1b8e-43c3-86a7-c93d2319090c,L3,Tweet
8206c00b-55fb-49e1-9bb7-13ab9789e521,L3,Tweet
817ff160-b482-4309-9321-7704ae2670b0,L3,Tweet
77991476-567f-41ac-b357-b8f09e67cf9c,L3,Tweet
e8878de5-e060-48c5-a0a3-9d6545b07620,L3,Tweet
4e21c609-f4b8-4b7d-9fcb-4a2f3e75ba85,L3,Tweet
18eef855-e21a-4b4d-b45f-15fd7dac76f5,L3,Tweet
91eccef0-facc-419d-a2b6-c854ebce430c,L3,Tweet
0f6e6415-0a55-410f-ab48-95bda4379eca,L3,Tweet
35dbf5bf-6a6b-481a-854c-df840d6ad99f,L3,Tweet
dbab2dcf-c9de-4fbc-8ac3-35c969fa6c72,L3,Tweet
062480b5-5147-47b5-a7bb-bc43633c44f6,L3,Tweet
57e90d3d-cb3c-4c2b-b3d3-e59a76763167,L3,Tweet
8403147c-46b0-4324-8a56-e2c27e06d554,L3,Tweet
c34df84d-d11c-4c81-bf16-248695743038,L3,Tweet
3f1e2e8b-7af0-4708-a77c-b9ca26fdcbc5,L3,Tweet
948d7185-d609-41cc-9ffc-9b18e40332f5,L3,Tweet
0107e7e7-c14c-48b9-8ca2-e34d97c43412,L3,Tweet
3dfe0db1-16d7-4399-85e9-4caf24e6528c,L3,Tweet
fdd496b4-0738-426c-b006-e7e48a2f6a6a,L3,Tweet
7022bc13-c566-41a0-8e13-501cfb6100e8,L3,Tweet
73fbbf04-05e6-4beb-a24a-ac8cb9ca86dd,L3,Tweet
8249d13f-544c-4ced-80b3-7b058198670e,L3,Tweet
74c7adc8-eeec-45e0-a260-af5d131e0b4c,L3,Tweet
ff3941e7-b23a-465e-bd6e-3926eca2435d,L3,Tweet
f4b5d26c-47f9-4268-9b7a-bb69abe75b12,L3,Tweet
1952dc00-1ee5-4ffd-98cc-97ecc41b67d4,L3,Tweet
5e766dc5-cc61-4961-a5c5-f210ed984385,L3,Tweet
5a70a4ab-5903-4c5f-9fc8-9b216b0f1a29,L3,Tweet
07037796-0d98-4c7f-b567-4288d266b160,L3,Tweet
e5ee081d-63b1-4241-8baf-3555e8bdbf41,L3,Tweet
431bf69c-9eee-45c8-a135-2b8e4890b92c,L3,Tweet
e7a6b53c-5181-450e-af5c-a297b7e539a7,L3,Tweet
fd6cb54e-cdb5-4d75-8d59-635751514f76,L3,Tweet
861db3e4-5b69-48f4-beb9-4b400ecbb5db,L3,Tweet
e4fa0247-f5db-44b0-9626-4fa292b0efe5,L3,Tweet
efefee70-a915-4c79-97cf-3839af9ca3b6,L3,Tweet
da12fc37-c18e-4f1a-b55f-58b3208a414d,L3,Tweet
6b5eb37f-d0ea-4029-a569-ae684f81a690,L3,Tweet
b7b1aebb-15d7-4241-8e23-caa734bb593d,L3,Tweet
ca35e739-0438-4660-a611-eb1594b3b77d,L3,Tweet
078f1eb7-1d59-4c29-9777-a42ff84c78f8,L3,Tweet
b7cc16aa-302d-432f-a7c3-dd2648092387,L3,Tweet
4fae6c34-6051-48ff-83a4-0ccee0234b7c,L3,Tweet
4a5a3188-7b22-424a-9acb-1e3dfcbe79df,L3,Tweet
0f21336f-3f6f-47ef-9e17-47787c8f6bbb,L3,Tweet
b0dc33fc-ea68-43b1-b42e-4706d98f5cac,L3,Tweet
4820c570-df73-46ac-885e-e2833ba4f4b2,L3,Tweet
91f9d3fd-7837-4f74-b64f-4b931c75acf2,L3,Tweet
82ec0cda-7ed1-4062-b5c2-9e3862677bba,L3,Tweet
4ec51469-6d42-4e3a-93f8-4d2ad48577fb,L3,Tweet
34e085dc-545a-40e1-ae63-92c52be73035,L3,Tweet
50675d25-c2ac-491e-bb8f-2ff3934c1613,L3,Tweet
2e9f1c55-7827-4bb7-b4e1-92c1c0afd6c3,L3,Tweet
ffad40a5-5ef7-4b5f-b795-b6361526d5be,L3,Tweet
01522bb7-6787-44ad-a0d8-fad66ddf3325,L3,Tweet
96e1261d-ec70-48a0-9d4b-817a527a5b4f,L3,Tweet
fead0420-7a91-4b62-a50d-754958a40e1d,L3,Tweet
918d8f21-f7bb-4afe-8116-48ea4c991e0c,L3,Tweet
a428c3bf-dcdd-49bd-be41-7886c1f24715,L3,Tweet
d15ce522-578f-4d1c-b193-84868b9edbf5,L3,Tweet
23705043-423f-4041-adb5-a980c2dafa99,L3,Tweet
40c0cba6-24b9-436d-a9e4-7524dd39d713,L3,Tweet
f64f8caf-9009-4ca3-ae06-298c1f8c9fec,L3,Tweet
a5a9f3d6-323e-4027-a46c-d5571ffc76c0,L3,Tweet
da1f1ca9-664b-4717-9cd0-6819a7167b41,L3,Tweet
f6f3a131-8d31-40a3-943e-d4c8776eda15,L3,Tweet
6fb9179c-81b8-4398-bd61-a7550d5f5661,L3,Tweet
d52a1d15-5dfc-4954-a329-1076ac4fa3b3,L3,Tweet
5392e37e-54e2-41c6-8a38-87ee4403a7a6,L3,Tweet
926acc32-542a-40fe-a4bb-032b46f2ae65,L3,Tweet
b7541006-673b-4b84-bb93-3a5d293a0c87,L3,Tweet
8979b91a-604e-4cc8-9c16-0903835a18fc,L3,Tweet
5347a689-ce42-406f-bcd7-8bf807e91af9,L3,Tweet
0e97daa6-39c5-4974-a666-cb284213a53f,L3,Tweet
3da4eb8c-1ead-4a54-b949-5b017109b663,L3,Tweet
6091d030-7fc0-4c5c-b97d-156dcf8a5b6f,L3,Tweet
4b96f4dc-a278-477e-8b89-b5138cf83343,L3,Tweet
9163cdee-aebd-4cd0-9f4b-93cc4ed8e6a8,L3,Tweet
5fc95ccf-4d76-4bcc-b73e-c64be4c1b81e,L3,Tweet
ac9ae892-a835-44c9-bf0e-b01f70d7ce87,L3,Tweet
04af8935-021e-4af8-955b-5c47fcf5bd77,L3,Tweet
c0309629-5926-4799-acd1-dd7076936edd,L3,Tweet
1ace0276-03f9-448d-920f-9a1461f6b8c1,L3,Tweet
ae051f8a-5528-4cbc-a7b5-c2460f99b661,L3,Tweet
57cc3890-89ef-4958-bb45-5f5746f2e36d,L3,Tweet
7c6b6dcc-1c9e-4149-8388-5f4c69920349,L3,Tweet
a12c8ffc-132c-4691-a7d2-973a72e44c64,L3,Tweet
db271154-4d9a-4ebd-9b80-dccf95d86387,L3,Tweet
52dea0e9-e21b-421e-9a52-f08335d0b9ba,L3,Tweet
4fe866c0-a572-47df-a085-267f90490a68,L3,Tweet
25c43652-c7a3-44ac-b1bc-470b08967d46,L3,Tweet
2aeb220f-ef17-4a35-8fd4-6fff317a0a2d,L3,Tweet
5ab120e0-e3df-419d-8ddc-3fe394cdf1f7,L3,Tweet
f99b4469-366a-45fe-93ba-6d9f527b5853,L3,Tweet
36e0f0ca-6e44-45b8-8f8f-259e020ebe84,L3,Tweet
46dcb8eb-7b22-47ac-9c40-118cc828571b,L3,Tweet
3f0d2822-110a-450e-b9fe-d69628ebcd31,L3,Tweet
e95649d3-2e23-4ccb-9398-d7749f98c351,L3,Tweet
0e058121-3b3c-4fb2-a704-3d786e5ba10f,L3,Tweet
6d21ba96-b185-4b92-adb2-6b92f029897d,L3,Tweet
a852cf9e-6083-4724-8035-04c733133b8e,L3,Tweet
435e4749-920c-43dd-88f3-614f8893accc,L3,Tweet
56d47ec0-1547-4a3c-af25-3d7c3eaec3da,L3,Tweet
d3fb258c-eb9f-4d0e-9cd7-9b216ac39f57,L3,Tweet
5427ee00-d909-4251-93c2-a6ea07e453c4,L3,Tweet
2967aaa0-cca7-4714-a59d-0177b1daf748,L3,Tweet
a672c42e-a243-4828-bf5f-c3d8bece5656,L3,Tweet
02ff068a-9f28-4858-931e-5beab2f1948c,L3,Tweet
9a2e0204-d3aa-49df-b1c2-ef44f004366d,L3,Tweet
e5735fe5-33f4-4e0c-bf19-35e791f48445,L3,Tweet
a447835e-f0b2-4fc5-a0d6-4d29f2dcf0fe,L3,Tweet
5392e2d4-47fc-4171-b80d-f879138af41f,L3,Tweet
5adb4d72-58eb-4772-a795-b7a0f2e0e108,L3,Tweet
a3ab6b22-93f4-45bc-b67a-e9ccccb166f6,L3,Tweet
1c04196b-105a-4880-a297-b342277041a0,L3,Tweet
cd5944a7-dd7a-4215-b49c-f1d2ad38e22f,L3,Tweet
390d714d-1250-4e30-9134-a0a926d8589a,L3,Tweet
fc3697fc-7972-4073-8594-ed35e9ce94bc,L3,Tweet
32477d5f-16fc-48e0-8353-e9a1b9e96bcb,L3,Tweet
25744ead-cad9-4d86-b2c3-a6f472af57ef,L3,Tweet
65d6b673-b956-4bb9-854d-71c478741b23,L3,Tweet
4fc22f7c-ff62-4c5d-853c-96227fc5a13e,L3,Tweet
70555b28-6b91-41f3-b8a5-81b9306e6024,L3,Tweet
3c4cd4ba-e618-4ec8-94c6-203eec8db9c0,L3,Tweet
f1fd9abb-ac41-42e4-8e90-f44dd4be7b7c,L3,Tweet
c17c745e-f22a-456d-94d8-8a2aa9c3e669,L3,Tweet
9aa6f572-cac4-46d9-973d-408a563f3a1b,L3,Tweet
89ea2c16-64b8-4f00-93ba-d9e59291e132,L3,Tweet
b034eed5-a106-472f-b9b3-8eef45af31c2,L3,Tweet
d833e190-fa11-4179-b768-2b3b117513c4,L3,Tweet
9b23ebf2-5941-42e3-9ae2-668973e455bd,L3,Tweet
f2d2e807-0ce4-4e96-b0b0-385cd088165a,L3,Tweet
298c7839-b8e7-4e2f-9ad8-39b7d1760f26,L3,Tweet
d32604f3-d2f2-48dc-a663-35f93ebb9d55,L3,Tweet
18d4c2fa-6e48-4b74-add1-d38836e6533d,L3,Tweet
fb32867d-82a8-4ba8-a7dc-a253fd019abf,L3,Tweet
fef32e5a-0d20-4880-b3b5-b54b7e34e396,L3,Tweet
2adcc714-2e36-4dce-a030-c774bc48235c,L3,Tweet
1f874471-1df9-4d92-a61c-8334819dbc15,L3,Tweet
12b716b2-edfd-47df-8539-41259f756dc2,L3,Tweet
f3ab3ffa-5676-4464-8cba-6b2e32dbdd9c,L3,Tweet
192beceb-5d10-4322-bf52-fe23984272bc,L3,Tweet
c49b0d62-ba98-4fd7-b4c3-42ebdd9d1263,L3,Tweet
709b48ee-2514-423d-8d53-25b213187a81,L3,Tweet
00c624d9-7237-4185-8fc5-b11d4f09b722,L3,Tweet
41536755-b7f6-48b9-92cb-d83412346fd5,L3,Tweet
040a16c1-e84f-4be6-ba42-4c2e5735e30a,L3,Tweet
4120a680-4e2a-4720-8a3e-0d9d8e5acc42,L3,Tweet
6de0a05e-cdc6-4f86-b947-29ea95b217b9,L3,Tweet
208a5016-2d09-4700-9bda-6fb9b48b80d5,L3,Tweet
52a22f16-52bd-42cd-8ec2-38d8f39cb0d6,L3,Tweet
217f0bff-177f-4a24-aa25-00d04f8fca07,L3,Tweet
7063da76-6596-43c3-98ab-479fb24a1d2e,L3,Tweet
b0b3b68a-e219-4097-a12b-4f3e29d928be,L3,Tweet
4411857e-bc3f-42bf-96dd-1359d3f03255,L3,Tweet
00f01d5a-c97d-4c68-8bc6-e058d9fd6803,L3,Tweet
efc1386e-6107-4012-8d57-9b50a9ecd3aa,L3,Tweet
d66ce671-e836-4431-b399-3ff3d7a5388b,L3,Tweet
4bf1c3bb-1c53-4636-9a1d-f37adbeaad6c,L3,Tweet
1fe46d1d-f21e-4ae4-b615-5d0a04f37cb4,L3,Tweet
4de2e353-182a-423d-81c0-e19e09666448,L3,Tweet
fbe28b1a-2ca8-4709-99b6-d4deb77be8f0,L3,Tweet
2bbbf421-1610-4c06-b659-36a101df3f2d,L3,Tweet
95d03788-bc19-4bdf-a675-d8720111bf8a,L3,Tweet
c6a28ebd-edfb-46e2-b8f8-23f4f3e84c7f,L3,Tweet
32489675-4e07-4355-9cc6-48dee70d81a2,L3,Tweet
79e22f17-6dce-4b92-8a0f-c33f37f7c3e3,L3,Tweet
8365905a-fd83-475e-ab6a-6218023d909a,L3,Tweet
f114d95e-2850-4feb-b547-5d0bdad51be7,L3,Tweet
7c15f2d5-517e-44ec-aba1-677d5dc74b26,L3,Tweet
28114d16-3a42-42f8-8387-42de57b7fbe1,L3,Tweet
03e2f07b-1aef-49c7-8d68-dab5301e0d02,L3,Tweet
0f6b7808-0b25-417d-8b5f-35a3f139f717,L3,Tweet
bed77142-5dbd-4618-8386-9485de08f689,L3,Tweet
558f3d0b-1700-497c-91da-5b4fabb5c22a,L3,Tweet
809ff44e-44c6-41ec-98a1-81f8cd8439a1,L3,Tweet
0fe174e4-e2b9-4c9f-a8c1-17fc92b70acd,L3,Tweet
f847dd3f-49b7-4866-8361-2f1868371788,L3,Tweet
6b6b5c51-d113-4bab-91ac-6936899d099b,L3,Tweet
9fb042dd-09db-43d7-905d-95240ebd7dd9,L3,Tweet
da3ecf2d-2b4e-4351-bdbb-d85ddad84757,L3,Tweet
6bcaf5cd-549b-477d-8c27-b1f3d36552f0,L3,Tweet
4dc27c0b-ad88-41f2-9375-26d482b42d68,L3,Tweet
8b8baf19-c9a5-46ec-aa31-95da19e96b94,L3,Tweet
8e115799-f2d3-4e38-9699-aaf512970f35,L3,Tweet
5ceebcbf-0344-4b58-b764-4b80984835b3,L3,Tweet
c69a5a90-8f8e-41b7-833e-317952edcfa6,L3,Tweet
1824569a-9f33-4e53-84b6-00f652130a37,L3,Tweet
12b675fd-67ee-46a3-ae20-9014e88de43f,L3,Tweet
bdb493a1-e323-4d53-999b-8bd01db996a8,L3,Tweet
356294fa-f875-4942-8a10-7e7d5586f80b,L3,Tweet
277e867d-91a6-4845-8932-00637b260d39,L3,Tweet
fc86402b-f787-4b6f-a157-c469d9d63e1f,L3,Tweet
0e0cde4c-d99c-42e9-893f-94869a243a69,L3,Tweet
7dddcce6-10e8-4865-9cc5-68c2f0250c95,L3,Tweet
1d94eb17-43fc-4a93-a9a7-8ab25f4f08ef,L3,Tweet
8df08392-dad0-4be1-a37f-2cefad4f9018,L3,Tweet
c8c42bd7-8227-4124-9f04-f17b55805072,L3,Tweet
97d3317f-5299-4cc7-ae63-01d53c46f385,L3,Tweet
f0e7b6f5-d92b-4c83-ab18-ac7cf717d74a,L3,Tweet
f147d648-8862-4918-b0a6-9d0edf09d042,L3,Tweet
967fc3dd-089a-44f6-beb8-9fef48a4d751,L3,Tweet
8a1276bd-ab2e-45e4-bfde-20bc44ba5819,L3,Tweet
08d30fbe-5a9f-4d36-8873-02408a63a557,L3,Tweet
bd9c5804-848b-4c6c-b492-aff6bde10755,L3,Tweet
9f51ab0c-e9d1-4a04-aed8-af42ae85ae75,L3,Tweet
2abd049c-05fe-4693-87bf-8bf99bb5a615,L3,Tweet
8cb41ebd-608a-4478-a63c-913b050cc141,L3,Tweet
5adb1961-0810-4e25-b528-6978d3299177,L3,Tweet
b65e3a86-dcd7-461f-9da7-5300da964975,L3,Tweet
2f709700-2869-4bbf-8518-a02d45250827,L3,Tweet
1a7a3543-c139-4484-9994-ef186b731784,L3,Tweet
e2d9111f-ae17-4482-a9ca-7d5491e66000,L3,Tweet
d265b974-daf2-4c4d-bac1-a159f414e333,L3,Tweet
94fe6b31-15f1-4d68-a4ac-74634910316f,L3,Tweet
ab5aeff1-aa8c-4de1-a46a-ba6a0ad07ebe,L3,Tweet
e2f62e85-260f-41d2-8c34-729a490d296e,L3,Tweet
03d2164b-e71b-41e0-9b42-2576845e9a88,L3,Tweet
f7a9ab20-e190-4229-98a2-a3f7f95545d9,L3,Tweet
2ca8a7c4-feb9-41bc-92b0-b2945b7aea7b,L3,Tweet
ca2cbbcb-4c91-4ebb-8c25-b70007364873,L3,Tweet
6a35e233-17fe-45c8-8569-d0e9c2b72bed,L3,Tweet
a6b0e5df-72e3-4db9-a48a-2c36e4cea2c6,L3,Tweet
675b33c7-2629-42fc-8802-10bd1d30a475,L3,Tweet
84f5ddeb-1a5f-497f-ab35-7907571ddb49,L3,Tweet
7c14f43f-595b-479f-91b3-c04feb50c0dd,L3,Tweet
8327802d-cb7e-47d7-bbcd-d09fd83002d2,L3,Tweet
840a5d7e-4bb9-4f35-9093-9b39d67cbed1,L3,Tweet
6d73f4cb-1756-46d9-8775-106f528c0b25,L3,Tweet
26baeb05-0305-498a-88d7-95be3da41b57,L3,Tweet
c92680c5-b1ea-4857-94c8-0d7551f74b3f,L3,Tweet
bc289494-bbdf-4288-be5c-2acec0a4c4f6,L3,Tweet
56d038ca-1670-4a9a-9c5d-0ca30357a2ee,L3,Tweet
40d35562-3293-49a9-8221-6722cea998b0,L3,Tweet
54b4bc1d-f266-4cf2-9785-b01af351b7db,L3,Tweet
4c3031b8-cb0d-48a1-987c-2a35eb0e50a9,L3,Tweet
472c711f-6143-4a0f-ab34-f2d8f8f9c0ef,L3,Tweet
76d3dc5c-47ad-405a-8ea3-6a87e4c2e80c,L3,Tweet
34b6fdd9-6ed9-4fc6-82e6-50a06ed283cc,L3,Tweet
937f5ef1-1eee-4d9f-aeef-4f181338dd79,L3,Tweet
489baa08-e8ef-4726-b9e7-f8c1afb337d5,L3,Tweet
0d6c567d-5cbd-471b-b44e-daf9a8449a62,L3,Tweet
7b379b43-27e7-4ccb-9547-a43d5f7634df,L3,Tweet
9c57808e-1e80-4121-ac7d-20a2e656b561,L3,Tweet
2564bf13-bc1f-4391-9810-05fdc382a87e,L3,Tweet
d78ef6f8-8d88-4ed1-8eb3-b5e6a8f00a2c,L3,Tweet
709954f2-e280-45ea-92ba-920cb33dff99,L3,Tweet
7f53459b-743f-495e-bac0-fe04159c624a,L3,Tweet
865c4630-b371-4446-96eb-18a81a09de53,L3,Tweet
7bdc52d3-23e2-44e8-b09a-0338d3472f8b,L3,Tweet
a741854d-c71d-4df9-bfa8-2badd175ca4b,L3,Tweet
c79995ee-da0d-49e3-ba58-f1e2a8bb570d,L3,Tweet
60f6fc7e-c6a4-4d58-802c-6166eb1c7ada,L3,Tweet
8fb16dc2-ed0c-49bb-849c-054eb39fdc6f,L3,Tweet
882bd363-1f9c-4e98-8ccb-7761cd2cfc98,L3,Tweet
1d1178ad-6d8c-47e0-802b-4a8d47e11419,L3,Tweet
141be390-628a-47e7-93d9-7d3f5c8d8cf6,L3,Tweet
d2126cbd-7722-47ed-aeec-08ec3e123986,L3,Tweet
317c449e-10d4-4a62-8d60-6ddff7d0b537,L3,Tweet
0f09ae20-7afb-4f21-af50-12c22bc117dd,L3,Tweet
2a4f4753-4e9b-4093-8daa-1bdc24738ee5,L3,Tweet
b29735f4-ba4d-4ae2-be09-47a513987037,L3,Tweet
5eb6c05b-a959-4535-9e42-2b09e13aa172,L3,Tweet
681b4fdf-5891-4dad-9381-5b5ff3f71c07,L3,Tweet
d0e3d7b3-e6ee-42ff-869f-c159fd4f8f22,L3,Tweet
fa547602-5531-4347-9ded-cb1ffb84db7e,L3,Tweet
8a8738da-b268-40df-aa5d-27e9f76ac0c8,L3,Tweet
844aa78c-c809-4e5d-86ad-0e4c30a92682,L3,Tweet
393f8b50-7a1f-4cc6-b761-b121989b0d72,L3,Tweet
6f4e7014-9f96-474b-8ed9-2481da9300d5,L3,Tweet
484bbd25-5e6d-45a2-b98f-4dd0ff793855,L3,Tweet
488e67ba-7624-44d7-80eb-94e402b54f09,L3,Tweet
49a039ca-fb61-4125-9f68-deb06d3b4b67,L3,Tweet
b8dd46a4-8fba-43a7-9b32-bdb9cebabbe6,L3,Tweet
84b58584-e9fb-4d20-a0f6-b77bfbfec534,L3,Tweet
bf7f5a21-c2b8-44cf-bfa9-df0d33c7a6a2,L3,Tweet
c6780e15-d422-44ef-a142-313049a6b9e4,L3,Tweet
85d61c17-6e21-4c9c-9780-1dc67752d0df,L3,Tweet
645705d8-a81b-4abb-b11f-6f81dcc2e2de,L3,Tweet
80681acc-29df-4fa9-a611-e9b61cd565d1,L3,Tweet
33482d53-f4df-47d8-bb98-ac7fae6f4f28,L3,Tweet
441f7610-b32b-439a-aba5-8f43f4e30cb4,L3,Tweet
d71d050d-22e9-4506-9f7a-110c22fc0008,L3,Tweet
e7434ba9-4812-4adb-9dbb-3aa8d9e788ff,L3,Tweet
2e0ec3f7-151f-4d30-b1d6-03462ce56778,L3,Tweet
467f2653-dbaa-4d96-9e8a-f017b875b704,L3,Tweet
6a6c6e9c-47fc-4d3d-9016-6f75081bc0b6,L3,Tweet
4d21cdc8-ab96-4240-8fd5-2fcea3f8ae56,L3,Tweet
6491bed7-a4f7-45db-a8f6-55b3d6091318,L3,Tweet
6607f795-a0de-4ced-89ae-ef3c4ea22c1d,L3,Tweet
f12a94b6-c22c-41f6-b74e-908043f0a931,L3,Tweet
2e675e46-7c6b-48a4-8501-9d50aceb83fe,L3,Tweet
15281363-d14e-4bab-8431-94784bf9b4aa,L3,Tweet
ad377fa4-f66c-477f-9077-ed690c073fa4,L3,Tweet
30ed60ad-14e9-42f9-8e50-c71ac71a1372,L3,Tweet
2d78421c-65fa-40c4-8fe8-503b3f889159,L3,Tweet
2d22bd2d-1964-4ddd-9c34-ee6cc12c5d89,L3,Tweet
9f108c3a-ca1f-4241-bf9f-1e5363a65c8b,L3,Tweet
b46b8123-cc01-4b21-bf3e-8d6920f3a668,L3,Tweet
1fb38d5f-a61c-4e9c-a811-0d0c1a42e7bc,L3,Tweet
5b85b251-c54d-4f1c-9097-5465caa86b05,L3,Tweet
236bb25a-40dc-4157-9085-30e2868983a3,L3,Tweet
7e999244-7df7-4ebc-956b-e2109392508c,L3,Tweet
1d7957fe-09e9-4e6d-95bc-28007bcf29bc,L3,Tweet
354c6d06-f60e-4fd1-90df-365014352b3f,L3,Tweet
b28f0dfc-1e3c-4880-bbbd-4b0d1b71d383,L3,Tweet
b61c78ac-0fa4-4f3b-95ba-88e8b4c4a502,L3,Tweet
0bf66632-9baf-424f-b72d-ff05c3fa7eb8,L3,Tweet
6b5bdf64-273b-4559-9764-90a48207a60a,L3,Tweet
4b0e5719-df04-4217-9a74-6a39fb21a7cf,L3,Tweet
05037ebd-69f6-492f-a014-7ad0890918d8,L3,Tweet
a9f796c6-5906-485d-9565-d609dbb47e0f,L3,Tweet
e71e2e54-7abb-4fe3-a340-d7c67b1ce2a7,L3,Tweet
6004d4a9-4af7-4995-baa4-f14004e8d1ec,L3,Tweet
2880e6e3-fee0-4dfa-96b4-a47cec8cc56d,L3,Tweet
be4222a4-94fe-422c-944c-427b77eeaa8c,L3,Tweet
b22816a0-fc41-4e41-a9e8-96c88f460cfc,L3,Tweet
0e8eaaca-1e69-4bf4-a0a7-227e4768d857,L3,Tweet
7961577e-9a74-4ef7-8416-ca69eebc2221,L3,Tweet
07317bc6-4201-4948-b240-7e425a39c8dc,L3,Tweet
350a4ef9-4f6a-45dd-be05-e6ffda989139,L3,Tweet
97c0c7d4-924c-4fc4-a088-055b2b091063,L3,Tweet
00d5240d-d7c8-4143-9c1b-185fe8a36fb4,L3,Tweet
a01e1cdf-36d5-45ea-820d-eb388bc5cdd8,L3,Tweet
2a87026a-1f28-4f4f-ab55-446cf2f9f449,L3,Tweet
41d7b655-8eda-4bf1-8ea1-5928b474f2ab,L3,Tweet
a15e2402-324f-4530-9270-4a78b0d73fe7,L3,Tweet
18525482-a96c-4810-b982-600ab6881e72,L3,Tweet
43ac066e-0353-4406-aa14-fd01110f4d91,L3,Tweet
fa0f1483-77ff-4a35-ad66-02aeb0f301a3,L3,Tweet
d4314f59-a2da-4eb5-9698-dc3777042d3c,L3,Tweet
69fd13e9-c980-4680-9563-3fee52b13d8c,L3,Tweet
dc3dd21a-04d7-4995-989d-3d7a8d92c201,L3,Tweet
69d97ac0-e398-41cc-812c-957bd9ebede3,L3,Tweet
83f9afb7-f503-42f1-9386-138396d1ecc5,L3,Tweet
13587c61-cf38-4eff-b550-d23c10b7cc57,L3,Tweet
e27ccff7-baf5-49b0-bfd5-47d38288cfde,L3,Tweet
ff015ece-c09e-4366-9da6-a50c2b3737ca,L3,Tweet
b65fe82e-6f0b-4331-ba32-eaac68ce40ec,L3,Tweet
bfcf1d28-82df-4fd6-8c38-df4dc67776a9,L3,Tweet
39d42056-25c7-4100-b650-f017834b6a55,L3,Tweet
8565ea11-4130-4f01-ba80-c98879c1fc42,L3,Tweet
fd4a5d8d-d653-4579-aadc-a3ebe7689379,L3,Tweet
641123f8-e755-4be4-a0ab-74059d8d228a,L3,Tweet
cef45956-361a-41b1-bc75-0c0f7daff9f3,L3,Tweet
2ddbdcd5-1f0d-4f90-8e14-115f665d86db,L3,Tweet
a60596a3-7a3d-4b35-80c3-03749d8428f5,L3,Tweet
3926af44-05e9-476b-a43f-74853fd93329,L3,Tweet
73ebdfa7-09aa-4888-979d-8e7af5c57131,L3,Tweet
173ab1a8-63ba-45ef-844d-c47a048af7ae,L3,Tweet
4a69e638-648b-4a63-a376-02f640312a0a,L3,Tweet
d6114631-2f64-415c-83c2-1f3b9d63c635,L3,Tweet
0fb0f1bb-9962-4fe3-9ba0-945dcae11161,L3,Tweet
2fe80646-3f8d-4d3a-9182-191fef1ba221,L3,Tweet
11772f9a-9acf-4d69-9af1-b2f17f81f397,L3,Tweet
2c4057ea-d5c2-429c-b11d-48d1faefb748,L3,Tweet
851db2da-46b2-431f-93f5-3a73c6f3f772,L3,Tweet
8ee7c143-a099-4482-a5ae-0c5e896b522e,L3,Tweet
d8beff7d-d1e6-47aa-8186-c4b7b954b3a8,L3,Tweet
ef83edc4-3658-4616-b99c-729ce05bc92a,L3,Tweet
5f0ac6c9-eef5-47b6-8a8a-f330b1d6164f,L3,Tweet
a85153a7-4e28-4d2c-8455-d5d3e1ed3f1b,L3,Tweet
c508c4b4-53ba-42d3-bb84-6e2bca300461,L3,Tweet
0ff01d1c-be2b-43e5-9852-a63295fc9eca,L3,Tweet
97b5fcb9-f0cc-4d37-8873-33cbb77e2c8c,L3,Tweet
73d043c6-2639-4ebf-9302-bb8def0e3ea9,L3,Tweet
5cdc8dbe-d436-49e0-acb9-faa6b833b331,L3,Tweet
3cb8f1b0-7aa5-4191-b830-0b76327f40a2,L3,Tweet
f5cf041e-4161-4ef3-b9e1-3d4b42e7d1e4,L3,Tweet
132d9f74-eb9c-4984-911b-406e0921ab24,L3,Tweet
37748b7a-e475-43b5-95b1-86a3de4bf3c0,L3,Tweet
e3db6083-71d0-4400-8709-5761ebe0cde8,L3,Tweet
6aba2beb-5783-4036-8466-867de099ca6c,L3,Tweet
8e28781f-c998-4f5e-be94-649d38d6fd73,L3,Tweet
30a1c134-28dd-4e75-b5bb-d93210cba119,L3,Tweet
52173444-b3c0-463f-a99e-a152ce6e1139,L3,Tweet
08a1b21d-ac7e-40e7-92fb-2877b2b8da0f,L3,Tweet
c20e3b01-01b3-43a5-8f7e-60ddf091d879,L3,Tweet
43bcc865-5439-473d-8b02-4340d6958cba,L3,Tweet
4c06520f-bd04-4133-b0c4-e29c64f52c66,L3,Tweet
23e3ff18-1a28-424a-8b79-d15e656003d0,L3,Tweet
772c3f21-d358-4c9e-ba29-69187d19af8e,L3,Tweet
e9060ee0-1569-4038-8d3f-b804fbe103d3,L3,Tweet
5b7c7e96-2efa-4a51-907a-97712d3550eb,L3,Tweet
422c14da-d58d-4f0d-9944-102775a3c185,L3,Tweet
387311ee-29fb-416c-8620-1ef682bc260e,L3,Tweet
fc115aec-9be1-4722-b710-6f5fd682f276,L3,Tweet
6006f283-988b-4a8c-89c6-09956517ee43,L3,Tweet
14aa3e76-518b-486a-84b0-bc1e3bcef950,L3,Tweet
ce6b088c-66f9-461e-9a9b-177f2e56c2d8,L3,Tweet
5357fd5d-e020-41c7-9e78-fb126070895b,L3,Tweet
23cb8b06-6706-40f7-ac01-81ecfd5c96ea,L3,Tweet
9d5e2c7a-6a88-40ab-86a1-332fb482ec31,L3,Tweet
5f5c174e-fb80-4c55-b38f-665178ae50e6,L3,Tweet
bafb9d2f-d6d0-49eb-9bcc-f713298b8ab7,L3,Tweet
1794bdcc-4745-4fb4-b961-18edb2d90742,L3,Tweet
ce1b3293-7fd5-4ce2-89ec-3ee1d05616ae,L3,Tweet
5ec3195d-de90-4eb5-8895-6137df8e1f87,L3,Tweet
057d04d7-71a8-4a61-a124-2de525d831ff,L3,Tweet
cf066299-4678-4571-8f36-23285e01216e,L3,Tweet
3f282877-cc5e-4e8a-ae44-36272d62ea44,L3,Tweet
6ce1fab7-b446-4f2b-82b1-24ffc881434e,L3,Tweet
95680578-b3d3-489e-918c-75629b66bd97,L3,Tweet
83443992-9017-4642-a1f4-4defa727452c,L3,Tweet
74572d3f-4d80-4932-bb37-01a6c0cb250e,L3,Tweet
c3609fe4-2127-4ab1-9a30-743404a7617a,L3,Tweet
f6e4a978-ae9d-4976-9d9c-812fcc13ea0e,L3,Tweet
f6e10edc-563c-4a1e-9c7e-5b48cd4973ea,L3,Tweet
c84823fc-4305-4501-8822-f71412dde38b,L3,Tweet
94e4ebcd-e372-43b0-8e6e-2013d229ac68,L3,Tweet
c2b2c1ca-df05-4262-a02a-7a6376b3b9b7,L3,Tweet
3563171c-26b8-4dc8-b344-094d53ad20c6,L3,Tweet
b9933b4b-2cb3-4ea8-8864-f61108706d9c,L3,Tweet
ce5ddf2d-42c1-42a7-b190-636605749132,L3,Tweet
252cf164-d155-46e6-85fe-dca5bbfa5e97,L3,Tweet
28edd64b-6fb1-4254-89d9-6e3b6c6c926c,L3,Tweet
3f21f696-72ab-462d-8ce5-ace0f6c69718,L3,Tweet
984bcbbf-dbf8-4705-afa6-1892f67e1a0b,L3,Tweet
2f5a6465-6320-46f2-bcd9-7b7f9df882d3,L3,Tweet
f3c3b984-c658-4471-93b1-de10b0410712,L3,Tweet
95186224-db1e-4dc0-8e3f-1403833ef26d,L3,Tweet
77908539-9c64-4ae5-9407-bfb3cd7bb779,L3,Tweet
faedb1e4-106a-4631-bda4-353b3905eb41,L3,Tweet
e70ec21c-bd5a-40b1-b573-f9be982a18fd,L3,Tweet
03c044a1-5b95-47d8-ad31-1856f4b821b6,L3,Tweet
dd0513d1-f77d-4f2e-8ef2-02ddf0f9f1fc,L3,Tweet
b264d440-8375-4065-99d8-3e66d871f258,L3,Tweet
b690b4e7-dd7c-4776-9209-788b0458ebe1,L3,Tweet
efefa7b2-9dbb-4bbb-9ecc-7c699d1e892f,L3,Tweet
e56756ae-b6d7-4ff8-9539-ec232b97cb6e,L3,Tweet
c7437ac2-7294-4ee6-b142-716b1fa48ef3,L3,Tweet
31d9c9ca-f642-4b07-b7cd-3fea98ce1a2c,L3,Tweet
58e78150-893a-4889-b9d7-b24fad01a891,L3,Tweet
24241328-2260-41c5-b73f-5110f5c79c2d,L3,Tweet
de36bdd5-9b9f-407f-911a-ba731200e9c3,L3,Tweet
6b715039-7822-44de-8bbd-97ba575a7ba6,L3,Tweet
a8a6846b-3cf7-4876-beba-ed068fdd13c5,L3,Tweet
227d5ab6-0689-455a-bb1a-00757b5f7ad3,L3,Tweet
c94bb224-b0cf-4594-9b5b-68f0ed949389,L3,Tweet
799d5c38-5b73-4464-99ed-7f6b07f788c5,L3,Tweet
45ef576f-bd19-41f9-913b-40b2c3d08b9b,L3,Tweet
366faff6-89c4-46aa-9506-d5a4a9df5d47,L3,Tweet
29d6282c-4153-480c-8a4f-5e50bd49b1ba,L3,Tweet
56b0db9e-aa82-41ba-aba3-1beae96aade9,L3,Tweet
d9f42d1a-f00a-4954-9926-2c6e459c8038,L3,Tweet
1122c7f0-d8d1-4ac5-a3e8-68af358ab4a5,L3,Tweet
3f56e32b-d132-4026-b860-dadce3839905,L3,Tweet
7c0cef9f-a121-4be8-97ef-e3c5bf2ad5a3,L3,Tweet
db96eaa2-0d08-40fc-acb0-58e97d92e47a,L3,Tweet
26bbe5c2-4c61-475e-afa8-a05663e8bdd8,L3,Tweet
4d86962a-86c5-4960-ab2d-fe6659e4db6b,L3,Tweet
94646e00-6676-4bee-bf12-46b396bbc05a,L3,Tweet
ba466da4-47da-49ac-bee8-efcbf2f69d07,L3,Tweet
81920e76-4ad8-44d2-8d24-72f229cb08f2,L3,Tweet
a16e2740-5c6a-4b60-8fb0-865e8a08fd95,L3,Tweet
b0c631ea-b9c1-4d8f-9c0d-0808ca64d576,L3,Tweet
332eeb21-0dd5-42c7-90de-1e6cc107889f,L3,Tweet
6444476b-e50c-4157-9352-93ba13942932,L3,Tweet
7fcc16bf-f434-44fb-bf95-1ab778e40744,L3,Tweet
f05d1321-0db8-445d-9d5f-06cdedfcea05,L3,Tweet
e052358e-5e13-4868-80c3-bd56058018ec,L3,Tweet
7b4bcdfb-5b2c-482e-a09b-684b7b943e0f,L3,Tweet
ba1ba2c1-7c08-49ae-9904-f0c1f5a4f6f9,L3,Tweet
7d78732c-c7d8-40cc-9489-a3f5d85a6025,L3,Tweet
9e44fca7-f82d-469f-8df9-3a4e9e17cc95,L3,Tweet
54453e1e-4ec1-4bd6-9efe-62ca32cd5990,L3,Tweet
25d5df6b-f09c-4ec1-b752-7f0fed1aab0e,L3,Tweet
1081cb3d-ac9a-4784-b816-9e5115532093,L3,Tweet
a09e7642-a965-4190-a0f0-8528da289d6d,L3,Tweet
0874b770-1c20-47fe-a669-3bee1d61c975,L3,Tweet
53c858ab-db7a-4ef8-b17f-cc0b231a5efc,L3,Tweet
6fffc947-bd7b-42e6-86cc-f81de2b7b230,L3,Tweet
fff4fd05-aa44-4b8e-87fa-4e1bcb4671f4,L3,Tweet
6620646d-d313-42ab-8a1d-849e9bc15901,L3,Tweet
403f903d-b601-45bc-a6e5-4d52f36c6a38,L3,Tweet
dc501f17-4b30-4cc7-b3d5-3e5eb8d866bd,L3,Tweet
c179b227-77fc-4ce1-8a88-3c25bad0d543,L3,Tweet
0f70352f-449e-4ca6-8739-64fa7705c686,L3,Tweet
6dc6df07-c1bd-409f-826a-925300add5f1,L3,Tweet
6b09bbb2-aaeb-46d7-87fb-da59c08944db,L3,Tweet
eae4c2fb-ef49-4998-a4f4-349e81a90224,L3,Tweet
f89dcf6b-46e7-41de-b56b-854689ac8bd2,L3,Tweet
20d53284-eaa1-4c0c-90de-b95209d9e77e,L3,Tweet
7dc60acf-f40d-4081-a451-2cb0d5d9756c,L3,Tweet
cb87de07-80f8-462a-9f33-9ffdb4184475,L3,Tweet
f9157c25-ea3e-41bf-92fd-74e6dd6e0963,L3,Tweet
c288c180-7728-45e2-ba76-035e83dcaba8,L3,Tweet
a0857927-c3cf-46bf-a965-a5ee8276a01c,L3,Tweet
9b4a8e4f-44a3-489f-a519-9cfdb9f21a26,L3,Tweet
4319dcd0-2174-4078-8cc6-d27b76eacea8,L3,Tweet
d719b103-8434-4cb1-93fb-035deeaa510d,L3,Tweet
c7df3890-4b44-44f9-ae93-0eaecc6283c7,L3,Tweet
396abc4d-220d-4444-82d9-3255013abd27,L3,Tweet
7dadf563-8d2e-47b6-ae3b-c1e71c04e946,L3,Tweet
7f0c99a5-5b80-478f-bfda-f433639dadb9,L3,Tweet
8a040a9c-eebd-429a-839d-e705841cad9a,L3,Tweet
25e34319-de86-41a8-8138-992936329ca2,L3,Tweet
de5ed4b4-cc7c-4a7d-bd50-1410de911d29,L3,Tweet
27397676-9937-44a9-8199-b64ec83027e9,L3,Tweet
f2c9680b-235d-4c98-87ac-4db82870e90a,L3,Tweet
87294cb8-85f1-4dfa-9780-c2a331b3704c,L3,Tweet
078ba5da-ecb2-40e9-8c97-0cb3e635b399,L3,Tweet
10910a4f-060a-4339-a96d-1b54fa7c468d,L3,Tweet
1bc32bf9-880e-44d4-a6ac-85589f4153d0,L3,Tweet
909f6ac7-3d7d-42a2-9d9e-37061916a47d,L3,Tweet
33e7b474-8387-41a8-b642-b8ba2ecea583,L3,Tweet
458b7b32-488f-4660-9fd1-a5c5d760b15d,L3,Tweet
2c0cd9ca-f94d-4681-95cc-61582fd200fa,L3,Tweet
45ad9ada-48af-4c02-ba84-68c56a94a963,L3,Tweet
863fc789-ce51-46da-abb5-1efd83c2b4dd,L3,Tweet
5a10a2f3-de7b-40f4-8a91-2e6c7dee3117,L3,Tweet
8f6c10db-c050-448d-b2b9-99b21cae10f2,L3,Tweet
3fc271e9-5da2-499f-8dd7-55988cebf47a,L3,Tweet
dbb54cbc-9979-491e-905c-4f355039bfc0,L3,Tweet
e6b3ae72-7573-412b-8406-19068aa4df82,L3,Tweet
bc61d956-c262-4297-b670-701928935dca,L3,Tweet
c3dea011-d609-4bbe-802e-99806745c804,L3,Tweet
13212447-2a9b-410a-bb7e-de4f56f23f93,L3,Tweet
1bdb27f8-0dab-45ec-b56e-0f0e30050a08,L3,Tweet
242457cb-3110-46f2-8522-6208159c7387,L3,Tweet
8216d864-cffe-48b8-ae1e-defb046503f0,L3,Tweet
8789440b-fa66-43b6-9a0b-8d78306b1d43,L3,Tweet
bad59349-b94b-4b0f-bb26-a952fae17a7f,L3,Tweet
df9f3098-77b3-420d-8d52-966ab2eebfdb,L3,Tweet
52c9e975-ca48-4228-a311-99c03d5646ca,L3,Tweet
12718f39-9f16-482a-a874-ef7c41493a85,L3,Tweet
76f5d687-dbb8-47c9-aef8-e284c05af114,L3,Tweet
38744b1c-a9af-404f-990e-a795c2c789cb,L3,Tweet
7324f3b8-ca7f-44ec-91a0-db3614796b16,L3,Tweet
71ff7724-f18f-420e-8732-b67ebe18d83e,L3,Tweet
d209bf8f-2143-440e-85ae-5ea859c0bfc1,L3,Tweet
dd2af1c2-9a3b-49d2-93bf-f7ca772b4fd9,L3,Tweet
40744853-abc6-4ba0-9be3-91e7efca2034,L3,Tweet
19736fe1-0ee6-45fb-bcec-992d3e54810b,L3,Tweet
a4b17727-16c2-40d0-b0ca-6bebf42f175a,L3,Tweet
52f9457b-0dd4-48c3-9e66-c856db91310b,L3,Tweet
83529f70-9dcc-408d-bd0f-3e01f7f81755,L3,Tweet
3f023ab0-a336-4b77-9a59-4d8840359841,L3,Tweet
7a1b678b-9fd4-44ac-973e-010d2921e103,L3,Tweet
f8a2de62-a359-40a4-b613-93fa675dde90,L3,Tweet
7af0fdd4-c33c-4099-8d50-f61efc283d55,L3,Tweet
e201905a-6852-4e9e-b0c9-f75b80a4bc4d,L3,Tweet
98854c5b-2f42-459e-a46a-a261730c662e,L3,Tweet
a08ca4d2-d932-4d48-a92a-e7811b68a6ba,L3,Tweet
df73e770-ee67-44a1-9458-816a928d5b1d,L3,Tweet
570974a7-873d-4f96-a9f5-71fc61577fee,L3,Tweet
a4799cf1-9c72-47e2-865a-677503ec9fe7,L3,Tweet
913bdf3f-be14-407a-8890-780fd4326b25,L3,Tweet
f3cb7042-44d8-4375-b04c-6efc2a6121a6,L3,Tweet
5e269259-04be-48c9-9c92-724769106d89,L3,Tweet
b487c9c8-05e2-4875-adac-c3e4c0a249d1,L3,Tweet
c2c9037d-1241-4e32-b795-aa9c87733138,L3,Tweet
7ea382df-494e-4a9d-b53a-3c46f8a83e81,L3,Tweet
5befb49c-087b-4c41-9b35-31161c066852,L3,Tweet
04dfd3a4-fc3a-43ec-9a67-5dcc6810daf9,L3,Tweet
0093a96f-f8be-48a4-8478-bb21ed9e01b0,L3,Tweet
ae4ba81c-2365-4be6-a939-30e4cd0f9039,L3,Tweet
c3cbde73-a019-4904-ad23-6316f24e5e76,L3,Tweet
f426c98b-0672-4440-b8df-49ca2c2d7681,L3,Tweet
a89ab6df-8cf1-41ae-8878-2a4bf050527c,L3,Tweet
7c9cb1dd-f284-4997-9f7d-29512a74babf,L3,Tweet
4f34ec30-7bdd-4abf-982f-16d48a61c204,L3,Tweet
f0c5b47e-60ae-4373-b946-c61bc3848930,L3,Tweet
75a7dd2d-a069-42ed-a8ea-bc0859beb3a6,L3,Tweet
42c77e45-aabf-413d-9138-4df155d3d3bb,L3,Tweet
24e7f1a0-0f1b-43ec-a169-a9315c9facc4,L3,Tweet
0f50d668-6e67-4549-8ca8-4ed6616a7c6e,L3,Tweet
1dc9c2fc-535e-4140-ad3b-a4ea0d132bbb,L3,Tweet
0575b9dc-fad8-4b0b-aca5-a4e59f2a4dcf,L3,Tweet
d2815b81-fe79-405f-b5f3-1f51229291d6,L3,Tweet
1def6a8b-6d21-413a-94a6-7f580ebcb939,L3,Tweet
df7adda7-5711-431a-b146-759b7b1ea253,L3,Tweet
4e87e6b8-ef5e-4f0a-8a3f-cb7365361680,L3,Tweet
4c9988a9-bf14-4160-a9db-0b66600505e1,L3,Tweet
6d38cb62-edb9-4ea4-a0e5-1dbbba149587,L3,Tweet
374de5bd-9dad-4d25-a1a6-993825130957,L3,Tweet
bc96a17e-8fd3-4d84-8e29-f10f44218294,L3,Tweet
4d8377b4-da07-441a-a71f-8df9a93be3c9,L3,Tweet
5dadc9f7-a11a-48f4-ae9f-5eed97bef721,L3,Tweet
a7727aff-aba8-4730-af17-7c9175155e26,L3,Tweet
16136645-98ca-450c-a962-ad81ca8b2abb,L3,Tweet
5ab12da9-5584-4de9-9df2-5b28c9c6695d,L3,Tweet
f7b6838d-19ac-4421-b664-4c693a65cfd1,L3,Tweet
b502ce98-4b14-47d4-97b5-3e0cf62fc945,L3,Tweet
148f1513-b950-4ee5-b1e4-188cd6793aa3,L3,Tweet
13ab4691-0b95-4005-98b7-b6310d6aecc0,L3,Tweet
df1f87bc-4922-498a-b814-3eda60252c4c,L3,Tweet
ba38b237-9597-4b7c-b8f1-c4df90e02375,L3,Tweet
ff036854-b98a-4961-8f1c-b44abf958859,L3,Tweet
27f23fe9-bb37-408a-a0b8-3092b0bd739e,L3,Tweet
c18066f8-d42c-47eb-a18b-aee030eda46f,L3,Tweet
b3313c2c-0e50-49b9-8611-82f7798a7051,L3,Tweet
c70d774b-1251-4d02-bb5b-d5cd88bd1279,L3,Tweet
55022954-780e-4e52-a9e1-3f1b38e7aece,L3,Tweet
4df7b72e-a996-4e9a-b78e-736fa334eb11,L3,Tweet
d637bdd8-1a9b-45fa-a81b-48e3852dba92,L3,Tweet
b4eb8201-ef7f-46d5-bd39-0a48fe42f9a3,L3,Tweet
3c8e90d3-fbea-4ec3-9f30-0486770ad0b4,L3,Tweet
a245806e-6539-4301-a37f-770ee01404f3,L3,Tweet
2b53e96d-49b0-4720-921b-395619d0b497,L3,Tweet
0613219b-20fb-4516-8ed9-c1c308da9ca5,L3,Tweet
858621d6-e1cd-4b1e-9f9a-c318fc8a2455,L3,Tweet
861c8d17-201d-4460-9601-9359d2637c00,L3,Tweet
f889f918-18ea-44d3-a675-465187e1239e,L3,Tweet
ccdaf7cc-3c61-4490-8dda-f855e5d70bd6,L3,Tweet
6956ea72-2ca5-43a0-ab5d-e1da5fc7d91d,L3,Tweet
fe89efc2-2b97-488c-8237-066242d80649,L3,Tweet
1a14d933-3cc6-4ac7-a933-2691f8d9cdd2,L3,Tweet
dc71d073-de06-4fae-bd06-652984c52312,L3,Tweet
0be167ec-8d7a-4dda-ad61-fcc87e2e5dcc,L3,Tweet
c5be50b4-51a8-44ec-af20-b7bcdabcd1ae,L3,Tweet
1ea9f8b8-373c-4854-bad9-f4966c9d376f,L3,Tweet
b7507cb5-76f1-425e-98a8-c710ad7fbf19,L3,Tweet
08e6f3e0-9879-4ff4-8187-56b563fa9411,L3,Tweet
81a1dd43-7929-4e8b-9e9b-5c1a062a16e8,L3,Tweet
c15a2230-73eb-4b23-ae6e-6271dffbe496,L3,Tweet
722b1012-648b-49a5-a2b6-a5348ea655b9,L3,Tweet
f8158eef-24ab-485c-af12-25b7676f4028,L3,Tweet
ba912e32-f617-4ef6-820b-62c11c153db6,L3,Tweet
ea49678f-4ad3-43da-bedf-3564bbd3291c,L3,Tweet
441a1595-5a1d-4c71-ba6f-fa0fe0d66187,L3,Tweet
a2f39c86-2a40-49f7-8ef8-f6b73e19b33d,L3,Tweet
287308cd-0d87-47c5-a9fb-5c3d2f3ab1a6,L3,Tweet
904ad725-4e88-422c-b5f8-8e56cfb2a529,L3,Tweet
d985b267-25e2-4446-89e3-0cb7de722df8,L3,Tweet
c268b915-72ec-484c-a626-3fb93c40953a,L3,Tweet
a8095f5f-ec7d-4c50-8831-62ef6eccb112,L3,Tweet
b2af8812-5be3-4fad-9246-5760195735c2,L3,Tweet
fa9c3bc9-57d4-4e22-8af0-b1183eef44c8,L3,Tweet
149f46cf-68a1-4c3c-b76c-a981226ef4f1,L3,Tweet
8b8a904d-1aec-406c-a9fb-680126a4751b,L3,Tweet
d5da4cb3-0bd3-49f5-836e-01e1630711de,L3,Tweet
aed10307-ff1b-46e8-a8a4-48aab5d16c1f,L3,Tweet
d4dda9d8-a3ab-4132-8475-8b9b0a1d788f,L3,Tweet
c90ccf70-a368-4623-a110-4d24c52eeff7,L3,Tweet
517137eb-9cd1-40e7-841f-f9b609bcc2a9,L3,Tweet
a5706d11-cb3c-49c7-bf4a-282f965f45a3,L3,Tweet
234645ed-c8d3-4020-9418-a3953bcb24c4,L3,Tweet
4ce6d974-5b28-42cd-a0ba-3ec06937ce28,L3,Tweet
898622c0-7f7d-4a4e-8262-0cb73ffee154,L3,Tweet
deebfa4c-3e6f-462b-a5fb-a815f039feb6,L3,Tweet
a07397e2-6d57-4c7e-b1e1-e543982d55a4,L3,Tweet
662c0be5-4631-4f96-9e1f-cac50d999245,L3,Tweet
41d94c05-8dee-4e28-adba-165a0008da53,L3,Tweet
276a173a-831f-47cd-96e2-12455b555395,L3,Tweet
20a26cf7-ee0d-4598-bc8c-75b5fa0d056b,L3,Tweet
3b541105-6ca6-4297-be40-9696118649b0,L3,Tweet
1f34e654-b8e0-43fc-996c-872ca1fd8758,L3,Tweet
64479cf4-1609-488d-9f6b-eebaab8c2a40,L3,Tweet
92672816-8429-4a36-97e3-e3b81f6ae6d1,L3,Tweet
6c05d7ac-901e-49f7-aa5d-16b55ad6f796,L3,Tweet
4261edc9-bf3a-48cb-bad6-72697094b7d2,L3,Tweet
83ea0565-a794-4b0b-b17e-fd8b60176686,L3,Tweet
6bbb661a-b1d7-4a12-9ddf-6a79305a3595,L3,Tweet
d0452e50-624c-41ee-85f9-13dc887f1a1f,L3,Tweet
1357ddb6-6a41-4d3a-bd3b-6d31b959d017,L3,Tweet
bb97776b-9a1a-400a-8372-30a1eb2d0b75,L3,Tweet
835dda02-3fee-45e9-b1de-10acda5c072d,L3,Tweet
99cdc664-9368-4b27-a82d-219f58a8a96d,L3,Tweet
94b5dad2-01fc-46a9-a6bb-e79234190106,L3,Tweet
b1451cbe-5312-4fe1-a3a0-a2eda1596ead,L3,Tweet
b29cb2f4-f74f-4c24-93d5-414e32c1e9a2,L3,Tweet
d0f3fc04-2796-462a-b826-dd44e861737d,L3,Tweet
6e1f35c8-1b1f-43f2-afc3-019536f8c7c4,L3,Tweet
c7ee0cb9-0968-46aa-b21e-6985d6e1d750,L3,Tweet
eb0dae79-7957-40a4-853f-c9f4c1e6148e,L3,Tweet
218ee883-770f-4f74-971d-ec3c9cb6674c,L3,Tweet
658f87ad-5104-4c88-841c-3ee5cb9de6e9,L3,Tweet
355df427-99dc-4afd-b292-4a2be59f6978,L3,Tweet
d380e8e5-f335-4994-9ebf-08d8de812f29,L3,Tweet
595b9986-cf69-4297-9026-b2f5ed3e0dfc,L3,Tweet
8dc80aeb-b153-4c86-b250-5220114a0a0e,L3,Tweet
e85788bc-3f4c-4d2a-be0f-ccee925d7cb0,L3,Tweet
a6b16fbf-5a23-469e-8194-2a1c7512a4e6,L3,Tweet
3d1637ba-38ca-40eb-a41d-61b17823d13a,L3,Tweet
3d5252d7-c591-4e41-b304-1e0f165be0d3,L3,Tweet
7aac09a3-7d84-4844-bf66-64159ee193ae,L3,Tweet
5a4776d1-740f-4706-9b3f-744bd0cfef78,L3,Tweet
ebb3ec0d-1fd1-4049-8d3b-a282ca13a2c5,L3,Tweet
16ddd8f0-5b68-44df-996b-110720321954,L3,Tweet
220e4926-d6c0-4428-a264-7771d36cfa08,L3,Tweet
b2ae9fff-bd01-43d3-b919-3dd6a6615b03,L3,Tweet
5fee6431-9b67-4556-8c5a-97b09a5b41de,L3,Tweet
4d7d5c35-ee66-47c5-9ad3-dba6a3442ed9,L3,Tweet
25070cff-9caf-4996-a8b7-997971050f3a,L3,Tweet
359d79d6-cfcb-4ba0-abaa-caa76de55e9b,L3,Tweet
70256a17-aeb3-41a5-a833-826cf51053dd,L3,Tweet
ad2f87c0-e203-425a-b25f-c3d0c5979173,L3,Tweet
169bc598-6a6f-4668-bc0e-a11efc5d82ea,L3,Tweet
92a87a78-c727-4ac5-a2b2-f37d8ea99817,L3,Tweet
95f8dc17-1f9c-462c-baf1-e71ae8b75df5,L3,Tweet
9070f2e5-3310-45b2-b824-4196d85a35fc,L3,Tweet
6cd48770-fdef-4fba-96f2-5ccd9bd5c211,L3,Tweet
2aaac682-8153-4b5b-87ea-2eb4eceff893,L3,Tweet
86c4ca56-1baa-492b-a89c-7bfac14fc673,L3,Tweet
34cfadf0-7c6d-439a-a212-29b741fd3e8e,L3,Tweet
b32a8597-3294-4443-b72e-82cfd953c12a,L3,Tweet
5c428979-8cc9-4a9a-ac6e-402484dc41ab,L3,Tweet
2ccadd5b-afb6-4642-a366-ca44facdd109,L3,Tweet
180ef30b-a838-45bc-99f2-116833161b0a,L3,Tweet
499017ae-73ab-46ab-b81b-d03945469107,L3,Tweet
dd50b316-89ac-4758-a16a-c9e7f13ee2c4,L3,Tweet
b92ff962-eeaa-474a-b740-5eefcf967ee0,L3,Tweet
889e8cb8-fa99-4c43-b4ff-49af17808895,L3,Tweet
1d73a771-b40c-44b2-ade9-eac966eefee2,L3,Tweet
c7c12614-b972-46fa-94e1-6ac0c55fee40,L3,Tweet
0bba3ea7-4a48-4a17-9791-3f08d4a5681b,L3,Tweet
0a950c27-61d1-4f6c-84f4-0fee733a84a5,L3,Tweet
8f80e6e7-e7f2-48af-a04d-5fe410828abc,L3,Tweet
9503a551-c806-489b-86d9-1693ecb2970c,L3,Tweet
f34fd765-a5a1-485e-b67f-cad6b6db524e,L3,Tweet
8539bff1-8b7e-4ad9-b54b-5c16c8d39e7e,L3,Tweet
adc93e53-7e9f-4eeb-a5fa-529d0625891f,L3,Tweet
89b8b7b3-b6e5-4fe9-ad5c-6b3e2a2b07b8,L3,Tweet
6274daa7-1e1c-49a8-8a47-c8f32c38eb4a,L3,Tweet
90851f9d-2c81-47f3-ad71-ad94487424ca,L3,Tweet
592701ba-48ad-4e1c-b4fe-38b1408da64b,L3,Tweet
9ffa5e95-ec1c-4fd8-93c1-025140cc45e4,L3,Tweet
c5b6e3b4-da75-48bf-b22a-e8fd0f2f97dd,L3,Tweet
3e136e31-f663-4912-b7a1-de53e73875a0,L3,Tweet
9b4ac55f-6edd-47d6-88e4-cb96a083650c,L3,Tweet
8889a19c-c5ba-48e5-8f51-e49616d7bbb4,L3,Tweet
97cb9fb7-09d0-4ecf-8b1a-107d3f83428e,L3,Tweet
d85c1389-d19b-405a-a584-beada062ba5f,L3,Tweet
771dd310-7795-4f49-a49b-a1b72e193a00,L3,Tweet
e95594e9-e24a-4ef0-90a7-4b45fc48a451,L3,Tweet
c0bc8970-e996-4ca3-9733-ced62d968a9e,L3,Tweet
d0f8fb08-69ff-496b-aee5-10e822cc79aa,L3,Tweet
b30341ad-5f8c-4bc3-a36a-7ff6fcb16794,L3,Tweet
fbcbb61e-c129-4a74-8b52-eb297d521ce3,L3,Tweet
a06fcedb-d4ec-43b2-8d9c-3e5f0ee28cf8,L3,Tweet
2f02a7f3-27df-4a55-943b-958e5ba58edb,L3,Tweet
e2a8564c-2e83-4536-9468-2210d9355cc1,L3,Tweet
ae3f0f3e-b79d-4d3b-9ff6-1dbb77e02bb0,L3,Tweet
27254d0e-1c08-41e0-b8ae-1537d75fd929,L3,Tweet
ebf1d47d-61a3-44ed-afdd-335bcd19c23a,L3,Tweet
5ce05db3-d17c-4247-974c-053cdf020946,L3,Tweet
8746bf05-cc14-4115-aa72-6dbbf139af81,L3,Tweet
a7ecd3d9-2335-476b-9d05-7acbabd0f612,L3,Tweet
2481a48a-51cd-4fd5-a718-d307c89315c8,L3,Tweet
ab7f6753-cc55-45b9-9eaf-2fcca5eb74c4,L3,Tweet
5cb9558d-69ee-4027-8239-b84bdd3f9304,L3,Tweet
22102580-9a45-4751-9efe-a8138ad1ff97,L3,Tweet
53903c9a-09c9-4071-905c-6a827156b98b,L3,Tweet
1ff8fb10-a4d1-4331-adaf-da099996e5ec,L3,Tweet
ecbf5411-cd6b-4cc5-9018-a220122e1527,L3,Tweet
2a771510-3e0a-4010-aeeb-fdacbb47fe57,L3,Tweet
d1cb0ef1-c73c-4376-a92e-e166e0c63e73,L3,Tweet
80af6c9a-9e67-4500-b02d-ba910772bceb,L3,Tweet
979ff966-0caf-4872-adeb-7321447b9dcc,L3,Tweet
61e6ac6a-87ef-4197-9521-76f05929ff45,L3,Tweet
4e525ad9-3262-4fb2-a156-7671fc167c5e,L3,Tweet
f36f0e6a-9bd6-4e00-91cc-f6d0f7e8ab6d,L3,Tweet
28d138c0-26ab-4996-b36d-63ed37574ac5,L3,Tweet
0cbe1f3c-55f0-4f89-a62d-53471436bc17,L3,Tweet
bb27d669-ca68-4c7a-b0ce-927277cc615b,L3,Tweet
b7f28dd9-af70-4b78-a60c-d4aa9cb98c50,L3,Tweet
b6229ebe-20e8-4dd8-8c90-97a49a27d55c,L3,Tweet
a8a4b43e-61a9-4b3f-aa3c-819045a6196f,L3,Tweet
0287a3bc-6680-4b0c-976e-d4cb63a0b166,L3,Tweet
30bf06f7-e9f5-4fd3-8058-831c0b1cc945,L3,Tweet
c11666a5-4e01-4a87-a4bc-df276f149e23,L3,Tweet
a179dcf5-7501-4d4a-87e3-0efd73cf18e2,L3,Tweet
f552b538-a02b-4b31-8389-ee5242cf9e8b,L3,Tweet
8aa2da34-30b0-4faf-897d-8b1ca5f6163c,L3,Tweet
8fdbf5a0-e740-473e-af34-4da0564cfb84,L3,Tweet
44856338-4a26-48c4-bb97-0346876d7fc8,L3,Tweet
8b095e30-907c-4e60-bc87-fc207bc2bdfb,L3,Tweet
88e80497-b81e-4104-8414-ab736171d28e,L3,Tweet
08af596d-8a6f-4611-a345-e8ed5d893966,L3,Tweet
fe2e643a-abd3-4a09-baf4-bdbcd26c8946,L3,Tweet
41099c5b-ca81-4119-baa0-4297a01c895a,L3,Tweet
745cbee8-b2e9-4112-a09b-b95eab86edf6,L3,Tweet
14fb4a1b-5595-4a1f-9751-01d5bdc63537,L3,Tweet
455a7b93-c7b1-4a7b-82ef-de658dc17ceb,L3,Tweet
8edf6e15-d3d9-44d0-8cd4-ae28d6fcde0c,L3,Tweet
5e65af7d-b2d0-4a3a-b54e-8ad63276c735,L3,Tweet
d4f87d26-c765-47fd-af88-fe29e72f6dd5,L3,Tweet
7a6822e2-571e-47d3-9cc6-d1a8818707eb,L3,Tweet
eb163f86-02f3-45f3-b79b-41670610dd0c,L3,Tweet
6b30e163-6400-4038-b365-a6ad78e5897b,L3,Tweet
d303f5b3-9858-48a3-af62-68fb4981a0bc,L3,Tweet
e5153efa-bff9-44ab-9c0c-535896dea703,L3,Tweet
805cb224-4372-4522-8c42-35ad5473638d,L3,Tweet
86b9c584-384f-4136-b233-d3015afd5ce1,L3,Tweet
4afc0c79-8608-4463-9dca-c2e423244433,L3,Tweet
114adac8-6dfd-43ed-bf10-4acb690d65d4,L3,Tweet
e9a2618c-577c-43dd-8780-f155695b03ed,L3,Tweet
f0bd87ee-feb0-404a-808f-29ed44acda9e,L3,Tweet
e7bb2863-a582-4f3f-b333-90bc8eecf982,L3,Tweet
7a283f0f-86d9-425a-8807-93a68452cd33,L3,Tweet
bc4f98b6-b0a9-45b4-8d39-3a61cfabc3db,L3,Tweet
9ba4f6af-785c-4c6d-8d33-24c24806aa68,L3,Tweet
fe7021fb-739b-42eb-90a4-a7f23a9d44fa,L3,Tweet
8b0378b3-e32e-496c-b4f5-9fa46327bd11,L3,Tweet
84b0c454-165a-4087-a2df-d9a80c324ef0,L3,Tweet
e68928ef-fcb5-4ec1-9121-6fc517b32df4,L3,Tweet
86c0662f-feb5-4417-bd3c-00da7ab17e48,L3,Tweet
d18c1d72-1037-4ac0-ad02-990a4c386dc5,L3,Tweet
ce71e047-9d45-4c35-a800-64b460c4710e,L3,Tweet
2ae1f8e1-0cf3-409e-836d-7a512b365393,L3,Tweet
95f9104b-50d7-4886-887a-08f721d5cb7e,L3,Tweet
f8e7eea2-f503-48b1-8558-e278fee4a6fd,L3,Tweet
c683fecd-0462-42d8-b346-ae9301b83f50,L3,Tweet
a21b0729-f628-4b7e-9cf9-72cc94b1c697,L3,Tweet
1372655c-dfe9-498b-90c0-6b9769f06b33,L3,Tweet
91ed515a-4c70-48b3-ba39-8ce031a024b4,L3,Tweet
319f6d74-9d42-4b9b-a4f2-8a9f88f81f5c,L3,Tweet
193a0744-dd8a-4529-b72a-da568fd162ef,L3,Tweet
1c40c823-4639-4b79-b0e9-e397660d625f,L3,Tweet
614afa59-5d14-469b-9fd2-3d1e88a1e037,L3,Tweet
7384219e-fd22-4e03-a1c3-d747db31c5e2,L3,Tweet
59d8e1a6-6472-452e-a038-549033c22e5b,L3,Tweet
28725d45-80ff-41ab-92f5-b647156f37dc,L3,Tweet
3298e12d-9b7c-4318-b954-3b101bc5878f,L3,Tweet
4ed5ace2-eeee-4663-a5b6-103b7f60b4a6,L3,Tweet
79361489-e5c9-416b-a703-e196eff4a98f,L3,Tweet
1e6545de-8164-4055-8aab-10a22a9573fb,L3,Tweet
7f4e1f2c-a2a0-48bd-8b80-5e81ee5fcbb3,L3,Tweet
cc0133fc-fd7d-49fc-aef1-c81c2db51480,L3,Tweet
20de0a4d-10b3-46de-b94a-d6f63ec5484a,L3,Tweet
68b25205-e739-4b7e-92a6-ac0399bdccaf,L3,Tweet
3c266549-e482-4024-a730-e9709125542a,L3,Tweet
38b9c7bd-e18b-436c-8865-9a3929fd1a9f,L3,Tweet
872aee6c-30b4-4033-a677-0ee68877961d,L3,Tweet
2d36e651-b486-4048-8821-3a2d4b9a0e8e,L3,Tweet
2a091070-e3f7-48eb-afaf-314da0def0c7,L3,Tweet
c3475d65-c12e-47ee-901a-7c848c7e104d,L3,Tweet
50a96dcb-7d5f-4ec0-ad17-16bb94317324,L3,Tweet
ccffaa94-cba5-45b1-bcb4-e66f65a5556b,L3,Tweet
cbf98924-e184-4b71-9f1b-9827cc27dd60,L3,Tweet
0519bcc0-d7f2-43da-8b94-ee3b051f55e2,L3,Tweet
a56e5fef-85d5-4b81-9d23-b1748f35ddbc,L3,Tweet
9cfb5887-69c9-4e83-9146-9b452c72d9e2,L3,Tweet
d7552c39-8da3-4cdc-aa6f-8964d31043d1,L3,Tweet
30b33334-fedd-4cd0-9a31-0866eea97f6c,L3,Tweet
9e2c42a0-b503-499c-a100-5a9b45100c15,L3,Tweet
0b699fe0-41c0-40a5-8599-800056813b65,L3,Tweet
9cc700ec-4210-49ec-ade5-a166c43464bc,L3,Tweet
ab77e208-b609-4fd1-81fa-68c4b9b7b3e2,L3,Tweet
a09972e8-bccd-4c1e-abf5-329353305a69,L3,Tweet
700cef15-17f0-4689-a530-f37b6e22b80f,L3,Tweet
61816853-9552-4f83-9966-ea9b2428d8d3,L3,Tweet
c219044b-0b73-4b5a-bf78-78ad91273ad7,L3,Tweet
5c8c38eb-7a17-4af5-acfc-4fc0c090b05b,L3,Tweet
0473c2d7-b911-4614-825a-d4668a10df3e,L3,Tweet
b255e978-5f9e-4583-a082-f7110c25bc74,L3,Tweet
1f3ced3c-4469-4bde-9c02-94b26b133e42,L3,Tweet
c33fc6f2-23ea-4b0b-8960-10f0bae74bfa,L3,Tweet
9d06db10-0017-4ad0-b8f8-7a5c9eb36c40,L3,Tweet
8f925bd4-2545-4c83-9e8d-d94d99421aa5,L3,Tweet
7d549635-b41c-4711-93c0-be6f1563e3ed,L3,Tweet
71682af4-6fb6-4dc7-94e9-0badd479a052,L3,Tweet
e4ada3dd-18b0-4470-a08c-bacf18d907b0,L3,Tweet
590adc7a-e980-4da3-a3a6-44f389e515f5,L3,Tweet
94b86e8a-afc8-4f7a-8c7c-370420ae4412,L3,Tweet
761c2360-57fc-4c91-8a8e-1669eb8e5172,L3,Tweet
68e41a6b-70f9-4411-8fce-f2895ac7898b,L3,Tweet
e8cd3b72-2351-4053-b527-f1f1c22e18f0,L3,Tweet
c855af14-7f26-4488-ba42-650aae411b60,L3,Tweet
e344a2ee-10ab-4397-8cba-0d666acdf6d1,L3,Tweet
44aa3dcd-d8bf-4cf5-ae4a-59725dd74835,L3,Tweet
782083c4-7e87-436d-93b8-63013e17c0af,L3,Tweet
d9f6002d-a49b-4fec-8dc9-759f235ff72d,L3,Tweet
b6042c62-251b-4edd-8865-6f5f2cb4f235,L3,Tweet
6392e8c6-92b7-4e40-99bd-0ffda7f08108,L3,Tweet
aa8f1c35-b0bf-4ee0-89e5-720a98da679e,L3,Tweet
855c767a-3dbc-4003-a109-c2c2d5ac1562,L3,Tweet
afee7f6e-402a-4db0-9287-b669d910d81e,L3,Tweet
6ac8b184-1955-4a1f-8e6e-d848b06bf37e,L3,Tweet
1b3a61f8-3d9a-43a1-a7cf-c653a002c117,L3,Tweet
a0786dd3-11b4-40a9-94d7-3f4672a4c711,L3,Tweet
f97dbf7e-f6cd-410f-ab88-3517ad98c813,L3,Tweet
80c80f32-cc78-4d02-8c7a-832796ca8869,L3,Tweet
3a62cd56-5406-4d3b-920a-2601d9c4a3f3,L3,Tweet
8566d3fc-132d-4efa-8271-a8d423ccd491,L3,Tweet
5022a92a-c91e-4947-a796-7879b4b28052,L3,Tweet
23a3088d-a9a6-4d45-a591-68fed8ae63d1,L3,Tweet
00098935-06d3-48fa-ac6b-07d7459257e8,L3,Tweet
0b8a7f46-e2d8-4a14-9882-e14eaaa96ad5,L3,Tweet
64179eef-8e23-4e80-9c65-9edb6ba29cb6,L3,Tweet
3c0d7e89-5176-43b2-833b-600d791c753d,L3,Tweet
07e7fc2e-da73-49d1-be7d-15fad3aff48c,L3,Tweet
54c98e91-ff8c-4389-b11d-cfbff397b4bf,L3,Tweet
6f361fcd-6f3a-4c86-a5c4-e79c0e95a186,L3,Tweet
c637d90b-3122-402c-a06e-de90e569d654,L3,Tweet
80d399e4-e9d6-4386-9a76-e12f7351f138,L3,Tweet
d07dc120-a827-4b65-b3fb-4e4f24e15817,L3,Tweet
e2da0c32-4edf-4249-afd9-ac7a69613fc4,L3,Tweet
9129041b-db0c-4d6f-aa0c-322d2fd192b9,L3,Tweet
cc63dfd5-6c89-417d-9df5-1c67973ce569,L3,Tweet
4a6eb356-8a81-427e-a26f-7b6d54071174,L3,Tweet
bff9d4b9-5f73-49d2-92db-e84bde0b2230,L3,Tweet
c5478ee2-9046-43db-8e84-e295efe31315,L3,Tweet
9ab5b0b6-a55b-4cad-918c-6f96b244297c,L3,Tweet
0f74b8a1-4d00-4bca-b779-af1a66b06fcb,L3,Tweet
ba152f9e-e9ad-457a-9593-45a3195c1d4d,L3,Tweet
3a28c3a4-2bdc-4afd-a334-49e0360a0da6,L3,Tweet
2107e3c9-f63f-4b36-b7c7-5e8a8f8001da,L3,Tweet
fd090fef-ede6-4837-b006-148163977887,L3,Tweet
5f112e5b-2c98-470b-9a1c-f81159ad27b6,L3,Tweet
582f0303-8942-4ec0-b747-787d8121b74b,L3,Tweet
aa9d68e1-a9d9-4ce0-adc0-4e534f94f20f,L3,Tweet
513cd339-3a57-4519-9ebd-f21e0dca3a09,L3,Tweet
26218654-da59-4824-9aea-c135d7f0a214,L3,Tweet
ea72fbee-4b4a-4fab-951e-4ea0f7d9cced,L3,Tweet
f6b795da-b0b8-4f76-b07c-d1a06d828a2a,L3,Tweet
03bac6c5-8633-4b79-826c-a2e21baec7cd,L3,Tweet
f718e217-3b51-4ff4-bc86-d7a13d6737f8,L3,Tweet
46c576fe-ef2b-4f5e-b4e0-7571053482f5,L3,Tweet
9c0b4f72-803c-45ed-a8fa-be3f63257123,L3,Tweet
0f315648-33bf-423f-8efb-00816711f55f,L3,Tweet
5c84b7d9-2d10-4047-9c74-804fcf8c2b32,L3,Tweet
0b245ae5-1105-4036-93fb-3fe7d3d471ad,L3,Tweet
d1aac8b3-a1a8-409a-bd42-b373cc5a1591,L3,Tweet
bb8c654d-602b-4f4c-816d-655058b3376f,L3,Tweet
493203d0-b582-425b-94a2-e9c653fc9de6,L3,Tweet
20627d1f-194b-4f87-8e7d-17c0a5e3cc41,L3,Tweet
100bf51f-1663-4af3-85f0-03d427712906,L3,Tweet
7b602b51-eeb4-4eaf-9b5e-6cfea691f007,L3,Tweet
dab0ea67-4af9-4215-aaaf-73b61ad37ddd,L3,Tweet
183c7d98-f085-453a-b6fa-e430063f0bcf,L3,Tweet
cace46ae-a3a2-4f3d-a06c-f486e30cb35e,L3,Tweet
51481897-9d4f-4f27-ab57-6d02f2e62146,L3,Tweet
2b7cf884-b6eb-44b2-9c57-c1b7e9fe4c17,L3,Tweet
539eaac8-0905-4443-99c9-909f5c40091b,L3,Tweet
810f362e-b8e1-4477-8f0b-36a066aab892,L3,Tweet
cf141230-2d49-46ae-ad50-b5d18170a411,L3,Tweet
f56da973-76d6-453b-9992-ad1beb43c544,L3,Tweet
641889f7-1bff-4c8d-b242-260856cc3659,L3,Tweet
56aa626a-4c99-40f9-9a19-8d41c6d3ff96,L3,Tweet
0e66f01e-3471-496d-a670-971d31226552,L3,Tweet
4bd742f4-d4c3-4a8f-9877-dca8f1cd86ed,L3,Tweet
f965a536-23cc-41d9-8f20-5c44f2663d58,L3,Tweet
144c88b1-d32d-4549-9172-5e48f6ec7fde,L3,Tweet
08c7c205-3d58-48e3-8b6c-99e4f2c7e454,L3,Tweet
7d27f9cc-21fc-4d8b-848c-3f06a0716880,L3,Tweet
88172a4e-a324-4923-ac8f-b1dbeaf1226b,L3,Tweet
b3363a4f-f199-4d42-8211-d3bb7c7d76a4,L3,Tweet
87209954-b244-44f3-9ac1-198de8cc6a1a,L3,Tweet
8435bcaa-42ae-44c4-9205-24f8cbfd1524,L3,Tweet
c16ad626-d30d-4def-9bc5-5ecbc4400c07,L3,Tweet
389aca22-d56f-4d4e-b683-463b427f85a6,L3,Tweet
cb881309-15de-40e0-a746-f4cad3ab3a9a,L3,Tweet
05c023dd-e751-4292-9b7e-3f91dbc95ba6,L3,Tweet
f93e7b00-5a22-4fd0-bf36-378b05dd11ac,L3,Tweet
acf44335-cac6-4bfd-bc49-9834050b0de5,L3,Tweet
7df64df5-2ff4-4811-9146-ff93b3bed4f2,L3,Tweet
915d2659-50fc-49f7-9aa8-332fa32c9f98,L3,Tweet
c4ddd8a9-6215-406e-9323-d8a2624b9f12,L3,Tweet
9b8c8e1c-e912-4cd8-9d70-68593c4c8d79,L3,Tweet
d84d0633-381f-4363-afe3-aeeb179f0048,L3,Tweet
4444c167-1b30-40d5-bb7e-e074fed80d26,L3,Tweet
9350855e-03a2-40f3-aa26-5cad72f2e1b7,L3,Tweet
60cb45be-0e6f-44a0-85d3-dc819cfa0314,L3,Tweet
28c46533-e1e7-444b-9dc2-d0a0789dd3e6,L3,Tweet
6ff50d80-1437-4907-971f-0f54e06c80d7,L3,Tweet
297898a3-19b7-45be-91f0-f13e2d35bf04,L3,Tweet
9745b87f-5e95-4567-a877-0b0dfcf219fe,L3,Tweet
0ce45d61-f6d0-4c2a-8a8d-37a45f1978e0,L3,Tweet
7d754a9c-d7b9-4d9f-9946-8712e1d4cbcf,L3,Tweet
0a1f7330-4821-4910-87ec-436f03424fb3,L3,Tweet
f8dd5d47-23fd-4e10-b01c-f80c493d9f4d,L3,Tweet
5f91e6db-776b-4586-8c85-d104160232b7,L3,Tweet
6400ec91-d142-485e-b3c3-d3aa3139abfe,L3,Tweet
fe4e7d95-774d-4ba8-8722-f844f0adb8e4,L3,Tweet
bc67f305-08d5-427c-96bc-399f380fe418,L3,Tweet
e8526b35-92c5-4039-b859-5762ff58f4b3,L3,Tweet
d7dd464f-3c63-4f04-8be2-f4a81ab13c9b,L3,Tweet
654fb6b9-de35-4247-ba8e-08509bbd7ce9,L3,Tweet
b69486fb-db2a-4700-8994-847e5c662984,L3,Tweet
ef77ce89-e2dd-446d-8e93-42bc3e01cefc,L3,Tweet
c76c62fd-73ed-44f7-8e5d-0bd4678758a3,L3,Tweet
3acff149-3408-4d41-996f-2e7968538820,L3,Tweet
288aa871-f718-4b32-a038-70da3af45bdd,L3,Tweet
3fab63d8-1428-4bf5-a047-c4f433ded7a8,L3,Tweet
2de4d0ab-87ca-490d-a872-32d7f2a78221,L3,Tweet
59e883d5-a120-46e6-b43f-0198f893bdf1,L3,Tweet
9260c29a-5176-411c-b788-f3df10d07b51,L3,Tweet
654cd6ea-95ac-45c6-83d2-d74b6d0e658a,L3,Tweet
54bcfcbb-1dbc-4962-98b1-d33e75ddb20f,L3,Tweet
fff632f9-43fe-481f-ac21-58fdad5e1943,L3,Tweet
8621423d-eba9-4aa4-9c5c-3b20c528e4d8,L3,Tweet
1f36c291-2a79-4264-a761-486da3fc6d54,L3,Tweet
994ada56-89ac-4201-bd68-e10810669de9,L3,Tweet
0fe61a71-7985-4022-9386-86f785c10f9c,L3,Tweet
2989c1ca-2c57-425c-bf13-a2e9dff4a2f1,L3,Tweet
08a26226-8ac3-4ee4-9abe-4817fddadb1c,L3,Tweet
4f692ba6-97a6-43ef-9b53-9aac286ae0f3,L3,Tweet
e5c535da-90db-400f-adeb-c7fd2176b375,L3,Tweet
20ed3e60-9d53-430a-a452-348bf5fa974c,L3,Tweet
39241a9c-cf16-49bc-bc61-c4d62d627363,L3,Tweet
07fb3dd9-b809-43e1-8d1b-b84cf953dc20,L3,Tweet
4ff1cfb5-25d2-4fdc-bbf8-b8bdeb93e81c,L3,Tweet
14134544-33e0-4678-bf6f-bcb3aaf924be,L3,Tweet
2709716f-ec97-46ab-b46e-c10c7815880a,L3,Tweet
a901d50f-054b-4c51-b001-605f302ba493,L3,Tweet
a2367865-1b96-44df-91e3-2e4de79d4d6d,L3,Tweet
7aa2d816-aa4a-49da-b24f-6dfd6c973b0d,L3,Tweet
25120209-c9fe-489a-a31e-2ac66764954f,L3,Tweet
160035d9-7d75-4614-9402-f6210d1bfe95,L3,Tweet
7e50f26e-b2b3-456d-a427-174d6bb5739a,L3,Tweet
96f93572-4078-454f-b53d-7a89f0cbc8ce,L3,Tweet
1d75464a-4c83-4344-bd35-8a14debc4e48,L3,Tweet
e61cd672-2220-4d67-91ca-aacb54af12a1,L3,Tweet
108720a1-77a6-48c2-89f4-114c28f5c2b5,L3,Tweet
b3c53ff6-13ed-47bb-b42f-c7be5946c7ae,L3,Tweet
56788455-2a65-496a-b0af-307d868be0e1,L3,Tweet
8412fb12-ef90-45e2-85f7-174c9cb44c4a,L3,Tweet
05ff3030-ec0c-4d29-a3ac-11fff058662b,L3,Tweet
b58970a6-13ed-4d8b-ac64-71dbd97e003e,L3,Tweet
ae8de277-dab9-4880-bd65-79123f325d39,L3,Tweet
8b5a6022-3a31-47fd-8c1c-69db436b0d92,L3,Tweet
6cf96461-c52c-49ba-a800-880e46d1805d,L3,Tweet
8215a694-39d2-4a3d-93be-430f44696759,L3,Tweet
b3d97915-41db-495a-a36a-5871a96cf1bd,L3,Tweet
f84afe4b-ee2f-4d43-a176-4578e9f4b114,L3,Tweet
64ba74e7-05c1-4273-9afe-e3830a416122,L3,Tweet
63c952d5-4f94-4f9f-a6d6-7a218fd7c2ef,L3,Tweet
36fdba62-26c3-43cc-ac74-25b578a7be35,L3,Tweet
26c68536-555f-417f-aa64-b882894b093d,L3,Tweet
5944c41d-a73d-4d7a-9b81-a4b84fc2ca8c,L3,Tweet
e805fdab-0363-4f40-9272-bb891d31eade,L3,Tweet
baa8739b-7dff-4de3-9f96-95b23337b868,L3,Tweet
b0f91b2a-e948-4412-8559-72aa98b1fa2b,L3,Tweet
04c25b20-8265-4b04-986c-9b2763e6fb2c,L3,Tweet
96fbf7eb-e270-41d2-9203-46d709134e90,L3,Tweet
c1e302dc-afdb-4d61-8f1d-bc850af0c376,L3,Tweet
d97e4d2f-72a8-4357-ba1e-f1c172f5d57d,L3,Tweet
2a913144-74f8-444f-a33c-e8472bc1fd55,L3,Tweet
1cdc31b6-5e36-4132-8461-d9cbb66334e0,L3,Tweet
5de2107c-63d1-4275-a2b7-162a03cfbb84,L3,Tweet
cbea1c14-6eba-4b97-9efe-52e64c7ec695,L3,Tweet
a0e856d3-d1aa-4b09-a0da-03ae04997ba3,L3,Tweet
8298e819-62b8-4f2f-91ce-70c7ac386bcd,L3,Tweet
32cc4b46-95cf-443c-a9cf-93936e0cd6b5,L3,Tweet
55f67946-43a3-45a4-ac2c-dba089005d21,L3,Tweet
5154ef5f-8dcd-4cfa-8ec7-15713ccd78b0,L3,Tweet
54d9490b-e1a9-4925-82f6-b17a25422090,L3,Tweet
515a3586-9cb7-4ae0-b96f-dd805a0eeb02,L3,Tweet
edcc2ddb-05ae-4011-a49b-257683a8ea32,L3,Tweet
64577e4b-ca77-4fdb-bab8-043a07707bbc,L3,Tweet
c98d3e6c-70dc-4b86-a590-43a116f2baf8,L3,Tweet
dbf01180-6f02-48cc-aff9-ad6c69541730,L3,Tweet
d0693484-aa42-4d5a-87fa-cebb902c3593,L3,Tweet
90f55389-bb53-44a4-ba87-1fd1155d0ee8,L3,Tweet
44be5bcd-5eea-4198-a814-135b09d4e8da,L3,Tweet
e7933a64-8d3e-4345-a6a6-59cca38d443f,L3,Tweet
0632ad44-a295-4795-9b8a-cfe9b1be3028,L3,Tweet
47438c87-5370-4622-b5a6-d64254b7c4b4,L3,Tweet
6be25cdb-526c-45fc-95f0-8249b06c5892,L3,Tweet
3f46643c-96d9-4fd6-a99e-a99118098add,L3,Tweet
d55b2149-f57c-43e4-adba-3d7412cff6ba,L3,Tweet
689c1983-fee0-4255-80cb-b064c17819cc,L3,Tweet
1c54cb4e-b656-4578-be2d-66653c747273,L3,Tweet
d851acf9-a821-4712-8fe3-13099dcbe6c0,L3,Tweet
571358ca-f77f-4e2e-82a0-710523dad875,L3,Tweet
1760182b-61d5-4698-bd0d-4de8d204a762,L3,Tweet
2d3afbfb-019d-4666-b123-3d39f78ddb06,L3,Tweet
801a692f-58f9-4296-bb5b-4053568d7cd2,L3,Tweet
812a961c-56ac-4633-bf94-6a704d542bd0,L3,Tweet
167c40dd-e487-4ea5-92d6-846a256c83d9,L3,Tweet
365a801d-321e-411a-8266-40f1266cab6f,L3,Tweet
fd7bd7ac-3043-4e8b-a325-0cc0909e2b35,L3,Tweet
f3849fe4-1c35-493d-a48f-e9f75b5d72e4,L3,Tweet
3048c00a-2109-417f-8288-819f875c663e,L3,Tweet
ec949178-eee2-45c0-98e1-fa014cce2f89,L3,Tweet
b0b64e56-284a-48e0-9a8d-006da53a3364,L3,Tweet
433582ed-3b96-48a5-807a-268c7053e4a5,L3,Tweet
26ceb563-1e42-4e86-b4ba-72e1c2d293ff,L3,Tweet
73a1f7c5-d654-49d4-b635-1bcd55773760,L3,Tweet
69153aa3-5f3c-4a86-9a70-4c0bd8c1e155,L3,Tweet
8f189d27-e35f-4523-8693-312e8f937ddc,L3,Tweet
f49bb3b4-5395-44b5-810f-5ebf3e7ed564,L3,Tweet
23a82da1-dac4-415b-8b39-958351e82f4d,L3,Tweet
878e7e6a-97f4-47a2-9cbc-e317a86cb3cc,L3,Tweet
6debc7f1-c3d9-4fa4-8205-695a9a7e9e53,L3,Tweet
36cbc8a2-ba14-47d9-9340-927c3757fcc1,L3,Tweet
0f3b8102-9af5-47ca-a84b-341f15f0e37d,L3,Tweet
aee3b45e-8ed7-498e-a733-12c08b7425b4,L3,Tweet
ebb5732c-d9ed-4590-bdea-04129d6d583a,L3,Tweet
4239d876-745e-45be-b4d9-7c0edbd049c2,L3,Tweet
62f904f3-ec22-4220-8be6-c0f854b98fcf,L3,Tweet
386fd7cc-1491-4166-9aa5-f073ef9610f8,L3,Tweet
29ebba5c-4dc0-4e09-b8ec-db8f0370ffbb,L3,Tweet
ef514751-1eeb-4786-b6bb-87646e1bb023,L3,Tweet
f8103017-4858-42c9-a099-1f9ec6e6519d,L3,Tweet
0171ce27-095a-46ac-a33f-7d6b163ab9e3,L3,Tweet
3a041879-aaf3-4d36-a046-2e24585450ce,L3,Tweet
1147f6a2-93e4-43b5-a6fa-408f8ca16c78,L3,Tweet
b93b9157-d446-4dc4-83b4-539c6504df76,L3,Tweet
c0381eb7-abae-4b60-b828-c96d1ce1ef17,L3,Tweet
5020bf83-3fb0-43c5-be3e-04535ceb677a,L3,Tweet
d7119f27-be5c-4090-babc-431cca3b5636,L3,Tweet
25d3317a-a75c-4376-a12f-e8b4748d69f2,L3,Tweet
ef0b08cd-fbd2-4d37-b010-8926e6aaebc2,L3,Tweet
bebf8798-0480-49d6-b749-53487edfcee2,L3,Tweet
57c8714a-be89-4583-b6f8-6254a6f49e33,L3,Tweet
9b1356f6-3ed5-427e-ae2d-8dade61a8d81,L3,Tweet
68c7576d-c442-4201-aa32-5bc8b836cfc8,L3,Tweet
e75aa16f-4934-4420-80f5-4b2431c7e93e,L3,Tweet
7ba8f536-ee15-4286-a203-7161b4f4585e,L3,Tweet
5f451259-7b38-458c-b095-d34c931a46fe,L3,Tweet
d0410d79-9c71-4c9e-bd9b-01fd52d04799,L3,Tweet
6c08a38e-697c-40eb-9766-75eb653b136a,L3,Tweet
c9134d5c-6b8a-4f30-96ad-ffc93ce32d40,L3,Tweet
cb37202a-570d-414d-8999-7d81fe8e31a4,L3,Tweet
865eb3fd-cc70-4850-9921-8bc937915bb1,L3,Tweet
266fb6e3-11c9-48e9-8436-1351699293fd,L3,Tweet
e625acd5-5caf-4145-89b0-c792c761615b,L3,Tweet
553951e3-7727-4959-823a-e32a5dcab8a9,L3,Tweet
a1d77002-2393-4f0e-905a-74e945f551eb,L3,Tweet
1f58ba19-cfe6-448a-9e09-3613600988de,L3,Tweet
8864743d-ccc8-49be-b71d-e544f159b1d9,L3,Tweet
14b3ed84-0f1a-4da0-ba44-3a4d8a290138,L3,Tweet
87ff5dd2-4982-4acf-8c81-8b25aaaa214a,L3,Tweet
8a608e0e-e092-4bae-9125-5ce3035153a0,L3,Tweet
cd33d0aa-37a9-45c7-99cc-d8b1fc145ff0,L3,Tweet
6c1d8515-7a52-459f-8889-2354a89b7ede,L3,Tweet
663ff9bb-35b4-439d-8fc5-b660a4585e01,L3,Tweet
a392a09e-1741-45f5-9494-7079cf50fd9a,L3,Tweet
eb5615f3-d377-47c2-862c-a1f8bf2bfeba,L3,Tweet
36c6b88b-c80e-441f-b94a-379eb3a23b85,L3,Tweet
92b7e4df-b52a-4887-aac4-86d7c9f3ceca,L3,Tweet
40f69830-03b9-42d4-ae75-895ad5991945,L3,Tweet
e537e3fa-7302-4cba-81bf-bf32bc965252,L3,Tweet
1720b806-0de8-4c2d-9a10-810948f4752e,L3,Tweet
d9a6b6b8-8230-4850-b862-26e2d85b5e2f,L3,Tweet
289ba9cb-e233-4f5a-9124-626f887d45e2,L3,Tweet
a44e01e9-2b48-429e-ac10-37c932444481,L3,Tweet
55852b58-35c6-4351-a0a7-d6015692c5a6,L3,Tweet
a0fec882-7d29-48a5-8d01-52dab0af533e,L3,Tweet
d0bf01c2-c689-4567-9e70-5ab8249c7d85,L3,Tweet
e9e8aa6b-af6e-412f-acfc-a20752c86854,L3,Tweet
c5a7605b-3840-4959-af9a-283cee948b9b,L3,Tweet
a5884cac-dd35-46fa-a710-42d410cdeced,L3,Tweet
98b024d2-5109-4441-87dc-09bf4ddb795d,L3,Tweet
98e26eac-df0d-4b2c-bfdf-64d9cd894d18,L3,Tweet
c41202f4-be27-479d-9351-1d70fcb38b78,L3,Tweet
f9ddf824-2d1b-49c9-9db4-f4d4f3e32312,L3,Tweet
18e96765-4b56-4c7e-84a7-48c7cb838d31,L3,Tweet
097732be-d910-46f2-91d6-dcdadb6bdb91,L3,Tweet
9ee6a198-cbb5-41c9-a7d4-5f910f3cf1bb,L3,Tweet
b17eb328-40b1-4a0e-9973-ba3951c1cd05,L3,Tweet
c8b84c34-8985-4c04-9ba6-af4797e74ef3,L3,Tweet
47a5b14e-0933-49dc-9967-d03a0d763620,L3,Tweet
3705a47e-6f5e-4f6b-960e-b0331f53b7f9,L3,Tweet
e9342b8a-f19d-4800-b698-48ca0954452a,L3,Tweet
c6184f51-4e17-4218-a520-36b858f768f6,L3,Tweet
6c8ba6f3-0b5d-4f21-a00d-401157f8639e,L3,Tweet
29f92f3e-db35-40db-9f32-467a04adfdaf,L3,Tweet
38e592cb-9c01-4980-8b61-efaba9a2c269,L3,Tweet
15757732-94f7-4046-b9f9-cc028ee24bfa,L3,Tweet
fbfadc7d-8e10-455f-81cf-15bb0cee39f9,L3,Tweet
270dc50b-52fc-401d-b95c-13d6499ec36f,L3,Tweet
75b5ca52-f660-4af8-83d9-6e4e343e57a4,L3,Tweet
ecdfa0af-2fa3-46cb-9e73-de43ca428407,L3,Tweet
d1842c78-98dc-47df-8a87-c0080d7cd8fd,L3,Tweet
921ea255-7c9b-4af7-8079-4b548e45bf93,L3,Tweet
24b26bb7-fa87-44de-8ac5-e29918be1c37,L3,Tweet
f1dca933-c38e-43b1-97bf-b1ff3c0e1011,L3,Tweet
b98c0653-37ab-421c-9088-44e2c1c219a7,L3,Tweet
63f126e9-26d3-4e71-8511-8db5b8e9f34f,L3,Tweet
1ef3aa76-5ddb-41c0-8658-3dd5fb83ce28,L3,Tweet
7b654dc6-7b77-4b15-843f-b79905faf1ee,L3,Tweet
5041747c-6da0-422b-90a6-59030fa83109,L3,Tweet
1140ec21-4868-4cc9-8d04-8444f6f6e492,L3,Tweet
75cb079a-fbc1-4769-98a0-5cc84157c878,L3,Tweet
6dada722-b62e-45dd-b487-af3021ed206e,L3,Tweet
14b241e2-c398-4b88-9f66-80a5237dfc8d,L3,Tweet
4aa9ab92-dd1f-4a65-b49a-a54769ee678a,L3,Tweet
3f61eaf4-ea70-4e43-9ede-16d431aac1ae,L3,Tweet
fb193b5b-06e1-4498-a25c-71fd5443bde3,L3,Tweet
5d0b1bc8-d09f-439b-8be4-3db3e7166f33,L3,Tweet
f79f7de1-70a0-4f27-a9bb-436088877dd8,L3,Tweet
59c81f15-2659-4896-bebd-8839cf8ea21e,L3,Tweet
7e892aca-f007-4164-b7c1-bfa9ad4f215d,L3,Tweet
aa3eb93e-6219-4222-95e0-a5ac6579146c,L3,Tweet
4d8dd249-05f3-4436-a886-2f7bcd7587f5,L3,Tweet
ca990290-ff0e-4aca-abaa-861dedbdcbec,L3,Tweet
83b5de7d-ed55-400f-bc2c-16e01b95b78f,L3,Tweet
9f9d1aa2-aae5-4e2f-b4fc-00bbff05636b,L3,Tweet
5dccd7ad-1986-4e75-9a61-09d8153bb9bc,L3,Tweet
03828534-3eb9-4d14-bbf0-9d66a2eef6ac,L3,Tweet
e3566315-868f-4d22-9276-a4051a723e1f,L3,Tweet
5e03a94c-a883-44b0-a070-a9bd2581b5f3,L3,Tweet
1a69cc5e-e5f7-4396-b967-4386268c9f06,L3,Tweet
b6f241c0-4488-4efa-a4b9-7dde228780ab,L3,Tweet
fbb2a087-f6a5-4427-b694-516e61ceba14,L3,Tweet
a631ba39-3c77-4af5-8480-037baa3fcd29,L3,Tweet
9d7380a6-06cb-4809-8de9-7f398065b006,L3,Tweet
d05a7cff-8cb5-408b-a0c0-2e498a322c47,L3,Tweet
5e60ee84-b709-4303-b9cf-c7fb903efba5,L3,Tweet
6bcf7eba-3735-4294-a94d-b0d27ec7ed30,L3,Tweet
05e46c62-5383-4b84-9967-5df61d642d2d,L3,Tweet
903cbcff-4ac5-4a83-840b-a3d8aabc5a86,L3,Tweet
86485c48-24a6-4639-9444-f6e312ee92fe,L3,Tweet
72eb18ce-4ebc-49da-beac-3f3dfa52290f,L3,Tweet
11bd1dfb-49a6-4ca4-9517-415b11cec648,L3,Tweet
5ef9be49-e83f-45fd-bb6d-c6ea0ffce1a4,L3,Tweet
d0e5dd65-9dbc-419a-a4dd-2365dcc08631,L3,Tweet
99fd4484-91e7-41e2-a495-2caa79dda922,L3,Tweet
9a57e3ae-6092-40d4-af0c-0cb1b7a59a5a,L3,Tweet
c01acc36-2422-4366-86e5-2ea88cb3769e,L3,Tweet
3c9efccd-9424-4010-ad56-7429d859eccf,L3,Tweet
65aa901e-3667-48d8-bff8-9d5c05e26b91,L3,Tweet
d715c56b-d558-41ef-9d59-c546c16e5612,L3,Tweet
1fcfd62e-9d89-4987-b40a-ad02c9fb291e,L3,Tweet
eac8eeb8-bf80-4f59-87f7-e2bc6e367560,L3,Tweet
6887940d-9023-40dc-ae17-6f25fab85607,L3,Tweet
1e207269-2d0f-4c72-824c-1f072911bf4c,L3,Tweet
7ef37444-e914-471d-811e-4a3a0b6877c3,L3,Tweet
83eaeb78-512e-4bd5-b683-48a4d6b88469,L3,Tweet
a6abd05a-6900-4966-a5dc-55e788d61a15,L3,Tweet
f565190d-501a-4287-9a5c-087ede6aeab4,L3,Tweet
a8699d72-210f-4b30-9aaf-8a9e95ebf6c4,L3,Tweet
8215d1c4-47e6-4730-bb09-531ecd7df7f7,L3,Tweet
59051945-e952-460d-8dff-c77e71eea172,L3,Tweet
d417ff9d-33fd-4ba5-93bc-30e88c2a7752,L3,Tweet
2d819f28-fabf-4084-a4ee-c58672bf8b2c,L3,Tweet
4419ee03-de15-4fc6-b4a0-b0969778f95c,L3,Tweet
c78635d0-1f77-4f1c-9afd-c3fa1bc8b8c3,L3,Tweet
75a693ff-a41c-42c6-9d26-1113a2ad4f9a,L3,Tweet
a9067242-d928-4de7-bb89-a116e86051d8,L3,Tweet
35bca24e-75f8-4fc7-9de9-aa940747eeb3,L3,Tweet
b214b08c-8027-4d32-966f-f1a4034bdbbe,L3,Tweet
3a4f4b1f-64b3-4987-9543-11e629e78548,L3,Tweet
1edc60bc-acc2-41c8-9117-3258825238cd,L3,Tweet
ada1298c-fcc8-45ca-b9a7-379658fa0b86,L3,Tweet
7ab11a5d-797a-4b8c-8f99-e599b205933d,L3,Tweet
d5c491cc-91d9-4265-ade3-3d15bcd31807,L3,Tweet
005fe3b9-a989-4deb-a909-f80b8f829f0b,L3,Tweet
dd178a89-ff82-4c8b-8eeb-4a40e773912b,L3,Tweet
6bd82027-3aa5-41fa-960c-c803e7f256af,L3,Tweet
d1432dce-f600-44a3-adb9-945a211de710,L3,Tweet
528052bd-4808-432a-847f-d09cefdd52d1,L3,Tweet
c0dfbe6f-0ef4-4e21-bb72-3aa58840b868,L3,Tweet
6ed78a42-9a90-4ad6-9efc-4fd268d4bd6b,L3,Tweet
00107776-2db3-43ff-91ed-b4f079e57d7e,L3,Tweet
86f5c632-a060-4aa6-912c-4c201cdf48c3,L3,Tweet
000413fb-599c-4c8e-96e5-1a10877cf517,L3,Tweet
e2ca131d-4ad5-4ade-8986-5405d8989422,L3,Tweet
10f512e4-b518-46d6-972f-193a5d4ec712,L3,Tweet
85dddb86-859c-4054-8ed0-4e91fad4ad13,L3,Tweet
bbfabb90-7aae-42b9-963a-31f7bfb7b0ab,L3,Tweet
0e8e3ee1-41a7-4249-bd3d-19c5988fac24,L3,Tweet
a679ab8f-56d1-4fcd-a8cf-bd588d652d31,L3,Tweet
17f4af27-8929-4183-8b11-af8b69367f5e,L3,Tweet
68d538bd-0ced-4602-93b2-ca9607798781,L3,Tweet
efa1e713-9bd2-44a2-810d-0cf7b740884a,L3,Tweet
17d36bbd-619e-4ab3-87f4-be789bfd4658,L3,Tweet
627ce7aa-e51b-4a3f-bfc3-5b0408b2e705,L3,Tweet
016ddd10-3ed4-4b0b-9873-3376fc0a39c0,L3,Tweet
6b88cbdf-21b2-4f86-b625-bbc2056699c6,L3,Tweet
da1f18c7-2f5f-4dc2-a8ef-ef6066093e8e,L3,Tweet
b905927f-f406-451b-90c7-ed545c2f6f39,L3,Tweet
df6e223c-0d21-4e76-a318-243982082aa4,L3,Tweet
3e692317-b42f-478a-a8e2-1b9c3c45663c,L3,Tweet
57c6d88c-428a-451a-81bc-8e789909ecd7,L3,Tweet
ba480a55-f941-4f16-a84d-a162df9be87c,L3,Tweet
6d5d3725-9e12-41c6-9420-142151404559,L3,Tweet
43f0f87a-b561-4e3e-8885-cdf5605064ad,L3,Tweet
c525bab3-2c0c-4304-b9fe-ad10c4489f7d,L3,Tweet
858e91f8-fec3-4751-9683-159930ab87aa,L3,Tweet
f8cce602-e185-44de-b990-2a7574f1678c,L3,Tweet
9584e469-62c8-4b32-96da-1022e1f46dfb,L3,Tweet
c04c719c-4e50-4ebc-9f9f-7c107410fbbe,L3,Tweet
7a20fd34-05cf-4353-8051-16890757431a,L3,Tweet
501ff6cd-9bb6-4160-9d8a-1678b8c73294,L3,Tweet
6da2552e-4a27-4fd0-a717-cff6b1fe93e2,L3,Tweet
17d2908f-4211-40b6-97f5-bb52ecb66e4c,L3,Tweet
7c04d147-ddcb-41e5-9164-f13246d692f4,L3,Tweet
0e1639ee-9c35-4e27-8ef7-20fc5e3b9c72,L3,Tweet
803aa218-618c-4cb6-9e52-71bc39230276,L3,Tweet
39cde340-bc14-464b-94c8-e8b604f2f3d2,L3,Tweet
d13163f0-f3fe-4534-8ce8-e2271a0f88d6,L3,Tweet
d6719268-8aa8-402c-b60f-5b342f873ac2,L3,Tweet
98c45253-05bd-4f7f-b796-e75eda7fed81,L3,Tweet
63085c80-cb27-4fb6-9b30-d0a42082fada,L3,Tweet
fc8b78ef-4581-4191-ad8e-32ed0a193478,L3,Tweet
2077363b-7f64-4a48-b165-e7b9690fd1f5,L3,Tweet
6d0cab1d-b806-49db-982e-313d48872a50,L3,Tweet
59a88edc-6998-4b0f-96a3-455fdd8ffd84,L3,Tweet
d5bd0334-cd47-49ef-a38a-bdc75335be42,L3,Tweet
9420e948-93fc-4bb5-8ec7-aea05596118a,L3,Tweet
425ec192-20ff-40ad-96a3-c5bbb8124dac,L3,Tweet
0d9cd7b4-6c71-49b0-9394-b064e4060b85,L3,Tweet
16db30ef-634b-4f13-b09f-842a94ac250a,L3,Tweet
c67b0538-e669-4025-9bdd-17d1a690be60,L3,Tweet
67b4aab4-faa9-4d0f-9670-64b711e6949b,L3,Tweet
d8614c28-53c2-4d9c-a351-c8a23e93bcce,L3,Tweet
2159e8c8-f22d-407f-9dce-2c3084ee39af,L3,Tweet
d3a73c78-44a0-4e7c-bdb7-d11fc2b53f9a,L3,Tweet
4b2825f3-5b05-418b-bc0a-3a266d345988,L3,Tweet
44ede164-bca1-4191-a7fd-cfb37ba5c757,L3,Tweet
d559f3b1-91ea-4567-9d88-2a035e841fc5,L3,Tweet
39e0f69a-f3ca-4b37-9df9-65332d9c1130,L3,Tweet
1dac6e0b-c667-4d0e-98d6-bb23e2c7d93a,L3,Tweet
445dc748-bb71-4f0a-8a67-69ea4cf3c7a1,L3,Tweet
18dc85bc-9eae-4362-a22d-dee5d2f91723,L3,Tweet
ac70f94c-4816-45b6-aa58-40a57bd66122,L3,Tweet
f69a0447-a5b2-443b-b235-ebfd3f428de1,L3,Tweet
32d6c23f-e2a7-475b-8424-895ce4cb21f2,L3,Tweet
711748b6-28bd-4499-aab5-254c67c05dc1,L3,Tweet
49fb6013-88e7-4267-82eb-f66846e33689,L3,Tweet
9005ca22-56c8-491b-94d4-866310902b16,L3,Tweet
2ef2ff64-1c47-46f6-80b6-247730e041bc,L3,Tweet
d7812f55-e6a6-40cc-b4d1-f16fddedb2c2,L3,Tweet
42a4dea9-662c-4e8c-87e8-a2d2c5fb5689,L3,Tweet
16970b78-2879-4209-ad04-ac0b392e616b,L3,Tweet
f64dca44-9276-4598-a204-55b3d904b8f4,L3,Tweet
0edaf7cb-b760-4498-9a49-a6ae95be8964,L3,Tweet
2c22dad3-b11f-4589-b98a-2025476f9bdc,L3,Tweet
028610a4-9fcb-4101-a4fe-74f4d5f6bbf8,L3,Tweet
9a48bee6-cc35-40eb-8844-956686d98ee2,L3,Tweet
f90629f4-e192-4103-9fab-924e0a3f389d,L3,Tweet
c30d8ba3-e4bd-4669-b97c-d4188a620557,L3,Tweet
1ea39d51-1ffa-46e2-85af-8512c9503875,L3,Tweet
f006add7-98a5-4c28-8784-121005f3d659,L3,Tweet
46a67fd1-5746-4c3b-be88-c6596bb70f8e,L3,Tweet
98c1cd64-e23c-4764-8014-48e698c33c54,L3,Tweet
8f91f2ba-0f56-4bae-8813-f67f84aedd2e,L3,Tweet
47ead29f-cda2-4efe-be24-0e4b91ef65ef,L3,Tweet
3d7ddf99-9bca-4867-bea6-6848fd81e03e,L3,Tweet
c727d2a3-6311-4138-953e-17df0e29316e,L3,Tweet
591b86fe-84e0-4157-a922-f35fa593e564,L3,Tweet
3e5acafa-19b1-4955-b806-7e58a5b3edb8,L3,Tweet
2bb7947a-3be0-41a1-b1ff-e416289a0dd7,L3,Tweet
0b449ca2-b318-4270-836e-31f74e54816e,L3,Tweet
52e1930b-7302-48b1-b9c4-41bf26f2b876,L3,Tweet
afc37cdd-ed8e-4f64-bc26-63ae819b75cb,L3,Tweet
b83922c0-eb87-4061-8f4f-a58ca2e7945f,L3,Tweet
e728c1e6-9e06-403e-900d-4de87399050c,L3,Tweet
057984d3-1528-4872-9355-9deecd728d31,L3,Tweet
f0c94950-0e93-4b67-851e-523abebde9e8,L3,Tweet
c5240e88-3404-40c2-a39b-77e0b5bb302b,L3,Tweet
aeea750d-9ea3-464f-90df-e1b3ab324c24,L3,Tweet
993f889e-137a-4b0d-82c9-6605d870d490,L3,Tweet
c482d332-7d8b-4178-86ab-68d7ddbd50c5,L3,Tweet
2f171ea4-23d3-4582-86e9-e404a0d1f775,L3,Tweet
8823e47c-9a6e-4ee4-8566-47b2c9efd001,L3,Tweet
59dcc3d8-88e3-42e2-a078-63eb29389312,L3,Tweet
e3250e92-8594-42aa-ae62-5e4765bfc8b7,L3,Tweet
47866317-1879-4e98-afbf-d9d1616fb597,L3,Tweet
6237cef0-d376-479a-9c92-df464bca9c01,L3,Tweet
56ebee18-9b65-4112-8de6-029753266455,L3,Tweet
2016eb9d-b761-4d0a-aa95-b59efe5e5aa1,L3,Tweet
0d49f88d-034b-4402-b22b-2ce18d48b90a,L3,Tweet
8dcf36ae-173c-4b8a-91b0-54c387aba105,L3,Tweet
511b81d4-9676-48cb-b9ab-90ffd52d8cb2,L3,Tweet
a0b32447-4bf7-40c6-b61d-939dc9e8816d,L3,Tweet
a162405f-7cfd-48dd-b868-abb9ab660507,L3,Tweet
6462070a-cc6e-41e6-8097-db198dba1120,L3,Tweet
be7be076-5af0-4765-b978-f5db19dc2a49,L3,Tweet
5877e115-97c9-4ba8-9d50-e83dc79b7314,L3,Tweet
46cef0ae-4897-4294-98b8-bffe8dbfffad,L3,Tweet
2fe75e33-6b35-4c73-bd78-0e9e58b8e8b3,L3,Tweet
d1e46fb3-fd79-4ca7-8f5e-15f93213f6f4,L3,Tweet
711db01b-2a91-42ea-9bc4-daec6225b4ff,L3,Tweet
278a07af-a64d-42a0-ac10-1386623ade47,L3,Tweet
013468f3-2036-4df6-9cb9-bb437f283fff,L3,Tweet
4c8fe637-2a54-47fa-83f0-e8e6f3b47888,L3,Tweet
d5704249-754b-490e-861c-c67fc655ed2d,L3,Tweet
e40152da-dc1d-40c4-8f1d-9e384e90fa78,L3,Tweet
587bd2c3-254b-49e3-bd89-78369557438c,L3,Tweet
023b0325-87da-452d-905c-5ec5f47db814,L3,Tweet
74acbd48-3ae4-43d8-9eb7-f059dc9e3e96,L3,Tweet
67e467ed-2aa4-4f86-ba2e-be4d676a203b,L3,Tweet
1d586227-e4f3-4361-8dd2-5d27b2c92505,L3,Tweet
2386e330-96cd-431d-b1dd-9826095306f8,L3,Tweet
f978519c-26ae-4c35-bad1-2eb261b79989,L3,Tweet
8ffe13d7-77f8-45a6-ba31-5d8ef3888cbb,L3,Tweet
bd7b05fa-d306-4e28-8198-6e4edb109844,L3,Tweet
3a636fbf-e81e-471e-93ce-df916affcaf0,L3,Tweet
4b507a81-441c-4f1a-8e82-1e652f366300,L3,Tweet
063cd7a2-3bc2-4bbf-b2a9-539bc78dd031,L3,Tweet
3fc6c3cd-516d-43ff-aab3-cb72302fb6d7,L3,Tweet
8bde56e4-e13b-4f00-854b-f79413d78b1d,L3,Tweet
3f3f71df-953b-451b-980a-a719d6832d68,L3,Tweet
4c320f26-a7d2-4aad-8e6a-e823b1a09233,L3,Tweet
874d8a97-5cb9-48a5-b2e3-a6ccc1938275,L3,Tweet
e5b28efe-f841-42ae-83ad-2255d31940e9,L3,Tweet
923b1743-98ff-4bdc-9af8-c1ef14d1fe55,L3,Tweet
65570075-bd13-4980-a350-adfe34aa4967,L3,Tweet
2ce62c44-c045-42b8-9d4a-2a3bbd4ce31a,L3,Tweet
b8141d5f-b02d-49cf-80df-f0d50a3b53bb,L3,Tweet
01834389-ab3c-4cd9-b64d-b98c7cffcdad,L3,Tweet
8edacee5-5ea7-41f8-93f9-789658e0f8c4,L3,Tweet
eab003ea-3399-4c2f-8ec0-77176922b1be,L3,Tweet
804e6d4c-0ff7-4ced-afb8-10f22b637f25,L3,Tweet
46dec9ed-d84d-4c62-be5d-cb0d60acffa5,L3,Tweet
3191725f-94a3-4a6b-9333-e7c00e1b9e43,L3,Tweet
20a9daee-7609-40b9-807b-d25a28ba7afb,L3,Tweet
0c6d90a4-c838-48d9-a5be-fbf704d6bde5,L3,Tweet
d4026fe8-e314-47f6-8abf-d87b11d64e3d,L3,Tweet
10f7a402-297b-4ef9-9eff-20ce953366d3,L3,Tweet
6eef156b-7569-481f-998e-c77854e44624,L3,Tweet
611a6be5-8e15-4f2b-a220-311c06f0837b,L3,Tweet
332d9044-d4c7-459c-a4bc-76bdcc8189d0,L3,Tweet
f888436a-2a32-4260-8613-5423f8861959,L3,Tweet
bff85069-1337-4a26-bf62-e911777cfab7,L3,Tweet
f0baceab-ddd5-4e2c-94cf-9d8892ae6141,L3,Tweet
466d5c23-16dc-4d2c-828f-44bbb74e078d,L3,Tweet
daebcd80-9a21-46cb-8428-528237815af9,L3,Tweet
6c479d2d-6f71-4d6f-a8fd-cadecec50cf2,L3,Tweet
7a850ae3-2f60-4ace-b680-47eb8a67c729,L3,Tweet
f83cb0b8-39d3-4052-8aa6-97c7f9352709,L3,Tweet
f66287ea-911e-4060-b411-748973a0d0ed,L3,Tweet
527e5cdd-29c3-45ea-82f1-169945f76945,L3,Tweet
9ca6aa85-2b20-4f60-9dbf-243212339070,L3,Tweet
81ec6114-c290-46a6-9cd8-7069a2b9a81b,L3,Tweet
0e841f15-9218-402b-9922-6062d12a1a3a,L3,Tweet
8722c714-8845-4b47-9d54-2ca0b030cac3,L3,Tweet
a9bfe720-374a-4073-9953-a75377302e98,L3,Tweet
47f01efd-876d-4cea-9a97-248aed4f8172,L3,Tweet
2265a47b-2424-4303-8803-d1b9db4f86ea,L3,Tweet
65f51a94-4e50-4e6e-9cdf-34d385518387,L3,Tweet
359e6f24-96ac-44b7-98ee-d90592bdc625,L3,Tweet
211aa924-ffe2-4e00-9dc1-e24f2314ff3c,L3,Tweet
322d0b9d-cbf4-4f3d-8db2-6d81696e6f4c,L3,Tweet
4a22aaac-683f-4d65-8dad-98f3463b81ff,L3,Tweet
0264a373-fdcb-4882-a717-2261ec2f9bc9,L3,Tweet
5e2c005e-39cb-49a8-9dea-8d6868ac03a8,L3,Tweet
b799c426-2161-495a-bfb2-0655a2371898,L3,Tweet
fc7d5c67-850b-4416-8bb4-b27e9a699e05,L3,Tweet
57d8eac3-a8c7-4299-8d3e-69b537136fa5,L3,Tweet
dbceabe6-8702-43a7-984a-178db77d64b1,L3,Tweet
56f48fb6-6d7c-4bd2-8d2d-c71f631a48e7,L3,Tweet
31c55227-07d5-4a28-81c6-2c4ebe7b6c1d,L3,Tweet
2c778e09-09d3-40b7-81d9-1e9c5247d519,L3,Tweet
20aafb9f-374e-4d7d-90df-5bdab318d216,L3,Tweet
b1d3ddac-06bf-4e3d-978d-4238dbe67928,L3,Tweet
b816dd39-5f07-455f-8eca-c9e1d6fedb5a,L3,Tweet
6c99a06b-2054-489c-8e3f-169e4d999099,L3,Tweet
e70da698-df68-4f29-ac00-4389656d2565,L3,Tweet
49836ad7-24e4-4832-989a-81812efbfaf9,L3,Tweet
e0bea116-0244-4419-af91-0594b9ffffed,L3,Tweet
58cb05c7-8338-4de6-a4c5-14ce9f71fc36,L3,Tweet
cf7f09ee-deb6-4dd2-bb17-29e34b7fddaa,L3,Tweet
d7401f96-b093-4457-96d1-bde5facd5706,L3,Tweet
89586b27-fafe-496e-bd27-e41b341f63de,L3,Tweet
832817e7-6277-4d2e-9785-aa469c371570,L3,Tweet
fc63d375-e966-4c9e-bbaf-077ffea4bf37,L3,Tweet
4b8de9e1-e3aa-4d9a-b186-c5fb335fbe10,L3,Tweet
97ff463f-b8b6-43c4-89fb-e1d5b0defc37,L3,Tweet
912cdb19-3614-4bb7-9dc4-78c721fe3e5f,L3,Tweet
24c2fa07-e7ca-4b30-96cf-f7a50c0be6b3,L3,Tweet
afa8be4d-f2b1-4d19-8aae-082ba1dfdf0b,L3,Tweet
b39d4abe-ea9d-419e-887a-6e931f8f61c3,L3,Tweet
eb16e2c0-f6da-4147-9c1f-f352119808d8,L3,Tweet
9f787490-1e79-4d00-9ead-1177dd4c0f7d,L3,Tweet
04b05bb5-cc73-4b87-a5f7-45ea055642ef,L3,Tweet
dacf7845-4341-4e11-b042-d72660ff09f0,L3,Tweet
bcae7557-1f63-4b05-80d2-c08d97b6a38e,L3,Tweet
43cd9f36-79b8-4821-ba83-5c3fc9e471e0,L3,Tweet
1cd93d73-46f4-44ec-b505-1ba48aad79be,L3,Tweet
d26a86ae-5e32-4d05-88c8-c7666713cba2,L3,Tweet
44e5adbd-9041-4e09-99b3-bba5a3315534,L3,Tweet
34cf6d3e-b8da-4dda-9d34-ca84817d8417,L3,Tweet
544e6be1-13e4-475c-90f4-5cff27485248,L3,Tweet
65102786-fbc2-4b6c-954c-36a31e936c42,L3,Tweet
7e381d58-2699-4aec-8eab-0ad9d6446a49,L3,Tweet
45fecae2-4c19-4878-8deb-79710faa3c7c,L3,Tweet
7bc5f595-c054-4ac2-88f4-f8a3534eae80,L3,Tweet
ce09cb4e-b358-4492-aed5-a83ba300422d,L3,Tweet
535a7177-62bf-4897-9872-14a20368c3bf,L3,Tweet
347bde85-78df-426b-b05f-b65523d93673,L3,Tweet
0339fbe4-0ca5-47fd-b455-99420ab8efa3,L3,Tweet
19eeee51-b011-4fad-badd-7e9c9aaa9bc2,L3,Tweet
c95430d6-08fe-4500-ad8e-8c6852a85d23,L3,Tweet
28278aa6-154e-4f61-b81c-4e7530a0808a,L3,Tweet
07aaf567-69e6-4897-b514-cb2c08f216d6,L3,Tweet
d5cf3d30-5079-477d-9836-fbf63987b5f0,L3,Tweet
856b2f39-84e7-4dbb-a8f6-949e986a72a8,L3,Tweet
0d65dbaa-a4ca-4df6-b527-cd79e232cecc,L3,Tweet
a34332f7-0ade-42ea-8293-a8b7d6f11982,L3,Tweet
468d0ee2-0fb5-439b-b00e-36e6f89aa9b1,L3,Tweet
85fd124d-d9d2-495c-b5cd-25353f959597,L3,Tweet
7d88edd4-08b4-46ee-912c-9828542ff0dc,L3,Tweet
b9a0b9e5-ff81-4ca5-82e1-51153539d3e3,L3,Tweet
89731583-34b8-4950-a770-c4a82957ced3,L3,Tweet
1d07126c-5f28-4206-8141-058bd5b5d2f4,L3,Tweet
2a64f4e2-30b9-4799-a3a7-e88d91b28f71,L3,Tweet
f7e00564-ec2c-4f7e-bb1f-5dd22f32a6c9,L3,Tweet
b9ce3d56-0515-4ab6-b916-46bdf5754506,L3,Tweet
602861c6-5259-40a4-8740-8649bfb8a6f5,L3,Tweet
d41146fb-52c6-4c99-abb5-6cb5d2c7f103,L3,Tweet
0f4e11d8-87b6-4807-94a8-3a2f1a5730cf,L3,Tweet
a0a8b8b0-5ed9-47c0-a0e8-0b100195898f,L3,Tweet
2923a82b-b143-4977-bd00-e432cd75d442,L3,Tweet
891a4c2c-6843-4740-834d-b7962312ae82,L3,Tweet
b410cd42-7fa5-41bb-8648-1bcf3830841c,L3,Tweet
42f5157a-8181-48d7-88c7-fe4826d639aa,L3,Tweet
7b0e4f0b-afee-4629-b806-dea346ccfde9,L3,Tweet
37f4aa34-64c5-432e-a8bb-35833cafa629,L3,Tweet
fd46fe43-0e83-4694-bdb7-353efdd10ddb,L3,Tweet
f48aa2bb-9f1a-4b3e-891b-ccf377f78fa1,L3,Tweet
4504b9d5-203a-43f4-8e29-15573db9a8d3,L3,Tweet
3d257502-cb8e-4229-8169-203124c72f0e,L3,Tweet
4dff14b9-0344-44bb-ac19-4d7cfc1258b0,L3,Tweet
3a40197e-ce71-4f43-89b7-eaea3066cdff,L3,Tweet
6068dac4-8d8f-414b-8683-aa952244e868,L3,Tweet
f83f36d8-dadc-4791-b094-d7c483d6e3d7,L3,Tweet
148ef8a3-b107-4bec-bdad-eec2b9b8414c,L3,Tweet
435bfe01-bbe3-4337-aaa2-2d1327114206,L3,Tweet
a4d813ab-955a-442d-affa-96ffd0a83be7,L3,Tweet
aa894c82-59e6-4af6-bada-923c21f9df2a,L3,Tweet
e406b56a-1b91-462b-82d5-d4af295809f8,L3,Tweet
cccf6b47-9200-4716-bfcb-92f6434afeb0,L3,Tweet
12f2e9eb-a490-4833-805b-722e17450b09,L3,Tweet
20f11b04-7938-4c91-a84f-4f2910eb9683,L3,Tweet
d1a3cc9b-4473-4058-ac1b-c21c3650c2ae,L3,Tweet
ae2c5839-1868-4b86-85c5-16cea9fedcbf,L3,Tweet
147ec743-c4e6-4134-8349-0fe4f1ae0cd0,L3,Tweet
3d97e7e1-cc45-4fd1-8bdd-af509c341d06,L3,Tweet
22830842-c461-4dd8-98c1-323471d4979a,L3,Tweet
80249248-d5eb-4cc6-b0a6-dcf11d291549,L3,Tweet
c0075753-1f01-4b1c-bfa3-e30cf65bd49f,L3,Tweet
bfca90bf-75aa-4341-a8b1-78f05f73903d,L3,Tweet
885511ef-21d6-49c3-9846-25730c88ba62,L3,Tweet
3e1fe539-f373-4a1a-8f74-23899f0f28ec,L3,Tweet
89978303-f1cd-43d8-8b7a-b83ecff4bfd1,L3,Tweet
4767cb98-3a29-4eae-9d0f-384805f14f17,L3,Tweet
f7afbd7a-2a13-4acd-9bcf-3c9df0af2630,L3,Tweet
60f5d4af-7e61-43ed-8d8c-4f0ccfe90348,L3,Tweet
9ffcb284-1a76-468d-9aad-8aa4b63d05af,L3,Tweet
7bb4917a-ede9-448a-a341-0bfcc48c7eb2,L3,Tweet
b47cb0cb-5c6b-474e-a4ee-ee77a276099b,L3,Tweet
d25d566e-06e5-406b-9054-8c05aeaa3e7f,L3,Tweet
fabb140f-b386-479e-8e79-20d38e477ae2,L3,Tweet
6a5381f3-5635-43c7-8acb-116900cec5ce,L3,Tweet
ef083a0d-9d97-4ec6-b2b1-b1aea9b219d1,L3,Tweet
ad22a455-841f-4384-8f13-61b3d63b8c19,L3,Tweet
cf0b1211-d441-43fd-b950-3fc48f75e462,L3,Tweet
3106be58-4756-4080-beee-2d2ad8980286,L3,Tweet
ba3defe2-d0c8-4fc5-9adc-bf7b0cb55ea6,L3,Tweet
47e715c6-fa89-4abd-b00a-08710d18ad66,L3,Tweet
3ea8cfc4-2c32-4e49-a2b3-923b4288ec0a,L3,Tweet
abbec7f3-ecc7-4620-ad13-b73bfd65a405,L3,Tweet
b5f300c4-5c0d-4017-ab74-dbdfaa788dec,L3,Tweet
c10830ad-6540-48b7-88e4-110880eb6ae1,L3,Tweet
375c080f-21d9-44a7-af43-d70a0557f2ed,L3,Tweet
4d26f117-3f38-471c-a566-d2b23cc5c26c,L3,Tweet
e2ea6be2-4d93-4360-a03a-4af4263c830b,L3,Tweet
6095c9e1-b312-4834-8812-dece68bf24fd,L3,Tweet
bbd54d45-a940-4f40-8b41-ebddc86a6da9,L3,Tweet
738564a1-9510-4c08-8a1e-2f7a32a9b498,L3,Tweet
4d3a740c-78c2-404e-9ca9-dc44419ba2b9,L3,Tweet
85e146b6-a609-4583-9daa-efd0fc2cd756,L3,Tweet
5a44c6c9-6c51-4e99-9a00-0f378be803a0,L3,Tweet
4ab543a4-94d9-4b60-815e-42d81f96c27b,L3,Tweet
e6d4ab29-2a7b-420c-bfe9-150c5c413107,L3,Tweet
22199043-ea65-4c6e-9883-62f6b9c5907a,L3,Tweet
62758af8-1201-4acd-bbc0-37b803224a44,L3,Tweet
691e8fb2-739f-4d57-886e-f4ecf68defe5,L3,Tweet
cd754838-b4ab-4f6e-8419-517afe309772,L3,Tweet
82150e98-6754-43d1-b293-6a22dfde15f3,L3,Tweet
2120ed26-b3b4-4181-a127-a2dd8af98625,L3,Tweet
0fed2d9d-938e-434a-b7db-c73c76150edf,L3,Tweet
ad189f31-67fc-484d-a16a-b920ea4a460d,L3,Tweet
cb9ed806-9be3-4701-ba85-2a88e1a06c00,L3,Tweet
5bcf6e2d-838b-4dbb-8746-09f062d6147a,L3,Tweet
5d643046-dc58-4e66-938e-cb3e6fb463e6,L3,Tweet
b5da9a00-8b5b-4fc1-a112-93bfc8d0f714,L3,Tweet
cfd58fde-e00e-4d3b-a18f-98d4714ef6c8,L3,Tweet
299594ed-2c9d-4f47-9398-1200299c9af9,L3,Tweet
58aec16d-9ed3-45eb-8607-5df1b74e4dc4,L3,Tweet
dc2a4501-f77f-441b-a311-153137d688d4,L3,Tweet
a7ae8c40-dbb6-420f-83c5-4fc440c7428e,L3,Tweet
2a6558ef-64b1-4b28-81c3-0579b2346f08,L3,Tweet
13378be9-45fa-4889-9128-9cc2bd805d9a,L3,Tweet
0244e067-e0f3-48f0-8a73-e788d5c5d00d,L3,Tweet
c3b342dd-5f10-47fd-baa8-f6f90d28f005,L3,Tweet
86f6f5e0-fdd9-4c12-82d8-839a1fe9cfc3,L3,Tweet
e5c5760c-7347-4e6a-8fa0-9fb079c66b85,L3,Tweet
24e060af-bd4b-4010-a5f4-70d9c9ae09c1,L3,Tweet
21da0729-aeba-4a96-b423-40637c8fe6a8,L3,Tweet
7149a6dc-0533-43d5-8622-a1b7cd4699ed,L3,Tweet
a4f2f037-f6b1-4757-9cf6-05f62b71032e,L3,Tweet
716e861d-fcdd-4c5a-a68b-824696fb08db,L3,Tweet
8f50581f-c88c-482d-82f3-8c363c8e8421,L3,Tweet
f7f3d21f-a2ae-44e4-85b9-b80de4fd201b,L3,Tweet
f534126b-074e-429d-b109-165d509b651a,L3,Tweet
0fe11ce1-5997-4a9b-9eff-bf19af87ac1c,L3,Tweet
aab434c4-7e79-4606-a29e-063caa15e40f,L3,Tweet
7efbf172-8714-4c45-a7b0-0af583f27cff,L3,Tweet
2d82a682-c18d-4cc7-9ca9-d56a649a5113,L3,Tweet
8df19c17-a3cc-4e5e-b983-876089d4dcbb,L3,Tweet
9fe1e90b-16dd-4e91-919f-4f60709561c2,L3,Tweet
7eb8ae1e-cb50-4a73-a765-5ba5878ded0f,L3,Tweet
d66a9c16-74fc-4710-b9f2-525fd040cb5b,L3,Tweet
9d64cc6c-d10d-4447-a6d3-7f0f84f1cba4,L3,Tweet
6e8a9af1-ec80-47f8-9bd8-2c3b4b8dd2c2,L3,Tweet
6875cac5-857d-42d9-bfcf-73d1851e9936,L3,Tweet
c2bba425-5a61-43fb-8bac-9524a878dfbb,L3,Tweet
1d062964-4452-49fb-957d-bde5cb454995,L3,Tweet
7e78f493-b989-4455-97af-e13a5f6fa92c,L3,Tweet
e7b4a16f-3a72-47bd-964b-79eca5ae420f,L3,Tweet
014cd520-cdef-4d51-b493-52058634e830,L3,Tweet
a86ff769-48ed-4aff-9270-261b14cf9db3,L3,Tweet
62b470ca-4aa8-47f5-a30c-71b0788893a8,L3,Tweet
6af2feb1-d105-45b5-9166-868475211da3,L3,Tweet
c25e9530-15da-4951-a66e-911094a2a695,L3,Tweet
e411bca4-8018-4d40-9e7e-2bfb30c9f367,L3,Tweet
e5c9b660-6530-4e15-9257-1e2697213d64,L3,Tweet
73585f23-d8f1-4b37-a2d2-d7b124a86682,L3,Tweet
2d177af3-6b7c-4dc2-9833-3d7aea28b5e2,L3,Tweet
f12f6f00-443c-43fa-a028-daa5813d1834,L3,Tweet
7cedc9e8-ea38-4655-88a3-d9211d8bde71,L3,Tweet
5421bee6-0c10-4d85-af86-654bd5ad46c9,L3,Tweet
828df05e-ed51-4e0a-99d0-97ca626225cb,L3,Tweet
397c2646-ced5-44d9-84fc-34b2be7917f4,L3,Tweet
4a5b2e60-1e24-405e-ada9-665eeac962a5,L3,Tweet
4d16cebf-4e1e-4d2a-a601-59edac6d0257,L3,Tweet
a43a5c9c-faa9-45a2-bf08-2d643a16023d,L3,Tweet
7b5229c5-c92f-47a0-a15a-4a62d2d6a4a6,L3,Tweet
ffd98a4f-5857-47bc-914b-056039c607b8,L3,Tweet
5c8450c6-08b4-40e7-9680-79b492b44813,L3,Tweet
492bbe97-f334-4525-a00a-0e62f84c71c6,L3,Tweet
e9e01439-3330-48af-aee6-410e5d58d2a8,L3,Tweet
94e04d2b-5b75-4773-b54b-c8b856c1be91,L3,Tweet
f01fec72-2796-41b8-a0af-50dbbf789e8c,L3,Tweet
2508a553-89ce-465f-a757-ccafcd4851d3,L3,Tweet
a7c708bc-7e62-4006-a605-90a102072f8a,L3,Tweet
7f4d2c9a-e43e-48e5-9dd0-4edc50c9d322,L3,Tweet
3b8812ec-3e1a-48c3-8497-33c5ff3ea018,L3,Tweet
6974e412-107f-4795-b509-17432b8a5ae5,L3,Tweet
ff662cf2-e5a6-41fc-a270-cd62c1c795c6,L3,Tweet
de7ed0b6-9ede-45db-9b32-8eb14425598f,L3,Tweet
7950d446-f1c5-43fb-b624-06526d4fab11,L3,Tweet
3c8dbf3b-32cb-47d2-b7ee-5af351c5954a,L3,Tweet
c7fee484-ca2d-4c47-8c03-9957294ac285,L3,Tweet
4afc9a37-c552-4c62-9d5d-7ede43319921,L3,Tweet
62272705-5ed4-490d-a6cb-bf4eb43080fb,L3,Tweet
153b101b-f809-4b95-9b9e-7becd0591d15,L3,Tweet
3a31b912-5136-4b70-8bb6-b96798ded4cd,L3,Tweet
8308516c-9ec5-4a74-a786-59770fad44b8,L3,Tweet
15e302b6-f144-472f-b52c-7f0472966f39,L3,Tweet
a83f598c-5a7c-4537-8661-5cccc37fecd7,L3,Tweet
c177e58f-8e9c-41cc-90ca-af6ade879fcb,L3,Tweet
c005aba1-f61a-4638-9ead-318698f09365,L3,Tweet
81b6efb3-f904-4da9-bc0f-cbc289a7cc16,L3,Tweet
62ccca76-7f10-4e67-82c8-fca524af4b80,L3,Tweet
e0b22f07-a424-45db-9601-7c23c78d2518,L3,Tweet
e00591c4-3b51-4451-8d40-122c14521f06,L3,Tweet
06fabd3b-9e4b-4f89-8f11-edfb7c0cd2b8,L3,Tweet
543e6548-b4dc-4aa2-bb33-8f696a307ecd,L3,Tweet
e093a874-f8ad-4f00-b7e5-0e920396c5c4,L3,Tweet
dc13d693-a613-4ba1-8219-43bc443e1b81,L3,Tweet
9e256349-092e-4b2b-a3a7-651b6f7471e4,L3,Tweet
243560f7-080e-454d-86af-6d466fadccb4,L3,Tweet
e4258ad2-0e5c-4f69-9684-a3716613fea2,L3,Tweet
98efadf1-3970-4432-a594-8167a35c4166,L3,Tweet
2bcd5e39-a81b-4f78-a59f-d1130c27954f,L3,Tweet
ee2d05fc-8c4a-4cba-ac73-3dfb4cdc625c,L3,Tweet
4d94e1e0-ef98-4ffa-a8a4-8f5a6d41b993,L3,Tweet
767fe730-48fa-4d77-acf6-2eecfac11bf7,L3,Tweet
1c3a8516-0db5-4c75-ad4a-0787a56d46ac,L3,Tweet
cda45e28-5e8d-4cfa-97e6-8bb599ea7a03,L3,Tweet
40444afb-248e-486d-8bd9-18be5968c13d,L3,Tweet
6a540011-89a4-4d36-bd51-9d55843431dd,L3,Tweet
efe2d6da-e753-4529-9403-bb5ea7058377,L3,Tweet
b7dd976b-d4c8-4e08-a555-ec435f31739a,L3,Tweet
3acbcd0b-79fd-4184-af56-03f379ee1cf7,L3,Tweet
b064011e-004c-4b79-92a3-0556a96a8366,L3,Tweet
0d3f8bc2-4389-4557-9f50-6ff30e4930c9,L3,Tweet
f1d37e3a-d095-422c-98cb-9704f5124fbf,L3,Tweet
8b4a459c-0a03-42c6-b87b-c7ad5b1411a0,L3,Tweet
7d3dd90b-1229-4435-8208-75a2ce4ebd87,L3,Tweet
d70810ac-d0be-41ca-bdd2-13bdc1fffbf3,L3,Tweet
225ce468-6769-42aa-9d04-43995e0ae4f0,L3,Tweet
8756a5d3-d0cf-4a26-b262-f2ca7fe321c7,L3,Tweet
7340b251-ff4c-451d-bbd3-05ca953ce673,L3,Tweet
db98e6d8-aa11-4b9d-8c96-908f10c892ad,L3,Tweet
6e0dec62-0df2-47df-b2a7-58f618c64587,L3,Tweet
41e963f8-0549-42c9-9e2b-6372747790ce,L3,Tweet
8d705818-36f7-46d4-8620-8e32e31cd74d,L3,Tweet
953f094e-48d5-4b86-b268-be88d1a10245,L3,Tweet
9283f518-aaa1-4a3e-b62a-713077786de3,L3,Tweet
8a3f444a-8091-4048-b37e-829a4fdcc3a1,L3,Tweet
420d561c-93a2-4b37-bca6-056853d09ab1,L3,Tweet
65426c80-6db9-414b-b21f-d04f9d90dd03,L3,Tweet
d86e9e4f-fe71-472e-ab57-29fc905b76bc,L3,Tweet
36e6d4ff-ebba-48f0-b0ae-cd9d7a70e17b,L3,Tweet
2f91093b-6eeb-4bb1-8325-d5de442d9698,L3,Tweet
0d73f5ed-6345-4cf8-a5bd-c704b12ad343,L3,Tweet
422497bc-ae6c-40a2-b8ac-16effcf25ced,L3,Tweet
75a83b84-0ba3-414e-88b8-9c7663cdef47,L3,Tweet
3c41d953-6bd7-4884-9f15-7c4bcf5aab6b,L3,Tweet
95c2318b-2321-4672-94ab-04f63f10110d,L3,Tweet
1c1c569b-588e-45b1-8773-a4407a259099,L3,Tweet
c7c22c3a-db0c-4907-9731-e5861494015b,L3,Tweet
1a40ed8d-ce64-4371-9f7b-95611a771740,L3,Tweet
d799fe05-eb1c-4f57-ba75-b1325a09022c,L3,Tweet
b668869f-029a-4623-bde5-45afe5b3da2d,L3,Tweet
32ad17d1-69ce-483b-abfa-c3a326f0db2a,L3,Tweet
d150f6a4-4698-4c38-b108-02d229d3cc04,L3,Tweet
354ae8eb-e7d2-4586-93e5-56a5668c8413,L3,Tweet
c7f02642-eecf-494f-a3f4-b7e59702d9aa,L3,Tweet
308e28e4-4900-4bc9-af9d-732dc26322fb,L3,Tweet
9d393b9e-7fcb-470b-bead-30aee40e6e96,L3,Tweet
845380b5-4443-4a77-a6d9-26e63347ea9c,L3,Tweet
f70c1e1e-f623-466e-9f15-549b886908b9,L3,Tweet
e0f0513f-9256-4e0c-bfc7-c000624e9593,L3,Tweet
55ea9ca5-34d3-45fb-be6d-d8afd4a3551d,L3,Tweet
5f28a97d-a8cd-4df8-8b11-595787c34069,L3,Tweet
229dbdf6-e33c-4bf4-b8d7-291e523dc23f,L3,Tweet
afdfb57f-30f7-4a79-9b37-794d1c0b1d38,L3,Tweet
53b65d45-7b2e-4e89-8bdb-c3f166a61d60,L3,Tweet
541498b6-9d2e-4289-8f72-15e69dca8221,L3,Tweet
03601d97-fb83-4d77-a504-da434ad0de3d,L3,Tweet
3b604da7-02ed-47a7-9b93-f2ad136fb263,L3,Tweet
0badd17a-32b7-4ad1-8c45-9f472ceda4c3,L3,Tweet
c20d7437-639f-47e0-a4a9-b1b47ee4ebfd,L3,Tweet
22cae1b3-5f00-4950-8f05-f423061dac42,L3,Tweet
0ad45c7a-fbcc-4779-b9f7-bed2332ac3d4,L3,Tweet
24384610-b835-4f0c-84b5-77f5d21e00d5,L3,Tweet
bcbf220b-f9e2-45ee-8587-36aad665a670,L3,Tweet
244d2a99-626e-4884-88e8-d281babe14b9,L3,Tweet
95329e1c-48a1-4f19-b60c-06c43010dc01,L3,Tweet
2388a1ee-d922-4c99-98e0-662e09208380,L3,Tweet
361e6d8a-c71c-4dcc-abe7-2a46a4cba9d7,L3,Tweet
fa9f6d9f-190a-4b35-9f6d-e0f7c42b35d7,L3,Tweet
74613a09-be5f-45f5-aa14-680aa7ceac46,L3,Tweet
3ae4db1b-81a4-4be7-87c6-5906b28e3584,L3,Tweet
5028a3f5-eeaa-47de-8a59-56f4c741578c,L3,Tweet
d0bfb84e-8175-4710-ae54-e21a112bb521,L3,Tweet
6b28b134-6926-415e-a2fa-7d3fa7330fe8,L3,Tweet
7ddd0c6a-7dbc-4925-873b-9134379e2e13,L3,Tweet
cd105626-7c6d-4e6e-93ac-6c284a48f8d2,L3,Tweet
ce4faf59-728f-40f5-82b1-e2b0810e2c2d,L3,Tweet
499e84c2-768d-4f43-aebe-d8355252bdf6,L3,Tweet
084679da-3357-49de-9544-5b7949526086,L3,Tweet
bc04b9e8-8d52-4502-a782-b6cee6b4325e,L3,Tweet
66e8b1ce-fd63-45ce-9fac-ec5e90e91a1d,L3,Tweet
379fedbe-5445-41c8-b18f-e5b051237749,L3,Tweet
040ffd80-684c-4868-ad50-94cc6a1154aa,L3,Tweet
ebe32267-3d95-44fc-a5c5-8bd51543e02c,L3,Tweet
9644ccd4-d1b5-4fc0-a9e3-de311dedd4d0,L3,Tweet
ffdc3107-4a7f-40b7-94ad-62cb22174f0d,L3,Tweet
2c07467a-9214-4fef-a89f-737a90c5120c,L3,Tweet
7e851e2b-5915-49e3-81e4-fe060dc5f819,L3,Tweet
d44c28c9-e033-4a75-9f23-e68f921150b1,L3,Tweet
4fad8267-786d-489f-abd1-9ab2b4722e08,L3,Tweet
ef4cf66c-6bf5-4247-b86c-f5cef7ed6a49,L3,Tweet
6dfaedbc-2c63-4969-902e-bbf4bd4df522,L3,Tweet
387cd713-a3ff-4a94-8681-8aa77283cd7b,L3,Tweet
327323e5-3f77-4c61-bdf3-82cdb78bfed3,L3,Tweet
13051425-f771-4a08-a14c-9e3573b86423,L3,Tweet
9ffb1e9d-866e-4f59-a722-bfdc3596c5da,L3,Tweet
3a9fb31c-6b13-4dde-b06e-697e058bc468,L3,Tweet
ae0143fa-4309-4ef8-93ee-2d367abbaa40,L3,Tweet
ad10704e-7f1e-43ac-83d9-2fa2b912b059,L3,Tweet
3506757c-0320-4979-8b56-592fcf578c73,L3,Tweet
a774fc1d-4e2d-46ec-9e7f-add17f3b6550,L3,Tweet
1f863d56-f79d-4a02-8c25-268bde3e56c6,L3,Tweet
45d69740-fb4e-4e29-a51d-df68527b79c0,L3,Tweet
f96d7f3b-38f5-430f-bf3c-b1b47f1bfe76,L3,Tweet
bc19e58e-11ee-4ecf-a137-bf7b52b3b39b,L3,Tweet
955a8000-4383-4932-84b7-dc5d97b1b478,L3,Tweet
2d96245d-74f4-46d4-9bad-871a9f1344fb,L3,Tweet
b7f52756-003c-451e-a49b-07da44f25c8f,L3,Tweet
ebc70e11-b3e3-4a26-9839-70c075125f2a,L3,Tweet
7c649658-17ec-4628-ade2-59c7ab5d2ee1,L3,Tweet
73e34718-c70b-4f9e-b927-b9f471b06c07,L3,Tweet
0bd0550f-e328-41f2-b496-34ff3e85346a,L3,Tweet
852186e3-8b55-4542-8b6f-aef70347986a,L3,Tweet
d6ff5267-dd92-4e71-93e4-206e406606fe,L3,Tweet
b40cb176-73c1-41c2-a138-5789024cc7a5,L3,Tweet
88003ded-6337-4a1c-bc2f-a85ccd9dce75,L3,Tweet
6f8b6643-5b77-4ba6-8252-1ae1632305c0,L3,Tweet
ddae4c64-3e74-49a1-b617-027af7e8c3e1,L3,Tweet
ff8f6aba-234f-4ef8-8755-4f2b5b491861,L3,Tweet
49bfe364-1257-43bf-ab00-6b9864a29371,L3,Tweet
0ee427cf-05dd-4123-ae40-0315b00e3925,L3,Tweet
9f019786-deb1-44d3-af92-81ecf9b103c2,L3,Tweet
eaffbf08-b4b8-49e0-b9e2-650e9a354afa,L3,Tweet
02661b07-6b96-4859-a4f9-646be634e675,L3,Tweet
5d27965d-4e6e-4a55-be9e-9cf1670ea828,L3,Tweet
f5d259be-3178-4bbc-af73-e90b4987e1f2,L3,Tweet
c1300120-194b-49a0-aa24-d552bd8e104c,L3,Tweet
9ca3eced-fc11-449f-94d8-6bff569562e0,L3,Tweet
055cd772-e07d-41a8-b758-6f268c6f9810,L3,Tweet
d0b9c21e-16c1-4fdc-921b-4d9229ee8175,L3,Tweet
49eda188-8c27-422d-85d1-76e1d62d3285,L3,Tweet
d8b6a3a6-3dbc-4949-a03f-3e0207dd05fd,L3,Tweet
a10f010f-20e1-4c05-bb5c-2bd77e584d4a,L3,Tweet
f94e578b-a27c-4f91-a057-d0846f90956b,L3,Tweet
c73dacf0-6b24-4bff-b77c-9792ed580224,L3,Tweet
0f0eed98-b90b-4d37-9fe8-aaacfd60c840,L3,Tweet
caecacc0-634b-44ba-942f-587628cb2f12,L3,Tweet
7f0392d0-cf32-4f50-b5ee-a5dec25a65c7,L3,Tweet
c0241abc-069e-4297-817e-8dfb7f97777f,L3,Tweet
c0216679-7c6b-4510-988c-5f1b32cdaada,L3,Tweet
3b94f848-53a2-4d34-bb59-65d1d7781789,L3,Tweet
025b4a04-26da-4eb2-a3d6-31bbc2ba29ca,L3,Tweet
dac0916e-bcd9-48cb-acbb-3ea4dc655efe,L3,Tweet
b9629805-ed4d-4fda-9584-094e039b6cdd,L3,Tweet
feb1402d-5efe-4b79-b884-f64a7fe8decc,L3,Tweet
ccd1be7f-4096-410d-a5c5-326c8f39eb46,L3,Tweet
722988fa-bc78-4183-a7db-48e816bdfdfc,L3,Tweet
18cc58c5-958c-4ae3-9752-88a522d52a8e,L3,Tweet
31d344b8-f5f5-4137-a83c-4aa2937d3935,L3,Tweet
d438d624-0470-42c5-800d-2b664bb8d5d5,L3,Tweet
a2c9ee20-69ae-46ba-9961-8b9a4edefa25,L3,Tweet
1ba6c3a8-3281-4f2a-b34d-417a3e904e07,L3,Tweet
9501f62e-5b2b-454c-b1b4-1bca3532c71d,L3,Tweet
50559eba-c884-4b7b-a024-27bb8033f0d0,L3,Tweet
397c696d-64f5-46a8-8159-640f7edcfe0d,L3,Tweet
24f64fec-db14-4fe2-a002-18b909c48ea4,L3,Tweet
23cbd176-f59b-4745-bcbf-5e788691219e,L3,Tweet
ff953e82-d351-4434-a70e-debfb0595593,L3,Tweet
e0dbee01-870c-4472-823e-0f1d34d3d9fc,L3,Tweet
37bc426f-8535-4e5d-9ca1-6ac38ab92c44,L3,Tweet
266de6d0-b3e8-46c3-ab64-bee981ce57ec,L3,Tweet
cd3b5d6d-0429-4d49-b0db-4abbedfc50a9,L3,Tweet
8aca5a95-dae1-446d-b650-6fc86c801fab,L3,Tweet
bdd6a996-e730-4711-b686-bd7e5a591a74,L3,Tweet
890853ff-eadc-4f52-bac3-3000323e60e8,L3,Tweet
afbe1136-0fa0-46cd-87e7-47e3c4f04fba,L3,Tweet
bd3dc99a-2a43-4c28-9c81-cc875cca22f3,L3,Tweet
a0af1e3f-73b8-41b1-a5c1-1c79cae67abe,L3,Tweet
0f204dec-9f4b-407d-84f7-5b23d82bdd12,L3,Tweet
8036a384-84fc-4a9f-8fc7-fedd88563e0c,L3,Tweet
a9ebe8da-c988-423f-ba05-45558f743cd7,L3,Tweet
5cd6e2e4-9ab4-4e48-94ff-14460bcc84e0,L3,Tweet
268e7750-75c3-455d-b308-d5b67903a68f,L3,Tweet
91b2efb1-2ac7-4dbf-a0f5-da39081c9e5a,L3,Tweet
83a351ac-7171-423b-bc8d-74e79a9b5b2e,L3,Tweet
686de909-4d60-4f42-99e2-7157c0fffd6f,L3,Tweet
7791ffba-c3e4-4d4c-b8df-6f57e21b48ce,L3,Tweet
19ccddb6-0aae-4396-b89a-6663393a7066,L3,Tweet
50cb79df-9123-4fa8-81d8-cd268436dd2e,L3,Tweet
79d46ec8-48c0-4234-bbd4-b353268c25dd,L3,Tweet
b95dbc57-2950-4cc8-a1fa-dcbd4cad7d32,L3,Tweet
a41968af-c3fe-4281-96a9-d5a63f622134,L3,Tweet
d8368fc5-cbc0-4fc6-be4b-0d3e14103bc8,L3,Tweet
b23fc6f0-d985-46a8-aeb9-d585587682a4,L3,Tweet
bfcbf778-24c7-4a06-941a-6816535837b6,L3,Tweet
93baa203-63a0-44db-b465-d79b06bdac9e,L3,Tweet
eb94a1b6-e017-4a07-a233-8f354dcbc754,L3,Tweet
4f24fc7f-1b3e-48b3-861d-7c8bd3d39cc9,L3,Tweet
a66a3ec4-5cdb-4738-9f40-0b7da2d47c36,L3,Tweet
ea0ed9d7-54a1-467d-abb1-0d8e005e28e8,L3,Tweet
ac266048-162b-477d-968f-b7c5df9a6c4d,L3,Tweet
ea16413f-b0eb-4d20-89ec-3e986b01c693,L3,Tweet
7c4b6b97-42e3-464a-977a-290d23da5d88,L3,Tweet
73e85b5b-0902-4894-acf6-dc23f055336b,L3,Tweet
d384f447-007f-46c2-9adc-f99dbb86ad83,L3,Tweet
74a4de0e-32f1-4753-bed0-657e2f3a1d9e,L3,Tweet
9059101a-514d-4a8f-b957-9ae05d8135b0,L3,Tweet
ec150a2a-6e24-40b2-badf-406ec88b2070,L3,Tweet
fb037918-100e-4b78-a347-68f930881272,L3,Tweet
38889560-9811-4aa5-ae20-deff1cabc396,L3,Tweet
44ad5772-8bfe-4acd-8d50-54f0ca416730,L3,Tweet
e2330ad6-c220-4be7-926b-e9e96d4c5235,L3,Tweet
519b817d-af20-4561-8bd8-e24e5875c7b2,L3,Tweet
8c0a6515-ae35-4033-b97a-4a92d211fc6f,L3,Tweet
e0ec7d64-8319-4e1e-9f9e-3cc581eeeaa2,L3,Tweet
57d693dd-d892-467d-b9df-d707bf82683e,L3,Tweet
c399dd9b-4683-44f7-947b-ffe8a8bb0986,L3,Tweet
d3711c47-6e73-4239-914b-c380610b831f,L3,Tweet
4e9075b3-08c9-4b20-9864-10a5f75b89a8,L3,Tweet
2ff0eedc-bf0f-4ff1-9367-f969c3d25cbc,L3,Tweet
843a35c4-21ea-4aca-acff-bfba7f60c246,L3,Tweet
4bb7ce37-2fe7-4687-81c0-233732c68b11,L3,Tweet
b7875c66-6c24-4af9-a22b-17629d1bf967,L3,Tweet
dbaa5a5d-6a8f-417c-bf21-b1a929cc8bda,L3,Tweet
efa45579-6c92-456c-becf-1c1daa90823b,L3,Tweet
cb95bd88-e741-4bea-bfe3-4650ab376655,L3,Tweet
f33618f7-67cf-44de-b6c8-2205b68ce340,L3,Tweet
b9eda4a3-96f7-4ca6-9809-00e12897d13a,L3,Tweet
02ca59f6-17d5-4d18-816c-62767c6e1d4d,L3,Tweet
82b2a255-3064-432d-87cb-b16bcee03629,L3,Tweet
13b70956-725f-4e93-9c79-acfec03623a1,L3,Tweet
98ecb3a5-7446-4851-851a-14d0ccb76bd5,L3,Tweet
cbeb1146-fe3b-48d5-a77c-486040c643cc,L3,Tweet
0d8de730-3ce9-4ae3-a056-512e14990e2c,L3,Tweet
345de02e-e2d1-4e61-a169-cc1f47cbae19,L3,Tweet
b7ab576e-63ed-4afd-a636-0be97617e0f1,L3,Tweet
6b82cc6a-47db-4783-bf74-684a464f04e5,L3,Tweet
27ce7755-56a5-4b07-bb47-b2676e095084,L3,Tweet
67571979-0f0f-4616-866c-588bc2b8455e,L3,Tweet
c5eb7966-1160-4575-93f2-9a94991b82ce,L3,Tweet
63be45b9-707c-40c5-8241-dbf5df01382f,L3,Tweet
87e90a49-764f-4f94-87b7-47a1d47c62b8,L3,Tweet
775b973d-4983-4dc8-a362-dfb19783872e,L3,Tweet
e24338af-4846-4331-bd2a-9f00c732d071,L3,Tweet
6471cb6b-12e9-45ab-b05e-ba2c1505469e,L3,Tweet
232e9124-e746-48be-ba43-3faade0e1477,L3,Tweet
b7d16bda-abcf-4569-b02d-c71a12f5124d,L3,Tweet
c0f8db02-3a59-4feb-a54a-32a03e916c75,L3,Tweet
26d026b2-1e62-4122-9da5-6812e01ff277,L3,Tweet
e023de59-5188-46f2-88e1-98cd6df68371,L3,Tweet
9bac871c-8afb-457e-b247-2bcf67729eb3,L3,Tweet
6c265caa-24d8-4ea5-a9d4-f431dd6385c9,L3,Tweet
971cee96-e1ce-49f7-86eb-ff93e2dd97ec,L3,Tweet
df4823a6-f7dd-40ed-8709-6a56a41c0c91,L3,Tweet
14bb6b38-46b2-4de5-992e-a72b492ae8c1,L3,Tweet
65d67dfa-866f-4f85-ac60-67b11096c8e8,L3,Tweet
a951d49b-fb53-4f13-81a7-42d23cbd4c59,L3,Tweet
a28635e1-dfc3-4e32-b14c-114889a6fe5e,L3,Tweet
62db18e8-80e5-4bc7-a7ac-49ae5b088056,L3,Tweet
77f05865-bd93-4b13-9d33-3c574f59fb9c,L3,Tweet
dddc0e46-e26d-4c7a-ab41-1ada4525d124,L3,Tweet
6f25b838-0db9-49d0-b5bd-fad83591f0f9,L3,Tweet
f4736b14-06cf-4d6c-99c0-6d09bfcd11dd,L3,Tweet
d55f498f-281a-48f2-9a7b-3c18fb1610d4,L3,Tweet
9a8e60fd-e231-4d56-9a1e-782e8abf3b9f,L3,Tweet
d107b444-89a8-4c13-8e6e-6279f4d1ee93,L3,Tweet
4cd1c0f6-8bdd-4190-b847-4ccc2dac0261,L3,Tweet
5299ad48-7336-4260-90f3-a5fc2486c3d0,L3,Tweet
64cc27c7-c71f-4ea3-b779-fc4067996f1b,L3,Tweet
ab6ccd8d-5bd4-4561-9eb3-1c998e5eded2,L3,Tweet
f815f3f2-1ce5-4e35-8c85-edaf4750b8ac,L3,Tweet
118c1f4a-4b2f-443a-b918-a16fdf6fdbf8,L3,Tweet
65528c27-bcea-4080-ae3a-83f6f41a4e74,L3,Tweet
4be14307-488d-4951-9814-09188e8f3d26,L3,Tweet
bd321937-b0b6-461b-9173-a1c62e9ec526,L3,Tweet
b7425dc3-638d-4717-bbe5-092670f7556c,L3,Tweet
1672e130-d7b9-4269-a7cc-f1f883de63f3,L3,Tweet
95f9cde7-989f-4c83-9554-58730fe9ddef,L3,Tweet
31bba3a4-9d2e-4e94-a85a-8d8b7f29f737,L3,Tweet
96d2183e-d0c8-46c9-b0a8-0aabde4c04a2,L3,Tweet
c76cce42-6ff1-46d3-9456-e9245a9d298d,L3,Tweet
b7c09d85-79cd-48ac-a117-0bad421244ec,L3,Tweet
6a0499f7-5452-4016-9427-a01287f5178e,L3,Tweet
5fff3c40-5c0d-4c64-b750-ea3eb94a9c91,L3,Tweet
1fa4136e-2ec5-4072-a0e7-e1bdaf57cc06,L3,Tweet
5bf38d5a-c5f8-4421-a8b2-d8fc33ad2f36,L3,Tweet
b5c80d03-46cf-4c78-9556-57a2beb61703,L3,Tweet
397c3a6a-507e-4428-953e-be0d4b6207fc,L3,Tweet
be9078e1-d167-4834-b611-97cd60643816,L3,Tweet
65aa0fdd-4e5a-4563-96b6-80990a38962f,L3,Tweet
805fe454-2827-4e7c-b4b3-697f5d384ef9,L3,Tweet
a75fb734-2cfd-4695-a567-1102888c6e05,L3,Tweet
b1afabaa-a136-4f11-91b7-893c9c687092,L3,Tweet
5f11230e-3c15-44fa-9e89-4e786932405e,L3,Tweet
bc69b827-4af6-49b7-9104-06ea77fe16b0,L3,Tweet
74b5dd4e-8947-4f3d-832f-15179bf61e0b,L3,Tweet
631a3104-a37f-4046-8be8-cac29f4bbee4,L3,Tweet
71d1331b-027d-453b-9618-2896d470aa73,L3,Tweet
0d3b4aba-9cae-4158-9122-b4a1f842808c,L3,Tweet
9d092b41-2824-481c-938c-7af65b08fab3,L3,Tweet
dbe8c679-56af-4522-b1df-021a50179238,L3,Tweet
e1e202c7-f2d7-4616-b098-51a91a8776ee,L3,Tweet
e8fef118-a3ac-40db-8339-6151045bbac7,L3,Tweet
7bc88c38-1ec4-4ebc-8e8e-f14ed57f8a99,L3,Tweet
d93e320e-7e23-44a7-ab0e-2cdc68abd0cd,L3,Tweet
c6904dcb-0bbc-4ee4-b52c-868f191ddb02,L3,Tweet
439aef61-b812-46dc-a3ef-e752a1d01ec9,L3,Tweet
d7e15160-7dea-433a-a30f-e1731bb5d6a5,L3,Tweet
d128e5d7-6e99-45be-b123-39326e5ec167,L3,Tweet
6241cf8a-aef9-41ee-b058-518e276e6911,L3,Tweet
5f763a48-b938-4420-a91b-8209eee4b15f,L3,Tweet
e0f20ef0-1208-4f1e-9706-5b2ddc5df92e,L3,Tweet
d3107d9f-2007-4e02-8478-292fd8d13188,L3,Tweet
ea5cae59-37f9-460a-8916-090c76e37359,L3,Tweet
7f49de8d-14c9-4e9a-912b-154952ef6752,L3,Tweet
6f64debd-ecf6-4725-9c9f-f9052592c6f0,L3,Tweet
0278442d-0b95-41e2-9818-15accad81770,L3,Tweet
e5a92c55-e882-4e6c-9261-fbcdc75453eb,L3,Tweet
702fb4db-b75b-4b01-94a3-fb4683ac94cc,L3,Tweet
ce2df609-0a78-4139-a4a0-ce7832eddd11,L3,Tweet
0b7f3154-00a9-4a72-9cf3-7ce3e336419f,L3,Tweet
50326a50-c274-4821-9736-4a2abe045359,L3,Tweet
f5646012-6a71-4fa8-80b0-4511cc096350,L3,Tweet
ea4f9be2-d936-453c-ba07-71def1054071,L3,Tweet
babef864-ca1c-4be9-854d-16fa2a866862,L3,Tweet
dea8f6f9-28e3-441a-a39b-6987445de130,L3,Tweet
c8a9288f-2ada-424f-8c2b-e50cd8bdb216,L3,Tweet
b188107c-0ee4-4a40-8a5d-307a2310b820,L3,Tweet
202a28ce-f07f-484c-bc61-043164e81be0,L3,Tweet
6104ab44-35fb-47ac-a516-4f9650e46289,L3,Tweet
a7180402-84bc-43fd-a2d3-00589b11ef86,L3,Tweet
b76d6022-5fbe-414d-8735-e782645fd966,L3,Tweet
a253e7b4-65a7-49dc-97ef-3468d43b6ecc,L3,Tweet
eaff5415-4e27-4aa7-886c-c84381c9dae4,L3,Tweet
843376ea-99fe-4b1a-9c46-1a1829349e22,L3,Tweet
79c1877c-8673-4c37-b75b-39ef539ab4e7,L3,Tweet
0ab8aab6-d6c6-4fcd-b50b-c7ee215c5652,L3,Tweet
92d8240d-9ca9-4488-b58a-5c0618486cb0,L3,Tweet
cd940551-6883-4a07-971c-4c74e3c370cd,L3,Tweet
9fbe82cd-8089-43a8-824a-3845818b90c5,L3,Tweet
ba41ba19-eb26-4f7e-8c0f-0a5790e57b82,L3,Tweet
8a03ed26-50ad-46a1-bd72-75357d85707c,L3,Tweet
c356542b-b408-4a7d-a16a-12a9b5c4ba3b,L3,Tweet
2961fc08-9ebd-4a02-8e02-943cc1318db6,L3,Tweet
109c8b34-6ac0-4e9c-b745-030d27fbdf31,L3,Tweet
2ade8f76-6583-443a-94f2-131fedf17c03,L3,Tweet
ec852c44-ac95-48c3-8c61-ce91310d32ef,L3,Tweet
22d0d433-43dc-4568-94c5-f454e74381ff,L3,Tweet
75d91d87-d4f7-4f81-b33d-cc0f72e5a4cf,L3,Tweet
0bf253c6-4fb1-4792-9488-c3e05b6a81bc,L3,Tweet
2cba7f9d-c8d4-43ca-860d-bc5e5c51d960,L3,Tweet
3c0fda35-c140-484f-999e-696873afb7b8,L3,Tweet
27778fa8-e5c1-4411-b5b8-e60b12aa3168,L3,Tweet
7579e64c-098e-43e3-9c74-ca700b25d452,L3,Tweet
348a5430-3d2e-4b37-93dc-7976579478cf,L3,Tweet
337a261b-54e0-49c8-bae4-a346b919f5fd,L3,Tweet
040c2868-7e15-4100-a9f1-2f3b12255199,L3,Tweet
fe8cbfba-7673-4488-912f-3575a5c6d208,L3,Tweet
e9ed84e9-75c2-4eba-9b85-0c2676e7f759,L3,Tweet
fe412708-8c94-4f31-836b-f7d9177c3342,L3,Tweet
f10266cf-7a7d-47fa-8698-7e927dd8c5ab,L3,Tweet
5bb1aefc-3f5b-432d-b441-6220787d46d5,L3,Tweet
789ece05-6c17-4865-85ee-29f9002bb97c,L3,Tweet
0171b7a2-9138-4ea2-927f-f1e88229c141,L3,Tweet
2aa58481-c9e2-4f7b-828f-eff6177b6280,L3,Tweet
8bc9a0a3-6a89-4f02-bc0e-838f29b5ed3a,L3,Tweet
3f763825-ac55-46f8-aff9-973b3bd712fa,L3,Tweet
65a8f646-1ea2-4cd7-b829-b31265d781a6,L3,Tweet
48b6ccb6-128e-4d90-9f72-7a87ab76ea50,L3,Tweet
d82ec1e0-407c-4450-a95a-a8025e9aac8e,L3,Tweet
c42e2f52-599d-4924-a125-26430408a468,L3,Tweet
21b11637-d341-4d77-b73a-dda1afecca63,L3,Tweet
24e04e6e-b034-4b02-9e18-52796b61481e,L3,Tweet
f2511cf7-b11e-46ea-8d55-ce26ae78b887,L3,Tweet
03e87927-f858-4b13-9c72-eee9564da71e,L3,Tweet
5b892464-ea17-4113-85e1-6da77cee8847,L3,Tweet
6d450f8b-b6aa-43f4-a748-c93b69bd58f5,L3,Tweet
60e40e48-067d-4f7a-a5e0-b63a89c2cca1,L3,Tweet
ed7e4775-1441-4aca-b970-b9dcf65169cd,L3,Tweet
f5abf16c-9a18-4649-b794-957ffd88a561,L3,Tweet
189a0905-bda4-4685-8594-aab39e68b4a8,L3,Tweet
a2bdeac2-dee9-41ad-967c-5ef423acd70d,L3,Tweet
28151e3d-eeef-4812-8bd7-3b1326200176,L3,Tweet
b51e2a30-e5bb-407a-a9e8-c36dc7db9cea,L3,Tweet
312a52d5-0767-48de-b3f4-f813d255e520,L3,Tweet
2d882e47-e2b9-4ee1-ac5e-30984617b305,L3,Tweet
d15d0aac-05e3-4681-95d3-75f75ca0de7b,L3,Tweet
ed5acf27-c5e9-4f12-b040-047af821c128,L3,Tweet
7536832c-6bec-4d1f-a56b-75ffd8b08d5e,L3,Tweet
8df57411-4c6d-4013-bf4c-dc0adaedfba5,L3,Tweet
09649181-891c-4574-b7a9-326db2702f42,L3,Tweet
8a53bffd-e783-42c4-b437-568e0ea917f8,L3,Tweet
0edbf665-d255-4a4e-a307-8ceebf3c33e9,L3,Tweet
d37fe697-07aa-4923-9218-de564b70d39a,L3,Tweet
973cd28b-c2d1-4e89-a455-df0fe7f0ef65,L3,Tweet
133c9b1f-2401-4f9f-9aa7-2829e6b3ed27,L3,Tweet
2666f20c-99c4-4fd1-ad41-d56a24a66565,L3,Tweet
d35d33a4-fe15-40f2-8785-5905f698f9b6,L3,Tweet
31685d53-1356-451f-a89d-8add12b80a35,L3,Tweet
4e12dced-2c5d-4a8b-ac74-6c795d64b312,L3,Tweet
7ebaba73-4f87-41d6-9407-c7a96dcf3092,L3,Tweet
87c20921-9ab1-4989-ad9b-41536541212e,L3,Tweet
bc95bc9c-5365-4342-a05b-d02fcda2f2c0,L3,Tweet
3d3af779-aab8-40e0-97d2-ce5705fa621e,L3,Tweet
61827360-7ccf-4b66-80bd-e720d2edcebf,L3,Tweet
96e678e4-9501-4520-846d-de805e59885a,L3,Tweet
c44155af-9036-45b5-a708-96c5aeb8e12a,L3,Tweet
cb387532-9505-4d65-b9de-1ae25146126d,L3,Tweet
aeece0c8-3be3-49f9-9f0e-279692f803a1,L3,Tweet
17c130d2-89fc-4e31-8b11-9b161ce3d7b8,L3,Tweet
c085c1d5-8c08-4ba1-9677-8541135c5bf7,L3,Tweet
184bc0d4-8084-4bfc-9ac1-803d9ce80460,L3,Tweet
0dcfb2de-b0e0-41a8-84b6-c3b00072078f,L3,Tweet
28a8124c-6822-446d-9892-7afc7f31452a,L3,Tweet
edf85698-b715-4e70-83c6-b71910a6aca6,L3,Tweet
4c5b3f1f-82df-41f0-b8a9-7aee09cc0f9e,L3,Tweet
5aa720d0-77e4-4ede-a6b8-5fd5bc1ff6f6,L3,Tweet
736ce5b6-2e6c-43a3-8e7b-6706ad5a791e,L3,Tweet
251452a5-4f31-46ee-8632-1d2f2ecbf490,L3,Tweet
82443a37-386b-4c24-b8ee-5f4ad57185c6,L3,Tweet
691f0cad-c1ec-4566-a158-3aeff3756ad7,L3,Tweet
d25e8990-6c29-43a0-8f3a-919daec4fcfa,L3,Tweet
7f4109a3-ddff-437e-8fec-a7367ff19e4f,L3,Tweet
4a0ada05-8069-4b99-adc8-7b8025ee6b36,L3,Tweet
ae7de7cd-986f-4f2e-a04e-e8cc0a4b0877,L3,Tweet
73fed98b-022c-4220-a535-4d2b6053e750,L3,Tweet
10665e8a-9dc2-430c-8387-195707e2f5fe,L3,Tweet
df91ab0f-1a6f-4f5c-be96-4e6f29f83983,L3,Tweet
dd5c2950-e482-4379-9ea6-d74ea0b148e1,L3,Tweet
fd3e952b-8175-4dd4-b0e4-bb7b4ad04915,L3,Tweet
44f57342-9605-435e-ae9c-965ce73c289d,L3,Tweet
20574244-b901-4a13-a3d7-49da0b946f75,L3,Tweet
bc6282c6-1d27-40ac-9297-9990c0ea0f87,L3,Tweet
906431ec-5d0a-40d2-a3e6-dbffe1926504,L3,Tweet
7cb6cd50-ec81-4956-8e33-3cd5504b7411,L3,Tweet
f9174815-0314-42ab-ac42-d821c4a4779b,L3,Tweet
176163d6-21e7-4102-9fe3-abd6e708be7c,L3,Tweet
6d1e072c-c9d3-4b11-a201-ee88f258d594,L3,Tweet
01760afc-e508-44fb-a099-5836755a5eb9,L3,Tweet
a5a52b68-41c7-4c56-a543-f6c5b0d19dad,L3,Tweet
6cf1b930-d4f8-480a-ab6d-a3e0d184b9f2,L3,Tweet
27066e7c-9b26-4dde-a76b-62ea931ffe77,L3,Tweet
e9b4cc01-7d32-4055-82ef-10e160122fa6,L3,Tweet
5bc10299-70ea-4569-940a-b8a203d2eb71,L3,Tweet
311b28d0-c035-4c3c-95f7-135359077c9e,L3,Tweet
248b5f6a-752d-4769-8d78-6bfd25753dae,L3,Tweet
dbf60ad9-21f1-482b-810c-92e83eaf0e2b,L3,Tweet
cd9c6105-7546-426e-a4dd-5b1ed417109a,L3,Tweet
94ba661e-0238-486f-9e2b-fb0245bc0f5a,L3,Tweet
f69cac0c-063d-445c-a5c6-b80d7bd87255,L3,Tweet
5ed1dcb3-7311-4f7d-9c59-39a13d02e88e,L3,Tweet
5bc07d20-cfa6-476c-a925-cb1acc96c11a,L3,Tweet
2e34082e-78a4-40c0-9ff7-bb18137f9e77,L3,Tweet
528cbe88-7f56-4fb0-879a-180bef7eee6f,L3,Tweet
6507955e-6175-489c-a59f-4039f60dce1d,L3,Tweet
ca00efd3-11ed-4449-beee-d1805d7e1259,L3,Tweet
9211f4cd-5fac-45dc-a181-0bbc303d9be1,L3,Tweet
78db8653-f17d-4d0c-944e-233ad71a4816,L3,Tweet
e3699c75-534e-4fa7-be07-74b96cb9dd5e,L3,Tweet
f78e6825-0efa-4bb3-baa1-44ed81e00bda,L3,Tweet
68832410-1bc2-4a14-9219-b2921d12fe6f,L3,Tweet
2fe838ee-0b76-4f39-beaa-5b96d7977ab4,L3,Tweet
e3a2b19f-f84c-463f-9852-7c85e09510f2,L3,Tweet
fc523ce6-bea9-437c-bc5a-e85c97f4485c,L3,Tweet
8321647f-5676-4f55-beca-4a513cf4a314,L3,Tweet
aa7e5004-7400-4424-9868-02b995ca4630,L3,Tweet
0033f438-db01-4616-8ab2-510f48a0df91,L3,Tweet
e3057892-e200-496b-bcfa-530636b723e2,L3,Tweet
59f0c834-328c-4c5d-b1fa-d492371baf9d,L3,Tweet
95a175ab-32a0-4859-b1b9-7972649547d7,L3,Tweet
d672b1ac-3a36-4360-902d-666460c65606,L3,Tweet
bfe12b6c-9bef-45e9-9524-11227d57da42,L3,Tweet
302b50f9-5ff6-4e9b-9ae1-dbb8fe125366,L3,Tweet
816226f5-e1a6-470a-a24a-a75ea1c7da1a,L3,Tweet
89467a7c-9075-47eb-8a26-fdb583b005ed,L3,Tweet
cd81d995-41b8-416e-b59e-a38497e06441,L3,Tweet
5b7383c9-6c35-489b-b255-da41af6ca0f3,L3,Tweet
0783e2cb-e11f-4ac3-ba3b-fea83cf64d1e,L3,Tweet
7af7ed74-be92-4e2f-9574-ae1be8c4d1d8,L3,Tweet
141bd7d1-6a08-4584-9322-fa27b7511148,L3,Tweet
859dd173-b25e-40b7-852c-9eebff1fd919,L3,Tweet
30d33794-f5f0-4296-a4e0-433c55b70348,L3,Tweet
60a11176-1c9c-436a-afe4-43ed985a9f72,L3,Tweet
0f8f5113-2a08-464a-8b22-017ae052c969,L3,Tweet
662a793d-742a-4764-b0cd-6140d7bc9856,L3,Tweet
18917e1b-1d22-4b31-96b7-d9a36726e4c8,L3,Tweet
70d41aba-41a3-4c64-84b6-41ead5fcff59,L3,Tweet
f401e8c6-7bae-49dc-82e7-bb3ef0e54a7d,L3,Tweet
2748cb41-639c-4c3d-a194-10cbc7e2e6fd,L3,Tweet
9e635891-4ce6-4d35-aaee-4da8f1f4b0eb,L3,Tweet
b11cac6c-028d-4790-a35a-89a09cd439cb,L3,Tweet
2f374123-efb4-4cdc-96c5-4005a4386f26,L3,Tweet
7780b588-f18d-46b4-87fe-ef29329f8f63,L3,Tweet
575f336d-f5e8-4482-91db-eb4eeae293d5,L3,Tweet
fbe6a363-49f4-4813-b427-a3172777984b,L3,Tweet
82a6204e-ab10-4d84-b6c3-32a5f2e1331c,L3,Tweet
2c99d8ff-5c6e-404b-ac2c-8c700fcd6004,L3,Tweet
8361ce93-a946-444c-9b8e-06a55e3c7474,L3,Tweet
c1ee2b6e-6295-4366-8025-7a8e422e15ad,L3,Tweet
0697f340-fa88-45a4-b5ef-78afe42b929d,L3,Tweet
c37836d5-515c-421b-9721-918445b25bf2,L3,Tweet
fbd09703-a49c-495a-8c8d-303296b51b32,L3,Tweet
b7d035d3-75ac-44f0-b3f9-158c0b20c47d,L3,Tweet
d0152e2f-2a56-45f1-a226-8613ccb28914,L3,Tweet
54ebd303-9e19-4709-981d-15afd3ddc6b5,L3,Tweet
d0dc2281-b850-40e5-9b27-7b5b359ebe1b,L3,Tweet
d92c9895-a0b1-4b3a-9528-92939ffe33cc,L3,Tweet
47cc501a-9a5e-4b5a-8c05-9a29d21a2442,L3,Tweet
4e29c4b4-d954-4a39-8f03-bb450bd068fc,L3,Tweet
03a51162-ec49-49af-9bc7-66f27a4f0f31,L3,Tweet
6ce2e29f-a149-44cf-bbbf-31962fc20ee7,L3,Tweet
43059436-faf6-4ce3-8b42-593401203729,L3,Tweet
fbbb0aaa-6edd-4eeb-ace1-80ac936c3f38,L3,Tweet
4660655a-8ea9-486b-b696-8ace9c585b5c,L3,Tweet
e152f2a4-d9c7-4d23-b9f7-457237dc5820,L3,Tweet
b057e9c5-465f-4bd1-916d-7c96c9c12dbd,L3,Tweet
85ac4ac9-ff2e-40b0-800b-6bb513bef1cb,L3,Tweet
33f71710-d77d-48ef-8d3d-71dfd17e0d6f,L3,Tweet
e9ccaeab-81f2-41f2-9691-b135a5941e33,L3,Tweet
6be0264e-dbbe-4af3-9989-b465798bf74f,L3,Tweet
71349f86-8a58-4cd6-8298-7f3ab74073a6,L3,Tweet
20f0e1c1-2a25-4dfb-8da5-9b4f843d3bf9,L3,Tweet
d74b5d1d-d016-4bf6-9bd0-7d507e743318,L3,Tweet
b6b17856-e7ef-41b7-a186-613279bb6658,L3,Tweet
9c9e4107-b6a0-4029-94b7-27c37719debc,L3,Tweet
e98f2ae7-25a4-4d5a-90a1-435d5741c6d0,L3,Tweet
4edff593-9966-4c57-9f3f-1339906bc802,L3,Tweet
dbb6bf6a-1156-4294-9a0f-2e4cbe88612c,L3,Tweet
de466dc4-7e85-491e-95a5-eba984ccf190,L3,Tweet
b55f78e6-4bf0-415a-9774-da915d6a48a2,L3,Tweet
ac972792-0dbd-48af-99af-b2323bd1c7b4,L3,Tweet
af1bb772-775b-4546-9b39-9f06b8e61b5b,L3,Tweet
47163f60-0ef5-4b5f-a7f2-0e7177fce47a,L3,Tweet
3b5d6def-3692-47b1-adb1-cc17bce019e8,L3,Tweet
1490ad0c-c5d6-4b38-a0be-3fecf6f3eb5c,L3,Tweet
cc995d2a-7a9e-4068-9b7d-753ce73ed9f5,L3,Tweet
75dd28df-5bf4-40d6-9f18-df989faac879,L3,Tweet
e7bd8b79-36ad-4535-9544-b31203099d78,L3,Tweet
3b27204c-69da-4f38-8851-366ce3ed2958,L3,Tweet
15d7e050-d51a-432e-9845-6468881ac4b1,L3,Tweet
31191c6f-9be8-4650-af0f-c2a3adc9bf61,L3,Tweet
866243cf-ca5f-4b29-9c33-fc94b450f98c,L3,Tweet
ba25285c-71fa-49f9-a15d-6b8fabb56578,L3,Tweet
6bd6ba13-5bcb-44d3-ba1d-d4960fceb155,L3,Tweet
3905a45d-044f-4b02-8d5e-8840d6a3d01e,L3,Tweet
daa68393-95e5-4f33-bd2d-814c3040ed13,L3,Tweet
5d658b23-ec50-490f-829a-5e95576c1a41,L3,Tweet
e4ebc28f-c251-46ef-ad7a-83430f026898,L3,Tweet
ca8d4252-502d-47c8-8f1b-d4cdb97faa61,L3,Tweet
28f61560-3b11-4069-a0dd-4476f16e91af,L3,Tweet
18e1b682-51b4-4176-aac0-38d8460f12bc,L3,Tweet
30f9f67e-b090-4aef-985e-c445d73cd0c6,L3,Tweet
cd1962d2-6e16-46b1-843a-5861c655c2e7,L3,Tweet
1329bc8a-ef62-4611-bd79-cb65215f25df,L3,Tweet
685aa64b-2163-411f-9ed9-7b2e419c7421,L3,Tweet
319ed9a5-86b8-436c-8a7e-6ce1ec9f6c84,L3,Tweet
d342d2bc-b613-48cb-96fa-255037d488d0,L3,Tweet
4ca93a7e-11a2-4163-ba8b-06ab4fe4e4c8,L3,Tweet
5bbb6945-2d3c-4f08-9ee6-157dbd597394,L3,Tweet
d7559d68-6dd6-4ae7-abd9-ddafe916e3f8,L3,Tweet
bb99186c-364c-41b3-ae74-414f704bad80,L3,Tweet
ed5cc811-f354-4c39-8c58-260966b85854,L3,Tweet
254327d1-323d-4fcd-af17-33826dad9155,L3,Tweet
069e2631-c6d4-46ff-85e9-7cc580b426c4,L3,Tweet
31995a89-1cda-4aee-96a0-3102e4b95cf7,L3,Tweet
2bfda454-e129-4025-9c98-b531265fefe7,L3,Tweet
a7a0b771-4e47-4d51-9d24-4ce1336c0670,L3,Tweet
49165970-a4e7-4d82-a483-5ebced39db8a,L3,Tweet
897497be-cf6b-4e96-8955-35e2ff752ab9,L3,Tweet
1d2e0d58-8e8b-471d-a257-59ab336be424,L3,Tweet
700fc03c-b77b-4c17-b1cb-8073fcb0f3c7,L3,Tweet
7ce65d22-65fe-4635-81ee-5fad049a3172,L3,Tweet
1086a9ad-5d14-43e3-a247-0a1113c2d5d3,L3,Tweet
e0f194e6-43a6-449d-b397-6ec98b505f87,L3,Tweet
ff8bbb24-29d4-4dc4-a15f-23957b1bd796,L3,Tweet
3f927a05-37c6-4bfd-8c36-0e3cb94c1c57,L3,Tweet
a5deb029-1d5f-472e-9164-f7e0107f3800,L3,Tweet
9a566c4f-8a6d-444c-b034-93230032d626,L3,Tweet
bbdd3929-8c04-4cdc-8994-7f1067f38cdc,L3,Tweet
6440435e-712b-4997-8831-ba6139dfcff7,L3,Tweet
314bcfdc-b8b9-4f83-b01c-01d01072d968,L3,Tweet
2080830f-37e6-4117-9959-87ce134efcb8,L3,Tweet
bde4007e-549b-4991-826d-a1d7efecf994,L3,Tweet
db9af49c-6224-403d-8ffe-a00f5dc23736,L3,Tweet
dd3dbbc4-50bf-41de-8264-010b88c5bfe3,L3,Tweet
fd130303-3485-4355-9721-450d2e151387,L3,Tweet
2d9ef06f-f79a-46a9-b900-84846a482e5e,L3,Tweet
102ae358-615b-42ec-97b7-f8081f606f94,L3,Tweet
bf892a18-e1aa-4e25-817d-9e4225380a0b,L3,Tweet
176a200d-3e08-44a6-ae46-3272ea751eee,L3,Tweet
cfc850a5-e93e-487a-bfa3-b8b7bfe08cc8,L3,Tweet
ab203100-5709-40b9-a1d7-fb89345eeb75,L3,Tweet
b1803a1d-6ba3-4b83-ad19-41e1132700ab,L3,Tweet
f770eaed-d783-4de5-93ff-a2c892bf2fa2,L3,Tweet
1480b614-09a8-45c4-b3bb-a013b3ea8c4c,L3,Tweet
4b715cd1-12fe-449d-ad9b-e15a4a24ffaa,L3,Tweet
87ba1089-a643-4007-9475-5c504109e27e,L3,Tweet
57bdab36-d5b1-4b1b-87ae-33e5528c2eb1,L3,Tweet
bd91c3b3-b772-4d72-b104-976f73099342,L3,Tweet
ad087cf2-9b3e-46be-8857-421de1abac7f,L3,Tweet
e8df98cf-c05c-4ef9-8db4-cec89ef427f6,L3,Tweet
f78b0680-87a9-468b-84a7-3e1448734cbc,L3,Tweet
eb2a5965-a7ba-4c59-bc44-273464ed5ee7,L3,Tweet
eb93b771-0f3e-418c-afc6-613c12951594,L3,Tweet
fa0cc788-9fa0-4f24-bf14-c476c5cb0f87,L3,Tweet
4cb1c40f-6129-4d8c-8442-13b9a6e64add,L3,Tweet
3d5c7778-b627-4e35-bfbe-5cff39cf651e,L3,Tweet
a3a7ddbd-300a-48c3-8e6d-53c160664ce6,L3,Tweet
b44595f5-a6b9-481a-871a-3c12bf521f86,L3,Tweet
3ac475e3-8d39-4cad-815c-b14ada71bed9,L3,Tweet
8625f2e5-1504-4d48-808a-0095e8721e22,L3,Tweet
a7d12652-5696-4a47-9808-aa7d91e9ce70,L3,Tweet
13d8b19c-2abb-4769-a66a-c6fb688d73ff,L3,Tweet
f76fd781-8cf5-40e0-9623-df4cf36701ca,L3,Tweet
db414b90-b413-4abe-9248-a2ea7a04f6d6,L3,Tweet
0dd3b87c-923c-44e0-ac8b-3c024cef728a,L3,Tweet
3940d8b3-2f25-45b6-8701-c29df72ef5a2,L3,Tweet
32842ab2-469d-46aa-bbae-8b2871944c3a,L3,Tweet
b0d65fbd-78ea-47c1-bdb5-9b54345bb951,L3,Tweet
1ba7ec0c-bc8a-43e5-ab34-39acad020b3f,L3,Tweet
a17420a8-f95f-4b29-8126-bcc19215633e,L3,Tweet
9288edc1-9a31-4882-a6b7-e1f3d2459afc,L3,Tweet
fb34951b-74a8-428b-b5e1-d67173e92dbe,L3,Tweet
08b4189b-32ca-4dc3-b80b-0919558c988f,L3,Tweet
690cf85e-8e3f-4f07-82b6-31a1c8126881,L3,Tweet
fc0585c1-4ba3-47c1-af87-94a8cf8afd0f,L3,Tweet
e2710695-dc01-417b-8731-6749511c13b7,L3,Tweet
37e0fd5b-7a2e-491e-ab79-9933e8a5c9a3,L3,Tweet
4a702ccf-1ca7-4808-8a71-a31d991bc712,L3,Tweet
ea1feaf7-295e-4363-a023-eab7c605f313,L3,Tweet
dca6ccd7-8794-4524-9a84-d96c31bd3fc0,L3,Tweet
e3aa21eb-1b85-45e4-91b6-8ce728428c4a,L3,Tweet
c70c4a14-7bae-4ff3-9d3d-cdd6cf5bce17,L3,Tweet
7c8ae12d-7bf0-4c20-819f-be687c60490d,L3,Tweet
80308060-e7d1-4250-958e-4f059b14c845,L3,Tweet
ff789baa-5448-4960-914a-179928808e95,L3,Tweet
9530889d-6aae-4a1e-971e-b5a25eb95d1f,L3,Tweet
1d2ae0b2-fef5-4cb5-8c21-e8be87b5d21e,L3,Tweet
45dab52b-7b4f-495a-a2ab-dda76a036e4f,L3,Tweet
671f3219-eed6-47b6-9239-e0766d17fc55,L3,Tweet
eb1bb896-1870-4009-a06c-a878542b9a04,L3,Tweet
ec350f8d-efd2-408f-b395-3b0d88398ffe,L3,Tweet
18846321-e883-46d9-868e-4745fb5d0b78,L3,Tweet
3904cab7-1487-4203-a3e7-e382573958fb,L3,Tweet
e5297c27-6c1c-4d14-a90b-06de7eaf0b09,L3,Tweet
1fcc1110-57ca-44ee-a0e3-5f008e11d894,L3,Tweet
f9f4431d-249c-4e1c-a27f-e3f73bcffeb8,L3,Tweet
531cf5d1-d312-4758-8d63-8a3615beba2b,L3,Tweet
713f9dcf-21e7-4b5f-85d9-73ec528db80e,L3,Tweet
aae68974-accb-4d23-8713-3c87af8fec39,L3,Tweet
38e2056c-c85a-4cb2-a375-f8e3402f9b7a,L3,Tweet
67f029cc-b03a-44f6-a33a-a2c04d7134df,L3,Tweet
f19f8fc0-dcce-4387-9647-71ffb8b8367b,L3,Tweet
4446f7e2-1b76-4c8a-91c3-0d3beae940b0,L3,Tweet
8574b0fe-6ed0-4268-8df1-4107d5bd9737,L3,Tweet
7d19b7cb-46a8-4f45-b111-e55f85d91b6b,L3,Tweet
bfc4949b-a24d-49f3-bc5f-cc5ac5faef7a,L3,Tweet
a849499d-791e-4285-914d-1891fcc39c1e,L3,Tweet
16ff1eed-5d4b-430f-8b25-122d354937fd,L3,Tweet
15908c7c-0ea4-46bd-b646-9162e5f18eae,L3,Tweet
1a2a34b2-bac4-4eda-a52c-c7620fdbafdd,L3,Tweet
27eb565d-290a-40d5-b662-4e2ba0208321,L3,Tweet
2c593b24-acd8-4e69-8191-74ec4c7ed3f3,L3,Tweet
2a4fbeff-79da-40af-8081-ee0a3b24b696,L3,Tweet
d8c66a9f-ab33-4d21-97b9-6cbc06c4227e,L3,Tweet
58d68001-db1a-469f-849c-73fa303aaaf5,L3,Tweet
48af78ed-0634-4086-95b0-d944e7897e1f,L3,Tweet
f9ffee90-a0d4-4265-a10c-f9053e830e55,L3,Tweet
414e6947-4893-4294-9c96-60f228bd0610,L3,Tweet
f2ee604b-2214-4643-b383-fb6ae8fe9e54,L3,Tweet
9ed0c95b-f891-4928-ba19-41d4af0a4649,L3,Tweet
5e442f2f-3d4b-4bea-bf59-58487ee5f66d,L3,Tweet
bda4db51-3858-4e1a-b6ec-922fe8390861,L3,Tweet
d2b59402-32dd-4ea3-9425-bfed5aa2e6e1,L3,Tweet
364c41d5-4e88-41db-a2f0-f34a7f8b4ffd,L3,Tweet
58656d57-0077-4eec-a08d-25fba04d70bc,L3,Tweet
151d1bc4-5714-44f5-84f9-a25d74090062,L3,Tweet
4ef67a25-c4d1-43b2-b54f-63edaa396b52,L3,Tweet
bf078b2e-5c7a-4253-964f-ce1ce48fc86f,L3,Tweet
e838be8a-4bec-43b2-a1fa-cc1d312c947d,L3,Tweet
e1f35ed5-bacc-44a4-a2e8-7a78a639caad,L3,Tweet
0c3ab4e9-957d-4014-8c22-2213e4772f31,L3,Tweet
46b794b9-4ac3-4147-b0fb-0b5311397459,L3,Tweet
aea1d769-4106-4191-80f2-1ea2f28defc8,L3,Tweet
66ae57e3-bdd0-43bc-8b43-fffcf082a5fd,L3,Tweet
bd6f2345-b88a-4784-b33e-0b40209cba1f,L3,Tweet
f72d4e1c-7b93-46d6-bd50-3f0680a1207b,L3,Tweet
7f57afca-110c-46d5-8295-3c4ca1756f05,L3,Tweet
a3f937b9-a3bc-4409-93ad-059e1a501154,L3,Tweet
458dd005-e8d9-4c32-838a-517ccce0be88,L3,Tweet
8a7daeed-4637-41fd-9eb4-8bc28f3aa7a2,L3,Tweet
6bd82a31-865b-4a68-90ec-ec0a4ce664ed,L3,Tweet
12955d8c-0562-4dbe-a60f-ece3c733e2bd,L3,Tweet
8d36ecf4-e027-4cb6-900d-cb82b7771993,L3,Tweet
bb306e07-bd12-4f58-bcd7-6f8e23dcff13,L3,Tweet
275f551d-7b4f-4da6-b4e0-6ec80465cdd4,L3,Tweet
ded0640d-6696-4818-980b-85c8ec1c7616,L3,Tweet
b2ae364c-69e0-4ae8-bd65-7b2f6a7a03e8,L3,Tweet
0f2babe6-69d4-42a8-9e95-1a9605a65456,L3,Tweet
bda2a3e7-a78d-400e-9149-420dd5b56bbd,L3,Tweet
d135886c-9dbe-4c6e-a2f5-7d78f5b05f98,L3,Tweet
9ddd7c54-7a17-48ed-82c3-7bba5dc33a3e,L3,Tweet
ceb02043-895c-4ca6-a4a9-b29622c7cd40,L3,Tweet
fd22c146-a52d-40d5-8092-3ee692b16ef3,L3,Tweet
a82da7c1-48fd-4c8a-b423-8f8573fc163d,L3,Tweet
fbcd7854-e941-4c40-80a7-33091b207afd,L3,Tweet
fa0a30d4-e758-4a36-a98d-077fd11c0d7d,L3,Tweet
96c50787-d9c4-4b35-a9b9-5a9ef2b8c70b,L3,Tweet
362ec25f-c50e-443d-a328-efdcec61fc07,L3,Tweet
aa4e8354-475b-45ae-b7c6-3085929c8101,L3,Tweet
8a73a39c-3ca0-4051-8ee5-13c9a5df46c3,L3,Tweet
5f145b9a-324b-48e8-a339-e8d0c0229957,L3,Tweet
03d6479c-b32c-4f9f-8b97-a1465a687753,L3,Tweet
02daf8a2-5847-4c3c-aab6-863a54e6bc07,L3,Tweet
9b915cf4-f438-47d4-9e5c-9d99f1c7e944,L3,Tweet
2ac4867e-ba51-4946-a29a-cc6651f56645,L3,Tweet
ef313d8d-99e2-478d-a89e-a5bfd2bd3153,L3,Tweet
79d0c615-d767-41d7-a8f9-ab8e1e7d726f,L3,Tweet
ce883b22-df96-45fb-9b44-7b45c239aff8,L3,Tweet
7892bfc1-e1c4-441e-b2a2-50392ecfac3d,L3,Tweet
2856f753-bd5b-4076-99df-56b914e28f40,L3,Tweet
50e5d44b-d8b7-4f8c-a5b0-0a2fd740aa52,L3,Tweet
31830653-455a-479e-abf3-a9b506b34053,L3,Tweet
626fc473-3911-4f79-9b90-15086cf8cdd3,L3,Tweet
d7470e4e-b523-4bf0-ab00-9932f310091a,L3,Tweet
baa23b16-6d1c-4431-a276-dc54f2a1e69d,L3,Tweet
324836eb-5b1e-466a-bf76-2e7970dc6515,L3,Tweet
eb2b9ea3-6546-4997-bf93-02ff5ea2d2f7,L3,Tweet
07b8a065-f4a0-4692-9897-f64ee9b45117,L3,Tweet
aeb02933-70ba-4c7e-9d3b-52c63d76661f,L3,Tweet
dacfa261-81d3-4976-9139-51a158dd6804,L3,Tweet
c9ed045e-e082-4034-8a11-c1def38474a5,L3,Tweet
de221f16-b18e-4499-9d32-5fb3c856231d,L3,Tweet
7ae1037a-2709-44e1-9ed8-296e18477179,L3,Tweet
167e5685-68f3-4057-8a8d-f805e0669d17,L3,Tweet
1c37a871-f1ab-4550-8da1-02fd6bf0fb8a,L3,Tweet
4351893c-3f7c-41b8-b6a8-8ae0e7567594,L3,Tweet
a6aaa50d-3aa5-4427-a863-8570afe49eb6,L3,Tweet
60a288f8-65ea-4976-928c-80f63b817d1d,L3,Tweet
5e0c9c36-c469-447a-9849-1177b9df6620,L3,Tweet
53d6b900-45d7-4e32-b146-6a9b43a22890,L3,Tweet
7840f706-d62e-40f5-aa72-6239390b0c64,L3,Tweet
e23fe695-e4ee-4c80-bb65-a586a504f3ac,L3,Tweet
60725bfb-8164-458f-a62d-3faa7bf7dd7e,L3,Tweet
1ef780b4-58ec-452a-a86b-6be87874a15c,L3,Tweet
28a8a695-17ce-4770-8dd8-add008c68ba5,L3,Tweet
104b2210-5c90-405a-98c9-56ec71bfa89e,L3,Tweet
bcf783b6-e78e-4ec7-86d9-c8de2f7db67a,L3,Tweet
eea119da-f051-4d5a-b139-1492fe530a96,L3,Tweet
86a63c3d-392f-461f-bff5-dffdbc508b0a,L3,Tweet
0dac255d-0057-4d36-930c-938c624a69c2,L3,Tweet
cd12f1ea-1c56-496c-8663-d11ba985fc72,L3,Tweet
20004fac-cc76-465d-b1f8-fd4afd8ef568,L3,Tweet
ebaac154-d3b7-44ca-859e-e2234079b426,L3,Tweet
86121257-b0d8-44c2-a821-183922ddb108,L3,Tweet
536eae84-f235-4732-aa53-215be03f39e9,L3,Tweet
8e25bc4c-0dff-4481-b7a7-23bee8331e33,L3,Tweet
2c07959c-25a7-42d9-81ea-1ab19be8efa6,L3,Tweet
cce44750-51c4-4a92-bc04-a575ffc44e4d,L3,Tweet
436114eb-05ca-4068-a8b1-72a8098e8430,L3,Tweet
8035c4e4-58a8-4edb-b4c8-819492f2337f,L3,Tweet
0885665d-2be2-4e3a-ad3e-7e7786e28f47,L3,Tweet
c95b1504-8c37-4fa6-9097-077801a77b89,L3,Tweet
994a8294-a344-4a64-b7ae-dbe4223c64f9,L3,Tweet
5c6fdbe4-fed3-4c53-940d-a6865a98d0a0,L3,Tweet
d8939de3-9539-4e62-83c9-b86ec8623d7a,L3,Tweet
e0e1430d-b413-4d76-887c-2c3fa1c3312c,L3,Tweet
f1b7ba12-99f7-4ae7-81c3-b0cb9fdc697b,L3,Tweet
851b1a7e-b05a-437a-ac3c-97b8d93eab10,L3,Tweet
19c80319-8def-429f-9115-190fc87eac95,L3,Tweet
244bc5d4-59ec-496f-9ee0-ec0a57aee147,L3,Tweet
ac25ef35-1775-41f7-ba93-e6ce44d7b928,L3,Tweet
4eb79d70-3f09-4306-a285-32e74078c27f,L3,Tweet
f356321a-8b8d-4a33-b2ec-e1fcb7468456,L3,Tweet
cb9b7887-3b86-462f-918b-603d5c7b4c95,L3,Tweet
9c1a14a8-2d75-4c37-a702-8e42109176d9,L3,Tweet
6fe509eb-e1d0-422b-a181-c44fab250a81,L3,Tweet
a24a3860-8b98-437b-9821-dd4f899ba2a9,L3,Tweet
713b8f61-caec-41ed-ba49-3b3d50032e37,L3,Tweet
da46cf96-1781-45e9-b06d-bba37c4da17a,L3,Tweet
9cc1bcb6-81f9-4775-a338-3a45f4fe10ec,L3,Tweet
0a554c56-4edd-4024-b05c-c70bf30c6331,L3,Tweet
0ab13f9b-729c-4a20-bab7-542b2761c224,L3,Tweet
bee839af-b2da-4d50-90fd-bbae98f5fa50,L3,Tweet
4e739b45-37cb-43e6-a0cb-543e57ee62af,L3,Tweet
b904f070-b8c8-42f3-a67b-bed31cd13357,L3,Tweet
e081002e-0c7f-4eaa-a16a-a62139e05381,L3,Tweet
1ab5633b-1987-4af7-a305-bed452941233,L3,Tweet
cc19607f-be96-4618-9fdc-bcade666376d,L3,Tweet
36fe1551-de2d-4a6a-8433-6c58164f46d6,L3,Tweet
156a9711-9795-4d77-ac2f-892ad811dc9b,L3,Tweet
ca2a3683-7ff9-40d1-8831-c171375419b4,L3,Tweet
633e9977-41ff-4996-8cc6-db84975d5459,L3,Tweet
79ad8b9b-65e0-47d5-8814-5be903087658,L3,Tweet
5a7eca68-d181-44bf-b8af-46da5b34a0b6,L3,Tweet
4fc50ce0-5a62-4fcb-a799-2eeee862635f,L3,Tweet
dbfeda16-1c92-47d6-a72c-4f10fcfb2625,L3,Tweet
f0a554cd-a81f-428a-be8a-a8933b685a0e,L3,Tweet
3ea542de-48d2-4d4f-bdf8-82b296a175f1,L3,Tweet
4a67059c-c292-46aa-8e37-f2c51e02fe3c,L3,Tweet
25187aeb-86d5-49dc-a521-48af6c5f2a46,L3,Tweet
81dd3dd2-7c40-49e7-960e-224c5f2eb974,L3,Tweet
ea904be1-0a65-4a60-8616-d851562bf982,L3,Tweet
4e5c850a-12a8-4fb3-9444-e93d751e4711,L3,Tweet
569d6d12-2000-4183-8958-188db2b54c2d,L3,Tweet
5a56ce43-45f2-475a-9dad-6560797ebc8b,L3,Tweet
45cf2e64-1028-496b-88e1-c9638408925d,L3,Tweet
05762984-5363-4ec8-812b-71b659e97857,L3,Tweet
d029a054-87ab-491a-ab92-fd567db6a265,L3,Tweet
b18d4238-bf85-4db6-a385-e1d6741b0012,L3,Tweet
84ccd4ab-4017-4398-b25a-7c5eea6d0b69,L3,Tweet
e9fbefee-9a91-4413-9af5-6d3ca9197b8e,L3,Tweet
c770d350-0bb1-43f5-91b5-b06354ec5908,L3,Tweet
f0eab17e-0f2e-41fd-b248-3d84c45bbca3,L3,Tweet
d70f7fc1-a606-4563-9303-d2d1c5e8dbcf,L3,Tweet
b54d3b57-b4a6-405a-8318-ca69791e70a7,L3,Tweet
3a2acecf-a8fb-46bf-a8fb-562189c5ec6e,L3,Tweet
bdb8063c-f534-44ad-a56c-504418ae41a4,L3,Tweet
e7b244a4-a0fe-42d5-9c5c-5762590e9d98,L3,Tweet
6c4c8d8b-9bc5-4c8d-9ff8-2cdd052fdadb,L3,Tweet
69ac2d41-6a22-4019-b609-754092b57701,L3,Tweet
a1ffe649-2a41-4c4d-87d3-0978db598a92,L3,Tweet
f8f0c547-7898-41de-b012-1ca8b0912be3,L3,Tweet
b1808664-547d-4829-a58f-4a4e06f6382f,L3,Tweet
beb4497b-3e09-4f16-adac-296863034d2b,L3,Tweet
545ee712-e85c-4b46-9a01-3ed77c1b69e6,L3,Tweet
42ff2048-300d-4b02-bbd7-b0393acc465a,L3,Tweet
a550d38b-e5de-43d1-bd4c-ceff7873feb7,L3,Tweet
a39d54ff-f11b-42cb-a933-6914e373333c,L3,Tweet
7cb22d8c-87a7-418f-937b-04a91c3d39da,L3,Tweet
2238910d-2e4f-4b6a-b090-dd23e9114c47,L3,Tweet
43a12088-3a5c-4076-b1ac-73d265e42112,L3,Tweet
59d26009-8bbb-4ece-8020-de7fd0752715,L3,Tweet
72e3d73b-0ff2-490b-b8fe-f3a2ba9d647e,L3,Tweet
a6898aa0-71bb-40af-a6ff-37c4b16dc396,L3,Tweet
c4d53664-c6dd-42eb-a5e1-f182e1929544,L3,Tweet
e4c0710c-329b-4906-8558-614b6e593f63,L3,Tweet
410ae61e-1ee0-46e3-9152-ac511947f318,L3,Tweet
97fe7fb4-8b27-4578-9cce-2f950aa30385,L3,Tweet
20c47b5d-dabd-4e2d-857d-12d96e84964e,L3,Tweet
42de8397-0cbb-4e73-aa37-83000995ef4d,L3,Tweet
114c6970-2def-4455-8c29-20e7f1ed54b6,L3,Tweet
d8962b9d-a01b-493a-a6ec-84e529b5b756,L3,Tweet
89dbd4b5-80a7-4d5f-ae69-06c655ad2f48,L3,Tweet
c45efa24-393d-418a-bbb0-7d1822a7cce1,L3,Tweet
f3b383f6-68c3-46ef-b62b-11ff7e7b19cc,L3,Tweet
1c57fcff-4cd9-491d-a64c-0600dd5079fd,L3,Tweet
e4e51141-3f30-4660-9adb-8ca749fe1ac4,L3,Tweet
1a627992-3857-45bc-b324-b9bae8847dc0,L3,Tweet
12e55731-617a-4bd8-8bc9-84ed74f30605,L3,Tweet
3bce4ae0-14a7-4778-9a38-29c8b613b2fc,L3,Tweet
4b314af8-d40b-4d9d-85d4-2083ef0a6f46,L3,Tweet
c8c3127c-e73b-420f-a4c1-12994f22dbd6,L3,Tweet
b49ecbbe-d850-4fc2-85a8-dc506ffa6a84,L3,Tweet
37226f8a-101d-4812-9b14-93728a020cd6,L3,Tweet
3792cfbf-9130-4dec-b2d9-37ef48dd323b,L3,Tweet
1c44e543-e3a9-48c1-b6e7-59771b950864,L3,Tweet
f2cbc204-edb4-4822-8fad-f0af83bfc162,L3,Tweet
25aea90a-6bf8-47c4-9f91-12310d99d2ed,L3,Tweet
69994235-d955-4385-b8e9-8a3bc22b8231,L3,Tweet
b4905bef-6ace-45df-91a7-c6dca01ca7a3,L3,Tweet
6cea8f02-4ad2-4f9a-91d3-383ddd1ee0ab,L3,Tweet
7d0cf085-1da8-436f-8096-b2087151ea9f,L3,Tweet
27346f58-b5ce-4d1f-8b1f-0d0d5381288b,L3,Tweet
5c8d17a4-ea23-4c81-a0d6-8081b0c7c0c3,L3,Tweet
33908109-f9da-439d-acce-8b5b79e1f781,L3,Tweet
bdace06f-6566-4b1b-a4ca-98002fac1668,L3,Tweet
dd755cfb-0d9b-49b0-8603-955858933ad6,L3,Tweet
ad8e7fe4-7747-4fad-bc6e-fddc9632c15e,L3,Tweet
4d7b104c-bf00-4047-9516-a4713c89dea7,L3,Tweet
33833f12-00d8-4317-9e8e-74e6cad3a365,L3,Tweet
6145cae3-67fb-4ce7-9ca7-616cb4f0cdfa,L3,Tweet
ebaef286-834a-4dee-b865-cf91d2d17956,L3,Tweet
1f8aece4-74a1-4f7a-a0dd-d62efefd3bed,L3,Tweet
32ef1620-dfec-4412-86f5-74205c468fab,L3,Tweet
f1c9aab0-2c64-4ecb-82bf-15f22d06a80d,L3,Tweet
ef89cb3b-7ffe-4c48-a33d-892d2e8b9a6c,L3,Tweet
38aad760-9f95-45f7-9605-231233c5f207,L3,Tweet
ea0d3325-deb4-4b4c-8cfb-bbbe51f1ca59,L3,Tweet
15043adf-bb27-475a-a63a-2182de4fe33b,L3,Tweet
ca950fa3-c9da-45ad-8f41-2873098144e2,L3,Tweet
2056359d-2b49-45a0-8b0f-d5c7890faad4,L3,Tweet
02c546e8-693e-4c13-abee-11a10a788c69,L3,Tweet
4fce43b2-b127-4c43-87f0-7236509507d9,L3,Tweet
add7d986-d0c9-47f7-bf2d-441215f19bfb,L3,Tweet
d391c1e7-55e1-4a15-8afd-c5abfd2dd5cd,L3,Tweet
e82ae3aa-aae5-4528-b279-4e21556b8141,L3,Tweet
e4308970-d2f2-4f3b-87fd-f9058b89b0f5,L3,Tweet
aee56fd8-fad0-4403-8bf0-0f140c849d01,L3,Tweet
d071de46-68c6-4ad7-9e6d-18f70a443482,L3,Tweet
75730ba4-b4bd-42ce-adff-90c837f65146,L3,Tweet
9895b02f-a5b7-4da7-8873-4eaff2d70cd8,L3,Tweet
7574def3-2136-45c8-b0a9-139aed6c8335,L3,Tweet
6da1299b-2a5c-4975-9088-f1ab548530af,L3,Tweet
a6a0cc85-3fa1-4088-962b-5d6ed018ab3a,L3,Tweet
752e6b72-a81e-4c1b-a9b8-7cbd07ba538b,L3,Tweet
8c2b2bd6-3d2d-4b66-85fa-d0aa656b36ee,L3,Tweet
94de6284-5785-4580-9f79-5f7b623a876e,L3,Tweet
666db17a-119a-4258-9725-8a7343e49e05,L3,Tweet
1ea88734-2d43-4105-9717-e8063e0d8fa9,L3,Tweet
02980391-96ff-435d-a67c-ac2049a1faa4,L3,Tweet
7418f806-5c17-4614-8d24-e3b9232ed82c,L3,Tweet
5b3a284f-4692-49c9-87e1-0c5aae7bcea0,L3,Tweet
ecd8b6ef-3378-4f87-82ed-0709533c1a5f,L3,Tweet
1050d134-00db-4ba3-bca6-bdf06ac583c9,L3,Tweet
6114be74-bee4-4ef5-b558-dc18b0691a38,L3,Tweet
8b44997d-2b10-44b2-bac5-a630a3f387a1,L3,Tweet
8e098ef2-ea2d-49c5-9d07-42bf3e95383a,L3,Tweet
920edeba-c28c-41ad-8010-f3aecf5633c0,L3,Tweet
4111a5da-bb8e-4aa6-8b47-6ab8a61beb30,L3,Tweet
78186d9a-9648-41a9-85ed-027cb73ffb17,L3,Tweet
819a0376-315c-460c-9443-96566a6b551e,L3,Tweet
5dcd7944-0566-46ee-97a7-1f1a9b55db32,L3,Tweet
d0343c6c-68ff-4fe5-b0e2-6bd3c89846e0,L3,Tweet
9d19ad20-94cb-4582-9ca3-daae90ee28fa,L3,Tweet
987333d0-dca6-4892-838a-ba48ce660d9e,L3,Tweet
7d9a2f58-5186-4592-b3d9-eff9adcadbb6,L3,Tweet
4c784f95-c4cd-4bb7-afff-3f5b34fcbf5a,L3,Tweet
a9b87ddc-a678-4d4d-ab9d-a5900ceecffa,L3,Tweet
b76a38c8-36b2-48be-b2fd-d408c59793bd,L3,Tweet
2dc898c1-e597-4615-b92c-9a63df07f870,L3,Tweet
5c5ffea3-de31-4215-b607-517ef0d7147d,L3,Tweet
4a364f07-b169-4c09-be4e-318ce3022b0d,L3,Tweet
4c1b4715-7aaf-4bb1-b00c-bc78173b5026,L3,Tweet
65eca685-6f93-49fb-9c7e-e483bcfb4f39,L3,Tweet
629868ec-7a09-4091-a0bc-732660cd47a7,L3,Tweet
271d6675-6303-4383-9253-f2b2aa8d6cac,L3,Tweet
6881a2e6-93ba-4e68-8768-b70d7706789b,L3,Tweet
48b17a69-ae6c-49c7-a1a1-1a2079ac6034,L3,Tweet
e12513dc-df17-4829-9e21-69e759f29c99,L3,Tweet
c6e86610-29f5-464f-8f58-b26a4437742c,L3,Tweet
0d4947fc-f2bf-4ce5-8717-baa1dcf0347e,L3,Tweet
cb3e1818-2c78-4aca-9e65-550f9be30f76,L3,Tweet
ed6ad938-8c7f-4bca-b406-540becd1f671,L3,Tweet
ea464e67-b5f7-45f2-b2c6-1826faec90d6,L3,Tweet
3b5f49db-bf25-432a-9611-bb6e014e5d18,L3,Tweet
f6af1b74-6176-4ea1-91cb-f2000d4ae8aa,L3,Tweet
f7efaaa6-05fc-4097-bfc9-d872412eb15c,L3,Tweet
a8af2828-94d4-432e-9b93-5c1df06203aa,L3,Tweet
7c3ec67f-e493-4704-8ad8-e6f08a996701,L3,Tweet
67e09294-ba82-4719-8442-b64297aaa502,L3,Tweet
efc378fa-d308-4e46-bf1a-b34464379b58,L3,Tweet
20ad89eb-21b9-46b7-ba19-1e705341919d,L3,Tweet
9ee5818c-aab1-4b4f-81c2-6b057845247f,L3,Tweet
1337e07f-8701-4be5-b101-a56149ad800d,L3,Tweet
0993356a-3f4a-42f4-af7a-a55c56bc34f2,L3,Tweet
c69ee489-f1f8-4ad4-98c8-89dba699341f,L3,Tweet
7fa8b768-93c4-42c0-9b59-8fe961561de8,L3,Tweet
9cd66c3d-8ffb-4d16-96c9-b852d5ed3fd1,L3,Tweet
a41324fe-df15-45ba-9bca-9fc0d28298b3,L3,Tweet
0c82f1a8-eea4-4bee-ac31-b64749443958,L3,Tweet
b2fbf51b-9044-4275-9bc2-7a31bc24e333,L3,Tweet
1254e9fa-ccc1-4c88-bf5b-cec052ced601,L3,Tweet
eb4291ae-ba2f-4abc-a9d2-f313d0778fd8,L3,Tweet
be835535-87ab-41ad-9ce7-f0bfdb8e386a,L3,Tweet
1eec1021-119e-40d7-ac38-8ea621da0b62,L3,Tweet
9b1fdb5e-1f9b-4d8b-9058-9839f472d62c,L3,Tweet
7cdc10d8-cb73-4301-ad81-329a2189dc1e,L3,Tweet
63dec2d3-0afc-4fa5-aa81-fa40a5dce433,L3,Tweet
066f4b78-68b9-470d-b957-28f86756acc2,L3,Tweet
2fc615ee-8cf1-4d4e-af11-0b609efd7f29,L3,Tweet
01a4324c-764c-4ab0-a421-e2efa49f2e99,L3,Tweet
ed39753a-01a0-4290-8963-6f43f762caaf,L3,Tweet
4ccf788c-b7d5-40f7-968b-4cf852a11079,L3,Tweet
ab9e78a3-4f0f-40ff-b0f3-9438d64a959d,L3,Tweet
d725b4ff-28c8-4882-a3cd-280325bf641a,L3,Tweet
8431a10d-b66b-404f-9629-3bdb431feafb,L3,Tweet
73dd8175-c95d-4184-83c7-e21a0d841eaa,L3,Tweet
7960cb23-6124-4824-b2d5-3603d250eab2,L3,Tweet
230b5ef2-6fd2-460e-98b0-259c24cf47e6,L3,Tweet
9bb7f811-5717-4913-a4df-f9b80b44e86b,L3,Tweet
85ba9ccd-8292-46b0-ab09-18da54d755da,L3,Tweet
14a2a7d2-518b-437c-8def-f4a2e7bb175a,L3,Tweet
d96ce898-bc04-4fb9-9737-01fe8bb19b40,L3,Tweet
2975e27b-cbf0-47cb-a81a-fe98a6ac16e2,L3,Tweet
9b829d9e-4fc7-403a-a6f6-510835312607,L3,Tweet
af1b1872-b1fa-4968-af63-f55d0d6ae99c,L3,Tweet
5102a082-072f-46ee-8258-9c9575cedfd3,L3,Tweet
3e8913ad-e65a-4e84-ba26-2c72e0fe8b0a,L3,Tweet
4eb21aa9-5095-4d64-a9a3-5cad068975c9,L3,Tweet
2577f407-3b20-4ca9-acda-1ef82fd410ce,L3,Tweet
a61dddf7-c0c6-4e1f-89f6-db7c47ffbb53,L3,Tweet
c74c07f8-f5d6-46f1-ab73-2b73b76dc897,L3,Tweet
afe2afd1-ebd7-4816-aa08-92e3a92b5c20,L3,Tweet
fcdda0ae-337a-46b5-833c-57cea78286ed,L3,Tweet
f78385aa-6aa6-4f1d-852f-fe3453054cba,L3,Tweet
9a7cb2ce-400f-402c-83a8-f8f7c0a1771f,L3,Tweet
c34f3833-e479-4343-a9f8-ade29eb4547c,L1,Profile
c34f3833-e479-4343-a9f8-ade29eb4547c,L1,Profile
c34f3833-e479-4343-a9f8-ade29eb4547c,L1,Profile
c34f3833-e479-4343-a9f8-ade29eb4547c,L1,Profile
c34f3833-e479-4343-a9f8-ade29eb4547c,L1,Profile
c34f3833-e479-4343-a9f8-ade29eb4547c,L1,Profile
c34f3833-e479-4343-a9f8-ade29eb4547c,L1,Profile
c34f3833-e479-4343-a9f8-ade29eb4547c,L1,Profile
c34f3833-e479-4343-a9f8-ade29eb4547c,L1,Profile
c34f3833-e479-4343-a9f8-ade29eb4547c,L1,Profile
c34f3833-e479-4343-a9f8-ade29eb4547c,L1,Profile
c34f3833-e479-4343-a9f8-ade29eb4547c,L1,Profile
c34f3833-e479-4343-a9f8-ade29eb4547c,L1,Profile
c34f3833-e479-4343-a9f8-ade29eb4547c,L1,Profile
c34f3833-e479-4343-a9f8-ade29eb4547c,L1,Profile
c34f3833-e479-4343-a9f8-ade29eb4547c,L1,Profile
c34f3833-e479-4343-a9f8-ade29eb4547c,L1,Profile
c34f3833-e479-4343-a9f8-ade29eb4547c,L1,Profile
c34f3833-e479-4343-a9f8-ade29eb4547c,L1,Profile
c34f3833-e479-4343-a9f8-ade29eb4547c,L1,Profile
c34f3833-e479-4343-a9f8-ade29eb4547c,L1,Profile
c34f3833-e479-4343-a9f8-ade29eb4547c,L1,Profile
c34f3833-e479-4343-a9f8-ade29eb4547c,L1,Profile
c34f3833-e479-4343-a9f8-ade29eb4547c,L1,Profile
c34f3833-e479-4343-a9f8-ade29eb4547c,L1,Profile
c34f3833-e479-4343-a9f8-ade29eb4547c,L1,Profile
c34f3833-e479-4343-a9f8-ade29eb4547c,L1,Profile
c34f3833-e479-4343-a9f8-ade29eb4547c,L1,Profile
c34f3833-e479-4343-a9f8-ade29eb4547c,L1,Profile
c34f3833-e479-4343-a9f8-ade29eb4547c,L1,Profile
c34f3833-e479-4343-a9f8-ade29eb4547c,L1,Profile
c34f3833-e479-4343-a9f8-ade29eb4547c,L1,Profile
c34f3833-e479-4343-a9f8-ade29eb4547c,L1,Profile
c34f3833-e479-4343-a9f8-ade29eb4547c,L1,Profile
c34f3833-e479-4343-a9f8-ade29eb4547c,L1,Profile
c34f3833-e479-4343-a9f8-ade29eb4547c,L1,Profile
c34f3833-e479-4343-a9f8-ade29eb4547c,L1,Profile
c34f3833-e479-4343-a9f8-ade29eb4547c,L1,Profile
c34f3833-e479-4343-a9f8-ade29eb4547c,L1,Profile
c34f3833-e479-4343-a9f8-ade29eb4547c,L1,Profile
c34f3833-e479-4343-a9f8-ade29eb4547c,L1,Profile
c34f3833-e479-4343-a9f8-ade29eb4547c,L1,Profile
c34f3833-e479-4343-a9f8-ade29eb4547c,L1,Profile
c34f3833-e479-4343-a9f8-ade29eb4547c,L1,Profile
c34f3833-e479-4343-a9f8-ade29eb4547c,L1,Profile
c34f3833-e479-4343-a9f8-ade29eb4547c,L1,Profile
c34f3833-e479-4343-a9f8-ade29eb4547c,L1,Profile
c34f3833-e479-4343-a9f8-ade29eb4547c,L1,Profile
c34f3833-e479-4343-a9f8-ade29eb4547c,L1,Profile
c34f3833-e479-4343-a9f8-ade29eb4547c,L1,Profile
c34f3833-e479-4343-a9f8-ade29eb4547c,L1,Profile
c34f3833-e479-4343-a9f8-ade29eb4547c,L1,Profile
c34f3833-e479-4343-a9f8-ade29eb4547c,L1,Profile
c34f3833-e479-4343-a9f8-ade29eb4547c,L1,Profile
c34f3833-e479-4343-a9f8-ade29eb4547c,L1,Profile
c34f3833-e479-4343-a9f8-ade29eb4547c,L1,Profile
c34f3833-e479-4343-a9f8-ade29eb4547c,L1,Profile
c34f3833-e479-4343-a9f8-ade29eb4547c,L1,Profile
c34f3833-e479-4343-a9f8-ade29eb4547c,L1,Profile
c34f3833-e479-4343-a9f8-ade29eb4547c,L1,Profile
c34f3833-e479-4343-a9f8-ade29eb4547c,L1,Profile
c34f3833-e479-4343-a9f8-ade29eb4547c,L1,Profile
c34f3833-e479-4343-a9f8-ade29eb4547c,L1,Profile
c34f3833-e479-4343-a9f8-ade29eb4547c,L1,Profile
c34f3833-e479-4343-a9f8-ade29eb4547c,L1,Profile
c34f3833-e479-4343-a9f8-ade29eb4547c,L1,Profile
c34f3833-e479-4343-a9f8-ade29eb4547c,L1,Profile
c34f3833-e479-4343-a9f8-ade29eb4547c,L1,Profile
c34f3833-e479-4343-a9f8-ade29eb4547c,L1,Profile
c34f3833-e479-4343-a9f8-ade29eb4547c,L1,Profile
c34f3833-e479-4343-a9f8-ade29eb4547c,L1,Profile
c34f3833-e479-4343-a9f8-ade29eb4547c,L1,Profile
c34f3833-e479-4343-a9f8-ade29eb4547c,L1,Profile
c34f3833-e479-4343-a9f8-ade29eb4547c,L1,Profile
c34f3833-e479-4343-a9f8-ade29eb4547c,L1,Profile
c34f3833-e479-4343-a9f8-ade29eb4547c,L1,Profile
c34f3833-e479-4343-a9f8-ade29eb4547c,L1,Profile
c34f3833-e479-4343-a9f8-ade29eb4547c,L1,Profile
c34f3833-e479-4343-a9f8-ade29eb4547c,L1,Profile
c34f3833-e479-4343-a9f8-ade29eb4547c,L1,Profile
c34f3833-e479-4343-a9f8-ade29eb4547c,L1,Profile
c34f3833-e479-4343-a9f8-ade29eb4547c,L1,Profile
c34f3833-e479-4343-a9f8-ade29eb4547c,L1,Profile
c34f3833-e479-4343-a9f8-ade29eb4547c,L1,Profile
c34f3833-e479-4343-a9f8-ade29eb4547c,L1,Profile
c34f3833-e479-4343-a9f8-ade29eb4547c,L1,Profile
c34f3833-e479-4343-a9f8-ade29eb4547c,L1,Profile
c34f3833-e479-4343-a9f8-ade29eb4547c,L1,Profile
c34f3833-e479-4343-a9f8-ade29eb4547c,L1,Profile
c34f3833-e479-4343-a9f8-ade29eb4547c,L1,Profile
c34f3833-e479-4343-a9f8-ade29eb4547c,L1,Profile
c34f3833-e479-4343-a9f8-ade29eb4547c,L1,Profile
c34f3833-e479-4343-a9f8-ade29eb4547c,L1,Profile
c34f3833-e479-4343-a9f8-ade29eb4547c,L1,Profile
c34f3833-e479-4343-a9f8-ade29eb4547c,L1,Profile
c34f3833-e479-4343-a9f8-ade29eb4547c,L1,Profile
c34f3833-e479-4343-a9f8-ade29eb4547c,L1,Profile
c34f3833-e479-4343-a9f8-ade29eb4547c,L1,Profile
c34f3833-e479-4343-a9f8-ade29eb4547c,L1,Profile
c34f3833-e479-4343-a9f8-ade29eb4547c,L1,Profile
c34f3833-e479-4343-a9f8-ade29eb4547c,L1,Profile
c34f3833-e479-4343-a9f8-ade29eb4547c,L1,Profile
c34f3833-e479-4343-a9f8-ade29eb4547c,L1,Profile
c34f3833-e479-4343-a9f8-ade29eb4547c,L1,Profile
c34f3833-e479-4343-a9f8-ade29eb4547c,L1,Profile
c34f3833-e479-4343-a9f8-ade29eb4547c,L1,Profile
c34f3833-e479-4343-a9f8-ade29eb4547c,L1,Profile
c34f3833-e479-4343-a9f8-ade29eb4547c,L1,Profile
c34f3833-e479-4343-a9f8-ade29eb4547c,L1,Profile
c34f3833-e479-4343-a9f8-ade29eb4547c,L1,Profile
c34f3833-e479-4343-a9f8-ade29eb4547c,L1,Profile
c34f3833-e479-4343-a9f8-ade29eb4547c,L1,Profile
c34f3833-e479-4343-a9f8-ade29eb4547c,L1,Profile
c34f3833-e479-4343-a9f8-ade29eb4547c,L1,Profile
c34f3833-e479-4343-a9f8-ade29eb4547c,L1,Profile
c34f3833-e479-4343-a9f8-ade29eb4547c,L1,Profile
c34f3833-e479-4343-a9f8-ade29eb4547c,L1,Profile
c34f3833-e479-4343-a9f8-ade29eb4547c,L1,Profile
c34f3833-e479-4343-a9f8-ade29eb4547c,L1,Profile
c34f3833-e479-4343-a9f8-ade29eb4547c,L1,Profile
c34f3833-e479-4343-a9f8-ade29eb4547c,L1,Profile
c34f3833-e479-4343-a9f8-ade29eb4547c,L1,Profile
c34f3833-e479-4343-a9f8-ade29eb4547c,L1,Profile
c34f3833-e479-4343-a9f8-ade29eb4547c,L1,Profile
c34f3833-e479-4343-a9f8-ade29eb4547c,L1,Profile
c34f3833-e479-4343-a9f8-ade29eb4547c,L1,Profile
c34f3833-e479-4343-a9f8-ade29eb4547c,L1,Profile
c34f3833-e479-4343-a9f8-ade29eb4547c,L1,Profile
c34f3833-e479-4343-a9f8-ade29eb4547c,L1,Profile
c34f3833-e479-4343-a9f8-ade29eb4547c,L1,Profile
c34f3833-e479-4343-a9f8-ade29eb4547c,L1,Profile
c34f3833-e479-4343-a9f8-ade29eb4547c,L1,Profile
c34f3833-e479-4343-a9f8-ade29eb4547c,L1,Profile
c34f3833-e479-4343-a9f8-ade29eb4547c,L1,Profile
c34f3833-e479-4343-a9f8-ade29eb4547c,L1,Profile
c34f3833-e479-4343-a9f8-ade29eb4547c,L1,Profile
c34f3833-e479-4343-a9f8-ade29eb4547c,L1,Profile
c34f3833-e479-4343-a9f8-ade29eb4547c,L1,Profile
c34f3833-e479-4343-a9f8-ade29eb4547c,L1,Profile
c34f3833-e479-4343-a9f8-ade29eb4547c,L1,Profile
c34f3833-e479-4343-a9f8-ade29eb4547c,L1,Profile
c34f3833-e479-4343-a9f8-ade29eb4547c,L1,Profile
c34f3833-e479-4343-a9f8-ade29eb4547c,L1,Profile
c34f3833-e479-4343-a9f8-ade29eb4547c,L1,Profile
c34f3833-e479-4343-a9f8-ade29eb4547c,L1,Profile
c34f3833-e479-4343-a9f8-ade29eb4547c,L1,Profile
c34f3833-e479-4343-a9f8-ade29eb4547c,L1,Profile
c34f3833-e479-4343-a9f8-ade29eb4547c,L1,Profile
c34f3833-e479-4343-a9f8-ade29eb4547c,L1,Profile
c34f3833-e479-4343-a9f8-ade29eb4547c,L1,Profile
c34f3833-e479-4343-a9f8-ade29eb4547c,L1,Profile
c34f3833-e479-4343-a9f8-ade29eb4547c,L1,Profile
c34f3833-e479-4343-a9f8-ade29eb4547c,L1,Profile
c34f3833-e479-4343-a9f8-ade29eb4547c,L1,Profile
c34f3833-e479-4343-a9f8-ade29eb4547c,L1,Profile
c34f3833-e479-4343-a9f8-ade29eb4547c,L1,Profile
c34f3833-e479-4343-a9f8-ade29eb4547c,L1,Profile
c34f3833-e479-4343-a9f8-ade29eb4547c,L1,Profile
c34f3833-e479-4343-a9f8-ade29eb4547c,L1,Profile
c34f3833-e479-4343-a9f8-ade29eb4547c,L1,Profile
c34f3833-e479-4343-a9f8-ade29eb4547c,L1,Profile
c34f3833-e479-4343-a9f8-ade29eb4547c,L1,Profile
c34f3833-e479-4343-a9f8-ade29eb4547c,L1,Profile
c34f3833-e479-4343-a9f8-ade29eb4547c,L1,Profile
c34f3833-e479-4343-a9f8-ade29eb4547c,L1,Profile
c34f3833-e479-4343-a9f8-ade29eb4547c,L1,Profile
c34f3833-e479-4343-a9f8-ade29eb4547c,L1,Profile
c34f3833-e479-4343-a9f8-ade29eb4547c,L1,Profile
c34f3833-e479-4343-a9f8-ade29eb4547c,L1,Profile
c34f3833-e479-4343-a9f8-ade29eb4547c,L1,Profile
c34f3833-e479-4343-a9f8-ade29eb4547c,L1,Profile
c34f3833-e479-4343-a9f8-ade29eb4547c,L1,Profile
c34f3833-e479-4343-a9f8-ade29eb4547c,L1,Profile
c34f3833-e479-4343-a9f8-ade29eb4547c,L1,Profile
c34f3833-e479-4343-a9f8-ade29eb4547c,L1,Profile
c34f3833-e479-4343-a9f8-ade29eb4547c,L1,Profile
c34f3833-e479-4343-a9f8-ade29eb4547c,L1,Profile
c34f3833-e479-4343-a9f8-ade29eb4547c,L1,Profile
c34f3833-e479-4343-a9f8-ade29eb4547c,L1,Profile
c34f3833-e479-4343-a9f8-ade29eb4547c,L1,Profile
c34f3833-e479-4343-a9f8-ade29eb4547c,L1,Profile
c34f3833-e479-4343-a9f8-ade29eb4547c,L1,Profile
c34f3833-e479-4343-a9f8-ade29eb4547c,L1,Profile
c34f3833-e479-4343-a9f8-ade29eb4547c,L1,Profile
c34f3833-e479-4343-a9f8-ade29eb4547c,L1,Profile
c34f3833-e479-4343-a9f8-ade29eb4547c,L1,Profile
c34f3833-e479-4343-a9f8-ade29eb4547c,L1,Profile
c34f3833-e479-4343-a9f8-ade29eb4547c,L1,Profile
c34f3833-e479-4343-a9f8-ade29eb4547c,L1,Profile
c34f3833-e479-4343-a9f8-ade29eb4547c,L1,Profile
c34f3833-e479-4343-a9f8-ade29eb4547c,L1,Profile
c34f3833-e479-4343-a9f8-ade29eb4547c,L1,Profile
c34f3833-e479-4343-a9f8-ade29eb4547c,L1,Profile
c34f3833-e479-4343-a9f8-ade29eb4547c,L1,Profile
c34f3833-e479-4343-a9f8-ade29eb4547c,L1,Profile
c34f3833-e479-4343-a9f8-ade29eb4547c,L1,Profile
c34f3833-e479-4343-a9f8-ade29eb4547c,L1,Profile
c34f3833-e479-4343-a9f8-ade29eb4547c,L1,Profile
c34f3833-e479-4343-a9f8-ade29eb4547c,L1,Profile
c34f3833-e479-4343-a9f8-ade29eb4547c,L1,Profile
c34f3833-e479-4343-a9f8-ade29eb4547c,L1,Profile
c34f3833-e479-4343-a9f8-ade29eb4547c,L1,Profile
c34f3833-e479-4343-a9f8-ade29eb4547c,L1,Profile
c34f3833-e479-4343-a9f8-ade29eb4547c,L1,Profile
c34f3833-e479-4343-a9f8-ade29eb4547c,L1,Profile
c34f3833-e479-4343-a9f8-ade29eb4547c,L1,Profile
c34f3833-e479-4343-a9f8-ade29eb4547c,L1,Profile
c34f3833-e479-4343-a9f8-ade29eb4547c,L1,Profile
c34f3833-e479-4343-a9f8-ade29eb4547c,L1,Profile
c34f3833-e479-4343-a9f8-ade29eb4547c,L1,Profile
c34f3833-e479-4343-a9f8-ade29eb4547c,L1,Profile
c34f3833-e479-4343-a9f8-ade29eb4547c,L1,Profile
c34f3833-e479-4343-a9f8-ade29eb4547c,L1,Profile
c34f3833-e479-4343-a9f8-ade29eb4547c,L1,Profile
c34f3833-e479-4343-a9f8-ade29eb4547c,L1,Profile
c34f3833-e479-4343-a9f8-ade29eb4547c,L1,Profile
c34f3833-e479-4343-a9f8-ade29eb4547c,L1,Profile
c34f3833-e479-4343-a9f8-ade29eb4547c,L1,Profile
c34f3833-e479-4343-a9f8-ade29eb4547c,L1,Profile
c34f3833-e479-4343-a9f8-ade29eb4547c,L1,Profile
c34f3833-e479-4343-a9f8-ade29eb4547c,L1,Profile
c34f3833-e479-4343-a9f8-ade29eb4547c,L1,Profile
c34f3833-e479-4343-a9f8-ade29eb4547c,L1,Profile
c34f3833-e479-4343-a9f8-ade29eb4547c,L1,Profile
c34f3833-e479-4343-a9f8-ade29eb4547c,L1,Profile
c34f3833-e479-4343-a9f8-ade29eb4547c,L1,Profile
c34f3833-e479-4343-a9f8-ade29eb4547c,L1,Profile
c34f3833-e479-4343-a9f8-ade29eb4547c,L1,Profile
c34f3833-e479-4343-a9f8-ade29eb4547c,L1,Profile
c34f3833-e479-4343-a9f8-ade29eb4547c,L1,Profile
c34f3833-e479-4343-a9f8-ade29eb4547c,L1,Profile
c34f3833-e479-4343-a9f8-ade29eb4547c,L1,Profile
c34f3833-e479-4343-a9f8-ade29eb4547c,L1,Profile
c34f3833-e479-4343-a9f8-ade29eb4547c,L1,Profile
c34f3833-e479-4343-a9f8-ade29eb4547c,L1,Profile
c34f3833-e479-4343-a9f8-ade29eb4547c,L1,Profile
c34f3833-e479-4343-a9f8-ade29eb4547c,L1,Profile
c34f3833-e479-4343-a9f8-ade29eb4547c,L1,Profile
c34f3833-e479-4343-a9f8-ade29eb4547c,L1,Profile
c34f3833-e479-4343-a9f8-ade29eb4547c,L1,Profile
c34f3833-e479-4343-a9f8-ade29eb4547c,L1,Profile
c34f3833-e479-4343-a9f8-ade29eb4547c,L1,Profile
c34f3833-e479-4343-a9f8-ade29eb4547c,L1,Profile
c34f3833-e479-4343-a9f8-ade29eb4547c,L1,Profile
c34f3833-e479-4343-a9f8-ade29eb4547c,L1,Profile
c34f3833-e479-4343-a9f8-ade29eb4547c,L1,Profile
c34f3833-e479-4343-a9f8-ade29eb4547c,L1,Profile
c34f3833-e479-4343-a9f8-ade29eb4547c,L1,Profile
c34f3833-e479-4343-a9f8-ade29eb4547c,L1,Profile
c34f3833-e479-4343-a9f8-ade29eb4547c,L1,Profile
c34f3833-e479-4343-a9f8-ade29eb4547c,L1,Profile
c34f3833-e479-4343-a9f8-ade29eb4547c,L1,Profile
c34f3833-e479-4343-a9f8-ade29eb4547c,L1,Profile
c34f3833-e479-4343-a9f8-ade29eb4547c,L1,Profile
c34f3833-e479-4343-a9f8-ade29eb4547c,L1,Profile
c34f3833-e479-4343-a9f8-ade29eb4547c,L1,Profile
c34f3833-e479-4343-a9f8-ade29eb4547c,L1,Profile
c34f3833-e479-4343-a9f8-ade29eb4547c,L1,Profile
c34f3833-e479-4343-a9f8-ade29eb4547c,L1,Profile
c34f3833-e479-4343-a9f8-ade29eb4547c,L1,Profile
c34f3833-e479-4343-a9f8-ade29eb4547c,L1,Profile
c34f3833-e479-4343-a9f8-ade29eb4547c,L1,Profile
c34f3833-e479-4343-a9f8-ade29eb4547c,L1,Profile
c34f3833-e479-4343-a9f8-ade29eb4547c,L1,Profile
c34f3833-e479-4343-a9f8-ade29eb4547c,L1,Profile
c34f3833-e479-4343-a9f8-ade29eb4547c,L1,Profile
c34f3833-e479-4343-a9f8-ade29eb4547c,L1,Profile
c34f3833-e479-4343-a9f8-ade29eb4547c,L1,Profile
c34f3833-e479-4343-a9f8-ade29eb4547c,L1,Profile
c34f3833-e479-4343-a9f8-ade29eb4547c,L1,Profile
c34f3833-e479-4343-a9f8-ade29eb4547c,L1,Profile
c34f3833-e479-4343-a9f8-ade29eb4547c,L1,Profile
c34f3833-e479-4343-a9f8-ade29eb4547c,L1,Profile
c34f3833-e479-4343-a9f8-ade29eb4547c,L1,Profile
c34f3833-e479-4343-a9f8-ade29eb4547c,L1,Profile
c34f3833-e479-4343-a9f8-ade29eb4547c,L1,Profile
c34f3833-e479-4343-a9f8-ade29eb4547c,L1,Profile
c34f3833-e479-4343-a9f8-ade29eb4547c,L1,Profile
c34f3833-e479-4343-a9f8-ade29eb4547c,L1,Profile
c34f3833-e479-4343-a9f8-ade29eb4547c,L1,Profile
c34f3833-e479-4343-a9f8-ade29eb4547c,L1,Profile
c34f3833-e479-4343-a9f8-ade29eb4547c,L1,Profile
c34f3833-e479-4343-a9f8-ade29eb4547c,L1,Profile
c34f3833-e479-4343-a9f8-ade29eb4547c,L1,Profile
c34f3833-e479-4343-a9f8-ade29eb4547c,L1,Profile
c34f3833-e479-4343-a9f8-ade29eb4547c,L1,Profile
c34f3833-e479-4343-a9f8-ade29eb4547c,L1,Profile
c34f3833-e479-4343-a9f8-ade29eb4547c,L1,Profile
c34f3833-e479-4343-a9f8-ade29eb4547c,L1,Profile
c34f3833-e479-4343-a9f8-ade29eb4547c,L1,Profile
c34f3833-e479-4343-a9f8-ade29eb4547c,L1,Profile
c34f3833-e479-4343-a9f8-ade29eb4547c,L1,Profile
c34f3833-e479-4343-a9f8-ade29eb4547c,L1,Profile
c34f3833-e479-4343-a9f8-ade29eb4547c,L1,Profile
c34f3833-e479-4343-a9f8-ade29eb4547c,L1,Profile
c34f3833-e479-4343-a9f8-ade29eb4547c,L1,Profile
c34f3833-e479-4343-a9f8-ade29eb4547c,L1,Profile
c34f3833-e479-4343-a9f8-ade29eb4547c,L1,Profile
c34f3833-e479-4343-a9f8-ade29eb4547c,L1,Profile
c34f3833-e479-4343-a9f8-ade29eb4547c,L1,Profile
c34f3833-e479-4343-a9f8-ade29eb4547c,L1,Profile
c34f3833-e479-4343-a9f8-ade29eb4547c,L1,Profile
c34f3833-e479-4343-a9f8-ade29eb4547c,L1,Profile
c34f3833-e479-4343-a9f8-ade29eb4547c,L1,Profile
c34f3833-e479-4343-a9f8-ade29eb4547c,L1,Profile
c34f3833-e479-4343-a9f8-ade29eb4547c,L1,Profile
c34f3833-e479-4343-a9f8-ade29eb4547c,L1,Profile
c34f3833-e479-4343-a9f8-ade29eb4547c,L1,Profile
c34f3833-e479-4343-a9f8-ade29eb4547c,L1,Profile
c34f3833-e479-4343-a9f8-ade29eb4547c,L1,Profile
c34f3833-e479-4343-a9f8-ade29eb4547c,L1,Profile
c34f3833-e479-4343-a9f8-ade29eb4547c,L1,Profile
c34f3833-e479-4343-a9f8-ade29eb4547c,L1,Profile
c34f3833-e479-4343-a9f8-ade29eb4547c,L1,Profile
c34f3833-e479-4343-a9f8-ade29eb4547c,L1,Profile
c34f3833-e479-4343-a9f8-ade29eb4547c,L1,Profile
c34f3833-e479-4343-a9f8-ade29eb4547c,L1,Profile
c34f3833-e479-4343-a9f8-ade29eb4547c,L1,Profile
c34f3833-e479-4343-a9f8-ade29eb4547c,L1,Profile
c34f3833-e479-4343-a9f8-ade29eb4547c,L1,Profile
c34f3833-e479-4343-a9f8-ade29eb4547c,L1,Profile
c34f3833-e479-4343-a9f8-ade29eb4547c,L1,Profile
c34f3833-e479-4343-a9f8-ade29eb4547c,L1,Profile
c34f3833-e479-4343-a9f8-ade29eb4547c,L1,Profile
c34f3833-e479-4343-a9f8-ade29eb4547c,L1,Profile
c34f3833-e479-4343-a9f8-ade29eb4547c,L1,Profile
c34f3833-e479-4343-a9f8-ade29eb4547c,L1,Profile
c34f3833-e479-4343-a9f8-ade29eb4547c,L1,Profile
c34f3833-e479-4343-a9f8-ade29eb4547c,L1,Profile
c34f3833-e479-4343-a9f8-ade29eb4547c,L1,Profile
c34f3833-e479-4343-a9f8-ade29eb4547c,L1,Profile
c34f3833-e479-4343-a9f8-ade29eb4547c,L1,Profile
c34f3833-e479-4343-a9f8-ade29eb4547c,L1,Profile
c34f3833-e479-4343-a9f8-ade29eb4547c,L1,Profile
c34f3833-e479-4343-a9f8-ade29eb4547c,L1,Profile
c34f3833-e479-4343-a9f8-ade29eb4547c,L1,Profile
c34f3833-e479-4343-a9f8-ade29eb4547c,L1,Profile
c34f3833-e479-4343-a9f8-ade29eb4547c,L1,Profile
c34f3833-e479-4343-a9f8-ade29eb4547c,L1,Profile
c34f3833-e479-4343-a9f8-ade29eb4547c,L1,Profile
c34f3833-e479-4343-a9f8-ade29eb4547c,L1,Profile
c34f3833-e479-4343-a9f8-ade29eb4547c,L1,Profile
c34f3833-e479-4343-a9f8-ade29eb4547c,L1,Profile
c34f3833-e479-4343-a9f8-ade29eb4547c,L1,Profile
c34f3833-e479-4343-a9f8-ade29eb4547c,L1,Profile
c34f3833-e479-4343-a9f8-ade29eb4547c,L1,Profile
c34f3833-e479-4343-a9f8-ade29eb4547c,L1,Profile
c34f3833-e479-4343-a9f8-ade29eb4547c,L1,Profile
c34f3833-e479-4343-a9f8-ade29eb4547c,L1,Profile
c34f3833-e479-4343-a9f8-ade29eb4547c,L1,Profile
c34f3833-e479-4343-a9f8-ade29eb4547c,L1,Profile
c34f3833-e479-4343-a9f8-ade29eb4547c,L1,Profile
c34f3833-e479-4343-a9f8-ade29eb4547c,L1,Profile
c34f3833-e479-4343-a9f8-ade29eb4547c,L1,Profile
c34f3833-e479-4343-a9f8-ade29eb4547c,L1,Profile
c34f3833-e479-4343-a9f8-ade29eb4547c,L1,Profile
c34f3833-e479-4343-a9f8-ade29eb4547c,L1,Profile
c34f3833-e479-4343-a9f8-ade29eb4547c,L1,Profile
c34f3833-e479-4343-a9f8-ade29eb4547c,L1,Profile
c34f3833-e479-4343-a9f8-ade29eb4547c,L1,Profile
c34f3833-e479-4343-a9f8-ade29eb4547c,L1,Profile
c34f3833-e479-4343-a9f8-ade29eb4547c,L1,Profile
c34f3833-e479-4343-a9f8-ade29eb4547c,L1,Profile
c34f3833-e479-4343-a9f8-ade29eb4547c,L1,Profile
c34f3833-e479-4343-a9f8-ade29eb4547c,L1,Profile
c34f3833-e479-4343-a9f8-ade29eb4547c,L1,Profile
c34f3833-e479-4343-a9f8-ade29eb4547c,L1,Profile
c34f3833-e479-4343-a9f8-ade29eb4547c,L1,Profile
c34f3833-e479-4343-a9f8-ade29eb4547c,L1,Profile
c34f3833-e479-4343-a9f8-ade29eb4547c,L1,Profile
c34f3833-e479-4343-a9f8-ade29eb4547c,L1,Profile
c34f3833-e479-4343-a9f8-ade29eb4547c,L1,Profile
c34f3833-e479-4343-a9f8-ade29eb4547c,L1,Profile
c34f3833-e479-4343-a9f8-ade29eb4547c,L1,Profile
c34f3833-e479-4343-a9f8-ade29eb4547c,L1,Profile
c34f3833-e479-4343-a9f8-ade29eb4547c,L1,Profile
c34f3833-e479-4343-a9f8-ade29eb4547c,L1,Profile
c34f3833-e479-4343-a9f8-ade29eb4547c,L1,Profile
c34f3833-e479-4343-a9f8-ade29eb4547c,L1,Profile
c34f3833-e479-4343-a9f8-ade29eb4547c,L1,Profile
c34f3833-e479-4343-a9f8-ade29eb4547c,L1,Profile
c34f3833-e479-4343-a9f8-ade29eb4547c,L1,Profile
c34f3833-e479-4343-a9f8-ade29eb4547c,L1,Profile
c34f3833-e479-4343-a9f8-ade29eb4547c,L1,Profile
c34f3833-e479-4343-a9f8-ade29eb4547c,L1,Profile
c34f3833-e479-4343-a9f8-ade29eb4547c,L1,Profile
c34f3833-e479-4343-a9f8-ade29eb4547c,L1,Profile
c34f3833-e479-4343-a9f8-ade29eb4547c,L1,Profile
c34f3833-e479-4343-a9f8-ade29eb4547c,L1,Profile
c34f3833-e479-4343-a9f8-ade29eb4547c,L1,Profile
c34f3833-e479-4343-a9f8-ade29eb4547c,L1,Profile
c34f3833-e479-4343-a9f8-ade29eb4547c,L1,Profile
c34f3833-e479-4343-a9f8-ade29eb4547c,L1,Profile
c34f3833-e479-4343-a9f8-ade29eb4547c,L1,Profile
c34f3833-e479-4343-a9f8-ade29eb4547c,L1,Profile
c34f3833-e479-4343-a9f8-ade29eb4547c,L1,Profile
c34f3833-e479-4343-a9f8-ade29eb4547c,L1,Profile
c34f3833-e479-4343-a9f8-ade29eb4547c,L1,Profile
c34f3833-e479-4343-a9f8-ade29eb4547c,L1,Profile
c34f3833-e479-4343-a9f8-ade29eb4547c,L1,Profile
c34f3833-e479-4343-a9f8-ade29eb4547c,L1,Profile
c34f3833-e479-4343-a9f8-ade29eb4547c,L1,Profile
c34f3833-e479-4343-a9f8-ade29eb4547c,L1,Profile
c34f3833-e479-4343-a9f8-ade29eb4547c,L1,Profile
c34f3833-e479-4343-a9f8-ade29eb4547c,L1,Profile
c34f3833-e479-4343-a9f8-ade29eb4547c,L1,Profile
c34f3833-e479-4343-a9f8-ade29eb4547c,L1,Profile
c34f3833-e479-4343-a9f8-ade29eb4547c,L1,Profile
c34f3833-e479-4343-a9f8-ade29eb4547c,L1,Profile
c34f3833-e479-4343-a9f8-ade29eb4547c,L1,Profile
c34f3833-e479-4343-a9f8-ade29eb4547c,L1,Profile
c34f3833-e479-4343-a9f8-ade29eb4547c,L1,Profile
c34f3833-e479-4343-a9f8-ade29eb4547c,L1,Profile
c34f3833-e479-4343-a9f8-ade29eb4547c,L1,Profile
c34f3833-e479-4343-a9f8-ade29eb4547c,L1,Profile
c34f3833-e479-4343-a9f8-ade29eb4547c,L1,Profile
c34f3833-e479-4343-a9f8-ade29eb4547c,L1,Profile
c34f3833-e479-4343-a9f8-ade29eb4547c,L1,Profile
c34f3833-e479-4343-a9f8-ade29eb4547c,L1,Profile
c34f3833-e479-4343-a9f8-ade29eb4547c,L1,Profile
c34f3833-e479-4343-a9f8-ade29eb4547c,L1,Profile
c34f3833-e479-4343-a9f8-ade29eb4547c,L1,Profile
c34f3833-e479-4343-a9f8-ade29eb4547c,L1,Profile
c34f3833-e479-4343-a9f8-ade29eb4547c,L1,Profile
c34f3833-e479-4343-a9f8-ade29eb4547c,L1,Profile
c34f3833-e479-4343-a9f8-ade29eb4547c,L1,Profile
c34f3833-e479-4343-a9f8-ade29eb4547c,L1,Profile
c34f3833-e479-4343-a9f8-ade29eb4547c,L1,Profile
c34f3833-e479-4343-a9f8-ade29eb4547c,L1,Profile
c34f3833-e479-4343-a9f8-ade29eb4547c,L1,Profile
c34f3833-e479-4343-a9f8-ade29eb4547c,L1,Profile
c34f3833-e479-4343-a9f8-ade29eb4547c,L1,Profile
c34f3833-e479-4343-a9f8-ade29eb4547c,L1,Profile
c34f3833-e479-4343-a9f8-ade29eb4547c,L1,Profile
c34f3833-e479-4343-a9f8-ade29eb4547c,L1,Profile
c34f3833-e479-4343-a9f8-ade29eb4547c,L1,Profile
c34f3833-e479-4343-a9f8-ade29eb4547c,L1,Profile
c34f3833-e479-4343-a9f8-ade29eb4547c,L1,Profile
c34f3833-e479-4343-a9f8-ade29eb4547c,L1,Profile
c34f3833-e479-4343-a9f8-ade29eb4547c,L1,Profile
c34f3833-e479-4343-a9f8-ade29eb4547c,L1,Profile
c34f3833-e479-4343-a9f8-ade29eb4547c,L1,Profile
c34f3833-e479-4343-a9f8-ade29eb4547c,L1,Profile
c34f3833-e479-4343-a9f8-ade29eb4547c,L1,Profile
c34f3833-e479-4343-a9f8-ade29eb4547c,L1,Profile
c34f3833-e479-4343-a9f8-ade29eb4547c,L1,Profile
c34f3833-e479-4343-a9f8-ade29eb4547c,L1,Profile
c34f3833-e479-4343-a9f8-ade29eb4547c,L1,Profile
c34f3833-e479-4343-a9f8-ade29eb4547c,L1,Profile
c34f3833-e479-4343-a9f8-ade29eb4547c,L1,Profile
c34f3833-e479-4343-a9f8-ade29eb4547c,L1,Profile
c34f3833-e479-4343-a9f8-ade29eb4547c,L1,Profile
c34f3833-e479-4343-a9f8-ade29eb4547c,L1,Profile
c34f3833-e479-4343-a9f8-ade29eb4547c,L1,Profile
c34f3833-e479-4343-a9f8-ade29eb4547c,L1,Profile
c34f3833-e479-4343-a9f8-ade29eb4547c,L1,Profile
c34f3833-e479-4343-a9f8-ade29eb4547c,L1,Profile
c34f3833-e479-4343-a9f8-ade29eb4547c,L1,Profile
c34f3833-e479-4343-a9f8-ade29eb4547c,L1,Profile
c34f3833-e479-4343-a9f8-ade29eb4547c,L1,Profile
c34f3833-e479-4343-a9f8-ade29eb4547c,L1,Profile
c34f3833-e479-4343-a9f8-ade29eb4547c,L1,Profile
c34f3833-e479-4343-a9f8-ade29eb4547c,L1,Profile
c34f3833-e479-4343-a9f8-ade29eb4547c,L1,Profile
c34f3833-e479-4343-a9f8-ade29eb4547c,L1,Profile
c34f3833-e479-4343-a9f8-ade29eb4547c,L1,Profile
c34f3833-e479-4343-a9f8-ade29eb4547c,L1,Profile
c34f3833-e479-4343-a9f8-ade29eb4547c,L1,Profile
c34f3833-e479-4343-a9f8-ade29eb4547c,L1,Profile
c34f3833-e479-4343-a9f8-ade29eb4547c,L1,Profile
c34f3833-e479-4343-a9f8-ade29eb4547c,L1,Profile
c34f3833-e479-4343-a9f8-ade29eb4547c,L1,Profile
c34f3833-e479-4343-a9f8-ade29eb4547c,L1,Profile
c34f3833-e479-4343-a9f8-ade29eb4547c,L1,Profile
c34f3833-e479-4343-a9f8-ade29eb4547c,L1,Profile
c34f3833-e479-4343-a9f8-ade29eb4547c,L1,Profile
c34f3833-e479-4343-a9f8-ade29eb4547c,L1,Profile
c34f3833-e479-4343-a9f8-ade29eb4547c,L1,Profile
c34f3833-e479-4343-a9f8-ade29eb4547c,L1,Profile
c34f3833-e479-4343-a9f8-ade29eb4547c,L1,Profile
c34f3833-e479-4343-a9f8-ade29eb4547c,L1,Profile
c34f3833-e479-4343-a9f8-ade29eb4547c,L1,Profile
c34f3833-e479-4343-a9f8-ade29eb4547c,L1,Profile
c34f3833-e479-4343-a9f8-ade29eb4547c,L1,Profile
c34f3833-e479-4343-a9f8-ade29eb4547c,L1,Profile
c34f3833-e479-4343-a9f8-ade29eb4547c,L1,Profile
c34f3833-e479-4343-a9f8-ade29eb4547c,L1,Profile
c34f3833-e479-4343-a9f8-ade29eb4547c,L1,Profile
c34f3833-e479-4343-a9f8-ade29eb4547c,L1,Profile
c34f3833-e479-4343-a9f8-ade29eb4547c,L1,Profile
c34f3833-e479-4343-a9f8-ade29eb4547c,L1,Profile
c34f3833-e479-4343-a9f8-ade29eb4547c,L1,Profile
c34f3833-e479-4343-a9f8-ade29eb4547c,L1,Profile
c34f3833-e479-4343-a9f8-ade29eb4547c,L1,Profile
c34f3833-e479-4343-a9f8-ade29eb4547c,L1,Profile
c34f3833-e479-4343-a9f8-ade29eb4547c,L1,Profile
c34f3833-e479-4343-a9f8-ade29eb4547c,L1,Profile
c34f3833-e479-4343-a9f8-ade29eb4547c,L1,Profile
c34f3833-e479-4343-a9f8-ade29eb4547c,L1,Profile
c34f3833-e479-4343-a9f8-ade29eb4547c,L1,Profile
c34f3833-e479-4343-a9f8-ade29eb4547c,L1,Profile
c34f3833-e479-4343-a9f8-ade29eb4547c,L1,Profile
c34f3833-e479-4343-a9f8-ade29eb4547c,L1,Profile
c34f3833-e479-4343-a9f8-ade29eb4547c,L1,Profile
c34f3833-e479-4343-a9f8-ade29eb4547c,L1,Profile
c34f3833-e479-4343-a9f8-ade29eb4547c,L1,Profile
c34f3833-e479-4343-a9f8-ade29eb4547c,L1,Profile
c34f3833-e479-4343-a9f8-ade29eb4547c,L1,Profile
c34f3833-e479-4343-a9f8-ade29eb4547c,L1,Profile
c34f3833-e479-4343-a9f8-ade29eb4547c,L1,Profile
c34f3833-e479-4343-a9f8-ade29eb4547c,L1,Profile
c34f3833-e479-4343-a9f8-ade29eb4547c,L1,Profile
c34f3833-e479-4343-a9f8-ade29eb4547c,L1,Profile
c34f3833-e479-4343-a9f8-ade29eb4547c,L1,Profile
c34f3833-e479-4343-a9f8-ade29eb4547c,L1,Profile
c34f3833-e479-4343-a9f8-ade29eb4547c,L1,Profile
c34f3833-e479-4343-a9f8-ade29eb4547c,L1,Profile
c34f3833-e479-4343-a9f8-ade29eb4547c,L1,Profile
c34f3833-e479-4343-a9f8-ade29eb4547c,L1,Profile
c34f3833-e479-4343-a9f8-ade29eb4547c,L1,Profile
c34f3833-e479-4343-a9f8-ade29eb4547c,L1,Profile
c34f3833-e479-4343-a9f8-ade29eb4547c,L1,Profile
c34f3833-e479-4343-a9f8-ade29eb4547c,L1,Profile
c34f3833-e479-4343-a9f8-ade29eb4547c,L1,Profile
c34f3833-e479-4343-a9f8-ade29eb4547c,L1,Profile
c34f3833-e479-4343-a9f8-ade29eb4547c,L1,Profile
c34f3833-e479-4343-a9f8-ade29eb4547c,L1,Profile
c34f3833-e479-4343-a9f8-ade29eb4547c,L1,Profile
c34f3833-e479-4343-a9f8-ade29eb4547c,L1,Profile
c34f3833-e479-4343-a9f8-ade29eb4547c,L1,Profile
c34f3833-e479-4343-a9f8-ade29eb4547c,L1,Profile
c34f3833-e479-4343-a9f8-ade29eb4547c,L1,Profile
c34f3833-e479-4343-a9f8-ade29eb4547c,L1,Profile
c34f3833-e479-4343-a9f8-ade29eb4547c,L1,Profile
c34f3833-e479-4343-a9f8-ade29eb4547c,L1,Profile
c34f3833-e479-4343-a9f8-ade29eb4547c,L1,Profile
c34f3833-e479-4343-a9f8-ade29eb4547c,L1,Profile
c34f3833-e479-4343-a9f8-ade29eb4547c,L1,Profile
c34f3833-e479-4343-a9f8-ade29eb4547c,L1,Profile
c34f3833-e479-4343-a9f8-ade29eb4547c,L1,Profile
c34f3833-e479-4343-a9f8-ade29eb4547c,L1,Profile
c34f3833-e479-4343-a9f8-ade29eb4547c,L1,Profile
c34f3833-e479-4343-a9f8-ade29eb4547c,L1,Profile
c34f3833-e479-4343-a9f8-ade29eb4547c,L1,Profile
c34f3833-e479-4343-a9f8-ade29eb4547c,L1,Profile
c34f3833-e479-4343-a9f8-ade29eb4547c,L1,Profile
c34f3833-e479-4343-a9f8-ade29eb4547c,L1,Profile
c34f3833-e479-4343-a9f8-ade29eb4547c,L1,Profile
c34f3833-e479-4343-a9f8-ade29eb4547c,L1,Profile
c34f3833-e479-4343-a9f8-ade29eb4547c,L1,Profile
c34f3833-e479-4343-a9f8-ade29eb4547c,L1,Profile
c34f3833-e479-4343-a9f8-ade29eb4547c,L1,Profile
c34f3833-e479-4343-a9f8-ade29eb4547c,L1,Profile
c34f3833-e479-4343-a9f8-ade29eb4547c,L1,Profile
c34f3833-e479-4343-a9f8-ade29eb4547c,L1,Profile
c34f3833-e479-4343-a9f8-ade29eb4547c,L1,Profile
c34f3833-e479-4343-a9f8-ade29eb4547c,L1,Profile
c34f3833-e479-4343-a9f8-ade29eb4547c,L1,Profile
c34f3833-e479-4343-a9f8-ade29eb4547c,L1,Profile
c34f3833-e479-4343-a9f8-ade29eb4547c,L1,Profile
c34f3833-e479-4343-a9f8-ade29eb4547c,L1,Profile
c34f3833-e479-4343-a9f8-ade29eb4547c,L1,Profile
c34f3833-e479-4343-a9f8-ade29eb4547c,L1,Profile
c34f3833-e479-4343-a9f8-ade29eb4547c,L1,Profile
c34f3833-e479-4343-a9f8-ade29eb4547c,L1,Profile
c34f3833-e479-4343-a9f8-ade29eb4547c,L1,Profile
c34f3833-e479-4343-a9f8-ade29eb4547c,L1,Profile
c34f3833-e479-4343-a9f8-ade29eb4547c,L1,Profile
c34f3833-e479-4343-a9f8-ade29eb4547c,L1,Profile
c34f3833-e479-4343-a9f8-ade29eb4547c,L1,Profile
c34f3833-e479-4343-a9f8-ade29eb4547c,L1,Profile
c34f3833-e479-4343-a9f8-ade29eb4547c,L1,Profile
c34f3833-e479-4343-a9f8-ade29eb4547c,L1,Profile
c34f3833-e479-4343-a9f8-ade29eb4547c,L1,Profile
c34f3833-e479-4343-a9f8-ade29eb4547c,L1,Profile
c34f3833-e479-4343-a9f8-ade29eb4547c,L1,Profile
c34f3833-e479-4343-a9f8-ade29eb4547c,L1,Profile
c34f3833-e479-4343-a9f8-ade29eb4547c,L1,Profile
c34f3833-e479-4343-a9f8-ade29eb4547c,L1,Profile
c34f3833-e479-4343-a9f8-ade29eb4547c,L1,Profile
c34f3833-e479-4343-a9f8-ade29eb4547c,L1,Profile
c34f3833-e479-4343-a9f8-ade29eb4547c,L1,Profile
c34f3833-e479-4343-a9f8-ade29eb4547c,L1,Profile
c34f3833-e479-4343-a9f8-ade29eb4547c,L1,Profile
c34f3833-e479-4343-a9f8-ade29eb4547c,L1,Profile
c34f3833-e479-4343-a9f8-ade29eb4547c,L1,Profile
c34f3833-e479-4343-a9f8-ade29eb4547c,L1,Profile
c34f3833-e479-4343-a9f8-ade29eb4547c,L1,Profile
c34f3833-e479-4343-a9f8-ade29eb4547c,L1,Profile
c34f3833-e479-4343-a9f8-ade29eb4547c,L1,Profile
c34f3833-e479-4343-a9f8-ade29eb4547c,L1,Profile
c34f3833-e479-4343-a9f8-ade29eb4547c,L1,Profile
c34f3833-e479-4343-a9f8-ade29eb4547c,L1,Profile
c34f3833-e479-4343-a9f8-ade29eb4547c,L1,Profile
c34f3833-e479-4343-a9f8-ade29eb4547c,L1,Profile
c34f3833-e479-4343-a9f8-ade29eb4547c,L1,Profile
c34f3833-e479-4343-a9f8-ade29eb4547c,L1,Profile
c34f3833-e479-4343-a9f8-ade29eb4547c,L1,Profile
c34f3833-e479-4343-a9f8-ade29eb4547c,L1,Profile
c34f3833-e479-4343-a9f8-ade29eb4547c,L1,Profile
c34f3833-e479-4343-a9f8-ade29eb4547c,L1,Profile
c34f3833-e479-4343-a9f8-ade29eb4547c,L1,Profile
c34f3833-e479-4343-a9f8-ade29eb4547c,L1,Profile
c34f3833-e479-4343-a9f8-ade29eb4547c,L1,Profile
c34f3833-e479-4343-a9f8-ade29eb4547c,L1,Profile
c34f3833-e479-4343-a9f8-ade29eb4547c,L1,Profile
c34f3833-e479-4343-a9f8-ade29eb4547c,L1,Profile
c34f3833-e479-4343-a9f8-ade29eb4547c,L1,Profile
c34f3833-e479-4343-a9f8-ade29eb4547c,L1,Profile
c34f3833-e479-4343-a9f8-ade29eb4547c,L1,Profile
c34f3833-e479-4343-a9f8-ade29eb4547c,L1,Profile
c34f3833-e479-4343-a9f8-ade29eb4547c,L1,Profile
c34f3833-e479-4343-a9f8-ade29eb4547c,L1,Profile
c34f3833-e479-4343-a9f8-ade29eb4547c,L1,Profile
c34f3833-e479-4343-a9f8-ade29eb4547c,L1,Profile
c34f3833-e479-4343-a9f8-ade29eb4547c,L1,Profile
c34f3833-e479-4343-a9f8-ade29eb4547c,L1,Profile
c34f3833-e479-4343-a9f8-ade29eb4547c,L1,Profile
c34f3833-e479-4343-a9f8-ade29eb4547c,L1,Profile
c34f3833-e479-4343-a9f8-ade29eb4547c,L1,Profile
c34f3833-e479-4343-a9f8-ade29eb4547c,L1,Profile
c34f3833-e479-4343-a9f8-ade29eb4547c,L1,Profile
c34f3833-e479-4343-a9f8-ade29eb4547c,L1,Profile
c34f3833-e479-4343-a9f8-ade29eb4547c,L1,Profile
c34f3833-e479-4343-a9f8-ade29eb4547c,L1,Profile
c34f3833-e479-4343-a9f8-ade29eb4547c,L1,Profile
c34f3833-e479-4343-a9f8-ade29eb4547c,L1,Profile
c34f3833-e479-4343-a9f8-ade29eb4547c,L1,Profile
c34f3833-e479-4343-a9f8-ade29eb4547c,L1,Profile
c34f3833-e479-4343-a9f8-ade29eb4547c,L1,Profile
c34f3833-e479-4343-a9f8-ade29eb4547c,L1,Profile
c34f3833-e479-4343-a9f8-ade29eb4547c,L1,Profile
c34f3833-e479-4343-a9f8-ade29eb4547c,L1,Profile
c34f3833-e479-4343-a9f8-ade29eb4547c,L1,Profile
c34f3833-e479-4343-a9f8-ade29eb4547c,L1,Profile
c34f3833-e479-4343-a9f8-ade29eb4547c,L1,Profile
c34f3833-e479-4343-a9f8-ade29eb4547c,L1,Profile
c34f3833-e479-4343-a9f8-ade29eb4547c,L1,Profile
c34f3833-e479-4343-a9f8-ade29eb4547c,L1,Profile
c34f3833-e479-4343-a9f8-ade29eb4547c,L1,Profile
c34f3833-e479-4343-a9f8-ade29eb4547c,L1,Profile
c34f3833-e479-4343-a9f8-ade29eb4547c,L1,Profile
c34f3833-e479-4343-a9f8-ade29eb4547c,L1,Profile
c34f3833-e479-4343-a9f8-ade29eb4547c,L1,Profile
c34f3833-e479-4343-a9f8-ade29eb4547c,L1,Profile
c34f3833-e479-4343-a9f8-ade29eb4547c,L1,Profile
c34f3833-e479-4343-a9f8-ade29eb4547c,L1,Profile
c34f3833-e479-4343-a9f8-ade29eb4547c,L1,Profile
c34f3833-e479-4343-a9f8-ade29eb4547c,L1,Profile
c34f3833-e479-4343-a9f8-ade29eb4547c,L1,Profile
c34f3833-e479-4343-a9f8-ade29eb4547c,L1,Profile
c34f3833-e479-4343-a9f8-ade29eb4547c,L1,Profile
c34f3833-e479-4343-a9f8-ade29eb4547c,L1,Profile
c34f3833-e479-4343-a9f8-ade29eb4547c,L1,Profile
c34f3833-e479-4343-a9f8-ade29eb4547c,L1,Profile
c34f3833-e479-4343-a9f8-ade29eb4547c,L1,Profile
c34f3833-e479-4343-a9f8-ade29eb4547c,L1,Profile
c34f3833-e479-4343-a9f8-ade29eb4547c,L1,Profile
c34f3833-e479-4343-a9f8-ade29eb4547c,L1,Profile
c34f3833-e479-4343-a9f8-ade29eb4547c,L1,Profile
c34f3833-e479-4343-a9f8-ade29eb4547c,L1,Profile
c34f3833-e479-4343-a9f8-ade29eb4547c,L1,Profile
c34f3833-e479-4343-a9f8-ade29eb4547c,L1,Profile
c34f3833-e479-4343-a9f8-ade29eb4547c,L1,Profile
c34f3833-e479-4343-a9f8-ade29eb4547c,L1,Profile
c34f3833-e479-4343-a9f8-ade29eb4547c,L1,Profile
c34f3833-e479-4343-a9f8-ade29eb4547c,L1,Profile
c34f3833-e479-4343-a9f8-ade29eb4547c,L1,Profile
c34f3833-e479-4343-a9f8-ade29eb4547c,L1,Profile
c34f3833-e479-4343-a9f8-ade29eb4547c,L1,Profile
c34f3833-e479-4343-a9f8-ade29eb4547c,L1,Profile
c34f3833-e479-4343-a9f8-ade29eb4547c,L1,Profile
c34f3833-e479-4343-a9f8-ade29eb4547c,L1,Profile
c34f3833-e479-4343-a9f8-ade29eb4547c,L1,Profile
c34f3833-e479-4343-a9f8-ade29eb4547c,L1,Profile
c34f3833-e479-4343-a9f8-ade29eb4547c,L1,Profile
c34f3833-e479-4343-a9f8-ade29eb4547c,L1,Profile
c34f3833-e479-4343-a9f8-ade29eb4547c,L1,Profile
c34f3833-e479-4343-a9f8-ade29eb4547c,L1,Profile
c34f3833-e479-4343-a9f8-ade29eb4547c,L1,Profile
c34f3833-e479-4343-a9f8-ade29eb4547c,L1,Profile
c34f3833-e479-4343-a9f8-ade29eb4547c,L1,Profile
c34f3833-e479-4343-a9f8-ade29eb4547c,L1,Profile
c34f3833-e479-4343-a9f8-ade29eb4547c,L1,Profile
c34f3833-e479-4343-a9f8-ade29eb4547c,L1,Profile
c34f3833-e479-4343-a9f8-ade29eb4547c,L1,Profile
c34f3833-e479-4343-a9f8-ade29eb4547c,L1,Profile
c34f3833-e479-4343-a9f8-ade29eb4547c,L1,Profile
c34f3833-e479-4343-a9f8-ade29eb4547c,L1,Profile
c34f3833-e479-4343-a9f8-ade29eb4547c,L1,Profile
c34f3833-e479-4343-a9f8-ade29eb4547c,L1,Profile
c34f3833-e479-4343-a9f8-ade29eb4547c,L1,Profile
c34f3833-e479-4343-a9f8-ade29eb4547c,L1,Profile
c34f3833-e479-4343-a9f8-ade29eb4547c,L1,Profile
c34f3833-e479-4343-a9f8-ade29eb4547c,L1,Profile
c34f3833-e479-4343-a9f8-ade29eb4547c,L1,Profile
c34f3833-e479-4343-a9f8-ade29eb4547c,L1,Profile
c34f3833-e479-4343-a9f8-ade29eb4547c,L1,Profile
c34f3833-e479-4343-a9f8-ade29eb4547c,L1,Profile
c34f3833-e479-4343-a9f8-ade29eb4547c,L1,Profile
c34f3833-e479-4343-a9f8-ade29eb4547c,L1,Profile
c34f3833-e479-4343-a9f8-ade29eb4547c,L1,Profile
c34f3833-e479-4343-a9f8-ade29eb4547c,L1,Profile
c34f3833-e479-4343-a9f8-ade29eb4547c,L1,Profile
c34f3833-e479-4343-a9f8-ade29eb4547c,L1,Profile
c34f3833-e479-4343-a9f8-ade29eb4547c,L1,Profile
c34f3833-e479-4343-a9f8-ade29eb4547c,L1,Profile
c34f3833-e479-4343-a9f8-ade29eb4547c,L1,Profile
c34f3833-e479-4343-a9f8-ade29eb4547c,L1,Profile
c34f3833-e479-4343-a9f8-ade29eb4547c,L1,Profile
c34f3833-e479-4343-a9f8-ade29eb4547c,L1,Profile
c34f3833-e479-4343-a9f8-ade29eb4547c,L1,Profile
c34f3833-e479-4343-a9f8-ade29eb4547c,L1,Profile
c34f3833-e479-4343-a9f8-ade29eb4547c,L1,Profile
c34f3833-e479-4343-a9f8-ade29eb4547c,L1,Profile
c34f3833-e479-4343-a9f8-ade29eb4547c,L1,Profile
c34f3833-e479-4343-a9f8-ade29eb4547c,L1,Profile
c34f3833-e479-4343-a9f8-ade29eb4547c,L1,Profile
c34f3833-e479-4343-a9f8-ade29eb4547c,L1,Profile
c34f3833-e479-4343-a9f8-ade29eb4547c,L1,Profile
c34f3833-e479-4343-a9f8-ade29eb4547c,L1,Profile
c34f3833-e479-4343-a9f8-ade29eb4547c,L1,Profile
c34f3833-e479-4343-a9f8-ade29eb4547c,L1,Profile
c34f3833-e479-4343-a9f8-ade29eb4547c,L1,Profile
c34f3833-e479-4343-a9f8-ade29eb4547c,L1,Profile
c34f3833-e479-4343-a9f8-ade29eb4547c,L1,Profile
c34f3833-e479-4343-a9f8-ade29eb4547c,L1,Profile
c34f3833-e479-4343-a9f8-ade29eb4547c,L1,Profile
c34f3833-e479-4343-a9f8-ade29eb4547c,L1,Profile
c34f3833-e479-4343-a9f8-ade29eb4547c,L1,Profile
c34f3833-e479-4343-a9f8-ade29eb4547c,L1,Profile
c34f3833-e479-4343-a9f8-ade29eb4547c,L1,Profile
c34f3833-e479-4343-a9f8-ade29eb4547c,L1,Profile
c34f3833-e479-4343-a9f8-ade29eb4547c,L1,Profile
c34f3833-e479-4343-a9f8-ade29eb4547c,L1,Profile
c34f3833-e479-4343-a9f8-ade29eb4547c,L1,Profile
c34f3833-e479-4343-a9f8-ade29eb4547c,L1,Profile
c34f3833-e479-4343-a9f8-ade29eb4547c,L1,Profile
c34f3833-e479-4343-a9f8-ade29eb4547c,L1,Profile
c34f3833-e479-4343-a9f8-ade29eb4547c,L1,Profile
c34f3833-e479-4343-a9f8-ade29eb4547c,L1,Profile
c34f3833-e479-4343-a9f8-ade29eb4547c,L1,Profile
c34f3833-e479-4343-a9f8-ade29eb4547c,L1,Profile
c34f3833-e479-4343-a9f8-ade29eb4547c,L1,Profile
c34f3833-e479-4343-a9f8-ade29eb4547c,L1,Profile
c34f3833-e479-4343-a9f8-ade29eb4547c,L1,Profile
c34f3833-e479-4343-a9f8-ade29eb4547c,L1,Profile
c34f3833-e479-4343-a9f8-ade29eb4547c,L1,Profile
c34f3833-e479-4343-a9f8-ade29eb4547c,L1,Profile
c34f3833-e479-4343-a9f8-ade29eb4547c,L1,Profile
c34f3833-e479-4343-a9f8-ade29eb4547c,L1,Profile
c34f3833-e479-4343-a9f8-ade29eb4547c,L1,Profile
c34f3833-e479-4343-a9f8-ade29eb4547c,L1,Profile
c34f3833-e479-4343-a9f8-ade29eb4547c,L1,Profile
c34f3833-e479-4343-a9f8-ade29eb4547c,L1,Profile
c34f3833-e479-4343-a9f8-ade29eb4547c,L1,Profile
c34f3833-e479-4343-a9f8-ade29eb4547c,L1,Profile
c34f3833-e479-4343-a9f8-ade29eb4547c,L1,Profile
c34f3833-e479-4343-a9f8-ade29eb4547c,L1,Profile
c34f3833-e479-4343-a9f8-ade29eb4547c,L1,Profile
c34f3833-e479-4343-a9f8-ade29eb4547c,L1,Profile
c34f3833-e479-4343-a9f8-ade29eb4547c,L1,Profile
c34f3833-e479-4343-a9f8-ade29eb4547c,L1,Profile
c34f3833-e479-4343-a9f8-ade29eb4547c,L1,Profile
c34f3833-e479-4343-a9f8-ade29eb4547c,L1,Profile
c34f3833-e479-4343-a9f8-ade29eb4547c,L1,Profile
c34f3833-e479-4343-a9f8-ade29eb4547c,L1,Profile
c34f3833-e479-4343-a9f8-ade29eb4547c,L1,Profile
c34f3833-e479-4343-a9f8-ade29eb4547c,L1,Profile
c34f3833-e479-4343-a9f8-ade29eb4547c,L1,Profile
c34f3833-e479-4343-a9f8-ade29eb4547c,L1,Profile
c34f3833-e479-4343-a9f8-ade29eb4547c,L1,Profile
c34f3833-e479-4343-a9f8-ade29eb4547c,L1,Profile
c34f3833-e479-4343-a9f8-ade29eb4547c,L1,Profile
c34f3833-e479-4343-a9f8-ade29eb4547c,L1,Profile
c34f3833-e479-4343-a9f8-ade29eb4547c,L1,Profile
c34f3833-e479-4343-a9f8-ade29eb4547c,L1,Profile
c34f3833-e479-4343-a9f8-ade29eb4547c,L1,Profile
c34f3833-e479-4343-a9f8-ade29eb4547c,L1,Profile
c34f3833-e479-4343-a9f8-ade29eb4547c,L1,Profile
c34f3833-e479-4343-a9f8-ade29eb4547c,L1,Profile
c34f3833-e479-4343-a9f8-ade29eb4547c,L1,Profile
c34f3833-e479-4343-a9f8-ade29eb4547c,L1,Profile
c34f3833-e479-4343-a9f8-ade29eb4547c,L1,Profile
c34f3833-e479-4343-a9f8-ade29eb4547c,L1,Profile
c34f3833-e479-4343-a9f8-ade29eb4547c,L1,Profile
c34f3833-e479-4343-a9f8-ade29eb4547c,L1,Profile
c34f3833-e479-4343-a9f8-ade29eb4547c,L1,Profile
c34f3833-e479-4343-a9f8-ade29eb4547c,L1,Profile
c34f3833-e479-4343-a9f8-ade29eb4547c,L1,Profile
c34f3833-e479-4343-a9f8-ade29eb4547c,L1,Profile
c34f3833-e479-4343-a9f8-ade29eb4547c,L1,Profile
c34f3833-e479-4343-a9f8-ade29eb4547c,L1,Profile
c34f3833-e479-4343-a9f8-ade29eb4547c,L1,Profile
c34f3833-e479-4343-a9f8-ade29eb4547c,L1,Profile
c34f3833-e479-4343-a9f8-ade29eb4547c,L1,Profile
c34f3833-e479-4343-a9f8-ade29eb4547c,L1,Profile
c34f3833-e479-4343-a9f8-ade29eb4547c,L1,Profile
c34f3833-e479-4343-a9f8-ade29eb4547c,L1,Profile
c34f3833-e479-4343-a9f8-ade29eb4547c,L1,Profile
c34f3833-e479-4343-a9f8-ade29eb4547c,L1,Profile
c34f3833-e479-4343-a9f8-ade29eb4547c,L1,Profile
c34f3833-e479-4343-a9f8-ade29eb4547c,L1,Profile
c34f3833-e479-4343-a9f8-ade29eb4547c,L1,Profile
c34f3833-e479-4343-a9f8-ade29eb4547c,L1,Profile
c34f3833-e479-4343-a9f8-ade29eb4547c,L1,Profile
c34f3833-e479-4343-a9f8-ade29eb4547c,L1,Profile
c34f3833-e479-4343-a9f8-ade29eb4547c,L1,Profile
c34f3833-e479-4343-a9f8-ade29eb4547c,L1,Profile
c34f3833-e479-4343-a9f8-ade29eb4547c,L1,Profile
c34f3833-e479-4343-a9f8-ade29eb4547c,L1,Profile
c34f3833-e479-4343-a9f8-ade29eb4547c,L1,Profile
c34f3833-e479-4343-a9f8-ade29eb4547c,L1,Profile
c34f3833-e479-4343-a9f8-ade29eb4547c,L1,Profile
c34f3833-e479-4343-a9f8-ade29eb4547c,L1,Profile
c34f3833-e479-4343-a9f8-ade29eb4547c,L1,Profile
c34f3833-e479-4343-a9f8-ade29eb4547c,L1,Profile
c34f3833-e479-4343-a9f8-ade29eb4547c,L1,Profile
c34f3833-e479-4343-a9f8-ade29eb4547c,L1,Profile
c34f3833-e479-4343-a9f8-ade29eb4547c,L1,Profile
c34f3833-e479-4343-a9f8-ade29eb4547c,L1,Profile
c34f3833-e479-4343-a9f8-ade29eb4547c,L1,Profile
c34f3833-e479-4343-a9f8-ade29eb4547c,L1,Profile
c34f3833-e479-4343-a9f8-ade29eb4547c,L1,Profile
c34f3833-e479-4343-a9f8-ade29eb4547c,L1,Profile
c34f3833-e479-4343-a9f8-ade29eb4547c,L1,Profile
c34f3833-e479-4343-a9f8-ade29eb4547c,L1,Profile
c34f3833-e479-4343-a9f8-ade29eb4547c,L1,Profile
c34f3833-e479-4343-a9f8-ade29eb4547c,L1,Profile
c34f3833-e479-4343-a9f8-ade29eb4547c,L1,Profile
c34f3833-e479-4343-a9f8-ade29eb4547c,L1,Profile
c34f3833-e479-4343-a9f8-ade29eb4547c,L1,Profile
c34f3833-e479-4343-a9f8-ade29eb4547c,L1,Profile
c34f3833-e479-4343-a9f8-ade29eb4547c,L1,Profile
c34f3833-e479-4343-a9f8-ade29eb4547c,L1,Profile
c34f3833-e479-4343-a9f8-ade29eb4547c,L1,Profile
c34f3833-e479-4343-a9f8-ade29eb4547c,L1,Profile
c34f3833-e479-4343-a9f8-ade29eb4547c,L1,Profile
c34f3833-e479-4343-a9f8-ade29eb4547c,L1,Profile
c34f3833-e479-4343-a9f8-ade29eb4547c,L1,Profile
c34f3833-e479-4343-a9f8-ade29eb4547c,L1,Profile
c34f3833-e479-4343-a9f8-ade29eb4547c,L1,Profile
c34f3833-e479-4343-a9f8-ade29eb4547c,L1,Profile
c34f3833-e479-4343-a9f8-ade29eb4547c,L1,Profile
c34f3833-e479-4343-a9f8-ade29eb4547c,L1,Profile
c34f3833-e479-4343-a9f8-ade29eb4547c,L1,Profile
c34f3833-e479-4343-a9f8-ade29eb4547c,L1,Profile
c34f3833-e479-4343-a9f8-ade29eb4547c,L1,Profile
c34f3833-e479-4343-a9f8-ade29eb4547c,L1,Profile
c34f3833-e479-4343-a9f8-ade29eb4547c,L1,Profile
c34f3833-e479-4343-a9f8-ade29eb4547c,L1,Profile
c34f3833-e479-4343-a9f8-ade29eb4547c,L1,Profile
c34f3833-e479-4343-a9f8-ade29eb4547c,L1,Profile
c34f3833-e479-4343-a9f8-ade29eb4547c,L1,Profile
c34f3833-e479-4343-a9f8-ade29eb4547c,L1,Profile
c34f3833-e479-4343-a9f8-ade29eb4547c,L1,Profile
c34f3833-e479-4343-a9f8-ade29eb4547c,L1,Profile
c34f3833-e479-4343-a9f8-ade29eb4547c,L1,Profile
c34f3833-e479-4343-a9f8-ade29eb4547c,L1,Profile
c34f3833-e479-4343-a9f8-ade29eb4547c,L1,Profile
c34f3833-e479-4343-a9f8-ade29eb4547c,L1,Profile
c34f3833-e479-4343-a9f8-ade29eb4547c,L1,Profile
c34f3833-e479-4343-a9f8-ade29eb4547c,L1,Profile
c34f3833-e479-4343-a9f8-ade29eb4547c,L1,Profile
c34f3833-e479-4343-a9f8-ade29eb4547c,L1,Profile
c34f3833-e479-4343-a9f8-ade29eb4547c,L1,Profile
c34f3833-e479-4343-a9f8-ade29eb4547c,L1,Profile
c34f3833-e479-4343-a9f8-ade29eb4547c,L1,Profile
c34f3833-e479-4343-a9f8-ade29eb4547c,L1,Profile
c34f3833-e479-4343-a9f8-ade29eb4547c,L1,Profile
c34f3833-e479-4343-a9f8-ade29eb4547c,L1,Profile
c34f3833-e479-4343-a9f8-ade29eb4547c,L1,Profile
c34f3833-e479-4343-a9f8-ade29eb4547c,L1,Profile
c34f3833-e479-4343-a9f8-ade29eb4547c,L1,Profile
c34f3833-e479-4343-a9f8-ade29eb4547c,L1,Profile
c34f3833-e479-4343-a9f8-ade29eb4547c,L1,Profile
c34f3833-e479-4343-a9f8-ade29eb4547c,L1,Profile
c34f3833-e479-4343-a9f8-ade29eb4547c,L1,Profile
c34f3833-e479-4343-a9f8-ade29eb4547c,L1,Profile
c34f3833-e479-4343-a9f8-ade29eb4547c,L1,Profile
c34f3833-e479-4343-a9f8-ade29eb4547c,L1,Profile
c34f3833-e479-4343-a9f8-ade29eb4547c,L1,Profile
c34f3833-e479-4343-a9f8-ade29eb4547c,L1,Profile
c34f3833-e479-4343-a9f8-ade29eb4547c,L1,Profile
c34f3833-e479-4343-a9f8-ade29eb4547c,L1,Profile
c34f3833-e479-4343-a9f8-ade29eb4547c,L1,Profile
c34f3833-e479-4343-a9f8-ade29eb4547c,L1,Profile
c34f3833-e479-4343-a9f8-ade29eb4547c,L1,Profile
c34f3833-e479-4343-a9f8-ade29eb4547c,L1,Profile
c34f3833-e479-4343-a9f8-ade29eb4547c,L1,Profile
c34f3833-e479-4343-a9f8-ade29eb4547c,L1,Profile
c34f3833-e479-4343-a9f8-ade29eb4547c,L1,Profile
c34f3833-e479-4343-a9f8-ade29eb4547c,L1,Profile
c34f3833-e479-4343-a9f8-ade29eb4547c,L1,Profile
c34f3833-e479-4343-a9f8-ade29eb4547c,L1,Profile
c34f3833-e479-4343-a9f8-ade29eb4547c,L1,Profile
c34f3833-e479-4343-a9f8-ade29eb4547c,L1,Profile
c34f3833-e479-4343-a9f8-ade29eb4547c,L1,Profile
c34f3833-e479-4343-a9f8-ade29eb4547c,L1,Profile
c34f3833-e479-4343-a9f8-ade29eb4547c,L1,Profile
c34f3833-e479-4343-a9f8-ade29eb4547c,L1,Profile
c34f3833-e479-4343-a9f8-ade29eb4547c,L1,Profile
c34f3833-e479-4343-a9f8-ade29eb4547c,L1,Profile
c34f3833-e479-4343-a9f8-ade29eb4547c,L1,Profile
c34f3833-e479-4343-a9f8-ade29eb4547c,L1,Profile
c34f3833-e479-4343-a9f8-ade29eb4547c,L1,Profile
c34f3833-e479-4343-a9f8-ade29eb4547c,L1,Profile
c34f3833-e479-4343-a9f8-ade29eb4547c,L1,Profile
c34f3833-e479-4343-a9f8-ade29eb4547c,L1,Profile
c34f3833-e479-4343-a9f8-ade29eb4547c,L1,Profile
c34f3833-e479-4343-a9f8-ade29eb4547c,L1,Profile
c34f3833-e479-4343-a9f8-ade29eb4547c,L1,Profile
c34f3833-e479-4343-a9f8-ade29eb4547c,L1,Profile
c34f3833-e479-4343-a9f8-ade29eb4547c,L1,Profile
c34f3833-e479-4343-a9f8-ade29eb4547c,L1,Profile
c34f3833-e479-4343-a9f8-ade29eb4547c,L1,Profile
c34f3833-e479-4343-a9f8-ade29eb4547c,L1,Profile
c34f3833-e479-4343-a9f8-ade29eb4547c,L1,Profile
c34f3833-e479-4343-a9f8-ade29eb4547c,L1,Profile
c34f3833-e479-4343-a9f8-ade29eb4547c,L1,Profile
c34f3833-e479-4343-a9f8-ade29eb4547c,L1,Profile
c34f3833-e479-4343-a9f8-ade29eb4547c,L1,Profile
c34f3833-e479-4343-a9f8-ade29eb4547c,L1,Profile
c34f3833-e479-4343-a9f8-ade29eb4547c,L1,Profile
c34f3833-e479-4343-a9f8-ade29eb4547c,L1,Profile
c34f3833-e479-4343-a9f8-ade29eb4547c,L1,Profile
c34f3833-e479-4343-a9f8-ade29eb4547c,L1,Profile
c34f3833-e479-4343-a9f8-ade29eb4547c,L1,Profile
c34f3833-e479-4343-a9f8-ade29eb4547c,L1,Profile
c34f3833-e479-4343-a9f8-ade29eb4547c,L1,Profile
c34f3833-e479-4343-a9f8-ade29eb4547c,L1,Profile
c34f3833-e479-4343-a9f8-ade29eb4547c,L1,Profile
c34f3833-e479-4343-a9f8-ade29eb4547c,L1,Profile
c34f3833-e479-4343-a9f8-ade29eb4547c,L1,Profile
c34f3833-e479-4343-a9f8-ade29eb4547c,L1,Profile
c34f3833-e479-4343-a9f8-ade29eb4547c,L1,Profile
c34f3833-e479-4343-a9f8-ade29eb4547c,L1,Profile
c34f3833-e479-4343-a9f8-ade29eb4547c,L1,Profile
c34f3833-e479-4343-a9f8-ade29eb4547c,L1,Profile
c34f3833-e479-4343-a9f8-ade29eb4547c,L1,Profile
c34f3833-e479-4343-a9f8-ade29eb4547c,L1,Profile
c34f3833-e479-4343-a9f8-ade29eb4547c,L1,Profile
c34f3833-e479-4343-a9f8-ade29eb4547c,L1,Profile
c34f3833-e479-4343-a9f8-ade29eb4547c,L1,Profile
c34f3833-e479-4343-a9f8-ade29eb4547c,L1,Profile
c34f3833-e479-4343-a9f8-ade29eb4547c,L1,Profile
c34f3833-e479-4343-a9f8-ade29eb4547c,L1,Profile
c34f3833-e479-4343-a9f8-ade29eb4547c,L1,Profile
c34f3833-e479-4343-a9f8-ade29eb4547c,L1,Profile
c34f3833-e479-4343-a9f8-ade29eb4547c,L1,Profile
c34f3833-e479-4343-a9f8-ade29eb4547c,L1,Profile
c34f3833-e479-4343-a9f8-ade29eb4547c,L1,Profile
c34f3833-e479-4343-a9f8-ade29eb4547c,L1,Profile
c34f3833-e479-4343-a9f8-ade29eb4547c,L1,Profile
c34f3833-e479-4343-a9f8-ade29eb4547c,L1,Profile
c34f3833-e479-4343-a9f8-ade29eb4547c,L1,Profile
c34f3833-e479-4343-a9f8-ade29eb4547c,L1,Profile
c34f3833-e479-4343-a9f8-ade29eb4547c,L1,Profile
c34f3833-e479-4343-a9f8-ade29eb4547c,L1,Profile
c34f3833-e479-4343-a9f8-ade29eb4547c,L1,Profile
c34f3833-e479-4343-a9f8-ade29eb4547c,L1,Profile
c34f3833-e479-4343-a9f8-ade29eb4547c,L1,Profile
c34f3833-e479-4343-a9f8-ade29eb4547c,L1,Profile
c34f3833-e479-4343-a9f8-ade29eb4547c,L1,Profile
c34f3833-e479-4343-a9f8-ade29eb4547c,L1,Profile
c34f3833-e479-4343-a9f8-ade29eb4547c,L1,Profile
c34f3833-e479-4343-a9f8-ade29eb4547c,L1,Profile
c34f3833-e479-4343-a9f8-ade29eb4547c,L1,Profile
c34f3833-e479-4343-a9f8-ade29eb4547c,L1,Profile
c34f3833-e479-4343-a9f8-ade29eb4547c,L1,Profile
c34f3833-e479-4343-a9f8-ade29eb4547c,L1,Profile
c34f3833-e479-4343-a9f8-ade29eb4547c,L1,Profile
c34f3833-e479-4343-a9f8-ade29eb4547c,L1,Profile
c34f3833-e479-4343-a9f8-ade29eb4547c,L1,Profile
c34f3833-e479-4343-a9f8-ade29eb4547c,L1,Profile
c34f3833-e479-4343-a9f8-ade29eb4547c,L1,Profile
c34f3833-e479-4343-a9f8-ade29eb4547c,L1,Profile
c34f3833-e479-4343-a9f8-ade29eb4547c,L1,Profile
c34f3833-e479-4343-a9f8-ade29eb4547c,L1,Profile
c34f3833-e479-4343-a9f8-ade29eb4547c,L1,Profile
c34f3833-e479-4343-a9f8-ade29eb4547c,L1,Profile
c34f3833-e479-4343-a9f8-ade29eb4547c,L1,Profile
c34f3833-e479-4343-a9f8-ade29eb4547c,L1,Profile
c34f3833-e479-4343-a9f8-ade29eb4547c,L1,Profile
c34f3833-e479-4343-a9f8-ade29eb4547c,L1,Profile
c34f3833-e479-4343-a9f8-ade29eb4547c,L1,Profile
c34f3833-e479-4343-a9f8-ade29eb4547c,L1,Profile
c34f3833-e479-4343-a9f8-ade29eb4547c,L1,Profile
c34f3833-e479-4343-a9f8-ade29eb4547c,L1,Profile
c34f3833-e479-4343-a9f8-ade29eb4547c,L1,Profile
c34f3833-e479-4343-a9f8-ade29eb4547c,L1,Profile
c34f3833-e479-4343-a9f8-ade29eb4547c,L1,Profile
c34f3833-e479-4343-a9f8-ade29eb4547c,L1,Profile
c34f3833-e479-4343-a9f8-ade29eb4547c,L1,Profile
c34f3833-e479-4343-a9f8-ade29eb4547c,L1,Profile
c34f3833-e479-4343-a9f8-ade29eb4547c,L1,Profile
c34f3833-e479-4343-a9f8-ade29eb4547c,L1,Profile
c34f3833-e479-4343-a9f8-ade29eb4547c,L1,Profile
c34f3833-e479-4343-a9f8-ade29eb4547c,L1,Profile
c34f3833-e479-4343-a9f8-ade29eb4547c,L1,Profile
c34f3833-e479-4343-a9f8-ade29eb4547c,L1,Profile
c34f3833-e479-4343-a9f8-ade29eb4547c,L1,Profile
c34f3833-e479-4343-a9f8-ade29eb4547c,L1,Profile
c34f3833-e479-4343-a9f8-ade29eb4547c,L1,Profile
c34f3833-e479-4343-a9f8-ade29eb4547c,L1,Profile
c34f3833-e479-4343-a9f8-ade29eb4547c,L1,Profile
c34f3833-e479-4343-a9f8-ade29eb4547c,L1,Profile
c34f3833-e479-4343-a9f8-ade29eb4547c,L1,Profile
c34f3833-e479-4343-a9f8-ade29eb4547c,L1,Profile
c34f3833-e479-4343-a9f8-ade29eb4547c,L1,Profile
c34f3833-e479-4343-a9f8-ade29eb4547c,L1,Profile
c34f3833-e479-4343-a9f8-ade29eb4547c,L1,Profile
c34f3833-e479-4343-a9f8-ade29eb4547c,L1,Profile
c34f3833-e479-4343-a9f8-ade29eb4547c,L1,Profile
c34f3833-e479-4343-a9f8-ade29eb4547c,L1,Profile
c34f3833-e479-4343-a9f8-ade29eb4547c,L1,Profile
c34f3833-e479-4343-a9f8-ade29eb4547c,L1,Profile
c34f3833-e479-4343-a9f8-ade29eb4547c,L1,Profile
c34f3833-e479-4343-a9f8-ade29eb4547c,L1,Profile
c34f3833-e479-4343-a9f8-ade29eb4547c,L1,Profile
c34f3833-e479-4343-a9f8-ade29eb4547c,L1,Profile
c34f3833-e479-4343-a9f8-ade29eb4547c,L1,Profile
c34f3833-e479-4343-a9f8-ade29eb4547c,L1,Profile
c34f3833-e479-4343-a9f8-ade29eb4547c,L1,Profile
c34f3833-e479-4343-a9f8-ade29eb4547c,L1,Profile
c34f3833-e479-4343-a9f8-ade29eb4547c,L1,Profile
c34f3833-e479-4343-a9f8-ade29eb4547c,L1,Profile
c34f3833-e479-4343-a9f8-ade29eb4547c,L1,Profile
c34f3833-e479-4343-a9f8-ade29eb4547c,L1,Profile
c34f3833-e479-4343-a9f8-ade29eb4547c,L1,Profile
c34f3833-e479-4343-a9f8-ade29eb4547c,L1,Profile
c34f3833-e479-4343-a9f8-ade29eb4547c,L1,Profile
c34f3833-e479-4343-a9f8-ade29eb4547c,L1,Profile
c34f3833-e479-4343-a9f8-ade29eb4547c,L1,Profile
c34f3833-e479-4343-a9f8-ade29eb4547c,L1,Profile
c34f3833-e479-4343-a9f8-ade29eb4547c,L1,Profile
c34f3833-e479-4343-a9f8-ade29eb4547c,L1,Profile
c34f3833-e479-4343-a9f8-ade29eb4547c,L1,Profile
c34f3833-e479-4343-a9f8-ade29eb4547c,L1,Profile
c34f3833-e479-4343-a9f8-ade29eb4547c,L1,Profile
c34f3833-e479-4343-a9f8-ade29eb4547c,L1,Profile
c34f3833-e479-4343-a9f8-ade29eb4547c,L1,Profile
c34f3833-e479-4343-a9f8-ade29eb4547c,L1,Profile
c34f3833-e479-4343-a9f8-ade29eb4547c,L1,Profile
c34f3833-e479-4343-a9f8-ade29eb4547c,L1,Profile
c34f3833-e479-4343-a9f8-ade29eb4547c,L1,Profile
c34f3833-e479-4343-a9f8-ade29eb4547c,L1,Profile
c34f3833-e479-4343-a9f8-ade29eb4547c,L1,Profile
c34f3833-e479-4343-a9f8-ade29eb4547c,L1,Profile
c34f3833-e479-4343-a9f8-ade29eb4547c,L1,Profile
c34f3833-e479-4343-a9f8-ade29eb4547c,L1,Profile
c34f3833-e479-4343-a9f8-ade29eb4547c,L1,Profile
c34f3833-e479-4343-a9f8-ade29eb4547c,L1,Profile
c34f3833-e479-4343-a9f8-ade29eb4547c,L1,Profile
c34f3833-e479-4343-a9f8-ade29eb4547c,L1,Profile
c34f3833-e479-4343-a9f8-ade29eb4547c,L1,Profile
c34f3833-e479-4343-a9f8-ade29eb4547c,L1,Profile
c34f3833-e479-4343-a9f8-ade29eb4547c,L1,Profile
c34f3833-e479-4343-a9f8-ade29eb4547c,L1,Profile
c34f3833-e479-4343-a9f8-ade29eb4547c,L1,Profile
c34f3833-e479-4343-a9f8-ade29eb4547c,L1,Profile
c34f3833-e479-4343-a9f8-ade29eb4547c,L1,Profile
c34f3833-e479-4343-a9f8-ade29eb4547c,L1,Profile
c34f3833-e479-4343-a9f8-ade29eb4547c,L1,Profile
c34f3833-e479-4343-a9f8-ade29eb4547c,L1,Profile
c34f3833-e479-4343-a9f8-ade29eb4547c,L1,Profile
c34f3833-e479-4343-a9f8-ade29eb4547c,L1,Profile
c34f3833-e479-4343-a9f8-ade29eb4547c,L1,Profile
c34f3833-e479-4343-a9f8-ade29eb4547c,L1,Profile
c34f3833-e479-4343-a9f8-ade29eb4547c,L1,Profile
c34f3833-e479-4343-a9f8-ade29eb4547c,L1,Profile
c34f3833-e479-4343-a9f8-ade29eb4547c,L1,Profile
c34f3833-e479-4343-a9f8-ade29eb4547c,L1,Profile
c34f3833-e479-4343-a9f8-ade29eb4547c,L1,Profile
c34f3833-e479-4343-a9f8-ade29eb4547c,L1,Profile
c34f3833-e479-4343-a9f8-ade29eb4547c,L1,Profile
c34f3833-e479-4343-a9f8-ade29eb4547c,L1,Profile
c34f3833-e479-4343-a9f8-ade29eb4547c,L1,Profile
c34f3833-e479-4343-a9f8-ade29eb4547c,L1,Profile
c34f3833-e479-4343-a9f8-ade29eb4547c,L1,Profile
c34f3833-e479-4343-a9f8-ade29eb4547c,L1,Profile
c34f3833-e479-4343-a9f8-ade29eb4547c,L1,Profile
c34f3833-e479-4343-a9f8-ade29eb4547c,L1,Profile
c34f3833-e479-4343-a9f8-ade29eb4547c,L1,Profile
c34f3833-e479-4343-a9f8-ade29eb4547c,L1,Profile
c34f3833-e479-4343-a9f8-ade29eb4547c,L1,Profile
c34f3833-e479-4343-a9f8-ade29eb4547c,L1,Profile
c34f3833-e479-4343-a9f8-ade29eb4547c,L1,Profile
c34f3833-e479-4343-a9f8-ade29eb4547c,L1,Profile
c34f3833-e479-4343-a9f8-ade29eb4547c,L1,Profile
c34f3833-e479-4343-a9f8-ade29eb4547c,L1,Profile
c34f3833-e479-4343-a9f8-ade29eb4547c,L1,Profile
c34f3833-e479-4343-a9f8-ade29eb4547c,L1,Profile
c34f3833-e479-4343-a9f8-ade29eb4547c,L1,Profile
c34f3833-e479-4343-a9f8-ade29eb4547c,L1,Profile
c34f3833-e479-4343-a9f8-ade29eb4547c,L1,Profile
c34f3833-e479-4343-a9f8-ade29eb4547c,L1,Profile
c34f3833-e479-4343-a9f8-ade29eb4547c,L1,Profile
c34f3833-e479-4343-a9f8-ade29eb4547c,L1,Profile
c34f3833-e479-4343-a9f8-ade29eb4547c,L1,Profile
c34f3833-e479-4343-a9f8-ade29eb4547c,L1,Profile
c34f3833-e479-4343-a9f8-ade29eb4547c,L1,Profile
c34f3833-e479-4343-a9f8-ade29eb4547c,L1,Profile
c34f3833-e479-4343-a9f8-ade29eb4547c,L1,Profile
c34f3833-e479-4343-a9f8-ade29eb4547c,L1,Profile
c34f3833-e479-4343-a9f8-ade29eb4547c,L1,Profile
c34f3833-e479-4343-a9f8-ade29eb4547c,L1,Profile
c34f3833-e479-4343-a9f8-ade29eb4547c,L1,Profile
c34f3833-e479-4343-a9f8-ade29eb4547c,L1,Profile
c34f3833-e479-4343-a9f8-ade29eb4547c,L1,Profile
c34f3833-e479-4343-a9f8-ade29eb4547c,L1,Profile
c34f3833-e479-4343-a9f8-ade29eb4547c,L1,Profile
c34f3833-e479-4343-a9f8-ade29eb4547c,L1,Profile
c34f3833-e479-4343-a9f8-ade29eb4547c,L1,Profile
c34f3833-e479-4343-a9f8-ade29eb4547c,L1,Profile
c34f3833-e479-4343-a9f8-ade29eb4547c,L1,Profile
c34f3833-e479-4343-a9f8-ade29eb4547c,L1,Profile
c34f3833-e479-4343-a9f8-ade29eb4547c,L1,Profile
c34f3833-e479-4343-a9f8-ade29eb4547c,L1,Profile
c34f3833-e479-4343-a9f8-ade29eb4547c,L1,Profile
c34f3833-e479-4343-a9f8-ade29eb4547c,L1,Profile
c34f3833-e479-4343-a9f8-ade29eb4547c,L1,Profile
c34f3833-e479-4343-a9f8-ade29eb4547c,L1,Profile
c34f3833-e479-4343-a9f8-ade29eb4547c,L1,Profile
c34f3833-e479-4343-a9f8-ade29eb4547c,L1,Profile
c34f3833-e479-4343-a9f8-ade29eb4547c,L1,Profile
c34f3833-e479-4343-a9f8-ade29eb4547c,L1,Profile
c34f3833-e479-4343-a9f8-ade29eb4547c,L1,Profile
c34f3833-e479-4343-a9f8-ade29eb4547c,L1,Profile
c34f3833-e479-4343-a9f8-ade29eb4547c,L1,Profile
c34f3833-e479-4343-a9f8-ade29eb4547c,L1,Profile
c34f3833-e479-4343-a9f8-ade29eb4547c,L1,Profile
c34f3833-e479-4343-a9f8-ade29eb4547c,L1,Profile
c34f3833-e479-4343-a9f8-ade29eb4547c,L1,Profile
c34f3833-e479-4343-a9f8-ade29eb4547c,L1,Profile
c34f3833-e479-4343-a9f8-ade29eb4547c,L1,Profile
c34f3833-e479-4343-a9f8-ade29eb4547c,L1,Profile
c34f3833-e479-4343-a9f8-ade29eb4547c,L1,Profile
c34f3833-e479-4343-a9f8-ade29eb4547c,L1,Profile
c34f3833-e479-4343-a9f8-ade29eb4547c,L1,Profile
c34f3833-e479-4343-a9f8-ade29eb4547c,L1,Profile
c34f3833-e479-4343-a9f8-ade29eb4547c,L1,Profile
c34f3833-e479-4343-a9f8-ade29eb4547c,L1,Profile
c34f3833-e479-4343-a9f8-ade29eb4547c,L1,Profile
c34f3833-e479-4343-a9f8-ade29eb4547c,L1,Profile
c34f3833-e479-4343-a9f8-ade29eb4547c,L1,Profile
c34f3833-e479-4343-a9f8-ade29eb4547c,L1,Profile
c34f3833-e479-4343-a9f8-ade29eb4547c,L1,Profile
c34f3833-e479-4343-a9f8-ade29eb4547c,L1,Profile
c34f3833-e479-4343-a9f8-ade29eb4547c,L1,Profile
c34f3833-e479-4343-a9f8-ade29eb4547c,L1,Profile
c34f3833-e479-4343-a9f8-ade29eb4547c,L1,Profile
c34f3833-e479-4343-a9f8-ade29eb4547c,L1,Profile
c34f3833-e479-4343-a9f8-ade29eb4547c,L1,Profile
c34f3833-e479-4343-a9f8-ade29eb4547c,L1,Profile
c34f3833-e479-4343-a9f8-ade29eb4547c,L1,Profile
c34f3833-e479-4343-a9f8-ade29eb4547c,L1,Profile
c34f3833-e479-4343-a9f8-ade29eb4547c,L1,Profile
c34f3833-e479-4343-a9f8-ade29eb4547c,L1,Profile
c34f3833-e479-4343-a9f8-ade29eb4547c,L1,Profile
c34f3833-e479-4343-a9f8-ade29eb4547c,L1,Profile
c34f3833-e479-4343-a9f8-ade29eb4547c,L1,Profile
c34f3833-e479-4343-a9f8-ade29eb4547c,L1,Profile
c34f3833-e479-4343-a9f8-ade29eb4547c,L1,Profile
c34f3833-e479-4343-a9f8-ade29eb4547c,L1,Profile
c34f3833-e479-4343-a9f8-ade29eb4547c,L1,Profile
c34f3833-e479-4343-a9f8-ade29eb4547c,L1,Profile
c34f3833-e479-4343-a9f8-ade29eb4547c,L1,Profile
c34f3833-e479-4343-a9f8-ade29eb4547c,L1,Profile
c34f3833-e479-4343-a9f8-ade29eb4547c,L1,Profile
c34f3833-e479-4343-a9f8-ade29eb4547c,L1,Profile
c34f3833-e479-4343-a9f8-ade29eb4547c,L1,Profile
c34f3833-e479-4343-a9f8-ade29eb4547c,L1,Profile
c34f3833-e479-4343-a9f8-ade29eb4547c,L1,Profile
c34f3833-e479-4343-a9f8-ade29eb4547c,L1,Profile
c34f3833-e479-4343-a9f8-ade29eb4547c,L1,Profile
c34f3833-e479-4343-a9f8-ade29eb4547c,L1,Profile
c34f3833-e479-4343-a9f8-ade29eb4547c,L1,Profile
c34f3833-e479-4343-a9f8-ade29eb4547c,L1,Profile
c34f3833-e479-4343-a9f8-ade29eb4547c,L1,Profile
c34f3833-e479-4343-a9f8-ade29eb4547c,L1,Profile
c34f3833-e479-4343-a9f8-ade29eb4547c,L1,Profile
c34f3833-e479-4343-a9f8-ade29eb4547c,L1,Profile
c34f3833-e479-4343-a9f8-ade29eb4547c,L1,Profile
c34f3833-e479-4343-a9f8-ade29eb4547c,L1,Profile
c34f3833-e479-4343-a9f8-ade29eb4547c,L1,Profile
c34f3833-e479-4343-a9f8-ade29eb4547c,L1,Profile
c34f3833-e479-4343-a9f8-ade29eb4547c,L1,Profile
c34f3833-e479-4343-a9f8-ade29eb4547c,L1,Profile
c34f3833-e479-4343-a9f8-ade29eb4547c,L1,Profile
c34f3833-e479-4343-a9f8-ade29eb4547c,L1,Profile
c34f3833-e479-4343-a9f8-ade29eb4547c,L1,Profile
c34f3833-e479-4343-a9f8-ade29eb4547c,L1,Profile
c34f3833-e479-4343-a9f8-ade29eb4547c,L1,Profile
c34f3833-e479-4343-a9f8-ade29eb4547c,L1,Profile
c34f3833-e479-4343-a9f8-ade29eb4547c,L1,Profile
c34f3833-e479-4343-a9f8-ade29eb4547c,L1,Profile
c34f3833-e479-4343-a9f8-ade29eb4547c,L1,Profile
c34f3833-e479-4343-a9f8-ade29eb4547c,L1,Profile
c34f3833-e479-4343-a9f8-ade29eb4547c,L1,Profile
c34f3833-e479-4343-a9f8-ade29eb4547c,L1,Profile
c34f3833-e479-4343-a9f8-ade29eb4547c,L1,Profile
c34f3833-e479-4343-a9f8-ade29eb4547c,L1,Profile
c34f3833-e479-4343-a9f8-ade29eb4547c,L1,Profile
c34f3833-e479-4343-a9f8-ade29eb4547c,L1,Profile
c34f3833-e479-4343-a9f8-ade29eb4547c,L1,Profile
c34f3833-e479-4343-a9f8-ade29eb4547c,L1,Profile
c34f3833-e479-4343-a9f8-ade29eb4547c,L1,Profile
c34f3833-e479-4343-a9f8-ade29eb4547c,L1,Profile
c34f3833-e479-4343-a9f8-ade29eb4547c,L1,Profile
c34f3833-e479-4343-a9f8-ade29eb4547c,L1,Profile
c34f3833-e479-4343-a9f8-ade29eb4547c,L1,Profile
c34f3833-e479-4343-a9f8-ade29eb4547c,L1,Profile
c34f3833-e479-4343-a9f8-ade29eb4547c,L1,Profile
c34f3833-e479-4343-a9f8-ade29eb4547c,L1,Profile
c34f3833-e479-4343-a9f8-ade29eb4547c,L1,Profile
c34f3833-e479-4343-a9f8-ade29eb4547c,L1,Profile
c34f3833-e479-4343-a9f8-ade29eb4547c,L1,Profile
c34f3833-e479-4343-a9f8-ade29eb4547c,L1,Profile
c34f3833-e479-4343-a9f8-ade29eb4547c,L1,Profile
c34f3833-e479-4343-a9f8-ade29eb4547c,L1,Profile
c34f3833-e479-4343-a9f8-ade29eb4547c,L1,Profile
c34f3833-e479-4343-a9f8-ade29eb4547c,L1,Profile
c34f3833-e479-4343-a9f8-ade29eb4547c,L1,Profile
c34f3833-e479-4343-a9f8-ade29eb4547c,L1,Profile
c34f3833-e479-4343-a9f8-ade29eb4547c,L1,Profile
c34f3833-e479-4343-a9f8-ade29eb4547c,L1,Profile
c34f3833-e479-4343-a9f8-ade29eb4547c,L1,Profile
c34f3833-e479-4343-a9f8-ade29eb4547c,L1,Profile
c34f3833-e479-4343-a9f8-ade29eb4547c,L1,Profile
c34f3833-e479-4343-a9f8-ade29eb4547c,L1,Profile
c34f3833-e479-4343-a9f8-ade29eb4547c,L1,Profile
c34f3833-e479-4343-a9f8-ade29eb4547c,L1,Profile
c34f3833-e479-4343-a9f8-ade29eb4547c,L1,Profile
c34f3833-e479-4343-a9f8-ade29eb4547c,L1,Profile
c34f3833-e479-4343-a9f8-ade29eb4547c,L1,Profile
c34f3833-e479-4343-a9f8-ade29eb4547c,L1,Profile
c34f3833-e479-4343-a9f8-ade29eb4547c,L1,Profile
c34f3833-e479-4343-a9f8-ade29eb4547c,L1,Profile
c34f3833-e479-4343-a9f8-ade29eb4547c,L1,Profile
c34f3833-e479-4343-a9f8-ade29eb4547c,L1,Profile
c34f3833-e479-4343-a9f8-ade29eb4547c,L1,Profile
c34f3833-e479-4343-a9f8-ade29eb4547c,L1,Profile
c34f3833-e479-4343-a9f8-ade29eb4547c,L1,Profile
c34f3833-e479-4343-a9f8-ade29eb4547c,L1,Profile
c34f3833-e479-4343-a9f8-ade29eb4547c,L1,Profile
c34f3833-e479-4343-a9f8-ade29eb4547c,L1,Profile
c34f3833-e479-4343-a9f8-ade29eb4547c,L1,Profile
c34f3833-e479-4343-a9f8-ade29eb4547c,L1,Profile
c34f3833-e479-4343-a9f8-ade29eb4547c,L1,Profile
c34f3833-e479-4343-a9f8-ade29eb4547c,L1,Profile
c34f3833-e479-4343-a9f8-ade29eb4547c,L1,Profile
c34f3833-e479-4343-a9f8-ade29eb4547c,L1,Profile
c34f3833-e479-4343-a9f8-ade29eb4547c,L1,Profile
c34f3833-e479-4343-a9f8-ade29eb4547c,L1,Profile
c34f3833-e479-4343-a9f8-ade29eb4547c,L1,Profile
c34f3833-e479-4343-a9f8-ade29eb4547c,L1,Profile
c34f3833-e479-4343-a9f8-ade29eb4547c,L1,Profile
c34f3833-e479-4343-a9f8-ade29eb4547c,L1,Profile
c34f3833-e479-4343-a9f8-ade29eb4547c,L1,Profile
c34f3833-e479-4343-a9f8-ade29eb4547c,L1,Profile
c34f3833-e479-4343-a9f8-ade29eb4547c,L1,Profile
c34f3833-e479-4343-a9f8-ade29eb4547c,L1,Profile
c34f3833-e479-4343-a9f8-ade29eb4547c,L1,Profile
c34f3833-e479-4343-a9f8-ade29eb4547c,L1,Profile
c34f3833-e479-4343-a9f8-ade29eb4547c,L1,Profile
c34f3833-e479-4343-a9f8-ade29eb4547c,L1,Profile
c34f3833-e479-4343-a9f8-ade29eb4547c,L1,Profile
c34f3833-e479-4343-a9f8-ade29eb4547c,L1,Profile
c34f3833-e479-4343-a9f8-ade29eb4547c,L1,Profile
c34f3833-e479-4343-a9f8-ade29eb4547c,L1,Profile
c34f3833-e479-4343-a9f8-ade29eb4547c,L1,Profile
c34f3833-e479-4343-a9f8-ade29eb4547c,L1,Profile
c34f3833-e479-4343-a9f8-ade29eb4547c,L1,Profile
c34f3833-e479-4343-a9f8-ade29eb4547c,L1,Profile
c34f3833-e479-4343-a9f8-ade29eb4547c,L1,Profile
c34f3833-e479-4343-a9f8-ade29eb4547c,L1,Profile
c34f3833-e479-4343-a9f8-ade29eb4547c,L1,Profile
c34f3833-e479-4343-a9f8-ade29eb4547c,L1,Profile
c34f3833-e479-4343-a9f8-ade29eb4547c,L1,Profile
c34f3833-e479-4343-a9f8-ade29eb4547c,L1,Profile
c34f3833-e479-4343-a9f8-ade29eb4547c,L1,Profile
c34f3833-e479-4343-a9f8-ade29eb4547c,L1,Profile
c34f3833-e479-4343-a9f8-ade29eb4547c,L1,Profile
c34f3833-e479-4343-a9f8-ade29eb4547c,L1,Profile
c34f3833-e479-4343-a9f8-ade29eb4547c,L1,Profile
c34f3833-e479-4343-a9f8-ade29eb4547c,L1,Profile
c34f3833-e479-4343-a9f8-ade29eb4547c,L1,Profile
c34f3833-e479-4343-a9f8-ade29eb4547c,L1,Profile
c34f3833-e479-4343-a9f8-ade29eb4547c,L1,Profile
c34f3833-e479-4343-a9f8-ade29eb4547c,L1,Profile
c34f3833-e479-4343-a9f8-ade29eb4547c,L1,Profile
c34f3833-e479-4343-a9f8-ade29eb4547c,L1,Profile
c34f3833-e479-4343-a9f8-ade29eb4547c,L1,Profile
c34f3833-e479-4343-a9f8-ade29eb4547c,L1,Profile
c34f3833-e479-4343-a9f8-ade29eb4547c,L1,Profile
c34f3833-e479-4343-a9f8-ade29eb4547c,L1,Profile
c34f3833-e479-4343-a9f8-ade29eb4547c,L1,Profile
c34f3833-e479-4343-a9f8-ade29eb4547c,L1,Profile
c34f3833-e479-4343-a9f8-ade29eb4547c,L1,Profile
c34f3833-e479-4343-a9f8-ade29eb4547c,L1,Profile
c34f3833-e479-4343-a9f8-ade29eb4547c,L1,Profile
c34f3833-e479-4343-a9f8-ade29eb4547c,L1,Profile
c34f3833-e479-4343-a9f8-ade29eb4547c,L1,Profile
c34f3833-e479-4343-a9f8-ade29eb4547c,L1,Profile
c34f3833-e479-4343-a9f8-ade29eb4547c,L1,Profile
c34f3833-e479-4343-a9f8-ade29eb4547c,L1,Profile
c34f3833-e479-4343-a9f8-ade29eb4547c,L1,Profile
c34f3833-e479-4343-a9f8-ade29eb4547c,L1,Profile
c34f3833-e479-4343-a9f8-ade29eb4547c,L1,Profile
c34f3833-e479-4343-a9f8-ade29eb4547c,L1,Profile
c34f3833-e479-4343-a9f8-ade29eb4547c,L1,Profile
c34f3833-e479-4343-a9f8-ade29eb4547c,L1,Profile
c34f3833-e479-4343-a9f8-ade29eb4547c,L1,Profile
c34f3833-e479-4343-a9f8-ade29eb4547c,L1,Profile
c34f3833-e479-4343-a9f8-ade29eb4547c,L1,Profile
c34f3833-e479-4343-a9f8-ade29eb4547c,L1,Profile
c34f3833-e479-4343-a9f8-ade29eb4547c,L1,Profile
c34f3833-e479-4343-a9f8-ade29eb4547c,L1,Profile
c34f3833-e479-4343-a9f8-ade29eb4547c,L1,Profile
c34f3833-e479-4343-a9f8-ade29eb4547c,L1,Profile
c34f3833-e479-4343-a9f8-ade29eb4547c,L1,Profile
c34f3833-e479-4343-a9f8-ade29eb4547c,L1,Profile
c34f3833-e479-4343-a9f8-ade29eb4547c,L1,Profile
c34f3833-e479-4343-a9f8-ade29eb4547c,L1,Profile
c34f3833-e479-4343-a9f8-ade29eb4547c,L1,Profile
c34f3833-e479-4343-a9f8-ade29eb4547c,L1,Profile
c34f3833-e479-4343-a9f8-ade29eb4547c,L1,Profile
c34f3833-e479-4343-a9f8-ade29eb4547c,L1,Profile
c34f3833-e479-4343-a9f8-ade29eb4547c,L1,Profile
c34f3833-e479-4343-a9f8-ade29eb4547c,L1,Profile
c34f3833-e479-4343-a9f8-ade29eb4547c,L1,Profile
c34f3833-e479-4343-a9f8-ade29eb4547c,L1,Profile
c34f3833-e479-4343-a9f8-ade29eb4547c,L1,Profile
c34f3833-e479-4343-a9f8-ade29eb4547c,L1,Profile
c34f3833-e479-4343-a9f8-ade29eb4547c,L1,Profile
c34f3833-e479-4343-a9f8-ade29eb4547c,L1,Profile
c34f3833-e479-4343-a9f8-ade29eb4547c,L1,Profile
c34f3833-e479-4343-a9f8-ade29eb4547c,L1,Profile
c34f3833-e479-4343-a9f8-ade29eb4547c,L1,Profile
c34f3833-e479-4343-a9f8-ade29eb4547c,L1,Profile
c34f3833-e479-4343-a9f8-ade29eb4547c,L1,Profile
c34f3833-e479-4343-a9f8-ade29eb4547c,L1,Profile
c34f3833-e479-4343-a9f8-ade29eb4547c,L1,Profile
c34f3833-e479-4343-a9f8-ade29eb4547c,L1,Profile
c34f3833-e479-4343-a9f8-ade29eb4547c,L1,Profile
c34f3833-e479-4343-a9f8-ade29eb4547c,L1,Profile
c34f3833-e479-4343-a9f8-ade29eb4547c,L1,Profile
c34f3833-e479-4343-a9f8-ade29eb4547c,L1,Profile
c34f3833-e479-4343-a9f8-ade29eb4547c,L1,Profile
c34f3833-e479-4343-a9f8-ade29eb4547c,L1,Profile
c34f3833-e479-4343-a9f8-ade29eb4547c,L1,Profile
c34f3833-e479-4343-a9f8-ade29eb4547c,L1,Profile
c34f3833-e479-4343-a9f8-ade29eb4547c,L1,Profile
c34f3833-e479-4343-a9f8-ade29eb4547c,L1,Profile
c34f3833-e479-4343-a9f8-ade29eb4547c,L1,Profile
c34f3833-e479-4343-a9f8-ade29eb4547c,L1,Profile
c34f3833-e479-4343-a9f8-ade29eb4547c,L1,Profile
c34f3833-e479-4343-a9f8-ade29eb4547c,L1,Profile
c34f3833-e479-4343-a9f8-ade29eb4547c,L1,Profile
c34f3833-e479-4343-a9f8-ade29eb4547c,L1,Profile
c34f3833-e479-4343-a9f8-ade29eb4547c,L1,Profile
c34f3833-e479-4343-a9f8-ade29eb4547c,L1,Profile
c34f3833-e479-4343-a9f8-ade29eb4547c,L1,Profile
c34f3833-e479-4343-a9f8-ade29eb4547c,L1,Profile
c34f3833-e479-4343-a9f8-ade29eb4547c,L1,Profile
c34f3833-e479-4343-a9f8-ade29eb4547c,L1,Profile
c34f3833-e479-4343-a9f8-ade29eb4547c,L1,Profile
c34f3833-e479-4343-a9f8-ade29eb4547c,L1,Profile
c34f3833-e479-4343-a9f8-ade29eb4547c,L1,Profile
c34f3833-e479-4343-a9f8-ade29eb4547c,L1,Profile
c34f3833-e479-4343-a9f8-ade29eb4547c,L1,Profile
c34f3833-e479-4343-a9f8-ade29eb4547c,L1,Profile
c34f3833-e479-4343-a9f8-ade29eb4547c,L1,Profile
c34f3833-e479-4343-a9f8-ade29eb4547c,L1,Profile
c34f3833-e479-4343-a9f8-ade29eb4547c,L1,Profile
c34f3833-e479-4343-a9f8-ade29eb4547c,L1,Profile
c34f3833-e479-4343-a9f8-ade29eb4547c,L1,Profile
c34f3833-e479-4343-a9f8-ade29eb4547c,L1,Profile
c34f3833-e479-4343-a9f8-ade29eb4547c,L1,Profile
c34f3833-e479-4343-a9f8-ade29eb4547c,L1,Profile
c34f3833-e479-4343-a9f8-ade29eb4547c,L1,Profile
c34f3833-e479-4343-a9f8-ade29eb4547c,L1,Profile
c34f3833-e479-4343-a9f8-ade29eb4547c,L1,Profile
c34f3833-e479-4343-a9f8-ade29eb4547c,L1,Profile
c34f3833-e479-4343-a9f8-ade29eb4547c,L1,Profile
c34f3833-e479-4343-a9f8-ade29eb4547c,L1,Profile
c34f3833-e479-4343-a9f8-ade29eb4547c,L1,Profile
c34f3833-e479-4343-a9f8-ade29eb4547c,L1,Profile
c34f3833-e479-4343-a9f8-ade29eb4547c,L1,Profile
c34f3833-e479-4343-a9f8-ade29eb4547c,L1,Profile
c34f3833-e479-4343-a9f8-ade29eb4547c,L1,Profile
c34f3833-e479-4343-a9f8-ade29eb4547c,L1,Profile
c34f3833-e479-4343-a9f8-ade29eb4547c,L1,Profile
c34f3833-e479-4343-a9f8-ade29eb4547c,L1,Profile
c34f3833-e479-4343-a9f8-ade29eb4547c,L1,Profile
c34f3833-e479-4343-a9f8-ade29eb4547c,L1,Profile
c34f3833-e479-4343-a9f8-ade29eb4547c,L1,Profile
c34f3833-e479-4343-a9f8-ade29eb4547c,L1,Profile
c34f3833-e479-4343-a9f8-ade29eb4547c,L1,Profile
c34f3833-e479-4343-a9f8-ade29eb4547c,L1,Profile
c34f3833-e479-4343-a9f8-ade29eb4547c,L1,Profile
c34f3833-e479-4343-a9f8-ade29eb4547c,L1,Profile
c34f3833-e479-4343-a9f8-ade29eb4547c,L1,Profile
c34f3833-e479-4343-a9f8-ade29eb4547c,L1,Profile
c34f3833-e479-4343-a9f8-ade29eb4547c,L1,Profile
c34f3833-e479-4343-a9f8-ade29eb4547c,L1,Profile
c34f3833-e479-4343-a9f8-ade29eb4547c,L1,Profile
c34f3833-e479-4343-a9f8-ade29eb4547c,L1,Profile
c34f3833-e479-4343-a9f8-ade29eb4547c,L1,Profile
c34f3833-e479-4343-a9f8-ade29eb4547c,L1,Profile
c34f3833-e479-4343-a9f8-ade29eb4547c,L1,Profile
c34f3833-e479-4343-a9f8-ade29eb4547c,L1,Profile
c34f3833-e479-4343-a9f8-ade29eb4547c,L1,Profile
c34f3833-e479-4343-a9f8-ade29eb4547c,L1,Profile
c34f3833-e479-4343-a9f8-ade29eb4547c,L1,Profile
c34f3833-e479-4343-a9f8-ade29eb4547c,L1,Profile
c34f3833-e479-4343-a9f8-ade29eb4547c,L1,Profile
c34f3833-e479-4343-a9f8-ade29eb4547c,L1,Profile
c34f3833-e479-4343-a9f8-ade29eb4547c,L1,Profile
c34f3833-e479-4343-a9f8-ade29eb4547c,L1,Profile
c34f3833-e479-4343-a9f8-ade29eb4547c,L1,Profile
c34f3833-e479-4343-a9f8-ade29eb4547c,L1,Profile
c34f3833-e479-4343-a9f8-ade29eb4547c,L1,Profile
c34f3833-e479-4343-a9f8-ade29eb4547c,L1,Profile
c34f3833-e479-4343-a9f8-ade29eb4547c,L1,Profile
c34f3833-e479-4343-a9f8-ade29eb4547c,L1,Profile
c34f3833-e479-4343-a9f8-ade29eb4547c,L1,Profile
c34f3833-e479-4343-a9f8-ade29eb4547c,L1,Profile
c34f3833-e479-4343-a9f8-ade29eb4547c,L1,Profile
c34f3833-e479-4343-a9f8-ade29eb4547c,L1,Profile
c34f3833-e479-4343-a9f8-ade29eb4547c,L1,Profile
c34f3833-e479-4343-a9f8-ade29eb4547c,L1,Profile
c34f3833-e479-4343-a9f8-ade29eb4547c,L1,Profile
c34f3833-e479-4343-a9f8-ade29eb4547c,L1,Profile
c34f3833-e479-4343-a9f8-ade29eb4547c,L1,Profile
c34f3833-e479-4343-a9f8-ade29eb4547c,L1,Profile
c34f3833-e479-4343-a9f8-ade29eb4547c,L1,Profile
c34f3833-e479-4343-a9f8-ade29eb4547c,L1,Profile
c34f3833-e479-4343-a9f8-ade29eb4547c,L1,Profile
c34f3833-e479-4343-a9f8-ade29eb4547c,L1,Profile
c34f3833-e479-4343-a9f8-ade29eb4547c,L1,Profile
c34f3833-e479-4343-a9f8-ade29eb4547c,L1,Profile
c34f3833-e479-4343-a9f8-ade29eb4547c,L1,Profile
c34f3833-e479-4343-a9f8-ade29eb4547c,L1,Profile
c34f3833-e479-4343-a9f8-ade29eb4547c,L1,Profile
c34f3833-e479-4343-a9f8-ade29eb4547c,L1,Profile
c34f3833-e479-4343-a9f8-ade29eb4547c,L1,Profile
c34f3833-e479-4343-a9f8-ade29eb4547c,L1,Profile
c34f3833-e479-4343-a9f8-ade29eb4547c,L1,Profile
c34f3833-e479-4343-a9f8-ade29eb4547c,L1,Profile
c34f3833-e479-4343-a9f8-ade29eb4547c,L1,Profile
c34f3833-e479-4343-a9f8-ade29eb4547c,L1,Profile
c34f3833-e479-4343-a9f8-ade29eb4547c,L1,Profile
c34f3833-e479-4343-a9f8-ade29eb4547c,L1,Profile
c34f3833-e479-4343-a9f8-ade29eb4547c,L1,Profile
c34f3833-e479-4343-a9f8-ade29eb4547c,L1,Profile
c34f3833-e479-4343-a9f8-ade29eb4547c,L1,Profile
c34f3833-e479-4343-a9f8-ade29eb4547c,L1,Profile
c34f3833-e479-4343-a9f8-ade29eb4547c,L1,Profile
c34f3833-e479-4343-a9f8-ade29eb4547c,L1,Profile
c34f3833-e479-4343-a9f8-ade29eb4547c,L1,Profile
c34f3833-e479-4343-a9f8-ade29eb4547c,L1,Profile
c34f3833-e479-4343-a9f8-ade29eb4547c,L1,Profile
c34f3833-e479-4343-a9f8-ade29eb4547c,L1,Profile
c34f3833-e479-4343-a9f8-ade29eb4547c,L1,Profile
c34f3833-e479-4343-a9f8-ade29eb4547c,L1,Profile
c34f3833-e479-4343-a9f8-ade29eb4547c,L1,Profile
c34f3833-e479-4343-a9f8-ade29eb4547c,L1,Profile
c34f3833-e479-4343-a9f8-ade29eb4547c,L1,Profile
c34f3833-e479-4343-a9f8-ade29eb4547c,L1,Profile
c34f3833-e479-4343-a9f8-ade29eb4547c,L1,Profile
c34f3833-e479-4343-a9f8-ade29eb4547c,L1,Profile
c34f3833-e479-4343-a9f8-ade29eb4547c,L1,Profile
c34f3833-e479-4343-a9f8-ade29eb4547c,L1,Profile
c34f3833-e479-4343-a9f8-ade29eb4547c,L1,Profile
c34f3833-e479-4343-a9f8-ade29eb4547c,L1,Profile
c34f3833-e479-4343-a9f8-ade29eb4547c,L1,Profile
c34f3833-e479-4343-a9f8-ade29eb4547c,L1,Profile
c34f3833-e479-4343-a9f8-ade29eb4547c,L1,Profile
c34f3833-e479-4343-a9f8-ade29eb4547c,L1,Profile
c34f3833-e479-4343-a9f8-ade29eb4547c,L1,Profile
c34f3833-e479-4343-a9f8-ade29eb4547c,L1,Profile
c34f3833-e479-4343-a9f8-ade29eb4547c,L1,Profile
c34f3833-e479-4343-a9f8-ade29eb4547c,L1,Profile
c34f3833-e479-4343-a9f8-ade29eb4547c,L1,Profile
c34f3833-e479-4343-a9f8-ade29eb4547c,L1,Profile
c34f3833-e479-4343-a9f8-ade29eb4547c,L1,Profile
c34f3833-e479-4343-a9f8-ade29eb4547c,L1,Profile
c34f3833-e479-4343-a9f8-ade29eb4547c,L1,Profile
c34f3833-e479-4343-a9f8-ade29eb4547c,L1,Profile
c34f3833-e479-4343-a9f8-ade29eb4547c,L1,Profile
c34f3833-e479-4343-a9f8-ade29eb4547c,L1,Profile
c34f3833-e479-4343-a9f8-ade29eb4547c,L1,Profile
c34f3833-e479-4343-a9f8-ade29eb4547c,L1,Profile
c34f3833-e479-4343-a9f8-ade29eb4547c,L1,Profile
c34f3833-e479-4343-a9f8-ade29eb4547c,L1,Profile
c34f3833-e479-4343-a9f8-ade29eb4547c,L1,Profile
c34f3833-e479-4343-a9f8-ade29eb4547c,L1,Profile
c34f3833-e479-4343-a9f8-ade29eb4547c,L1,Profile
c34f3833-e479-4343-a9f8-ade29eb4547c,L1,Profile
c34f3833-e479-4343-a9f8-ade29eb4547c,L1,Profile
c34f3833-e479-4343-a9f8-ade29eb4547c,L1,Profile
c34f3833-e479-4343-a9f8-ade29eb4547c,L1,Profile
c34f3833-e479-4343-a9f8-ade29eb4547c,L1,Profile
c34f3833-e479-4343-a9f8-ade29eb4547c,L1,Profile
c34f3833-e479-4343-a9f8-ade29eb4547c,L1,Profile
c34f3833-e479-4343-a9f8-ade29eb4547c,L1,Profile
c34f3833-e479-4343-a9f8-ade29eb4547c,L1,Profile
c34f3833-e479-4343-a9f8-ade29eb4547c,L1,Profile
c34f3833-e479-4343-a9f8-ade29eb4547c,L1,Profile
c34f3833-e479-4343-a9f8-ade29eb4547c,L1,Profile
c34f3833-e479-4343-a9f8-ade29eb4547c,L1,Profile
c34f3833-e479-4343-a9f8-ade29eb4547c,L1,Profile
c34f3833-e479-4343-a9f8-ade29eb4547c,L1,Profile
c34f3833-e479-4343-a9f8-ade29eb4547c,L1,Profile
c34f3833-e479-4343-a9f8-ade29eb4547c,L1,Profile
c34f3833-e479-4343-a9f8-ade29eb4547c,L1,Profile
c34f3833-e479-4343-a9f8-ade29eb4547c,L1,Profile
c34f3833-e479-4343-a9f8-ade29eb4547c,L1,Profile
c34f3833-e479-4343-a9f8-ade29eb4547c,L1,Profile
c34f3833-e479-4343-a9f8-ade29eb4547c,L1,Profile
c34f3833-e479-4343-a9f8-ade29eb4547c,L1,Profile
c34f3833-e479-4343-a9f8-ade29eb4547c,L1,Profile
c34f3833-e479-4343-a9f8-ade29eb4547c,L1,Profile
c34f3833-e479-4343-a9f8-ade29eb4547c,L1,Profile
c34f3833-e479-4343-a9f8-ade29eb4547c,L1,Profile
c34f3833-e479-4343-a9f8-ade29eb4547c,L1,Profile
c34f3833-e479-4343-a9f8-ade29eb4547c,L1,Profile
c34f3833-e479-4343-a9f8-ade29eb4547c,L1,Profile
c34f3833-e479-4343-a9f8-ade29eb4547c,L1,Profile
c34f3833-e479-4343-a9f8-ade29eb4547c,L1,Profile
c34f3833-e479-4343-a9f8-ade29eb4547c,L1,Profile
c34f3833-e479-4343-a9f8-ade29eb4547c,L1,Profile
c34f3833-e479-4343-a9f8-ade29eb4547c,L1,Profile
c34f3833-e479-4343-a9f8-ade29eb4547c,L1,Profile
c34f3833-e479-4343-a9f8-ade29eb4547c,L1,Profile
c34f3833-e479-4343-a9f8-ade29eb4547c,L1,Profile
c34f3833-e479-4343-a9f8-ade29eb4547c,L1,Profile
c34f3833-e479-4343-a9f8-ade29eb4547c,L1,Profile
c34f3833-e479-4343-a9f8-ade29eb4547c,L1,Profile
c34f3833-e479-4343-a9f8-ade29eb4547c,L1,Profile
c34f3833-e479-4343-a9f8-ade29eb4547c,L1,Profile
c34f3833-e479-4343-a9f8-ade29eb4547c,L1,Profile
c34f3833-e479-4343-a9f8-ade29eb4547c,L1,Profile
c34f3833-e479-4343-a9f8-ade29eb4547c,L1,Profile
c34f3833-e479-4343-a9f8-ade29eb4547c,L1,Profile
c34f3833-e479-4343-a9f8-ade29eb4547c,L1,Profile
c34f3833-e479-4343-a9f8-ade29eb4547c,L1,Profile
c34f3833-e479-4343-a9f8-ade29eb4547c,L1,Profile
c34f3833-e479-4343-a9f8-ade29eb4547c,L1,Profile
c34f3833-e479-4343-a9f8-ade29eb4547c,L1,Profile
c34f3833-e479-4343-a9f8-ade29eb4547c,L1,Profile
c34f3833-e479-4343-a9f8-ade29eb4547c,L1,Profile
c34f3833-e479-4343-a9f8-ade29eb4547c,L1,Profile
c34f3833-e479-4343-a9f8-ade29eb4547c,L1,Profile
c34f3833-e479-4343-a9f8-ade29eb4547c,L1,Profile
c34f3833-e479-4343-a9f8-ade29eb4547c,L1,Profile
c34f3833-e479-4343-a9f8-ade29eb4547c,L1,Profile
c34f3833-e479-4343-a9f8-ade29eb4547c,L1,Profile
c34f3833-e479-4343-a9f8-ade29eb4547c,L1,Profile
c34f3833-e479-4343-a9f8-ade29eb4547c,L1,Profile
c34f3833-e479-4343-a9f8-ade29eb4547c,L1,Profile
c34f3833-e479-4343-a9f8-ade29eb4547c,L1,Profile
c34f3833-e479-4343-a9f8-ade29eb4547c,L1,Profile
c34f3833-e479-4343-a9f8-ade29eb4547c,L1,Profile
c34f3833-e479-4343-a9f8-ade29eb4547c,L1,Profile
c34f3833-e479-4343-a9f8-ade29eb4547c,L1,Profile
c34f3833-e479-4343-a9f8-ade29eb4547c,L1,Profile
c34f3833-e479-4343-a9f8-ade29eb4547c,L1,Profile
c34f3833-e479-4343-a9f8-ade29eb4547c,L1,Profile
c34f3833-e479-4343-a9f8-ade29eb4547c,L1,Profile
c34f3833-e479-4343-a9f8-ade29eb4547c,L1,Profile
c34f3833-e479-4343-a9f8-ade29eb4547c,L1,Profile
c34f3833-e479-4343-a9f8-ade29eb4547c,L1,Profile
c34f3833-e479-4343-a9f8-ade29eb4547c,L1,Profile
c34f3833-e479-4343-a9f8-ade29eb4547c,L1,Profile
c34f3833-e479-4343-a9f8-ade29eb4547c,L1,Profile
c34f3833-e479-4343-a9f8-ade29eb4547c,L1,Profile
c34f3833-e479-4343-a9f8-ade29eb4547c,L1,Profile
c34f3833-e479-4343-a9f8-ade29eb4547c,L1,Profile
c34f3833-e479-4343-a9f8-ade29eb4547c,L1,Profile
c34f3833-e479-4343-a9f8-ade29eb4547c,L1,Profile
c34f3833-e479-4343-a9f8-ade29eb4547c,L1,Profile
c34f3833-e479-4343-a9f8-ade29eb4547c,L1,Profile
c34f3833-e479-4343-a9f8-ade29eb4547c,L1,Profile
c34f3833-e479-4343-a9f8-ade29eb4547c,L1,Profile
c34f3833-e479-4343-a9f8-ade29eb4547c,L1,Profile
c34f3833-e479-4343-a9f8-ade29eb4547c,L1,Profile
c34f3833-e479-4343-a9f8-ade29eb4547c,L1,Profile
c34f3833-e479-4343-a9f8-ade29eb4547c,L1,Profile
c34f3833-e479-4343-a9f8-ade29eb4547c,L1,Profile
c34f3833-e479-4343-a9f8-ade29eb4547c,L1,Profile
c34f3833-e479-4343-a9f8-ade29eb4547c,L1,Profile
c34f3833-e479-4343-a9f8-ade29eb4547c,L1,Profile
c34f3833-e479-4343-a9f8-ade29eb4547c,L1,Profile
c34f3833-e479-4343-a9f8-ade29eb4547c,L1,Profile
c34f3833-e479-4343-a9f8-ade29eb4547c,L1,Profile
c34f3833-e479-4343-a9f8-ade29eb4547c,L1,Profile
c34f3833-e479-4343-a9f8-ade29eb4547c,L1,Profile
c34f3833-e479-4343-a9f8-ade29eb4547c,L1,Profile
c34f3833-e479-4343-a9f8-ade29eb4547c,L1,Profile
c34f3833-e479-4343-a9f8-ade29eb4547c,L1,Profile
c34f3833-e479-4343-a9f8-ade29eb4547c,L1,Profile
c34f3833-e479-4343-a9f8-ade29eb4547c,L1,Profile
c34f3833-e479-4343-a9f8-ade29eb4547c,L1,Profile
c34f3833-e479-4343-a9f8-ade29eb4547c,L1,Profile
c34f3833-e479-4343-a9f8-ade29eb4547c,L1,Profile
c34f3833-e479-4343-a9f8-ade29eb4547c,L1,Profile
c34f3833-e479-4343-a9f8-ade29eb4547c,L1,Profile
c34f3833-e479-4343-a9f8-ade29eb4547c,L1,Profile
c34f3833-e479-4343-a9f8-ade29eb4547c,L1,Profile
c34f3833-e479-4343-a9f8-ade29eb4547c,L1,Profile
c34f3833-e479-4343-a9f8-ade29eb4547c,L1,Profile
c34f3833-e479-4343-a9f8-ade29eb4547c,L1,Profile
c34f3833-e479-4343-a9f8-ade29eb4547c,L1,Profile
c34f3833-e479-4343-a9f8-ade29eb4547c,L1,Profile
c34f3833-e479-4343-a9f8-ade29eb4547c,L1,Profile
c34f3833-e479-4343-a9f8-ade29eb4547c,L1,Profile
c34f3833-e479-4343-a9f8-ade29eb4547c,L1,Profile
c34f3833-e479-4343-a9f8-ade29eb4547c,L1,Profile
c34f3833-e479-4343-a9f8-ade29eb4547c,L1,Profile
c34f3833-e479-4343-a9f8-ade29eb4547c,L1,Profile
c34f3833-e479-4343-a9f8-ade29eb4547c,L1,Profile
c34f3833-e479-4343-a9f8-ade29eb4547c,L1,Profile
c34f3833-e479-4343-a9f8-ade29eb4547c,L1,Profile
c34f3833-e479-4343-a9f8-ade29eb4547c,L1,Profile
c34f3833-e479-4343-a9f8-ade29eb4547c,L1,Profile
c34f3833-e479-4343-a9f8-ade29eb4547c,L1,Profile
c34f3833-e479-4343-a9f8-ade29eb4547c,L1,Profile
c34f3833-e479-4343-a9f8-ade29eb4547c,L1,Profile
c34f3833-e479-4343-a9f8-ade29eb4547c,L1,Profile
c34f3833-e479-4343-a9f8-ade29eb4547c,L1,Profile
c34f3833-e479-4343-a9f8-ade29eb4547c,L1,Profile
c34f3833-e479-4343-a9f8-ade29eb4547c,L1,Profile
c34f3833-e479-4343-a9f8-ade29eb4547c,L1,Profile
c34f3833-e479-4343-a9f8-ade29eb4547c,L1,Profile
c34f3833-e479-4343-a9f8-ade29eb4547c,L1,Profile
c34f3833-e479-4343-a9f8-ade29eb4547c,L1,Profile
c34f3833-e479-4343-a9f8-ade29eb4547c,L1,Profile
c34f3833-e479-4343-a9f8-ade29eb4547c,L1,Profile
c34f3833-e479-4343-a9f8-ade29eb4547c,L1,Profile
c34f3833-e479-4343-a9f8-ade29eb4547c,L1,Profile
c34f3833-e479-4343-a9f8-ade29eb4547c,L1,Profile
c34f3833-e479-4343-a9f8-ade29eb4547c,L1,Profile
c34f3833-e479-4343-a9f8-ade29eb4547c,L1,Profile
c34f3833-e479-4343-a9f8-ade29eb4547c,L1,Profile
c34f3833-e479-4343-a9f8-ade29eb4547c,L1,Profile
c34f3833-e479-4343-a9f8-ade29eb4547c,L1,Profile
c34f3833-e479-4343-a9f8-ade29eb4547c,L1,Profile
c34f3833-e479-4343-a9f8-ade29eb4547c,L1,Profile
c34f3833-e479-4343-a9f8-ade29eb4547c,L1,Profile
c34f3833-e479-4343-a9f8-ade29eb4547c,L1,Profile
c34f3833-e479-4343-a9f8-ade29eb4547c,L1,Profile
c34f3833-e479-4343-a9f8-ade29eb4547c,L1,Profile
c34f3833-e479-4343-a9f8-ade29eb4547c,L1,Profile
c34f3833-e479-4343-a9f8-ade29eb4547c,L1,Profile
c34f3833-e479-4343-a9f8-ade29eb4547c,L1,Profile
c34f3833-e479-4343-a9f8-ade29eb4547c,L1,Profile
c34f3833-e479-4343-a9f8-ade29eb4547c,L1,Profile
c34f3833-e479-4343-a9f8-ade29eb4547c,L1,Profile
c34f3833-e479-4343-a9f8-ade29eb4547c,L1,Profile
c34f3833-e479-4343-a9f8-ade29eb4547c,L1,Profile
c34f3833-e479-4343-a9f8-ade29eb4547c,L1,Profile
c34f3833-e479-4343-a9f8-ade29eb4547c,L1,Profile
c34f3833-e479-4343-a9f8-ade29eb4547c,L1,Profile
c34f3833-e479-4343-a9f8-ade29eb4547c,L1,Profile
c34f3833-e479-4343-a9f8-ade29eb4547c,L1,Profile
c34f3833-e479-4343-a9f8-ade29eb4547c,L1,Profile
c34f3833-e479-4343-a9f8-ade29eb4547c,L1,Profile
c34f3833-e479-4343-a9f8-ade29eb4547c,L1,Profile
c34f3833-e479-4343-a9f8-ade29eb4547c,L1,Profile
c34f3833-e479-4343-a9f8-ade29eb4547c,L1,Profile
c34f3833-e479-4343-a9f8-ade29eb4547c,L1,Profile
c34f3833-e479-4343-a9f8-ade29eb4547c,L1,Profile
c34f3833-e479-4343-a9f8-ade29eb4547c,L1,Profile
c34f3833-e479-4343-a9f8-ade29eb4547c,L1,Profile
c34f3833-e479-4343-a9f8-ade29eb4547c,L1,Profile
c34f3833-e479-4343-a9f8-ade29eb4547c,L1,Profile
c34f3833-e479-4343-a9f8-ade29eb4547c,L1,Profile
c34f3833-e479-4343-a9f8-ade29eb4547c,L1,Profile
c34f3833-e479-4343-a9f8-ade29eb4547c,L1,Profile
c34f3833-e479-4343-a9f8-ade29eb4547c,L1,Profile
c34f3833-e479-4343-a9f8-ade29eb4547c,L1,Profile
c34f3833-e479-4343-a9f8-ade29eb4547c,L1,Profile
c34f3833-e479-4343-a9f8-ade29eb4547c,L1,Profile
c34f3833-e479-4343-a9f8-ade29eb4547c,L1,Profile
c34f3833-e479-4343-a9f8-ade29eb4547c,L1,Profile
c34f3833-e479-4343-a9f8-ade29eb4547c,L1,Profile
c34f3833-e479-4343-a9f8-ade29eb4547c,L1,Profile
c34f3833-e479-4343-a9f8-ade29eb4547c,L1,Profile
c34f3833-e479-4343-a9f8-ade29eb4547c,L1,Profile
c34f3833-e479-4343-a9f8-ade29eb4547c,L1,Profile
c34f3833-e479-4343-a9f8-ade29eb4547c,L1,Profile
c34f3833-e479-4343-a9f8-ade29eb4547c,L1,Profile
c34f3833-e479-4343-a9f8-ade29eb4547c,L1,Profile
c34f3833-e479-4343-a9f8-ade29eb4547c,L1,Profile
c34f3833-e479-4343-a9f8-ade29eb4547c,L1,Profile
c34f3833-e479-4343-a9f8-ade29eb4547c,L1,Profile
c34f3833-e479-4343-a9f8-ade29eb4547c,L1,Profile
c34f3833-e479-4343-a9f8-ade29eb4547c,L1,Profile
c34f3833-e479-4343-a9f8-ade29eb4547c,L1,Profile
c34f3833-e479-4343-a9f8-ade29eb4547c,L1,Profile
c34f3833-e479-4343-a9f8-ade29eb4547c,L1,Profile
c34f3833-e479-4343-a9f8-ade29eb4547c,L1,Profile
c34f3833-e479-4343-a9f8-ade29eb4547c,L1,Profile
c34f3833-e479-4343-a9f8-ade29eb4547c,L1,Profile
c34f3833-e479-4343-a9f8-ade29eb4547c,L1,Profile
c34f3833-e479-4343-a9f8-ade29eb4547c,L1,Profile
c34f3833-e479-4343-a9f8-ade29eb4547c,L1,Profile
c34f3833-e479-4343-a9f8-ade29eb4547c,L1,Profile
c34f3833-e479-4343-a9f8-ade29eb4547c,L1,Profile
c34f3833-e479-4343-a9f8-ade29eb4547c,L1,Profile
c34f3833-e479-4343-a9f8-ade29eb4547c,L1,Profile
c34f3833-e479-4343-a9f8-ade29eb4547c,L1,Profile
c34f3833-e479-4343-a9f8-ade29eb4547c,L1,Profile
c34f3833-e479-4343-a9f8-ade29eb4547c,L1,Profile
c34f3833-e479-4343-a9f8-ade29eb4547c,L1,Profile
c34f3833-e479-4343-a9f8-ade29eb4547c,L1,Profile
c34f3833-e479-4343-a9f8-ade29eb4547c,L1,Profile
c34f3833-e479-4343-a9f8-ade29eb4547c,L1,Profile
c34f3833-e479-4343-a9f8-ade29eb4547c,L1,Profile
c34f3833-e479-4343-a9f8-ade29eb4547c,L1,Profile
c34f3833-e479-4343-a9f8-ade29eb4547c,L1,Profile
c34f3833-e479-4343-a9f8-ade29eb4547c,L1,Profile
c34f3833-e479-4343-a9f8-ade29eb4547c,L1,Profile
c34f3833-e479-4343-a9f8-ade29eb4547c,L1,Profile
c34f3833-e479-4343-a9f8-ade29eb4547c,L1,Profile
c34f3833-e479-4343-a9f8-ade29eb4547c,L1,Profile
c34f3833-e479-4343-a9f8-ade29eb4547c,L1,Profile
c34f3833-e479-4343-a9f8-ade29eb4547c,L1,Profile
c34f3833-e479-4343-a9f8-ade29eb4547c,L1,Profile
c34f3833-e479-4343-a9f8-ade29eb4547c,L1,Profile
c34f3833-e479-4343-a9f8-ade29eb4547c,L1,Profile
c34f3833-e479-4343-a9f8-ade29eb4547c,L1,Profile
c34f3833-e479-4343-a9f8-ade29eb4547c,L1,Profile
c34f3833-e479-4343-a9f8-ade29eb4547c,L1,Profile
c34f3833-e479-4343-a9f8-ade29eb4547c,L1,Profile
c34f3833-e479-4343-a9f8-ade29eb4547c,L1,Profile
c34f3833-e479-4343-a9f8-ade29eb4547c,L1,Profile
c34f3833-e479-4343-a9f8-ade29eb4547c,L1,Profile
c34f3833-e479-4343-a9f8-ade29eb4547c,L1,Profile
c34f3833-e479-4343-a9f8-ade29eb4547c,L1,Profile
c34f3833-e479-4343-a9f8-ade29eb4547c,L1,Profile
c34f3833-e479-4343-a9f8-ade29eb4547c,L1,Profile
c34f3833-e479-4343-a9f8-ade29eb4547c,L1,Profile
c34f3833-e479-4343-a9f8-ade29eb4547c,L1,Profile
c34f3833-e479-4343-a9f8-ade29eb4547c,L1,Profile
c34f3833-e479-4343-a9f8-ade29eb4547c,L1,Profile
c34f3833-e479-4343-a9f8-ade29eb4547c,L1,Profile
c34f3833-e479-4343-a9f8-ade29eb4547c,L1,Profile
c34f3833-e479-4343-a9f8-ade29eb4547c,L1,Profile
c34f3833-e479-4343-a9f8-ade29eb4547c,L1,Profile
c34f3833-e479-4343-a9f8-ade29eb4547c,L1,Profile
c34f3833-e479-4343-a9f8-ade29eb4547c,L1,Profile
c34f3833-e479-4343-a9f8-ade29eb4547c,L1,Profile
c34f3833-e479-4343-a9f8-ade29eb4547c,L1,Profile
c34f3833-e479-4343-a9f8-ade29eb4547c,L1,Profile
c34f3833-e479-4343-a9f8-ade29eb4547c,L1,Profile
c34f3833-e479-4343-a9f8-ade29eb4547c,L1,Profile
c34f3833-e479-4343-a9f8-ade29eb4547c,L1,Profile
c34f3833-e479-4343-a9f8-ade29eb4547c,L1,Profile
c34f3833-e479-4343-a9f8-ade29eb4547c,L1,Profile
c34f3833-e479-4343-a9f8-ade29eb4547c,L1,Profile
c34f3833-e479-4343-a9f8-ade29eb4547c,L1,Profile
c34f3833-e479-4343-a9f8-ade29eb4547c,L1,Profile
c34f3833-e479-4343-a9f8-ade29eb4547c,L1,Profile
c34f3833-e479-4343-a9f8-ade29eb4547c,L1,Profile
c34f3833-e479-4343-a9f8-ade29eb4547c,L1,Profile
c34f3833-e479-4343-a9f8-ade29eb4547c,L1,Profile
c34f3833-e479-4343-a9f8-ade29eb4547c,L1,Profile
c34f3833-e479-4343-a9f8-ade29eb4547c,L1,Profile
c34f3833-e479-4343-a9f8-ade29eb4547c,L1,Profile
c34f3833-e479-4343-a9f8-ade29eb4547c,L1,Profile
c34f3833-e479-4343-a9f8-ade29eb4547c,L1,Profile
c34f3833-e479-4343-a9f8-ade29eb4547c,L1,Profile
c34f3833-e479-4343-a9f8-ade29eb4547c,L1,Profile
c34f3833-e479-4343-a9f8-ade29eb4547c,L1,Profile
c34f3833-e479-4343-a9f8-ade29eb4547c,L1,Profile
c34f3833-e479-4343-a9f8-ade29eb4547c,L1,Profile
c34f3833-e479-4343-a9f8-ade29eb4547c,L1,Profile
c34f3833-e479-4343-a9f8-ade29eb4547c,L1,Profile
c34f3833-e479-4343-a9f8-ade29eb4547c,L1,Profile
c34f3833-e479-4343-a9f8-ade29eb4547c,L1,Profile
c34f3833-e479-4343-a9f8-ade29eb4547c,L1,Profile
c34f3833-e479-4343-a9f8-ade29eb4547c,L1,Profile
c34f3833-e479-4343-a9f8-ade29eb4547c,L1,Profile
c34f3833-e479-4343-a9f8-ade29eb4547c,L1,Profile
c34f3833-e479-4343-a9f8-ade29eb4547c,L1,Profile
c34f3833-e479-4343-a9f8-ade29eb4547c,L1,Profile
c34f3833-e479-4343-a9f8-ade29eb4547c,L1,Profile
c34f3833-e479-4343-a9f8-ade29eb4547c,L1,Profile
c34f3833-e479-4343-a9f8-ade29eb4547c,L1,Profile
c34f3833-e479-4343-a9f8-ade29eb4547c,L1,Profile
c34f3833-e479-4343-a9f8-ade29eb4547c,L1,Profile
c34f3833-e479-4343-a9f8-ade29eb4547c,L1,Profile
c34f3833-e479-4343-a9f8-ade29eb4547c,L1,Profile
c34f3833-e479-4343-a9f8-ade29eb4547c,L1,Profile
c34f3833-e479-4343-a9f8-ade29eb4547c,L1,Profile
c34f3833-e479-4343-a9f8-ade29eb4547c,L1,Profile
c34f3833-e479-4343-a9f8-ade29eb4547c,L1,Profile
c34f3833-e479-4343-a9f8-ade29eb4547c,L1,Profile
c34f3833-e479-4343-a9f8-ade29eb4547c,L1,Profile
c34f3833-e479-4343-a9f8-ade29eb4547c,L1,Profile
c34f3833-e479-4343-a9f8-ade29eb4547c,L1,Profile
c34f3833-e479-4343-a9f8-ade29eb4547c,L1,Profile
c34f3833-e479-4343-a9f8-ade29eb4547c,L1,Profile
c34f3833-e479-4343-a9f8-ade29eb4547c,L1,Profile
c34f3833-e479-4343-a9f8-ade29eb4547c,L1,Profile
c34f3833-e479-4343-a9f8-ade29eb4547c,L1,Profile
c34f3833-e479-4343-a9f8-ade29eb4547c,L1,Profile
c34f3833-e479-4343-a9f8-ade29eb4547c,L1,Profile
c34f3833-e479-4343-a9f8-ade29eb4547c,L1,Profile
c34f3833-e479-4343-a9f8-ade29eb4547c,L1,Profile
c34f3833-e479-4343-a9f8-ade29eb4547c,L1,Profile
c34f3833-e479-4343-a9f8-ade29eb4547c,L1,Profile
c34f3833-e479-4343-a9f8-ade29eb4547c,L1,Profile
c34f3833-e479-4343-a9f8-ade29eb4547c,L1,Profile
c34f3833-e479-4343-a9f8-ade29eb4547c,L1,Profile
c34f3833-e479-4343-a9f8-ade29eb4547c,L1,Profile
c34f3833-e479-4343-a9f8-ade29eb4547c,L1,Profile
c34f3833-e479-4343-a9f8-ade29eb4547c,L1,Profile
c34f3833-e479-4343-a9f8-ade29eb4547c,L1,Profile
c34f3833-e479-4343-a9f8-ade29eb4547c,L1,Profile
c34f3833-e479-4343-a9f8-ade29eb4547c,L1,Profile
c34f3833-e479-4343-a9f8-ade29eb4547c,L1,Profile
c34f3833-e479-4343-a9f8-ade29eb4547c,L1,Profile
c34f3833-e479-4343-a9f8-ade29eb4547c,L1,Profile
c34f3833-e479-4343-a9f8-ade29eb4547c,L1,Profile
c34f3833-e479-4343-a9f8-ade29eb4547c,L1,Profile
c34f3833-e479-4343-a9f8-ade29eb4547c,L1,Profile
c34f3833-e479-4343-a9f8-ade29eb4547c,L1,Profile
c34f3833-e479-4343-a9f8-ade29eb4547c,L1,Profile
c34f3833-e479-4343-a9f8-ade29eb4547c,L1,Profile
c34f3833-e479-4343-a9f8-ade29eb4547c,L1,Profile
c34f3833-e479-4343-a9f8-ade29eb4547c,L1,Profile
c34f3833-e479-4343-a9f8-ade29eb4547c,L1,Profile
c34f3833-e479-4343-a9f8-ade29eb4547c,L1,Profile
c34f3833-e479-4343-a9f8-ade29eb4547c,L1,Profile
c34f3833-e479-4343-a9f8-ade29eb4547c,L1,Profile
c34f3833-e479-4343-a9f8-ade29eb4547c,L1,Profile
c34f3833-e479-4343-a9f8-ade29eb4547c,L1,Profile
c34f3833-e479-4343-a9f8-ade29eb4547c,L1,Profile
c34f3833-e479-4343-a9f8-ade29eb4547c,L1,Profile
c34f3833-e479-4343-a9f8-ade29eb4547c,L1,Profile
c34f3833-e479-4343-a9f8-ade29eb4547c,L1,Profile
c34f3833-e479-4343-a9f8-ade29eb4547c,L1,Profile
c34f3833-e479-4343-a9f8-ade29eb4547c,L1,Profile
c34f3833-e479-4343-a9f8-ade29eb4547c,L1,Profile
c34f3833-e479-4343-a9f8-ade29eb4547c,L1,Profile
c34f3833-e479-4343-a9f8-ade29eb4547c,L1,Profile
c34f3833-e479-4343-a9f8-ade29eb4547c,L1,Profile
c34f3833-e479-4343-a9f8-ade29eb4547c,L1,Profile
c34f3833-e479-4343-a9f8-ade29eb4547c,L1,Profile
c34f3833-e479-4343-a9f8-ade29eb4547c,L1,Profile
c34f3833-e479-4343-a9f8-ade29eb4547c,L1,Profile
c34f3833-e479-4343-a9f8-ade29eb4547c,L1,Profile
c34f3833-e479-4343-a9f8-ade29eb4547c,L1,Profile
c34f3833-e479-4343-a9f8-ade29eb4547c,L1,Profile
c34f3833-e479-4343-a9f8-ade29eb4547c,L1,Profile
c34f3833-e479-4343-a9f8-ade29eb4547c,L1,Profile
c34f3833-e479-4343-a9f8-ade29eb4547c,L1,Profile
c34f3833-e479-4343-a9f8-ade29eb4547c,L1,Profile
c34f3833-e479-4343-a9f8-ade29eb4547c,L1,Profile
c34f3833-e479-4343-a9f8-ade29eb4547c,L1,Profile
c34f3833-e479-4343-a9f8-ade29eb4547c,L1,Profile
c34f3833-e479-4343-a9f8-ade29eb4547c,L1,Profile
c34f3833-e479-4343-a9f8-ade29eb4547c,L1,Profile
c34f3833-e479-4343-a9f8-ade29eb4547c,L1,Profile
c34f3833-e479-4343-a9f8-ade29eb4547c,L1,Profile
c34f3833-e479-4343-a9f8-ade29eb4547c,L1,Profile
c34f3833-e479-4343-a9f8-ade29eb4547c,L1,Profile
c34f3833-e479-4343-a9f8-ade29eb4547c,L1,Profile
c34f3833-e479-4343-a9f8-ade29eb4547c,L1,Profile
c34f3833-e479-4343-a9f8-ade29eb4547c,L1,Profile
c34f3833-e479-4343-a9f8-ade29eb4547c,L1,Profile
c34f3833-e479-4343-a9f8-ade29eb4547c,L1,Profile
c34f3833-e479-4343-a9f8-ade29eb4547c,L1,Profile
c34f3833-e479-4343-a9f8-ade29eb4547c,L1,Profile
c34f3833-e479-4343-a9f8-ade29eb4547c,L1,Profile
c34f3833-e479-4343-a9f8-ade29eb4547c,L1,Profile
c34f3833-e479-4343-a9f8-ade29eb4547c,L1,Profile
c34f3833-e479-4343-a9f8-ade29eb4547c,L1,Profile
c34f3833-e479-4343-a9f8-ade29eb4547c,L1,Profile
c34f3833-e479-4343-a9f8-ade29eb4547c,L1,Profile
c34f3833-e479-4343-a9f8-ade29eb4547c,L1,Profile
c34f3833-e479-4343-a9f8-ade29eb4547c,L1,Profile
c34f3833-e479-4343-a9f8-ade29eb4547c,L1,Profile
c34f3833-e479-4343-a9f8-ade29eb4547c,L1,Profile
c34f3833-e479-4343-a9f8-ade29eb4547c,L1,Profile
c34f3833-e479-4343-a9f8-ade29eb4547c,L1,Profile
c34f3833-e479-4343-a9f8-ade29eb4547c,L1,Profile
c34f3833-e479-4343-a9f8-ade29eb4547c,L1,Profile
c34f3833-e479-4343-a9f8-ade29eb4547c,L1,Profile
c34f3833-e479-4343-a9f8-ade29eb4547c,L1,Profile
c34f3833-e479-4343-a9f8-ade29eb4547c,L1,Profile
c34f3833-e479-4343-a9f8-ade29eb4547c,L1,Profile
c34f3833-e479-4343-a9f8-ade29eb4547c,L1,Profile
c34f3833-e479-4343-a9f8-ade29eb4547c,L1,Profile
c34f3833-e479-4343-a9f8-ade29eb4547c,L1,Profile
c34f3833-e479-4343-a9f8-ade29eb4547c,L1,Profile
c34f3833-e479-4343-a9f8-ade29eb4547c,L1,Profile
c34f3833-e479-4343-a9f8-ade29eb4547c,L1,Profile
c34f3833-e479-4343-a9f8-ade29eb4547c,L1,Profile
c34f3833-e479-4343-a9f8-ade29eb4547c,L1,Profile
c34f3833-e479-4343-a9f8-ade29eb4547c,L1,Profile
c34f3833-e479-4343-a9f8-ade29eb4547c,L1,Profile
c34f3833-e479-4343-a9f8-ade29eb4547c,L1,Profile
c34f3833-e479-4343-a9f8-ade29eb4547c,L1,Profile
c34f3833-e479-4343-a9f8-ade29eb4547c,L1,Profile
c34f3833-e479-4343-a9f8-ade29eb4547c,L1,Profile
c34f3833-e479-4343-a9f8-ade29eb4547c,L1,Profile
c34f3833-e479-4343-a9f8-ade29eb4547c,L1,Profile
c34f3833-e479-4343-a9f8-ade29eb4547c,L1,Profile
c34f3833-e479-4343-a9f8-ade29eb4547c,L1,Profile
c34f3833-e479-4343-a9f8-ade29eb4547c,L1,Profile
c34f3833-e479-4343-a9f8-ade29eb4547c,L1,Profile
c34f3833-e479-4343-a9f8-ade29eb4547c,L1,Profile
c34f3833-e479-4343-a9f8-ade29eb4547c,L1,Profile
c34f3833-e479-4343-a9f8-ade29eb4547c,L1,Profile
c34f3833-e479-4343-a9f8-ade29eb4547c,L1,Profile
c34f3833-e479-4343-a9f8-ade29eb4547c,L1,Profile
c34f3833-e479-4343-a9f8-ade29eb4547c,L1,Profile
c34f3833-e479-4343-a9f8-ade29eb4547c,L1,Profile
c34f3833-e479-4343-a9f8-ade29eb4547c,L1,Profile
c34f3833-e479-4343-a9f8-ade29eb4547c,L1,Profile
c34f3833-e479-4343-a9f8-ade29eb4547c,L1,Profile
c34f3833-e479-4343-a9f8-ade29eb4547c,L1,Profile
c34f3833-e479-4343-a9f8-ade29eb4547c,L1,Profile
c34f3833-e479-4343-a9f8-ade29eb4547c,L1,Profile
c34f3833-e479-4343-a9f8-ade29eb4547c,L1,Profile
c34f3833-e479-4343-a9f8-ade29eb4547c,L1,Profile
c34f3833-e479-4343-a9f8-ade29eb4547c,L1,Profile
c34f3833-e479-4343-a9f8-ade29eb4547c,L1,Profile
c34f3833-e479-4343-a9f8-ade29eb4547c,L1,Profile
c34f3833-e479-4343-a9f8-ade29eb4547c,L1,Profile
c34f3833-e479-4343-a9f8-ade29eb4547c,L1,Profile
c34f3833-e479-4343-a9f8-ade29eb4547c,L1,Profile
c34f3833-e479-4343-a9f8-ade29eb4547c,L1,Profile
c34f3833-e479-4343-a9f8-ade29eb4547c,L1,Profile
c34f3833-e479-4343-a9f8-ade29eb4547c,L1,Profile
c34f3833-e479-4343-a9f8-ade29eb4547c,L1,Profile
c34f3833-e479-4343-a9f8-ade29eb4547c,L1,Profile
c34f3833-e479-4343-a9f8-ade29eb4547c,L1,Profile
c34f3833-e479-4343-a9f8-ade29eb4547c,L1,Profile
c34f3833-e479-4343-a9f8-ade29eb4547c,L1,Profile
c34f3833-e479-4343-a9f8-ade29eb4547c,L1,Profile
c34f3833-e479-4343-a9f8-ade29eb4547c,L1,Profile
c34f3833-e479-4343-a9f8-ade29eb4547c,L1,Profile
c34f3833-e479-4343-a9f8-ade29eb4547c,L1,Profile
c34f3833-e479-4343-a9f8-ade29eb4547c,L1,Profile
c34f3833-e479-4343-a9f8-ade29eb4547c,L1,Profile
c34f3833-e479-4343-a9f8-ade29eb4547c,L1,Profile
c34f3833-e479-4343-a9f8-ade29eb4547c,L1,Profile
c34f3833-e479-4343-a9f8-ade29eb4547c,L1,Profile
c34f3833-e479-4343-a9f8-ade29eb4547c,L1,Profile
c34f3833-e479-4343-a9f8-ade29eb4547c,L1,Profile
c34f3833-e479-4343-a9f8-ade29eb4547c,L1,Profile
c34f3833-e479-4343-a9f8-ade29eb4547c,L1,Profile
c34f3833-e479-4343-a9f8-ade29eb4547c,L1,Profile
c34f3833-e479-4343-a9f8-ade29eb4547c,L1,Profile
c34f3833-e479-4343-a9f8-ade29eb4547c,L1,Profile
c34f3833-e479-4343-a9f8-ade29eb4547c,L1,Profile
c34f3833-e479-4343-a9f8-ade29eb4547c,L1,Profile
c34f3833-e479-4343-a9f8-ade29eb4547c,L1,Profile
c34f3833-e479-4343-a9f8-ade29eb4547c,L1,Profile
c34f3833-e479-4343-a9f8-ade29eb4547c,L1,Profile
c34f3833-e479-4343-a9f8-ade29eb4547c,L1,Profile
c34f3833-e479-4343-a9f8-ade29eb4547c,L1,Profile
c34f3833-e479-4343-a9f8-ade29eb4547c,L1,Profile
c34f3833-e479-4343-a9f8-ade29eb4547c,L1,Profile
c34f3833-e479-4343-a9f8-ade29eb4547c,L1,Profile
c34f3833-e479-4343-a9f8-ade29eb4547c,L1,Profile
c34f3833-e479-4343-a9f8-ade29eb4547c,L1,Profile
c34f3833-e479-4343-a9f8-ade29eb4547c,L1,Profile
c34f3833-e479-4343-a9f8-ade29eb4547c,L1,Profile
c34f3833-e479-4343-a9f8-ade29eb4547c,L1,Profile
c34f3833-e479-4343-a9f8-ade29eb4547c,L1,Profile
c34f3833-e479-4343-a9f8-ade29eb4547c,L1,Profile
c34f3833-e479-4343-a9f8-ade29eb4547c,L1,Profile
c34f3833-e479-4343-a9f8-ade29eb4547c,L1,Profile
c34f3833-e479-4343-a9f8-ade29eb4547c,L1,Profile
c34f3833-e479-4343-a9f8-ade29eb4547c,L1,Profile
c34f3833-e479-4343-a9f8-ade29eb4547c,L1,Profile
c34f3833-e479-4343-a9f8-ade29eb4547c,L1,Profile
c34f3833-e479-4343-a9f8-ade29eb4547c,L1,Profile
c34f3833-e479-4343-a9f8-ade29eb4547c,L1,Profile
c34f3833-e479-4343-a9f8-ade29eb4547c,L1,Profile
c34f3833-e479-4343-a9f8-ade29eb4547c,L1,Profile
c34f3833-e479-4343-a9f8-ade29eb4547c,L1,Profile
c34f3833-e479-4343-a9f8-ade29eb4547c,L1,Profile
c34f3833-e479-4343-a9f8-ade29eb4547c,L1,Profile
c34f3833-e479-4343-a9f8-ade29eb4547c,L1,Profile
c34f3833-e479-4343-a9f8-ade29eb4547c,L1,Profile
c34f3833-e479-4343-a9f8-ade29eb4547c,L1,Profile
c34f3833-e479-4343-a9f8-ade29eb4547c,L1,Profile
c34f3833-e479-4343-a9f8-ade29eb4547c,L1,Profile
c34f3833-e479-4343-a9f8-ade29eb4547c,L1,Profile
c34f3833-e479-4343-a9f8-ade29eb4547c,L1,Profile
c34f3833-e479-4343-a9f8-ade29eb4547c,L1,Profile
c34f3833-e479-4343-a9f8-ade29eb4547c,L1,Profile
c34f3833-e479-4343-a9f8-ade29eb4547c,L1,Profile
c34f3833-e479-4343-a9f8-ade29eb4547c,L1,Profile
c34f3833-e479-4343-a9f8-ade29eb4547c,L1,Profile
c34f3833-e479-4343-a9f8-ade29eb4547c,L1,Profile
c34f3833-e479-4343-a9f8-ade29eb4547c,L1,Profile
c34f3833-e479-4343-a9f8-ade29eb4547c,L1,Profile
c34f3833-e479-4343-a9f8-ade29eb4547c,L1,Profile
c34f3833-e479-4343-a9f8-ade29eb4547c,L1,Profile
c34f3833-e479-4343-a9f8-ade29eb4547c,L1,Profile
c34f3833-e479-4343-a9f8-ade29eb4547c,L1,Profile
c34f3833-e479-4343-a9f8-ade29eb4547c,L1,Profile
c34f3833-e479-4343-a9f8-ade29eb4547c,L1,Profile
c34f3833-e479-4343-a9f8-ade29eb4547c,L1,Profile
c34f3833-e479-4343-a9f8-ade29eb4547c,L1,Profile
c34f3833-e479-4343-a9f8-ade29eb4547c,L1,Profile
c34f3833-e479-4343-a9f8-ade29eb4547c,L1,Profile
c34f3833-e479-4343-a9f8-ade29eb4547c,L1,Profile
c34f3833-e479-4343-a9f8-ade29eb4547c,L1,Profile
c34f3833-e479-4343-a9f8-ade29eb4547c,L1,Profile
c34f3833-e479-4343-a9f8-ade29eb4547c,L1,Profile
c34f3833-e479-4343-a9f8-ade29eb4547c,L1,Profile
c34f3833-e479-4343-a9f8-ade29eb4547c,L1,Profile
c34f3833-e479-4343-a9f8-ade29eb4547c,L1,Profile
c34f3833-e479-4343-a9f8-ade29eb4547c,L1,Profile
c34f3833-e479-4343-a9f8-ade29eb4547c,L1,Profile
c34f3833-e479-4343-a9f8-ade29eb4547c,L1,Profile
c34f3833-e479-4343-a9f8-ade29eb4547c,L1,Profile
c34f3833-e479-4343-a9f8-ade29eb4547c,L1,Profile
c34f3833-e479-4343-a9f8-ade29eb4547c,L1,Profile
c34f3833-e479-4343-a9f8-ade29eb4547c,L1,Profile
c34f3833-e479-4343-a9f8-ade29eb4547c,L1,Profile
c34f3833-e479-4343-a9f8-ade29eb4547c,L1,Profile
c34f3833-e479-4343-a9f8-ade29eb4547c,L1,Profile
c34f3833-e479-4343-a9f8-ade29eb4547c,L1,Profile
c34f3833-e479-4343-a9f8-ade29eb4547c,L1,Profile
c34f3833-e479-4343-a9f8-ade29eb4547c,L1,Profile
c34f3833-e479-4343-a9f8-ade29eb4547c,L1,Profile
c34f3833-e479-4343-a9f8-ade29eb4547c,L1,Profile
c34f3833-e479-4343-a9f8-ade29eb4547c,L1,Profile
c34f3833-e479-4343-a9f8-ade29eb4547c,L1,Profile
c34f3833-e479-4343-a9f8-ade29eb4547c,L1,Profile
c34f3833-e479-4343-a9f8-ade29eb4547c,L1,Profile
c34f3833-e479-4343-a9f8-ade29eb4547c,L1,Profile
c34f3833-e479-4343-a9f8-ade29eb4547c,L1,Profile
c34f3833-e479-4343-a9f8-ade29eb4547c,L1,Profile
c34f3833-e479-4343-a9f8-ade29eb4547c,L1,Profile
c34f3833-e479-4343-a9f8-ade29eb4547c,L1,Profile
c34f3833-e479-4343-a9f8-ade29eb4547c,L1,Profile
c34f3833-e479-4343-a9f8-ade29eb4547c,L1,Profile
c34f3833-e479-4343-a9f8-ade29eb4547c,L1,Profile
c34f3833-e479-4343-a9f8-ade29eb4547c,L1,Profile
c34f3833-e479-4343-a9f8-ade29eb4547c,L1,Profile
c34f3833-e479-4343-a9f8-ade29eb4547c,L1,Profile
c34f3833-e479-4343-a9f8-ade29eb4547c,L1,Profile
c34f3833-e479-4343-a9f8-ade29eb4547c,L1,Profile
c34f3833-e479-4343-a9f8-ade29eb4547c,L1,Profile
c34f3833-e479-4343-a9f8-ade29eb4547c,L1,Profile
c34f3833-e479-4343-a9f8-ade29eb4547c,L1,Profile
c34f3833-e479-4343-a9f8-ade29eb4547c,L1,Profile
c34f3833-e479-4343-a9f8-ade29eb4547c,L1,Profile
c34f3833-e479-4343-a9f8-ade29eb4547c,L1,Profile
c34f3833-e479-4343-a9f8-ade29eb4547c,L1,Profile
c34f3833-e479-4343-a9f8-ade29eb4547c,L1,Profile
c34f3833-e479-4343-a9f8-ade29eb4547c,L1,Profile
c34f3833-e479-4343-a9f8-ade29eb4547c,L1,Profile
c34f3833-e479-4343-a9f8-ade29eb4547c,L1,Profile
c34f3833-e479-4343-a9f8-ade29eb4547c,L1,Profile
c34f3833-e479-4343-a9f8-ade29eb4547c,L1,Profile
c34f3833-e479-4343-a9f8-ade29eb4547c,L1,Profile
c34f3833-e479-4343-a9f8-ade29eb4547c,L1,Profile
c34f3833-e479-4343-a9f8-ade29eb4547c,L1,Profile
c34f3833-e479-4343-a9f8-ade29eb4547c,L1,Profile
c34f3833-e479-4343-a9f8-ade29eb4547c,L1,Profile
c34f3833-e479-4343-a9f8-ade29eb4547c,L1,Profile
c34f3833-e479-4343-a9f8-ade29eb4547c,L1,Profile
c34f3833-e479-4343-a9f8-ade29eb4547c,L1,Profile
c34f3833-e479-4343-a9f8-ade29eb4547c,L1,Profile
c34f3833-e479-4343-a9f8-ade29eb4547c,L1,Profile
c34f3833-e479-4343-a9f8-ade29eb4547c,L1,Profile
c34f3833-e479-4343-a9f8-ade29eb4547c,L1,Profile
c34f3833-e479-4343-a9f8-ade29eb4547c,L1,Profile
c34f3833-e479-4343-a9f8-ade29eb4547c,L1,Profile
c34f3833-e479-4343-a9f8-ade29eb4547c,L1,Profile
c34f3833-e479-4343-a9f8-ade29eb4547c,L1,Profile
c34f3833-e479-4343-a9f8-ade29eb4547c,L1,Profile
c34f3833-e479-4343-a9f8-ade29eb4547c,L1,Profile
c34f3833-e479-4343-a9f8-ade29eb4547c,L1,Profile
c34f3833-e479-4343-a9f8-ade29eb4547c,L1,Profile
c34f3833-e479-4343-a9f8-ade29eb4547c,L1,Profile
c34f3833-e479-4343-a9f8-ade29eb4547c,L1,Profile
c34f3833-e479-4343-a9f8-ade29eb4547c,L1,Profile
c34f3833-e479-4343-a9f8-ade29eb4547c,L1,Profile
c34f3833-e479-4343-a9f8-ade29eb4547c,L1,Profile
c34f3833-e479-4343-a9f8-ade29eb4547c,L1,Profile
c34f3833-e479-4343-a9f8-ade29eb4547c,L1,Profile
c34f3833-e479-4343-a9f8-ade29eb4547c,L1,Profile
c34f3833-e479-4343-a9f8-ade29eb4547c,L1,Profile
c34f3833-e479-4343-a9f8-ade29eb4547c,L1,Profile
c34f3833-e479-4343-a9f8-ade29eb4547c,L1,Profile
c34f3833-e479-4343-a9f8-ade29eb4547c,L1,Profile
c34f3833-e479-4343-a9f8-ade29eb4547c,L1,Profile
c34f3833-e479-4343-a9f8-ade29eb4547c,L1,Profile
c34f3833-e479-4343-a9f8-ade29eb4547c,L1,Profile
c34f3833-e479-4343-a9f8-ade29eb4547c,L1,Profile
c34f3833-e479-4343-a9f8-ade29eb4547c,L1,Profile
c34f3833-e479-4343-a9f8-ade29eb4547c,L1,Profile
c34f3833-e479-4343-a9f8-ade29eb4547c,L1,Profile
c34f3833-e479-4343-a9f8-ade29eb4547c,L1,Profile
c34f3833-e479-4343-a9f8-ade29eb4547c,L1,Profile
c34f3833-e479-4343-a9f8-ade29eb4547c,L1,Profile
c34f3833-e479-4343-a9f8-ade29eb4547c,L1,Profile
c34f3833-e479-4343-a9f8-ade29eb4547c,L1,Profile
c34f3833-e479-4343-a9f8-ade29eb4547c,L1,Profile
c34f3833-e479-4343-a9f8-ade29eb4547c,L1,Profile
c34f3833-e479-4343-a9f8-ade29eb4547c,L1,Profile
c34f3833-e479-4343-a9f8-ade29eb4547c,L1,Profile
c34f3833-e479-4343-a9f8-ade29eb4547c,L1,Profile
c34f3833-e479-4343-a9f8-ade29eb4547c,L1,Profile
c34f3833-e479-4343-a9f8-ade29eb4547c,L1,Profile
c34f3833-e479-4343-a9f8-ade29eb4547c,L1,Profile
c34f3833-e479-4343-a9f8-ade29eb4547c,L1,Profile
c34f3833-e479-4343-a9f8-ade29eb4547c,L1,Profile
c34f3833-e479-4343-a9f8-ade29eb4547c,L1,Profile
c34f3833-e479-4343-a9f8-ade29eb4547c,L1,Profile
c34f3833-e479-4343-a9f8-ade29eb4547c,L1,Profile
c34f3833-e479-4343-a9f8-ade29eb4547c,L1,Profile
c34f3833-e479-4343-a9f8-ade29eb4547c,L1,Profile
c34f3833-e479-4343-a9f8-ade29eb4547c,L1,Profile
c34f3833-e479-4343-a9f8-ade29eb4547c,L1,Profile
c34f3833-e479-4343-a9f8-ade29eb4547c,L1,Profile
c34f3833-e479-4343-a9f8-ade29eb4547c,L1,Profile
c34f3833-e479-4343-a9f8-ade29eb4547c,L1,Profile
c34f3833-e479-4343-a9f8-ade29eb4547c,L1,Profile
c34f3833-e479-4343-a9f8-ade29eb4547c,L1,Profile
c34f3833-e479-4343-a9f8-ade29eb4547c,L1,Profile
c34f3833-e479-4343-a9f8-ade29eb4547c,L1,Profile
c34f3833-e479-4343-a9f8-ade29eb4547c,L1,Profile
c34f3833-e479-4343-a9f8-ade29eb4547c,L1,Profile
c34f3833-e479-4343-a9f8-ade29eb4547c,L1,Profile
c34f3833-e479-4343-a9f8-ade29eb4547c,L1,Profile
c34f3833-e479-4343-a9f8-ade29eb4547c,L1,Profile
c34f3833-e479-4343-a9f8-ade29eb4547c,L1,Profile
c34f3833-e479-4343-a9f8-ade29eb4547c,L1,Profile
c34f3833-e479-4343-a9f8-ade29eb4547c,L1,Profile
c34f3833-e479-4343-a9f8-ade29eb4547c,L1,Profile
c34f3833-e479-4343-a9f8-ade29eb4547c,L1,Profile
c34f3833-e479-4343-a9f8-ade29eb4547c,L1,Profile
c34f3833-e479-4343-a9f8-ade29eb4547c,L1,Profile
c34f3833-e479-4343-a9f8-ade29eb4547c,L1,Profile
c34f3833-e479-4343-a9f8-ade29eb4547c,L1,Profile
c34f3833-e479-4343-a9f8-ade29eb4547c,L1,Profile
c34f3833-e479-4343-a9f8-ade29eb4547c,L1,Profile
c34f3833-e479-4343-a9f8-ade29eb4547c,L1,Profile
c34f3833-e479-4343-a9f8-ade29eb4547c,L1,Profile
c34f3833-e479-4343-a9f8-ade29eb4547c,L1,Profile
c34f3833-e479-4343-a9f8-ade29eb4547c,L1,Profile
c34f3833-e479-4343-a9f8-ade29eb4547c,L1,Profile
c34f3833-e479-4343-a9f8-ade29eb4547c,L1,Profile
c34f3833-e479-4343-a9f8-ade29eb4547c,L1,Profile
c34f3833-e479-4343-a9f8-ade29eb4547c,L1,Profile
c34f3833-e479-4343-a9f8-ade29eb4547c,L1,Profile
c34f3833-e479-4343-a9f8-ade29eb4547c,L1,Profile
c34f3833-e479-4343-a9f8-ade29eb4547c,L1,Profile
c34f3833-e479-4343-a9f8-ade29eb4547c,L1,Profile
c34f3833-e479-4343-a9f8-ade29eb4547c,L1,Profile
c34f3833-e479-4343-a9f8-ade29eb4547c,L1,Profile
c34f3833-e479-4343-a9f8-ade29eb4547c,L1,Profile
c34f3833-e479-4343-a9f8-ade29eb4547c,L1,Profile
c34f3833-e479-4343-a9f8-ade29eb4547c,L1,Profile
c34f3833-e479-4343-a9f8-ade29eb4547c,L1,Profile
c34f3833-e479-4343-a9f8-ade29eb4547c,L1,Profile
c34f3833-e479-4343-a9f8-ade29eb4547c,L1,Profile
c34f3833-e479-4343-a9f8-ade29eb4547c,L1,Profile
c34f3833-e479-4343-a9f8-ade29eb4547c,L1,Profile
c34f3833-e479-4343-a9f8-ade29eb4547c,L1,Profile
c34f3833-e479-4343-a9f8-ade29eb4547c,L1,Profile
c34f3833-e479-4343-a9f8-ade29eb4547c,L1,Profile
c34f3833-e479-4343-a9f8-ade29eb4547c,L1,Profile
c34f3833-e479-4343-a9f8-ade29eb4547c,L1,Profile
c34f3833-e479-4343-a9f8-ade29eb4547c,L1,Profile
c34f3833-e479-4343-a9f8-ade29eb4547c,L1,Profile
c34f3833-e479-4343-a9f8-ade29eb4547c,L1,Profile
c34f3833-e479-4343-a9f8-ade29eb4547c,L1,Profile
c34f3833-e479-4343-a9f8-ade29eb4547c,L1,Profile
c34f3833-e479-4343-a9f8-ade29eb4547c,L1,Profile
c34f3833-e479-4343-a9f8-ade29eb4547c,L1,Profile
c34f3833-e479-4343-a9f8-ade29eb4547c,L1,Profile
c34f3833-e479-4343-a9f8-ade29eb4547c,L1,Profile
c34f3833-e479-4343-a9f8-ade29eb4547c,L1,Profile
c34f3833-e479-4343-a9f8-ade29eb4547c,L1,Profile
c34f3833-e479-4343-a9f8-ade29eb4547c,L1,Profile
c34f3833-e479-4343-a9f8-ade29eb4547c,L1,Profile
c34f3833-e479-4343-a9f8-ade29eb4547c,L1,Profile
c34f3833-e479-4343-a9f8-ade29eb4547c,L1,Profile
c34f3833-e479-4343-a9f8-ade29eb4547c,L1,Profile
c34f3833-e479-4343-a9f8-ade29eb4547c,L1,Profile
c34f3833-e479-4343-a9f8-ade29eb4547c,L1,Profile
c34f3833-e479-4343-a9f8-ade29eb4547c,L1,Profile
c34f3833-e479-4343-a9f8-ade29eb4547c,L1,Profile
c34f3833-e479-4343-a9f8-ade29eb4547c,L1,Profile
c34f3833-e479-4343-a9f8-ade29eb4547c,L1,Profile
c34f3833-e479-4343-a9f8-ade29eb4547c,L1,Profile
c34f3833-e479-4343-a9f8-ade29eb4547c,L1,Profile
c34f3833-e479-4343-a9f8-ade29eb4547c,L1,Profile
c34f3833-e479-4343-a9f8-ade29eb4547c,L1,Profile
c34f3833-e479-4343-a9f8-ade29eb4547c,L1,Profile
c34f3833-e479-4343-a9f8-ade29eb4547c,L1,Profile
c34f3833-e479-4343-a9f8-ade29eb4547c,L1,Profile
c34f3833-e479-4343-a9f8-ade29eb4547c,L1,Profile
c34f3833-e479-4343-a9f8-ade29eb4547c,L1,Profile
c34f3833-e479-4343-a9f8-ade29eb4547c,L1,Profile
c34f3833-e479-4343-a9f8-ade29eb4547c,L1,Profile
c34f3833-e479-4343-a9f8-ade29eb4547c,L1,Profile
c34f3833-e479-4343-a9f8-ade29eb4547c,L1,Profile
c34f3833-e479-4343-a9f8-ade29eb4547c,L1,Profile
c34f3833-e479-4343-a9f8-ade29eb4547c,L1,Profile
c34f3833-e479-4343-a9f8-ade29eb4547c,L1,Profile
c34f3833-e479-4343-a9f8-ade29eb4547c,L1,Profile
c34f3833-e479-4343-a9f8-ade29eb4547c,L1,Profile
c34f3833-e479-4343-a9f8-ade29eb4547c,L1,Profile
c34f3833-e479-4343-a9f8-ade29eb4547c,L1,Profile
c34f3833-e479-4343-a9f8-ade29eb4547c,L1,Profile
c34f3833-e479-4343-a9f8-ade29eb4547c,L1,Profile
c34f3833-e479-4343-a9f8-ade29eb4547c,L1,Profile
c34f3833-e479-4343-a9f8-ade29eb4547c,L1,Profile
c34f3833-e479-4343-a9f8-ade29eb4547c,L1,Profile
c34f3833-e479-4343-a9f8-ade29eb4547c,L1,Profile
c34f3833-e479-4343-a9f8-ade29eb4547c,L1,Profile
c34f3833-e479-4343-a9f8-ade29eb4547c,L1,Profile
c34f3833-e479-4343-a9f8-ade29eb4547c,L1,Profile
c34f3833-e479-4343-a9f8-ade29eb4547c,L1,Profile
c34f3833-e479-4343-a9f8-ade29eb4547c,L1,Profile
c34f3833-e479-4343-a9f8-ade29eb4547c,L1,Profile
c34f3833-e479-4343-a9f8-ade29eb4547c,L1,Profile
c34f3833-e479-4343-a9f8-ade29eb4547c,L1,Profile
c34f3833-e479-4343-a9f8-ade29eb4547c,L1,Profile
c34f3833-e479-4343-a9f8-ade29eb4547c,L1,Profile
c34f3833-e479-4343-a9f8-ade29eb4547c,L1,Profile
c34f3833-e479-4343-a9f8-ade29eb4547c,L1,Profile
c34f3833-e479-4343-a9f8-ade29eb4547c,L1,Profile
c34f3833-e479-4343-a9f8-ade29eb4547c,L1,Profile
c34f3833-e479-4343-a9f8-ade29eb4547c,L1,Profile
c34f3833-e479-4343-a9f8-ade29eb4547c,L1,Profile
c34f3833-e479-4343-a9f8-ade29eb4547c,L1,Profile
c34f3833-e479-4343-a9f8-ade29eb4547c,L1,Profile
c34f3833-e479-4343-a9f8-ade29eb4547c,L1,Profile
c34f3833-e479-4343-a9f8-ade29eb4547c,L1,Profile
c34f3833-e479-4343-a9f8-ade29eb4547c,L1,Profile
c34f3833-e479-4343-a9f8-ade29eb4547c,L1,Profile
c34f3833-e479-4343-a9f8-ade29eb4547c,L1,Profile
c34f3833-e479-4343-a9f8-ade29eb4547c,L1,Profile
c34f3833-e479-4343-a9f8-ade29eb4547c,L1,Profile
c34f3833-e479-4343-a9f8-ade29eb4547c,L1,Profile
c34f3833-e479-4343-a9f8-ade29eb4547c,L1,Profile
c34f3833-e479-4343-a9f8-ade29eb4547c,L1,Profile
c34f3833-e479-4343-a9f8-ade29eb4547c,L1,Profile
c34f3833-e479-4343-a9f8-ade29eb4547c,L1,Profile
c34f3833-e479-4343-a9f8-ade29eb4547c,L1,Profile
c34f3833-e479-4343-a9f8-ade29eb4547c,L1,Profile
c34f3833-e479-4343-a9f8-ade29eb4547c,L1,Profile
c34f3833-e479-4343-a9f8-ade29eb4547c,L1,Profile
c34f3833-e479-4343-a9f8-ade29eb4547c,L1,Profile
c34f3833-e479-4343-a9f8-ade29eb4547c,L1,Profile
c34f3833-e479-4343-a9f8-ade29eb4547c,L1,Profile
c34f3833-e479-4343-a9f8-ade29eb4547c,L1,Profile
c34f3833-e479-4343-a9f8-ade29eb4547c,L1,Profile
c34f3833-e479-4343-a9f8-ade29eb4547c,L1,Profile
c34f3833-e479-4343-a9f8-ade29eb4547c,L1,Profile
c34f3833-e479-4343-a9f8-ade29eb4547c,L1,Profile
c34f3833-e479-4343-a9f8-ade29eb4547c,L1,Profile
c34f3833-e479-4343-a9f8-ade29eb4547c,L1,Profile
c34f3833-e479-4343-a9f8-ade29eb4547c,L1,Profile
c34f3833-e479-4343-a9f8-ade29eb4547c,L1,Profile
c34f3833-e479-4343-a9f8-ade29eb4547c,L1,Profile
c34f3833-e479-4343-a9f8-ade29eb4547c,L1,Profile
c34f3833-e479-4343-a9f8-ade29eb4547c,L1,Profile
c34f3833-e479-4343-a9f8-ade29eb4547c,L1,Profile
c34f3833-e479-4343-a9f8-ade29eb4547c,L1,Profile
c34f3833-e479-4343-a9f8-ade29eb4547c,L1,Profile
c34f3833-e479-4343-a9f8-ade29eb4547c,L1,Profile
c34f3833-e479-4343-a9f8-ade29eb4547c,L1,Profile
c34f3833-e479-4343-a9f8-ade29eb4547c,L1,Profile
c34f3833-e479-4343-a9f8-ade29eb4547c,L1,Profile
c34f3833-e479-4343-a9f8-ade29eb4547c,L1,Profile
c34f3833-e479-4343-a9f8-ade29eb4547c,L1,Profile
c34f3833-e479-4343-a9f8-ade29eb4547c,L1,Profile
c34f3833-e479-4343-a9f8-ade29eb4547c,L1,Profile
c34f3833-e479-4343-a9f8-ade29eb4547c,L1,Profile
c34f3833-e479-4343-a9f8-ade29eb4547c,L1,Profile
c34f3833-e479-4343-a9f8-ade29eb4547c,L1,Profile
c34f3833-e479-4343-a9f8-ade29eb4547c,L1,Profile
c34f3833-e479-4343-a9f8-ade29eb4547c,L1,Profile
c34f3833-e479-4343-a9f8-ade29eb4547c,L1,Profile
c34f3833-e479-4343-a9f8-ade29eb4547c,L1,Profile
c34f3833-e479-4343-a9f8-ade29eb4547c,L1,Profile
c34f3833-e479-4343-a9f8-ade29eb4547c,L1,Profile
c34f3833-e479-4343-a9f8-ade29eb4547c,L1,Profile
c34f3833-e479-4343-a9f8-ade29eb4547c,L1,Profile
c34f3833-e479-4343-a9f8-ade29eb4547c,L1,Profile
c34f3833-e479-4343-a9f8-ade29eb4547c,L1,Profile
c34f3833-e479-4343-a9f8-ade29eb4547c,L1,Profile
c34f3833-e479-4343-a9f8-ade29eb4547c,L1,Profile
c34f3833-e479-4343-a9f8-ade29eb4547c,L1,Profile
c34f3833-e479-4343-a9f8-ade29eb4547c,L1,Profile
c34f3833-e479-4343-a9f8-ade29eb4547c,L1,Profile
c34f3833-e479-4343-a9f8-ade29eb4547c,L1,Profile
c34f3833-e479-4343-a9f8-ade29eb4547c,L1,Profile
c34f3833-e479-4343-a9f8-ade29eb4547c,L1,Profile
c34f3833-e479-4343-a9f8-ade29eb4547c,L1,Profile
c34f3833-e479-4343-a9f8-ade29eb4547c,L1,Profile
c34f3833-e479-4343-a9f8-ade29eb4547c,L1,Profile
c34f3833-e479-4343-a9f8-ade29eb4547c,L1,Profile
c34f3833-e479-4343-a9f8-ade29eb4547c,L1,Profile
c34f3833-e479-4343-a9f8-ade29eb4547c,L1,Profile
c34f3833-e479-4343-a9f8-ade29eb4547c,L1,Profile
c34f3833-e479-4343-a9f8-ade29eb4547c,L1,Profile
c34f3833-e479-4343-a9f8-ade29eb4547c,L1,Profile
c34f3833-e479-4343-a9f8-ade29eb4547c,L1,Profile
c34f3833-e479-4343-a9f8-ade29eb4547c,L1,Profile
c34f3833-e479-4343-a9f8-ade29eb4547c,L1,Profile
c34f3833-e479-4343-a9f8-ade29eb4547c,L1,Profile
c34f3833-e479-4343-a9f8-ade29eb4547c,L1,Profile
c34f3833-e479-4343-a9f8-ade29eb4547c,L1,Profile
c34f3833-e479-4343-a9f8-ade29eb4547c,L1,Profile
c34f3833-e479-4343-a9f8-ade29eb4547c,L1,Profile
c34f3833-e479-4343-a9f8-ade29eb4547c,L1,Profile
c34f3833-e479-4343-a9f8-ade29eb4547c,L1,Profile
c34f3833-e479-4343-a9f8-ade29eb4547c,L1,Profile
c34f3833-e479-4343-a9f8-ade29eb4547c,L1,Profile
c34f3833-e479-4343-a9f8-ade29eb4547c,L1,Profile
c34f3833-e479-4343-a9f8-ade29eb4547c,L1,Profile
c34f3833-e479-4343-a9f8-ade29eb4547c,L1,Profile
c34f3833-e479-4343-a9f8-ade29eb4547c,L1,Profile
c34f3833-e479-4343-a9f8-ade29eb4547c,L1,Profile
c34f3833-e479-4343-a9f8-ade29eb4547c,L1,Profile
c34f3833-e479-4343-a9f8-ade29eb4547c,L1,Profile
c34f3833-e479-4343-a9f8-ade29eb4547c,L1,Profile
c34f3833-e479-4343-a9f8-ade29eb4547c,L1,Profile
c34f3833-e479-4343-a9f8-ade29eb4547c,L1,Profile
c34f3833-e479-4343-a9f8-ade29eb4547c,L1,Profile
c34f3833-e479-4343-a9f8-ade29eb4547c,L1,Profile
c34f3833-e479-4343-a9f8-ade29eb4547c,L1,Profile
c34f3833-e479-4343-a9f8-ade29eb4547c,L1,Profile
c34f3833-e479-4343-a9f8-ade29eb4547c,L1,Profile
c34f3833-e479-4343-a9f8-ade29eb4547c,L1,Profile
c34f3833-e479-4343-a9f8-ade29eb4547c,L1,Profile
c34f3833-e479-4343-a9f8-ade29eb4547c,L1,Profile
c34f3833-e479-4343-a9f8-ade29eb4547c,L1,Profile
c34f3833-e479-4343-a9f8-ade29eb4547c,L1,Profile
c34f3833-e479-4343-a9f8-ade29eb4547c,L1,Profile
c34f3833-e479-4343-a9f8-ade29eb4547c,L1,Profile
c34f3833-e479-4343-a9f8-ade29eb4547c,L1,Profile
c34f3833-e479-4343-a9f8-ade29eb4547c,L1,Profile
c34f3833-e479-4343-a9f8-ade29eb4547c,L1,Profile
c34f3833-e479-4343-a9f8-ade29eb4547c,L1,Profile
c34f3833-e479-4343-a9f8-ade29eb4547c,L1,Profile
c34f3833-e479-4343-a9f8-ade29eb4547c,L1,Profile
c34f3833-e479-4343-a9f8-ade29eb4547c,L1,Profile
c34f3833-e479-4343-a9f8-ade29eb4547c,L1,Profile
c34f3833-e479-4343-a9f8-ade29eb4547c,L1,Profile
c34f3833-e479-4343-a9f8-ade29eb4547c,L1,Profile
c34f3833-e479-4343-a9f8-ade29eb4547c,L1,Profile
c34f3833-e479-4343-a9f8-ade29eb4547c,L1,Profile
c34f3833-e479-4343-a9f8-ade29eb4547c,L1,Profile
c34f3833-e479-4343-a9f8-ade29eb4547c,L1,Profile
c34f3833-e479-4343-a9f8-ade29eb4547c,L1,Profile
c34f3833-e479-4343-a9f8-ade29eb4547c,L1,Profile
c34f3833-e479-4343-a9f8-ade29eb4547c,L1,Profile
c34f3833-e479-4343-a9f8-ade29eb4547c,L1,Profile
c34f3833-e479-4343-a9f8-ade29eb4547c,L1,Profile
c34f3833-e479-4343-a9f8-ade29eb4547c,L1,Profile
c34f3833-e479-4343-a9f8-ade29eb4547c,L1,Profile
c34f3833-e479-4343-a9f8-ade29eb4547c,L1,Profile
c34f3833-e479-4343-a9f8-ade29eb4547c,L1,Profile
c34f3833-e479-4343-a9f8-ade29eb4547c,L1,Profile
c34f3833-e479-4343-a9f8-ade29eb4547c,L1,Profile
c34f3833-e479-4343-a9f8-ade29eb4547c,L1,Profile
c34f3833-e479-4343-a9f8-ade29eb4547c,L1,Profile
c34f3833-e479-4343-a9f8-ade29eb4547c,L1,Profile
c34f3833-e479-4343-a9f8-ade29eb4547c,L1,Profile
c34f3833-e479-4343-a9f8-ade29eb4547c,L1,Profile
c34f3833-e479-4343-a9f8-ade29eb4547c,L1,Profile
c34f3833-e479-4343-a9f8-ade29eb4547c,L1,Profile
c34f3833-e479-4343-a9f8-ade29eb4547c,L1,Profile
c34f3833-e479-4343-a9f8-ade29eb4547c,L1,Profile
c34f3833-e479-4343-a9f8-ade29eb4547c,L1,Profile
c34f3833-e479-4343-a9f8-ade29eb4547c,L1,Profile
c34f3833-e479-4343-a9f8-ade29eb4547c,L1,Profile
c34f3833-e479-4343-a9f8-ade29eb4547c,L1,Profile
c34f3833-e479-4343-a9f8-ade29eb4547c,L1,Profile
c34f3833-e479-4343-a9f8-ade29eb4547c,L1,Profile
c34f3833-e479-4343-a9f8-ade29eb4547c,L1,Profile
c34f3833-e479-4343-a9f8-ade29eb4547c,L1,Profile
c34f3833-e479-4343-a9f8-ade29eb4547c,L1,Profile
c34f3833-e479-4343-a9f8-ade29eb4547c,L1,Profile
c34f3833-e479-4343-a9f8-ade29eb4547c,L1,Profile
c34f3833-e479-4343-a9f8-ade29eb4547c,L1,Profile
c34f3833-e479-4343-a9f8-ade29eb4547c,L1,Profile
c34f3833-e479-4343-a9f8-ade29eb4547c,L1,Profile
c34f3833-e479-4343-a9f8-ade29eb4547c,L1,Profile
c34f3833-e479-4343-a9f8-ade29eb4547c,L1,Profile
c34f3833-e479-4343-a9f8-ade29eb4547c,L1,Profile
c34f3833-e479-4343-a9f8-ade29eb4547c,L1,Profile
c34f3833-e479-4343-a9f8-ade29eb4547c,L1,Profile
c34f3833-e479-4343-a9f8-ade29eb4547c,L1,Profile
c34f3833-e479-4343-a9f8-ade29eb4547c,L1,Profile
c34f3833-e479-4343-a9f8-ade29eb4547c,L1,Profile
c34f3833-e479-4343-a9f8-ade29eb4547c,L1,Profile
c34f3833-e479-4343-a9f8-ade29eb4547c,L1,Profile
c34f3833-e479-4343-a9f8-ade29eb4547c,L1,Profile
c34f3833-e479-4343-a9f8-ade29eb4547c,L1,Profile
c34f3833-e479-4343-a9f8-ade29eb4547c,L1,Profile
c34f3833-e479-4343-a9f8-ade29eb4547c,L1,Profile
c34f3833-e479-4343-a9f8-ade29eb4547c,L1,Profile
c34f3833-e479-4343-a9f8-ade29eb4547c,L1,Profile
c34f3833-e479-4343-a9f8-ade29eb4547c,L1,Profile
c34f3833-e479-4343-a9f8-ade29eb4547c,L1,Profile
c34f3833-e479-4343-a9f8-ade29eb4547c,L1,Profile
c34f3833-e479-4343-a9f8-ade29eb4547c,L1,Profile
c34f3833-e479-4343-a9f8-ade29eb4547c,L1,Profile
c34f3833-e479-4343-a9f8-ade29eb4547c,L1,Profile
c34f3833-e479-4343-a9f8-ade29eb4547c,L1,Profile
c34f3833-e479-4343-a9f8-ade29eb4547c,L1,Profile
c34f3833-e479-4343-a9f8-ade29eb4547c,L1,Profile
c34f3833-e479-4343-a9f8-ade29eb4547c,L1,Profile
c34f3833-e479-4343-a9f8-ade29eb4547c,L1,Profile
c34f3833-e479-4343-a9f8-ade29eb4547c,L1,Profile
c34f3833-e479-4343-a9f8-ade29eb4547c,L1,Profile
c34f3833-e479-4343-a9f8-ade29eb4547c,L1,Profile
c34f3833-e479-4343-a9f8-ade29eb4547c,L1,Profile
c34f3833-e479-4343-a9f8-ade29eb4547c,L1,Profile
c34f3833-e479-4343-a9f8-ade29eb4547c,L1,Profile
c34f3833-e479-4343-a9f8-ade29eb4547c,L1,Profile
c34f3833-e479-4343-a9f8-ade29eb4547c,L1,Profile
c34f3833-e479-4343-a9f8-ade29eb4547c,L1,Profile
c34f3833-e479-4343-a9f8-ade29eb4547c,L1,Profile
c34f3833-e479-4343-a9f8-ade29eb4547c,L1,Profile
c34f3833-e479-4343-a9f8-ade29eb4547c,L1,Profile
c34f3833-e479-4343-a9f8-ade29eb4547c,L1,Profile
c34f3833-e479-4343-a9f8-ade29eb4547c,L1,Profile
c34f3833-e479-4343-a9f8-ade29eb4547c,L1,Profile
c34f3833-e479-4343-a9f8-ade29eb4547c,L1,Profile
c34f3833-e479-4343-a9f8-ade29eb4547c,L1,Profile
c34f3833-e479-4343-a9f8-ade29eb4547c,L1,Profile
c34f3833-e479-4343-a9f8-ade29eb4547c,L1,Profile
c34f3833-e479-4343-a9f8-ade29eb4547c,L1,Profile
c34f3833-e479-4343-a9f8-ade29eb4547c,L1,Profile
c34f3833-e479-4343-a9f8-ade29eb4547c,L1,Profile
c34f3833-e479-4343-a9f8-ade29eb4547c,L1,Profile
c34f3833-e479-4343-a9f8-ade29eb4547c,L1,Profile
c34f3833-e479-4343-a9f8-ade29eb4547c,L1,Profile
c34f3833-e479-4343-a9f8-ade29eb4547c,L1,Profile
c34f3833-e479-4343-a9f8-ade29eb4547c,L1,Profile
c34f3833-e479-4343-a9f8-ade29eb4547c,L1,Profile
c34f3833-e479-4343-a9f8-ade29eb4547c,L1,Profile
c34f3833-e479-4343-a9f8-ade29eb4547c,L1,Profile
c34f3833-e479-4343-a9f8-ade29eb4547c,L1,Profile
c34f3833-e479-4343-a9f8-ade29eb4547c,L1,Profile
c34f3833-e479-4343-a9f8-ade29eb4547c,L1,Profile
c34f3833-e479-4343-a9f8-ade29eb4547c,L1,Profile
c34f3833-e479-4343-a9f8-ade29eb4547c,L1,Profile
c34f3833-e479-4343-a9f8-ade29eb4547c,L1,Profile
c34f3833-e479-4343-a9f8-ade29eb4547c,L1,Profile
c34f3833-e479-4343-a9f8-ade29eb4547c,L1,Profile
c34f3833-e479-4343-a9f8-ade29eb4547c,L1,Profile
c34f3833-e479-4343-a9f8-ade29eb4547c,L1,Profile
c34f3833-e479-4343-a9f8-ade29eb4547c,L1,Profile
c34f3833-e479-4343-a9f8-ade29eb4547c,L1,Profile
c34f3833-e479-4343-a9f8-ade29eb4547c,L1,Profile
c34f3833-e479-4343-a9f8-ade29eb4547c,L1,Profile
c34f3833-e479-4343-a9f8-ade29eb4547c,L1,Profile
c34f3833-e479-4343-a9f8-ade29eb4547c,L1,Profile
c34f3833-e479-4343-a9f8-ade29eb4547c,L1,Profile
c34f3833-e479-4343-a9f8-ade29eb4547c,L1,Profile
c34f3833-e479-4343-a9f8-ade29eb4547c,L1,Profile
c34f3833-e479-4343-a9f8-ade29eb4547c,L1,Profile
c34f3833-e479-4343-a9f8-ade29eb4547c,L1,Profile
c34f3833-e479-4343-a9f8-ade29eb4547c,L1,Profile
c34f3833-e479-4343-a9f8-ade29eb4547c,L1,Profile
c34f3833-e479-4343-a9f8-ade29eb4547c,L1,Profile
c34f3833-e479-4343-a9f8-ade29eb4547c,L1,Profile
c34f3833-e479-4343-a9f8-ade29eb4547c,L1,Profile
c34f3833-e479-4343-a9f8-ade29eb4547c,L1,Profile
c34f3833-e479-4343-a9f8-ade29eb4547c,L1,Profile
c34f3833-e479-4343-a9f8-ade29eb4547c,L1,Profile
c34f3833-e479-4343-a9f8-ade29eb4547c,L1,Profile
c34f3833-e479-4343-a9f8-ade29eb4547c,L1,Profile
c34f3833-e479-4343-a9f8-ade29eb4547c,L1,Profile
c34f3833-e479-4343-a9f8-ade29eb4547c,L1,Profile
c34f3833-e479-4343-a9f8-ade29eb4547c,L1,Profile
c34f3833-e479-4343-a9f8-ade29eb4547c,L1,Profile
c34f3833-e479-4343-a9f8-ade29eb4547c,L1,Profile
c34f3833-e479-4343-a9f8-ade29eb4547c,L1,Profile
c34f3833-e479-4343-a9f8-ade29eb4547c,L1,Profile
c34f3833-e479-4343-a9f8-ade29eb4547c,L1,Profile
c34f3833-e479-4343-a9f8-ade29eb4547c,L1,Profile
c34f3833-e479-4343-a9f8-ade29eb4547c,L1,Profile
c34f3833-e479-4343-a9f8-ade29eb4547c,L1,Profile
c34f3833-e479-4343-a9f8-ade29eb4547c,L1,Profile
c34f3833-e479-4343-a9f8-ade29eb4547c,L1,Profile
c34f3833-e479-4343-a9f8-ade29eb4547c,L1,Profile
c34f3833-e479-4343-a9f8-ade29eb4547c,L1,Profile
c34f3833-e479-4343-a9f8-ade29eb4547c,L1,Profile
c34f3833-e479-4343-a9f8-ade29eb4547c,L1,Profile
c34f3833-e479-4343-a9f8-ade29eb4547c,L1,Profile
c34f3833-e479-4343-a9f8-ade29eb4547c,L1,Profile
c34f3833-e479-4343-a9f8-ade29eb4547c,L1,Profile
c34f3833-e479-4343-a9f8-ade29eb4547c,L1,Profile
c34f3833-e479-4343-a9f8-ade29eb4547c,L1,Profile
c34f3833-e479-4343-a9f8-ade29eb4547c,L1,Profile
c34f3833-e479-4343-a9f8-ade29eb4547c,L1,Profile
c34f3833-e479-4343-a9f8-ade29eb4547c,L1,Profile
c34f3833-e479-4343-a9f8-ade29eb4547c,L1,Profile
c34f3833-e479-4343-a9f8-ade29eb4547c,L1,Profile
c34f3833-e479-4343-a9f8-ade29eb4547c,L1,Profile
c34f3833-e479-4343-a9f8-ade29eb4547c,L1,Profile
c34f3833-e479-4343-a9f8-ade29eb4547c,L1,Profile
c34f3833-e479-4343-a9f8-ade29eb4547c,L1,Profile
c34f3833-e479-4343-a9f8-ade29eb4547c,L1,Profile
c34f3833-e479-4343-a9f8-ade29eb4547c,L1,Profile
c34f3833-e479-4343-a9f8-ade29eb4547c,L1,Profile
c34f3833-e479-4343-a9f8-ade29eb4547c,L1,Profile
c34f3833-e479-4343-a9f8-ade29eb4547c,L1,Profile
c34f3833-e479-4343-a9f8-ade29eb4547c,L1,Profile
c34f3833-e479-4343-a9f8-ade29eb4547c,L1,Profile
c34f3833-e479-4343-a9f8-ade29eb4547c,L1,Profile
c34f3833-e479-4343-a9f8-ade29eb4547c,L1,Profile
c34f3833-e479-4343-a9f8-ade29eb4547c,L1,Profile
c34f3833-e479-4343-a9f8-ade29eb4547c,L1,Profile
c34f3833-e479-4343-a9f8-ade29eb4547c,L1,Profile
c34f3833-e479-4343-a9f8-ade29eb4547c,L1,Profile
c34f3833-e479-4343-a9f8-ade29eb4547c,L1,Profile
c34f3833-e479-4343-a9f8-ade29eb4547c,L1,Profile
c34f3833-e479-4343-a9f8-ade29eb4547c,L1,Profile
c34f3833-e479-4343-a9f8-ade29eb4547c,L1,Profile
c34f3833-e479-4343-a9f8-ade29eb4547c,L1,Profile
c34f3833-e479-4343-a9f8-ade29eb4547c,L1,Profile
c34f3833-e479-4343-a9f8-ade29eb4547c,L1,Profile
c34f3833-e479-4343-a9f8-ade29eb4547c,L1,Profile
c34f3833-e479-4343-a9f8-ade29eb4547c,L1,Profile
c34f3833-e479-4343-a9f8-ade29eb4547c,L1,Profile
c34f3833-e479-4343-a9f8-ade29eb4547c,L1,Profile
c34f3833-e479-4343-a9f8-ade29eb4547c,L1,Profile
c34f3833-e479-4343-a9f8-ade29eb4547c,L1,Profile
c34f3833-e479-4343-a9f8-ade29eb4547c,L1,Profile
c34f3833-e479-4343-a9f8-ade29eb4547c,L1,Profile
c34f3833-e479-4343-a9f8-ade29eb4547c,L1,Profile
c34f3833-e479-4343-a9f8-ade29eb4547c,L1,Profile
c34f3833-e479-4343-a9f8-ade29eb4547c,L1,Profile
c34f3833-e479-4343-a9f8-ade29eb4547c,L1,Profile
c34f3833-e479-4343-a9f8-ade29eb4547c,L1,Profile
c34f3833-e479-4343-a9f8-ade29eb4547c,L1,Profile
c34f3833-e479-4343-a9f8-ade29eb4547c,L1,Profile
c34f3833-e479-4343-a9f8-ade29eb4547c,L1,Profile
c34f3833-e479-4343-a9f8-ade29eb4547c,L1,Profile
c34f3833-e479-4343-a9f8-ade29eb4547c,L1,Profile
c34f3833-e479-4343-a9f8-ade29eb4547c,L1,Profile
c34f3833-e479-4343-a9f8-ade29eb4547c,L1,Profile
c34f3833-e479-4343-a9f8-ade29eb4547c,L1,Profile
c34f3833-e479-4343-a9f8-ade29eb4547c,L1,Profile
c34f3833-e479-4343-a9f8-ade29eb4547c,L1,Profile
c34f3833-e479-4343-a9f8-ade29eb4547c,L1,Profile
c34f3833-e479-4343-a9f8-ade29eb4547c,L1,Profile
c34f3833-e479-4343-a9f8-ade29eb4547c,L1,Profile
c34f3833-e479-4343-a9f8-ade29eb4547c,L1,Profile
c34f3833-e479-4343-a9f8-ade29eb4547c,L1,Profile
c34f3833-e479-4343-a9f8-ade29eb4547c,L1,Profile
c34f3833-e479-4343-a9f8-ade29eb4547c,L1,Profile
c34f3833-e479-4343-a9f8-ade29eb4547c,L1,Profile
c34f3833-e479-4343-a9f8-ade29eb4547c,L1,Profile
c34f3833-e479-4343-a9f8-ade29eb4547c,L1,Profile
c34f3833-e479-4343-a9f8-ade29eb4547c,L1,Profile
c34f3833-e479-4343-a9f8-ade29eb4547c,L1,Profile
c34f3833-e479-4343-a9f8-ade29eb4547c,L1,Profile
c34f3833-e479-4343-a9f8-ade29eb4547c,L1,Profile
c34f3833-e479-4343-a9f8-ade29eb4547c,L1,Profile
c34f3833-e479-4343-a9f8-ade29eb4547c,L1,Profile
c34f3833-e479-4343-a9f8-ade29eb4547c,L1,Profile
c34f3833-e479-4343-a9f8-ade29eb4547c,L1,Profile
c34f3833-e479-4343-a9f8-ade29eb4547c,L1,Profile
c34f3833-e479-4343-a9f8-ade29eb4547c,L1,Profile
c34f3833-e479-4343-a9f8-ade29eb4547c,L1,Profile
c34f3833-e479-4343-a9f8-ade29eb4547c,L1,Profile
c34f3833-e479-4343-a9f8-ade29eb4547c,L1,Profile
c34f3833-e479-4343-a9f8-ade29eb4547c,L1,Profile
c34f3833-e479-4343-a9f8-ade29eb4547c,L1,Profile
c34f3833-e479-4343-a9f8-ade29eb4547c,L1,Profile
c34f3833-e479-4343-a9f8-ade29eb4547c,L1,Profile
c34f3833-e479-4343-a9f8-ade29eb4547c,L1,Profile
c34f3833-e479-4343-a9f8-ade29eb4547c,L1,Profile
c34f3833-e479-4343-a9f8-ade29eb4547c,L1,Profile
c34f3833-e479-4343-a9f8-ade29eb4547c,L1,Profile
c34f3833-e479-4343-a9f8-ade29eb4547c,L1,Profile
c34f3833-e479-4343-a9f8-ade29eb4547c,L1,Profile
c34f3833-e479-4343-a9f8-ade29eb4547c,L1,Profile
c34f3833-e479-4343-a9f8-ade29eb4547c,L1,Profile
c34f3833-e479-4343-a9f8-ade29eb4547c,L1,Profile
c34f3833-e479-4343-a9f8-ade29eb4547c,L1,Profile
c34f3833-e479-4343-a9f8-ade29eb4547c,L1,Profile
c34f3833-e479-4343-a9f8-ade29eb4547c,L1,Profile
c34f3833-e479-4343-a9f8-ade29eb4547c,L1,Profile
c34f3833-e479-4343-a9f8-ade29eb4547c,L1,Profile
c34f3833-e479-4343-a9f8-ade29eb4547c,L1,Profile
c34f3833-e479-4343-a9f8-ade29eb4547c,L1,Profile
c34f3833-e479-4343-a9f8-ade29eb4547c,L1,Profile
c34f3833-e479-4343-a9f8-ade29eb4547c,L1,Profile
c34f3833-e479-4343-a9f8-ade29eb4547c,L1,Profile
c34f3833-e479-4343-a9f8-ade29eb4547c,L1,Profile
c34f3833-e479-4343-a9f8-ade29eb4547c,L1,Profile
c34f3833-e479-4343-a9f8-ade29eb4547c,L1,Profile
c34f3833-e479-4343-a9f8-ade29eb4547c,L1,Profile
c34f3833-e479-4343-a9f8-ade29eb4547c,L1,Profile
c34f3833-e479-4343-a9f8-ade29eb4547c,L1,Profile
c34f3833-e479-4343-a9f8-ade29eb4547c,L1,Profile
c34f3833-e479-4343-a9f8-ade29eb4547c,L1,Profile
c34f3833-e479-4343-a9f8-ade29eb4547c,L1,Profile
c34f3833-e479-4343-a9f8-ade29eb4547c,L1,Profile
c34f3833-e479-4343-a9f8-ade29eb4547c,L1,Profile
c34f3833-e479-4343-a9f8-ade29eb4547c,L1,Profile
c34f3833-e479-4343-a9f8-ade29eb4547c,L1,Profile
c34f3833-e479-4343-a9f8-ade29eb4547c,L1,Profile
c34f3833-e479-4343-a9f8-ade29eb4547c,L1,Profile
c34f3833-e479-4343-a9f8-ade29eb4547c,L1,Profile
c34f3833-e479-4343-a9f8-ade29eb4547c,L1,Profile
c34f3833-e479-4343-a9f8-ade29eb4547c,L1,Profile
c34f3833-e479-4343-a9f8-ade29eb4547c,L1,Profile
c34f3833-e479-4343-a9f8-ade29eb4547c,L1,Profile
c34f3833-e479-4343-a9f8-ade29eb4547c,L1,Profile
c34f3833-e479-4343-a9f8-ade29eb4547c,L1,Profile
c34f3833-e479-4343-a9f8-ade29eb4547c,L1,Profile
c34f3833-e479-4343-a9f8-ade29eb4547c,L1,Profile
c34f3833-e479-4343-a9f8-ade29eb4547c,L1,Profile
c34f3833-e479-4343-a9f8-ade29eb4547c,L1,Profile
c34f3833-e479-4343-a9f8-ade29eb4547c,L1,Profile
c34f3833-e479-4343-a9f8-ade29eb4547c,L1,Profile
c34f3833-e479-4343-a9f8-ade29eb4547c,L1,Profile
c34f3833-e479-4343-a9f8-ade29eb4547c,L1,Profile
c34f3833-e479-4343-a9f8-ade29eb4547c,L1,Profile
c34f3833-e479-4343-a9f8-ade29eb4547c,L1,Profile
c34f3833-e479-4343-a9f8-ade29eb4547c,L1,Profile
c34f3833-e479-4343-a9f8-ade29eb4547c,L1,Profile
c34f3833-e479-4343-a9f8-ade29eb4547c,L1,Profile
c34f3833-e479-4343-a9f8-ade29eb4547c,L1,Profile
c34f3833-e479-4343-a9f8-ade29eb4547c,L1,Profile
c34f3833-e479-4343-a9f8-ade29eb4547c,L1,Profile
c34f3833-e479-4343-a9f8-ade29eb4547c,L1,Profile
c34f3833-e479-4343-a9f8-ade29eb4547c,L1,Profile
c34f3833-e479-4343-a9f8-ade29eb4547c,L1,Profile
c34f3833-e479-4343-a9f8-ade29eb4547c,L1,Profile
c34f3833-e479-4343-a9f8-ade29eb4547c,L1,Profile
c34f3833-e479-4343-a9f8-ade29eb4547c,L1,Profile
c34f3833-e479-4343-a9f8-ade29eb4547c,L1,Profile
c34f3833-e479-4343-a9f8-ade29eb4547c,L1,Profile
c34f3833-e479-4343-a9f8-ade29eb4547c,L1,Profile
c34f3833-e479-4343-a9f8-ade29eb4547c,L1,Profile
c34f3833-e479-4343-a9f8-ade29eb4547c,L1,Profile
c34f3833-e479-4343-a9f8-ade29eb4547c,L1,Profile
c34f3833-e479-4343-a9f8-ade29eb4547c,L1,Profile
c34f3833-e479-4343-a9f8-ade29eb4547c,L1,Profile
c34f3833-e479-4343-a9f8-ade29eb4547c,L1,Profile
c34f3833-e479-4343-a9f8-ade29eb4547c,L1,Profile
c34f3833-e479-4343-a9f8-ade29eb4547c,L1,Profile
c34f3833-e479-4343-a9f8-ade29eb4547c,L1,Profile
c34f3833-e479-4343-a9f8-ade29eb4547c,L1,Profile
c34f3833-e479-4343-a9f8-ade29eb4547c,L1,Profile
c34f3833-e479-4343-a9f8-ade29eb4547c,L1,Profile
c34f3833-e479-4343-a9f8-ade29eb4547c,L1,Profile
c34f3833-e479-4343-a9f8-ade29eb4547c,L1,Profile
c34f3833-e479-4343-a9f8-ade29eb4547c,L1,Profile
c34f3833-e479-4343-a9f8-ade29eb4547c,L1,Profile
c34f3833-e479-4343-a9f8-ade29eb4547c,L1,Profile
c34f3833-e479-4343-a9f8-ade29eb4547c,L1,Profile
c34f3833-e479-4343-a9f8-ade29eb4547c,L1,Profile
c34f3833-e479-4343-a9f8-ade29eb4547c,L1,Profile
c34f3833-e479-4343-a9f8-ade29eb4547c,L1,Profile
c34f3833-e479-4343-a9f8-ade29eb4547c,L1,Profile
c34f3833-e479-4343-a9f8-ade29eb4547c,L1,Profile
c34f3833-e479-4343-a9f8-ade29eb4547c,L1,Profile
c34f3833-e479-4343-a9f8-ade29eb4547c,L1,Profile
c34f3833-e479-4343-a9f8-ade29eb4547c,L1,Profile
c34f3833-e479-4343-a9f8-ade29eb4547c,L1,Profile
c34f3833-e479-4343-a9f8-ade29eb4547c,L1,Profile
c34f3833-e479-4343-a9f8-ade29eb4547c,L1,Profile
c34f3833-e479-4343-a9f8-ade29eb4547c,L1,Profile
c34f3833-e479-4343-a9f8-ade29eb4547c,L1,Profile
c34f3833-e479-4343-a9f8-ade29eb4547c,L1,Profile
c34f3833-e479-4343-a9f8-ade29eb4547c,L1,Profile
c34f3833-e479-4343-a9f8-ade29eb4547c,L1,Profile
c34f3833-e479-4343-a9f8-ade29eb4547c,L1,Profile
c34f3833-e479-4343-a9f8-ade29eb4547c,L1,Profile
c34f3833-e479-4343-a9f8-ade29eb4547c,L1,Profile
c34f3833-e479-4343-a9f8-ade29eb4547c,L1,Profile
c34f3833-e479-4343-a9f8-ade29eb4547c,L1,Profile
c34f3833-e479-4343-a9f8-ade29eb4547c,L1,Profile
c34f3833-e479-4343-a9f8-ade29eb4547c,L1,Profile
c34f3833-e479-4343-a9f8-ade29eb4547c,L1,Profile
c34f3833-e479-4343-a9f8-ade29eb4547c,L1,Profile
c34f3833-e479-4343-a9f8-ade29eb4547c,L1,Profile
c34f3833-e479-4343-a9f8-ade29eb4547c,L1,Profile
c34f3833-e479-4343-a9f8-ade29eb4547c,L1,Profile
c34f3833-e479-4343-a9f8-ade29eb4547c,L1,Profile
c34f3833-e479-4343-a9f8-ade29eb4547c,L1,Profile
c34f3833-e479-4343-a9f8-ade29eb4547c,L1,Profile
c34f3833-e479-4343-a9f8-ade29eb4547c,L1,Profile
c34f3833-e479-4343-a9f8-ade29eb4547c,L1,Profile
c34f3833-e479-4343-a9f8-ade29eb4547c,L1,Profile
c34f3833-e479-4343-a9f8-ade29eb4547c,L1,Profile
c34f3833-e479-4343-a9f8-ade29eb4547c,L1,Profile
c34f3833-e479-4343-a9f8-ade29eb4547c,L1,Profile
c34f3833-e479-4343-a9f8-ade29eb4547c,L1,Profile
c34f3833-e479-4343-a9f8-ade29eb4547c,L1,Profile
c34f3833-e479-4343-a9f8-ade29eb4547c,L1,Profile
c34f3833-e479-4343-a9f8-ade29eb4547c,L1,Profile
c34f3833-e479-4343-a9f8-ade29eb4547c,L1,Profile
c34f3833-e479-4343-a9f8-ade29eb4547c,L1,Profile
c34f3833-e479-4343-a9f8-ade29eb4547c,L1,Profile
c34f3833-e479-4343-a9f8-ade29eb4547c,L1,Profile
c34f3833-e479-4343-a9f8-ade29eb4547c,L1,Profile
c34f3833-e479-4343-a9f8-ade29eb4547c,L1,Profile
c34f3833-e479-4343-a9f8-ade29eb4547c,L1,Profile
c34f3833-e479-4343-a9f8-ade29eb4547c,L1,Profile
c34f3833-e479-4343-a9f8-ade29eb4547c,L1,Profile
c34f3833-e479-4343-a9f8-ade29eb4547c,L1,Profile
c34f3833-e479-4343-a9f8-ade29eb4547c,L1,Profile
c34f3833-e479-4343-a9f8-ade29eb4547c,L1,Profile
c34f3833-e479-4343-a9f8-ade29eb4547c,L1,Profile
c34f3833-e479-4343-a9f8-ade29eb4547c,L1,Profile
c34f3833-e479-4343-a9f8-ade29eb4547c,L1,Profile
c34f3833-e479-4343-a9f8-ade29eb4547c,L1,Profile
c34f3833-e479-4343-a9f8-ade29eb4547c,L1,Profile
c34f3833-e479-4343-a9f8-ade29eb4547c,L1,Profile
c34f3833-e479-4343-a9f8-ade29eb4547c,L1,Profile
c34f3833-e479-4343-a9f8-ade29eb4547c,L1,Profile
c34f3833-e479-4343-a9f8-ade29eb4547c,L1,Profile
c34f3833-e479-4343-a9f8-ade29eb4547c,L1,Profile
c34f3833-e479-4343-a9f8-ade29eb4547c,L1,Profile
c34f3833-e479-4343-a9f8-ade29eb4547c,L1,Profile
c34f3833-e479-4343-a9f8-ade29eb4547c,L1,Profile
c34f3833-e479-4343-a9f8-ade29eb4547c,L1,Profile
c34f3833-e479-4343-a9f8-ade29eb4547c,L1,Profile
c34f3833-e479-4343-a9f8-ade29eb4547c,L1,Profile
c34f3833-e479-4343-a9f8-ade29eb4547c,L1,Profile
c34f3833-e479-4343-a9f8-ade29eb4547c,L1,Profile
c34f3833-e479-4343-a9f8-ade29eb4547c,L1,Profile
c34f3833-e479-4343-a9f8-ade29eb4547c,L1,Profile
c34f3833-e479-4343-a9f8-ade29eb4547c,L1,Profile
c34f3833-e479-4343-a9f8-ade29eb4547c,L1,Profile
c34f3833-e479-4343-a9f8-ade29eb4547c,L1,Profile
c34f3833-e479-4343-a9f8-ade29eb4547c,L1,Profile
c34f3833-e479-4343-a9f8-ade29eb4547c,L1,Profile
c34f3833-e479-4343-a9f8-ade29eb4547c,L1,Profile
c34f3833-e479-4343-a9f8-ade29eb4547c,L1,Profile
c34f3833-e479-4343-a9f8-ade29eb4547c,L1,Profile
c34f3833-e479-4343-a9f8-ade29eb4547c,L1,Profile
c34f3833-e479-4343-a9f8-ade29eb4547c,L1,Profile
c34f3833-e479-4343-a9f8-ade29eb4547c,L1,Profile
c34f3833-e479-4343-a9f8-ade29eb4547c,L1,Profile
c34f3833-e479-4343-a9f8-ade29eb4547c,L1,Profile
c34f3833-e479-4343-a9f8-ade29eb4547c,L1,Profile
c34f3833-e479-4343-a9f8-ade29eb4547c,L1,Profile
c34f3833-e479-4343-a9f8-ade29eb4547c,L1,Profile
c34f3833-e479-4343-a9f8-ade29eb4547c,L1,Profile
c34f3833-e479-4343-a9f8-ade29eb4547c,L1,Profile
c34f3833-e479-4343-a9f8-ade29eb4547c,L1,Profile
c34f3833-e479-4343-a9f8-ade29eb4547c,L1,Profile
c34f3833-e479-4343-a9f8-ade29eb4547c,L1,Profile
c34f3833-e479-4343-a9f8-ade29eb4547c,L1,Profile
c34f3833-e479-4343-a9f8-ade29eb4547c,L1,Profile
c34f3833-e479-4343-a9f8-ade29eb4547c,L1,Profile
c34f3833-e479-4343-a9f8-ade29eb4547c,L1,Profile
c34f3833-e479-4343-a9f8-ade29eb4547c,L1,Profile
c34f3833-e479-4343-a9f8-ade29eb4547c,L1,Profile
c34f3833-e479-4343-a9f8-ade29eb4547c,L1,Profile
c34f3833-e479-4343-a9f8-ade29eb4547c,L1,Profile
c34f3833-e479-4343-a9f8-ade29eb4547c,L1,Profile
c34f3833-e479-4343-a9f8-ade29eb4547c,L1,Profile
c34f3833-e479-4343-a9f8-ade29eb4547c,L1,Profile
c34f3833-e479-4343-a9f8-ade29eb4547c,L1,Profile
c34f3833-e479-4343-a9f8-ade29eb4547c,L1,Profile
c34f3833-e479-4343-a9f8-ade29eb4547c,L1,Profile
c34f3833-e479-4343-a9f8-ade29eb4547c,L1,Profile
c34f3833-e479-4343-a9f8-ade29eb4547c,L1,Profile
c34f3833-e479-4343-a9f8-ade29eb4547c,L1,Profile
c34f3833-e479-4343-a9f8-ade29eb4547c,L1,Profile
c34f3833-e479-4343-a9f8-ade29eb4547c,L1,Profile
c34f3833-e479-4343-a9f8-ade29eb4547c,L1,Profile
c34f3833-e479-4343-a9f8-ade29eb4547c,L1,Profile
c34f3833-e479-4343-a9f8-ade29eb4547c,L1,Profile
c34f3833-e479-4343-a9f8-ade29eb4547c,L1,Profile
c34f3833-e479-4343-a9f8-ade29eb4547c,L1,Profile
c34f3833-e479-4343-a9f8-ade29eb4547c,L1,Profile
c34f3833-e479-4343-a9f8-ade29eb4547c,L1,Profile
c34f3833-e479-4343-a9f8-ade29eb4547c,L1,Profile
c34f3833-e479-4343-a9f8-ade29eb4547c,L1,Profile
c34f3833-e479-4343-a9f8-ade29eb4547c,L1,Profile
c34f3833-e479-4343-a9f8-ade29eb4547c,L1,Profile
c34f3833-e479-4343-a9f8-ade29eb4547c,L1,Profile
c34f3833-e479-4343-a9f8-ade29eb4547c,L1,Profile
c34f3833-e479-4343-a9f8-ade29eb4547c,L1,Profile
c34f3833-e479-4343-a9f8-ade29eb4547c,L1,Profile
c34f3833-e479-4343-a9f8-ade29eb4547c,L1,Profile
c34f3833-e479-4343-a9f8-ade29eb4547c,L1,Profile
c34f3833-e479-4343-a9f8-ade29eb4547c,L1,Profile
c34f3833-e479-4343-a9f8-ade29eb4547c,L1,Profile
c34f3833-e479-4343-a9f8-ade29eb4547c,L1,Profile
c34f3833-e479-4343-a9f8-ade29eb4547c,L1,Profile
c34f3833-e479-4343-a9f8-ade29eb4547c,L1,Profile
c34f3833-e479-4343-a9f8-ade29eb4547c,L1,Profile
c34f3833-e479-4343-a9f8-ade29eb4547c,L1,Profile
c34f3833-e479-4343-a9f8-ade29eb4547c,L1,Profile
c34f3833-e479-4343-a9f8-ade29eb4547c,L1,Profile
c34f3833-e479-4343-a9f8-ade29eb4547c,L1,Profile
c34f3833-e479-4343-a9f8-ade29eb4547c,L1,Profile
c34f3833-e479-4343-a9f8-ade29eb4547c,L1,Profile
c34f3833-e479-4343-a9f8-ade29eb4547c,L1,Profile
c34f3833-e479-4343-a9f8-ade29eb4547c,L1,Profile
c34f3833-e479-4343-a9f8-ade29eb4547c,L1,Profile
c34f3833-e479-4343-a9f8-ade29eb4547c,L1,Profile
c34f3833-e479-4343-a9f8-ade29eb4547c,L1,Profile
c34f3833-e479-4343-a9f8-ade29eb4547c,L1,Profile
c34f3833-e479-4343-a9f8-ade29eb4547c,L1,Profile
c34f3833-e479-4343-a9f8-ade29eb4547c,L1,Profile
c34f3833-e479-4343-a9f8-ade29eb4547c,L1,Profile
c34f3833-e479-4343-a9f8-ade29eb4547c,L1,Profile
c34f3833-e479-4343-a9f8-ade29eb4547c,L1,Profile
c34f3833-e479-4343-a9f8-ade29eb4547c,L1,Profile
c34f3833-e479-4343-a9f8-ade29eb4547c,L1,Profile
c34f3833-e479-4343-a9f8-ade29eb4547c,L1,Profile
c34f3833-e479-4343-a9f8-ade29eb4547c,L1,Profile
c34f3833-e479-4343-a9f8-ade29eb4547c,L1,Profile
c34f3833-e479-4343-a9f8-ade29eb4547c,L1,Profile
c34f3833-e479-4343-a9f8-ade29eb4547c,L1,Profile
c34f3833-e479-4343-a9f8-ade29eb4547c,L1,Profile
c34f3833-e479-4343-a9f8-ade29eb4547c,L1,Profile
c34f3833-e479-4343-a9f8-ade29eb4547c,L1,Profile
c34f3833-e479-4343-a9f8-ade29eb4547c,L1,Profile
c34f3833-e479-4343-a9f8-ade29eb4547c,L1,Profile
c34f3833-e479-4343-a9f8-ade29eb4547c,L1,Profile
c34f3833-e479-4343-a9f8-ade29eb4547c,L1,Profile
c34f3833-e479-4343-a9f8-ade29eb4547c,L1,Profile
c34f3833-e479-4343-a9f8-ade29eb4547c,L1,Profile
c34f3833-e479-4343-a9f8-ade29eb4547c,L1,Profile
c34f3833-e479-4343-a9f8-ade29eb4547c,L1,Profile
c34f3833-e479-4343-a9f8-ade29eb4547c,L1,Profile
c34f3833-e479-4343-a9f8-ade29eb4547c,L1,Profile
c34f3833-e479-4343-a9f8-ade29eb4547c,L1,Profile
c34f3833-e479-4343-a9f8-ade29eb4547c,L1,Profile
c34f3833-e479-4343-a9f8-ade29eb4547c,L1,Profile
c34f3833-e479-4343-a9f8-ade29eb4547c,L1,Profile
c34f3833-e479-4343-a9f8-ade29eb4547c,L1,Profile
c34f3833-e479-4343-a9f8-ade29eb4547c,L1,Profile
c34f3833-e479-4343-a9f8-ade29eb4547c,L1,Profile
c34f3833-e479-4343-a9f8-ade29eb4547c,L1,Profile
c34f3833-e479-4343-a9f8-ade29eb4547c,L1,Profile
c34f3833-e479-4343-a9f8-ade29eb4547c,L1,Profile
c34f3833-e479-4343-a9f8-ade29eb4547c,L1,Profile
c34f3833-e479-4343-a9f8-ade29eb4547c,L1,Profile
c34f3833-e479-4343-a9f8-ade29eb4547c,L1,Profile
c34f3833-e479-4343-a9f8-ade29eb4547c,L1,Profile
c34f3833-e479-4343-a9f8-ade29eb4547c,L1,Profile
c34f3833-e479-4343-a9f8-ade29eb4547c,L1,Profile
c34f3833-e479-4343-a9f8-ade29eb4547c,L1,Profile
c34f3833-e479-4343-a9f8-ade29eb4547c,L1,Profile
c34f3833-e479-4343-a9f8-ade29eb4547c,L1,Profile
c34f3833-e479-4343-a9f8-ade29eb4547c,L1,Profile
c34f3833-e479-4343-a9f8-ade29eb4547c,L1,Profile
c34f3833-e479-4343-a9f8-ade29eb4547c,L1,Profile
c34f3833-e479-4343-a9f8-ade29eb4547c,L1,Profile
c34f3833-e479-4343-a9f8-ade29eb4547c,L1,Profile
c34f3833-e479-4343-a9f8-ade29eb4547c,L1,Profile
c34f3833-e479-4343-a9f8-ade29eb4547c,L1,Profile
c34f3833-e479-4343-a9f8-ade29eb4547c,L1,Profile
c34f3833-e479-4343-a9f8-ade29eb4547c,L1,Profile
c34f3833-e479-4343-a9f8-ade29eb4547c,L1,Profile
c34f3833-e479-4343-a9f8-ade29eb4547c,L1,Profile
c34f3833-e479-4343-a9f8-ade29eb4547c,L1,Profile
c34f3833-e479-4343-a9f8-ade29eb4547c,L1,Profile
c34f3833-e479-4343-a9f8-ade29eb4547c,L1,Profile
c34f3833-e479-4343-a9f8-ade29eb4547c,L1,Profile
c34f3833-e479-4343-a9f8-ade29eb4547c,L1,Profile
c34f3833-e479-4343-a9f8-ade29eb4547c,L1,Profile
c34f3833-e479-4343-a9f8-ade29eb4547c,L1,Profile
c34f3833-e479-4343-a9f8-ade29eb4547c,L1,Profile
c34f3833-e479-4343-a9f8-ade29eb4547c,L1,Profile
c34f3833-e479-4343-a9f8-ade29eb4547c,L1,Profile
c34f3833-e479-4343-a9f8-ade29eb4547c,L1,Profile
c34f3833-e479-4343-a9f8-ade29eb4547c,L1,Profile
c34f3833-e479-4343-a9f8-ade29eb4547c,L1,Profile
c34f3833-e479-4343-a9f8-ade29eb4547c,L1,Profile
c34f3833-e479-4343-a9f8-ade29eb4547c,L1,Profile
c34f3833-e479-4343-a9f8-ade29eb4547c,L1,Profile
c34f3833-e479-4343-a9f8-ade29eb4547c,L1,Profile
c34f3833-e479-4343-a9f8-ade29eb4547c,L1,Profile
c34f3833-e479-4343-a9f8-ade29eb4547c,L1,Profile
c34f3833-e479-4343-a9f8-ade29eb4547c,L1,Profile
c34f3833-e479-4343-a9f8-ade29eb4547c,L1,Profile
c34f3833-e479-4343-a9f8-ade29eb4547c,L1,Profile
c34f3833-e479-4343-a9f8-ade29eb4547c,L1,Profile
c34f3833-e479-4343-a9f8-ade29eb4547c,L1,Profile
c34f3833-e479-4343-a9f8-ade29eb4547c,L1,Profile
c34f3833-e479-4343-a9f8-ade29eb4547c,L1,Profile
c34f3833-e479-4343-a9f8-ade29eb4547c,L1,Profile
c34f3833-e479-4343-a9f8-ade29eb4547c,L1,Profile
c34f3833-e479-4343-a9f8-ade29eb4547c,L1,Profile
c34f3833-e479-4343-a9f8-ade29eb4547c,L1,Profile
c34f3833-e479-4343-a9f8-ade29eb4547c,L1,Profile
c34f3833-e479-4343-a9f8-ade29eb4547c,L1,Profile
c34f3833-e479-4343-a9f8-ade29eb4547c,L1,Profile
c34f3833-e479-4343-a9f8-ade29eb4547c,L1,Profile
c34f3833-e479-4343-a9f8-ade29eb4547c,L1,Profile
c34f3833-e479-4343-a9f8-ade29eb4547c,L1,Profile
c34f3833-e479-4343-a9f8-ade29eb4547c,L1,Profile
c34f3833-e479-4343-a9f8-ade29eb4547c,L1,Profile
c34f3833-e479-4343-a9f8-ade29eb4547c,L1,Profile
c34f3833-e479-4343-a9f8-ade29eb4547c,L1,Profile
c34f3833-e479-4343-a9f8-ade29eb4547c,L1,Profile
c34f3833-e479-4343-a9f8-ade29eb4547c,L1,Profile
c34f3833-e479-4343-a9f8-ade29eb4547c,L1,Profile
c34f3833-e479-4343-a9f8-ade29eb4547c,L1,Profile
c34f3833-e479-4343-a9f8-ade29eb4547c,L1,Profile
c34f3833-e479-4343-a9f8-ade29eb4547c,L1,Profile
c34f3833-e479-4343-a9f8-ade29eb4547c,L1,Profile
c34f3833-e479-4343-a9f8-ade29eb4547c,L1,Profile
c34f3833-e479-4343-a9f8-ade29eb4547c,L1,Profile
c34f3833-e479-4343-a9f8-ade29eb4547c,L1,Profile
c34f3833-e479-4343-a9f8-ade29eb4547c,L1,Profile
c34f3833-e479-4343-a9f8-ade29eb4547c,L1,Profile
c34f3833-e479-4343-a9f8-ade29eb4547c,L1,Profile
c34f3833-e479-4343-a9f8-ade29eb4547c,L1,Profile
c34f3833-e479-4343-a9f8-ade29eb4547c,L1,Profile
c34f3833-e479-4343-a9f8-ade29eb4547c,L1,Profile
c34f3833-e479-4343-a9f8-ade29eb4547c,L1,Profile
c34f3833-e479-4343-a9f8-ade29eb4547c,L1,Profile
c34f3833-e479-4343-a9f8-ade29eb4547c,L1,Profile
c34f3833-e479-4343-a9f8-ade29eb4547c,L1,Profile
c34f3833-e479-4343-a9f8-ade29eb4547c,L1,Profile
c34f3833-e479-4343-a9f8-ade29eb4547c,L1,Profile
c34f3833-e479-4343-a9f8-ade29eb4547c,L1,Profile
c34f3833-e479-4343-a9f8-ade29eb4547c,L1,Profile
c34f3833-e479-4343-a9f8-ade29eb4547c,L1,Profile
c34f3833-e479-4343-a9f8-ade29eb4547c,L1,Profile
c34f3833-e479-4343-a9f8-ade29eb4547c,L1,Profile
c34f3833-e479-4343-a9f8-ade29eb4547c,L1,Profile
c34f3833-e479-4343-a9f8-ade29eb4547c,L1,Profile
c34f3833-e479-4343-a9f8-ade29eb4547c,L1,Profile
c34f3833-e479-4343-a9f8-ade29eb4547c,L1,Profile
c34f3833-e479-4343-a9f8-ade29eb4547c,L1,Profile
c34f3833-e479-4343-a9f8-ade29eb4547c,L1,Profile
c34f3833-e479-4343-a9f8-ade29eb4547c,L1,Profile
c34f3833-e479-4343-a9f8-ade29eb4547c,L1,Profile
c34f3833-e479-4343-a9f8-ade29eb4547c,L1,Profile
c34f3833-e479-4343-a9f8-ade29eb4547c,L1,Profile
c34f3833-e479-4343-a9f8-ade29eb4547c,L1,Profile
c34f3833-e479-4343-a9f8-ade29eb4547c,L1,Profile
c34f3833-e479-4343-a9f8-ade29eb4547c,L1,Profile
c34f3833-e479-4343-a9f8-ade29eb4547c,L1,Profile
c34f3833-e479-4343-a9f8-ade29eb4547c,L1,Profile
c34f3833-e479-4343-a9f8-ade29eb4547c,L1,Profile
c34f3833-e479-4343-a9f8-ade29eb4547c,L1,Profile
c34f3833-e479-4343-a9f8-ade29eb4547c,L1,Profile
c34f3833-e479-4343-a9f8-ade29eb4547c,L1,Profile
c34f3833-e479-4343-a9f8-ade29eb4547c,L1,Profile
c34f3833-e479-4343-a9f8-ade29eb4547c,L1,Profile
c34f3833-e479-4343-a9f8-ade29eb4547c,L1,Profile
c34f3833-e479-4343-a9f8-ade29eb4547c,L1,Profile
c34f3833-e479-4343-a9f8-ade29eb4547c,L1,Profile
c34f3833-e479-4343-a9f8-ade29eb4547c,L1,Profile
c34f3833-e479-4343-a9f8-ade29eb4547c,L1,Profile
c34f3833-e479-4343-a9f8-ade29eb4547c,L1,Profile
c34f3833-e479-4343-a9f8-ade29eb4547c,L1,Profile
c34f3833-e479-4343-a9f8-ade29eb4547c,L1,Profile
c34f3833-e479-4343-a9f8-ade29eb4547c,L1,Profile
c34f3833-e479-4343-a9f8-ade29eb4547c,L1,Profile
c34f3833-e479-4343-a9f8-ade29eb4547c,L1,Profile
c34f3833-e479-4343-a9f8-ade29eb4547c,L1,Profile
c34f3833-e479-4343-a9f8-ade29eb4547c,L1,Profile
c34f3833-e479-4343-a9f8-ade29eb4547c,L1,Profile
c34f3833-e479-4343-a9f8-ade29eb4547c,L1,Profile
c34f3833-e479-4343-a9f8-ade29eb4547c,L1,Profile
c34f3833-e479-4343-a9f8-ade29eb4547c,L1,Profile
c34f3833-e479-4343-a9f8-ade29eb4547c,L1,Profile
c34f3833-e479-4343-a9f8-ade29eb4547c,L1,Profile
c34f3833-e479-4343-a9f8-ade29eb4547c,L1,Profile
c34f3833-e479-4343-a9f8-ade29eb4547c,L1,Profile
c34f3833-e479-4343-a9f8-ade29eb4547c,L1,Profile
c34f3833-e479-4343-a9f8-ade29eb4547c,L1,Profile
c34f3833-e479-4343-a9f8-ade29eb4547c,L1,Profile
c34f3833-e479-4343-a9f8-ade29eb4547c,L1,Profile
c34f3833-e479-4343-a9f8-ade29eb4547c,L1,Profile
c34f3833-e479-4343-a9f8-ade29eb4547c,L1,Profile
c34f3833-e479-4343-a9f8-ade29eb4547c,L1,Profile
c34f3833-e479-4343-a9f8-ade29eb4547c,L1,Profile
c34f3833-e479-4343-a9f8-ade29eb4547c,L1,Profile
c34f3833-e479-4343-a9f8-ade29eb4547c,L1,Profile
c34f3833-e479-4343-a9f8-ade29eb4547c,L1,Profile
c34f3833-e479-4343-a9f8-ade29eb4547c,L1,Profile
c34f3833-e479-4343-a9f8-ade29eb4547c,L1,Profile
c34f3833-e479-4343-a9f8-ade29eb4547c,L1,Profile
c34f3833-e479-4343-a9f8-ade29eb4547c,L1,Profile
c34f3833-e479-4343-a9f8-ade29eb4547c,L1,Profile
c34f3833-e479-4343-a9f8-ade29eb4547c,L1,Profile
c34f3833-e479-4343-a9f8-ade29eb4547c,L1,Profile
c34f3833-e479-4343-a9f8-ade29eb4547c,L1,Profile
c34f3833-e479-4343-a9f8-ade29eb4547c,L1,Profile
c34f3833-e479-4343-a9f8-ade29eb4547c,L1,Profile
c34f3833-e479-4343-a9f8-ade29eb4547c,L1,Profile
c34f3833-e479-4343-a9f8-ade29eb4547c,L1,Profile
c34f3833-e479-4343-a9f8-ade29eb4547c,L1,Profile
c34f3833-e479-4343-a9f8-ade29eb4547c,L1,Profile
c34f3833-e479-4343-a9f8-ade29eb4547c,L1,Profile
c34f3833-e479-4343-a9f8-ade29eb4547c,L1,Profile
c34f3833-e479-4343-a9f8-ade29eb4547c,L1,Profile
c34f3833-e479-4343-a9f8-ade29eb4547c,L1,Profile
c34f3833-e479-4343-a9f8-ade29eb4547c,L1,Profile
c34f3833-e479-4343-a9f8-ade29eb4547c,L1,Profile
c34f3833-e479-4343-a9f8-ade29eb4547c,L1,Profile
c34f3833-e479-4343-a9f8-ade29eb4547c,L1,Profile
c34f3833-e479-4343-a9f8-ade29eb4547c,L1,Profile
c34f3833-e479-4343-a9f8-ade29eb4547c,L1,Profile
c34f3833-e479-4343-a9f8-ade29eb4547c,L1,Profile
c34f3833-e479-4343-a9f8-ade29eb4547c,L1,Profile
c34f3833-e479-4343-a9f8-ade29eb4547c,L1,Profile
c34f3833-e479-4343-a9f8-ade29eb4547c,L1,Profile
c34f3833-e479-4343-a9f8-ade29eb4547c,L1,Profile
c34f3833-e479-4343-a9f8-ade29eb4547c,L1,Profile
c34f3833-e479-4343-a9f8-ade29eb4547c,L1,Profile
c34f3833-e479-4343-a9f8-ade29eb4547c,L1,Profile
c34f3833-e479-4343-a9f8-ade29eb4547c,L1,Profile
c34f3833-e479-4343-a9f8-ade29eb4547c,L1,Profile
c34f3833-e479-4343-a9f8-ade29eb4547c,L1,Profile
c34f3833-e479-4343-a9f8-ade29eb4547c,L1,Profile
c34f3833-e479-4343-a9f8-ade29eb4547c,L1,Profile
c34f3833-e479-4343-a9f8-ade29eb4547c,L1,Profile
c34f3833-e479-4343-a9f8-ade29eb4547c,L1,Profile
c34f3833-e479-4343-a9f8-ade29eb4547c,L1,Profile
c34f3833-e479-4343-a9f8-ade29eb4547c,L1,Profile
c34f3833-e479-4343-a9f8-ade29eb4547c,L1,Profile
c34f3833-e479-4343-a9f8-ade29eb4547c,L1,Profile
c34f3833-e479-4343-a9f8-ade29eb4547c,L1,Profile
c34f3833-e479-4343-a9f8-ade29eb4547c,L1,Profile
c34f3833-e479-4343-a9f8-ade29eb4547c,L1,Profile
c34f3833-e479-4343-a9f8-ade29eb4547c,L1,Profile
c34f3833-e479-4343-a9f8-ade29eb4547c,L1,Profile
c34f3833-e479-4343-a9f8-ade29eb4547c,L1,Profile
c34f3833-e479-4343-a9f8-ade29eb4547c,L1,Profile
c34f3833-e479-4343-a9f8-ade29eb4547c,L1,Profile
c34f3833-e479-4343-a9f8-ade29eb4547c,L1,Profile
c34f3833-e479-4343-a9f8-ade29eb4547c,L1,Profile
c34f3833-e479-4343-a9f8-ade29eb4547c,L1,Profile
c34f3833-e479-4343-a9f8-ade29eb4547c,L1,Profile
c34f3833-e479-4343-a9f8-ade29eb4547c,L1,Profile
c34f3833-e479-4343-a9f8-ade29eb4547c,L1,Profile
c34f3833-e479-4343-a9f8-ade29eb4547c,L1,Profile
c34f3833-e479-4343-a9f8-ade29eb4547c,L1,Profile
c34f3833-e479-4343-a9f8-ade29eb4547c,L1,Profile
c34f3833-e479-4343-a9f8-ade29eb4547c,L1,Profile
c34f3833-e479-4343-a9f8-ade29eb4547c,L1,Profile
c34f3833-e479-4343-a9f8-ade29eb4547c,L1,Profile
c34f3833-e479-4343-a9f8-ade29eb4547c,L1,Profile
c34f3833-e479-4343-a9f8-ade29eb4547c,L1,Profile
c34f3833-e479-4343-a9f8-ade29eb4547c,L1,Profile
c34f3833-e479-4343-a9f8-ade29eb4547c,L1,Profile
c34f3833-e479-4343-a9f8-ade29eb4547c,L1,Profile
c34f3833-e479-4343-a9f8-ade29eb4547c,L1,Profile
c34f3833-e479-4343-a9f8-ade29eb4547c,L1,Profile
c34f3833-e479-4343-a9f8-ade29eb4547c,L1,Profile
c34f3833-e479-4343-a9f8-ade29eb4547c,L1,Profile
c34f3833-e479-4343-a9f8-ade29eb4547c,L1,Profile
c34f3833-e479-4343-a9f8-ade29eb4547c,L1,Profile
c34f3833-e479-4343-a9f8-ade29eb4547c,L1,Profile
c34f3833-e479-4343-a9f8-ade29eb4547c,L1,Profile
c34f3833-e479-4343-a9f8-ade29eb4547c,L1,Profile
c34f3833-e479-4343-a9f8-ade29eb4547c,L1,Profile
c34f3833-e479-4343-a9f8-ade29eb4547c,L1,Profile
c34f3833-e479-4343-a9f8-ade29eb4547c,L1,Profile
c34f3833-e479-4343-a9f8-ade29eb4547c,L1,Profile
c34f3833-e479-4343-a9f8-ade29eb4547c,L1,Profile
c34f3833-e479-4343-a9f8-ade29eb4547c,L1,Profile
c34f3833-e479-4343-a9f8-ade29eb4547c,L1,Profile
c34f3833-e479-4343-a9f8-ade29eb4547c,L1,Profile
c34f3833-e479-4343-a9f8-ade29eb4547c,L1,Profile
c34f3833-e479-4343-a9f8-ade29eb4547c,L1,Profile
c34f3833-e479-4343-a9f8-ade29eb4547c,L1,Profile
c34f3833-e479-4343-a9f8-ade29eb4547c,L1,Profile
c34f3833-e479-4343-a9f8-ade29eb4547c,L1,Profile
c34f3833-e479-4343-a9f8-ade29eb4547c,L1,Profile
c34f3833-e479-4343-a9f8-ade29eb4547c,L1,Profile
c34f3833-e479-4343-a9f8-ade29eb4547c,L1,Profile
c34f3833-e479-4343-a9f8-ade29eb4547c,L1,Profile
c34f3833-e479-4343-a9f8-ade29eb4547c,L1,Profile
c34f3833-e479-4343-a9f8-ade29eb4547c,L1,Profile
c34f3833-e479-4343-a9f8-ade29eb4547c,L1,Profile
c34f3833-e479-4343-a9f8-ade29eb4547c,L1,Profile
c34f3833-e479-4343-a9f8-ade29eb4547c,L1,Profile
c34f3833-e479-4343-a9f8-ade29eb4547c,L1,Profile
c34f3833-e479-4343-a9f8-ade29eb4547c,L1,Profile
c34f3833-e479-4343-a9f8-ade29eb4547c,L1,Profile
c34f3833-e479-4343-a9f8-ade29eb4547c,L1,Profile
c34f3833-e479-4343-a9f8-ade29eb4547c,L1,Profile
c34f3833-e479-4343-a9f8-ade29eb4547c,L1,Profile
c34f3833-e479-4343-a9f8-ade29eb4547c,L1,Profile
c34f3833-e479-4343-a9f8-ade29eb4547c,L1,Profile
c34f3833-e479-4343-a9f8-ade29eb4547c,L1,Profile
c34f3833-e479-4343-a9f8-ade29eb4547c,L1,Profile
c34f3833-e479-4343-a9f8-ade29eb4547c,L1,Profile
c34f3833-e479-4343-a9f8-ade29eb4547c,L1,Profile
c34f3833-e479-4343-a9f8-ade29eb4547c,L1,Profile
c34f3833-e479-4343-a9f8-ade29eb4547c,L1,Profile
c34f3833-e479-4343-a9f8-ade29eb4547c,L1,Profile
c34f3833-e479-4343-a9f8-ade29eb4547c,L1,Profile
c34f3833-e479-4343-a9f8-ade29eb4547c,L1,Profile
c34f3833-e479-4343-a9f8-ade29eb4547c,L1,Profile
c34f3833-e479-4343-a9f8-ade29eb4547c,L1,Profile
c34f3833-e479-4343-a9f8-ade29eb4547c,L1,Profile
c34f3833-e479-4343-a9f8-ade29eb4547c,L1,Profile
c34f3833-e479-4343-a9f8-ade29eb4547c,L1,Profile
c34f3833-e479-4343-a9f8-ade29eb4547c,L1,Profile
c34f3833-e479-4343-a9f8-ade29eb4547c,L1,Profile
c34f3833-e479-4343-a9f8-ade29eb4547c,L1,Profile
c34f3833-e479-4343-a9f8-ade29eb4547c,L1,Profile
c34f3833-e479-4343-a9f8-ade29eb4547c,L1,Profile
c34f3833-e479-4343-a9f8-ade29eb4547c,L1,Profile
c34f3833-e479-4343-a9f8-ade29eb4547c,L1,Profile
c34f3833-e479-4343-a9f8-ade29eb4547c,L1,Profile
c34f3833-e479-4343-a9f8-ade29eb4547c,L1,Profile
c34f3833-e479-4343-a9f8-ade29eb4547c,L1,Profile
c34f3833-e479-4343-a9f8-ade29eb4547c,L1,Profile
c34f3833-e479-4343-a9f8-ade29eb4547c,L1,Profile
c34f3833-e479-4343-a9f8-ade29eb4547c,L1,Profile
c34f3833-e479-4343-a9f8-ade29eb4547c,L1,Profile
c34f3833-e479-4343-a9f8-ade29eb4547c,L1,Profile
c34f3833-e479-4343-a9f8-ade29eb4547c,L1,Profile
c34f3833-e479-4343-a9f8-ade29eb4547c,L1,Profile
c34f3833-e479-4343-a9f8-ade29eb4547c,L1,Profile
c34f3833-e479-4343-a9f8-ade29eb4547c,L1,Profile
c34f3833-e479-4343-a9f8-ade29eb4547c,L1,Profile
c34f3833-e479-4343-a9f8-ade29eb4547c,L1,Profile
c34f3833-e479-4343-a9f8-ade29eb4547c,L1,Profile
c34f3833-e479-4343-a9f8-ade29eb4547c,L1,Profile
c34f3833-e479-4343-a9f8-ade29eb4547c,L1,Profile
c34f3833-e479-4343-a9f8-ade29eb4547c,L1,Profile
c34f3833-e479-4343-a9f8-ade29eb4547c,L1,Profile
c34f3833-e479-4343-a9f8-ade29eb4547c,L1,Profile
c34f3833-e479-4343-a9f8-ade29eb4547c,L1,Profile
c34f3833-e479-4343-a9f8-ade29eb4547c,L1,Profile
c34f3833-e479-4343-a9f8-ade29eb4547c,L1,Profile
c34f3833-e479-4343-a9f8-ade29eb4547c,L1,Profile
c34f3833-e479-4343-a9f8-ade29eb4547c,L1,Profile
c34f3833-e479-4343-a9f8-ade29eb4547c,L1,Profile
c34f3833-e479-4343-a9f8-ade29eb4547c,L1,Profile
c34f3833-e479-4343-a9f8-ade29eb4547c,L1,Profile
c34f3833-e479-4343-a9f8-ade29eb4547c,L1,Profile
c34f3833-e479-4343-a9f8-ade29eb4547c,L1,Profile
c34f3833-e479-4343-a9f8-ade29eb4547c,L1,Profile
c34f3833-e479-4343-a9f8-ade29eb4547c,L1,Profile
c34f3833-e479-4343-a9f8-ade29eb4547c,L1,Profile
c34f3833-e479-4343-a9f8-ade29eb4547c,L1,Profile
c34f3833-e479-4343-a9f8-ade29eb4547c,L1,Profile
c34f3833-e479-4343-a9f8-ade29eb4547c,L1,Profile
c34f3833-e479-4343-a9f8-ade29eb4547c,L1,Profile
c34f3833-e479-4343-a9f8-ade29eb4547c,L1,Profile
c34f3833-e479-4343-a9f8-ade29eb4547c,L1,Profile
c34f3833-e479-4343-a9f8-ade29eb4547c,L1,Profile
c34f3833-e479-4343-a9f8-ade29eb4547c,L1,Profile
c34f3833-e479-4343-a9f8-ade29eb4547c,L1,Profile
c34f3833-e479-4343-a9f8-ade29eb4547c,L1,Profile
c34f3833-e479-4343-a9f8-ade29eb4547c,L1,Profile
c34f3833-e479-4343-a9f8-ade29eb4547c,L1,Profile
c34f3833-e479-4343-a9f8-ade29eb4547c,L1,Profile
c34f3833-e479-4343-a9f8-ade29eb4547c,L1,Profile
c34f3833-e479-4343-a9f8-ade29eb4547c,L1,Profile
c34f3833-e479-4343-a9f8-ade29eb4547c,L1,Profile
c34f3833-e479-4343-a9f8-ade29eb4547c,L1,Profile
c34f3833-e479-4343-a9f8-ade29eb4547c,L1,Profile
c34f3833-e479-4343-a9f8-ade29eb4547c,L1,Profile
c34f3833-e479-4343-a9f8-ade29eb4547c,L1,Profile
c34f3833-e479-4343-a9f8-ade29eb4547c,L1,Profile
c34f3833-e479-4343-a9f8-ade29eb4547c,L1,Profile
c34f3833-e479-4343-a9f8-ade29eb4547c,L1,Profile
c34f3833-e479-4343-a9f8-ade29eb4547c,L1,Profile
c34f3833-e479-4343-a9f8-ade29eb4547c,L1,Profile
c34f3833-e479-4343-a9f8-ade29eb4547c,L1,Profile
c34f3833-e479-4343-a9f8-ade29eb4547c,L1,Profile
c34f3833-e479-4343-a9f8-ade29eb4547c,L1,Profile
c34f3833-e479-4343-a9f8-ade29eb4547c,L1,Profile
c34f3833-e479-4343-a9f8-ade29eb4547c,L1,Profile
c34f3833-e479-4343-a9f8-ade29eb4547c,L1,Profile
c34f3833-e479-4343-a9f8-ade29eb4547c,L1,Profile
c34f3833-e479-4343-a9f8-ade29eb4547c,L1,Profile
c34f3833-e479-4343-a9f8-ade29eb4547c,L1,Profile
c34f3833-e479-4343-a9f8-ade29eb4547c,L1,Profile
c34f3833-e479-4343-a9f8-ade29eb4547c,L1,Profile
c34f3833-e479-4343-a9f8-ade29eb4547c,L1,Profile
c34f3833-e479-4343-a9f8-ade29eb4547c,L1,Profile
c34f3833-e479-4343-a9f8-ade29eb4547c,L1,Profile
c34f3833-e479-4343-a9f8-ade29eb4547c,L1,Profile
c34f3833-e479-4343-a9f8-ade29eb4547c,L1,Profile
c34f3833-e479-4343-a9f8-ade29eb4547c,L1,Profile
c34f3833-e479-4343-a9f8-ade29eb4547c,L1,Profile
c34f3833-e479-4343-a9f8-ade29eb4547c,L1,Profile
c34f3833-e479-4343-a9f8-ade29eb4547c,L1,Profile
c34f3833-e479-4343-a9f8-ade29eb4547c,L1,Profile
c34f3833-e479-4343-a9f8-ade29eb4547c,L1,Profile
c34f3833-e479-4343-a9f8-ade29eb4547c,L1,Profile
c34f3833-e479-4343-a9f8-ade29eb4547c,L1,Profile
c34f3833-e479-4343-a9f8-ade29eb4547c,L1,Profile
c34f3833-e479-4343-a9f8-ade29eb4547c,L1,Profile
c34f3833-e479-4343-a9f8-ade29eb4547c,L1,Profile
c34f3833-e479-4343-a9f8-ade29eb4547c,L1,Profile
c34f3833-e479-4343-a9f8-ade29eb4547c,L1,Profile
c34f3833-e479-4343-a9f8-ade29eb4547c,L1,Profile
c34f3833-e479-4343-a9f8-ade29eb4547c,L1,Profile
c34f3833-e479-4343-a9f8-ade29eb4547c,L1,Profile
c34f3833-e479-4343-a9f8-ade29eb4547c,L1,Profile
c34f3833-e479-4343-a9f8-ade29eb4547c,L1,Profile
c34f3833-e479-4343-a9f8-ade29eb4547c,L1,Profile
c34f3833-e479-4343-a9f8-ade29eb4547c,L1,Profile
c34f3833-e479-4343-a9f8-ade29eb4547c,L1,Profile
c34f3833-e479-4343-a9f8-ade29eb4547c,L1,Profile
c34f3833-e479-4343-a9f8-ade29eb4547c,L1,Profile
c34f3833-e479-4343-a9f8-ade29eb4547c,L1,Profile
c34f3833-e479-4343-a9f8-ade29eb4547c,L1,Profile
c34f3833-e479-4343-a9f8-ade29eb4547c,L1,Profile
c34f3833-e479-4343-a9f8-ade29eb4547c,L1,Profile
c34f3833-e479-4343-a9f8-ade29eb4547c,L1,Profile
c34f3833-e479-4343-a9f8-ade29eb4547c,L1,Profile
c34f3833-e479-4343-a9f8-ade29eb4547c,L1,Profile
c34f3833-e479-4343-a9f8-ade29eb4547c,L1,Profile
c34f3833-e479-4343-a9f8-ade29eb4547c,L1,Profile
c34f3833-e479-4343-a9f8-ade29eb4547c,L1,Profile
c34f3833-e479-4343-a9f8-ade29eb4547c,L1,Profile
c34f3833-e479-4343-a9f8-ade29eb4547c,L1,Profile
c34f3833-e479-4343-a9f8-ade29eb4547c,L1,Profile
c34f3833-e479-4343-a9f8-ade29eb4547c,L1,Profile
c34f3833-e479-4343-a9f8-ade29eb4547c,L1,Profile
c34f3833-e479-4343-a9f8-ade29eb4547c,L1,Profile
c34f3833-e479-4343-a9f8-ade29eb4547c,L1,Profile
c34f3833-e479-4343-a9f8-ade29eb4547c,L1,Profile
c34f3833-e479-4343-a9f8-ade29eb4547c,L1,Profile
c34f3833-e479-4343-a9f8-ade29eb4547c,L1,Profile
c34f3833-e479-4343-a9f8-ade29eb4547c,L1,Profile
c34f3833-e479-4343-a9f8-ade29eb4547c,L1,Profile
c34f3833-e479-4343-a9f8-ade29eb4547c,L1,Profile
c34f3833-e479-4343-a9f8-ade29eb4547c,L1,Profile
c34f3833-e479-4343-a9f8-ade29eb4547c,L1,Profile
c34f3833-e479-4343-a9f8-ade29eb4547c,L1,Profile
c34f3833-e479-4343-a9f8-ade29eb4547c,L1,Profile
c34f3833-e479-4343-a9f8-ade29eb4547c,L1,Profile
c34f3833-e479-4343-a9f8-ade29eb4547c,L1,Profile
c34f3833-e479-4343-a9f8-ade29eb4547c,L1,Profile
c34f3833-e479-4343-a9f8-ade29eb4547c,L1,Profile
c34f3833-e479-4343-a9f8-ade29eb4547c,L1,Profile
c34f3833-e479-4343-a9f8-ade29eb4547c,L1,Profile
c34f3833-e479-4343-a9f8-ade29eb4547c,L1,Profile
c34f3833-e479-4343-a9f8-ade29eb4547c,L1,Profile
c34f3833-e479-4343-a9f8-ade29eb4547c,L1,Profile
c34f3833-e479-4343-a9f8-ade29eb4547c,L1,Profile
c34f3833-e479-4343-a9f8-ade29eb4547c,L1,Profile
c34f3833-e479-4343-a9f8-ade29eb4547c,L1,Profile
c34f3833-e479-4343-a9f8-ade29eb4547c,L1,Profile
c34f3833-e479-4343-a9f8-ade29eb4547c,L1,Profile
c34f3833-e479-4343-a9f8-ade29eb4547c,L1,Profile
c34f3833-e479-4343-a9f8-ade29eb4547c,L1,Profile
c34f3833-e479-4343-a9f8-ade29eb4547c,L1,Profile
c34f3833-e479-4343-a9f8-ade29eb4547c,L1,Profile
c34f3833-e479-4343-a9f8-ade29eb4547c,L1,Profile
c34f3833-e479-4343-a9f8-ade29eb4547c,L1,Profile
c34f3833-e479-4343-a9f8-ade29eb4547c,L1,Profile
c34f3833-e479-4343-a9f8-ade29eb4547c,L1,Profile
c34f3833-e479-4343-a9f8-ade29eb4547c,L1,Profile
c34f3833-e479-4343-a9f8-ade29eb4547c,L1,Profile
c34f3833-e479-4343-a9f8-ade29eb4547c,L1,Profile
c34f3833-e479-4343-a9f8-ade29eb4547c,L1,Profile
c34f3833-e479-4343-a9f8-ade29eb4547c,L1,Profile
c34f3833-e479-4343-a9f8-ade29eb4547c,L1,Profile
c34f3833-e479-4343-a9f8-ade29eb4547c,L1,Profile
c34f3833-e479-4343-a9f8-ade29eb4547c,L1,Profile
c34f3833-e479-4343-a9f8-ade29eb4547c,L1,Profile
c34f3833-e479-4343-a9f8-ade29eb4547c,L1,Profile
c34f3833-e479-4343-a9f8-ade29eb4547c,L1,Profile
c34f3833-e479-4343-a9f8-ade29eb4547c,L1,Profile
c34f3833-e479-4343-a9f8-ade29eb4547c,L1,Profile
c34f3833-e479-4343-a9f8-ade29eb4547c,L1,Profile
c34f3833-e479-4343-a9f8-ade29eb4547c,L1,Profile
c34f3833-e479-4343-a9f8-ade29eb4547c,L1,Profile
c34f3833-e479-4343-a9f8-ade29eb4547c,L1,Profile
c34f3833-e479-4343-a9f8-ade29eb4547c,L1,Profile
c34f3833-e479-4343-a9f8-ade29eb4547c,L1,Profile
c34f3833-e479-4343-a9f8-ade29eb4547c,L1,Profile
c34f3833-e479-4343-a9f8-ade29eb4547c,L1,Profile
c34f3833-e479-4343-a9f8-ade29eb4547c,L1,Profile
c34f3833-e479-4343-a9f8-ade29eb4547c,L1,Profile
c34f3833-e479-4343-a9f8-ade29eb4547c,L1,Profile
c34f3833-e479-4343-a9f8-ade29eb4547c,L1,Profile
c34f3833-e479-4343-a9f8-ade29eb4547c,L1,Profile
c34f3833-e479-4343-a9f8-ade29eb4547c,L1,Profile
c34f3833-e479-4343-a9f8-ade29eb4547c,L1,Profile
c34f3833-e479-4343-a9f8-ade29eb4547c,L1,Profile
c34f3833-e479-4343-a9f8-ade29eb4547c,L1,Profile
c34f3833-e479-4343-a9f8-ade29eb4547c,L1,Profile
c34f3833-e479-4343-a9f8-ade29eb4547c,L1,Profile
c34f3833-e479-4343-a9f8-ade29eb4547c,L1,Profile
c34f3833-e479-4343-a9f8-ade29eb4547c,L1,Profile
c34f3833-e479-4343-a9f8-ade29eb4547c,L1,Profile
c34f3833-e479-4343-a9f8-ade29eb4547c,L1,Profile
c34f3833-e479-4343-a9f8-ade29eb4547c,L1,Profile
c34f3833-e479-4343-a9f8-ade29eb4547c,L1,Profile
c34f3833-e479-4343-a9f8-ade29eb4547c,L1,Profile
c34f3833-e479-4343-a9f8-ade29eb4547c,L1,Profile
c34f3833-e479-4343-a9f8-ade29eb4547c,L1,Profile
c34f3833-e479-4343-a9f8-ade29eb4547c,L1,Profile
c34f3833-e479-4343-a9f8-ade29eb4547c,L1,Profile
c34f3833-e479-4343-a9f8-ade29eb4547c,L1,Profile
c34f3833-e479-4343-a9f8-ade29eb4547c,L1,Profile
c34f3833-e479-4343-a9f8-ade29eb4547c,L1,Profile
c34f3833-e479-4343-a9f8-ade29eb4547c,L1,Profile
c34f3833-e479-4343-a9f8-ade29eb4547c,L1,Profile
c34f3833-e479-4343-a9f8-ade29eb4547c,L1,Profile
c34f3833-e479-4343-a9f8-ade29eb4547c,L1,Profile
c34f3833-e479-4343-a9f8-ade29eb4547c,L1,Profile
c34f3833-e479-4343-a9f8-ade29eb4547c,L1,Profile
c34f3833-e479-4343-a9f8-ade29eb4547c,L1,Profile
c34f3833-e479-4343-a9f8-ade29eb4547c,L1,Profile
c34f3833-e479-4343-a9f8-ade29eb4547c,L1,Profile
c34f3833-e479-4343-a9f8-ade29eb4547c,L1,Profile
c34f3833-e479-4343-a9f8-ade29eb4547c,L1,Profile
c34f3833-e479-4343-a9f8-ade29eb4547c,L1,Profile
c34f3833-e479-4343-a9f8-ade29eb4547c,L1,Profile
c34f3833-e479-4343-a9f8-ade29eb4547c,L1,Profile
c34f3833-e479-4343-a9f8-ade29eb4547c,L1,Profile
c34f3833-e479-4343-a9f8-ade29eb4547c,L1,Profile
c34f3833-e479-4343-a9f8-ade29eb4547c,L1,Profile
c34f3833-e479-4343-a9f8-ade29eb4547c,L1,Profile
c34f3833-e479-4343-a9f8-ade29eb4547c,L1,Profile
c34f3833-e479-4343-a9f8-ade29eb4547c,L1,Profile
c34f3833-e479-4343-a9f8-ade29eb4547c,L1,Profile
c34f3833-e479-4343-a9f8-ade29eb4547c,L1,Profile
c34f3833-e479-4343-a9f8-ade29eb4547c,L1,Profile
c34f3833-e479-4343-a9f8-ade29eb4547c,L1,Profile
c34f3833-e479-4343-a9f8-ade29eb4547c,L1,Profile
c34f3833-e479-4343-a9f8-ade29eb4547c,L1,Profile
c34f3833-e479-4343-a9f8-ade29eb4547c,L1,Profile
c34f3833-e479-4343-a9f8-ade29eb4547c,L1,Profile
c34f3833-e479-4343-a9f8-ade29eb4547c,L1,Profile
c34f3833-e479-4343-a9f8-ade29eb4547c,L1,Profile
c34f3833-e479-4343-a9f8-ade29eb4547c,L1,Profile
c34f3833-e479-4343-a9f8-ade29eb4547c,L1,Profile
c34f3833-e479-4343-a9f8-ade29eb4547c,L1,Profile
c34f3833-e479-4343-a9f8-ade29eb4547c,L1,Profile
c34f3833-e479-4343-a9f8-ade29eb4547c,L1,Profile
c34f3833-e479-4343-a9f8-ade29eb4547c,L1,Profile
c34f3833-e479-4343-a9f8-ade29eb4547c,L1,Profile
c34f3833-e479-4343-a9f8-ade29eb4547c,L1,Profile
c34f3833-e479-4343-a9f8-ade29eb4547c,L1,Profile
c34f3833-e479-4343-a9f8-ade29eb4547c,L1,Profile
c34f3833-e479-4343-a9f8-ade29eb4547c,L1,Profile
c34f3833-e479-4343-a9f8-ade29eb4547c,L1,Profile
c34f3833-e479-4343-a9f8-ade29eb4547c,L1,Profile
c34f3833-e479-4343-a9f8-ade29eb4547c,L1,Profile
c34f3833-e479-4343-a9f8-ade29eb4547c,L1,Profile
c34f3833-e479-4343-a9f8-ade29eb4547c,L1,Profile
c34f3833-e479-4343-a9f8-ade29eb4547c,L1,Profile
c34f3833-e479-4343-a9f8-ade29eb4547c,L1,Profile
c34f3833-e479-4343-a9f8-ade29eb4547c,L1,Profile
c34f3833-e479-4343-a9f8-ade29eb4547c,L1,Profile
c34f3833-e479-4343-a9f8-ade29eb4547c,L1,Profile
c34f3833-e479-4343-a9f8-ade29eb4547c,L1,Profile
c34f3833-e479-4343-a9f8-ade29eb4547c,L1,Profile
c34f3833-e479-4343-a9f8-ade29eb4547c,L1,Profile
c34f3833-e479-4343-a9f8-ade29eb4547c,L1,Profile
c34f3833-e479-4343-a9f8-ade29eb4547c,L1,Profile
c34f3833-e479-4343-a9f8-ade29eb4547c,L1,Profile
c34f3833-e479-4343-a9f8-ade29eb4547c,L1,Profile
c34f3833-e479-4343-a9f8-ade29eb4547c,L1,Profile
c34f3833-e479-4343-a9f8-ade29eb4547c,L1,Profile
c34f3833-e479-4343-a9f8-ade29eb4547c,L1,Profile
c34f3833-e479-4343-a9f8-ade29eb4547c,L1,Profile
c34f3833-e479-4343-a9f8-ade29eb4547c,L1,Profile
c34f3833-e479-4343-a9f8-ade29eb4547c,L1,Profile
c34f3833-e479-4343-a9f8-ade29eb4547c,L1,Profile
c34f3833-e479-4343-a9f8-ade29eb4547c,L1,Profile
c34f3833-e479-4343-a9f8-ade29eb4547c,L1,Profile
c34f3833-e479-4343-a9f8-ade29eb4547c,L1,Profile
c34f3833-e479-4343-a9f8-ade29eb4547c,L1,Profile
c34f3833-e479-4343-a9f8-ade29eb4547c,L1,Profile
c34f3833-e479-4343-a9f8-ade29eb4547c,L1,Profile
c34f3833-e479-4343-a9f8-ade29eb4547c,L1,Profile
c34f3833-e479-4343-a9f8-ade29eb4547c,L1,Profile
c34f3833-e479-4343-a9f8-ade29eb4547c,L1,Profile
c34f3833-e479-4343-a9f8-ade29eb4547c,L1,Profile
c34f3833-e479-4343-a9f8-ade29eb4547c,L1,Profile
c34f3833-e479-4343-a9f8-ade29eb4547c,L1,Profile
c34f3833-e479-4343-a9f8-ade29eb4547c,L1,Profile
c34f3833-e479-4343-a9f8-ade29eb4547c,L1,Profile
c34f3833-e479-4343-a9f8-ade29eb4547c,L1,Profile
c34f3833-e479-4343-a9f8-ade29eb4547c,L1,Profile
c34f3833-e479-4343-a9f8-ade29eb4547c,L1,Profile
c34f3833-e479-4343-a9f8-ade29eb4547c,L1,Profile
c34f3833-e479-4343-a9f8-ade29eb4547c,L1,Profile
c34f3833-e479-4343-a9f8-ade29eb4547c,L1,Profile
c34f3833-e479-4343-a9f8-ade29eb4547c,L1,Profile
c34f3833-e479-4343-a9f8-ade29eb4547c,L1,Profile
c34f3833-e479-4343-a9f8-ade29eb4547c,L1,Profile
c34f3833-e479-4343-a9f8-ade29eb4547c,L1,Profile
c34f3833-e479-4343-a9f8-ade29eb4547c,L1,Profile
c34f3833-e479-4343-a9f8-ade29eb4547c,L1,Profile
c34f3833-e479-4343-a9f8-ade29eb4547c,L1,Profile
c34f3833-e479-4343-a9f8-ade29eb4547c,L1,Profile
c34f3833-e479-4343-a9f8-ade29eb4547c,L1,Profile
c34f3833-e479-4343-a9f8-ade29eb4547c,L1,Profile
c34f3833-e479-4343-a9f8-ade29eb4547c,L1,Profile
c34f3833-e479-4343-a9f8-ade29eb4547c,L1,Profile
c34f3833-e479-4343-a9f8-ade29eb4547c,L1,Profile
c34f3833-e479-4343-a9f8-ade29eb4547c,L1,Profile
c34f3833-e479-4343-a9f8-ade29eb4547c,L1,Profile
c34f3833-e479-4343-a9f8-ade29eb4547c,L1,Profile
c34f3833-e479-4343-a9f8-ade29eb4547c,L1,Profile
c34f3833-e479-4343-a9f8-ade29eb4547c,L1,Profile
c34f3833-e479-4343-a9f8-ade29eb4547c,L1,Profile
c34f3833-e479-4343-a9f8-ade29eb4547c,L1,Profile
c34f3833-e479-4343-a9f8-ade29eb4547c,L1,Profile
c34f3833-e479-4343-a9f8-ade29eb4547c,L1,Profile
c34f3833-e479-4343-a9f8-ade29eb4547c,L1,Profile
c34f3833-e479-4343-a9f8-ade29eb4547c,L1,Profile
c34f3833-e479-4343-a9f8-ade29eb4547c,L1,Profile
c34f3833-e479-4343-a9f8-ade29eb4547c,L1,Profile
c34f3833-e479-4343-a9f8-ade29eb4547c,L1,Profile
c34f3833-e479-4343-a9f8-ade29eb4547c,L1,Profile
c34f3833-e479-4343-a9f8-ade29eb4547c,L1,Profile
c34f3833-e479-4343-a9f8-ade29eb4547c,L1,Profile
c34f3833-e479-4343-a9f8-ade29eb4547c,L1,Profile
c34f3833-e479-4343-a9f8-ade29eb4547c,L1,Profile
c34f3833-e479-4343-a9f8-ade29eb4547c,L1,Profile
c34f3833-e479-4343-a9f8-ade29eb4547c,L1,Profile
c34f3833-e479-4343-a9f8-ade29eb4547c,L1,Profile
c34f3833-e479-4343-a9f8-ade29eb4547c,L1,Profile
c34f3833-e479-4343-a9f8-ade29eb4547c,L1,Profile
c34f3833-e479-4343-a9f8-ade29eb4547c,L1,Profile
c34f3833-e479-4343-a9f8-ade29eb4547c,L1,Profile
c34f3833-e479-4343-a9f8-ade29eb4547c,L1,Profile
c34f3833-e479-4343-a9f8-ade29eb4547c,L1,Profile
c34f3833-e479-4343-a9f8-ade29eb4547c,L1,Profile
c34f3833-e479-4343-a9f8-ade29eb4547c,L1,Profile
c34f3833-e479-4343-a9f8-ade29eb4547c,L1,Profile
c34f3833-e479-4343-a9f8-ade29eb4547c,L1,Profile
c34f3833-e479-4343-a9f8-ade29eb4547c,L1,Profile
c34f3833-e479-4343-a9f8-ade29eb4547c,L1,Profile
c34f3833-e479-4343-a9f8-ade29eb4547c,L1,Profile
c34f3833-e479-4343-a9f8-ade29eb4547c,L1,Profile
c34f3833-e479-4343-a9f8-ade29eb4547c,L1,Profile
c34f3833-e479-4343-a9f8-ade29eb4547c,L1,Profile
c34f3833-e479-4343-a9f8-ade29eb4547c,L1,Profile
c34f3833-e479-4343-a9f8-ade29eb4547c,L1,Profile
c34f3833-e479-4343-a9f8-ade29eb4547c,L1,Profile
c34f3833-e479-4343-a9f8-ade29eb4547c,L1,Profile
c34f3833-e479-4343-a9f8-ade29eb4547c,L1,Profile
c34f3833-e479-4343-a9f8-ade29eb4547c,L1,Profile
c34f3833-e479-4343-a9f8-ade29eb4547c,L1,Profile
c34f3833-e479-4343-a9f8-ade29eb4547c,L1,Profile
c34f3833-e479-4343-a9f8-ade29eb4547c,L1,Profile
c34f3833-e479-4343-a9f8-ade29eb4547c,L1,Profile
c34f3833-e479-4343-a9f8-ade29eb4547c,L1,Profile
c34f3833-e479-4343-a9f8-ade29eb4547c,L1,Profile
c34f3833-e479-4343-a9f8-ade29eb4547c,L1,Profile
c34f3833-e479-4343-a9f8-ade29eb4547c,L1,Profile
c34f3833-e479-4343-a9f8-ade29eb4547c,L1,Profile
c34f3833-e479-4343-a9f8-ade29eb4547c,L1,Profile
c34f3833-e479-4343-a9f8-ade29eb4547c,L1,Profile
c34f3833-e479-4343-a9f8-ade29eb4547c,L1,Profile
c34f3833-e479-4343-a9f8-ade29eb4547c,L1,Profile
c34f3833-e479-4343-a9f8-ade29eb4547c,L1,Profile
c34f3833-e479-4343-a9f8-ade29eb4547c,L1,Profile
c34f3833-e479-4343-a9f8-ade29eb4547c,L1,Profile
c34f3833-e479-4343-a9f8-ade29eb4547c,L1,Profile
c34f3833-e479-4343-a9f8-ade29eb4547c,L1,Profile
c34f3833-e479-4343-a9f8-ade29eb4547c,L1,Profile
c34f3833-e479-4343-a9f8-ade29eb4547c,L1,Profile
c34f3833-e479-4343-a9f8-ade29eb4547c,L1,Profile
c34f3833-e479-4343-a9f8-ade29eb4547c,L1,Profile
c34f3833-e479-4343-a9f8-ade29eb4547c,L1,Profile
c34f3833-e479-4343-a9f8-ade29eb4547c,L1,Profile
c34f3833-e479-4343-a9f8-ade29eb4547c,L1,Profile
c34f3833-e479-4343-a9f8-ade29eb4547c,L1,Profile
c34f3833-e479-4343-a9f8-ade29eb4547c,L1,Profile
c34f3833-e479-4343-a9f8-ade29eb4547c,L1,Profile
c34f3833-e479-4343-a9f8-ade29eb4547c,L1,Profile
c34f3833-e479-4343-a9f8-ade29eb4547c,L1,Profile
c34f3833-e479-4343-a9f8-ade29eb4547c,L1,Profile
c34f3833-e479-4343-a9f8-ade29eb4547c,L1,Profile
c34f3833-e479-4343-a9f8-ade29eb4547c,L1,Profile
c34f3833-e479-4343-a9f8-ade29eb4547c,L1,Profile
c34f3833-e479-4343-a9f8-ade29eb4547c,L1,Profile
c34f3833-e479-4343-a9f8-ade29eb4547c,L1,Profile
c34f3833-e479-4343-a9f8-ade29eb4547c,L1,Profile
c34f3833-e479-4343-a9f8-ade29eb4547c,L1,Profile
c34f3833-e479-4343-a9f8-ade29eb4547c,L1,Profile
c34f3833-e479-4343-a9f8-ade29eb4547c,L1,Profile
c34f3833-e479-4343-a9f8-ade29eb4547c,L1,Profile
c34f3833-e479-4343-a9f8-ade29eb4547c,L1,Profile
c34f3833-e479-4343-a9f8-ade29eb4547c,L1,Profile
c34f3833-e479-4343-a9f8-ade29eb4547c,L1,Profile
c34f3833-e479-4343-a9f8-ade29eb4547c,L1,Profile
c34f3833-e479-4343-a9f8-ade29eb4547c,L1,Profile
c34f3833-e479-4343-a9f8-ade29eb4547c,L1,Profile
c34f3833-e479-4343-a9f8-ade29eb4547c,L1,Profile
c34f3833-e479-4343-a9f8-ade29eb4547c,L1,Profile
c34f3833-e479-4343-a9f8-ade29eb4547c,L1,Profile
c34f3833-e479-4343-a9f8-ade29eb4547c,L1,Profile
c34f3833-e479-4343-a9f8-ade29eb4547c,L1,Profile
c34f3833-e479-4343-a9f8-ade29eb4547c,L1,Profile
c34f3833-e479-4343-a9f8-ade29eb4547c,L1,Profile
c34f3833-e479-4343-a9f8-ade29eb4547c,L1,Profile
c34f3833-e479-4343-a9f8-ade29eb4547c,L1,Profile
c34f3833-e479-4343-a9f8-ade29eb4547c,L1,Profile
c34f3833-e479-4343-a9f8-ade29eb4547c,L1,Profile
c34f3833-e479-4343-a9f8-ade29eb4547c,L1,Profile
c34f3833-e479-4343-a9f8-ade29eb4547c,L1,Profile
c34f3833-e479-4343-a9f8-ade29eb4547c,L1,Profile
c34f3833-e479-4343-a9f8-ade29eb4547c,L1,Profile
c34f3833-e479-4343-a9f8-ade29eb4547c,L1,Profile
c34f3833-e479-4343-a9f8-ade29eb4547c,L1,Profile
c34f3833-e479-4343-a9f8-ade29eb4547c,L1,Profile
c34f3833-e479-4343-a9f8-ade29eb4547c,L1,Profile
c34f3833-e479-4343-a9f8-ade29eb4547c,L1,Profile
c34f3833-e479-4343-a9f8-ade29eb4547c,L1,Profile
c34f3833-e479-4343-a9f8-ade29eb4547c,L1,Profile
c34f3833-e479-4343-a9f8-ade29eb4547c,L1,Profile
c34f3833-e479-4343-a9f8-ade29eb4547c,L1,Profile
c34f3833-e479-4343-a9f8-ade29eb4547c,L1,Profile
c34f3833-e479-4343-a9f8-ade29eb4547c,L1,Profile
c34f3833-e479-4343-a9f8-ade29eb4547c,L1,Profile
c34f3833-e479-4343-a9f8-ade29eb4547c,L1,Profile
c34f3833-e479-4343-a9f8-ade29eb4547c,L1,Profile
c34f3833-e479-4343-a9f8-ade29eb4547c,L1,Profile
c34f3833-e479-4343-a9f8-ade29eb4547c,L1,Profile
c34f3833-e479-4343-a9f8-ade29eb4547c,L1,Profile
c34f3833-e479-4343-a9f8-ade29eb4547c,L1,Profile
c34f3833-e479-4343-a9f8-ade29eb4547c,L1,Profile
c34f3833-e479-4343-a9f8-ade29eb4547c,L1,Profile
c34f3833-e479-4343-a9f8-ade29eb4547c,L1,Profile
c34f3833-e479-4343-a9f8-ade29eb4547c,L1,Profile
c34f3833-e479-4343-a9f8-ade29eb4547c,L1,Profile
c34f3833-e479-4343-a9f8-ade29eb4547c,L1,Profile
c34f3833-e479-4343-a9f8-ade29eb4547c,L1,Profile
c34f3833-e479-4343-a9f8-ade29eb4547c,L1,Profile
c34f3833-e479-4343-a9f8-ade29eb4547c,L1,Profile
c34f3833-e479-4343-a9f8-ade29eb4547c,L1,Profile
c34f3833-e479-4343-a9f8-ade29eb4547c,L1,Profile
c34f3833-e479-4343-a9f8-ade29eb4547c,L1,Profile
c34f3833-e479-4343-a9f8-ade29eb4547c,L1,Profile
c34f3833-e479-4343-a9f8-ade29eb4547c,L1,Profile
c34f3833-e479-4343-a9f8-ade29eb4547c,L1,Profile
c34f3833-e479-4343-a9f8-ade29eb4547c,L1,Profile
c34f3833-e479-4343-a9f8-ade29eb4547c,L1,Profile
c34f3833-e479-4343-a9f8-ade29eb4547c,L1,Profile
c34f3833-e479-4343-a9f8-ade29eb4547c,L1,Profile
c34f3833-e479-4343-a9f8-ade29eb4547c,L1,Profile
c34f3833-e479-4343-a9f8-ade29eb4547c,L1,Profile
c34f3833-e479-4343-a9f8-ade29eb4547c,L1,Profile
c34f3833-e479-4343-a9f8-ade29eb4547c,L1,Profile
c34f3833-e479-4343-a9f8-ade29eb4547c,L1,Profile
c34f3833-e479-4343-a9f8-ade29eb4547c,L1,Profile
c34f3833-e479-4343-a9f8-ade29eb4547c,L1,Profile
c34f3833-e479-4343-a9f8-ade29eb4547c,L1,Profile
c34f3833-e479-4343-a9f8-ade29eb4547c,L1,Profile
c34f3833-e479-4343-a9f8-ade29eb4547c,L1,Profile
c34f3833-e479-4343-a9f8-ade29eb4547c,L1,Profile
c34f3833-e479-4343-a9f8-ade29eb4547c,L1,Profile
c34f3833-e479-4343-a9f8-ade29eb4547c,L1,Profile
c34f3833-e479-4343-a9f8-ade29eb4547c,L1,Profile
c34f3833-e479-4343-a9f8-ade29eb4547c,L1,Profile
c34f3833-e479-4343-a9f8-ade29eb4547c,L1,Profile
c34f3833-e479-4343-a9f8-ade29eb4547c,L1,Profile
c34f3833-e479-4343-a9f8-ade29eb4547c,L1,Profile
c34f3833-e479-4343-a9f8-ade29eb4547c,L1,Profile
c34f3833-e479-4343-a9f8-ade29eb4547c,L1,Profile
c34f3833-e479-4343-a9f8-ade29eb4547c,L1,Profile
c34f3833-e479-4343-a9f8-ade29eb4547c,L1,Profile
c34f3833-e479-4343-a9f8-ade29eb4547c,L1,Profile
c34f3833-e479-4343-a9f8-ade29eb4547c,L1,Profile
c34f3833-e479-4343-a9f8-ade29eb4547c,L1,Profile
c34f3833-e479-4343-a9f8-ade29eb4547c,L1,Profile
c34f3833-e479-4343-a9f8-ade29eb4547c,L1,Profile
c34f3833-e479-4343-a9f8-ade29eb4547c,L1,Profile
c34f3833-e479-4343-a9f8-ade29eb4547c,L1,Profile
c34f3833-e479-4343-a9f8-ade29eb4547c,L1,Profile
c34f3833-e479-4343-a9f8-ade29eb4547c,L1,Profile
c34f3833-e479-4343-a9f8-ade29eb4547c,L1,Profile
c34f3833-e479-4343-a9f8-ade29eb4547c,L1,Profile
c34f3833-e479-4343-a9f8-ade29eb4547c,L1,Profile
c34f3833-e479-4343-a9f8-ade29eb4547c,L1,Profile
c34f3833-e479-4343-a9f8-ade29eb4547c,L1,Profile
c34f3833-e479-4343-a9f8-ade29eb4547c,L1,Profile
c34f3833-e479-4343-a9f8-ade29eb4547c,L1,Profile
c34f3833-e479-4343-a9f8-ade29eb4547c,L1,Profile
c34f3833-e479-4343-a9f8-ade29eb4547c,L1,Profile
c34f3833-e479-4343-a9f8-ade29eb4547c,L1,Profile
c34f3833-e479-4343-a9f8-ade29eb4547c,L1,Profile
c34f3833-e479-4343-a9f8-ade29eb4547c,L1,Profile
c34f3833-e479-4343-a9f8-ade29eb4547c,L1,Profile
c34f3833-e479-4343-a9f8-ade29eb4547c,L1,Profile
c34f3833-e479-4343-a9f8-ade29eb4547c,L1,Profile
c34f3833-e479-4343-a9f8-ade29eb4547c,L1,Profile
c34f3833-e479-4343-a9f8-ade29eb4547c,L1,Profile
c34f3833-e479-4343-a9f8-ade29eb4547c,L1,Profile
c34f3833-e479-4343-a9f8-ade29eb4547c,L1,Profile
c34f3833-e479-4343-a9f8-ade29eb4547c,L1,Profile
c34f3833-e479-4343-a9f8-ade29eb4547c,L1,Profile
c34f3833-e479-4343-a9f8-ade29eb4547c,L1,Profile
c34f3833-e479-4343-a9f8-ade29eb4547c,L1,Profile
c34f3833-e479-4343-a9f8-ade29eb4547c,L1,Profile
c34f3833-e479-4343-a9f8-ade29eb4547c,L1,Profile
c34f3833-e479-4343-a9f8-ade29eb4547c,L1,Profile
c34f3833-e479-4343-a9f8-ade29eb4547c,L1,Profile
c34f3833-e479-4343-a9f8-ade29eb4547c,L1,Profile
c34f3833-e479-4343-a9f8-ade29eb4547c,L1,Profile
c34f3833-e479-4343-a9f8-ade29eb4547c,L1,Profile
c34f3833-e479-4343-a9f8-ade29eb4547c,L1,Profile
c34f3833-e479-4343-a9f8-ade29eb4547c,L1,Profile
c34f3833-e479-4343-a9f8-ade29eb4547c,L1,Profile
c34f3833-e479-4343-a9f8-ade29eb4547c,L1,Profile
c34f3833-e479-4343-a9f8-ade29eb4547c,L1,Profile
c34f3833-e479-4343-a9f8-ade29eb4547c,L1,Profile
c34f3833-e479-4343-a9f8-ade29eb4547c,L1,Profile
c34f3833-e479-4343-a9f8-ade29eb4547c,L1,Profile
c34f3833-e479-4343-a9f8-ade29eb4547c,L1,Profile
c34f3833-e479-4343-a9f8-ade29eb4547c,L1,Profile
c34f3833-e479-4343-a9f8-ade29eb4547c,L1,Profile
c34f3833-e479-4343-a9f8-ade29eb4547c,L1,Profile
c34f3833-e479-4343-a9f8-ade29eb4547c,L1,Profile
c34f3833-e479-4343-a9f8-ade29eb4547c,L1,Profile
c34f3833-e479-4343-a9f8-ade29eb4547c,L1,Profile
c34f3833-e479-4343-a9f8-ade29eb4547c,L1,Profile
c34f3833-e479-4343-a9f8-ade29eb4547c,L1,Profile
c34f3833-e479-4343-a9f8-ade29eb4547c,L1,Profile
c34f3833-e479-4343-a9f8-ade29eb4547c,L1,Profile
c34f3833-e479-4343-a9f8-ade29eb4547c,L1,Profile
c34f3833-e479-4343-a9f8-ade29eb4547c,L1,Profile
c34f3833-e479-4343-a9f8-ade29eb4547c,L1,Profile
c34f3833-e479-4343-a9f8-ade29eb4547c,L1,Profile
c34f3833-e479-4343-a9f8-ade29eb4547c,L1,Profile
c34f3833-e479-4343-a9f8-ade29eb4547c,L1,Profile
c34f3833-e479-4343-a9f8-ade29eb4547c,L1,Profile
c34f3833-e479-4343-a9f8-ade29eb4547c,L1,Profile
c34f3833-e479-4343-a9f8-ade29eb4547c,L1,Profile
c34f3833-e479-4343-a9f8-ade29eb4547c,L1,Profile
c34f3833-e479-4343-a9f8-ade29eb4547c,L1,Profile
c34f3833-e479-4343-a9f8-ade29eb4547c,L1,Profile
c34f3833-e479-4343-a9f8-ade29eb4547c,L1,Profile
c34f3833-e479-4343-a9f8-ade29eb4547c,L1,Profile
c34f3833-e479-4343-a9f8-ade29eb4547c,L1,Profile
c34f3833-e479-4343-a9f8-ade29eb4547c,L1,Profile
c34f3833-e479-4343-a9f8-ade29eb4547c,L1,Profile
c34f3833-e479-4343-a9f8-ade29eb4547c,L1,Profile
c34f3833-e479-4343-a9f8-ade29eb4547c,L1,Profile
c34f3833-e479-4343-a9f8-ade29eb4547c,L1,Profile
c34f3833-e479-4343-a9f8-ade29eb4547c,L1,Profile
c34f3833-e479-4343-a9f8-ade29eb4547c,L1,Profile
c34f3833-e479-4343-a9f8-ade29eb4547c,L1,Profile
c34f3833-e479-4343-a9f8-ade29eb4547c,L1,Profile
c34f3833-e479-4343-a9f8-ade29eb4547c,L1,Profile
c34f3833-e479-4343-a9f8-ade29eb4547c,L1,Profile
c34f3833-e479-4343-a9f8-ade29eb4547c,L1,Profile
c34f3833-e479-4343-a9f8-ade29eb4547c,L1,Profile
c34f3833-e479-4343-a9f8-ade29eb4547c,L1,Profile
c34f3833-e479-4343-a9f8-ade29eb4547c,L1,Profile
c34f3833-e479-4343-a9f8-ade29eb4547c,L1,Profile
c34f3833-e479-4343-a9f8-ade29eb4547c,L1,Profile
c34f3833-e479-4343-a9f8-ade29eb4547c,L1,Profile
c34f3833-e479-4343-a9f8-ade29eb4547c,L1,Profile
c34f3833-e479-4343-a9f8-ade29eb4547c,L1,Profile
c34f3833-e479-4343-a9f8-ade29eb4547c,L1,Profile
c34f3833-e479-4343-a9f8-ade29eb4547c,L1,Profile
c34f3833-e479-4343-a9f8-ade29eb4547c,L1,Profile
c34f3833-e479-4343-a9f8-ade29eb4547c,L1,Profile
c34f3833-e479-4343-a9f8-ade29eb4547c,L1,Profile
c34f3833-e479-4343-a9f8-ade29eb4547c,L1,Profile
c34f3833-e479-4343-a9f8-ade29eb4547c,L1,Profile
c34f3833-e479-4343-a9f8-ade29eb4547c,L1,Profile
c34f3833-e479-4343-a9f8-ade29eb4547c,L1,Profile
c34f3833-e479-4343-a9f8-ade29eb4547c,L1,Profile
c34f3833-e479-4343-a9f8-ade29eb4547c,L1,Profile
c34f3833-e479-4343-a9f8-ade29eb4547c,L1,Profile
c34f3833-e479-4343-a9f8-ade29eb4547c,L1,Profile
c34f3833-e479-4343-a9f8-ade29eb4547c,L1,Profile
c34f3833-e479-4343-a9f8-ade29eb4547c,L1,Profile
c34f3833-e479-4343-a9f8-ade29eb4547c,L1,Profile
c34f3833-e479-4343-a9f8-ade29eb4547c,L1,Profile
c34f3833-e479-4343-a9f8-ade29eb4547c,L1,Profile
c34f3833-e479-4343-a9f8-ade29eb4547c,L1,Profile
c34f3833-e479-4343-a9f8-ade29eb4547c,L1,Profile
c34f3833-e479-4343-a9f8-ade29eb4547c,L1,Profile
c34f3833-e479-4343-a9f8-ade29eb4547c,L1,Profile
c34f3833-e479-4343-a9f8-ade29eb4547c,L1,Profile
c34f3833-e479-4343-a9f8-ade29eb4547c,L1,Profile
c34f3833-e479-4343-a9f8-ade29eb4547c,L1,Profile
c34f3833-e479-4343-a9f8-ade29eb4547c,L1,Profile
c34f3833-e479-4343-a9f8-ade29eb4547c,L1,Profile
c34f3833-e479-4343-a9f8-ade29eb4547c,L1,Profile
c34f3833-e479-4343-a9f8-ade29eb4547c,L1,Profile
c34f3833-e479-4343-a9f8-ade29eb4547c,L1,Profile
c34f3833-e479-4343-a9f8-ade29eb4547c,L1,Profile
c34f3833-e479-4343-a9f8-ade29eb4547c,L1,Profile
c34f3833-e479-4343-a9f8-ade29eb4547c,L1,Profile
c34f3833-e479-4343-a9f8-ade29eb4547c,L1,Profile
c34f3833-e479-4343-a9f8-ade29eb4547c,L1,Profile
c34f3833-e479-4343-a9f8-ade29eb4547c,L1,Profile
c34f3833-e479-4343-a9f8-ade29eb4547c,L1,Profile
c34f3833-e479-4343-a9f8-ade29eb4547c,L1,Profile
c34f3833-e479-4343-a9f8-ade29eb4547c,L1,Profile
c34f3833-e479-4343-a9f8-ade29eb4547c,L1,Profile
c34f3833-e479-4343-a9f8-ade29eb4547c,L1,Profile
c34f3833-e479-4343-a9f8-ade29eb4547c,L1,Profile
c34f3833-e479-4343-a9f8-ade29eb4547c,L1,Profile
c34f3833-e479-4343-a9f8-ade29eb4547c,L1,Profile
c34f3833-e479-4343-a9f8-ade29eb4547c,L1,Profile
c34f3833-e479-4343-a9f8-ade29eb4547c,L1,Profile
c34f3833-e479-4343-a9f8-ade29eb4547c,L1,Profile
c34f3833-e479-4343-a9f8-ade29eb4547c,L1,Profile
c34f3833-e479-4343-a9f8-ade29eb4547c,L1,Profile
c34f3833-e479-4343-a9f8-ade29eb4547c,L1,Profile
c34f3833-e479-4343-a9f8-ade29eb4547c,L1,Profile
c34f3833-e479-4343-a9f8-ade29eb4547c,L1,Profile
c34f3833-e479-4343-a9f8-ade29eb4547c,L1,Profile
c34f3833-e479-4343-a9f8-ade29eb4547c,L1,Profile
c34f3833-e479-4343-a9f8-ade29eb4547c,L1,Profile
c34f3833-e479-4343-a9f8-ade29eb4547c,L1,Profile
c34f3833-e479-4343-a9f8-ade29eb4547c,L1,Profile
c34f3833-e479-4343-a9f8-ade29eb4547c,L1,Profile
c34f3833-e479-4343-a9f8-ade29eb4547c,L1,Profile
c34f3833-e479-4343-a9f8-ade29eb4547c,L1,Profile
c34f3833-e479-4343-a9f8-ade29eb4547c,L1,Profile
c34f3833-e479-4343-a9f8-ade29eb4547c,L1,Profile
c34f3833-e479-4343-a9f8-ade29eb4547c,L1,Profile
c34f3833-e479-4343-a9f8-ade29eb4547c,L1,Profile
c34f3833-e479-4343-a9f8-ade29eb4547c,L1,Profile
c34f3833-e479-4343-a9f8-ade29eb4547c,L1,Profile
c34f3833-e479-4343-a9f8-ade29eb4547c,L1,Profile
c34f3833-e479-4343-a9f8-ade29eb4547c,L1,Profile
c34f3833-e479-4343-a9f8-ade29eb4547c,L1,Profile
c34f3833-e479-4343-a9f8-ade29eb4547c,L1,Profile
c34f3833-e479-4343-a9f8-ade29eb4547c,L1,Profile
c34f3833-e479-4343-a9f8-ade29eb4547c,L1,Profile
c34f3833-e479-4343-a9f8-ade29eb4547c,L1,Profile
c34f3833-e479-4343-a9f8-ade29eb4547c,L1,Profile
c34f3833-e479-4343-a9f8-ade29eb4547c,L1,Profile
c34f3833-e479-4343-a9f8-ade29eb4547c,L1,Profile
c34f3833-e479-4343-a9f8-ade29eb4547c,L1,Profile
c34f3833-e479-4343-a9f8-ade29eb4547c,L1,Profile
c34f3833-e479-4343-a9f8-ade29eb4547c,L1,Profile
c34f3833-e479-4343-a9f8-ade29eb4547c,L1,Profile
c34f3833-e479-4343-a9f8-ade29eb4547c,L1,Profile
c34f3833-e479-4343-a9f8-ade29eb4547c,L1,Profile
c34f3833-e479-4343-a9f8-ade29eb4547c,L1,Profile
c34f3833-e479-4343-a9f8-ade29eb4547c,L1,Profile
c34f3833-e479-4343-a9f8-ade29eb4547c,L1,Profile
c34f3833-e479-4343-a9f8-ade29eb4547c,L1,Profile
c34f3833-e479-4343-a9f8-ade29eb4547c,L1,Profile
c34f3833-e479-4343-a9f8-ade29eb4547c,L1,Profile
c34f3833-e479-4343-a9f8-ade29eb4547c,L1,Profile
c34f3833-e479-4343-a9f8-ade29eb4547c,L1,Profile
c34f3833-e479-4343-a9f8-ade29eb4547c,L1,Profile
c34f3833-e479-4343-a9f8-ade29eb4547c,L1,Profile
c34f3833-e479-4343-a9f8-ade29eb4547c,L1,Profile
c34f3833-e479-4343-a9f8-ade29eb4547c,L1,Profile
c34f3833-e479-4343-a9f8-ade29eb4547c,L1,Profile
c34f3833-e479-4343-a9f8-ade29eb4547c,L1,Profile
c34f3833-e479-4343-a9f8-ade29eb4547c,L1,Profile
c34f3833-e479-4343-a9f8-ade29eb4547c,L1,Profile
c34f3833-e479-4343-a9f8-ade29eb4547c,L1,Profile
c34f3833-e479-4343-a9f8-ade29eb4547c,L1,Profile
c34f3833-e479-4343-a9f8-ade29eb4547c,L1,Profile
c34f3833-e479-4343-a9f8-ade29eb4547c,L1,Profile
c34f3833-e479-4343-a9f8-ade29eb4547c,L1,Profile
c34f3833-e479-4343-a9f8-ade29eb4547c,L1,Profile
c34f3833-e479-4343-a9f8-ade29eb4547c,L1,Profile
c34f3833-e479-4343-a9f8-ade29eb4547c,L1,Profile
c34f3833-e479-4343-a9f8-ade29eb4547c,L1,Profile
c34f3833-e479-4343-a9f8-ade29eb4547c,L1,Profile
c34f3833-e479-4343-a9f8-ade29eb4547c,L1,Profile
c34f3833-e479-4343-a9f8-ade29eb4547c,L1,Profile
c34f3833-e479-4343-a9f8-ade29eb4547c,L1,Profile
c34f3833-e479-4343-a9f8-ade29eb4547c,L1,Profile
c34f3833-e479-4343-a9f8-ade29eb4547c,L1,Profile
c34f3833-e479-4343-a9f8-ade29eb4547c,L1,Profile
c34f3833-e479-4343-a9f8-ade29eb4547c,L1,Profile
c34f3833-e479-4343-a9f8-ade29eb4547c,L1,Profile
c34f3833-e479-4343-a9f8-ade29eb4547c,L1,Profile
c34f3833-e479-4343-a9f8-ade29eb4547c,L1,Profile
c34f3833-e479-4343-a9f8-ade29eb4547c,L1,Profile
c34f3833-e479-4343-a9f8-ade29eb4547c,L1,Profile
c34f3833-e479-4343-a9f8-ade29eb4547c,L1,Profile
c34f3833-e479-4343-a9f8-ade29eb4547c,L1,Profile
c34f3833-e479-4343-a9f8-ade29eb4547c,L1,Profile
c34f3833-e479-4343-a9f8-ade29eb4547c,L1,Profile
c34f3833-e479-4343-a9f8-ade29eb4547c,L1,Profile
c34f3833-e479-4343-a9f8-ade29eb4547c,L1,Profile
c34f3833-e479-4343-a9f8-ade29eb4547c,L1,Profile
c34f3833-e479-4343-a9f8-ade29eb4547c,L1,Profile
c34f3833-e479-4343-a9f8-ade29eb4547c,L1,Profile
c34f3833-e479-4343-a9f8-ade29eb4547c,L1,Profile
c34f3833-e479-4343-a9f8-ade29eb4547c,L1,Profile
c34f3833-e479-4343-a9f8-ade29eb4547c,L1,Profile
c34f3833-e479-4343-a9f8-ade29eb4547c,L1,Profile
c34f3833-e479-4343-a9f8-ade29eb4547c,L1,Profile
c34f3833-e479-4343-a9f8-ade29eb4547c,L1,Profile
c34f3833-e479-4343-a9f8-ade29eb4547c,L1,Profile
c34f3833-e479-4343-a9f8-ade29eb4547c,L1,Profile
c34f3833-e479-4343-a9f8-ade29eb4547c,L1,Profile
c34f3833-e479-4343-a9f8-ade29eb4547c,L1,Profile
c34f3833-e479-4343-a9f8-ade29eb4547c,L1,Profile
c34f3833-e479-4343-a9f8-ade29eb4547c,L1,Profile
c34f3833-e479-4343-a9f8-ade29eb4547c,L1,Profile
c34f3833-e479-4343-a9f8-ade29eb4547c,L1,Profile
c34f3833-e479-4343-a9f8-ade29eb4547c,L1,Profile
c34f3833-e479-4343-a9f8-ade29eb4547c,L1,Profile
c34f3833-e479-4343-a9f8-ade29eb4547c,L1,Profile
c34f3833-e479-4343-a9f8-ade29eb4547c,L1,Profile
c34f3833-e479-4343-a9f8-ade29eb4547c,L1,Profile
c34f3833-e479-4343-a9f8-ade29eb4547c,L1,Profile
c34f3833-e479-4343-a9f8-ade29eb4547c,L1,Profile
c34f3833-e479-4343-a9f8-ade29eb4547c,L1,Profile
c34f3833-e479-4343-a9f8-ade29eb4547c,L1,Profile
c34f3833-e479-4343-a9f8-ade29eb4547c,L1,Profile
c34f3833-e479-4343-a9f8-ade29eb4547c,L1,Profile
c34f3833-e479-4343-a9f8-ade29eb4547c,L1,Profile
c34f3833-e479-4343-a9f8-ade29eb4547c,L1,Profile
c34f3833-e479-4343-a9f8-ade29eb4547c,L1,Profile
c34f3833-e479-4343-a9f8-ade29eb4547c,L1,Profile
c34f3833-e479-4343-a9f8-ade29eb4547c,L1,Profile
c34f3833-e479-4343-a9f8-ade29eb4547c,L1,Profile
c34f3833-e479-4343-a9f8-ade29eb4547c,L1,Profile
c34f3833-e479-4343-a9f8-ade29eb4547c,L1,Profile
c34f3833-e479-4343-a9f8-ade29eb4547c,L1,Profile
c34f3833-e479-4343-a9f8-ade29eb4547c,L1,Profile
c34f3833-e479-4343-a9f8-ade29eb4547c,L1,Profile
c34f3833-e479-4343-a9f8-ade29eb4547c,L1,Profile
c34f3833-e479-4343-a9f8-ade29eb4547c,L1,Profile
c34f3833-e479-4343-a9f8-ade29eb4547c,L1,Profile
c34f3833-e479-4343-a9f8-ade29eb4547c,L1,Profile
c34f3833-e479-4343-a9f8-ade29eb4547c,L1,Profile
c34f3833-e479-4343-a9f8-ade29eb4547c,L1,Profile
c34f3833-e479-4343-a9f8-ade29eb4547c,L1,Profile
c34f3833-e479-4343-a9f8-ade29eb4547c,L1,Profile
c34f3833-e479-4343-a9f8-ade29eb4547c,L1,Profile
c34f3833-e479-4343-a9f8-ade29eb4547c,L1,Profile
c34f3833-e479-4343-a9f8-ade29eb4547c,L1,Profile
c34f3833-e479-4343-a9f8-ade29eb4547c,L1,Profile
c34f3833-e479-4343-a9f8-ade29eb4547c,L1,Profile
c34f3833-e479-4343-a9f8-ade29eb4547c,L1,Profile
c34f3833-e479-4343-a9f8-ade29eb4547c,L1,Profile
c34f3833-e479-4343-a9f8-ade29eb4547c,L1,Profile
c34f3833-e479-4343-a9f8-ade29eb4547c,L1,Profile
c34f3833-e479-4343-a9f8-ade29eb4547c,L1,Profile
c34f3833-e479-4343-a9f8-ade29eb4547c,L1,Profile
c34f3833-e479-4343-a9f8-ade29eb4547c,L1,Profile
c34f3833-e479-4343-a9f8-ade29eb4547c,L1,Profile
c34f3833-e479-4343-a9f8-ade29eb4547c,L1,Profile
c34f3833-e479-4343-a9f8-ade29eb4547c,L1,Profile
c34f3833-e479-4343-a9f8-ade29eb4547c,L1,Profile
c34f3833-e479-4343-a9f8-ade29eb4547c,L1,Profile
c34f3833-e479-4343-a9f8-ade29eb4547c,L1,Profile
c34f3833-e479-4343-a9f8-ade29eb4547c,L1,Profile
c34f3833-e479-4343-a9f8-ade29eb4547c,L1,Profile
c34f3833-e479-4343-a9f8-ade29eb4547c,L1,Profile
c34f3833-e479-4343-a9f8-ade29eb4547c,L1,Profile
c34f3833-e479-4343-a9f8-ade29eb4547c,L1,Profile
c34f3833-e479-4343-a9f8-ade29eb4547c,L1,Profile
c34f3833-e479-4343-a9f8-ade29eb4547c,L1,Profile
c34f3833-e479-4343-a9f8-ade29eb4547c,L1,Profile
c34f3833-e479-4343-a9f8-ade29eb4547c,L1,Profile
c34f3833-e479-4343-a9f8-ade29eb4547c,L1,Profile
c34f3833-e479-4343-a9f8-ade29eb4547c,L1,Profile
c34f3833-e479-4343-a9f8-ade29eb4547c,L1,Profile
c34f3833-e479-4343-a9f8-ade29eb4547c,L1,Profile
c34f3833-e479-4343-a9f8-ade29eb4547c,L1,Profile
c34f3833-e479-4343-a9f8-ade29eb4547c,L1,Profile
c34f3833-e479-4343-a9f8-ade29eb4547c,L1,Profile
c34f3833-e479-4343-a9f8-ade29eb4547c,L1,Profile
c34f3833-e479-4343-a9f8-ade29eb4547c,L1,Profile
c34f3833-e479-4343-a9f8-ade29eb4547c,L1,Profile
c34f3833-e479-4343-a9f8-ade29eb4547c,L1,Profile
c34f3833-e479-4343-a9f8-ade29eb4547c,L1,Profile
c34f3833-e479-4343-a9f8-ade29eb4547c,L1,Profile
c34f3833-e479-4343-a9f8-ade29eb4547c,L1,Profile
c34f3833-e479-4343-a9f8-ade29eb4547c,L1,Profile
c34f3833-e479-4343-a9f8-ade29eb4547c,L1,Profile
c34f3833-e479-4343-a9f8-ade29eb4547c,L1,Profile
c34f3833-e479-4343-a9f8-ade29eb4547c,L1,Profile
c34f3833-e479-4343-a9f8-ade29eb4547c,L1,Profile
c34f3833-e479-4343-a9f8-ade29eb4547c,L1,Profile
c34f3833-e479-4343-a9f8-ade29eb4547c,L1,Profile
c34f3833-e479-4343-a9f8-ade29eb4547c,L1,Profile
c34f3833-e479-4343-a9f8-ade29eb4547c,L1,Profile
c34f3833-e479-4343-a9f8-ade29eb4547c,L1,Profile
c34f3833-e479-4343-a9f8-ade29eb4547c,L1,Profile
c34f3833-e479-4343-a9f8-ade29eb4547c,L1,Profile
c34f3833-e479-4343-a9f8-ade29eb4547c,L1,Profile
c34f3833-e479-4343-a9f8-ade29eb4547c,L1,Profile
c34f3833-e479-4343-a9f8-ade29eb4547c,L1,Profile
c34f3833-e479-4343-a9f8-ade29eb4547c,L1,Profile
c34f3833-e479-4343-a9f8-ade29eb4547c,L1,Profile
c34f3833-e479-4343-a9f8-ade29eb4547c,L1,Profile
c34f3833-e479-4343-a9f8-ade29eb4547c,L1,Profile
c34f3833-e479-4343-a9f8-ade29eb4547c,L1,Profile
c34f3833-e479-4343-a9f8-ade29eb4547c,L1,Profile
c34f3833-e479-4343-a9f8-ade29eb4547c,L1,Profile
c34f3833-e479-4343-a9f8-ade29eb4547c,L1,Profile
c34f3833-e479-4343-a9f8-ade29eb4547c,L1,Profile
c34f3833-e479-4343-a9f8-ade29eb4547c,L1,Profile
c34f3833-e479-4343-a9f8-ade29eb4547c,L1,Profile
c34f3833-e479-4343-a9f8-ade29eb4547c,L1,Profile
c34f3833-e479-4343-a9f8-ade29eb4547c,L1,Profile
c34f3833-e479-4343-a9f8-ade29eb4547c,L1,Profile
c34f3833-e479-4343-a9f8-ade29eb4547c,L1,Profile
c34f3833-e479-4343-a9f8-ade29eb4547c,L1,Profile
c34f3833-e479-4343-a9f8-ade29eb4547c,L1,Profile
c34f3833-e479-4343-a9f8-ade29eb4547c,L1,Profile
c34f3833-e479-4343-a9f8-ade29eb4547c,L1,Profile
c34f3833-e479-4343-a9f8-ade29eb4547c,L1,Profile
c34f3833-e479-4343-a9f8-ade29eb4547c,L1,Profile
c34f3833-e479-4343-a9f8-ade29eb4547c,L1,Profile
c34f3833-e479-4343-a9f8-ade29eb4547c,L1,Profile
c34f3833-e479-4343-a9f8-ade29eb4547c,L1,Profile
c34f3833-e479-4343-a9f8-ade29eb4547c,L1,Profile
c34f3833-e479-4343-a9f8-ade29eb4547c,L1,Profile
c34f3833-e479-4343-a9f8-ade29eb4547c,L1,Profile
c34f3833-e479-4343-a9f8-ade29eb4547c,L1,Profile
c34f3833-e479-4343-a9f8-ade29eb4547c,L1,Profile
c34f3833-e479-4343-a9f8-ade29eb4547c,L1,Profile
c34f3833-e479-4343-a9f8-ade29eb4547c,L1,Profile
c34f3833-e479-4343-a9f8-ade29eb4547c,L1,Profile
c34f3833-e479-4343-a9f8-ade29eb4547c,L1,Profile
c34f3833-e479-4343-a9f8-ade29eb4547c,L1,Profile
c34f3833-e479-4343-a9f8-ade29eb4547c,L1,Profile
c34f3833-e479-4343-a9f8-ade29eb4547c,L1,Profile
c34f3833-e479-4343-a9f8-ade29eb4547c,L1,Profile
c34f3833-e479-4343-a9f8-ade29eb4547c,L1,Profile
c34f3833-e479-4343-a9f8-ade29eb4547c,L1,Profile
c34f3833-e479-4343-a9f8-ade29eb4547c,L1,Profile
c34f3833-e479-4343-a9f8-ade29eb4547c,L1,Profile
c34f3833-e479-4343-a9f8-ade29eb4547c,L1,Profile
c34f3833-e479-4343-a9f8-ade29eb4547c,L1,Profile
c34f3833-e479-4343-a9f8-ade29eb4547c,L1,Profile
c34f3833-e479-4343-a9f8-ade29eb4547c,L1,Profile
c34f3833-e479-4343-a9f8-ade29eb4547c,L1,Profile
c34f3833-e479-4343-a9f8-ade29eb4547c,L1,Profile
c34f3833-e479-4343-a9f8-ade29eb4547c,L1,Profile
c34f3833-e479-4343-a9f8-ade29eb4547c,L1,Profile
c34f3833-e479-4343-a9f8-ade29eb4547c,L1,Profile
c34f3833-e479-4343-a9f8-ade29eb4547c,L1,Profile
c34f3833-e479-4343-a9f8-ade29eb4547c,L1,Profile
c34f3833-e479-4343-a9f8-ade29eb4547c,L1,Profile
c34f3833-e479-4343-a9f8-ade29eb4547c,L1,Profile
c34f3833-e479-4343-a9f8-ade29eb4547c,L1,Profile
c34f3833-e479-4343-a9f8-ade29eb4547c,L1,Profile
c34f3833-e479-4343-a9f8-ade29eb4547c,L1,Profile
c34f3833-e479-4343-a9f8-ade29eb4547c,L1,Profile
c34f3833-e479-4343-a9f8-ade29eb4547c,L1,Profile
c34f3833-e479-4343-a9f8-ade29eb4547c,L1,Profile
c34f3833-e479-4343-a9f8-ade29eb4547c,L1,Profile
c34f3833-e479-4343-a9f8-ade29eb4547c,L1,Profile
c34f3833-e479-4343-a9f8-ade29eb4547c,L1,Profile
c34f3833-e479-4343-a9f8-ade29eb4547c,L1,Profile
c34f3833-e479-4343-a9f8-ade29eb4547c,L1,Profile
c34f3833-e479-4343-a9f8-ade29eb4547c,L1,Profile
c34f3833-e479-4343-a9f8-ade29eb4547c,L1,Profile
c34f3833-e479-4343-a9f8-ade29eb4547c,L1,Profile
c34f3833-e479-4343-a9f8-ade29eb4547c,L1,Profile
c34f3833-e479-4343-a9f8-ade29eb4547c,L1,Profile
c34f3833-e479-4343-a9f8-ade29eb4547c,L1,Profile
c34f3833-e479-4343-a9f8-ade29eb4547c,L1,Profile
c34f3833-e479-4343-a9f8-ade29eb4547c,L1,Profile
c34f3833-e479-4343-a9f8-ade29eb4547c,L1,Profile
c34f3833-e479-4343-a9f8-ade29eb4547c,L1,Profile
c34f3833-e479-4343-a9f8-ade29eb4547c,L1,Profile
c34f3833-e479-4343-a9f8-ade29eb4547c,L1,Profile
c34f3833-e479-4343-a9f8-ade29eb4547c,L1,Profile
c34f3833-e479-4343-a9f8-ade29eb4547c,L1,Profile
c34f3833-e479-4343-a9f8-ade29eb4547c,L1,Profile
c34f3833-e479-4343-a9f8-ade29eb4547c,L1,Profile
c34f3833-e479-4343-a9f8-ade29eb4547c,L1,Profile
c34f3833-e479-4343-a9f8-ade29eb4547c,L1,Profile
c34f3833-e479-4343-a9f8-ade29eb4547c,L1,Profile
c34f3833-e479-4343-a9f8-ade29eb4547c,L1,Profile
c34f3833-e479-4343-a9f8-ade29eb4547c,L1,Profile
c34f3833-e479-4343-a9f8-ade29eb4547c,L1,Profile
c34f3833-e479-4343-a9f8-ade29eb4547c,L1,Profile
c34f3833-e479-4343-a9f8-ade29eb4547c,L1,Profile
c34f3833-e479-4343-a9f8-ade29eb4547c,L1,Profile
c34f3833-e479-4343-a9f8-ade29eb4547c,L1,Profile
c34f3833-e479-4343-a9f8-ade29eb4547c,L1,Profile
c34f3833-e479-4343-a9f8-ade29eb4547c,L1,Profile
c34f3833-e479-4343-a9f8-ade29eb4547c,L1,Profile
c34f3833-e479-4343-a9f8-ade29eb4547c,L1,Profile
c34f3833-e479-4343-a9f8-ade29eb4547c,L1,Profile
c34f3833-e479-4343-a9f8-ade29eb4547c,L1,Profile
c34f3833-e479-4343-a9f8-ade29eb4547c,L1,Profile
c34f3833-e479-4343-a9f8-ade29eb4547c,L1,Profile
c34f3833-e479-4343-a9f8-ade29eb4547c,L1,Profile
c34f3833-e479-4343-a9f8-ade29eb4547c,L1,Profile
c34f3833-e479-4343-a9f8-ade29eb4547c,L1,Profile
c34f3833-e479-4343-a9f8-ade29eb4547c,L1,Profile
c34f3833-e479-4343-a9f8-ade29eb4547c,L1,Profile
c34f3833-e479-4343-a9f8-ade29eb4547c,L1,Profile
c34f3833-e479-4343-a9f8-ade29eb4547c,L1,Profile
c34f3833-e479-4343-a9f8-ade29eb4547c,L1,Profile
c34f3833-e479-4343-a9f8-ade29eb4547c,L1,Profile
c34f3833-e479-4343-a9f8-ade29eb4547c,L1,Profile
c34f3833-e479-4343-a9f8-ade29eb4547c,L1,Profile
c34f3833-e479-4343-a9f8-ade29eb4547c,L1,Profile
c34f3833-e479-4343-a9f8-ade29eb4547c,L1,Profile
c34f3833-e479-4343-a9f8-ade29eb4547c,L1,Profile
c34f3833-e479-4343-a9f8-ade29eb4547c,L1,Profile
c34f3833-e479-4343-a9f8-ade29eb4547c,L1,Profile
c34f3833-e479-4343-a9f8-ade29eb4547c,L1,Profile
c34f3833-e479-4343-a9f8-ade29eb4547c,L1,Profile
c34f3833-e479-4343-a9f8-ade29eb4547c,L1,Profile
c34f3833-e479-4343-a9f8-ade29eb4547c,L1,Profile
c34f3833-e479-4343-a9f8-ade29eb4547c,L1,Profile
c34f3833-e479-4343-a9f8-ade29eb4547c,L1,Profile
c34f3833-e479-4343-a9f8-ade29eb4547c,L1,Profile
c34f3833-e479-4343-a9f8-ade29eb4547c,L1,Profile
c34f3833-e479-4343-a9f8-ade29eb4547c,L1,Profile
c34f3833-e479-4343-a9f8-ade29eb4547c,L1,Profile
c34f3833-e479-4343-a9f8-ade29eb4547c,L1,Profile
c34f3833-e479-4343-a9f8-ade29eb4547c,L1,Profile
c34f3833-e479-4343-a9f8-ade29eb4547c,L1,Profile
c34f3833-e479-4343-a9f8-ade29eb4547c,L1,Profile
c34f3833-e479-4343-a9f8-ade29eb4547c,L1,Profile
c34f3833-e479-4343-a9f8-ade29eb4547c,L1,Profile
c34f3833-e479-4343-a9f8-ade29eb4547c,L1,Profile
c34f3833-e479-4343-a9f8-ade29eb4547c,L1,Profile
c34f3833-e479-4343-a9f8-ade29eb4547c,L1,Profile
c34f3833-e479-4343-a9f8-ade29eb4547c,L1,Profile
c34f3833-e479-4343-a9f8-ade29eb4547c,L1,Profile
c34f3833-e479-4343-a9f8-ade29eb4547c,L1,Profile
c34f3833-e479-4343-a9f8-ade29eb4547c,L1,Profile
c34f3833-e479-4343-a9f8-ade29eb4547c,L1,Profile
c34f3833-e479-4343-a9f8-ade29eb4547c,L1,Profile
c34f3833-e479-4343-a9f8-ade29eb4547c,L1,Profile
c34f3833-e479-4343-a9f8-ade29eb4547c,L1,Profile
c34f3833-e479-4343-a9f8-ade29eb4547c,L1,Profile
c34f3833-e479-4343-a9f8-ade29eb4547c,L1,Profile
c34f3833-e479-4343-a9f8-ade29eb4547c,L1,Profile
c34f3833-e479-4343-a9f8-ade29eb4547c,L1,Profile
c34f3833-e479-4343-a9f8-ade29eb4547c,L1,Profile
c34f3833-e479-4343-a9f8-ade29eb4547c,L1,Profile
c34f3833-e479-4343-a9f8-ade29eb4547c,L1,Profile
c34f3833-e479-4343-a9f8-ade29eb4547c,L1,Profile
c34f3833-e479-4343-a9f8-ade29eb4547c,L1,Profile
c34f3833-e479-4343-a9f8-ade29eb4547c,L1,Profile
c34f3833-e479-4343-a9f8-ade29eb4547c,L1,Profile
c34f3833-e479-4343-a9f8-ade29eb4547c,L1,Profile
c34f3833-e479-4343-a9f8-ade29eb4547c,L1,Profile
c34f3833-e479-4343-a9f8-ade29eb4547c,L1,Profile
c34f3833-e479-4343-a9f8-ade29eb4547c,L1,Profile
c34f3833-e479-4343-a9f8-ade29eb4547c,L1,Profile
c34f3833-e479-4343-a9f8-ade29eb4547c,L1,Profile
c34f3833-e479-4343-a9f8-ade29eb4547c,L1,Profile
c34f3833-e479-4343-a9f8-ade29eb4547c,L1,Profile
c34f3833-e479-4343-a9f8-ade29eb4547c,L1,Profile
c34f3833-e479-4343-a9f8-ade29eb4547c,L1,Profile
c34f3833-e479-4343-a9f8-ade29eb4547c,L1,Profile
c34f3833-e479-4343-a9f8-ade29eb4547c,L1,Profile
c34f3833-e479-4343-a9f8-ade29eb4547c,L1,Profile
c34f3833-e479-4343-a9f8-ade29eb4547c,L1,Profile
c34f3833-e479-4343-a9f8-ade29eb4547c,L1,Profile
c34f3833-e479-4343-a9f8-ade29eb4547c,L1,Profile
c34f3833-e479-4343-a9f8-ade29eb4547c,L1,Profile
c34f3833-e479-4343-a9f8-ade29eb4547c,L1,Profile
c34f3833-e479-4343-a9f8-ade29eb4547c,L1,Profile
c34f3833-e479-4343-a9f8-ade29eb4547c,L1,Profile
c34f3833-e479-4343-a9f8-ade29eb4547c,L1,Profile
c34f3833-e479-4343-a9f8-ade29eb4547c,L1,Profile
c34f3833-e479-4343-a9f8-ade29eb4547c,L1,Profile
c34f3833-e479-4343-a9f8-ade29eb4547c,L1,Profile
c34f3833-e479-4343-a9f8-ade29eb4547c,L1,Profile
c34f3833-e479-4343-a9f8-ade29eb4547c,L1,Profile
c34f3833-e479-4343-a9f8-ade29eb4547c,L1,Profile
c34f3833-e479-4343-a9f8-ade29eb4547c,L1,Profile
c34f3833-e479-4343-a9f8-ade29eb4547c,L1,Profile
c34f3833-e479-4343-a9f8-ade29eb4547c,L1,Profile
c34f3833-e479-4343-a9f8-ade29eb4547c,L1,Profile
c34f3833-e479-4343-a9f8-ade29eb4547c,L1,Profile
c34f3833-e479-4343-a9f8-ade29eb4547c,L1,Profile
c34f3833-e479-4343-a9f8-ade29eb4547c,L1,Profile
c34f3833-e479-4343-a9f8-ade29eb4547c,L1,Profile
c34f3833-e479-4343-a9f8-ade29eb4547c,L1,Profile
c34f3833-e479-4343-a9f8-ade29eb4547c,L1,Profile
c34f3833-e479-4343-a9f8-ade29eb4547c,L1,Profile
c34f3833-e479-4343-a9f8-ade29eb4547c,L1,Profile
c34f3833-e479-4343-a9f8-ade29eb4547c,L1,Profile
c34f3833-e479-4343-a9f8-ade29eb4547c,L1,Profile
c34f3833-e479-4343-a9f8-ade29eb4547c,L1,Profile
c34f3833-e479-4343-a9f8-ade29eb4547c,L1,Profile
c34f3833-e479-4343-a9f8-ade29eb4547c,L1,Profile
c34f3833-e479-4343-a9f8-ade29eb4547c,L1,Profile
c34f3833-e479-4343-a9f8-ade29eb4547c,L1,Profile
c34f3833-e479-4343-a9f8-ade29eb4547c,L1,Profile
c34f3833-e479-4343-a9f8-ade29eb4547c,L1,Profile
c34f3833-e479-4343-a9f8-ade29eb4547c,L1,Profile
c34f3833-e479-4343-a9f8-ade29eb4547c,L1,Profile
c34f3833-e479-4343-a9f8-ade29eb4547c,L1,Profile
c34f3833-e479-4343-a9f8-ade29eb4547c,L1,Profile
c34f3833-e479-4343-a9f8-ade29eb4547c,L1,Profile
c34f3833-e479-4343-a9f8-ade29eb4547c,L1,Profile
c34f3833-e479-4343-a9f8-ade29eb4547c,L1,Profile
c34f3833-e479-4343-a9f8-ade29eb4547c,L1,Profile
c34f3833-e479-4343-a9f8-ade29eb4547c,L1,Profile
c34f3833-e479-4343-a9f8-ade29eb4547c,L1,Profile
c34f3833-e479-4343-a9f8-ade29eb4547c,L1,Profile
c34f3833-e479-4343-a9f8-ade29eb4547c,L1,Profile
c34f3833-e479-4343-a9f8-ade29eb4547c,L1,Profile
c34f3833-e479-4343-a9f8-ade29eb4547c,L1,Profile
c34f3833-e479-4343-a9f8-ade29eb4547c,L1,Profile
c34f3833-e479-4343-a9f8-ade29eb4547c,L1,Profile
c34f3833-e479-4343-a9f8-ade29eb4547c,L1,Profile
c34f3833-e479-4343-a9f8-ade29eb4547c,L1,Profile
c34f3833-e479-4343-a9f8-ade29eb4547c,L1,Profile
c34f3833-e479-4343-a9f8-ade29eb4547c,L1,Profile
c34f3833-e479-4343-a9f8-ade29eb4547c,L1,Profile
c34f3833-e479-4343-a9f8-ade29eb4547c,L1,Profile
c34f3833-e479-4343-a9f8-ade29eb4547c,L1,Profile
c34f3833-e479-4343-a9f8-ade29eb4547c,L1,Profile
c34f3833-e479-4343-a9f8-ade29eb4547c,L1,Profile
c34f3833-e479-4343-a9f8-ade29eb4547c,L1,Profile
c34f3833-e479-4343-a9f8-ade29eb4547c,L1,Profile
c34f3833-e479-4343-a9f8-ade29eb4547c,L1,Profile
c34f3833-e479-4343-a9f8-ade29eb4547c,L1,Profile
c34f3833-e479-4343-a9f8-ade29eb4547c,L1,Profile
c34f3833-e479-4343-a9f8-ade29eb4547c,L1,Profile
c34f3833-e479-4343-a9f8-ade29eb4547c,L1,Profile
c34f3833-e479-4343-a9f8-ade29eb4547c,L1,Profile
c34f3833-e479-4343-a9f8-ade29eb4547c,L1,Profile
c34f3833-e479-4343-a9f8-ade29eb4547c,L1,Profile
c34f3833-e479-4343-a9f8-ade29eb4547c,L1,Profile
c34f3833-e479-4343-a9f8-ade29eb4547c,L1,Profile
c34f3833-e479-4343-a9f8-ade29eb4547c,L1,Profile
c34f3833-e479-4343-a9f8-ade29eb4547c,L1,Profile
c34f3833-e479-4343-a9f8-ade29eb4547c,L1,Profile
c34f3833-e479-4343-a9f8-ade29eb4547c,L1,Profile
c34f3833-e479-4343-a9f8-ade29eb4547c,L1,Profile
c34f3833-e479-4343-a9f8-ade29eb4547c,L1,Profile
c34f3833-e479-4343-a9f8-ade29eb4547c,L1,Profile
c34f3833-e479-4343-a9f8-ade29eb4547c,L1,Profile
c34f3833-e479-4343-a9f8-ade29eb4547c,L1,Profile
c34f3833-e479-4343-a9f8-ade29eb4547c,L1,Profile
c34f3833-e479-4343-a9f8-ade29eb4547c,L1,Profile
c34f3833-e479-4343-a9f8-ade29eb4547c,L1,Profile
c34f3833-e479-4343-a9f8-ade29eb4547c,L1,Profile
c34f3833-e479-4343-a9f8-ade29eb4547c,L1,Profile
c34f3833-e479-4343-a9f8-ade29eb4547c,L1,Profile
c34f3833-e479-4343-a9f8-ade29eb4547c,L1,Profile
c34f3833-e479-4343-a9f8-ade29eb4547c,L1,Profile
c34f3833-e479-4343-a9f8-ade29eb4547c,L1,Profile
c34f3833-e479-4343-a9f8-ade29eb4547c,L1,Profile
c34f3833-e479-4343-a9f8-ade29eb4547c,L1,Profile
c34f3833-e479-4343-a9f8-ade29eb4547c,L1,Profile
c34f3833-e479-4343-a9f8-ade29eb4547c,L1,Profile
c34f3833-e479-4343-a9f8-ade29eb4547c,L1,Profile
c34f3833-e479-4343-a9f8-ade29eb4547c,L1,Profile
c34f3833-e479-4343-a9f8-ade29eb4547c,L1,Profile
c34f3833-e479-4343-a9f8-ade29eb4547c,L1,Profile
c34f3833-e479-4343-a9f8-ade29eb4547c,L1,Profile
c34f3833-e479-4343-a9f8-ade29eb4547c,L1,Profile
c34f3833-e479-4343-a9f8-ade29eb4547c,L1,Profile
c34f3833-e479-4343-a9f8-ade29eb4547c,L1,Profile
c34f3833-e479-4343-a9f8-ade29eb4547c,L1,Profile
c34f3833-e479-4343-a9f8-ade29eb4547c,L1,Profile
c34f3833-e479-4343-a9f8-ade29eb4547c,L1,Profile
c34f3833-e479-4343-a9f8-ade29eb4547c,L1,Profile
c34f3833-e479-4343-a9f8-ade29eb4547c,L1,Profile
c34f3833-e479-4343-a9f8-ade29eb4547c,L1,Profile
c34f3833-e479-4343-a9f8-ade29eb4547c,L1,Profile
c34f3833-e479-4343-a9f8-ade29eb4547c,L1,Profile
c34f3833-e479-4343-a9f8-ade29eb4547c,L1,Profile
c34f3833-e479-4343-a9f8-ade29eb4547c,L1,Profile
c34f3833-e479-4343-a9f8-ade29eb4547c,L1,Profile
c34f3833-e479-4343-a9f8-ade29eb4547c,L1,Profile
c34f3833-e479-4343-a9f8-ade29eb4547c,L1,Profile
c34f3833-e479-4343-a9f8-ade29eb4547c,L1,Profile
c34f3833-e479-4343-a9f8-ade29eb4547c,L1,Profile
c34f3833-e479-4343-a9f8-ade29eb4547c,L1,Profile
c34f3833-e479-4343-a9f8-ade29eb4547c,L1,Profile
c34f3833-e479-4343-a9f8-ade29eb4547c,L1,Profile
c34f3833-e479-4343-a9f8-ade29eb4547c,L1,Profile
c34f3833-e479-4343-a9f8-ade29eb4547c,L1,Profile
c34f3833-e479-4343-a9f8-ade29eb4547c,L1,Profile
c34f3833-e479-4343-a9f8-ade29eb4547c,L1,Profile
c34f3833-e479-4343-a9f8-ade29eb4547c,L1,Profile
c34f3833-e479-4343-a9f8-ade29eb4547c,L1,Profile
c34f3833-e479-4343-a9f8-ade29eb4547c,L1,Profile
c34f3833-e479-4343-a9f8-ade29eb4547c,L1,Profile
c34f3833-e479-4343-a9f8-ade29eb4547c,L1,Profile
c34f3833-e479-4343-a9f8-ade29eb4547c,L1,Profile
c34f3833-e479-4343-a9f8-ade29eb4547c,L1,Profile
c34f3833-e479-4343-a9f8-ade29eb4547c,L1,Profile
c34f3833-e479-4343-a9f8-ade29eb4547c,L1,Profile
c34f3833-e479-4343-a9f8-ade29eb4547c,L1,Profile
c34f3833-e479-4343-a9f8-ade29eb4547c,L1,Profile
c34f3833-e479-4343-a9f8-ade29eb4547c,L1,Profile
c34f3833-e479-4343-a9f8-ade29eb4547c,L1,Profile
c34f3833-e479-4343-a9f8-ade29eb4547c,L1,Profile
c34f3833-e479-4343-a9f8-ade29eb4547c,L1,Profile
c34f3833-e479-4343-a9f8-ade29eb4547c,L1,Profile
c34f3833-e479-4343-a9f8-ade29eb4547c,L1,Profile
c34f3833-e479-4343-a9f8-ade29eb4547c,L1,Profile
c34f3833-e479-4343-a9f8-ade29eb4547c,L1,Profile
c34f3833-e479-4343-a9f8-ade29eb4547c,L1,Profile
c34f3833-e479-4343-a9f8-ade29eb4547c,L1,Profile
c34f3833-e479-4343-a9f8-ade29eb4547c,L1,Profile
c34f3833-e479-4343-a9f8-ade29eb4547c,L1,Profile
c34f3833-e479-4343-a9f8-ade29eb4547c,L1,Profile
c34f3833-e479-4343-a9f8-ade29eb4547c,L1,Profile
c34f3833-e479-4343-a9f8-ade29eb4547c,L1,Profile
c34f3833-e479-4343-a9f8-ade29eb4547c,L1,Profile
c34f3833-e479-4343-a9f8-ade29eb4547c,L1,Profile
c34f3833-e479-4343-a9f8-ade29eb4547c,L1,Profile
c34f3833-e479-4343-a9f8-ade29eb4547c,L1,Profile
c34f3833-e479-4343-a9f8-ade29eb4547c,L1,Profile
c34f3833-e479-4343-a9f8-ade29eb4547c,L1,Profile
c34f3833-e479-4343-a9f8-ade29eb4547c,L1,Profile
c34f3833-e479-4343-a9f8-ade29eb4547c,L1,Profile
c34f3833-e479-4343-a9f8-ade29eb4547c,L1,Profile
c34f3833-e479-4343-a9f8-ade29eb4547c,L1,Profile
c34f3833-e479-4343-a9f8-ade29eb4547c,L1,Profile
c34f3833-e479-4343-a9f8-ade29eb4547c,L1,Profile
c34f3833-e479-4343-a9f8-ade29eb4547c,L1,Profile
c34f3833-e479-4343-a9f8-ade29eb4547c,L1,Profile
c34f3833-e479-4343-a9f8-ade29eb4547c,L1,Profile
c34f3833-e479-4343-a9f8-ade29eb4547c,L1,Profile
c34f3833-e479-4343-a9f8-ade29eb4547c,L1,Profile
c34f3833-e479-4343-a9f8-ade29eb4547c,L1,Profile
c34f3833-e479-4343-a9f8-ade29eb4547c,L1,Profile
c34f3833-e479-4343-a9f8-ade29eb4547c,L1,Profile
c34f3833-e479-4343-a9f8-ade29eb4547c,L1,Profile
c34f3833-e479-4343-a9f8-ade29eb4547c,L1,Profile
c34f3833-e479-4343-a9f8-ade29eb4547c,L1,Profile
c34f3833-e479-4343-a9f8-ade29eb4547c,L1,Profile
c34f3833-e479-4343-a9f8-ade29eb4547c,L1,Profile
c34f3833-e479-4343-a9f8-ade29eb4547c,L1,Profile
c34f3833-e479-4343-a9f8-ade29eb4547c,L1,Profile
c34f3833-e479-4343-a9f8-ade29eb4547c,L1,Profile
c34f3833-e479-4343-a9f8-ade29eb4547c,L1,Profile
c34f3833-e479-4343-a9f8-ade29eb4547c,L1,Profile
c34f3833-e479-4343-a9f8-ade29eb4547c,L1,Profile
c34f3833-e479-4343-a9f8-ade29eb4547c,L1,Profile
c34f3833-e479-4343-a9f8-ade29eb4547c,L1,Profile
c34f3833-e479-4343-a9f8-ade29eb4547c,L1,Profile
c34f3833-e479-4343-a9f8-ade29eb4547c,L1,Profile
c34f3833-e479-4343-a9f8-ade29eb4547c,L1,Profile
c34f3833-e479-4343-a9f8-ade29eb4547c,L1,Profile
c34f3833-e479-4343-a9f8-ade29eb4547c,L1,Profile
c34f3833-e479-4343-a9f8-ade29eb4547c,L1,Profile
c34f3833-e479-4343-a9f8-ade29eb4547c,L1,Profile
c34f3833-e479-4343-a9f8-ade29eb4547c,L1,Profile
c34f3833-e479-4343-a9f8-ade29eb4547c,L1,Profile
c34f3833-e479-4343-a9f8-ade29eb4547c,L1,Profile
c34f3833-e479-4343-a9f8-ade29eb4547c,L1,Profile
c34f3833-e479-4343-a9f8-ade29eb4547c,L1,Profile
c34f3833-e479-4343-a9f8-ade29eb4547c,L1,Profile
c34f3833-e479-4343-a9f8-ade29eb4547c,L1,Profile
c34f3833-e479-4343-a9f8-ade29eb4547c,L1,Profile
c34f3833-e479-4343-a9f8-ade29eb4547c,L1,Profile
c34f3833-e479-4343-a9f8-ade29eb4547c,L1,Profile
c34f3833-e479-4343-a9f8-ade29eb4547c,L1,Profile
c34f3833-e479-4343-a9f8-ade29eb4547c,L1,Profile
c34f3833-e479-4343-a9f8-ade29eb4547c,L1,Profile
c34f3833-e479-4343-a9f8-ade29eb4547c,L1,Profile
c34f3833-e479-4343-a9f8-ade29eb4547c,L1,Profile
c34f3833-e479-4343-a9f8-ade29eb4547c,L1,Profile
c34f3833-e479-4343-a9f8-ade29eb4547c,L1,Profile
c34f3833-e479-4343-a9f8-ade29eb4547c,L1,Profile
c34f3833-e479-4343-a9f8-ade29eb4547c,L1,Profile
c34f3833-e479-4343-a9f8-ade29eb4547c,L1,Profile
c34f3833-e479-4343-a9f8-ade29eb4547c,L1,Profile
c34f3833-e479-4343-a9f8-ade29eb4547c,L1,Profile
c34f3833-e479-4343-a9f8-ade29eb4547c,L1,Profile
c34f3833-e479-4343-a9f8-ade29eb4547c,L1,Profile
c34f3833-e479-4343-a9f8-ade29eb4547c,L1,Profile
c34f3833-e479-4343-a9f8-ade29eb4547c,L1,Profile
c34f3833-e479-4343-a9f8-ade29eb4547c,L1,Profile
c34f3833-e479-4343-a9f8-ade29eb4547c,L1,Profile
c34f3833-e479-4343-a9f8-ade29eb4547c,L1,Profile
c34f3833-e479-4343-a9f8-ade29eb4547c,L1,Profile
c34f3833-e479-4343-a9f8-ade29eb4547c,L1,Profile
c34f3833-e479-4343-a9f8-ade29eb4547c,L1,Profile
c34f3833-e479-4343-a9f8-ade29eb4547c,L1,Profile
c34f3833-e479-4343-a9f8-ade29eb4547c,L1,Profile
c34f3833-e479-4343-a9f8-ade29eb4547c,L1,Profile
c34f3833-e479-4343-a9f8-ade29eb4547c,L1,Profile
c34f3833-e479-4343-a9f8-ade29eb4547c,L1,Profile
c34f3833-e479-4343-a9f8-ade29eb4547c,L1,Profile
c34f3833-e479-4343-a9f8-ade29eb4547c,L1,Profile
c34f3833-e479-4343-a9f8-ade29eb4547c,L1,Profile
c34f3833-e479-4343-a9f8-ade29eb4547c,L1,Profile
c34f3833-e479-4343-a9f8-ade29eb4547c,L1,Profile
c34f3833-e479-4343-a9f8-ade29eb4547c,L1,Profile
c34f3833-e479-4343-a9f8-ade29eb4547c,L1,Profile
c34f3833-e479-4343-a9f8-ade29eb4547c,L1,Profile
c34f3833-e479-4343-a9f8-ade29eb4547c,L1,Profile
c34f3833-e479-4343-a9f8-ade29eb4547c,L1,Profile
c34f3833-e479-4343-a9f8-ade29eb4547c,L1,Profile
c34f3833-e479-4343-a9f8-ade29eb4547c,L1,Profile
c34f3833-e479-4343-a9f8-ade29eb4547c,L1,Profile
c34f3833-e479-4343-a9f8-ade29eb4547c,L1,Profile
c34f3833-e479-4343-a9f8-ade29eb4547c,L1,Profile
c34f3833-e479-4343-a9f8-ade29eb4547c,L1,Profile
c34f3833-e479-4343-a9f8-ade29eb4547c,L1,Profile
c34f3833-e479-4343-a9f8-ade29eb4547c,L1,Profile
c34f3833-e479-4343-a9f8-ade29eb4547c,L1,Profile
c34f3833-e479-4343-a9f8-ade29eb4547c,L1,Profile
c34f3833-e479-4343-a9f8-ade29eb4547c,L1,Profile
c34f3833-e479-4343-a9f8-ade29eb4547c,L1,Profile
c34f3833-e479-4343-a9f8-ade29eb4547c,L1,Profile
c34f3833-e479-4343-a9f8-ade29eb4547c,L1,Profile
c34f3833-e479-4343-a9f8-ade29eb4547c,L1,Profile
c34f3833-e479-4343-a9f8-ade29eb4547c,L1,Profile
c34f3833-e479-4343-a9f8-ade29eb4547c,L1,Profile
c34f3833-e479-4343-a9f8-ade29eb4547c,L1,Profile
c34f3833-e479-4343-a9f8-ade29eb4547c,L1,Profile
c34f3833-e479-4343-a9f8-ade29eb4547c,L1,Profile
c34f3833-e479-4343-a9f8-ade29eb4547c,L1,Profile
c34f3833-e479-4343-a9f8-ade29eb4547c,L1,Profile
c34f3833-e479-4343-a9f8-ade29eb4547c,L1,Profile
c34f3833-e479-4343-a9f8-ade29eb4547c,L1,Profile
c34f3833-e479-4343-a9f8-ade29eb4547c,L1,Profile
c34f3833-e479-4343-a9f8-ade29eb4547c,L1,Profile
c34f3833-e479-4343-a9f8-ade29eb4547c,L1,Profile
c34f3833-e479-4343-a9f8-ade29eb4547c,L1,Profile
c34f3833-e479-4343-a9f8-ade29eb4547c,L1,Profile
c34f3833-e479-4343-a9f8-ade29eb4547c,L1,Profile
c34f3833-e479-4343-a9f8-ade29eb4547c,L1,Profile
c34f3833-e479-4343-a9f8-ade29eb4547c,L1,Profile
c34f3833-e479-4343-a9f8-ade29eb4547c,L1,Profile
c34f3833-e479-4343-a9f8-ade29eb4547c,L1,Profile
c34f3833-e479-4343-a9f8-ade29eb4547c,L1,Profile
c34f3833-e479-4343-a9f8-ade29eb4547c,L1,Profile
c34f3833-e479-4343-a9f8-ade29eb4547c,L1,Profile
c34f3833-e479-4343-a9f8-ade29eb4547c,L1,Profile
c34f3833-e479-4343-a9f8-ade29eb4547c,L1,Profile
c34f3833-e479-4343-a9f8-ade29eb4547c,L1,Profile
c34f3833-e479-4343-a9f8-ade29eb4547c,L1,Profile
c34f3833-e479-4343-a9f8-ade29eb4547c,L1,Profile
c34f3833-e479-4343-a9f8-ade29eb4547c,L1,Profile
c34f3833-e479-4343-a9f8-ade29eb4547c,L1,Profile
c34f3833-e479-4343-a9f8-ade29eb4547c,L1,Profile
c34f3833-e479-4343-a9f8-ade29eb4547c,L1,Profile
c34f3833-e479-4343-a9f8-ade29eb4547c,L1,Profile
c34f3833-e479-4343-a9f8-ade29eb4547c,L1,Profile
c34f3833-e479-4343-a9f8-ade29eb4547c,L1,Profile
c34f3833-e479-4343-a9f8-ade29eb4547c,L1,Profile
c34f3833-e479-4343-a9f8-ade29eb4547c,L1,Profile
c34f3833-e479-4343-a9f8-ade29eb4547c,L1,Profile
c34f3833-e479-4343-a9f8-ade29eb4547c,L1,Profile
c34f3833-e479-4343-a9f8-ade29eb4547c,L1,Profile
c34f3833-e479-4343-a9f8-ade29eb4547c,L1,Profile
c34f3833-e479-4343-a9f8-ade29eb4547c,L1,Profile
c34f3833-e479-4343-a9f8-ade29eb4547c,L1,Profile
c34f3833-e479-4343-a9f8-ade29eb4547c,L1,Profile
c34f3833-e479-4343-a9f8-ade29eb4547c,L1,Profile
c34f3833-e479-4343-a9f8-ade29eb4547c,L1,Profile
c34f3833-e479-4343-a9f8-ade29eb4547c,L1,Profile
c34f3833-e479-4343-a9f8-ade29eb4547c,L1,Profile
c34f3833-e479-4343-a9f8-ade29eb4547c,L1,Profile
c34f3833-e479-4343-a9f8-ade29eb4547c,L1,Profile
c34f3833-e479-4343-a9f8-ade29eb4547c,L1,Profile
c34f3833-e479-4343-a9f8-ade29eb4547c,L1,Profile
c34f3833-e479-4343-a9f8-ade29eb4547c,L1,Profile
c34f3833-e479-4343-a9f8-ade29eb4547c,L1,Profile
c34f3833-e479-4343-a9f8-ade29eb4547c,L1,Profile
c34f3833-e479-4343-a9f8-ade29eb4547c,L1,Profile
c34f3833-e479-4343-a9f8-ade29eb4547c,L1,Profile
c34f3833-e479-4343-a9f8-ade29eb4547c,L1,Profile
c34f3833-e479-4343-a9f8-ade29eb4547c,L1,Profile
c34f3833-e479-4343-a9f8-ade29eb4547c,L1,Profile
c34f3833-e479-4343-a9f8-ade29eb4547c,L1,Profile
c34f3833-e479-4343-a9f8-ade29eb4547c,L1,Profile
c34f3833-e479-4343-a9f8-ade29eb4547c,L1,Profile
c34f3833-e479-4343-a9f8-ade29eb4547c,L1,Profile
c34f3833-e479-4343-a9f8-ade29eb4547c,L1,Profile
c34f3833-e479-4343-a9f8-ade29eb4547c,L1,Profile
c34f3833-e479-4343-a9f8-ade29eb4547c,L1,Profile
c34f3833-e479-4343-a9f8-ade29eb4547c,L1,Profile
c34f3833-e479-4343-a9f8-ade29eb4547c,L1,Profile
c34f3833-e479-4343-a9f8-ade29eb4547c,L1,Profile
c34f3833-e479-4343-a9f8-ade29eb4547c,L1,Profile
c34f3833-e479-4343-a9f8-ade29eb4547c,L1,Profile
c34f3833-e479-4343-a9f8-ade29eb4547c,L1,Profile
c34f3833-e479-4343-a9f8-ade29eb4547c,L1,Profile
c34f3833-e479-4343-a9f8-ade29eb4547c,L1,Profile
c34f3833-e479-4343-a9f8-ade29eb4547c,L1,Profile
c34f3833-e479-4343-a9f8-ade29eb4547c,L1,Profile
c34f3833-e479-4343-a9f8-ade29eb4547c,L1,Profile
c34f3833-e479-4343-a9f8-ade29eb4547c,L1,Profile
c34f3833-e479-4343-a9f8-ade29eb4547c,L1,Profile
c34f3833-e479-4343-a9f8-ade29eb4547c,L1,Profile
c34f3833-e479-4343-a9f8-ade29eb4547c,L1,Profile
c34f3833-e479-4343-a9f8-ade29eb4547c,L1,Profile
c34f3833-e479-4343-a9f8-ade29eb4547c,L1,Profile
c34f3833-e479-4343-a9f8-ade29eb4547c,L1,Profile
c34f3833-e479-4343-a9f8-ade29eb4547c,L1,Profile
c34f3833-e479-4343-a9f8-ade29eb4547c,L1,Profile
c34f3833-e479-4343-a9f8-ade29eb4547c,L1,Profile
c34f3833-e479-4343-a9f8-ade29eb4547c,L1,Profile
c34f3833-e479-4343-a9f8-ade29eb4547c,L1,Profile
c34f3833-e479-4343-a9f8-ade29eb4547c,L1,Profile
c34f3833-e479-4343-a9f8-ade29eb4547c,L1,Profile
c34f3833-e479-4343-a9f8-ade29eb4547c,L1,Profile
c34f3833-e479-4343-a9f8-ade29eb4547c,L1,Profile
c34f3833-e479-4343-a9f8-ade29eb4547c,L1,Profile
c34f3833-e479-4343-a9f8-ade29eb4547c,L1,Profile
c34f3833-e479-4343-a9f8-ade29eb4547c,L1,Profile
c34f3833-e479-4343-a9f8-ade29eb4547c,L1,Profile
c34f3833-e479-4343-a9f8-ade29eb4547c,L1,Profile
c34f3833-e479-4343-a9f8-ade29eb4547c,L1,Profile
c34f3833-e479-4343-a9f8-ade29eb4547c,L1,Profile
c34f3833-e479-4343-a9f8-ade29eb4547c,L1,Profile
c34f3833-e479-4343-a9f8-ade29eb4547c,L1,Profile
c34f3833-e479-4343-a9f8-ade29eb4547c,L1,Profile
c34f3833-e479-4343-a9f8-ade29eb4547c,L1,Profile
c34f3833-e479-4343-a9f8-ade29eb4547c,L1,Profile
c34f3833-e479-4343-a9f8-ade29eb4547c,L1,Profile
c34f3833-e479-4343-a9f8-ade29eb4547c,L1,Profile
c34f3833-e479-4343-a9f8-ade29eb4547c,L1,Profile
c34f3833-e479-4343-a9f8-ade29eb4547c,L1,Profile
c34f3833-e479-4343-a9f8-ade29eb4547c,L1,Profile
c34f3833-e479-4343-a9f8-ade29eb4547c,L1,Profile
c34f3833-e479-4343-a9f8-ade29eb4547c,L1,Profile
c34f3833-e479-4343-a9f8-ade29eb4547c,L1,Profile
c34f3833-e479-4343-a9f8-ade29eb4547c,L1,Profile
c34f3833-e479-4343-a9f8-ade29eb4547c,L1,Profile
c34f3833-e479-4343-a9f8-ade29eb4547c,L1,Profile
c34f3833-e479-4343-a9f8-ade29eb4547c,L1,Profile
c34f3833-e479-4343-a9f8-ade29eb4547c,L1,Profile
c34f3833-e479-4343-a9f8-ade29eb4547c,L1,Profile
c34f3833-e479-4343-a9f8-ade29eb4547c,L1,Profile
c34f3833-e479-4343-a9f8-ade29eb4547c,L1,Profile
c34f3833-e479-4343-a9f8-ade29eb4547c,L1,Profile
c34f3833-e479-4343-a9f8-ade29eb4547c,L1,Profile
c34f3833-e479-4343-a9f8-ade29eb4547c,L1,Profile
c34f3833-e479-4343-a9f8-ade29eb4547c,L1,Profile
c34f3833-e479-4343-a9f8-ade29eb4547c,L1,Profile
c34f3833-e479-4343-a9f8-ade29eb4547c,L1,Profile
c34f3833-e479-4343-a9f8-ade29eb4547c,L1,Profile
c34f3833-e479-4343-a9f8-ade29eb4547c,L1,Profile
c34f3833-e479-4343-a9f8-ade29eb4547c,L1,Profile
c34f3833-e479-4343-a9f8-ade29eb4547c,L1,Profile
c34f3833-e479-4343-a9f8-ade29eb4547c,L1,Profile
c34f3833-e479-4343-a9f8-ade29eb4547c,L1,Profile
c34f3833-e479-4343-a9f8-ade29eb4547c,L1,Profile
c34f3833-e479-4343-a9f8-ade29eb4547c,L1,Profile
c34f3833-e479-4343-a9f8-ade29eb4547c,L1,Profile
c34f3833-e479-4343-a9f8-ade29eb4547c,L1,Profile
c34f3833-e479-4343-a9f8-ade29eb4547c,L1,Profile
c34f3833-e479-4343-a9f8-ade29eb4547c,L1,Profile
c34f3833-e479-4343-a9f8-ade29eb4547c,L1,Profile
c34f3833-e479-4343-a9f8-ade29eb4547c,L1,Profile
c34f3833-e479-4343-a9f8-ade29eb4547c,L1,Profile
c34f3833-e479-4343-a9f8-ade29eb4547c,L1,Profile
c34f3833-e479-4343-a9f8-ade29eb4547c,L1,Profile
c34f3833-e479-4343-a9f8-ade29eb4547c,L1,Profile
c34f3833-e479-4343-a9f8-ade29eb4547c,L1,Profile
c34f3833-e479-4343-a9f8-ade29eb4547c,L1,Profile
c34f3833-e479-4343-a9f8-ade29eb4547c,L1,Profile
c34f3833-e479-4343-a9f8-ade29eb4547c,L1,Profile
c34f3833-e479-4343-a9f8-ade29eb4547c,L1,Profile
c34f3833-e479-4343-a9f8-ade29eb4547c,L1,Profile
c34f3833-e479-4343-a9f8-ade29eb4547c,L1,Profile
c34f3833-e479-4343-a9f8-ade29eb4547c,L1,Profile
c34f3833-e479-4343-a9f8-ade29eb4547c,L1,Profile
c34f3833-e479-4343-a9f8-ade29eb4547c,L1,Profile
c34f3833-e479-4343-a9f8-ade29eb4547c,L1,Profile
c34f3833-e479-4343-a9f8-ade29eb4547c,L1,Profile
c34f3833-e479-4343-a9f8-ade29eb4547c,L1,Profile
c34f3833-e479-4343-a9f8-ade29eb4547c,L1,Profile
c34f3833-e479-4343-a9f8-ade29eb4547c,L1,Profile
c34f3833-e479-4343-a9f8-ade29eb4547c,L1,Profile
c34f3833-e479-4343-a9f8-ade29eb4547c,L1,Profile
c34f3833-e479-4343-a9f8-ade29eb4547c,L1,Profile
c34f3833-e479-4343-a9f8-ade29eb4547c,L1,Profile
c34f3833-e479-4343-a9f8-ade29eb4547c,L1,Profile
c34f3833-e479-4343-a9f8-ade29eb4547c,L1,Profile
c34f3833-e479-4343-a9f8-ade29eb4547c,L1,Profile
c34f3833-e479-4343-a9f8-ade29eb4547c,L1,Profile
c34f3833-e479-4343-a9f8-ade29eb4547c,L1,Profile
c34f3833-e479-4343-a9f8-ade29eb4547c,L1,Profile
c34f3833-e479-4343-a9f8-ade29eb4547c,L1,Profile
c34f3833-e479-4343-a9f8-ade29eb4547c,L1,Profile
c34f3833-e479-4343-a9f8-ade29eb4547c,L1,Profile
c34f3833-e479-4343-a9f8-ade29eb4547c,L1,Profile
c34f3833-e479-4343-a9f8-ade29eb4547c,L1,Profile
c34f3833-e479-4343-a9f8-ade29eb4547c,L1,Profile
c34f3833-e479-4343-a9f8-ade29eb4547c,L1,Profile
c34f3833-e479-4343-a9f8-ade29eb4547c,L1,Profile
c34f3833-e479-4343-a9f8-ade29eb4547c,L1,Profile
c34f3833-e479-4343-a9f8-ade29eb4547c,L1,Profile
c34f3833-e479-4343-a9f8-ade29eb4547c,L1,Profile
c34f3833-e479-4343-a9f8-ade29eb4547c,L1,Profile
c34f3833-e479-4343-a9f8-ade29eb4547c,L1,Profile
c34f3833-e479-4343-a9f8-ade29eb4547c,L1,Profile
c34f3833-e479-4343-a9f8-ade29eb4547c,L1,Profile
c34f3833-e479-4343-a9f8-ade29eb4547c,L1,Profile
c34f3833-e479-4343-a9f8-ade29eb4547c,L1,Profile
c34f3833-e479-4343-a9f8-ade29eb4547c,L1,Profile
c34f3833-e479-4343-a9f8-ade29eb4547c,L1,Profile
c34f3833-e479-4343-a9f8-ade29eb4547c,L1,Profile
c34f3833-e479-4343-a9f8-ade29eb4547c,L1,Profile
c34f3833-e479-4343-a9f8-ade29eb4547c,L1,Profile
c34f3833-e479-4343-a9f8-ade29eb4547c,L1,Profile
c34f3833-e479-4343-a9f8-ade29eb4547c,L1,Profile
c34f3833-e479-4343-a9f8-ade29eb4547c,L1,Profile
c34f3833-e479-4343-a9f8-ade29eb4547c,L1,Profile
c34f3833-e479-4343-a9f8-ade29eb4547c,L1,Profile
c34f3833-e479-4343-a9f8-ade29eb4547c,L1,Profile
c34f3833-e479-4343-a9f8-ade29eb4547c,L1,Profile
c34f3833-e479-4343-a9f8-ade29eb4547c,L1,Profile
c34f3833-e479-4343-a9f8-ade29eb4547c,L1,Profile
c34f3833-e479-4343-a9f8-ade29eb4547c,L1,Profile
c34f3833-e479-4343-a9f8-ade29eb4547c,L1,Profile
c34f3833-e479-4343-a9f8-ade29eb4547c,L1,Profile
c34f3833-e479-4343-a9f8-ade29eb4547c,L1,Profile
c34f3833-e479-4343-a9f8-ade29eb4547c,L1,Profile
c34f3833-e479-4343-a9f8-ade29eb4547c,L1,Profile
c34f3833-e479-4343-a9f8-ade29eb4547c,L1,Profile
c34f3833-e479-4343-a9f8-ade29eb4547c,L1,Profile
c34f3833-e479-4343-a9f8-ade29eb4547c,L1,Profile
c34f3833-e479-4343-a9f8-ade29eb4547c,L1,Profile
c34f3833-e479-4343-a9f8-ade29eb4547c,L1,Profile
c34f3833-e479-4343-a9f8-ade29eb4547c,L1,Profile
c34f3833-e479-4343-a9f8-ade29eb4547c,L1,Profile
c34f3833-e479-4343-a9f8-ade29eb4547c,L1,Profile
c34f3833-e479-4343-a9f8-ade29eb4547c,L1,Profile
c34f3833-e479-4343-a9f8-ade29eb4547c,L1,Profile
c34f3833-e479-4343-a9f8-ade29eb4547c,L1,Profile
c34f3833-e479-4343-a9f8-ade29eb4547c,L1,Profile
c34f3833-e479-4343-a9f8-ade29eb4547c,L1,Profile
c34f3833-e479-4343-a9f8-ade29eb4547c,L1,Profile
c34f3833-e479-4343-a9f8-ade29eb4547c,L1,Profile
c34f3833-e479-4343-a9f8-ade29eb4547c,L1,Profile
c34f3833-e479-4343-a9f8-ade29eb4547c,L1,Profile
c34f3833-e479-4343-a9f8-ade29eb4547c,L1,Profile
c34f3833-e479-4343-a9f8-ade29eb4547c,L1,Profile
c34f3833-e479-4343-a9f8-ade29eb4547c,L1,Profile
c34f3833-e479-4343-a9f8-ade29eb4547c,L1,Profile
c34f3833-e479-4343-a9f8-ade29eb4547c,L1,Profile
c34f3833-e479-4343-a9f8-ade29eb4547c,L1,Profile
c34f3833-e479-4343-a9f8-ade29eb4547c,L1,Profile
c34f3833-e479-4343-a9f8-ade29eb4547c,L1,Profile
c34f3833-e479-4343-a9f8-ade29eb4547c,L1,Profile
c34f3833-e479-4343-a9f8-ade29eb4547c,L1,Profile
c34f3833-e479-4343-a9f8-ade29eb4547c,L1,Profile
c34f3833-e479-4343-a9f8-ade29eb4547c,L1,Profile
c34f3833-e479-4343-a9f8-ade29eb4547c,L1,Profile
c34f3833-e479-4343-a9f8-ade29eb4547c,L1,Profile
c34f3833-e479-4343-a9f8-ade29eb4547c,L1,Profile
c34f3833-e479-4343-a9f8-ade29eb4547c,L1,Profile
c34f3833-e479-4343-a9f8-ade29eb4547c,L1,Profile
c34f3833-e479-4343-a9f8-ade29eb4547c,L1,Profile
c34f3833-e479-4343-a9f8-ade29eb4547c,L1,Profile
c34f3833-e479-4343-a9f8-ade29eb4547c,L1,Profile
c34f3833-e479-4343-a9f8-ade29eb4547c,L1,Profile
c34f3833-e479-4343-a9f8-ade29eb4547c,L1,Profile
c34f3833-e479-4343-a9f8-ade29eb4547c,L1,Profile
c34f3833-e479-4343-a9f8-ade29eb4547c,L1,Profile
c34f3833-e479-4343-a9f8-ade29eb4547c,L1,Profile
c34f3833-e479-4343-a9f8-ade29eb4547c,L1,Profile
c34f3833-e479-4343-a9f8-ade29eb4547c,L1,Profile
c34f3833-e479-4343-a9f8-ade29eb4547c,L1,Profile
c34f3833-e479-4343-a9f8-ade29eb4547c,L1,Profile
c34f3833-e479-4343-a9f8-ade29eb4547c,L1,Profile
c34f3833-e479-4343-a9f8-ade29eb4547c,L1,Profile
c34f3833-e479-4343-a9f8-ade29eb4547c,L1,Profile
c34f3833-e479-4343-a9f8-ade29eb4547c,L1,Profile
c34f3833-e479-4343-a9f8-ade29eb4547c,L1,Profile
c34f3833-e479-4343-a9f8-ade29eb4547c,L1,Profile
c34f3833-e479-4343-a9f8-ade29eb4547c,L1,Profile
c34f3833-e479-4343-a9f8-ade29eb4547c,L1,Profile
c34f3833-e479-4343-a9f8-ade29eb4547c,L1,Profile
c34f3833-e479-4343-a9f8-ade29eb4547c,L1,Profile
c34f3833-e479-4343-a9f8-ade29eb4547c,L1,Profile
c34f3833-e479-4343-a9f8-ade29eb4547c,L1,Profile
c34f3833-e479-4343-a9f8-ade29eb4547c,L1,Profile
c34f3833-e479-4343-a9f8-ade29eb4547c,L1,Profile
c34f3833-e479-4343-a9f8-ade29eb4547c,L1,Profile
c34f3833-e479-4343-a9f8-ade29eb4547c,L1,Profile
c34f3833-e479-4343-a9f8-ade29eb4547c,L1,Profile
c34f3833-e479-4343-a9f8-ade29eb4547c,L1,Profile
c34f3833-e479-4343-a9f8-ade29eb4547c,L1,Profile
c34f3833-e479-4343-a9f8-ade29eb4547c,L1,Profile
c34f3833-e479-4343-a9f8-ade29eb4547c,L1,Profile
c34f3833-e479-4343-a9f8-ade29eb4547c,L1,Profile
c34f3833-e479-4343-a9f8-ade29eb4547c,L1,Profile
c34f3833-e479-4343-a9f8-ade29eb4547c,L1,Profile
c34f3833-e479-4343-a9f8-ade29eb4547c,L1,Profile
c34f3833-e479-4343-a9f8-ade29eb4547c,L1,Profile
c34f3833-e479-4343-a9f8-ade29eb4547c,L1,Profile
c34f3833-e479-4343-a9f8-ade29eb4547c,L1,Profile
c34f3833-e479-4343-a9f8-ade29eb4547c,L1,Profile
c34f3833-e479-4343-a9f8-ade29eb4547c,L1,Profile
c34f3833-e479-4343-a9f8-ade29eb4547c,L1,Profile
c34f3833-e479-4343-a9f8-ade29eb4547c,L1,Profile
c34f3833-e479-4343-a9f8-ade29eb4547c,L1,Profile
c34f3833-e479-4343-a9f8-ade29eb4547c,L1,Profile
c34f3833-e479-4343-a9f8-ade29eb4547c,L1,Profile
c34f3833-e479-4343-a9f8-ade29eb4547c,L1,Profile
c34f3833-e479-4343-a9f8-ade29eb4547c,L1,Profile
c34f3833-e479-4343-a9f8-ade29eb4547c,L1,Profile
c34f3833-e479-4343-a9f8-ade29eb4547c,L1,Profile
c34f3833-e479-4343-a9f8-ade29eb4547c,L1,Profile
c34f3833-e479-4343-a9f8-ade29eb4547c,L1,Profile
c34f3833-e479-4343-a9f8-ade29eb4547c,L1,Profile
c34f3833-e479-4343-a9f8-ade29eb4547c,L1,Profile
c34f3833-e479-4343-a9f8-ade29eb4547c,L1,Profile
c34f3833-e479-4343-a9f8-ade29eb4547c,L1,Profile
c34f3833-e479-4343-a9f8-ade29eb4547c,L1,Profile
c34f3833-e479-4343-a9f8-ade29eb4547c,L1,Profile
c34f3833-e479-4343-a9f8-ade29eb4547c,L1,Profile
c34f3833-e479-4343-a9f8-ade29eb4547c,L1,Profile
c34f3833-e479-4343-a9f8-ade29eb4547c,L1,Profile
c34f3833-e479-4343-a9f8-ade29eb4547c,L1,Profile
c34f3833-e479-4343-a9f8-ade29eb4547c,L1,Profile
c34f3833-e479-4343-a9f8-ade29eb4547c,L1,Profile
c34f3833-e479-4343-a9f8-ade29eb4547c,L1,Profile
c34f3833-e479-4343-a9f8-ade29eb4547c,L1,Profile
c34f3833-e479-4343-a9f8-ade29eb4547c,L1,Profile
c34f3833-e479-4343-a9f8-ade29eb4547c,L1,Profile
c34f3833-e479-4343-a9f8-ade29eb4547c,L1,Profile
c34f3833-e479-4343-a9f8-ade29eb4547c,L1,Profile
c34f3833-e479-4343-a9f8-ade29eb4547c,L1,Profile
c34f3833-e479-4343-a9f8-ade29eb4547c,L1,Profile
c34f3833-e479-4343-a9f8-ade29eb4547c,L1,Profile
c34f3833-e479-4343-a9f8-ade29eb4547c,L1,Profile
c34f3833-e479-4343-a9f8-ade29eb4547c,L1,Profile
c34f3833-e479-4343-a9f8-ade29eb4547c,L1,Profile
c34f3833-e479-4343-a9f8-ade29eb4547c,L1,Profile
c34f3833-e479-4343-a9f8-ade29eb4547c,L1,Profile
c34f3833-e479-4343-a9f8-ade29eb4547c,L1,Profile
c34f3833-e479-4343-a9f8-ade29eb4547c,L1,Profile
c34f3833-e479-4343-a9f8-ade29eb4547c,L1,Profile
c34f3833-e479-4343-a9f8-ade29eb4547c,L1,Profile
c34f3833-e479-4343-a9f8-ade29eb4547c,L1,Profile
c34f3833-e479-4343-a9f8-ade29eb4547c,L1,Profile
c34f3833-e479-4343-a9f8-ade29eb4547c,L1,Profile
c34f3833-e479-4343-a9f8-ade29eb4547c,L1,Profile
c34f3833-e479-4343-a9f8-ade29eb4547c,L1,Profile
c34f3833-e479-4343-a9f8-ade29eb4547c,L1,Profile
c34f3833-e479-4343-a9f8-ade29eb4547c,L1,Profile
c34f3833-e479-4343-a9f8-ade29eb4547c,L1,Profile
c34f3833-e479-4343-a9f8-ade29eb4547c,L1,Profile
c34f3833-e479-4343-a9f8-ade29eb4547c,L1,Profile
c34f3833-e479-4343-a9f8-ade29eb4547c,L1,Profile
c34f3833-e479-4343-a9f8-ade29eb4547c,L1,Profile
c34f3833-e479-4343-a9f8-ade29eb4547c,L1,Profile
c34f3833-e479-4343-a9f8-ade29eb4547c,L1,Profile
c34f3833-e479-4343-a9f8-ade29eb4547c,L1,Profile
c34f3833-e479-4343-a9f8-ade29eb4547c,L1,Profile
c34f3833-e479-4343-a9f8-ade29eb4547c,L1,Profile
c34f3833-e479-4343-a9f8-ade29eb4547c,L1,Profile
c34f3833-e479-4343-a9f8-ade29eb4547c,L1,Profile
c34f3833-e479-4343-a9f8-ade29eb4547c,L1,Profile
c34f3833-e479-4343-a9f8-ade29eb4547c,L1,Profile
c34f3833-e479-4343-a9f8-ade29eb4547c,L1,Profile
c34f3833-e479-4343-a9f8-ade29eb4547c,L1,Profile
c34f3833-e479-4343-a9f8-ade29eb4547c,L1,Profile
c34f3833-e479-4343-a9f8-ade29eb4547c,L1,Profile
c34f3833-e479-4343-a9f8-ade29eb4547c,L1,Profile
c34f3833-e479-4343-a9f8-ade29eb4547c,L1,Profile
c34f3833-e479-4343-a9f8-ade29eb4547c,L1,Profile
c34f3833-e479-4343-a9f8-ade29eb4547c,L1,Profile
c34f3833-e479-4343-a9f8-ade29eb4547c,L1,Profile
c34f3833-e479-4343-a9f8-ade29eb4547c,L1,Profile
c34f3833-e479-4343-a9f8-ade29eb4547c,L1,Profile
c34f3833-e479-4343-a9f8-ade29eb4547c,L1,Profile
c34f3833-e479-4343-a9f8-ade29eb4547c,L1,Profile
c34f3833-e479-4343-a9f8-ade29eb4547c,L1,Profile
c34f3833-e479-4343-a9f8-ade29eb4547c,L1,Profile
c34f3833-e479-4343-a9f8-ade29eb4547c,L1,Profile
c34f3833-e479-4343-a9f8-ade29eb4547c,L1,Profile
c34f3833-e479-4343-a9f8-ade29eb4547c,L1,Profile
c34f3833-e479-4343-a9f8-ade29eb4547c,L1,Profile
c34f3833-e479-4343-a9f8-ade29eb4547c,L1,Profile
c34f3833-e479-4343-a9f8-ade29eb4547c,L1,Profile
c34f3833-e479-4343-a9f8-ade29eb4547c,L1,Profile
c34f3833-e479-4343-a9f8-ade29eb4547c,L1,Profile
c34f3833-e479-4343-a9f8-ade29eb4547c,L1,Profile
c34f3833-e479-4343-a9f8-ade29eb4547c,L1,Profile
c34f3833-e479-4343-a9f8-ade29eb4547c,L1,Profile
c34f3833-e479-4343-a9f8-ade29eb4547c,L1,Profile
c34f3833-e479-4343-a9f8-ade29eb4547c,L1,Profile
c34f3833-e479-4343-a9f8-ade29eb4547c,L1,Profile
c34f3833-e479-4343-a9f8-ade29eb4547c,L1,Profile
c34f3833-e479-4343-a9f8-ade29eb4547c,L1,Profile
c34f3833-e479-4343-a9f8-ade29eb4547c,L1,Profile
c34f3833-e479-4343-a9f8-ade29eb4547c,L1,Profile
c34f3833-e479-4343-a9f8-ade29eb4547c,L1,Profile
c34f3833-e479-4343-a9f8-ade29eb4547c,L1,Profile
c34f3833-e479-4343-a9f8-ade29eb4547c,L1,Profile
c34f3833-e479-4343-a9f8-ade29eb4547c,L1,Profile
c34f3833-e479-4343-a9f8-ade29eb4547c,L1,Profile
c34f3833-e479-4343-a9f8-ade29eb4547c,L1,Profile
c34f3833-e479-4343-a9f8-ade29eb4547c,L1,Profile
c34f3833-e479-4343-a9f8-ade29eb4547c,L1,Profile
c34f3833-e479-4343-a9f8-ade29eb4547c,L1,Profile
c34f3833-e479-4343-a9f8-ade29eb4547c,L1,Profile
c34f3833-e479-4343-a9f8-ade29eb4547c,L1,Profile
c34f3833-e479-4343-a9f8-ade29eb4547c,L1,Profile
c34f3833-e479-4343-a9f8-ade29eb4547c,L1,Profile
c34f3833-e479-4343-a9f8-ade29eb4547c,L1,Profile
c34f3833-e479-4343-a9f8-ade29eb4547c,L1,Profile
c34f3833-e479-4343-a9f8-ade29eb4547c,L1,Profile
c34f3833-e479-4343-a9f8-ade29eb4547c,L1,Profile
c34f3833-e479-4343-a9f8-ade29eb4547c,L1,Profile
c34f3833-e479-4343-a9f8-ade29eb4547c,L1,Profile
c34f3833-e479-4343-a9f8-ade29eb4547c,L1,Profile
c34f3833-e479-4343-a9f8-ade29eb4547c,L1,Profile
c34f3833-e479-4343-a9f8-ade29eb4547c,L1,Profile
c34f3833-e479-4343-a9f8-ade29eb4547c,L1,Profile
c34f3833-e479-4343-a9f8-ade29eb4547c,L1,Profile
c34f3833-e479-4343-a9f8-ade29eb4547c,L1,Profile
c34f3833-e479-4343-a9f8-ade29eb4547c,L1,Profile
c34f3833-e479-4343-a9f8-ade29eb4547c,L1,Profile
c34f3833-e479-4343-a9f8-ade29eb4547c,L1,Profile
c34f3833-e479-4343-a9f8-ade29eb4547c,L1,Profile
c34f3833-e479-4343-a9f8-ade29eb4547c,L1,Profile
c34f3833-e479-4343-a9f8-ade29eb4547c,L1,Profile
c34f3833-e479-4343-a9f8-ade29eb4547c,L1,Profile
c34f3833-e479-4343-a9f8-ade29eb4547c,L1,Profile
c34f3833-e479-4343-a9f8-ade29eb4547c,L1,Profile
c34f3833-e479-4343-a9f8-ade29eb4547c,L1,Profile
c34f3833-e479-4343-a9f8-ade29eb4547c,L1,Profile
c34f3833-e479-4343-a9f8-ade29eb4547c,L1,Profile
c34f3833-e479-4343-a9f8-ade29eb4547c,L1,Profile
c34f3833-e479-4343-a9f8-ade29eb4547c,L1,Profile
c34f3833-e479-4343-a9f8-ade29eb4547c,L1,Profile
c34f3833-e479-4343-a9f8-ade29eb4547c,L1,Profile
c34f3833-e479-4343-a9f8-ade29eb4547c,L1,Profile
c34f3833-e479-4343-a9f8-ade29eb4547c,L1,Profile
c34f3833-e479-4343-a9f8-ade29eb4547c,L1,Profile
c34f3833-e479-4343-a9f8-ade29eb4547c,L1,Profile
c34f3833-e479-4343-a9f8-ade29eb4547c,L1,Profile
c34f3833-e479-4343-a9f8-ade29eb4547c,L1,Profile
c34f3833-e479-4343-a9f8-ade29eb4547c,L1,Profile
c34f3833-e479-4343-a9f8-ade29eb4547c,L1,Profile
c34f3833-e479-4343-a9f8-ade29eb4547c,L1,Profile
c34f3833-e479-4343-a9f8-ade29eb4547c,L1,Profile
c34f3833-e479-4343-a9f8-ade29eb4547c,L1,Profile
c34f3833-e479-4343-a9f8-ade29eb4547c,L1,Profile
c34f3833-e479-4343-a9f8-ade29eb4547c,L1,Profile
c34f3833-e479-4343-a9f8-ade29eb4547c,L1,Profile
c34f3833-e479-4343-a9f8-ade29eb4547c,L1,Profile
c34f3833-e479-4343-a9f8-ade29eb4547c,L1,Profile
c34f3833-e479-4343-a9f8-ade29eb4547c,L1,Profile
c34f3833-e479-4343-a9f8-ade29eb4547c,L1,Profile
c34f3833-e479-4343-a9f8-ade29eb4547c,L1,Profile
c34f3833-e479-4343-a9f8-ade29eb4547c,L1,Profile
c34f3833-e479-4343-a9f8-ade29eb4547c,L1,Profile
c34f3833-e479-4343-a9f8-ade29eb4547c,L1,Profile
c34f3833-e479-4343-a9f8-ade29eb4547c,L1,Profile
c34f3833-e479-4343-a9f8-ade29eb4547c,L1,Profile
c34f3833-e479-4343-a9f8-ade29eb4547c,L1,Profile
c34f3833-e479-4343-a9f8-ade29eb4547c,L1,Profile
c34f3833-e479-4343-a9f8-ade29eb4547c,L1,Profile
c34f3833-e479-4343-a9f8-ade29eb4547c,L1,Profile
c34f3833-e479-4343-a9f8-ade29eb4547c,L1,Profile
c34f3833-e479-4343-a9f8-ade29eb4547c,L1,Profile
c34f3833-e479-4343-a9f8-ade29eb4547c,L1,Profile
c34f3833-e479-4343-a9f8-ade29eb4547c,L1,Profile
c34f3833-e479-4343-a9f8-ade29eb4547c,L1,Profile
c34f3833-e479-4343-a9f8-ade29eb4547c,L1,Profile
c34f3833-e479-4343-a9f8-ade29eb4547c,L1,Profile
c34f3833-e479-4343-a9f8-ade29eb4547c,L1,Profile
c34f3833-e479-4343-a9f8-ade29eb4547c,L1,Profile
c34f3833-e479-4343-a9f8-ade29eb4547c,L1,Profile
c34f3833-e479-4343-a9f8-ade29eb4547c,L1,Profile
c34f3833-e479-4343-a9f8-ade29eb4547c,L1,Profile
c34f3833-e479-4343-a9f8-ade29eb4547c,L1,Profile
c34f3833-e479-4343-a9f8-ade29eb4547c,L1,Profile
c34f3833-e479-4343-a9f8-ade29eb4547c,L1,Profile
c34f3833-e479-4343-a9f8-ade29eb4547c,L1,Profile
c34f3833-e479-4343-a9f8-ade29eb4547c,L1,Profile
c34f3833-e479-4343-a9f8-ade29eb4547c,L1,Profile
c34f3833-e479-4343-a9f8-ade29eb4547c,L1,Profile
c34f3833-e479-4343-a9f8-ade29eb4547c,L1,Profile
c34f3833-e479-4343-a9f8-ade29eb4547c,L1,Profile
c34f3833-e479-4343-a9f8-ade29eb4547c,L1,Profile
c34f3833-e479-4343-a9f8-ade29eb4547c,L1,Profile
c34f3833-e479-4343-a9f8-ade29eb4547c,L1,Profile
c34f3833-e479-4343-a9f8-ade29eb4547c,L1,Profile
c34f3833-e479-4343-a9f8-ade29eb4547c,L1,Profile
c34f3833-e479-4343-a9f8-ade29eb4547c,L1,Profile
c34f3833-e479-4343-a9f8-ade29eb4547c,L1,Profile
c34f3833-e479-4343-a9f8-ade29eb4547c,L1,Profile
c34f3833-e479-4343-a9f8-ade29eb4547c,L1,Profile
c34f3833-e479-4343-a9f8-ade29eb4547c,L1,Profile
c34f3833-e479-4343-a9f8-ade29eb4547c,L1,Profile
c34f3833-e479-4343-a9f8-ade29eb4547c,L1,Profile
c34f3833-e479-4343-a9f8-ade29eb4547c,L1,Profile
c34f3833-e479-4343-a9f8-ade29eb4547c,L1,Profile
c34f3833-e479-4343-a9f8-ade29eb4547c,L1,Profile
c34f3833-e479-4343-a9f8-ade29eb4547c,L1,Profile
c34f3833-e479-4343-a9f8-ade29eb4547c,L1,Profile
c34f3833-e479-4343-a9f8-ade29eb4547c,L1,Profile
c34f3833-e479-4343-a9f8-ade29eb4547c,L1,Profile
c34f3833-e479-4343-a9f8-ade29eb4547c,L1,Profile
c34f3833-e479-4343-a9f8-ade29eb4547c,L1,Profile
c34f3833-e479-4343-a9f8-ade29eb4547c,L1,Profile
c34f3833-e479-4343-a9f8-ade29eb4547c,L1,Profile
c34f3833-e479-4343-a9f8-ade29eb4547c,L1,Profile
c34f3833-e479-4343-a9f8-ade29eb4547c,L1,Profile
c34f3833-e479-4343-a9f8-ade29eb4547c,L1,Profile
c34f3833-e479-4343-a9f8-ade29eb4547c,L1,Profile
c34f3833-e479-4343-a9f8-ade29eb4547c,L1,Profile
c34f3833-e479-4343-a9f8-ade29eb4547c,L1,Profile
c34f3833-e479-4343-a9f8-ade29eb4547c,L1,Profile
c34f3833-e479-4343-a9f8-ade29eb4547c,L1,Profile
c34f3833-e479-4343-a9f8-ade29eb4547c,L1,Profile
c34f3833-e479-4343-a9f8-ade29eb4547c,L1,Profile
c34f3833-e479-4343-a9f8-ade29eb4547c,L1,Profile
c34f3833-e479-4343-a9f8-ade29eb4547c,L1,Profile
c34f3833-e479-4343-a9f8-ade29eb4547c,L1,Profile
c34f3833-e479-4343-a9f8-ade29eb4547c,L1,Profile
c34f3833-e479-4343-a9f8-ade29eb4547c,L1,Profile
c34f3833-e479-4343-a9f8-ade29eb4547c,L1,Profile
c34f3833-e479-4343-a9f8-ade29eb4547c,L1,Profile
c34f3833-e479-4343-a9f8-ade29eb4547c,L1,Profile
c34f3833-e479-4343-a9f8-ade29eb4547c,L1,Profile
c34f3833-e479-4343-a9f8-ade29eb4547c,L1,Profile
c34f3833-e479-4343-a9f8-ade29eb4547c,L1,Profile
c34f3833-e479-4343-a9f8-ade29eb4547c,L1,Profile
c34f3833-e479-4343-a9f8-ade29eb4547c,L1,Profile
c34f3833-e479-4343-a9f8-ade29eb4547c,L1,Profile
c34f3833-e479-4343-a9f8-ade29eb4547c,L1,Profile
c34f3833-e479-4343-a9f8-ade29eb4547c,L1,Profile
c34f3833-e479-4343-a9f8-ade29eb4547c,L1,Profile
c34f3833-e479-4343-a9f8-ade29eb4547c,L1,Profile
c34f3833-e479-4343-a9f8-ade29eb4547c,L1,Profile
c34f3833-e479-4343-a9f8-ade29eb4547c,L1,Profile
c34f3833-e479-4343-a9f8-ade29eb4547c,L1,Profile
c34f3833-e479-4343-a9f8-ade29eb4547c,L1,Profile
c34f3833-e479-4343-a9f8-ade29eb4547c,L1,Profile
c34f3833-e479-4343-a9f8-ade29eb4547c,L1,Profile
c34f3833-e479-4343-a9f8-ade29eb4547c,L1,Profile
c34f3833-e479-4343-a9f8-ade29eb4547c,L1,Profile
c34f3833-e479-4343-a9f8-ade29eb4547c,L1,Profile
c34f3833-e479-4343-a9f8-ade29eb4547c,L1,Profile
c34f3833-e479-4343-a9f8-ade29eb4547c,L1,Profile
c34f3833-e479-4343-a9f8-ade29eb4547c,L1,Profile
c34f3833-e479-4343-a9f8-ade29eb4547c,L1,Profile
c34f3833-e479-4343-a9f8-ade29eb4547c,L1,Profile
c34f3833-e479-4343-a9f8-ade29eb4547c,L1,Profile
c34f3833-e479-4343-a9f8-ade29eb4547c,L1,Profile
c34f3833-e479-4343-a9f8-ade29eb4547c,L1,Profile
c34f3833-e479-4343-a9f8-ade29eb4547c,L1,Profile
c34f3833-e479-4343-a9f8-ade29eb4547c,L1,Profile
c34f3833-e479-4343-a9f8-ade29eb4547c,L1,Profile
c34f3833-e479-4343-a9f8-ade29eb4547c,L1,Profile
c34f3833-e479-4343-a9f8-ade29eb4547c,L1,Profile
c34f3833-e479-4343-a9f8-ade29eb4547c,L1,Profile
c34f3833-e479-4343-a9f8-ade29eb4547c,L1,Profile
c34f3833-e479-4343-a9f8-ade29eb4547c,L1,Profile
c34f3833-e479-4343-a9f8-ade29eb4547c,L1,Profile
c34f3833-e479-4343-a9f8-ade29eb4547c,L1,Profile
c34f3833-e479-4343-a9f8-ade29eb4547c,L1,Profile
c34f3833-e479-4343-a9f8-ade29eb4547c,L1,Profile
c34f3833-e479-4343-a9f8-ade29eb4547c,L1,Profile
c34f3833-e479-4343-a9f8-ade29eb4547c,L1,Profile
c34f3833-e479-4343-a9f8-ade29eb4547c,L1,Profile
c34f3833-e479-4343-a9f8-ade29eb4547c,L1,Profile
c34f3833-e479-4343-a9f8-ade29eb4547c,L1,Profile
c34f3833-e479-4343-a9f8-ade29eb4547c,L1,Profile
c34f3833-e479-4343-a9f8-ade29eb4547c,L1,Profile
c34f3833-e479-4343-a9f8-ade29eb4547c,L1,Profile
c34f3833-e479-4343-a9f8-ade29eb4547c,L1,Profile
c34f3833-e479-4343-a9f8-ade29eb4547c,L1,Profile
c34f3833-e479-4343-a9f8-ade29eb4547c,L1,Profile
c34f3833-e479-4343-a9f8-ade29eb4547c,L1,Profile
c34f3833-e479-4343-a9f8-ade29eb4547c,L1,Profile
c34f3833-e479-4343-a9f8-ade29eb4547c,L1,Profile
c34f3833-e479-4343-a9f8-ade29eb4547c,L1,Profile
c34f3833-e479-4343-a9f8-ade29eb4547c,L1,Profile
c34f3833-e479-4343-a9f8-ade29eb4547c,L1,Profile
c34f3833-e479-4343-a9f8-ade29eb4547c,L1,Profile
c34f3833-e479-4343-a9f8-ade29eb4547c,L1,Profile
c34f3833-e479-4343-a9f8-ade29eb4547c,L1,Profile
c34f3833-e479-4343-a9f8-ade29eb4547c,L1,Profile
c34f3833-e479-4343-a9f8-ade29eb4547c,L1,Profile
c34f3833-e479-4343-a9f8-ade29eb4547c,L1,Profile
c34f3833-e479-4343-a9f8-ade29eb4547c,L1,Profile
c34f3833-e479-4343-a9f8-ade29eb4547c,L1,Profile
c34f3833-e479-4343-a9f8-ade29eb4547c,L1,Profile
c34f3833-e479-4343-a9f8-ade29eb4547c,L1,Profile
c34f3833-e479-4343-a9f8-ade29eb4547c,L1,Profile
c34f3833-e479-4343-a9f8-ade29eb4547c,L1,Profile
c34f3833-e479-4343-a9f8-ade29eb4547c,L1,Profile
c34f3833-e479-4343-a9f8-ade29eb4547c,L1,Profile
c34f3833-e479-4343-a9f8-ade29eb4547c,L1,Profile
c34f3833-e479-4343-a9f8-ade29eb4547c,L1,Profile
c34f3833-e479-4343-a9f8-ade29eb4547c,L1,Profile
c34f3833-e479-4343-a9f8-ade29eb4547c,L1,Profile
c34f3833-e479-4343-a9f8-ade29eb4547c,L1,Profile
c34f3833-e479-4343-a9f8-ade29eb4547c,L1,Profile
c34f3833-e479-4343-a9f8-ade29eb4547c,L1,Profile
c34f3833-e479-4343-a9f8-ade29eb4547c,L1,Profile
c34f3833-e479-4343-a9f8-ade29eb4547c,L1,Profile
c34f3833-e479-4343-a9f8-ade29eb4547c,L1,Profile
c34f3833-e479-4343-a9f8-ade29eb4547c,L1,Profile
c34f3833-e479-4343-a9f8-ade29eb4547c,L1,Profile
c34f3833-e479-4343-a9f8-ade29eb4547c,L1,Profile
c34f3833-e479-4343-a9f8-ade29eb4547c,L1,Profile
c34f3833-e479-4343-a9f8-ade29eb4547c,L1,Profile
c34f3833-e479-4343-a9f8-ade29eb4547c,L1,Profile
c34f3833-e479-4343-a9f8-ade29eb4547c,L1,Profile
c34f3833-e479-4343-a9f8-ade29eb4547c,L1,Profile
c34f3833-e479-4343-a9f8-ade29eb4547c,L1,Profile
c34f3833-e479-4343-a9f8-ade29eb4547c,L1,Profile
c34f3833-e479-4343-a9f8-ade29eb4547c,L1,Profile
c34f3833-e479-4343-a9f8-ade29eb4547c,L1,Profile
c34f3833-e479-4343-a9f8-ade29eb4547c,L1,Profile
c34f3833-e479-4343-a9f8-ade29eb4547c,L1,Profile
c34f3833-e479-4343-a9f8-ade29eb4547c,L1,Profile
c34f3833-e479-4343-a9f8-ade29eb4547c,L1,Profile
c34f3833-e479-4343-a9f8-ade29eb4547c,L1,Profile
c34f3833-e479-4343-a9f8-ade29eb4547c,L1,Profile
c34f3833-e479-4343-a9f8-ade29eb4547c,L1,Profile
c34f3833-e479-4343-a9f8-ade29eb4547c,L1,Profile
c34f3833-e479-4343-a9f8-ade29eb4547c,L1,Profile
c34f3833-e479-4343-a9f8-ade29eb4547c,L1,Profile
c34f3833-e479-4343-a9f8-ade29eb4547c,L1,Profile
c34f3833-e479-4343-a9f8-ade29eb4547c,L1,Profile
c34f3833-e479-4343-a9f8-ade29eb4547c,L1,Profile
c34f3833-e479-4343-a9f8-ade29eb4547c,L1,Profile
c34f3833-e479-4343-a9f8-ade29eb4547c,L1,Profile
c34f3833-e479-4343-a9f8-ade29eb4547c,L1,Profile
c34f3833-e479-4343-a9f8-ade29eb4547c,L1,Profile
c34f3833-e479-4343-a9f8-ade29eb4547c,L1,Profile
c34f3833-e479-4343-a9f8-ade29eb4547c,L1,Profile
c34f3833-e479-4343-a9f8-ade29eb4547c,L1,Profile
c34f3833-e479-4343-a9f8-ade29eb4547c,L1,Profile
c34f3833-e479-4343-a9f8-ade29eb4547c,L1,Profile
c34f3833-e479-4343-a9f8-ade29eb4547c,L1,Profile
c34f3833-e479-4343-a9f8-ade29eb4547c,L1,Profile
c34f3833-e479-4343-a9f8-ade29eb4547c,L1,Profile
c34f3833-e479-4343-a9f8-ade29eb4547c,L1,Profile
c34f3833-e479-4343-a9f8-ade29eb4547c,L1,Profile
c34f3833-e479-4343-a9f8-ade29eb4547c,L1,Profile
c34f3833-e479-4343-a9f8-ade29eb4547c,L1,Profile
c34f3833-e479-4343-a9f8-ade29eb4547c,L1,Profile
c34f3833-e479-4343-a9f8-ade29eb4547c,L1,Profile
c34f3833-e479-4343-a9f8-ade29eb4547c,L1,Profile
c34f3833-e479-4343-a9f8-ade29eb4547c,L1,Profile
c34f3833-e479-4343-a9f8-ade29eb4547c,L1,Profile
c34f3833-e479-4343-a9f8-ade29eb4547c,L1,Profile
c34f3833-e479-4343-a9f8-ade29eb4547c,L1,Profile
c34f3833-e479-4343-a9f8-ade29eb4547c,L1,Profile
c34f3833-e479-4343-a9f8-ade29eb4547c,L1,Profile
c34f3833-e479-4343-a9f8-ade29eb4547c,L1,Profile
c34f3833-e479-4343-a9f8-ade29eb4547c,L1,Profile
c34f3833-e479-4343-a9f8-ade29eb4547c,L1,Profile
c34f3833-e479-4343-a9f8-ade29eb4547c,L1,Profile
c34f3833-e479-4343-a9f8-ade29eb4547c,L1,Profile
c34f3833-e479-4343-a9f8-ade29eb4547c,L1,Profile
c34f3833-e479-4343-a9f8-ade29eb4547c,L1,Profile
c34f3833-e479-4343-a9f8-ade29eb4547c,L1,Profile
c34f3833-e479-4343-a9f8-ade29eb4547c,L1,Profile
c34f3833-e479-4343-a9f8-ade29eb4547c,L1,Profile
c34f3833-e479-4343-a9f8-ade29eb4547c,L1,Profile
c34f3833-e479-4343-a9f8-ade29eb4547c,L1,Profile
c34f3833-e479-4343-a9f8-ade29eb4547c,L1,Profile
c34f3833-e479-4343-a9f8-ade29eb4547c,L1,Profile
c34f3833-e479-4343-a9f8-ade29eb4547c,L1,Profile
c34f3833-e479-4343-a9f8-ade29eb4547c,L1,Profile
c34f3833-e479-4343-a9f8-ade29eb4547c,L1,Profile
c34f3833-e479-4343-a9f8-ade29eb4547c,L1,Profile
c34f3833-e479-4343-a9f8-ade29eb4547c,L1,Profile
c34f3833-e479-4343-a9f8-ade29eb4547c,L1,Profile
c34f3833-e479-4343-a9f8-ade29eb4547c,L1,Profile
c34f3833-e479-4343-a9f8-ade29eb4547c,L1,Profile
c34f3833-e479-4343-a9f8-ade29eb4547c,L1,Profile
c34f3833-e479-4343-a9f8-ade29eb4547c,L1,Profile
c34f3833-e479-4343-a9f8-ade29eb4547c,L1,Profile
c34f3833-e479-4343-a9f8-ade29eb4547c,L1,Profile
c34f3833-e479-4343-a9f8-ade29eb4547c,L1,Profile
c34f3833-e479-4343-a9f8-ade29eb4547c,L1,Profile
c34f3833-e479-4343-a9f8-ade29eb4547c,L1,Profile
c34f3833-e479-4343-a9f8-ade29eb4547c,L1,Profile
c34f3833-e479-4343-a9f8-ade29eb4547c,L1,Profile
c34f3833-e479-4343-a9f8-ade29eb4547c,L1,Profile
c34f3833-e479-4343-a9f8-ade29eb4547c,L1,Profile
c34f3833-e479-4343-a9f8-ade29eb4547c,L1,Profile
c34f3833-e479-4343-a9f8-ade29eb4547c,L1,Profile
c34f3833-e479-4343-a9f8-ade29eb4547c,L1,Profile
c34f3833-e479-4343-a9f8-ade29eb4547c,L1,Profile
c34f3833-e479-4343-a9f8-ade29eb4547c,L1,Profile
c34f3833-e479-4343-a9f8-ade29eb4547c,L1,Profile
c34f3833-e479-4343-a9f8-ade29eb4547c,L1,Profile
c34f3833-e479-4343-a9f8-ade29eb4547c,L1,Profile
c34f3833-e479-4343-a9f8-ade29eb4547c,L1,Profile
c34f3833-e479-4343-a9f8-ade29eb4547c,L1,Profile
c34f3833-e479-4343-a9f8-ade29eb4547c,L1,Profile
c34f3833-e479-4343-a9f8-ade29eb4547c,L1,Profile
c34f3833-e479-4343-a9f8-ade29eb4547c,L1,Profile
c34f3833-e479-4343-a9f8-ade29eb4547c,L1,Profile
c34f3833-e479-4343-a9f8-ade29eb4547c,L1,Profile
c34f3833-e479-4343-a9f8-ade29eb4547c,L1,Profile
c34f3833-e479-4343-a9f8-ade29eb4547c,L1,Profile
c34f3833-e479-4343-a9f8-ade29eb4547c,L1,Profile
c34f3833-e479-4343-a9f8-ade29eb4547c,L1,Profile
c34f3833-e479-4343-a9f8-ade29eb4547c,L1,Profile
c34f3833-e479-4343-a9f8-ade29eb4547c,L1,Profile
c34f3833-e479-4343-a9f8-ade29eb4547c,L1,Profile
c34f3833-e479-4343-a9f8-ade29eb4547c,L1,Profile
c34f3833-e479-4343-a9f8-ade29eb4547c,L1,Profile
c34f3833-e479-4343-a9f8-ade29eb4547c,L1,Profile
c34f3833-e479-4343-a9f8-ade29eb4547c,L1,Profile
c34f3833-e479-4343-a9f8-ade29eb4547c,L1,Profile
c34f3833-e479-4343-a9f8-ade29eb4547c,L1,Profile
c34f3833-e479-4343-a9f8-ade29eb4547c,L1,Profile
c34f3833-e479-4343-a9f8-ade29eb4547c,L1,Profile
c34f3833-e479-4343-a9f8-ade29eb4547c,L1,Profile
c34f3833-e479-4343-a9f8-ade29eb4547c,L1,Profile
c34f3833-e479-4343-a9f8-ade29eb4547c,L1,Profile
c34f3833-e479-4343-a9f8-ade29eb4547c,L1,Profile
c34f3833-e479-4343-a9f8-ade29eb4547c,L1,Profile
c34f3833-e479-4343-a9f8-ade29eb4547c,L1,Profile
c34f3833-e479-4343-a9f8-ade29eb4547c,L1,Profile
c34f3833-e479-4343-a9f8-ade29eb4547c,L1,Profile
c34f3833-e479-4343-a9f8-ade29eb4547c,L1,Profile
c34f3833-e479-4343-a9f8-ade29eb4547c,L1,Profile
c34f3833-e479-4343-a9f8-ade29eb4547c,L1,Profile
c34f3833-e479-4343-a9f8-ade29eb4547c,L1,Profile
c34f3833-e479-4343-a9f8-ade29eb4547c,L1,Profile
c34f3833-e479-4343-a9f8-ade29eb4547c,L1,Profile
c34f3833-e479-4343-a9f8-ade29eb4547c,L1,Profile
c34f3833-e479-4343-a9f8-ade29eb4547c,L1,Profile
c34f3833-e479-4343-a9f8-ade29eb4547c,L1,Profile
c34f3833-e479-4343-a9f8-ade29eb4547c,L1,Profile
c34f3833-e479-4343-a9f8-ade29eb4547c,L1,Profile
c34f3833-e479-4343-a9f8-ade29eb4547c,L1,Profile
c34f3833-e479-4343-a9f8-ade29eb4547c,L1,Profile
c34f3833-e479-4343-a9f8-ade29eb4547c,L1,Profile
c34f3833-e479-4343-a9f8-ade29eb4547c,L1,Profile
c34f3833-e479-4343-a9f8-ade29eb4547c,L1,Profile
c34f3833-e479-4343-a9f8-ade29eb4547c,L1,Profile
c34f3833-e479-4343-a9f8-ade29eb4547c,L1,Profile
c34f3833-e479-4343-a9f8-ade29eb4547c,L1,Profile
c34f3833-e479-4343-a9f8-ade29eb4547c,L1,Profile
c34f3833-e479-4343-a9f8-ade29eb4547c,L1,Profile
c34f3833-e479-4343-a9f8-ade29eb4547c,L1,Profile
c34f3833-e479-4343-a9f8-ade29eb4547c,L1,Profile
c34f3833-e479-4343-a9f8-ade29eb4547c,L1,Profile
c34f3833-e479-4343-a9f8-ade29eb4547c,L1,Profile
c34f3833-e479-4343-a9f8-ade29eb4547c,L1,Profile
c34f3833-e479-4343-a9f8-ade29eb4547c,L1,Profile
c34f3833-e479-4343-a9f8-ade29eb4547c,L1,Profile
c34f3833-e479-4343-a9f8-ade29eb4547c,L1,Profile
c34f3833-e479-4343-a9f8-ade29eb4547c,L1,Profile
c34f3833-e479-4343-a9f8-ade29eb4547c,L1,Profile
c34f3833-e479-4343-a9f8-ade29eb4547c,L1,Profile
c34f3833-e479-4343-a9f8-ade29eb4547c,L1,Profile
c34f3833-e479-4343-a9f8-ade29eb4547c,L1,Profile
c34f3833-e479-4343-a9f8-ade29eb4547c,L1,Profile
c34f3833-e479-4343-a9f8-ade29eb4547c,L1,Profile
c34f3833-e479-4343-a9f8-ade29eb4547c,L1,Profile
c34f3833-e479-4343-a9f8-ade29eb4547c,L1,Profile
c34f3833-e479-4343-a9f8-ade29eb4547c,L1,Profile
c34f3833-e479-4343-a9f8-ade29eb4547c,L1,Profile
c34f3833-e479-4343-a9f8-ade29eb4547c,L1,Profile
c34f3833-e479-4343-a9f8-ade29eb4547c,L1,Profile
c34f3833-e479-4343-a9f8-ade29eb4547c,L1,Profile
c34f3833-e479-4343-a9f8-ade29eb4547c,L1,Profile
c34f3833-e479-4343-a9f8-ade29eb4547c,L1,Profile
c34f3833-e479-4343-a9f8-ade29eb4547c,L1,Profile
c34f3833-e479-4343-a9f8-ade29eb4547c,L1,Profile
c34f3833-e479-4343-a9f8-ade29eb4547c,L1,Profile
c34f3833-e479-4343-a9f8-ade29eb4547c,L1,Profile
c34f3833-e479-4343-a9f8-ade29eb4547c,L1,Profile
c34f3833-e479-4343-a9f8-ade29eb4547c,L1,Profile
c34f3833-e479-4343-a9f8-ade29eb4547c,L1,Profile
c34f3833-e479-4343-a9f8-ade29eb4547c,L1,Profile
c34f3833-e479-4343-a9f8-ade29eb4547c,L1,Profile
c34f3833-e479-4343-a9f8-ade29eb4547c,L1,Profile
c34f3833-e479-4343-a9f8-ade29eb4547c,L1,Profile
c34f3833-e479-4343-a9f8-ade29eb4547c,L1,Profile
c34f3833-e479-4343-a9f8-ade29eb4547c,L1,Profile
c34f3833-e479-4343-a9f8-ade29eb4547c,L1,Profile
c34f3833-e479-4343-a9f8-ade29eb4547c,L1,Profile
c34f3833-e479-4343-a9f8-ade29eb4547c,L1,Profile
c34f3833-e479-4343-a9f8-ade29eb4547c,L1,Profile
c34f3833-e479-4343-a9f8-ade29eb4547c,L1,Profile
c34f3833-e479-4343-a9f8-ade29eb4547c,L1,Profile
c34f3833-e479-4343-a9f8-ade29eb4547c,L1,Profile
c34f3833-e479-4343-a9f8-ade29eb4547c,L1,Profile
c34f3833-e479-4343-a9f8-ade29eb4547c,L1,Profile
c34f3833-e479-4343-a9f8-ade29eb4547c,L1,Profile
c34f3833-e479-4343-a9f8-ade29eb4547c,L1,Profile
c34f3833-e479-4343-a9f8-ade29eb4547c,L1,Profile
c34f3833-e479-4343-a9f8-ade29eb4547c,L1,Profile
c34f3833-e479-4343-a9f8-ade29eb4547c,L1,Profile
c34f3833-e479-4343-a9f8-ade29eb4547c,L1,Profile
c34f3833-e479-4343-a9f8-ade29eb4547c,L1,Profile
c34f3833-e479-4343-a9f8-ade29eb4547c,L1,Profile
c34f3833-e479-4343-a9f8-ade29eb4547c,L1,Profile
c34f3833-e479-4343-a9f8-ade29eb4547c,L1,Profile
c34f3833-e479-4343-a9f8-ade29eb4547c,L1,Profile
c34f3833-e479-4343-a9f8-ade29eb4547c,L1,Profile
c34f3833-e479-4343-a9f8-ade29eb4547c,L1,Profile
c34f3833-e479-4343-a9f8-ade29eb4547c,L1,Profile
c34f3833-e479-4343-a9f8-ade29eb4547c,L1,Profile
c34f3833-e479-4343-a9f8-ade29eb4547c,L1,Profile
c34f3833-e479-4343-a9f8-ade29eb4547c,L1,Profile
c34f3833-e479-4343-a9f8-ade29eb4547c,L1,Profile
c34f3833-e479-4343-a9f8-ade29eb4547c,L1,Profile
c34f3833-e479-4343-a9f8-ade29eb4547c,L1,Profile
c34f3833-e479-4343-a9f8-ade29eb4547c,L1,Profile
c34f3833-e479-4343-a9f8-ade29eb4547c,L1,Profile
c34f3833-e479-4343-a9f8-ade29eb4547c,L1,Profile
c34f3833-e479-4343-a9f8-ade29eb4547c,L1,Profile
c34f3833-e479-4343-a9f8-ade29eb4547c,L1,Profile
c34f3833-e479-4343-a9f8-ade29eb4547c,L1,Profile
c34f3833-e479-4343-a9f8-ade29eb4547c,L1,Profile
c34f3833-e479-4343-a9f8-ade29eb4547c,L1,Profile
c34f3833-e479-4343-a9f8-ade29eb4547c,L1,Profile
c34f3833-e479-4343-a9f8-ade29eb4547c,L1,Profile
c34f3833-e479-4343-a9f8-ade29eb4547c,L1,Profile
c34f3833-e479-4343-a9f8-ade29eb4547c,L1,Profile
c34f3833-e479-4343-a9f8-ade29eb4547c,L1,Profile
c34f3833-e479-4343-a9f8-ade29eb4547c,L1,Profile
c34f3833-e479-4343-a9f8-ade29eb4547c,L1,Profile
c34f3833-e479-4343-a9f8-ade29eb4547c,L1,Profile
c34f3833-e479-4343-a9f8-ade29eb4547c,L1,Profile
c34f3833-e479-4343-a9f8-ade29eb4547c,L1,Profile
c34f3833-e479-4343-a9f8-ade29eb4547c,L1,Profile
c34f3833-e479-4343-a9f8-ade29eb4547c,L1,Profile
c34f3833-e479-4343-a9f8-ade29eb4547c,L1,Profile
c34f3833-e479-4343-a9f8-ade29eb4547c,L1,Profile
c34f3833-e479-4343-a9f8-ade29eb4547c,L1,Profile
c34f3833-e479-4343-a9f8-ade29eb4547c,L1,Profile
c34f3833-e479-4343-a9f8-ade29eb4547c,L1,Profile
c34f3833-e479-4343-a9f8-ade29eb4547c,L1,Profile
c34f3833-e479-4343-a9f8-ade29eb4547c,L1,Profile
c34f3833-e479-4343-a9f8-ade29eb4547c,L1,Profile
c34f3833-e479-4343-a9f8-ade29eb4547c,L1,Profile
c34f3833-e479-4343-a9f8-ade29eb4547c,L1,Profile
c34f3833-e479-4343-a9f8-ade29eb4547c,L1,Profile
c34f3833-e479-4343-a9f8-ade29eb4547c,L1,Profile
c34f3833-e479-4343-a9f8-ade29eb4547c,L1,Profile
c34f3833-e479-4343-a9f8-ade29eb4547c,L1,Profile
c34f3833-e479-4343-a9f8-ade29eb4547c,L1,Profile
c34f3833-e479-4343-a9f8-ade29eb4547c,L1,Profile
c34f3833-e479-4343-a9f8-ade29eb4547c,L1,Profile
c34f3833-e479-4343-a9f8-ade29eb4547c,L1,Profile
c34f3833-e479-4343-a9f8-ade29eb4547c,L1,Profile
c34f3833-e479-4343-a9f8-ade29eb4547c,L1,Profile
c34f3833-e479-4343-a9f8-ade29eb4547c,L1,Profile
c34f3833-e479-4343-a9f8-ade29eb4547c,L1,Profile
c34f3833-e479-4343-a9f8-ade29eb4547c,L1,Profile
c34f3833-e479-4343-a9f8-ade29eb4547c,L1,Profile
c34f3833-e479-4343-a9f8-ade29eb4547c,L1,Profile
c34f3833-e479-4343-a9f8-ade29eb4547c,L1,Profile
c34f3833-e479-4343-a9f8-ade29eb4547c,L1,Profile
c34f3833-e479-4343-a9f8-ade29eb4547c,L1,Profile
c34f3833-e479-4343-a9f8-ade29eb4547c,L1,Profile
c34f3833-e479-4343-a9f8-ade29eb4547c,L1,Profile
c34f3833-e479-4343-a9f8-ade29eb4547c,L1,Profile
c34f3833-e479-4343-a9f8-ade29eb4547c,L1,Profile
c34f3833-e479-4343-a9f8-ade29eb4547c,L1,Profile
c34f3833-e479-4343-a9f8-ade29eb4547c,L1,Profile
c34f3833-e479-4343-a9f8-ade29eb4547c,L1,Profile
c34f3833-e479-4343-a9f8-ade29eb4547c,L1,Profile
c34f3833-e479-4343-a9f8-ade29eb4547c,L1,Profile
c34f3833-e479-4343-a9f8-ade29eb4547c,L1,Profile
c34f3833-e479-4343-a9f8-ade29eb4547c,L1,Profile
c34f3833-e479-4343-a9f8-ade29eb4547c,L1,Profile
c34f3833-e479-4343-a9f8-ade29eb4547c,L1,Profile
c34f3833-e479-4343-a9f8-ade29eb4547c,L1,Profile
c34f3833-e479-4343-a9f8-ade29eb4547c,L1,Profile
c34f3833-e479-4343-a9f8-ade29eb4547c,L1,Profile
c34f3833-e479-4343-a9f8-ade29eb4547c,L1,Profile
c34f3833-e479-4343-a9f8-ade29eb4547c,L1,Profile
c34f3833-e479-4343-a9f8-ade29eb4547c,L1,Profile
c34f3833-e479-4343-a9f8-ade29eb4547c,L1,Profile
c34f3833-e479-4343-a9f8-ade29eb4547c,L1,Profile
c34f3833-e479-4343-a9f8-ade29eb4547c,L1,Profile
c34f3833-e479-4343-a9f8-ade29eb4547c,L1,Profile
c34f3833-e479-4343-a9f8-ade29eb4547c,L1,Profile
c34f3833-e479-4343-a9f8-ade29eb4547c,L1,Profile
c34f3833-e479-4343-a9f8-ade29eb4547c,L1,Profile
c34f3833-e479-4343-a9f8-ade29eb4547c,L1,Profile
c34f3833-e479-4343-a9f8-ade29eb4547c,L1,Profile
c34f3833-e479-4343-a9f8-ade29eb4547c,L1,Profile
c34f3833-e479-4343-a9f8-ade29eb4547c,L1,Profile
c34f3833-e479-4343-a9f8-ade29eb4547c,L1,Profile
c34f3833-e479-4343-a9f8-ade29eb4547c,L1,Profile
c34f3833-e479-4343-a9f8-ade29eb4547c,L1,Profile
c34f3833-e479-4343-a9f8-ade29eb4547c,L1,Profile
c34f3833-e479-4343-a9f8-ade29eb4547c,L1,Profile
c34f3833-e479-4343-a9f8-ade29eb4547c,L1,Profile
c34f3833-e479-4343-a9f8-ade29eb4547c,L1,Profile
c34f3833-e479-4343-a9f8-ade29eb4547c,L1,Profile
c34f3833-e479-4343-a9f8-ade29eb4547c,L1,Profile
c34f3833-e479-4343-a9f8-ade29eb4547c,L1,Profile
c34f3833-e479-4343-a9f8-ade29eb4547c,L1,Profile
c34f3833-e479-4343-a9f8-ade29eb4547c,L1,Profile
c34f3833-e479-4343-a9f8-ade29eb4547c,L1,Profile
c34f3833-e479-4343-a9f8-ade29eb4547c,L1,Profile
c34f3833-e479-4343-a9f8-ade29eb4547c,L1,Profile
c34f3833-e479-4343-a9f8-ade29eb4547c,L1,Profile
c34f3833-e479-4343-a9f8-ade29eb4547c,L1,Profile
c34f3833-e479-4343-a9f8-ade29eb4547c,L1,Profile
c34f3833-e479-4343-a9f8-ade29eb4547c,L1,Profile
c34f3833-e479-4343-a9f8-ade29eb4547c,L1,Profile
c34f3833-e479-4343-a9f8-ade29eb4547c,L1,Profile
c34f3833-e479-4343-a9f8-ade29eb4547c,L1,Profile
c34f3833-e479-4343-a9f8-ade29eb4547c,L1,Profile
c34f3833-e479-4343-a9f8-ade29eb4547c,L1,Profile
c34f3833-e479-4343-a9f8-ade29eb4547c,L1,Profile
c34f3833-e479-4343-a9f8-ade29eb4547c,L1,Profile
c34f3833-e479-4343-a9f8-ade29eb4547c,L1,Profile
c34f3833-e479-4343-a9f8-ade29eb4547c,L1,Profile
c34f3833-e479-4343-a9f8-ade29eb4547c,L1,Profile
c34f3833-e479-4343-a9f8-ade29eb4547c,L1,Profile
c34f3833-e479-4343-a9f8-ade29eb4547c,L1,Profile
c34f3833-e479-4343-a9f8-ade29eb4547c,L1,Profile
c34f3833-e479-4343-a9f8-ade29eb4547c,L1,Profile
c34f3833-e479-4343-a9f8-ade29eb4547c,L1,Profile
c34f3833-e479-4343-a9f8-ade29eb4547c,L1,Profile
c34f3833-e479-4343-a9f8-ade29eb4547c,L1,Profile
c34f3833-e479-4343-a9f8-ade29eb4547c,L1,Profile
c34f3833-e479-4343-a9f8-ade29eb4547c,L1,Profile
c34f3833-e479-4343-a9f8-ade29eb4547c,L1,Profile
c34f3833-e479-4343-a9f8-ade29eb4547c,L1,Profile
c34f3833-e479-4343-a9f8-ade29eb4547c,L1,Profile
c34f3833-e479-4343-a9f8-ade29eb4547c,L1,Profile
c34f3833-e479-4343-a9f8-ade29eb4547c,L1,Profile
c34f3833-e479-4343-a9f8-ade29eb4547c,L1,Profile
c34f3833-e479-4343-a9f8-ade29eb4547c,L1,Profile
c34f3833-e479-4343-a9f8-ade29eb4547c,L1,Profile
c34f3833-e479-4343-a9f8-ade29eb4547c,L1,Profile
c34f3833-e479-4343-a9f8-ade29eb4547c,L1,Profile
c34f3833-e479-4343-a9f8-ade29eb4547c,L1,Profile
c34f3833-e479-4343-a9f8-ade29eb4547c,L1,Profile
c34f3833-e479-4343-a9f8-ade29eb4547c,L1,Profile
c34f3833-e479-4343-a9f8-ade29eb4547c,L1,Profile
c34f3833-e479-4343-a9f8-ade29eb4547c,L1,Profile
c34f3833-e479-4343-a9f8-ade29eb4547c,L1,Profile
c34f3833-e479-4343-a9f8-ade29eb4547c,L1,Profile
c34f3833-e479-4343-a9f8-ade29eb4547c,L1,Profile
c34f3833-e479-4343-a9f8-ade29eb4547c,L1,Profile
c34f3833-e479-4343-a9f8-ade29eb4547c,L1,Profile
c34f3833-e479-4343-a9f8-ade29eb4547c,L1,Profile
c34f3833-e479-4343-a9f8-ade29eb4547c,L1,Profile
c34f3833-e479-4343-a9f8-ade29eb4547c,L1,Profile
c34f3833-e479-4343-a9f8-ade29eb4547c,L1,Profile
c34f3833-e479-4343-a9f8-ade29eb4547c,L1,Profile
c34f3833-e479-4343-a9f8-ade29eb4547c,L1,Profile
c34f3833-e479-4343-a9f8-ade29eb4547c,L1,Profile
c34f3833-e479-4343-a9f8-ade29eb4547c,L1,Profile
c34f3833-e479-4343-a9f8-ade29eb4547c,L1,Profile
c34f3833-e479-4343-a9f8-ade29eb4547c,L1,Profile
c34f3833-e479-4343-a9f8-ade29eb4547c,L1,Profile
c34f3833-e479-4343-a9f8-ade29eb4547c,L1,Profile
c34f3833-e479-4343-a9f8-ade29eb4547c,L1,Profile
c34f3833-e479-4343-a9f8-ade29eb4547c,L1,Profile
c34f3833-e479-4343-a9f8-ade29eb4547c,L1,Profile
c34f3833-e479-4343-a9f8-ade29eb4547c,L1,Profile
c34f3833-e479-4343-a9f8-ade29eb4547c,L1,Profile
c34f3833-e479-4343-a9f8-ade29eb4547c,L1,Profile
c34f3833-e479-4343-a9f8-ade29eb4547c,L1,Profile
c34f3833-e479-4343-a9f8-ade29eb4547c,L1,Profile
c34f3833-e479-4343-a9f8-ade29eb4547c,L1,Profile
c34f3833-e479-4343-a9f8-ade29eb4547c,L1,Profile
c34f3833-e479-4343-a9f8-ade29eb4547c,L1,Profile
c34f3833-e479-4343-a9f8-ade29eb4547c,L1,Profile
c34f3833-e479-4343-a9f8-ade29eb4547c,L1,Profile
c34f3833-e479-4343-a9f8-ade29eb4547c,L1,Profile
c34f3833-e479-4343-a9f8-ade29eb4547c,L1,Profile
c34f3833-e479-4343-a9f8-ade29eb4547c,L1,Profile
c34f3833-e479-4343-a9f8-ade29eb4547c,L1,Profile
c34f3833-e479-4343-a9f8-ade29eb4547c,L1,Profile
c34f3833-e479-4343-a9f8-ade29eb4547c,L1,Profile
c34f3833-e479-4343-a9f8-ade29eb4547c,L1,Profile
c34f3833-e479-4343-a9f8-ade29eb4547c,L1,Profile
c34f3833-e479-4343-a9f8-ade29eb4547c,L1,Profile
c34f3833-e479-4343-a9f8-ade29eb4547c,L1,Profile
c34f3833-e479-4343-a9f8-ade29eb4547c,L1,Profile
c34f3833-e479-4343-a9f8-ade29eb4547c,L1,Profile
c34f3833-e479-4343-a9f8-ade29eb4547c,L1,Profile
c34f3833-e479-4343-a9f8-ade29eb4547c,L1,Profile
c34f3833-e479-4343-a9f8-ade29eb4547c,L1,Profile
c34f3833-e479-4343-a9f8-ade29eb4547c,L1,Profile
c34f3833-e479-4343-a9f8-ade29eb4547c,L1,Profile
c34f3833-e479-4343-a9f8-ade29eb4547c,L1,Profile
c34f3833-e479-4343-a9f8-ade29eb4547c,L1,Profile
c34f3833-e479-4343-a9f8-ade29eb4547c,L1,Profile
c34f3833-e479-4343-a9f8-ade29eb4547c,L1,Profile
c34f3833-e479-4343-a9f8-ade29eb4547c,L1,Profile
c34f3833-e479-4343-a9f8-ade29eb4547c,L1,Profile
c34f3833-e479-4343-a9f8-ade29eb4547c,L1,Profile
c34f3833-e479-4343-a9f8-ade29eb4547c,L1,Profile
c34f3833-e479-4343-a9f8-ade29eb4547c,L1,Profile
c34f3833-e479-4343-a9f8-ade29eb4547c,L1,Profile
c34f3833-e479-4343-a9f8-ade29eb4547c,L1,Profile
c34f3833-e479-4343-a9f8-ade29eb4547c,L1,Profile
c34f3833-e479-4343-a9f8-ade29eb4547c,L1,Profile
c34f3833-e479-4343-a9f8-ade29eb4547c,L1,Profile
c34f3833-e479-4343-a9f8-ade29eb4547c,L1,Profile
c34f3833-e479-4343-a9f8-ade29eb4547c,L1,Profile
c34f3833-e479-4343-a9f8-ade29eb4547c,L1,Profile
c34f3833-e479-4343-a9f8-ade29eb4547c,L1,Profile
c34f3833-e479-4343-a9f8-ade29eb4547c,L1,Profile
c34f3833-e479-4343-a9f8-ade29eb4547c,L1,Profile
c34f3833-e479-4343-a9f8-ade29eb4547c,L1,Profile
c34f3833-e479-4343-a9f8-ade29eb4547c,L1,Profile
c34f3833-e479-4343-a9f8-ade29eb4547c,L1,Profile
c34f3833-e479-4343-a9f8-ade29eb4547c,L1,Profile
c34f3833-e479-4343-a9f8-ade29eb4547c,L1,Profile
c34f3833-e479-4343-a9f8-ade29eb4547c,L1,Profile
c34f3833-e479-4343-a9f8-ade29eb4547c,L1,Profile
c34f3833-e479-4343-a9f8-ade29eb4547c,L1,Profile
c34f3833-e479-4343-a9f8-ade29eb4547c,L1,Profile
c34f3833-e479-4343-a9f8-ade29eb4547c,L1,Profile
c34f3833-e479-4343-a9f8-ade29eb4547c,L1,Profile
c34f3833-e479-4343-a9f8-ade29eb4547c,L1,Profile
c34f3833-e479-4343-a9f8-ade29eb4547c,L1,Profile
c34f3833-e479-4343-a9f8-ade29eb4547c,L1,Profile
c34f3833-e479-4343-a9f8-ade29eb4547c,L1,Profile
c34f3833-e479-4343-a9f8-ade29eb4547c,L1,Profile
c34f3833-e479-4343-a9f8-ade29eb4547c,L1,Profile
c34f3833-e479-4343-a9f8-ade29eb4547c,L1,Profile
c34f3833-e479-4343-a9f8-ade29eb4547c,L1,Profile
c34f3833-e479-4343-a9f8-ade29eb4547c,L1,Profile
c34f3833-e479-4343-a9f8-ade29eb4547c,L1,Profile
c34f3833-e479-4343-a9f8-ade29eb4547c,L1,Profile
c34f3833-e479-4343-a9f8-ade29eb4547c,L1,Profile
c34f3833-e479-4343-a9f8-ade29eb4547c,L1,Profile
c34f3833-e479-4343-a9f8-ade29eb4547c,L1,Profile
c34f3833-e479-4343-a9f8-ade29eb4547c,L1,Profile
c34f3833-e479-4343-a9f8-ade29eb4547c,L1,Profile
c34f3833-e479-4343-a9f8-ade29eb4547c,L1,Profile
c34f3833-e479-4343-a9f8-ade29eb4547c,L1,Profile
c34f3833-e479-4343-a9f8-ade29eb4547c,L1,Profile
c34f3833-e479-4343-a9f8-ade29eb4547c,L1,Profile
c34f3833-e479-4343-a9f8-ade29eb4547c,L1,Profile
c34f3833-e479-4343-a9f8-ade29eb4547c,L1,Profile
c34f3833-e479-4343-a9f8-ade29eb4547c,L1,Profile
c34f3833-e479-4343-a9f8-ade29eb4547c,L1,Profile
c34f3833-e479-4343-a9f8-ade29eb4547c,L1,Profile
c34f3833-e479-4343-a9f8-ade29eb4547c,L1,Profile
c34f3833-e479-4343-a9f8-ade29eb4547c,L1,Profile
c34f3833-e479-4343-a9f8-ade29eb4547c,L1,Profile
c34f3833-e479-4343-a9f8-ade29eb4547c,L1,Profile
c34f3833-e479-4343-a9f8-ade29eb4547c,L1,Profile
c34f3833-e479-4343-a9f8-ade29eb4547c,L1,Profile
c34f3833-e479-4343-a9f8-ade29eb4547c,L1,Profile
c34f3833-e479-4343-a9f8-ade29eb4547c,L1,Profile
c34f3833-e479-4343-a9f8-ade29eb4547c,L1,Profile
c34f3833-e479-4343-a9f8-ade29eb4547c,L1,Profile
c34f3833-e479-4343-a9f8-ade29eb4547c,L1,Profile
c34f3833-e479-4343-a9f8-ade29eb4547c,L1,Profile
c34f3833-e479-4343-a9f8-ade29eb4547c,L1,Profile
c34f3833-e479-4343-a9f8-ade29eb4547c,L1,Profile
c34f3833-e479-4343-a9f8-ade29eb4547c,L1,Profile
c34f3833-e479-4343-a9f8-ade29eb4547c,L1,Profile
c34f3833-e479-4343-a9f8-ade29eb4547c,L1,Profile
c34f3833-e479-4343-a9f8-ade29eb4547c,L1,Profile
c34f3833-e479-4343-a9f8-ade29eb4547c,L1,Profile
c34f3833-e479-4343-a9f8-ade29eb4547c,L1,Profile
c34f3833-e479-4343-a9f8-ade29eb4547c,L1,Profile
c34f3833-e479-4343-a9f8-ade29eb4547c,L1,Profile
c34f3833-e479-4343-a9f8-ade29eb4547c,L1,Profile
c34f3833-e479-4343-a9f8-ade29eb4547c,L1,Profile
c34f3833-e479-4343-a9f8-ade29eb4547c,L1,Profile
c34f3833-e479-4343-a9f8-ade29eb4547c,L1,Profile
c34f3833-e479-4343-a9f8-ade29eb4547c,L1,Profile
c34f3833-e479-4343-a9f8-ade29eb4547c,L1,Profile
c34f3833-e479-4343-a9f8-ade29eb4547c,L1,Profile
c34f3833-e479-4343-a9f8-ade29eb4547c,L1,Profile
c34f3833-e479-4343-a9f8-ade29eb4547c,L1,Profile
c34f3833-e479-4343-a9f8-ade29eb4547c,L1,Profile
c34f3833-e479-4343-a9f8-ade29eb4547c,L1,Profile
c34f3833-e479-4343-a9f8-ade29eb4547c,L1,Profile
c34f3833-e479-4343-a9f8-ade29eb4547c,L1,Profile
c34f3833-e479-4343-a9f8-ade29eb4547c,L1,Profile
c34f3833-e479-4343-a9f8-ade29eb4547c,L1,Profile
c34f3833-e479-4343-a9f8-ade29eb4547c,L1,Profile
c34f3833-e479-4343-a9f8-ade29eb4547c,L1,Profile
c34f3833-e479-4343-a9f8-ade29eb4547c,L1,Profile
c34f3833-e479-4343-a9f8-ade29eb4547c,L1,Profile
c34f3833-e479-4343-a9f8-ade29eb4547c,L1,Profile
c34f3833-e479-4343-a9f8-ade29eb4547c,L1,Profile
c34f3833-e479-4343-a9f8-ade29eb4547c,L1,Profile
c34f3833-e479-4343-a9f8-ade29eb4547c,L1,Profile
c34f3833-e479-4343-a9f8-ade29eb4547c,L1,Profile
c34f3833-e479-4343-a9f8-ade29eb4547c,L1,Profile
c34f3833-e479-4343-a9f8-ade29eb4547c,L1,Profile
c34f3833-e479-4343-a9f8-ade29eb4547c,L1,Profile
c34f3833-e479-4343-a9f8-ade29eb4547c,L1,Profile
c34f3833-e479-4343-a9f8-ade29eb4547c,L1,Profile
c34f3833-e479-4343-a9f8-ade29eb4547c,L1,Profile
c34f3833-e479-4343-a9f8-ade29eb4547c,L1,Profile
c34f3833-e479-4343-a9f8-ade29eb4547c,L1,Profile
c34f3833-e479-4343-a9f8-ade29eb4547c,L1,Profile
c34f3833-e479-4343-a9f8-ade29eb4547c,L1,Profile
c34f3833-e479-4343-a9f8-ade29eb4547c,L1,Profile
c34f3833-e479-4343-a9f8-ade29eb4547c,L1,Profile
c34f3833-e479-4343-a9f8-ade29eb4547c,L1,Profile
c34f3833-e479-4343-a9f8-ade29eb4547c,L1,Profile
c34f3833-e479-4343-a9f8-ade29eb4547c,L1,Profile
c34f3833-e479-4343-a9f8-ade29eb4547c,L1,Profile
c34f3833-e479-4343-a9f8-ade29eb4547c,L1,Profile
c34f3833-e479-4343-a9f8-ade29eb4547c,L1,Profile
c34f3833-e479-4343-a9f8-ade29eb4547c,L1,Profile
c34f3833-e479-4343-a9f8-ade29eb4547c,L1,Profile
c34f3833-e479-4343-a9f8-ade29eb4547c,L1,Profile
c34f3833-e479-4343-a9f8-ade29eb4547c,L1,Profile
c34f3833-e479-4343-a9f8-ade29eb4547c,L1,Profile
c34f3833-e479-4343-a9f8-ade29eb4547c,L1,Profile
c34f3833-e479-4343-a9f8-ade29eb4547c,L1,Profile
c34f3833-e479-4343-a9f8-ade29eb4547c,L1,Profile
c34f3833-e479-4343-a9f8-ade29eb4547c,L1,Profile
c34f3833-e479-4343-a9f8-ade29eb4547c,L1,Profile
c34f3833-e479-4343-a9f8-ade29eb4547c,L1,Profile
c34f3833-e479-4343-a9f8-ade29eb4547c,L1,Profile
c34f3833-e479-4343-a9f8-ade29eb4547c,L1,Profile
c34f3833-e479-4343-a9f8-ade29eb4547c,L1,Profile
c34f3833-e479-4343-a9f8-ade29eb4547c,L1,Profile
c34f3833-e479-4343-a9f8-ade29eb4547c,L1,Profile
c34f3833-e479-4343-a9f8-ade29eb4547c,L1,Profile
c34f3833-e479-4343-a9f8-ade29eb4547c,L1,Profile
c34f3833-e479-4343-a9f8-ade29eb4547c,L1,Profile
c34f3833-e479-4343-a9f8-ade29eb4547c,L1,Profile
c34f3833-e479-4343-a9f8-ade29eb4547c,L1,Profile
c34f3833-e479-4343-a9f8-ade29eb4547c,L1,Profile
c34f3833-e479-4343-a9f8-ade29eb4547c,L1,Profile
c34f3833-e479-4343-a9f8-ade29eb4547c,L1,Profile
c34f3833-e479-4343-a9f8-ade29eb4547c,L1,Profile
c34f3833-e479-4343-a9f8-ade29eb4547c,L1,Profile
c34f3833-e479-4343-a9f8-ade29eb4547c,L1,Profile
c34f3833-e479-4343-a9f8-ade29eb4547c,L1,Profile
c34f3833-e479-4343-a9f8-ade29eb4547c,L1,Profile
c34f3833-e479-4343-a9f8-ade29eb4547c,L1,Profile
c34f3833-e479-4343-a9f8-ade29eb4547c,L1,Profile
c34f3833-e479-4343-a9f8-ade29eb4547c,L1,Profile
c34f3833-e479-4343-a9f8-ade29eb4547c,L1,Profile
c34f3833-e479-4343-a9f8-ade29eb4547c,L1,Profile
c34f3833-e479-4343-a9f8-ade29eb4547c,L1,Profile
c34f3833-e479-4343-a9f8-ade29eb4547c,L1,Profile
c34f3833-e479-4343-a9f8-ade29eb4547c,L1,Profile
c34f3833-e479-4343-a9f8-ade29eb4547c,L1,Profile
c34f3833-e479-4343-a9f8-ade29eb4547c,L1,Profile
c34f3833-e479-4343-a9f8-ade29eb4547c,L1,Profile
c34f3833-e479-4343-a9f8-ade29eb4547c,L1,Profile
c34f3833-e479-4343-a9f8-ade29eb4547c,L1,Profile
c34f3833-e479-4343-a9f8-ade29eb4547c,L1,Profile
c34f3833-e479-4343-a9f8-ade29eb4547c,L1,Profile
c34f3833-e479-4343-a9f8-ade29eb4547c,L1,Profile
c34f3833-e479-4343-a9f8-ade29eb4547c,L1,Profile
c34f3833-e479-4343-a9f8-ade29eb4547c,L1,Profile
c34f3833-e479-4343-a9f8-ade29eb4547c,L1,Profile
c34f3833-e479-4343-a9f8-ade29eb4547c,L1,Profile
c34f3833-e479-4343-a9f8-ade29eb4547c,L1,Profile
c34f3833-e479-4343-a9f8-ade29eb4547c,L1,Profile
c34f3833-e479-4343-a9f8-ade29eb4547c,L1,Profile
c34f3833-e479-4343-a9f8-ade29eb4547c,L1,Profile
c34f3833-e479-4343-a9f8-ade29eb4547c,L1,Profile
c34f3833-e479-4343-a9f8-ade29eb4547c,L1,Profile
c34f3833-e479-4343-a9f8-ade29eb4547c,L1,Profile
c34f3833-e479-4343-a9f8-ade29eb4547c,L1,Profile
c34f3833-e479-4343-a9f8-ade29eb4547c,L1,Profile
c34f3833-e479-4343-a9f8-ade29eb4547c,L1,Profile
c34f3833-e479-4343-a9f8-ade29eb4547c,L1,Profile
c34f3833-e479-4343-a9f8-ade29eb4547c,L1,Profile
c34f3833-e479-4343-a9f8-ade29eb4547c,L1,Profile
c34f3833-e479-4343-a9f8-ade29eb4547c,L1,Profile
c34f3833-e479-4343-a9f8-ade29eb4547c,L1,Profile
c34f3833-e479-4343-a9f8-ade29eb4547c,L1,Profile
c34f3833-e479-4343-a9f8-ade29eb4547c,L1,Profile
c34f3833-e479-4343-a9f8-ade29eb4547c,L1,Profile
c34f3833-e479-4343-a9f8-ade29eb4547c,L1,Profile
c34f3833-e479-4343-a9f8-ade29eb4547c,L1,Profile
c34f3833-e479-4343-a9f8-ade29eb4547c,L1,Profile
c34f3833-e479-4343-a9f8-ade29eb4547c,L1,Profile
c34f3833-e479-4343-a9f8-ade29eb4547c,L1,Profile
c34f3833-e479-4343-a9f8-ade29eb4547c,L1,Profile
c34f3833-e479-4343-a9f8-ade29eb4547c,L1,Profile
c34f3833-e479-4343-a9f8-ade29eb4547c,L1,Profile
c34f3833-e479-4343-a9f8-ade29eb4547c,L1,Profile
c34f3833-e479-4343-a9f8-ade29eb4547c,L1,Profile
c34f3833-e479-4343-a9f8-ade29eb4547c,L1,Profile
c34f3833-e479-4343-a9f8-ade29eb4547c,L1,Profile
c34f3833-e479-4343-a9f8-ade29eb4547c,L1,Profile
c34f3833-e479-4343-a9f8-ade29eb4547c,L1,Profile
c34f3833-e479-4343-a9f8-ade29eb4547c,L1,Profile
c34f3833-e479-4343-a9f8-ade29eb4547c,L1,Profile
c34f3833-e479-4343-a9f8-ade29eb4547c,L1,Profile
c34f3833-e479-4343-a9f8-ade29eb4547c,L1,Profile
c34f3833-e479-4343-a9f8-ade29eb4547c,L1,Profile
c34f3833-e479-4343-a9f8-ade29eb4547c,L1,Profile
c34f3833-e479-4343-a9f8-ade29eb4547c,L1,Profile
c34f3833-e479-4343-a9f8-ade29eb4547c,L1,Profile
c34f3833-e479-4343-a9f8-ade29eb4547c,L1,Profile
c34f3833-e479-4343-a9f8-ade29eb4547c,L1,Profile
c34f3833-e479-4343-a9f8-ade29eb4547c,L1,Profile
c34f3833-e479-4343-a9f8-ade29eb4547c,L1,Profile
c34f3833-e479-4343-a9f8-ade29eb4547c,L1,Profile
c34f3833-e479-4343-a9f8-ade29eb4547c,L1,Profile
c34f3833-e479-4343-a9f8-ade29eb4547c,L1,Profile
c34f3833-e479-4343-a9f8-ade29eb4547c,L1,Profile
c34f3833-e479-4343-a9f8-ade29eb4547c,L1,Profile
c34f3833-e479-4343-a9f8-ade29eb4547c,L1,Profile
c34f3833-e479-4343-a9f8-ade29eb4547c,L1,Profile
c34f3833-e479-4343-a9f8-ade29eb4547c,L1,Profile
c34f3833-e479-4343-a9f8-ade29eb4547c,L1,Profile
c34f3833-e479-4343-a9f8-ade29eb4547c,L1,Profile
c34f3833-e479-4343-a9f8-ade29eb4547c,L1,Profile
c34f3833-e479-4343-a9f8-ade29eb4547c,L1,Profile
c34f3833-e479-4343-a9f8-ade29eb4547c,L1,Profile
c34f3833-e479-4343-a9f8-ade29eb4547c,L1,Profile
c34f3833-e479-4343-a9f8-ade29eb4547c,L1,Profile
c34f3833-e479-4343-a9f8-ade29eb4547c,L1,Profile
c34f3833-e479-4343-a9f8-ade29eb4547c,L1,Profile
c34f3833-e479-4343-a9f8-ade29eb4547c,L1,Profile
c34f3833-e479-4343-a9f8-ade29eb4547c,L1,Profile
c34f3833-e479-4343-a9f8-ade29eb4547c,L1,Profile
c34f3833-e479-4343-a9f8-ade29eb4547c,L1,Profile
c34f3833-e479-4343-a9f8-ade29eb4547c,L1,Profile
c34f3833-e479-4343-a9f8-ade29eb4547c,L1,Profile
c34f3833-e479-4343-a9f8-ade29eb4547c,L1,Profile
c34f3833-e479-4343-a9f8-ade29eb4547c,L1,Profile
c34f3833-e479-4343-a9f8-ade29eb4547c,L1,Profile
c34f3833-e479-4343-a9f8-ade29eb4547c,L1,Profile
c34f3833-e479-4343-a9f8-ade29eb4547c,L1,Profile
c34f3833-e479-4343-a9f8-ade29eb4547c,L1,Profile
c34f3833-e479-4343-a9f8-ade29eb4547c,L1,Profile
c34f3833-e479-4343-a9f8-ade29eb4547c,L1,Profile
c34f3833-e479-4343-a9f8-ade29eb4547c,L1,Profile
c34f3833-e479-4343-a9f8-ade29eb4547c,L1,Profile
c34f3833-e479-4343-a9f8-ade29eb4547c,L1,Profile
c34f3833-e479-4343-a9f8-ade29eb4547c,L1,Profile
c34f3833-e479-4343-a9f8-ade29eb4547c,L1,Profile
c34f3833-e479-4343-a9f8-ade29eb4547c,L1,Profile
c34f3833-e479-4343-a9f8-ade29eb4547c,L1,Profile
c34f3833-e479-4343-a9f8-ade29eb4547c,L1,Profile
c34f3833-e479-4343-a9f8-ade29eb4547c,L1,Profile
c34f3833-e479-4343-a9f8-ade29eb4547c,L1,Profile
c34f3833-e479-4343-a9f8-ade29eb4547c,L1,Profile
c34f3833-e479-4343-a9f8-ade29eb4547c,L1,Profile
c34f3833-e479-4343-a9f8-ade29eb4547c,L1,Profile
c34f3833-e479-4343-a9f8-ade29eb4547c,L1,Profile
c34f3833-e479-4343-a9f8-ade29eb4547c,L1,Profile
c34f3833-e479-4343-a9f8-ade29eb4547c,L1,Profile
c34f3833-e479-4343-a9f8-ade29eb4547c,L1,Profile
c34f3833-e479-4343-a9f8-ade29eb4547c,L1,Profile
c34f3833-e479-4343-a9f8-ade29eb4547c,L1,Profile
c34f3833-e479-4343-a9f8-ade29eb4547c,L1,Profile
c34f3833-e479-4343-a9f8-ade29eb4547c,L1,Profile
c34f3833-e479-4343-a9f8-ade29eb4547c,L1,Profile
c34f3833-e479-4343-a9f8-ade29eb4547c,L1,Profile
c34f3833-e479-4343-a9f8-ade29eb4547c,L1,Profile
c34f3833-e479-4343-a9f8-ade29eb4547c,L1,Profile
c34f3833-e479-4343-a9f8-ade29eb4547c,L1,Profile
c34f3833-e479-4343-a9f8-ade29eb4547c,L1,Profile
c34f3833-e479-4343-a9f8-ade29eb4547c,L1,Profile
c34f3833-e479-4343-a9f8-ade29eb4547c,L1,Profile
c34f3833-e479-4343-a9f8-ade29eb4547c,L1,Profile
c34f3833-e479-4343-a9f8-ade29eb4547c,L1,Profile
c34f3833-e479-4343-a9f8-ade29eb4547c,L1,Profile
c34f3833-e479-4343-a9f8-ade29eb4547c,L1,Profile
c34f3833-e479-4343-a9f8-ade29eb4547c,L1,Profile
c34f3833-e479-4343-a9f8-ade29eb4547c,L1,Profile
c34f3833-e479-4343-a9f8-ade29eb4547c,L1,Profile
c34f3833-e479-4343-a9f8-ade29eb4547c,L1,Profile
c34f3833-e479-4343-a9f8-ade29eb4547c,L1,Profile
c34f3833-e479-4343-a9f8-ade29eb4547c,L1,Profile
c34f3833-e479-4343-a9f8-ade29eb4547c,L1,Profile
c34f3833-e479-4343-a9f8-ade29eb4547c,L1,Profile
c34f3833-e479-4343-a9f8-ade29eb4547c,L1,Profile
c34f3833-e479-4343-a9f8-ade29eb4547c,L1,Profile
c34f3833-e479-4343-a9f8-ade29eb4547c,L1,Profile
c34f3833-e479-4343-a9f8-ade29eb4547c,L1,Profile
c34f3833-e479-4343-a9f8-ade29eb4547c,L1,Profile
c34f3833-e479-4343-a9f8-ade29eb4547c,L1,Profile
c34f3833-e479-4343-a9f8-ade29eb4547c,L1,Profile
c34f3833-e479-4343-a9f8-ade29eb4547c,L1,Profile
c34f3833-e479-4343-a9f8-ade29eb4547c,L1,Profile
c34f3833-e479-4343-a9f8-ade29eb4547c,L1,Profile
c34f3833-e479-4343-a9f8-ade29eb4547c,L1,Profile
c34f3833-e479-4343-a9f8-ade29eb4547c,L1,Profile
c34f3833-e479-4343-a9f8-ade29eb4547c,L1,Profile
c34f3833-e479-4343-a9f8-ade29eb4547c,L1,Profile
c34f3833-e479-4343-a9f8-ade29eb4547c,L1,Profile
c34f3833-e479-4343-a9f8-ade29eb4547c,L1,Profile
c34f3833-e479-4343-a9f8-ade29eb4547c,L1,Profile
c34f3833-e479-4343-a9f8-ade29eb4547c,L1,Profile
c34f3833-e479-4343-a9f8-ade29eb4547c,L1,Profile
c34f3833-e479-4343-a9f8-ade29eb4547c,L1,Profile
c34f3833-e479-4343-a9f8-ade29eb4547c,L1,Profile
c34f3833-e479-4343-a9f8-ade29eb4547c,L1,Profile
c34f3833-e479-4343-a9f8-ade29eb4547c,L1,Profile
c34f3833-e479-4343-a9f8-ade29eb4547c,L1,Profile
c34f3833-e479-4343-a9f8-ade29eb4547c,L1,Profile
c34f3833-e479-4343-a9f8-ade29eb4547c,L1,Profile
c34f3833-e479-4343-a9f8-ade29eb4547c,L1,Profile
c34f3833-e479-4343-a9f8-ade29eb4547c,L1,Profile
c34f3833-e479-4343-a9f8-ade29eb4547c,L1,Profile
c34f3833-e479-4343-a9f8-ade29eb4547c,L1,Profile
c34f3833-e479-4343-a9f8-ade29eb4547c,L1,Profile
c34f3833-e479-4343-a9f8-ade29eb4547c,L1,Profile
c34f3833-e479-4343-a9f8-ade29eb4547c,L1,Profile
c34f3833-e479-4343-a9f8-ade29eb4547c,L1,Profile
c34f3833-e479-4343-a9f8-ade29eb4547c,L1,Profile
c34f3833-e479-4343-a9f8-ade29eb4547c,L1,Profile
c34f3833-e479-4343-a9f8-ade29eb4547c,L1,Profile
c34f3833-e479-4343-a9f8-ade29eb4547c,L1,Profile
c34f3833-e479-4343-a9f8-ade29eb4547c,L1,Profile
c34f3833-e479-4343-a9f8-ade29eb4547c,L1,Profile
c34f3833-e479-4343-a9f8-ade29eb4547c,L1,Profile
c34f3833-e479-4343-a9f8-ade29eb4547c,L1,Profile
c34f3833-e479-4343-a9f8-ade29eb4547c,L1,Profile
c34f3833-e479-4343-a9f8-ade29eb4547c,L1,Profile
c34f3833-e479-4343-a9f8-ade29eb4547c,L1,Profile
c34f3833-e479-4343-a9f8-ade29eb4547c,L1,Profile
c34f3833-e479-4343-a9f8-ade29eb4547c,L1,Profile
c34f3833-e479-4343-a9f8-ade29eb4547c,L1,Profile
c34f3833-e479-4343-a9f8-ade29eb4547c,L1,Profile
c34f3833-e479-4343-a9f8-ade29eb4547c,L1,Profile
c34f3833-e479-4343-a9f8-ade29eb4547c,L1,Profile
c34f3833-e479-4343-a9f8-ade29eb4547c,L1,Profile
c34f3833-e479-4343-a9f8-ade29eb4547c,L1,Profile
c34f3833-e479-4343-a9f8-ade29eb4547c,L1,Profile
c34f3833-e479-4343-a9f8-ade29eb4547c,L1,Profile
c34f3833-e479-4343-a9f8-ade29eb4547c,L1,Profile
c34f3833-e479-4343-a9f8-ade29eb4547c,L1,Profile
c34f3833-e479-4343-a9f8-ade29eb4547c,L1,Profile
c34f3833-e479-4343-a9f8-ade29eb4547c,L1,Profile
c34f3833-e479-4343-a9f8-ade29eb4547c,L1,Profile
c34f3833-e479-4343-a9f8-ade29eb4547c,L1,Profile
c34f3833-e479-4343-a9f8-ade29eb4547c,L1,Profile
c34f3833-e479-4343-a9f8-ade29eb4547c,L1,Profile
c34f3833-e479-4343-a9f8-ade29eb4547c,L1,Profile
c34f3833-e479-4343-a9f8-ade29eb4547c,L1,Profile
c34f3833-e479-4343-a9f8-ade29eb4547c,L1,Profile
c34f3833-e479-4343-a9f8-ade29eb4547c,L1,Profile
c34f3833-e479-4343-a9f8-ade29eb4547c,L1,Profile
c34f3833-e479-4343-a9f8-ade29eb4547c,L1,Profile
c34f3833-e479-4343-a9f8-ade29eb4547c,L1,Profile
c34f3833-e479-4343-a9f8-ade29eb4547c,L1,Profile
c34f3833-e479-4343-a9f8-ade29eb4547c,L1,Profile
c34f3833-e479-4343-a9f8-ade29eb4547c,L1,Profile
c34f3833-e479-4343-a9f8-ade29eb4547c,L1,Profile
c34f3833-e479-4343-a9f8-ade29eb4547c,L1,Profile
c34f3833-e479-4343-a9f8-ade29eb4547c,L1,Profile
c34f3833-e479-4343-a9f8-ade29eb4547c,L1,Profile
c34f3833-e479-4343-a9f8-ade29eb4547c,L1,Profile
c34f3833-e479-4343-a9f8-ade29eb4547c,L1,Profile
c34f3833-e479-4343-a9f8-ade29eb4547c,L1,Profile
c34f3833-e479-4343-a9f8-ade29eb4547c,L1,Profile
c34f3833-e479-4343-a9f8-ade29eb4547c,L1,Profile
c34f3833-e479-4343-a9f8-ade29eb4547c,L1,Profile
c34f3833-e479-4343-a9f8-ade29eb4547c,L1,Profile
c34f3833-e479-4343-a9f8-ade29eb4547c,L1,Profile
c34f3833-e479-4343-a9f8-ade29eb4547c,L1,Profile
c34f3833-e479-4343-a9f8-ade29eb4547c,L1,Profile
c34f3833-e479-4343-a9f8-ade29eb4547c,L1,Profile
c34f3833-e479-4343-a9f8-ade29eb4547c,L1,Profile
c34f3833-e479-4343-a9f8-ade29eb4547c,L1,Profile
c34f3833-e479-4343-a9f8-ade29eb4547c,L1,Profile
c34f3833-e479-4343-a9f8-ade29eb4547c,L1,Profile
c34f3833-e479-4343-a9f8-ade29eb4547c,L1,Profile
c34f3833-e479-4343-a9f8-ade29eb4547c,L1,Profile
c34f3833-e479-4343-a9f8-ade29eb4547c,L1,Profile
c34f3833-e479-4343-a9f8-ade29eb4547c,L1,Profile
c34f3833-e479-4343-a9f8-ade29eb4547c,L1,Profile
c34f3833-e479-4343-a9f8-ade29eb4547c,L1,Profile
c34f3833-e479-4343-a9f8-ade29eb4547c,L1,Profile
c34f3833-e479-4343-a9f8-ade29eb4547c,L1,Profile
c34f3833-e479-4343-a9f8-ade29eb4547c,L1,Profile
c34f3833-e479-4343-a9f8-ade29eb4547c,L1,Profile
c34f3833-e479-4343-a9f8-ade29eb4547c,L1,Profile
c34f3833-e479-4343-a9f8-ade29eb4547c,L1,Profile
c34f3833-e479-4343-a9f8-ade29eb4547c,L1,Profile
c34f3833-e479-4343-a9f8-ade29eb4547c,L1,Profile
c34f3833-e479-4343-a9f8-ade29eb4547c,L1,Profile
c34f3833-e479-4343-a9f8-ade29eb4547c,L1,Profile
c34f3833-e479-4343-a9f8-ade29eb4547c,L1,Profile
c34f3833-e479-4343-a9f8-ade29eb4547c,L1,Profile
c34f3833-e479-4343-a9f8-ade29eb4547c,L1,Profile
c34f3833-e479-4343-a9f8-ade29eb4547c,L1,Profile
c34f3833-e479-4343-a9f8-ade29eb4547c,L1,Profile
c34f3833-e479-4343-a9f8-ade29eb4547c,L1,Profile
c34f3833-e479-4343-a9f8-ade29eb4547c,L1,Profile
c34f3833-e479-4343-a9f8-ade29eb4547c,L1,Profile
c34f3833-e479-4343-a9f8-ade29eb4547c,L1,Profile
c34f3833-e479-4343-a9f8-ade29eb4547c,L1,Profile
c34f3833-e479-4343-a9f8-ade29eb4547c,L1,Profile
c34f3833-e479-4343-a9f8-ade29eb4547c,L1,Profile
c34f3833-e479-4343-a9f8-ade29eb4547c,L1,Profile
c34f3833-e479-4343-a9f8-ade29eb4547c,L1,Profile
c34f3833-e479-4343-a9f8-ade29eb4547c,L1,Profile
c34f3833-e479-4343-a9f8-ade29eb4547c,L1,Profile
c34f3833-e479-4343-a9f8-ade29eb4547c,L1,Profile
c34f3833-e479-4343-a9f8-ade29eb4547c,L1,Profile
c34f3833-e479-4343-a9f8-ade29eb4547c,L1,Profile
c34f3833-e479-4343-a9f8-ade29eb4547c,L1,Profile
c34f3833-e479-4343-a9f8-ade29eb4547c,L1,Profile
c34f3833-e479-4343-a9f8-ade29eb4547c,L1,Profile
c34f3833-e479-4343-a9f8-ade29eb4547c,L1,Profile
c34f3833-e479-4343-a9f8-ade29eb4547c,L1,Profile
c34f3833-e479-4343-a9f8-ade29eb4547c,L1,Profile
c34f3833-e479-4343-a9f8-ade29eb4547c,L1,Profile
c34f3833-e479-4343-a9f8-ade29eb4547c,L1,Profile
c34f3833-e479-4343-a9f8-ade29eb4547c,L1,Profile
c34f3833-e479-4343-a9f8-ade29eb4547c,L1,Profile
c34f3833-e479-4343-a9f8-ade29eb4547c,L1,Profile
c34f3833-e479-4343-a9f8-ade29eb4547c,L1,Profile
c34f3833-e479-4343-a9f8-ade29eb4547c,L1,Profile
c34f3833-e479-4343-a9f8-ade29eb4547c,L1,Profile
c34f3833-e479-4343-a9f8-ade29eb4547c,L1,Profile
c34f3833-e479-4343-a9f8-ade29eb4547c,L1,Profile
c34f3833-e479-4343-a9f8-ade29eb4547c,L1,Profile
c34f3833-e479-4343-a9f8-ade29eb4547c,L1,Profile
c34f3833-e479-4343-a9f8-ade29eb4547c,L1,Profile
c34f3833-e479-4343-a9f8-ade29eb4547c,L1,Profile
c34f3833-e479-4343-a9f8-ade29eb4547c,L1,Profile
c34f3833-e479-4343-a9f8-ade29eb4547c,L1,Profile
c34f3833-e479-4343-a9f8-ade29eb4547c,L1,Profile
c34f3833-e479-4343-a9f8-ade29eb4547c,L1,Profile
c34f3833-e479-4343-a9f8-ade29eb4547c,L1,Profile
c34f3833-e479-4343-a9f8-ade29eb4547c,L1,Profile
c34f3833-e479-4343-a9f8-ade29eb4547c,L1,Profile
c34f3833-e479-4343-a9f8-ade29eb4547c,L1,Profile
c34f3833-e479-4343-a9f8-ade29eb4547c,L1,Profile
c34f3833-e479-4343-a9f8-ade29eb4547c,L1,Profile
c34f3833-e479-4343-a9f8-ade29eb4547c,L1,Profile
c34f3833-e479-4343-a9f8-ade29eb4547c,L1,Profile
c34f3833-e479-4343-a9f8-ade29eb4547c,L1,Profile
c34f3833-e479-4343-a9f8-ade29eb4547c,L1,Profile
c34f3833-e479-4343-a9f8-ade29eb4547c,L1,Profile
c34f3833-e479-4343-a9f8-ade29eb4547c,L1,Profile
c34f3833-e479-4343-a9f8-ade29eb4547c,L1,Profile
c34f3833-e479-4343-a9f8-ade29eb4547c,L1,Profile
c34f3833-e479-4343-a9f8-ade29eb4547c,L1,Profile
c34f3833-e479-4343-a9f8-ade29eb4547c,L1,Profile
c34f3833-e479-4343-a9f8-ade29eb4547c,L1,Profile
c34f3833-e479-4343-a9f8-ade29eb4547c,L1,Profile
c34f3833-e479-4343-a9f8-ade29eb4547c,L1,Profile
c34f3833-e479-4343-a9f8-ade29eb4547c,L1,Profile
c34f3833-e479-4343-a9f8-ade29eb4547c,L1,Profile
c34f3833-e479-4343-a9f8-ade29eb4547c,L1,Profile
c34f3833-e479-4343-a9f8-ade29eb4547c,L1,Profile
c34f3833-e479-4343-a9f8-ade29eb4547c,L1,Profile
c34f3833-e479-4343-a9f8-ade29eb4547c,L1,Profile
c34f3833-e479-4343-a9f8-ade29eb4547c,L1,Profile
c34f3833-e479-4343-a9f8-ade29eb4547c,L1,Profile
c34f3833-e479-4343-a9f8-ade29eb4547c,L1,Profile
c34f3833-e479-4343-a9f8-ade29eb4547c,L1,Profile
c34f3833-e479-4343-a9f8-ade29eb4547c,L1,Profile
c34f3833-e479-4343-a9f8-ade29eb4547c,L1,Profile
c34f3833-e479-4343-a9f8-ade29eb4547c,L1,Profile
c34f3833-e479-4343-a9f8-ade29eb4547c,L1,Profile
c34f3833-e479-4343-a9f8-ade29eb4547c,L1,Profile
c34f3833-e479-4343-a9f8-ade29eb4547c,L1,Profile
c34f3833-e479-4343-a9f8-ade29eb4547c,L1,Profile
c34f3833-e479-4343-a9f8-ade29eb4547c,L1,Profile
c34f3833-e479-4343-a9f8-ade29eb4547c,L1,Profile
c34f3833-e479-4343-a9f8-ade29eb4547c,L1,Profile
c34f3833-e479-4343-a9f8-ade29eb4547c,L1,Profile
c34f3833-e479-4343-a9f8-ade29eb4547c,L1,Profile
c34f3833-e479-4343-a9f8-ade29eb4547c,L1,Profile
c34f3833-e479-4343-a9f8-ade29eb4547c,L1,Profile
c34f3833-e479-4343-a9f8-ade29eb4547c,L1,Profile
c34f3833-e479-4343-a9f8-ade29eb4547c,L1,Profile
c34f3833-e479-4343-a9f8-ade29eb4547c,L1,Profile
c34f3833-e479-4343-a9f8-ade29eb4547c,L1,Profile
c34f3833-e479-4343-a9f8-ade29eb4547c,L1,Profile
c34f3833-e479-4343-a9f8-ade29eb4547c,L1,Profile
c34f3833-e479-4343-a9f8-ade29eb4547c,L1,Profile
c34f3833-e479-4343-a9f8-ade29eb4547c,L1,Profile
c34f3833-e479-4343-a9f8-ade29eb4547c,L1,Profile
c34f3833-e479-4343-a9f8-ade29eb4547c,L1,Profile
c34f3833-e479-4343-a9f8-ade29eb4547c,L1,Profile
c34f3833-e479-4343-a9f8-ade29eb4547c,L1,Profile
c34f3833-e479-4343-a9f8-ade29eb4547c,L1,Profile
c34f3833-e479-4343-a9f8-ade29eb4547c,L1,Profile
c34f3833-e479-4343-a9f8-ade29eb4547c,L1,Profile
c34f3833-e479-4343-a9f8-ade29eb4547c,L1,Profile
c34f3833-e479-4343-a9f8-ade29eb4547c,L1,Profile
c34f3833-e479-4343-a9f8-ade29eb4547c,L1,Profile
c34f3833-e479-4343-a9f8-ade29eb4547c,L1,Profile
c34f3833-e479-4343-a9f8-ade29eb4547c,L1,Profile
c34f3833-e479-4343-a9f8-ade29eb4547c,L1,Profile
c34f3833-e479-4343-a9f8-ade29eb4547c,L1,Profile
c34f3833-e479-4343-a9f8-ade29eb4547c,L1,Profile
c34f3833-e479-4343-a9f8-ade29eb4547c,L1,Profile
c34f3833-e479-4343-a9f8-ade29eb4547c,L1,Profile
c34f3833-e479-4343-a9f8-ade29eb4547c,L1,Profile
c34f3833-e479-4343-a9f8-ade29eb4547c,L1,Profile
c34f3833-e479-4343-a9f8-ade29eb4547c,L1,Profile
c34f3833-e479-4343-a9f8-ade29eb4547c,L1,Profile
c34f3833-e479-4343-a9f8-ade29eb4547c,L1,Profile
c34f3833-e479-4343-a9f8-ade29eb4547c,L1,Profile
c34f3833-e479-4343-a9f8-ade29eb4547c,L1,Profile
c34f3833-e479-4343-a9f8-ade29eb4547c,L1,Profile
c34f3833-e479-4343-a9f8-ade29eb4547c,L1,Profile
c34f3833-e479-4343-a9f8-ade29eb4547c,L1,Profile
c34f3833-e479-4343-a9f8-ade29eb4547c,L1,Profile
c34f3833-e479-4343-a9f8-ade29eb4547c,L1,Profile
c34f3833-e479-4343-a9f8-ade29eb4547c,L1,Profile
c34f3833-e479-4343-a9f8-ade29eb4547c,L1,Profile
c34f3833-e479-4343-a9f8-ade29eb4547c,L1,Profile
c34f3833-e479-4343-a9f8-ade29eb4547c,L1,Profile
c34f3833-e479-4343-a9f8-ade29eb4547c,L1,Profile
c34f3833-e479-4343-a9f8-ade29eb4547c,L1,Profile
c34f3833-e479-4343-a9f8-ade29eb4547c,L1,Profile
c34f3833-e479-4343-a9f8-ade29eb4547c,L1,Profile
c34f3833-e479-4343-a9f8-ade29eb4547c,L1,Profile
c34f3833-e479-4343-a9f8-ade29eb4547c,L1,Profile
c34f3833-e479-4343-a9f8-ade29eb4547c,L1,Profile
c34f3833-e479-4343-a9f8-ade29eb4547c,L1,Profile
c34f3833-e479-4343-a9f8-ade29eb4547c,L1,Profile
c34f3833-e479-4343-a9f8-ade29eb4547c,L1,Profile
c34f3833-e479-4343-a9f8-ade29eb4547c,L1,Profile
c34f3833-e479-4343-a9f8-ade29eb4547c,L1,Profile
c34f3833-e479-4343-a9f8-ade29eb4547c,L1,Profile
c34f3833-e479-4343-a9f8-ade29eb4547c,L1,Profile
c34f3833-e479-4343-a9f8-ade29eb4547c,L1,Profile
c34f3833-e479-4343-a9f8-ade29eb4547c,L1,Profile
c34f3833-e479-4343-a9f8-ade29eb4547c,L1,Profile
c34f3833-e479-4343-a9f8-ade29eb4547c,L1,Profile
c34f3833-e479-4343-a9f8-ade29eb4547c,L1,Profile
c34f3833-e479-4343-a9f8-ade29eb4547c,L1,Profile
c34f3833-e479-4343-a9f8-ade29eb4547c,L1,Profile
c34f3833-e479-4343-a9f8-ade29eb4547c,L1,Profile
c34f3833-e479-4343-a9f8-ade29eb4547c,L1,Profile
c34f3833-e479-4343-a9f8-ade29eb4547c,L1,Profile
c34f3833-e479-4343-a9f8-ade29eb4547c,L1,Profile
c34f3833-e479-4343-a9f8-ade29eb4547c,L1,Profile
c34f3833-e479-4343-a9f8-ade29eb4547c,L1,Profile
c34f3833-e479-4343-a9f8-ade29eb4547c,L1,Profile
c34f3833-e479-4343-a9f8-ade29eb4547c,L1,Profile
c34f3833-e479-4343-a9f8-ade29eb4547c,L1,Profile
c34f3833-e479-4343-a9f8-ade29eb4547c,L1,Profile
c34f3833-e479-4343-a9f8-ade29eb4547c,L1,Profile
c34f3833-e479-4343-a9f8-ade29eb4547c,L1,Profile
c34f3833-e479-4343-a9f8-ade29eb4547c,L1,Profile
c34f3833-e479-4343-a9f8-ade29eb4547c,L1,Profile
c34f3833-e479-4343-a9f8-ade29eb4547c,L1,Profile
c34f3833-e479-4343-a9f8-ade29eb4547c,L1,Profile
c34f3833-e479-4343-a9f8-ade29eb4547c,L1,Profile
c34f3833-e479-4343-a9f8-ade29eb4547c,L1,Profile
c34f3833-e479-4343-a9f8-ade29eb4547c,L1,Profile
c34f3833-e479-4343-a9f8-ade29eb4547c,L1,Profile
c34f3833-e479-4343-a9f8-ade29eb4547c,L1,Profile
c34f3833-e479-4343-a9f8-ade29eb4547c,L1,Profile
c34f3833-e479-4343-a9f8-ade29eb4547c,L1,Profile
c34f3833-e479-4343-a9f8-ade29eb4547c,L1,Profile
c34f3833-e479-4343-a9f8-ade29eb4547c,L1,Profile
c34f3833-e479-4343-a9f8-ade29eb4547c,L1,Profile
c34f3833-e479-4343-a9f8-ade29eb4547c,L1,Profile
c34f3833-e479-4343-a9f8-ade29eb4547c,L1,Profile
c34f3833-e479-4343-a9f8-ade29eb4547c,L1,Profile
c34f3833-e479-4343-a9f8-ade29eb4547c,L1,Profile
c34f3833-e479-4343-a9f8-ade29eb4547c,L1,Profile
c34f3833-e479-4343-a9f8-ade29eb4547c,L1,Profile
c34f3833-e479-4343-a9f8-ade29eb4547c,L1,Profile
c34f3833-e479-4343-a9f8-ade29eb4547c,L1,Profile
c34f3833-e479-4343-a9f8-ade29eb4547c,L1,Profile
c34f3833-e479-4343-a9f8-ade29eb4547c,L1,Profile
c34f3833-e479-4343-a9f8-ade29eb4547c,L1,Profile
c34f3833-e479-4343-a9f8-ade29eb4547c,L1,Profile
c34f3833-e479-4343-a9f8-ade29eb4547c,L1,Profile
c34f3833-e479-4343-a9f8-ade29eb4547c,L1,Profile
c34f3833-e479-4343-a9f8-ade29eb4547c,L1,Profile
c34f3833-e479-4343-a9f8-ade29eb4547c,L1,Profile
c34f3833-e479-4343-a9f8-ade29eb4547c,L1,Profile
c34f3833-e479-4343-a9f8-ade29eb4547c,L1,Profile
c34f3833-e479-4343-a9f8-ade29eb4547c,L1,Profile
c34f3833-e479-4343-a9f8-ade29eb4547c,L1,Profile
c34f3833-e479-4343-a9f8-ade29eb4547c,L1,Profile
c34f3833-e479-4343-a9f8-ade29eb4547c,L1,Profile
c34f3833-e479-4343-a9f8-ade29eb4547c,L1,Profile
c34f3833-e479-4343-a9f8-ade29eb4547c,L1,Profile
c34f3833-e479-4343-a9f8-ade29eb4547c,L1,Profile
c34f3833-e479-4343-a9f8-ade29eb4547c,L1,Profile
c34f3833-e479-4343-a9f8-ade29eb4547c,L1,Profile
c34f3833-e479-4343-a9f8-ade29eb4547c,L1,Profile
c34f3833-e479-4343-a9f8-ade29eb4547c,L1,Profile
c34f3833-e479-4343-a9f8-ade29eb4547c,L1,Profile
c34f3833-e479-4343-a9f8-ade29eb4547c,L1,Profile
c34f3833-e479-4343-a9f8-ade29eb4547c,L1,Profile
c34f3833-e479-4343-a9f8-ade29eb4547c,L1,Profile
c34f3833-e479-4343-a9f8-ade29eb4547c,L1,Profile
c34f3833-e479-4343-a9f8-ade29eb4547c,L1,Profile
c34f3833-e479-4343-a9f8-ade29eb4547c,L1,Profile
c34f3833-e479-4343-a9f8-ade29eb4547c,L1,Profile
c34f3833-e479-4343-a9f8-ade29eb4547c,L1,Profile
c34f3833-e479-4343-a9f8-ade29eb4547c,L1,Profile
c34f3833-e479-4343-a9f8-ade29eb4547c,L1,Profile
c34f3833-e479-4343-a9f8-ade29eb4547c,L1,Profile
c34f3833-e479-4343-a9f8-ade29eb4547c,L1,Profile
c34f3833-e479-4343-a9f8-ade29eb4547c,L1,Profile
c34f3833-e479-4343-a9f8-ade29eb4547c,L1,Profile
c34f3833-e479-4343-a9f8-ade29eb4547c,L1,Profile
c34f3833-e479-4343-a9f8-ade29eb4547c,L1,Profile
c34f3833-e479-4343-a9f8-ade29eb4547c,L1,Profile
c34f3833-e479-4343-a9f8-ade29eb4547c,L1,Profile
c34f3833-e479-4343-a9f8-ade29eb4547c,L1,Profile
c34f3833-e479-4343-a9f8-ade29eb4547c,L1,Profile
c34f3833-e479-4343-a9f8-ade29eb4547c,L1,Profile
c34f3833-e479-4343-a9f8-ade29eb4547c,L1,Profile
c34f3833-e479-4343-a9f8-ade29eb4547c,L1,Profile
c34f3833-e479-4343-a9f8-ade29eb4547c,L1,Profile
c34f3833-e479-4343-a9f8-ade29eb4547c,L1,Profile
c34f3833-e479-4343-a9f8-ade29eb4547c,L1,Profile
c34f3833-e479-4343-a9f8-ade29eb4547c,L1,Profile
c34f3833-e479-4343-a9f8-ade29eb4547c,L1,Profile
c34f3833-e479-4343-a9f8-ade29eb4547c,L1,Profile
c34f3833-e479-4343-a9f8-ade29eb4547c,L1,Profile
c34f3833-e479-4343-a9f8-ade29eb4547c,L1,Profile
c34f3833-e479-4343-a9f8-ade29eb4547c,L1,Profile
c34f3833-e479-4343-a9f8-ade29eb4547c,L1,Profile
c34f3833-e479-4343-a9f8-ade29eb4547c,L1,Profile
c34f3833-e479-4343-a9f8-ade29eb4547c,L1,Profile
c34f3833-e479-4343-a9f8-ade29eb4547c,L1,Profile
c34f3833-e479-4343-a9f8-ade29eb4547c,L1,Profile
c34f3833-e479-4343-a9f8-ade29eb4547c,L1,Profile
c34f3833-e479-4343-a9f8-ade29eb4547c,L1,Profile
c34f3833-e479-4343-a9f8-ade29eb4547c,L1,Profile
c34f3833-e479-4343-a9f8-ade29eb4547c,L1,Profile
c34f3833-e479-4343-a9f8-ade29eb4547c,L1,Profile
c34f3833-e479-4343-a9f8-ade29eb4547c,L1,Profile
c34f3833-e479-4343-a9f8-ade29eb4547c,L1,Profile
c34f3833-e479-4343-a9f8-ade29eb4547c,L1,Profile
c34f3833-e479-4343-a9f8-ade29eb4547c,L1,Profile
c34f3833-e479-4343-a9f8-ade29eb4547c,L1,Profile
c34f3833-e479-4343-a9f8-ade29eb4547c,L1,Profile
c34f3833-e479-4343-a9f8-ade29eb4547c,L1,Profile
c34f3833-e479-4343-a9f8-ade29eb4547c,L1,Profile
c34f3833-e479-4343-a9f8-ade29eb4547c,L1,Profile
c34f3833-e479-4343-a9f8-ade29eb4547c,L1,Profile
c34f3833-e479-4343-a9f8-ade29eb4547c,L1,Profile
c34f3833-e479-4343-a9f8-ade29eb4547c,L1,Profile
c34f3833-e479-4343-a9f8-ade29eb4547c,L1,Profile
c34f3833-e479-4343-a9f8-ade29eb4547c,L1,Profile
c34f3833-e479-4343-a9f8-ade29eb4547c,L1,Profile
c34f3833-e479-4343-a9f8-ade29eb4547c,L1,Profile
c34f3833-e479-4343-a9f8-ade29eb4547c,L1,Profile
c34f3833-e479-4343-a9f8-ade29eb4547c,L1,Profile
c34f3833-e479-4343-a9f8-ade29eb4547c,L1,Profile
c34f3833-e479-4343-a9f8-ade29eb4547c,L1,Profile
c34f3833-e479-4343-a9f8-ade29eb4547c,L1,Profile
c34f3833-e479-4343-a9f8-ade29eb4547c,L1,Profile
c34f3833-e479-4343-a9f8-ade29eb4547c,L1,Profile
c34f3833-e479-4343-a9f8-ade29eb4547c,L1,Profile
c34f3833-e479-4343-a9f8-ade29eb4547c,L1,Profile
c34f3833-e479-4343-a9f8-ade29eb4547c,L1,Profile
c34f3833-e479-4343-a9f8-ade29eb4547c,L1,Profile
c34f3833-e479-4343-a9f8-ade29eb4547c,L1,Profile
c34f3833-e479-4343-a9f8-ade29eb4547c,L1,Profile
c34f3833-e479-4343-a9f8-ade29eb4547c,L1,Profile
c34f3833-e479-4343-a9f8-ade29eb4547c,L1,Profile
c34f3833-e479-4343-a9f8-ade29eb4547c,L1,Profile
c34f3833-e479-4343-a9f8-ade29eb4547c,L1,Profile
c34f3833-e479-4343-a9f8-ade29eb4547c,L1,Profile
c34f3833-e479-4343-a9f8-ade29eb4547c,L1,Profile
c34f3833-e479-4343-a9f8-ade29eb4547c,L1,Profile
c34f3833-e479-4343-a9f8-ade29eb4547c,L1,Profile
c34f3833-e479-4343-a9f8-ade29eb4547c,L1,Profile
c34f3833-e479-4343-a9f8-ade29eb4547c,L1,Profile
c34f3833-e479-4343-a9f8-ade29eb4547c,L1,Profile
c34f3833-e479-4343-a9f8-ade29eb4547c,L1,Profile
c34f3833-e479-4343-a9f8-ade29eb4547c,L1,Profile
c34f3833-e479-4343-a9f8-ade29eb4547c,L1,Profile
c34f3833-e479-4343-a9f8-ade29eb4547c,L1,Profile
c34f3833-e479-4343-a9f8-ade29eb4547c,L1,Profile
c34f3833-e479-4343-a9f8-ade29eb4547c,L1,Profile
c34f3833-e479-4343-a9f8-ade29eb4547c,L1,Profile
c34f3833-e479-4343-a9f8-ade29eb4547c,L1,Profile
c34f3833-e479-4343-a9f8-ade29eb4547c,L1,Profile
c34f3833-e479-4343-a9f8-ade29eb4547c,L1,Profile
c34f3833-e479-4343-a9f8-ade29eb4547c,L1,Profile
c34f3833-e479-4343-a9f8-ade29eb4547c,L1,Profile
c34f3833-e479-4343-a9f8-ade29eb4547c,L1,Profile
c34f3833-e479-4343-a9f8-ade29eb4547c,L1,Profile
c34f3833-e479-4343-a9f8-ade29eb4547c,L1,Profile
c34f3833-e479-4343-a9f8-ade29eb4547c,L1,Profile
c34f3833-e479-4343-a9f8-ade29eb4547c,L1,Profile
c34f3833-e479-4343-a9f8-ade29eb4547c,L1,Profile
c34f3833-e479-4343-a9f8-ade29eb4547c,L1,Profile
c34f3833-e479-4343-a9f8-ade29eb4547c,L1,Profile
c34f3833-e479-4343-a9f8-ade29eb4547c,L1,Profile
c34f3833-e479-4343-a9f8-ade29eb4547c,L1,Profile
c34f3833-e479-4343-a9f8-ade29eb4547c,L1,Profile
c34f3833-e479-4343-a9f8-ade29eb4547c,L1,Profile
c34f3833-e479-4343-a9f8-ade29eb4547c,L1,Profile
c34f3833-e479-4343-a9f8-ade29eb4547c,L1,Profile
c34f3833-e479-4343-a9f8-ade29eb4547c,L1,Profile
c34f3833-e479-4343-a9f8-ade29eb4547c,L1,Profile
c34f3833-e479-4343-a9f8-ade29eb4547c,L1,Profile
c34f3833-e479-4343-a9f8-ade29eb4547c,L1,Profile
c34f3833-e479-4343-a9f8-ade29eb4547c,L1,Profile
c34f3833-e479-4343-a9f8-ade29eb4547c,L1,Profile
c34f3833-e479-4343-a9f8-ade29eb4547c,L1,Profile
c34f3833-e479-4343-a9f8-ade29eb4547c,L1,Profile
c34f3833-e479-4343-a9f8-ade29eb4547c,L1,Profile
c34f3833-e479-4343-a9f8-ade29eb4547c,L1,Profile
c34f3833-e479-4343-a9f8-ade29eb4547c,L1,Profile
c34f3833-e479-4343-a9f8-ade29eb4547c,L1,Profile
c34f3833-e479-4343-a9f8-ade29eb4547c,L1,Profile
c34f3833-e479-4343-a9f8-ade29eb4547c,L1,Profile
c34f3833-e479-4343-a9f8-ade29eb4547c,L1,Profile
c34f3833-e479-4343-a9f8-ade29eb4547c,L1,Profile
c34f3833-e479-4343-a9f8-ade29eb4547c,L1,Profile
c34f3833-e479-4343-a9f8-ade29eb4547c,L1,Profile
c34f3833-e479-4343-a9f8-ade29eb4547c,L1,Profile
c34f3833-e479-4343-a9f8-ade29eb4547c,L1,Profile
c34f3833-e479-4343-a9f8-ade29eb4547c,L1,Profile
c34f3833-e479-4343-a9f8-ade29eb4547c,L1,Profile
c34f3833-e479-4343-a9f8-ade29eb4547c,L1,Profile
c34f3833-e479-4343-a9f8-ade29eb4547c,L1,Profile
c34f3833-e479-4343-a9f8-ade29eb4547c,L1,Profile
c34f3833-e479-4343-a9f8-ade29eb4547c,L1,Profile
c34f3833-e479-4343-a9f8-ade29eb4547c,L1,Profile
c34f3833-e479-4343-a9f8-ade29eb4547c,L1,Profile
c34f3833-e479-4343-a9f8-ade29eb4547c,L1,Profile
c34f3833-e479-4343-a9f8-ade29eb4547c,L1,Profile
c34f3833-e479-4343-a9f8-ade29eb4547c,L1,Profile
c34f3833-e479-4343-a9f8-ade29eb4547c,L1,Profile
c34f3833-e479-4343-a9f8-ade29eb4547c,L1,Profile
c34f3833-e479-4343-a9f8-ade29eb4547c,L1,Profile
c34f3833-e479-4343-a9f8-ade29eb4547c,L1,Profile
c34f3833-e479-4343-a9f8-ade29eb4547c,L1,Profile
c34f3833-e479-4343-a9f8-ade29eb4547c,L1,Profile
c34f3833-e479-4343-a9f8-ade29eb4547c,L1,Profile
c34f3833-e479-4343-a9f8-ade29eb4547c,L1,Profile
c34f3833-e479-4343-a9f8-ade29eb4547c,L1,Profile
c34f3833-e479-4343-a9f8-ade29eb4547c,L1,Profile
c34f3833-e479-4343-a9f8-ade29eb4547c,L1,Profile
c34f3833-e479-4343-a9f8-ade29eb4547c,L1,Profile
c34f3833-e479-4343-a9f8-ade29eb4547c,L1,Profile
c34f3833-e479-4343-a9f8-ade29eb4547c,L1,Profile
c34f3833-e479-4343-a9f8-ade29eb4547c,L1,Profile
c34f3833-e479-4343-a9f8-ade29eb4547c,L1,Profile
c34f3833-e479-4343-a9f8-ade29eb4547c,L1,Profile
c34f3833-e479-4343-a9f8-ade29eb4547c,L1,Profile
c34f3833-e479-4343-a9f8-ade29eb4547c,L1,Profile
c34f3833-e479-4343-a9f8-ade29eb4547c,L1,Profile
c34f3833-e479-4343-a9f8-ade29eb4547c,L1,Profile
c34f3833-e479-4343-a9f8-ade29eb4547c,L1,Profile
c34f3833-e479-4343-a9f8-ade29eb4547c,L1,Profile
c34f3833-e479-4343-a9f8-ade29eb4547c,L1,Profile
c34f3833-e479-4343-a9f8-ade29eb4547c,L1,Profile
c34f3833-e479-4343-a9f8-ade29eb4547c,L1,Profile
c34f3833-e479-4343-a9f8-ade29eb4547c,L1,Profile
c34f3833-e479-4343-a9f8-ade29eb4547c,L1,Profile
c34f3833-e479-4343-a9f8-ade29eb4547c,L1,Profile
c34f3833-e479-4343-a9f8-ade29eb4547c,L1,Profile
c34f3833-e479-4343-a9f8-ade29eb4547c,L1,Profile
c34f3833-e479-4343-a9f8-ade29eb4547c,L1,Profile
c34f3833-e479-4343-a9f8-ade29eb4547c,L1,Profile
c34f3833-e479-4343-a9f8-ade29eb4547c,L1,Profile
c34f3833-e479-4343-a9f8-ade29eb4547c,L1,Profile
c34f3833-e479-4343-a9f8-ade29eb4547c,L1,Profile
c34f3833-e479-4343-a9f8-ade29eb4547c,L1,Profile
c34f3833-e479-4343-a9f8-ade29eb4547c,L1,Profile
c34f3833-e479-4343-a9f8-ade29eb4547c,L1,Profile
c34f3833-e479-4343-a9f8-ade29eb4547c,L1,Profile
c34f3833-e479-4343-a9f8-ade29eb4547c,L1,Profile
c34f3833-e479-4343-a9f8-ade29eb4547c,L1,Profile
c34f3833-e479-4343-a9f8-ade29eb4547c,L1,Profile
c34f3833-e479-4343-a9f8-ade29eb4547c,L1,Profile
c34f3833-e479-4343-a9f8-ade29eb4547c,L1,Profile
c34f3833-e479-4343-a9f8-ade29eb4547c,L1,Profile
c34f3833-e479-4343-a9f8-ade29eb4547c,L1,Profile
c34f3833-e479-4343-a9f8-ade29eb4547c,L1,Profile
c34f3833-e479-4343-a9f8-ade29eb4547c,L1,Profile
c34f3833-e479-4343-a9f8-ade29eb4547c,L1,Profile
c34f3833-e479-4343-a9f8-ade29eb4547c,L1,Profile
c34f3833-e479-4343-a9f8-ade29eb4547c,L1,Profile
c34f3833-e479-4343-a9f8-ade29eb4547c,L1,Profile
c34f3833-e479-4343-a9f8-ade29eb4547c,L1,Profile
c34f3833-e479-4343-a9f8-ade29eb4547c,L1,Profile
c34f3833-e479-4343-a9f8-ade29eb4547c,L1,Profile
c34f3833-e479-4343-a9f8-ade29eb4547c,L1,Profile
c34f3833-e479-4343-a9f8-ade29eb4547c,L1,Profile
c34f3833-e479-4343-a9f8-ade29eb4547c,L1,Profile
c34f3833-e479-4343-a9f8-ade29eb4547c,L1,Profile
c34f3833-e479-4343-a9f8-ade29eb4547c,L1,Profile
c34f3833-e479-4343-a9f8-ade29eb4547c,L1,Profile
c34f3833-e479-4343-a9f8-ade29eb4547c,L1,Profile
c34f3833-e479-4343-a9f8-ade29eb4547c,L1,Profile
c34f3833-e479-4343-a9f8-ade29eb4547c,L1,Profile
c34f3833-e479-4343-a9f8-ade29eb4547c,L1,Profile
c34f3833-e479-4343-a9f8-ade29eb4547c,L1,Profile
c34f3833-e479-4343-a9f8-ade29eb4547c,L1,Profile
c34f3833-e479-4343-a9f8-ade29eb4547c,L1,Profile
c34f3833-e479-4343-a9f8-ade29eb4547c,L1,Profile
c34f3833-e479-4343-a9f8-ade29eb4547c,L1,Profile
c34f3833-e479-4343-a9f8-ade29eb4547c,L1,Profile
c34f3833-e479-4343-a9f8-ade29eb4547c,L1,Profile
c34f3833-e479-4343-a9f8-ade29eb4547c,L1,Profile
c34f3833-e479-4343-a9f8-ade29eb4547c,L1,Profile
c34f3833-e479-4343-a9f8-ade29eb4547c,L1,Profile
c34f3833-e479-4343-a9f8-ade29eb4547c,L1,Profile
c34f3833-e479-4343-a9f8-ade29eb4547c,L1,Profile
c34f3833-e479-4343-a9f8-ade29eb4547c,L1,Profile
c34f3833-e479-4343-a9f8-ade29eb4547c,L1,Profile
c34f3833-e479-4343-a9f8-ade29eb4547c,L1,Profile
c34f3833-e479-4343-a9f8-ade29eb4547c,L1,Profile
c34f3833-e479-4343-a9f8-ade29eb4547c,L1,Profile
c34f3833-e479-4343-a9f8-ade29eb4547c,L1,Profile
c34f3833-e479-4343-a9f8-ade29eb4547c,L1,Profile
c34f3833-e479-4343-a9f8-ade29eb4547c,L1,Profile
c34f3833-e479-4343-a9f8-ade29eb4547c,L1,Profile
c34f3833-e479-4343-a9f8-ade29eb4547c,L1,Profile
c34f3833-e479-4343-a9f8-ade29eb4547c,L1,Profile
c34f3833-e479-4343-a9f8-ade29eb4547c,L1,Profile
c34f3833-e479-4343-a9f8-ade29eb4547c,L1,Profile
c34f3833-e479-4343-a9f8-ade29eb4547c,L1,Profile
c34f3833-e479-4343-a9f8-ade29eb4547c,L1,Profile
c34f3833-e479-4343-a9f8-ade29eb4547c,L1,Profile
c34f3833-e479-4343-a9f8-ade29eb4547c,L1,Profile
c34f3833-e479-4343-a9f8-ade29eb4547c,L1,Profile
c34f3833-e479-4343-a9f8-ade29eb4547c,L1,Profile
c34f3833-e479-4343-a9f8-ade29eb4547c,L1,Profile
c34f3833-e479-4343-a9f8-ade29eb4547c,L1,Profile
c34f3833-e479-4343-a9f8-ade29eb4547c,L1,Profile
c34f3833-e479-4343-a9f8-ade29eb4547c,L1,Profile
c34f3833-e479-4343-a9f8-ade29eb4547c,L1,Profile
c34f3833-e479-4343-a9f8-ade29eb4547c,L1,Profile
c34f3833-e479-4343-a9f8-ade29eb4547c,L1,Profile
c34f3833-e479-4343-a9f8-ade29eb4547c,L1,Profile
c34f3833-e479-4343-a9f8-ade29eb4547c,L1,Profile
c34f3833-e479-4343-a9f8-ade29eb4547c,L1,Profile
c34f3833-e479-4343-a9f8-ade29eb4547c,L1,Profile
c34f3833-e479-4343-a9f8-ade29eb4547c,L1,Profile
c34f3833-e479-4343-a9f8-ade29eb4547c,L1,Profile
c34f3833-e479-4343-a9f8-ade29eb4547c,L1,Profile
c34f3833-e479-4343-a9f8-ade29eb4547c,L1,Profile
c34f3833-e479-4343-a9f8-ade29eb4547c,L1,Profile
c34f3833-e479-4343-a9f8-ade29eb4547c,L1,Profile
c34f3833-e479-4343-a9f8-ade29eb4547c,L1,Profile
c34f3833-e479-4343-a9f8-ade29eb4547c,L1,Profile
c34f3833-e479-4343-a9f8-ade29eb4547c,L1,Profile
c34f3833-e479-4343-a9f8-ade29eb4547c,L1,Profile
c34f3833-e479-4343-a9f8-ade29eb4547c,L1,Profile
c34f3833-e479-4343-a9f8-ade29eb4547c,L1,Profile
c34f3833-e479-4343-a9f8-ade29eb4547c,L1,Profile
c34f3833-e479-4343-a9f8-ade29eb4547c,L1,Profile
c34f3833-e479-4343-a9f8-ade29eb4547c,L1,Profile
c34f3833-e479-4343-a9f8-ade29eb4547c,L1,Profile
c34f3833-e479-4343-a9f8-ade29eb4547c,L1,Profile
c34f3833-e479-4343-a9f8-ade29eb4547c,L1,Profile
c34f3833-e479-4343-a9f8-ade29eb4547c,L1,Profile
c34f3833-e479-4343-a9f8-ade29eb4547c,L1,Profile
c34f3833-e479-4343-a9f8-ade29eb4547c,L1,Profile
c34f3833-e479-4343-a9f8-ade29eb4547c,L1,Profile
c34f3833-e479-4343-a9f8-ade29eb4547c,L1,Profile
c34f3833-e479-4343-a9f8-ade29eb4547c,L1,Profile
c34f3833-e479-4343-a9f8-ade29eb4547c,L1,Profile
c34f3833-e479-4343-a9f8-ade29eb4547c,L1,Profile
c34f3833-e479-4343-a9f8-ade29eb4547c,L1,Profile
c34f3833-e479-4343-a9f8-ade29eb4547c,L1,Profile
c34f3833-e479-4343-a9f8-ade29eb4547c,L1,Profile
c34f3833-e479-4343-a9f8-ade29eb4547c,L1,Profile
c34f3833-e479-4343-a9f8-ade29eb4547c,L1,Profile
c34f3833-e479-4343-a9f8-ade29eb4547c,L1,Profile
c34f3833-e479-4343-a9f8-ade29eb4547c,L1,Profile
c34f3833-e479-4343-a9f8-ade29eb4547c,L1,Profile
c34f3833-e479-4343-a9f8-ade29eb4547c,L1,Profile
c34f3833-e479-4343-a9f8-ade29eb4547c,L1,Profile
c34f3833-e479-4343-a9f8-ade29eb4547c,L1,Profile
c34f3833-e479-4343-a9f8-ade29eb4547c,L1,Profile
c34f3833-e479-4343-a9f8-ade29eb4547c,L1,Profile
c34f3833-e479-4343-a9f8-ade29eb4547c,L1,Profile
c34f3833-e479-4343-a9f8-ade29eb4547c,L1,Profile
c34f3833-e479-4343-a9f8-ade29eb4547c,L1,Profile
c34f3833-e479-4343-a9f8-ade29eb4547c,L1,Profile
c34f3833-e479-4343-a9f8-ade29eb4547c,L1,Profile
c34f3833-e479-4343-a9f8-ade29eb4547c,L1,Profile
c34f3833-e479-4343-a9f8-ade29eb4547c,L1,Profile
c34f3833-e479-4343-a9f8-ade29eb4547c,L1,Profile
c34f3833-e479-4343-a9f8-ade29eb4547c,L1,Profile
c34f3833-e479-4343-a9f8-ade29eb4547c,L1,Profile
c34f3833-e479-4343-a9f8-ade29eb4547c,L1,Profile
c34f3833-e479-4343-a9f8-ade29eb4547c,L1,Profile
c34f3833-e479-4343-a9f8-ade29eb4547c,L1,Profile
c34f3833-e479-4343-a9f8-ade29eb4547c,L1,Profile
c34f3833-e479-4343-a9f8-ade29eb4547c,L1,Profile
c34f3833-e479-4343-a9f8-ade29eb4547c,L1,Profile
c34f3833-e479-4343-a9f8-ade29eb4547c,L1,Profile
c34f3833-e479-4343-a9f8-ade29eb4547c,L1,Profile
c34f3833-e479-4343-a9f8-ade29eb4547c,L1,Profile
c34f3833-e479-4343-a9f8-ade29eb4547c,L1,Profile
c34f3833-e479-4343-a9f8-ade29eb4547c,L1,Profile
c34f3833-e479-4343-a9f8-ade29eb4547c,L1,Profile
c34f3833-e479-4343-a9f8-ade29eb4547c,L1,Profile
c34f3833-e479-4343-a9f8-ade29eb4547c,L1,Profile
c34f3833-e479-4343-a9f8-ade29eb4547c,L1,Profile
c34f3833-e479-4343-a9f8-ade29eb4547c,L1,Profile
c34f3833-e479-4343-a9f8-ade29eb4547c,L1,Profile
c34f3833-e479-4343-a9f8-ade29eb4547c,L1,Profile
c34f3833-e479-4343-a9f8-ade29eb4547c,L1,Profile
c34f3833-e479-4343-a9f8-ade29eb4547c,L1,Profile
c34f3833-e479-4343-a9f8-ade29eb4547c,L1,Profile
c34f3833-e479-4343-a9f8-ade29eb4547c,L1,Profile
c34f3833-e479-4343-a9f8-ade29eb4547c,L1,Profile
c34f3833-e479-4343-a9f8-ade29eb4547c,L1,Profile
c34f3833-e479-4343-a9f8-ade29eb4547c,L1,Profile
c34f3833-e479-4343-a9f8-ade29eb4547c,L1,Profile
c34f3833-e479-4343-a9f8-ade29eb4547c,L1,Profile
c34f3833-e479-4343-a9f8-ade29eb4547c,L1,Profile
c34f3833-e479-4343-a9f8-ade29eb4547c,L1,Profile
c34f3833-e479-4343-a9f8-ade29eb4547c,L1,Profile
c34f3833-e479-4343-a9f8-ade29eb4547c,L1,Profile
c34f3833-e479-4343-a9f8-ade29eb4547c,L1,Profile
c34f3833-e479-4343-a9f8-ade29eb4547c,L1,Profile
c34f3833-e479-4343-a9f8-ade29eb4547c,L1,Profile
c34f3833-e479-4343-a9f8-ade29eb4547c,L1,Profile
c34f3833-e479-4343-a9f8-ade29eb4547c,L1,Profile
c34f3833-e479-4343-a9f8-ade29eb4547c,L1,Profile
c34f3833-e479-4343-a9f8-ade29eb4547c,L1,Profile
c34f3833-e479-4343-a9f8-ade29eb4547c,L1,Profile
c34f3833-e479-4343-a9f8-ade29eb4547c,L1,Profile
c34f3833-e479-4343-a9f8-ade29eb4547c,L1,Profile
c34f3833-e479-4343-a9f8-ade29eb4547c,L1,Profile
c34f3833-e479-4343-a9f8-ade29eb4547c,L1,Profile
c34f3833-e479-4343-a9f8-ade29eb4547c,L1,Profile
c34f3833-e479-4343-a9f8-ade29eb4547c,L1,Profile
c34f3833-e479-4343-a9f8-ade29eb4547c,L1,Profile
c34f3833-e479-4343-a9f8-ade29eb4547c,L1,Profile
c34f3833-e479-4343-a9f8-ade29eb4547c,L1,Profile
c34f3833-e479-4343-a9f8-ade29eb4547c,L1,Profile
c34f3833-e479-4343-a9f8-ade29eb4547c,L1,Profile
c34f3833-e479-4343-a9f8-ade29eb4547c,L1,Profile
c34f3833-e479-4343-a9f8-ade29eb4547c,L1,Profile
c34f3833-e479-4343-a9f8-ade29eb4547c,L1,Profile
c34f3833-e479-4343-a9f8-ade29eb4547c,L1,Profile
c34f3833-e479-4343-a9f8-ade29eb4547c,L1,Profile
c34f3833-e479-4343-a9f8-ade29eb4547c,L1,Profile
c34f3833-e479-4343-a9f8-ade29eb4547c,L1,Profile
c34f3833-e479-4343-a9f8-ade29eb4547c,L1,Profile
c34f3833-e479-4343-a9f8-ade29eb4547c,L1,Profile
c34f3833-e479-4343-a9f8-ade29eb4547c,L1,Profile
c34f3833-e479-4343-a9f8-ade29eb4547c,L1,Profile
c34f3833-e479-4343-a9f8-ade29eb4547c,L1,Profile
c34f3833-e479-4343-a9f8-ade29eb4547c,L1,Profile
c34f3833-e479-4343-a9f8-ade29eb4547c,L1,Profile
c34f3833-e479-4343-a9f8-ade29eb4547c,L1,Profile
c34f3833-e479-4343-a9f8-ade29eb4547c,L1,Profile
c34f3833-e479-4343-a9f8-ade29eb4547c,L1,Profile
c34f3833-e479-4343-a9f8-ade29eb4547c,L1,Profile
c34f3833-e479-4343-a9f8-ade29eb4547c,L1,Profile
c34f3833-e479-4343-a9f8-ade29eb4547c,L1,Profile
c34f3833-e479-4343-a9f8-ade29eb4547c,L1,Profile
c34f3833-e479-4343-a9f8-ade29eb4547c,L1,Profile
c34f3833-e479-4343-a9f8-ade29eb4547c,L1,Profile
c34f3833-e479-4343-a9f8-ade29eb4547c,L1,Profile
c34f3833-e479-4343-a9f8-ade29eb4547c,L1,Profile
c34f3833-e479-4343-a9f8-ade29eb4547c,L1,Profile
c34f3833-e479-4343-a9f8-ade29eb4547c,L1,Profile
c34f3833-e479-4343-a9f8-ade29eb4547c,L1,Profile
c34f3833-e479-4343-a9f8-ade29eb4547c,L1,Profile
c34f3833-e479-4343-a9f8-ade29eb4547c,L1,Profile
c34f3833-e479-4343-a9f8-ade29eb4547c,L1,Profile
c34f3833-e479-4343-a9f8-ade29eb4547c,L1,Profile
c34f3833-e479-4343-a9f8-ade29eb4547c,L1,Profile
c34f3833-e479-4343-a9f8-ade29eb4547c,L1,Profile
c34f3833-e479-4343-a9f8-ade29eb4547c,L1,Profile
c34f3833-e479-4343-a9f8-ade29eb4547c,L1,Profile
c34f3833-e479-4343-a9f8-ade29eb4547c,L1,Profile
c34f3833-e479-4343-a9f8-ade29eb4547c,L1,Profile
c34f3833-e479-4343-a9f8-ade29eb4547c,L1,Profile
c34f3833-e479-4343-a9f8-ade29eb4547c,L1,Profile
c34f3833-e479-4343-a9f8-ade29eb4547c,L1,Profile
c34f3833-e479-4343-a9f8-ade29eb4547c,L1,Profile
c34f3833-e479-4343-a9f8-ade29eb4547c,L1,Profile
c34f3833-e479-4343-a9f8-ade29eb4547c,L1,Profile
c34f3833-e479-4343-a9f8-ade29eb4547c,L1,Profile
c34f3833-e479-4343-a9f8-ade29eb4547c,L1,Profile
c34f3833-e479-4343-a9f8-ade29eb4547c,L1,Profile
c34f3833-e479-4343-a9f8-ade29eb4547c,L1,Profile
c34f3833-e479-4343-a9f8-ade29eb4547c,L1,Profile
c34f3833-e479-4343-a9f8-ade29eb4547c,L1,Profile
c34f3833-e479-4343-a9f8-ade29eb4547c,L1,Profile
c34f3833-e479-4343-a9f8-ade29eb4547c,L1,Profile
c34f3833-e479-4343-a9f8-ade29eb4547c,L1,Profile
c34f3833-e479-4343-a9f8-ade29eb4547c,L1,Profile
c34f3833-e479-4343-a9f8-ade29eb4547c,L1,Profile
c34f3833-e479-4343-a9f8-ade29eb4547c,L1,Profile
c34f3833-e479-4343-a9f8-ade29eb4547c,L1,Profile
c34f3833-e479-4343-a9f8-ade29eb4547c,L1,Profile
c34f3833-e479-4343-a9f8-ade29eb4547c,L1,Profile
c34f3833-e479-4343-a9f8-ade29eb4547c,L1,Profile
c34f3833-e479-4343-a9f8-ade29eb4547c,L1,Profile
c34f3833-e479-4343-a9f8-ade29eb4547c,L1,Profile
c34f3833-e479-4343-a9f8-ade29eb4547c,L1,Profile
c34f3833-e479-4343-a9f8-ade29eb4547c,L1,Profile
c34f3833-e479-4343-a9f8-ade29eb4547c,L1,Profile
c34f3833-e479-4343-a9f8-ade29eb4547c,L1,Profile
c34f3833-e479-4343-a9f8-ade29eb4547c,L1,Profile
c34f3833-e479-4343-a9f8-ade29eb4547c,L1,Profile
c34f3833-e479-4343-a9f8-ade29eb4547c,L1,Profile
c34f3833-e479-4343-a9f8-ade29eb4547c,L1,Profile
c34f3833-e479-4343-a9f8-ade29eb4547c,L1,Profile
c34f3833-e479-4343-a9f8-ade29eb4547c,L1,Profile
c34f3833-e479-4343-a9f8-ade29eb4547c,L1,Profile
c34f3833-e479-4343-a9f8-ade29eb4547c,L1,Profile
c34f3833-e479-4343-a9f8-ade29eb4547c,L1,Profile
c34f3833-e479-4343-a9f8-ade29eb4547c,L1,Profile
c34f3833-e479-4343-a9f8-ade29eb4547c,L1,Profile
c34f3833-e479-4343-a9f8-ade29eb4547c,L1,Profile
c34f3833-e479-4343-a9f8-ade29eb4547c,L1,Profile
c34f3833-e479-4343-a9f8-ade29eb4547c,L1,Profile
c34f3833-e479-4343-a9f8-ade29eb4547c,L1,Profile
c34f3833-e479-4343-a9f8-ade29eb4547c,L1,Profile
c34f3833-e479-4343-a9f8-ade29eb4547c,L1,Profile
c34f3833-e479-4343-a9f8-ade29eb4547c,L1,Profile
c34f3833-e479-4343-a9f8-ade29eb4547c,L1,Profile
c34f3833-e479-4343-a9f8-ade29eb4547c,L1,Profile
c34f3833-e479-4343-a9f8-ade29eb4547c,L1,Profile
c34f3833-e479-4343-a9f8-ade29eb4547c,L1,Profile
c34f3833-e479-4343-a9f8-ade29eb4547c,L1,Profile
c34f3833-e479-4343-a9f8-ade29eb4547c,L1,Profile
c34f3833-e479-4343-a9f8-ade29eb4547c,L1,Profile
c34f3833-e479-4343-a9f8-ade29eb4547c,L1,Profile
c34f3833-e479-4343-a9f8-ade29eb4547c,L1,Profile
c34f3833-e479-4343-a9f8-ade29eb4547c,L1,Profile
c34f3833-e479-4343-a9f8-ade29eb4547c,L1,Profile
c34f3833-e479-4343-a9f8-ade29eb4547c,L1,Profile
c34f3833-e479-4343-a9f8-ade29eb4547c,L1,Profile
c34f3833-e479-4343-a9f8-ade29eb4547c,L1,Profile
c34f3833-e479-4343-a9f8-ade29eb4547c,L1,Profile
c34f3833-e479-4343-a9f8-ade29eb4547c,L1,Profile
c34f3833-e479-4343-a9f8-ade29eb4547c,L1,Profile
c34f3833-e479-4343-a9f8-ade29eb4547c,L1,Profile
c34f3833-e479-4343-a9f8-ade29eb4547c,L1,Profile
c34f3833-e479-4343-a9f8-ade29eb4547c,L1,Profile
c34f3833-e479-4343-a9f8-ade29eb4547c,L1,Profile
c34f3833-e479-4343-a9f8-ade29eb4547c,L1,Profile
c34f3833-e479-4343-a9f8-ade29eb4547c,L1,Profile
c34f3833-e479-4343-a9f8-ade29eb4547c,L1,Profile
c34f3833-e479-4343-a9f8-ade29eb4547c,L1,Profile
c34f3833-e479-4343-a9f8-ade29eb4547c,L1,Profile
c34f3833-e479-4343-a9f8-ade29eb4547c,L1,Profile
c34f3833-e479-4343-a9f8-ade29eb4547c,L1,Profile
c34f3833-e479-4343-a9f8-ade29eb4547c,L1,Profile
c34f3833-e479-4343-a9f8-ade29eb4547c,L1,Profile
c34f3833-e479-4343-a9f8-ade29eb4547c,L1,Profile
c34f3833-e479-4343-a9f8-ade29eb4547c,L1,Profile
c34f3833-e479-4343-a9f8-ade29eb4547c,L1,Profile
c34f3833-e479-4343-a9f8-ade29eb4547c,L1,Profile
c34f3833-e479-4343-a9f8-ade29eb4547c,L1,Profile
c34f3833-e479-4343-a9f8-ade29eb4547c,L1,Profile
c34f3833-e479-4343-a9f8-ade29eb4547c,L1,Profile
c34f3833-e479-4343-a9f8-ade29eb4547c,L1,Profile
c34f3833-e479-4343-a9f8-ade29eb4547c,L1,Profile
c34f3833-e479-4343-a9f8-ade29eb4547c,L1,Profile
c34f3833-e479-4343-a9f8-ade29eb4547c,L1,Profile
c34f3833-e479-4343-a9f8-ade29eb4547c,L1,Profile
c34f3833-e479-4343-a9f8-ade29eb4547c,L1,Profile
c34f3833-e479-4343-a9f8-ade29eb4547c,L1,Profile
c34f3833-e479-4343-a9f8-ade29eb4547c,L1,Profile
c34f3833-e479-4343-a9f8-ade29eb4547c,L1,Profile
c34f3833-e479-4343-a9f8-ade29eb4547c,L1,Profile
c34f3833-e479-4343-a9f8-ade29eb4547c,L1,Profile
c34f3833-e479-4343-a9f8-ade29eb4547c,L1,Profile
c34f3833-e479-4343-a9f8-ade29eb4547c,L1,Profile
c34f3833-e479-4343-a9f8-ade29eb4547c,L1,Profile
c34f3833-e479-4343-a9f8-ade29eb4547c,L1,Profile
c34f3833-e479-4343-a9f8-ade29eb4547c,L1,Profile
c34f3833-e479-4343-a9f8-ade29eb4547c,L1,Profile
c34f3833-e479-4343-a9f8-ade29eb4547c,L1,Profile
c34f3833-e479-4343-a9f8-ade29eb4547c,L1,Profile
c34f3833-e479-4343-a9f8-ade29eb4547c,L1,Profile
c34f3833-e479-4343-a9f8-ade29eb4547c,L1,Profile
c34f3833-e479-4343-a9f8-ade29eb4547c,L1,Profile
c34f3833-e479-4343-a9f8-ade29eb4547c,L1,Profile
c34f3833-e479-4343-a9f8-ade29eb4547c,L1,Profile
c34f3833-e479-4343-a9f8-ade29eb4547c,L1,Profile
c34f3833-e479-4343-a9f8-ade29eb4547c,L1,Profile
c34f3833-e479-4343-a9f8-ade29eb4547c,L1,Profile
c34f3833-e479-4343-a9f8-ade29eb4547c,L1,Profile
c34f3833-e479-4343-a9f8-ade29eb4547c,L1,Profile
c34f3833-e479-4343-a9f8-ade29eb4547c,L1,Profile
c34f3833-e479-4343-a9f8-ade29eb4547c,L1,Profile
c34f3833-e479-4343-a9f8-ade29eb4547c,L1,Profile
c34f3833-e479-4343-a9f8-ade29eb4547c,L1,Profile
c34f3833-e479-4343-a9f8-ade29eb4547c,L1,Profile
c34f3833-e479-4343-a9f8-ade29eb4547c,L1,Profile
c34f3833-e479-4343-a9f8-ade29eb4547c,L1,Profile
c34f3833-e479-4343-a9f8-ade29eb4547c,L1,Profile
c34f3833-e479-4343-a9f8-ade29eb4547c,L1,Profile
c34f3833-e479-4343-a9f8-ade29eb4547c,L1,Profile
c34f3833-e479-4343-a9f8-ade29eb4547c,L1,Profile
c34f3833-e479-4343-a9f8-ade29eb4547c,L1,Profile
c34f3833-e479-4343-a9f8-ade29eb4547c,L1,Profile
c34f3833-e479-4343-a9f8-ade29eb4547c,L1,Profile
c34f3833-e479-4343-a9f8-ade29eb4547c,L1,Profile
c34f3833-e479-4343-a9f8-ade29eb4547c,L1,Profile
c34f3833-e479-4343-a9f8-ade29eb4547c,L1,Profile
c34f3833-e479-4343-a9f8-ade29eb4547c,L1,Profile
c34f3833-e479-4343-a9f8-ade29eb4547c,L1,Profile
c34f3833-e479-4343-a9f8-ade29eb4547c,L1,Profile
c34f3833-e479-4343-a9f8-ade29eb4547c,L1,Profile
c34f3833-e479-4343-a9f8-ade29eb4547c,L1,Profile
c34f3833-e479-4343-a9f8-ade29eb4547c,L1,Profile
c34f3833-e479-4343-a9f8-ade29eb4547c,L1,Profile
c34f3833-e479-4343-a9f8-ade29eb4547c,L1,Profile
c34f3833-e479-4343-a9f8-ade29eb4547c,L1,Profile
c34f3833-e479-4343-a9f8-ade29eb4547c,L1,Profile
c34f3833-e479-4343-a9f8-ade29eb4547c,L1,Profile
c34f3833-e479-4343-a9f8-ade29eb4547c,L1,Profile
c34f3833-e479-4343-a9f8-ade29eb4547c,L1,Profile
c34f3833-e479-4343-a9f8-ade29eb4547c,L1,Profile
c34f3833-e479-4343-a9f8-ade29eb4547c,L1,Profile
c34f3833-e479-4343-a9f8-ade29eb4547c,L1,Profile
c34f3833-e479-4343-a9f8-ade29eb4547c,L1,Profile
c34f3833-e479-4343-a9f8-ade29eb4547c,L1,Profile
c34f3833-e479-4343-a9f8-ade29eb4547c,L1,Profile
c34f3833-e479-4343-a9f8-ade29eb4547c,L1,Profile
c34f3833-e479-4343-a9f8-ade29eb4547c,L1,Profile
c34f3833-e479-4343-a9f8-ade29eb4547c,L1,Profile
c34f3833-e479-4343-a9f8-ade29eb4547c,L1,Profile
c34f3833-e479-4343-a9f8-ade29eb4547c,L1,Profile
c34f3833-e479-4343-a9f8-ade29eb4547c,L1,Profile
c34f3833-e479-4343-a9f8-ade29eb4547c,L1,Profile
c34f3833-e479-4343-a9f8-ade29eb4547c,L1,Profile
c34f3833-e479-4343-a9f8-ade29eb4547c,L1,Profile
c34f3833-e479-4343-a9f8-ade29eb4547c,L1,Profile
c34f3833-e479-4343-a9f8-ade29eb4547c,L1,Profile
c34f3833-e479-4343-a9f8-ade29eb4547c,L1,Profile
c34f3833-e479-4343-a9f8-ade29eb4547c,L1,Profile
c34f3833-e479-4343-a9f8-ade29eb4547c,L1,Profile
c34f3833-e479-4343-a9f8-ade29eb4547c,L1,Profile
c34f3833-e479-4343-a9f8-ade29eb4547c,L1,Profile
c34f3833-e479-4343-a9f8-ade29eb4547c,L1,Profile
c34f3833-e479-4343-a9f8-ade29eb4547c,L1,Profile
c34f3833-e479-4343-a9f8-ade29eb4547c,L1,Profile
c34f3833-e479-4343-a9f8-ade29eb4547c,L1,Profile
c34f3833-e479-4343-a9f8-ade29eb4547c,L1,Profile
c34f3833-e479-4343-a9f8-ade29eb4547c,L1,Profile
c34f3833-e479-4343-a9f8-ade29eb4547c,L1,Profile
c34f3833-e479-4343-a9f8-ade29eb4547c,L1,Profile
c34f3833-e479-4343-a9f8-ade29eb4547c,L1,Profile
c34f3833-e479-4343-a9f8-ade29eb4547c,L1,Profile
c34f3833-e479-4343-a9f8-ade29eb4547c,L1,Profile
c34f3833-e479-4343-a9f8-ade29eb4547c,L1,Profile
c34f3833-e479-4343-a9f8-ade29eb4547c,L1,Profile
c34f3833-e479-4343-a9f8-ade29eb4547c,L1,Profile
c34f3833-e479-4343-a9f8-ade29eb4547c,L1,Profile
c34f3833-e479-4343-a9f8-ade29eb4547c,L1,Profile
c34f3833-e479-4343-a9f8-ade29eb4547c,L1,Profile
c34f3833-e479-4343-a9f8-ade29eb4547c,L1,Profile
c34f3833-e479-4343-a9f8-ade29eb4547c,L1,Profile
c34f3833-e479-4343-a9f8-ade29eb4547c,L1,Profile
c34f3833-e479-4343-a9f8-ade29eb4547c,L1,Profile
c34f3833-e479-4343-a9f8-ade29eb4547c,L1,Profile
c34f3833-e479-4343-a9f8-ade29eb4547c,L1,Profile
c34f3833-e479-4343-a9f8-ade29eb4547c,L1,Profile
c34f3833-e479-4343-a9f8-ade29eb4547c,L1,Profile
c34f3833-e479-4343-a9f8-ade29eb4547c,L1,Profile
c34f3833-e479-4343-a9f8-ade29eb4547c,L1,Profile
c34f3833-e479-4343-a9f8-ade29eb4547c,L1,Profile
c34f3833-e479-4343-a9f8-ade29eb4547c,L1,Profile
c34f3833-e479-4343-a9f8-ade29eb4547c,L1,Profile
c34f3833-e479-4343-a9f8-ade29eb4547c,L1,Profile
c34f3833-e479-4343-a9f8-ade29eb4547c,L1,Profile
c34f3833-e479-4343-a9f8-ade29eb4547c,L1,Profile
c34f3833-e479-4343-a9f8-ade29eb4547c,L1,Profile
c34f3833-e479-4343-a9f8-ade29eb4547c,L1,Profile
c34f3833-e479-4343-a9f8-ade29eb4547c,L1,Profile
c34f3833-e479-4343-a9f8-ade29eb4547c,L1,Profile
c34f3833-e479-4343-a9f8-ade29eb4547c,L1,Profile
c34f3833-e479-4343-a9f8-ade29eb4547c,L1,Profile
c34f3833-e479-4343-a9f8-ade29eb4547c,L1,Profile
c34f3833-e479-4343-a9f8-ade29eb4547c,L1,Profile
c34f3833-e479-4343-a9f8-ade29eb4547c,L1,Profile
c34f3833-e479-4343-a9f8-ade29eb4547c,L1,Profile
c34f3833-e479-4343-a9f8-ade29eb4547c,L1,Profile
c34f3833-e479-4343-a9f8-ade29eb4547c,L1,Profile
c34f3833-e479-4343-a9f8-ade29eb4547c,L1,Profile
c34f3833-e479-4343-a9f8-ade29eb4547c,L1,Profile
c34f3833-e479-4343-a9f8-ade29eb4547c,L1,Profile
c34f3833-e479-4343-a9f8-ade29eb4547c,L1,Profile
c34f3833-e479-4343-a9f8-ade29eb4547c,L1,Profile
c34f3833-e479-4343-a9f8-ade29eb4547c,L1,Profile
c34f3833-e479-4343-a9f8-ade29eb4547c,L1,Profile
c34f3833-e479-4343-a9f8-ade29eb4547c,L1,Profile
c34f3833-e479-4343-a9f8-ade29eb4547c,L1,Profile
c34f3833-e479-4343-a9f8-ade29eb4547c,L1,Profile
c34f3833-e479-4343-a9f8-ade29eb4547c,L1,Profile
c34f3833-e479-4343-a9f8-ade29eb4547c,L1,Profile
c34f3833-e479-4343-a9f8-ade29eb4547c,L1,Profile
c34f3833-e479-4343-a9f8-ade29eb4547c,L1,Profile
c34f3833-e479-4343-a9f8-ade29eb4547c,L1,Profile
c34f3833-e479-4343-a9f8-ade29eb4547c,L1,Profile
c34f3833-e479-4343-a9f8-ade29eb4547c,L1,Profile
c34f3833-e479-4343-a9f8-ade29eb4547c,L1,Profile
c34f3833-e479-4343-a9f8-ade29eb4547c,L1,Profile
c34f3833-e479-4343-a9f8-ade29eb4547c,L1,Profile
c34f3833-e479-4343-a9f8-ade29eb4547c,L1,Profile
c34f3833-e479-4343-a9f8-ade29eb4547c,L1,Profile
c34f3833-e479-4343-a9f8-ade29eb4547c,L1,Profile
c34f3833-e479-4343-a9f8-ade29eb4547c,L1,Profile
c34f3833-e479-4343-a9f8-ade29eb4547c,L1,Profile
c34f3833-e479-4343-a9f8-ade29eb4547c,L1,Profile
c34f3833-e479-4343-a9f8-ade29eb4547c,L1,Profile
c34f3833-e479-4343-a9f8-ade29eb4547c,L1,Profile
c34f3833-e479-4343-a9f8-ade29eb4547c,L1,Profile
c34f3833-e479-4343-a9f8-ade29eb4547c,L1,Profile
c34f3833-e479-4343-a9f8-ade29eb4547c,L1,Profile
c34f3833-e479-4343-a9f8-ade29eb4547c,L1,Profile
c34f3833-e479-4343-a9f8-ade29eb4547c,L1,Profile
c34f3833-e479-4343-a9f8-ade29eb4547c,L1,Profile
c34f3833-e479-4343-a9f8-ade29eb4547c,L1,Profile
c34f3833-e479-4343-a9f8-ade29eb4547c,L1,Profile
c34f3833-e479-4343-a9f8-ade29eb4547c,L1,Profile
c34f3833-e479-4343-a9f8-ade29eb4547c,L1,Profile
c34f3833-e479-4343-a9f8-ade29eb4547c,L1,Profile
c34f3833-e479-4343-a9f8-ade29eb4547c,L1,Profile
c34f3833-e479-4343-a9f8-ade29eb4547c,L1,Profile
c34f3833-e479-4343-a9f8-ade29eb4547c,L1,Profile
c34f3833-e479-4343-a9f8-ade29eb4547c,L1,Profile
c34f3833-e479-4343-a9f8-ade29eb4547c,L1,Profile
c34f3833-e479-4343-a9f8-ade29eb4547c,L1,Profile
c34f3833-e479-4343-a9f8-ade29eb4547c,L1,Profile
c34f3833-e479-4343-a9f8-ade29eb4547c,L1,Profile
c34f3833-e479-4343-a9f8-ade29eb4547c,L1,Profile
c34f3833-e479-4343-a9f8-ade29eb4547c,L1,Profile
c34f3833-e479-4343-a9f8-ade29eb4547c,L1,Profile
c34f3833-e479-4343-a9f8-ade29eb4547c,L1,Profile
c34f3833-e479-4343-a9f8-ade29eb4547c,L1,Profile
c34f3833-e479-4343-a9f8-ade29eb4547c,L1,Profile
c34f3833-e479-4343-a9f8-ade29eb4547c,L1,Profile
c34f3833-e479-4343-a9f8-ade29eb4547c,L1,Profile
c34f3833-e479-4343-a9f8-ade29eb4547c,L1,Profile
c34f3833-e479-4343-a9f8-ade29eb4547c,L1,Profile
c34f3833-e479-4343-a9f8-ade29eb4547c,L1,Profile
c34f3833-e479-4343-a9f8-ade29eb4547c,L1,Profile
c34f3833-e479-4343-a9f8-ade29eb4547c,L1,Profile
c34f3833-e479-4343-a9f8-ade29eb4547c,L1,Profile
c34f3833-e479-4343-a9f8-ade29eb4547c,L1,Profile
c34f3833-e479-4343-a9f8-ade29eb4547c,L1,Profile
c34f3833-e479-4343-a9f8-ade29eb4547c,L1,Profile
c34f3833-e479-4343-a9f8-ade29eb4547c,L1,Profile
c34f3833-e479-4343-a9f8-ade29eb4547c,L1,Profile
c34f3833-e479-4343-a9f8-ade29eb4547c,L1,Profile
c34f3833-e479-4343-a9f8-ade29eb4547c,L1,Profile
c34f3833-e479-4343-a9f8-ade29eb4547c,L1,Profile
c34f3833-e479-4343-a9f8-ade29eb4547c,L1,Profile
c34f3833-e479-4343-a9f8-ade29eb4547c,L1,Profile
c34f3833-e479-4343-a9f8-ade29eb4547c,L1,Profile
c34f3833-e479-4343-a9f8-ade29eb4547c,L1,Profile
c34f3833-e479-4343-a9f8-ade29eb4547c,L1,Profile
c34f3833-e479-4343-a9f8-ade29eb4547c,L1,Profile
c34f3833-e479-4343-a9f8-ade29eb4547c,L1,Profile
c34f3833-e479-4343-a9f8-ade29eb4547c,L1,Profile
c34f3833-e479-4343-a9f8-ade29eb4547c,L1,Profile
c34f3833-e479-4343-a9f8-ade29eb4547c,L1,Profile
c34f3833-e479-4343-a9f8-ade29eb4547c,L1,Profile
c34f3833-e479-4343-a9f8-ade29eb4547c,L1,Profile
c34f3833-e479-4343-a9f8-ade29eb4547c,L1,Profile
c34f3833-e479-4343-a9f8-ade29eb4547c,L1,Profile
c34f3833-e479-4343-a9f8-ade29eb4547c,L1,Profile
c34f3833-e479-4343-a9f8-ade29eb4547c,L1,Profile
c34f3833-e479-4343-a9f8-ade29eb4547c,L1,Profile
c34f3833-e479-4343-a9f8-ade29eb4547c,L1,Profile
c34f3833-e479-4343-a9f8-ade29eb4547c,L1,Profile
c34f3833-e479-4343-a9f8-ade29eb4547c,L1,Profile
c34f3833-e479-4343-a9f8-ade29eb4547c,L1,Profile
c34f3833-e479-4343-a9f8-ade29eb4547c,L1,Profile
c34f3833-e479-4343-a9f8-ade29eb4547c,L1,Profile
c34f3833-e479-4343-a9f8-ade29eb4547c,L1,Profile
c34f3833-e479-4343-a9f8-ade29eb4547c,L1,Profile
c34f3833-e479-4343-a9f8-ade29eb4547c,L1,Profile
c34f3833-e479-4343-a9f8-ade29eb4547c,L1,Profile
c34f3833-e479-4343-a9f8-ade29eb4547c,L1,Profile
c34f3833-e479-4343-a9f8-ade29eb4547c,L1,Profile
c34f3833-e479-4343-a9f8-ade29eb4547c,L1,Profile
c34f3833-e479-4343-a9f8-ade29eb4547c,L1,Profile
c34f3833-e479-4343-a9f8-ade29eb4547c,L1,Profile
c34f3833-e479-4343-a9f8-ade29eb4547c,L1,Profile
c34f3833-e479-4343-a9f8-ade29eb4547c,L1,Profile
c34f3833-e479-4343-a9f8-ade29eb4547c,L1,Profile
c34f3833-e479-4343-a9f8-ade29eb4547c,L1,Profile
c34f3833-e479-4343-a9f8-ade29eb4547c,L1,Profile
c34f3833-e479-4343-a9f8-ade29eb4547c,L1,Profile
c34f3833-e479-4343-a9f8-ade29eb4547c,L1,Profile
c34f3833-e479-4343-a9f8-ade29eb4547c,L1,Profile
c34f3833-e479-4343-a9f8-ade29eb4547c,L1,Profile
c34f3833-e479-4343-a9f8-ade29eb4547c,L1,Profile
c34f3833-e479-4343-a9f8-ade29eb4547c,L1,Profile
c34f3833-e479-4343-a9f8-ade29eb4547c,L1,Profile
c34f3833-e479-4343-a9f8-ade29eb4547c,L1,Profile
c34f3833-e479-4343-a9f8-ade29eb4547c,L1,Profile
c34f3833-e479-4343-a9f8-ade29eb4547c,L1,Profile
c34f3833-e479-4343-a9f8-ade29eb4547c,L1,Profile
c34f3833-e479-4343-a9f8-ade29eb4547c,L1,Profile
c34f3833-e479-4343-a9f8-ade29eb4547c,L1,Profile
c34f3833-e479-4343-a9f8-ade29eb4547c,L1,Profile
c34f3833-e479-4343-a9f8-ade29eb4547c,L1,Profile
c34f3833-e479-4343-a9f8-ade29eb4547c,L1,Profile
c34f3833-e479-4343-a9f8-ade29eb4547c,L1,Profile
c34f3833-e479-4343-a9f8-ade29eb4547c,L1,Profile
c34f3833-e479-4343-a9f8-ade29eb4547c,L1,Profile
c34f3833-e479-4343-a9f8-ade29eb4547c,L1,Profile
c34f3833-e479-4343-a9f8-ade29eb4547c,L1,Profile
c34f3833-e479-4343-a9f8-ade29eb4547c,L1,Profile
c34f3833-e479-4343-a9f8-ade29eb4547c,L1,Profile
c34f3833-e479-4343-a9f8-ade29eb4547c,L1,Profile
c34f3833-e479-4343-a9f8-ade29eb4547c,L1,Profile
c34f3833-e479-4343-a9f8-ade29eb4547c,L1,Profile
c34f3833-e479-4343-a9f8-ade29eb4547c,L1,Profile
c34f3833-e479-4343-a9f8-ade29eb4547c,L1,Profile
c34f3833-e479-4343-a9f8-ade29eb4547c,L1,Profile
c34f3833-e479-4343-a9f8-ade29eb4547c,L1,Profile
c34f3833-e479-4343-a9f8-ade29eb4547c,L1,Profile
c34f3833-e479-4343-a9f8-ade29eb4547c,L1,Profile
c34f3833-e479-4343-a9f8-ade29eb4547c,L1,Profile
c34f3833-e479-4343-a9f8-ade29eb4547c,L1,Profile
c34f3833-e479-4343-a9f8-ade29eb4547c,L1,Profile
c34f3833-e479-4343-a9f8-ade29eb4547c,L1,Profile
c34f3833-e479-4343-a9f8-ade29eb4547c,L1,Profile
c34f3833-e479-4343-a9f8-ade29eb4547c,L1,Profile
c34f3833-e479-4343-a9f8-ade29eb4547c,L1,Profile
c34f3833-e479-4343-a9f8-ade29eb4547c,L1,Profile
c34f3833-e479-4343-a9f8-ade29eb4547c,L1,Profile
c34f3833-e479-4343-a9f8-ade29eb4547c,L1,Profile
c34f3833-e479-4343-a9f8-ade29eb4547c,L1,Profile
c34f3833-e479-4343-a9f8-ade29eb4547c,L1,Profile
c34f3833-e479-4343-a9f8-ade29eb4547c,L1,Profile
c34f3833-e479-4343-a9f8-ade29eb4547c,L1,Profile
c34f3833-e479-4343-a9f8-ade29eb4547c,L1,Profile
c34f3833-e479-4343-a9f8-ade29eb4547c,L1,Profile
c34f3833-e479-4343-a9f8-ade29eb4547c,L1,Profile
c34f3833-e479-4343-a9f8-ade29eb4547c,L1,Profile
c34f3833-e479-4343-a9f8-ade29eb4547c,L1,Profile
c34f3833-e479-4343-a9f8-ade29eb4547c,L1,Profile
c34f3833-e479-4343-a9f8-ade29eb4547c,L1,Profile
c34f3833-e479-4343-a9f8-ade29eb4547c,L1,Profile
c34f3833-e479-4343-a9f8-ade29eb4547c,L1,Profile
c34f3833-e479-4343-a9f8-ade29eb4547c,L1,Profile
c34f3833-e479-4343-a9f8-ade29eb4547c,L1,Profile
c34f3833-e479-4343-a9f8-ade29eb4547c,L1,Profile
c34f3833-e479-4343-a9f8-ade29eb4547c,L1,Profile
c34f3833-e479-4343-a9f8-ade29eb4547c,L1,Profile
c34f3833-e479-4343-a9f8-ade29eb4547c,L1,Profile
c34f3833-e479-4343-a9f8-ade29eb4547c,L1,Profile
c34f3833-e479-4343-a9f8-ade29eb4547c,L1,Profile
c34f3833-e479-4343-a9f8-ade29eb4547c,L1,Profile
c34f3833-e479-4343-a9f8-ade29eb4547c,L1,Profile
c34f3833-e479-4343-a9f8-ade29eb4547c,L1,Profile
c34f3833-e479-4343-a9f8-ade29eb4547c,L1,Profile
c34f3833-e479-4343-a9f8-ade29eb4547c,L1,Profile
c34f3833-e479-4343-a9f8-ade29eb4547c,L1,Profile
c34f3833-e479-4343-a9f8-ade29eb4547c,L1,Profile
c34f3833-e479-4343-a9f8-ade29eb4547c,L1,Profile
c34f3833-e479-4343-a9f8-ade29eb4547c,L1,Profile
c34f3833-e479-4343-a9f8-ade29eb4547c,L1,Profile
c34f3833-e479-4343-a9f8-ade29eb4547c,L1,Profile
c34f3833-e479-4343-a9f8-ade29eb4547c,L1,Profile
c34f3833-e479-4343-a9f8-ade29eb4547c,L1,Profile
c34f3833-e479-4343-a9f8-ade29eb4547c,L1,Profile
c34f3833-e479-4343-a9f8-ade29eb4547c,L1,Profile
c34f3833-e479-4343-a9f8-ade29eb4547c,L1,Profile
c34f3833-e479-4343-a9f8-ade29eb4547c,L1,Profile
c34f3833-e479-4343-a9f8-ade29eb4547c,L1,Profile
c34f3833-e479-4343-a9f8-ade29eb4547c,L1,Profile
c34f3833-e479-4343-a9f8-ade29eb4547c,L1,Profile
c34f3833-e479-4343-a9f8-ade29eb4547c,L1,Profile
c34f3833-e479-4343-a9f8-ade29eb4547c,L1,Profile
c34f3833-e479-4343-a9f8-ade29eb4547c,L1,Profile
c34f3833-e479-4343-a9f8-ade29eb4547c,L1,Profile
c34f3833-e479-4343-a9f8-ade29eb4547c,L1,Profile
c34f3833-e479-4343-a9f8-ade29eb4547c,L1,Profile
c34f3833-e479-4343-a9f8-ade29eb4547c,L1,Profile
c34f3833-e479-4343-a9f8-ade29eb4547c,L1,Profile
c34f3833-e479-4343-a9f8-ade29eb4547c,L1,Profile
c34f3833-e479-4343-a9f8-ade29eb4547c,L1,Profile
c34f3833-e479-4343-a9f8-ade29eb4547c,L1,Profile
c34f3833-e479-4343-a9f8-ade29eb4547c,L1,Profile
c34f3833-e479-4343-a9f8-ade29eb4547c,L1,Profile
c34f3833-e479-4343-a9f8-ade29eb4547c,L1,Profile
c34f3833-e479-4343-a9f8-ade29eb4547c,L1,Profile
c34f3833-e479-4343-a9f8-ade29eb4547c,L1,Profile
c34f3833-e479-4343-a9f8-ade29eb4547c,L1,Profile
c34f3833-e479-4343-a9f8-ade29eb4547c,L1,Profile
c34f3833-e479-4343-a9f8-ade29eb4547c,L1,Profile
c34f3833-e479-4343-a9f8-ade29eb4547c,L1,Profile
c34f3833-e479-4343-a9f8-ade29eb4547c,L1,Profile
c34f3833-e479-4343-a9f8-ade29eb4547c,L1,Profile
c34f3833-e479-4343-a9f8-ade29eb4547c,L1,Profile
c34f3833-e479-4343-a9f8-ade29eb4547c,L1,Profile
c34f3833-e479-4343-a9f8-ade29eb4547c,L1,Profile
c34f3833-e479-4343-a9f8-ade29eb4547c,L1,Profile
c34f3833-e479-4343-a9f8-ade29eb4547c,L1,Profile
c34f3833-e479-4343-a9f8-ade29eb4547c,L1,Profile
c34f3833-e479-4343-a9f8-ade29eb4547c,L1,Profile
c34f3833-e479-4343-a9f8-ade29eb4547c,L1,Profile
c34f3833-e479-4343-a9f8-ade29eb4547c,L1,Profile
c34f3833-e479-4343-a9f8-ade29eb4547c,L1,Profile
c34f3833-e479-4343-a9f8-ade29eb4547c,L1,Profile
c34f3833-e479-4343-a9f8-ade29eb4547c,L1,Profile
c34f3833-e479-4343-a9f8-ade29eb4547c,L1,Profile
c34f3833-e479-4343-a9f8-ade29eb4547c,L1,Profile
c34f3833-e479-4343-a9f8-ade29eb4547c,L1,Profile
c34f3833-e479-4343-a9f8-ade29eb4547c,L1,Profile
c34f3833-e479-4343-a9f8-ade29eb4547c,L1,Profile
c34f3833-e479-4343-a9f8-ade29eb4547c,L1,Profile
c34f3833-e479-4343-a9f8-ade29eb4547c,L1,Profile
c34f3833-e479-4343-a9f8-ade29eb4547c,L1,Profile
c34f3833-e479-4343-a9f8-ade29eb4547c,L1,Profile
c34f3833-e479-4343-a9f8-ade29eb4547c,L1,Profile
c34f3833-e479-4343-a9f8-ade29eb4547c,L1,Profile
c34f3833-e479-4343-a9f8-ade29eb4547c,L1,Profile
c34f3833-e479-4343-a9f8-ade29eb4547c,L1,Profile
c34f3833-e479-4343-a9f8-ade29eb4547c,L1,Profile
c34f3833-e479-4343-a9f8-ade29eb4547c,L1,Profile
c34f3833-e479-4343-a9f8-ade29eb4547c,L1,Profile
c34f3833-e479-4343-a9f8-ade29eb4547c,L1,Profile
c34f3833-e479-4343-a9f8-ade29eb4547c,L1,Profile
c34f3833-e479-4343-a9f8-ade29eb4547c,L1,Profile
c34f3833-e479-4343-a9f8-ade29eb4547c,L1,Profile
c34f3833-e479-4343-a9f8-ade29eb4547c,L1,Profile
c34f3833-e479-4343-a9f8-ade29eb4547c,L1,Profile
c34f3833-e479-4343-a9f8-ade29eb4547c,L1,Profile
c34f3833-e479-4343-a9f8-ade29eb4547c,L1,Profile
c34f3833-e479-4343-a9f8-ade29eb4547c,L1,Profile
c34f3833-e479-4343-a9f8-ade29eb4547c,L1,Profile
c34f3833-e479-4343-a9f8-ade29eb4547c,L1,Profile
c34f3833-e479-4343-a9f8-ade29eb4547c,L1,Profile
c34f3833-e479-4343-a9f8-ade29eb4547c,L1,Profile
c34f3833-e479-4343-a9f8-ade29eb4547c,L1,Profile
c34f3833-e479-4343-a9f8-ade29eb4547c,L1,Profile
c34f3833-e479-4343-a9f8-ade29eb4547c,L1,Profile
c34f3833-e479-4343-a9f8-ade29eb4547c,L1,Profile
c34f3833-e479-4343-a9f8-ade29eb4547c,L1,Profile
c34f3833-e479-4343-a9f8-ade29eb4547c,L1,Profile
c34f3833-e479-4343-a9f8-ade29eb4547c,L1,Profile
c34f3833-e479-4343-a9f8-ade29eb4547c,L1,Profile
c34f3833-e479-4343-a9f8-ade29eb4547c,L1,Profile
c34f3833-e479-4343-a9f8-ade29eb4547c,L1,Profile
c34f3833-e479-4343-a9f8-ade29eb4547c,L1,Profile
c34f3833-e479-4343-a9f8-ade29eb4547c,L1,Profile
c34f3833-e479-4343-a9f8-ade29eb4547c,L1,Profile
c34f3833-e479-4343-a9f8-ade29eb4547c,L1,Profile
c34f3833-e479-4343-a9f8-ade29eb4547c,L1,Profile
c34f3833-e479-4343-a9f8-ade29eb4547c,L1,Profile
c34f3833-e479-4343-a9f8-ade29eb4547c,L1,Profile
c34f3833-e479-4343-a9f8-ade29eb4547c,L1,Profile
c34f3833-e479-4343-a9f8-ade29eb4547c,L1,Profile
c34f3833-e479-4343-a9f8-ade29eb4547c,L1,Profile
c34f3833-e479-4343-a9f8-ade29eb4547c,L1,Profile
c34f3833-e479-4343-a9f8-ade29eb4547c,L1,Profile
c34f3833-e479-4343-a9f8-ade29eb4547c,L1,Profile
c34f3833-e479-4343-a9f8-ade29eb4547c,L1,Profile
c34f3833-e479-4343-a9f8-ade29eb4547c,L1,Profile
c34f3833-e479-4343-a9f8-ade29eb4547c,L1,Profile
c34f3833-e479-4343-a9f8-ade29eb4547c,L1,Profile
c34f3833-e479-4343-a9f8-ade29eb4547c,L1,Profile
c34f3833-e479-4343-a9f8-ade29eb4547c,L1,Profile
c34f3833-e479-4343-a9f8-ade29eb4547c,L1,Profile
c34f3833-e479-4343-a9f8-ade29eb4547c,L1,Profile
c34f3833-e479-4343-a9f8-ade29eb4547c,L1,Profile
c34f3833-e479-4343-a9f8-ade29eb4547c,L1,Profile
c34f3833-e479-4343-a9f8-ade29eb4547c,L1,Profile
c34f3833-e479-4343-a9f8-ade29eb4547c,L1,Profile
c34f3833-e479-4343-a9f8-ade29eb4547c,L1,Profile
c34f3833-e479-4343-a9f8-ade29eb4547c,L1,Profile
c34f3833-e479-4343-a9f8-ade29eb4547c,L1,Profile
c34f3833-e479-4343-a9f8-ade29eb4547c,L1,Profile
c34f3833-e479-4343-a9f8-ade29eb4547c,L1,Profile
c34f3833-e479-4343-a9f8-ade29eb4547c,L1,Profile
c34f3833-e479-4343-a9f8-ade29eb4547c,L1,Profile
c34f3833-e479-4343-a9f8-ade29eb4547c,L1,Profile
c34f3833-e479-4343-a9f8-ade29eb4547c,L1,Profile
c34f3833-e479-4343-a9f8-ade29eb4547c,L1,Profile
c34f3833-e479-4343-a9f8-ade29eb4547c,L1,Profile
c34f3833-e479-4343-a9f8-ade29eb4547c,L1,Profile
c34f3833-e479-4343-a9f8-ade29eb4547c,L1,Profile
c34f3833-e479-4343-a9f8-ade29eb4547c,L1,Profile
c34f3833-e479-4343-a9f8-ade29eb4547c,L1,Profile
c34f3833-e479-4343-a9f8-ade29eb4547c,L1,Profile
c34f3833-e479-4343-a9f8-ade29eb4547c,L1,Profile
c34f3833-e479-4343-a9f8-ade29eb4547c,L1,Profile
c34f3833-e479-4343-a9f8-ade29eb4547c,L1,Profile
c34f3833-e479-4343-a9f8-ade29eb4547c,L1,Profile
c34f3833-e479-4343-a9f8-ade29eb4547c,L1,Profile
c34f3833-e479-4343-a9f8-ade29eb4547c,L1,Profile
c34f3833-e479-4343-a9f8-ade29eb4547c,L1,Profile
c34f3833-e479-4343-a9f8-ade29eb4547c,L1,Profile
c34f3833-e479-4343-a9f8-ade29eb4547c,L1,Profile
c34f3833-e479-4343-a9f8-ade29eb4547c,L1,Profile
c34f3833-e479-4343-a9f8-ade29eb4547c,L1,Profile
c34f3833-e479-4343-a9f8-ade29eb4547c,L1,Profile
c34f3833-e479-4343-a9f8-ade29eb4547c,L1,Profile
c34f3833-e479-4343-a9f8-ade29eb4547c,L1,Profile
c34f3833-e479-4343-a9f8-ade29eb4547c,L1,Profile
c34f3833-e479-4343-a9f8-ade29eb4547c,L1,Profile
c34f3833-e479-4343-a9f8-ade29eb4547c,L1,Profile
c34f3833-e479-4343-a9f8-ade29eb4547c,L1,Profile
c34f3833-e479-4343-a9f8-ade29eb4547c,L1,Profile
c34f3833-e479-4343-a9f8-ade29eb4547c,L1,Profile
c34f3833-e479-4343-a9f8-ade29eb4547c,L1,Profile
c34f3833-e479-4343-a9f8-ade29eb4547c,L1,Profile
c34f3833-e479-4343-a9f8-ade29eb4547c,L1,Profile
c34f3833-e479-4343-a9f8-ade29eb4547c,L1,Profile
c34f3833-e479-4343-a9f8-ade29eb4547c,L1,Profile
c34f3833-e479-4343-a9f8-ade29eb4547c,L1,Profile
c34f3833-e479-4343-a9f8-ade29eb4547c,L1,Profile
c34f3833-e479-4343-a9f8-ade29eb4547c,L1,Profile
c34f3833-e479-4343-a9f8-ade29eb4547c,L1,Profile
c34f3833-e479-4343-a9f8-ade29eb4547c,L1,Profile
c34f3833-e479-4343-a9f8-ade29eb4547c,L1,Profile
c34f3833-e479-4343-a9f8-ade29eb4547c,L1,Profile
c34f3833-e479-4343-a9f8-ade29eb4547c,L1,Profile
c34f3833-e479-4343-a9f8-ade29eb4547c,L1,Profile
c34f3833-e479-4343-a9f8-ade29eb4547c,L1,Profile
c34f3833-e479-4343-a9f8-ade29eb4547c,L1,Profile
c34f3833-e479-4343-a9f8-ade29eb4547c,L1,Profile
c34f3833-e479-4343-a9f8-ade29eb4547c,L1,Profile
c34f3833-e479-4343-a9f8-ade29eb4547c,L1,Profile
c34f3833-e479-4343-a9f8-ade29eb4547c,L1,Profile
c34f3833-e479-4343-a9f8-ade29eb4547c,L1,Profile
c34f3833-e479-4343-a9f8-ade29eb4547c,L1,Profile
c34f3833-e479-4343-a9f8-ade29eb4547c,L1,Profile
c34f3833-e479-4343-a9f8-ade29eb4547c,L1,Profile
c34f3833-e479-4343-a9f8-ade29eb4547c,L1,Profile
c34f3833-e479-4343-a9f8-ade29eb4547c,L1,Profile
c34f3833-e479-4343-a9f8-ade29eb4547c,L1,Profile
c34f3833-e479-4343-a9f8-ade29eb4547c,L1,Profile
c34f3833-e479-4343-a9f8-ade29eb4547c,L1,Profile
c34f3833-e479-4343-a9f8-ade29eb4547c,L1,Profile
c34f3833-e479-4343-a9f8-ade29eb4547c,L1,Profile
c34f3833-e479-4343-a9f8-ade29eb4547c,L1,Profile
c34f3833-e479-4343-a9f8-ade29eb4547c,L1,Profile
c34f3833-e479-4343-a9f8-ade29eb4547c,L1,Profile
c34f3833-e479-4343-a9f8-ade29eb4547c,L1,Profile
c34f3833-e479-4343-a9f8-ade29eb4547c,L1,Profile
c34f3833-e479-4343-a9f8-ade29eb4547c,L1,Profile
c34f3833-e479-4343-a9f8-ade29eb4547c,L1,Profile
c34f3833-e479-4343-a9f8-ade29eb4547c,L1,Profile
c34f3833-e479-4343-a9f8-ade29eb4547c,L1,Profile
c34f3833-e479-4343-a9f8-ade29eb4547c,L1,Profile
c34f3833-e479-4343-a9f8-ade29eb4547c,L1,Profile
c34f3833-e479-4343-a9f8-ade29eb4547c,L1,Profile
c34f3833-e479-4343-a9f8-ade29eb4547c,L1,Profile
c34f3833-e479-4343-a9f8-ade29eb4547c,L1,Profile
c34f3833-e479-4343-a9f8-ade29eb4547c,L1,Profile
c34f3833-e479-4343-a9f8-ade29eb4547c,L1,Profile
c34f3833-e479-4343-a9f8-ade29eb4547c,L1,Profile
c34f3833-e479-4343-a9f8-ade29eb4547c,L1,Profile
c34f3833-e479-4343-a9f8-ade29eb4547c,L1,Profile
c34f3833-e479-4343-a9f8-ade29eb4547c,L1,Profile
c34f3833-e479-4343-a9f8-ade29eb4547c,L1,Profile
c34f3833-e479-4343-a9f8-ade29eb4547c,L1,Profile
c34f3833-e479-4343-a9f8-ade29eb4547c,L1,Profile
c34f3833-e479-4343-a9f8-ade29eb4547c,L1,Profile
c34f3833-e479-4343-a9f8-ade29eb4547c,L1,Profile
c34f3833-e479-4343-a9f8-ade29eb4547c,L1,Profile
c34f3833-e479-4343-a9f8-ade29eb4547c,L1,Profile
c34f3833-e479-4343-a9f8-ade29eb4547c,L1,Profile
c34f3833-e479-4343-a9f8-ade29eb4547c,L1,Profile
c34f3833-e479-4343-a9f8-ade29eb4547c,L1,Profile
c34f3833-e479-4343-a9f8-ade29eb4547c,L1,Profile
c34f3833-e479-4343-a9f8-ade29eb4547c,L1,Profile
c34f3833-e479-4343-a9f8-ade29eb4547c,L1,Profile
c34f3833-e479-4343-a9f8-ade29eb4547c,L1,Profile
c34f3833-e479-4343-a9f8-ade29eb4547c,L1,Profile
c34f3833-e479-4343-a9f8-ade29eb4547c,L1,Profile
c34f3833-e479-4343-a9f8-ade29eb4547c,L1,Profile
c34f3833-e479-4343-a9f8-ade29eb4547c,L1,Profile
c34f3833-e479-4343-a9f8-ade29eb4547c,L1,Profile
c34f3833-e479-4343-a9f8-ade29eb4547c,L1,Profile
c34f3833-e479-4343-a9f8-ade29eb4547c,L1,Profile
c34f3833-e479-4343-a9f8-ade29eb4547c,L1,Profile
c34f3833-e479-4343-a9f8-ade29eb4547c,L1,Profile
c34f3833-e479-4343-a9f8-ade29eb4547c,L1,Profile
c34f3833-e479-4343-a9f8-ade29eb4547c,L1,Profile
c34f3833-e479-4343-a9f8-ade29eb4547c,L1,Profile
c34f3833-e479-4343-a9f8-ade29eb4547c,L1,Profile
c34f3833-e479-4343-a9f8-ade29eb4547c,L1,Profile
c34f3833-e479-4343-a9f8-ade29eb4547c,L1,Profile
c34f3833-e479-4343-a9f8-ade29eb4547c,L1,Profile
c34f3833-e479-4343-a9f8-ade29eb4547c,L1,Profile
c34f3833-e479-4343-a9f8-ade29eb4547c,L1,Profile
c34f3833-e479-4343-a9f8-ade29eb4547c,L1,Profile
c34f3833-e479-4343-a9f8-ade29eb4547c,L1,Profile
c34f3833-e479-4343-a9f8-ade29eb4547c,L1,Profile
c34f3833-e479-4343-a9f8-ade29eb4547c,L1,Profile
c34f3833-e479-4343-a9f8-ade29eb4547c,L1,Profile
c34f3833-e479-4343-a9f8-ade29eb4547c,L1,Profile
c34f3833-e479-4343-a9f8-ade29eb4547c,L1,Profile
c34f3833-e479-4343-a9f8-ade29eb4547c,L1,Profile
c34f3833-e479-4343-a9f8-ade29eb4547c,L1,Profile
c34f3833-e479-4343-a9f8-ade29eb4547c,L1,Profile
c34f3833-e479-4343-a9f8-ade29eb4547c,L1,Profile
c34f3833-e479-4343-a9f8-ade29eb4547c,L1,Profile
c34f3833-e479-4343-a9f8-ade29eb4547c,L1,Profile
c34f3833-e479-4343-a9f8-ade29eb4547c,L1,Profile
c34f3833-e479-4343-a9f8-ade29eb4547c,L1,Profile
c34f3833-e479-4343-a9f8-ade29eb4547c,L1,Profile
c34f3833-e479-4343-a9f8-ade29eb4547c,L1,Profile
c34f3833-e479-4343-a9f8-ade29eb4547c,L1,Profile
c34f3833-e479-4343-a9f8-ade29eb4547c,L1,Profile
c34f3833-e479-4343-a9f8-ade29eb4547c,L1,Profile
c34f3833-e479-4343-a9f8-ade29eb4547c,L1,Profile
c34f3833-e479-4343-a9f8-ade29eb4547c,L1,Profile
c34f3833-e479-4343-a9f8-ade29eb4547c,L1,Profile
c34f3833-e479-4343-a9f8-ade29eb4547c,L1,Profile
c34f3833-e479-4343-a9f8-ade29eb4547c,L1,Profile
c34f3833-e479-4343-a9f8-ade29eb4547c,L1,Profile
c34f3833-e479-4343-a9f8-ade29eb4547c,L1,Profile
c34f3833-e479-4343-a9f8-ade29eb4547c,L1,Profile
c34f3833-e479-4343-a9f8-ade29eb4547c,L1,Profile
c34f3833-e479-4343-a9f8-ade29eb4547c,L1,Profile
c34f3833-e479-4343-a9f8-ade29eb4547c,L1,Profile
c34f3833-e479-4343-a9f8-ade29eb4547c,L1,Profile
c34f3833-e479-4343-a9f8-ade29eb4547c,L1,Profile
c34f3833-e479-4343-a9f8-ade29eb4547c,L1,Profile
c34f3833-e479-4343-a9f8-ade29eb4547c,L1,Profile
c34f3833-e479-4343-a9f8-ade29eb4547c,L1,Profile
c34f3833-e479-4343-a9f8-ade29eb4547c,L1,Profile
c34f3833-e479-4343-a9f8-ade29eb4547c,L1,Profile
c34f3833-e479-4343-a9f8-ade29eb4547c,L1,Profile
c34f3833-e479-4343-a9f8-ade29eb4547c,L1,Profile
c34f3833-e479-4343-a9f8-ade29eb4547c,L1,Profile
c34f3833-e479-4343-a9f8-ade29eb4547c,L1,Profile
c34f3833-e479-4343-a9f8-ade29eb4547c,L1,Profile
c34f3833-e479-4343-a9f8-ade29eb4547c,L1,Profile
c34f3833-e479-4343-a9f8-ade29eb4547c,L1,Profile
c34f3833-e479-4343-a9f8-ade29eb4547c,L1,Profile
c34f3833-e479-4343-a9f8-ade29eb4547c,L1,Profile
c34f3833-e479-4343-a9f8-ade29eb4547c,L1,Profile
c34f3833-e479-4343-a9f8-ade29eb4547c,L1,Profile
c34f3833-e479-4343-a9f8-ade29eb4547c,L1,Profile
c34f3833-e479-4343-a9f8-ade29eb4547c,L1,Profile
c34f3833-e479-4343-a9f8-ade29eb4547c,L1,Profile
c34f3833-e479-4343-a9f8-ade29eb4547c,L1,Profile
c34f3833-e479-4343-a9f8-ade29eb4547c,L1,Profile
c34f3833-e479-4343-a9f8-ade29eb4547c,L1,Profile
c34f3833-e479-4343-a9f8-ade29eb4547c,L1,Profile
c34f3833-e479-4343-a9f8-ade29eb4547c,L1,Profile
c34f3833-e479-4343-a9f8-ade29eb4547c,L1,Profile
c34f3833-e479-4343-a9f8-ade29eb4547c,L1,Profile
c34f3833-e479-4343-a9f8-ade29eb4547c,L1,Profile
c34f3833-e479-4343-a9f8-ade29eb4547c,L1,Profile
c34f3833-e479-4343-a9f8-ade29eb4547c,L1,Profile
c34f3833-e479-4343-a9f8-ade29eb4547c,L1,Profile
c34f3833-e479-4343-a9f8-ade29eb4547c,L1,Profile
c34f3833-e479-4343-a9f8-ade29eb4547c,L1,Profile
c34f3833-e479-4343-a9f8-ade29eb4547c,L1,Profile
c34f3833-e479-4343-a9f8-ade29eb4547c,L1,Profile
c34f3833-e479-4343-a9f8-ade29eb4547c,L1,Profile
c34f3833-e479-4343-a9f8-ade29eb4547c,L1,Profile
c34f3833-e479-4343-a9f8-ade29eb4547c,L1,Profile
c34f3833-e479-4343-a9f8-ade29eb4547c,L1,Profile
c34f3833-e479-4343-a9f8-ade29eb4547c,L1,Profile
c34f3833-e479-4343-a9f8-ade29eb4547c,L1,Profile
c34f3833-e479-4343-a9f8-ade29eb4547c,L1,Profile
c34f3833-e479-4343-a9f8-ade29eb4547c,L1,Profile
c34f3833-e479-4343-a9f8-ade29eb4547c,L1,Profile
c34f3833-e479-4343-a9f8-ade29eb4547c,L1,Profile
c34f3833-e479-4343-a9f8-ade29eb4547c,L1,Profile
c34f3833-e479-4343-a9f8-ade29eb4547c,L1,Profile
c34f3833-e479-4343-a9f8-ade29eb4547c,L1,Profile
c34f3833-e479-4343-a9f8-ade29eb4547c,L1,Profile
c34f3833-e479-4343-a9f8-ade29eb4547c,L1,Profile
c34f3833-e479-4343-a9f8-ade29eb4547c,L1,Profile
c34f3833-e479-4343-a9f8-ade29eb4547c,L1,Profile
c34f3833-e479-4343-a9f8-ade29eb4547c,L1,Profile
c34f3833-e479-4343-a9f8-ade29eb4547c,L1,Profile
c34f3833-e479-4343-a9f8-ade29eb4547c,L1,Profile
c34f3833-e479-4343-a9f8-ade29eb4547c,L1,Profile
c34f3833-e479-4343-a9f8-ade29eb4547c,L1,Profile
c34f3833-e479-4343-a9f8-ade29eb4547c,L1,Profile
c34f3833-e479-4343-a9f8-ade29eb4547c,L1,Profile
c34f3833-e479-4343-a9f8-ade29eb4547c,L1,Profile
c34f3833-e479-4343-a9f8-ade29eb4547c,L1,Profile
c34f3833-e479-4343-a9f8-ade29eb4547c,L1,Profile
c34f3833-e479-4343-a9f8-ade29eb4547c,L1,Profile
c34f3833-e479-4343-a9f8-ade29eb4547c,L1,Profile
c34f3833-e479-4343-a9f8-ade29eb4547c,L1,Profile
c34f3833-e479-4343-a9f8-ade29eb4547c,L1,Profile
c34f3833-e479-4343-a9f8-ade29eb4547c,L1,Profile
c34f3833-e479-4343-a9f8-ade29eb4547c,L1,Profile
c34f3833-e479-4343-a9f8-ade29eb4547c,L1,Profile
c34f3833-e479-4343-a9f8-ade29eb4547c,L1,Profile
c34f3833-e479-4343-a9f8-ade29eb4547c,L1,Profile
c34f3833-e479-4343-a9f8-ade29eb4547c,L1,Profile
c34f3833-e479-4343-a9f8-ade29eb4547c,L1,Profile
c34f3833-e479-4343-a9f8-ade29eb4547c,L1,Profile
c34f3833-e479-4343-a9f8-ade29eb4547c,L1,Profile
c34f3833-e479-4343-a9f8-ade29eb4547c,L1,Profile
c34f3833-e479-4343-a9f8-ade29eb4547c,L1,Profile
c34f3833-e479-4343-a9f8-ade29eb4547c,L1,Profile
c34f3833-e479-4343-a9f8-ade29eb4547c,L1,Profile
c34f3833-e479-4343-a9f8-ade29eb4547c,L1,Profile
c34f3833-e479-4343-a9f8-ade29eb4547c,L1,Profile
c34f3833-e479-4343-a9f8-ade29eb4547c,L1,Profile
c34f3833-e479-4343-a9f8-ade29eb4547c,L1,Profile
c34f3833-e479-4343-a9f8-ade29eb4547c,L1,Profile
c34f3833-e479-4343-a9f8-ade29eb4547c,L1,Profile
c34f3833-e479-4343-a9f8-ade29eb4547c,L1,Profile
c34f3833-e479-4343-a9f8-ade29eb4547c,L1,Profile
c34f3833-e479-4343-a9f8-ade29eb4547c,L1,Profile
c34f3833-e479-4343-a9f8-ade29eb4547c,L1,Profile
c34f3833-e479-4343-a9f8-ade29eb4547c,L1,Profile
c34f3833-e479-4343-a9f8-ade29eb4547c,L1,Profile
c34f3833-e479-4343-a9f8-ade29eb4547c,L1,Profile
c34f3833-e479-4343-a9f8-ade29eb4547c,L1,Profile
c34f3833-e479-4343-a9f8-ade29eb4547c,L1,Profile
c34f3833-e479-4343-a9f8-ade29eb4547c,L1,Profile
c34f3833-e479-4343-a9f8-ade29eb4547c,L1,Profile
c34f3833-e479-4343-a9f8-ade29eb4547c,L1,Profile
c34f3833-e479-4343-a9f8-ade29eb4547c,L1,Profile
c34f3833-e479-4343-a9f8-ade29eb4547c,L1,Profile
c34f3833-e479-4343-a9f8-ade29eb4547c,L1,Profile
c34f3833-e479-4343-a9f8-ade29eb4547c,L1,Profile
c34f3833-e479-4343-a9f8-ade29eb4547c,L1,Profile
c34f3833-e479-4343-a9f8-ade29eb4547c,L1,Profile
c34f3833-e479-4343-a9f8-ade29eb4547c,L1,Profile
c34f3833-e479-4343-a9f8-ade29eb4547c,L1,Profile
c34f3833-e479-4343-a9f8-ade29eb4547c,L1,Profile
c34f3833-e479-4343-a9f8-ade29eb4547c,L1,Profile
c34f3833-e479-4343-a9f8-ade29eb4547c,L1,Profile
c34f3833-e479-4343-a9f8-ade29eb4547c,L1,Profile
c34f3833-e479-4343-a9f8-ade29eb4547c,L1,Profile
c34f3833-e479-4343-a9f8-ade29eb4547c,L1,Profile
c34f3833-e479-4343-a9f8-ade29eb4547c,L1,Profile
c34f3833-e479-4343-a9f8-ade29eb4547c,L1,Profile
c34f3833-e479-4343-a9f8-ade29eb4547c,L1,Profile
c34f3833-e479-4343-a9f8-ade29eb4547c,L1,Profile
c34f3833-e479-4343-a9f8-ade29eb4547c,L1,Profile
c34f3833-e479-4343-a9f8-ade29eb4547c,L1,Profile
c34f3833-e479-4343-a9f8-ade29eb4547c,L1,Profile
c34f3833-e479-4343-a9f8-ade29eb4547c,L1,Profile
c34f3833-e479-4343-a9f8-ade29eb4547c,L1,Profile
c34f3833-e479-4343-a9f8-ade29eb4547c,L1,Profile
c34f3833-e479-4343-a9f8-ade29eb4547c,L1,Profile
c34f3833-e479-4343-a9f8-ade29eb4547c,L1,Profile
c34f3833-e479-4343-a9f8-ade29eb4547c,L1,Profile
c34f3833-e479-4343-a9f8-ade29eb4547c,L1,Profile
c34f3833-e479-4343-a9f8-ade29eb4547c,L1,Profile
c34f3833-e479-4343-a9f8-ade29eb4547c,L1,Profile
c34f3833-e479-4343-a9f8-ade29eb4547c,L1,Profile
c34f3833-e479-4343-a9f8-ade29eb4547c,L1,Profile
c34f3833-e479-4343-a9f8-ade29eb4547c,L1,Profile
c34f3833-e479-4343-a9f8-ade29eb4547c,L1,Profile
c34f3833-e479-4343-a9f8-ade29eb4547c,L1,Profile
c34f3833-e479-4343-a9f8-ade29eb4547c,L1,Profile
c34f3833-e479-4343-a9f8-ade29eb4547c,L1,Profile
c34f3833-e479-4343-a9f8-ade29eb4547c,L1,Profile
c34f3833-e479-4343-a9f8-ade29eb4547c,L1,Profile
c34f3833-e479-4343-a9f8-ade29eb4547c,L1,Profile
c34f3833-e479-4343-a9f8-ade29eb4547c,L1,Profile
c34f3833-e479-4343-a9f8-ade29eb4547c,L1,Profile
c34f3833-e479-4343-a9f8-ade29eb4547c,L1,Profile
c34f3833-e479-4343-a9f8-ade29eb4547c,L1,Profile
c34f3833-e479-4343-a9f8-ade29eb4547c,L1,Profile
c34f3833-e479-4343-a9f8-ade29eb4547c,L1,Profile
c34f3833-e479-4343-a9f8-ade29eb4547c,L1,Profile
c34f3833-e479-4343-a9f8-ade29eb4547c,L1,Profile
c34f3833-e479-4343-a9f8-ade29eb4547c,L1,Profile
c34f3833-e479-4343-a9f8-ade29eb4547c,L1,Profile
c34f3833-e479-4343-a9f8-ade29eb4547c,L1,Profile
c34f3833-e479-4343-a9f8-ade29eb4547c,L1,Profile
c34f3833-e479-4343-a9f8-ade29eb4547c,L1,Profile
c34f3833-e479-4343-a9f8-ade29eb4547c,L1,Profile
c34f3833-e479-4343-a9f8-ade29eb4547c,L1,Profile
c34f3833-e479-4343-a9f8-ade29eb4547c,L1,Profile
c34f3833-e479-4343-a9f8-ade29eb4547c,L1,Profile
c34f3833-e479-4343-a9f8-ade29eb4547c,L1,Profile
c34f3833-e479-4343-a9f8-ade29eb4547c,L1,Profile
c34f3833-e479-4343-a9f8-ade29eb4547c,L1,Profile
c34f3833-e479-4343-a9f8-ade29eb4547c,L1,Profile
c34f3833-e479-4343-a9f8-ade29eb4547c,L1,Profile
c34f3833-e479-4343-a9f8-ade29eb4547c,L1,Profile
c34f3833-e479-4343-a9f8-ade29eb4547c,L1,Profile
c34f3833-e479-4343-a9f8-ade29eb4547c,L1,Profile
c34f3833-e479-4343-a9f8-ade29eb4547c,L1,Profile
c34f3833-e479-4343-a9f8-ade29eb4547c,L1,Profile
c34f3833-e479-4343-a9f8-ade29eb4547c,L1,Profile
c34f3833-e479-4343-a9f8-ade29eb4547c,L1,Profile
c34f3833-e479-4343-a9f8-ade29eb4547c,L1,Profile
c34f3833-e479-4343-a9f8-ade29eb4547c,L1,Profile
c34f3833-e479-4343-a9f8-ade29eb4547c,L1,Profile
c34f3833-e479-4343-a9f8-ade29eb4547c,L1,Profile
c34f3833-e479-4343-a9f8-ade29eb4547c,L1,Profile
c34f3833-e479-4343-a9f8-ade29eb4547c,L1,Profile
c34f3833-e479-4343-a9f8-ade29eb4547c,L1,Profile
c34f3833-e479-4343-a9f8-ade29eb4547c,L1,Profile
c34f3833-e479-4343-a9f8-ade29eb4547c,L1,Profile
c34f3833-e479-4343-a9f8-ade29eb4547c,L1,Profile
c34f3833-e479-4343-a9f8-ade29eb4547c,L1,Profile
c34f3833-e479-4343-a9f8-ade29eb4547c,L1,Profile
c34f3833-e479-4343-a9f8-ade29eb4547c,L1,Profile
c34f3833-e479-4343-a9f8-ade29eb4547c,L1,Profile
c34f3833-e479-4343-a9f8-ade29eb4547c,L1,Profile
c34f3833-e479-4343-a9f8-ade29eb4547c,L1,Profile
c34f3833-e479-4343-a9f8-ade29eb4547c,L1,Profile
c34f3833-e479-4343-a9f8-ade29eb4547c,L1,Profile
c34f3833-e479-4343-a9f8-ade29eb4547c,L1,Profile
c34f3833-e479-4343-a9f8-ade29eb4547c,L1,Profile
c34f3833-e479-4343-a9f8-ade29eb4547c,L1,Profile
c34f3833-e479-4343-a9f8-ade29eb4547c,L1,Profile
c34f3833-e479-4343-a9f8-ade29eb4547c,L1,Profile
c34f3833-e479-4343-a9f8-ade29eb4547c,L1,Profile
c34f3833-e479-4343-a9f8-ade29eb4547c,L1,Profile
c34f3833-e479-4343-a9f8-ade29eb4547c,L1,Profile
c34f3833-e479-4343-a9f8-ade29eb4547c,L1,Profile
c34f3833-e479-4343-a9f8-ade29eb4547c,L1,Profile
c34f3833-e479-4343-a9f8-ade29eb4547c,L1,Profile
c34f3833-e479-4343-a9f8-ade29eb4547c,L1,Profile
c34f3833-e479-4343-a9f8-ade29eb4547c,L1,Profile
c34f3833-e479-4343-a9f8-ade29eb4547c,L1,Profile
c34f3833-e479-4343-a9f8-ade29eb4547c,L1,Profile
c34f3833-e479-4343-a9f8-ade29eb4547c,L1,Profile
c34f3833-e479-4343-a9f8-ade29eb4547c,L1,Profile
c34f3833-e479-4343-a9f8-ade29eb4547c,L1,Profile
c34f3833-e479-4343-a9f8-ade29eb4547c,L1,Profile
c34f3833-e479-4343-a9f8-ade29eb4547c,L1,Profile
c34f3833-e479-4343-a9f8-ade29eb4547c,L1,Profile
c34f3833-e479-4343-a9f8-ade29eb4547c,L1,Profile
c34f3833-e479-4343-a9f8-ade29eb4547c,L1,Profile
c34f3833-e479-4343-a9f8-ade29eb4547c,L1,Profile
c34f3833-e479-4343-a9f8-ade29eb4547c,L1,Profile
c34f3833-e479-4343-a9f8-ade29eb4547c,L1,Profile
c34f3833-e479-4343-a9f8-ade29eb4547c,L1,Profile
c34f3833-e479-4343-a9f8-ade29eb4547c,L1,Profile
c34f3833-e479-4343-a9f8-ade29eb4547c,L1,Profile
c34f3833-e479-4343-a9f8-ade29eb4547c,L1,Profile
c34f3833-e479-4343-a9f8-ade29eb4547c,L1,Profile
c34f3833-e479-4343-a9f8-ade29eb4547c,L1,Profile
c34f3833-e479-4343-a9f8-ade29eb4547c,L1,Profile
c34f3833-e479-4343-a9f8-ade29eb4547c,L1,Profile
c34f3833-e479-4343-a9f8-ade29eb4547c,L1,Profile
c34f3833-e479-4343-a9f8-ade29eb4547c,L1,Profile
c34f3833-e479-4343-a9f8-ade29eb4547c,L1,Profile
c34f3833-e479-4343-a9f8-ade29eb4547c,L1,Profile
c34f3833-e479-4343-a9f8-ade29eb4547c,L1,Profile
c34f3833-e479-4343-a9f8-ade29eb4547c,L1,Profile
c34f3833-e479-4343-a9f8-ade29eb4547c,L1,Profile
c34f3833-e479-4343-a9f8-ade29eb4547c,L1,Profile
c34f3833-e479-4343-a9f8-ade29eb4547c,L1,Profile
c34f3833-e479-4343-a9f8-ade29eb4547c,L1,Profile
c34f3833-e479-4343-a9f8-ade29eb4547c,L1,Profile
c34f3833-e479-4343-a9f8-ade29eb4547c,L1,Profile
c34f3833-e479-4343-a9f8-ade29eb4547c,L1,Profile
c34f3833-e479-4343-a9f8-ade29eb4547c,L1,Profile
c34f3833-e479-4343-a9f8-ade29eb4547c,L1,Profile
c34f3833-e479-4343-a9f8-ade29eb4547c,L1,Profile
c34f3833-e479-4343-a9f8-ade29eb4547c,L1,Profile
c34f3833-e479-4343-a9f8-ade29eb4547c,L1,Profile
c34f3833-e479-4343-a9f8-ade29eb4547c,L1,Profile
c34f3833-e479-4343-a9f8-ade29eb4547c,L1,Profile
c34f3833-e479-4343-a9f8-ade29eb4547c,L1,Profile
c34f3833-e479-4343-a9f8-ade29eb4547c,L1,Profile
c34f3833-e479-4343-a9f8-ade29eb4547c,L1,Profile
c34f3833-e479-4343-a9f8-ade29eb4547c,L1,Profile
c34f3833-e479-4343-a9f8-ade29eb4547c,L1,Profile
c34f3833-e479-4343-a9f8-ade29eb4547c,L1,Profile
c34f3833-e479-4343-a9f8-ade29eb4547c,L1,Profile
c34f3833-e479-4343-a9f8-ade29eb4547c,L1,Profile
c34f3833-e479-4343-a9f8-ade29eb4547c,L1,Profile
c34f3833-e479-4343-a9f8-ade29eb4547c,L1,Profile
c34f3833-e479-4343-a9f8-ade29eb4547c,L1,Profile
c34f3833-e479-4343-a9f8-ade29eb4547c,L1,Profile
c34f3833-e479-4343-a9f8-ade29eb4547c,L1,Profile
c34f3833-e479-4343-a9f8-ade29eb4547c,L1,Profile
c34f3833-e479-4343-a9f8-ade29eb4547c,L1,Profile
c34f3833-e479-4343-a9f8-ade29eb4547c,L1,Profile
c34f3833-e479-4343-a9f8-ade29eb4547c,L1,Profile
c34f3833-e479-4343-a9f8-ade29eb4547c,L1,Profile
c34f3833-e479-4343-a9f8-ade29eb4547c,L1,Profile
c34f3833-e479-4343-a9f8-ade29eb4547c,L1,Profile
c34f3833-e479-4343-a9f8-ade29eb4547c,L1,Profile
c34f3833-e479-4343-a9f8-ade29eb4547c,L1,Profile
c34f3833-e479-4343-a9f8-ade29eb4547c,L1,Profile
c34f3833-e479-4343-a9f8-ade29eb4547c,L1,Profile
c34f3833-e479-4343-a9f8-ade29eb4547c,L1,Profile
c34f3833-e479-4343-a9f8-ade29eb4547c,L1,Profile
c34f3833-e479-4343-a9f8-ade29eb4547c,L1,Profile
c34f3833-e479-4343-a9f8-ade29eb4547c,L1,Profile
c34f3833-e479-4343-a9f8-ade29eb4547c,L1,Profile
c34f3833-e479-4343-a9f8-ade29eb4547c,L1,Profile
c34f3833-e479-4343-a9f8-ade29eb4547c,L1,Profile
c34f3833-e479-4343-a9f8-ade29eb4547c,L1,Profile
c34f3833-e479-4343-a9f8-ade29eb4547c,L1,Profile
c34f3833-e479-4343-a9f8-ade29eb4547c,L1,Profile
c34f3833-e479-4343-a9f8-ade29eb4547c,L1,Profile
c34f3833-e479-4343-a9f8-ade29eb4547c,L1,Profile
c34f3833-e479-4343-a9f8-ade29eb4547c,L1,Profile
c34f3833-e479-4343-a9f8-ade29eb4547c,L1,Profile
c34f3833-e479-4343-a9f8-ade29eb4547c,L1,Profile
c34f3833-e479-4343-a9f8-ade29eb4547c,L1,Profile
c34f3833-e479-4343-a9f8-ade29eb4547c,L1,Profile
c34f3833-e479-4343-a9f8-ade29eb4547c,L1,Profile
c34f3833-e479-4343-a9f8-ade29eb4547c,L1,Profile
c34f3833-e479-4343-a9f8-ade29eb4547c,L1,Profile
c34f3833-e479-4343-a9f8-ade29eb4547c,L1,Profile
c34f3833-e479-4343-a9f8-ade29eb4547c,L1,Profile
c34f3833-e479-4343-a9f8-ade29eb4547c,L1,Profile
c34f3833-e479-4343-a9f8-ade29eb4547c,L1,Profile
c34f3833-e479-4343-a9f8-ade29eb4547c,L1,Profile
c34f3833-e479-4343-a9f8-ade29eb4547c,L1,Profile
c34f3833-e479-4343-a9f8-ade29eb4547c,L1,Profile
c34f3833-e479-4343-a9f8-ade29eb4547c,L1,Profile
c34f3833-e479-4343-a9f8-ade29eb4547c,L1,Profile
c34f3833-e479-4343-a9f8-ade29eb4547c,L1,Profile
c34f3833-e479-4343-a9f8-ade29eb4547c,L1,Profile
c34f3833-e479-4343-a9f8-ade29eb4547c,L1,Profile
c34f3833-e479-4343-a9f8-ade29eb4547c,L1,Profile
c34f3833-e479-4343-a9f8-ade29eb4547c,L1,Profile
c34f3833-e479-4343-a9f8-ade29eb4547c,L1,Profile
c34f3833-e479-4343-a9f8-ade29eb4547c,L1,Profile
c34f3833-e479-4343-a9f8-ade29eb4547c,L1,Profile
c34f3833-e479-4343-a9f8-ade29eb4547c,L1,Profile
c34f3833-e479-4343-a9f8-ade29eb4547c,L1,Profile
c34f3833-e479-4343-a9f8-ade29eb4547c,L1,Profile
c34f3833-e479-4343-a9f8-ade29eb4547c,L1,Profile
c34f3833-e479-4343-a9f8-ade29eb4547c,L1,Profile
c34f3833-e479-4343-a9f8-ade29eb4547c,L1,Profile
c34f3833-e479-4343-a9f8-ade29eb4547c,L1,Profile
c34f3833-e479-4343-a9f8-ade29eb4547c,L1,Profile
c34f3833-e479-4343-a9f8-ade29eb4547c,L1,Profile
c34f3833-e479-4343-a9f8-ade29eb4547c,L1,Profile
c34f3833-e479-4343-a9f8-ade29eb4547c,L1,Profile
c34f3833-e479-4343-a9f8-ade29eb4547c,L1,Profile
c34f3833-e479-4343-a9f8-ade29eb4547c,L1,Profile
c34f3833-e479-4343-a9f8-ade29eb4547c,L1,Profile
c34f3833-e479-4343-a9f8-ade29eb4547c,L1,Profile
c34f3833-e479-4343-a9f8-ade29eb4547c,L1,Profile
c34f3833-e479-4343-a9f8-ade29eb4547c,L1,Profile
c34f3833-e479-4343-a9f8-ade29eb4547c,L1,Profile
c34f3833-e479-4343-a9f8-ade29eb4547c,L1,Profile
c34f3833-e479-4343-a9f8-ade29eb4547c,L1,Profile
c34f3833-e479-4343-a9f8-ade29eb4547c,L1,Profile
c34f3833-e479-4343-a9f8-ade29eb4547c,L1,Profile
c34f3833-e479-4343-a9f8-ade29eb4547c,L1,Profile
c34f3833-e479-4343-a9f8-ade29eb4547c,L1,Profile
c34f3833-e479-4343-a9f8-ade29eb4547c,L1,Profile
c34f3833-e479-4343-a9f8-ade29eb4547c,L1,Profile
c34f3833-e479-4343-a9f8-ade29eb4547c,L1,Profile
c34f3833-e479-4343-a9f8-ade29eb4547c,L1,Profile
c34f3833-e479-4343-a9f8-ade29eb4547c,L1,Profile
c34f3833-e479-4343-a9f8-ade29eb4547c,L1,Profile
c34f3833-e479-4343-a9f8-ade29eb4547c,L1,Profile
c34f3833-e479-4343-a9f8-ade29eb4547c,L1,Profile
c34f3833-e479-4343-a9f8-ade29eb4547c,L1,Profile
c34f3833-e479-4343-a9f8-ade29eb4547c,L1,Profile
c34f3833-e479-4343-a9f8-ade29eb4547c,L1,Profile
c34f3833-e479-4343-a9f8-ade29eb4547c,L1,Profile
c34f3833-e479-4343-a9f8-ade29eb4547c,L1,Profile
c34f3833-e479-4343-a9f8-ade29eb4547c,L1,Profile
c34f3833-e479-4343-a9f8-ade29eb4547c,L1,Profile
c34f3833-e479-4343-a9f8-ade29eb4547c,L1,Profile
c34f3833-e479-4343-a9f8-ade29eb4547c,L1,Profile
c34f3833-e479-4343-a9f8-ade29eb4547c,L1,Profile
c34f3833-e479-4343-a9f8-ade29eb4547c,L1,Profile
c34f3833-e479-4343-a9f8-ade29eb4547c,L1,Profile
c34f3833-e479-4343-a9f8-ade29eb4547c,L1,Profile
c34f3833-e479-4343-a9f8-ade29eb4547c,L1,Profile
c34f3833-e479-4343-a9f8-ade29eb4547c,L1,Profile
c34f3833-e479-4343-a9f8-ade29eb4547c,L1,Profile
c34f3833-e479-4343-a9f8-ade29eb4547c,L1,Profile
c34f3833-e479-4343-a9f8-ade29eb4547c,L1,Profile
c34f3833-e479-4343-a9f8-ade29eb4547c,L1,Profile
c34f3833-e479-4343-a9f8-ade29eb4547c,L1,Profile
c34f3833-e479-4343-a9f8-ade29eb4547c,L1,Profile
c34f3833-e479-4343-a9f8-ade29eb4547c,L1,Profile
c34f3833-e479-4343-a9f8-ade29eb4547c,L1,Profile
c34f3833-e479-4343-a9f8-ade29eb4547c,L1,Profile
c34f3833-e479-4343-a9f8-ade29eb4547c,L1,Profile
c34f3833-e479-4343-a9f8-ade29eb4547c,L1,Profile
c34f3833-e479-4343-a9f8-ade29eb4547c,L1,Profile
c34f3833-e479-4343-a9f8-ade29eb4547c,L1,Profile
c34f3833-e479-4343-a9f8-ade29eb4547c,L1,Profile
c34f3833-e479-4343-a9f8-ade29eb4547c,L1,Profile
c34f3833-e479-4343-a9f8-ade29eb4547c,L1,Profile
c34f3833-e479-4343-a9f8-ade29eb4547c,L1,Profile
c34f3833-e479-4343-a9f8-ade29eb4547c,L1,Profile
c34f3833-e479-4343-a9f8-ade29eb4547c,L1,Profile
c34f3833-e479-4343-a9f8-ade29eb4547c,L1,Profile
c34f3833-e479-4343-a9f8-ade29eb4547c,L1,Profile
c34f3833-e479-4343-a9f8-ade29eb4547c,L1,Profile
c34f3833-e479-4343-a9f8-ade29eb4547c,L1,Profile
c34f3833-e479-4343-a9f8-ade29eb4547c,L1,Profile
c34f3833-e479-4343-a9f8-ade29eb4547c,L1,Profile
c34f3833-e479-4343-a9f8-ade29eb4547c,L1,Profile
c34f3833-e479-4343-a9f8-ade29eb4547c,L1,Profile
c34f3833-e479-4343-a9f8-ade29eb4547c,L1,Profile
c34f3833-e479-4343-a9f8-ade29eb4547c,L1,Profile
c34f3833-e479-4343-a9f8-ade29eb4547c,L1,Profile
c34f3833-e479-4343-a9f8-ade29eb4547c,L1,Profile
c34f3833-e479-4343-a9f8-ade29eb4547c,L1,Profile
c34f3833-e479-4343-a9f8-ade29eb4547c,L1,Profile
c34f3833-e479-4343-a9f8-ade29eb4547c,L1,Profile
c34f3833-e479-4343-a9f8-ade29eb4547c,L1,Profile
c34f3833-e479-4343-a9f8-ade29eb4547c,L1,Profile
c34f3833-e479-4343-a9f8-ade29eb4547c,L1,Profile
c34f3833-e479-4343-a9f8-ade29eb4547c,L1,Profile
c34f3833-e479-4343-a9f8-ade29eb4547c,L1,Profile
c34f3833-e479-4343-a9f8-ade29eb4547c,L1,Profile
c34f3833-e479-4343-a9f8-ade29eb4547c,L1,Profile
c34f3833-e479-4343-a9f8-ade29eb4547c,L1,Profile
c34f3833-e479-4343-a9f8-ade29eb4547c,L1,Profile
c34f3833-e479-4343-a9f8-ade29eb4547c,L1,Profile
c34f3833-e479-4343-a9f8-ade29eb4547c,L1,Profile
c34f3833-e479-4343-a9f8-ade29eb4547c,L1,Profile
c34f3833-e479-4343-a9f8-ade29eb4547c,L1,Profile
c34f3833-e479-4343-a9f8-ade29eb4547c,L1,Profile
c34f3833-e479-4343-a9f8-ade29eb4547c,L1,Profile
c34f3833-e479-4343-a9f8-ade29eb4547c,L1,Profile
c34f3833-e479-4343-a9f8-ade29eb4547c,L1,Profile
c34f3833-e479-4343-a9f8-ade29eb4547c,L1,Profile
c34f3833-e479-4343-a9f8-ade29eb4547c,L1,Profile
c34f3833-e479-4343-a9f8-ade29eb4547c,L1,Profile
c34f3833-e479-4343-a9f8-ade29eb4547c,L1,Profile
c34f3833-e479-4343-a9f8-ade29eb4547c,L1,Profile
c34f3833-e479-4343-a9f8-ade29eb4547c,L1,Profile
c34f3833-e479-4343-a9f8-ade29eb4547c,L1,Profile
c34f3833-e479-4343-a9f8-ade29eb4547c,L1,Profile
c34f3833-e479-4343-a9f8-ade29eb4547c,L1,Profile
c34f3833-e479-4343-a9f8-ade29eb4547c,L1,Profile
c34f3833-e479-4343-a9f8-ade29eb4547c,L1,Profile
c34f3833-e479-4343-a9f8-ade29eb4547c,L1,Profile
c34f3833-e479-4343-a9f8-ade29eb4547c,L1,Profile
c34f3833-e479-4343-a9f8-ade29eb4547c,L1,Profile
c34f3833-e479-4343-a9f8-ade29eb4547c,L1,Profile
c34f3833-e479-4343-a9f8-ade29eb4547c,L1,Profile
c34f3833-e479-4343-a9f8-ade29eb4547c,L1,Profile
c34f3833-e479-4343-a9f8-ade29eb4547c,L1,Profile
c34f3833-e479-4343-a9f8-ade29eb4547c,L1,Profile
c34f3833-e479-4343-a9f8-ade29eb4547c,L1,Profile
c34f3833-e479-4343-a9f8-ade29eb4547c,L1,Profile
c34f3833-e479-4343-a9f8-ade29eb4547c,L1,Profile
c34f3833-e479-4343-a9f8-ade29eb4547c,L1,Profile
c34f3833-e479-4343-a9f8-ade29eb4547c,L1,Profile
c34f3833-e479-4343-a9f8-ade29eb4547c,L1,Profile
c34f3833-e479-4343-a9f8-ade29eb4547c,L1,Profile
c34f3833-e479-4343-a9f8-ade29eb4547c,L1,Profile
c34f3833-e479-4343-a9f8-ade29eb4547c,L1,Profile
c34f3833-e479-4343-a9f8-ade29eb4547c,L1,Profile
c34f3833-e479-4343-a9f8-ade29eb4547c,L1,Profile
c34f3833-e479-4343-a9f8-ade29eb4547c,L1,Profile
c34f3833-e479-4343-a9f8-ade29eb4547c,L1,Profile
c34f3833-e479-4343-a9f8-ade29eb4547c,L1,Profile
c34f3833-e479-4343-a9f8-ade29eb4547c,L1,Profile
c34f3833-e479-4343-a9f8-ade29eb4547c,L1,Profile
c34f3833-e479-4343-a9f8-ade29eb4547c,L1,Profile
c34f3833-e479-4343-a9f8-ade29eb4547c,L1,Profile
c34f3833-e479-4343-a9f8-ade29eb4547c,L1,Profile
c34f3833-e479-4343-a9f8-ade29eb4547c,L1,Profile
c34f3833-e479-4343-a9f8-ade29eb4547c,L1,Profile
c34f3833-e479-4343-a9f8-ade29eb4547c,L1,Profile
c34f3833-e479-4343-a9f8-ade29eb4547c,L1,Profile
c34f3833-e479-4343-a9f8-ade29eb4547c,L1,Profile
c34f3833-e479-4343-a9f8-ade29eb4547c,L1,Profile
c34f3833-e479-4343-a9f8-ade29eb4547c,L1,Profile
c34f3833-e479-4343-a9f8-ade29eb4547c,L1,Profile
c34f3833-e479-4343-a9f8-ade29eb4547c,L1,Profile
c34f3833-e479-4343-a9f8-ade29eb4547c,L1,Profile
c34f3833-e479-4343-a9f8-ade29eb4547c,L1,Profile
c34f3833-e479-4343-a9f8-ade29eb4547c,L1,Profile
c34f3833-e479-4343-a9f8-ade29eb4547c,L1,Profile
c34f3833-e479-4343-a9f8-ade29eb4547c,L1,Profile
c34f3833-e479-4343-a9f8-ade29eb4547c,L1,Profile
c34f3833-e479-4343-a9f8-ade29eb4547c,L1,Profile
c34f3833-e479-4343-a9f8-ade29eb4547c,L1,Profile
c34f3833-e479-4343-a9f8-ade29eb4547c,L1,Profile
c34f3833-e479-4343-a9f8-ade29eb4547c,L1,Profile
c34f3833-e479-4343-a9f8-ade29eb4547c,L1,Profile
c34f3833-e479-4343-a9f8-ade29eb4547c,L1,Profile
c34f3833-e479-4343-a9f8-ade29eb4547c,L1,Profile
c34f3833-e479-4343-a9f8-ade29eb4547c,L1,Profile
c34f3833-e479-4343-a9f8-ade29eb4547c,L1,Profile
c34f3833-e479-4343-a9f8-ade29eb4547c,L1,Profile
c34f3833-e479-4343-a9f8-ade29eb4547c,L1,Profile
c34f3833-e479-4343-a9f8-ade29eb4547c,L1,Profile
c34f3833-e479-4343-a9f8-ade29eb4547c,L1,Profile
c34f3833-e479-4343-a9f8-ade29eb4547c,L1,Profile
c34f3833-e479-4343-a9f8-ade29eb4547c,L1,Profile
c34f3833-e479-4343-a9f8-ade29eb4547c,L1,Profile
c34f3833-e479-4343-a9f8-ade29eb4547c,L1,Profile
c34f3833-e479-4343-a9f8-ade29eb4547c,L1,Profile
c34f3833-e479-4343-a9f8-ade29eb4547c,L1,Profile
c34f3833-e479-4343-a9f8-ade29eb4547c,L1,Profile
c34f3833-e479-4343-a9f8-ade29eb4547c,L1,Profile
c34f3833-e479-4343-a9f8-ade29eb4547c,L1,Profile
c34f3833-e479-4343-a9f8-ade29eb4547c,L1,Profile
c34f3833-e479-4343-a9f8-ade29eb4547c,L1,Profile
c34f3833-e479-4343-a9f8-ade29eb4547c,L1,Profile
c34f3833-e479-4343-a9f8-ade29eb4547c,L1,Profile
c34f3833-e479-4343-a9f8-ade29eb4547c,L1,Profile
c34f3833-e479-4343-a9f8-ade29eb4547c,L1,Profile
c34f3833-e479-4343-a9f8-ade29eb4547c,L1,Profile
c34f3833-e479-4343-a9f8-ade29eb4547c,L1,Profile
c34f3833-e479-4343-a9f8-ade29eb4547c,L1,Profile
c34f3833-e479-4343-a9f8-ade29eb4547c,L1,Profile
c34f3833-e479-4343-a9f8-ade29eb4547c,L1,Profile
c34f3833-e479-4343-a9f8-ade29eb4547c,L1,Profile
c34f3833-e479-4343-a9f8-ade29eb4547c,L1,Profile
c34f3833-e479-4343-a9f8-ade29eb4547c,L1,Profile
c34f3833-e479-4343-a9f8-ade29eb4547c,L1,Profile
c34f3833-e479-4343-a9f8-ade29eb4547c,L1,Profile
c34f3833-e479-4343-a9f8-ade29eb4547c,L1,Profile
c34f3833-e479-4343-a9f8-ade29eb4547c,L1,Profile
c34f3833-e479-4343-a9f8-ade29eb4547c,L1,Profile
c34f3833-e479-4343-a9f8-ade29eb4547c,L1,Profile
c34f3833-e479-4343-a9f8-ade29eb4547c,L1,Profile
c34f3833-e479-4343-a9f8-ade29eb4547c,L1,Profile
c34f3833-e479-4343-a9f8-ade29eb4547c,L1,Profile
c34f3833-e479-4343-a9f8-ade29eb4547c,L1,Profile
c34f3833-e479-4343-a9f8-ade29eb4547c,L1,Profile
c34f3833-e479-4343-a9f8-ade29eb4547c,L1,Profile
c34f3833-e479-4343-a9f8-ade29eb4547c,L1,Profile
c34f3833-e479-4343-a9f8-ade29eb4547c,L1,Profile
c34f3833-e479-4343-a9f8-ade29eb4547c,L1,Profile
c34f3833-e479-4343-a9f8-ade29eb4547c,L1,Profile
c34f3833-e479-4343-a9f8-ade29eb4547c,L1,Profile
c34f3833-e479-4343-a9f8-ade29eb4547c,L1,Profile
c34f3833-e479-4343-a9f8-ade29eb4547c,L1,Profile
c34f3833-e479-4343-a9f8-ade29eb4547c,L1,Profile
c34f3833-e479-4343-a9f8-ade29eb4547c,L1,Profile
c34f3833-e479-4343-a9f8-ade29eb4547c,L1,Profile
c34f3833-e479-4343-a9f8-ade29eb4547c,L1,Profile
c34f3833-e479-4343-a9f8-ade29eb4547c,L1,Profile
c34f3833-e479-4343-a9f8-ade29eb4547c,L1,Profile
c34f3833-e479-4343-a9f8-ade29eb4547c,L1,Profile
c34f3833-e479-4343-a9f8-ade29eb4547c,L1,Profile
c34f3833-e479-4343-a9f8-ade29eb4547c,L1,Profile
c34f3833-e479-4343-a9f8-ade29eb4547c,L1,Profile
c34f3833-e479-4343-a9f8-ade29eb4547c,L1,Profile
c34f3833-e479-4343-a9f8-ade29eb4547c,L1,Profile
c34f3833-e479-4343-a9f8-ade29eb4547c,L1,Profile
c34f3833-e479-4343-a9f8-ade29eb4547c,L1,Profile
c34f3833-e479-4343-a9f8-ade29eb4547c,L1,Profile
c34f3833-e479-4343-a9f8-ade29eb4547c,L1,Profile
c34f3833-e479-4343-a9f8-ade29eb4547c,L1,Profile
c34f3833-e479-4343-a9f8-ade29eb4547c,L1,Profile
c34f3833-e479-4343-a9f8-ade29eb4547c,L1,Profile
c34f3833-e479-4343-a9f8-ade29eb4547c,L1,Profile
c34f3833-e479-4343-a9f8-ade29eb4547c,L1,Profile
c34f3833-e479-4343-a9f8-ade29eb4547c,L1,Profile
c34f3833-e479-4343-a9f8-ade29eb4547c,L1,Profile
c34f3833-e479-4343-a9f8-ade29eb4547c,L1,Profile
c34f3833-e479-4343-a9f8-ade29eb4547c,L1,Profile
c34f3833-e479-4343-a9f8-ade29eb4547c,L1,Profile
c34f3833-e479-4343-a9f8-ade29eb4547c,L1,Profile
c34f3833-e479-4343-a9f8-ade29eb4547c,L1,Profile
c34f3833-e479-4343-a9f8-ade29eb4547c,L1,Profile
c34f3833-e479-4343-a9f8-ade29eb4547c,L1,Profile
c34f3833-e479-4343-a9f8-ade29eb4547c,L1,Profile
c34f3833-e479-4343-a9f8-ade29eb4547c,L1,Profile
c34f3833-e479-4343-a9f8-ade29eb4547c,L1,Profile
c34f3833-e479-4343-a9f8-ade29eb4547c,L1,Profile
c34f3833-e479-4343-a9f8-ade29eb4547c,L1,Profile
c34f3833-e479-4343-a9f8-ade29eb4547c,L1,Profile
c34f3833-e479-4343-a9f8-ade29eb4547c,L1,Profile
c34f3833-e479-4343-a9f8-ade29eb4547c,L1,Profile
c34f3833-e479-4343-a9f8-ade29eb4547c,L1,Profile
c34f3833-e479-4343-a9f8-ade29eb4547c,L1,Profile
c34f3833-e479-4343-a9f8-ade29eb4547c,L1,Profile
c34f3833-e479-4343-a9f8-ade29eb4547c,L1,Profile
c34f3833-e479-4343-a9f8-ade29eb4547c,L1,Profile
c34f3833-e479-4343-a9f8-ade29eb4547c,L1,Profile
c34f3833-e479-4343-a9f8-ade29eb4547c,L1,Profile
c34f3833-e479-4343-a9f8-ade29eb4547c,L1,Profile
c34f3833-e479-4343-a9f8-ade29eb4547c,L1,Profile
c34f3833-e479-4343-a9f8-ade29eb4547c,L1,Profile
c34f3833-e479-4343-a9f8-ade29eb4547c,L1,Profile
c34f3833-e479-4343-a9f8-ade29eb4547c,L1,Profile
c34f3833-e479-4343-a9f8-ade29eb4547c,L1,Profile
c34f3833-e479-4343-a9f8-ade29eb4547c,L1,Profile
c34f3833-e479-4343-a9f8-ade29eb4547c,L1,Profile
c34f3833-e479-4343-a9f8-ade29eb4547c,L1,Profile
c34f3833-e479-4343-a9f8-ade29eb4547c,L1,Profile
c34f3833-e479-4343-a9f8-ade29eb4547c,L1,Profile
c34f3833-e479-4343-a9f8-ade29eb4547c,L1,Profile
c34f3833-e479-4343-a9f8-ade29eb4547c,L1,Profile
c34f3833-e479-4343-a9f8-ade29eb4547c,L1,Profile
c34f3833-e479-4343-a9f8-ade29eb4547c,L1,Profile
c34f3833-e479-4343-a9f8-ade29eb4547c,L1,Profile
c34f3833-e479-4343-a9f8-ade29eb4547c,L1,Profile
c34f3833-e479-4343-a9f8-ade29eb4547c,L1,Profile
c34f3833-e479-4343-a9f8-ade29eb4547c,L1,Profile
c34f3833-e479-4343-a9f8-ade29eb4547c,L1,Profile
c34f3833-e479-4343-a9f8-ade29eb4547c,L1,Profile
c34f3833-e479-4343-a9f8-ade29eb4547c,L1,Profile
c34f3833-e479-4343-a9f8-ade29eb4547c,L1,Profile
c34f3833-e479-4343-a9f8-ade29eb4547c,L1,Profile
c34f3833-e479-4343-a9f8-ade29eb4547c,L1,Profile
c34f3833-e479-4343-a9f8-ade29eb4547c,L1,Profile
c34f3833-e479-4343-a9f8-ade29eb4547c,L1,Profile
c34f3833-e479-4343-a9f8-ade29eb4547c,L1,Profile
c34f3833-e479-4343-a9f8-ade29eb4547c,L1,Profile
c34f3833-e479-4343-a9f8-ade29eb4547c,L1,Profile
c34f3833-e479-4343-a9f8-ade29eb4547c,L1,Profile
c34f3833-e479-4343-a9f8-ade29eb4547c,L1,Profile
c34f3833-e479-4343-a9f8-ade29eb4547c,L1,Profile
c34f3833-e479-4343-a9f8-ade29eb4547c,L1,Profile
c34f3833-e479-4343-a9f8-ade29eb4547c,L1,Profile
c34f3833-e479-4343-a9f8-ade29eb4547c,L1,Profile
c34f3833-e479-4343-a9f8-ade29eb4547c,L1,Profile
c34f3833-e479-4343-a9f8-ade29eb4547c,L1,Profile
c34f3833-e479-4343-a9f8-ade29eb4547c,L1,Profile
c34f3833-e479-4343-a9f8-ade29eb4547c,L1,Profile
c34f3833-e479-4343-a9f8-ade29eb4547c,L1,Profile
c34f3833-e479-4343-a9f8-ade29eb4547c,L1,Profile
c34f3833-e479-4343-a9f8-ade29eb4547c,L1,Profile
c34f3833-e479-4343-a9f8-ade29eb4547c,L1,Profile
c34f3833-e479-4343-a9f8-ade29eb4547c,L1,Profile
c34f3833-e479-4343-a9f8-ade29eb4547c,L1,Profile
c34f3833-e479-4343-a9f8-ade29eb4547c,L1,Profile
c34f3833-e479-4343-a9f8-ade29eb4547c,L1,Profile
c34f3833-e479-4343-a9f8-ade29eb4547c,L1,Profile
c34f3833-e479-4343-a9f8-ade29eb4547c,L1,Profile
c34f3833-e479-4343-a9f8-ade29eb4547c,L1,Profile
c34f3833-e479-4343-a9f8-ade29eb4547c,L1,Profile
c34f3833-e479-4343-a9f8-ade29eb4547c,L1,Profile
c34f3833-e479-4343-a9f8-ade29eb4547c,L1,Profile
c34f3833-e479-4343-a9f8-ade29eb4547c,L1,Profile
c34f3833-e479-4343-a9f8-ade29eb4547c,L1,Profile
c34f3833-e479-4343-a9f8-ade29eb4547c,L1,Profile
c34f3833-e479-4343-a9f8-ade29eb4547c,L1,Profile
c34f3833-e479-4343-a9f8-ade29eb4547c,L1,Profile
c34f3833-e479-4343-a9f8-ade29eb4547c,L1,Profile
c34f3833-e479-4343-a9f8-ade29eb4547c,L1,Profile
c34f3833-e479-4343-a9f8-ade29eb4547c,L1,Profile
c34f3833-e479-4343-a9f8-ade29eb4547c,L1,Profile
c34f3833-e479-4343-a9f8-ade29eb4547c,L1,Profile
c34f3833-e479-4343-a9f8-ade29eb4547c,L1,Profile
c34f3833-e479-4343-a9f8-ade29eb4547c,L1,Profile
c34f3833-e479-4343-a9f8-ade29eb4547c,L1,Profile
c34f3833-e479-4343-a9f8-ade29eb4547c,L1,Profile
c34f3833-e479-4343-a9f8-ade29eb4547c,L1,Profile
c34f3833-e479-4343-a9f8-ade29eb4547c,L1,Profile
c34f3833-e479-4343-a9f8-ade29eb4547c,L1,Profile
c34f3833-e479-4343-a9f8-ade29eb4547c,L1,Profile
c34f3833-e479-4343-a9f8-ade29eb4547c,L1,Profile
c34f3833-e479-4343-a9f8-ade29eb4547c,L1,Profile
c34f3833-e479-4343-a9f8-ade29eb4547c,L1,Profile
c34f3833-e479-4343-a9f8-ade29eb4547c,L1,Profile
c34f3833-e479-4343-a9f8-ade29eb4547c,L1,Profile
c34f3833-e479-4343-a9f8-ade29eb4547c,L1,Profile
c34f3833-e479-4343-a9f8-ade29eb4547c,L1,Profile
c34f3833-e479-4343-a9f8-ade29eb4547c,L1,Profile
c34f3833-e479-4343-a9f8-ade29eb4547c,L1,Profile
c34f3833-e479-4343-a9f8-ade29eb4547c,L1,Profile
c34f3833-e479-4343-a9f8-ade29eb4547c,L1,Profile
c34f3833-e479-4343-a9f8-ade29eb4547c,L1,Profile
c34f3833-e479-4343-a9f8-ade29eb4547c,L1,Profile
c34f3833-e479-4343-a9f8-ade29eb4547c,L1,Profile
c34f3833-e479-4343-a9f8-ade29eb4547c,L1,Profile
c34f3833-e479-4343-a9f8-ade29eb4547c,L1,Profile
c34f3833-e479-4343-a9f8-ade29eb4547c,L1,Profile
c34f3833-e479-4343-a9f8-ade29eb4547c,L1,Profile
c34f3833-e479-4343-a9f8-ade29eb4547c,L1,Profile
c34f3833-e479-4343-a9f8-ade29eb4547c,L1,Profile
c34f3833-e479-4343-a9f8-ade29eb4547c,L1,Profile
c34f3833-e479-4343-a9f8-ade29eb4547c,L1,Profile
c34f3833-e479-4343-a9f8-ade29eb4547c,L1,Profile
c34f3833-e479-4343-a9f8-ade29eb4547c,L1,Profile
c34f3833-e479-4343-a9f8-ade29eb4547c,L1,Profile
c34f3833-e479-4343-a9f8-ade29eb4547c,L1,Profile
c34f3833-e479-4343-a9f8-ade29eb4547c,L1,Profile
c34f3833-e479-4343-a9f8-ade29eb4547c,L1,Profile
c34f3833-e479-4343-a9f8-ade29eb4547c,L1,Profile
c34f3833-e479-4343-a9f8-ade29eb4547c,L1,Profile
c34f3833-e479-4343-a9f8-ade29eb4547c,L1,Profile
c34f3833-e479-4343-a9f8-ade29eb4547c,L1,Profile
c34f3833-e479-4343-a9f8-ade29eb4547c,L1,Profile
c34f3833-e479-4343-a9f8-ade29eb4547c,L1,Profile
c34f3833-e479-4343-a9f8-ade29eb4547c,L1,Profile
c34f3833-e479-4343-a9f8-ade29eb4547c,L1,Profile
c34f3833-e479-4343-a9f8-ade29eb4547c,L1,Profile
c34f3833-e479-4343-a9f8-ade29eb4547c,L1,Profile
c34f3833-e479-4343-a9f8-ade29eb4547c,L1,Profile
c34f3833-e479-4343-a9f8-ade29eb4547c,L1,Profile
c34f3833-e479-4343-a9f8-ade29eb4547c,L1,Profile
c34f3833-e479-4343-a9f8-ade29eb4547c,L1,Profile
c34f3833-e479-4343-a9f8-ade29eb4547c,L1,Profile
c34f3833-e479-4343-a9f8-ade29eb4547c,L1,Profile
c34f3833-e479-4343-a9f8-ade29eb4547c,L1,Profile
c34f3833-e479-4343-a9f8-ade29eb4547c,L1,Profile
c34f3833-e479-4343-a9f8-ade29eb4547c,L1,Profile
c34f3833-e479-4343-a9f8-ade29eb4547c,L1,Profile
c34f3833-e479-4343-a9f8-ade29eb4547c,L1,Profile
c34f3833-e479-4343-a9f8-ade29eb4547c,L1,Profile
c34f3833-e479-4343-a9f8-ade29eb4547c,L1,Profile
c34f3833-e479-4343-a9f8-ade29eb4547c,L1,Profile
c34f3833-e479-4343-a9f8-ade29eb4547c,L1,Profile
c34f3833-e479-4343-a9f8-ade29eb4547c,L1,Profile
c34f3833-e479-4343-a9f8-ade29eb4547c,L1,Profile
c34f3833-e479-4343-a9f8-ade29eb4547c,L1,Profile
c34f3833-e479-4343-a9f8-ade29eb4547c,L1,Profile
c34f3833-e479-4343-a9f8-ade29eb4547c,L1,Profile
c34f3833-e479-4343-a9f8-ade29eb4547c,L1,Profile
c34f3833-e479-4343-a9f8-ade29eb4547c,L1,Profile
c34f3833-e479-4343-a9f8-ade29eb4547c,L1,Profile
c34f3833-e479-4343-a9f8-ade29eb4547c,L1,Profile
c34f3833-e479-4343-a9f8-ade29eb4547c,L1,Profile
c34f3833-e479-4343-a9f8-ade29eb4547c,L1,Profile
c34f3833-e479-4343-a9f8-ade29eb4547c,L1,Profile
c34f3833-e479-4343-a9f8-ade29eb4547c,L1,Profile
c34f3833-e479-4343-a9f8-ade29eb4547c,L1,Profile
c34f3833-e479-4343-a9f8-ade29eb4547c,L1,Profile
c34f3833-e479-4343-a9f8-ade29eb4547c,L1,Profile
c34f3833-e479-4343-a9f8-ade29eb4547c,L1,Profile
c34f3833-e479-4343-a9f8-ade29eb4547c,L1,Profile
c34f3833-e479-4343-a9f8-ade29eb4547c,L1,Profile
c34f3833-e479-4343-a9f8-ade29eb4547c,L1,Profile
c34f3833-e479-4343-a9f8-ade29eb4547c,L1,Profile
c34f3833-e479-4343-a9f8-ade29eb4547c,L1,Profile
c34f3833-e479-4343-a9f8-ade29eb4547c,L1,Profile
c34f3833-e479-4343-a9f8-ade29eb4547c,L1,Profile
c34f3833-e479-4343-a9f8-ade29eb4547c,L1,Profile
c34f3833-e479-4343-a9f8-ade29eb4547c,L1,Profile
c34f3833-e479-4343-a9f8-ade29eb4547c,L1,Profile
c34f3833-e479-4343-a9f8-ade29eb4547c,L1,Profile
c34f3833-e479-4343-a9f8-ade29eb4547c,L1,Profile
c34f3833-e479-4343-a9f8-ade29eb4547c,L1,Profile
c34f3833-e479-4343-a9f8-ade29eb4547c,L1,Profile
c34f3833-e479-4343-a9f8-ade29eb4547c,L1,Profile
c34f3833-e479-4343-a9f8-ade29eb4547c,L1,Profile
c34f3833-e479-4343-a9f8-ade29eb4547c,L1,Profile
c34f3833-e479-4343-a9f8-ade29eb4547c,L1,Profile
c34f3833-e479-4343-a9f8-ade29eb4547c,L1,Profile
c34f3833-e479-4343-a9f8-ade29eb4547c,L1,Profile
c34f3833-e479-4343-a9f8-ade29eb4547c,L1,Profile
c34f3833-e479-4343-a9f8-ade29eb4547c,L1,Profile
c34f3833-e479-4343-a9f8-ade29eb4547c,L1,Profile
c34f3833-e479-4343-a9f8-ade29eb4547c,L1,Profile
c34f3833-e479-4343-a9f8-ade29eb4547c,L1,Profile
c34f3833-e479-4343-a9f8-ade29eb4547c,L1,Profile
c34f3833-e479-4343-a9f8-ade29eb4547c,L1,Profile
c34f3833-e479-4343-a9f8-ade29eb4547c,L1,Profile
c34f3833-e479-4343-a9f8-ade29eb4547c,L1,Profile
c34f3833-e479-4343-a9f8-ade29eb4547c,L1,Profile
c34f3833-e479-4343-a9f8-ade29eb4547c,L1,Profile
c34f3833-e479-4343-a9f8-ade29eb4547c,L1,Profile
c34f3833-e479-4343-a9f8-ade29eb4547c,L1,Profile
c34f3833-e479-4343-a9f8-ade29eb4547c,L1,Profile
c34f3833-e479-4343-a9f8-ade29eb4547c,L1,Profile
c34f3833-e479-4343-a9f8-ade29eb4547c,L1,Profile
c34f3833-e479-4343-a9f8-ade29eb4547c,L1,Profile
c34f3833-e479-4343-a9f8-ade29eb4547c,L1,Profile
c34f3833-e479-4343-a9f8-ade29eb4547c,L1,Profile
c34f3833-e479-4343-a9f8-ade29eb4547c,L1,Profile
c34f3833-e479-4343-a9f8-ade29eb4547c,L1,Profile
c34f3833-e479-4343-a9f8-ade29eb4547c,L1,Profile
c34f3833-e479-4343-a9f8-ade29eb4547c,L1,Profile
c34f3833-e479-4343-a9f8-ade29eb4547c,L1,Profile
c34f3833-e479-4343-a9f8-ade29eb4547c,L1,Profile
c34f3833-e479-4343-a9f8-ade29eb4547c,L1,Profile
c34f3833-e479-4343-a9f8-ade29eb4547c,L1,Profile
c34f3833-e479-4343-a9f8-ade29eb4547c,L1,Profile
c34f3833-e479-4343-a9f8-ade29eb4547c,L1,Profile
c34f3833-e479-4343-a9f8-ade29eb4547c,L1,Profile
c34f3833-e479-4343-a9f8-ade29eb4547c,L1,Profile
c34f3833-e479-4343-a9f8-ade29eb4547c,L1,Profile
c34f3833-e479-4343-a9f8-ade29eb4547c,L1,Profile
c34f3833-e479-4343-a9f8-ade29eb4547c,L1,Profile
c34f3833-e479-4343-a9f8-ade29eb4547c,L1,Profile
c34f3833-e479-4343-a9f8-ade29eb4547c,L1,Profile
c34f3833-e479-4343-a9f8-ade29eb4547c,L1,Profile
c34f3833-e479-4343-a9f8-ade29eb4547c,L1,Profile
c34f3833-e479-4343-a9f8-ade29eb4547c,L1,Profile
c34f3833-e479-4343-a9f8-ade29eb4547c,L1,Profile
c34f3833-e479-4343-a9f8-ade29eb4547c,L1,Profile
c34f3833-e479-4343-a9f8-ade29eb4547c,L1,Profile
c34f3833-e479-4343-a9f8-ade29eb4547c,L1,Profile
c34f3833-e479-4343-a9f8-ade29eb4547c,L1,Profile
c34f3833-e479-4343-a9f8-ade29eb4547c,L1,Profile
c34f3833-e479-4343-a9f8-ade29eb4547c,L1,Profile
c34f3833-e479-4343-a9f8-ade29eb4547c,L1,Profile
c34f3833-e479-4343-a9f8-ade29eb4547c,L1,Profile
c34f3833-e479-4343-a9f8-ade29eb4547c,L1,Profile
c34f3833-e479-4343-a9f8-ade29eb4547c,L1,Profile
c34f3833-e479-4343-a9f8-ade29eb4547c,L1,Profile
c34f3833-e479-4343-a9f8-ade29eb4547c,L1,Profile
c34f3833-e479-4343-a9f8-ade29eb4547c,L1,Profile
c34f3833-e479-4343-a9f8-ade29eb4547c,L1,Profile
c34f3833-e479-4343-a9f8-ade29eb4547c,L1,Profile
c34f3833-e479-4343-a9f8-ade29eb4547c,L1,Profile
c34f3833-e479-4343-a9f8-ade29eb4547c,L1,Profile
c34f3833-e479-4343-a9f8-ade29eb4547c,L1,Profile
c34f3833-e479-4343-a9f8-ade29eb4547c,L1,Profile
c34f3833-e479-4343-a9f8-ade29eb4547c,L1,Profile
c34f3833-e479-4343-a9f8-ade29eb4547c,L1,Profile
c34f3833-e479-4343-a9f8-ade29eb4547c,L1,Profile
c34f3833-e479-4343-a9f8-ade29eb4547c,L1,Profile
c34f3833-e479-4343-a9f8-ade29eb4547c,L1,Profile
c34f3833-e479-4343-a9f8-ade29eb4547c,L1,Profile
c34f3833-e479-4343-a9f8-ade29eb4547c,L1,Profile
c34f3833-e479-4343-a9f8-ade29eb4547c,L1,Profile
c34f3833-e479-4343-a9f8-ade29eb4547c,L1,Profile
c34f3833-e479-4343-a9f8-ade29eb4547c,L1,Profile
c34f3833-e479-4343-a9f8-ade29eb4547c,L1,Profile
c34f3833-e479-4343-a9f8-ade29eb4547c,L1,Profile
c34f3833-e479-4343-a9f8-ade29eb4547c,L1,Profile
c34f3833-e479-4343-a9f8-ade29eb4547c,L1,Profile
c34f3833-e479-4343-a9f8-ade29eb4547c,L1,Profile
c34f3833-e479-4343-a9f8-ade29eb4547c,L1,Profile
c34f3833-e479-4343-a9f8-ade29eb4547c,L1,Profile
c34f3833-e479-4343-a9f8-ade29eb4547c,L1,Profile
c34f3833-e479-4343-a9f8-ade29eb4547c,L1,Profile
c34f3833-e479-4343-a9f8-ade29eb4547c,L1,Profile
c34f3833-e479-4343-a9f8-ade29eb4547c,L1,Profile
c34f3833-e479-4343-a9f8-ade29eb4547c,L1,Profile
c34f3833-e479-4343-a9f8-ade29eb4547c,L1,Profile
c34f3833-e479-4343-a9f8-ade29eb4547c,L1,Profile
c34f3833-e479-4343-a9f8-ade29eb4547c,L1,Profile
c34f3833-e479-4343-a9f8-ade29eb4547c,L1,Profile
c34f3833-e479-4343-a9f8-ade29eb4547c,L1,Profile
c34f3833-e479-4343-a9f8-ade29eb4547c,L1,Profile
c34f3833-e479-4343-a9f8-ade29eb4547c,L1,Profile
c34f3833-e479-4343-a9f8-ade29eb4547c,L1,Profile
c34f3833-e479-4343-a9f8-ade29eb4547c,L1,Profile
c34f3833-e479-4343-a9f8-ade29eb4547c,L1,Profile
c34f3833-e479-4343-a9f8-ade29eb4547c,L1,Profile
c34f3833-e479-4343-a9f8-ade29eb4547c,L1,Profile
c34f3833-e479-4343-a9f8-ade29eb4547c,L1,Profile
c34f3833-e479-4343-a9f8-ade29eb4547c,L1,Profile
c34f3833-e479-4343-a9f8-ade29eb4547c,L1,Profile
c34f3833-e479-4343-a9f8-ade29eb4547c,L1,Profile
c34f3833-e479-4343-a9f8-ade29eb4547c,L1,Profile
c34f3833-e479-4343-a9f8-ade29eb4547c,L1,Profile
c34f3833-e479-4343-a9f8-ade29eb4547c,L1,Profile
c34f3833-e479-4343-a9f8-ade29eb4547c,L1,Profile
c34f3833-e479-4343-a9f8-ade29eb4547c,L1,Profile
c34f3833-e479-4343-a9f8-ade29eb4547c,L1,Profile
c34f3833-e479-4343-a9f8-ade29eb4547c,L1,Profile
c34f3833-e479-4343-a9f8-ade29eb4547c,L1,Profile
c34f3833-e479-4343-a9f8-ade29eb4547c,L1,Profile
c34f3833-e479-4343-a9f8-ade29eb4547c,L1,Profile
c34f3833-e479-4343-a9f8-ade29eb4547c,L1,Profile
c34f3833-e479-4343-a9f8-ade29eb4547c,L1,Profile
c34f3833-e479-4343-a9f8-ade29eb4547c,L1,Profile
c34f3833-e479-4343-a9f8-ade29eb4547c,L1,Profile
c34f3833-e479-4343-a9f8-ade29eb4547c,L1,Profile
c34f3833-e479-4343-a9f8-ade29eb4547c,L1,Profile
c34f3833-e479-4343-a9f8-ade29eb4547c,L1,Profile
c34f3833-e479-4343-a9f8-ade29eb4547c,L1,Profile
c34f3833-e479-4343-a9f8-ade29eb4547c,L1,Profile
c34f3833-e479-4343-a9f8-ade29eb4547c,L1,Profile
c34f3833-e479-4343-a9f8-ade29eb4547c,L1,Profile
c34f3833-e479-4343-a9f8-ade29eb4547c,L1,Profile
c34f3833-e479-4343-a9f8-ade29eb4547c,L1,Profile
c34f3833-e479-4343-a9f8-ade29eb4547c,L1,Profile
c34f3833-e479-4343-a9f8-ade29eb4547c,L1,Profile
c34f3833-e479-4343-a9f8-ade29eb4547c,L1,Profile
c34f3833-e479-4343-a9f8-ade29eb4547c,L1,Profile
c34f3833-e479-4343-a9f8-ade29eb4547c,L1,Profile
c34f3833-e479-4343-a9f8-ade29eb4547c,L1,Profile
c34f3833-e479-4343-a9f8-ade29eb4547c,L1,Profile
c34f3833-e479-4343-a9f8-ade29eb4547c,L1,Profile
c34f3833-e479-4343-a9f8-ade29eb4547c,L1,Profile
c34f3833-e479-4343-a9f8-ade29eb4547c,L1,Profile
c34f3833-e479-4343-a9f8-ade29eb4547c,L1,Profile
c34f3833-e479-4343-a9f8-ade29eb4547c,L1,Profile
c34f3833-e479-4343-a9f8-ade29eb4547c,L1,Profile
c34f3833-e479-4343-a9f8-ade29eb4547c,L1,Profile
c34f3833-e479-4343-a9f8-ade29eb4547c,L1,Profile
c34f3833-e479-4343-a9f8-ade29eb4547c,L1,Profile
c34f3833-e479-4343-a9f8-ade29eb4547c,L1,Profile
c34f3833-e479-4343-a9f8-ade29eb4547c,L1,Profile
c34f3833-e479-4343-a9f8-ade29eb4547c,L1,Profile
c34f3833-e479-4343-a9f8-ade29eb4547c,L1,Profile
c34f3833-e479-4343-a9f8-ade29eb4547c,L1,Profile
c34f3833-e479-4343-a9f8-ade29eb4547c,L1,Profile
c34f3833-e479-4343-a9f8-ade29eb4547c,L1,Profile
c34f3833-e479-4343-a9f8-ade29eb4547c,L1,Profile
c34f3833-e479-4343-a9f8-ade29eb4547c,L1,Profile
c34f3833-e479-4343-a9f8-ade29eb4547c,L1,Profile
c34f3833-e479-4343-a9f8-ade29eb4547c,L1,Profile
c34f3833-e479-4343-a9f8-ade29eb4547c,L1,Profile
c34f3833-e479-4343-a9f8-ade29eb4547c,L1,Profile
c34f3833-e479-4343-a9f8-ade29eb4547c,L1,Profile
c34f3833-e479-4343-a9f8-ade29eb4547c,L1,Profile
c34f3833-e479-4343-a9f8-ade29eb4547c,L1,Profile
c34f3833-e479-4343-a9f8-ade29eb4547c,L1,Profile
c34f3833-e479-4343-a9f8-ade29eb4547c,L1,Profile
c34f3833-e479-4343-a9f8-ade29eb4547c,L1,Profile
c34f3833-e479-4343-a9f8-ade29eb4547c,L1,Profile
c34f3833-e479-4343-a9f8-ade29eb4547c,L1,Profile
c34f3833-e479-4343-a9f8-ade29eb4547c,L1,Profile
c34f3833-e479-4343-a9f8-ade29eb4547c,L1,Profile
c34f3833-e479-4343-a9f8-ade29eb4547c,L1,Profile
c34f3833-e479-4343-a9f8-ade29eb4547c,L1,Profile
c34f3833-e479-4343-a9f8-ade29eb4547c,L1,Profile
c34f3833-e479-4343-a9f8-ade29eb4547c,L1,Profile
c34f3833-e479-4343-a9f8-ade29eb4547c,L1,Profile
c34f3833-e479-4343-a9f8-ade29eb4547c,L1,Profile
c34f3833-e479-4343-a9f8-ade29eb4547c,L1,Profile
c34f3833-e479-4343-a9f8-ade29eb4547c,L1,Profile
c34f3833-e479-4343-a9f8-ade29eb4547c,L1,Profile
c34f3833-e479-4343-a9f8-ade29eb4547c,L1,Profile
c34f3833-e479-4343-a9f8-ade29eb4547c,L1,Profile
c34f3833-e479-4343-a9f8-ade29eb4547c,L1,Profile
c34f3833-e479-4343-a9f8-ade29eb4547c,L1,Profile
c34f3833-e479-4343-a9f8-ade29eb4547c,L1,Profile
c34f3833-e479-4343-a9f8-ade29eb4547c,L1,Profile
c34f3833-e479-4343-a9f8-ade29eb4547c,L1,Profile
c34f3833-e479-4343-a9f8-ade29eb4547c,L1,Profile
c34f3833-e479-4343-a9f8-ade29eb4547c,L1,Profile
c34f3833-e479-4343-a9f8-ade29eb4547c,L1,Profile
c34f3833-e479-4343-a9f8-ade29eb4547c,L1,Profile
c34f3833-e479-4343-a9f8-ade29eb4547c,L1,Profile
c34f3833-e479-4343-a9f8-ade29eb4547c,L1,Profile
c34f3833-e479-4343-a9f8-ade29eb4547c,L1,Profile
c34f3833-e479-4343-a9f8-ade29eb4547c,L1,Profile
c34f3833-e479-4343-a9f8-ade29eb4547c,L1,Profile
c34f3833-e479-4343-a9f8-ade29eb4547c,L1,Profile
c34f3833-e479-4343-a9f8-ade29eb4547c,L1,Profile
c34f3833-e479-4343-a9f8-ade29eb4547c,L1,Profile
c34f3833-e479-4343-a9f8-ade29eb4547c,L1,Profile
c34f3833-e479-4343-a9f8-ade29eb4547c,L1,Profile
c34f3833-e479-4343-a9f8-ade29eb4547c,L1,Profile
c34f3833-e479-4343-a9f8-ade29eb4547c,L1,Profile
c34f3833-e479-4343-a9f8-ade29eb4547c,L1,Profile
c34f3833-e479-4343-a9f8-ade29eb4547c,L1,Profile
c34f3833-e479-4343-a9f8-ade29eb4547c,L1,Profile
c34f3833-e479-4343-a9f8-ade29eb4547c,L1,Profile
c34f3833-e479-4343-a9f8-ade29eb4547c,L1,Profile
c34f3833-e479-4343-a9f8-ade29eb4547c,L1,Profile
c34f3833-e479-4343-a9f8-ade29eb4547c,L1,Profile
c34f3833-e479-4343-a9f8-ade29eb4547c,L1,Profile
c34f3833-e479-4343-a9f8-ade29eb4547c,L1,Profile
c34f3833-e479-4343-a9f8-ade29eb4547c,L1,Profile
c34f3833-e479-4343-a9f8-ade29eb4547c,L1,Profile
c34f3833-e479-4343-a9f8-ade29eb4547c,L1,Profile
c34f3833-e479-4343-a9f8-ade29eb4547c,L1,Profile
c34f3833-e479-4343-a9f8-ade29eb4547c,L1,Profile
c34f3833-e479-4343-a9f8-ade29eb4547c,L1,Profile
c34f3833-e479-4343-a9f8-ade29eb4547c,L1,Profile
c34f3833-e479-4343-a9f8-ade29eb4547c,L1,Profile
c34f3833-e479-4343-a9f8-ade29eb4547c,L1,Profile
c34f3833-e479-4343-a9f8-ade29eb4547c,L1,Profile
c34f3833-e479-4343-a9f8-ade29eb4547c,L1,Profile
c34f3833-e479-4343-a9f8-ade29eb4547c,L1,Profile
c34f3833-e479-4343-a9f8-ade29eb4547c,L1,Profile
c34f3833-e479-4343-a9f8-ade29eb4547c,L1,Profile
c34f3833-e479-4343-a9f8-ade29eb4547c,L1,Profile
c34f3833-e479-4343-a9f8-ade29eb4547c,L1,Profile
c34f3833-e479-4343-a9f8-ade29eb4547c,L1,Profile
c34f3833-e479-4343-a9f8-ade29eb4547c,L1,Profile
c34f3833-e479-4343-a9f8-ade29eb4547c,L1,Profile
c34f3833-e479-4343-a9f8-ade29eb4547c,L1,Profile
c34f3833-e479-4343-a9f8-ade29eb4547c,L1,Profile
c34f3833-e479-4343-a9f8-ade29eb4547c,L1,Profile
c34f3833-e479-4343-a9f8-ade29eb4547c,L1,Profile
c34f3833-e479-4343-a9f8-ade29eb4547c,L1,Profile
c34f3833-e479-4343-a9f8-ade29eb4547c,L1,Profile
c34f3833-e479-4343-a9f8-ade29eb4547c,L1,Profile
c34f3833-e479-4343-a9f8-ade29eb4547c,L1,Profile
c34f3833-e479-4343-a9f8-ade29eb4547c,L1,Profile
c34f3833-e479-4343-a9f8-ade29eb4547c,L1,Profile
c34f3833-e479-4343-a9f8-ade29eb4547c,L1,Profile
c34f3833-e479-4343-a9f8-ade29eb4547c,L1,Profile
c34f3833-e479-4343-a9f8-ade29eb4547c,L1,Profile
c34f3833-e479-4343-a9f8-ade29eb4547c,L1,Profile
c34f3833-e479-4343-a9f8-ade29eb4547c,L1,Profile
c34f3833-e479-4343-a9f8-ade29eb4547c,L1,Profile
c34f3833-e479-4343-a9f8-ade29eb4547c,L1,Profile
c34f3833-e479-4343-a9f8-ade29eb4547c,L1,Profile
c34f3833-e479-4343-a9f8-ade29eb4547c,L1,Profile
c34f3833-e479-4343-a9f8-ade29eb4547c,L1,Profile
c34f3833-e479-4343-a9f8-ade29eb4547c,L1,Profile
c34f3833-e479-4343-a9f8-ade29eb4547c,L1,Profile
c34f3833-e479-4343-a9f8-ade29eb4547c,L1,Profile
c34f3833-e479-4343-a9f8-ade29eb4547c,L1,Profile
c34f3833-e479-4343-a9f8-ade29eb4547c,L1,Profile
c34f3833-e479-4343-a9f8-ade29eb4547c,L1,Profile
c34f3833-e479-4343-a9f8-ade29eb4547c,L1,Profile
c34f3833-e479-4343-a9f8-ade29eb4547c,L1,Profile
c34f3833-e479-4343-a9f8-ade29eb4547c,L1,Profile
c34f3833-e479-4343-a9f8-ade29eb4547c,L1,Profile
c34f3833-e479-4343-a9f8-ade29eb4547c,L1,Profile
c34f3833-e479-4343-a9f8-ade29eb4547c,L1,Profile
c34f3833-e479-4343-a9f8-ade29eb4547c,L1,Profile
c34f3833-e479-4343-a9f8-ade29eb4547c,L1,Profile
c34f3833-e479-4343-a9f8-ade29eb4547c,L1,Profile
c34f3833-e479-4343-a9f8-ade29eb4547c,L1,Profile
c34f3833-e479-4343-a9f8-ade29eb4547c,L1,Profile
c34f3833-e479-4343-a9f8-ade29eb4547c,L1,Profile
c34f3833-e479-4343-a9f8-ade29eb4547c,L1,Profile
c34f3833-e479-4343-a9f8-ade29eb4547c,L1,Profile
c34f3833-e479-4343-a9f8-ade29eb4547c,L1,Profile
c34f3833-e479-4343-a9f8-ade29eb4547c,L1,Profile
c34f3833-e479-4343-a9f8-ade29eb4547c,L1,Profile
c34f3833-e479-4343-a9f8-ade29eb4547c,L1,Profile
c34f3833-e479-4343-a9f8-ade29eb4547c,L1,Profile
c34f3833-e479-4343-a9f8-ade29eb4547c,L1,Profile
c34f3833-e479-4343-a9f8-ade29eb4547c,L1,Profile
c34f3833-e479-4343-a9f8-ade29eb4547c,L1,Profile
c34f3833-e479-4343-a9f8-ade29eb4547c,L1,Profile
c34f3833-e479-4343-a9f8-ade29eb4547c,L1,Profile
c34f3833-e479-4343-a9f8-ade29eb4547c,L1,Profile
c34f3833-e479-4343-a9f8-ade29eb4547c,L1,Profile
c34f3833-e479-4343-a9f8-ade29eb4547c,L1,Profile
c34f3833-e479-4343-a9f8-ade29eb4547c,L1,Profile
c34f3833-e479-4343-a9f8-ade29eb4547c,L1,Profile
c34f3833-e479-4343-a9f8-ade29eb4547c,L1,Profile
c34f3833-e479-4343-a9f8-ade29eb4547c,L1,Profile
c34f3833-e479-4343-a9f8-ade29eb4547c,L1,Profile
c34f3833-e479-4343-a9f8-ade29eb4547c,L1,Profile
c34f3833-e479-4343-a9f8-ade29eb4547c,L1,Profile
c34f3833-e479-4343-a9f8-ade29eb4547c,L1,Profile
c34f3833-e479-4343-a9f8-ade29eb4547c,L1,Profile
c34f3833-e479-4343-a9f8-ade29eb4547c,L1,Profile
c34f3833-e479-4343-a9f8-ade29eb4547c,L1,Profile
c34f3833-e479-4343-a9f8-ade29eb4547c,L1,Profile
c34f3833-e479-4343-a9f8-ade29eb4547c,L1,Profile
c34f3833-e479-4343-a9f8-ade29eb4547c,L1,Profile
c34f3833-e479-4343-a9f8-ade29eb4547c,L1,Profile
c34f3833-e479-4343-a9f8-ade29eb4547c,L1,Profile
c34f3833-e479-4343-a9f8-ade29eb4547c,L1,Profile
c34f3833-e479-4343-a9f8-ade29eb4547c,L1,Profile
c34f3833-e479-4343-a9f8-ade29eb4547c,L1,Profile
c34f3833-e479-4343-a9f8-ade29eb4547c,L1,Profile
c34f3833-e479-4343-a9f8-ade29eb4547c,L1,Profile
c34f3833-e479-4343-a9f8-ade29eb4547c,L1,Profile
c34f3833-e479-4343-a9f8-ade29eb4547c,L1,Profile
c34f3833-e479-4343-a9f8-ade29eb4547c,L1,Profile
c34f3833-e479-4343-a9f8-ade29eb4547c,L1,Profile
c34f3833-e479-4343-a9f8-ade29eb4547c,L1,Profile
c34f3833-e479-4343-a9f8-ade29eb4547c,L1,Profile
c34f3833-e479-4343-a9f8-ade29eb4547c,L1,Profile
c34f3833-e479-4343-a9f8-ade29eb4547c,L1,Profile
c34f3833-e479-4343-a9f8-ade29eb4547c,L1,Profile
c34f3833-e479-4343-a9f8-ade29eb4547c,L1,Profile
c34f3833-e479-4343-a9f8-ade29eb4547c,L1,Profile
c34f3833-e479-4343-a9f8-ade29eb4547c,L1,Profile
c34f3833-e479-4343-a9f8-ade29eb4547c,L1,Profile
c34f3833-e479-4343-a9f8-ade29eb4547c,L1,Profile
c34f3833-e479-4343-a9f8-ade29eb4547c,L1,Profile
c34f3833-e479-4343-a9f8-ade29eb4547c,L1,Profile
c34f3833-e479-4343-a9f8-ade29eb4547c,L1,Profile
c34f3833-e479-4343-a9f8-ade29eb4547c,L1,Profile
c34f3833-e479-4343-a9f8-ade29eb4547c,L1,Profile
c34f3833-e479-4343-a9f8-ade29eb4547c,L1,Profile
c34f3833-e479-4343-a9f8-ade29eb4547c,L1,Profile
c34f3833-e479-4343-a9f8-ade29eb4547c,L1,Profile
c34f3833-e479-4343-a9f8-ade29eb4547c,L1,Profile
c34f3833-e479-4343-a9f8-ade29eb4547c,L1,Profile
c34f3833-e479-4343-a9f8-ade29eb4547c,L1,Profile
c34f3833-e479-4343-a9f8-ade29eb4547c,L1,Profile
c34f3833-e479-4343-a9f8-ade29eb4547c,L1,Profile
c34f3833-e479-4343-a9f8-ade29eb4547c,L1,Profile
c34f3833-e479-4343-a9f8-ade29eb4547c,L1,Profile
c34f3833-e479-4343-a9f8-ade29eb4547c,L1,Profile
c34f3833-e479-4343-a9f8-ade29eb4547c,L1,Profile
c34f3833-e479-4343-a9f8-ade29eb4547c,L1,Profile
c34f3833-e479-4343-a9f8-ade29eb4547c,L1,Profile
c34f3833-e479-4343-a9f8-ade29eb4547c,L1,Profile
c34f3833-e479-4343-a9f8-ade29eb4547c,L1,Profile
c34f3833-e479-4343-a9f8-ade29eb4547c,L1,Profile
c34f3833-e479-4343-a9f8-ade29eb4547c,L1,Profile
c34f3833-e479-4343-a9f8-ade29eb4547c,L1,Profile
c34f3833-e479-4343-a9f8-ade29eb4547c,L1,Profile
c34f3833-e479-4343-a9f8-ade29eb4547c,L1,Profile
c34f3833-e479-4343-a9f8-ade29eb4547c,L1,Profile
c34f3833-e479-4343-a9f8-ade29eb4547c,L1,Profile
c34f3833-e479-4343-a9f8-ade29eb4547c,L1,Profile
c34f3833-e479-4343-a9f8-ade29eb4547c,L1,Profile
c34f3833-e479-4343-a9f8-ade29eb4547c,L1,Profile
c34f3833-e479-4343-a9f8-ade29eb4547c,L1,Profile
c34f3833-e479-4343-a9f8-ade29eb4547c,L1,Profile
c34f3833-e479-4343-a9f8-ade29eb4547c,L1,Profile
c34f3833-e479-4343-a9f8-ade29eb4547c,L1,Profile
c34f3833-e479-4343-a9f8-ade29eb4547c,L1,Profile
c34f3833-e479-4343-a9f8-ade29eb4547c,L1,Profile
c34f3833-e479-4343-a9f8-ade29eb4547c,L1,Profile
c34f3833-e479-4343-a9f8-ade29eb4547c,L1,Profile
c34f3833-e479-4343-a9f8-ade29eb4547c,L1,Profile
c34f3833-e479-4343-a9f8-ade29eb4547c,L1,Profile
c34f3833-e479-4343-a9f8-ade29eb4547c,L1,Profile
c34f3833-e479-4343-a9f8-ade29eb4547c,L1,Profile
c34f3833-e479-4343-a9f8-ade29eb4547c,L1,Profile
c34f3833-e479-4343-a9f8-ade29eb4547c,L1,Profile
c34f3833-e479-4343-a9f8-ade29eb4547c,L1,Profile
c34f3833-e479-4343-a9f8-ade29eb4547c,L1,Profile
c34f3833-e479-4343-a9f8-ade29eb4547c,L1,Profile
c34f3833-e479-4343-a9f8-ade29eb4547c,L1,Profile
c34f3833-e479-4343-a9f8-ade29eb4547c,L1,Profile
c34f3833-e479-4343-a9f8-ade29eb4547c,L1,Profile
c34f3833-e479-4343-a9f8-ade29eb4547c,L1,Profile
c34f3833-e479-4343-a9f8-ade29eb4547c,L1,Profile
c34f3833-e479-4343-a9f8-ade29eb4547c,L1,Profile
c34f3833-e479-4343-a9f8-ade29eb4547c,L1,Profile
c34f3833-e479-4343-a9f8-ade29eb4547c,L1,Profile
c34f3833-e479-4343-a9f8-ade29eb4547c,L1,Profile
c34f3833-e479-4343-a9f8-ade29eb4547c,L1,Profile
c34f3833-e479-4343-a9f8-ade29eb4547c,L1,Profile
c34f3833-e479-4343-a9f8-ade29eb4547c,L1,Profile
c34f3833-e479-4343-a9f8-ade29eb4547c,L1,Profile
c34f3833-e479-4343-a9f8-ade29eb4547c,L1,Profile
c34f3833-e479-4343-a9f8-ade29eb4547c,L1,Profile
c34f3833-e479-4343-a9f8-ade29eb4547c,L1,Profile
c34f3833-e479-4343-a9f8-ade29eb4547c,L1,Profile
c34f3833-e479-4343-a9f8-ade29eb4547c,L1,Profile
c34f3833-e479-4343-a9f8-ade29eb4547c,L1,Profile
c34f3833-e479-4343-a9f8-ade29eb4547c,L1,Profile
c34f3833-e479-4343-a9f8-ade29eb4547c,L1,Profile
c34f3833-e479-4343-a9f8-ade29eb4547c,L1,Profile
c34f3833-e479-4343-a9f8-ade29eb4547c,L1,Profile
c34f3833-e479-4343-a9f8-ade29eb4547c,L1,Profile
c34f3833-e479-4343-a9f8-ade29eb4547c,L1,Profile
c34f3833-e479-4343-a9f8-ade29eb4547c,L1,Profile
c34f3833-e479-4343-a9f8-ade29eb4547c,L1,Profile
c34f3833-e479-4343-a9f8-ade29eb4547c,L1,Profile
c34f3833-e479-4343-a9f8-ade29eb4547c,L1,Profile
c34f3833-e479-4343-a9f8-ade29eb4547c,L1,Profile
c34f3833-e479-4343-a9f8-ade29eb4547c,L1,Profile
c34f3833-e479-4343-a9f8-ade29eb4547c,L1,Profile
c34f3833-e479-4343-a9f8-ade29eb4547c,L1,Profile
c34f3833-e479-4343-a9f8-ade29eb4547c,L1,Profile
c34f3833-e479-4343-a9f8-ade29eb4547c,L1,Profile
c34f3833-e479-4343-a9f8-ade29eb4547c,L1,Profile
c34f3833-e479-4343-a9f8-ade29eb4547c,L1,Profile
c34f3833-e479-4343-a9f8-ade29eb4547c,L1,Profile
c34f3833-e479-4343-a9f8-ade29eb4547c,L1,Profile
c34f3833-e479-4343-a9f8-ade29eb4547c,L1,Profile
c34f3833-e479-4343-a9f8-ade29eb4547c,L1,Profile
c34f3833-e479-4343-a9f8-ade29eb4547c,L1,Profile
c34f3833-e479-4343-a9f8-ade29eb4547c,L1,Profile
c34f3833-e479-4343-a9f8-ade29eb4547c,L1,Profile
c34f3833-e479-4343-a9f8-ade29eb4547c,L1,Profile
c34f3833-e479-4343-a9f8-ade29eb4547c,L1,Profile
c34f3833-e479-4343-a9f8-ade29eb4547c,L1,Profile
c34f3833-e479-4343-a9f8-ade29eb4547c,L1,Profile
c34f3833-e479-4343-a9f8-ade29eb4547c,L1,Profile
c34f3833-e479-4343-a9f8-ade29eb4547c,L1,Profile
c34f3833-e479-4343-a9f8-ade29eb4547c,L1,Profile
c34f3833-e479-4343-a9f8-ade29eb4547c,L1,Profile
c34f3833-e479-4343-a9f8-ade29eb4547c,L1,Profile
c34f3833-e479-4343-a9f8-ade29eb4547c,L1,Profile
c34f3833-e479-4343-a9f8-ade29eb4547c,L1,Profile
c34f3833-e479-4343-a9f8-ade29eb4547c,L1,Profile
c34f3833-e479-4343-a9f8-ade29eb4547c,L1,Profile
c34f3833-e479-4343-a9f8-ade29eb4547c,L1,Profile
c34f3833-e479-4343-a9f8-ade29eb4547c,L1,Profile
c34f3833-e479-4343-a9f8-ade29eb4547c,L1,Profile
c34f3833-e479-4343-a9f8-ade29eb4547c,L1,Profile
c34f3833-e479-4343-a9f8-ade29eb4547c,L1,Profile
c34f3833-e479-4343-a9f8-ade29eb4547c,L1,Profile
c34f3833-e479-4343-a9f8-ade29eb4547c,L1,Profile
c34f3833-e479-4343-a9f8-ade29eb4547c,L1,Profile
c34f3833-e479-4343-a9f8-ade29eb4547c,L1,Profile
c34f3833-e479-4343-a9f8-ade29eb4547c,L1,Profile
c34f3833-e479-4343-a9f8-ade29eb4547c,L1,Profile
c34f3833-e479-4343-a9f8-ade29eb4547c,L1,Profile
c34f3833-e479-4343-a9f8-ade29eb4547c,L1,Profile
c34f3833-e479-4343-a9f8-ade29eb4547c,L1,Profile
c34f3833-e479-4343-a9f8-ade29eb4547c,L1,Profile
c34f3833-e479-4343-a9f8-ade29eb4547c,L1,Profile
c34f3833-e479-4343-a9f8-ade29eb4547c,L1,Profile
c34f3833-e479-4343-a9f8-ade29eb4547c,L1,Profile
c34f3833-e479-4343-a9f8-ade29eb4547c,L1,Profile
c34f3833-e479-4343-a9f8-ade29eb4547c,L1,Profile
c34f3833-e479-4343-a9f8-ade29eb4547c,L1,Profile
c34f3833-e479-4343-a9f8-ade29eb4547c,L1,Profile
c34f3833-e479-4343-a9f8-ade29eb4547c,L1,Profile
c34f3833-e479-4343-a9f8-ade29eb4547c,L1,Profile
c34f3833-e479-4343-a9f8-ade29eb4547c,L1,Profile
c34f3833-e479-4343-a9f8-ade29eb4547c,L1,Profile
c34f3833-e479-4343-a9f8-ade29eb4547c,L1,Profile
c34f3833-e479-4343-a9f8-ade29eb4547c,L1,Profile
c34f3833-e479-4343-a9f8-ade29eb4547c,L1,Profile
c34f3833-e479-4343-a9f8-ade29eb4547c,L1,Profile
c34f3833-e479-4343-a9f8-ade29eb4547c,L1,Profile
c34f3833-e479-4343-a9f8-ade29eb4547c,L1,Profile
c34f3833-e479-4343-a9f8-ade29eb4547c,L1,Profile
c34f3833-e479-4343-a9f8-ade29eb4547c,L1,Profile
c34f3833-e479-4343-a9f8-ade29eb4547c,L1,Profile
c34f3833-e479-4343-a9f8-ade29eb4547c,L1,Profile
c34f3833-e479-4343-a9f8-ade29eb4547c,L1,Profile
c34f3833-e479-4343-a9f8-ade29eb4547c,L1,Profile
c34f3833-e479-4343-a9f8-ade29eb4547c,L1,Profile
c34f3833-e479-4343-a9f8-ade29eb4547c,L1,Profile
c34f3833-e479-4343-a9f8-ade29eb4547c,L1,Profile
c34f3833-e479-4343-a9f8-ade29eb4547c,L1,Profile
c34f3833-e479-4343-a9f8-ade29eb4547c,L1,Profile
c34f3833-e479-4343-a9f8-ade29eb4547c,L1,Profile
c34f3833-e479-4343-a9f8-ade29eb4547c,L1,Profile
c34f3833-e479-4343-a9f8-ade29eb4547c,L1,Profile
c34f3833-e479-4343-a9f8-ade29eb4547c,L1,Profile
c34f3833-e479-4343-a9f8-ade29eb4547c,L1,Profile
c34f3833-e479-4343-a9f8-ade29eb4547c,L1,Profile
c34f3833-e479-4343-a9f8-ade29eb4547c,L1,Profile
c34f3833-e479-4343-a9f8-ade29eb4547c,L1,Profile
c34f3833-e479-4343-a9f8-ade29eb4547c,L1,Profile
c34f3833-e479-4343-a9f8-ade29eb4547c,L1,Profile
c34f3833-e479-4343-a9f8-ade29eb4547c,L1,Profile
c34f3833-e479-4343-a9f8-ade29eb4547c,L1,Profile
c34f3833-e479-4343-a9f8-ade29eb4547c,L1,Profile
c34f3833-e479-4343-a9f8-ade29eb4547c,L1,Profile
c34f3833-e479-4343-a9f8-ade29eb4547c,L1,Profile
c34f3833-e479-4343-a9f8-ade29eb4547c,L1,Profile
c34f3833-e479-4343-a9f8-ade29eb4547c,L1,Profile
c34f3833-e479-4343-a9f8-ade29eb4547c,L1,Profile
c34f3833-e479-4343-a9f8-ade29eb4547c,L1,Profile
c34f3833-e479-4343-a9f8-ade29eb4547c,L1,Profile
c34f3833-e479-4343-a9f8-ade29eb4547c,L1,Profile
c34f3833-e479-4343-a9f8-ade29eb4547c,L1,Profile
c34f3833-e479-4343-a9f8-ade29eb4547c,L1,Profile
c34f3833-e479-4343-a9f8-ade29eb4547c,L1,Profile
c34f3833-e479-4343-a9f8-ade29eb4547c,L1,Profile
c34f3833-e479-4343-a9f8-ade29eb4547c,L1,Profile
c34f3833-e479-4343-a9f8-ade29eb4547c,L1,Profile
c34f3833-e479-4343-a9f8-ade29eb4547c,L1,Profile
c34f3833-e479-4343-a9f8-ade29eb4547c,L1,Profile
c34f3833-e479-4343-a9f8-ade29eb4547c,L1,Profile
c34f3833-e479-4343-a9f8-ade29eb4547c,L1,Profile
c34f3833-e479-4343-a9f8-ade29eb4547c,L1,Profile
c34f3833-e479-4343-a9f8-ade29eb4547c,L1,Profile
c34f3833-e479-4343-a9f8-ade29eb4547c,L1,Profile
c34f3833-e479-4343-a9f8-ade29eb4547c,L1,Profile
c34f3833-e479-4343-a9f8-ade29eb4547c,L1,Profile
c34f3833-e479-4343-a9f8-ade29eb4547c,L1,Profile
c34f3833-e479-4343-a9f8-ade29eb4547c,L1,Profile
c34f3833-e479-4343-a9f8-ade29eb4547c,L1,Profile
c34f3833-e479-4343-a9f8-ade29eb4547c,L1,Profile
c34f3833-e479-4343-a9f8-ade29eb4547c,L1,Profile
c34f3833-e479-4343-a9f8-ade29eb4547c,L1,Profile
c34f3833-e479-4343-a9f8-ade29eb4547c,L1,Profile
c34f3833-e479-4343-a9f8-ade29eb4547c,L1,Profile
c34f3833-e479-4343-a9f8-ade29eb4547c,L1,Profile
c34f3833-e479-4343-a9f8-ade29eb4547c,L1,Profile
c34f3833-e479-4343-a9f8-ade29eb4547c,L1,Profile
c34f3833-e479-4343-a9f8-ade29eb4547c,L1,Profile
c34f3833-e479-4343-a9f8-ade29eb4547c,L1,Profile
c34f3833-e479-4343-a9f8-ade29eb4547c,L1,Profile
c34f3833-e479-4343-a9f8-ade29eb4547c,L1,Profile
c34f3833-e479-4343-a9f8-ade29eb4547c,L1,Profile
c34f3833-e479-4343-a9f8-ade29eb4547c,L1,Profile
c34f3833-e479-4343-a9f8-ade29eb4547c,L1,Profile
c34f3833-e479-4343-a9f8-ade29eb4547c,L1,Profile
c34f3833-e479-4343-a9f8-ade29eb4547c,L1,Profile
c34f3833-e479-4343-a9f8-ade29eb4547c,L1,Profile
c34f3833-e479-4343-a9f8-ade29eb4547c,L1,Profile
c34f3833-e479-4343-a9f8-ade29eb4547c,L1,Profile
c34f3833-e479-4343-a9f8-ade29eb4547c,L1,Profile
c34f3833-e479-4343-a9f8-ade29eb4547c,L1,Profile
c34f3833-e479-4343-a9f8-ade29eb4547c,L1,Profile
c34f3833-e479-4343-a9f8-ade29eb4547c,L1,Profile
c34f3833-e479-4343-a9f8-ade29eb4547c,L1,Profile
c34f3833-e479-4343-a9f8-ade29eb4547c,L1,Profile
c34f3833-e479-4343-a9f8-ade29eb4547c,L1,Profile
c34f3833-e479-4343-a9f8-ade29eb4547c,L1,Profile
c34f3833-e479-4343-a9f8-ade29eb4547c,L1,Profile
c34f3833-e479-4343-a9f8-ade29eb4547c,L1,Profile
c34f3833-e479-4343-a9f8-ade29eb4547c,L1,Profile
c34f3833-e479-4343-a9f8-ade29eb4547c,L1,Profile
c34f3833-e479-4343-a9f8-ade29eb4547c,L1,Profile
c34f3833-e479-4343-a9f8-ade29eb4547c,L1,Profile
c34f3833-e479-4343-a9f8-ade29eb4547c,L1,Profile
c34f3833-e479-4343-a9f8-ade29eb4547c,L1,Profile
c34f3833-e479-4343-a9f8-ade29eb4547c,L1,Profile
c34f3833-e479-4343-a9f8-ade29eb4547c,L1,Profile
c34f3833-e479-4343-a9f8-ade29eb4547c,L1,Profile
c34f3833-e479-4343-a9f8-ade29eb4547c,L1,Profile
c34f3833-e479-4343-a9f8-ade29eb4547c,L1,Profile
c34f3833-e479-4343-a9f8-ade29eb4547c,L1,Profile
c34f3833-e479-4343-a9f8-ade29eb4547c,L1,Profile
c34f3833-e479-4343-a9f8-ade29eb4547c,L1,Profile
c34f3833-e479-4343-a9f8-ade29eb4547c,L1,Profile
c34f3833-e479-4343-a9f8-ade29eb4547c,L1,Profile
c34f3833-e479-4343-a9f8-ade29eb4547c,L1,Profile
c34f3833-e479-4343-a9f8-ade29eb4547c,L1,Profile
c34f3833-e479-4343-a9f8-ade29eb4547c,L1,Profile
c34f3833-e479-4343-a9f8-ade29eb4547c,L1,Profile
c34f3833-e479-4343-a9f8-ade29eb4547c,L1,Profile
c34f3833-e479-4343-a9f8-ade29eb4547c,L1,Profile
c34f3833-e479-4343-a9f8-ade29eb4547c,L1,Profile
c34f3833-e479-4343-a9f8-ade29eb4547c,L1,Profile
c34f3833-e479-4343-a9f8-ade29eb4547c,L1,Profile
c34f3833-e479-4343-a9f8-ade29eb4547c,L1,Profile
c34f3833-e479-4343-a9f8-ade29eb4547c,L1,Profile
c34f3833-e479-4343-a9f8-ade29eb4547c,L1,Profile
c34f3833-e479-4343-a9f8-ade29eb4547c,L1,Profile
c34f3833-e479-4343-a9f8-ade29eb4547c,L1,Profile
c34f3833-e479-4343-a9f8-ade29eb4547c,L1,Profile
c34f3833-e479-4343-a9f8-ade29eb4547c,L1,Profile
c34f3833-e479-4343-a9f8-ade29eb4547c,L1,Profile
c34f3833-e479-4343-a9f8-ade29eb4547c,L1,Profile
c34f3833-e479-4343-a9f8-ade29eb4547c,L1,Profile
c34f3833-e479-4343-a9f8-ade29eb4547c,L1,Profile
c34f3833-e479-4343-a9f8-ade29eb4547c,L1,Profile
c34f3833-e479-4343-a9f8-ade29eb4547c,L1,Profile
c34f3833-e479-4343-a9f8-ade29eb4547c,L1,Profile
c34f3833-e479-4343-a9f8-ade29eb4547c,L1,Profile
c34f3833-e479-4343-a9f8-ade29eb4547c,L1,Profile
c34f3833-e479-4343-a9f8-ade29eb4547c,L1,Profile
c34f3833-e479-4343-a9f8-ade29eb4547c,L1,Profile
c34f3833-e479-4343-a9f8-ade29eb4547c,L1,Profile
c34f3833-e479-4343-a9f8-ade29eb4547c,L1,Profile
c34f3833-e479-4343-a9f8-ade29eb4547c,L1,Profile
c34f3833-e479-4343-a9f8-ade29eb4547c,L1,Profile
c34f3833-e479-4343-a9f8-ade29eb4547c,L1,Profile
c34f3833-e479-4343-a9f8-ade29eb4547c,L1,Profile
c34f3833-e479-4343-a9f8-ade29eb4547c,L1,Profile
c34f3833-e479-4343-a9f8-ade29eb4547c,L1,Profile
c34f3833-e479-4343-a9f8-ade29eb4547c,L1,Profile
c34f3833-e479-4343-a9f8-ade29eb4547c,L1,Profile
c34f3833-e479-4343-a9f8-ade29eb4547c,L1,Profile
c34f3833-e479-4343-a9f8-ade29eb4547c,L1,Profile
c34f3833-e479-4343-a9f8-ade29eb4547c,L1,Profile
c34f3833-e479-4343-a9f8-ade29eb4547c,L1,Profile
c34f3833-e479-4343-a9f8-ade29eb4547c,L1,Profile
c34f3833-e479-4343-a9f8-ade29eb4547c,L1,Profile
c34f3833-e479-4343-a9f8-ade29eb4547c,L1,Profile
c34f3833-e479-4343-a9f8-ade29eb4547c,L1,Profile
c34f3833-e479-4343-a9f8-ade29eb4547c,L1,Profile
c34f3833-e479-4343-a9f8-ade29eb4547c,L1,Profile
c34f3833-e479-4343-a9f8-ade29eb4547c,L1,Profile
c34f3833-e479-4343-a9f8-ade29eb4547c,L1,Profile
c34f3833-e479-4343-a9f8-ade29eb4547c,L1,Profile
c34f3833-e479-4343-a9f8-ade29eb4547c,L1,Profile
c34f3833-e479-4343-a9f8-ade29eb4547c,L1,Profile
c34f3833-e479-4343-a9f8-ade29eb4547c,L1,Profile
c34f3833-e479-4343-a9f8-ade29eb4547c,L1,Profile
c34f3833-e479-4343-a9f8-ade29eb4547c,L1,Profile
c34f3833-e479-4343-a9f8-ade29eb4547c,L1,Profile
c34f3833-e479-4343-a9f8-ade29eb4547c,L1,Profile
c34f3833-e479-4343-a9f8-ade29eb4547c,L1,Profile
c34f3833-e479-4343-a9f8-ade29eb4547c,L1,Profile
c34f3833-e479-4343-a9f8-ade29eb4547c,L1,Profile
c34f3833-e479-4343-a9f8-ade29eb4547c,L1,Profile
c34f3833-e479-4343-a9f8-ade29eb4547c,L1,Profile
c34f3833-e479-4343-a9f8-ade29eb4547c,L1,Profile
c34f3833-e479-4343-a9f8-ade29eb4547c,L1,Profile
c34f3833-e479-4343-a9f8-ade29eb4547c,L1,Profile
c34f3833-e479-4343-a9f8-ade29eb4547c,L1,Profile
c34f3833-e479-4343-a9f8-ade29eb4547c,L1,Profile
c34f3833-e479-4343-a9f8-ade29eb4547c,L1,Profile
c34f3833-e479-4343-a9f8-ade29eb4547c,L1,Profile
c34f3833-e479-4343-a9f8-ade29eb4547c,L1,Profile
c34f3833-e479-4343-a9f8-ade29eb4547c,L1,Profile
c34f3833-e479-4343-a9f8-ade29eb4547c,L1,Profile
c34f3833-e479-4343-a9f8-ade29eb4547c,L1,Profile
c34f3833-e479-4343-a9f8-ade29eb4547c,L1,Profile
c34f3833-e479-4343-a9f8-ade29eb4547c,L1,Profile
c34f3833-e479-4343-a9f8-ade29eb4547c,L1,Profile
c34f3833-e479-4343-a9f8-ade29eb4547c,L1,Profile
c34f3833-e479-4343-a9f8-ade29eb4547c,L1,Profile
c34f3833-e479-4343-a9f8-ade29eb4547c,L1,Profile
c34f3833-e479-4343-a9f8-ade29eb4547c,L1,Profile
c34f3833-e479-4343-a9f8-ade29eb4547c,L1,Profile
c34f3833-e479-4343-a9f8-ade29eb4547c,L1,Profile
c34f3833-e479-4343-a9f8-ade29eb4547c,L1,Profile
c34f3833-e479-4343-a9f8-ade29eb4547c,L1,Profile
c34f3833-e479-4343-a9f8-ade29eb4547c,L1,Profile
c34f3833-e479-4343-a9f8-ade29eb4547c,L1,Profile
c34f3833-e479-4343-a9f8-ade29eb4547c,L1,Profile
c34f3833-e479-4343-a9f8-ade29eb4547c,L1,Profile
c34f3833-e479-4343-a9f8-ade29eb4547c,L1,Profile
c34f3833-e479-4343-a9f8-ade29eb4547c,L1,Profile
c34f3833-e479-4343-a9f8-ade29eb4547c,L1,Profile
c34f3833-e479-4343-a9f8-ade29eb4547c,L1,Profile
c34f3833-e479-4343-a9f8-ade29eb4547c,L1,Profile
c34f3833-e479-4343-a9f8-ade29eb4547c,L1,Profile
c34f3833-e479-4343-a9f8-ade29eb4547c,L1,Profile
c34f3833-e479-4343-a9f8-ade29eb4547c,L1,Profile
c34f3833-e479-4343-a9f8-ade29eb4547c,L1,Profile
c34f3833-e479-4343-a9f8-ade29eb4547c,L1,Profile
c34f3833-e479-4343-a9f8-ade29eb4547c,L1,Profile
c34f3833-e479-4343-a9f8-ade29eb4547c,L1,Profile
c34f3833-e479-4343-a9f8-ade29eb4547c,L1,Profile
c34f3833-e479-4343-a9f8-ade29eb4547c,L1,Profile
c34f3833-e479-4343-a9f8-ade29eb4547c,L1,Profile
c34f3833-e479-4343-a9f8-ade29eb4547c,L1,Profile
c34f3833-e479-4343-a9f8-ade29eb4547c,L1,Profile
c34f3833-e479-4343-a9f8-ade29eb4547c,L1,Profile
c34f3833-e479-4343-a9f8-ade29eb4547c,L1,Profile
c34f3833-e479-4343-a9f8-ade29eb4547c,L1,Profile
c34f3833-e479-4343-a9f8-ade29eb4547c,L1,Profile
c34f3833-e479-4343-a9f8-ade29eb4547c,L1,Profile
c34f3833-e479-4343-a9f8-ade29eb4547c,L1,Profile
c34f3833-e479-4343-a9f8-ade29eb4547c,L1,Profile
c34f3833-e479-4343-a9f8-ade29eb4547c,L1,Profile
c34f3833-e479-4343-a9f8-ade29eb4547c,L1,Profile
c34f3833-e479-4343-a9f8-ade29eb4547c,L1,Profile
c34f3833-e479-4343-a9f8-ade29eb4547c,L1,Profile
c34f3833-e479-4343-a9f8-ade29eb4547c,L1,Profile
c34f3833-e479-4343-a9f8-ade29eb4547c,L1,Profile
c34f3833-e479-4343-a9f8-ade29eb4547c,L1,Profile
c34f3833-e479-4343-a9f8-ade29eb4547c,L1,Profile
c34f3833-e479-4343-a9f8-ade29eb4547c,L1,Profile
c34f3833-e479-4343-a9f8-ade29eb4547c,L1,Profile
c34f3833-e479-4343-a9f8-ade29eb4547c,L1,Profile
c34f3833-e479-4343-a9f8-ade29eb4547c,L1,Profile
c34f3833-e479-4343-a9f8-ade29eb4547c,L1,Profile
c34f3833-e479-4343-a9f8-ade29eb4547c,L1,Profile
c34f3833-e479-4343-a9f8-ade29eb4547c,L1,Profile
c34f3833-e479-4343-a9f8-ade29eb4547c,L1,Profile
c34f3833-e479-4343-a9f8-ade29eb4547c,L1,Profile
c34f3833-e479-4343-a9f8-ade29eb4547c,L1,Profile
c34f3833-e479-4343-a9f8-ade29eb4547c,L1,Profile
c34f3833-e479-4343-a9f8-ade29eb4547c,L1,Profile
c34f3833-e479-4343-a9f8-ade29eb4547c,L1,Profile
c34f3833-e479-4343-a9f8-ade29eb4547c,L1,Profile
c34f3833-e479-4343-a9f8-ade29eb4547c,L1,Profile
c34f3833-e479-4343-a9f8-ade29eb4547c,L1,Profile
c34f3833-e479-4343-a9f8-ade29eb4547c,L1,Profile
c34f3833-e479-4343-a9f8-ade29eb4547c,L1,Profile
c34f3833-e479-4343-a9f8-ade29eb4547c,L1,Profile
c34f3833-e479-4343-a9f8-ade29eb4547c,L1,Profile
c34f3833-e479-4343-a9f8-ade29eb4547c,L1,Profile
c34f3833-e479-4343-a9f8-ade29eb4547c,L1,Profile
c34f3833-e479-4343-a9f8-ade29eb4547c,L1,Profile
c34f3833-e479-4343-a9f8-ade29eb4547c,L1,Profile
c34f3833-e479-4343-a9f8-ade29eb4547c,L1,Profile
c34f3833-e479-4343-a9f8-ade29eb4547c,L1,Profile
c34f3833-e479-4343-a9f8-ade29eb4547c,L1,Profile
c34f3833-e479-4343-a9f8-ade29eb4547c,L1,Profile
c34f3833-e479-4343-a9f8-ade29eb4547c,L1,Profile
c34f3833-e479-4343-a9f8-ade29eb4547c,L1,Profile
c34f3833-e479-4343-a9f8-ade29eb4547c,L1,Profile
c34f3833-e479-4343-a9f8-ade29eb4547c,L1,Profile
c34f3833-e479-4343-a9f8-ade29eb4547c,L1,Profile
c34f3833-e479-4343-a9f8-ade29eb4547c,L1,Profile
c34f3833-e479-4343-a9f8-ade29eb4547c,L1,Profile
c34f3833-e479-4343-a9f8-ade29eb4547c,L1,Profile
c34f3833-e479-4343-a9f8-ade29eb4547c,L1,Profile
c34f3833-e479-4343-a9f8-ade29eb4547c,L1,Profile
c34f3833-e479-4343-a9f8-ade29eb4547c,L1,Profile
c34f3833-e479-4343-a9f8-ade29eb4547c,L1,Profile
c34f3833-e479-4343-a9f8-ade29eb4547c,L1,Profile
c34f3833-e479-4343-a9f8-ade29eb4547c,L1,Profile
c34f3833-e479-4343-a9f8-ade29eb4547c,L1,Profile
c34f3833-e479-4343-a9f8-ade29eb4547c,L1,Profile
c34f3833-e479-4343-a9f8-ade29eb4547c,L1,Profile
c34f3833-e479-4343-a9f8-ade29eb4547c,L1,Profile
c34f3833-e479-4343-a9f8-ade29eb4547c,L1,Profile
c34f3833-e479-4343-a9f8-ade29eb4547c,L1,Profile
c34f3833-e479-4343-a9f8-ade29eb4547c,L1,Profile
c34f3833-e479-4343-a9f8-ade29eb4547c,L1,Profile
c34f3833-e479-4343-a9f8-ade29eb4547c,L1,Profile
c34f3833-e479-4343-a9f8-ade29eb4547c,L1,Profile
c34f3833-e479-4343-a9f8-ade29eb4547c,L1,Profile
c34f3833-e479-4343-a9f8-ade29eb4547c,L1,Profile
c34f3833-e479-4343-a9f8-ade29eb4547c,L1,Profile
c34f3833-e479-4343-a9f8-ade29eb4547c,L1,Profile
c34f3833-e479-4343-a9f8-ade29eb4547c,L1,Profile
c34f3833-e479-4343-a9f8-ade29eb4547c,L1,Profile
c34f3833-e479-4343-a9f8-ade29eb4547c,L1,Profile
c34f3833-e479-4343-a9f8-ade29eb4547c,L1,Profile
c34f3833-e479-4343-a9f8-ade29eb4547c,L1,Profile
c34f3833-e479-4343-a9f8-ade29eb4547c,L1,Profile
c34f3833-e479-4343-a9f8-ade29eb4547c,L1,Profile
c34f3833-e479-4343-a9f8-ade29eb4547c,L1,Profile
c34f3833-e479-4343-a9f8-ade29eb4547c,L1,Profile
c34f3833-e479-4343-a9f8-ade29eb4547c,L1,Profile
c34f3833-e479-4343-a9f8-ade29eb4547c,L1,Profile
c34f3833-e479-4343-a9f8-ade29eb4547c,L1,Profile
c34f3833-e479-4343-a9f8-ade29eb4547c,L1,Profile
c34f3833-e479-4343-a9f8-ade29eb4547c,L1,Profile
c34f3833-e479-4343-a9f8-ade29eb4547c,L1,Profile
c34f3833-e479-4343-a9f8-ade29eb4547c,L1,Profile
c34f3833-e479-4343-a9f8-ade29eb4547c,L1,Profile
c34f3833-e479-4343-a9f8-ade29eb4547c,L1,Profile
c34f3833-e479-4343-a9f8-ade29eb4547c,L1,Profile
c34f3833-e479-4343-a9f8-ade29eb4547c,L1,Profile
c34f3833-e479-4343-a9f8-ade29eb4547c,L1,Profile
c34f3833-e479-4343-a9f8-ade29eb4547c,L1,Profile
c34f3833-e479-4343-a9f8-ade29eb4547c,L1,Profile
c34f3833-e479-4343-a9f8-ade29eb4547c,L1,Profile
c34f3833-e479-4343-a9f8-ade29eb4547c,L1,Profile
c34f3833-e479-4343-a9f8-ade29eb4547c,L1,Profile
c34f3833-e479-4343-a9f8-ade29eb4547c,L1,Profile
c34f3833-e479-4343-a9f8-ade29eb4547c,L1,Profile
c34f3833-e479-4343-a9f8-ade29eb4547c,L1,Profile
c34f3833-e479-4343-a9f8-ade29eb4547c,L1,Profile
c34f3833-e479-4343-a9f8-ade29eb4547c,L1,Profile
c34f3833-e479-4343-a9f8-ade29eb4547c,L1,Profile
c34f3833-e479-4343-a9f8-ade29eb4547c,L1,Profile
c34f3833-e479-4343-a9f8-ade29eb4547c,L1,Profile
c34f3833-e479-4343-a9f8-ade29eb4547c,L1,Profile
c34f3833-e479-4343-a9f8-ade29eb4547c,L1,Profile
c34f3833-e479-4343-a9f8-ade29eb4547c,L1,Profile
c34f3833-e479-4343-a9f8-ade29eb4547c,L1,Profile
c34f3833-e479-4343-a9f8-ade29eb4547c,L1,Profile
c34f3833-e479-4343-a9f8-ade29eb4547c,L1,Profile
c34f3833-e479-4343-a9f8-ade29eb4547c,L1,Profile
c34f3833-e479-4343-a9f8-ade29eb4547c,L1,Profile
c34f3833-e479-4343-a9f8-ade29eb4547c,L1,Profile
c34f3833-e479-4343-a9f8-ade29eb4547c,L1,Profile
c34f3833-e479-4343-a9f8-ade29eb4547c,L1,Profile
c34f3833-e479-4343-a9f8-ade29eb4547c,L1,Profile
c34f3833-e479-4343-a9f8-ade29eb4547c,L1,Profile
c34f3833-e479-4343-a9f8-ade29eb4547c,L1,Profile
c34f3833-e479-4343-a9f8-ade29eb4547c,L1,Profile
c34f3833-e479-4343-a9f8-ade29eb4547c,L1,Profile
c34f3833-e479-4343-a9f8-ade29eb4547c,L1,Profile
c34f3833-e479-4343-a9f8-ade29eb4547c,L1,Profile
c34f3833-e479-4343-a9f8-ade29eb4547c,L1,Profile
c34f3833-e479-4343-a9f8-ade29eb4547c,L1,Profile
c34f3833-e479-4343-a9f8-ade29eb4547c,L1,Profile
c34f3833-e479-4343-a9f8-ade29eb4547c,L1,Profile
c34f3833-e479-4343-a9f8-ade29eb4547c,L1,Profile
c34f3833-e479-4343-a9f8-ade29eb4547c,L1,Profile
c34f3833-e479-4343-a9f8-ade29eb4547c,L1,Profile
c34f3833-e479-4343-a9f8-ade29eb4547c,L1,Profile
c34f3833-e479-4343-a9f8-ade29eb4547c,L1,Profile
c34f3833-e479-4343-a9f8-ade29eb4547c,L1,Profile
c34f3833-e479-4343-a9f8-ade29eb4547c,L1,Profile
c34f3833-e479-4343-a9f8-ade29eb4547c,L1,Profile
c34f3833-e479-4343-a9f8-ade29eb4547c,L1,Profile
c34f3833-e479-4343-a9f8-ade29eb4547c,L1,Profile
c34f3833-e479-4343-a9f8-ade29eb4547c,L1,Profile
c34f3833-e479-4343-a9f8-ade29eb4547c,L1,Profile
c34f3833-e479-4343-a9f8-ade29eb4547c,L1,Profile
c34f3833-e479-4343-a9f8-ade29eb4547c,L1,Profile
c34f3833-e479-4343-a9f8-ade29eb4547c,L1,Profile
c34f3833-e479-4343-a9f8-ade29eb4547c,L1,Profile
c34f3833-e479-4343-a9f8-ade29eb4547c,L1,Profile
c34f3833-e479-4343-a9f8-ade29eb4547c,L1,Profile
c34f3833-e479-4343-a9f8-ade29eb4547c,L1,Profile
c34f3833-e479-4343-a9f8-ade29eb4547c,L1,Profile
c34f3833-e479-4343-a9f8-ade29eb4547c,L1,Profile
c34f3833-e479-4343-a9f8-ade29eb4547c,L1,Profile
c34f3833-e479-4343-a9f8-ade29eb4547c,L1,Profile
c34f3833-e479-4343-a9f8-ade29eb4547c,L1,Profile
c34f3833-e479-4343-a9f8-ade29eb4547c,L1,Profile
c34f3833-e479-4343-a9f8-ade29eb4547c,L1,Profile
c34f3833-e479-4343-a9f8-ade29eb4547c,L1,Profile
c34f3833-e479-4343-a9f8-ade29eb4547c,L1,Profile
c34f3833-e479-4343-a9f8-ade29eb4547c,L1,Profile
c34f3833-e479-4343-a9f8-ade29eb4547c,L1,Profile
c34f3833-e479-4343-a9f8-ade29eb4547c,L1,Profile
c34f3833-e479-4343-a9f8-ade29eb4547c,L1,Profile
c34f3833-e479-4343-a9f8-ade29eb4547c,L1,Profile
c34f3833-e479-4343-a9f8-ade29eb4547c,L1,Profile
c34f3833-e479-4343-a9f8-ade29eb4547c,L1,Profile
c34f3833-e479-4343-a9f8-ade29eb4547c,L1,Profile
c34f3833-e479-4343-a9f8-ade29eb4547c,L1,Profile
c34f3833-e479-4343-a9f8-ade29eb4547c,L1,Profile
c34f3833-e479-4343-a9f8-ade29eb4547c,L1,Profile
c34f3833-e479-4343-a9f8-ade29eb4547c,L1,Profile
c34f3833-e479-4343-a9f8-ade29eb4547c,L1,Profile
c34f3833-e479-4343-a9f8-ade29eb4547c,L1,Profile
c34f3833-e479-4343-a9f8-ade29eb4547c,L1,Profile
c34f3833-e479-4343-a9f8-ade29eb4547c,L1,Profile
c34f3833-e479-4343-a9f8-ade29eb4547c,L1,Profile
c34f3833-e479-4343-a9f8-ade29eb4547c,L1,Profile
c34f3833-e479-4343-a9f8-ade29eb4547c,L1,Profile
c34f3833-e479-4343-a9f8-ade29eb4547c,L1,Profile
c34f3833-e479-4343-a9f8-ade29eb4547c,L1,Profile
c34f3833-e479-4343-a9f8-ade29eb4547c,L1,Profile
c34f3833-e479-4343-a9f8-ade29eb4547c,L1,Profile
c34f3833-e479-4343-a9f8-ade29eb4547c,L1,Profile
c34f3833-e479-4343-a9f8-ade29eb4547c,L1,Profile
c34f3833-e479-4343-a9f8-ade29eb4547c,L1,Profile
c34f3833-e479-4343-a9f8-ade29eb4547c,L1,Profile
c34f3833-e479-4343-a9f8-ade29eb4547c,L1,Profile
c34f3833-e479-4343-a9f8-ade29eb4547c,L1,Profile
c34f3833-e479-4343-a9f8-ade29eb4547c,L1,Profile
c34f3833-e479-4343-a9f8-ade29eb4547c,L1,Profile
c34f3833-e479-4343-a9f8-ade29eb4547c,L1,Profile
c34f3833-e479-4343-a9f8-ade29eb4547c,L1,Profile
c34f3833-e479-4343-a9f8-ade29eb4547c,L1,Profile
c34f3833-e479-4343-a9f8-ade29eb4547c,L1,Profile
c34f3833-e479-4343-a9f8-ade29eb4547c,L1,Profile
c34f3833-e479-4343-a9f8-ade29eb4547c,L1,Profile
c34f3833-e479-4343-a9f8-ade29eb4547c,L1,Profile
c34f3833-e479-4343-a9f8-ade29eb4547c,L1,Profile
c34f3833-e479-4343-a9f8-ade29eb4547c,L1,Profile
c34f3833-e479-4343-a9f8-ade29eb4547c,L1,Profile
c34f3833-e479-4343-a9f8-ade29eb4547c,L1,Profile
c34f3833-e479-4343-a9f8-ade29eb4547c,L1,Profile
c34f3833-e479-4343-a9f8-ade29eb4547c,L1,Profile
c34f3833-e479-4343-a9f8-ade29eb4547c,L1,Profile
c34f3833-e479-4343-a9f8-ade29eb4547c,L1,Profile
c34f3833-e479-4343-a9f8-ade29eb4547c,L1,Profile
c34f3833-e479-4343-a9f8-ade29eb4547c,L1,Profile
c34f3833-e479-4343-a9f8-ade29eb4547c,L1,Profile
c34f3833-e479-4343-a9f8-ade29eb4547c,L1,Profile
c34f3833-e479-4343-a9f8-ade29eb4547c,L1,Profile
c34f3833-e479-4343-a9f8-ade29eb4547c,L1,Profile
c34f3833-e479-4343-a9f8-ade29eb4547c,L1,Profile
c34f3833-e479-4343-a9f8-ade29eb4547c,L1,Profile
c34f3833-e479-4343-a9f8-ade29eb4547c,L1,Profile
c34f3833-e479-4343-a9f8-ade29eb4547c,L1,Profile
c34f3833-e479-4343-a9f8-ade29eb4547c,L1,Profile
c34f3833-e479-4343-a9f8-ade29eb4547c,L1,Profile
c34f3833-e479-4343-a9f8-ade29eb4547c,L1,Profile
c34f3833-e479-4343-a9f8-ade29eb4547c,L1,Profile
c34f3833-e479-4343-a9f8-ade29eb4547c,L1,Profile
c34f3833-e479-4343-a9f8-ade29eb4547c,L1,Profile
c34f3833-e479-4343-a9f8-ade29eb4547c,L1,Profile
c34f3833-e479-4343-a9f8-ade29eb4547c,L1,Profile
c34f3833-e479-4343-a9f8-ade29eb4547c,L1,Profile
c34f3833-e479-4343-a9f8-ade29eb4547c,L1,Profile
c34f3833-e479-4343-a9f8-ade29eb4547c,L1,Profile
c34f3833-e479-4343-a9f8-ade29eb4547c,L1,Profile
c34f3833-e479-4343-a9f8-ade29eb4547c,L1,Profile
c34f3833-e479-4343-a9f8-ade29eb4547c,L1,Profile
c34f3833-e479-4343-a9f8-ade29eb4547c,L1,Profile
c34f3833-e479-4343-a9f8-ade29eb4547c,L1,Profile
c34f3833-e479-4343-a9f8-ade29eb4547c,L1,Profile
c34f3833-e479-4343-a9f8-ade29eb4547c,L1,Profile
c34f3833-e479-4343-a9f8-ade29eb4547c,L1,Profile
c34f3833-e479-4343-a9f8-ade29eb4547c,L1,Profile
c34f3833-e479-4343-a9f8-ade29eb4547c,L1,Profile
c34f3833-e479-4343-a9f8-ade29eb4547c,L1,Profile
c34f3833-e479-4343-a9f8-ade29eb4547c,L1,Profile
c34f3833-e479-4343-a9f8-ade29eb4547c,L1,Profile
c34f3833-e479-4343-a9f8-ade29eb4547c,L1,Profile
c34f3833-e479-4343-a9f8-ade29eb4547c,L1,Profile
c34f3833-e479-4343-a9f8-ade29eb4547c,L1,Profile
c34f3833-e479-4343-a9f8-ade29eb4547c,L1,Profile
c34f3833-e479-4343-a9f8-ade29eb4547c,L1,Profile
c34f3833-e479-4343-a9f8-ade29eb4547c,L1,Profile
c34f3833-e479-4343-a9f8-ade29eb4547c,L1,Profile
c34f3833-e479-4343-a9f8-ade29eb4547c,L1,Profile
c34f3833-e479-4343-a9f8-ade29eb4547c,L1,Profile
c34f3833-e479-4343-a9f8-ade29eb4547c,L1,Profile
c34f3833-e479-4343-a9f8-ade29eb4547c,L1,Profile
c34f3833-e479-4343-a9f8-ade29eb4547c,L1,Profile
c34f3833-e479-4343-a9f8-ade29eb4547c,L1,Profile
c34f3833-e479-4343-a9f8-ade29eb4547c,L1,Profile
c34f3833-e479-4343-a9f8-ade29eb4547c,L1,Profile
c34f3833-e479-4343-a9f8-ade29eb4547c,L1,Profile
c34f3833-e479-4343-a9f8-ade29eb4547c,L1,Profile
c34f3833-e479-4343-a9f8-ade29eb4547c,L1,Profile
c34f3833-e479-4343-a9f8-ade29eb4547c,L1,Profile
c34f3833-e479-4343-a9f8-ade29eb4547c,L1,Profile
c34f3833-e479-4343-a9f8-ade29eb4547c,L1,Profile
c34f3833-e479-4343-a9f8-ade29eb4547c,L1,Profile
c34f3833-e479-4343-a9f8-ade29eb4547c,L1,Profile
c34f3833-e479-4343-a9f8-ade29eb4547c,L1,Profile
c34f3833-e479-4343-a9f8-ade29eb4547c,L1,Profile
c34f3833-e479-4343-a9f8-ade29eb4547c,L1,Profile
c34f3833-e479-4343-a9f8-ade29eb4547c,L1,Profile
c34f3833-e479-4343-a9f8-ade29eb4547c,L1,Profile
c34f3833-e479-4343-a9f8-ade29eb4547c,L1,Profile
c34f3833-e479-4343-a9f8-ade29eb4547c,L1,Profile
c34f3833-e479-4343-a9f8-ade29eb4547c,L1,Profile
c34f3833-e479-4343-a9f8-ade29eb4547c,L1,Profile
c34f3833-e479-4343-a9f8-ade29eb4547c,L1,Profile
c34f3833-e479-4343-a9f8-ade29eb4547c,L1,Profile
c34f3833-e479-4343-a9f8-ade29eb4547c,L1,Profile
c34f3833-e479-4343-a9f8-ade29eb4547c,L1,Profile
c34f3833-e479-4343-a9f8-ade29eb4547c,L1,Profile
c34f3833-e479-4343-a9f8-ade29eb4547c,L1,Profile
c34f3833-e479-4343-a9f8-ade29eb4547c,L1,Profile
c34f3833-e479-4343-a9f8-ade29eb4547c,L1,Profile
c34f3833-e479-4343-a9f8-ade29eb4547c,L1,Profile
c34f3833-e479-4343-a9f8-ade29eb4547c,L1,Profile
c34f3833-e479-4343-a9f8-ade29eb4547c,L1,Profile
c34f3833-e479-4343-a9f8-ade29eb4547c,L1,Profile
c34f3833-e479-4343-a9f8-ade29eb4547c,L1,Profile
c34f3833-e479-4343-a9f8-ade29eb4547c,L1,Profile
c34f3833-e479-4343-a9f8-ade29eb4547c,L1,Profile
c34f3833-e479-4343-a9f8-ade29eb4547c,L1,Profile
c34f3833-e479-4343-a9f8-ade29eb4547c,L1,Profile
c34f3833-e479-4343-a9f8-ade29eb4547c,L1,Profile
c34f3833-e479-4343-a9f8-ade29eb4547c,L1,Profile
c34f3833-e479-4343-a9f8-ade29eb4547c,L1,Profile
c34f3833-e479-4343-a9f8-ade29eb4547c,L1,Profile
c34f3833-e479-4343-a9f8-ade29eb4547c,L1,Profile
c34f3833-e479-4343-a9f8-ade29eb4547c,L1,Profile
c34f3833-e479-4343-a9f8-ade29eb4547c,L1,Profile
c34f3833-e479-4343-a9f8-ade29eb4547c,L1,Profile
c34f3833-e479-4343-a9f8-ade29eb4547c,L1,Profile
c34f3833-e479-4343-a9f8-ade29eb4547c,L1,Profile
c34f3833-e479-4343-a9f8-ade29eb4547c,L1,Profile
c34f3833-e479-4343-a9f8-ade29eb4547c,L1,Profile
c34f3833-e479-4343-a9f8-ade29eb4547c,L1,Profile
c34f3833-e479-4343-a9f8-ade29eb4547c,L1,Profile
c34f3833-e479-4343-a9f8-ade29eb4547c,L1,Profile
c34f3833-e479-4343-a9f8-ade29eb4547c,L1,Profile
c34f3833-e479-4343-a9f8-ade29eb4547c,L1,Profile
c34f3833-e479-4343-a9f8-ade29eb4547c,L1,Profile
c34f3833-e479-4343-a9f8-ade29eb4547c,L1,Profile
c34f3833-e479-4343-a9f8-ade29eb4547c,L1,Profile
c34f3833-e479-4343-a9f8-ade29eb4547c,L1,Profile
c34f3833-e479-4343-a9f8-ade29eb4547c,L1,Profile
c34f3833-e479-4343-a9f8-ade29eb4547c,L1,Profile
c34f3833-e479-4343-a9f8-ade29eb4547c,L1,Profile
c34f3833-e479-4343-a9f8-ade29eb4547c,L1,Profile
c34f3833-e479-4343-a9f8-ade29eb4547c,L1,Profile
c34f3833-e479-4343-a9f8-ade29eb4547c,L1,Profile
c34f3833-e479-4343-a9f8-ade29eb4547c,L1,Profile
c34f3833-e479-4343-a9f8-ade29eb4547c,L1,Profile
c34f3833-e479-4343-a9f8-ade29eb4547c,L1,Profile
c34f3833-e479-4343-a9f8-ade29eb4547c,L1,Profile
c34f3833-e479-4343-a9f8-ade29eb4547c,L1,Profile
c34f3833-e479-4343-a9f8-ade29eb4547c,L1,Profile
c34f3833-e479-4343-a9f8-ade29eb4547c,L1,Profile
c34f3833-e479-4343-a9f8-ade29eb4547c,L1,Profile
c34f3833-e479-4343-a9f8-ade29eb4547c,L1,Profile
c34f3833-e479-4343-a9f8-ade29eb4547c,L1,Profile
c34f3833-e479-4343-a9f8-ade29eb4547c,L1,Profile
c34f3833-e479-4343-a9f8-ade29eb4547c,L1,Profile
c34f3833-e479-4343-a9f8-ade29eb4547c,L1,Profile
c34f3833-e479-4343-a9f8-ade29eb4547c,L1,Profile
c34f3833-e479-4343-a9f8-ade29eb4547c,L1,Profile
c34f3833-e479-4343-a9f8-ade29eb4547c,L1,Profile
c34f3833-e479-4343-a9f8-ade29eb4547c,L1,Profile
c34f3833-e479-4343-a9f8-ade29eb4547c,L1,Profile
c34f3833-e479-4343-a9f8-ade29eb4547c,L1,Profile
c34f3833-e479-4343-a9f8-ade29eb4547c,L1,Profile
c34f3833-e479-4343-a9f8-ade29eb4547c,L1,Profile
c34f3833-e479-4343-a9f8-ade29eb4547c,L1,Profile
c34f3833-e479-4343-a9f8-ade29eb4547c,L1,Profile
c34f3833-e479-4343-a9f8-ade29eb4547c,L1,Profile
c34f3833-e479-4343-a9f8-ade29eb4547c,L1,Profile
c34f3833-e479-4343-a9f8-ade29eb4547c,L1,Profile
c34f3833-e479-4343-a9f8-ade29eb4547c,L1,Profile
c34f3833-e479-4343-a9f8-ade29eb4547c,L1,Profile
c34f3833-e479-4343-a9f8-ade29eb4547c,L1,Profile
c34f3833-e479-4343-a9f8-ade29eb4547c,L1,Profile
c34f3833-e479-4343-a9f8-ade29eb4547c,L1,Profile
c34f3833-e479-4343-a9f8-ade29eb4547c,L1,Profile
c34f3833-e479-4343-a9f8-ade29eb4547c,L1,Profile
c34f3833-e479-4343-a9f8-ade29eb4547c,L1,Profile
c34f3833-e479-4343-a9f8-ade29eb4547c,L1,Profile
c34f3833-e479-4343-a9f8-ade29eb4547c,L1,Profile
c34f3833-e479-4343-a9f8-ade29eb4547c,L1,Profile
c34f3833-e479-4343-a9f8-ade29eb4547c,L1,Profile
c34f3833-e479-4343-a9f8-ade29eb4547c,L1,Profile
c34f3833-e479-4343-a9f8-ade29eb4547c,L1,Profile
c34f3833-e479-4343-a9f8-ade29eb4547c,L1,Profile
c34f3833-e479-4343-a9f8-ade29eb4547c,L1,Profile
c34f3833-e479-4343-a9f8-ade29eb4547c,L1,Profile
c34f3833-e479-4343-a9f8-ade29eb4547c,L1,Profile
c34f3833-e479-4343-a9f8-ade29eb4547c,L1,Profile
c34f3833-e479-4343-a9f8-ade29eb4547c,L1,Profile
c34f3833-e479-4343-a9f8-ade29eb4547c,L1,Profile
c34f3833-e479-4343-a9f8-ade29eb4547c,L1,Profile
c34f3833-e479-4343-a9f8-ade29eb4547c,L1,Profile
c34f3833-e479-4343-a9f8-ade29eb4547c,L1,Profile
c34f3833-e479-4343-a9f8-ade29eb4547c,L1,Profile
c34f3833-e479-4343-a9f8-ade29eb4547c,L1,Profile
c34f3833-e479-4343-a9f8-ade29eb4547c,L1,Profile
c34f3833-e479-4343-a9f8-ade29eb4547c,L1,Profile
c34f3833-e479-4343-a9f8-ade29eb4547c,L1,Profile
c34f3833-e479-4343-a9f8-ade29eb4547c,L1,Profile
c34f3833-e479-4343-a9f8-ade29eb4547c,L1,Profile
c34f3833-e479-4343-a9f8-ade29eb4547c,L1,Profile
c34f3833-e479-4343-a9f8-ade29eb4547c,L1,Profile
c34f3833-e479-4343-a9f8-ade29eb4547c,L1,Profile
c34f3833-e479-4343-a9f8-ade29eb4547c,L1,Profile
c34f3833-e479-4343-a9f8-ade29eb4547c,L1,Profile
c34f3833-e479-4343-a9f8-ade29eb4547c,L1,Profile
c34f3833-e479-4343-a9f8-ade29eb4547c,L1,Profile
c34f3833-e479-4343-a9f8-ade29eb4547c,L1,Profile
c34f3833-e479-4343-a9f8-ade29eb4547c,L1,Profile
c34f3833-e479-4343-a9f8-ade29eb4547c,L1,Profile
c34f3833-e479-4343-a9f8-ade29eb4547c,L1,Profile
c34f3833-e479-4343-a9f8-ade29eb4547c,L1,Profile
c34f3833-e479-4343-a9f8-ade29eb4547c,L1,Profile
c34f3833-e479-4343-a9f8-ade29eb4547c,L1,Profile
c34f3833-e479-4343-a9f8-ade29eb4547c,L1,Profile
c34f3833-e479-4343-a9f8-ade29eb4547c,L1,Profile
c34f3833-e479-4343-a9f8-ade29eb4547c,L1,Profile
c34f3833-e479-4343-a9f8-ade29eb4547c,L1,Profile
c34f3833-e479-4343-a9f8-ade29eb4547c,L1,Profile
c34f3833-e479-4343-a9f8-ade29eb4547c,L1,Profile
c34f3833-e479-4343-a9f8-ade29eb4547c,L1,Profile
c34f3833-e479-4343-a9f8-ade29eb4547c,L1,Profile
c34f3833-e479-4343-a9f8-ade29eb4547c,L1,Profile
c34f3833-e479-4343-a9f8-ade29eb4547c,L1,Profile
c34f3833-e479-4343-a9f8-ade29eb4547c,L1,Profile
c34f3833-e479-4343-a9f8-ade29eb4547c,L1,Profile
c34f3833-e479-4343-a9f8-ade29eb4547c,L1,Profile
c34f3833-e479-4343-a9f8-ade29eb4547c,L1,Profile
c34f3833-e479-4343-a9f8-ade29eb4547c,L1,Profile
c34f3833-e479-4343-a9f8-ade29eb4547c,L1,Profile
c34f3833-e479-4343-a9f8-ade29eb4547c,L1,Profile
c34f3833-e479-4343-a9f8-ade29eb4547c,L1,Profile
c34f3833-e479-4343-a9f8-ade29eb4547c,L1,Profile
c34f3833-e479-4343-a9f8-ade29eb4547c,L1,Profile
c34f3833-e479-4343-a9f8-ade29eb4547c,L1,Profile
c34f3833-e479-4343-a9f8-ade29eb4547c,L1,Profile
c34f3833-e479-4343-a9f8-ade29eb4547c,L1,Profile
c34f3833-e479-4343-a9f8-ade29eb4547c,L1,Profile
c34f3833-e479-4343-a9f8-ade29eb4547c,L1,Profile
c34f3833-e479-4343-a9f8-ade29eb4547c,L1,Profile
c34f3833-e479-4343-a9f8-ade29eb4547c,L1,Profile
c34f3833-e479-4343-a9f8-ade29eb4547c,L1,Profile
c34f3833-e479-4343-a9f8-ade29eb4547c,L1,Profile
c34f3833-e479-4343-a9f8-ade29eb4547c,L1,Profile
c34f3833-e479-4343-a9f8-ade29eb4547c,L1,Profile
c34f3833-e479-4343-a9f8-ade29eb4547c,L1,Profile
c34f3833-e479-4343-a9f8-ade29eb4547c,L1,Profile
c34f3833-e479-4343-a9f8-ade29eb4547c,L1,Profile
c34f3833-e479-4343-a9f8-ade29eb4547c,L1,Profile
c34f3833-e479-4343-a9f8-ade29eb4547c,L1,Profile
c34f3833-e479-4343-a9f8-ade29eb4547c,L1,Profile
c34f3833-e479-4343-a9f8-ade29eb4547c,L1,Profile
c34f3833-e479-4343-a9f8-ade29eb4547c,L1,Profile
c34f3833-e479-4343-a9f8-ade29eb4547c,L1,Profile
c34f3833-e479-4343-a9f8-ade29eb4547c,L1,Profile
c34f3833-e479-4343-a9f8-ade29eb4547c,L1,Profile
c34f3833-e479-4343-a9f8-ade29eb4547c,L1,Profile
c34f3833-e479-4343-a9f8-ade29eb4547c,L1,Profile
c34f3833-e479-4343-a9f8-ade29eb4547c,L1,Profile
c34f3833-e479-4343-a9f8-ade29eb4547c,L1,Profile
c34f3833-e479-4343-a9f8-ade29eb4547c,L1,Profile
c34f3833-e479-4343-a9f8-ade29eb4547c,L1,Profile
c34f3833-e479-4343-a9f8-ade29eb4547c,L1,Profile
c34f3833-e479-4343-a9f8-ade29eb4547c,L1,Profile
c34f3833-e479-4343-a9f8-ade29eb4547c,L1,Profile
c34f3833-e479-4343-a9f8-ade29eb4547c,L1,Profile
c34f3833-e479-4343-a9f8-ade29eb4547c,L1,Profile
c34f3833-e479-4343-a9f8-ade29eb4547c,L1,Profile
c34f3833-e479-4343-a9f8-ade29eb4547c,L1,Profile
c34f3833-e479-4343-a9f8-ade29eb4547c,L1,Profile
c34f3833-e479-4343-a9f8-ade29eb4547c,L1,Profile
c34f3833-e479-4343-a9f8-ade29eb4547c,L1,Profile
c34f3833-e479-4343-a9f8-ade29eb4547c,L1,Profile
c34f3833-e479-4343-a9f8-ade29eb4547c,L1,Profile
c34f3833-e479-4343-a9f8-ade29eb4547c,L1,Profile
c34f3833-e479-4343-a9f8-ade29eb4547c,L1,Profile
c34f3833-e479-4343-a9f8-ade29eb4547c,L1,Profile
c34f3833-e479-4343-a9f8-ade29eb4547c,L1,Profile
c34f3833-e479-4343-a9f8-ade29eb4547c,L1,Profile
c34f3833-e479-4343-a9f8-ade29eb4547c,L1,Profile
c34f3833-e479-4343-a9f8-ade29eb4547c,L1,Profile
c34f3833-e479-4343-a9f8-ade29eb4547c,L1,Profile
c34f3833-e479-4343-a9f8-ade29eb4547c,L1,Profile
c34f3833-e479-4343-a9f8-ade29eb4547c,L1,Profile
c34f3833-e479-4343-a9f8-ade29eb4547c,L1,Profile
c34f3833-e479-4343-a9f8-ade29eb4547c,L1,Profile
c34f3833-e479-4343-a9f8-ade29eb4547c,L1,Profile
c34f3833-e479-4343-a9f8-ade29eb4547c,L1,Profile
c34f3833-e479-4343-a9f8-ade29eb4547c,L1,Profile
c34f3833-e479-4343-a9f8-ade29eb4547c,L1,Profile
c34f3833-e479-4343-a9f8-ade29eb4547c,L1,Profile
c34f3833-e479-4343-a9f8-ade29eb4547c,L1,Profile
c34f3833-e479-4343-a9f8-ade29eb4547c,L1,Profile
c34f3833-e479-4343-a9f8-ade29eb4547c,L1,Profile
c34f3833-e479-4343-a9f8-ade29eb4547c,L1,Profile
c34f3833-e479-4343-a9f8-ade29eb4547c,L1,Profile
c34f3833-e479-4343-a9f8-ade29eb4547c,L1,Profile
c34f3833-e479-4343-a9f8-ade29eb4547c,L1,Profile
c34f3833-e479-4343-a9f8-ade29eb4547c,L1,Profile
c34f3833-e479-4343-a9f8-ade29eb4547c,L1,Profile
c34f3833-e479-4343-a9f8-ade29eb4547c,L1,Profile
c34f3833-e479-4343-a9f8-ade29eb4547c,L1,Profile
c34f3833-e479-4343-a9f8-ade29eb4547c,L1,Profile
c34f3833-e479-4343-a9f8-ade29eb4547c,L1,Profile
c34f3833-e479-4343-a9f8-ade29eb4547c,L1,Profile
c34f3833-e479-4343-a9f8-ade29eb4547c,L1,Profile
c34f3833-e479-4343-a9f8-ade29eb4547c,L1,Profile
c34f3833-e479-4343-a9f8-ade29eb4547c,L1,Profile
c34f3833-e479-4343-a9f8-ade29eb4547c,L1,Profile
c34f3833-e479-4343-a9f8-ade29eb4547c,L1,Profile
c34f3833-e479-4343-a9f8-ade29eb4547c,L1,Profile
c34f3833-e479-4343-a9f8-ade29eb4547c,L1,Profile
c34f3833-e479-4343-a9f8-ade29eb4547c,L1,Profile
c34f3833-e479-4343-a9f8-ade29eb4547c,L1,Profile
c34f3833-e479-4343-a9f8-ade29eb4547c,L1,Profile
c34f3833-e479-4343-a9f8-ade29eb4547c,L1,Profile
c34f3833-e479-4343-a9f8-ade29eb4547c,L1,Profile
c34f3833-e479-4343-a9f8-ade29eb4547c,L1,Profile
c34f3833-e479-4343-a9f8-ade29eb4547c,L1,Profile
c34f3833-e479-4343-a9f8-ade29eb4547c,L1,Profile
c34f3833-e479-4343-a9f8-ade29eb4547c,L1,Profile
c34f3833-e479-4343-a9f8-ade29eb4547c,L1,Profile
c34f3833-e479-4343-a9f8-ade29eb4547c,L1,Profile
c34f3833-e479-4343-a9f8-ade29eb4547c,L1,Profile
c34f3833-e479-4343-a9f8-ade29eb4547c,L1,Profile
c34f3833-e479-4343-a9f8-ade29eb4547c,L1,Profile
c34f3833-e479-4343-a9f8-ade29eb4547c,L1,Profile
c34f3833-e479-4343-a9f8-ade29eb4547c,L1,Profile
c34f3833-e479-4343-a9f8-ade29eb4547c,L1,Profile
c34f3833-e479-4343-a9f8-ade29eb4547c,L1,Profile
c34f3833-e479-4343-a9f8-ade29eb4547c,L1,Profile
c34f3833-e479-4343-a9f8-ade29eb4547c,L1,Profile
c34f3833-e479-4343-a9f8-ade29eb4547c,L1,Profile
c34f3833-e479-4343-a9f8-ade29eb4547c,L1,Profile
c34f3833-e479-4343-a9f8-ade29eb4547c,L1,Profile
c34f3833-e479-4343-a9f8-ade29eb4547c,L1,Profile
c34f3833-e479-4343-a9f8-ade29eb4547c,L1,Profile
c34f3833-e479-4343-a9f8-ade29eb4547c,L1,Profile
c34f3833-e479-4343-a9f8-ade29eb4547c,L1,Profile
c34f3833-e479-4343-a9f8-ade29eb4547c,L1,Profile
c34f3833-e479-4343-a9f8-ade29eb4547c,L1,Profile
c34f3833-e479-4343-a9f8-ade29eb4547c,L1,Profile
c34f3833-e479-4343-a9f8-ade29eb4547c,L1,Profile
c34f3833-e479-4343-a9f8-ade29eb4547c,L1,Profile
c34f3833-e479-4343-a9f8-ade29eb4547c,L1,Profile
c34f3833-e479-4343-a9f8-ade29eb4547c,L1,Profile
c34f3833-e479-4343-a9f8-ade29eb4547c,L1,Profile
c34f3833-e479-4343-a9f8-ade29eb4547c,L1,Profile
c34f3833-e479-4343-a9f8-ade29eb4547c,L1,Profile
c34f3833-e479-4343-a9f8-ade29eb4547c,L1,Profile
c34f3833-e479-4343-a9f8-ade29eb4547c,L1,Profile
c34f3833-e479-4343-a9f8-ade29eb4547c,L1,Profile
c34f3833-e479-4343-a9f8-ade29eb4547c,L1,Profile
c34f3833-e479-4343-a9f8-ade29eb4547c,L1,Profile
c34f3833-e479-4343-a9f8-ade29eb4547c,L1,Profile
c34f3833-e479-4343-a9f8-ade29eb4547c,L1,Profile
c34f3833-e479-4343-a9f8-ade29eb4547c,L1,Profile
c34f3833-e479-4343-a9f8-ade29eb4547c,L1,Profile
c34f3833-e479-4343-a9f8-ade29eb4547c,L1,Profile
c34f3833-e479-4343-a9f8-ade29eb4547c,L1,Profile
c34f3833-e479-4343-a9f8-ade29eb4547c,L1,Profile
c34f3833-e479-4343-a9f8-ade29eb4547c,L1,Profile
c34f3833-e479-4343-a9f8-ade29eb4547c,L1,Profile
c34f3833-e479-4343-a9f8-ade29eb4547c,L1,Profile
c34f3833-e479-4343-a9f8-ade29eb4547c,L1,Profile
c34f3833-e479-4343-a9f8-ade29eb4547c,L1,Profile
c34f3833-e479-4343-a9f8-ade29eb4547c,L1,Profile
c34f3833-e479-4343-a9f8-ade29eb4547c,L1,Profile
c34f3833-e479-4343-a9f8-ade29eb4547c,L1,Profile
c34f3833-e479-4343-a9f8-ade29eb4547c,L1,Profile
c34f3833-e479-4343-a9f8-ade29eb4547c,L1,Profile
c34f3833-e479-4343-a9f8-ade29eb4547c,L1,Profile
c34f3833-e479-4343-a9f8-ade29eb4547c,L1,Profile
c34f3833-e479-4343-a9f8-ade29eb4547c,L1,Profile
c34f3833-e479-4343-a9f8-ade29eb4547c,L1,Profile
c34f3833-e479-4343-a9f8-ade29eb4547c,L1,Profile
c34f3833-e479-4343-a9f8-ade29eb4547c,L1,Profile
c34f3833-e479-4343-a9f8-ade29eb4547c,L1,Profile
c34f3833-e479-4343-a9f8-ade29eb4547c,L1,Profile
c34f3833-e479-4343-a9f8-ade29eb4547c,L1,Profile
c34f3833-e479-4343-a9f8-ade29eb4547c,L1,Profile
c34f3833-e479-4343-a9f8-ade29eb4547c,L1,Profile
c34f3833-e479-4343-a9f8-ade29eb4547c,L1,Profile
c34f3833-e479-4343-a9f8-ade29eb4547c,L1,Profile
c34f3833-e479-4343-a9f8-ade29eb4547c,L1,Profile
c34f3833-e479-4343-a9f8-ade29eb4547c,L1,Profile
c34f3833-e479-4343-a9f8-ade29eb4547c,L1,Profile
c34f3833-e479-4343-a9f8-ade29eb4547c,L1,Profile
c34f3833-e479-4343-a9f8-ade29eb4547c,L1,Profile
c34f3833-e479-4343-a9f8-ade29eb4547c,L1,Profile
c34f3833-e479-4343-a9f8-ade29eb4547c,L1,Profile
c34f3833-e479-4343-a9f8-ade29eb4547c,L1,Profile
c34f3833-e479-4343-a9f8-ade29eb4547c,L1,Profile
c34f3833-e479-4343-a9f8-ade29eb4547c,L1,Profile
c34f3833-e479-4343-a9f8-ade29eb4547c,L1,Profile
c34f3833-e479-4343-a9f8-ade29eb4547c,L1,Profile
c34f3833-e479-4343-a9f8-ade29eb4547c,L1,Profile
c34f3833-e479-4343-a9f8-ade29eb4547c,L1,Profile
c34f3833-e479-4343-a9f8-ade29eb4547c,L1,Profile
c34f3833-e479-4343-a9f8-ade29eb4547c,L1,Profile
c34f3833-e479-4343-a9f8-ade29eb4547c,L1,Profile
c34f3833-e479-4343-a9f8-ade29eb4547c,L1,Profile
c34f3833-e479-4343-a9f8-ade29eb4547c,L1,Profile
c34f3833-e479-4343-a9f8-ade29eb4547c,L1,Profile
c34f3833-e479-4343-a9f8-ade29eb4547c,L1,Profile
c34f3833-e479-4343-a9f8-ade29eb4547c,L1,Profile
c34f3833-e479-4343-a9f8-ade29eb4547c,L1,Profile
c34f3833-e479-4343-a9f8-ade29eb4547c,L1,Profile
c34f3833-e479-4343-a9f8-ade29eb4547c,L1,Profile
c34f3833-e479-4343-a9f8-ade29eb4547c,L1,Profile
c34f3833-e479-4343-a9f8-ade29eb4547c,L1,Profile
c34f3833-e479-4343-a9f8-ade29eb4547c,L1,Profile
c34f3833-e479-4343-a9f8-ade29eb4547c,L1,Profile
c34f3833-e479-4343-a9f8-ade29eb4547c,L1,Profile
c34f3833-e479-4343-a9f8-ade29eb4547c,L1,Profile
c34f3833-e479-4343-a9f8-ade29eb4547c,L1,Profile
c34f3833-e479-4343-a9f8-ade29eb4547c,L1,Profile
c34f3833-e479-4343-a9f8-ade29eb4547c,L1,Profile
c34f3833-e479-4343-a9f8-ade29eb4547c,L1,Profile
c34f3833-e479-4343-a9f8-ade29eb4547c,L1,Profile
c34f3833-e479-4343-a9f8-ade29eb4547c,L1,Profile
c34f3833-e479-4343-a9f8-ade29eb4547c,L1,Profile
c34f3833-e479-4343-a9f8-ade29eb4547c,L1,Profile
c34f3833-e479-4343-a9f8-ade29eb4547c,L1,Profile
c34f3833-e479-4343-a9f8-ade29eb4547c,L1,Profile
c34f3833-e479-4343-a9f8-ade29eb4547c,L1,Profile
c34f3833-e479-4343-a9f8-ade29eb4547c,L1,Profile
c34f3833-e479-4343-a9f8-ade29eb4547c,L1,Profile
c34f3833-e479-4343-a9f8-ade29eb4547c,L1,Profile
c34f3833-e479-4343-a9f8-ade29eb4547c,L1,Profile
c34f3833-e479-4343-a9f8-ade29eb4547c,L1,Profile
c34f3833-e479-4343-a9f8-ade29eb4547c,L1,Profile
c34f3833-e479-4343-a9f8-ade29eb4547c,L1,Profile
c34f3833-e479-4343-a9f8-ade29eb4547c,L1,Profile
c34f3833-e479-4343-a9f8-ade29eb4547c,L1,Profile
c34f3833-e479-4343-a9f8-ade29eb4547c,L1,Profile
c34f3833-e479-4343-a9f8-ade29eb4547c,L1,Profile
c34f3833-e479-4343-a9f8-ade29eb4547c,L1,Profile
c34f3833-e479-4343-a9f8-ade29eb4547c,L1,Profile
c34f3833-e479-4343-a9f8-ade29eb4547c,L1,Profile
c34f3833-e479-4343-a9f8-ade29eb4547c,L1,Profile
c34f3833-e479-4343-a9f8-ade29eb4547c,L1,Profile
c34f3833-e479-4343-a9f8-ade29eb4547c,L1,Profile
c34f3833-e479-4343-a9f8-ade29eb4547c,L1,Profile
c34f3833-e479-4343-a9f8-ade29eb4547c,L1,Profile
c34f3833-e479-4343-a9f8-ade29eb4547c,L1,Profile
c34f3833-e479-4343-a9f8-ade29eb4547c,L1,Profile
c34f3833-e479-4343-a9f8-ade29eb4547c,L1,Profile
c34f3833-e479-4343-a9f8-ade29eb4547c,L1,Profile
c34f3833-e479-4343-a9f8-ade29eb4547c,L1,Profile
c34f3833-e479-4343-a9f8-ade29eb4547c,L1,Profile
c34f3833-e479-4343-a9f8-ade29eb4547c,L1,Profile
c34f3833-e479-4343-a9f8-ade29eb4547c,L1,Profile
c34f3833-e479-4343-a9f8-ade29eb4547c,L1,Profile
c34f3833-e479-4343-a9f8-ade29eb4547c,L1,Profile
c34f3833-e479-4343-a9f8-ade29eb4547c,L1,Profile
c34f3833-e479-4343-a9f8-ade29eb4547c,L1,Profile
c34f3833-e479-4343-a9f8-ade29eb4547c,L1,Profile
c34f3833-e479-4343-a9f8-ade29eb4547c,L1,Profile
c34f3833-e479-4343-a9f8-ade29eb4547c,L1,Profile
c34f3833-e479-4343-a9f8-ade29eb4547c,L1,Profile
c34f3833-e479-4343-a9f8-ade29eb4547c,L1,Profile
c34f3833-e479-4343-a9f8-ade29eb4547c,L1,Profile
c34f3833-e479-4343-a9f8-ade29eb4547c,L1,Profile
c34f3833-e479-4343-a9f8-ade29eb4547c,L1,Profile
c34f3833-e479-4343-a9f8-ade29eb4547c,L1,Profile
c34f3833-e479-4343-a9f8-ade29eb4547c,L1,Profile
c34f3833-e479-4343-a9f8-ade29eb4547c,L1,Profile
c34f3833-e479-4343-a9f8-ade29eb4547c,L1,Profile
c34f3833-e479-4343-a9f8-ade29eb4547c,L1,Profile
c34f3833-e479-4343-a9f8-ade29eb4547c,L1,Profile
c34f3833-e479-4343-a9f8-ade29eb4547c,L1,Profile
c34f3833-e479-4343-a9f8-ade29eb4547c,L1,Profile
c34f3833-e479-4343-a9f8-ade29eb4547c,L1,Profile
c34f3833-e479-4343-a9f8-ade29eb4547c,L1,Profile
c34f3833-e479-4343-a9f8-ade29eb4547c,L1,Profile
c34f3833-e479-4343-a9f8-ade29eb4547c,L1,Profile
c34f3833-e479-4343-a9f8-ade29eb4547c,L1,Profile
c34f3833-e479-4343-a9f8-ade29eb4547c,L1,Profile
c34f3833-e479-4343-a9f8-ade29eb4547c,L1,Profile
c34f3833-e479-4343-a9f8-ade29eb4547c,L1,Profile
c34f3833-e479-4343-a9f8-ade29eb4547c,L1,Profile
c34f3833-e479-4343-a9f8-ade29eb4547c,L1,Profile
c34f3833-e479-4343-a9f8-ade29eb4547c,L1,Profile
c34f3833-e479-4343-a9f8-ade29eb4547c,L1,Profile
c34f3833-e479-4343-a9f8-ade29eb4547c,L1,Profile
c34f3833-e479-4343-a9f8-ade29eb4547c,L1,Profile
c34f3833-e479-4343-a9f8-ade29eb4547c,L1,Profile
c34f3833-e479-4343-a9f8-ade29eb4547c,L1,Profile
c34f3833-e479-4343-a9f8-ade29eb4547c,L1,Profile
c34f3833-e479-4343-a9f8-ade29eb4547c,L1,Profile
c34f3833-e479-4343-a9f8-ade29eb4547c,L1,Profile
c34f3833-e479-4343-a9f8-ade29eb4547c,L1,Profile
c34f3833-e479-4343-a9f8-ade29eb4547c,L1,Profile
c34f3833-e479-4343-a9f8-ade29eb4547c,L1,Profile
c34f3833-e479-4343-a9f8-ade29eb4547c,L1,Profile
c34f3833-e479-4343-a9f8-ade29eb4547c,L1,Profile
c34f3833-e479-4343-a9f8-ade29eb4547c,L1,Profile
c34f3833-e479-4343-a9f8-ade29eb4547c,L1,Profile
c34f3833-e479-4343-a9f8-ade29eb4547c,L1,Profile
c34f3833-e479-4343-a9f8-ade29eb4547c,L1,Profile
c34f3833-e479-4343-a9f8-ade29eb4547c,L1,Profile
c34f3833-e479-4343-a9f8-ade29eb4547c,L1,Profile
c34f3833-e479-4343-a9f8-ade29eb4547c,L1,Profile
c34f3833-e479-4343-a9f8-ade29eb4547c,L1,Profile
c34f3833-e479-4343-a9f8-ade29eb4547c,L1,Profile
c34f3833-e479-4343-a9f8-ade29eb4547c,L1,Profile
c34f3833-e479-4343-a9f8-ade29eb4547c,L1,Profile
c34f3833-e479-4343-a9f8-ade29eb4547c,L1,Profile
c34f3833-e479-4343-a9f8-ade29eb4547c,L1,Profile
c34f3833-e479-4343-a9f8-ade29eb4547c,L1,Profile
c34f3833-e479-4343-a9f8-ade29eb4547c,L1,Profile
c34f3833-e479-4343-a9f8-ade29eb4547c,L1,Profile
c34f3833-e479-4343-a9f8-ade29eb4547c,L1,Profile
c34f3833-e479-4343-a9f8-ade29eb4547c,L1,Profile
c34f3833-e479-4343-a9f8-ade29eb4547c,L1,Profile
c34f3833-e479-4343-a9f8-ade29eb4547c,L1,Profile
c34f3833-e479-4343-a9f8-ade29eb4547c,L1,Profile
c34f3833-e479-4343-a9f8-ade29eb4547c,L1,Profile
c34f3833-e479-4343-a9f8-ade29eb4547c,L1,Profile
c34f3833-e479-4343-a9f8-ade29eb4547c,L1,Profile
c34f3833-e479-4343-a9f8-ade29eb4547c,L1,Profile
c34f3833-e479-4343-a9f8-ade29eb4547c,L1,Profile
c34f3833-e479-4343-a9f8-ade29eb4547c,L1,Profile
c34f3833-e479-4343-a9f8-ade29eb4547c,L1,Profile
c34f3833-e479-4343-a9f8-ade29eb4547c,L1,Profile
c34f3833-e479-4343-a9f8-ade29eb4547c,L1,Profile
c34f3833-e479-4343-a9f8-ade29eb4547c,L1,Profile
c34f3833-e479-4343-a9f8-ade29eb4547c,L1,Profile
c34f3833-e479-4343-a9f8-ade29eb4547c,L1,Profile
c34f3833-e479-4343-a9f8-ade29eb4547c,L1,Profile
c34f3833-e479-4343-a9f8-ade29eb4547c,L1,Profile
c34f3833-e479-4343-a9f8-ade29eb4547c,L1,Profile
c34f3833-e479-4343-a9f8-ade29eb4547c,L1,Profile
c34f3833-e479-4343-a9f8-ade29eb4547c,L1,Profile
c34f3833-e479-4343-a9f8-ade29eb4547c,L1,Profile
c34f3833-e479-4343-a9f8-ade29eb4547c,L1,Profile
c34f3833-e479-4343-a9f8-ade29eb4547c,L1,Profile
c34f3833-e479-4343-a9f8-ade29eb4547c,L1,Profile
c34f3833-e479-4343-a9f8-ade29eb4547c,L1,Profile
c34f3833-e479-4343-a9f8-ade29eb4547c,L1,Profile
c34f3833-e479-4343-a9f8-ade29eb4547c,L1,Profile
c34f3833-e479-4343-a9f8-ade29eb4547c,L1,Profile
c34f3833-e479-4343-a9f8-ade29eb4547c,L1,Profile
c34f3833-e479-4343-a9f8-ade29eb4547c,L1,Profile
c34f3833-e479-4343-a9f8-ade29eb4547c,L1,Profile
c34f3833-e479-4343-a9f8-ade29eb4547c,L1,Profile
c34f3833-e479-4343-a9f8-ade29eb4547c,L1,Profile
c34f3833-e479-4343-a9f8-ade29eb4547c,L1,Profile
c34f3833-e479-4343-a9f8-ade29eb4547c,L1,Profile
c34f3833-e479-4343-a9f8-ade29eb4547c,L1,Profile
c34f3833-e479-4343-a9f8-ade29eb4547c,L1,Profile
c34f3833-e479-4343-a9f8-ade29eb4547c,L1,Profile
c34f3833-e479-4343-a9f8-ade29eb4547c,L1,Profile
c34f3833-e479-4343-a9f8-ade29eb4547c,L1,Profile
c34f3833-e479-4343-a9f8-ade29eb4547c,L1,Profile
c34f3833-e479-4343-a9f8-ade29eb4547c,L1,Profile
c34f3833-e479-4343-a9f8-ade29eb4547c,L1,Profile
c34f3833-e479-4343-a9f8-ade29eb4547c,L1,Profile
c34f3833-e479-4343-a9f8-ade29eb4547c,L1,Profile
c34f3833-e479-4343-a9f8-ade29eb4547c,L1,Profile
c34f3833-e479-4343-a9f8-ade29eb4547c,L1,Profile
c34f3833-e479-4343-a9f8-ade29eb4547c,L1,Profile
c34f3833-e479-4343-a9f8-ade29eb4547c,L1,Profile
c34f3833-e479-4343-a9f8-ade29eb4547c,L1,Profile
c34f3833-e479-4343-a9f8-ade29eb4547c,L1,Profile
c34f3833-e479-4343-a9f8-ade29eb4547c,L1,Profile
c34f3833-e479-4343-a9f8-ade29eb4547c,L1,Profile
c34f3833-e479-4343-a9f8-ade29eb4547c,L1,Profile
c34f3833-e479-4343-a9f8-ade29eb4547c,L1,Profile
c34f3833-e479-4343-a9f8-ade29eb4547c,L1,Profile
c34f3833-e479-4343-a9f8-ade29eb4547c,L1,Profile
c34f3833-e479-4343-a9f8-ade29eb4547c,L1,Profile
c34f3833-e479-4343-a9f8-ade29eb4547c,L1,Profile
c34f3833-e479-4343-a9f8-ade29eb4547c,L1,Profile
c34f3833-e479-4343-a9f8-ade29eb4547c,L1,Profile
c34f3833-e479-4343-a9f8-ade29eb4547c,L1,Profile
c34f3833-e479-4343-a9f8-ade29eb4547c,L1,Profile
c34f3833-e479-4343-a9f8-ade29eb4547c,L1,Profile
c34f3833-e479-4343-a9f8-ade29eb4547c,L1,Profile
c34f3833-e479-4343-a9f8-ade29eb4547c,L1,Profile
c34f3833-e479-4343-a9f8-ade29eb4547c,L1,Profile
c34f3833-e479-4343-a9f8-ade29eb4547c,L1,Profile
c34f3833-e479-4343-a9f8-ade29eb4547c,L1,Profile
c34f3833-e479-4343-a9f8-ade29eb4547c,L1,Profile
c34f3833-e479-4343-a9f8-ade29eb4547c,L1,Profile
c34f3833-e479-4343-a9f8-ade29eb4547c,L1,Profile
c34f3833-e479-4343-a9f8-ade29eb4547c,L1,Profile
c34f3833-e479-4343-a9f8-ade29eb4547c,L1,Profile
c34f3833-e479-4343-a9f8-ade29eb4547c,L1,Profile
c34f3833-e479-4343-a9f8-ade29eb4547c,L1,Profile
c34f3833-e479-4343-a9f8-ade29eb4547c,L1,Profile
c34f3833-e479-4343-a9f8-ade29eb4547c,L1,Profile
c34f3833-e479-4343-a9f8-ade29eb4547c,L1,Profile
c34f3833-e479-4343-a9f8-ade29eb4547c,L1,Profile
c34f3833-e479-4343-a9f8-ade29eb4547c,L1,Profile
c34f3833-e479-4343-a9f8-ade29eb4547c,L1,Profile
c34f3833-e479-4343-a9f8-ade29eb4547c,L1,Profile
c34f3833-e479-4343-a9f8-ade29eb4547c,L1,Profile
c34f3833-e479-4343-a9f8-ade29eb4547c,L1,Profile
c34f3833-e479-4343-a9f8-ade29eb4547c,L1,Profile
c34f3833-e479-4343-a9f8-ade29eb4547c,L1,Profile
c34f3833-e479-4343-a9f8-ade29eb4547c,L1,Profile
c34f3833-e479-4343-a9f8-ade29eb4547c,L1,Profile
c34f3833-e479-4343-a9f8-ade29eb4547c,L1,Profile
c34f3833-e479-4343-a9f8-ade29eb4547c,L1,Profile
c34f3833-e479-4343-a9f8-ade29eb4547c,L1,Profile
c34f3833-e479-4343-a9f8-ade29eb4547c,L1,Profile
c34f3833-e479-4343-a9f8-ade29eb4547c,L1,Profile
c34f3833-e479-4343-a9f8-ade29eb4547c,L1,Profile
c34f3833-e479-4343-a9f8-ade29eb4547c,L1,Profile
c34f3833-e479-4343-a9f8-ade29eb4547c,L1,Profile
c34f3833-e479-4343-a9f8-ade29eb4547c,L1,Profile
c34f3833-e479-4343-a9f8-ade29eb4547c,L1,Profile
c34f3833-e479-4343-a9f8-ade29eb4547c,L1,Profile
c34f3833-e479-4343-a9f8-ade29eb4547c,L1,Profile
c34f3833-e479-4343-a9f8-ade29eb4547c,L1,Profile
c34f3833-e479-4343-a9f8-ade29eb4547c,L1,Profile
c34f3833-e479-4343-a9f8-ade29eb4547c,L1,Profile
c34f3833-e479-4343-a9f8-ade29eb4547c,L1,Profile
c34f3833-e479-4343-a9f8-ade29eb4547c,L1,Profile
c34f3833-e479-4343-a9f8-ade29eb4547c,L1,Profile
c34f3833-e479-4343-a9f8-ade29eb4547c,L1,Profile
c34f3833-e479-4343-a9f8-ade29eb4547c,L1,Profile
c34f3833-e479-4343-a9f8-ade29eb4547c,L1,Profile
c34f3833-e479-4343-a9f8-ade29eb4547c,L1,Profile
c34f3833-e479-4343-a9f8-ade29eb4547c,L1,Profile
c34f3833-e479-4343-a9f8-ade29eb4547c,L1,Profile
c34f3833-e479-4343-a9f8-ade29eb4547c,L1,Profile
c34f3833-e479-4343-a9f8-ade29eb4547c,L1,Profile
c34f3833-e479-4343-a9f8-ade29eb4547c,L1,Profile
c34f3833-e479-4343-a9f8-ade29eb4547c,L1,Profile
c34f3833-e479-4343-a9f8-ade29eb4547c,L1,Profile
c34f3833-e479-4343-a9f8-ade29eb4547c,L1,Profile
c34f3833-e479-4343-a9f8-ade29eb4547c,L1,Profile
c34f3833-e479-4343-a9f8-ade29eb4547c,L1,Profile
c34f3833-e479-4343-a9f8-ade29eb4547c,L1,Profile
c34f3833-e479-4343-a9f8-ade29eb4547c,L1,Profile
c34f3833-e479-4343-a9f8-ade29eb4547c,L1,Profile
c34f3833-e479-4343-a9f8-ade29eb4547c,L1,Profile
c34f3833-e479-4343-a9f8-ade29eb4547c,L1,Profile
c34f3833-e479-4343-a9f8-ade29eb4547c,L1,Profile
c34f3833-e479-4343-a9f8-ade29eb4547c,L1,Profile
c34f3833-e479-4343-a9f8-ade29eb4547c,L1,Profile
c34f3833-e479-4343-a9f8-ade29eb4547c,L1,Profile
c34f3833-e479-4343-a9f8-ade29eb4547c,L1,Profile
c34f3833-e479-4343-a9f8-ade29eb4547c,L1,Profile
c34f3833-e479-4343-a9f8-ade29eb4547c,L1,Profile
c34f3833-e479-4343-a9f8-ade29eb4547c,L1,Profile
c34f3833-e479-4343-a9f8-ade29eb4547c,L1,Profile
c34f3833-e479-4343-a9f8-ade29eb4547c,L1,Profile
c34f3833-e479-4343-a9f8-ade29eb4547c,L1,Profile
c34f3833-e479-4343-a9f8-ade29eb4547c,L1,Profile
c34f3833-e479-4343-a9f8-ade29eb4547c,L1,Profile
c34f3833-e479-4343-a9f8-ade29eb4547c,L1,Profile
c34f3833-e479-4343-a9f8-ade29eb4547c,L1,Profile
c34f3833-e479-4343-a9f8-ade29eb4547c,L1,Profile
c34f3833-e479-4343-a9f8-ade29eb4547c,L1,Profile
c34f3833-e479-4343-a9f8-ade29eb4547c,L1,Profile
c34f3833-e479-4343-a9f8-ade29eb4547c,L1,Profile
c34f3833-e479-4343-a9f8-ade29eb4547c,L1,Profile
c34f3833-e479-4343-a9f8-ade29eb4547c,L1,Profile
c34f3833-e479-4343-a9f8-ade29eb4547c,L1,Profile
c34f3833-e479-4343-a9f8-ade29eb4547c,L1,Profile
c34f3833-e479-4343-a9f8-ade29eb4547c,L1,Profile
c34f3833-e479-4343-a9f8-ade29eb4547c,L1,Profile
c34f3833-e479-4343-a9f8-ade29eb4547c,L1,Profile
c34f3833-e479-4343-a9f8-ade29eb4547c,L1,Profile
c34f3833-e479-4343-a9f8-ade29eb4547c,L1,Profile
c34f3833-e479-4343-a9f8-ade29eb4547c,L1,Profile
c34f3833-e479-4343-a9f8-ade29eb4547c,L1,Profile
c34f3833-e479-4343-a9f8-ade29eb4547c,L1,Profile
c34f3833-e479-4343-a9f8-ade29eb4547c,L1,Profile
c34f3833-e479-4343-a9f8-ade29eb4547c,L1,Profile
c34f3833-e479-4343-a9f8-ade29eb4547c,L1,Profile
c34f3833-e479-4343-a9f8-ade29eb4547c,L1,Profile
c34f3833-e479-4343-a9f8-ade29eb4547c,L1,Profile
c34f3833-e479-4343-a9f8-ade29eb4547c,L1,Profile
c34f3833-e479-4343-a9f8-ade29eb4547c,L1,Profile
c34f3833-e479-4343-a9f8-ade29eb4547c,L1,Profile
c34f3833-e479-4343-a9f8-ade29eb4547c,L1,Profile
c34f3833-e479-4343-a9f8-ade29eb4547c,L1,Profile
c34f3833-e479-4343-a9f8-ade29eb4547c,L1,Profile
c34f3833-e479-4343-a9f8-ade29eb4547c,L1,Profile
c34f3833-e479-4343-a9f8-ade29eb4547c,L1,Profile
c34f3833-e479-4343-a9f8-ade29eb4547c,L1,Profile
c34f3833-e479-4343-a9f8-ade29eb4547c,L1,Profile
c34f3833-e479-4343-a9f8-ade29eb4547c,L1,Profile
c34f3833-e479-4343-a9f8-ade29eb4547c,L1,Profile
c34f3833-e479-4343-a9f8-ade29eb4547c,L1,Profile
c34f3833-e479-4343-a9f8-ade29eb4547c,L1,Profile
c34f3833-e479-4343-a9f8-ade29eb4547c,L1,Profile
c34f3833-e479-4343-a9f8-ade29eb4547c,L1,Profile
c34f3833-e479-4343-a9f8-ade29eb4547c,L1,Profile
c34f3833-e479-4343-a9f8-ade29eb4547c,L1,Profile
c34f3833-e479-4343-a9f8-ade29eb4547c,L1,Profile
c34f3833-e479-4343-a9f8-ade29eb4547c,L1,Profile
c34f3833-e479-4343-a9f8-ade29eb4547c,L1,Profile
c34f3833-e479-4343-a9f8-ade29eb4547c,L1,Profile
c34f3833-e479-4343-a9f8-ade29eb4547c,L1,Profile
c34f3833-e479-4343-a9f8-ade29eb4547c,L1,Profile
c34f3833-e479-4343-a9f8-ade29eb4547c,L1,Profile
c34f3833-e479-4343-a9f8-ade29eb4547c,L1,Profile
c34f3833-e479-4343-a9f8-ade29eb4547c,L1,Profile
c34f3833-e479-4343-a9f8-ade29eb4547c,L1,Profile
c34f3833-e479-4343-a9f8-ade29eb4547c,L1,Profile
c34f3833-e479-4343-a9f8-ade29eb4547c,L1,Profile
c34f3833-e479-4343-a9f8-ade29eb4547c,L1,Profile
c34f3833-e479-4343-a9f8-ade29eb4547c,L1,Profile
c34f3833-e479-4343-a9f8-ade29eb4547c,L1,Profile
c34f3833-e479-4343-a9f8-ade29eb4547c,L1,Profile
c34f3833-e479-4343-a9f8-ade29eb4547c,L1,Profile
c34f3833-e479-4343-a9f8-ade29eb4547c,L1,Profile
c34f3833-e479-4343-a9f8-ade29eb4547c,L1,Profile
c34f3833-e479-4343-a9f8-ade29eb4547c,L1,Profile
c34f3833-e479-4343-a9f8-ade29eb4547c,L1,Profile
c34f3833-e479-4343-a9f8-ade29eb4547c,L1,Profile
c34f3833-e479-4343-a9f8-ade29eb4547c,L1,Profile
c34f3833-e479-4343-a9f8-ade29eb4547c,L1,Profile
c34f3833-e479-4343-a9f8-ade29eb4547c,L1,Profile
c34f3833-e479-4343-a9f8-ade29eb4547c,L1,Profile
c34f3833-e479-4343-a9f8-ade29eb4547c,L1,Profile
c34f3833-e479-4343-a9f8-ade29eb4547c,L1,Profile
c34f3833-e479-4343-a9f8-ade29eb4547c,L1,Profile
c34f3833-e479-4343-a9f8-ade29eb4547c,L1,Profile
c34f3833-e479-4343-a9f8-ade29eb4547c,L1,Profile
c34f3833-e479-4343-a9f8-ade29eb4547c,L1,Profile
c34f3833-e479-4343-a9f8-ade29eb4547c,L1,Profile
c34f3833-e479-4343-a9f8-ade29eb4547c,L1,Profile
c34f3833-e479-4343-a9f8-ade29eb4547c,L1,Profile
c34f3833-e479-4343-a9f8-ade29eb4547c,L1,Profile
c34f3833-e479-4343-a9f8-ade29eb4547c,L1,Profile
c34f3833-e479-4343-a9f8-ade29eb4547c,L1,Profile
c34f3833-e479-4343-a9f8-ade29eb4547c,L1,Profile
c34f3833-e479-4343-a9f8-ade29eb4547c,L1,Profile
c34f3833-e479-4343-a9f8-ade29eb4547c,L1,Profile
c34f3833-e479-4343-a9f8-ade29eb4547c,L1,Profile
c34f3833-e479-4343-a9f8-ade29eb4547c,L1,Profile
c34f3833-e479-4343-a9f8-ade29eb4547c,L1,Profile
c34f3833-e479-4343-a9f8-ade29eb4547c,L1,Profile
c34f3833-e479-4343-a9f8-ade29eb4547c,L1,Profile
c34f3833-e479-4343-a9f8-ade29eb4547c,L1,Profile
c34f3833-e479-4343-a9f8-ade29eb4547c,L1,Profile
c34f3833-e479-4343-a9f8-ade29eb4547c,L1,Profile
c34f3833-e479-4343-a9f8-ade29eb4547c,L1,Profile
c34f3833-e479-4343-a9f8-ade29eb4547c,L1,Profile
c34f3833-e479-4343-a9f8-ade29eb4547c,L1,Profile
c34f3833-e479-4343-a9f8-ade29eb4547c,L1,Profile
c34f3833-e479-4343-a9f8-ade29eb4547c,L1,Profile
c34f3833-e479-4343-a9f8-ade29eb4547c,L1,Profile
c34f3833-e479-4343-a9f8-ade29eb4547c,L1,Profile
c34f3833-e479-4343-a9f8-ade29eb4547c,L1,Profile
c34f3833-e479-4343-a9f8-ade29eb4547c,L1,Profile
c34f3833-e479-4343-a9f8-ade29eb4547c,L1,Profile
c34f3833-e479-4343-a9f8-ade29eb4547c,L1,Profile
c34f3833-e479-4343-a9f8-ade29eb4547c,L1,Profile
c34f3833-e479-4343-a9f8-ade29eb4547c,L1,Profile
c34f3833-e479-4343-a9f8-ade29eb4547c,L1,Profile
c34f3833-e479-4343-a9f8-ade29eb4547c,L1,Profile
c34f3833-e479-4343-a9f8-ade29eb4547c,L1,Profile
c34f3833-e479-4343-a9f8-ade29eb4547c,L1,Profile
c34f3833-e479-4343-a9f8-ade29eb4547c,L1,Profile
c34f3833-e479-4343-a9f8-ade29eb4547c,L1,Profile
c34f3833-e479-4343-a9f8-ade29eb4547c,L1,Profile
c34f3833-e479-4343-a9f8-ade29eb4547c,L1,Profile
c34f3833-e479-4343-a9f8-ade29eb4547c,L1,Profile
c34f3833-e479-4343-a9f8-ade29eb4547c,L1,Profile
c34f3833-e479-4343-a9f8-ade29eb4547c,L1,Profile
c34f3833-e479-4343-a9f8-ade29eb4547c,L1,Profile
c34f3833-e479-4343-a9f8-ade29eb4547c,L1,Profile
c34f3833-e479-4343-a9f8-ade29eb4547c,L1,Profile
c34f3833-e479-4343-a9f8-ade29eb4547c,L1,Profile
c34f3833-e479-4343-a9f8-ade29eb4547c,L1,Profile
c34f3833-e479-4343-a9f8-ade29eb4547c,L1,Profile
c34f3833-e479-4343-a9f8-ade29eb4547c,L1,Profile
c34f3833-e479-4343-a9f8-ade29eb4547c,L1,Profile
c34f3833-e479-4343-a9f8-ade29eb4547c,L1,Profile
c34f3833-e479-4343-a9f8-ade29eb4547c,L1,Profile
c34f3833-e479-4343-a9f8-ade29eb4547c,L1,Profile
c34f3833-e479-4343-a9f8-ade29eb4547c,L1,Profile
c34f3833-e479-4343-a9f8-ade29eb4547c,L1,Profile
c34f3833-e479-4343-a9f8-ade29eb4547c,L1,Profile
c34f3833-e479-4343-a9f8-ade29eb4547c,L1,Profile
c34f3833-e479-4343-a9f8-ade29eb4547c,L1,Profile
c34f3833-e479-4343-a9f8-ade29eb4547c,L1,Profile
c34f3833-e479-4343-a9f8-ade29eb4547c,L1,Profile
c34f3833-e479-4343-a9f8-ade29eb4547c,L1,Profile
c34f3833-e479-4343-a9f8-ade29eb4547c,L1,Profile
c34f3833-e479-4343-a9f8-ade29eb4547c,L1,Profile
c34f3833-e479-4343-a9f8-ade29eb4547c,L1,Profile
c34f3833-e479-4343-a9f8-ade29eb4547c,L1,Profile
c34f3833-e479-4343-a9f8-ade29eb4547c,L1,Profile
c34f3833-e479-4343-a9f8-ade29eb4547c,L1,Profile
c34f3833-e479-4343-a9f8-ade29eb4547c,L1,Profile
c34f3833-e479-4343-a9f8-ade29eb4547c,L1,Profile
c34f3833-e479-4343-a9f8-ade29eb4547c,L1,Profile
c34f3833-e479-4343-a9f8-ade29eb4547c,L1,Profile
c34f3833-e479-4343-a9f8-ade29eb4547c,L1,Profile
c34f3833-e479-4343-a9f8-ade29eb4547c,L1,Profile
c34f3833-e479-4343-a9f8-ade29eb4547c,L1,Profile
c34f3833-e479-4343-a9f8-ade29eb4547c,L1,Profile
c34f3833-e479-4343-a9f8-ade29eb4547c,L1,Profile
c34f3833-e479-4343-a9f8-ade29eb4547c,L1,Profile
c34f3833-e479-4343-a9f8-ade29eb4547c,L1,Profile
c34f3833-e479-4343-a9f8-ade29eb4547c,L1,Profile
c34f3833-e479-4343-a9f8-ade29eb4547c,L1,Profile
c34f3833-e479-4343-a9f8-ade29eb4547c,L1,Profile
c34f3833-e479-4343-a9f8-ade29eb4547c,L1,Profile
c34f3833-e479-4343-a9f8-ade29eb4547c,L1,Profile
c34f3833-e479-4343-a9f8-ade29eb4547c,L1,Profile
c34f3833-e479-4343-a9f8-ade29eb4547c,L1,Profile
c34f3833-e479-4343-a9f8-ade29eb4547c,L1,Profile
c34f3833-e479-4343-a9f8-ade29eb4547c,L1,Profile
c34f3833-e479-4343-a9f8-ade29eb4547c,L1,Profile
c34f3833-e479-4343-a9f8-ade29eb4547c,L1,Profile
c34f3833-e479-4343-a9f8-ade29eb4547c,L1,Profile
c34f3833-e479-4343-a9f8-ade29eb4547c,L1,Profile
c34f3833-e479-4343-a9f8-ade29eb4547c,L1,Profile
c34f3833-e479-4343-a9f8-ade29eb4547c,L1,Profile
c34f3833-e479-4343-a9f8-ade29eb4547c,L1,Profile
c34f3833-e479-4343-a9f8-ade29eb4547c,L1,Profile
c34f3833-e479-4343-a9f8-ade29eb4547c,L1,Profile
c34f3833-e479-4343-a9f8-ade29eb4547c,L1,Profile
c34f3833-e479-4343-a9f8-ade29eb4547c,L1,Profile
c34f3833-e479-4343-a9f8-ade29eb4547c,L1,Profile
c34f3833-e479-4343-a9f8-ade29eb4547c,L1,Profile
c34f3833-e479-4343-a9f8-ade29eb4547c,L1,Profile
c34f3833-e479-4343-a9f8-ade29eb4547c,L1,Profile
c34f3833-e479-4343-a9f8-ade29eb4547c,L1,Profile
c34f3833-e479-4343-a9f8-ade29eb4547c,L1,Profile
c34f3833-e479-4343-a9f8-ade29eb4547c,L1,Profile
c34f3833-e479-4343-a9f8-ade29eb4547c,L1,Profile
c34f3833-e479-4343-a9f8-ade29eb4547c,L1,Profile
c34f3833-e479-4343-a9f8-ade29eb4547c,L1,Profile
c34f3833-e479-4343-a9f8-ade29eb4547c,L1,Profile
c34f3833-e479-4343-a9f8-ade29eb4547c,L1,Profile
c34f3833-e479-4343-a9f8-ade29eb4547c,L1,Profile
c34f3833-e479-4343-a9f8-ade29eb4547c,L1,Profile
c34f3833-e479-4343-a9f8-ade29eb4547c,L1,Profile
c34f3833-e479-4343-a9f8-ade29eb4547c,L1,Profile
c34f3833-e479-4343-a9f8-ade29eb4547c,L1,Profile
c34f3833-e479-4343-a9f8-ade29eb4547c,L1,Profile
c34f3833-e479-4343-a9f8-ade29eb4547c,L1,Profile
c34f3833-e479-4343-a9f8-ade29eb4547c,L1,Profile
c34f3833-e479-4343-a9f8-ade29eb4547c,L1,Profile
c34f3833-e479-4343-a9f8-ade29eb4547c,L1,Profile
c34f3833-e479-4343-a9f8-ade29eb4547c,L1,Profile
c34f3833-e479-4343-a9f8-ade29eb4547c,L1,Profile
c34f3833-e479-4343-a9f8-ade29eb4547c,L1,Profile
c34f3833-e479-4343-a9f8-ade29eb4547c,L1,Profile
c34f3833-e479-4343-a9f8-ade29eb4547c,L1,Profile
c34f3833-e479-4343-a9f8-ade29eb4547c,L1,Profile
c34f3833-e479-4343-a9f8-ade29eb4547c,L1,Profile
c34f3833-e479-4343-a9f8-ade29eb4547c,L1,Profile
c34f3833-e479-4343-a9f8-ade29eb4547c,L1,Profile
c34f3833-e479-4343-a9f8-ade29eb4547c,L1,Profile
c34f3833-e479-4343-a9f8-ade29eb4547c,L1,Profile
c34f3833-e479-4343-a9f8-ade29eb4547c,L1,Profile
c34f3833-e479-4343-a9f8-ade29eb4547c,L1,Profile
c34f3833-e479-4343-a9f8-ade29eb4547c,L1,Profile
c34f3833-e479-4343-a9f8-ade29eb4547c,L1,Profile
c34f3833-e479-4343-a9f8-ade29eb4547c,L1,Profile
c34f3833-e479-4343-a9f8-ade29eb4547c,L1,Profile
c34f3833-e479-4343-a9f8-ade29eb4547c,L1,Profile
c34f3833-e479-4343-a9f8-ade29eb4547c,L1,Profile
c34f3833-e479-4343-a9f8-ade29eb4547c,L1,Profile
c34f3833-e479-4343-a9f8-ade29eb4547c,L1,Profile
c34f3833-e479-4343-a9f8-ade29eb4547c,L1,Profile
c34f3833-e479-4343-a9f8-ade29eb4547c,L1,Profile
c34f3833-e479-4343-a9f8-ade29eb4547c,L1,Profile
c34f3833-e479-4343-a9f8-ade29eb4547c,L1,Profile
c34f3833-e479-4343-a9f8-ade29eb4547c,L1,Profile
c34f3833-e479-4343-a9f8-ade29eb4547c,L1,Profile
c34f3833-e479-4343-a9f8-ade29eb4547c,L1,Profile
c34f3833-e479-4343-a9f8-ade29eb4547c,L1,Profile
c34f3833-e479-4343-a9f8-ade29eb4547c,L1,Profile
c34f3833-e479-4343-a9f8-ade29eb4547c,L1,Profile
c34f3833-e479-4343-a9f8-ade29eb4547c,L1,Profile
c34f3833-e479-4343-a9f8-ade29eb4547c,L1,Profile
c34f3833-e479-4343-a9f8-ade29eb4547c,L1,Profile
c34f3833-e479-4343-a9f8-ade29eb4547c,L1,Profile
c34f3833-e479-4343-a9f8-ade29eb4547c,L1,Profile
c34f3833-e479-4343-a9f8-ade29eb4547c,L1,Profile
c34f3833-e479-4343-a9f8-ade29eb4547c,L1,Profile
c34f3833-e479-4343-a9f8-ade29eb4547c,L1,Profile
c34f3833-e479-4343-a9f8-ade29eb4547c,L1,Profile
c34f3833-e479-4343-a9f8-ade29eb4547c,L1,Profile
c34f3833-e479-4343-a9f8-ade29eb4547c,L1,Profile
c34f3833-e479-4343-a9f8-ade29eb4547c,L1,Profile
c34f3833-e479-4343-a9f8-ade29eb4547c,L1,Profile
c34f3833-e479-4343-a9f8-ade29eb4547c,L1,Profile
c34f3833-e479-4343-a9f8-ade29eb4547c,L1,Profile
c34f3833-e479-4343-a9f8-ade29eb4547c,L1,Profile
c34f3833-e479-4343-a9f8-ade29eb4547c,L1,Profile
c34f3833-e479-4343-a9f8-ade29eb4547c,L1,Profile
c34f3833-e479-4343-a9f8-ade29eb4547c,L1,Profile
c34f3833-e479-4343-a9f8-ade29eb4547c,L1,Profile
c34f3833-e479-4343-a9f8-ade29eb4547c,L1,Profile
c34f3833-e479-4343-a9f8-ade29eb4547c,L1,Profile
c34f3833-e479-4343-a9f8-ade29eb4547c,L1,Profile
c34f3833-e479-4343-a9f8-ade29eb4547c,L1,Profile
c34f3833-e479-4343-a9f8-ade29eb4547c,L1,Profile
c34f3833-e479-4343-a9f8-ade29eb4547c,L1,Profile
c34f3833-e479-4343-a9f8-ade29eb4547c,L1,Profile
c34f3833-e479-4343-a9f8-ade29eb4547c,L1,Profile
c34f3833-e479-4343-a9f8-ade29eb4547c,L1,Profile
c34f3833-e479-4343-a9f8-ade29eb4547c,L1,Profile
c34f3833-e479-4343-a9f8-ade29eb4547c,L1,Profile
c34f3833-e479-4343-a9f8-ade29eb4547c,L1,Profile
c34f3833-e479-4343-a9f8-ade29eb4547c,L1,Profile
c34f3833-e479-4343-a9f8-ade29eb4547c,L1,Profile
c34f3833-e479-4343-a9f8-ade29eb4547c,L1,Profile
c34f3833-e479-4343-a9f8-ade29eb4547c,L1,Profile
c34f3833-e479-4343-a9f8-ade29eb4547c,L1,Profile
c34f3833-e479-4343-a9f8-ade29eb4547c,L1,Profile
c34f3833-e479-4343-a9f8-ade29eb4547c,L1,Profile
c34f3833-e479-4343-a9f8-ade29eb4547c,L1,Profile
c34f3833-e479-4343-a9f8-ade29eb4547c,L1,Profile
c34f3833-e479-4343-a9f8-ade29eb4547c,L1,Profile
c34f3833-e479-4343-a9f8-ade29eb4547c,L1,Profile
c34f3833-e479-4343-a9f8-ade29eb4547c,L1,Profile
c34f3833-e479-4343-a9f8-ade29eb4547c,L1,Profile
c34f3833-e479-4343-a9f8-ade29eb4547c,L1,Profile
c34f3833-e479-4343-a9f8-ade29eb4547c,L1,Profile
c34f3833-e479-4343-a9f8-ade29eb4547c,L1,Profile
c34f3833-e479-4343-a9f8-ade29eb4547c,L1,Profile
c34f3833-e479-4343-a9f8-ade29eb4547c,L1,Profile
c34f3833-e479-4343-a9f8-ade29eb4547c,L1,Profile
c34f3833-e479-4343-a9f8-ade29eb4547c,L1,Profile
c34f3833-e479-4343-a9f8-ade29eb4547c,L1,Profile
c34f3833-e479-4343-a9f8-ade29eb4547c,L1,Profile
c34f3833-e479-4343-a9f8-ade29eb4547c,L1,Profile
c34f3833-e479-4343-a9f8-ade29eb4547c,L1,Profile
c34f3833-e479-4343-a9f8-ade29eb4547c,L1,Profile
c34f3833-e479-4343-a9f8-ade29eb4547c,L1,Profile
c34f3833-e479-4343-a9f8-ade29eb4547c,L1,Profile
c34f3833-e479-4343-a9f8-ade29eb4547c,L1,Profile
c34f3833-e479-4343-a9f8-ade29eb4547c,L1,Profile
c34f3833-e479-4343-a9f8-ade29eb4547c,L1,Profile
c34f3833-e479-4343-a9f8-ade29eb4547c,L1,Profile
c34f3833-e479-4343-a9f8-ade29eb4547c,L1,Profile
c34f3833-e479-4343-a9f8-ade29eb4547c,L1,Profile
c34f3833-e479-4343-a9f8-ade29eb4547c,L1,Profile
c34f3833-e479-4343-a9f8-ade29eb4547c,L1,Profile
c34f3833-e479-4343-a9f8-ade29eb4547c,L1,Profile
c34f3833-e479-4343-a9f8-ade29eb4547c,L1,Profile
c34f3833-e479-4343-a9f8-ade29eb4547c,L1,Profile
c34f3833-e479-4343-a9f8-ade29eb4547c,L1,Profile
c34f3833-e479-4343-a9f8-ade29eb4547c,L1,Profile
c34f3833-e479-4343-a9f8-ade29eb4547c,L1,Profile
c34f3833-e479-4343-a9f8-ade29eb4547c,L1,Profile
c34f3833-e479-4343-a9f8-ade29eb4547c,L1,Profile
c34f3833-e479-4343-a9f8-ade29eb4547c,L1,Profile
c34f3833-e479-4343-a9f8-ade29eb4547c,L1,Profile
c34f3833-e479-4343-a9f8-ade29eb4547c,L1,Profile
c34f3833-e479-4343-a9f8-ade29eb4547c,L1,Profile
c34f3833-e479-4343-a9f8-ade29eb4547c,L1,Profile
c34f3833-e479-4343-a9f8-ade29eb4547c,L1,Profile
c34f3833-e479-4343-a9f8-ade29eb4547c,L1,Profile
c34f3833-e479-4343-a9f8-ade29eb4547c,L1,Profile
c34f3833-e479-4343-a9f8-ade29eb4547c,L1,Profile
c34f3833-e479-4343-a9f8-ade29eb4547c,L1,Profile
c34f3833-e479-4343-a9f8-ade29eb4547c,L1,Profile
c34f3833-e479-4343-a9f8-ade29eb4547c,L1,Profile
c34f3833-e479-4343-a9f8-ade29eb4547c,L1,Profile
c34f3833-e479-4343-a9f8-ade29eb4547c,L1,Profile
c34f3833-e479-4343-a9f8-ade29eb4547c,L1,Profile
c34f3833-e479-4343-a9f8-ade29eb4547c,L1,Profile
c34f3833-e479-4343-a9f8-ade29eb4547c,L1,Profile
c34f3833-e479-4343-a9f8-ade29eb4547c,L1,Profile
c34f3833-e479-4343-a9f8-ade29eb4547c,L1,Profile
c34f3833-e479-4343-a9f8-ade29eb4547c,L1,Profile
c34f3833-e479-4343-a9f8-ade29eb4547c,L1,Profile
c34f3833-e479-4343-a9f8-ade29eb4547c,L1,Profile
c34f3833-e479-4343-a9f8-ade29eb4547c,L1,Profile
c34f3833-e479-4343-a9f8-ade29eb4547c,L1,Profile
c34f3833-e479-4343-a9f8-ade29eb4547c,L1,Profile
c34f3833-e479-4343-a9f8-ade29eb4547c,L1,Profile
c34f3833-e479-4343-a9f8-ade29eb4547c,L1,Profile
c34f3833-e479-4343-a9f8-ade29eb4547c,L1,Profile
c34f3833-e479-4343-a9f8-ade29eb4547c,L1,Profile
c34f3833-e479-4343-a9f8-ade29eb4547c,L1,Profile
c34f3833-e479-4343-a9f8-ade29eb4547c,L1,Profile
c34f3833-e479-4343-a9f8-ade29eb4547c,L1,Profile
c34f3833-e479-4343-a9f8-ade29eb4547c,L1,Profile
c34f3833-e479-4343-a9f8-ade29eb4547c,L1,Profile
c34f3833-e479-4343-a9f8-ade29eb4547c,L1,Profile
c34f3833-e479-4343-a9f8-ade29eb4547c,L1,Profile
c34f3833-e479-4343-a9f8-ade29eb4547c,L1,Profile
c34f3833-e479-4343-a9f8-ade29eb4547c,L1,Profile
c34f3833-e479-4343-a9f8-ade29eb4547c,L1,Profile
c34f3833-e479-4343-a9f8-ade29eb4547c,L1,Profile
c34f3833-e479-4343-a9f8-ade29eb4547c,L1,Profile
c34f3833-e479-4343-a9f8-ade29eb4547c,L1,Profile
c34f3833-e479-4343-a9f8-ade29eb4547c,L1,Profile
c34f3833-e479-4343-a9f8-ade29eb4547c,L1,Profile
c34f3833-e479-4343-a9f8-ade29eb4547c,L1,Profile
c34f3833-e479-4343-a9f8-ade29eb4547c,L1,Profile
c34f3833-e479-4343-a9f8-ade29eb4547c,L1,Profile
c34f3833-e479-4343-a9f8-ade29eb4547c,L1,Profile
c34f3833-e479-4343-a9f8-ade29eb4547c,L1,Profile
c34f3833-e479-4343-a9f8-ade29eb4547c,L1,Profile
c34f3833-e479-4343-a9f8-ade29eb4547c,L1,Profile
c34f3833-e479-4343-a9f8-ade29eb4547c,L1,Profile
c34f3833-e479-4343-a9f8-ade29eb4547c,L1,Profile
c34f3833-e479-4343-a9f8-ade29eb4547c,L1,Profile
c34f3833-e479-4343-a9f8-ade29eb4547c,L1,Profile
c34f3833-e479-4343-a9f8-ade29eb4547c,L1,Profile
c34f3833-e479-4343-a9f8-ade29eb4547c,L1,Profile
c34f3833-e479-4343-a9f8-ade29eb4547c,L1,Profile
c34f3833-e479-4343-a9f8-ade29eb4547c,L1,Profile
c34f3833-e479-4343-a9f8-ade29eb4547c,L1,Profile
c34f3833-e479-4343-a9f8-ade29eb4547c,L1,Profile
c34f3833-e479-4343-a9f8-ade29eb4547c,L1,Profile
c34f3833-e479-4343-a9f8-ade29eb4547c,L1,Profile
c34f3833-e479-4343-a9f8-ade29eb4547c,L1,Profile
c34f3833-e479-4343-a9f8-ade29eb4547c,L1,Profile
c34f3833-e479-4343-a9f8-ade29eb4547c,L1,Profile
c34f3833-e479-4343-a9f8-ade29eb4547c,L1,Profile
c34f3833-e479-4343-a9f8-ade29eb4547c,L1,Profile
c34f3833-e479-4343-a9f8-ade29eb4547c,L1,Profile
c34f3833-e479-4343-a9f8-ade29eb4547c,L1,Profile
c34f3833-e479-4343-a9f8-ade29eb4547c,L1,Profile
c34f3833-e479-4343-a9f8-ade29eb4547c,L1,Profile
c34f3833-e479-4343-a9f8-ade29eb4547c,L1,Profile
c34f3833-e479-4343-a9f8-ade29eb4547c,L1,Profile
c34f3833-e479-4343-a9f8-ade29eb4547c,L1,Profile
c34f3833-e479-4343-a9f8-ade29eb4547c,L1,Profile
c34f3833-e479-4343-a9f8-ade29eb4547c,L1,Profile
c34f3833-e479-4343-a9f8-ade29eb4547c,L1,Profile
c34f3833-e479-4343-a9f8-ade29eb4547c,L1,Profile
c34f3833-e479-4343-a9f8-ade29eb4547c,L1,Profile
c34f3833-e479-4343-a9f8-ade29eb4547c,L1,Profile
c34f3833-e479-4343-a9f8-ade29eb4547c,L1,Profile
c34f3833-e479-4343-a9f8-ade29eb4547c,L1,Profile
c34f3833-e479-4343-a9f8-ade29eb4547c,L1,Profile
c34f3833-e479-4343-a9f8-ade29eb4547c,L1,Profile
c34f3833-e479-4343-a9f8-ade29eb4547c,L1,Profile
c34f3833-e479-4343-a9f8-ade29eb4547c,L1,Profile
c34f3833-e479-4343-a9f8-ade29eb4547c,L1,Profile
c34f3833-e479-4343-a9f8-ade29eb4547c,L1,Profile
c34f3833-e479-4343-a9f8-ade29eb4547c,L1,Profile
c34f3833-e479-4343-a9f8-ade29eb4547c,L1,Profile
c34f3833-e479-4343-a9f8-ade29eb4547c,L1,Profile
c34f3833-e479-4343-a9f8-ade29eb4547c,L1,Profile
c34f3833-e479-4343-a9f8-ade29eb4547c,L1,Profile
c34f3833-e479-4343-a9f8-ade29eb4547c,L1,Profile
c34f3833-e479-4343-a9f8-ade29eb4547c,L1,Profile
c34f3833-e479-4343-a9f8-ade29eb4547c,L1,Profile
c34f3833-e479-4343-a9f8-ade29eb4547c,L1,Profile
c34f3833-e479-4343-a9f8-ade29eb4547c,L1,Profile
c34f3833-e479-4343-a9f8-ade29eb4547c,L1,Profile
c34f3833-e479-4343-a9f8-ade29eb4547c,L1,Profile
c34f3833-e479-4343-a9f8-ade29eb4547c,L1,Profile
c34f3833-e479-4343-a9f8-ade29eb4547c,L1,Profile
c34f3833-e479-4343-a9f8-ade29eb4547c,L1,Profile
c34f3833-e479-4343-a9f8-ade29eb4547c,L1,Profile
c34f3833-e479-4343-a9f8-ade29eb4547c,L1,Profile
c34f3833-e479-4343-a9f8-ade29eb4547c,L1,Profile
c34f3833-e479-4343-a9f8-ade29eb4547c,L1,Profile
c34f3833-e479-4343-a9f8-ade29eb4547c,L1,Profile
c34f3833-e479-4343-a9f8-ade29eb4547c,L1,Profile
c34f3833-e479-4343-a9f8-ade29eb4547c,L1,Profile
c34f3833-e479-4343-a9f8-ade29eb4547c,L1,Profile
c34f3833-e479-4343-a9f8-ade29eb4547c,L1,Profile
c34f3833-e479-4343-a9f8-ade29eb4547c,L1,Profile
c34f3833-e479-4343-a9f8-ade29eb4547c,L1,Profile
c34f3833-e479-4343-a9f8-ade29eb4547c,L1,Profile
c34f3833-e479-4343-a9f8-ade29eb4547c,L1,Profile
c34f3833-e479-4343-a9f8-ade29eb4547c,L1,Profile
c34f3833-e479-4343-a9f8-ade29eb4547c,L1,Profile
c34f3833-e479-4343-a9f8-ade29eb4547c,L1,Profile
c34f3833-e479-4343-a9f8-ade29eb4547c,L1,Profile
c34f3833-e479-4343-a9f8-ade29eb4547c,L1,Profile
c34f3833-e479-4343-a9f8-ade29eb4547c,L1,Profile
c34f3833-e479-4343-a9f8-ade29eb4547c,L1,Profile
c34f3833-e479-4343-a9f8-ade29eb4547c,L1,Profile
c34f3833-e479-4343-a9f8-ade29eb4547c,L1,Profile
c34f3833-e479-4343-a9f8-ade29eb4547c,L1,Profile
c34f3833-e479-4343-a9f8-ade29eb4547c,L1,Profile
c34f3833-e479-4343-a9f8-ade29eb4547c,L1,Profile
c34f3833-e479-4343-a9f8-ade29eb4547c,L1,Profile
c34f3833-e479-4343-a9f8-ade29eb4547c,L1,Profile
c34f3833-e479-4343-a9f8-ade29eb4547c,L1,Profile
c34f3833-e479-4343-a9f8-ade29eb4547c,L1,Profile
c34f3833-e479-4343-a9f8-ade29eb4547c,L1,Profile
c34f3833-e479-4343-a9f8-ade29eb4547c,L1,Profile
c34f3833-e479-4343-a9f8-ade29eb4547c,L1,Profile
c34f3833-e479-4343-a9f8-ade29eb4547c,L1,Profile
c34f3833-e479-4343-a9f8-ade29eb4547c,L1,Profile
c34f3833-e479-4343-a9f8-ade29eb4547c,L1,Profile
c34f3833-e479-4343-a9f8-ade29eb4547c,L1,Profile
c34f3833-e479-4343-a9f8-ade29eb4547c,L1,Profile
c34f3833-e479-4343-a9f8-ade29eb4547c,L1,Profile
c34f3833-e479-4343-a9f8-ade29eb4547c,L1,Profile
c34f3833-e479-4343-a9f8-ade29eb4547c,L1,Profile
c34f3833-e479-4343-a9f8-ade29eb4547c,L1,Profile
c34f3833-e479-4343-a9f8-ade29eb4547c,L1,Profile
c34f3833-e479-4343-a9f8-ade29eb4547c,L1,Profile
c34f3833-e479-4343-a9f8-ade29eb4547c,L1,Profile
c34f3833-e479-4343-a9f8-ade29eb4547c,L1,Profile
c34f3833-e479-4343-a9f8-ade29eb4547c,L1,Profile
c34f3833-e479-4343-a9f8-ade29eb4547c,L1,Profile
c34f3833-e479-4343-a9f8-ade29eb4547c,L1,Profile
c34f3833-e479-4343-a9f8-ade29eb4547c,L1,Profile
c34f3833-e479-4343-a9f8-ade29eb4547c,L1,Profile
c34f3833-e479-4343-a9f8-ade29eb4547c,L1,Profile
c34f3833-e479-4343-a9f8-ade29eb4547c,L1,Profile
c34f3833-e479-4343-a9f8-ade29eb4547c,L1,Profile
c34f3833-e479-4343-a9f8-ade29eb4547c,L1,Profile
c34f3833-e479-4343-a9f8-ade29eb4547c,L1,Profile
c34f3833-e479-4343-a9f8-ade29eb4547c,L1,Profile
c34f3833-e479-4343-a9f8-ade29eb4547c,L1,Profile
c34f3833-e479-4343-a9f8-ade29eb4547c,L1,Profile
c34f3833-e479-4343-a9f8-ade29eb4547c,L1,Profile
c34f3833-e479-4343-a9f8-ade29eb4547c,L1,Profile
c34f3833-e479-4343-a9f8-ade29eb4547c,L1,Profile
c34f3833-e479-4343-a9f8-ade29eb4547c,L1,Profile
c34f3833-e479-4343-a9f8-ade29eb4547c,L1,Profile
c34f3833-e479-4343-a9f8-ade29eb4547c,L1,Profile
c34f3833-e479-4343-a9f8-ade29eb4547c,L1,Profile
c34f3833-e479-4343-a9f8-ade29eb4547c,L1,Profile
c34f3833-e479-4343-a9f8-ade29eb4547c,L1,Profile
c34f3833-e479-4343-a9f8-ade29eb4547c,L1,Profile
c34f3833-e479-4343-a9f8-ade29eb4547c,L1,Profile
c34f3833-e479-4343-a9f8-ade29eb4547c,L1,Profile
c34f3833-e479-4343-a9f8-ade29eb4547c,L1,Profile
c34f3833-e479-4343-a9f8-ade29eb4547c,L1,Profile
c34f3833-e479-4343-a9f8-ade29eb4547c,L1,Profile
c34f3833-e479-4343-a9f8-ade29eb4547c,L1,Profile
c34f3833-e479-4343-a9f8-ade29eb4547c,L1,Profile
c34f3833-e479-4343-a9f8-ade29eb4547c,L1,Profile
c34f3833-e479-4343-a9f8-ade29eb4547c,L1,Profile
c34f3833-e479-4343-a9f8-ade29eb4547c,L1,Profile
c34f3833-e479-4343-a9f8-ade29eb4547c,L1,Profile
c34f3833-e479-4343-a9f8-ade29eb4547c,L1,Profile
c34f3833-e479-4343-a9f8-ade29eb4547c,L1,Profile
c34f3833-e479-4343-a9f8-ade29eb4547c,L1,Profile
c34f3833-e479-4343-a9f8-ade29eb4547c,L1,Profile
c34f3833-e479-4343-a9f8-ade29eb4547c,L1,Profile
c34f3833-e479-4343-a9f8-ade29eb4547c,L1,Profile
c34f3833-e479-4343-a9f8-ade29eb4547c,L1,Profile
c34f3833-e479-4343-a9f8-ade29eb4547c,L1,Profile
c34f3833-e479-4343-a9f8-ade29eb4547c,L1,Profile
c34f3833-e479-4343-a9f8-ade29eb4547c,L1,Profile
c34f3833-e479-4343-a9f8-ade29eb4547c,L1,Profile
c34f3833-e479-4343-a9f8-ade29eb4547c,L1,Profile
c34f3833-e479-4343-a9f8-ade29eb4547c,L1,Profile
c34f3833-e479-4343-a9f8-ade29eb4547c,L1,Profile
c34f3833-e479-4343-a9f8-ade29eb4547c,L1,Profile
c34f3833-e479-4343-a9f8-ade29eb4547c,L1,Profile
c34f3833-e479-4343-a9f8-ade29eb4547c,L1,Profile
c34f3833-e479-4343-a9f8-ade29eb4547c,L1,Profile
c34f3833-e479-4343-a9f8-ade29eb4547c,L1,Profile
c34f3833-e479-4343-a9f8-ade29eb4547c,L1,Profile
c34f3833-e479-4343-a9f8-ade29eb4547c,L1,Profile
c34f3833-e479-4343-a9f8-ade29eb4547c,L1,Profile
c34f3833-e479-4343-a9f8-ade29eb4547c,L1,Profile
c34f3833-e479-4343-a9f8-ade29eb4547c,L1,Profile
c34f3833-e479-4343-a9f8-ade29eb4547c,L1,Profile
c34f3833-e479-4343-a9f8-ade29eb4547c,L1,Profile
c34f3833-e479-4343-a9f8-ade29eb4547c,L1,Profile
c34f3833-e479-4343-a9f8-ade29eb4547c,L1,Profile
c34f3833-e479-4343-a9f8-ade29eb4547c,L1,Profile
c34f3833-e479-4343-a9f8-ade29eb4547c,L1,Profile
c34f3833-e479-4343-a9f8-ade29eb4547c,L1,Profile
c34f3833-e479-4343-a9f8-ade29eb4547c,L1,Profile
c34f3833-e479-4343-a9f8-ade29eb4547c,L1,Profile
c34f3833-e479-4343-a9f8-ade29eb4547c,L1,Profile
c34f3833-e479-4343-a9f8-ade29eb4547c,L1,Profile
c34f3833-e479-4343-a9f8-ade29eb4547c,L1,Profile
c34f3833-e479-4343-a9f8-ade29eb4547c,L1,Profile
c34f3833-e479-4343-a9f8-ade29eb4547c,L1,Profile
c34f3833-e479-4343-a9f8-ade29eb4547c,L1,Profile
c34f3833-e479-4343-a9f8-ade29eb4547c,L1,Profile
c34f3833-e479-4343-a9f8-ade29eb4547c,L1,Profile
c34f3833-e479-4343-a9f8-ade29eb4547c,L1,Profile
c34f3833-e479-4343-a9f8-ade29eb4547c,L1,Profile
c34f3833-e479-4343-a9f8-ade29eb4547c,L1,Profile
c34f3833-e479-4343-a9f8-ade29eb4547c,L1,Profile
c34f3833-e479-4343-a9f8-ade29eb4547c,L1,Profile
c34f3833-e479-4343-a9f8-ade29eb4547c,L1,Profile
c34f3833-e479-4343-a9f8-ade29eb4547c,L1,Profile
c34f3833-e479-4343-a9f8-ade29eb4547c,L1,Profile
c34f3833-e479-4343-a9f8-ade29eb4547c,L1,Profile
c34f3833-e479-4343-a9f8-ade29eb4547c,L1,Profile
c34f3833-e479-4343-a9f8-ade29eb4547c,L1,Profile
c34f3833-e479-4343-a9f8-ade29eb4547c,L1,Profile
c34f3833-e479-4343-a9f8-ade29eb4547c,L1,Profile
c34f3833-e479-4343-a9f8-ade29eb4547c,L1,Profile
c34f3833-e479-4343-a9f8-ade29eb4547c,L1,Profile
c34f3833-e479-4343-a9f8-ade29eb4547c,L1,Profile
c34f3833-e479-4343-a9f8-ade29eb4547c,L1,Profile
c34f3833-e479-4343-a9f8-ade29eb4547c,L1,Profile
c34f3833-e479-4343-a9f8-ade29eb4547c,L1,Profile
c34f3833-e479-4343-a9f8-ade29eb4547c,L1,Profile
c34f3833-e479-4343-a9f8-ade29eb4547c,L1,Profile
c34f3833-e479-4343-a9f8-ade29eb4547c,L1,Profile
c34f3833-e479-4343-a9f8-ade29eb4547c,L1,Profile
c34f3833-e479-4343-a9f8-ade29eb4547c,L1,Profile
c34f3833-e479-4343-a9f8-ade29eb4547c,L1,Profile
c34f3833-e479-4343-a9f8-ade29eb4547c,L1,Profile
c34f3833-e479-4343-a9f8-ade29eb4547c,L1,Profile
c34f3833-e479-4343-a9f8-ade29eb4547c,L1,Profile
c34f3833-e479-4343-a9f8-ade29eb4547c,L1,Profile
c34f3833-e479-4343-a9f8-ade29eb4547c,L1,Profile
c34f3833-e479-4343-a9f8-ade29eb4547c,L1,Profile
c34f3833-e479-4343-a9f8-ade29eb4547c,L1,Profile
c34f3833-e479-4343-a9f8-ade29eb4547c,L1,Profile
c34f3833-e479-4343-a9f8-ade29eb4547c,L1,Profile
c34f3833-e479-4343-a9f8-ade29eb4547c,L1,Profile
c34f3833-e479-4343-a9f8-ade29eb4547c,L1,Profile
c34f3833-e479-4343-a9f8-ade29eb4547c,L1,Profile
c34f3833-e479-4343-a9f8-ade29eb4547c,L1,Profile
c34f3833-e479-4343-a9f8-ade29eb4547c,L1,Profile
c34f3833-e479-4343-a9f8-ade29eb4547c,L1,Profile
c34f3833-e479-4343-a9f8-ade29eb4547c,L1,Profile
c34f3833-e479-4343-a9f8-ade29eb4547c,L1,Profile
c34f3833-e479-4343-a9f8-ade29eb4547c,L1,Profile
c34f3833-e479-4343-a9f8-ade29eb4547c,L1,Profile
c34f3833-e479-4343-a9f8-ade29eb4547c,L1,Profile
c34f3833-e479-4343-a9f8-ade29eb4547c,L1,Profile
c34f3833-e479-4343-a9f8-ade29eb4547c,L1,Profile
c34f3833-e479-4343-a9f8-ade29eb4547c,L1,Profile
c34f3833-e479-4343-a9f8-ade29eb4547c,L1,Profile
c34f3833-e479-4343-a9f8-ade29eb4547c,L1,Profile
c34f3833-e479-4343-a9f8-ade29eb4547c,L1,Profile
c34f3833-e479-4343-a9f8-ade29eb4547c,L1,Profile
c34f3833-e479-4343-a9f8-ade29eb4547c,L1,Profile
c34f3833-e479-4343-a9f8-ade29eb4547c,L1,Profile
c34f3833-e479-4343-a9f8-ade29eb4547c,L1,Profile
c34f3833-e479-4343-a9f8-ade29eb4547c,L1,Profile
c34f3833-e479-4343-a9f8-ade29eb4547c,L1,Profile
c34f3833-e479-4343-a9f8-ade29eb4547c,L1,Profile
c34f3833-e479-4343-a9f8-ade29eb4547c,L1,Profile
c34f3833-e479-4343-a9f8-ade29eb4547c,L1,Profile
c34f3833-e479-4343-a9f8-ade29eb4547c,L1,Profile
c34f3833-e479-4343-a9f8-ade29eb4547c,L1,Profile
c34f3833-e479-4343-a9f8-ade29eb4547c,L1,Profile
c34f3833-e479-4343-a9f8-ade29eb4547c,L1,Profile
c34f3833-e479-4343-a9f8-ade29eb4547c,L1,Profile
c34f3833-e479-4343-a9f8-ade29eb4547c,L1,Profile
c34f3833-e479-4343-a9f8-ade29eb4547c,L1,Profile
c34f3833-e479-4343-a9f8-ade29eb4547c,L1,Profile
c34f3833-e479-4343-a9f8-ade29eb4547c,L1,Profile
c34f3833-e479-4343-a9f8-ade29eb4547c,L1,Profile
c34f3833-e479-4343-a9f8-ade29eb4547c,L1,Profile
c34f3833-e479-4343-a9f8-ade29eb4547c,L1,Profile
c34f3833-e479-4343-a9f8-ade29eb4547c,L1,Profile
c34f3833-e479-4343-a9f8-ade29eb4547c,L1,Profile
c34f3833-e479-4343-a9f8-ade29eb4547c,L1,Profile
c34f3833-e479-4343-a9f8-ade29eb4547c,L1,Profile
c34f3833-e479-4343-a9f8-ade29eb4547c,L1,Profile
c34f3833-e479-4343-a9f8-ade29eb4547c,L1,Profile
c34f3833-e479-4343-a9f8-ade29eb4547c,L1,Profile
c34f3833-e479-4343-a9f8-ade29eb4547c,L1,Profile
c34f3833-e479-4343-a9f8-ade29eb4547c,L1,Profile
c34f3833-e479-4343-a9f8-ade29eb4547c,L1,Profile
c34f3833-e479-4343-a9f8-ade29eb4547c,L1,Profile
c34f3833-e479-4343-a9f8-ade29eb4547c,L1,Profile
c34f3833-e479-4343-a9f8-ade29eb4547c,L1,Profile
c34f3833-e479-4343-a9f8-ade29eb4547c,L1,Profile
c34f3833-e479-4343-a9f8-ade29eb4547c,L1,Profile
c34f3833-e479-4343-a9f8-ade29eb4547c,L1,Profile
c34f3833-e479-4343-a9f8-ade29eb4547c,L1,Profile
c34f3833-e479-4343-a9f8-ade29eb4547c,L1,Profile
c34f3833-e479-4343-a9f8-ade29eb4547c,L1,Profile
c34f3833-e479-4343-a9f8-ade29eb4547c,L1,Profile
c34f3833-e479-4343-a9f8-ade29eb4547c,L1,Profile
c34f3833-e479-4343-a9f8-ade29eb4547c,L1,Profile
c34f3833-e479-4343-a9f8-ade29eb4547c,L1,Profile
c34f3833-e479-4343-a9f8-ade29eb4547c,L1,Profile
c34f3833-e479-4343-a9f8-ade29eb4547c,L1,Profile
c34f3833-e479-4343-a9f8-ade29eb4547c,L1,Profile
c34f3833-e479-4343-a9f8-ade29eb4547c,L1,Profile
c34f3833-e479-4343-a9f8-ade29eb4547c,L1,Profile
c34f3833-e479-4343-a9f8-ade29eb4547c,L1,Profile
c34f3833-e479-4343-a9f8-ade29eb4547c,L1,Profile
c34f3833-e479-4343-a9f8-ade29eb4547c,L1,Profile
c34f3833-e479-4343-a9f8-ade29eb4547c,L1,Profile
c34f3833-e479-4343-a9f8-ade29eb4547c,L1,Profile
c34f3833-e479-4343-a9f8-ade29eb4547c,L1,Profile
c34f3833-e479-4343-a9f8-ade29eb4547c,L1,Profile
c34f3833-e479-4343-a9f8-ade29eb4547c,L1,Profile
c34f3833-e479-4343-a9f8-ade29eb4547c,L1,Profile
c34f3833-e479-4343-a9f8-ade29eb4547c,L1,Profile
c34f3833-e479-4343-a9f8-ade29eb4547c,L1,Profile
c34f3833-e479-4343-a9f8-ade29eb4547c,L1,Profile
c34f3833-e479-4343-a9f8-ade29eb4547c,L1,Profile
c34f3833-e479-4343-a9f8-ade29eb4547c,L1,Profile
c34f3833-e479-4343-a9f8-ade29eb4547c,L1,Profile
c34f3833-e479-4343-a9f8-ade29eb4547c,L1,Profile
c34f3833-e479-4343-a9f8-ade29eb4547c,L1,Profile
c34f3833-e479-4343-a9f8-ade29eb4547c,L1,Profile
c34f3833-e479-4343-a9f8-ade29eb4547c,L1,Profile
c34f3833-e479-4343-a9f8-ade29eb4547c,L1,Profile
c34f3833-e479-4343-a9f8-ade29eb4547c,L1,Profile
c34f3833-e479-4343-a9f8-ade29eb4547c,L1,Profile
c34f3833-e479-4343-a9f8-ade29eb4547c,L1,Profile
c34f3833-e479-4343-a9f8-ade29eb4547c,L1,Profile
c34f3833-e479-4343-a9f8-ade29eb4547c,L1,Profile
c34f3833-e479-4343-a9f8-ade29eb4547c,L1,Profile
c34f3833-e479-4343-a9f8-ade29eb4547c,L1,Profile
c34f3833-e479-4343-a9f8-ade29eb4547c,L1,Profile
c34f3833-e479-4343-a9f8-ade29eb4547c,L1,Profile
c34f3833-e479-4343-a9f8-ade29eb4547c,L1,Profile
c34f3833-e479-4343-a9f8-ade29eb4547c,L1,Profile
c34f3833-e479-4343-a9f8-ade29eb4547c,L1,Profile
c34f3833-e479-4343-a9f8-ade29eb4547c,L1,Profile
c34f3833-e479-4343-a9f8-ade29eb4547c,L1,Profile
c34f3833-e479-4343-a9f8-ade29eb4547c,L1,Profile
c34f3833-e479-4343-a9f8-ade29eb4547c,L1,Profile
c34f3833-e479-4343-a9f8-ade29eb4547c,L1,Profile
c34f3833-e479-4343-a9f8-ade29eb4547c,L1,Profile
c34f3833-e479-4343-a9f8-ade29eb4547c,L1,Profile
c34f3833-e479-4343-a9f8-ade29eb4547c,L1,Profile
c34f3833-e479-4343-a9f8-ade29eb4547c,L1,Profile
c34f3833-e479-4343-a9f8-ade29eb4547c,L1,Profile
c34f3833-e479-4343-a9f8-ade29eb4547c,L1,Profile
c34f3833-e479-4343-a9f8-ade29eb4547c,L1,Profile
c34f3833-e479-4343-a9f8-ade29eb4547c,L1,Profile
c34f3833-e479-4343-a9f8-ade29eb4547c,L1,Profile
c34f3833-e479-4343-a9f8-ade29eb4547c,L1,Profile
c34f3833-e479-4343-a9f8-ade29eb4547c,L1,Profile
c34f3833-e479-4343-a9f8-ade29eb4547c,L1,Profile
c34f3833-e479-4343-a9f8-ade29eb4547c,L1,Profile
c34f3833-e479-4343-a9f8-ade29eb4547c,L1,Profile
c34f3833-e479-4343-a9f8-ade29eb4547c,L1,Profile
c34f3833-e479-4343-a9f8-ade29eb4547c,L1,Profile
c34f3833-e479-4343-a9f8-ade29eb4547c,L1,Profile
c34f3833-e479-4343-a9f8-ade29eb4547c,L1,Profile
c34f3833-e479-4343-a9f8-ade29eb4547c,L1,Profile
c34f3833-e479-4343-a9f8-ade29eb4547c,L1,Profile
c34f3833-e479-4343-a9f8-ade29eb4547c,L1,Profile
c34f3833-e479-4343-a9f8-ade29eb4547c,L1,Profile
c34f3833-e479-4343-a9f8-ade29eb4547c,L1,Profile
c34f3833-e479-4343-a9f8-ade29eb4547c,L1,Profile
c34f3833-e479-4343-a9f8-ade29eb4547c,L1,Profile
c34f3833-e479-4343-a9f8-ade29eb4547c,L1,Profile
c34f3833-e479-4343-a9f8-ade29eb4547c,L1,Profile
c34f3833-e479-4343-a9f8-ade29eb4547c,L1,Profile
c34f3833-e479-4343-a9f8-ade29eb4547c,L1,Profile
c34f3833-e479-4343-a9f8-ade29eb4547c,L1,Profile
c34f3833-e479-4343-a9f8-ade29eb4547c,L1,Profile
c34f3833-e479-4343-a9f8-ade29eb4547c,L1,Profile
c34f3833-e479-4343-a9f8-ade29eb4547c,L1,Profile
c34f3833-e479-4343-a9f8-ade29eb4547c,L1,Profile
c34f3833-e479-4343-a9f8-ade29eb4547c,L1,Profile
c34f3833-e479-4343-a9f8-ade29eb4547c,L1,Profile
c34f3833-e479-4343-a9f8-ade29eb4547c,L1,Profile
c34f3833-e479-4343-a9f8-ade29eb4547c,L1,Profile
c34f3833-e479-4343-a9f8-ade29eb4547c,L1,Profile
c34f3833-e479-4343-a9f8-ade29eb4547c,L1,Profile
c34f3833-e479-4343-a9f8-ade29eb4547c,L1,Profile
c34f3833-e479-4343-a9f8-ade29eb4547c,L1,Profile
c34f3833-e479-4343-a9f8-ade29eb4547c,L1,Profile
c34f3833-e479-4343-a9f8-ade29eb4547c,L1,Profile
c34f3833-e479-4343-a9f8-ade29eb4547c,L1,Profile
c34f3833-e479-4343-a9f8-ade29eb4547c,L1,Profile
c34f3833-e479-4343-a9f8-ade29eb4547c,L1,Profile
c34f3833-e479-4343-a9f8-ade29eb4547c,L1,Profile
c34f3833-e479-4343-a9f8-ade29eb4547c,L1,Profile
c34f3833-e479-4343-a9f8-ade29eb4547c,L1,Profile
c34f3833-e479-4343-a9f8-ade29eb4547c,L1,Profile
c34f3833-e479-4343-a9f8-ade29eb4547c,L1,Profile
c34f3833-e479-4343-a9f8-ade29eb4547c,L1,Profile
c34f3833-e479-4343-a9f8-ade29eb4547c,L1,Profile
c34f3833-e479-4343-a9f8-ade29eb4547c,L1,Profile
c34f3833-e479-4343-a9f8-ade29eb4547c,L1,Profile
c34f3833-e479-4343-a9f8-ade29eb4547c,L1,Profile
c34f3833-e479-4343-a9f8-ade29eb4547c,L1,Profile
c34f3833-e479-4343-a9f8-ade29eb4547c,L1,Profile
c34f3833-e479-4343-a9f8-ade29eb4547c,L1,Profile
c34f3833-e479-4343-a9f8-ade29eb4547c,L1,Profile
c34f3833-e479-4343-a9f8-ade29eb4547c,L1,Profile
c34f3833-e479-4343-a9f8-ade29eb4547c,L1,Profile
c34f3833-e479-4343-a9f8-ade29eb4547c,L1,Profile
c34f3833-e479-4343-a9f8-ade29eb4547c,L1,Profile
c34f3833-e479-4343-a9f8-ade29eb4547c,L1,Profile
c34f3833-e479-4343-a9f8-ade29eb4547c,L1,Profile
c34f3833-e479-4343-a9f8-ade29eb4547c,L1,Profile
c34f3833-e479-4343-a9f8-ade29eb4547c,L1,Profile
c34f3833-e479-4343-a9f8-ade29eb4547c,L1,Profile
c34f3833-e479-4343-a9f8-ade29eb4547c,L1,Profile
c34f3833-e479-4343-a9f8-ade29eb4547c,L1,Profile
c34f3833-e479-4343-a9f8-ade29eb4547c,L1,Profile
c34f3833-e479-4343-a9f8-ade29eb4547c,L1,Profile
c34f3833-e479-4343-a9f8-ade29eb4547c,L1,Profile
c34f3833-e479-4343-a9f8-ade29eb4547c,L1,Profile
c34f3833-e479-4343-a9f8-ade29eb4547c,L1,Profile
c34f3833-e479-4343-a9f8-ade29eb4547c,L1,Profile
c34f3833-e479-4343-a9f8-ade29eb4547c,L1,Profile
c34f3833-e479-4343-a9f8-ade29eb4547c,L1,Profile
c34f3833-e479-4343-a9f8-ade29eb4547c,L1,Profile
c34f3833-e479-4343-a9f8-ade29eb4547c,L1,Profile
c34f3833-e479-4343-a9f8-ade29eb4547c,L1,Profile
c34f3833-e479-4343-a9f8-ade29eb4547c,L1,Profile
c34f3833-e479-4343-a9f8-ade29eb4547c,L1,Profile
c34f3833-e479-4343-a9f8-ade29eb4547c,L1,Profile
c34f3833-e479-4343-a9f8-ade29eb4547c,L1,Profile
c34f3833-e479-4343-a9f8-ade29eb4547c,L1,Profile
c34f3833-e479-4343-a9f8-ade29eb4547c,L1,Profile
c34f3833-e479-4343-a9f8-ade29eb4547c,L1,Profile
c34f3833-e479-4343-a9f8-ade29eb4547c,L1,Profile
c34f3833-e479-4343-a9f8-ade29eb4547c,L1,Profile
c34f3833-e479-4343-a9f8-ade29eb4547c,L1,Profile
c34f3833-e479-4343-a9f8-ade29eb4547c,L1,Profile
c34f3833-e479-4343-a9f8-ade29eb4547c,L1,Profile
c34f3833-e479-4343-a9f8-ade29eb4547c,L1,Profile
c34f3833-e479-4343-a9f8-ade29eb4547c,L1,Profile
c34f3833-e479-4343-a9f8-ade29eb4547c,L1,Profile
c34f3833-e479-4343-a9f8-ade29eb4547c,L1,Profile
c34f3833-e479-4343-a9f8-ade29eb4547c,L1,Profile
c34f3833-e479-4343-a9f8-ade29eb4547c,L1,Profile
c34f3833-e479-4343-a9f8-ade29eb4547c,L1,Profile
c34f3833-e479-4343-a9f8-ade29eb4547c,L1,Profile
c34f3833-e479-4343-a9f8-ade29eb4547c,L1,Profile
c34f3833-e479-4343-a9f8-ade29eb4547c,L1,Profile
c34f3833-e479-4343-a9f8-ade29eb4547c,L1,Profile
c34f3833-e479-4343-a9f8-ade29eb4547c,L1,Profile
c34f3833-e479-4343-a9f8-ade29eb4547c,L1,Profile
c34f3833-e479-4343-a9f8-ade29eb4547c,L1,Profile
c34f3833-e479-4343-a9f8-ade29eb4547c,L1,Profile
c34f3833-e479-4343-a9f8-ade29eb4547c,L1,Profile
c34f3833-e479-4343-a9f8-ade29eb4547c,L1,Profile
c34f3833-e479-4343-a9f8-ade29eb4547c,L1,Profile
c34f3833-e479-4343-a9f8-ade29eb4547c,L1,Profile
c34f3833-e479-4343-a9f8-ade29eb4547c,L1,Profile
c34f3833-e479-4343-a9f8-ade29eb4547c,L1,Profile
c34f3833-e479-4343-a9f8-ade29eb4547c,L1,Profile
c34f3833-e479-4343-a9f8-ade29eb4547c,L1,Profile
c34f3833-e479-4343-a9f8-ade29eb4547c,L1,Profile
c34f3833-e479-4343-a9f8-ade29eb4547c,L1,Profile
c34f3833-e479-4343-a9f8-ade29eb4547c,L1,Profile
c34f3833-e479-4343-a9f8-ade29eb4547c,L1,Profile
c34f3833-e479-4343-a9f8-ade29eb4547c,L1,Profile
c34f3833-e479-4343-a9f8-ade29eb4547c,L1,Profile
c34f3833-e479-4343-a9f8-ade29eb4547c,L1,Profile
c34f3833-e479-4343-a9f8-ade29eb4547c,L1,Profile
c34f3833-e479-4343-a9f8-ade29eb4547c,L1,Profile
c34f3833-e479-4343-a9f8-ade29eb4547c,L1,Profile
c34f3833-e479-4343-a9f8-ade29eb4547c,L1,Profile
c34f3833-e479-4343-a9f8-ade29eb4547c,L1,Profile
c34f3833-e479-4343-a9f8-ade29eb4547c,L1,Profile
c34f3833-e479-4343-a9f8-ade29eb4547c,L1,Profile
c34f3833-e479-4343-a9f8-ade29eb4547c,L1,Profile
c34f3833-e479-4343-a9f8-ade29eb4547c,L1,Profile
c34f3833-e479-4343-a9f8-ade29eb4547c,L1,Profile
c34f3833-e479-4343-a9f8-ade29eb4547c,L1,Profile
c34f3833-e479-4343-a9f8-ade29eb4547c,L1,Profile
c34f3833-e479-4343-a9f8-ade29eb4547c,L1,Profile
c34f3833-e479-4343-a9f8-ade29eb4547c,L1,Profile
c34f3833-e479-4343-a9f8-ade29eb4547c,L1,Profile
c34f3833-e479-4343-a9f8-ade29eb4547c,L1,Profile
c34f3833-e479-4343-a9f8-ade29eb4547c,L1,Profile
c34f3833-e479-4343-a9f8-ade29eb4547c,L1,Profile
c34f3833-e479-4343-a9f8-ade29eb4547c,L1,Profile
c34f3833-e479-4343-a9f8-ade29eb4547c,L1,Profile
c34f3833-e479-4343-a9f8-ade29eb4547c,L1,Profile
c34f3833-e479-4343-a9f8-ade29eb4547c,L1,Profile
c34f3833-e479-4343-a9f8-ade29eb4547c,L1,Profile
c34f3833-e479-4343-a9f8-ade29eb4547c,L1,Profile
c34f3833-e479-4343-a9f8-ade29eb4547c,L1,Profile
c34f3833-e479-4343-a9f8-ade29eb4547c,L1,Profile
c34f3833-e479-4343-a9f8-ade29eb4547c,L1,Profile
c34f3833-e479-4343-a9f8-ade29eb4547c,L1,Profile
c34f3833-e479-4343-a9f8-ade29eb4547c,L1,Profile
c34f3833-e479-4343-a9f8-ade29eb4547c,L1,Profile
c34f3833-e479-4343-a9f8-ade29eb4547c,L1,Profile
c34f3833-e479-4343-a9f8-ade29eb4547c,L1,Profile
c34f3833-e479-4343-a9f8-ade29eb4547c,L1,Profile
c34f3833-e479-4343-a9f8-ade29eb4547c,L1,Profile
c34f3833-e479-4343-a9f8-ade29eb4547c,L1,Profile
c34f3833-e479-4343-a9f8-ade29eb4547c,L1,Profile
c34f3833-e479-4343-a9f8-ade29eb4547c,L1,Profile
c34f3833-e479-4343-a9f8-ade29eb4547c,L1,Profile
c34f3833-e479-4343-a9f8-ade29eb4547c,L1,Profile
c34f3833-e479-4343-a9f8-ade29eb4547c,L1,Profile
c34f3833-e479-4343-a9f8-ade29eb4547c,L1,Profile
c34f3833-e479-4343-a9f8-ade29eb4547c,L1,Profile
c34f3833-e479-4343-a9f8-ade29eb4547c,L1,Profile
c34f3833-e479-4343-a9f8-ade29eb4547c,L1,Profile
c34f3833-e479-4343-a9f8-ade29eb4547c,L1,Profile
c34f3833-e479-4343-a9f8-ade29eb4547c,L1,Profile
c34f3833-e479-4343-a9f8-ade29eb4547c,L1,Profile
c34f3833-e479-4343-a9f8-ade29eb4547c,L1,Profile
c34f3833-e479-4343-a9f8-ade29eb4547c,L1,Profile
c34f3833-e479-4343-a9f8-ade29eb4547c,L1,Profile
c34f3833-e479-4343-a9f8-ade29eb4547c,L1,Profile
c34f3833-e479-4343-a9f8-ade29eb4547c,L1,Profile
c34f3833-e479-4343-a9f8-ade29eb4547c,L1,Profile
c34f3833-e479-4343-a9f8-ade29eb4547c,L1,Profile
c34f3833-e479-4343-a9f8-ade29eb4547c,L1,Profile
c34f3833-e479-4343-a9f8-ade29eb4547c,L1,Profile
c34f3833-e479-4343-a9f8-ade29eb4547c,L1,Profile
c34f3833-e479-4343-a9f8-ade29eb4547c,L1,Profile
c34f3833-e479-4343-a9f8-ade29eb4547c,L1,Profile
c34f3833-e479-4343-a9f8-ade29eb4547c,L1,Profile
c34f3833-e479-4343-a9f8-ade29eb4547c,L1,Profile
c34f3833-e479-4343-a9f8-ade29eb4547c,L1,Profile
c34f3833-e479-4343-a9f8-ade29eb4547c,L1,Profile
c34f3833-e479-4343-a9f8-ade29eb4547c,L1,Profile
c34f3833-e479-4343-a9f8-ade29eb4547c,L1,Profile
c34f3833-e479-4343-a9f8-ade29eb4547c,L1,Profile
c34f3833-e479-4343-a9f8-ade29eb4547c,L1,Profile
c34f3833-e479-4343-a9f8-ade29eb4547c,L1,Profile
c34f3833-e479-4343-a9f8-ade29eb4547c,L1,Profile
c34f3833-e479-4343-a9f8-ade29eb4547c,L1,Profile
c34f3833-e479-4343-a9f8-ade29eb4547c,L1,Profile
c34f3833-e479-4343-a9f8-ade29eb4547c,L1,Profile
c34f3833-e479-4343-a9f8-ade29eb4547c,L1,Profile
c34f3833-e479-4343-a9f8-ade29eb4547c,L1,Profile
c34f3833-e479-4343-a9f8-ade29eb4547c,L1,Profile
c34f3833-e479-4343-a9f8-ade29eb4547c,L1,Profile
c34f3833-e479-4343-a9f8-ade29eb4547c,L1,Profile
c34f3833-e479-4343-a9f8-ade29eb4547c,L1,Profile
c34f3833-e479-4343-a9f8-ade29eb4547c,L1,Profile
c34f3833-e479-4343-a9f8-ade29eb4547c,L1,Profile
c34f3833-e479-4343-a9f8-ade29eb4547c,L1,Profile
c34f3833-e479-4343-a9f8-ade29eb4547c,L1,Profile
c34f3833-e479-4343-a9f8-ade29eb4547c,L1,Profile
c34f3833-e479-4343-a9f8-ade29eb4547c,L1,Profile
c34f3833-e479-4343-a9f8-ade29eb4547c,L1,Profile
c34f3833-e479-4343-a9f8-ade29eb4547c,L1,Profile
c34f3833-e479-4343-a9f8-ade29eb4547c,L1,Profile
c34f3833-e479-4343-a9f8-ade29eb4547c,L1,Profile
c34f3833-e479-4343-a9f8-ade29eb4547c,L1,Profile
c34f3833-e479-4343-a9f8-ade29eb4547c,L1,Profile
c34f3833-e479-4343-a9f8-ade29eb4547c,L1,Profile
c34f3833-e479-4343-a9f8-ade29eb4547c,L1,Profile
c34f3833-e479-4343-a9f8-ade29eb4547c,L1,Profile
c34f3833-e479-4343-a9f8-ade29eb4547c,L1,Profile
c34f3833-e479-4343-a9f8-ade29eb4547c,L1,Profile
c34f3833-e479-4343-a9f8-ade29eb4547c,L1,Profile
c34f3833-e479-4343-a9f8-ade29eb4547c,L1,Profile
c34f3833-e479-4343-a9f8-ade29eb4547c,L1,Profile
c34f3833-e479-4343-a9f8-ade29eb4547c,L1,Profile
c34f3833-e479-4343-a9f8-ade29eb4547c,L1,Profile
c34f3833-e479-4343-a9f8-ade29eb4547c,L1,Profile
c34f3833-e479-4343-a9f8-ade29eb4547c,L1,Profile
c34f3833-e479-4343-a9f8-ade29eb4547c,L1,Profile
c34f3833-e479-4343-a9f8-ade29eb4547c,L1,Profile
c34f3833-e479-4343-a9f8-ade29eb4547c,L1,Profile
c34f3833-e479-4343-a9f8-ade29eb4547c,L1,Profile
c34f3833-e479-4343-a9f8-ade29eb4547c,L1,Profile
c34f3833-e479-4343-a9f8-ade29eb4547c,L1,Profile
c34f3833-e479-4343-a9f8-ade29eb4547c,L1,Profile
c34f3833-e479-4343-a9f8-ade29eb4547c,L1,Profile
c34f3833-e479-4343-a9f8-ade29eb4547c,L1,Profile
c34f3833-e479-4343-a9f8-ade29eb4547c,L1,Profile
c34f3833-e479-4343-a9f8-ade29eb4547c,L1,Profile
c34f3833-e479-4343-a9f8-ade29eb4547c,L1,Profile
c34f3833-e479-4343-a9f8-ade29eb4547c,L1,Profile
c34f3833-e479-4343-a9f8-ade29eb4547c,L1,Profile
c34f3833-e479-4343-a9f8-ade29eb4547c,L1,Profile
c34f3833-e479-4343-a9f8-ade29eb4547c,L1,Profile
c34f3833-e479-4343-a9f8-ade29eb4547c,L1,Profile
c34f3833-e479-4343-a9f8-ade29eb4547c,L1,Profile
c34f3833-e479-4343-a9f8-ade29eb4547c,L1,Profile
c34f3833-e479-4343-a9f8-ade29eb4547c,L1,Profile
c34f3833-e479-4343-a9f8-ade29eb4547c,L1,Profile
c34f3833-e479-4343-a9f8-ade29eb4547c,L1,Profile
c34f3833-e479-4343-a9f8-ade29eb4547c,L1,Profile
c34f3833-e479-4343-a9f8-ade29eb4547c,L1,Profile
c34f3833-e479-4343-a9f8-ade29eb4547c,L1,Profile
c34f3833-e479-4343-a9f8-ade29eb4547c,L1,Profile
c34f3833-e479-4343-a9f8-ade29eb4547c,L1,Profile
c34f3833-e479-4343-a9f8-ade29eb4547c,L1,Profile
c34f3833-e479-4343-a9f8-ade29eb4547c,L1,Profile
c34f3833-e479-4343-a9f8-ade29eb4547c,L1,Profile
c34f3833-e479-4343-a9f8-ade29eb4547c,L1,Profile
c34f3833-e479-4343-a9f8-ade29eb4547c,L1,Profile
c34f3833-e479-4343-a9f8-ade29eb4547c,L1,Profile
c34f3833-e479-4343-a9f8-ade29eb4547c,L1,Profile
c34f3833-e479-4343-a9f8-ade29eb4547c,L1,Profile
c34f3833-e479-4343-a9f8-ade29eb4547c,L1,Profile
c34f3833-e479-4343-a9f8-ade29eb4547c,L1,Profile
c34f3833-e479-4343-a9f8-ade29eb4547c,L1,Profile
c34f3833-e479-4343-a9f8-ade29eb4547c,L1,Profile
c34f3833-e479-4343-a9f8-ade29eb4547c,L1,Profile
c34f3833-e479-4343-a9f8-ade29eb4547c,L1,Profile
c34f3833-e479-4343-a9f8-ade29eb4547c,L1,Profile
c34f3833-e479-4343-a9f8-ade29eb4547c,L1,Profile
c34f3833-e479-4343-a9f8-ade29eb4547c,L1,Profile
c34f3833-e479-4343-a9f8-ade29eb4547c,L1,Profile
c34f3833-e479-4343-a9f8-ade29eb4547c,L1,Profile
c34f3833-e479-4343-a9f8-ade29eb4547c,L1,Profile
c34f3833-e479-4343-a9f8-ade29eb4547c,L1,Profile
c34f3833-e479-4343-a9f8-ade29eb4547c,L1,Profile
c34f3833-e479-4343-a9f8-ade29eb4547c,L1,Profile
c34f3833-e479-4343-a9f8-ade29eb4547c,L1,Profile
c34f3833-e479-4343-a9f8-ade29eb4547c,L1,Profile
c34f3833-e479-4343-a9f8-ade29eb4547c,L1,Profile
c34f3833-e479-4343-a9f8-ade29eb4547c,L1,Profile
c34f3833-e479-4343-a9f8-ade29eb4547c,L1,Profile
c34f3833-e479-4343-a9f8-ade29eb4547c,L1,Profile
c34f3833-e479-4343-a9f8-ade29eb4547c,L1,Profile
c34f3833-e479-4343-a9f8-ade29eb4547c,L1,Profile
c34f3833-e479-4343-a9f8-ade29eb4547c,L1,Profile
c34f3833-e479-4343-a9f8-ade29eb4547c,L1,Profile
c34f3833-e479-4343-a9f8-ade29eb4547c,L1,Profile
c34f3833-e479-4343-a9f8-ade29eb4547c,L1,Profile
c34f3833-e479-4343-a9f8-ade29eb4547c,L1,Profile
c34f3833-e479-4343-a9f8-ade29eb4547c,L1,Profile
c34f3833-e479-4343-a9f8-ade29eb4547c,L1,Profile
c34f3833-e479-4343-a9f8-ade29eb4547c,L1,Profile
c34f3833-e479-4343-a9f8-ade29eb4547c,L1,Profile
c34f3833-e479-4343-a9f8-ade29eb4547c,L1,Profile
c34f3833-e479-4343-a9f8-ade29eb4547c,L1,Profile
c34f3833-e479-4343-a9f8-ade29eb4547c,L1,Profile
c34f3833-e479-4343-a9f8-ade29eb4547c,L1,Profile
c34f3833-e479-4343-a9f8-ade29eb4547c,L1,Profile
c34f3833-e479-4343-a9f8-ade29eb4547c,L1,Profile
c34f3833-e479-4343-a9f8-ade29eb4547c,L1,Profile
c34f3833-e479-4343-a9f8-ade29eb4547c,L1,Profile
c34f3833-e479-4343-a9f8-ade29eb4547c,L1,Profile
c34f3833-e479-4343-a9f8-ade29eb4547c,L1,Profile
c34f3833-e479-4343-a9f8-ade29eb4547c,L1,Profile
c34f3833-e479-4343-a9f8-ade29eb4547c,L1,Profile
c34f3833-e479-4343-a9f8-ade29eb4547c,L1,Profile
c34f3833-e479-4343-a9f8-ade29eb4547c,L1,Profile
c34f3833-e479-4343-a9f8-ade29eb4547c,L1,Profile
c34f3833-e479-4343-a9f8-ade29eb4547c,L1,Profile
c34f3833-e479-4343-a9f8-ade29eb4547c,L1,Profile
c34f3833-e479-4343-a9f8-ade29eb4547c,L1,Profile
c34f3833-e479-4343-a9f8-ade29eb4547c,L1,Profile
c34f3833-e479-4343-a9f8-ade29eb4547c,L1,Profile
c34f3833-e479-4343-a9f8-ade29eb4547c,L1,Profile
c34f3833-e479-4343-a9f8-ade29eb4547c,L1,Profile
c34f3833-e479-4343-a9f8-ade29eb4547c,L1,Profile
c34f3833-e479-4343-a9f8-ade29eb4547c,L1,Profile
c34f3833-e479-4343-a9f8-ade29eb4547c,L1,Profile
c34f3833-e479-4343-a9f8-ade29eb4547c,L1,Profile
c34f3833-e479-4343-a9f8-ade29eb4547c,L1,Profile
c34f3833-e479-4343-a9f8-ade29eb4547c,L1,Profile
c34f3833-e479-4343-a9f8-ade29eb4547c,L1,Profile
c34f3833-e479-4343-a9f8-ade29eb4547c,L1,Profile
c34f3833-e479-4343-a9f8-ade29eb4547c,L1,Profile
c34f3833-e479-4343-a9f8-ade29eb4547c,L1,Profile
c34f3833-e479-4343-a9f8-ade29eb4547c,L1,Profile
c34f3833-e479-4343-a9f8-ade29eb4547c,L1,Profile
c34f3833-e479-4343-a9f8-ade29eb4547c,L1,Profile
c34f3833-e479-4343-a9f8-ade29eb4547c,L1,Profile
c34f3833-e479-4343-a9f8-ade29eb4547c,L1,Profile
c34f3833-e479-4343-a9f8-ade29eb4547c,L1,Profile
c34f3833-e479-4343-a9f8-ade29eb4547c,L1,Profile
c34f3833-e479-4343-a9f8-ade29eb4547c,L1,Profile
c34f3833-e479-4343-a9f8-ade29eb4547c,L1,Profile
c34f3833-e479-4343-a9f8-ade29eb4547c,L1,Profile
c34f3833-e479-4343-a9f8-ade29eb4547c,L1,Profile
c34f3833-e479-4343-a9f8-ade29eb4547c,L1,Profile
c34f3833-e479-4343-a9f8-ade29eb4547c,L1,Profile
c34f3833-e479-4343-a9f8-ade29eb4547c,L1,Profile
c34f3833-e479-4343-a9f8-ade29eb4547c,L1,Profile
c34f3833-e479-4343-a9f8-ade29eb4547c,L1,Profile
c34f3833-e479-4343-a9f8-ade29eb4547c,L1,Profile
c34f3833-e479-4343-a9f8-ade29eb4547c,L1,Profile
c34f3833-e479-4343-a9f8-ade29eb4547c,L1,Profile
c34f3833-e479-4343-a9f8-ade29eb4547c,L1,Profile
c34f3833-e479-4343-a9f8-ade29eb4547c,L1,Profile
c34f3833-e479-4343-a9f8-ade29eb4547c,L1,Profile
c34f3833-e479-4343-a9f8-ade29eb4547c,L1,Profile
c34f3833-e479-4343-a9f8-ade29eb4547c,L1,Profile
c34f3833-e479-4343-a9f8-ade29eb4547c,L1,Profile
c34f3833-e479-4343-a9f8-ade29eb4547c,L1,Profile
c34f3833-e479-4343-a9f8-ade29eb4547c,L1,Profile
c34f3833-e479-4343-a9f8-ade29eb4547c,L1,Profile
c34f3833-e479-4343-a9f8-ade29eb4547c,L1,Profile
c34f3833-e479-4343-a9f8-ade29eb4547c,L1,Profile
c34f3833-e479-4343-a9f8-ade29eb4547c,L1,Profile
c34f3833-e479-4343-a9f8-ade29eb4547c,L1,Profile
c34f3833-e479-4343-a9f8-ade29eb4547c,L1,Profile
c34f3833-e479-4343-a9f8-ade29eb4547c,L1,Profile
c34f3833-e479-4343-a9f8-ade29eb4547c,L1,Profile
c34f3833-e479-4343-a9f8-ade29eb4547c,L1,Profile
c34f3833-e479-4343-a9f8-ade29eb4547c,L1,Profile
c34f3833-e479-4343-a9f8-ade29eb4547c,L1,Profile
c34f3833-e479-4343-a9f8-ade29eb4547c,L1,Profile
c34f3833-e479-4343-a9f8-ade29eb4547c,L1,Profile
c34f3833-e479-4343-a9f8-ade29eb4547c,L1,Profile
c34f3833-e479-4343-a9f8-ade29eb4547c,L1,Profile
c34f3833-e479-4343-a9f8-ade29eb4547c,L1,Profile
c34f3833-e479-4343-a9f8-ade29eb4547c,L1,Profile
c34f3833-e479-4343-a9f8-ade29eb4547c,L1,Profile
c34f3833-e479-4343-a9f8-ade29eb4547c,L1,Profile
c34f3833-e479-4343-a9f8-ade29eb4547c,L1,Profile
c34f3833-e479-4343-a9f8-ade29eb4547c,L1,Profile
c34f3833-e479-4343-a9f8-ade29eb4547c,L1,Profile
c34f3833-e479-4343-a9f8-ade29eb4547c,L1,Profile
c34f3833-e479-4343-a9f8-ade29eb4547c,L1,Profile
c34f3833-e479-4343-a9f8-ade29eb4547c,L1,Profile
c34f3833-e479-4343-a9f8-ade29eb4547c,L1,Profile
c34f3833-e479-4343-a9f8-ade29eb4547c,L1,Profile
c34f3833-e479-4343-a9f8-ade29eb4547c,L1,Profile
c34f3833-e479-4343-a9f8-ade29eb4547c,L1,Profile
c34f3833-e479-4343-a9f8-ade29eb4547c,L1,Profile
c34f3833-e479-4343-a9f8-ade29eb4547c,L1,Profile
c34f3833-e479-4343-a9f8-ade29eb4547c,L1,Profile
c34f3833-e479-4343-a9f8-ade29eb4547c,L1,Profile
c34f3833-e479-4343-a9f8-ade29eb4547c,L1,Profile
c34f3833-e479-4343-a9f8-ade29eb4547c,L1,Profile
c34f3833-e479-4343-a9f8-ade29eb4547c,L1,Profile
c34f3833-e479-4343-a9f8-ade29eb4547c,L1,Profile
c34f3833-e479-4343-a9f8-ade29eb4547c,L1,Profile
c34f3833-e479-4343-a9f8-ade29eb4547c,L1,Profile
c34f3833-e479-4343-a9f8-ade29eb4547c,L1,Profile
c34f3833-e479-4343-a9f8-ade29eb4547c,L1,Profile
c34f3833-e479-4343-a9f8-ade29eb4547c,L1,Profile
c34f3833-e479-4343-a9f8-ade29eb4547c,L1,Profile
c34f3833-e479-4343-a9f8-ade29eb4547c,L1,Profile
c34f3833-e479-4343-a9f8-ade29eb4547c,L1,Profile
c34f3833-e479-4343-a9f8-ade29eb4547c,L1,Profile
c34f3833-e479-4343-a9f8-ade29eb4547c,L1,Profile
c34f3833-e479-4343-a9f8-ade29eb4547c,L1,Profile
c34f3833-e479-4343-a9f8-ade29eb4547c,L1,Profile
c34f3833-e479-4343-a9f8-ade29eb4547c,L1,Profile
c34f3833-e479-4343-a9f8-ade29eb4547c,L1,Profile
c34f3833-e479-4343-a9f8-ade29eb4547c,L1,Profile
c34f3833-e479-4343-a9f8-ade29eb4547c,L1,Profile
c34f3833-e479-4343-a9f8-ade29eb4547c,L1,Profile
c34f3833-e479-4343-a9f8-ade29eb4547c,L1,Profile
c34f3833-e479-4343-a9f8-ade29eb4547c,L1,Profile
c34f3833-e479-4343-a9f8-ade29eb4547c,L1,Profile
c34f3833-e479-4343-a9f8-ade29eb4547c,L1,Profile
c34f3833-e479-4343-a9f8-ade29eb4547c,L1,Profile
c34f3833-e479-4343-a9f8-ade29eb4547c,L1,Profile
c34f3833-e479-4343-a9f8-ade29eb4547c,L1,Profile
c34f3833-e479-4343-a9f8-ade29eb4547c,L1,Profile
c34f3833-e479-4343-a9f8-ade29eb4547c,L1,Profile
c34f3833-e479-4343-a9f8-ade29eb4547c,L1,Profile
c34f3833-e479-4343-a9f8-ade29eb4547c,L1,Profile
c34f3833-e479-4343-a9f8-ade29eb4547c,L1,Profile
c34f3833-e479-4343-a9f8-ade29eb4547c,L1,Profile
c34f3833-e479-4343-a9f8-ade29eb4547c,L1,Profile
c34f3833-e479-4343-a9f8-ade29eb4547c,L1,Profile
c34f3833-e479-4343-a9f8-ade29eb4547c,L1,Profile
c34f3833-e479-4343-a9f8-ade29eb4547c,L1,Profile
c34f3833-e479-4343-a9f8-ade29eb4547c,L1,Profile
c34f3833-e479-4343-a9f8-ade29eb4547c,L1,Profile
c34f3833-e479-4343-a9f8-ade29eb4547c,L1,Profile
c34f3833-e479-4343-a9f8-ade29eb4547c,L1,Profile
c34f3833-e479-4343-a9f8-ade29eb4547c,L1,Profile
c34f3833-e479-4343-a9f8-ade29eb4547c,L1,Profile
c34f3833-e479-4343-a9f8-ade29eb4547c,L1,Profile
c34f3833-e479-4343-a9f8-ade29eb4547c,L1,Profile
c34f3833-e479-4343-a9f8-ade29eb4547c,L1,Profile
c34f3833-e479-4343-a9f8-ade29eb4547c,L1,Profile
c34f3833-e479-4343-a9f8-ade29eb4547c,L1,Profile
c34f3833-e479-4343-a9f8-ade29eb4547c,L1,Profile
c34f3833-e479-4343-a9f8-ade29eb4547c,L1,Profile
c34f3833-e479-4343-a9f8-ade29eb4547c,L1,Profile
c34f3833-e479-4343-a9f8-ade29eb4547c,L1,Profile
c34f3833-e479-4343-a9f8-ade29eb4547c,L1,Profile
