id,tier,type
00000000-0000-0000-0000-000000000000,L3,Root
00000000-0000-0000-0000-000000000000,L3,Root
b2a2181b-3c62-4134-8f07-0ba68f2c77fa,L3,Root
b2a2181b-3c62-4134-8f07-0ba68f2c77fa,L3,Root
b5f403e3-8833-4b5c-ad30-5e7272725eb3,L3,Profile
872bbf1f-59bb-4aab-81c9-2d8d0ed3581a,L3,Tweet
8d59b509-8a61-4353-9c5b-60fe1ddd854a,L3,Tweet
5846e864-0233-4844-9209-2aaded89ffe7,L3,Tweet
15fc02fd-1107-4330-8013-fd80e63fad9f,L3,Tweet
d3f75f8d-a45c-4ed1-ad31-1efa1d0d2405,L3,Tweet
1f8b8e84-44ad-4335-b254-f6d6de9b4d87,L3,Tweet
c1265634-8a75-49d6-af8e-45e4130332b4,L3,Tweet
dbf83f8b-7355-4d40-8825-80b7051c7f9a,L3,Tweet
aa42c5f7-7de0-4dcc-a299-f7fde1f2d22c,L3,Tweet
253cc2ea-54f9-4e9c-b71e-e1f08bbee7e7,L3,Tweet
02bd7ddf-e81f-4e66-9f6a-b5e87e83748b,L3,Tweet
bda612d2-6266-4dfc-80de-0ccc2d7d2cb1,L3,Tweet
8de3b0d7-df06-467b-98e7-504b3da74451,L3,Tweet
b25e1ede-0adb-4123-952b-4e3f0e30904f,L3,Tweet
c34f0d2a-7941-45d0-aa3e-25a809d92058,L3,Tweet
89618209-7bec-40d5-989d-e45e3fa5230f,L3,Tweet
068def02-bfd0-41c8-b491-7e6b46e56449,L3,Tweet
2931172d-fcc5-4ee3-837d-6f32a229f151,L3,Tweet
bfd3b1b5-8748-45bf-9545-ea321953a291,L3,Tweet
ed10ef22-4fc9-41f0-a8c0-e116d0124639,L3,Tweet
e9c49afb-cafa-4413-9864-f959cf348f6a,L3,Tweet
2020fa1f-d192-41fc-8c31-0b9a83c72c04,L3,Tweet
f97dabfa-7b11-4c83-bad9-b6ce634b0e3f,L3,Tweet
43776ed9-dcf1-4836-be36-75ecadacc7e5,L3,Tweet
de75b985-8d09-4161-8c1c-81847e5530fa,L3,Tweet
b26d32e7-509b-43ab-a0e8-49da715cdd73,L3,Tweet
9ad115be-42d2-4109-98ed-7a5c5c8495df,L3,Tweet
a4f632d8-7f4e-428b-97c0-2acf5d883e9c,L3,Tweet
5c7f8e2a-2921-4b20-871e-619ba76d0067,L3,Tweet
4fbedec5-0d21-4c08-9a4b-7391f0db66d2,L3,Tweet
1feddf14-d1f1-4fef-9767-9122aea3dca2,L3,Tweet
32dbf939-55cc-4e69-b415-f7269aab2d2a,L3,Tweet
e2c62395-47d5-40b5-8525-be7472cb3ee3,L3,Tweet
92349e96-5ff2-4264-9a95-83ee741e6e7e,L3,Tweet
2f8d3a78-ce8d-40a6-b927-7dd8da7f728f,L3,Tweet
1da466ba-0e63-40b9-8bbe-b28ec9a1d97e,L3,Tweet
c23e868d-3195-4c63-b67e-e78f4eea234b,L3,Tweet
3e622968-9096-4ae2-b7cf-560f0e65dd4e,L3,Tweet
4e16aee4-0182-40f3-a006-f0116226a8b5,L3,Tweet
1eb1347e-e05f-47c1-9df7-36060f70b4bc,L3,Tweet
13299445-b8d1-4add-a31e-244b246850f9,L3,Tweet
ab2cd892-bd3d-4139-bd92-c7777f3ef614,L3,Tweet
17a4c45b-a28e-45c6-bfd4-fb9372ea126d,L3,Tweet
d7b10c93-cb68-4d17-8597-1fe4d22c2923,L3,Tweet
7609355e-11b5-467c-8f6a-c6958348ef1e,L3,Tweet
bcaac2fd-4f14-4682-96b7-3be01fb4bb48,L3,Tweet
82d1ba5a-d79d-4cfd-9cc0-168125c2302d,L3,Tweet
9a35bc41-cb4a-4790-ae6e-c33cbcfa0f2b,L3,Tweet
ca0e0131-af36-472c-abdc-e94735999055,L3,Tweet
e1765d9b-ed56-4877-8fae-64cfba3d087f,L3,Tweet
2eec1779-2e75-426e-b010-351fe24f62e4,L3,Tweet
2e911e13-5978-4b32-ab9e-6f4eec909f07,L3,Tweet
944fd113-df91-47af-b753-6376308239c0,L3,Tweet
69697078-bb1a-4cd7-83fa-faa39c339207,L3,Tweet
1d2c99fd-cdb1-45b7-90c8-c3a837a9f62a,L3,Tweet
7448d511-c0e5-4192-95af-6cbcdc4c5e4f,L3,Tweet
4bbb91bf-bcea-480e-aa50-eb2b649ec9fc,L3,Tweet
4e82cb79-14b2-4a21-916f-c74c40dc33f8,L3,Tweet
c3e2d38b-4cd7-45e8-8c73-f33fe494e4ac,L3,Tweet
1c2c2967-9416-4b4d-8a59-31e72582bf7a,L3,Tweet
781cb14e-842b-4f72-a4b1-296c2e84be92,L3,Tweet
268ce4d4-73f3-4caa-9107-ea7e9f2f6fdf,L3,Tweet
2d791299-a574-4b50-8bb6-ef24a9e5bf83,L3,Tweet
e1c85be6-2142-42ab-b66a-d553346191cf,L3,Tweet
29320200-e4a6-4eb7-b18a-87389225d250,L3,Tweet
0b78d9df-fe73-4a68-9d1e-156aa4aa198d,L3,Tweet
2048ddf8-0a71-441b-b112-6a74e5648742,L3,Tweet
00fc2afc-4d67-48f0-aee5-ee93a050181a,L3,Tweet
96f1796a-ed4e-41e0-be67-592c530f110d,L3,Tweet
acd14baa-5762-47ef-994f-b7f1bde59e9b,L3,Tweet
e85df7fb-a01a-4697-a32b-d5be482becac,L3,Tweet
e054ddaf-668d-4c1b-85bd-c76e593e7cd2,L3,Tweet
b6d150d5-9a3f-4fc2-abd0-b9cb753c87b6,L3,Tweet
f8c9b121-50a5-46e6-9ccd-a694e0be2115,L3,Tweet
02b601da-aa13-4623-bf8c-82389de1067e,L3,Tweet
cb6a55fe-e402-4e18-aa4b-61375d4e2831,L3,Tweet
7f242bda-225e-4f42-8dee-c93df9f14b9d,L3,Tweet
209ea23a-9e47-4632-8cc3-3ac21aa8ae6c,L3,Tweet
f237539e-d0fd-4090-9842-dc784dcc953e,L3,Tweet
2fa61e94-92b6-4763-b322-78c120e07b55,L3,Tweet
d0ceca74-deed-4025-b4b6-457829e728ea,L3,Tweet
b1813aa5-67bc-4c85-8d68-5b80bb68a856,L3,Tweet
1e929f38-517d-4a6c-9eaf-b489d14488a8,L3,Tweet
9c6ce3c7-6806-4eaa-ade9-7ea90a39116c,L3,Tweet
b69c69dd-3118-4ce5-8a5b-1ee69d045438,L3,Tweet
85bca365-0133-4de2-a176-66cb3d508b7d,L3,Tweet
2f507dd4-3e97-4c28-9663-020dfaacc168,L3,Tweet
b608fe63-24d5-4be8-b97e-c149a70182f7,L3,Tweet
d2f7db6f-6636-42bb-992a-f986549fa650,L3,Tweet
7e55f990-c43c-4256-a590-4e25218b3160,L3,Tweet
d6c60e63-9df6-4da2-afa3-63505ea4e2d4,L3,Tweet
76df8ade-8a15-4dc4-aaf0-33b6f14c2e7c,L3,Tweet
ee7c0325-ada2-4ee9-84ab-5c213f193621,L3,Tweet
33d43533-1947-4606-9883-37cbb9c28d81,L3,Tweet
eec39bd2-b4e2-4689-afe7-968208b92f7b,L3,Tweet
8f52ea32-841e-487e-aa56-9b3552575acb,L3,Tweet
b3225d78-7f68-4a5d-877f-f480fee078fd,L3,Tweet
9b8d42c6-33e6-470b-acf2-5ff8a8458f33,L3,Tweet
ea01056d-b46a-41e5-a563-5495e579ed9e,L3,Tweet
e099ad70-9a04-4e7c-a63c-5c1f397805f2,L3,Tweet
5e82347d-569d-415a-a481-4114372a39f0,L3,Tweet
3be53dfd-c888-4c86-94d7-2e1106b11c56,L3,Tweet
e9e40075-2e31-4740-8d3f-8cb64fbf3327,L3,Tweet
cc19b909-764d-491d-b433-e666d4aa4df8,L3,Tweet
8601ebb5-b33d-460c-87ab-61b46148b5a4,L3,Tweet
090372f3-5543-4374-9214-730a87ed1a0a,L3,Tweet
fa5b297b-80c8-49b9-8fcf-fed558d8105f,L3,Tweet
bf44ac2b-40d5-4835-8558-b5c2657f0fc8,L3,Tweet
c030235b-5049-44bc-ba48-6d1b3767e883,L3,Tweet
bfd2892b-febb-4bd2-9b4c-e4c623ee1ca0,L3,Tweet
9983fd3e-1f6a-4fd0-9fe1-d0e61b5d15c6,L3,Tweet
ce5c2985-8e01-4b2f-8093-81196a845aa0,L3,Tweet
e286fc02-d1bc-4c6e-a84b-1a53cbc0a54c,L3,Tweet
25938d6b-0a36-47d1-a9d7-dbfd29109328,L3,Tweet
f7fe277f-c668-437e-a697-fec6f04333d9,L3,Tweet
ef6a559a-5664-482f-a51d-a379d8a8d66d,L3,Tweet
dea1a20a-b9b0-4aab-9247-ba977cca119c,L3,Tweet
91a011b9-378f-4040-a34b-6831f8b3ff46,L3,Tweet
e6ccb15b-90f3-480f-a6bc-21a7889de33b,L3,Tweet
9399a941-c0a6-4f32-8c0d-ac2b3595b9ac,L3,Tweet
0a9007db-9b14-488d-b3d8-66d1ef5c0af6,L3,Tweet
f90ec7d9-dd84-42c6-af9a-f07c354cbfbb,L3,Tweet
e6a5a87d-9982-415a-b607-a14bcb31d663,L3,Tweet
0bce682f-77ae-4eba-97dc-768aaf2502b8,L3,Tweet
1e7afa1a-cc50-4268-82d5-1ca1ad8efb21,L3,Tweet
a7440a1c-890b-4e43-8bb5-6687d40a268e,L3,Tweet
769318c8-0e99-4dd2-9ae7-fb78924180b2,L3,Tweet
c858189b-5d7c-43ae-bdfb-1d2ed6c3cd62,L3,Tweet
c675625e-b63a-482a-ad65-488d1db39c19,L3,Tweet
c265f6bc-178e-46d6-915f-9e7a88a97133,L3,Tweet
6d9cfe9c-6102-4ef4-96e7-58096ed82634,L3,Tweet
669fee80-e5cc-4d14-8f05-18388997c6f8,L3,Tweet
8005067f-44d7-43c7-a6a7-91f6f96d8953,L3,Tweet
5ba7d23e-ddd6-4d4a-8507-6f89efebfe03,L3,Tweet
55530690-9930-431c-b970-fbb927428157,L3,Tweet
275258a5-4fe2-43a0-b890-c40c66b3a351,L3,Tweet
1dd7fb54-7075-446a-91ee-d9c7d44f714f,L3,Tweet
11b797ea-062a-43a7-af4f-a13d63849eac,L3,Tweet
4fd4fa00-08b1-4aa8-95b5-4938e62426b2,L3,Tweet
81ce8742-9471-4315-bd9d-7f2b90f422da,L3,Tweet
b9c32936-5d0e-43eb-862a-fd9055c2c546,L3,Tweet
4d613008-2d0c-4da2-83aa-f05cf067a7e0,L3,Tweet
0b30ebb1-c494-4cdd-abd9-5020a7a582ea,L3,Tweet
0711065a-0a93-4199-86e1-fc0e15d2fa64,L3,Tweet
06561cca-08ff-45f7-9abf-30a30b3f910e,L3,Tweet
f0f9e879-5b61-44f4-9750-09010e13cdb3,L3,Tweet
11121929-e2ca-4b28-9a23-94d5c6f61953,L3,Tweet
a5cc0d1e-7e81-497c-9357-a78733767f6d,L3,Tweet
c9f21538-101b-482c-9d57-bb73febabca9,L3,Tweet
c4e007e7-0673-4186-9bfd-2e899d2ac879,L3,Tweet
4d328bef-c3ea-48a7-a9c0-693b4021f607,L3,Tweet
bb4883af-16af-48a2-a77e-23493ff6faf1,L3,Tweet
a3cb96f8-b17b-4a68-91f3-eea6105cd7c9,L3,Tweet
47c26125-f75c-4bb0-9fe9-326f40cbfd30,L3,Tweet
ab07f878-d3f0-44a9-8e9f-ab7608372f72,L3,Tweet
ee21cfe6-c265-4e61-ac0d-4d275cd192cb,L3,Tweet
05fb32d3-e924-4fde-9409-cba923a16488,L3,Tweet
6d140ac3-ec84-4593-9ea4-eeed1e2fbfd8,L3,Tweet
6c0fe750-7325-4f3e-a850-55e2466aa716,L3,Tweet
acf7de33-ef98-453b-82e6-f70aa67b1c6a,L3,Tweet
beb99d97-c85e-4e1c-9edd-a3f77772db92,L3,Tweet
3435af9c-2cde-4cda-ab9e-30a1ba4bce8c,L3,Tweet
ea883d56-4b81-458e-9b45-79b0a0d603df,L3,Tweet
5cc589be-e3d0-4169-a1fb-5645eabb6615,L3,Tweet
55ae6642-c419-4537-b058-c9e5846728ca,L3,Tweet
abd59a83-848a-401a-805f-6d885cc98061,L3,Tweet
b8f51786-c2bd-4bc4-9418-1442bb68ec4d,L3,Tweet
a77afea9-81b5-472e-a55d-f6f8425e051b,L3,Tweet
5cc8a922-0edc-4f05-999a-1a2bad3e203e,L3,Tweet
3ee6d63c-ec1f-4854-9abc-f23273992f7f,L3,Tweet
b0bcc4b2-f34b-4621-a7dd-28b88fecb136,L3,Tweet
cca7f7a3-c589-4630-997a-22304910b1a5,L3,Tweet
924f342f-6a93-4f96-9aad-9ee4f0094910,L3,Tweet
270f66e3-0a75-4b44-b3fc-d0289e8e8c54,L3,Tweet
0c69a5d8-bc08-46a7-9f0b-80b0b2174c81,L3,Tweet
91f8520f-f5cb-4391-8f1b-63a0d0c48203,L3,Tweet
8c386525-b7c2-434e-9c87-2a91d62e18ea,L3,Tweet
abae5035-44a8-4f3b-9176-68682712fdb6,L3,Tweet
5063fa56-6100-45f6-92b0-c55a3517afbb,L3,Tweet
9ed57c03-c06a-430c-b0fc-04e5b9e19b80,L3,Tweet
ef300c08-981e-4371-8217-9af13a707c3c,L3,Tweet
fcaffd95-9033-462d-afa3-e65e80e7d941,L3,Tweet
f7b0dd3f-bb90-4820-9d90-63cd709b9cff,L3,Tweet
01407fd6-fc4b-4522-8c98-833995bcb3d7,L3,Tweet
eaaf9d4c-08bd-4659-851b-3fcdf40ed487,L3,Tweet
a5c930f0-06c1-4b06-803e-c4e11ae75790,L3,Tweet
7286dc20-b8c5-49e9-81e5-4a66770dfdf4,L3,Tweet
f5a06047-586a-4eb3-b061-e06e393dba07,L3,Tweet
d8284c51-33f5-4e2f-9414-2ead0a802f49,L3,Tweet
c0de7e23-5128-48f7-9bfc-d41526ddb766,L3,Tweet
9a84cc5b-12eb-4a43-9434-bb2bd0423d88,L3,Tweet
5bd413da-1455-450c-a4de-93e3d4ba76d8,L3,Tweet
1147f590-523d-4e74-b453-0448dfba2a1d,L3,Tweet
85e27708-a8d7-4fdb-8fe6-657f3986cedb,L3,Tweet
6fb20cb6-c96e-4325-91d7-1b0a65dadd38,L3,Tweet
0b811977-8ec6-4064-9a1a-027bc9b099ab,L3,Tweet
4f9af769-39c2-4d51-b356-cd6782d83970,L3,Tweet
8d2bab52-641d-4043-a585-e7f09f8195ea,L3,Tweet
3bb2ac1f-3e0e-41ec-b227-9e11de681757,L3,Tweet
ca87ab48-6721-46aa-b9da-67067ba4aed6,L3,Tweet
d64c487f-44a2-46e7-959c-90e4ae3d02c2,L3,Tweet
ce9c8800-d29f-45aa-b0ec-b76d1f8818bf,L3,Tweet
20f7075a-9b34-4b4a-b381-d5c6c5a86f0d,L3,Tweet
9619907d-32e6-41d9-8295-47421093c6ac,L3,Tweet
7fc35337-13de-4102-9e28-e66b064a115a,L3,Tweet
8143249c-1b66-4708-8ec7-98d073e08997,L3,Tweet
1f48b3e9-2f45-4fb2-b895-a142c605cf63,L3,Tweet
d81c7f42-6ca6-4899-9d08-775d4f56085b,L3,Tweet
17161f4a-d38d-4d75-a46c-74f3f3ab4a97,L3,Tweet
d077eaf2-067f-4361-9563-f6f7683e6768,L3,Tweet
93adc568-9ab7-4d9a-b756-60f70af1af65,L3,Tweet
a8e9e29e-737b-4381-8e96-0942878d3ffb,L3,Tweet
10ce0462-bf43-4a4b-ae86-11646d0dc2a9,L3,Tweet
df3bdcbf-9a59-4dd6-92ef-bb5f1d0d006c,L3,Tweet
d639f217-75bf-42e9-9406-3d34bd01f437,L3,Tweet
3a713a8f-b28b-4cf4-af1d-099a8a336638,L3,Tweet
ed997508-a13b-416f-a229-380e76e108e3,L3,Tweet
7cd8d6d4-82a2-4ccf-a115-4bd3b05b6b75,L3,Tweet
564059a5-67ee-41a6-be20-a43ce321434b,L3,Tweet
0f8c4b90-722d-46cf-ac6c-072f668ead70,L3,Tweet
50b2905d-3fda-40f3-b1f3-9a375a116d55,L3,Tweet
97a5c3ea-f49c-4e6a-a224-f5b0cf0ec769,L3,Tweet
9b6ba33e-6e00-4fe5-9cd4-83fa241996bf,L3,Tweet
27425ba0-1290-4569-a545-bb2a3ae3768b,L3,Tweet
359e6baa-9a1f-40d2-be33-38a2e66800ac,L3,Tweet
0562f016-a1f6-43e8-9088-2a5b656197d3,L3,Tweet
756acea9-c07c-420b-8709-71e42977c98e,L3,Tweet
30d1f516-84f7-4fc4-ba4a-8f7cf3909495,L3,Tweet
47f28f57-d1fc-43b4-9385-679af84536d8,L3,Tweet
9d8f14c0-1a73-4043-bb52-7449de2eae73,L3,Tweet
c3580d9c-2406-4dce-87c2-160a5663a468,L3,Tweet
4c991fba-dc86-4ab2-86b6-0be4c06e511b,L3,Tweet
6e97722f-c3cf-48bb-a019-d47408963704,L3,Tweet
f917ad67-ae55-4224-b2cf-e87ed9a86077,L3,Tweet
c4a90a99-a70e-4284-b8f0-8145d97f11a4,L3,Tweet
30d3fd70-7993-4e40-bdc3-42ff80cd8c0b,L3,Tweet
359cded8-b75b-46cb-9514-1777434174c1,L3,Tweet
6bdd0a6e-2d52-4306-8c6e-f1f040d207c4,L3,Tweet
8d169170-4a81-4cbd-978e-99da06b3888e,L3,Tweet
c5f5c83c-fab2-4c02-aa2d-407120a5c8bc,L3,Tweet
eccef5f3-91cd-489b-978b-25277264d9c0,L3,Tweet
ef489281-3a8f-49a9-8b1b-575a56932479,L3,Tweet
6082b223-f95b-45b9-b12e-45bb49923d0a,L3,Tweet
77669ac7-f0e8-4282-8440-790810beeb6c,L3,Tweet
7a1d7888-f7b5-4965-a24f-827a7c460780,L3,Tweet
985d411b-d3ff-4de7-9886-9cf8c3ef5ad7,L3,Tweet
26bd1f51-4c28-4a43-9db9-0ba7ef0b8b84,L3,Tweet
f765dfc4-eb11-4a54-8bc6-c6b3a7ef483c,L3,Tweet
0ca0a428-46b4-4f13-8691-e1fc9e1377f7,L3,Tweet
52b36372-8d1b-4bd4-95ab-54eeb3a7e339,L3,Tweet
9c8f331c-84aa-41d3-9f70-8f726982ab42,L3,Tweet
e2b384e3-738f-44ae-b1e1-28380e5a012f,L3,Tweet
853b40ec-16f5-4ce9-8974-922a9b751f62,L3,Tweet
cd40d6be-842c-4180-a144-a4f097eb8c07,L3,Tweet
320957d8-773d-4b0f-a549-86a088fa30c4,L3,Tweet
456f82c7-1d3c-47ad-a457-f17a0947b3aa,L3,Tweet
2356cda1-ef1c-43c5-81bb-6aff84acfe94,L3,Tweet
d25c0056-450c-47ea-b142-9cbe08d3c309,L3,Tweet
299a51cf-92ad-4e44-b0f1-8b3a446ded84,L3,Tweet
be3afdfc-0596-42e4-8ddb-c3b21db04936,L3,Tweet
3f8cad5e-21b3-4cdb-998b-b6f114fae02e,L3,Tweet
c288f0d3-c93b-484b-93e6-39859dc1a6a7,L3,Tweet
a2e16dd5-0a74-4782-9b65-32de1a7164ef,L3,Tweet
7ee69e27-8ed4-4d83-a0aa-83d4535e67d2,L3,Tweet
33372b05-867d-4b91-9b6a-cde47bd6537b,L3,Tweet
af90b7cf-700f-401e-a7ac-dffacd1ac062,L3,Tweet
b4875653-36a6-41db-9d23-b3898c25c603,L3,Tweet
4b18e491-77dc-42c9-b954-941a76204496,L3,Tweet
5c1428b2-bc7b-4c13-99f6-e38b03b102e7,L3,Tweet
83a0ccfc-1eca-4b5a-8c90-3e97b044ebbf,L3,Tweet
1f527dd1-e9d5-4a3a-8e23-c55ada7e1279,L3,Tweet
58681bd3-fd07-46a7-b655-82d22615cfac,L3,Tweet
c535d0c3-9763-4b95-ace0-1b3247ab84c7,L3,Tweet
e12df1e5-ae51-401b-aaec-630c1197680a,L3,Tweet
34f2f004-e46f-4c23-bbb2-6518edc4483e,L3,Tweet
6ac001f7-a616-4a20-be05-6ddcf5c7b923,L3,Tweet
ca615315-faa5-4a33-9412-b1d48a8a4f5a,L3,Tweet
ebdb6ba5-9919-46e7-a3c1-c1f54f65b2df,L3,Tweet
8bd937da-6c57-4251-bb80-cbc0779a495b,L3,Tweet
fee3660a-333c-4dae-9ae3-430da3a15f15,L3,Tweet
e7f80ec0-0ee9-4ad8-b0a6-104297aaf50e,L3,Tweet
51e3f666-45de-4339-a530-272973761917,L3,Tweet
f47d99ef-1588-48a6-9572-8cd0d9da21d8,L3,Tweet
4397dbc9-3108-4ba4-8c66-f6c4439b0713,L3,Tweet
094f6ffc-5e57-41e3-93a4-072e232137d3,L3,Tweet
374dc9f4-b2f6-439e-b3ba-328a1c163392,L3,Tweet
aa5acd9b-2546-45e0-adc3-0246d294d7ea,L3,Tweet
2ba85d3a-dd0d-4178-adb7-9a703b27072f,L3,Tweet
30928ff7-7d20-4af4-bd1d-f92549e0bf81,L3,Tweet
3ca0285c-5f61-4821-b158-b24f6d0278b8,L3,Tweet
644e6db7-cf78-417e-9dee-1ce388f31928,L3,Tweet
97444689-19ac-4ca0-b9e6-893ca78c7666,L3,Tweet
d0d0a57c-8b8f-4538-957f-7908245c08dc,L3,Tweet
2c0db348-816b-4137-ad8c-a04ae656471a,L3,Tweet
352bf15a-77c0-4913-b66a-36cfe7293400,L3,Tweet
3073ad23-fb5f-46ba-82f4-3d352ef11fb0,L3,Tweet
8609d13c-78ae-4a73-b093-2ee0b5f7e402,L3,Tweet
c34a27e2-ba26-4905-ae4c-fc0c2b150e50,L3,Tweet
198510c0-1c49-467d-97b7-4a192379b8f9,L3,Tweet
647b4194-b593-476a-88d9-f930e67cea99,L3,Tweet
03bbbcee-e114-4cf9-9d97-8a902907ae1b,L3,Tweet
5173bbe2-56c1-4395-8fcc-6680557597fe,L3,Tweet
521229d8-247b-4a82-ba85-b889ebbc4c12,L3,Tweet
b6a52b51-de21-4bd2-9cb7-ddcddb3ab8fc,L3,Tweet
43d69258-cd62-45a5-a94e-2f7ca8723dc2,L3,Tweet
ebfb53d7-1ed6-49b5-8173-1838cd34c275,L3,Tweet
52161166-7968-4eb0-951e-888656111645,L3,Tweet
3481c100-f9f6-43b0-9fa7-7114cdd931c1,L3,Tweet
934bef8c-cde1-46b4-85cb-fd4796969821,L3,Tweet
efef8957-9276-486b-a06f-f20986b48510,L3,Tweet
1ba73790-71ec-4fc5-8053-1464f5790cf6,L3,Tweet
afd152cf-874c-49bc-8cb2-66a90e070f4a,L3,Tweet
7f55f6d3-c68a-427f-b8a2-f9b6c64dad7d,L3,Tweet
babfaf18-1df7-4e52-85dd-9bc4cf362cbd,L3,Tweet
7ba4633e-6086-4e28-a94d-5ed48c094f41,L3,Tweet
50978a59-220a-4a61-9f80-3d5f5c47efb4,L3,Tweet
aa85badd-1042-497c-a302-2db50b5fea06,L3,Tweet
0b6b4b0d-8e8e-4c78-8756-401b0c9e9a9e,L3,Tweet
b24025aa-706a-4f74-9c29-343fcbf886a9,L3,Tweet
add1eea6-2af6-4bdc-8370-a87100d30fad,L3,Tweet
02dfac06-f309-4870-8a8d-a8b072d41325,L3,Tweet
8600086e-d4df-4a7d-bace-a7c059e87e10,L3,Tweet
1ca93f4f-d335-4ec5-bd0a-df2c9ba6ee20,L3,Tweet
503f042e-3ae7-45aa-802f-6241dc10be82,L3,Tweet
765362cf-0cae-4f9f-b1f8-b76110659c1e,L3,Tweet
776e0b6f-8a8f-431a-8164-750824de8846,L3,Tweet
28536811-5472-4fb6-93b8-bec9324b3d31,L3,Tweet
687a9cdc-d6d4-4b00-bfde-1e7a1ca7428d,L3,Tweet
ab382d3d-6308-431c-9e17-135e6bb56054,L3,Tweet
fa83d6af-9dea-4fa5-891e-c68e6a515930,L3,Tweet
72090c13-b806-46a9-9aab-b3725dd00b0a,L3,Tweet
bd10df2f-586d-40e7-88eb-0d739161a9dd,L3,Tweet
9d26f272-cb6a-4b11-8dd9-680282075041,L3,Tweet
937e18f7-b898-4406-adc5-dcaae1f4c994,L3,Tweet
9b14c5d2-6d13-4fe9-81a4-8d870cb0e294,L3,Tweet
5296027d-fea4-4b08-89db-fb1a80057682,L3,Tweet
30e93320-05be-4386-8ed7-78746eb9c8ac,L3,Tweet
9901c8e7-f441-43e1-9f39-298ad93c712a,L3,Tweet
c435d16e-4b45-4394-9c64-c48c97595813,L3,Tweet
2aaccd89-f7a6-4280-94ff-c3a7b0ee946d,L3,Tweet
b0f9f7e9-5d36-4b58-bec4-67496efae5a5,L3,Tweet
247af782-46ec-4356-8c05-712e9785719d,L3,Tweet
64d173b0-9b3e-4cb2-a94c-a24b018ddb19,L3,Tweet
10985020-4cfe-4b6c-8ff4-385b46cc5078,L3,Tweet
013cce47-5405-4531-a040-553a6c310a95,L3,Tweet
beb8dac6-e216-4d91-b9a6-b302b8f935d5,L3,Tweet
f5b35ad9-bc8c-4149-a89c-a8a633d3b35f,L3,Tweet
c77a5472-bd67-438a-8570-ba6f060f6f6e,L3,Tweet
c9e2b1d2-1e5f-4843-9093-43c9c11e0e3f,L3,Tweet
09314ebb-687f-46f3-9199-b8832f13c80c,L3,Tweet
3628d580-13e5-4fcc-aaa0-ea89f7e0eda6,L3,Tweet
3843c93e-536c-464d-8d6f-39f74061b70b,L3,Tweet
72721c0d-b0fa-40f7-8a83-3c85882646f1,L3,Tweet
a5d2480c-a92d-47d3-8973-1e6f70b72a49,L3,Tweet
d2e06ba3-ffe6-4c1c-9aaf-541cb3f15830,L3,Tweet
83270686-a691-433b-a70a-bc5b175ab66d,L3,Tweet
5608c27c-7b13-4ab0-bc1c-3ce7d3199f12,L3,Tweet
af53ecb1-1d41-450c-95f3-b48e115446d8,L3,Tweet
9fa65759-c819-46d9-bb4a-109dc62792ac,L3,Tweet
37bdc258-f0bb-4c7b-a68b-ecdc6fc8ddb6,L3,Tweet
ea71512d-2541-4d04-a8b5-df8167a5da1d,L3,Tweet
c8c0f7c0-2cc1-466c-973b-79b1727c8daf,L3,Tweet
9736c0d9-060f-4009-bfaf-5c043cf2a9c3,L3,Tweet
3e3183ac-0b5f-4686-ba0e-71444b4fdc32,L3,Tweet
d29c86d7-0073-455a-9772-c15b5c426c19,L3,Tweet
a3d98433-8bae-4a6f-9d6e-d1e0ce4b94e7,L3,Tweet
01b3a219-885f-428f-a71c-81a8a5a62f5a,L3,Tweet
dec4f462-05b0-4749-9f6e-946962acbbe6,L3,Tweet
ac6e968f-72c4-475d-89f6-650a4a538e69,L3,Tweet
70742a45-4f27-4c49-aed1-f6fef7d32dc8,L3,Tweet
5d97dfc7-48d5-48dc-8c53-f48a84cddfe4,L3,Tweet
557e5986-1b5e-4e0a-8626-d49bb64051e4,L3,Tweet
a845fa6f-f6b3-495a-b84e-948c9ae9504d,L3,Tweet
cec52ebf-8215-469d-8ad6-85cba9ddfd14,L3,Tweet
b80ae377-0344-47fa-8fc7-67a3314246e3,L3,Tweet
6335464a-7648-48e2-94f1-1b684485fe98,L3,Tweet
4a5c4e6a-caa2-4551-a644-aace049c2a3c,L3,Tweet
fd6824e3-9683-4d36-9801-6cb3602057cc,L3,Tweet
18c4b7e5-191f-4c95-b012-048dc1ed7ebd,L3,Tweet
9c49b250-2ed0-427c-aee7-77a75cb259f2,L3,Tweet
8cb6bfbc-ff3e-499b-b603-222e8e6d35bf,L3,Tweet
89d54c97-7452-49e0-a941-c15380bd545c,L3,Tweet
7599c546-b26b-4bbf-9eb3-8caa9bde23f7,L3,Tweet
f4c4b382-0b7e-47bb-806f-ba206f76956b,L3,Tweet
8c6b37d9-73d9-4d78-91cf-df348b3eaaa4,L3,Tweet
1f8e272a-227f-439f-80ba-01b1d5bf9c65,L3,Tweet
fbaf0351-0f3e-469b-8371-a43ec1eab006,L3,Tweet
2cc2edce-87d9-4bb3-89c5-fc510c242173,L3,Tweet
bc6e54f6-4941-4b53-aa2c-222c7a47c4d7,L3,Tweet
3060ebea-fa50-4e6b-9b39-606dcc061042,L3,Tweet
bf982985-b376-46c4-a200-59d04bf5f39c,L3,Tweet
c6b83bb5-5c28-411e-9c06-aa3889adb464,L3,Tweet
b611b0b1-378e-4652-8570-ed797a4cdf10,L3,Tweet
a04658fe-959e-4191-8215-b4de040a43b8,L3,Tweet
b3eb3c8e-1690-4391-9259-9782532d7fab,L3,Tweet
a90ec680-b465-4918-96a7-9b299408a0e4,L3,Tweet
01820769-7d2a-4448-b6cb-a6192a9c0066,L3,Tweet
04831534-0f53-471c-bae9-f77070c9510a,L3,Tweet
ec73bd01-aa1f-4e00-9e97-f1bea8d81308,L3,Tweet
edc97b85-caab-4f5c-aa30-5384f52f55ee,L3,Tweet
5b4726ae-a534-4faf-92c9-afae3018c2f8,L3,Tweet
8aaa238b-7f65-42b7-b13d-b787dc3b6f76,L3,Tweet
fb12facf-b375-4d04-b105-457b900e4b36,L3,Tweet
227579e7-d8f5-4cdb-bb48-fef357025bb1,L3,Tweet
5038426c-6259-44fd-be5c-6c0724a1a0f6,L3,Tweet
06edcf94-e703-4425-b86d-32e2f2be1cb5,L3,Tweet
17273484-8323-49ec-9bcc-5dbd67598c2a,L3,Tweet
fbe69023-6c31-4e20-97f0-9720d9b4854e,L3,Tweet
e305fd19-9ea5-4567-8ebc-22e148acb2cc,L3,Tweet
201c48d3-5411-4559-a9ad-9d77ff8b454c,L3,Tweet
9a12b575-52bb-4dc4-b98a-8d5e9c859335,L3,Tweet
ba92bcd2-3523-4a06-8e2f-12077f7362d9,L3,Tweet
17920aca-6c12-46a0-8d61-5da69ad2c1e0,L3,Tweet
e4e3106f-147b-4000-9033-8c2da732c189,L3,Tweet
a8e61a5f-dc75-4f35-9a31-bc4267aadfac,L3,Tweet
c3ec31c9-265f-44db-8b70-ba64766fdc01,L3,Tweet
41973cb8-4bdb-4e92-a87d-cb8064e08ae8,L3,Tweet
86155aff-3703-4759-a338-ebf9c8e9986e,L3,Tweet
a3f933f9-f2ef-4dd3-8e2f-e09530d303c6,L3,Tweet
8b84978b-875a-4faf-a686-e515e1acfb90,L3,Tweet
2bedc743-6d02-4e4c-a513-40e0e6981c2c,L3,Tweet
4d960c14-4897-4c42-8585-9c20e6bebee8,L3,Tweet
846e81a5-675f-40ac-a33d-026edf3ee971,L3,Tweet
98f22fea-d011-40c2-9532-38d68a78f5df,L3,Tweet
312912c7-f94c-4cd0-b965-c77ee8b38929,L3,Tweet
3af68add-2816-4f2f-b6fd-8cadb12ad07f,L3,Tweet
4263e99d-2aa6-4616-b206-e3791b6db6ba,L3,Tweet
dcdabd34-a63f-443b-9641-67d374164e19,L3,Tweet
0a952c2b-cecf-44b8-8fa4-d784aac05a04,L3,Tweet
e12b356f-a139-49e1-b644-98f2a570b2a8,L3,Tweet
3cce3fb6-37e4-4e6e-8459-c721bf1d0cfd,L3,Tweet
3d7a231d-2143-463f-b75c-c3ac41f62cbc,L3,Tweet
36f30d5d-9233-4ff0-858f-0c6ad230c071,L3,Tweet
9ae4319a-beb4-4cac-bf90-9bab9a1b0eb9,L3,Tweet
2c0ae09b-1ca3-4490-ae1d-d5b57538a0b9,L3,Tweet
1718f389-62f5-41b4-88ca-8a7cfa5e5a78,L3,Tweet
24235673-9c82-4ab6-9ef5-c188562cc35c,L3,Tweet
df2542de-4146-45bd-8702-a7f3cec16a56,L3,Tweet
80d93d12-160a-4b69-b88e-e978a5725eef,L3,Tweet
19f9df7b-f366-4f54-ae7c-ea9b211d9a77,L3,Tweet
f72bd12c-392f-4b11-b11a-1f5beb4195a1,L3,Tweet
6337ea74-a9f4-4e12-8528-40a6528ff916,L3,Tweet
551b70be-24ce-44d7-a342-fef4fba18d8d,L3,Tweet
d9e6469e-df6e-4788-b650-a18d1dbbc2dc,L3,Tweet
e6d1be73-dbe3-488e-aa35-f853a5c6bad1,L3,Tweet
67284565-56bb-4d57-8f09-845e3fd812e6,L3,Tweet
a3f5df2e-0d1b-4930-96a8-56244484e6e8,L3,Tweet
d5a18bde-27d8-4528-89e5-462eea3e59ae,L3,Tweet
c72f13ad-6cbb-406e-a006-15f95181a7fc,L3,Tweet
6ad16dfc-b3f9-4aed-aea7-4d83904144ec,L3,Tweet
dc38be95-447b-4ef1-a05e-ebaef756d0d2,L3,Tweet
2c9b2b42-9d5e-40a1-864d-097f41c833d4,L3,Tweet
fb3e06a0-c671-41d3-a740-127a990bc1a3,L3,Tweet
44e867ed-49a7-4304-b6fc-8528e2f9bd9a,L3,Tweet
32a2001d-09cb-4a1e-b043-fe770fd4ad2a,L3,Tweet
1864c7f5-4e2f-470f-8771-1d47c57f3217,L3,Tweet
9460af8c-ac29-4421-8216-1c640ddd352e,L3,Tweet
57d2df1c-af0d-4990-b6ae-7a7b701e188a,L3,Tweet
d76dfad9-f74b-481f-a21a-7509c051980e,L3,Tweet
67b4bc76-7e81-49dc-ac14-29dba0d5e5ed,L3,Tweet
16d3d41f-8741-4c4a-823c-36a94b2e890f,L3,Tweet
2937f5fb-68e1-4fc0-a78f-edee24583655,L3,Tweet
c3706329-8a59-41a7-a9ea-9dde1d5bd312,L3,Tweet
31f219aa-00d8-4520-a70b-ea30521d233a,L3,Tweet
22bf01ef-e244-426c-b570-2a46bf700210,L3,Tweet
17ff7e39-ea3b-497e-ba4b-3b6b113f9e60,L3,Tweet
cdadc441-984c-49f0-8f63-cb93d819c5bb,L3,Tweet
8d2a3742-7626-4e5c-891e-e58fc0dd0d9c,L3,Tweet
5277861a-0777-4e08-8194-1d70e2015a31,L3,Tweet
1b2f2e8e-be37-4566-ad26-da8a3570617b,L3,Tweet
dfcc40e4-7c48-48b9-8f7c-a302257bb5f0,L3,Tweet
fc5e03de-47af-41bd-a59c-f8c621fae070,L3,Tweet
f6b9f584-d3aa-4d9e-b108-306732351cdf,L3,Tweet
89aeeca0-8504-4306-ad75-9fd247ea7df7,L3,Tweet
f10dd21f-6cd1-48d5-8f01-ac7f3eea0f6b,L3,Tweet
6f41d601-367a-4440-b6fc-67ec1ebe47bd,L3,Tweet
2eb6ad2e-4565-4559-b177-53ab7b2041de,L3,Tweet
fa31eeea-7140-4aa8-a2a2-3db2cc8bd190,L3,Tweet
f9370d1c-bd75-4cb7-b3a7-03e9ffd91a25,L3,Tweet
aa0a0366-1042-4d6f-b2c2-e212fcc6acfa,L3,Tweet
a085a6cc-d9f2-4f6c-bca1-5e5169f6f2a5,L3,Tweet
a1d01d22-f37e-4581-88f2-9f71b532234c,L3,Tweet
64dba659-563b-4238-a536-2f853be3f4f4,L3,Tweet
57b09b68-f9ba-4d3c-9afa-2236f0b80d66,L3,Tweet
106b009d-47ea-4d6a-bb51-76315090bfb8,L3,Tweet
0f107be3-ec4d-4ea0-974d-827f2b185edc,L3,Tweet
69d5007c-1e77-4c00-b8cf-0806ddca866d,L3,Tweet
65cbba36-ede8-47de-9c62-d8fd768ead82,L3,Tweet
86b2039f-616a-4be6-8977-a379b3904c59,L3,Tweet
68ee3ee1-42b0-4ada-accd-6a83f692356b,L3,Tweet
0ce18f02-9b3d-464c-8e70-4d81631c6562,L3,Tweet
6eca32c2-1009-480e-a8ee-00b74f1c1605,L3,Tweet
4878a40b-24fc-4d2e-8358-0d5580024dc2,L3,Tweet
671b0514-b993-41ff-98be-2818ed56c1a2,L3,Tweet
19e1f123-53a8-4db1-bbe0-fb95bb373c60,L3,Tweet
ce287ed5-a881-4fc2-b78f-4a1e6988fa8a,L3,Tweet
5bd9d0a0-530b-458c-ae66-68f712f74e72,L3,Tweet
98dfaaaf-9b0b-4704-8239-42d4bd33e371,L3,Tweet
62c88ed8-faac-47be-952f-4e923712c0c7,L3,Tweet
ac1519fc-3e8e-436b-9c08-5199381bf7cf,L3,Tweet
de078922-16d5-4dd3-8541-a5ab10b33bf1,L3,Tweet
926760be-7a01-4091-bbfc-a9076ee65fc1,L3,Tweet
b9d09016-e569-4549-b724-999d64cee820,L3,Tweet
734968ba-8f22-43d4-9f2b-82b548ac99c5,L3,Tweet
913a6dee-8553-45b4-8690-d2dbe0fc5e85,L3,Tweet
1c31a326-a451-4190-b099-10e56893a0ff,L3,Tweet
a4d5ec12-d194-4dff-8462-f4969370188f,L3,Tweet
2cffaf8a-e9d3-4c7b-881c-e4594a9fdbc0,L3,Tweet
70d54bdc-7afb-41ff-97d6-08ffc9cc90bf,L3,Tweet
a1f69487-d3c8-4ee7-9292-427a1ced05bd,L3,Tweet
3194bdd5-5902-4648-b738-5904e2d1e42c,L3,Tweet
73ade0de-fec4-4636-8083-57546b5cce9b,L3,Tweet
b6602535-f255-44b3-b090-a3439c65cfcc,L3,Tweet
6ea7d707-c659-46ae-a250-fc43d9cc0734,L3,Tweet
98e2f862-8f96-41f1-8cf7-6a05dc0c76de,L3,Tweet
91a983b1-408e-4071-9c19-bb251922fe97,L3,Tweet
30b6d2d1-f218-447c-86d4-1bbb0f8269a8,L3,Tweet
9b153748-9d3d-4003-9059-325239a35887,L3,Tweet
91a8dc4b-9cd3-42ba-a847-6f088e468f72,L3,Tweet
d0ee262e-2497-4827-906e-935717fd342c,L3,Tweet
1a722400-d815-42b3-9bbc-c30aca1d9124,L3,Tweet
b4f14a0f-7fa0-43b4-a5f8-c1a3f856d76e,L3,Tweet
b921971c-337a-4ab7-8767-00d24de3d625,L3,Tweet
d427487c-550e-4844-8c62-825bb549b576,L3,Tweet
7e5d4147-1103-4438-881b-31606a420000,L3,Tweet
b63dd7b1-e9e3-438a-a268-11df27df00e2,L3,Tweet
87de22db-1220-4d40-aca0-272c6c038dce,L3,Tweet
aa6b07ec-a866-4405-af3c-c517ea529843,L3,Tweet
58cf7b56-285d-4808-9c8f-cd671bd04de4,L3,Tweet
6020e6a8-40ec-42a9-9845-da673a1a10d9,L3,Tweet
655c8f0c-7b2b-4990-a5ec-7ac2285adc58,L3,Tweet
69762a66-46d4-4118-8c9f-3592b9051c9c,L3,Tweet
c48a3be7-45f2-4604-970e-635966578840,L3,Tweet
aee460ac-6dec-4627-ae79-cb92489275f7,L3,Tweet
a8c23366-9acc-452c-9956-b827461ffafb,L3,Tweet
fa7ae40d-9361-4546-b689-c425cfd7b67f,L3,Tweet
b18ed55d-be4d-4ea8-8ce6-e8435033b7be,L3,Tweet
5c6910f5-7960-4ab2-815d-76164f951e63,L3,Tweet
fd6506aa-f91d-43e7-8892-8014ab36f0f7,L3,Tweet
2a475f69-1aa1-4daa-b5f5-44dc7eba6f28,L3,Tweet
71769510-ac89-46ac-b88e-96477dcda75e,L3,Tweet
7450d857-865c-4b36-b2f5-2ee14f67637f,L3,Tweet
6506717c-cb81-421b-adbb-efa41360f4f0,L3,Tweet
781519dc-433e-4ec1-adf0-728990026571,L3,Tweet
35fd5658-5eca-4264-9231-22c80589b11b,L3,Tweet
56037b9a-1e36-4c3f-9305-8ae06315c544,L3,Tweet
a6129ecd-3453-4841-a810-419fca4a35f4,L3,Tweet
5d63c15a-84ad-4e66-91b6-251dcef3872b,L3,Tweet
52277dc2-7c18-4f56-90c5-6f26a7b6430e,L3,Tweet
a3818dea-4bb6-4f6d-87a9-5a6144058c8a,L3,Tweet
b2f88eb9-fc9c-40d5-bd5a-00044ebcc123,L3,Tweet
eef09cb0-d93c-4b54-aaa5-734959442aa0,L3,Tweet
c3ed3bde-82e0-4ea2-b502-22cc5dec318f,L3,Tweet
465b1e3e-44c1-4ee6-81ce-1121150cc882,L3,Tweet
f99ed22f-6a0d-48f1-99a1-f36873507fdb,L3,Tweet
14d9024b-d769-4d08-9f42-81df57c7b2b7,L3,Tweet
30d6dcfe-b9f2-4742-a530-212da13c85d5,L3,Tweet
9a261122-2e9d-421d-806d-850f7268a205,L3,Tweet
bbe21226-b3c8-4681-a859-033b9b5417c8,L3,Tweet
b870c9d1-31e0-400c-b0ad-b12ffd77a2dd,L3,Tweet
aa60a9ef-f5a4-456b-b9aa-63280fdf3ff8,L3,Tweet
1a2f7d8a-e0a8-4876-bdf8-11fe7b12d0ab,L3,Tweet
4e90a9fa-58de-4620-9681-9028d454fdc8,L3,Tweet
b82bd633-555c-410b-819c-a03a2ee0972c,L3,Tweet
b0bc83e4-df0d-44f4-aaa2-ee770898c0d0,L3,Tweet
58d08530-45fc-4ac2-91dc-10e9286134b5,L3,Tweet
bb984c45-b5be-4e86-9b02-6b2a7bd5e208,L3,Tweet
48b679f4-1daa-4d66-ada3-176bee93eb90,L3,Tweet
b876c4d3-c378-4ad3-99bc-77a0bda056ca,L3,Tweet
f8a26df7-1de5-484b-bd0f-7e25c59cf6d2,L3,Tweet
21d92bf3-601d-43eb-a6bd-17ae83953935,L3,Tweet
5f03f9a8-473c-4228-8325-8266dfef05d3,L3,Tweet
0b6a766e-1876-4082-8839-e1afd723682c,L3,Tweet
d33c5fb8-416d-4f75-9836-1c8948d5e158,L3,Tweet
a72daa45-b1b6-49a3-83bf-93c7ec408fbe,L3,Tweet
85d7b063-5153-46e0-9d4f-364b299558b5,L3,Tweet
2a949ae4-7ec6-4551-be18-f5bd0abdc13d,L3,Tweet
683a8160-6e9e-4db6-95a6-40f4f635aa05,L3,Tweet
7d9026d3-79ee-42f8-8dbe-7e4989fee650,L3,Tweet
1143629a-da6b-4e1f-831a-e4be96ee0d39,L3,Tweet
18a8685d-1cb6-44e1-939f-3b0e45a173a6,L3,Tweet
9540ba10-7618-46b5-bdd2-65373224c65b,L3,Tweet
37d78eb1-4a20-42e2-906a-286e2a2ff276,L3,Tweet
41568933-799c-4c86-a38d-de25c5da59b1,L3,Tweet
dac0e623-2dd6-4394-a0aa-34d2ff7e7a8d,L3,Tweet
944251e0-aa56-45f2-9efb-c90b39ce4054,L3,Tweet
a24cbcf3-644d-40de-9ea0-8e51361b9101,L3,Tweet
2de6315c-ff6f-43a2-90ce-7c66845a4661,L3,Tweet
1bfa46bf-579a-49c7-8da8-c90229e0acc6,L3,Tweet
f9382114-1bf9-4775-a4c5-ccd948e52e03,L3,Tweet
30b8d265-ddad-4ce6-840a-7ee75b71c05d,L3,Tweet
ec2d47c1-b08a-459c-8b1c-e2978bec49c5,L3,Tweet
3919ed0c-4ddf-4702-8196-e43a975c1b53,L3,Tweet
38e04693-8014-4b1f-b510-272d1bfbbb46,L3,Tweet
629e2653-4afd-456d-adf1-71212976fd51,L3,Tweet
6d4af9ce-0a3f-4c2a-8715-af87a90fe8e6,L3,Tweet
e66fb08e-8056-4a9e-ae83-db6af07753cc,L3,Tweet
9f7a3399-dc70-4229-b305-e323d25e972f,L3,Tweet
10d03e94-9028-4475-a895-1e5b941bd3d1,L3,Tweet
7aa4f3f8-1333-4e32-9f12-663487bc0a0b,L3,Tweet
dd87809e-5eee-43d4-a288-69a680e3ba20,L3,Tweet
1ad3253e-fd05-4e07-b396-da92f546911a,L3,Tweet
fbdf839b-ba99-427b-933f-559cedaac703,L3,Tweet
85a5ebe5-8e4c-495d-a52e-0ea59403d4e6,L3,Tweet
8975d79b-0619-476b-b2c5-ca98a7c3d10b,L3,Tweet
b72e09f2-04e7-4866-b855-eef2cf16d59c,L3,Tweet
98cc62b0-36c7-4a81-97f9-a67d5ad1ff77,L3,Tweet
3864c480-e92a-4cc3-9a55-4028c34a7446,L3,Tweet
3e9a93b0-e3dd-4d20-a85c-7c3d3e886600,L3,Tweet
c9f241ba-878e-4bdb-812f-0430ab233aca,L3,Tweet
87a10df5-3100-4fe7-b864-257925b2f45b,L3,Tweet
4fe6aa92-28a2-4cb5-89b6-361d2d0d0732,L3,Tweet
77baf7c4-c641-4675-ad19-088ed96346b0,L3,Tweet
a6f34525-6980-4db5-9213-46c77df41f0e,L3,Tweet
889e4182-debb-497a-9122-487748a3dbf9,L3,Tweet
f12465af-e604-4e81-b130-0610425ace55,L3,Tweet
2a4630f8-c68b-4a1a-a9cf-39dd58b3f651,L3,Tweet
f561e0bb-ab1b-478c-8de6-a6f76cddf889,L3,Tweet
d67ec451-9b5f-4b3f-9541-0eba89d131fc,L3,Tweet
6d7bfa0e-198a-4226-91d2-3ec65d38e81e,L3,Tweet
c7764f4d-1ea8-4813-a201-6986b1acfb1b,L3,Tweet
4c9123d5-d35d-4aca-bce6-35290b8de83c,L3,Tweet
516d05d0-0c04-45d0-9d5a-4da494a31bea,L3,Tweet
c20003d7-e4f4-4edc-a794-6473856fb1b1,L3,Tweet
2f77ee23-7813-4196-8a1e-5c2de8a1aa2c,L3,Tweet
89d1d514-514c-466a-b7dc-d84b48ef3681,L3,Tweet
bc9f1964-4c9c-4e57-b0cf-c921cb9c3a09,L3,Tweet
7bca607e-da15-4145-9a88-2e3a90001ee8,L3,Tweet
5529e29b-c471-4bc3-a38c-a6dc4dfd8ec5,L3,Tweet
54d99327-181e-4ee2-ac90-8e0bd33eb48f,L3,Tweet
87c6517d-3609-4dcb-b262-8f4b5204a08a,L3,Tweet
92bd1df5-2886-4aa1-a26e-b22656d30d6e,L3,Tweet
b5fc1e25-cb6e-4ebd-840c-6044c13a3248,L3,Tweet
3eed9e18-4584-4038-98ee-b60c3cdddae5,L3,Tweet
94eabb69-2e23-43ae-bfe5-1d0818ea9711,L3,Tweet
86e2ab9a-40f9-441d-8051-624553c038d4,L3,Tweet
b486ff1b-8e55-4d77-8e27-8e89ca1bea3f,L3,Tweet
e1041300-a30d-433f-aa49-641ad9164254,L3,Tweet
34b743e0-76b9-4357-886c-6cf82cf8ce8b,L3,Tweet
cc97ac5e-39f6-44c8-b8ce-9237e39d4405,L3,Tweet
73c6d251-38ea-47be-ac5d-2be0da5eb6a1,L3,Tweet
b12b855e-80b4-4f65-b794-90718474c7e8,L3,Tweet
26c2a74d-1efa-45f6-b27e-9533ff2874e4,L3,Tweet
f33e0f06-8a15-49c6-93e5-21c6121e5cea,L3,Tweet
97561b45-8544-4755-8d3d-2831991561c8,L3,Tweet
f396aa22-329a-4999-bedd-25a700bdbc44,L3,Tweet
4dbd3805-5522-4439-9616-b2c0068c2670,L3,Tweet
bb45f28a-3be3-43e2-ad19-b57700655028,L3,Tweet
daf380c6-c092-459f-b172-a6a79000d36d,L3,Tweet
ff8229db-1f60-484a-9b81-dc499130e669,L3,Tweet
d1b22b8d-3a90-4111-b6c8-a6aa55eb7fc4,L3,Tweet
7e3e2bdf-5788-433d-a04f-a23b0a3ec340,L3,Tweet
e04eecf0-8eba-4941-a4b2-ce0aac5598cf,L3,Tweet
5c08ce42-7a0c-45bf-a215-67694f0f45c9,L3,Tweet
b461f758-3b9d-428f-9f87-7789a71180ec,L3,Tweet
82feec02-f206-4f2d-a9f8-5d3bad1cc792,L3,Tweet
cbdc43e5-3178-4a6d-baae-415363637ce3,L3,Tweet
90f9da09-35d6-4721-9151-8d07447e39d4,L3,Tweet
1c70ba48-18e7-4e82-a322-dfd5a48d1e72,L3,Tweet
7fdcd6a3-eea7-461e-a6d0-c6c8a502946f,L3,Tweet
294d898c-1b4a-4015-b514-e36dd0b27ccb,L3,Tweet
23207106-3959-47d4-95a2-06a1b55c39ff,L3,Tweet
e958fe41-76db-40b0-9da9-b3fc63b50441,L3,Tweet
7be4c707-0bb2-4eb1-9d55-1e9da502ac9c,L3,Tweet
2fb06487-1422-4d14-aaa4-b506aa6b13af,L3,Tweet
adacb2e5-4ad8-476b-8c65-69e613457daf,L3,Tweet
c4448444-f78d-4dd4-86b2-064e72b2560d,L3,Tweet
c2f38424-005c-4ec7-9264-5a0ba90ab1de,L3,Tweet
dcd2341d-3bc0-4f43-8da4-e22a7f3732e3,L3,Tweet
821acac8-2100-4485-a0fd-0dbc6ad6e1c4,L3,Tweet
ddb022c0-63c2-4b17-ad30-5ddeef2b0577,L3,Tweet
68a8b265-594c-4e5b-90df-5034722ac0c0,L3,Tweet
ee22c2ed-f901-49ef-810e-f1238a233565,L3,Tweet
1e9ee6cb-52a3-4131-ba0f-07608f1f2b8b,L3,Tweet
c9519b26-c0f3-45f6-91aa-30f1ce24698a,L3,Tweet
24291ab3-0a3b-4af7-9f8e-66b280d7cd44,L3,Tweet
8526b1b9-98f7-40e3-80f2-d4b0bb3636b5,L3,Tweet
b6239c0f-9fc9-48ac-a5fa-525e06953327,L3,Tweet
98c139d9-c5d4-4c59-b850-78d267c8bc2c,L3,Tweet
3135b12a-fe29-4964-8071-0f1decbc1388,L3,Tweet
0fb002e9-bf97-4bc2-89ba-20a29269b63a,L3,Tweet
5cdec3c3-7c06-4fb1-aca0-8623724f837c,L3,Tweet
3e0465c1-991a-4ecb-981d-5ebcbc08af5a,L3,Tweet
730c6604-5174-4713-a9c6-a85e7bc069b8,L3,Tweet
8c9775d4-9446-49f3-a7e7-82fbf03c08e1,L3,Tweet
ba74c618-ee4c-4ce8-9d5f-c51e795d9650,L3,Tweet
e75c9e6d-71ce-4f04-870c-b9b4ddbfaaad,L3,Tweet
fe2d63ed-3eb1-4700-ae6b-bfb0bf307f03,L3,Tweet
8e161339-989e-4775-bdae-42194592900c,L3,Tweet
1cca0259-f896-44ba-a0c8-2adec3180548,L3,Tweet
e93a00de-066a-480a-a339-f29f95ddd397,L3,Tweet
763f3324-e0d2-405e-9c60-b394c9ddabab,L3,Tweet
64434fa1-39d4-4ad5-9cc9-be92b2830039,L3,Tweet
ae9f207e-4015-499c-8935-17fb7f626e4d,L3,Tweet
72211407-98b3-4ad2-8a61-795c320902d9,L3,Tweet
22b4229d-ed27-464b-851a-9bf64bde4aad,L3,Tweet
0cd0054f-8a5b-4189-aef2-077401c95dd5,L3,Tweet
7462458d-8c91-4d91-827c-ce17eea6c6fb,L3,Tweet
d89bedb5-b4d0-4868-addb-4e29b4d8ee3c,L3,Tweet
827fa240-16d4-4138-a042-edaebd9843f1,L3,Tweet
a3743c88-470c-4794-9c90-48de4730ec17,L3,Tweet
aa3d69fa-8937-4088-878a-0ab86f117d56,L3,Tweet
1a1e58a6-1544-4c74-a051-96b2ba1194ce,L3,Tweet
1ae4f5e2-2523-4a46-952a-58513f9ac458,L3,Tweet
f64a117d-eec3-479e-80c2-6396db383372,L3,Tweet
89fdc57c-9981-4b6a-a8f1-6d2fdb0d121d,L3,Tweet
e3daa049-133e-4d95-9536-f0be5229e5c3,L3,Tweet
7a2f1f06-d99e-4ed1-beef-71c30d4b79cd,L3,Tweet
5bf12131-bb5e-436e-bdb5-19616d5629f6,L3,Tweet
12a3a1a2-a3d5-41d4-aef5-2262d94a3f63,L3,Tweet
e57c0438-458c-47e3-b444-06e5f7edd9b1,L3,Tweet
2f6e685e-c46f-453e-b6c1-1da08b76dc2a,L3,Tweet
7475fbd7-93be-4cf8-8b59-03ab8bb7167b,L3,Tweet
673adfa8-f1e0-4f19-9f1f-8183800f63fb,L3,Tweet
7c8cb080-b182-459e-9a64-e64dfd08f08a,L3,Tweet
c4854a55-ac2f-43f3-8571-8c37624d9714,L3,Tweet
64abcc05-0520-4bce-8b18-337f9a265836,L3,Tweet
a16669fc-fa76-44b6-9d07-403ca862dbe9,L3,Tweet
d106e271-1c02-4a42-ade9-88aa659d50a2,L3,Tweet
5185a78b-40ed-4af5-b156-bdfcab27d873,L3,Tweet
adf2e764-6735-42db-af52-f0f0b8e6ecce,L3,Tweet
ab11cf1d-3027-466a-be5e-15959a1eb0cb,L3,Tweet
731bcbcc-4dd8-428d-9d20-32ac6609d232,L3,Tweet
8a69f442-c8a2-4034-a77b-50568904036e,L3,Tweet
f6091365-6a56-452c-b89e-0ef77bad2125,L3,Tweet
a7999e14-ea86-4dac-b916-3f728c0523d4,L3,Tweet
41da11f9-7e1d-4420-bacb-d27f4c621a93,L3,Tweet
6143fc8f-3852-433a-8ad6-4f53ab2b6f87,L3,Tweet
05812ec0-a673-41a2-97d1-bd0251ad64d5,L3,Tweet
46ee1751-cf59-4cd2-8696-80ff8ef8f7d2,L3,Tweet
49e4d393-b240-46f0-9136-4e1bbaf05c7c,L3,Tweet
7a239b10-edb2-41b9-a1ff-4f9fee772ba5,L3,Tweet
6d7d2312-90a3-4cac-a0dd-837752650184,L3,Tweet
0f32875c-4892-4d65-98ae-c2e2f0e08875,L3,Tweet
a5b0bbf3-b33d-41de-b1ca-8f801f04592d,L3,Tweet
87806169-495e-4a99-bffb-0cbe80af92ad,L3,Tweet
7faa13c4-15a2-4035-90a5-f81aed4d73c9,L3,Tweet
071c6edc-2095-4de9-a102-00afb8fe2701,L3,Tweet
f031ed59-7a56-4bbc-9b24-dbc02a08c3fc,L3,Tweet
963b4a9d-293a-4f82-9b06-5a3c043c7f58,L3,Tweet
5209656b-b6e7-41d7-8927-b0b6df6b0cbb,L3,Tweet
c1b0ea2f-c9a1-40d4-ab46-767c23117437,L3,Tweet
d563920d-58e4-4cc8-bd0f-0ecbe5c74e3b,L3,Tweet
3f631cd7-7dea-4c04-b220-cbd3b72a963c,L3,Tweet
44acfbb0-188d-42dc-9428-b8ecec05429d,L3,Tweet
d7332cd3-c83b-4f30-a67f-81e23a22a726,L3,Tweet
6d7a56dc-2499-482f-8e71-e236ce5f68f1,L3,Tweet
90646089-d7d8-477d-b076-9effd9ef97d7,L3,Tweet
766faae8-96ab-4518-a347-0899910cc3e0,L3,Tweet
ad374c4f-5acd-4b71-92d9-9deb5b588eec,L3,Tweet
db8adb7e-acdc-4a7f-b3f2-8b30c6b6fce7,L3,Tweet
a05b6dcc-053b-4d03-b4ba-fc65e87cc268,L3,Tweet
47d38413-bc0c-4a5d-8bf0-c2da97a9d475,L3,Tweet
75d42a69-45cb-4f36-9f90-6df3bf1e7fc9,L3,Tweet
ae4fce5c-ca5a-4a88-88c8-10b716287ac3,L3,Tweet
dc6da498-2921-4cfa-b61a-1280579c7cd3,L3,Tweet
23554c1a-6af1-467d-87df-01d657568b8b,L3,Tweet
440eb1c8-8efd-48c1-ab8a-8cbee79668ed,L3,Tweet
a8ca4ede-3ecc-4666-a6e0-2f2fa010cb17,L3,Tweet
2c6a6060-39b2-4001-9092-1460850c277d,L3,Tweet
d576915b-638b-49ff-9547-f7c13b6ebc9d,L3,Tweet
8fac3164-ac0d-4841-92f1-96732b1bdeed,L3,Tweet
1fec8d70-7394-4e13-9bca-43bc02f7da46,L3,Tweet
73305a40-0852-4011-a503-a33c2991da02,L3,Tweet
99ca301e-b205-40a4-be54-afbbbf13272f,L3,Tweet
c2aa1b8d-7f2a-4e34-8684-4b04833d7f23,L3,Tweet
c1109cbf-5e1a-4e1e-9707-d7e072d1c95e,L3,Tweet
acd31785-4be5-496a-bc51-c2efaba7ced6,L3,Tweet
139e719b-6846-47de-8575-9e9c221406f5,L3,Tweet
76ef8250-db6c-42ed-8041-07b47f22b953,L3,Tweet
b5c9f500-29f9-4092-851d-e36a7101d042,L3,Tweet
e50c7d2c-00cb-4570-a623-08ed2350f26b,L3,Tweet
fd1e41c7-8c7c-4188-90cb-74925c4510f3,L3,Tweet
77102e84-7453-4c9a-bff5-8ea61ba8561d,L3,Tweet
3421045d-e4d0-4acf-9180-02eeeebeaac6,L3,Tweet
fae40b41-a18b-4e99-8ce8-57357e7d4aaa,L3,Tweet
17c40482-383d-4a96-9052-890f5ac7bc9b,L3,Tweet
7547d2f4-1008-456a-860f-8f0379ea772e,L3,Tweet
59f5dfea-9ec3-40cd-86af-667d944e93dd,L3,Tweet
c7a53eae-aacd-41d5-8af8-99feac0c39eb,L3,Tweet
3a02dbb1-5994-4529-a75a-9a9861ba2e2c,L3,Tweet
de3a964e-4aca-4bc2-a694-981d3db7d629,L3,Tweet
6579ab2d-e36f-45c1-94e1-f145982eab4e,L3,Tweet
2698c01a-fec9-47e8-8829-1a0afe1f7462,L3,Tweet
4f65bdd5-a65c-4e4b-b657-39153ccb863b,L3,Tweet
c08bdae7-d590-416d-b924-9b4929c5c52f,L3,Tweet
b956c1a1-411e-47b0-9ae4-97ddc6517ece,L3,Tweet
719db167-ec9d-4c1b-8caa-0ed3523a4528,L3,Tweet
6f2cb848-0f5d-4143-817d-0b913f2a8baa,L3,Tweet
9298b2cd-acda-4d3e-8306-94f8cfab3338,L3,Tweet
e3deb2bd-4c2b-43a1-afb7-d5caf48df398,L3,Tweet
ca34cbf9-80b5-4d24-b3cc-37324582f5b3,L3,Tweet
93c851d8-183a-48da-a863-5519a7f8b2b8,L3,Tweet
686c33df-7b6f-466e-ad7a-5513b7fe37ed,L3,Tweet
a0e1ee7f-6a19-40a2-8dfc-9a735200e2ac,L3,Tweet
b6f98535-8b51-43f4-8d53-d6f26e63f582,L3,Tweet
63a90a57-fad7-4ee6-abc1-6c3ead10f7c2,L3,Tweet
330ef882-f094-481f-8a8d-769f92e66a6d,L3,Tweet
7493962c-e981-4b57-821b-671c54510835,L3,Tweet
d1db9e41-3854-4450-8f41-ae334f8612f7,L3,Tweet
f72502da-5bb0-4344-9edd-5f82ab529444,L3,Tweet
cc40bc49-9274-4122-bce9-37761cd9a0fe,L3,Tweet
e26413bd-e7f9-4095-9680-adddd143fb87,L3,Tweet
5b7a7f6f-3ded-4aea-a548-f09e060cc4c7,L3,Tweet
605c92d3-508e-4e5e-89d6-15e2a430cded,L3,Tweet
3821d4bf-dc62-46a3-81fe-8dd7f70ee624,L3,Tweet
bb542ff8-e38a-45af-ab6e-05f99a7cf0e9,L3,Tweet
7680ec91-f336-477d-a8b1-29d9bf125af9,L3,Tweet
47c9a587-127d-408e-b07f-e66505e5d80e,L3,Tweet
b3f98d0e-caf3-4e3d-8680-3e5c866e718f,L3,Tweet
c832297e-8350-4f76-8e26-7b02b9f85af7,L3,Tweet
32be3ea2-705c-429b-9f50-7e70a262565e,L3,Tweet
0c186bf3-8c78-4d2e-bb0c-7a0756a593e9,L3,Tweet
8b654607-3717-41e7-8679-705f267c19a5,L3,Tweet
d0a144f7-4804-465b-b920-562bcbb61af2,L3,Tweet
8f03b917-3e1f-47fe-9d80-6a340ed0ee90,L3,Tweet
1ea48001-ce74-46ee-83c3-b1fc58b923a6,L3,Tweet
774113ec-5e75-4d80-a35b-c554b2be535a,L3,Tweet
cf828d20-363f-4963-999b-5ab243e5dda3,L3,Tweet
b94020e0-bb0e-4a28-b1aa-b468a6ac4127,L3,Tweet
72cef7bb-97fa-4a1d-baf4-9dd52296d05e,L3,Tweet
860a4689-e4d9-43f2-87b6-824e0b887f80,L3,Tweet
09098ea9-385f-4cb6-b11f-443fecec5ffe,L3,Tweet
fb9fb571-8b41-4e61-9922-3c13dc4399a3,L3,Tweet
797ade41-fb23-423f-8c4b-83eabdb3427e,L3,Tweet
bbb6a708-67e5-4d48-b334-1d8a71483ce4,L3,Tweet
d279bbb2-e2f2-4b0f-8685-9c9407595d62,L3,Tweet
a3eacd05-3368-4576-bfbc-8cfa911fc9df,L3,Tweet
8a9aa2f6-1974-42c1-b8aa-b54c9e36fa69,L3,Tweet
a54890a4-1f8f-47ae-9e6d-65f630f636c1,L3,Tweet
0e0316e3-dd6d-4392-8e67-fc0492d649fb,L3,Tweet
42c0cdc3-a738-4b62-a871-c857b58fe4cb,L3,Tweet
bbefee77-a32f-472e-acf5-607ac03859ee,L3,Tweet
36269548-4b00-4834-a335-4b1ade54c27a,L3,Tweet
31599c0e-c978-491a-b6af-235f7e40a844,L3,Tweet
4de4f907-e18a-45a4-9cb5-b5a3564a494a,L3,Tweet
9d58c78b-aa09-49b7-95b3-1019869a2203,L3,Tweet
a623e12e-fd5e-406d-ba10-54e3eb169cd9,L3,Tweet
197a3e1e-60a8-40f1-bec6-6b365eabfdb0,L3,Tweet
587d60a9-f7e1-46de-8060-fed0aa50f812,L3,Tweet
37798a9a-99ee-46ae-bfe4-5faf13a75d30,L3,Tweet
4e4c7ab5-5bd5-4943-bafb-a4e6630220ae,L3,Tweet
34787e3c-a5cf-49c2-a676-3f46d1e207d3,L3,Tweet
ef441f3e-7c06-425e-9a7b-cfcc64e65ef3,L3,Tweet
4d9f7310-8218-4c37-b903-952aaa145d6b,L3,Tweet
4850efd6-b294-4cab-a3f3-0c104bf7e38d,L3,Tweet
af0008f6-8439-4ba0-a99e-3e0244b2d48a,L3,Tweet
ea2acab4-c4a1-40f4-8ddf-e6c3cb438648,L3,Tweet
3981b682-7bed-4368-ab49-25966d59fa6c,L3,Tweet
776a0fb9-c6c2-40e6-9fff-14cd7a53b5e8,L3,Tweet
6e14b979-5044-40d2-aee1-f887b29e5c3c,L3,Tweet
54f81cf9-0aff-46b9-84e4-92ff5047dc73,L3,Tweet
224d2067-8e59-4975-8aa9-dacd66d95ee8,L3,Tweet
3d240632-e9ed-4ae7-b4fe-a8e3702fd66b,L3,Tweet
6320e6c4-38cc-45a1-a215-beff71651f3a,L3,Tweet
7de200c8-3903-434e-be99-ee6350adffe9,L3,Tweet
3c8abad3-e50a-45dd-91b2-3f96546827df,L3,Tweet
42bd5b69-1cc8-4a7d-ab59-46033154d16b,L3,Tweet
7ac8c1b8-fc95-455b-8bfb-f9e8b46a030c,L3,Tweet
621ddb8c-97fa-4750-b9dd-5ae333db5358,L3,Tweet
edcc7d0e-8b30-429e-a2e4-6d7e72eea95e,L3,Tweet
150c2bb4-1e71-4f68-b1f3-bdeba03263d3,L3,Tweet
7cb65ded-cac0-4a1a-a14f-0d0958f85e5f,L3,Tweet
721d8bff-12c3-4039-aa19-b604b077ee34,L3,Tweet
aa2afa02-8857-4dc3-bb7f-3ef3c61df5a8,L3,Tweet
b90939d8-24fd-437f-afe3-be46d6ff0638,L3,Tweet
680dbda6-99ee-4684-81c4-8ce24dbcdafa,L3,Tweet
58ca3761-e1cd-4893-940f-611616b8fbf9,L3,Tweet
46fbc46a-2fba-410a-8676-fabd18cedfc7,L3,Tweet
6859f0ab-dfab-461e-8712-fa722f92c101,L3,Tweet
eba7cfec-fda5-44af-8006-d739b94fef20,L3,Tweet
f05793a6-f6bc-4700-a5a0-f574fb415d41,L3,Tweet
45e30003-d6a6-483a-affe-b3177520a598,L3,Tweet
c3297f56-c242-4dbc-9e6b-908d0f4c0a3b,L3,Tweet
3151a343-57a6-414f-948a-9d9beb177028,L3,Tweet
56f2db1f-d611-415d-848b-929db6d8b762,L3,Tweet
f5489980-f262-4f34-ab42-a29be78b54b5,L3,Tweet
2b6ce2c1-480c-4a09-bb63-3f28b6472700,L3,Tweet
380b4c58-2427-4817-98b7-53eac5c8a11a,L3,Tweet
c44667d0-34e2-4665-be1e-f97913c38d3a,L3,Tweet
64639749-c1cf-4989-baa3-0d7f4fa2dad7,L3,Tweet
40d595b1-2347-4ba5-b8ad-7474c0b5cac6,L3,Tweet
e726e68d-4dc5-4035-9c00-bf1314657f97,L3,Tweet
7aad5250-2ccf-4410-b5c5-8cc05ad2e04f,L3,Tweet
fb14d7ba-ab00-4b83-bc7f-e965efc255af,L3,Tweet
79f40779-490c-428f-97ad-706b701c0e4f,L3,Tweet
45dba335-2b01-48c1-bd2c-06bf4443e41a,L3,Tweet
d3e83bb6-c911-435d-9d31-4803f8cc1c20,L3,Tweet
923aa741-6324-4e97-8d1b-795c20102b32,L3,Tweet
b86efd7a-6f6c-4867-a784-1d694667511a,L3,Tweet
25b107bd-f071-417f-a509-bd2d9cb5c118,L3,Tweet
c3df6f31-767b-4c3f-86ca-5efabae3812b,L3,Tweet
7a2849cf-59d1-4659-bf23-d1d63e7612e3,L3,Tweet
1fdb1582-657a-41e1-87de-8e2d4e98497d,L3,Tweet
57e895ea-0e71-440c-8170-55d115dae4bb,L3,Tweet
657afc2d-8799-457d-b18f-768666a49d36,L3,Tweet
616c0816-6c61-4910-9c42-967eda6cdeb8,L3,Tweet
255f6c79-e92d-4341-9182-d0d4f56408da,L3,Tweet
6e18f646-b8e7-44fc-9b7f-2e14bb2b24c4,L3,Tweet
f53e35cf-391d-406b-ac40-611e14e4c203,L3,Tweet
70a1f0e3-adb7-437b-a721-87844f4fdeef,L3,Tweet
ec6d0b09-0344-480c-983a-a3cf5e667a41,L3,Tweet
4f5cbd1c-705d-4918-ab1e-8fc4b7391535,L3,Tweet
9683ae33-4603-4bd5-85fb-c2c1619fbbd1,L3,Tweet
a345b43b-33f1-4e31-85d1-d9f741b40137,L3,Tweet
1c0bb07e-6abf-49c9-9477-702815e342bd,L3,Tweet
8ae02984-60a3-4dc6-b390-12ebf5fa4af2,L3,Tweet
3cb4e51e-7e4d-48f3-a309-ebff703c4094,L3,Tweet
7118d0a8-edf6-4704-87ea-6ef77d247487,L3,Tweet
987de11f-ee45-4665-adf4-f7d78c27d027,L3,Tweet
f89a3bb0-9dd4-4ad1-b0fb-5fb5a0a8a0b4,L3,Tweet
45954307-2bc5-4ef1-abf5-0300e9441d0b,L3,Tweet
defcdf7a-8275-4cdd-b41c-930f40067fec,L3,Tweet
dd374d49-92ad-41b0-89c9-682b2474af73,L3,Tweet
55bdbe22-7160-4a09-8957-ef4dfdc8a9d7,L3,Tweet
fc43cfd9-bdcb-430b-9839-be58640129bc,L3,Tweet
0770aa80-a528-442c-b51b-760b57e0fd36,L3,Tweet
15e46cb5-b1c0-44fd-9809-f7ec62dbc8ea,L3,Tweet
95ba30bb-e448-4c2c-957a-ccb46f4d7016,L3,Tweet
be732914-b5df-49b2-87b0-8a068b591e7c,L3,Tweet
d3aa3f98-e1c4-400f-9745-f25475df438e,L3,Tweet
f3efdc73-588e-4353-b43e-387f5475bb1b,L3,Tweet
d285fd0d-5ab3-4182-b6cf-a0595a9ac112,L3,Tweet
580cc183-f702-4bc4-aeb9-b86e4a647410,L3,Tweet
d17c60b3-95d2-4a6c-92cf-ed07f4582f20,L3,Tweet
4837c324-c9c8-4406-8bdc-7982c3b516d5,L3,Tweet
835b8533-607b-4c20-9c5e-bc6d135adab1,L3,Tweet
6fbc3d67-660c-40ed-a2fe-f158e5e43ecc,L3,Tweet
00958d55-a3be-4fbf-8789-7c0088ec9c75,L3,Tweet
f68d984a-6227-4d5a-a79b-54c889935d84,L3,Tweet
22a1d52d-3317-4ab9-8d87-10ee75890cd2,L3,Tweet
c194544b-5dd9-4476-b306-9d054b651246,L3,Tweet
9f2e6b2c-3bff-4db4-9ab2-8f99761a999c,L3,Tweet
2daf3a54-c13c-4bda-9d12-6e3cc0dac0a4,L3,Tweet
b91c68b1-563a-4e13-ace5-1312c96ca7f8,L3,Tweet
77f66af6-3dc4-4ba2-a857-b155bb70dfe0,L3,Tweet
de487cc1-0942-44bb-9f86-0c03c9d1208a,L3,Tweet
768b74cd-a339-4212-a2e6-b51f211e3e44,L3,Tweet
0120389f-8de7-4fa1-aa08-7888ff8b8f85,L3,Tweet
72801c0a-378e-4725-8775-01b0d85571df,L3,Tweet
cd30331f-d681-4e1f-82cb-4829a994565c,L3,Tweet
0ecc8ff8-71d4-4d45-a36c-19f2d2dc3c00,L3,Tweet
1d993095-9c8c-440c-bee2-e7c53bf91ef9,L3,Tweet
deb7b6d2-6346-454f-9e66-50c652268aa9,L3,Tweet
6368cb1a-fa3c-4efa-ad20-37606e3ee3f5,L3,Tweet
f310fd40-ee2e-42df-b744-32e11d0e2169,L3,Tweet
b017929a-50a0-4bbe-9266-fd395443ec65,L3,Tweet
4ae19b3b-2179-4d63-b628-5b29c66d5c5e,L3,Tweet
7afda973-bdf9-4252-9374-a849ede330a2,L3,Tweet
6c76d66e-166b-4349-8b63-ff6bc3853181,L3,Tweet
ad18b450-1835-4539-ab81-9bc224bc16f3,L3,Tweet
053c2af3-a7b6-4547-b296-0d97dcf157f7,L3,Tweet
ef826d81-a576-4ccc-8c6a-49ceeea64a18,L3,Tweet
7e602409-4edb-4d29-821d-436e8c5f6838,L3,Tweet
d7a6daec-c64b-42c8-aab9-664d7e5ef953,L3,Tweet
f3069cb9-aec7-4092-a961-4ba04c71ea47,L3,Tweet
96692c80-b28a-495f-bbd9-cd5bf4f7f5f7,L3,Tweet
b5e9ec86-588f-4112-8802-71df766fdb73,L3,Tweet
b70b9835-54b4-4995-ab23-a8440527bd02,L3,Tweet
3687dd33-c346-4222-a645-f5406c6bedad,L3,Tweet
8f04b21f-9bf4-4234-bd8a-8d37b4132ce4,L3,Tweet
54c0e02f-c72d-4f84-94d3-71a90782faad,L3,Tweet
ef2b1045-bab3-419b-8822-6541eb167f2e,L3,Tweet
2a0ccb9a-8dd6-4530-bc38-7107f16ca92c,L3,Tweet
f06bdaa1-4daf-4f59-b9c8-8de7db8567ce,L3,Tweet
0175fa5e-c0d3-4658-8280-c4d62f887f1b,L3,Tweet
1751eedd-3e3a-4802-b802-7f9ab753fe11,L3,Tweet
8a26f0d9-c1b0-41d8-b0f5-e52def22bcc2,L3,Tweet
8f3e22ce-4831-442a-a0b7-f82a5361e180,L3,Tweet
7f3d2291-1884-4cd2-9d86-44da20aaab6e,L3,Tweet
8f451484-51ef-47bd-843a-5e3184ff11f5,L3,Tweet
22373b31-a6d6-4462-ac0d-570464fc7fda,L3,Tweet
3f4d3e78-42cc-4509-a04b-d49fd31b4f5d,L3,Tweet
dbfe6536-52cc-4be4-94d3-dd3d6c0216f2,L3,Tweet
21a2a450-7aa8-4c82-9ff7-e5a1393f2948,L3,Tweet
98d9857c-ca92-4c6f-809a-9acd61ec6665,L3,Tweet
a574b3af-ce17-4b6d-b4bc-cf7a9c99521e,L3,Tweet
e99d3c25-b364-4fb9-9744-b2712fd8d223,L3,Tweet
5e300917-8157-4623-b544-b24a364dda01,L3,Tweet
d95187c3-9086-4bb3-9828-650f04f5e392,L3,Tweet
5c1dec61-a77a-4bd0-8714-8ddfaad326de,L3,Tweet
9ffcfa74-b020-408a-b0ee-38d60ef0a0e6,L3,Tweet
e6d804e4-bd42-4178-9f02-cc059729ffc4,L3,Tweet
d64cb658-45a7-4429-9fc8-5ae86076c1fb,L3,Tweet
5deb431d-15a6-4c35-8818-33c88c3e79cf,L3,Tweet
4d4d0174-6ae4-44cf-a278-e8eb8be06cc8,L3,Tweet
351efad6-a43b-4a15-a317-76b9e1f04b78,L3,Tweet
76b001bf-608e-40ca-9c5c-4a0d348f5598,L3,Tweet
73303eb1-382c-4c7d-91ec-ba72ef268cda,L3,Tweet
c963a4f9-02f7-413d-bc8b-430f9089f673,L3,Tweet
31d017ef-638c-4502-9f79-393d1ef84271,L3,Tweet
b04e3b50-2fe7-4c46-8c82-a1391c756216,L3,Tweet
31665416-e290-4ceb-92ec-a1618e4b5cbe,L3,Tweet
aadd795c-d178-4f37-af74-a508363b534a,L3,Tweet
ddabc557-cb4e-4e85-bc5f-76e812efc3dd,L3,Tweet
d77635af-c90a-412d-a5fe-136fb7414473,L3,Tweet
cd835049-f278-42f7-9a42-e7b6c3e8c7f3,L3,Tweet
ac650dfd-bcac-4b49-a8b0-573adfa565f7,L3,Tweet
1a65abb3-5db8-4d87-8fd9-d65be7ccd3e5,L3,Tweet
c57607eb-caae-4257-bcb0-d414aaa23d96,L3,Tweet
14d68441-6c8a-4baa-82fc-3be428b7584b,L3,Tweet
3a619953-ee33-4368-a445-dbea33e5d944,L3,Tweet
396392f4-ea59-41a1-9233-2f756ad35170,L3,Tweet
df4e8e9d-98a3-44b3-8e0c-83741c3a852e,L3,Tweet
dfc82bf8-3054-4e19-9066-aa5c354d9b75,L3,Tweet
6c6c8e74-c1b7-44e2-a1fb-329024cdb0bc,L3,Tweet
d1b29ba6-bb0c-4ee1-9ecf-fe5281b9f689,L3,Tweet
2059a00e-6151-4feb-a5f5-31f91e11d2b8,L3,Tweet
4090ca41-7d51-49fb-ad27-aad953b1f345,L3,Tweet
ca317d2d-798b-4880-8fca-ebd35008dee9,L3,Tweet
f0205da8-70f5-4a91-a8b5-918dcd8dec53,L3,Tweet
0838daee-a4e1-42ae-af40-b083aa3a03d0,L3,Tweet
4dd50f58-8651-43e8-b7e3-1808fea34f44,L3,Tweet
3fbebc38-8fc9-4569-a1a1-2dbc271c7573,L3,Tweet
53a0df3d-5d49-4bd9-8568-0ab214e45846,L3,Tweet
21e93734-8863-4773-bd44-5f3e363aaf18,L3,Tweet
143c21f5-6c2e-4d9c-966e-2eb327976830,L3,Tweet
78fcdd2c-3e97-48e3-93e5-f6b850f56ccd,L3,Tweet
1c843e1c-1be5-4e23-b194-dce02b487ad3,L3,Tweet
67500f0c-81e2-4b73-a464-51b2d35cf6d0,L3,Tweet
f6c924b7-c04a-45f8-85c3-0cd8b46d7983,L3,Tweet
36f80711-3c06-4071-9b16-8224242697de,L3,Tweet
92996550-83d7-4f9e-a0a5-3ad601cbce0c,L3,Tweet
e2f292e2-bde7-49a9-ba93-cb898b963a2c,L3,Tweet
19a4b836-047b-4531-8ede-5faf194478c4,L3,Tweet
b4865d1a-e7c0-4e4f-bb9a-73cf40058cc9,L3,Tweet
a25dd281-cf9c-4815-bdd8-11aacb4895f5,L3,Tweet
37711fc0-0e0c-4167-abad-5ecca7d767ec,L3,Tweet
dd9c8f9b-2148-4ac4-8344-9c552a2e45fd,L3,Tweet
1779154d-3fc3-4aba-9a1b-1ee727f5dd84,L3,Tweet
4361507c-953c-4748-847c-da711cbe6c8f,L3,Tweet
ee404e6f-b760-43f8-a9be-3cb6cd710d27,L3,Tweet
8d99b54f-d7db-4b08-a20b-f5110bc1e256,L3,Tweet
ac9d74da-1ec4-45f5-8d22-8a7376fa8924,L3,Tweet
f7fe2826-b678-4617-b064-99a39e407878,L3,Tweet
92b2dd1f-591e-4366-9af3-48f04f858ab8,L3,Tweet
ca375bb9-47ae-40db-9bb6-72eb14f8b87d,L3,Tweet
cb24c702-58a2-455c-802d-02f9ec93162e,L3,Tweet
4679937b-02bc-4748-9173-805396b0f55a,L3,Tweet
f9aab5f8-7275-48fe-a190-d0d3d7672453,L3,Tweet
f1e4d5a0-3997-451d-856b-ba4586a48f2a,L3,Tweet
26eedfaa-887d-4d3f-8356-6b1e2932613c,L3,Tweet
7d1c9395-3e60-4e96-acc3-145a944127dd,L3,Tweet
797bbdf1-aebe-409b-8424-8ddb868ef615,L3,Tweet
72b39511-739b-42f7-8444-42ffd7d436c0,L3,Tweet
e23c0a91-63dd-4c97-90c0-92b1856186ab,L3,Tweet
755c38aa-86a3-46fa-964d-6bddccd166a2,L3,Tweet
07fc9af5-f970-43d2-a981-a0524637967d,L3,Tweet
d11a284a-26c4-4b9c-8b27-63dceec1b12f,L3,Tweet
e07f815c-e38b-4270-9623-b970b8faf930,L3,Tweet
d4c2ce40-8bc8-4951-b9d5-6c57cf882a61,L3,Tweet
3f1f4198-80f4-4666-9434-2224f321a88e,L3,Tweet
87f6112b-7b37-4097-bfa9-8767bde2c53c,L3,Tweet
7eac42e9-b092-45b6-a966-cd8b70e41e29,L3,Tweet
4bba7641-88df-457d-ab5a-0ac60540fe25,L3,Tweet
ec1f16ec-fcfd-46ca-aa3b-8a7c8daef3d1,L3,Tweet
7f610fb2-8723-4cf3-a00f-9154dd39a5a3,L3,Tweet
a9082a66-cce9-47b7-a6a9-70b8a71ef482,L3,Tweet
59a2d22f-f642-45c0-8cea-5423a077163e,L3,Tweet
8c8457ce-9484-4ef6-8d84-573aee0edc90,L3,Tweet
34e961ee-8a0a-41c2-a3af-83d288b03677,L3,Tweet
742b0576-4021-4191-ac2e-2a0da0473454,L3,Tweet
8cdaabb8-a480-49de-8c0f-dcde7e2298d0,L3,Tweet
1f97fcb0-5eb9-4317-a232-28afd06f5883,L3,Tweet
09ff5f90-7fcf-408d-8544-1ea61c33e176,L3,Tweet
55c24ede-aec3-4406-83b1-7ff34753d169,L3,Tweet
c5caf899-57a9-4852-bcfa-3c10b6a16c17,L3,Tweet
56856e16-1ff5-4c1a-9a9f-e5aa8bd6b334,L3,Tweet
8366a78a-77b9-4d9e-b7b7-79bcfda81575,L3,Tweet
347cf1ee-7276-48b5-9577-8a728793015a,L3,Tweet
955b4cf0-c540-4c67-a9b0-652a613300a1,L3,Tweet
f3c8f740-954e-41ea-bcba-4e4f99fbb26c,L3,Tweet
9d794272-e6b0-40ce-8f5b-9f786b0a49fd,L3,Tweet
ea58b129-229b-4aaf-bee8-132d6cfd94c6,L3,Tweet
a0dfd637-1471-4c21-8f3d-da05e51c9eb3,L3,Tweet
2b068d4a-582e-460e-a8ce-4dee631ff1f8,L3,Tweet
ee07e31e-b8f9-4d5a-97fc-64f1514f2587,L3,Tweet
fc7dadb1-9975-4a6f-b9ad-b3c86879b292,L3,Tweet
15e2525a-7a8c-4e4b-abb5-0f4c1c6fc2a0,L3,Tweet
e9cae325-f108-4c95-9d28-d7f7f4b7332b,L3,Tweet
86373e71-75a0-4b2f-a5f8-dec3db6efae1,L3,Tweet
3735cb8a-d6f4-4210-b279-79c636a7e2ef,L3,Tweet
43a2bd81-8e6d-4622-a19c-f75f6f433702,L3,Tweet
ba584cdc-18af-4da6-99bb-194777a58f54,L3,Tweet
c846e2ea-d324-41b7-92eb-a25638234092,L3,Tweet
e8fcdeb7-d649-4f5c-a0ac-e000c2c3d581,L3,Tweet
ad92a2f9-8614-4e1c-8aba-8be92c46c891,L3,Tweet
f34bc3cf-0921-4917-a34f-6ff0e883e957,L3,Tweet
9c77c0d2-fff5-40a2-be55-9864ccaa496f,L3,Tweet
fc74c6e7-e48a-4187-ae30-827ad2907d7b,L3,Tweet
b2b494c0-3c8b-4786-a5f8-99adaac44a1a,L3,Tweet
70ac97e8-a018-4753-a91a-fa97fdb6a9ee,L3,Tweet
48acd6c7-8cc6-4c3b-9d73-ca0ac6f7d82e,L3,Tweet
49d2d221-f9bc-4b42-9c49-adee0f5cd844,L3,Tweet
44f36444-8f42-4985-952e-d624c0125f58,L3,Tweet
68f97fb6-8717-4aad-9727-f0f30a786d9b,L3,Tweet
7dd57ebe-f333-4700-ae12-50b2895db36e,L3,Tweet
9df19f3b-b06a-4661-bbc5-3e2240e08f37,L3,Tweet
437089b8-1b4a-4f9b-bb11-c8ded1d2f1ad,L3,Tweet
e117d808-bf17-442a-a86b-9572ff8f8115,L3,Tweet
e74e44bb-4933-466d-9c1b-1715e56d119b,L3,Tweet
0027812c-052a-48ee-828f-5ef4df6b8c5c,L3,Tweet
c99da9ee-13b1-4c44-882f-904ba437b303,L3,Tweet
08cef7a9-63b0-4f3e-9701-ab7074074809,L3,Tweet
d895811f-0e4f-4cab-b8e3-0e245df73e3f,L3,Tweet
7df4f428-6b0b-4198-b5df-4051eed4f4ee,L3,Tweet
05086177-a9d1-46cb-92fd-00021ee65622,L3,Tweet
c60d404e-0bc2-4af7-a007-78435f89dda5,L3,Tweet
d9ac466c-d065-4b97-bb96-bd4959635325,L3,Tweet
7619cb7c-ce63-4104-8ec7-bb60de28c6ff,L3,Tweet
2e4d4f18-25b4-4226-86f4-e5847cc29b04,L3,Tweet
9b0f9c35-2845-4dd6-a847-130b7a068d8a,L3,Tweet
f84177d3-9c84-41f8-91d3-593b7a3005ef,L3,Tweet
2d2c4a44-7100-4ac7-8164-c196bc7c80fa,L3,Tweet
f65f1c99-9f04-4e52-9e2a-bc8dedea1c43,L3,Tweet
a0b8f2bc-6cd5-42a4-aae8-5340433d9ee7,L3,Tweet
d7e08cfd-6fec-48cc-8de6-039e09390cb3,L3,Tweet
4a13ea13-6be0-46f8-969c-02cefe360581,L3,Tweet
68b7e51f-9479-4865-8fe9-6691b112ac92,L3,Tweet
ef27dbbc-1fce-4521-a01b-08ec8d0690d5,L3,Tweet
7735c2b9-1b6b-4dca-be06-1ef2a7884e89,L3,Tweet
90c05cb0-a2aa-46fe-8d15-426f8d0b1097,L3,Tweet
83e9972e-09d3-49e9-ae11-2426b89c7483,L3,Tweet
d658c28a-9235-433d-9802-595ddff74615,L3,Tweet
a012c3a3-5678-44fb-a1c1-3622e28feec1,L3,Tweet
ac9b2642-ee54-4c87-85e8-d41976007458,L3,Tweet
76f69b9e-c0e7-44c0-8c3d-517454c8bd62,L3,Tweet
5afca37f-2963-4e39-97f1-c6324ff27501,L3,Tweet
858f6198-ef7a-415a-9cee-0c2bc61d248b,L3,Tweet
00cb2522-0d69-4cf6-a686-246e516be437,L3,Tweet
e56415f0-40ca-489c-a4d8-d01df7fc46f0,L3,Tweet
cf8fc689-bc25-4e96-bcd1-d737023dbde6,L3,Tweet
03ff1341-b9b8-4b09-a9f0-ebb47943d9b8,L3,Tweet
bea00495-c985-4296-8189-6f98fc293135,L3,Tweet
e4364322-76b1-452e-816a-14de8e99171c,L3,Tweet
36105342-77be-4d44-8781-767aaf096efa,L3,Tweet
35e3d166-2eb1-41a4-bdde-995602698fd3,L3,Tweet
939156cc-b9e2-4f0e-ae5e-bbc986c940e1,L3,Tweet
71c126df-d26a-42d1-9de0-b4caa4f3e594,L3,Tweet
b173b2ab-5d28-477b-92e6-b95915dcc7e3,L3,Tweet
c576a067-22e9-49cc-84de-6bad55b71d4e,L3,Tweet
be6a1de2-db8f-437d-8a79-59749d53215b,L3,Tweet
00380bdb-e06b-41c4-bffd-517cc314ba0f,L3,Tweet
aedb9ab4-097f-4b1f-afa2-34a6a1e721f2,L3,Tweet
9c0382ce-c068-45b2-b23e-36759799fedc,L3,Tweet
4ea3aed9-5509-45b1-ad95-719d84090adf,L3,Tweet
e22945a9-0315-4e7f-a564-2b6cc22cb15b,L3,Tweet
fe040a63-4320-4b5d-a57b-54d763453dce,L3,Tweet
a6f297fb-54c9-4a62-8f92-d48eaaaa16fd,L3,Tweet
cd9049df-b29b-4ace-9a19-6cb8939b6c1b,L3,Tweet
ff17a2bd-3f33-429d-a406-0f946acf4bc2,L3,Tweet
a1bae1b4-a560-410d-82d8-9cd3c9be7486,L3,Tweet
3f9336ea-2f05-4e2b-b71c-ce0f32d51dc4,L3,Tweet
a1f435cd-3f88-4577-99cc-8e2820f3e13a,L3,Tweet
9dd7deb9-1c5b-49ee-bd6f-bf5f0c0db598,L3,Tweet
4b12c658-283f-4cf9-b890-9bf263e6de33,L3,Tweet
d4c1dfc7-9c6f-4a83-bb59-778c18be5d61,L3,Tweet
fcad5016-ade5-4579-9d36-cd09defd4fa4,L3,Tweet
15b5a9ae-183b-4ce6-8ea3-0044f725307f,L3,Tweet
6c1ff87a-2186-462d-baec-ac54cb6bf957,L3,Tweet
d6f22035-07a9-491d-bd52-8c7afef5f6b1,L3,Tweet
dd30baa8-6889-41be-8f8a-7942563ded0e,L3,Tweet
8444bfa4-855c-4274-86f3-6b463d8e25a2,L3,Tweet
0b5a76b7-ce7b-4c1f-88ac-ed429f024abc,L3,Tweet
f91f9be6-c50b-4a23-92c8-6c661112c607,L3,Tweet
cec9a797-c364-43ba-bc97-9b4c70afc93f,L3,Tweet
b0af2ebe-db1d-4de4-a6ac-2975628257d5,L3,Tweet
0bc5cf71-24ff-4b5a-9267-cbaf690312ef,L3,Tweet
d3eaca0c-a9bd-4ac0-8fdf-5e594ad17d9a,L3,Tweet
e408e502-de5b-4a85-9f69-009cbfa82229,L3,Tweet
c99494c8-0a37-45f2-9aa9-db906f3eaed1,L3,Tweet
8e8df7eb-c957-474b-afeb-98f8b3342910,L3,Tweet
10dfa0fc-fd8f-4c07-84d5-f7157533e765,L3,Tweet
ac78dd2c-231a-47b2-9778-6a308aec1b1b,L3,Tweet
0638c6e9-f6ee-4dfc-aafd-24d54a1b5615,L3,Tweet
a33c9885-7006-47cf-9132-500f44e1afe4,L3,Tweet
160232d8-e398-40c5-bb44-0b767a950d97,L3,Tweet
9f67ef4c-f589-4c6b-8572-daca90490d5f,L3,Tweet
105908aa-35ba-4d6c-a19c-7fcc30ba8725,L3,Tweet
59e1e092-a3b9-4854-b468-3e833d5adc06,L3,Tweet
f7b63259-f5cb-416d-83d9-278dc67343ad,L3,Tweet
d3c91db2-e138-49ae-a3d9-88571893d7b2,L3,Tweet
11e1d033-600d-4441-9410-4270af656e89,L3,Tweet
42649c98-00bc-497a-be43-e7bbf8d27390,L3,Tweet
aded4ce0-9ae0-4e4e-8489-d4acb8bc3618,L3,Tweet
99e66170-4109-40af-b066-5441039c78ea,L3,Tweet
cecc2884-2407-4cab-b64b-08cddfc5c81c,L3,Tweet
79cabecf-8bb6-4ae2-9019-1a4cb27980d9,L3,Tweet
8b7b8a50-16e6-4b17-b255-95b1427bdec1,L3,Tweet
3162c97e-50e3-4370-a373-cf1fdc71604b,L3,Tweet
2f09d257-1325-41c3-b181-3df954deae2b,L3,Tweet
4ca90b0b-e18f-4c21-8cd4-7bb4321da825,L3,Tweet
cfd7c88c-01a4-4908-873a-d49c24a2ac20,L3,Tweet
d5752552-d52a-4634-8708-9bee58440edc,L3,Tweet
896900b6-80cb-4e61-afb6-a92d01ffa133,L3,Tweet
b2f75a94-e83b-48af-bb03-ea62f083e4c9,L3,Tweet
997d881f-7936-4c68-9b22-88842a5fc318,L3,Tweet
4e1b577d-9611-494a-8a7e-a543af8f6ef7,L3,Tweet
d1977072-4606-4b24-8eb3-0e4d53d80322,L3,Tweet
50f96f50-fd49-41a5-84fb-1d78f47aa998,L3,Tweet
16a2d52d-b0f7-4bc0-b1ac-0f3e0f33c4f8,L3,Tweet
c9fe8d7d-6d6e-4651-bc9c-15faeab87930,L3,Tweet
08dbcf3b-70d2-410d-9b61-cf0ae8f44267,L3,Tweet
adeb1741-11fe-4094-9db3-ffe490d3b8e7,L3,Tweet
6a34c04d-4165-4e18-83c2-a3819010ef8b,L3,Tweet
b2368c04-1c9d-47f8-9b98-b30f83a0448b,L3,Tweet
ac5234d1-722e-477b-af80-49112a59181b,L3,Tweet
c711040a-0124-43d4-9c74-7f520383e375,L3,Tweet
a9045b60-2749-4a3f-be19-6719716399b5,L3,Tweet
da17f62d-08bb-44ba-ad71-46c8c556259d,L3,Tweet
86b77d4a-5995-4bb2-b68d-b2c4dfd1975e,L3,Tweet
1f3b6fd2-4b14-4c72-a20f-53e60c80db52,L3,Tweet
f8533afe-9770-4e5d-af07-19088b8aadf7,L3,Tweet
17c37172-fab8-4bbc-b5be-4de77d6329c1,L3,Tweet
31016bbc-fd03-4d0c-8c3c-fba80ab906b0,L3,Tweet
9a588339-3e54-4a99-8773-16041567534e,L3,Tweet
10fe55ed-a9c1-430a-b9fb-39ea69351461,L3,Tweet
205a8105-7d9c-4a29-80b6-91c08445c462,L3,Tweet
713e88dc-b51c-4f97-8670-a77dcee1dbf9,L3,Tweet
294e1951-094d-4f70-a116-9e422c042470,L3,Tweet
d42b73ba-471e-47c9-9021-df0ce2f8c6c7,L3,Tweet
41f7593b-d986-44e1-b1b8-1450edfe3daa,L3,Tweet
a4b1fda4-a92b-49ac-bc64-eea94a933799,L3,Tweet
b4ecd308-f538-4199-95bb-b29730789ff3,L3,Tweet
01c6e89b-57da-4ccf-b7de-1e52837e0f6f,L3,Tweet
ce89a209-c637-4b72-adbc-ba921ddfd294,L3,Tweet
2a260d73-d4b9-4808-bbeb-c3cd9b252c6b,L3,Tweet
25764654-2aac-4dd7-bbd0-cdededad01ce,L3,Tweet
b9257ea6-e4c4-46e1-aca8-4d5140862bc8,L3,Tweet
9930d8dc-9b56-420e-babb-31dcc7361e26,L3,Tweet
0b775c26-b7df-4d26-8da1-6fa629a9152b,L3,Tweet
5e82ab84-db5b-4e5b-9740-129289199e11,L3,Tweet
30d851ac-ee53-47ab-bba6-f52e2b9c355f,L3,Tweet
be3fb45d-7257-4838-b8fb-754894f1384c,L3,Tweet
71b66535-9e0e-4902-aefa-790fc234a5ab,L3,Tweet
d0a8d8dc-3dd4-416e-89f9-672600315eb5,L3,Tweet
bc9e2592-474f-4f73-b512-cedce50953b9,L3,Tweet
6ab8ea0a-9bb7-49ed-8e4b-388919e84b9b,L3,Tweet
c21fe3dc-30ff-4e6d-ba75-d9a032ea6d06,L3,Tweet
6572e3a2-7185-4ed4-8822-604b9822f60c,L3,Tweet
52d022f0-7dbc-4531-8efe-2e24690b31d3,L3,Tweet
1576eee1-40d9-4021-b51c-77e33d2712f7,L3,Tweet
a1343fdf-5762-49de-bbcd-3e6933cbfd6b,L3,Tweet
85e1a425-5ac4-4331-b7ac-6eba5f107e3e,L3,Tweet
38a1bd29-a312-4dde-8ff1-04ab5caf7734,L3,Tweet
946baa9a-491b-4bc9-9ad0-faf467067194,L3,Tweet
622cb02c-5aac-47c2-89be-c143a50a3945,L3,Tweet
11e88aaa-b9bb-4d46-b96f-f1a4267a0780,L3,Tweet
1e82694a-9235-4c05-8a53-f113301e8d75,L3,Tweet
35dcb6dd-9202-4c5f-ad8f-b00d847404e7,L3,Tweet
356bdbe4-f724-42c7-a631-dacb1a397029,L3,Tweet
c45d2c91-83f4-416d-a052-3ab141ebf939,L3,Tweet
15bec29f-de5b-497a-a207-8fa30232c149,L3,Tweet
13a59ccc-8283-4473-a176-fa472da79269,L3,Tweet
d2b16bbf-119a-4abb-b68a-0288a38a7640,L3,Tweet
543bb478-bd32-4af6-b963-b735b38f6869,L3,Tweet
8f25562e-252c-4537-b7b6-68d8f8baea21,L3,Tweet
5966b07e-d01c-4bc0-9335-8af75c412da4,L3,Tweet
383b3443-4dd0-460b-8b44-dbaac7a1a8b6,L3,Tweet
4a66e4af-5551-40ec-846f-926003ff8e8f,L3,Tweet
589753fd-8398-436d-b74e-c3618e2cbf48,L3,Tweet
4d16171d-1721-4584-8b3f-b0f4e2afbfb0,L3,Tweet
68b1396e-03d3-47da-9d8f-04db293b5811,L3,Tweet
a513d32b-877a-47fb-a955-e974abb43adc,L3,Tweet
343e01b8-6712-4ae5-ba0e-4e83e3c55a43,L3,Tweet
b144f358-68d2-458e-9d14-abf05b2e9c80,L3,Tweet
5943da03-8428-4a1b-b107-edbaef0cab37,L3,Tweet
c5b72a46-9920-43eb-800e-a587ebe0674f,L3,Tweet
e6095fd2-6822-4b59-9ace-83d64c30c344,L3,Tweet
163edb5e-2942-4406-94a3-68a3fe75a8eb,L3,Tweet
55eb62a4-41d7-43dc-9555-0ea32062dd18,L3,Tweet
3d0bb1a2-b2d1-49e9-93c4-9929d4ac860e,L3,Tweet
ef774f18-2c4d-42ad-809d-aa30da0aa2df,L3,Tweet
569b7ead-933b-4099-96cc-ec99469ec2eb,L3,Tweet
1abb99fe-d420-454e-8faf-a9071f8533cc,L3,Tweet
5578ecd2-2fa8-42e6-b8ee-0960ba5215f2,L3,Tweet
37aa08e1-acb1-4aa2-9f2a-e115dde47edb,L3,Tweet
e1abd9f0-b195-43f1-a434-e57456877ca0,L3,Tweet
559d070a-31ed-4809-95b4-163a0ad75d5a,L3,Tweet
422dc243-70b0-45af-8a7e-53a5abd818aa,L3,Tweet
d9d73a11-f115-4f14-a4fd-c3a58ba1f662,L3,Tweet
523399bf-7397-4d9d-b02f-89029f7360c1,L3,Tweet
b6fc613e-c509-469e-91a9-4b47a25a7b41,L3,Tweet
91870a0a-a152-4be0-92be-fabfabe909ee,L3,Tweet
f0a919fa-3297-4cb1-81aa-2804cce3ac99,L3,Tweet
fc9f193a-3a84-4b45-bd84-cb161bd384f1,L3,Tweet
9fd4c2b8-3e2c-4588-9325-f3fd21e4306f,L3,Tweet
bdb933f2-d780-4c91-baa2-7aafe439b626,L3,Tweet
b362f517-dde8-46cb-878d-afef87d84a00,L3,Tweet
1627649b-177c-4022-ace7-f18d3c8f9a93,L3,Tweet
0c0ae18c-0678-4c39-a5c5-fb8aba387454,L3,Tweet
03536eab-c95e-49a7-8954-0b01d3d647e0,L3,Tweet
e18be3b4-90fb-4f5a-96d3-d163b0cc1c48,L3,Tweet
6afba262-1e1b-43a3-aa3d-d569f2a46636,L3,Tweet
50b0b53e-4b99-45bd-b054-01356eeb37fd,L3,Tweet
7f707659-ecce-4a4b-9148-0835f805d502,L3,Tweet
abe2f261-219c-4bf4-8f80-11ca3002a547,L3,Tweet
bf2790eb-dd3c-4e16-afed-75cf10749dd3,L3,Tweet
bb86c244-133d-4c4a-b64e-5b81ae4723eb,L3,Tweet
b6b40193-5da5-4fa8-8880-2a1b6ad4b9a8,L3,Tweet
c6e0c2e4-44de-452b-a610-f5fd855fa451,L3,Tweet
d6d70272-8261-4102-83c6-9d99cebae6e1,L3,Tweet
4c601d1a-b52f-48c4-b323-6e7108950a85,L3,Tweet
37963304-218d-4fed-a6d6-c4d981f3d0e3,L3,Tweet
0102e505-f068-4e93-bf2b-8e1043c57106,L3,Tweet
8359d5c0-ef89-4897-9383-b57a54d844fd,L3,Tweet
36e31434-de94-4fa4-927b-1a0a487ecf34,L3,Tweet
4893b9a1-109f-4e3c-a626-9dbab21b35c0,L3,Tweet
9368a450-5714-420b-8bfe-2ef96f909ab1,L3,Tweet
00188037-1e14-4c64-a51b-6fef113fdb42,L3,Tweet
8164fd69-75ab-4561-a90c-2358afca712a,L3,Tweet
58a5748a-f075-49df-8010-e4181b508898,L3,Tweet
ddd3d314-4d86-4057-9948-c5314030acfa,L3,Tweet
464a00a7-a9ab-4569-bac5-ca2d2b0c6312,L3,Tweet
40a9769e-16c4-452d-8a77-089c0f4c54ab,L3,Tweet
2960b0cd-290a-4386-ab7a-25e78131ca8a,L3,Tweet
ef96a8e7-c75a-4fde-9529-22cf4686df48,L3,Tweet
1896fdd1-02a0-4865-b5a8-3702d28df3e4,L3,Tweet
535f65d6-efb1-4385-b769-610abf44aa00,L3,Tweet
81e87071-5b61-461a-b7bb-241204e008ad,L3,Tweet
547bdb1b-aed3-4339-82c6-4725fbc1975e,L3,Tweet
1f5dde36-5667-4adf-8772-d2151b2c8d1c,L3,Tweet
4530f99f-81bc-472c-9ae1-3f138d5d648a,L3,Tweet
4fd67d76-278c-4b52-b1c0-b7de944eb115,L3,Tweet
80d042c6-3881-4706-ad72-864a2fb31d8a,L3,Tweet
d6cd586f-1f9d-4bbb-8fc9-6b0f64ac5fd2,L3,Tweet
ec0f01d9-6fa6-4ff6-9fe1-5f998dd90fcb,L3,Tweet
3c0b9495-c876-416b-835e-b2211d47166d,L3,Tweet
1496c310-1176-49e5-8397-c060c7af4793,L3,Tweet
0d250d07-2c61-4a38-a9c7-db75ce608900,L3,Tweet
fecb660b-0370-4e1c-8078-97f890fef403,L3,Tweet
4fbe49b8-1153-43f9-b842-28a4edca4f01,L3,Tweet
c02e17e7-34b2-4209-ac65-f806b0e063e5,L3,Tweet
4fb55eac-7c25-4643-8998-5bccfdcc671e,L3,Tweet
ac0b7759-b548-4438-9d06-b77c9d8cc634,L3,Tweet
1b38e4a9-b5ac-428d-abce-89001820497f,L3,Tweet
4464a2a3-278e-4d6d-8c94-dcd6fd69a723,L3,Tweet
120e5abb-cf23-4133-8d29-a34aa6b4a4af,L3,Tweet
7b1788cf-9ffa-455d-8d1d-5d2aeb038eac,L3,Tweet
79b9cf7c-ae8b-4f71-80b4-a6bc8714b08d,L3,Tweet
89d17929-1f40-4f9f-a350-eb5050941070,L3,Tweet
1a16faaf-c7e6-45a5-a4f4-99964494e26a,L3,Tweet
224c7d86-5c32-492f-aef4-ff6ac59557d0,L3,Tweet
604e1385-850b-4b48-a06c-9564d864a264,L3,Tweet
e3112162-46ed-4b3a-93e3-62cfc620b43a,L3,Tweet
b7540534-5ca6-45ba-af19-310ffb0ed3dc,L3,Tweet
f99637f7-5309-41c1-a8ae-985cbd4851c0,L3,Tweet
c66654bc-b5c1-48d4-bc7a-42117a5aff46,L3,Tweet
d47c39d8-31ca-420c-9186-96f0c2cb9287,L3,Tweet
0a8a9ebc-9938-426f-96b4-0439df31d32b,L3,Tweet
1d7b4979-0c9a-4c5a-9cde-4c0a94a2b667,L3,Tweet
d64acc9c-2bab-4b74-be9b-fb63f6063bf8,L3,Tweet
ea6c7cd3-22d8-4165-89d1-178d7c5ce528,L3,Tweet
d9b95b66-d26a-442d-845d-1c5e5e60bb48,L3,Tweet
3099c118-bf72-43ca-9f3e-030db8d9aaaf,L3,Tweet
5b9a3421-5ee3-4083-9154-c5e156338b2a,L3,Tweet
412de520-bda6-4a1e-b34b-9a43d5ebdf0a,L3,Tweet
fc336f59-75b3-4cc8-a293-bead7336e619,L3,Tweet
9a0b7c3c-c5f2-4fd9-867a-0bb5452f7314,L3,Tweet
158daa8f-a76a-4341-b4ef-5e4c9225f516,L3,Tweet
e73ff43c-16ff-4f89-a328-2ea147f48bc3,L3,Tweet
61be266c-8bd7-40aa-8bce-0d514bb2ed70,L3,Tweet
5cabb7da-5b64-416f-8c28-f53db5631b4b,L3,Tweet
68c5e448-807b-4fa1-9ea4-82dbfb04c184,L3,Tweet
6a790796-7099-4871-acba-cba453b371e7,L3,Tweet
e13ba499-bcb5-41d1-828a-66480e21591d,L3,Tweet
c6b101ba-9863-4df5-bf3f-43ba529c0707,L3,Tweet
30a1936a-1c49-4209-b582-a0a782392cd0,L3,Tweet
a4b16f05-1245-489b-8f99-1b9b7a7e3690,L3,Tweet
aa5f85fb-ff16-4d0c-8d6b-ab0d84cfcc61,L3,Tweet
ac66a452-8329-484d-9f2f-e11ccc711473,L3,Tweet
1c9be2e8-c39a-4d0e-867e-d9ab211b3d2c,L3,Tweet
3a1556b5-1442-47d2-a6e1-3a3ee5057e97,L3,Tweet
2a076cc1-e2bc-4a6a-91fa-b99dff1175c8,L3,Tweet
99cb44a8-4985-402d-bb07-091c455fe560,L3,Tweet
4e8c002b-35fb-4ee0-9b6d-fa7192e241ab,L3,Tweet
6c5989f1-8892-45d5-a624-1f95be820f94,L3,Tweet
466dc1cc-23eb-4375-9d12-65ce00cdeb15,L3,Tweet
e8f0521c-4620-4b15-9995-78cc6f798fac,L3,Tweet
84b586de-1fb1-4994-b108-5f7133831699,L3,Tweet
6a05de73-b1f7-4fec-a924-35c8f80e7d33,L3,Tweet
154c1c8a-517e-4e17-91fd-0f52d0689dbb,L3,Tweet
f18fb99c-c291-465b-872d-6848965df949,L3,Tweet
cb258661-1792-46e1-91f1-436baa419fa2,L3,Tweet
a2e0c935-b8f2-4fae-ac4c-0b459675f02f,L3,Tweet
88c7b592-ae21-4864-85d9-126ceefdfafa,L3,Tweet
cf58a537-3f9d-49cf-8f64-5fad592f0045,L3,Tweet
556c7b36-0915-40ab-bf04-434a4020fa1c,L3,Tweet
f7f4a406-7733-4ede-95ee-f4c698155920,L3,Tweet
c4c5f0f3-0e0e-4bfb-a371-826987cf8492,L3,Tweet
ecadae0d-8710-4da2-ad1d-214db2a20b36,L3,Tweet
20cfbff6-6e35-4517-96fb-ca40e08b958f,L3,Tweet
cee15c39-5d65-4765-8d32-da71110b1ea9,L3,Tweet
5019b982-0a3c-40b9-a41b-dbad567d801c,L3,Tweet
8e2c107f-1db7-406b-a870-6249ee33adcb,L3,Tweet
8224cde7-5255-468d-9417-6f3da7089a1b,L3,Tweet
9075767b-2a6e-42fc-b5dd-6c69ef1426e1,L3,Tweet
3825677d-9746-4eb1-bd80-9d772909e7cd,L3,Tweet
5d796f51-276e-48bc-9a21-b752f4425f3b,L3,Tweet
602d9c4e-d0f2-4bff-bdf3-0e2bfd59fd43,L3,Tweet
ce1feac3-4276-46ba-989f-7fa3383fcf85,L3,Tweet
0cca1b5f-6023-4050-8e65-1750942d85c9,L3,Tweet
6b9d3d81-7d8f-4c45-badd-0d83cc658b22,L3,Tweet
7a73e830-ff34-4c4c-a045-dc945f877cb7,L3,Tweet
9de08556-5293-4d7e-8437-5d36074fc0f0,L3,Tweet
58ef63f6-0aa8-45bc-936a-9f1473fd2973,L3,Tweet
7afbbd31-e13d-4eaa-95d5-0792ae62a4e1,L3,Tweet
9783827f-5b4d-4672-9730-b27ae0614074,L3,Tweet
e55083b1-9e14-4d7e-8a56-662843dabff1,L3,Tweet
579bbcf0-5675-4045-a275-cff8ee8fd34c,L3,Tweet
78dd4c6e-afb3-4518-8f66-036b87dcdcca,L3,Tweet
11db2e91-c456-4dd0-a35a-b95961fa0d95,L3,Tweet
cd8c8d89-15b7-46af-a01f-a21c9c3c4ed8,L3,Tweet
cb257f57-461c-4171-ba01-7c04e87029ed,L3,Tweet
122dd4ba-cd12-41f4-be0c-137942e7317e,L3,Tweet
522db96a-db7c-44b3-bbcf-6e1844da2066,L3,Tweet
187d58da-1bea-418a-8abc-245661cc592d,L3,Tweet
30ed7624-4dd3-4ccd-bd62-83b361016cbd,L3,Tweet
1e27263b-2f26-4d6e-9660-9082a43f6171,L3,Tweet
522a8d7a-f127-45bb-9c85-0798724b6b45,L3,Tweet
78dc8037-1e9c-42e7-93ee-df77be8e5571,L3,Tweet
739448bb-09bd-4bc1-81e0-eeda845a627c,L3,Tweet
bf9fa6f0-30c1-449c-a633-9f7504765b68,L3,Tweet
0b6845f7-c24a-492b-90ef-95b160d5f735,L3,Tweet
c31eb0e5-e055-49a6-a17a-411fac6e8cdf,L3,Tweet
326c0987-8b56-4136-bb7a-5036e31fbbbc,L3,Tweet
1fc19d2b-8764-4321-a339-36035f6bd817,L3,Tweet
5cb3a197-a2f5-48cf-89bb-a234b9b33fd1,L3,Tweet
34c06046-9822-4786-a771-dcaf9aa2c42e,L3,Tweet
d91f61cc-b0c9-41a9-85fb-3579d1fdfbee,L3,Tweet
e3f2c37d-becc-4b32-a13a-520b3bee60fe,L3,Tweet
299bdae9-a265-46d0-814b-2a16c064b94d,L3,Tweet
8064fec7-4dbf-4a95-b368-6df0e4b13ecf,L3,Tweet
ce81e337-42f6-4476-9504-0fbf68ead170,L3,Tweet
7731c612-1f12-433c-a6a8-a67f05b10d01,L3,Tweet
ade59e9d-2dd9-4c80-a29d-a3bef9c269fd,L3,Tweet
6ea47990-6b12-432e-9aa4-bf08747260fb,L3,Tweet
39a892fe-ff73-4e5a-9032-0846f022c650,L3,Tweet
220e28d1-3a99-4677-ba9a-668f4757d2fe,L3,Tweet
bc83584d-bede-4360-bc1c-6d02c620c688,L3,Tweet
f2b28dfc-4aa8-411c-be97-ea3551a64081,L3,Tweet
d1d1a960-41d6-4365-a0e6-fc6737ff9205,L3,Tweet
20e493f8-5efb-4ebd-bc6e-5d3f24541ec7,L3,Tweet
f9bd9543-631e-4b05-be29-3ff326b17118,L3,Tweet
84587068-7b2a-4439-8154-5731e277dbfd,L3,Tweet
2d7be993-39fc-4415-a360-de795f93ab7a,L3,Tweet
e36588a5-7637-4b96-b650-613bc49877c8,L3,Tweet
d0da2799-a7e0-40ed-a8c3-2cc45412a0c4,L3,Tweet
e973c7bf-b50a-4ba6-aa48-ff2278124582,L3,Tweet
1c6c7e8d-b879-4561-89d2-34c4eff872f5,L3,Tweet
26c7ca35-efff-4c43-a09d-d262c72b5910,L3,Tweet
f87c6e6f-f87e-4438-a265-a88770f27e93,L3,Tweet
b66bc4f3-2aa1-4569-960b-11accaf4ef00,L3,Tweet
fc323a7e-144b-4c52-a919-4192873f476f,L3,Tweet
d981a518-5f0b-4d77-b238-3bc0bc091d9a,L3,Tweet
50e34064-1dd5-445e-b9b4-6aecfb5f8103,L3,Tweet
a4102b9f-b167-4c62-9d85-6f9f07b2a204,L3,Tweet
5cb0633f-79ca-41b5-8104-2efb3c72365c,L3,Tweet
5d8a0a50-1440-459b-a7ff-c5a681a5b3a7,L3,Tweet
bc76dd2b-0b10-4a4f-8cc7-bee04f57ae95,L3,Tweet
a1e989ef-d820-4c9d-833d-88313c3c5ce7,L3,Tweet
5da0c9fa-df2a-4977-ac1c-f61a63a1ee6a,L3,Tweet
da8f9047-9450-4a73-b5d2-847a3b538c45,L3,Tweet
b65c54a9-6539-4aaa-8b99-3371e007bd5c,L3,Tweet
b153d7ea-eceb-4966-a10c-e9a9f8d73743,L3,Tweet
c266becb-6e39-4b60-a729-d02659a296fb,L3,Tweet
938c33c6-6787-4fbc-a352-01be331c99bd,L3,Tweet
d3329341-4710-41a7-9832-459c53c58a52,L3,Tweet
d9f958a7-c159-441c-8d66-414171ff171f,L3,Tweet
ec4c0f41-2cad-4f0d-93d4-b8ac96d87ef3,L3,Tweet
475c68db-6f95-4363-a3ac-f02af1b1b085,L3,Tweet
b434b91a-9f4f-4a31-8b59-fdc38c1b0a15,L3,Tweet
2455357b-d195-48af-b1e0-1a09888c507b,L3,Tweet
caa8891c-6cf4-48d4-abf2-a2748fdcf82c,L3,Tweet
8b2dbcb5-999a-44a4-a8f1-686211889094,L3,Tweet
637fad30-b030-4e5d-8f8a-b2d216d8520c,L3,Tweet
36838f2a-2189-4889-b8d3-4e9d26b9a779,L3,Tweet
bc8f764e-13c8-49da-bcd6-cb0de4c33edd,L3,Tweet
e3d0dd6e-f30e-42ba-8c6c-84bdfac41b2a,L3,Tweet
14f70034-2002-494a-88b9-cf79047f8b1d,L3,Tweet
5cf24fd4-c330-4e60-98fc-384ee53c8e49,L3,Tweet
da32ceb5-96e4-4a79-b131-e2350b0374bb,L3,Tweet
f64eaa58-67ab-4656-afeb-19c03e55f36a,L3,Tweet
c3325842-16c7-4581-a556-a89044c01bee,L3,Tweet
97abf5fe-03df-403f-8f9a-7773c2f27e7e,L3,Tweet
0d02c06f-0f18-453b-9b0b-c9040941d29a,L3,Tweet
7c8224bb-329c-48d7-a4d1-225b9b679963,L3,Tweet
172f059c-3e60-4b18-aade-4435d9c1fc23,L3,Tweet
d21514cc-e690-43d8-a725-993e97db5458,L3,Tweet
8b76b569-383e-41d6-884b-1ad7f3ebd74d,L3,Tweet
321ded3f-819d-4b83-998b-038acdcccb7c,L3,Tweet
8daf5796-072a-45be-84a7-a2f399458862,L3,Tweet
ce7414ba-efbc-4d3b-b595-905f950b4526,L3,Tweet
2be6f2d4-5615-4ef5-8206-664e06fdab28,L3,Tweet
57f57f66-448d-4156-b61e-a70635e819de,L3,Tweet
5805839b-ee8f-4b69-99d4-14dfa6f40890,L3,Tweet
be7da652-2968-49a9-8980-d326569063e8,L3,Tweet
21927f6c-3476-4869-9ac0-deb87f5b19b3,L3,Tweet
a6e611a4-7051-44ec-a93d-53ad2f12e351,L3,Tweet
239e36d4-938a-4623-8d7f-d4be8998215a,L3,Tweet
bbe0a44c-de15-4ca9-8e1e-ee49868b510e,L3,Tweet
1433bde0-bb92-4d7c-b194-41e0c8c4be02,L3,Tweet
3cbaf456-9d65-446a-b682-a9ba6dc996de,L3,Tweet
9e844f5c-6e3a-4181-a19f-4cb5e3b86c38,L3,Tweet
834cc134-14aa-4be8-a53f-e74d80ef9b49,L3,Tweet
38b655ee-973f-44ce-8f7f-d3ed7ea490f4,L3,Tweet
5723cc11-306e-4742-aed9-7e9f81088735,L3,Tweet
6a59c031-de5b-4423-ba82-af9125072c02,L3,Tweet
bda009d5-3d35-417d-b98e-113a8aab4c9a,L3,Tweet
ed3e61ea-b6eb-442e-bcd3-eecfb6d17480,L3,Tweet
9cbf2470-3c79-4a99-b5b7-974553626120,L3,Tweet
ae766b43-246f-4767-b841-301707a2b3a0,L3,Tweet
2295f84e-b767-42c3-b024-ca8bea71734e,L3,Tweet
b299379e-560d-493b-8cc4-9696a63c2c78,L3,Tweet
a5a134f3-ff24-4e02-b097-2ebe28e1214e,L3,Tweet
d8d722c1-e33a-484b-96da-e8772cb95b45,L3,Tweet
712a1465-8454-4c6e-8453-13dd9eb8365f,L3,Tweet
b935115d-7f32-43ba-8f42-e17b5bf21516,L3,Tweet
9d367348-ea96-4217-9875-fdd232c66b7b,L3,Tweet
9de98f25-139c-497b-8fa2-872a0076082e,L3,Tweet
d5a07c4a-8c6b-41a0-a615-9950f3c168f2,L3,Tweet
5d8bcff1-6ac7-43e3-acbe-738a83bb1c7e,L3,Tweet
15b24746-3677-4f5e-bd7f-59a8d0834b4e,L3,Tweet
aee15c79-9636-4c13-815d-cd3ebf217432,L3,Tweet
f08e741c-e7e6-4cf1-9350-198a7059f0f3,L3,Tweet
737e3d97-d393-44fb-8ca8-78388843002b,L3,Tweet
23ad9579-61aa-49c0-8ca4-35ed92fd712e,L3,Tweet
4e309898-c439-4f7c-98ee-ced357cd6795,L3,Tweet
472ce3db-b765-4908-bc10-cb950b43c27b,L3,Tweet
c3170f2e-5541-4c8a-ac6b-4ca42d84f8a0,L3,Tweet
4cbd0703-bb3c-42fd-9cb2-620963a34535,L3,Tweet
ef528bec-e4eb-49ba-9f73-f00785c98eab,L3,Tweet
7aa808e1-f966-43a8-ab66-dc832fb552e6,L3,Tweet
1ab570ae-7887-4c76-b769-919500c4d9a8,L3,Tweet
22a90ccb-27ad-4ddf-9d96-4faf1e0ef4b7,L3,Tweet
408571ee-c39a-453f-9744-fc770c3c15b2,L3,Tweet
fb6e3db1-7231-4dda-9f8c-31aea061f58e,L3,Tweet
ecadcc7f-e80f-49fb-b45c-e10dbd79f756,L3,Tweet
9fc2683e-faa0-4772-8fe8-41c7eb2d7634,L3,Tweet
5a335de0-1a71-4dce-b51a-936a83282c8a,L3,Tweet
c8f628c6-a90e-4ed9-948c-23e3e2fe9228,L3,Tweet
089223a4-5c41-4016-852e-160bd0e9a59e,L3,Tweet
318ba37c-d0a0-4a2f-a67a-063b3805a1f0,L3,Tweet
84b95c0d-3229-456e-a869-e2bcb2e5a4ed,L3,Tweet
006b43a4-3f3c-4d20-b262-2c70ddc8910f,L3,Tweet
ab4c3c30-cf18-4086-9c55-b55aa0d89970,L3,Tweet
f70755ca-7630-47c8-bfdc-9d0c4bc8a98e,L3,Tweet
bef598e6-a6a3-46a1-a8b4-d39b24b37129,L3,Tweet
973b4395-f907-41b9-8a5b-86eef64343d4,L3,Tweet
0cc34b37-2dfe-4be2-82b0-f26d74659d3c,L3,Tweet
3d8eaa84-4bd3-41f7-9f60-b744bf89e98c,L3,Tweet
8443723b-e2bc-44d7-990b-68f58911cc64,L3,Tweet
722cd259-0bba-4763-bf0d-79ee5e5fd3d5,L3,Tweet
f31a94be-2ff4-4091-8a70-b7ec8d6886d2,L3,Tweet
fc6fa631-ba85-4615-86dc-708c8f59be85,L3,Tweet
de9881c5-8403-46da-9d30-6b9c184d557a,L3,Tweet
75474631-7b20-4840-9c05-5cf722341d98,L3,Tweet
2336e458-ee1d-4800-a604-541fac9b9ace,L3,Tweet
fd7d40dd-eecc-4e46-b618-3c73a51141f2,L3,Tweet
9772fd51-4557-4aad-b56a-1034beffc6c4,L3,Tweet
255b8245-97e9-40e0-b42a-58902cf41dcb,L3,Tweet
121bc9fc-9249-417d-a636-d82b389f9f65,L3,Tweet
75cd40f6-43e8-4450-8850-de486f5085e2,L3,Tweet
526cfcf6-a076-49a3-ad07-7678a81a5f0b,L3,Tweet
fc5314b3-9e85-4ea7-b569-960c749693ba,L3,Tweet
4001aed2-4449-4554-afa1-2fbae1f6d6de,L3,Tweet
c9529698-7c77-4e5b-b8b3-f33cdc7b9137,L3,Tweet
2e4c217a-3f88-4d80-ae6c-6b4e3625006f,L3,Tweet
87527e10-633b-4986-9228-1b236c6b98bb,L3,Tweet
ade6708e-ea03-4ee1-b4a7-78b168d614f0,L3,Tweet
bf81ea80-42a7-4040-8fd2-8deb91e2eec9,L3,Tweet
dac16669-ccad-4485-b9e2-4b30a3efb71c,L3,Tweet
1c8df78f-bc2f-4cb9-8eb2-06e61ca51937,L3,Tweet
85cae6b5-d70e-493b-b7a8-f7af761e33a0,L3,Tweet
5bca2d3b-5758-481e-a096-e646376163f1,L3,Tweet
bac57e42-cf40-4184-81c1-af2719d7e0b1,L3,Tweet
be723aca-ee99-4862-a9d1-27f49a404a2f,L3,Tweet
f6e89db4-2187-4d03-8534-531093b07e2e,L3,Tweet
ddc7f7d1-0a49-4529-9b35-d723b48ad799,L3,Tweet
85f4041e-6a6a-44d3-a900-b54deefab9b5,L3,Tweet
073d7286-300e-43f5-adf2-6057e855c262,L3,Tweet
adc1802e-ebc4-4961-b94b-54fce09fe85b,L3,Tweet
220d86fb-80e0-4a1f-91e3-78d524940681,L3,Tweet
55ae88f4-6a5d-4103-96da-90c038442b05,L3,Tweet
07ab6db6-5093-4333-8618-0659e23e2314,L3,Tweet
a48fe13c-f3ae-4460-9b46-3ddf7380f5c3,L3,Tweet
334682ff-d286-4587-a55e-9a26a5cdab15,L3,Tweet
dfa014e8-c5bf-448b-b957-503ab261a934,L3,Tweet
2ae79281-2064-4d7a-ae0d-9ebfc0a45e49,L3,Tweet
ffb71cc3-5a54-4fd3-ad4d-8e4fe494f38f,L3,Tweet
3a8ac61d-59aa-4f47-b333-f0867ac55aed,L3,Tweet
ca791d32-88d2-4831-9064-24a69a73429d,L3,Tweet
b3092a33-e2ac-41e2-979d-9c74cbbe4b19,L3,Tweet
d7d229e0-337a-41ed-8916-9e94b21ae0b9,L3,Tweet
b52514d7-e041-4e83-b2de-65364df9a9e7,L3,Tweet
f8b4890e-359a-49d9-a5b8-de055316f0d5,L3,Tweet
bc129a28-1204-496d-8af1-05a408562a7b,L3,Tweet
62555708-5a96-4065-91a3-cfe691cac51f,L3,Tweet
57cb6b2f-c13e-4868-a83d-6d62c4a93050,L3,Tweet
00c7da6a-c728-44d7-a7ff-b398ed894e76,L3,Tweet
c1f22774-0693-4f63-b1e1-02371f95e092,L3,Tweet
b1c052e0-149e-4e63-b8a4-43876bb26c6c,L3,Tweet
ae98918b-4f52-43b1-abd3-318f96ed5a65,L3,Tweet
327e7142-b829-433f-830e-e3d29e6e4ae3,L3,Tweet
c1e20ad6-5c24-4e19-a0f1-35a99d81d5b1,L3,Tweet
543c1505-477a-49e5-9187-9549ad736e5b,L3,Tweet
623f591d-352d-4f54-8967-81889f865af7,L3,Tweet
7f03ecfc-6bbb-40c6-992d-28c1b7b64829,L3,Tweet
c8336e81-6259-42f2-99c8-32188a8a0335,L3,Tweet
cc337836-156c-4320-b08e-32b78346b800,L3,Tweet
7b30f006-4d0a-4e89-83d8-688bb858eb35,L3,Tweet
8866e5ff-350a-49cf-949c-59230f92de58,L3,Tweet
b863bcd2-2dd3-4bdf-a948-efef49e707af,L3,Tweet
d8857083-594a-4175-8c02-cefd9f1d7c99,L3,Tweet
ed35b703-3ddf-4f07-9c6f-1754a581222d,L3,Tweet
e1f49d14-ef20-44bc-8a17-c15425ed5fe8,L3,Tweet
653500d7-2d5f-4b0c-99d3-307d08e7f201,L3,Tweet
b012e89e-d8c1-4507-8853-46b301239af4,L3,Tweet
a844e9e9-0d01-4e09-8023-936e0af24593,L3,Tweet
8dd4b373-c32e-4698-856a-ff7394c8269b,L3,Tweet
d6195eaa-b5e7-4369-8f81-adf7061ace2a,L3,Tweet
b42e900b-f83e-4b1a-b45e-de748a08f111,L3,Tweet
f97824a1-36f5-4d58-9e91-8b99d663c7f5,L3,Tweet
2e12ea35-9e55-4910-a6c6-5b4a9ca9b774,L3,Tweet
035d383f-aed5-4394-9174-f834490f7e3a,L3,Tweet
c4871e5d-78c8-44b9-b481-fb4a0767f17e,L3,Tweet
f590dd56-3d23-4bfe-b26a-8970ed0e278d,L3,Tweet
84d56bab-a762-436f-ba89-bfd0596e3e47,L3,Tweet
5ce00ffa-8e20-4c64-b773-da300e6d2314,L3,Tweet
d9f8a488-feae-441d-b779-1e7b25fadfe7,L3,Tweet
9d8d243d-f204-414c-a6e4-71c52e679811,L3,Tweet
52e20363-e9ad-4597-93d1-a556b92dcb3b,L3,Tweet
2b7df6e6-8a10-4375-bc23-5599a62b6677,L3,Tweet
aa218a81-9e10-4652-b341-3a5c71bb786f,L3,Tweet
d1ac55c5-365b-44f7-ab29-431cf354c697,L3,Tweet
49a56bc5-9725-47c5-9d55-04a700821289,L3,Tweet
9b821639-b0f4-4a17-bd1a-fc3d070cb1b4,L3,Tweet
96bc2bb2-5059-4997-ae30-19ffb50352e1,L3,Tweet
a2f9b9c8-9fbb-468d-9ed4-3f8ea9678117,L3,Tweet
396d29d0-d5b8-4289-9045-d13df8461caa,L3,Tweet
08d12c03-4780-4ef0-aba6-10d95c7419f7,L3,Tweet
6e47adb1-e10a-490c-8cc5-df62e37b4a20,L3,Tweet
9db9a43f-c7f9-427a-956d-da9be4884493,L3,Tweet
9556060b-e868-4077-bc15-e892e485e1f7,L3,Tweet
c1984cd7-4597-4ac9-816a-b2f36373e9c5,L3,Tweet
fee5b047-c961-4219-8338-6857dfcbf044,L3,Tweet
88453931-f66c-4c77-a6ae-fdf888eb6729,L3,Tweet
9bc4ec72-7e90-4b25-a8e2-cdb68a76d429,L3,Tweet
0d840bc3-1e93-4459-81db-b8d9604ce01b,L3,Tweet
c121cd9c-475b-48cc-9993-51e7ce472ed5,L3,Tweet
0875767f-2e13-46ab-b507-3c96042afdf3,L3,Tweet
ac0f488a-73f7-4717-a13c-f9170f376082,L3,Tweet
0b738212-9b6a-4525-824f-0e31a5dcffa8,L3,Tweet
875139af-e1e7-418b-af5c-3427eb977f77,L3,Tweet
25dfb4cf-a47e-4899-859b-4b254e0ffcc3,L3,Tweet
96bcc8a0-a4b1-4d22-954f-a0ac5f551623,L3,Tweet
3f05dd3a-52a3-4e0a-98e3-70ee4a5519fd,L3,Tweet
5e33e41d-fefa-4a88-bf66-ed8353642d40,L3,Tweet
b13ed23f-7e60-427d-8fc6-044bef07f05c,L3,Tweet
604ee3c1-1cff-49da-bcf9-1d1ced069417,L3,Tweet
aef0f41d-4253-4f28-863d-2f572b473974,L3,Tweet
f0951627-fcbc-4c88-ad7d-35a21ea6ba64,L3,Tweet
ac573ab7-d427-4374-88b1-e6e13f031e34,L3,Tweet
aa5bcca8-07ef-4daf-9c89-f189d29754f6,L3,Tweet
dfad3398-5791-44b7-ab2e-07cffbd804a2,L3,Tweet
1606a76e-6550-4c1f-993b-719316c0db2d,L3,Tweet
6e278e4f-6b0c-4c96-bda5-60eac60a9f1b,L3,Tweet
c739fc27-432f-4a4d-960e-e9d76dca4e20,L3,Tweet
59120c5f-23ba-41e7-9185-dcbf6911d5d7,L3,Tweet
788164f8-4af5-4cd6-a6a5-b0ae5460f453,L3,Tweet
1dc1c7e7-7541-4eb2-b780-6638e5c77ead,L3,Tweet
a8d8c1d7-375a-48f6-a96a-eea783ee30e8,L3,Tweet
863a2162-ae70-442f-87f7-c3d4a85820c3,L3,Tweet
99e33492-bf7d-4407-9b20-1416fbc789de,L3,Tweet
a62d4e98-12d8-4f07-aada-f1c7e16ab1d6,L3,Tweet
15fa85bd-9be7-46a5-8766-fe69b39eb5a2,L3,Tweet
76b528b1-69f7-4ef4-a5b1-b0e39e821bbd,L3,Tweet
b1ff2b33-d2cc-4837-8d12-97b507565e04,L3,Tweet
cbe8bb50-e481-45fa-b3d7-51de526234e6,L3,Tweet
f0157454-85ce-4f88-b524-9254f6af8021,L3,Tweet
1b197b5d-3dfa-4b44-bf83-2197bc6151f0,L3,Tweet
4115ba31-1a71-44a3-9ed3-22f525d7cb37,L3,Tweet
86bc4f42-5639-4f28-9431-146a39910ad1,L3,Tweet
82d8b163-0f22-4a64-ac77-1772d5ff2d91,L3,Tweet
d3430950-5f2a-4a5a-ba71-5901791bff30,L3,Tweet
881dcf25-a014-4bf2-a5ed-b4fb88beea01,L3,Tweet
9f0ee976-fbf6-475c-9da8-9b9e25e00ff0,L3,Tweet
01f04b66-7f15-467d-950a-dcabd70c7ae5,L3,Tweet
62cd8820-5a79-4108-81d6-567386860311,L3,Tweet
a7bd1246-5452-4cd8-b0ac-f463eaa7188a,L3,Tweet
bce6e698-3c2e-4835-9761-0eefc5c0b338,L3,Tweet
2fd211fb-105e-4888-9572-fff3e6de42a7,L3,Tweet
262724a5-30ed-43aa-b342-b22d5c6b0442,L3,Tweet
fe776fc6-ea2f-4ee7-8a33-c6d3eb1528d9,L3,Tweet
88816cca-5538-446c-a3ac-133328a03d04,L3,Tweet
435ae17f-71e0-4170-9f11-06ce131974a4,L3,Tweet
67e11e61-484f-4c8c-891e-ff595250c991,L3,Tweet
ae4ee822-9158-41cc-be93-29eb1c20045a,L3,Tweet
5863432a-9905-4f4c-a9bf-84a0d251daa0,L3,Tweet
997cfb5e-d28f-4ff0-92b0-006a5788a6c2,L3,Tweet
db648bec-880a-4b61-a6b6-e48b7da1a75a,L3,Tweet
7d9805a9-2297-4501-b91d-7ef25a6d8b5f,L3,Tweet
75d53ec2-de51-48db-b543-8dbbd146136d,L3,Tweet
a84fbbf0-26d8-49dc-b1e2-491cf7fb95a4,L3,Tweet
46ece49c-4428-4ca7-bda9-ce25e483ccb5,L3,Tweet
f5b2cd52-46e8-4076-9e9a-39bf9780ccf2,L3,Tweet
352a8d43-b1ee-4ad3-89db-6f5ac24ee2c6,L3,Tweet
c6a8fd45-e048-402c-aef7-f887127388a4,L3,Tweet
18a720e6-0002-49ea-9f7d-0282811a1710,L3,Tweet
c6ac5abd-6a22-49c6-9ad1-4439e8a59efc,L3,Tweet
398112bc-bebe-4097-955c-c433f141d422,L3,Tweet
74add0b2-8fdc-4d23-b02c-b235d6b5e345,L3,Tweet
3ce3258e-bd35-49c5-803e-cfa13ea3f52a,L3,Tweet
14086e33-40a2-440a-819f-ee2c5fd343d8,L3,Tweet
2f92b9fb-51d5-4f4d-bb46-3d105f1d9368,L3,Tweet
ef621af3-4080-4a9e-88f9-d3a09a9f0b81,L3,Tweet
d53c2808-4561-4e29-8e58-9a991c8de137,L3,Tweet
f91c45ea-c6a4-49f8-ad22-abd2040733f3,L3,Tweet
5ad87325-b9d5-4094-b157-e445ae187984,L3,Tweet
23926bae-f7c3-4b57-8326-c2939f405215,L3,Tweet
404315f2-cef3-4e9f-80d8-6d2aded7eaa2,L3,Tweet
e24c8168-5674-4ff1-88ac-14e92a37b348,L3,Tweet
2b7a1a36-a84e-4b0e-a476-2039f79b68b8,L3,Tweet
bec7d287-6834-4e88-b33a-bacc13833659,L3,Tweet
c271aeaa-da6d-4707-926e-7757079681ec,L3,Tweet
d83d95e4-cb8a-4cb6-a78b-4a2dbda97e47,L3,Tweet
f8f890c1-b755-4553-b40f-9a932a4d2779,L3,Tweet
8ef1fc17-a2c5-4303-bfce-51c101183aca,L3,Tweet
b6674611-9bd7-4ef8-9615-5bb2323957f8,L3,Tweet
ab669a1c-36f5-407d-be52-c6b0cdc01d1e,L3,Tweet
2c04b73f-af88-4aad-b22e-7b4e30ad28fe,L3,Tweet
c247403c-11e0-4311-bdfe-05e8043fc3bc,L3,Tweet
6e7bfe40-7fe4-4c12-b150-5cacdef0d318,L3,Tweet
e2d1c398-b1dc-443a-a4d3-8b8ff76b9474,L3,Tweet
6561f527-2d38-493f-b083-9ab561656e67,L3,Tweet
7ec925d8-c7d9-43fa-bf18-025db8bd8654,L3,Tweet
8b8d6080-5736-4701-a2d4-8534ee3c888e,L3,Tweet
f2c3eb86-229f-47ad-9d47-4c54a00e198f,L3,Tweet
3a72a54c-a1af-4adf-9a25-a063581910dc,L3,Tweet
63b38af9-7f2b-4d95-ad78-7c7773101c35,L3,Tweet
a9641d84-e451-4e31-a07c-fcab1c574261,L3,Tweet
bec49dbc-47be-4bfe-b5c4-628983a22285,L3,Tweet
afe96910-2e7f-4be7-8966-ab84c2306424,L3,Tweet
c54a7bd2-cf54-4165-99fa-46a116c5ff41,L3,Tweet
4ac8da83-cc24-475e-8e01-81bff6d247f2,L3,Tweet
2f51b4fd-fc6c-400f-b256-89b8d6552426,L3,Tweet
6f3a42d4-c9fe-4210-b66b-8000be73a1c6,L3,Tweet
c3b11e5c-4f1c-43d6-9fd6-60521204f0e2,L3,Tweet
a29ada93-1b9f-4777-a9cb-1fa9abb8e232,L3,Tweet
b2c3ca2e-6a58-4d3a-a883-e476ee14123f,L3,Tweet
2ba18e39-a695-42dc-b378-d26a9ff16ff2,L3,Tweet
97bffc45-2d3b-48e7-9335-240b5450ea82,L3,Tweet
7e91694e-c0b2-4e28-b717-6967b03108c4,L3,Tweet
062edcfe-beea-4465-a8aa-72d0e44e8819,L3,Tweet
35a4c68e-760e-4dcd-905d-969cc06ac415,L3,Tweet
0a4cb684-622f-43ae-9b2d-75ba322dd549,L3,Tweet
b2ff756d-eda3-4d3c-9fbf-00e1feae9645,L3,Tweet
f6939b62-1e58-4758-80d9-ec9e060eb0cf,L3,Tweet
707b665d-282e-409e-9ca9-854cb2089df7,L3,Tweet
0fb58489-6bbe-4257-bab2-64d377dd9413,L3,Tweet
28b58e82-06ab-4d29-a990-cb7b46a652f1,L3,Tweet
47baa869-97f5-4fea-80ca-371b62ea0021,L3,Tweet
a6d4c67f-7725-4efd-8130-bdee8da35430,L3,Tweet
3b68c5dc-8ab5-4cb7-af43-df5626494303,L3,Tweet
2394af0a-f752-4b2e-b9cf-80d9436ff9cc,L3,Tweet
1f97be4b-7c9b-4a35-b9d8-22fc4384e587,L3,Tweet
2ebac556-c0d9-4d28-a9fc-5c5399712c9e,L3,Tweet
06f6fe67-45e7-4194-a944-c7947db1079c,L3,Tweet
de3268a1-535b-4f6b-81d8-51b5f891b8fc,L3,Tweet
8cf41180-2945-4d78-b2b8-d3722057bc97,L3,Tweet
9bce5e91-1ef1-449c-955a-a428b357a931,L3,Tweet
f23e969a-54c6-47ec-bb0f-1cee03b5a24a,L3,Tweet
6bec056e-2306-4b37-82c7-91a4b5a9e946,L3,Tweet
509ed8e6-2a02-4ce0-bf50-a14593310240,L3,Tweet
997442d5-8d96-4ab7-9715-a2fc7cce9245,L3,Tweet
4fd44da0-24af-4036-8470-9a312ed6ee70,L3,Tweet
58610963-ba60-40f1-a201-2a24dfabe91b,L3,Tweet
8638083c-1817-48a4-8e6a-d982b299f604,L3,Tweet
a71fa88a-056f-4763-bcb3-ba1ca55b8121,L3,Tweet
11de051d-79f5-4a73-8adf-fd810bc79d22,L3,Tweet
8d3fc9a3-3c37-4599-b932-bad493a3a348,L3,Tweet
c34feb9b-6c57-401b-90cf-b8090e5c3c41,L3,Tweet
65fe3510-f03d-4a23-9578-7e6a57a18053,L3,Tweet
02818c45-2009-445e-9fa5-f04709f092ac,L3,Tweet
b874099a-031a-4506-ae43-10a95d56e4a3,L3,Tweet
5324093f-d3a3-44d7-a840-89f997a0e442,L3,Tweet
3c57eb69-b938-474b-bfb5-6e5494a4a347,L3,Tweet
8b17cf75-5aa0-42f0-81fc-6f16ff01808c,L3,Tweet
f4c12fa9-2610-4146-99eb-4b24644549fb,L3,Tweet
7abb3ecc-f205-45f1-884c-30eecc07eb88,L3,Tweet
050272c7-faa2-4ddd-9166-82ec607106c0,L3,Tweet
3a3e299e-28ca-4f25-a34f-3d2d1325599c,L3,Tweet
2a58113a-1572-4e77-8492-3e2423d67acd,L3,Tweet
55fee361-f14b-4834-bf6f-c3f4b5a2c38a,L3,Tweet
5e4cc0a5-d1e7-407d-9c79-ab7baaf668f6,L3,Tweet
3aceeb28-6993-4db5-aa7c-08b5c32f1b05,L3,Tweet
642ff41a-bf9a-4e63-9bc6-b91817d183cd,L3,Tweet
34acc7b9-58da-4394-8ab6-7239d8ed6d7d,L3,Tweet
a3e0187b-d0dc-438a-8dda-49991f18958e,L3,Tweet
7d693fde-24c9-4f4b-a314-f841a3c11e1e,L3,Tweet
4433505f-8b2c-47eb-adfa-1156220bb76f,L3,Tweet
909bd5ce-6b14-4533-90c4-303ccce5a55a,L3,Tweet
3a47a80a-45fc-45c3-b50f-c21c3f9595d5,L3,Tweet
116afcc6-f9c9-470a-9021-d1cb47e59422,L3,Tweet
b3537e17-5830-4f33-aadb-170c51fc1d5f,L3,Tweet
bc42014a-70fa-46ab-8a3c-9a3485e7c8e2,L3,Tweet
a408f29a-6959-40fe-9026-7a12b4e0b7d1,L3,Tweet
b28fb7d2-2225-45e6-b04b-2c7d64180155,L3,Tweet
6ba0126e-4af2-4048-ac73-163273952fd3,L3,Tweet
73d99d05-20f2-48f3-bc19-925bca9ccb3b,L3,Tweet
3477abd4-0471-43a0-a830-871ed28b347f,L3,Tweet
0a707c80-7b51-4fc6-9090-3bb26e27bb2b,L3,Tweet
716d6697-c3ee-4921-87b8-e6cb804e58ec,L3,Tweet
97604585-4407-44e2-8f79-e67f84f832ab,L3,Tweet
bb99280c-5999-417b-aa20-91025e742b35,L3,Tweet
da33f10d-864e-425b-801a-059baa031538,L3,Tweet
96f25ef5-b1be-455e-9b3b-ee632a663c1f,L3,Tweet
ae48c9c3-42a1-459b-82b8-ff246b8cce75,L3,Tweet
ad4e2f5e-0d95-4ca0-a86d-100de004ce44,L3,Tweet
eb5a2aed-aa48-4690-abc3-8657c3536c20,L3,Tweet
1baa067b-6ba9-4363-88a7-9766f9c3713c,L3,Tweet
a7bb50fe-52c3-4081-9d29-25fa46065e43,L3,Tweet
fd36e70a-a80a-4c5a-8f3a-fa692a29e3db,L3,Tweet
466e5086-9068-48c7-ba55-569e08dfcd87,L3,Tweet
fdf8d20e-b337-4424-b6fd-a8780089ecd0,L3,Tweet
d70b6336-d342-4fae-8a42-7e78c5bea8db,L3,Tweet
4983c1fe-cad4-47a4-9cd1-4267f094ae54,L3,Tweet
154054e7-e499-4b1b-84e3-e2f187efc9a1,L3,Tweet
5c54b2ac-b2f6-494a-aaac-8505d0e58e20,L3,Tweet
c6245888-7127-47f0-85aa-91152a2fb882,L3,Tweet
160fe9b8-b16b-4774-97a3-c6ae33663684,L3,Tweet
434c51fa-ff0e-4895-a727-fd6ef1c3f896,L3,Tweet
06263f6f-6622-4e00-a442-2e27d42cdf34,L3,Tweet
831d4e41-4af4-4876-b47b-84b8aa3089f7,L3,Tweet
1c8d860e-f994-4132-8b30-00500d72d821,L3,Tweet
abb1c639-02af-4029-baa1-babffa9f5df0,L3,Tweet
e52d4148-79f5-41b3-a494-df2232c807c9,L3,Tweet
bfa8579f-7498-48f7-8a5c-f71848ab7582,L3,Tweet
0ad19565-f553-4109-9d99-cbb665ba9330,L3,Tweet
fd5ed55a-0c09-43c1-a150-0f100533c7e3,L3,Tweet
1b90b4d9-bacc-43a5-83ee-44d729100ad9,L3,Tweet
d9f1b455-6035-4d9a-8dbe-ff6ec2fa7438,L3,Tweet
2c02b435-17a0-4288-bb7c-b3cbfed108fc,L3,Tweet
f9583825-1fbd-45c6-9f47-6d2d62979586,L3,Tweet
04985615-057c-4ea2-9104-fcffe3c54870,L3,Tweet
f42db898-2e8d-4357-99ae-15c64a1e0e0a,L3,Tweet
6307491b-44f0-418e-a937-d3fa58aee676,L3,Tweet
fd28560d-2faa-4772-8fec-f99836a73f93,L3,Tweet
7f37fdb9-7ee7-4f28-a47c-2c3267482ea8,L3,Tweet
6c232c73-19e0-4748-9ce3-4e5c858d07c3,L3,Tweet
71bb8a7f-5e2d-47b8-9107-d54fe06f52b7,L3,Tweet
e020016d-79f4-4583-bf03-320038fd3bde,L3,Tweet
3e08fa78-cf9f-4d41-9251-e4a4f15adab5,L3,Tweet
9922d660-c994-466b-9ba2-5e4d28087b4a,L3,Tweet
ca49199b-0a44-4536-8f30-3da579bdcad5,L3,Tweet
7cb271d9-7f19-4452-b6d1-2a019e771361,L3,Tweet
ae1be068-2e1a-46ec-bcac-4642707d22f8,L3,Tweet
1670ac8a-4f9f-437c-8f5f-55a489fcded7,L3,Tweet
45c63822-eed1-4156-ab96-dbd052e92891,L3,Tweet
ab65974b-4174-45a3-87b5-8d465068e12b,L3,Tweet
8ce320c3-9db4-49b9-89d9-f6c60eeaecd6,L3,Tweet
32470dfe-8143-4ac3-af3b-7bc12094f7fc,L3,Tweet
b57d0dcb-595e-4213-9620-ad242af60265,L3,Tweet
a46f4b3a-0c40-4067-b030-e15d5b6b4136,L3,Tweet
d7acc1a0-1c2a-4693-982d-3ed672ddb092,L3,Tweet
037ac83b-da2e-445d-9fbd-9440d9169570,L3,Tweet
095a89f9-9b28-42b4-8d7b-5d8d4bf19e94,L3,Tweet
922bef46-cd6e-40b1-84a3-4e53713b7ab1,L3,Tweet
c36fcb78-1727-47de-aa36-31e7158fa41e,L3,Tweet
39c3b168-4be5-455b-aea5-b91e26b61c95,L3,Tweet
eabe08cd-5710-45bb-9c40-2b325ab06532,L3,Tweet
a5f62ccc-13db-4515-a52c-7cf5dc4bbeb0,L3,Tweet
328ae83a-5fa1-485a-a3d1-22162f82e1a6,L3,Tweet
6fa0e634-2a89-47b3-a7d3-ec974b6ffa52,L3,Tweet
0a786157-09bd-43eb-adee-a8dfbd711077,L3,Tweet
4e48338c-35ba-4184-ab0f-5bf6e5a3137c,L3,Tweet
25296f79-92e1-45c1-83d2-8c8c052c020a,L3,Tweet
f12b50e8-384e-4f6f-9377-8d05a02461f7,L3,Tweet
f7b2ef2a-9532-473d-95d5-085b86b15df6,L3,Tweet
4ef6a1b9-a126-4e51-8898-a570602c8dc4,L3,Tweet
174ead54-f87d-4bbe-993c-23a511c34129,L3,Tweet
3a0822b5-38d6-44d1-80b7-816dbb228973,L3,Tweet
92bf7770-a293-4722-8290-d65b50b9af28,L3,Tweet
f2bcec58-3282-474b-90e8-aa7585ca82f5,L3,Tweet
2e5ebeb8-1703-48e0-be64-3022b474823b,L3,Tweet
c2fce920-1f81-481b-85ae-52edaa50b075,L3,Tweet
432365c6-0826-4163-b35a-6bf48bf4523d,L3,Tweet
209d32f7-0d6c-4415-b41b-cf42a6a5b15b,L3,Tweet
11bda2a6-44c7-450b-8e8f-3da1b2fffdb2,L3,Tweet
e41bc315-6e9f-43b1-88bb-fee4603a523f,L3,Tweet
ca648347-b807-413d-a566-540501631f85,L3,Tweet
68f84b94-42c0-4982-8a52-896939a037f9,L3,Tweet
11916712-e1ee-4ddb-a736-00b1811b7901,L3,Tweet
145ea3d3-66d2-4825-80fa-a3b8ee4c2684,L3,Tweet
7b91249a-0211-46c2-bc89-ba47c45e9082,L3,Tweet
0a482d84-3662-4dba-9860-e3c669019f13,L3,Tweet
0f41f303-14b1-44f7-8261-c7661060e8c3,L3,Tweet
886386ca-86cd-4fd1-8073-e89b8601fe0b,L3,Tweet
a48c76d7-aafb-4329-a815-d89375abd381,L3,Tweet
4c871573-e713-47ba-a3d6-c0d57ab8b68f,L3,Tweet
75c90b25-0d99-4aec-8fc0-3fcbbac9fabb,L3,Tweet
8a876077-ac09-4643-9df5-da6c35d079bf,L3,Tweet
243612fa-738b-4141-b027-636ff9c48703,L3,Tweet
2b8af27d-d8a1-4b60-a5c4-0f759f2a23e6,L3,Tweet
fc39116a-19f5-43ed-aa5d-c9316a07a7f2,L3,Tweet
9cc32063-3530-4f86-bbc1-782cbb6c1860,L3,Tweet
ce41e0bb-a764-4999-9ae7-84bb9442fc82,L3,Tweet
32a52ac8-e998-4f7c-a9c0-09eeeaccb121,L3,Tweet
12fc3f95-7faa-408a-9b80-309cd72c0de7,L3,Tweet
a1476c72-f7bb-4582-adda-0cffcd28abf5,L3,Tweet
3dcf09d9-0bcf-4d78-ad2d-089f24b666cd,L3,Tweet
20ce4d52-abd6-4915-9bee-675cfacc64a3,L3,Tweet
86cc6906-4cb9-47d5-88c8-d19942fdf8a9,L3,Tweet
e25ab48b-56f7-41df-a8a0-0b4981b1af67,L3,Tweet
87a0b02f-61be-41af-8f1d-9b817b89e22a,L3,Tweet
8dcf81db-d472-4243-acb8-fa3a545bbde2,L3,Tweet
1d57b06f-5471-442a-834d-60f83745afee,L3,Tweet
0afb1fb1-dc3a-42ce-b968-42c2e4ef61f8,L3,Tweet
a73aeb8e-456f-46c6-9dea-1b5a1a2c126a,L3,Tweet
619a2dcb-cc06-406c-954e-020b313a9856,L3,Tweet
6e9d927f-1745-4c6a-9728-ce257aeafdf7,L3,Tweet
5ad04a17-bb80-4d28-8c64-c123f1bca815,L3,Tweet
3cf491b8-707a-4c87-89d9-6ec11b90d843,L3,Tweet
f9a454a1-8204-40b5-885f-ebc6c2b8c523,L3,Tweet
8d3e6845-9860-4055-9113-1f6bf3cc6774,L3,Tweet
7369389c-54f6-49ea-a548-e9b5914dc6a1,L3,Tweet
900a6e77-ff42-465f-a678-fb1815c2a71d,L3,Tweet
2d23496a-f4a0-4057-9457-2094117151ea,L3,Tweet
a3bc4a7a-225a-459f-86ed-d10412658d52,L3,Tweet
b1ad7d6d-c11d-4ef1-8f01-90c13a2a9fe8,L3,Tweet
0b3b277b-0316-4b77-b429-56abe0f20ecb,L3,Tweet
a5f6fb8e-f0c7-4c8f-a81e-ed596bbd51d9,L3,Tweet
7496e639-89b9-466d-9218-9c24c9cebaf0,L3,Tweet
65128ddf-356d-4ea8-8388-4fc16927c614,L3,Tweet
dda1cb63-c126-4f0b-b3cc-35ab5fb5392e,L3,Tweet
2da7d42e-355c-4eaf-99d5-15b4e4b879d3,L3,Tweet
413265c7-052e-41ec-b362-650457c5f61e,L3,Tweet
cd44d216-ed00-4836-abfb-cc616610b9bc,L3,Tweet
96e57fbc-1ae6-495b-a5ed-85c90153d93b,L3,Tweet
acb8509c-34b8-4f36-b185-3d433b1515bc,L3,Tweet
49533e5a-815e-4149-ba76-4931ba410060,L3,Tweet
ea48674d-3283-4eca-aef0-b6c71a81ac0c,L3,Tweet
12c294ad-6eab-4853-91b9-db918ec67c2a,L3,Tweet
6d26b009-1b7e-46c7-8b53-998ccab9cc47,L3,Tweet
89e8d0ed-fe99-44e7-b623-0ddb76f52a74,L3,Tweet
2cd6bca3-b64f-4e9d-8e71-acebdbcc558f,L3,Tweet
e76ee473-e8ba-4b66-a80e-35fe51939fd0,L3,Tweet
963f53a9-7c97-47a8-baa6-6742da67c357,L3,Tweet
516673f4-b0c7-4a09-8fad-6deca8f9b5c2,L3,Tweet
ef8f1e0d-1e13-4544-907c-e7e73e1b7a8b,L3,Tweet
2cfcf307-da11-4735-9716-a2e9ab3a77f3,L3,Tweet
1168f495-4a41-45a7-922b-ffd87c84f289,L3,Tweet
4e77ca99-129b-40ef-9e4c-6610ebcb46cb,L3,Tweet
e5612256-96ae-4ec1-a7ba-73468286c40c,L3,Tweet
c5ade62c-c76a-4b18-b3a8-83fdf75e7f61,L3,Tweet
b5602ad6-ed42-444b-9c65-41b473a864ab,L3,Tweet
bf4bc804-4b34-4a81-96f9-396ce8b1051c,L3,Tweet
86ec4d71-5c3e-4d33-8600-372f77eefe31,L3,Tweet
cd847034-b6dc-4ea6-b47e-23893a0507be,L3,Tweet
8a0d576d-71de-42f8-8f48-1466aef07144,L3,Tweet
87437ffd-b87f-43d3-84ea-7975bd3415eb,L3,Tweet
90a0a06c-a21a-4bb9-be38-4bd1b6c3eefc,L3,Tweet
c7d40231-7697-4456-9ac0-d4aea27624d1,L3,Tweet
6d8928aa-fd99-4de7-8406-e27e460e5bf7,L3,Tweet
82f0c6ec-50d5-4358-9c34-e88a7996a8cd,L3,Tweet
098de186-1ff5-4a54-ac36-b3ba17697cd3,L3,Tweet
11607ced-384f-4158-a832-2c6ae2f733da,L3,Tweet
a0c15a6a-ab02-4722-9cb6-6cbc54710c06,L3,Tweet
28621ded-fd07-4a30-ae84-c6f393e46d66,L3,Tweet
61902e92-c5f5-4f6c-afe5-92b78826c221,L3,Tweet
fadfe229-57ff-4023-95c4-a1a610fbe7c5,L3,Tweet
dc21f738-4a00-47a8-a08a-b4aadae1fc4c,L3,Tweet
e5fe53ab-7a57-48f8-9153-4c41e4f84c08,L3,Tweet
70ce8b73-fb76-4364-9c17-245d0495d2fc,L3,Tweet
7a938abb-2fdd-4191-be91-e5efbd88d764,L3,Tweet
a7084a79-450f-44a2-84dc-56a2a32ecc31,L3,Tweet
1a141aff-66ac-4e37-86c4-7d6aef122a7c,L3,Tweet
b3a66f8b-10f5-4e22-8325-bd3c94109b81,L3,Tweet
b5a85108-71f0-404d-9ca0-de6165c7e974,L3,Tweet
1f965354-afec-4333-8b27-b77efc67b902,L3,Tweet
8c46fcc0-933f-497f-bae3-56dc7219db1e,L3,Tweet
26604d09-3c9b-437d-b6cb-169a9e0b1701,L3,Tweet
941a6f6f-ad49-4697-8200-ac08b030b1cf,L3,Tweet
617d9de1-6c4f-45c5-98b6-786bb66e9631,L3,Tweet
7f7fb360-5a16-4333-b7ef-05570dfb20dd,L3,Tweet
0c34cbc0-b6cb-4500-bfcc-9cad315651e1,L3,Tweet
172bb4dc-bc1d-4cbe-9801-75bf4dca57e4,L3,Tweet
e2981628-4327-4786-84b5-2cb58490e947,L3,Tweet
020d4fab-105d-4dc1-b524-60ffcd744e24,L3,Tweet
6a42383c-3841-4ab3-ade7-cc4136a22a3b,L3,Tweet
347dcad1-33c0-4743-b0ee-7f41d086b547,L3,Tweet
b9ab2ef4-e4ef-439f-a123-679fcd5a85c6,L3,Tweet
8143429f-7d34-4742-9b29-d68a905e437c,L3,Tweet
f500f07c-8672-4a4d-b042-9cd24223b20a,L3,Tweet
be7f9a57-8dd8-4c49-b1d0-4198410d353e,L3,Tweet
ab19b8c8-4478-4aec-af2c-f01067755111,L3,Tweet
2b60fdd6-8eed-4d6a-9acc-42d812916641,L3,Tweet
58cf1030-1fe8-499c-835d-17f90b0fa442,L3,Tweet
1ce1214f-68ad-49a8-9fb2-3dea02024059,L3,Tweet
4b390180-e466-4f4c-a6e8-1ad9c5b1ae8e,L3,Tweet
3e07ff89-485a-410d-913b-008e94537927,L3,Tweet
f9024f21-13e2-4ac4-9f74-38eb2a5c373c,L3,Tweet
a1267d29-1819-4d5b-9bd5-43e10f531839,L3,Tweet
e691db50-f984-4746-9c27-d808e2158b7b,L3,Tweet
676c69ea-a91a-4406-a544-c12b137e7df4,L3,Tweet
fd5157ef-a586-443b-a933-b8ad259f64a2,L3,Tweet
5a5db8eb-2c49-4215-bbf4-ea4d8a1d6dbb,L3,Tweet
2186a355-b390-40df-a2b3-b12eb44e94c6,L3,Tweet
e00c8188-062c-490b-9c20-ace4aad0633e,L3,Tweet
eccb8b42-521c-44c3-a795-37afe6e3681c,L3,Tweet
6be5b001-bd00-4bc4-ba76-5ec2c03a7ac6,L3,Tweet
2f076bba-884b-495d-8a7d-fe79a86b7eac,L3,Tweet
38fd5cf6-7264-4f67-bcc3-f72306d36589,L3,Tweet
83e2d9d9-bfbc-4f27-bb59-42509b269988,L3,Tweet
e7787a28-2af4-436d-b7e7-aaaf4a137759,L3,Tweet
bbfd5de8-1854-4161-a9f3-b6bc052bfdcc,L3,Tweet
1ca09370-4321-4419-8105-2f131dadaa71,L3,Tweet
b37468fc-2e06-4242-bab7-9f90d7ce01c9,L3,Tweet
14b7cb15-3e81-41c1-a89b-4da26c5c2ed1,L3,Tweet
01209298-8e20-4cf9-85a9-90328c45b870,L3,Tweet
481fb711-0b3c-4f89-95a9-b709469fa959,L3,Tweet
3032c6c3-04fb-47eb-b945-24f053725918,L3,Tweet
d0cbff63-9e05-43ce-89e5-8443034ee5f1,L3,Tweet
910427cb-55d2-44c2-9dfc-d885ec101767,L3,Tweet
2b116e11-7268-4ca5-aa14-368e016eb4e9,L3,Tweet
e8007ae2-3e1a-4c49-b6a7-4bcbe6b8b7a2,L3,Tweet
80302594-1bd2-4d5c-bd55-bc6b332eb398,L3,Tweet
a236e821-28c3-487c-8b72-4d544c20fdb7,L3,Tweet
72ae0977-7ab1-4a83-91ca-870e2b093bdc,L3,Tweet
16e59e6e-5af7-4b0d-b645-51b20121bec9,L3,Tweet
2b5ed61b-f458-49d0-9c2c-edff9889330a,L3,Tweet
16a535a2-0aba-4d4f-9de0-5f283b94b3e5,L3,Tweet
a4ccad14-3357-4f9c-849c-33360330fa85,L3,Tweet
c243d845-ff17-4ed6-88aa-65afb9cc92ce,L3,Tweet
b9c160a3-8c33-4631-8c12-30610f749ad3,L3,Tweet
27584723-946d-4ee8-bda1-2679dd363514,L3,Tweet
96a37c80-d650-4ec1-b7cb-79903f381453,L3,Tweet
0f15fddd-8a9f-4388-8e68-8a38b987433b,L3,Tweet
bc373e8f-7960-4666-9964-4ccc497521d9,L3,Tweet
0e51a435-dce5-46f1-af5b-c9f69191ee87,L3,Tweet
288b3cd5-e305-4e3d-986d-144fa1f758f5,L3,Tweet
1c19b9bc-2c87-4662-8656-781cfd053631,L3,Tweet
3a275dde-d79d-4683-80d8-4a92176e5db1,L3,Tweet
541c07a4-3ce2-445d-acf1-e48cdf775e22,L3,Tweet
4a73e82f-e035-497a-aa30-03eea24e06d8,L3,Tweet
5258d510-743e-4cde-870f-4b44f0211ae6,L3,Tweet
27e71b27-eb2e-4cc6-839c-373afacb721a,L3,Tweet
d9b1f63e-5d01-4179-b26a-7f11ce13488f,L3,Tweet
f8aec944-c9b6-4dba-b2a3-2e9ab73bef24,L3,Tweet
a0feab41-6fe7-461a-90f1-5af6ec541402,L3,Tweet
b004f708-92a2-4cfe-9b53-1e829555f5de,L3,Tweet
e5782364-0df1-455e-867d-94d2bf95d55b,L3,Tweet
b2f0f578-ea18-45f3-aff3-7fe072377f47,L3,Tweet
b2345bd2-0981-49e2-b3f4-157abe57d1d9,L3,Tweet
59b6aad7-cc16-4ee0-8dd3-a741bffb22a4,L3,Tweet
c39a8361-703b-4fb8-9c7c-9be1153becf1,L3,Tweet
570db9e8-8fb4-432d-9191-eba1a257575a,L3,Tweet
ffe5aa58-97c8-4c82-9149-13cb8fcd6069,L3,Tweet
1e9cf8d8-251c-4708-b9e8-5c0c37381d07,L3,Tweet
a2e642f4-9ae0-4610-9ae2-01637ac2cb8e,L3,Tweet
b3b9406d-3b55-46f5-bcaf-aad5fcdcf75c,L3,Tweet
50db1bfd-b7c1-400a-bc91-fdbd16250518,L3,Tweet
2c09b76a-ec43-4fa9-bfc6-c2327fb6802b,L3,Tweet
6dae89c5-d01c-4538-baf2-11dbd109af28,L3,Tweet
ae990207-413a-4f47-b869-4abc5a4353c7,L3,Tweet
ed365b83-1a61-444b-b744-78362574e520,L3,Tweet
b94e2a67-3b6b-45bf-a256-a8909e47efab,L3,Tweet
79375275-b2bc-4c9b-989b-32d9f17b3da8,L3,Tweet
d98e6f05-c8fd-47fe-b514-61dc08143440,L3,Tweet
3f2dbe1b-2f18-4fae-a1b8-b2d27ef8402a,L3,Tweet
ed17e61c-ac7d-40f3-b418-1e57e7b3165a,L3,Tweet
7b282f32-1070-45c7-a36c-f59e112c9e86,L3,Tweet
0b2d8fd8-950a-49ad-ac15-3beb19fa870b,L3,Tweet
3dbf8c8c-4673-471f-b588-30b1f5455694,L3,Tweet
e67e7da9-b1c0-454e-9de9-40647fdf1091,L3,Tweet
5984100e-07f0-4e05-9581-54e3d6d537bc,L3,Tweet
fe39c0ad-7337-4956-a4e4-b4a9a561b397,L3,Tweet
a9e54500-2106-44ce-9c5f-4eef1ce37792,L3,Tweet
d505754a-2a64-4ab2-afa9-8872f5f13592,L3,Tweet
a92efc8b-8cbf-41a6-bf39-b08d26b8c24f,L3,Tweet
d079934a-3fde-4b0a-a806-cd887bd0cebb,L3,Tweet
189f94b1-e954-411c-a1a1-92b38a51c545,L3,Tweet
b52fe86f-d7f1-4df9-8f88-9f0ac14178a3,L3,Tweet
6f083883-475c-421b-80ef-8095834bf70c,L3,Tweet
0b58defb-d801-426f-bb17-3d755c40a252,L3,Tweet
e5ad297a-233e-4b57-9194-7ccde67a8092,L3,Tweet
60eca69d-af21-45b3-b3b0-0e57a38c0e80,L3,Tweet
7b2bd1ba-399e-41bb-87da-aa614db76e34,L3,Tweet
05535807-5615-4c0b-b83a-793991eeb4db,L3,Tweet
5e5a9439-c4e2-49ee-aab5-06bd91ee399a,L3,Tweet
a0d35577-8f54-4f1b-816c-f2394bbeac90,L3,Tweet
a6328ec6-a945-42d1-8fc5-0ff72eb1a054,L3,Tweet
5a15ac8e-90fd-4de9-bf63-9db893358c6d,L3,Tweet
6e67bd8b-ccc3-41a0-9b4b-a211c2fd559b,L3,Tweet
06604967-9cff-4dd9-bae4-b34085d5f266,L3,Tweet
ed161710-769b-4b96-8fd0-89fd415cbce7,L3,Tweet
f99e71bb-7bbc-4f38-9d4e-d4ffeea3a16e,L3,Tweet
9fa81642-edf0-4364-afc5-578716594fb9,L3,Tweet
17b27904-158a-4809-91de-3a452add8db5,L3,Tweet
9970e23c-92b7-4f70-a544-795e0df9f330,L3,Tweet
7cf1df7f-fc6f-48b9-bfdf-54f3d310fd87,L3,Tweet
913c23a9-dee5-4db8-acba-c1035d9f3ec5,L3,Tweet
a28532ae-7d1b-4bd1-998b-1d97fa478947,L3,Tweet
d42caad5-a3cd-4ba9-93f7-64ae5e3f1ad0,L3,Tweet
62e37bb0-4ee9-4d47-89e3-bdc7c6891b92,L3,Tweet
a4017cc7-24d6-4c3a-bdd3-cdc0a6e20a1e,L3,Tweet
1dd10039-686c-4f00-bf64-a8a22eabf745,L3,Tweet
301ff9c7-5547-4aab-9e1d-f1fd940dde74,L3,Tweet
c05f5ae9-d5d1-4d8c-9a14-7980ca928727,L3,Tweet
c38c9957-06c5-473f-ab33-552a2a1701f4,L3,Tweet
8b1aec6a-1870-469a-bfe2-d28a08f76b9f,L3,Tweet
77201421-4644-4c06-9caf-b8e8dba48dd0,L3,Tweet
1b2b2bb5-bd7a-4937-a181-8011b2480c1a,L3,Tweet
17274a12-39a0-4720-abd3-f6e2b7bfa153,L3,Tweet
309aa809-a34a-4680-818a-aae5c8bc84d9,L3,Tweet
0ff5c9be-c670-44a2-b865-9a9b51765cc4,L3,Tweet
d9d6378b-09ea-46a9-8a21-2eb5e4e1907e,L3,Tweet
f2806173-0d91-462f-9d84-c64821aa71f5,L3,Tweet
af79e63e-8b93-44d7-9d0b-0599c995e17e,L3,Tweet
66e716b8-7775-4163-ab95-d835db7d514a,L3,Tweet
0b14b070-d634-4a89-a73d-53fe24d0193f,L3,Tweet
48501384-89db-4f2d-8d61-87097dfe794c,L3,Tweet
eaf7f674-abad-44c7-b561-169ca2363098,L3,Tweet
c40508e4-bae6-43ea-8d4f-2855ef73d3e5,L3,Tweet
9d18e499-7cde-4c49-8e64-1111bb46e25d,L3,Tweet
8c77f20a-5935-47a9-aa15-2949aca1bbd6,L3,Tweet
b86435aa-8c18-44b1-bba6-77740657929d,L3,Tweet
d34bc378-c3f2-42ab-899d-bdcc53ef5e09,L3,Tweet
fa873e0f-fc00-4aa7-804d-ab860623cead,L3,Tweet
03806b2c-18ed-4e4f-a396-3841e0ea7943,L3,Tweet
996ebbaf-0c8f-4672-b476-40c94eccf456,L3,Tweet
22367bac-b7b4-48df-9404-4119fa2d6ad0,L3,Tweet
716cd54f-a43d-497a-9288-21001efdfb3c,L3,Tweet
3bc987ed-0439-407e-8498-3a67327434cd,L3,Tweet
8363c948-0ad6-4e59-a2ed-d7cd4eb3e1d2,L3,Tweet
d05f89e7-6287-4bea-90cc-d9c4b14f9cd1,L3,Tweet
9b25810a-39dd-4811-bfa6-64f34388824d,L3,Tweet
78ac9098-5283-46ed-9221-291ad6f056c2,L3,Tweet
f1161a95-d2c3-4149-82af-1f3df9494c05,L3,Tweet
f6153ea7-1c5c-4381-b92e-b49aff1e9b04,L3,Tweet
502e8467-44f5-469b-9781-6dd5ed07006c,L3,Tweet
65aa1a40-03aa-4e6f-85e9-214a8b7df10e,L3,Tweet
6a12bd96-27eb-480e-a4a5-aec61eeb369c,L3,Tweet
37c0fe8d-e2fa-461a-86aa-a35dd232dc48,L3,Tweet
7a5ba039-8a75-45ac-a082-de2389550dba,L3,Tweet
a1a609f1-e171-44fc-9676-0fb8688079af,L3,Tweet
387d7159-4e1f-4011-b4ac-4c834b9cfd24,L3,Tweet
3cbd1e5b-bb5d-41a5-b48d-e22bee0d63f1,L3,Tweet
9b8f1a78-3bf1-43ed-99b1-ad72454e888a,L3,Tweet
1fbfe70e-7d75-4d1f-a946-c747ff19fa5e,L3,Tweet
f2738edd-4ccf-4493-b712-b4b68af63c17,L3,Tweet
4c2b4073-a664-4cc7-b823-bf890cf7cc2f,L3,Tweet
341b6475-802a-4491-a0f7-0a6292b30295,L3,Tweet
2218a603-9cbb-40b4-8835-3d9af9cb2a37,L3,Tweet
6cee0ed8-fefa-410b-bc1a-95e48985e304,L3,Tweet
18a58e48-d251-4f40-9a49-1ebf455ec67c,L3,Tweet
535d36f5-a82b-4dd5-87f2-a3be295093bf,L3,Tweet
4f387234-baa4-4ad7-b087-2dded19bba67,L3,Tweet
90c85284-0592-49e1-bd40-060da3eea228,L3,Tweet
7e1cb287-dee3-4f72-8178-bb31546066c9,L3,Tweet
0f0fed60-fc6f-4d39-8f89-6e24fb558c99,L3,Tweet
b74a7341-c54b-4747-8820-db16fab3be0c,L3,Tweet
d7868b01-ac99-49e2-8dfa-a2946bf98fbf,L3,Tweet
07c43d7f-38bb-4710-93ed-036803882a4e,L3,Tweet
0d8e4759-e1b6-4e57-9aca-06a3ce513a18,L3,Tweet
f99f17cf-3f28-4899-adc6-c315761ee43f,L3,Tweet
ec5de950-195d-4488-87b7-73da0673a496,L3,Tweet
5cac8496-f80b-41b9-927c-4c2a2fbff6d1,L3,Tweet
1994f6b0-ae63-4dba-9eb0-4ef29cfac6f3,L3,Tweet
4d26e475-bdc3-456c-8e03-c212d5bbb9ed,L3,Tweet
d954e5f7-85c0-4fdd-b2bc-deef449c8498,L3,Tweet
254c94fa-e02c-4b33-abd9-cc75281a724e,L3,Tweet
4d31731a-4b62-42b0-b567-897b2c7a7ac1,L3,Tweet
c71aba9a-ed6a-4d5c-a2cc-dc79157030b7,L3,Tweet
0935b6fc-2ef3-4f16-8165-424f8f2f8e92,L3,Tweet
82a03ee1-3441-4c0e-b6ff-c999a2495160,L3,Tweet
ce77fa2e-c0e1-4558-afab-ec55c79d76f8,L3,Tweet
1855721c-41b5-4263-ad4a-d2952b551581,L3,Tweet
7abfc4db-8aa4-4a31-a653-dd1c93c52234,L3,Tweet
dc38b859-ae23-4099-8e68-cd2d0f42ca02,L3,Tweet
6b7538f5-0274-4489-9df1-1b4ab1d76f0e,L3,Tweet
e079fd09-a075-4ae2-8b1b-6d72fc884e89,L3,Tweet
d2860cb5-5fcd-4165-bb44-7c8d4baa324b,L3,Tweet
5a48e6d3-6f23-421d-83ff-6db6715e2de5,L3,Tweet
8587c6be-235a-4597-ad5a-c29b6db2fa63,L3,Tweet
895da2cd-874f-42ed-9d8d-0342e8eee421,L3,Tweet
a8dbb978-c67f-4503-995c-b7501e5049cc,L3,Tweet
3d50bf0b-2582-42d7-9449-34f179e371d6,L3,Tweet
94a67cfd-25d9-4a52-bfd0-311315904b6b,L3,Tweet
c2ca81f7-9bd9-4b5b-8263-632f890158e4,L3,Tweet
8ca20cb8-1e1a-4957-b4ba-78164e1b8ff3,L3,Tweet
7cc28ada-e682-4f09-9366-0add5a2c9590,L3,Tweet
0ba68ae7-2786-4bce-8678-e44b95b011b1,L3,Tweet
f1bfdf9f-0a33-46f0-ada8-6be8ddf64ec6,L3,Tweet
87062f30-9da3-49d8-9192-2a7d9d553e53,L3,Tweet
5e679473-a254-43c7-9579-5228a07d30ae,L3,Tweet
6cf8a71e-4513-4841-8524-e98bae2d2d46,L3,Tweet
a763bd6c-7f95-4460-9a3c-f25f85e0054d,L3,Tweet
9fb248f7-31e4-4bb6-a1fe-e43d472918cb,L3,Tweet
5864b825-a64f-48cb-aceb-e3095eec459e,L3,Tweet
07fe7eab-d239-4d77-b076-654441b97b59,L3,Tweet
e076510a-6e73-4c59-acfa-f03a668a66d0,L3,Tweet
aee023e4-8ee3-4eae-b207-7dfbba642f1b,L3,Tweet
bb369623-7bfb-4f2e-99b7-93e26fe5e309,L3,Tweet
fcbc7155-c37f-48b3-bf6d-e1697c9b9b17,L3,Tweet
cf290682-8785-4f9e-84e6-8de3fdca0db2,L3,Tweet
caf68b94-1153-4ff1-8b28-225bfb1dd05c,L3,Tweet
a0f8e623-8fa0-4680-a6e2-2e4c8af0d6b8,L3,Tweet
8f6a1e85-b2b8-42ee-80d5-23bdcbe2fae9,L3,Tweet
84075970-dd67-47b2-9cbb-5ed015940672,L3,Tweet
2b5dd91d-ab41-4dda-b72f-cd33a84c6532,L3,Tweet
70a202ad-4c64-4841-8daf-07f0270980fb,L3,Tweet
5ea58611-a9cc-4648-8404-7fd43919fe6a,L3,Tweet
6725c3bc-1d4f-46e6-a19f-5afa51098aae,L3,Tweet
8374a511-51ea-4a0f-8418-41a1490e0d87,L3,Tweet
a78aab0b-a984-4eab-9e83-1417fe4c2d86,L3,Tweet
52a55e7b-4243-406c-bde6-049d441d056a,L3,Tweet
1bfd17a3-d58a-4c51-9284-1d06d783471c,L3,Tweet
6cb9cc43-c015-467d-bcab-b5368d575880,L3,Tweet
fc3d56a5-05cd-47b6-ba6f-b983fd742f1d,L3,Tweet
cb08dfa7-d6b6-4dda-b940-898470d1c45d,L3,Tweet
2e1d2691-a1ce-42f1-ab09-13f828073df8,L3,Tweet
81de8d9d-6271-448b-a95f-19f9ab595fcd,L3,Tweet
e8e9e443-411b-4aec-a236-128356710205,L3,Tweet
e500115b-e43c-4501-96bd-3d0441351ee1,L3,Tweet
8eea0962-9d4b-4518-be45-1036cc998536,L3,Tweet
262cf0a4-89f6-4034-aeab-c3c5f2e86dbc,L3,Tweet
695bf6dd-5217-48b5-8647-786c01bc41b1,L3,Tweet
6a835375-79e9-46a9-89e6-bdab76162faa,L3,Tweet
8355885b-5616-43b3-88b5-3ec8c360841a,L3,Tweet
01fc6eb1-0bf3-409c-8310-bcc93742519c,L3,Tweet
2f22a78c-0b4f-4515-96fc-6b6e7e9f1090,L3,Tweet
a16b5b70-0731-42d8-86e4-37b06c4a7352,L3,Tweet
f6fcb577-bdc2-438a-b44a-bfb6b6e95b1d,L3,Tweet
8357d7ff-7b7e-4f21-8afb-5bbcec6381f4,L3,Tweet
83efa5d5-c468-405c-b411-658f956ffae1,L3,Tweet
54c0c3ed-84ec-4324-92da-c2d66f540b0e,L3,Tweet
62c15998-97bc-41c0-acd1-0ea569d924f6,L3,Tweet
dc7f5225-0883-4cec-9c91-4478edf88d67,L3,Tweet
75e45614-a8ca-416d-b597-5d596ddf1b77,L3,Tweet
1bd337b1-6334-44e0-9b05-91582fb91686,L3,Tweet
ccb6d25d-1c4e-421b-a119-233c25406c2c,L3,Tweet
ae6fcd77-9179-4a28-89b0-1052ca72266c,L3,Tweet
23c1f9ba-cec3-4e64-9ccf-a53d77f1397e,L3,Tweet
c2178082-daa2-4435-afa3-29664037c7e9,L3,Tweet
669d4f09-1bb7-4b46-a3c5-f3853d1ea3a1,L3,Tweet
33c8e33a-1300-4903-8986-dc9e18499e89,L3,Tweet
da082a84-7591-462b-8f71-b88de8ddc421,L3,Tweet
7800e4e5-0250-4076-a49b-b2b74d85dd58,L3,Tweet
51e00c11-aa2c-4352-ac03-b14fb9d0eb70,L3,Tweet
626e5bd3-2720-4072-ab1d-abf5e23a72bc,L3,Tweet
9ac81234-7393-40c4-b605-7ae744f32cbc,L3,Tweet
fdfbeb15-0cb9-4bc2-83ac-08accd882167,L3,Tweet
5bbebd50-d08c-4efe-a2c7-8c2e3cea762a,L3,Tweet
d183ef0c-3f98-4d56-bb38-06a685f85c4f,L3,Tweet
25537433-625e-4634-b163-102ef93527ed,L3,Tweet
afda91f5-fb36-4b05-9e2d-08a3cb2bf7bf,L3,Tweet
9a48fd5d-c56e-46ee-811d-9daa758bd165,L3,Tweet
ec295a8c-b6a1-4b61-8ed8-3ec0ce422d47,L3,Tweet
d1cf461b-4cba-4dd0-ad4a-161bce99a35c,L3,Tweet
b74c2b1d-e28e-4b82-9f66-a9f39d2199b0,L3,Tweet
1dade0e3-1cfc-481a-8068-e6b57eb5375d,L3,Tweet
79efcd52-4ac1-4ab0-8b0b-c1fc99a4f202,L3,Tweet
aed30190-5b06-4c6b-baba-09092f852fff,L3,Tweet
088b082f-1eeb-4336-a9c5-b407a1764c21,L3,Tweet
b7ec7d9b-e0ae-4485-b063-a5cbedbf8be2,L3,Tweet
9d3ac259-023a-49d1-a8ce-b7f0003c7d4b,L3,Tweet
7199538d-e110-4f9e-b296-7a3d2280f0a0,L3,Tweet
19d77931-e7cf-408a-b5a6-1e7b72835ddf,L3,Tweet
f61ef670-5478-4743-9510-4917767dbb3f,L3,Tweet
cd97f4a1-bee3-49a3-8527-7db0a061dc60,L3,Tweet
058c05a3-a479-4a11-bf64-76b2c2f8c87d,L3,Tweet
b654b511-0a45-4820-b0b2-3b56b66c98bb,L3,Tweet
ca062297-1788-4d00-94f0-4de5356c96b2,L3,Tweet
37a7d52d-00ee-4afc-abe0-3046c91fe56d,L3,Tweet
39a476b3-c5e4-46be-a446-cbc9df733c8e,L3,Tweet
470118fd-7a9a-4023-9435-a9ff556e9e7d,L3,Tweet
dece4182-b198-4635-b1bf-1145576327de,L3,Tweet
789fa3c8-8e86-490d-ab1d-b81807d9f893,L3,Tweet
4b1d09ab-9052-4ee4-a12b-b749fe253d39,L3,Tweet
48952d01-80d7-48f7-a346-647b6db69b0f,L3,Tweet
8c18de2f-40d9-4d8b-a491-fe673512992f,L3,Tweet
4aceceed-5c31-4ccc-a915-5dcc77f517b8,L3,Tweet
a9a8cff0-592b-4631-acf7-91f285493333,L3,Tweet
895be71d-83eb-44f8-a0fb-4b14f824494b,L3,Tweet
01e40276-9c1a-40a0-b710-3eb7c47cb08b,L3,Tweet
87ec4532-b687-40ae-ad62-a382b1f81943,L3,Tweet
11faeecb-4b74-48a3-a0ed-d3a583d01b61,L3,Tweet
a536b797-d7b8-4356-9f5f-5fc364c78cfe,L3,Tweet
166587b4-0e6c-4b66-9798-caed8e8bc03b,L3,Tweet
3e474720-ed64-46ab-bc22-d1758f1ccb58,L3,Tweet
d72f7d04-78e1-45b1-baf2-e5139ab03d3e,L3,Tweet
c26c3111-a02d-4402-95a5-0637dac621d3,L3,Tweet
02e6cbaf-b2e6-4fcf-8eea-616e222d7b9b,L3,Tweet
37d8d431-c1e6-4389-b4b9-52a119fd149c,L3,Tweet
08ce034d-784b-4fd6-9325-69038594aa4c,L3,Tweet
e7d4a151-e0dc-465c-ac80-08a1f7beb579,L3,Tweet
8ca194a2-117f-4014-b76c-9f41c4a9d72f,L3,Tweet
5c70dfb5-319e-4633-88f7-9bae898c44b4,L3,Tweet
5728af83-25ea-4d2b-a986-f97cdc0ed836,L3,Tweet
004cc43c-dcef-47d6-a54f-75185ca927dc,L3,Tweet
93f0b8d6-4a3d-4c5a-81d0-211b9f3e17ae,L3,Tweet
476e3d4d-4eae-492f-bca5-48b2f9e31e75,L3,Tweet
f678c7c3-0594-4aaa-8256-a338482ce8c2,L3,Tweet
5f9e7bca-2ee2-45c1-80c8-2cf2e5fba1ac,L3,Tweet
1267581d-ca7d-42a1-95d5-9208211b0794,L3,Tweet
28dd379d-0f7d-45f4-9c24-45fbaf72179f,L3,Tweet
9d27cb32-fe23-4cc4-80bb-d94edc9fef76,L3,Tweet
cfe83075-99c0-4462-81a7-ef8ef9aec4f6,L3,Tweet
2312b80e-d1dd-4f0e-aff0-dd63d66e68ba,L3,Tweet
d9db30cb-75c8-40c0-b723-741f573f7086,L3,Tweet
8b149339-b8cd-4254-9b50-d31020dbebc4,L3,Tweet
ecd6bf4a-80bb-430d-8398-5b7e1913779a,L3,Tweet
54151546-e842-4007-b87f-1011fae42f20,L3,Tweet
e7420e6b-2a87-41c6-9dc7-5b095e00ab8c,L3,Tweet
1ca41060-ff49-4f43-9074-960243275007,L3,Tweet
ae5efa15-4a2b-47dd-bba4-2e0a848090e0,L3,Tweet
31fccfa6-b25e-4f98-95d2-6a65214f3902,L3,Tweet
49b527ea-385e-4428-a5a2-4531e0f0bdac,L3,Tweet
1213059e-9b9b-4646-8754-731ca4d4655b,L3,Tweet
644df79d-79e8-4321-9fb5-c5e15961340d,L3,Tweet
33af4bbb-be6e-452e-a074-24e219bc2d78,L3,Tweet
4ebe1b58-5b12-4ca0-a824-7bb70947bac7,L3,Tweet
c1fcc488-8266-4039-b42a-b59d64728747,L3,Tweet
3a9044ef-a840-4824-8b0d-827bd805fe64,L3,Tweet
d97badef-136e-4813-9623-09e5ac9905c7,L3,Tweet
4fe81611-e107-495b-971b-e47d42bf3929,L3,Tweet
40d16bca-6957-4297-b95f-af4327c6783d,L3,Tweet
493d709c-e2e2-4d08-8fb4-9e8a7af0f1d3,L3,Tweet
261d953b-f7db-49e5-9696-c775758f0bb1,L3,Tweet
eafff5bd-795f-4990-ad0f-4a2ac416fcaa,L3,Tweet
f7e9b535-40bf-46dc-8a38-75fca392a6b0,L3,Tweet
a97b7ef9-89bd-41cf-b9a2-34f3d9496a2c,L3,Tweet
0084bc9a-d19f-4e7b-a9ca-231f34e671b8,L3,Tweet
ca0cd4ed-892e-4542-930b-5cbd046ac49d,L3,Tweet
19d571c8-6357-410e-b0da-69e7690324d2,L3,Tweet
fb8f40bf-5fe6-487b-a4d4-3e75839d02d1,L3,Tweet
fe454a9a-c5ea-470e-91a2-7b0a3005df5c,L3,Tweet
4bba6418-5f78-4f26-829e-57319ca068a1,L3,Tweet
83af5074-d25a-4fb7-bf74-ebe1ce6694d1,L3,Tweet
72b6ef39-2c4e-484d-8ae9-bbdd63e32ad7,L3,Tweet
5bb7934e-be74-4dd8-b5df-f090aa703dd7,L3,Tweet
5b42b703-ce7d-424c-9537-7d7bd1dcc3e2,L3,Tweet
b1ab762e-9c73-4254-b7e2-f1123a1cca67,L3,Tweet
f95f235d-9630-44fb-b26c-7ae173464dc1,L3,Tweet
571ac67c-76b4-4fb9-ae86-5fe02a4661fd,L3,Tweet
d33e2e71-d222-4545-889a-170c8404c4a3,L3,Tweet
7392b3d6-9239-4322-a97f-d5c24957914b,L3,Tweet
b596b6e9-457c-463c-966d-cc6259303bfb,L3,Tweet
d1c7c9ae-1720-455c-8795-21a7e1472e7d,L3,Tweet
7f911b50-ce43-48fa-afe5-97bc611e1196,L3,Tweet
9cfb2375-e93e-41f6-926e-e6842276e0be,L3,Tweet
6da0e57c-1dce-4422-8f4f-cc746732b48c,L3,Tweet
ceb690ca-7691-4574-be05-8c3345f9ff9c,L3,Tweet
8f025679-ceb7-4a72-94c0-d559c9e0bd77,L3,Tweet
8b1d64c9-422f-4136-a827-786ab7536433,L3,Tweet
bc23c24f-5f1a-4db7-953b-911556bc800c,L3,Tweet
a51889a3-ab83-425c-9c43-1df3f78b68d2,L3,Tweet
e4e7d1b9-b307-4402-91fd-a6f592a51dc7,L3,Tweet
f89f0986-cdbf-4eb7-8a15-e1b0df1ed8d5,L3,Tweet
6908446a-ad03-4806-b686-48378a6ff66d,L3,Tweet
e9ad89da-e045-446c-a9af-01467dc9345f,L3,Tweet
e09dc41e-53b7-4501-b8f6-8311e797c7b0,L3,Tweet
355adff7-f0a9-4a4e-8234-1ba8ede08ba9,L3,Tweet
0d4d55a0-0b26-4d99-bb9e-fe5967eb074f,L3,Tweet
e022fa9f-46b1-43e1-be39-e78889520020,L3,Tweet
ee029c23-fc16-4f31-a072-a4b6385b046e,L3,Tweet
4fe991b1-0136-4e9a-991e-a6dff3d595f4,L3,Tweet
4b8fe60a-fc90-4025-948e-0bfd1b436abd,L3,Tweet
d421e439-3335-46b5-b79b-c13d1e30f880,L3,Tweet
079bab85-ebf3-4f46-86e7-4462d32663de,L3,Tweet
fdb20fdd-dd51-4a77-94ca-5bd3ec8dfa5d,L3,Tweet
2ef688c5-4f0c-49c9-a705-4b87713f384c,L3,Tweet
d181911c-a87e-4915-8fcb-8cf1ac41a805,L3,Tweet
0bfeb7d0-dc35-40af-b9d8-a4716bf9ab96,L3,Tweet
0f1fc514-e28f-4648-a310-ba7ed1198e09,L3,Tweet
39aebb10-b7a5-4c4f-86cc-4a5980be7166,L3,Tweet
f5c715fc-2c82-4b1f-9862-21271f51bb2a,L3,Tweet
26468455-fac2-4beb-a59f-bae826642c03,L3,Tweet
3c32bfb7-c0bd-494b-87ed-b637cb36f55b,L3,Tweet
4f686931-75e5-4b70-8782-1077612d414c,L3,Tweet
1bd98d7b-f8c1-44e4-8899-4ea6d6ab2710,L3,Tweet
c4a9d2fe-f93b-4914-a640-582d82d0096e,L3,Tweet
03c9fa93-4d30-433d-8aad-81fba14dfa39,L3,Tweet
ce7a7111-85ed-4669-a51b-89bd14c60a06,L3,Tweet
36eeeed9-4677-478b-856b-871c4e27d43c,L3,Tweet
097a859d-677b-467f-836f-d752eab48310,L3,Tweet
e8f9c131-0796-4ef0-86ff-453b232a25b6,L3,Tweet
c115bc3d-6424-4771-81d0-941233e54761,L3,Tweet
8ebccefc-cdac-4b38-89c7-79421d574af8,L3,Tweet
f2987e2c-03cc-47a0-b8d7-9554cb2b55e7,L3,Tweet
f5cf3a01-40e8-46d4-b4fb-ec70ef0f8acd,L3,Tweet
77a9015a-3497-450f-ba3a-03862d3c6b5c,L3,Tweet
db69b1d8-1888-42ef-8a84-4f500d2a8a89,L3,Tweet
51993159-2eb8-41e5-b675-52b2adce3a2c,L3,Tweet
f74ce227-4cf5-4e40-ad09-cce2ac117162,L3,Tweet
72932ab6-f6f9-4516-bc2c-a2c742a40ddf,L3,Tweet
56ea5ad3-4b1d-4590-b960-d42c46a49ce4,L3,Tweet
0a70125b-b7d9-4ae8-86ef-792a05f2cf33,L3,Tweet
8cec70ff-3178-4b90-a0c8-35bd77855747,L3,Tweet
476c17d2-038d-451e-9f9d-505756e84b5d,L3,Tweet
7b78ae23-b5ff-4fc7-9b17-e969b1d76ede,L3,Tweet
155cb20d-bdd6-4156-b822-28ae8716e5fc,L3,Tweet
de4fba50-6ecd-4380-a77b-2f8917179c7c,L3,Tweet
e1b2d562-87ba-47db-96a9-3fdd98290b53,L3,Tweet
c4df2392-590e-42b2-a4e5-c5705254ba03,L3,Tweet
6a9d863e-9d26-4990-a8b5-15101ae727d8,L3,Tweet
54a8d679-d629-4d95-b026-3eca0b5bca2e,L3,Tweet
8a4cbb71-1453-4358-af32-72876b8d1e32,L3,Tweet
c7cc56fe-49c9-4b36-a31a-3d32841c8ab1,L3,Tweet
7e8b9d5f-ae1e-450f-a3c7-e7a9ecd85026,L3,Tweet
2eb15988-51ba-4462-a283-fd939de58868,L3,Tweet
a9c40331-3780-42ac-a55d-20a513e4a21b,L3,Tweet
292e1640-cdaf-4432-821a-fcbc15ebe3db,L3,Tweet
8ea7828a-d0b1-4d95-9f9b-42af150aae8a,L3,Tweet
df7850b7-d7b1-407d-b929-37101eb480bf,L3,Tweet
72c6a6b7-dfd5-424b-b940-11dff5d22b45,L3,Tweet
dc4bcc12-2dd1-4011-8250-def1df28a075,L3,Tweet
ea556092-5a09-4e69-a220-448fbe3d6a7b,L3,Tweet
d3d8ca0f-fcfb-4074-afe0-97cf10e07840,L3,Tweet
d9b6b704-2c4a-478b-a2c1-603a61ca5ecd,L3,Tweet
9db41680-5d9b-477f-90b3-ac22150b32e5,L3,Tweet
c75eba52-e14a-4f93-9e88-e38597b90967,L3,Tweet
04d89822-82a1-4155-9b69-6ee0332fd146,L3,Tweet
28636b79-729f-45d0-9e69-42195ce35f19,L3,Tweet
09011567-40b4-41ef-85da-9a928b4d07f1,L3,Tweet
fcd7ffec-03e1-4424-a1e0-7ba7c2bfea10,L3,Tweet
c2d0f317-535d-4041-ad84-8eab4604e684,L3,Tweet
6744ee44-9340-49a5-9095-ce42f8060db1,L3,Tweet
c992cabc-08fe-4ca9-88cf-f2d18f52dc1b,L3,Tweet
aaf6b510-0122-4f47-9ba5-15f91c2abefd,L3,Tweet
b35fc717-9170-4af8-a85a-e2f84c509e46,L3,Tweet
4f66f4ce-12c2-4e7f-981f-e119aa42f128,L3,Tweet
a5d17f2d-44a7-4e48-9641-c24fee3b604e,L3,Tweet
b61eff97-3a7f-495d-940d-12476388ebb3,L3,Tweet
a217b994-dd08-4fbf-84a7-056156b7f2c4,L3,Tweet
5036df12-9b80-480a-9a2d-f4ef3f1a1ccd,L3,Tweet
296ce192-3f3e-4dd4-a7fd-7e5b646170f1,L3,Tweet
be9f69a2-f98b-44cb-a40e-e432851be7a9,L3,Tweet
8313b5cb-7fe3-47cc-9c27-5ffe48bf96e3,L3,Tweet
f6978834-31eb-4575-bc39-21f1cfc34206,L3,Tweet
4b307c2a-0fd2-48ad-9b73-424903a51d1e,L3,Tweet
156c3e3d-86ee-4a07-87a6-76668613a18e,L3,Tweet
ace8ed80-f265-437e-97cf-58d531e72799,L3,Tweet
256c9b11-76f9-45af-9746-b88066ef8ae0,L3,Tweet
6f17197e-715e-41f9-a5a0-50546fa354d8,L3,Tweet
f507a163-2a33-4873-9bb9-1b1abff9cdf9,L3,Tweet
e210098c-44c0-4db8-ae60-a6f67a2bffb5,L3,Tweet
ff09a6ba-09bf-48b7-ba8d-18cadd667589,L3,Tweet
8f803da1-d40d-423d-b26b-660e9f66c2eb,L3,Tweet
f1f85a56-2d81-4bda-b514-6b0b4f2ddc89,L3,Tweet
e19d6396-1426-4b42-91d1-da1b29b9b2a9,L3,Tweet
f952aeea-b36a-47e2-8ba6-ffc17e7eb86a,L3,Tweet
939ae06e-c7f1-4c8b-ba8a-4054c3b761ab,L3,Tweet
e5539d0a-99ac-4720-9507-09eb57662166,L3,Tweet
49b2eff3-d1ed-4e5f-8825-7d77f375b01c,L3,Tweet
cd586de8-4df4-469c-b2c3-8f5f70dd405d,L3,Tweet
92a083b2-dcb2-4379-836b-bcad6d9eead1,L3,Tweet
34e07b74-ef82-49f3-9456-aac8beacb094,L3,Tweet
65684bba-68de-42e8-b7c6-f17714ae8f23,L3,Tweet
cab49df1-3954-452e-86ef-93efee010b11,L3,Tweet
dd4dd40b-444a-4eb9-bd18-3794e173a2fd,L3,Tweet
0965e2a8-e011-48d4-aacb-f3be676aef05,L3,Tweet
967d5a3e-811a-49fe-9a8b-eb9f0d87989b,L3,Tweet
a6adc67b-29ba-4c43-9769-1f4caae5ce29,L3,Tweet
155a0e57-4d7f-4965-aa96-694332c3116e,L3,Tweet
43ab7cbd-2542-461e-ac30-4bda9030d9b0,L3,Tweet
8a8197ec-c8b1-4cb5-bbdc-26c84549e2d9,L3,Tweet
cb47bd53-3668-4cfd-a04c-d52a19e956a7,L3,Tweet
34aa885a-61cb-42d3-b785-3cfe7dd5567d,L3,Tweet
92f32e49-d204-41a3-8c50-d111da9e40ea,L3,Tweet
898aef1b-32e7-4512-bf8e-0c18ebd4dcdc,L3,Tweet
2b4703ae-801c-46c0-923f-340d17357227,L3,Tweet
a043d4e1-61d6-4903-a413-622b959c996e,L3,Tweet
51457916-a9e9-4e1e-86aa-7793a0538d34,L3,Tweet
3255c822-2e18-4f71-928e-b946ef49c0f2,L3,Tweet
97ddcce7-0f9c-4a1a-b83c-8e118a6aa2a7,L3,Tweet
8d2286a8-f6a8-4017-8236-232fe98a7894,L3,Tweet
412e0eb6-7ce1-4680-b0ca-159733979569,L3,Tweet
1b3d0e8d-918e-480a-b6c3-525a66bb5c3c,L3,Tweet
d8f7aca8-5f40-412b-8cce-df4814c38fb7,L3,Tweet
3edc7977-d744-47fd-b8d5-fc66829a7cdc,L3,Tweet
f1ea18f5-4546-40a1-b7ff-730bb63022a5,L3,Tweet
1b6e6fc8-aed8-46c2-ace7-7b09b25a47d5,L3,Tweet
53a6a5c9-a341-45fc-848d-974fc8f51939,L3,Tweet
e568064b-70e1-4ea6-9094-a222d60f7e19,L3,Tweet
10127463-e770-4c1d-b666-12488b02fc61,L3,Tweet
51acdaa7-04a3-4767-a184-e8b21e8bda3e,L3,Tweet
9cbebeec-4cbc-48a7-b113-ba7aec81e6e4,L3,Tweet
e8ec08a1-2471-42e9-90aa-043044dcaad0,L3,Tweet
23b7e84a-14ed-4515-ad4b-3366fcdef947,L3,Tweet
545c3b0d-5b92-41b3-9311-18a497aad7fb,L3,Tweet
81b23c31-c9b8-4fcc-9911-1b33cad324bc,L3,Tweet
b7495ed5-2b5e-4472-8ed4-e7029d91e452,L3,Tweet
c08eef91-e794-4c2f-a3c9-f4379997092b,L3,Tweet
b92b3e62-c422-445f-be41-b4eeb8aa1127,L3,Tweet
968de515-fa65-47ff-b003-aa866cdc3a91,L3,Tweet
afd77d31-5005-4dcb-8232-1a9e515c1bf7,L3,Tweet
400074c4-5201-4148-aeaa-2cd7aacab09f,L3,Tweet
f577a65e-5416-4117-bc3e-940c5bedf415,L3,Tweet
c455adbc-9574-4054-b9c7-188380998771,L3,Tweet
5de06922-adbe-4689-a177-ec8d03deab46,L3,Tweet
5e03012e-f267-40ab-a8d9-ff3034d87edf,L3,Tweet
74f564f2-e799-4a28-9520-6d3e365b0a4d,L3,Tweet
750a1f58-c683-4128-a65d-940e342c2916,L3,Tweet
7835a7c2-4add-4d22-9685-0c46ead905b7,L3,Tweet
390befec-9603-49ef-843e-07b7b80e3436,L3,Tweet
edef327d-7d3c-4009-b9b1-551ea29eafbd,L3,Tweet
a449f6e8-79a8-498f-870f-4bb51fdba338,L3,Tweet
7642adb3-bba8-4935-b46b-916715ca74db,L3,Tweet
0ac4420b-459b-4e84-995a-ed894734a60e,L3,Tweet
07d47492-a45b-441e-a064-3837fe3b82db,L3,Tweet
e6b50ff8-1b00-4965-8ea4-92d81848752d,L3,Tweet
15198b56-e718-4ec6-9fa6-1022f92e0070,L3,Tweet
3a14ec3c-c20e-4a30-8747-49aebd617f3a,L3,Tweet
c7954f01-ba56-4bd7-b4a9-1a45f5d1015c,L3,Tweet
9e083cca-8aae-4a04-87d4-5212a6667b3d,L3,Tweet
14f9a237-f24d-49c4-8b62-3cfb04b5b778,L3,Tweet
f9c0931c-b3bf-4218-b796-68996eac0b13,L3,Tweet
ae096a69-074b-41a4-a0c0-8e4af088e3c4,L3,Tweet
aa0d9507-741d-48f4-a920-8224c0531599,L3,Tweet
fb45f1a9-68f7-4a19-af9a-1616dca561c2,L3,Tweet
aabcbc0d-e8ef-44fd-a6a4-507faa7aae44,L3,Tweet
25096f71-d636-499d-beb2-6e3184012221,L3,Tweet
45517355-0568-47d2-840a-4cc9bf22a599,L3,Tweet
07be66d5-3efe-448f-80fc-13d273c5796a,L3,Tweet
1355e1bd-3692-4140-91f6-5430a08af634,L3,Tweet
7bf8daeb-1439-4d7f-ac0c-c6da0414586a,L3,Tweet
d665ec3e-db50-4570-80db-5fca10f0939d,L3,Tweet
1fb61fc1-2c1d-4f91-bda0-073c8852c2b2,L3,Tweet
bd48be10-24c5-49d2-88dd-c07daa19e3f3,L3,Tweet
5c69c192-4321-4c9d-8c3b-f3d15c8a7155,L3,Tweet
7c032355-a168-49ae-a787-6a3902d3cb6b,L3,Tweet
a0f84c73-8a56-4c91-973e-08506026ee62,L3,Tweet
8251e317-bd2c-4f39-a31b-737ae68d7639,L3,Tweet
fc0d81ea-6327-49c7-9113-e4c31d7fe6e3,L3,Tweet
b5ed30b8-40f1-4d63-a6a3-a235787114aa,L3,Tweet
9d56e8ef-c108-47d1-991d-bc5b96b95944,L3,Tweet
71a5ab4d-34e0-4c9c-97a8-e03ceaba5503,L3,Tweet
1e412d04-a92b-403b-91cb-01c663f9a607,L3,Tweet
79725617-4882-49d4-bbfd-f6c7dad83a01,L3,Tweet
1d0a5b6c-088a-43d0-be58-9c65a15059cf,L3,Tweet
861246d4-7171-4b35-8aa0-9dd8bfe6d5b1,L3,Tweet
8c41f4c3-3d56-47cd-a00c-1fc6373980bd,L3,Tweet
faeb2fe4-a044-49f5-9181-e33a52ea76d2,L3,Tweet
c77f9500-0523-4ffc-aaad-ddb544f5b21d,L3,Tweet
0a16f7fe-d708-4d78-94f8-d41c498c990d,L3,Tweet
5dbd0a02-c654-461f-aef3-4f72bc9c2997,L3,Tweet
7a908d8a-d4f8-4595-b341-281ce3dc9f8f,L3,Tweet
ef9132cc-0c72-49f1-885c-73f0de285c58,L3,Tweet
80fdd874-31a2-439b-89c3-21b9bdec9913,L3,Tweet
188873b2-3099-46f1-9b22-c960e4413d70,L3,Tweet
9489c509-d87b-432e-acc6-a1ead13ec0d2,L3,Tweet
54721936-a12d-458a-9499-3a0ca2fa6219,L3,Tweet
61fd93d3-9ee6-4294-a097-32f61d9139a0,L3,Tweet
41bd72e3-56d5-464a-be7c-ae5493dd2137,L3,Tweet
9b39b1c9-8225-43b1-b4af-45a1ffcf1427,L3,Tweet
d6ec5620-b5b1-4b65-a3ff-471ebf8cb30b,L3,Tweet
e4216572-335a-4f19-aed9-66bbab646629,L3,Tweet
ee4cd56d-3d6b-4ee6-b9ea-d9bb02c942a5,L3,Tweet
fb176c34-c071-40c2-a7e5-ad1cff170e8b,L3,Tweet
eb02e5bc-b33c-41fd-9f1b-27e05dd1e201,L3,Tweet
16c7bb09-93cb-4209-b547-c80a6fb1dd2d,L3,Tweet
40c69f48-83a4-46b2-92d5-7dce7c3a1f77,L3,Tweet
aee60143-8080-411d-b6d8-c308baa900c2,L3,Tweet
cddbffca-db97-493a-a6c5-e7f73298fd53,L3,Tweet
9898847b-9e06-456a-8ed1-d248e1dfd30a,L3,Tweet
9ef9cb5e-a948-4ef5-a2cc-a91936bdbb97,L3,Tweet
1e5dd0c8-f84f-48a1-88be-67f2223e527e,L3,Tweet
be9bd697-5082-4132-b6fa-73db2f2e2db8,L3,Tweet
d122adfd-b48c-4204-a0fd-c5714c4ec4fc,L3,Tweet
fe6d7d0e-aad0-446b-8add-0785df9f8ab5,L3,Tweet
c1856431-b61d-4e90-9d48-1c163cc3b381,L3,Tweet
083a13d1-94cd-40cb-a5f5-1d01daf965d6,L3,Tweet
5b70d8c4-d4a2-440c-a597-833d1bd2b398,L3,Tweet
8eeb739e-99b7-49b0-9380-58074bf3cd80,L3,Tweet
e3285422-1e36-484d-90d8-d342ba939ca1,L3,Tweet
710cd1d4-c0f6-489c-a9ad-692ff53d71ac,L3,Tweet
d6fb4d69-a361-41c7-b6f6-5a263f5f9a06,L3,Tweet
f93c363b-55f6-46e0-b882-5b67bc4e03c8,L3,Tweet
85d7f1fe-32e6-4d9c-bdd2-852338e42c71,L3,Tweet
c54964a9-cc8e-4dca-89f5-9b90b7891b73,L3,Tweet
f8bb9ae1-cb56-4de6-9706-ce42a2c5bf8d,L3,Tweet
3d34e1fc-1d99-4255-a22e-2f4a0cadd9a9,L3,Tweet
bae68c6a-ddbb-4259-8d5f-d4c990816943,L3,Tweet
a977d7fd-4e36-47c9-813e-f1cc5d715b46,L3,Tweet
62efd26a-385a-4cc7-80d1-343582cfa69c,L3,Tweet
e8c70559-a7e8-4e1f-b074-861ebb311358,L3,Tweet
61f34449-7276-47d1-a240-8144bd0ee82c,L3,Tweet
b764c81e-5804-4f19-9fe6-a6baf59bdf1c,L3,Tweet
a39fed25-a9c4-4b8c-b4e6-9dd180239ea2,L3,Tweet
ab9806e3-b12d-41a1-8515-963180c37e43,L3,Tweet
d25ecc72-2910-4828-8247-8d09313fc9d3,L3,Tweet
ee638e35-4b6f-4cc2-9a94-433281890b38,L3,Tweet
a9b66d45-a698-4f03-98ee-441f25da12e9,L3,Tweet
3727aeb7-432b-441a-8db4-ade84a870537,L3,Tweet
29d5ff9c-3779-4053-bbd8-b20d5dbbc40c,L3,Tweet
97ad0010-c6c2-49e8-be71-ecebc752fa6f,L3,Tweet
1163c833-1050-4471-8713-8dcb1dc3fbf9,L3,Tweet
bdffd71a-63b8-4979-9e0f-867209f4b08c,L3,Tweet
73e113b8-4778-42eb-b74c-2a4dbd00c26d,L3,Tweet
9d985419-3295-48af-9ec3-b7ab0e2e4c77,L3,Tweet
e87e86f8-29b1-4dd6-b40e-ad4856ba1e2f,L3,Tweet
43cc9683-800f-48da-9c95-6d333ef9bacc,L3,Tweet
19a38be5-5db8-444e-825a-bb7e3e365421,L3,Tweet
bf108867-1007-4c6c-bae7-71bacf4ce28c,L3,Tweet
27f7c549-756a-4b84-b172-9a7445beea48,L3,Tweet
ad02cfaa-3d5e-442b-b945-123fe81f3efa,L3,Tweet
1e6833ba-7a01-47a3-ac57-930dcb1c622d,L3,Tweet
496f6c49-5fd1-4178-b1e6-ffda718a59fe,L3,Tweet
dd067431-f2cd-4d3e-ac67-d3767b8b6d5f,L3,Tweet
19f0ee6c-66ec-42c0-b4f8-93c5a43bd426,L3,Tweet
74d52290-390c-4af4-ba5d-a46a9e8d3190,L3,Tweet
f7eaec3b-ad58-49ed-8d6d-ac0669773380,L3,Tweet
4ed3117c-9460-4aac-977f-569febea2ced,L3,Tweet
ceff6fa2-3e4a-4f1a-9602-574ae41e332e,L3,Tweet
8ca8577a-d4a0-4e5c-a047-a37f668e70e1,L3,Tweet
6c972eb1-e493-45d6-89b7-11c80689aea9,L3,Tweet
ac7e65e2-7f0b-45b7-a194-9c29ba26a4c4,L3,Tweet
73e0e8e9-c245-4fe8-977f-a1762a1a14c8,L3,Tweet
cb49dcc9-8d7e-4413-8002-10d411a00647,L3,Tweet
6346b254-4e94-4ee3-a942-45b514835e25,L3,Tweet
68e95ce7-1ab2-4564-b3af-1deab6288c32,L3,Tweet
5d69011e-4474-47d1-9ab3-bc9ba4c8e148,L3,Tweet
aa46dd6f-8846-4426-b0af-cf3ca9b94b6c,L3,Tweet
f8e29a00-460f-406c-b3f2-6ba31b2c6d73,L3,Tweet
60d30365-3f95-43f8-bd17-04a77fa6cc6c,L3,Tweet
c60370cc-7416-4dd1-9f10-b2084463cab6,L3,Tweet
d6355acc-9797-4e40-a24d-40b128daf610,L3,Tweet
62794ed3-7c6e-4ba5-a92e-caf1c14dd795,L3,Tweet
cd9b318a-8d05-4ce3-8e12-d7d5def8466c,L3,Tweet
f2ef34b4-b9aa-4aa1-b728-35606ffcd4e2,L3,Tweet
ac0df715-b944-49a6-b3dc-c574a496d2d5,L3,Tweet
fc81abea-d90b-4bbd-b1f1-a0769e8c14b5,L3,Tweet
80ca75b5-6fc0-4c70-8e56-20d9855b606e,L3,Tweet
2d8d20f5-9e75-4cfa-a825-943cebc24677,L3,Tweet
2d42aaa6-4b24-4cb0-a40f-3d244c415fb8,L3,Tweet
5a06db75-fdd7-4c6d-adac-26da33955304,L3,Tweet
5c6ee31a-a782-4063-ad88-8713e9790e4c,L3,Tweet
f1327833-ebc6-47ac-830c-5fba39b41f81,L3,Tweet
4e7d5dd8-eb00-45dd-bf54-0173fca1ce3d,L3,Tweet
f52d2648-6882-48dc-855b-ed2e989bb475,L3,Tweet
382fb013-3c2b-46d7-b522-91d67597ac5f,L3,Tweet
5b23c7ac-6995-4717-a359-333d4a54e3d7,L3,Tweet
8f2cd5b1-a100-4836-9e2b-849d6548d5b1,L3,Tweet
c73a13fa-3604-41d5-8a98-467a46911311,L3,Tweet
dc3fac4a-b0c7-4e6a-84c8-7d0ad6127755,L3,Tweet
08164ea4-49f3-4fdb-bb40-146a2a74161b,L3,Tweet
bd74451e-465f-40a6-90f3-3d9a69e1d3f3,L3,Tweet
62e22aae-de0a-41db-b257-509bcceb6a32,L3,Tweet
c62ce5f7-8294-4561-90dd-922a1cadb3fc,L3,Tweet
776f8607-1a2b-442e-8da8-011156c999c3,L3,Tweet
52efb1fa-d2bf-4406-b11c-086b1e4a4bba,L3,Tweet
0895ff86-82f7-4562-ada2-82c76443c2c4,L3,Tweet
94dfc5f0-e32b-4901-ab78-c29f52be3125,L3,Tweet
fa735cab-158f-4455-b74d-cab3c030fa65,L3,Tweet
b36d13fa-6d1f-454b-8d9a-c74a5143f7cf,L3,Tweet
a1025b91-8fa7-41cd-bcfa-6ac25aaf4ffa,L3,Tweet
1d8ff4b4-b222-40a2-9e5b-41d97d70223b,L3,Tweet
6d138da3-e7d1-48e7-ad5b-641344eb1f66,L3,Tweet
5e5dfba8-6e12-4463-8519-65ae3e18f713,L3,Tweet
f6a291d4-7a48-4043-85c4-7a52ca9774cc,L3,Tweet
a280c0ed-94da-4650-9d77-345ca33dcb8c,L3,Tweet
4633ffdb-017f-405c-8837-334e7a71955b,L3,Tweet
4fd112bb-88a0-41ec-81c7-811042b4395e,L3,Tweet
d7f85525-b04b-475c-8af5-7faf1ea1269d,L3,Tweet
322050e0-4722-4ea3-90c9-c8d1c5b8b221,L3,Tweet
bc1cdf38-2123-4678-8567-61dcadc4584d,L3,Tweet
eb1bd7bf-2c7a-47e7-8572-abc4df8e1efe,L3,Tweet
444e9a0c-e52d-4e4e-a2b8-134699fe1e25,L3,Tweet
9277e01a-64c2-4d00-9785-cf3749789c77,L3,Tweet
fa4a60cd-1a61-4968-8a48-97cc5fe4dc2c,L3,Tweet
516cfce9-aa39-4238-81be-c01d035280ce,L3,Tweet
3baac76c-4a1a-49e3-aa61-1ccdf52900b8,L3,Tweet
cb169a9a-4c05-4f61-96b3-28d088c37bd4,L3,Tweet
d1a5b51a-b4fa-4e10-9a27-30174415f892,L3,Tweet
f899f338-a9a8-4b2a-9412-bc21d60a849d,L3,Tweet
8b91d54a-1456-4d9e-acce-fdc1f3f786ba,L3,Tweet
384bdb8f-f07d-4212-8899-6902a1839de0,L3,Tweet
d7f4ea26-ef7c-44fc-bfdf-a9ed3fd66c5a,L3,Tweet
cc82cbbd-4f2d-4ddc-890e-33b0d44db30c,L3,Tweet
9705298f-f9c2-4340-ba57-646941c9c724,L3,Tweet
3ac9a3f1-e061-44f8-bdc9-780a07d2ce1a,L3,Tweet
1ce73c59-1c52-45bd-abe0-8a3ec15639f7,L3,Tweet
13046d64-4c8b-4ab1-a39e-14452a006a28,L3,Tweet
8d90db94-dd48-4d71-9ce2-4515a671c364,L3,Tweet
f13480ec-00b8-46e6-882d-9fbb5accd390,L3,Tweet
f2f89205-58c5-4a45-a7f6-7d5daae5b77d,L3,Tweet
beff717e-8acf-4395-8425-d560043f2790,L3,Tweet
410c060b-e4fa-44a5-b619-8ad2db069a6f,L3,Tweet
241f2b7b-2767-4875-bb55-6536cf7b7bba,L3,Tweet
e653d258-0730-4e25-a29b-11a90b8aaf45,L3,Tweet
65669fba-70d5-4085-a13b-0025d3d241c8,L3,Tweet
3e93925b-09aa-49cd-b952-5c0c425147c0,L3,Tweet
a80a8ef3-1fb0-4e7c-8ff0-497d7c571a4d,L3,Tweet
9af0da44-475b-4b95-a437-c9a438ff2181,L3,Tweet
7a1130f1-c2c2-41fe-9d00-811e835f337b,L3,Tweet
6001103f-e358-4c34-8597-5b71d68917d1,L3,Tweet
c8632793-8c0e-407e-8b06-9922f98ce8b2,L3,Tweet
2420c15f-1550-4433-b8fa-e41b3bea9489,L3,Tweet
a54221a8-d29f-4433-bb78-9508cae10c45,L3,Tweet
b12a73a4-09c9-4de0-9eff-02d6d46da933,L3,Tweet
2e0b1ce2-b6a3-4549-a67a-6050bb3414f2,L3,Tweet
0ba96e75-593b-46f5-bd5f-83f547cb9fc9,L3,Tweet
a3de275d-5b2e-474d-8403-be1eea407b52,L3,Tweet
65f201f5-aaa8-41a7-8984-0fe5ff15c887,L3,Tweet
8117ad98-4dd1-4e5a-96cd-f55f488a9113,L3,Tweet
1ca1be4b-8bdf-4160-bb63-5b3fbfc8c664,L3,Tweet
6eed7284-aad0-48be-978a-5df1a889a895,L3,Tweet
14d348d6-17cd-4979-97fa-44fd923d2390,L3,Tweet
73e3ecec-b10c-4126-9df7-7da1571fc839,L3,Tweet
be189630-bf46-46ff-ac6c-94147ca1e541,L3,Tweet
a60934a3-e3e9-423c-9d75-7403889b05c7,L3,Tweet
7abeee9f-dfb4-4a27-9dd6-11dbbec43b2e,L3,Tweet
5c4408ad-a2d8-450e-b320-38b3b883362e,L3,Tweet
21da3b3f-377c-47b6-8c94-128ad60fedff,L3,Tweet
c4d0a777-c105-4089-a263-80f387a828cd,L3,Tweet
52e4367b-b6ce-4811-9970-f97fa8c6eba5,L3,Tweet
af1d9b3f-1f72-4c63-8813-f13e476df8f4,L3,Tweet
f24b558a-1554-4254-a3ea-9a369161b397,L3,Tweet
4526ede4-05de-4b5d-a0f0-079948307914,L3,Tweet
764c5fd0-78dc-4f94-bf78-70e48c11abe7,L3,Tweet
47277ae0-4011-4be0-b09a-66826c958bbb,L3,Tweet
07dc5a68-dbe4-464d-b338-e073c6ea318c,L3,Tweet
9e1228e8-df92-4ae2-a2a9-2c7d48459fcf,L3,Tweet
ec0947ef-6beb-4da9-82a7-20dd4db8d949,L3,Tweet
c5402169-01cc-4813-b138-a9f186abaf41,L3,Tweet
03f4f5e3-acfb-49f1-a08f-370d9c5afcee,L3,Tweet
5d924242-97dc-46f5-b580-d176b09d3e80,L3,Tweet
8227c9d6-9db6-43ac-a5ca-cacd208e69e4,L3,Tweet
36663e7b-8c48-4fe9-8e1d-dca98580bed6,L3,Tweet
59ec44fa-a379-4e81-8d43-57c54b567e1a,L3,Tweet
efd54fb3-2488-4ba3-a1fe-f87b65c439bb,L3,Tweet
8e8419cb-5f2b-4f6c-999d-b436d7bbc2eb,L3,Tweet
0faf39e8-3a1b-43c9-8e5b-0a5b15e1826c,L3,Tweet
e7386bb8-0a36-49aa-8e7b-b015c750c72e,L3,Tweet
ac7879a6-5e11-4691-971f-ed3aac1590ae,L3,Tweet
68a44499-b9d2-43ab-bd65-551b4b6d24bb,L3,Tweet
ad1fab07-e4c9-4153-a961-1818f61d7b7b,L3,Tweet
aea42a5c-6718-481e-8fd3-a3e912084db1,L3,Tweet
7f416e95-9826-43f3-81bf-386f6f5ebbe4,L3,Tweet
6fbcffc7-2b67-4b55-a6cf-68b35038c50c,L3,Tweet
ef878dbf-66a2-46de-a7c5-64a6a5efbccd,L3,Tweet
190e8ee3-4aaa-4527-93fb-17f3193472b1,L3,Tweet
2a399f9b-c681-4675-8eea-632e9859773f,L3,Tweet
4f4af776-fdaf-4fe7-822d-b19c00ed54e8,L3,Tweet
4f8eaeb6-caaf-4b58-818c-44d7a617de7d,L3,Tweet
44cc6eb9-3203-4e5b-b4f6-5d3339d6f2d4,L3,Tweet
788efc76-8956-4e93-9a1e-699e76bb4c7e,L3,Tweet
0b7539c7-77e4-40db-ac54-8ab20a10ac82,L3,Tweet
6df3fe02-c6fc-4a5a-8e9d-304643dd58fc,L3,Tweet
1dda9e89-ff96-40e3-9585-0cf5a0293b45,L3,Tweet
6c8a103d-44d7-4fbd-b0f2-399b75191ec2,L3,Tweet
9091cb55-6c12-46f5-b715-de7c3fd2f77f,L3,Tweet
ca4f61cf-3c0a-44d4-b59c-0f2ad6ba48d6,L3,Tweet
a465c562-a8ec-4448-b6be-d68abd076f5d,L3,Tweet
4ff8e99a-bb8c-4d67-abe8-c708ba0456f8,L3,Tweet
14f94048-ede2-4914-ab40-b3d8850ad3d9,L3,Tweet
8a1a5223-1651-466f-82b0-8922887a17ac,L3,Tweet
9d42825f-0778-4377-a497-128af0dd3733,L3,Tweet
eb2df16e-a875-42c5-9364-899299c6eaa9,L3,Tweet
d3d5875a-78c2-4057-a567-0bfeb6a76f49,L3,Tweet
bad292e5-63e8-4c40-8e54-53d15d106a15,L3,Tweet
2215debb-eb16-4d52-a1c9-41febb0b6b5e,L3,Tweet
c2302d09-f33b-490e-8135-95ffe2604edc,L3,Tweet
b4f29587-42b4-4e97-82bb-a69d778c8957,L3,Tweet
26248403-9e61-4db2-8365-fc6f04788e7a,L3,Tweet
9164cdf3-72c6-4691-b6ce-67d4ab7c4062,L3,Tweet
c3563ac0-94cb-4558-a33f-4ab0a347b836,L3,Tweet
bad0cdf0-8ead-40e4-907e-663ad9c624f6,L3,Tweet
e45fd6df-d409-48d1-8030-f35148230238,L3,Tweet
a4e50b17-b5ed-4441-9d5a-b9645288ec4e,L3,Tweet
606a1ed7-b685-497d-84ed-1466754cc4b0,L3,Tweet
c546a757-eb37-49a4-83dd-848c092ac721,L3,Tweet
70a5f38a-92f8-4f52-a0bf-9f67d24b75bd,L3,Tweet
0807c3a0-20ab-4269-a075-f85f0d9cd6e2,L3,Tweet
ba7262ac-2ba0-469e-904b-efa102ec4c1f,L3,Tweet
8496e148-ee75-4b5c-86dd-fb058574beee,L3,Tweet
4e521400-2649-403b-aa77-70f2a74506b1,L3,Tweet
b11be2d5-9f6f-4c92-a701-2cf752b7f4b1,L3,Tweet
d1168bdf-e40f-41f0-aca3-cd14ea0e32b0,L3,Tweet
b67bc405-4f8e-450f-bc88-dd4580e7fb5a,L3,Tweet
556f643b-d0b2-45ca-81c7-f15d1267c2a9,L3,Tweet
f585724c-e9de-4c06-aa8c-c331bd272bd7,L3,Tweet
24a79b9e-cab4-4a0a-8db3-c012cf3a83c4,L3,Tweet
4e1a51b1-ecb1-49fa-a289-55a992205670,L3,Tweet
736b199f-bb36-4895-bc66-01e643b1fa1b,L3,Tweet
758e0da0-14fd-4e96-b3b1-64a3f46913e2,L3,Tweet
7686f009-b8f8-4039-af46-33053b41e00e,L3,Tweet
065210e1-3510-4f1d-8340-82f2be80b7ee,L3,Tweet
465e729c-ac5b-433f-b3a9-f5ca4740a2f9,L3,Tweet
afe6da19-dda6-402c-88c5-8eaa829100e6,L3,Tweet
05108b53-c469-4e68-bb96-c063afa46c17,L3,Tweet
3bc0d02a-a269-4ce9-aebb-53273b8702d6,L3,Tweet
a7404fc8-5cf4-4272-857f-2794fe10b845,L3,Tweet
1083d275-7b80-4e24-b9f9-83b2f53b703d,L3,Tweet
ed2aed2c-5331-4f8a-a1d8-cc6af09e2489,L3,Tweet
e0aad871-f0c7-4369-bf8d-b1f64969c869,L3,Tweet
294c632d-c9cc-42cf-b7fc-bb8f538b339f,L3,Tweet
b847908b-ef5b-4453-ab4a-261c000e7f2d,L3,Tweet
47a65911-5d09-4ba7-a80e-dcd6af73db52,L3,Tweet
55196f86-761a-490e-9b1c-8274258eb2fc,L3,Tweet
3e67beb5-0b86-401b-a44c-92e48c16152a,L3,Tweet
62ca2b3b-6a8b-4719-959c-0afc635d7f87,L3,Tweet
a6b817f3-11c9-44a6-9425-fbd5271837c0,L3,Tweet
0c7e4b8e-8e82-4428-932e-b842aa57f4ab,L3,Tweet
d0890102-9de3-4099-b6a9-23ce1bcdaba9,L3,Tweet
c6174392-996b-433d-9d65-7035ba16825d,L3,Tweet
2f319d74-91f8-44af-a7cc-eea1d4a5bd35,L3,Tweet
0d0336ec-6130-434a-a783-2eb4b8f0ef19,L3,Tweet
77657c09-49de-44b3-b7d3-17d30ac4daf1,L3,Tweet
63709ef3-313f-43da-bdf4-346eaf65b198,L3,Tweet
5f9bfd0f-04b2-46d6-a322-b07aa9611bba,L3,Tweet
3cc4cfd0-98cd-4c11-a364-f05b16b23fd5,L3,Tweet
4a134fc1-9f47-4aea-8083-210657157ba5,L3,Tweet
98521c6f-f03b-429f-bf8b-6014b974f24f,L3,Tweet
55368689-642d-4da3-a2e8-6b6466852e46,L3,Tweet
d0868c70-4150-4632-878e-8af0af6cd23f,L3,Tweet
cd71cbf2-6344-4b25-8c14-e436d399eacb,L3,Tweet
ed7ab2ff-b899-4bf4-bbb1-58cd361b15e0,L3,Tweet
a911649d-ed7e-4c79-be58-a14b15cfed3c,L3,Tweet
4432a72b-14f6-4a21-a3dd-1e5f4a4462e0,L3,Tweet
47c29667-fb7f-4660-89d4-a12bcdab07c0,L3,Tweet
f7340972-5b12-4b9f-932a-7b01bd44adb2,L3,Tweet
60439921-faca-416f-b6c0-4adf6084091e,L3,Tweet
4465d7b5-fdf9-41aa-8bf8-32f1cd199ff2,L3,Tweet
8d32860a-7651-485b-84be-54eba49cab13,L3,Tweet
7b586db1-ab15-41ae-85ee-c9e6640602ef,L3,Tweet
f7f2e765-374d-4bec-8711-d0f1b45226db,L3,Tweet
0077e8de-66ef-422b-8a56-29f2e11571ea,L3,Tweet
a3411224-40e4-467f-8fe5-97341de94950,L3,Tweet
bb117d64-3905-4739-92d3-62b96d237bb6,L3,Tweet
aebec044-a9c7-4e93-8327-1f6150e4536e,L3,Tweet
68568c08-7479-4af5-80ff-8785f84728b3,L3,Tweet
b4d8e9af-cea3-4c1d-9bff-ad4504a46c1c,L3,Tweet
55d0c20c-0a5b-4b28-91f7-e6975c38d185,L3,Tweet
525a99b5-b72d-41b1-88b4-389d20ff6e23,L3,Tweet
cf636af6-6304-4d66-8032-668e69be0f44,L3,Tweet
6a725875-2e42-4d9f-8d82-7dcdd2c4702b,L3,Tweet
86f6d01d-2015-4869-b371-339398594808,L3,Tweet
0dd48967-5d39-4ed7-be7e-f9eb1b2daa16,L3,Tweet
f04e9009-0fe8-4d0a-b7c5-311e2bc91452,L3,Tweet
119ed30b-dae6-43a0-ac4b-35dc2b60b60b,L3,Tweet
be366cbf-cc57-45bd-b1c3-7da61661b8a6,L3,Tweet
0fe23ec6-1bac-4433-b995-fa75eb514c6e,L3,Tweet
99203383-3ff9-4fc8-b09e-3a8c4e0c507d,L3,Tweet
043bc916-c0ed-4b41-a7b3-d131a607061d,L3,Tweet
6ea3b1ae-8f3d-4243-9885-ea584c14d7f9,L3,Tweet
f62d434c-7267-4605-acee-6cebec948678,L3,Tweet
f4729059-bbc0-41d8-b7d4-95627772309e,L3,Tweet
a6ad23bf-71aa-47de-954b-6a4346b8611f,L3,Tweet
1f9cdc09-2677-4571-9709-ffb03bab6a65,L3,Tweet
c48e234d-8fe9-40ca-809c-a64b25465564,L3,Tweet
3dd27312-3382-4008-8aad-6a0c2f3b2a7f,L3,Tweet
fdb9d0b7-4c26-486d-9817-ef64d6e8e405,L3,Tweet
ca5d82f4-3b5e-453c-92c6-7c953be36eed,L3,Tweet
2a1b4ec3-ea80-48ba-8e12-0290453fb921,L3,Tweet
6c0121ab-9ace-452a-846e-61de887a8e59,L3,Tweet
974b5598-eff2-4c40-ac17-137b80736eb6,L3,Tweet
3f14c024-72a4-408d-aec7-593c02cc4308,L3,Tweet
ee4bdaa1-0bf2-4507-a437-56dac63f8831,L3,Tweet
124cf2d6-8611-430a-9734-2d7200f4a16d,L3,Tweet
27cfc83d-56f1-47f0-981a-a2aeff99ec37,L3,Tweet
f5bdef31-ac8d-4f94-a9d0-b2c519de0a70,L3,Tweet
8437bb51-d18f-4aaa-b1b3-1872e8935f26,L3,Tweet
e715199f-c4f1-4be2-9169-c7f37be32f37,L3,Tweet
5afaff27-0575-4998-9815-7eddcf1a0e3a,L3,Tweet
d0de041a-c417-4cc7-84cc-a39204881696,L3,Tweet
e1ef6d8f-6aab-4aee-be07-82c63ce6ca72,L3,Tweet
15ccee01-2765-4912-ae4e-d7a21c042daa,L3,Tweet
59c462c7-1805-4bb2-82cb-5095304fb847,L3,Tweet
3ad11b4c-d5d3-4625-bef6-ffce79237f09,L3,Tweet
e8cb731b-d260-4ea9-a275-08b4bfc29a09,L3,Tweet
33b931e2-33eb-4f59-bbb0-bd5e4eab3d03,L3,Tweet
fd81f330-c1a8-45e7-875c-5ff1ae92ce37,L3,Tweet
4240ecb7-c97a-4e7e-8870-0d538f08390f,L3,Tweet
b288d592-7e15-4c55-8d5a-5c55a3c99480,L3,Tweet
9124ea89-d106-46fc-beb3-238ef7344ee8,L3,Tweet
cd39dc26-a895-4a94-a704-8338e2ed0ccb,L3,Tweet
0a6b1827-9268-48f4-aaaa-2eec89c58dff,L3,Tweet
3f07ec27-64a1-4956-9b54-e4ee4b54efb6,L3,Tweet
13d11b54-8374-4d59-b462-0c7ebfbe7282,L3,Tweet
4956e4d2-c979-45f5-bfed-e16c1113f8e5,L3,Tweet
4bd05af5-ea83-4ff5-810c-5b87b1e9649d,L3,Tweet
49f73916-4eea-4366-a71e-74c01851ccd0,L3,Tweet
a955c9d5-cf01-49d8-b8a0-975bce9d51c6,L3,Tweet
43155e02-815c-42e2-b542-d419d7f29fdd,L3,Tweet
369f600b-2161-44a4-823c-167b04dd6599,L3,Tweet
805f4629-5ce0-4096-b9d5-df049993521b,L3,Tweet
a224b75a-b2d2-4f7e-84be-64ecfd359db6,L3,Tweet
84ed68bd-4fb5-4d9c-be70-0ffbffb86a08,L3,Tweet
f908045c-4558-4995-aea2-7f0f538149c2,L3,Tweet
22d829c4-5aeb-4b15-8c7b-1c9cbc290575,L3,Tweet
9b620974-404b-414f-9df2-9eaa608f2dbe,L3,Tweet
689c45ec-3a55-4f60-a1d9-9ec4826f34a8,L3,Tweet
0011bdd2-3344-499d-b475-aa2ff42492f5,L3,Tweet
460c7980-2f03-4dd8-8643-3b729d27b7ac,L3,Tweet
6aa83a08-fd95-4d20-af14-fd4fca1264d1,L3,Tweet
f9fc5dae-1841-4069-9a86-54f681d5235f,L3,Tweet
87e552d0-bda5-4294-b197-8381da324aae,L3,Tweet
eb62fc40-2a6b-42d9-a3a9-97eefa068c57,L3,Tweet
e1cb1d1c-b252-473c-a89b-5de1aafa60c5,L3,Tweet
4cac305e-6d78-4b3f-b444-ec6813aab2a5,L3,Tweet
7361544f-9a51-462c-9c4d-f1fbd882d4d5,L3,Tweet
ad457ba9-3c2d-42c9-aab6-b8483b430779,L3,Tweet
60689d67-14ae-4a79-84b8-13444f23d499,L3,Tweet
9c8bee36-cfd4-4afb-9257-02ac29243355,L3,Tweet
ca9f4763-fd9e-4021-a7ce-a6c41a815bcb,L3,Tweet
af1e33de-c9a7-44a5-bc92-70ddb51f3d88,L3,Tweet
6ead19a9-d0bf-4d79-8898-f3ac3da7817c,L3,Tweet
d7432e98-5bb1-4099-bf13-9df936a4a258,L3,Tweet
37599338-cd08-4b4b-ab10-7a65c78aec1f,L3,Tweet
f1a874ca-1a29-4922-9bd3-7427edfcdf9b,L3,Tweet
1766f62e-aa00-4d4b-804a-ff3ecc1b4dbe,L3,Tweet
b2b32ac1-2bdb-4c41-aab8-a3ed28ab72d1,L3,Tweet
180b8be8-8cac-4231-98de-8a13a774f142,L3,Tweet
bb1a794e-8f97-4a17-bc3b-f84d0396690c,L3,Tweet
88939ab3-9146-445e-97ad-5960de1e4492,L3,Tweet
296f47fc-41a9-47cd-9f9c-77b7e073a7be,L3,Tweet
3a84da64-d4a5-496d-967e-b198e4e5c466,L3,Tweet
62a0a704-71dd-43c8-b3ec-78c102250739,L3,Tweet
84e498c7-c36e-4a9b-bea1-7685064b5a04,L3,Tweet
777ea50c-a169-4a08-9b30-f0aade12e476,L3,Tweet
f1d969b5-8304-405e-a9a5-7344dd1815e3,L3,Tweet
7e925798-e6fa-421e-b6c3-f5127a990672,L3,Tweet
2f754409-8b0d-40db-89b2-8b2621d09696,L3,Tweet
cff4aac6-322e-4c60-b8ec-b2bb1e74fc15,L3,Tweet
7f2004d2-bd8a-4df5-a876-c04441afcd17,L3,Tweet
787546ae-24a9-4322-8d2b-1a002626fcbe,L3,Tweet
e640118c-d5c6-4b2c-87b6-45a8ee968336,L3,Tweet
5fc64118-3e76-4a13-8377-1e4a27fbcdb3,L3,Tweet
25a36fc6-caaf-4efa-ac3d-72cee69f40d2,L3,Tweet
6d1c45b3-3ba4-4e5c-ba50-77522533966a,L3,Tweet
2a965ee0-0366-4d66-aafd-5554a043c53f,L3,Tweet
4930982f-bd21-48fd-8f1b-920bc8ef3e5d,L3,Tweet
3e2c8072-253e-4c35-8b35-d9d8ee062f35,L3,Tweet
30b43c6f-d85e-4426-9604-b9afb7b9c172,L3,Tweet
a925fbaa-3707-406e-99ac-8342a67bebde,L3,Tweet
9548d1c4-3133-4992-b468-ed925e588050,L3,Tweet
c1834a69-3679-47af-a3e2-46bcae6ebca7,L3,Tweet
638bee2c-9e72-4387-be9d-4e6e2e99a3da,L3,Tweet
b084e77c-77f2-4f0c-a227-f8f3722e5ccf,L3,Tweet
cc654dda-3c1e-404b-bfc7-8d02eac84b7c,L3,Tweet
8049d5e1-85a9-4cfd-a17e-5641c83db55b,L3,Tweet
c6e3c16a-f65d-4465-bb60-98d8a3964c15,L3,Tweet
4ee69475-e248-4a59-b74e-76fbd9590ab9,L3,Tweet
b667c76d-281c-4678-b71d-0f187c6f65f0,L3,Tweet
bdfb563d-05f5-4a32-a66f-b56f25e80c5d,L3,Tweet
9615166b-4c7c-4ea7-865b-6c89a215f438,L3,Tweet
19f890bd-0d15-49d5-9f7e-1b92366e3d55,L3,Tweet
0f928658-aab7-4438-8f8e-44683794dd54,L3,Tweet
44b831aa-4f4b-4ac2-87cc-a940d5c03cb3,L3,Tweet
9ff55b0c-460b-44ce-bb4e-4901d3ae54a7,L3,Tweet
ed421745-f288-481b-a447-3ffa1d2edcbd,L3,Tweet
b4628282-27e9-42e1-8acb-6fd19759ea72,L3,Tweet
c3868b85-f9f1-41da-a895-286df9ca4b6d,L3,Tweet
07a04f62-10da-400b-8eb9-bdecac068042,L3,Tweet
1e609eae-8041-43cc-a808-1f134e720da2,L3,Tweet
5c3a0973-65c4-4b4c-aeec-c1c062b3012e,L3,Tweet
7b6f0594-2556-499c-8de3-ec082e30986b,L3,Tweet
9409b5a8-9494-4604-995d-283c07e0b393,L3,Tweet
ff747d38-c3ad-4ac1-b778-9c1d53650c53,L3,Tweet
3bce8cdc-6f70-4a55-bbb8-8df91946381f,L3,Tweet
2e3ca244-ad10-4830-910a-01b46346ba2c,L3,Tweet
979ae0ce-4ca2-44bb-bbb0-40db1f1e9cbd,L3,Tweet
fad41702-fd24-4f1e-83d6-2b990a0f3903,L3,Tweet
4b73d61e-2cf8-4b6b-9a41-1066e11dde0c,L3,Tweet
2e9ebef6-f140-430f-9cd1-88813c28cc56,L3,Tweet
c46b831c-6e97-4512-bf05-4674f1f394d4,L3,Tweet
97cf086d-fb2b-4249-b66e-c419aaa35e90,L3,Tweet
2022b378-3e52-4a2f-8df0-608a5bee5cd7,L3,Tweet
13e7cfce-fbe1-4822-adfe-a7dfe5cc1e95,L3,Tweet
7f96a238-0514-4726-aa18-99f7dda3384a,L3,Tweet
1733e9a2-7199-4745-86ff-a168a64f9ce1,L3,Tweet
33c2a515-ddff-44c7-80bc-227e19b1a1ad,L3,Tweet
1c41f6c5-a6a1-40ba-9ad4-434f402bb1b5,L3,Tweet
9fc22679-ad43-4339-bd1a-d536297aeba8,L3,Tweet
57eae14d-5277-4a78-ac88-cb50c2ca3315,L3,Tweet
15e55730-fe4e-4256-9ff9-4578401f9b0d,L3,Tweet
96af51da-cbb4-42cd-9a2c-42dfc3312d52,L3,Tweet
5ea504ea-98e9-4c48-b9c1-78e96d2b435d,L3,Tweet
379c8563-6128-4c0b-b1c6-b39c3aad3f9e,L3,Tweet
e833c3e2-97f0-406f-99e3-aeb6fed62719,L3,Tweet
28354ee6-03f5-4681-959a-8da699a5db87,L3,Tweet
846abb99-7710-4a2a-9a49-799a4bb077ff,L3,Tweet
fb7ab1e3-a0d1-480e-a048-b35897b57603,L3,Tweet
995fe463-d2f2-40ab-b3c9-f62860d6b465,L3,Tweet
f541c6a3-a6c5-47bf-bb26-4de12a0a5327,L3,Tweet
97616fda-c5c0-4080-83c8-b78f2026bf71,L3,Tweet
4e1c3083-2c95-41fd-a6ba-306a957bba56,L3,Tweet
fe7557cc-9fdf-4e1a-93ab-973c734291a4,L3,Tweet
d594148d-48c8-4d35-84e3-7fed97778acc,L3,Tweet
9fa272be-d0cd-438f-afd1-391dbe6f3548,L3,Tweet
9009b208-b35c-4a78-84ef-b9b8a86c478e,L3,Tweet
3861b443-4b41-46b1-81e5-001aa6c49694,L3,Tweet
1f158180-8733-48c9-a4a1-8f54d557fca9,L3,Tweet
c7193f14-9450-4869-9c91-078653c009d8,L3,Tweet
8e276967-4524-48d3-b7a3-c7d93e500b1a,L3,Tweet
c13e6a7d-2004-4b21-977f-fea5d926fa14,L3,Tweet
06610807-e80c-43da-8cc7-12c6d2b8ff06,L3,Tweet
c49ed69e-06b2-4721-ba0f-94c2e4632c80,L3,Tweet
77cdb77c-4be2-4e43-ad79-b7337017c17c,L3,Tweet
5bb0536f-7d5e-463a-9467-f5564d76a2d7,L3,Tweet
9852e10d-4bb2-46e0-8678-9155a5dd3805,L3,Tweet
90d37957-687c-4233-88e2-6e90954531c9,L3,Tweet
7dbe7f91-2550-4cf9-9ce7-41a5b5783fe8,L3,Tweet
6967ecaa-8fca-47e0-9066-16c92416c662,L3,Tweet
785b9602-91ad-4609-a8a6-e47d25df1274,L3,Tweet
c475fee0-335a-492a-b3f1-324cc15042bc,L3,Tweet
7c9575b6-452e-4894-ae3f-fc184affaf04,L3,Tweet
8959eabb-810b-40fa-b971-2046bc265af5,L3,Tweet
3e1fcaef-f068-472c-ad0b-115a64e9d7ff,L3,Tweet
923084cb-9c09-4de6-9d56-4ccc0529887d,L3,Tweet
364e3b3f-82d9-4e59-89f1-f7be94a878e4,L3,Tweet
05ce9618-358d-4408-87e0-c89dfa75f9f6,L3,Tweet
5ccdaec0-40c9-42a6-9ea9-28ad85c980ed,L3,Tweet
fdbcd3c2-03dd-47f7-8768-b8a23290370b,L3,Tweet
ad2acba9-6d11-49e5-a25b-8042f366f182,L3,Tweet
76980209-b65b-4af7-be5f-b545b48c071d,L3,Tweet
98bb38fb-6c7c-486c-a0b6-07d8f72f30af,L3,Tweet
5adddf42-66a8-4a23-8090-0677d69bdc66,L3,Tweet
61a9c873-81e3-44b6-b556-821d1844712a,L3,Tweet
79106cd2-7846-4529-aba6-8220d5d2f25a,L3,Tweet
a3bdf980-40de-422e-85d5-1fcb784f12f3,L3,Tweet
0d008379-69ef-4ad5-91bc-fd6dc1d385c6,L3,Tweet
a06200f5-0339-4a67-9aed-a48ee1b63a50,L3,Tweet
5be33d69-bece-4ead-872e-02447707ced8,L3,Tweet
3b749150-696b-48e8-abdc-8a28cb61670f,L3,Tweet
42d18940-5570-49b7-b210-dcbfc250bbfe,L3,Tweet
76a889da-8ce4-4722-a646-44f313858e3a,L3,Tweet
98826e6b-4b5b-436c-9d5e-a81357a246d3,L3,Tweet
e7767902-6236-40ea-8edc-f53fa2dde6d4,L3,Tweet
1a046bdf-a1ee-44ae-8552-a89c5f2f4b94,L3,Tweet
98894ddc-4d27-4c86-bf63-4eb3785246d1,L3,Tweet
63f0840a-1d84-4315-bbec-c8495eda7422,L3,Tweet
737a29bb-8cdc-4a24-85e3-faef64344946,L3,Tweet
66ef6ff6-de39-48ad-97b5-b29d077822b5,L3,Tweet
a842078a-e069-44fd-b648-db58203c517c,L3,Tweet
dca53ef1-394b-4b4f-9fdc-2581a3fa42e7,L3,Tweet
e4e38198-26a8-4459-b62a-973dfd0fa491,L3,Tweet
baae4bec-51b6-4600-8cc4-d8621c2abca9,L3,Tweet
5a1de02f-0f67-48dd-8051-5126c8459411,L3,Tweet
bd7af443-e4bd-48bf-b149-33223612f37f,L3,Tweet
12a21760-5310-4706-bca2-0dce9cf0a298,L3,Tweet
fcdd5c21-3a6d-4173-9311-d383e9862b35,L3,Tweet
3ca80d4c-c44d-48d9-88d7-69b7ef14a32a,L3,Tweet
4af85cf4-da3d-45ad-bd39-b5d0eab57243,L3,Tweet
fe7b9dec-d33d-4675-933f-8821503bbf55,L3,Tweet
c4dad56d-aab9-4a72-b946-1cd5537fb313,L3,Tweet
294f9987-f55f-47c4-be36-d71e4ef84e25,L3,Tweet
73fda774-db21-482d-a27f-6da28cb98460,L3,Tweet
56410c29-3055-4db9-ba41-0af57d8a488f,L3,Tweet
23fe2816-61f2-471b-b0a3-6c3fd524aefe,L3,Tweet
8ac6337c-4ecb-44ea-a70e-9db0d9733a04,L3,Tweet
d3b878a2-33e3-4b24-bb17-2141b2ee0557,L3,Tweet
8dc0c919-63a7-46ef-9bfc-3bafa66ce65a,L3,Tweet
b48affc8-3bdc-40e2-a22b-25f26bd29f83,L3,Tweet
d8d2a36e-fbfd-4438-ac5f-cf29ad6709f1,L3,Tweet
e5ff4ca9-fff5-4b23-b3eb-9f527731938c,L3,Tweet
c8c5f76a-8a3c-4735-a895-16884812f231,L3,Tweet
f62673d1-4912-4535-9c4b-1cb92cb0e157,L3,Tweet
c240a9ad-3e53-489d-8456-fff1c4d5a22c,L3,Tweet
269cddc3-7930-4fc9-974b-d6416ab432fd,L3,Tweet
3e572118-e2db-403d-a552-8299e932ddbe,L3,Tweet
efb51594-8538-4907-b209-b703f171efae,L3,Tweet
91fd00b5-384a-4c38-b640-a34552096849,L3,Tweet
94b741ae-5ea7-4914-8674-590fbdb0fb15,L3,Tweet
0992df3e-74af-413c-820b-295a24863f65,L3,Tweet
a8af227e-b524-4173-a5bf-cac26695aa4c,L3,Tweet
d5f21226-da36-4ada-b228-1cfddaa96b9e,L3,Tweet
479fce7f-611f-4b8d-8cc3-2d0e1df05e67,L3,Tweet
72db8053-5413-4daa-a5b5-0e8407e16c84,L3,Tweet
b879136e-5537-4d23-8d2e-051079e0835e,L3,Tweet
25f0445f-cbe9-45e3-9572-99c72d0b3371,L3,Tweet
4c9f2568-41e9-4f9a-89fd-aad7902a702a,L3,Tweet
25113c9a-3be9-4a0d-8972-c610ed4d3b46,L3,Tweet
e85dc851-e1b6-4990-88b4-fd863172c594,L3,Tweet
ac7556e8-36c0-45d3-b847-20c0dcae7923,L3,Tweet
4d0d4208-400d-4ed4-9e7c-fae3de7e329f,L3,Tweet
f4b22614-e6b9-4e2a-955b-9d74ebbea47b,L3,Tweet
9178de48-3442-4024-9cad-8415220f2048,L3,Tweet
b54b4952-a356-4223-916b-dd151e13d438,L3,Tweet
e2760ca6-2cb8-4a30-a367-f25ea88d369a,L3,Tweet
c9e4cc80-c4ad-4d0a-88ad-8fd1b176cce9,L3,Tweet
89c7a565-18ad-4e3f-9ad2-58da249c3bfa,L3,Tweet
2138d9b8-b3a5-4cb4-8441-ada0cd1a5baa,L3,Tweet
5a5feb5a-3e6b-430a-a241-37381d08b11c,L3,Tweet
1306d40d-c5f4-4cc5-b896-f91b04275b6a,L3,Tweet
4b81e2d1-9f96-4fb8-8650-e7dada5d14c6,L3,Tweet
457568f0-712f-49a5-962d-e7474d4fe22b,L3,Tweet
6cb0b806-7b3e-4539-a712-a7aefd491b27,L3,Tweet
43954b6c-76a6-491b-b116-59bf854393a9,L3,Tweet
7155203d-b8b9-495e-bc4d-6839711469ca,L3,Tweet
1d49ee4b-6b5b-4010-b3f4-076adc73d692,L3,Tweet
ee3ae9b9-a79e-4c84-a768-754b6fe32eee,L3,Tweet
80492ece-6f87-4aaf-b748-7870cf561bb0,L3,Tweet
68c001dc-1479-471f-b7bf-128b39f57cf4,L3,Tweet
6e23e894-39ca-4dc6-b52c-f25d6c0bd196,L3,Tweet
79f36001-a769-41b6-85f4-f5f1a2c62a32,L3,Tweet
94ad61d7-2074-4069-946a-e850e7da3189,L3,Tweet
0144e332-ef98-4f30-bcb7-619a67526401,L3,Tweet
06b12729-5a11-4f77-9c8e-ad570bdc6791,L3,Tweet
355971ef-2c14-41ec-b961-fa1ed8133d64,L3,Tweet
c91c7a48-73c3-4c31-b7bb-bae7dcbae650,L3,Tweet
c1e61cf4-5650-4a17-82ca-ad2d1d026a03,L3,Tweet
fbccd09f-7056-43de-a7f7-9bb16d4e26dd,L3,Tweet
ddf5792b-b04a-45cb-adaa-45b7190efa43,L3,Tweet
cdc8ab03-26e2-4a52-9ba3-5dbde51db13a,L3,Tweet
cdfbac9e-00e7-49e3-8c55-aa0c42da7c3a,L3,Tweet
05d6ca59-edcb-4e7e-9e05-543e4b8bd8bf,L3,Tweet
f8a171bd-8aaf-4dcb-81da-d02fa13dfbfe,L3,Tweet
96ce9a89-e442-40d4-85f3-b2478be6b4a2,L3,Tweet
17c7b9bc-04e7-49fe-944f-3a403e22427b,L3,Tweet
a1a91788-2494-41f1-b0fc-a1525d745f24,L3,Tweet
f9ea5def-2c98-410b-89fe-ffc2f513ffa9,L3,Tweet
907c5957-2c8b-41dd-a6ca-942bf057f41b,L3,Tweet
1f01a885-3611-4163-bb2e-aea51914f6d6,L3,Tweet
f18bbc4e-c129-4fd4-82bd-e018f80b27a4,L3,Tweet
784da601-bda6-4c69-863f-c6d9162b3e12,L3,Tweet
3ed58e5a-7090-473d-aa35-fa2e916a0f04,L3,Tweet
3997c69d-22ba-4825-b3e2-e7b242a81ff8,L3,Tweet
50dbcc27-72d4-4caa-be04-4a4d9f22b59d,L3,Tweet
a2316777-880e-4fca-953e-f0a6ec7413e9,L3,Tweet
b325e003-69ac-4132-8fba-f4586e2585c4,L3,Tweet
6a50651e-0bf7-4e41-80f8-61d92c1b14b7,L3,Tweet
67ea1b63-f35d-4931-b947-883e119ddeff,L3,Tweet
9b183ac4-a7e6-4ed3-8df4-0c67bd759143,L3,Tweet
9f31becc-dce5-4fc8-be65-f948d2573153,L3,Tweet
220239e7-0b70-481c-bda2-496a4b3b3c68,L3,Tweet
02e54d5f-83b0-4789-9545-f6f46b16f85b,L3,Tweet
471dbf60-7ca4-4024-867c-721730ddf24a,L3,Tweet
d84792bc-3464-47eb-adb8-1723c363c58c,L3,Tweet
0b670b7a-a2cd-45b5-b251-460b63d31e87,L3,Tweet
ce70481c-35eb-4c00-9e2e-a5c769f0e6ea,L3,Tweet
1baa3277-76db-427e-bcd6-a86c287bec33,L3,Tweet
39e712ec-12ab-455a-87a9-b5b1b81f9444,L3,Tweet
2f5c7866-531a-4378-81c5-3d95ba5b6853,L3,Tweet
6fd64d23-2ec1-4c9e-b219-1b5e243b7c0f,L3,Tweet
a36de00a-712d-4d5e-bbae-369f509834f2,L3,Tweet
8ca75846-861a-47c1-a18d-c324f7771771,L3,Tweet
28721c53-e944-421d-ab7c-4853598d5bea,L3,Tweet
95647dd3-e0c9-41d7-b0a6-bb5f0967c4ab,L3,Tweet
7a460142-56d9-45b4-988d-80c7aed303c3,L3,Tweet
c61557a6-f8e1-44f0-9118-cede34fc94ad,L3,Tweet
f3fad651-40f8-4fd0-9246-8f59aedb83ad,L3,Tweet
b7033781-8a60-4c91-a20c-ff6e07cb1410,L3,Tweet
f33f176d-da50-4044-8412-8c23c9ef8396,L3,Tweet
e0697852-900d-4f66-9d84-bc7463b7731e,L3,Tweet
cde8455c-97ed-44b1-bf4d-585c552d5437,L3,Tweet
f8e9cad1-ad43-443d-8afb-4f92544e74e5,L3,Tweet
a9ff49ec-4477-478f-9f05-43081b2a95a4,L3,Tweet
8b75ca7e-b1c2-4717-8879-3a64652801f3,L3,Tweet
5a6ba00a-b821-490d-a4e4-691854bc60ad,L3,Tweet
cff2234d-2656-435e-beab-fdd02d6489e0,L3,Tweet
17d405c9-d783-4fe2-9a03-f3392aa1d09c,L3,Tweet
01aab958-fe2c-4e4b-80c3-51c4b138f21a,L3,Tweet
677594c6-106a-4ceb-b3fc-e8b098a4b0b0,L3,Tweet
cdb86a4f-afa0-450e-8f25-6ff1aebb1b6e,L3,Tweet
3738c5be-51e3-45ce-ad23-6190cb5ec9a0,L3,Tweet
818f9ecd-b045-4af7-996d-14921b20cb3c,L3,Tweet
8c1ff382-59a6-452a-9176-e11a070c31ac,L3,Tweet
9aca4ec7-1527-41e5-bbf6-1ba8c91a4581,L3,Tweet
29a04e8e-a22e-4ab2-b560-4d8d010065dd,L3,Tweet
8d8a368f-f256-453f-bb8c-709e7e978463,L3,Tweet
2b4642fe-3f04-4ae9-9f31-0db985ad4997,L3,Tweet
2235354b-7b03-4329-b967-2196fd6e27da,L3,Tweet
a8191f71-e9e2-495e-a41c-367bd2d6ceca,L3,Tweet
5236f865-5ba8-434b-8a4d-416cd2c815b3,L3,Tweet
036aa27d-147b-4f0a-b499-254652d32b23,L3,Tweet
66d2d313-9584-43ee-a51f-bdd3c7259d66,L3,Tweet
045262d4-188c-4f7b-8606-4edad344a306,L3,Tweet
21f95a8e-05c9-41ee-8d7f-e8fd0d8ed357,L3,Tweet
e9235019-fd67-4c93-a49c-3b831f90eb66,L3,Tweet
29b02099-75cb-437b-99f1-336964638d48,L3,Tweet
290b4790-4b8d-4c6c-b6e7-761e847e7afd,L3,Tweet
6e36c783-883d-44e3-94fe-6f161650a9a9,L3,Tweet
0383b90d-fe2b-4333-a554-82a286fe4763,L3,Tweet
56563cd5-6d35-4d27-bd3e-2a6864e801b2,L3,Tweet
40a3e667-8577-407e-bac2-acd3bb0efd3f,L3,Tweet
ce61b83a-bba6-4d94-800d-f5953aa6db1b,L3,Tweet
9396ea15-5422-44d6-a8dd-6dcf615478ec,L3,Tweet
f824b333-f4bb-4e2f-af59-7836ed8210e0,L3,Tweet
bc568d7d-ed51-4da7-9ad3-3b9d4cb651cc,L3,Tweet
a8b3d69a-3906-4d68-bbda-bb9e0c8c6541,L3,Tweet
a32b0349-42f7-4bc7-b2f8-e88d76ee238a,L3,Tweet
375b8eef-e22d-4d55-9697-6fed5eb2959b,L3,Tweet
f7828bd2-9c81-40fd-aad5-8ede26824d3b,L3,Tweet
322482f6-9ee8-4d48-ab64-3af678b3bd8b,L3,Tweet
4675c79b-c4d3-4538-b667-eb4d855dd857,L3,Tweet
468126a8-edfe-44c1-9cf2-914585d9b256,L3,Tweet
85380380-469e-4c74-a95a-6f31663d4ce2,L3,Tweet
1a443557-9ef3-492a-a122-0767bb3fe20b,L3,Tweet
7291217d-aa21-4919-bb43-ace23ac71188,L3,Tweet
6da3105d-8f49-4e2c-b4f1-ed9401fbabde,L3,Tweet
f642d38a-30df-4651-ac79-8d7ab378f506,L3,Tweet
53d801a7-256e-4210-a9a3-bf7b5a0f355a,L3,Tweet
0d188ada-64e9-4823-9907-96462c204933,L3,Tweet
3d60640d-5d7d-4a5a-bc16-08bbf2b673f4,L3,Tweet
15f61f6b-8130-4e04-a978-009c4d5d6622,L3,Tweet
096a6d74-bbf3-4d2b-825e-fcdaf59c3494,L3,Tweet
85e816a7-88bf-4f07-847f-9feb1e0ec93e,L3,Tweet
31e55f20-dca3-4c3f-bb55-9ee6978c1775,L3,Tweet
e9bd7386-41b5-4f84-99b8-c0c707a3b544,L3,Tweet
49a0f685-50b9-4939-baf2-da599ec2f3de,L3,Tweet
bef66e35-878f-4482-a806-d5e56c1e89af,L3,Tweet
4902944f-c33b-4bd5-9801-6478e7f26713,L3,Tweet
e833df69-0675-4e0a-b20f-c28dc287025c,L3,Tweet
c3d9865b-e007-4e31-9062-6bcfb969a4eb,L3,Tweet
4e9942aa-8648-40e9-9c53-d9834dc654aa,L3,Tweet
42b0ddc2-2d85-4532-860c-9865dcf65e30,L3,Tweet
c2fe9d1f-de3c-4d0c-9647-a7b6922568ad,L3,Tweet
226340b0-52c2-4230-94b3-1af43acb5686,L3,Tweet
0adaf876-9bbe-43b1-bf74-b977ec94bb2f,L3,Tweet
3b359540-1700-431d-9b1f-07040e1bfd90,L3,Tweet
234664a7-e50f-45c8-8ef5-09dd873665a1,L3,Tweet
aca9328a-2694-40ed-9dd0-92cfa070f64c,L3,Tweet
084fcf14-f253-4ad3-a6e2-2cc216f4a8d7,L3,Tweet
f104be67-b93d-401f-a47f-d527046dfc39,L3,Tweet
1e5462db-674e-4a2e-ad5d-ec9cfe314b97,L3,Tweet
092ed17c-f8e2-4e79-b8dd-1062372ec70a,L3,Tweet
5df4fb38-6a27-4a03-aea3-9c067e318838,L3,Tweet
141160cd-5dc2-4191-b0a2-fb0fe1e827a7,L3,Tweet
ed3d8233-b2a4-4736-891c-e95d6c63792b,L3,Tweet
25dbe33d-2d05-41ce-bff6-46a5001532d0,L3,Tweet
f9258bf2-c0b2-4919-b195-05fd28568be9,L3,Tweet
4056e467-514d-48e5-a300-d3bd3963d979,L3,Tweet
4ef95fbf-9576-4c86-bb78-668162c052bf,L3,Tweet
fca769e1-6123-45c7-aba2-7d7760eb28ef,L3,Tweet
6e8249ad-1354-4f5f-a6ca-b732c30dddae,L3,Tweet
0d103343-24bf-416e-9867-858585f9f6a2,L3,Tweet
f5c4af02-90af-4d29-8c18-6ce89fbe29b0,L3,Tweet
fcaa27a0-93d1-4e0a-9ecb-bd0528d76dfb,L3,Tweet
2bfbc7cb-b2b6-4e47-a457-705febf5faa2,L3,Tweet
8ff5ff3d-d955-4986-8ea7-c975b5e38ac1,L3,Tweet
1b7c59c5-d805-4dd8-a4a4-d9110f7b87e6,L3,Tweet
781325bc-9a0e-4127-b5f9-6c491202891b,L3,Tweet
0ab277a5-8029-491c-a94f-a1c7469cfda3,L3,Tweet
ffb46981-1194-4349-984f-d0ff542f4891,L3,Tweet
cc6c68e5-430e-4726-8dfc-872fa2020964,L3,Tweet
77fe9998-e964-4665-8bdd-92a3dbe207f0,L3,Tweet
04a34e3f-5465-4464-85b4-0d42f63bc105,L3,Tweet
51198522-5567-436b-afb3-a9c7d528e47d,L3,Tweet
e90a81f8-bc27-475a-8b2e-4203e14aba8d,L3,Tweet
ebdeaae0-4c75-4f70-9e65-edd328f80774,L3,Tweet
08b529bb-b483-4ca2-b687-e6fd2444f9ee,L3,Tweet
3249317c-eded-43f9-94ea-cf17f4a2abc8,L3,Tweet
396f2e9e-3876-4dae-96dc-e78cbdca74ff,L3,Tweet
b092f757-6017-439e-9031-96af482e83a5,L3,Tweet
ada33c05-cb55-4535-a140-d656766a124a,L3,Tweet
7a34416d-1bb7-48cc-80b7-5eab3c0efe5d,L3,Tweet
5577f23b-4f74-41d8-b67c-df22a3507abe,L3,Tweet
0c863b73-8cd5-45b8-9e5d-caa30584a4ee,L3,Tweet
111ffd79-4a0d-4f56-b13c-fcfcdd08aa3c,L3,Tweet
9ad19417-b530-4b3c-a743-8a0ab8c4394a,L3,Tweet
2350da4b-f364-4847-b9e2-ecf55e3bd1d1,L3,Tweet
912e5af0-fa03-4280-b9c5-35cd804ad3ea,L3,Tweet
750ca106-4789-49a2-ae98-cfdec23ba962,L3,Tweet
e186f2f8-85ce-4cfd-9013-d23f0d492c21,L3,Tweet
4395d6f2-fcbb-4293-baec-b7b5a21e6e6b,L3,Tweet
6ee039d4-9ac6-45be-af55-4c2176f7351d,L3,Tweet
fe3a02c9-9f3d-4877-99eb-330cabc8eb30,L3,Tweet
d192293a-ad4e-4fe2-90b2-2c2582001e36,L3,Tweet
8b61f699-0e26-4c1c-adb5-5b94c6d16feb,L3,Tweet
b6691a6a-d4e2-4ec6-941f-553da72f6963,L3,Tweet
4a2b98a2-9a01-487c-a5b5-90f3abd99f7c,L3,Tweet
5a6ba0b3-dbba-4393-ae05-7e79920fecda,L3,Tweet
83f2dddd-ea1f-451b-9574-556d51cfb340,L3,Tweet
1edb199e-e076-4597-a3e5-c583beebf649,L3,Tweet
d2d3ec5c-d761-4f41-9f4b-a63e33c73ad1,L3,Tweet
e195003e-08dd-4127-9a42-e714f6f1c4a4,L3,Tweet
6c6e92a3-5e26-498a-9c4a-dce2f85ba961,L3,Tweet
6cc48c21-3b50-4e08-b09b-12b673f8f1b9,L3,Tweet
610cf4a2-7449-4622-acff-20d6765bd5eb,L3,Tweet
be777a16-1c26-41be-84a7-feb381b8bca8,L3,Tweet
c63d4f0a-40ab-4e76-a293-8140dfa56ab2,L3,Tweet
018418ad-9cd6-476e-a4e2-4c069c11fed7,L3,Tweet
fcfec8fb-a69f-4372-9d91-0941a28870d0,L3,Tweet
e80332dd-7c03-4113-b7a1-9f24acd6140e,L3,Tweet
344156aa-2062-4932-b1e0-1b151790b3bf,L3,Tweet
be1c7eb3-c8d1-41c0-8164-e1a720be4906,L3,Tweet
7223923b-5a9c-4a02-9dfd-4d717cbe165f,L3,Tweet
08d4907d-3d9a-4521-94a2-8e0f89983845,L3,Tweet
5f2fdb27-297d-4c9d-a6e8-fa8caf4bfce8,L3,Tweet
af46a0d6-b202-4ae9-9028-e96410e570dc,L3,Tweet
f0c1d1f8-1d85-4d08-8b13-8afeb201bf57,L3,Tweet
b4cffd0c-eb76-44d2-a4ae-41a33f13c876,L3,Tweet
9678b642-20c1-4c37-b622-35704e4804a1,L3,Tweet
d92c83c8-555a-4237-bcb9-aaafaa9cc6a2,L3,Tweet
b95d466d-e083-4052-927a-c43034d5b467,L3,Tweet
4999edd3-3f87-4d03-86af-2c7ceeb9b3a3,L3,Tweet
c8b59f49-33e8-4c63-b526-2725d3f7c5e2,L3,Tweet
32b5c00a-04c4-4f15-a355-25ac4d1fdc71,L3,Tweet
3dfb0488-070b-4395-ad79-2740e7286ba7,L3,Tweet
f97f9e36-509b-4ff4-81d8-fc87acb21d94,L3,Tweet
25b6d45d-d4c1-4108-adc5-17daf8b8e614,L3,Tweet
214881f5-5604-4dec-bf96-2693799da6ab,L3,Tweet
2765e852-1525-417e-9a87-a65ff03b79b0,L3,Tweet
8ccbc983-e855-4671-8408-07fe87de305d,L3,Tweet
0b66f882-b11b-4369-ae13-14bf2f40ee84,L3,Tweet
9d5a25e1-7fe7-4cfd-9572-d93ff3a43156,L3,Tweet
016d15ca-9f2a-45bc-abf5-389b974e98b8,L3,Tweet
194b8cb1-574c-40b7-84ae-93160a24cb9a,L3,Tweet
991e3d7b-2f8e-4bae-a418-17a9d458618e,L3,Tweet
72ad7c2d-ac3c-45c5-b987-9823edf93e2d,L3,Tweet
6d11413d-1507-4fb9-85ee-c23f9bf60be2,L3,Tweet
b5df87ac-5faf-43f0-ab55-1250366590a3,L3,Tweet
34f47e13-5f63-4fbb-b72f-f35cf4e66437,L3,Tweet
0ff6bf78-6d06-4640-bea3-0d3fdb5a72f8,L3,Tweet
0e1c013b-e10b-4af9-935a-515c0fe76f42,L3,Tweet
b87028e8-d78c-4e1a-bd13-3b446310a503,L3,Tweet
06c928e0-fda9-43ee-bf88-ca995809204e,L3,Tweet
db5808b6-259c-4b03-9c54-7b12b47f6f8e,L3,Tweet
dfe27b81-b5d7-4a81-aa99-be605a1ead0a,L3,Tweet
9279a0da-8598-4544-aaf0-3b737c9006cf,L3,Tweet
323c0df7-287d-44a8-ad95-5115a982f0ce,L3,Tweet
7e0673d4-983e-447e-9f43-aecfa2dba2d3,L3,Tweet
2074c624-392d-400a-9800-37ed3db40e25,L3,Tweet
4ef8bf65-989e-453e-a7d6-c9752bab38ff,L3,Tweet
ba20492c-3585-4a26-be53-e41a74b29075,L3,Tweet
62c65123-3185-4e42-9872-eac65a012a21,L3,Tweet
6b18353f-e50f-4c66-aa48-5aaaae5119e3,L3,Tweet
97deb7e7-3405-4ec6-b58f-05dafe6dd7a6,L3,Tweet
e9c11ef5-2dcb-4944-9ad2-d4420bfa0250,L3,Tweet
1140b718-ad1d-4a2b-aa86-31f9e4918653,L3,Tweet
19018c8a-2129-42a1-80c8-532a332d270f,L3,Tweet
14d68a85-2897-4dbc-9447-3d46f93dbcbe,L3,Tweet
6bb40d8e-1d26-40ec-947b-4c5e72fee260,L3,Tweet
40f1d73b-7fe6-45f8-b49e-ea3106083c9f,L3,Tweet
6c59fb89-361e-45f5-a2f7-7663120e4d8f,L3,Tweet
18d7b4df-8dda-4231-81d3-fb84de5cc3ec,L3,Tweet
e4fcf2db-7567-42df-8b49-67a9e06b1c20,L3,Tweet
7463c6d4-8914-413d-89bb-fcb307b5adfd,L3,Tweet
06348f31-8c40-4eb8-b612-b10453dd18a8,L3,Tweet
a4d71041-52fc-4faa-be51-92f6b239f6e2,L3,Tweet
1583d7ae-6a93-4ed8-9269-3b7dbe0a3148,L3,Tweet
d12ff8e1-6769-4c8e-9336-ef083c1ae463,L3,Tweet
141e882c-e5b3-4d9a-b5dc-c4ffd7846909,L3,Tweet
0e1a69d3-21e7-4104-b072-5ed265406ffe,L3,Tweet
ca613875-62e8-406e-910b-e6b609ad278a,L3,Tweet
8cc40718-f4cb-44d6-ad83-db9afbbda15f,L3,Tweet
073adb88-9370-43d4-9604-92a19bf623bd,L3,Tweet
18eb6326-3da4-40da-bf6e-7c4617f5f052,L3,Tweet
660239be-c984-49ad-8590-c14ee6f1a4db,L3,Tweet
7a5b3186-543d-4abc-956d-a98079007b59,L3,Tweet
9790ca28-1968-4190-a183-5690547dca39,L3,Tweet
7bc6216c-776c-4176-9955-0e17d8b973a5,L3,Tweet
67c03368-edbc-488c-ba5b-8c9875da012c,L3,Tweet
4bef5606-92aa-47cc-be3c-d88ec3c83870,L3,Tweet
c3ecf4ad-5ff3-43b3-be4e-da1ad7644491,L3,Tweet
64ed70db-2b57-4bf0-bf6e-612c48daa419,L3,Tweet
554d71e6-72c5-4656-a16c-082d40b32903,L3,Tweet
ca28a82e-bc76-46d0-abca-33273506d07d,L3,Tweet
77cfd83d-db59-4893-8342-646af3490b2d,L3,Tweet
25fdb519-6be1-46b6-a7d8-66b49d2351cd,L3,Tweet
02aa4a48-4f20-4682-9300-182bf6b1a333,L3,Tweet
e44071bb-58fd-4233-9953-45abb41db465,L3,Tweet
fad19757-6860-4f1d-b98b-3771cc91e944,L3,Tweet
16d5d530-801d-4c03-a459-a3126f9b0af4,L3,Tweet
bbb7c898-4c69-4ef3-bce6-76c457c2e14f,L3,Tweet
c3bd017f-713c-4003-9df7-8dd325e65bb9,L3,Tweet
66186aa3-d716-4019-a332-b45e3a15d46d,L3,Tweet
ccbf4d12-07ab-48a3-a916-4770d026c706,L3,Tweet
4464337f-6142-4a49-9365-53644cfcf628,L3,Tweet
5dee96fb-4110-41f3-9505-8b7a746ed58d,L3,Tweet
927a1f7e-bb60-4a93-9cc1-18a1f7e61504,L3,Tweet
a3ebaa1e-781f-42ec-9ef2-f4796b60a709,L3,Tweet
37a9bea3-fb22-49b7-a9ab-ddfb334c5af1,L3,Tweet
ef8050e1-c62c-452d-9eab-dbb0531afc9a,L3,Tweet
98b71218-583a-40c5-9924-aa745eea53c2,L3,Tweet
17545afe-30ac-41fb-8bd3-cdd704b14a27,L3,Tweet
b527fa26-5751-4899-b1d0-125b516a48b2,L3,Tweet
b6c9afba-66c6-4803-ae5f-4498309a75ef,L3,Tweet
e57eb048-8745-4291-96aa-416bd297b681,L3,Tweet
ebc3b85c-a986-448b-89d8-5ed91dd61dba,L3,Tweet
8ee28dc6-bddd-4390-9376-e4b52802d06a,L3,Tweet
83f9a2f0-26f0-4ae4-ac55-4afde107779a,L3,Tweet
5eb19f97-a36c-40d0-8ef0-8681354374b1,L3,Tweet
d2cc5ef7-f8cc-441d-bb32-3c7290345fc2,L3,Tweet
0ec1b164-c2fc-4a7d-adc3-3489d89dfd3b,L3,Tweet
6e5cfad0-2c99-495d-bfa3-854474d9a543,L3,Tweet
58fddc43-1073-4163-bd6a-fe7118db56dd,L3,Tweet
90c1e388-20d3-4c57-82a3-c9e49040ec14,L3,Tweet
6a9fca77-4fd9-4669-8540-cc9334c52754,L3,Tweet
095e5560-6e64-4a3b-99dc-dd0948eb181a,L3,Tweet
fc6ef5ab-45c2-460b-a41f-da82c714f406,L3,Tweet
81ca8668-d056-4570-9a44-ae58b9a1c95b,L3,Tweet
2b0bf4a8-112f-4cc5-9698-4ec5b424f254,L3,Tweet
048a5972-4d7f-4c5d-9012-e89f463f6e81,L3,Tweet
ed71884f-5611-4b83-987c-c84806579493,L3,Tweet
25d8240e-6a1d-47c6-ba5b-5a0dd9f7988c,L3,Tweet
fc00fd2e-f145-48af-9f02-f88be58fc561,L3,Tweet
ea731463-c824-4ddf-ace8-afb4f67d23b0,L3,Tweet
1cadd4e8-e6ec-4a04-8de6-08a5b68767c8,L3,Tweet
68b092ed-788f-473d-9e30-161e03a11119,L3,Tweet
707e13fb-90b9-4dfe-a84b-d0ff3bb23384,L3,Tweet
bd6fec2f-c032-42c5-bbae-9f54957cce6e,L3,Tweet
83a36fbd-b609-495d-8491-6c5c5dbcbb6b,L3,Tweet
6d98d2ad-24e7-45f6-8aa2-b11f4cfe21fd,L3,Tweet
f63756d3-06b2-4c6c-8e0c-3a798eda251d,L3,Tweet
fc508bfc-c752-4182-b441-d175193e4a82,L3,Tweet
23431238-7201-429e-bc44-cca506d9402f,L3,Tweet
64030ffb-527b-44f1-a2da-c8da0b47b86f,L3,Tweet
e2a574a9-8565-44f2-95e0-74d0f560ecbc,L3,Tweet
7b168713-23eb-41a0-b400-d1b95a6f0e1d,L3,Tweet
a705c270-7e93-4e8c-b98f-12339cbe0aa6,L3,Tweet
19a55af6-0e2b-40a4-bcd7-996285903b03,L3,Tweet
d98ccaf4-5f5f-4e25-b6ec-b107bae61389,L3,Tweet
25758674-1b59-4491-9a83-66e7def979a6,L3,Tweet
956372eb-8654-44b7-8b49-3a43834cb668,L3,Tweet
a285e2ec-1154-456a-87bf-a89ef647aea8,L3,Tweet
a5002d2f-87bd-447d-922d-61bd34247ae6,L3,Tweet
2a0516cd-c8cc-4c06-a918-c91569df99c6,L3,Tweet
975ab326-651b-4455-9366-a88180159a41,L3,Tweet
03e1face-fb61-40bf-9360-269edff05f94,L3,Tweet
40d13836-113f-41b8-9e17-068f20f55f6b,L3,Tweet
9fda0bf9-767b-4d7a-9f48-17b439c7aeea,L3,Tweet
887ae8be-e467-42f9-a2aa-7c39dcd54372,L3,Tweet
893ef042-4745-4faa-833e-6859282690e5,L3,Tweet
3aa77cee-3a56-4070-b3cb-e96e9d1b173b,L3,Tweet
07a1c949-9b52-4e31-b948-185cfe439e3c,L3,Tweet
312d525b-53cf-4626-b08d-eb19c78b51a7,L3,Tweet
fc2deefc-9fda-4a10-9634-cbb891f1b145,L3,Tweet
b0ea7ca0-d4c1-4cd8-9ced-fb941c6f90ad,L3,Tweet
cd648380-e6a2-4b47-94f2-72d8355e4990,L3,Tweet
f0879bfc-e64e-4e2a-b2b1-0533473e97f9,L3,Tweet
3193d3da-faa5-45fe-9942-1d5c8a4fc85a,L3,Tweet
2eb8425c-9ae2-4955-bfae-9e83515a7f83,L3,Tweet
23f1501d-0ead-4d33-be86-480c6216c7b3,L3,Tweet
00172db8-3257-49af-b38e-37af870e3835,L3,Tweet
8bd85c09-db1b-46f6-85fe-05184cfc9a23,L3,Tweet
86c58fd7-a556-49d9-b26d-322010f201ea,L3,Tweet
4fae862c-7b64-49cb-9d53-8affe5adeba2,L3,Tweet
a446934d-be53-448d-ac2a-8181565e3de8,L3,Tweet
aa18e13b-9f2d-4a8f-8304-983e77d6a1be,L3,Tweet
13f8f19e-2ad2-4374-bf64-0556f22df4cf,L3,Tweet
4bd2e4d3-825d-4bb1-b231-80fb93458636,L3,Tweet
be31b0c2-4019-4ef1-aa8f-2b6349425af4,L3,Tweet
0d01bfb1-51ab-4a7c-9d5f-29574ce545f9,L3,Tweet
f6bb20de-5532-4ca9-93fe-9270a4885ffa,L3,Tweet
31f30ea9-1a92-4bea-9326-7e911814fe1d,L3,Tweet
2c2f3de8-ada0-4b9a-955d-4d34ee3bcea2,L3,Tweet
5abbf999-9626-42ba-b4a6-36700f0cb313,L3,Tweet
2cfebd37-2395-4bd3-816e-aece0fd5f460,L3,Tweet
ea13f828-8dbe-42b6-88d7-c75d85c48de6,L3,Tweet
6a7ddef1-6a0e-45f3-8b38-9b80b5a95ff5,L3,Tweet
00ac0c90-78e4-4c15-b093-487716708d28,L3,Tweet
26cbd1f8-91dc-4f35-abc6-75c0048599de,L3,Tweet
3c76c927-1354-400a-8b03-5b8c99de0996,L3,Tweet
ea80703c-ea52-4e98-8c5d-da1ad1d52a2b,L3,Tweet
753592f8-93ae-4902-a73c-38c6e09e1e9e,L3,Tweet
99a76af5-89d4-4c92-b6bf-02307c484c13,L3,Tweet
d5b3e920-2ffb-4c5e-9461-ecfd21491bd2,L3,Tweet
190ea93d-12d8-467a-9693-42fd0901bd11,L3,Tweet
38bde06e-9e97-4789-9cc8-c82ae23f2567,L3,Tweet
87862d95-ff23-4920-841f-06d6bb6cff46,L3,Tweet
683d48d9-63e3-46a8-a671-a86ada8adc26,L3,Tweet
d0a107dd-9546-458f-87ea-d06ea6f1c404,L3,Tweet
cbf2761b-85be-4e76-b7b3-235076cf2059,L3,Tweet
6d59c644-c4d4-4dcb-bcc0-2af74f71dd55,L3,Tweet
aae47c3e-f9fd-497f-9fad-fff8e4193510,L3,Tweet
562591f9-968c-4149-a1f4-2907e4248953,L3,Tweet
97c9b17c-5b92-4ec2-a5d3-78d4d9fde53f,L3,Tweet
a67d62c1-727f-44e8-9a5a-18584b287859,L3,Tweet
9e814bd1-4dcf-432d-aad3-480af233d192,L3,Tweet
c4dd9e5b-06b5-45fd-b623-6a6faef0e417,L3,Tweet
fe2a9817-4319-41b7-9744-f4072eee3f9e,L3,Tweet
31caefe1-a6ca-4720-a12c-ca93431e1355,L3,Tweet
c0e15c29-a738-4d22-8fe1-51b1808aa3bf,L3,Tweet
c5cbba28-54ee-4981-b532-11de216b5306,L3,Tweet
2e105295-e989-4ffb-a2a5-88a4d9224eb6,L3,Tweet
ddf973b9-7ec1-4e9c-8fcc-bb9563573728,L3,Tweet
af64f373-3dd5-4928-b1fd-822b862730ba,L3,Tweet
9cf13b62-67bb-44d0-a522-710e1af15928,L3,Tweet
19ff17c7-635b-4d59-a7c0-f4e61a4d451d,L3,Tweet
4f614e03-8bb7-4e19-887d-3157024530fe,L3,Tweet
787163ea-ee0e-45ff-8b32-cf261b0df7d2,L3,Tweet
b1ab7e1f-560f-4993-b7f5-6bd6ffb990de,L3,Tweet
7060ec14-75fc-4f34-a872-397d6e1e3ce7,L3,Tweet
7eafa18b-471c-4fa8-a3da-7f4781e94af3,L3,Tweet
8443691c-4601-4ea0-abc4-00ed16d66558,L3,Tweet
8628ddee-3e7d-4f8b-8a78-553b1b14db2e,L3,Tweet
a5539158-6e87-42c5-8e6a-6d9cfe8087b2,L3,Tweet
625d015b-5880-4289-a25d-b0d4fc4f567e,L3,Tweet
298711da-8264-4344-9243-97d0fc867efe,L3,Tweet
796f2b1b-9c69-4f38-a3b7-e299b92e16da,L3,Tweet
70249240-8f4c-4770-ab86-22e7679cb80a,L3,Tweet
a29674de-8f3a-4e00-9975-25002ea49087,L3,Tweet
d2d71e0d-ae73-4382-a5fa-06dd47a47e43,L3,Tweet
23bcccb8-449b-4566-9535-9d3a746f73ce,L3,Tweet
2a74b5a3-be76-4d76-b0a0-c020e2bdfd5a,L3,Tweet
a39b1d2d-c62a-4439-8696-178319774617,L3,Tweet
f45d9770-d5ee-4fc6-9a32-f0b520877ad0,L3,Tweet
5d3bdbe4-d37e-40af-85e4-99571ef102d3,L3,Tweet
ae7b9358-61aa-4f4d-aebc-9b470cee8158,L3,Tweet
dba6ec9d-8d13-47b6-8098-7344c0ee71dc,L3,Tweet
4d4bd9bc-f2ef-4571-9100-1cb8808ae21a,L3,Tweet
5b216a84-ecbd-47e3-ae85-22ef38f54d3d,L3,Tweet
8064c3ff-3a53-445d-978e-65aebf939e25,L3,Tweet
b5ba2701-0fdc-45bf-a62c-2201f6af89ca,L3,Tweet
064ac75b-9a41-415f-aa9a-a3f2df2c1a55,L3,Tweet
41646ebd-0b75-4f83-95a8-62a83adcdd58,L3,Tweet
b86b7255-f3c2-46e8-b795-732cc66d4092,L3,Tweet
504155d9-0c74-452f-bc6f-d7066971f7b3,L3,Tweet
06d3ea76-bc75-4f97-a5c5-b12eed45bd88,L3,Tweet
a9a982d8-e939-44b3-9c7d-718e29be0905,L3,Tweet
81e4932f-0972-4cd0-87f2-951c5333e92d,L3,Tweet
18457a22-77c6-4666-962a-db1297a3c55a,L3,Tweet
c1114f09-d6b5-4f41-b363-c65ce011bcbf,L3,Tweet
367d188b-a9fd-42e9-99d7-5757715c4724,L3,Tweet
75aa82bd-e8f4-450f-83ea-8dc82bbdbabb,L3,Tweet
73b3b31e-52e5-416e-927b-76ca271fcfcb,L3,Tweet
5e56f8d2-a7c9-4103-9c87-3b799110e4d2,L3,Tweet
85ea7038-6d7d-4278-bc60-f1fc059884b9,L3,Tweet
cd409bb9-7704-40f8-b5e2-4d1db8dfb19a,L3,Tweet
8d9bd193-5152-499e-8d57-2c7e237c4286,L3,Tweet
cc0b7871-d79d-40f8-a20c-fb534e582e77,L3,Tweet
2c21b161-7a2e-4d8c-8b0f-97f7fe427ceb,L3,Tweet
45f4596f-5b6a-4127-9987-edbc97c4426e,L3,Tweet
ef00580a-69a2-44f0-8b21-83fcdb561ea9,L3,Tweet
f345dba1-17d1-491b-8c31-3dbda11ca226,L3,Tweet
8a01313f-7611-4c89-afa3-fd1ee3ee15ee,L3,Tweet
47f615f4-c781-4870-bc66-4b171c17a17d,L3,Tweet
d1673a4b-236f-496d-b181-0e3b75dff02f,L3,Tweet
f4768cb8-e43d-4a76-8753-46f72e0d4ba0,L3,Tweet
b3a39c8d-e405-45ae-bfd0-820225d95d73,L3,Tweet
6c53a53c-e31e-4a3f-947e-5d5800098106,L3,Tweet
6f6cea90-8555-4aa7-bf8c-65edbd7d77d2,L3,Tweet
456f6f4f-6f05-4245-a73e-d08c3ec0f1e2,L3,Tweet
91cd3cca-9f38-48fc-a8ca-9ad60d1cf291,L3,Tweet
a2e8dc33-8138-4295-8964-c07f6de0fa8b,L3,Tweet
ab72bbf9-59c9-438e-a005-855c55a2446e,L3,Tweet
2093be1e-f687-440c-8ed0-a27cad7babee,L3,Tweet
0205001d-18be-49a4-95d6-b448916b366d,L3,Tweet
407a336c-2629-42fe-8ca7-73c2ca923805,L3,Tweet
f7e2cdb6-882b-4c08-837e-49907d1d48d7,L3,Tweet
fd625884-2073-4388-a2e4-165cd24c0f76,L3,Tweet
95aeead6-af62-46a1-ab21-e3a78f7afa52,L3,Tweet
91a9d8ab-181b-4ca1-b793-9e6aeab9baa0,L3,Tweet
dc989f31-a9dc-4b6e-8dd3-521f6d53c323,L3,Tweet
9bf14156-f460-46a9-90e1-0ef152bb57af,L3,Tweet
eca25615-701d-4c66-82c6-bacdd9121d23,L3,Tweet
437e5fcf-1699-48fa-be36-b6eea9117124,L3,Tweet
1f15c85c-6061-4b82-a170-bea8501e7881,L3,Tweet
731e460d-2e74-423e-9325-1adab5091625,L3,Tweet
b455568d-50d0-4bb2-aa1e-eff24e770248,L3,Tweet
7c6071af-45f8-4b71-adc5-f08a165c9803,L3,Tweet
1e422212-4ce0-4865-864b-296654d3ba08,L3,Tweet
1b226829-2844-4e23-9efb-78862b9c2f0b,L3,Tweet
5bb12f06-d8b5-444b-a112-049275354194,L3,Tweet
bfb56320-b4d2-41cc-8f0f-c12cdec1ed08,L3,Tweet
11c08ccc-3107-4e18-8445-871c40e94d96,L3,Tweet
bd26420c-37ea-4a0b-b43d-400ce662dd77,L3,Tweet
841bcbb3-0514-4735-ac0f-475ce297d850,L3,Tweet
338deef0-017a-4b79-94b0-10b47ae3ded9,L3,Tweet
56380652-5f34-4c66-8b95-1ea90563f185,L3,Tweet
b64be9d0-8379-4a10-b9c9-6870e3417a5c,L3,Tweet
c5350969-03fb-46fb-bb25-3a7b6afe4cec,L3,Tweet
9705ee03-0eb4-46e1-bc17-8da0346ca29c,L3,Tweet
94c2dfd4-dbca-457a-afd3-f866d8699783,L3,Tweet
34b7d68a-7630-42ba-afcf-f523f9d146de,L3,Tweet
7cb106f7-0c74-4679-913e-ba3f9c8c80a4,L3,Tweet
73c27a61-7cf2-449d-aec9-b36e8333e3bd,L3,Tweet
a14b2c94-32f1-44f6-82d1-34654bc4a097,L3,Tweet
a69935f5-17ea-42af-89da-09015c97005c,L3,Tweet
04a5c534-5aa1-4f26-9147-40a3409598ce,L3,Tweet
94390873-8b3a-4bb5-8126-d11b7868da8e,L3,Tweet
6ce751a3-493b-4866-b999-fa4d559bd336,L3,Tweet
9acd12e5-23dc-43dc-a8d0-39d75ce3e090,L3,Tweet
dfb90a6a-c6d2-4f77-8d13-6fd7202b3d37,L3,Tweet
a0895f7e-6d11-423a-b671-ddab23b8014c,L3,Tweet
df45b1e2-3d94-4022-99b0-992671c83ca8,L3,Tweet
72d31dde-4aa9-4450-bf30-0e926f334f47,L3,Tweet
267fba9d-70e3-496c-8c1c-ed7b2dd88cbf,L3,Tweet
a2329625-2598-4d1f-a0fc-da3e78d50412,L3,Tweet
c0aeb744-2645-4160-9592-3eed0a81d01b,L3,Tweet
24b8abb8-8a44-4ab1-ae14-8827cb91c83c,L3,Tweet
ada8d8ac-d85f-491a-8b62-1489f7b295d7,L3,Tweet
d22d9f28-2ce4-4e5f-bcd2-d7b1e0a9fd98,L3,Tweet
fc17c338-1242-42e8-92e6-20e56463ca3d,L3,Tweet
2c062819-8e50-44d3-aa8c-3c01ad707e5e,L3,Tweet
994ccbc7-e26f-4bf8-87cd-68b6586821ae,L3,Tweet
d2f9bf58-fec3-4144-b531-d345b02cf2b6,L3,Tweet
fdb48985-35ca-481a-b1e5-94eb7d1a1773,L3,Tweet
5829273c-2f5b-4987-832a-93a8d9787b48,L3,Tweet
0c8453e9-7d00-4011-9452-07773eba1aaa,L3,Tweet
bbf6acbe-61d5-472b-bebd-8ac725a9ab02,L3,Tweet
63cb5210-d57d-40fe-a7ea-f3023993671c,L3,Tweet
0aa0de3c-688c-46f5-9fc2-e4883a5f75d7,L3,Tweet
4833798f-3f9c-4392-b712-b4060add65fa,L3,Tweet
2c296b02-89b2-4eea-8991-a5be4bdd711f,L3,Tweet
181ef9c5-2206-4240-9694-a495d49a285d,L3,Tweet
f2a75a65-4ea0-4393-b973-b0a29da1ec45,L3,Tweet
235360d5-8293-4b39-807c-ff20c9e37c87,L3,Tweet
5bb8c243-0bf7-4f09-8c63-0df3213a3e4f,L3,Tweet
c7bc68f7-407a-4795-a0ae-93699a77ba20,L3,Tweet
5c94ac02-4dd9-4073-8bf5-dd66dac126d8,L3,Tweet
70630772-c115-4b1a-9b75-49b88e2c0ebc,L3,Tweet
dfeaa48f-570e-40fa-b672-bc7c135318f0,L3,Tweet
a1abf2f1-1fc8-4bbd-8714-24c1117949eb,L3,Tweet
16219f57-0cca-46d2-87ad-bc956b949068,L3,Tweet
7ec5bfe3-f4c9-41d8-adce-d481c6b8a733,L3,Tweet
a97c21f4-ba66-492f-b1da-3ee6b4f0e177,L3,Tweet
43401861-48b3-4eca-a432-3760ad519c11,L3,Tweet
8dbe4816-e875-4cb8-a68f-cb00255ca19e,L3,Tweet
5f18dc9b-7173-4015-bdb9-dd0a0d5a2480,L3,Tweet
99014ed5-3914-4915-acdb-7e99ffa4b012,L3,Tweet
f6465dd3-3ef8-499b-92fb-0d6cbfab4bfa,L3,Tweet
602bc8f8-6dab-48f3-b850-f28d53b3bb26,L3,Tweet
d910ce95-2488-4584-b36f-40cec159358f,L3,Tweet
92d67738-aef5-4bc7-9bad-cfeb589972f9,L3,Tweet
bf93546e-450a-40f4-801c-9b7ec403e304,L3,Tweet
70b6a9be-4ffb-4072-8db5-bf5160645f30,L3,Tweet
4c8f3f9c-3527-4d9a-9b38-3e9f21c7bd76,L3,Tweet
173e61a6-d247-4138-8724-8f81ee56c708,L3,Tweet
f745474c-fb56-426e-aa37-4887b5ed335f,L3,Tweet
76a505a5-9d3f-4bb3-ae22-c1ff9b85322a,L3,Tweet
81b11fdf-0b60-41ec-a398-6c3c8311c816,L3,Tweet
f752ec79-31da-42b9-b97a-7fd68fd1e8e9,L3,Tweet
f715df17-3faa-426d-b244-ef042c1bc35a,L3,Tweet
b36b560e-09af-42b1-b0a2-d175e0dfda40,L3,Tweet
a88c21dd-f700-4627-bc9e-c7ddfb33067a,L3,Tweet
2e209652-bf4c-43a1-8a69-a5def388b580,L3,Tweet
230f7e8d-9375-4924-a34e-8e5746bff74c,L3,Tweet
3aafab43-5f05-4dc3-a3e2-38b4dc6dc5a8,L3,Tweet
fec9b300-ff7e-430b-9864-e659c9ce3fb8,L3,Tweet
fdc99efc-b115-40c4-8b19-d62fffed4e18,L3,Tweet
5f72ffa4-1457-4ebb-840f-4b70335303f4,L3,Tweet
cdf2ff53-45aa-4bab-a7ed-084e658c58b3,L3,Tweet
71b58ba6-a062-44e3-8272-3cd527a01bd0,L3,Tweet
402c6677-20e6-4037-91cc-fb05896bed41,L3,Tweet
937b5aff-65c6-47db-b064-2d938013df70,L3,Tweet
2ea2cbbf-675b-4d42-a4e9-994fc06f3738,L3,Tweet
90e1956d-ca30-4613-8bd6-fc1bfe954f27,L3,Tweet
d2351286-cbb5-4f10-9d4e-a4a7a64daf29,L3,Tweet
7c230d29-de7e-4154-b3ed-b2d023750d6d,L3,Tweet
bdff9d5f-3d82-434e-b2fa-ea229a9a3f3d,L3,Tweet
6787c2d2-82d9-437a-ac0b-fc9edb6713f9,L3,Tweet
fb354637-b117-445d-9655-fb8ea8d1ffed,L3,Tweet
466f6e8d-060c-4729-896a-ad4a65b46e7e,L3,Tweet
bd141ffa-4459-4029-a2d7-fa4d8f034b47,L3,Tweet
8e5920d1-c21d-4eea-8967-7a032f427e59,L3,Tweet
a94dc761-6f8c-4eb0-9ab2-9b38ad099bd6,L3,Tweet
f8eef426-0136-41d7-8e8b-8afd2f437856,L3,Tweet
57bad562-22f0-4b20-8b50-feb9fbabcddd,L3,Tweet
bbf1c9a5-b465-4dd0-ab0e-5ebe6ea0d09b,L3,Tweet
5e0ee26a-1744-48fc-be88-faa21b2e2632,L3,Tweet
395f72f5-e372-4bf2-b025-3d45cefa99b9,L3,Tweet
9e9130f0-9eb3-40e8-9f63-4ec99754a412,L3,Tweet
310cd06b-5aea-4954-a8ec-c25115c753a9,L3,Tweet
72440634-2245-4750-8c1e-54f61e67e794,L3,Tweet
4b7da62d-325f-44aa-bca4-4d05d9cc93d7,L3,Tweet
41e23b02-5d7c-4d6f-80c9-5f85135c37f6,L3,Tweet
33052817-5f87-447a-9e3f-f09da26b0135,L3,Tweet
139a4a1f-ff9d-4e72-b7fb-d8c347ad21e7,L3,Tweet
e2860cf0-c469-411a-ab88-145cc8eb928d,L3,Tweet
1e6ffb42-7b94-44c8-b84a-ecd7b05761e2,L3,Tweet
278a967b-2184-4fc5-b7c6-c2ecb2069c41,L3,Tweet
2c9d453b-e1c9-4d6f-8e0b-562a566f95b6,L3,Tweet
f5bd507b-c05c-4c78-9b8f-adc90c099ad1,L3,Tweet
4f2b9766-2549-4011-b020-466c0b71c841,L3,Tweet
6bdb29c2-8b9f-48a9-b143-64046fe10d36,L3,Tweet
eed4c181-58df-4633-9881-94d385aab24d,L3,Tweet
e7b59a30-2245-49b1-a368-83774f1eb431,L3,Tweet
711988cc-684a-4d7c-a99c-cca33cd99511,L3,Tweet
b60ba915-fea9-47b8-a39a-cea1cc994a7c,L3,Tweet
8b19cf23-15f8-40ed-9822-d29c0768a6d7,L3,Tweet
a0232d4a-1f82-4b59-996c-1bd220bc835d,L3,Tweet
6a58fc8a-b7c3-4497-97aa-872d36957306,L3,Tweet
691baecc-99c2-491e-80c8-f573d5bb77c4,L3,Tweet
2433cd7e-7e88-4220-9b41-d736fd15db51,L3,Tweet
00849a34-2465-49b7-817f-6146c567917d,L3,Tweet
8ecb0b62-fef4-440b-b647-e3b611d4dbc4,L3,Tweet
33214a07-08f9-4a3c-9a99-5cbdb53251df,L3,Tweet
1bb3bbad-1309-4d60-aa85-e9f6bf843357,L3,Tweet
f2a61988-0b06-429a-8f82-6ea184502645,L3,Tweet
8f861afa-7702-4d6c-b788-9af29c0f51ae,L3,Tweet
417334fd-63c0-449c-ac3f-c144748d42b7,L3,Tweet
d351c9a1-524a-4aa1-a5fa-57ff2793f020,L3,Tweet
33e66471-7712-4486-b82e-93e458c9d2bf,L3,Tweet
ac9c7912-bed8-4708-a34b-75a29e3b2ebc,L3,Tweet
fba0fdb7-df02-430e-8821-56c468f1ee07,L3,Tweet
0b81de78-ba66-4d84-a580-52f2bc5169e3,L3,Tweet
54ef121f-49ad-4e24-a8c5-0b468569fd63,L3,Tweet
7bcad204-7da1-4c1b-944a-c213023be4c6,L3,Tweet
b9f29dac-7dfb-412d-980c-bf026cd21f61,L3,Tweet
6ff59d5f-1d7b-4bb5-b68f-ff764c5d4f0c,L3,Tweet
ae577457-e641-4c28-95cb-d17b787cd1f1,L3,Tweet
846f6499-74d4-4c55-a286-3a5d525cc26f,L3,Tweet
f3e6a903-75e8-40d8-98a3-cd246d3f4f99,L3,Tweet
54645242-b043-40af-861f-7e019da9f2dc,L3,Tweet
469933fc-27fc-4df2-9cd6-51fe35aa8ead,L3,Tweet
8001d03d-148d-42ea-b934-31a453836077,L3,Tweet
e1d32c82-ea5e-4870-9ff0-0ffaa06fe59b,L3,Tweet
bb9184b4-8cc7-4c51-b864-4caaebbc6ab9,L3,Tweet
d019ef02-f726-425e-b57c-423484a950a5,L3,Tweet
2da64ce5-3a83-44fc-a030-570fcb2da492,L3,Tweet
f08f39f4-c825-4306-91b5-bab2ff40d5b0,L3,Tweet
0d3277c9-9831-443e-af8c-2001f53cf029,L3,Tweet
27c0dac7-1e66-499c-85ec-7f782d1ece27,L3,Tweet
866f4de6-553b-4bf3-85ff-e3587f5b614d,L3,Tweet
04c58ec1-ad70-413e-981d-413f36b21138,L3,Tweet
6572bae4-4337-4322-930e-2d32d56f0a22,L3,Tweet
179f88a6-021b-4604-a029-919676871955,L3,Tweet
b82c9465-49c3-45ab-868d-9a0d0c747276,L3,Tweet
68ba908a-05d5-4910-bfbb-41c9cd8aa211,L3,Tweet
18d7266e-328f-49a9-89bc-8f6f24baa4d1,L3,Tweet
718f7725-f201-4f3f-83fb-da12bd94253d,L3,Tweet
c5d798b4-28f5-4a40-bcaf-e0e388f17fde,L3,Tweet
012bce57-ba01-4e9b-a7b1-c4308dae0c7c,L3,Tweet
b878ebb0-108a-452b-b3d7-0e0d26c25dc1,L3,Tweet
8ecc64b9-0294-45a8-ba0a-04df3417cc2b,L3,Tweet
e494aa0b-ab5f-44f4-aa40-cd5f249ba20d,L3,Tweet
2ae01466-be08-4d8c-8077-01065a4e8bde,L3,Tweet
0dc98e0c-566f-4092-85be-259a0ddc2d1f,L3,Tweet
c8e74d8a-35d6-450f-8931-33f91af6829f,L3,Tweet
0e022a23-6b46-4ab4-8f51-49262f180738,L3,Tweet
afe201ae-2875-401e-a10b-d6e755663790,L3,Tweet
d60ddede-2f9c-4d70-97e9-6584838ee5d8,L3,Tweet
5da66cf5-50a3-453e-8a3b-0df6fc299e56,L3,Tweet
19edca3b-e85d-47d5-8961-6ceec4e76429,L3,Tweet
91e84252-20c3-41ed-b8c7-2bfa66b4cacf,L3,Tweet
87039cac-1ee5-465b-860d-2cecdd645430,L3,Tweet
42c46cae-fe1e-4e60-9db1-43174e01de47,L3,Tweet
af3cb16d-da99-4006-86d5-58dccacbdec4,L3,Tweet
2fd8b9bd-3c36-484f-a7a8-afaef6d84192,L3,Tweet
ed94e81b-8d24-460b-b645-8951b9c61133,L3,Tweet
729d7acd-60e5-452d-b16b-b750735401b9,L3,Tweet
042aa9b8-ed99-4c60-abed-bfa6f24a10d9,L3,Tweet
837f67ed-d2fc-4f0e-9e0c-dc42eb173ad9,L3,Tweet
427428fe-12f2-43c5-b5da-bbca3adede7e,L3,Tweet
249f6100-4b35-4200-82a4-94ddaee6e400,L3,Tweet
d92c0456-ebfd-4146-bba4-ab3ae2a4b91b,L3,Tweet
2d16ba84-9ecc-4411-9b41-9d3f501b2141,L3,Tweet
f25fad67-3eec-4995-b87e-5f9503430d56,L3,Tweet
f8f86f0e-8929-462b-b706-c46bc4a90add,L3,Tweet
06f65353-7226-45a9-8c63-7cc0c23d1057,L3,Tweet
59570a41-2d87-44ab-86d4-8fab21815fb7,L3,Tweet
a1fb0021-0fd7-4bc8-9ccc-403cb4456016,L3,Tweet
ec46cd45-9b11-4b06-9248-fb06aa63ae53,L3,Tweet
5c35d346-0054-4c29-9436-eeb98fb12194,L3,Tweet
8334c6a0-237c-4b87-b236-60b8be28708f,L3,Tweet
db3b8f05-dfe2-431a-b2b6-a255bab5123d,L3,Tweet
722ca3ab-562d-4920-8a12-0b9d3168bd23,L3,Tweet
3be804ca-daaa-451f-b584-a53f2f41432a,L3,Tweet
d82a3f63-203c-405d-bf0e-d1ba150d704e,L3,Tweet
8749820b-6817-460d-83a3-f3be6e033936,L3,Tweet
507f0d46-e8eb-47c3-b63d-b76e528e5aef,L3,Tweet
113735ea-4d0b-4cc4-b54f-0b8a5d0d9b91,L3,Tweet
ef305df2-2e72-4705-b2e3-5150a9335240,L3,Tweet
30459540-044c-4cbe-aca4-33f4a1bfa4a7,L3,Tweet
29a03658-4fdc-4888-9561-300d461ffbc4,L3,Tweet
53eecf16-078c-4e8d-afc7-5837102f36df,L3,Tweet
1e66e8ed-d8dd-4c34-b3d6-7452eeb74901,L3,Tweet
6c999558-8518-4c33-868b-2e0525210c19,L3,Tweet
c5fc5bd8-31c1-411c-af15-efeaa754169e,L3,Tweet
c4dc8b5f-1fc3-49ff-83e1-19b0b950bda9,L3,Tweet
fb684c3f-88bb-44b2-bb12-7d5ae68028c2,L3,Tweet
d1c7491c-173d-49c5-838f-2c4c33449589,L3,Tweet
4b64a143-6582-45ad-9f85-239c4bb30ace,L3,Tweet
f2b1a769-ca25-40a3-aeb9-9350ec6d2235,L3,Tweet
10aa3238-6a67-4b8e-8016-d5db7c72a943,L3,Tweet
536f7f99-4c12-4598-aa2f-a6c75668e770,L3,Tweet
9e17599c-0542-4618-bc3c-b89e15383a36,L3,Tweet
3ea5299a-b14e-4608-828d-1d31a81f07e3,L3,Tweet
2ee39ed1-626e-479c-8eb8-df338dd90833,L3,Tweet
08aa921b-ab0b-4d58-ba2e-e74283b8e02b,L3,Tweet
63dbda67-f62c-46da-ad9f-9a8cbe74a003,L3,Tweet
f94f229b-9314-480a-95b0-dcc0b513e524,L3,Tweet
8b6666c6-dd50-4827-a108-3503b9a344b9,L3,Tweet
b8f658aa-8205-460f-8a60-7634093cc635,L3,Tweet
b15a7213-a2d1-492b-b5ff-1e2bfc575748,L3,Tweet
00bbc615-ae9c-4d9f-8292-36401468f3f9,L3,Tweet
8b9dc562-46c4-4be6-a1ef-df64e229b5bc,L3,Tweet
e4bc95e9-bf72-4901-9ff6-e78573929fac,L3,Tweet
574861aa-ea02-4e91-b889-533253e12ec0,L3,Tweet
51e0ab72-a0a0-49c0-8925-19601bf8e9cc,L3,Tweet
af696635-6485-4df0-8cc6-3005b7803fa0,L3,Tweet
e61f0e5c-4042-4a48-9572-641e222ec298,L3,Tweet
28307344-882a-4557-830e-60095438dcf4,L3,Tweet
ca5ee51a-1722-4252-982f-f9ae3e95a058,L3,Tweet
c67909b1-419b-4dfd-a4d3-6ad23a3310e7,L3,Tweet
be961050-fc21-473f-bdc6-42405fc089b9,L3,Tweet
6091b492-d358-4d27-a741-ca5880673875,L3,Tweet
70ace6f1-a019-4d6d-8add-21dc26481b86,L3,Tweet
cb92b144-02db-45f1-a6a6-1c7a8488e637,L3,Tweet
0a458029-cb82-4bea-8634-f571c710c0f4,L3,Tweet
0d89d46e-6a74-4a1b-b1db-9969c90d5d47,L3,Tweet
6f86d759-836c-484e-9afe-5f3a081ccbd2,L3,Tweet
5be171a5-3161-48ca-9af8-77387012ba62,L3,Tweet
4585df46-bfed-4960-b7bc-9817137abc80,L3,Tweet
1048970a-c900-418b-a777-4b60b43f86b2,L3,Tweet
60e948fb-e87f-4c25-adc2-f7fee390ce27,L3,Tweet
1d6d89f1-84c1-49c8-9879-b2ed8329b1e2,L3,Tweet
be2e30fa-5767-4e53-9f30-271eee3066dc,L3,Tweet
03f43b08-9e0c-42dc-af06-1c56d4ab4f82,L3,Tweet
4f546440-d7d5-470e-86ae-a8b671b4950d,L3,Tweet
b897a8d4-5cc9-4bcd-b121-d80e51bc2843,L3,Tweet
49a5d433-64c6-4cae-b890-551d05d67e93,L3,Tweet
be044df6-9fbc-493a-be8d-bc07d6f7b34a,L3,Tweet
35ff460f-1310-43d4-bf8f-8d3a256eb41e,L3,Tweet
9a6eed2c-d3e2-458b-917c-b882db661ab8,L3,Tweet
53a19e57-84ab-4368-8eac-1bdfc7ee31e8,L3,Tweet
a7ab5a07-d88c-41b2-8af0-8605f6e9a642,L3,Tweet
22cbe37f-06e3-437e-b0a5-9c0a3d25a817,L3,Tweet
08a9ad99-1215-4fed-a868-9d3cdde09ac5,L3,Tweet
b3b86dd7-3522-4cac-a7a1-8c1650006666,L3,Tweet
6db65133-8f70-485b-92a0-2629d758033e,L3,Tweet
7e1e13b2-1b21-4477-8074-f4336f9267b7,L3,Tweet
4928a235-19c4-4913-8510-abf9d0dc4383,L3,Tweet
0b162323-fd33-4b5d-bf57-78b7890d3fa4,L3,Tweet
cccab294-1f02-4232-946d-b99f06c50a92,L3,Tweet
00d8b7ee-9f35-40d6-ba5e-676f7b4757f2,L3,Tweet
2db3544e-5d48-48bb-abfa-812f98a1eef8,L3,Tweet
f3b012c2-c8a3-4dec-aeaf-634de575287f,L3,Tweet
aa56fde8-cf14-45c7-9071-31c9fd4bbea5,L3,Tweet
1ab5c656-9850-495f-a8c6-c82e07d11e63,L3,Tweet
eebbc303-3a5b-43a3-8ce2-99eec85023f9,L3,Tweet
bc8e17f5-cc98-4613-8c3b-db5b8d8c1ce9,L3,Tweet
fec5d27b-3fa7-4b14-acd3-f7301545d6ef,L3,Tweet
ad0033c7-453b-4bcc-b5ae-20c7d2d6d7ce,L3,Tweet
1152e970-5f14-40ae-99b9-93beecfe4b36,L3,Tweet
d8c060f2-2763-47c4-a7f4-b171e5d2cc5f,L3,Tweet
dcd17984-d7b1-41e1-a2c2-10f8be21c4e7,L3,Tweet
6507f404-6924-4c07-93c5-159523a7854e,L3,Tweet
dc800627-0258-42d0-988b-3b9a2c6b8316,L3,Tweet
8b4d8003-06ba-489a-af84-c6cc53a922aa,L3,Tweet
2ec9a625-7db5-486b-94b3-f14650a1d0ca,L3,Tweet
7bc430ac-f791-49c1-905c-86adf1f51c07,L3,Tweet
d09aa290-d0b6-49ff-8bcc-c6a02a5781f3,L3,Tweet
2de2bee2-71b7-4c07-a9a0-cc9c59893cea,L3,Tweet
00a0d1b3-8809-4fc3-96be-9fee7a821408,L3,Tweet
0ce9d422-b226-4e7a-a803-edc5a845541b,L3,Tweet
d7b0599a-d712-4140-b438-94d9d1a6dc3e,L3,Tweet
896b0460-63e9-4a3b-982e-6a35c6b00449,L3,Tweet
826b2339-0b26-418e-822f-67a56945394c,L3,Tweet
adb48282-437c-48a8-90f5-7e5f8d28a899,L3,Tweet
b2491421-a0a0-4be3-9c23-acbdff5a57f8,L3,Tweet
84b7c2b1-e7ce-4a8f-90be-f1f9303d1b9e,L3,Tweet
8ca42198-b569-40c5-8cd0-eb53025172d2,L3,Tweet
9a04ca79-1ce0-4ef5-8aa5-22aa11a620d9,L3,Tweet
041b192d-88f1-4e3e-b9ae-d5f5d6f7b726,L3,Tweet
7df9d8f0-3276-4305-bc2e-77d5e04429dd,L3,Tweet
0b1944a8-4819-4c76-885a-9c30643d9e6e,L3,Tweet
c6130423-f9ac-451b-8210-c0eeffd91dd0,L3,Tweet
ea8c46ae-9bfd-487b-86ed-f72f8e906de3,L3,Tweet
07a036a3-623a-42eb-8da3-51f312425510,L3,Tweet
20f834b1-6ba5-4127-bdc1-fba238fd3e65,L3,Tweet
ba48586d-ee40-4e3e-9c72-f55ce47f3225,L3,Tweet
63203bed-3ccf-4205-9ef1-1ff301de11b1,L3,Tweet
24634438-58cc-416f-93ea-5a3a82e20b95,L3,Tweet
c30904d0-c61f-4284-8ef3-6aa5fc196cf8,L3,Tweet
1567d300-b408-4054-90e9-0b73851802e4,L3,Tweet
3242d4ea-ef1a-4e63-88f1-3115c13f1391,L3,Tweet
0be9945c-b9ee-4584-9517-7d988fcb8f70,L3,Tweet
4f90f8a7-5980-4306-961d-eefae375a9a7,L3,Tweet
a847bd77-0a74-493e-904f-3873248b0ea1,L3,Tweet
fda6e4bc-48e0-47ad-a6fc-28418793ef2d,L3,Tweet
ff83db9f-84f9-4cf1-b0fe-c696e9ae4418,L3,Tweet
d54a131a-7f7a-4435-876c-e783719e1ad5,L3,Tweet
6e02261e-f5ae-425c-9ab7-b704f565a320,L3,Tweet
0f62a5ca-e8f5-45e9-a2ff-1994ab415abb,L3,Tweet
a100e456-4251-4981-b27a-83902bd1fb09,L3,Tweet
9ba74f0b-f93e-448c-9afe-0c2fb304e6b4,L3,Tweet
e7aff72e-6b4e-4dd8-878c-3233c6ca3d46,L3,Tweet
9da6bccf-46e6-44df-906b-3282f29c5257,L3,Tweet
0fc7948a-4f90-4efb-8853-94f4f5c46b85,L3,Tweet
0d840336-7d42-4863-97d5-10683b9633eb,L3,Tweet
1884ab9c-1181-4b15-bbcc-ff6cd6a7fcc3,L3,Tweet
6721d6d3-4ad4-44b3-ab6e-24db29ae0b86,L3,Tweet
2cf07b1d-cc12-4bdf-b7f9-5cf470b63dfb,L3,Tweet
70fac542-e3bc-4408-aa3a-6edcbdeec3ad,L3,Tweet
5a7c732f-93ca-4baa-a187-25464d369b8c,L3,Tweet
3131e8e6-e9e5-4818-9dfb-e11373525cc8,L3,Tweet
25cc33de-4afe-49fb-96b8-2cd5a68fa55a,L3,Tweet
8c3dabe7-f514-486d-8cbe-a1445fce9aff,L3,Tweet
f0b238d6-dda5-46d0-abba-33a730fc2c82,L3,Tweet
6728e7f3-2f77-4b1d-b2af-8cb5f4d95c10,L3,Tweet
01ca04bd-484d-445d-af8b-870bbfb4e524,L3,Tweet
6c5cdb25-5fdf-4f35-8998-24ebe0f053bf,L3,Tweet
bcfdf27c-972d-4238-8aa8-854bc96758c2,L3,Tweet
e11b677e-7b38-4dc9-a4ef-b71c7b132afc,L3,Tweet
4a0bb69c-d3ac-48d6-a2e6-1295b5c365c5,L3,Tweet
f090a609-8ba9-40e8-a4a7-5ea5c58e4222,L3,Tweet
c5b2110e-eeb7-482f-b962-d00d409062d1,L3,Tweet
46f85c95-b54c-46c1-97e9-3756089a8c68,L3,Tweet
fad65bcf-54fe-44c7-b61a-ab0782df6925,L3,Tweet
82a24db2-b3b4-4bdb-bb6d-0ae3309446cf,L3,Tweet
96425bf0-237a-4f1d-8bbb-29b1f34f2ba8,L3,Tweet
17281fbc-2227-4973-b6e1-93aefdf586c1,L3,Tweet
e8356cca-e863-4c2e-9232-6a2314556053,L3,Tweet
15d5b612-8e7e-412d-ae88-adbda6b3e5d9,L3,Tweet
f3e4e854-2d0a-4b48-9aa0-ca4267085474,L3,Tweet
eeb678d6-995c-466a-a09d-0d509e69f6e4,L3,Tweet
427fdb13-d076-4bae-80ed-46bdfb9deeb0,L3,Tweet
ea2817cb-904c-4a66-97d2-483eecf78e2d,L3,Tweet
6e399685-0941-4b18-ba68-9b000a1cf5b6,L3,Tweet
4be2607e-a703-4e81-b3bb-b4b62b23e94c,L3,Tweet
8f36cb59-cc1e-4a96-9004-47973f6f900d,L3,Tweet
7988e05d-d012-4204-a65b-085b55968411,L3,Tweet
c5605de4-0e0e-440b-a298-70cc8227c3d5,L3,Tweet
06724821-1091-4c77-8ba7-ace5838a0ea9,L3,Tweet
651b5ae7-ee0d-45fa-9f61-95c4d9ffecff,L3,Tweet
900d4cb4-49ea-49f8-9b9c-17deb7863f23,L3,Tweet
da525883-687b-464c-b94c-24a3563b64d9,L3,Tweet
ae6d3e4a-afbe-4ffe-b6ae-3cdffe49e00e,L3,Tweet
56bd7f3e-bb48-4f1a-97ad-03198aa657fd,L3,Tweet
f9b8b14c-34c6-4f1c-9dfb-011bc22854bf,L3,Tweet
59ebf722-da93-4264-934e-f2dbf4f1064a,L3,Tweet
c6a5e895-e830-4ded-802b-f4b8d53bf9a7,L3,Tweet
fe737cb1-b611-4f92-854c-d1c397904dc2,L3,Tweet
c6eb38fd-884b-429b-863c-b471ef171648,L3,Tweet
79e2b2c4-e8c9-477e-9105-9650881b18ab,L3,Tweet
53ca7e53-9685-421b-bc2e-7d6829347382,L3,Tweet
0ec55827-2e8d-479f-b657-bcb4c5e8fff9,L3,Tweet
d5609a90-da47-44fa-92ec-0e0dbbf80a61,L3,Tweet
b61fdc7f-24d0-48dd-a27b-a967c0820b89,L3,Tweet
dae170b2-c067-42f0-a6b2-1c1c089cb247,L3,Tweet
849ac7df-ee44-4ce6-bd2d-c77b32f09b9c,L3,Tweet
a158ee59-a89a-45bd-bc06-bcf1987cbcbd,L3,Tweet
a5d30b30-76d9-4674-b234-d063d2b9e206,L3,Tweet
a4da4959-4855-4932-9572-ede142a1b469,L3,Tweet
c698a765-6b18-4b5f-8412-1dba0488acad,L3,Tweet
ba2f0cfa-dd8a-4b7d-85c1-68aadbf0bf52,L3,Tweet
7360db62-cdae-4ea0-acfd-f776769468e9,L3,Tweet
0bece1b3-c511-469c-a135-0e633f860f23,L3,Tweet
ba625b3d-ac93-4570-a138-55c2ca4e8905,L3,Tweet
cf944609-83ea-4307-9bd5-cfb42c166dee,L3,Tweet
8d221586-b33f-4b4d-8a37-6a30966e927e,L3,Tweet
29c560d0-2110-46f3-abcf-c86f0c9bcb8d,L3,Tweet
5dcb4d85-8edb-481a-87b8-df95b4f432a8,L3,Tweet
fb915a18-17f6-4abb-8b11-f42544ec92bc,L3,Tweet
b5baf24f-f390-495b-a302-df0d6ac9e3dc,L3,Tweet
cb4fa0b3-8630-41ae-bb4f-277647efaef5,L3,Tweet
d791881e-ca3f-4273-8b91-f90a356ead4f,L3,Tweet
1a1d72c3-96ca-41ab-a490-37a867142cb3,L3,Tweet
eec745ec-8839-4d8c-8cdf-f3e42ad992b7,L3,Tweet
810a88cd-7b8b-4759-86bd-f096c141a8d3,L3,Tweet
f546000e-12fd-4e51-9705-1a32d33673bf,L3,Tweet
f702c43b-7747-458b-8a55-5080f7d636db,L3,Tweet
409a50f3-e3d3-4982-be82-d41cf26e419f,L3,Tweet
78dc37b7-137d-4879-848f-b5870aead32f,L3,Tweet
e4162f56-8658-463b-9da2-6012e94e51e0,L3,Tweet
2cd1d3fa-9c2c-49b5-a4e7-2fa604438d28,L3,Tweet
eacb21e1-cc3f-4d62-ab50-2f9be95f6ac9,L3,Tweet
106bc9ff-7e57-4ce0-9099-17b852927c3f,L3,Tweet
4d0b674e-6a78-4a29-b916-74f42c6eb8fb,L3,Tweet
4c5b7a07-e854-4778-bc3e-3750d652df25,L3,Tweet
2bccbb10-8e43-441e-b84d-e49771f806fd,L3,Tweet
4d76bd30-01b7-41c6-ad3c-368c62498af2,L3,Tweet
51c214ba-f468-4a81-a52e-d18087ffdb9f,L3,Tweet
9cc6e2a5-ee14-473e-ac41-4e6778be5bd1,L3,Tweet
d2a27480-080b-4abc-94c9-c6e0ba905b01,L3,Tweet
755cdc46-d30d-4a7e-9842-95149ff35b80,L3,Tweet
c487cc09-81f4-44e8-8b35-e496ee440e5e,L3,Tweet
bf2bd551-bbfb-4296-95ef-e2ba93ddbf82,L3,Tweet
dab5b92a-616d-4eaa-8e17-343ef73bf338,L3,Tweet
05bf8a02-61d9-4154-9c23-71672947fbe7,L3,Tweet
e1b4ac3e-011e-4635-90ff-9058ab1eecfc,L3,Tweet
00be7bde-ab6f-49f2-b527-5ad746fe8602,L3,Tweet
a6dc7f08-7958-4aa0-b5bd-35863512b6e6,L3,Tweet
18084664-c02b-4a52-936c-b112f16d958a,L3,Tweet
d461e707-a3e0-4647-bee6-07530cdb7b65,L3,Tweet
4c0da91c-6cea-4330-9045-ecb34ddad817,L3,Tweet
1ba24d26-de67-46fb-9cd7-c6a9182bc193,L3,Tweet
7150eb6f-67c6-4cab-b8f6-e9dc491dfe96,L3,Tweet
8cc1d013-8d22-4f51-ab08-cdece829e1ef,L3,Tweet
7602b5ba-39e4-4508-85b6-8a28e71cba67,L3,Tweet
defd4654-96af-4f04-bf6c-590ae8c6674e,L3,Tweet
24d7af6e-0203-4528-ac00-e77d1335871a,L3,Tweet
db4e2f80-6cab-404e-89fe-e65e30ab9329,L3,Tweet
e14f48e2-a770-423d-89f2-8b3cf10d7ddd,L3,Tweet
28451eab-5ff7-4c1c-b867-b14eb85ae572,L3,Tweet
2a403e07-b4b7-45c0-bf38-f0fe162c5474,L3,Tweet
862d3039-522e-4f5f-8be0-65a44bb0bb65,L3,Tweet
c635098f-b23a-4f24-86a3-a4859bcada7f,L3,Tweet
92fd9963-02ec-43d8-8f9d-d89b985d8b28,L3,Tweet
279bcbae-a73d-444f-b164-41258d812241,L3,Tweet
8c645e60-d03f-4ccc-a903-2ee07408a54a,L3,Tweet
ceec6bc2-08d7-4740-99d6-abd74115d953,L3,Tweet
fa2c4d80-a533-4044-aa8f-9666c57c46ba,L3,Tweet
f4dd2f79-c3fc-4195-8bd2-cbfc17d0a637,L3,Tweet
1d4d141c-878b-438c-bc55-233d147fed22,L3,Tweet
f8f1724a-91fa-4934-ab11-3a11aa879482,L3,Tweet
32163cc4-ab3f-432c-9806-d655ea06fe95,L3,Tweet
f943b6f3-8a78-4f28-9917-e0b04551dda0,L3,Tweet
1b778410-f998-42c7-a4a4-c0b6df559fc8,L3,Tweet
66fed1c7-4d48-4bb1-af3a-9b89edd39d9a,L3,Tweet
a5515024-e4c8-471a-8068-a5d1ef36a464,L3,Tweet
4e7a63b8-edd9-44a0-87c6-696c6421a961,L3,Tweet
842026ce-bbd1-40df-90fc-b76c1ffce61d,L3,Tweet
0cc4cba6-d7b8-404c-8757-be1b60146f45,L3,Tweet
0310a0eb-b41b-4b83-a9e2-7b41f5b743e8,L3,Tweet
5a604c68-13a4-4748-9ee6-a7a87b4f2a21,L3,Tweet
739ed35c-3a64-4b53-a69f-a612013b4eb8,L3,Tweet
426bc311-5c58-4554-9895-d51665c37c44,L3,Tweet
e9b00f9a-b9e5-4768-9f20-a0154e3dd8e9,L3,Tweet
fee41d88-9a0c-48c3-9c17-6856284b8194,L3,Tweet
09485a03-d94c-4a8b-8547-5d6402fc13f7,L3,Tweet
66a89bf2-c7ac-4e5d-a335-71ee1856c35e,L3,Tweet
a6271689-67f8-4059-82d9-9dc9be809e9d,L3,Tweet
9d1b42cd-28cd-40c0-8d9a-21fa80a1479a,L3,Tweet
a09ae951-5dd4-4d51-9d59-f7056fd4bed4,L3,Tweet
d214037d-79ac-4c22-b0b4-a3991ea52cac,L3,Tweet
db54c4db-f5fa-40ad-9495-2bb6a31f9894,L3,Tweet
9394d16d-3127-4c5f-8075-9f4b9980beaa,L3,Tweet
65dd4f43-9d9d-4ffb-bcd9-0a1c2da81521,L3,Tweet
d7fd75d8-f40a-4c91-9846-78fa0c39d715,L3,Tweet
ec3fe705-281c-4087-8923-ac4d8a62cc75,L3,Tweet
86c478eb-0725-4b65-bf2b-f88766f20517,L3,Tweet
d609b0c5-34b5-438f-bed9-ec6c967a1631,L3,Tweet
11dc574b-1f1d-44a5-ad51-aeccaaed6590,L3,Tweet
40507238-77f0-4765-8e34-3e93a8a5f85d,L3,Tweet
46161393-b01f-4781-b8de-7457c4880b5e,L3,Tweet
9c143bba-2118-47f2-ae85-c29fa5bf71b8,L3,Tweet
140d2de6-c3d2-491a-bca1-129d233b3a7a,L3,Tweet
f0974786-fa23-4b40-ba05-714f170b7503,L3,Tweet
17ce5ca4-09fb-4bb3-ad76-89ecb5667c83,L3,Tweet
cc292901-8ce9-4672-9b6d-741a6c6ba9f7,L3,Tweet
5a72eac6-42ba-4d64-8389-809b0c2480b7,L3,Tweet
eee8a390-819d-458a-84b1-ad8e27f0d969,L3,Tweet
61ba3334-a3f8-4e6f-b398-4f44153029d2,L3,Tweet
a39535c8-e0b6-468b-882c-37cf759c6f30,L3,Tweet
a18ccd88-6e50-4762-ab96-82ce5676324e,L3,Tweet
c1d6fe38-319c-47dc-bd37-c986bb7f6419,L3,Tweet
68c14c5b-a438-4294-88b5-1f122853da2b,L3,Tweet
9c5a82ad-63c0-428f-9270-4c90e99798c7,L3,Tweet
71f63d22-86b9-4f42-b319-025e8d3be355,L3,Tweet
cc47025d-3d74-468c-b1a9-e79cca78ee41,L3,Tweet
7fb40ef8-9e26-41f9-be93-b62f2c0d5d13,L3,Tweet
8c2bc7e7-1440-480d-8af7-505fcb85160b,L3,Tweet
b9e56421-7392-4224-9cf9-acbfcf08e3fc,L3,Tweet
ee0d1c6c-e781-4000-83be-828d60cce49d,L3,Tweet
73402e34-d4b6-4d87-83b4-53f5f64da906,L3,Tweet
b24a08bf-2af9-4574-8d80-b712a75eaaf7,L3,Tweet
0ee8abd4-5fbb-403c-b6ec-6c36178e6dc2,L3,Tweet
f357e5d1-5621-4066-bfc6-2831bb72d005,L3,Tweet
0e8d4b59-6d83-40c3-8b4a-eba7571e4af0,L3,Tweet
af3c938d-e764-43b1-9558-ba096592c708,L3,Tweet
15fec572-13b5-402d-84b5-7f1a99217e97,L3,Tweet
ce9cdb1c-c4fa-4e53-8b7e-2d8a0453a7ab,L3,Tweet
f35fb794-af0e-4ccc-bb42-ade2b8721c20,L3,Tweet
6b226327-ceff-4a63-9982-d390ad1d2045,L3,Tweet
4f5c45c7-4996-4c32-8a61-02c90c3dbccd,L3,Tweet
dcc9bfc3-7594-4907-9503-a213e21c6881,L3,Tweet
b2697a5b-8750-4d74-a8ff-7930a1410d18,L3,Tweet
f9418b37-7bf0-4266-a6f1-5173fb55f659,L3,Tweet
7447d31a-5984-4c1f-a59a-32e11748ae21,L3,Tweet
7e70355e-7d64-435d-abd6-53d13d533f39,L3,Tweet
2e42eb4b-0ec2-4003-b9d5-01a643873891,L3,Tweet
813d2e57-5087-48a2-9c57-b9c5afbc732e,L3,Tweet
1a1db2ed-72b5-4ae8-9d85-219f9fee2436,L3,Tweet
5ed47870-6fdd-40be-a6c8-89723434d4d8,L3,Tweet
d26801cc-00ca-44d7-a699-d603a1a48506,L3,Tweet
d08db3b8-2804-486d-b7fc-de217ff9ac55,L3,Tweet
2422e7d5-015b-415e-96ad-9921e031d14b,L3,Tweet
cc7f3c73-d22a-4097-a174-77291d31c335,L3,Tweet
f0f0b5de-3438-4b6f-b231-3f7e3c1fc678,L3,Tweet
1dcbf94f-feb0-4d78-9791-ce680fb799f8,L3,Tweet
04276dbd-7f59-4a7c-9cd7-80dab4b22614,L3,Tweet
5922dc51-512e-4a3c-b387-0fab1dd718bb,L3,Tweet
7c189996-7d63-4394-b4d3-74cd7f2061b7,L3,Tweet
82a628e2-cad0-4209-b5a0-5c4718c6243d,L3,Tweet
737d54a6-9e7c-471f-a6eb-c4a73fdeb393,L3,Tweet
70350262-6682-40fb-85d5-93ca2ffde365,L3,Tweet
e22b2d0d-be2c-4f2d-97a3-d55ed3985aa8,L3,Tweet
83219d20-2b34-442b-a6c3-30b0d0f7847c,L3,Tweet
be38d36a-07f0-47db-b4b2-c83cee160deb,L3,Tweet
7deb5a96-2c49-40bb-8dff-1ad1a6a8b852,L3,Tweet
5397a91d-3187-4b73-b0c4-0a1fb38fb681,L3,Tweet
6c0d711a-2eba-41cd-9552-868e486d95ce,L3,Tweet
8c17e615-49d1-4bf9-a533-b6a0fef05726,L3,Tweet
e98db8dd-b264-4163-b669-a871ad5933ee,L3,Tweet
8b3ab948-c3f3-41e3-b576-7a1273bd9692,L3,Tweet
9fca0acb-6dd1-44c0-b264-464eb44a1d7a,L3,Tweet
a3564769-52a5-4fa3-9128-fe62651d8bac,L3,Tweet
9b7e91b5-e54e-4d07-a3e7-24718f716a74,L3,Tweet
fc4b3dd8-7356-4611-b143-f9630eb4b347,L3,Tweet
96cbb3e7-8b2c-44fe-9415-17a191f8dad0,L3,Tweet
da0b18fb-0b60-442f-861d-5e3be2a6d668,L3,Tweet
fb1be57a-5570-4435-adb0-831831eb1a1b,L3,Tweet
e94cdef2-8b0f-4fe4-ad79-3817b87b84ed,L3,Tweet
19fb719a-7b97-4e02-9561-07630b5f7f62,L3,Tweet
b7a51bb0-769f-46e7-b770-31fb5b9d3f2e,L3,Tweet
3859809c-31eb-4ba0-ba0a-e799328878b1,L3,Tweet
028fc419-17db-4a71-92da-621fa1800aac,L3,Tweet
df3ed7e8-bd35-436f-87ec-7702a0743899,L3,Tweet
b0c112fe-6d0a-43a4-8995-14da3c5578e0,L3,Tweet
83ba89fd-5e77-4312-ba16-317e574b2801,L3,Tweet
dbcdaa21-6bd0-43b1-b422-80ab7d745212,L3,Tweet
8312bb15-ea86-4c87-a593-ff76eaee836c,L3,Tweet
87a6a90f-4555-46b8-9f76-951472dfc93d,L3,Tweet
c9a5093e-92bb-4f33-a19c-8c10d8505678,L3,Tweet
1ab622fa-0768-47f4-b62f-ff82e1d21ee2,L3,Tweet
250b5aeb-3791-45f9-b106-d5c0069c94e3,L3,Tweet
c518b9e8-5d2d-4555-90fc-b599205948a7,L3,Tweet
025d64eb-26ff-45f2-a4c8-dd2d878d4c5f,L3,Tweet
e1cdd88d-6aab-409a-a691-c7af46862147,L3,Tweet
68025e88-fd2e-42e1-97c1-22fbc6af68c9,L3,Tweet
f0568c74-70c1-4d40-9596-544fb1d48f14,L3,Tweet
4b27992f-3ebb-4520-89d1-9726563c47d9,L3,Tweet
4d8a0231-1cf2-458a-9fa1-7a79d73e29f6,L3,Tweet
c41a3470-09bd-46db-a1d8-06fa9161b573,L3,Tweet
f3ea2e6f-cf98-4cbd-823a-755cedf089cd,L3,Tweet
18b5023b-3f4d-4769-b952-108759a4dd49,L3,Tweet
90fee7c4-487e-4c12-83e9-723a14dd24db,L3,Tweet
837071f1-c843-4b50-8545-b6e2fca8e7b2,L3,Tweet
280499b5-4c06-4f76-a10a-0e2325e4ed7f,L3,Tweet
169ba2b5-c17a-4bf2-8eaa-bd37082c8695,L3,Tweet
53dcbbb4-ecf4-4cee-a66f-b80eb85bf282,L3,Tweet
67beb36b-d1c6-4df6-98d0-c69c68f2708f,L3,Tweet
be9af765-245e-46c3-9b7f-35a636156ba3,L3,Tweet
983d15e2-03de-4890-8990-4e09950ac66e,L3,Tweet
fe98f8bf-770e-411f-815e-beca88374984,L3,Tweet
c2e902c2-72a8-4846-8a85-0c1b8d7f278c,L3,Tweet
04565726-2ac1-45e1-80ff-5594145c6ad8,L3,Tweet
14f2ca29-0fe2-4b00-bd9e-73df998dd6d7,L3,Tweet
81a0590d-b53e-482a-8b05-cae39a9f9dc8,L3,Tweet
0e36c8f6-fab8-4dff-abd5-c4e82bc26d89,L3,Tweet
1445f6c8-9992-4c9d-b81d-c5e799d1c02a,L3,Tweet
5e89af42-686c-453e-b775-06cadd617210,L3,Tweet
375c248e-1eae-417b-b149-77e562e3f17a,L3,Tweet
e6f346bc-bcb8-4073-afc9-c317df9ab204,L3,Tweet
bb992d2b-7fd6-487f-9519-564b6894c36d,L3,Tweet
c23ca914-a0d2-42cb-b2ef-547bef6fe7bf,L3,Tweet
8a3f53d2-eb82-4f93-b2c2-f5c3718543c1,L3,Tweet
063441c0-896c-4514-b74b-687241a2dc1f,L3,Tweet
83e6d7cc-663e-4b05-a7ea-8dd314351322,L3,Tweet
fae4315f-1820-44d2-bf3e-403c35e8e646,L3,Tweet
a262d863-3e02-4332-816c-f36c63fec4f8,L3,Tweet
dd6bc9ac-186f-4694-9d89-5d31fd5b8290,L3,Tweet
9a3f44b0-4416-48c2-8440-69e66ef1310d,L3,Tweet
4fabe92e-86a7-4db4-ba78-fa20d0399b3f,L3,Tweet
43fa497d-8e84-45b9-ae4f-bdb964d9a4e1,L3,Tweet
92bb8fbb-6379-4b9a-9ddc-a83260ceb8a0,L3,Tweet
34ebe8a8-840b-4d67-9434-24349d775475,L3,Tweet
66264ada-2585-45eb-8591-a6ce853ab848,L3,Tweet
fd0370c4-ae64-4d8a-8308-a3434ccfab9f,L3,Tweet
fa1df52f-cdd1-4dd5-b1bc-26788a2022d4,L3,Tweet
078d8875-ca28-45fb-a696-42105fe48ac1,L3,Tweet
ff8cec89-2f13-4bf3-9e20-1665d0f20f66,L3,Tweet
3cc4320c-3da2-4252-95c6-66bb84fcb21d,L3,Tweet
b0c4b831-fb71-4d83-af19-9220ac554960,L3,Tweet
e2aed456-6429-487d-820b-dc3e7f24c4ae,L3,Tweet
d927cbe7-b793-4fb1-9ab0-a11e3355d9cd,L3,Tweet
6b825bf3-ad74-4fb4-ab3c-ca888acc2060,L3,Tweet
cc5366b5-9df7-4f36-a95a-06450e5cc8b7,L3,Tweet
b75e333a-60e1-49fc-9255-ddb91e270563,L3,Tweet
3c76c0e5-ea7b-400c-bd7b-d048dfc0a4ca,L3,Tweet
9db636f6-2d82-4f6a-81eb-899549eacd61,L3,Tweet
6d39fad2-3b12-4c08-bcb4-02fe5073b35f,L3,Tweet
120fb6c2-0f1e-4052-9f54-cb216b9ed26d,L3,Tweet
421b8543-c506-4799-9f98-b0dcd95b175b,L3,Tweet
b764e52d-de85-4bcd-a630-2dce5937439e,L3,Tweet
0271bd2f-06c9-4502-b1d4-aaa2a2e740d7,L3,Tweet
fbbc1e42-3267-423a-89f7-f9fb02c9995b,L3,Tweet
fee4986a-ebfa-4463-9db2-32bea98df82c,L3,Tweet
18420318-2a75-4493-8e58-125a72143d4d,L3,Tweet
7f905a12-2079-4ce3-8e47-62bb2738f0fb,L3,Tweet
02ffd9ff-1240-4656-9b2d-42d731be5bc9,L3,Tweet
394f2158-d0db-4cbf-b29a-918ab3f0bbd8,L3,Tweet
62e8d46c-f5e7-4b62-87ff-3d8e645e98c1,L3,Tweet
96cbd958-3111-4683-a22a-26c450f65b9d,L3,Tweet
1a5ec150-442f-4856-ae95-ffb44ac97e6f,L3,Tweet
f54fd5df-f10a-4438-8863-75498c5a7e0a,L3,Tweet
7b1f1c87-44c9-481d-a428-4c926dc5979b,L3,Tweet
7473b556-5ff8-48e4-af95-91f7ad13e84a,L3,Tweet
e3c76472-431e-4edb-b98f-120ef6e82610,L3,Tweet
a86eb46a-6e57-4c9a-b8af-2681ecce55c5,L3,Tweet
fc14d6f5-eb94-4287-a8af-f6067297862e,L3,Tweet
db0764d4-8542-4a0b-944e-454420cdcdae,L3,Tweet
66bf2e79-72c6-4e28-844c-84492b023f70,L3,Tweet
2e6ab4c9-554d-4773-8300-fff5c757ae2b,L3,Tweet
8aa354b4-dbfa-4e32-ad29-026c35e52d43,L3,Tweet
4ad84c25-6f2c-44a5-82c4-9c69a928cdf6,L3,Tweet
a5a215b4-a70d-44a8-9de0-9b9f0f4153e9,L3,Tweet
5263aec9-cdb8-46c2-8cea-c49b68288db7,L3,Tweet
662964aa-9592-4afc-9799-dc638e3ebb7b,L3,Tweet
83bdf318-00bc-4b04-8f28-1d32a893a55f,L3,Tweet
839270e1-53f7-4ee8-9c2c-8fbc14108609,L3,Tweet
35e2a3e1-aab6-47b5-a713-6131c009a177,L3,Tweet
ac59164a-8276-4e0e-ab23-8704357cc526,L3,Tweet
af09e084-1b90-4d21-b8f4-0ab2ec471bef,L3,Tweet
a4f719ce-37e0-45a3-8692-ae6a03a89542,L3,Tweet
8a97cb02-118c-4e23-96e1-2db1af4481d6,L3,Tweet
fdffd3b3-4897-4a0b-993e-5e835ff2db6b,L3,Tweet
0aba79f6-c876-40a6-afc4-091024fc2b1e,L3,Tweet
0e2b3652-afd3-45bd-8288-3faa9807d377,L3,Tweet
b112d890-c0c9-4de4-8e33-69cc90132814,L3,Tweet
b00307b4-f309-4831-a317-fc38ad88a58b,L3,Tweet
79b5ff1e-e99f-40e5-bd93-e3138d502d77,L3,Tweet
a8c4dc8e-f631-40fd-a1f4-d3d21223ef4d,L3,Tweet
a88ab963-d08a-43c5-8792-c924d09b89d6,L3,Tweet
a7c3d52f-e4bc-48b2-821e-9f92bc8c9d29,L3,Tweet
068760c5-4951-4e06-8139-d2f558660e1c,L3,Tweet
96237368-40dd-4d7e-bd7c-3f29142e059a,L3,Tweet
a246288e-fc5e-431a-bc88-dd95209857a5,L3,Tweet
37241e02-23f6-40d7-b2af-2c1e8281ed75,L3,Tweet
f36b73c9-2273-4506-bc74-b3c502f1780c,L3,Tweet
e4e3e880-da31-4c8c-b0f3-58522adb5ef0,L3,Tweet
a883d9ba-8b33-4390-bb92-d71de392ce2e,L3,Tweet
c68ffe39-8f21-4109-88b5-16d02663a5e5,L3,Tweet
e2de978b-619f-4b0d-8033-3d41a29c54aa,L3,Tweet
35135ae0-5a3c-4780-a770-9996382aacbd,L3,Tweet
6f28fb4b-0ed9-4fb9-b1c9-626f58efee9e,L3,Tweet
1119938b-f668-4aad-bc88-116aad5c54cb,L3,Tweet
d4f6ff06-4089-4f17-86ef-7b7ab833b1ff,L3,Tweet
49985195-fb12-48f6-9813-bfae613da7a2,L3,Tweet
2a39e623-7e83-49b0-868b-fcd7c39140e6,L3,Tweet
19219d38-2556-49e5-9262-c2940bc2bad7,L3,Tweet
f02f68fa-0af8-4d3d-ad6c-ab317400c87c,L3,Tweet
1b2e8b1e-89d0-4d31-bfd6-9ccdaed3728c,L3,Tweet
2312ee06-9fb6-4b89-809b-335431c94ced,L3,Tweet
e430d45b-ebc4-4bf9-a512-233f14c913c1,L3,Tweet
78bf8702-af90-4bb8-b616-95e925d60aed,L3,Tweet
d8505ff4-51a3-47ca-9334-cd946c6278e3,L3,Tweet
32f33198-cff7-4681-b858-b4ce0b04c3f3,L3,Tweet
09172f36-70b3-4e0e-8ca7-8d04a6762caa,L3,Tweet
6e80e70a-2d67-4655-b632-0f6ee4c1620f,L3,Tweet
083b93d2-05c7-4316-b96b-5882a190e08b,L3,Tweet
71a82cb5-d653-4c0c-bb26-8079f445b357,L3,Tweet
d350aadf-3799-42fb-a476-c6f271eec36b,L3,Tweet
96f33d3e-60ae-4553-9aa8-929a447d4367,L3,Tweet
0994ddf8-1fed-4e2e-baf1-172e6e609360,L3,Tweet
7c9a311a-2045-46ae-93f2-9ac20d4bd01d,L3,Tweet
69c3b69e-e4de-4645-b338-e53bb23dfb62,L3,Tweet
a9a7746c-7f2a-4f73-a6b7-b052f19b1dce,L3,Tweet
cba73068-fce6-428f-bb9d-1f21862dec1c,L3,Tweet
910de85c-bc7f-436a-9409-6a46afb0909f,L3,Tweet
cf6bca9f-4f7a-44c4-8506-3968daf3a2d6,L3,Tweet
85d45c7f-94fb-4033-a7d2-621eff98514e,L3,Tweet
1b95e580-010c-46dd-90cc-758dc0b9ed2e,L3,Tweet
e4d95db1-669d-465e-aec3-4746569d2966,L3,Tweet
b890faa6-b26f-4f61-92e3-1f446db4c263,L3,Tweet
5dddc891-c66a-4131-8858-44ca57d622e0,L3,Tweet
3126e315-d044-4334-aaf3-6dc72c219cdb,L3,Tweet
588c1a62-ddef-4c24-b210-2260c3b776ee,L3,Tweet
2b3738b5-58be-4ede-8825-fef35edbb45a,L3,Tweet
0a8e154c-54a6-4b78-b5d1-846b373bcff1,L3,Tweet
e500f159-a9ef-44db-ab2e-15f92d93a760,L3,Tweet
1c731161-49cb-4d40-b272-cfd8e898e324,L3,Tweet
11f8b1b7-b0b1-4e4c-9784-b60dc998a910,L3,Tweet
76029116-75ef-4de7-b8c3-623d5031efc5,L3,Tweet
7907a119-58ea-4048-b5b5-5b123d209297,L3,Tweet
543461eb-e04b-42bd-91eb-476550ac2c6d,L3,Tweet
82414bef-9f8c-4e21-80be-47353438432b,L3,Tweet
fc95b9ab-a33a-4050-9eeb-9399650ff017,L3,Tweet
370b2798-97a8-41ff-8fca-1a1b3aea15d7,L3,Tweet
5e77b1c4-670f-4073-93f8-b5f95cd9d0f4,L3,Tweet
41db183e-32a7-483e-92ed-e36f2bc66fb0,L3,Tweet
95b02638-2a51-4729-9f97-b087049887e5,L3,Tweet
e466a373-aacd-4f37-85ee-3fe91c4851f1,L3,Tweet
1631b8fe-33f3-47b3-afc1-e8fc524bc599,L3,Tweet
44a7c3b4-e6ff-4e18-aae6-f193202280fe,L3,Tweet
2eefaa11-ef96-48e3-9850-bd87d1670252,L3,Tweet
565b2c80-4c2f-4c44-9448-178857ddbef3,L3,Tweet
00570f2b-64de-4986-81e5-236360590abf,L3,Tweet
8ff3a383-ca81-420b-afe9-f1e1c65d278f,L3,Tweet
25b6b8c9-fb93-4334-998e-d73647458bac,L3,Tweet
3917e209-09b9-481e-a479-136df374e5ce,L3,Tweet
1eed9fe3-b3fc-4956-9aa2-e9fc05881d43,L3,Tweet
435c00c5-d031-4fa3-a777-038068a60124,L3,Tweet
fe890bc0-9d18-44d5-a5f3-29e48ecfd543,L3,Tweet
3d912444-ec30-4788-b233-33fa810ce47b,L3,Tweet
cc9095fe-dc9e-4977-954d-9d8c5d89951c,L3,Tweet
e5266c62-f0c2-48fe-b1a1-4f58c0bd57a9,L3,Tweet
1fc821f2-6ed8-454b-9c4b-f84bf5b35f8e,L3,Tweet
f4b1cd16-92a3-41f1-a889-5152461f9ac7,L3,Tweet
b4a694fc-3096-4e41-9567-21f918c977c6,L3,Tweet
dcb8b15c-bbff-425c-b310-94ff087d3244,L3,Tweet
a3a8875e-d55a-453c-b013-573cb81b3a65,L3,Tweet
7b4e0985-ccef-4890-8bcf-f32e43f49795,L3,Tweet
85ffae2b-dd6e-4a94-8cdd-bed83b21deee,L3,Tweet
5f2ad90d-36dd-4116-8205-d4377798c4a4,L3,Tweet
7cb7e93d-5f8e-487b-bb55-036484e1ea65,L3,Tweet
c93f8a4f-af8e-4a75-b1c0-5504f4c89e9e,L3,Tweet
26d5d682-eba6-466a-b07b-81dcfd04c8fa,L3,Tweet
75792f69-f1a4-491b-9eda-8a78f8763a7e,L3,Tweet
c18cc895-d281-4dce-b6f1-1d3934337f9d,L3,Tweet
5cbe2b1c-9208-4a9c-874f-057bdd96028c,L3,Tweet
643a4093-21c4-4e6a-aaa6-c3d7f7c691c3,L3,Tweet
e044be36-38b5-4c6b-8ea6-f23888c0e078,L3,Tweet
d091451d-d511-4aee-ba1b-585954f7d2ed,L3,Tweet
5564ba86-61f8-4d28-976e-415fe5632d67,L3,Tweet
768883b6-e88d-4239-9c1e-e974dfdccb77,L3,Tweet
c642b909-fe0c-42f9-b7c3-1c9eabb118b0,L3,Tweet
26d45ec3-0d03-41af-8b14-89d5829f078b,L3,Tweet
e2a3f612-81ef-49f5-8ef6-0260705cef7e,L3,Tweet
6d2196c6-c2ba-4c09-9f43-be1acfd3c060,L3,Tweet
4a9826d9-3891-471c-81f1-5407445d3395,L3,Tweet
e11e46d7-e6c1-4d26-b6f6-cf752dbe1236,L3,Tweet
7301766c-3633-4967-a096-6f3a6fba6757,L3,Tweet
ff55c59f-56bb-458f-9dd1-6735cfd6401b,L3,Tweet
522f2b8e-09e4-4209-a7a3-ea803ffbf615,L3,Tweet
7512a000-d44a-47dc-a7ba-f6d4c7373622,L3,Tweet
d41e3a80-d259-417f-b033-28c5a61763f6,L3,Tweet
0230704f-7a44-4bc6-831b-f7357c71cb05,L3,Tweet
395cf2d7-f0ae-4ff3-867f-f61631151347,L3,Tweet
2b296b7e-76e9-4f2f-a50a-08bf1f1106e7,L3,Tweet
5a7ec696-8704-46ca-974c-6bd32eebb8d6,L3,Tweet
900d5a02-469b-4507-ae9f-5ed5dc455086,L3,Tweet
8befc8ad-88f2-41a1-987c-e464811a5f95,L3,Tweet
472baf1a-cf67-4768-ba78-5caac411d761,L3,Tweet
8713f659-3f69-459c-bbb1-03728327a31e,L3,Tweet
fb401c54-0999-4a6c-a7be-58969cc9672f,L3,Tweet
8adcf73d-3eef-4358-8e5b-8d75ecc4972b,L3,Tweet
5cbbe743-7941-4ab0-8246-7d4f1ad14837,L3,Tweet
4d3f9f5c-d2b9-4521-af3e-ded1b10f6e6d,L3,Tweet
39203afb-46ec-40e8-b531-8561735f244c,L3,Tweet
4888fc79-c413-4d04-93f9-b9d07a57013c,L3,Tweet
533c170a-af1e-4253-88d5-eb20b408b922,L3,Tweet
96ecfce9-af11-47b1-8f96-45d4a6a40f56,L3,Tweet
d98ead14-e6cc-4a1b-885b-c56bfb8791a6,L3,Tweet
943a1079-5240-4afb-b52b-16252061d3e5,L3,Tweet
bf37c7c8-9148-4ed6-add0-809454b32ba2,L3,Tweet
bb5dbff9-d455-4160-ae4a-48c11a89001e,L3,Tweet
e59ea170-24ca-4ee4-b558-ee73b382efc4,L3,Tweet
543a1f75-2846-4a73-9608-f8e8d502f371,L3,Tweet
7843aad9-5854-4ce7-8e8d-9bbeb0691f66,L3,Tweet
839f3c0a-93a2-491f-8a25-e2edaf7776c1,L3,Tweet
31a461dd-c464-44ca-9de9-a04dd194e87a,L3,Tweet
b1ec8635-24cb-4d17-9861-020eeda9345c,L3,Tweet
6f3f2674-69c1-460f-b553-3cdfe1661bde,L3,Tweet
fc8f0cbf-ddb7-450d-8a59-4fbfeeed7c5b,L3,Tweet
40e2c2e2-5658-4f05-a7f0-0b5ac2830456,L3,Tweet
7ee742e4-8c10-465d-b638-9c065379e415,L3,Tweet
07c69d41-b67f-490f-bc92-929a77fa74a5,L3,Tweet
b058a601-f7b1-4b80-8def-36ac4e3d2e69,L3,Tweet
1db9b6df-edf9-4cdb-b3fa-624aeb75d078,L3,Tweet
c1744e5d-678f-4480-883e-538a5672df52,L3,Tweet
34c720e5-0709-4b88-9a48-b780aea79c0b,L3,Tweet
29b9a7c3-9cc5-4037-84d8-e807443522a0,L3,Tweet
06a6ae0e-c4dc-4808-bef8-afc591ce3f6e,L3,Tweet
72c2587d-fcf8-4afd-a031-932464dbb9af,L3,Tweet
ecceeb85-654d-445e-bf92-ea89aca92ac2,L3,Tweet
13e73d52-d426-49bb-98d5-243748ecccbc,L3,Tweet
573564f0-00a3-4785-98da-ae6c82952ada,L3,Tweet
7512fd8a-c1ba-46ab-9714-71669bf30d16,L3,Tweet
2a64dc32-9a17-4902-a14e-19d014b2b6d8,L3,Tweet
73ba86f2-fd8b-43ad-9725-a2a2874bcf29,L3,Tweet
e8934c13-a76a-432f-9e42-de5dffc4556c,L3,Tweet
78ee03e5-ddd7-4be8-a690-002e2af4fc9e,L3,Tweet
fb17de4c-0ff1-48ef-955c-ed6077209be2,L3,Tweet
fcc72c81-96e7-4fd1-851f-b6904918829c,L3,Tweet
9588d2dd-cf9e-43c4-aea0-e84e8ccbcdae,L3,Tweet
87bdcc6b-3f37-4eff-82fe-bb9a33da41a9,L3,Tweet
ac424ed9-b093-4460-858f-70687988685b,L3,Tweet
63a73dbc-d2bf-4c97-a639-093d9ef8db57,L3,Tweet
9cca86c3-6cff-4f3d-88c6-8122af5cafa9,L3,Tweet
afc8535d-20a1-46f8-9d72-9a810a8e60b1,L3,Tweet
4edec53b-7ec4-47cf-a47a-c90b9fb11393,L3,Tweet
0c101562-19e0-4552-bd34-950cb87ec25e,L3,Tweet
c5ee3a50-5678-4010-b9df-7e46682f681f,L3,Tweet
51aab723-e65d-4467-8931-132bddccb90b,L3,Tweet
d6158e23-6cb3-409f-8b09-9d898bbb938b,L3,Tweet
9c40ba82-7ec4-4e98-b776-8cd0f43a79d6,L3,Tweet
8a84f11a-cf9e-49d1-9d4b-b9d19f108094,L3,Tweet
6d5de1e6-0dc8-4fff-a80e-ecfa593dc9df,L3,Tweet
79de752f-e336-4874-99de-24c6afa3fb5c,L3,Tweet
cd8a446e-5988-47ef-9db4-91af4a44128a,L3,Tweet
4131dfa3-6cd4-40ee-b3aa-aca18743acdb,L3,Tweet
f0e7fdfc-846e-424c-8ee8-eabfc03e8092,L3,Tweet
342b476c-ae15-49f6-a580-0bc68973859f,L3,Tweet
e62ec920-3373-4853-9ae5-8762b9b6e431,L3,Tweet
16db66d8-fe90-4646-82f7-fa4f79fcecc2,L3,Tweet
74db6a7f-84fa-473e-9c01-fbc1bb1fc0f1,L3,Tweet
17148965-dc3f-4892-b62c-f38d216c55bb,L3,Tweet
29dd0ba3-5d9b-4564-935f-e61473231a15,L3,Tweet
5e5fdf36-40d2-46d6-a4bd-ab88b1d95a3b,L3,Tweet
8a3ff95c-153e-4aa1-b4ab-f7bf24222cf6,L3,Tweet
7409d968-c74d-4aec-81fa-3d02b8277c7b,L3,Tweet
5322d262-ebec-4b7d-b6c4-0fe6dcfbf389,L3,Tweet
689b236d-0035-4932-b9d9-444d0cddfcdd,L3,Tweet
ee4b776d-ff23-4424-be81-61ab4c89c5f9,L3,Tweet
73c85d3d-3ca4-4fee-ad1d-da15afb9a2d4,L3,Tweet
f5efcd7d-dc14-44cd-b04d-8adfb9f908c4,L3,Tweet
b6090d3c-0c8d-48f0-b9d8-c8c38b621ad7,L3,Tweet
4aeded0b-9755-4264-b4fd-4e0568435abc,L3,Tweet
fb3eaab6-b8c7-43ee-b5e7-247605fd86d1,L3,Tweet
67b6a528-09bb-4026-bd61-5a96a5e054c3,L3,Tweet
40133f8f-253d-41fc-8bc8-aedaeed89a1a,L3,Tweet
03c0a936-4ab5-4a2b-b60a-fb135c6ef5ea,L3,Tweet
9393e85f-cc24-44b4-9f25-e1d41d4344d9,L3,Tweet
98784202-118c-4aac-9d00-bc56224939dc,L3,Tweet
2f9d0f9b-f373-464c-8f61-01cb296c7aa8,L3,Tweet
061f7f79-9f21-4cdd-b1bc-410b18e201ea,L3,Tweet
3f08cd0f-d2ef-45eb-8313-65a2c3dc3555,L3,Tweet
354d56c4-1d36-4680-b754-1ef315c981c6,L3,Tweet
8d499d13-2085-4210-9adc-fbcdaaa4d421,L3,Tweet
b01bebda-e6b1-4694-af4e-686b1dee5102,L3,Tweet
9b60a9a6-c445-436c-a075-5747cf52b507,L3,Tweet
141c1b44-e9f1-4e20-b503-1ee9af7dc387,L3,Tweet
5c9e572a-0c13-4bbf-b13a-bd4fec5f82f5,L3,Tweet
d501c30c-c638-44fb-b494-18cf92441d85,L3,Tweet
296d4102-6fc6-4a25-acc5-deb0a606e35c,L3,Tweet
4b992156-9b38-4a7a-8467-131319f64218,L3,Tweet
4dd9e652-024c-4cdf-baa4-7cea6a0d2c99,L3,Tweet
47651f1e-7322-44cc-825e-f77b7b1afb70,L3,Tweet
efd9f75c-0354-4b44-a7c8-e36256c904c5,L3,Tweet
be5a758b-3b26-40e7-8bc3-78f10c3cdcbb,L3,Tweet
b2fffdbd-5392-4937-bd0a-cace11ac83a7,L3,Tweet
a030bc8b-2481-407d-ac33-37f1935c7e4f,L3,Tweet
a7a62c71-eb98-45e0-b920-742548708ec7,L3,Tweet
c75bd251-6ef9-4926-9785-869e9d0078dc,L3,Tweet
8c55cbeb-2c86-4b1a-9cc6-2f0713e9ddc0,L3,Tweet
9634be31-5c3a-4347-a281-f5774815a595,L3,Tweet
874971af-a222-4ee9-9402-af20faf98317,L3,Tweet
1065410c-3c2c-4ffc-956c-c6fd67e94bab,L3,Tweet
140f2c04-d7c9-4265-8760-7b986a778a49,L3,Tweet
e9e855f6-e93d-4845-9884-9ab16ad6afaa,L3,Tweet
0690c4c3-e5c6-4bcb-a3e1-8827d0574bbc,L3,Tweet
ce5e14a8-4d0d-412e-9071-fa4078a7cd70,L3,Tweet
b619699b-86bc-4986-8779-88369f9e5ef4,L3,Tweet
d8b67d12-9931-49d4-a2b3-a0c2f0fc2805,L3,Tweet
fd317603-bb43-4b52-9a1e-ac57c07aa933,L3,Tweet
b963290c-09bb-4a7e-83da-144e28760ae9,L3,Tweet
726c0332-749d-48da-b02e-35fe4f62ca46,L3,Tweet
6468ef33-a5a4-481c-9ccb-5c0350610f64,L3,Tweet
949ef169-a880-45cb-9988-2ca0e7626ea8,L3,Tweet
d0bab8e0-b806-4f92-b156-c9fd9c24d44a,L3,Tweet
d86f1f82-0b6d-406e-ae4e-395f0f72d429,L3,Tweet
f79f2a99-c198-4cb8-bcfd-a438450cd57a,L3,Tweet
fd3fe7ed-38fe-4c40-82d6-707b42d95250,L3,Tweet
a77ae4c9-8d34-4add-959f-545ec6419f42,L3,Tweet
9a6fcccc-e234-4a02-8a64-29c0c66d9f0e,L3,Tweet
45d140e3-0c9e-458f-b496-b4335f2abe9e,L3,Tweet
685be98f-4ab0-4b34-b756-5100c0604603,L3,Tweet
fc71a76b-13a8-459c-bf9e-2f2fca7993b9,L3,Tweet
bad799ea-cc11-40a7-b6f1-ae4fa0506276,L3,Tweet
65cf6697-92a4-4451-bff3-39c782626092,L3,Tweet
1b844589-45a4-4512-ba74-9e888506f0b1,L3,Tweet
84db3eeb-d5a3-4168-909a-0239f201022d,L3,Tweet
79ce0db1-d9eb-47e9-9b19-061912239146,L3,Tweet
6708603e-b471-4e53-b8e5-a7896c649f17,L3,Tweet
ea5cfabb-136b-4f95-b1a9-aa2db133199c,L3,Tweet
16678bd3-12d5-461d-a672-dfd64131fa03,L3,Tweet
5b6b292f-8bcb-4ce7-b057-eca2dfff69ac,L3,Tweet
7ec18344-9e9b-44c2-bda2-52eaebf7d92b,L3,Tweet
a3bda0b7-68a8-4eae-9391-2399e0b21af5,L3,Tweet
83703b2b-a7c6-4aae-9c44-f1c20825d021,L3,Tweet
419d96cc-11f8-49db-807a-5c2563e74043,L3,Tweet
adb8d1c3-8aee-4a6f-a8f3-51ffd6dfd2d5,L3,Tweet
73f62c61-c2c5-4f3d-b5d9-7967e91c7260,L3,Tweet
5f433809-84b7-41c5-81a9-e3a16cd70d77,L3,Tweet
f78944a4-325c-49c9-b6fc-cd0894b48ab8,L3,Tweet
cae55f75-e8dd-4719-bb3c-31983f81a9b6,L3,Tweet
3ca77075-04f8-4ef5-b9e2-f9e2cbd40b27,L3,Tweet
fa14b3a3-6548-4957-b069-d2757944e132,L3,Tweet
d7fd8a63-68e0-49cf-8f78-b8342ea7669a,L3,Tweet
421f2f71-5479-44ea-a448-05e69de94963,L3,Tweet
774d208c-ccfb-4849-94d0-ef0ba27484ea,L3,Tweet
e4810d1a-49ea-4477-9d93-88b3fb81ad56,L3,Tweet
5281a404-d557-416d-a571-9211e0b40ef1,L3,Tweet
803fc1fb-a40d-4193-8afa-61b1950d0572,L3,Tweet
db30ff17-df47-43f0-8af6-786615ca429f,L3,Tweet
6cedb413-a995-4720-aa97-a4ae2d1a451a,L3,Tweet
88c5b3fb-f36c-4862-998c-d26d0371d131,L3,Tweet
7806cb25-ea57-4dc1-98a0-653b400e0953,L3,Tweet
7b20ea80-4376-4f1a-80d6-c1a0ce48f15d,L3,Tweet
b8e0c16a-fcb1-4d45-8640-b598c7d7d49a,L3,Tweet
7791b7ed-3553-452f-8d5d-ac325253745a,L3,Tweet
eebdc25a-a871-4d9f-93c6-72ded38289d3,L3,Tweet
bffb45aa-50ed-4a54-942b-65872d9da870,L3,Tweet
2a8d1cde-8dc6-43c7-85de-b0c66425a1d4,L3,Tweet
49a0ee86-bb31-4c7b-ad0e-c85e608d7b6e,L3,Tweet
d68de08a-fe7b-4594-bd29-fb3fd5a8c97a,L3,Tweet
df1c41d6-fe2e-4fac-8b0c-2854722c36ca,L3,Tweet
695522a8-b65e-4008-9060-5c3751bd8139,L3,Tweet
bd376be3-fdfa-406f-b688-c4d8b7e66af3,L3,Tweet
2ee3dffc-4eff-4c33-a195-74131cd2bd09,L3,Tweet
218188a9-6e32-4ea6-958c-09da3e5b44c3,L3,Tweet
1c90d79b-3234-4348-af31-9fff6c19ec13,L3,Tweet
fddd1029-ae90-42f6-ba6b-2e7b57716436,L3,Tweet
1c205b73-2f33-4468-978e-cb290c0ad9df,L3,Tweet
458cfe90-f2fd-4205-a405-cd36830fedb8,L3,Tweet
b4244957-6257-426a-92a8-cfc5420e8631,L3,Tweet
16963dd5-2ac3-4d34-b978-1118fb779279,L3,Tweet
b046514c-cb0c-4bb6-881b-208aae2d0936,L3,Tweet
4448ff78-6883-4d8d-9a27-58abcd4921bc,L3,Tweet
21081097-ed3a-48db-adb8-f3973cbc3d8e,L3,Tweet
4d3af594-4804-48b4-abc8-d61c7326bc27,L3,Tweet
272caff5-a53d-48b2-b2a0-457a7ee44946,L3,Tweet
8eae7fb8-4985-4875-8778-9be3c47f387d,L3,Tweet
c1875e1d-99d0-4d81-ad79-ba6fa4f303a0,L3,Tweet
108759f9-a209-46a8-b914-a9509d3122dd,L3,Tweet
0818cb87-f18e-481a-8b52-597f03658ef7,L3,Tweet
b47db4c6-65e9-4381-b968-9469be8e496e,L3,Tweet
94e8a78c-a984-4406-a60a-47732623b7b5,L3,Tweet
2ad6e1a9-4e24-40ec-be82-92718acac2d4,L3,Tweet
70cf5ed5-05c7-4005-bd46-9ce58e4098e5,L3,Tweet
73f3d271-859b-424b-bc61-1b6441027681,L3,Tweet
97fe2cdd-b8a0-473d-b102-4ede2d4f8d69,L3,Tweet
f9ebb370-b7af-4da0-ba55-95b8e72a4d10,L3,Tweet
b60baec2-30c1-467b-b8d5-49bc29844a0f,L3,Tweet
f08fcfbb-71f6-4b33-84ca-4e3ad3e612e8,L3,Tweet
bc020cff-d233-4c7c-952b-dd8b93f6ac48,L3,Tweet
605b5b85-828c-4838-9ef2-a4f4aca17769,L3,Tweet
83c6205f-7c87-40ca-9380-99d51c7cf466,L3,Tweet
a35ea587-2dea-495b-a6b1-f6d43a3b8e06,L3,Tweet
1d8f7e93-1b2e-424b-b0e0-9c09e1a50f82,L3,Tweet
2ff3382f-4722-4f59-beed-ff5b20e82157,L3,Tweet
53ab9fe9-8719-4885-85a0-f921dbd41bfc,L3,Tweet
b58f5b6a-2770-4c0b-88c1-bf37591d72d4,L3,Tweet
f48ee822-7a4b-485c-a4ef-98d88592e5ee,L3,Tweet
2024a0eb-69fc-414b-a61f-9afb95ad41b2,L3,Tweet
765b4f46-e383-4caa-a064-b95f15f2323c,L3,Tweet
62344d15-438a-48bc-b43c-9565882fed9a,L3,Tweet
2e5be484-09f3-47b8-8e88-1e430f10a609,L3,Tweet
d538312a-89a4-49b3-8d18-82170e5425be,L3,Tweet
cc287eea-79a2-4193-a1ca-3921f9b0bdfe,L3,Tweet
ae88ae20-e040-4413-b053-5498e5950b44,L3,Tweet
4dba4144-0a64-4c63-a34e-212c25b2bf99,L3,Tweet
c18e3551-3b42-4bbd-89d4-527b7a9467a7,L3,Tweet
af6af296-280c-4626-8a28-0ea22030573e,L3,Tweet
f6bf949f-ea03-48fc-886c-5feeec32b172,L3,Tweet
6151ba4b-c4b8-4a50-901b-af962530c288,L3,Tweet
1e7a5e98-cc9c-4abc-bcea-0250f5fed081,L3,Tweet
fbe79917-1ce2-451d-baf2-c5f268789aed,L3,Tweet
bb7736e4-ffd6-48a5-9d7b-d723bd9f39e9,L3,Tweet
5478ca1e-cf02-4ab4-ab78-bdbf3caf1643,L3,Tweet
594f4248-62ac-4189-81fc-1a51ad81f61c,L3,Tweet
685d67d8-b2a0-40d0-bd72-4a9bb018516f,L3,Tweet
67451502-3006-4fcf-8b0c-0aa8d72840cc,L3,Tweet
f47ea466-b4e8-4dd6-90cf-bdd04b802595,L3,Tweet
2ca256d7-d9a2-4fbe-9416-bb34012b7d67,L3,Tweet
53b5095f-54d4-4a1b-be31-a3bdb36bec17,L3,Tweet
4273040a-964a-415e-9ce1-0ef7cf199f9e,L3,Tweet
ae13e5e2-13ca-4e5b-b7d5-c62356c9b7d9,L3,Tweet
294c0324-1a26-4af9-8320-1f5cb826d625,L3,Tweet
6f87a58f-4ba9-4d2d-91fc-294f9d300e07,L3,Tweet
50c5c0e5-609a-4970-b7fb-d54a5ed558d8,L3,Tweet
63eaaaa7-f416-4960-9d48-e4f8d577e8a5,L3,Tweet
150ad12f-6173-4e41-94ee-994212d04ea1,L3,Tweet
db730579-ea0b-4983-8dc4-ff3b5757fc0a,L3,Tweet
54b27c3b-1780-4d4a-875d-407ec0b07c82,L3,Tweet
68482f3b-500e-4e0c-973f-455eaaf3c900,L3,Tweet
773ac3be-0ffb-4008-80a9-903b3b0b0fb8,L3,Tweet
b80c6ae3-2954-41af-9f91-21ad97044a29,L3,Tweet
3d95836b-34a4-40e4-87ac-8ae42a835985,L3,Tweet
98098a85-4106-475d-b299-e695920a51ee,L3,Tweet
32d4f035-1bf8-4f70-b436-f03c4872072d,L3,Tweet
92c4414e-a581-49d9-9e69-38c97c48e72d,L3,Tweet
036b8551-6b21-412e-a4a6-e4072af0b0eb,L3,Tweet
905e2625-26fb-4435-933b-7f111c3828da,L3,Tweet
d8c24ae1-4b35-432b-aedd-41b85ee5e602,L3,Tweet
f0dcff45-e04c-44c0-a212-91441c9295ab,L3,Tweet
eb40dbcf-1d71-4f79-ac1f-bd7c5ba555f9,L3,Tweet
7bbfc2d6-7bdb-461a-a772-334de09e0804,L3,Tweet
e99405a7-58cf-4841-a07c-de502254bf25,L3,Tweet
53202837-6d96-442b-b01f-4bb41c2d6a14,L3,Tweet
667f09b3-abc0-4170-9a1a-6df8e608f09c,L3,Tweet
9c012e6a-724a-4db9-9f06-fd0f55b9aedd,L3,Tweet
5c21f6d7-9c9a-462b-865f-677ca7bdb48a,L3,Tweet
51f6d468-dd12-4c9c-9ece-fdfff07796fb,L3,Tweet
788e8cf9-732c-4bc2-a6f8-86100668b8cc,L3,Tweet
8c9b0013-4307-4181-855d-5d5c8d13f720,L3,Tweet
dbeee5d8-73b8-4c09-981c-14b9793e98b2,L3,Tweet
456ceab3-50db-400a-b009-e767970f207e,L3,Tweet
cbe93ea5-3acf-4d4c-8e90-06c8d41c4df3,L3,Tweet
0bea94cd-bcbd-41a6-a568-5b2f43659a14,L3,Tweet
cd63923a-b3cb-413c-8e09-686eb5750631,L3,Tweet
a2c81957-bca0-4b27-9bcc-4f9d43436af5,L3,Tweet
38c73a36-6d71-4078-9455-7685346d7574,L3,Tweet
0a57f16a-3632-40c5-9ce1-1430baf048be,L3,Tweet
ed04faa6-88d9-4d01-b47a-c0e1f2277f9f,L3,Tweet
7b180af5-77a5-4b22-8f61-9cf7887ab663,L3,Tweet
295936e2-f4de-4b66-8f72-cdcc0636473f,L3,Tweet
fc598bd3-acc6-4501-b1f1-b1023f62446a,L3,Tweet
ee4e3e65-023f-40d1-8e85-87e481c366d0,L3,Tweet
80fada8e-2bd0-4a3a-9247-de02b9e59aac,L3,Tweet
2f370a6b-4062-4862-a8ca-0eda4f9272ec,L3,Tweet
ea9a3189-2461-45c3-9a85-85e6a594a0f4,L3,Tweet
8a306288-e1a0-48ea-a3b1-685b8c8814ac,L3,Tweet
6344a041-9d09-45fa-9f3d-99c5f62cedd1,L3,Tweet
0aff5f45-adce-4c3c-888e-398522886d6f,L3,Tweet
5f31ff62-89f5-4cac-a251-c9aa21e56509,L3,Tweet
bfc0f6a1-69e7-4a49-9e9a-683d6282e24a,L3,Tweet
3acdb696-c432-422f-a453-9d662c8986f2,L3,Tweet
74eb047e-d074-491a-95ab-c883d893f595,L3,Tweet
7e720314-9d10-4e51-a0e7-7eeeb55b51cf,L3,Tweet
8ed158a4-ded3-4139-8563-b79c2aec9ac8,L3,Tweet
dd3fe078-a1f3-45bc-88cd-f98093fd2bce,L3,Tweet
807db09c-3ded-4cd9-8bd1-76b48c18d8af,L3,Tweet
01595480-91ce-4c8e-9de3-783fb869f376,L3,Tweet
7842309b-6dab-4020-9808-09a3828747a4,L3,Tweet
14c93248-10c9-4bd6-8c6f-03bb447197bd,L3,Tweet
7005a110-7a4a-4a8c-9d0f-69e0de021b2a,L3,Tweet
8bdc062e-d17d-447b-8afb-498db204429d,L3,Tweet
5cf0d1fb-36bc-4335-8bc1-3228ffdf54b7,L3,Tweet
9b7f33e9-0b9d-470a-9b3f-e763148150f9,L3,Tweet
64038266-ea99-4865-bef6-5d728baa15ad,L3,Tweet
8ffdca55-e568-43fd-bd38-980516c58949,L3,Tweet
9b438e9b-b8d4-4d62-9f39-c8c5b76fbb38,L3,Tweet
8e8ec26f-a4fc-4431-91b1-e2bc5520b2f2,L3,Tweet
44071de0-121c-4d3d-8000-eefca5cfe33e,L3,Tweet
6af992bc-0716-4f2b-abdc-57659763226d,L3,Tweet
f166d1f9-230d-491a-9846-5bf65ea492e3,L3,Tweet
902a7cf3-7c79-4af7-bc15-df9df1086382,L3,Tweet
5680578f-f5e3-4dc1-acb5-c4ae66e24528,L3,Tweet
fe47bf44-0856-4754-b357-e3a15e494052,L3,Tweet
d0b08e44-8a55-47cb-be81-6a65747659ec,L3,Tweet
722294e8-d529-4e8d-a7f6-5719103c00b6,L3,Tweet
1947c8e9-a1ed-4840-83d8-225764755f7a,L3,Tweet
e948b136-f43d-4ea3-9c00-63d10e35cc5b,L3,Tweet
3163e1d6-649a-42ee-aca6-774515489f39,L3,Tweet
0ee52dec-a5d7-4ab7-bcd9-e45e3883a110,L3,Tweet
328d3156-b292-40b2-8cc5-50e43bf83b80,L3,Tweet
8b1596b0-6be0-403f-ae62-1fd3e4b20b05,L3,Tweet
57bbc2d9-e5c8-4e9e-9437-92dfa2414205,L3,Tweet
a5fa6f7a-df50-4dad-ab8b-7e44b7984acb,L3,Tweet
bd6ffd35-f6b8-4513-9c06-c06faa35015d,L3,Tweet
29491f51-6180-4726-ae68-e2f6aeb49a7d,L3,Tweet
f62fe295-4f91-4185-8b61-9bdf054aaa13,L3,Tweet
c8bf4166-fa2f-4724-b4ad-11541007ff2c,L3,Tweet
8398fda2-a16c-4611-876b-96a0c4967681,L3,Tweet
0377afef-7787-4f11-99b7-0b7cc92c719a,L3,Tweet
fd0426d3-581b-4223-81bf-110ea05f07e2,L3,Tweet
58105ced-279c-4bc3-85ce-963b8ad6d94d,L3,Tweet
d735de6f-a2f4-460b-a266-da90e337c84f,L3,Tweet
53027d48-dab1-4ecf-bcc9-c5e627c6847c,L3,Tweet
5d1d23d7-ae80-4c28-919a-d6898465d141,L3,Tweet
fb01cd0c-a1d3-4139-a844-fba4fd7f6977,L3,Tweet
2f6d08e9-adcb-43f0-b5fb-69f97bee65ce,L3,Tweet
23e68f7c-91ce-487f-bc19-e894a7dd5dff,L3,Tweet
76d63eff-f004-44c2-9da8-a8988328b68f,L3,Tweet
586c17ef-8398-42a3-88a5-87bb94c3aa31,L3,Tweet
6a4b14b1-7974-45d1-ae19-eab48d4397cb,L3,Tweet
9bd50859-0620-4d98-aa10-9253e1b67a31,L3,Tweet
63926bc7-1adf-4238-b25d-7de663ca1ee7,L3,Tweet
d6964219-413e-4d1e-88d9-84f2249cea37,L3,Tweet
e2ac352f-1121-423f-b2db-2d0beeeca88d,L3,Tweet
a9209709-dfed-47bb-91ce-f14466e65717,L3,Tweet
43536d96-0e11-466c-b27d-2e1747e5493b,L3,Tweet
52beb6e8-dd02-4070-830c-95460078c77a,L3,Tweet
df25e04e-1ecb-43c5-bd04-e10de87a72c1,L3,Tweet
3a8cd2c2-afd6-4f0e-9d25-8990659bf76a,L3,Tweet
48e7894d-5e01-4259-a1d4-a7c1916db951,L3,Tweet
ad10149c-11cb-42ff-879c-df4e30aa2a20,L3,Tweet
9885aa77-d75c-48a5-9ed7-cde2711a6d31,L3,Tweet
4137a17f-9244-4ef4-89f7-fdf5356de6c3,L3,Tweet
2a657885-02a2-4382-b952-40f7e8d422b9,L3,Tweet
1cc044f9-bfee-4284-a32e-3aaafa0c938c,L3,Tweet
a6f2aaf8-0f72-4bbe-9032-75d245845a52,L3,Tweet
d4cb12e5-9c68-43fc-91a1-d69f008dc388,L3,Tweet
7c56e90c-b49f-437d-9afa-4e5c68de05a6,L3,Tweet
9930b594-bebd-4968-b96e-7a8f9edb570d,L3,Tweet
1dc9cdf4-f009-4f48-b826-533a3cf65ed9,L3,Tweet
a91f0084-dc8c-45ee-a636-8726ace6b087,L3,Tweet
6696167e-20d0-43ff-aa4e-0574b4ba27dc,L3,Tweet
c2d62b05-49b3-4da5-9af9-c6bbf3f51c47,L3,Tweet
f89581e0-43f6-48b7-a9c2-45b6708805d5,L3,Tweet
5753b8c1-f767-4b90-b096-c3db3b708ebf,L3,Tweet
cb6ac167-2dd5-414c-b62d-4c379c17c4de,L3,Tweet
0b204b29-45fb-4c34-a54e-162c62851af7,L3,Tweet
c11dc85d-b6aa-44ac-ad08-195d0124ef42,L3,Tweet
43122147-9009-4be0-ba0e-60acb1d815ce,L3,Tweet
35341bfc-0c51-4a91-9528-c37a728b08a9,L3,Tweet
b8b233d9-cf83-4812-a7e2-1a91cc4808b0,L3,Tweet
4ebc44e1-fea8-4d8c-b0b2-5a3cfc6d39dc,L3,Tweet
4dcfa950-e959-4437-bcdc-2975283b3453,L3,Tweet
b1c358bf-dd9f-4c4f-8457-b14fbcc0b18f,L3,Tweet
eb0fc8f3-4190-418a-9330-4449c5d1ce21,L3,Tweet
1466ba04-677e-4c5e-836c-64e7089fd663,L3,Tweet
411ff6db-269b-4359-a5c0-d15a05ddb20d,L3,Tweet
b436c0fc-e3ea-4bfa-b1d6-387c5c81e25e,L3,Tweet
673f2023-d02a-4ee6-b5b3-c981ef5f2e9b,L3,Tweet
8abd71dc-0083-4dcd-976d-83aa6143c508,L3,Tweet
88663023-fb45-4171-bbe7-d857a4047798,L3,Tweet
2e313e23-9eeb-4b3b-b3bd-32c21f82f879,L3,Tweet
dfe98f21-e70c-450d-bec5-b0c27d218e56,L3,Tweet
85501b87-b9a3-4303-aa60-49b0903dfe95,L3,Tweet
d3d522d4-5d48-4a75-9bc6-7c1693dffabd,L3,Tweet
221652e6-d843-40bf-ba40-72d25c109615,L3,Tweet
584e319b-7053-4819-a670-79d73cbd8871,L3,Tweet
3d545ed0-c7f8-47ee-b1ca-5c47715b0748,L3,Tweet
bf99a60a-3b6f-47cb-9454-d8f63a73fdbd,L3,Tweet
f0d89427-7bbe-4c1a-b269-5f32ba8f66e0,L3,Tweet
6206cf60-f38a-4113-a7c4-f939179e8648,L3,Tweet
57560f11-781e-40d0-bbab-c6bcf00ba01b,L3,Tweet
d9fa64ee-ee6f-4897-b3cd-c14a1c620e96,L3,Tweet
13e8ac9d-29fb-48d0-9a4a-ea2f672c65df,L3,Tweet
75ebd327-a076-4265-93cb-de8135fcbb73,L3,Tweet
96036997-a3ce-4f9c-9fcd-f5073b83738f,L3,Tweet
c2f98016-757f-41c7-8079-f1b76fa8d4c1,L3,Tweet
29fd1ac2-5665-4e4d-a3f9-dce19077de50,L3,Tweet
76a6f052-9eb7-40f4-bb03-0b305b13973c,L3,Tweet
04858011-1a5f-4215-a50e-a0fae0ed4cea,L3,Tweet
95eb7a99-deda-4a8f-8fdd-29dc02ac204e,L3,Tweet
8ce92c3f-2e46-46eb-817d-381eff287b18,L3,Tweet
a247662f-b8c3-475d-866b-87d01dcf7af5,L3,Tweet
6d0a770d-0ac2-4f77-bf0c-31ef51c0e021,L3,Tweet
761a9762-916f-4cb0-be3b-ee9fa716b7be,L3,Tweet
e6e4765e-77bb-4b34-9fa4-ac787188f9a5,L3,Tweet
c747b522-6e66-4951-a9db-5ff2af2c8891,L3,Tweet
6abb2dfd-1576-4574-a640-3fc113e0a1fc,L3,Tweet
21c5299e-bf84-4c9b-9799-9a0dbcc9c69c,L3,Tweet
da2938a9-77c3-44cd-89d2-65af43c5b646,L3,Tweet
37fa35b1-cdf2-4cb3-afbc-5f50c4d48f87,L3,Tweet
a4e9ffd2-f2eb-4d34-a026-63e9c57f2f7f,L3,Tweet
a21c9f60-7071-4a60-b15c-60629c95984a,L3,Tweet
fc6ddd1d-762d-41c2-8aea-f3bb4122a78d,L3,Tweet
0153c068-e623-440f-bade-e4f1332e8ce6,L3,Tweet
0a58b4ff-2b25-496f-911e-be0c22e0fc4f,L3,Tweet
842f574a-8151-47d6-9c21-a865301ef0d8,L3,Tweet
4059cd92-2591-4f2c-a7d5-fe77852faa59,L3,Tweet
2c01d384-9cef-456b-963a-b21a278f0168,L3,Tweet
c7dfce59-4f82-4ee7-a54b-a03f002f14bf,L3,Tweet
cd97b853-49e7-4a04-ab85-ac268df0ed3c,L3,Tweet
51750072-dd36-4c3f-a6e0-3a144b1697d5,L3,Tweet
9162bc9b-cb30-41ea-b854-1ab51a8e063a,L3,Tweet
3f6cb02a-9232-40d9-b053-0140b077a4dd,L3,Tweet
20447823-de29-4179-a03b-55bc8ced0947,L3,Tweet
f5afeb02-0f6b-48b7-8c30-2c87eed0414f,L3,Tweet
ad74c08d-8bac-4e0e-b7cf-1ef63a8ff936,L3,Tweet
b792abfe-7d6e-4497-8301-39cd3ec09b0c,L3,Tweet
81dc958b-840d-412d-8106-7998a8ef9c65,L3,Tweet
53c1eb06-3ff0-4b85-95f2-2e233fdc3b02,L3,Tweet
4dd2c4c5-7c12-40b4-94e3-94dd68f5ef65,L3,Tweet
f08e123e-fbea-461f-a76f-2d6229d0017e,L3,Tweet
a8feafda-d312-4656-b19e-7c5072129d29,L3,Tweet
34d5460d-7cb7-465d-8c65-50ae8b1d76b6,L3,Tweet
870a1035-4ca5-4dbf-a741-d6ba6537af66,L3,Tweet
eb36a7ce-b15d-483a-8701-ca915dcbe562,L3,Tweet
1c3269ff-3479-4dd6-a3a3-2a261e9209a1,L3,Tweet
3c63b36c-fb62-4be4-a7f0-e6250ea8cc22,L3,Tweet
56d53f62-b257-4f80-9214-ff739c807854,L3,Tweet
91d3bd9f-bd1d-4776-8ed8-c5dfb3d685b3,L3,Tweet
b31da04f-56bc-4ba1-96b1-c99baaab1d67,L3,Tweet
c7706771-f934-4ff6-b72a-42d0cc57789d,L3,Tweet
df1786fd-8ed1-4895-b523-6ace443989f2,L3,Tweet
48a1484c-0136-4abc-bff3-b62e60615ea3,L3,Tweet
b8aeb1d3-c9a4-4a84-992f-c6ad7571531d,L3,Tweet
acf7f203-c24c-478c-aee9-b57dfeff9b50,L3,Tweet
14af9bd6-dedf-4823-875b-1367c77e3a88,L3,Tweet
1d673f3f-5477-4442-b53a-56fbbcf6a28c,L3,Tweet
d4dd49df-36dd-4d08-bf40-e303ae24205f,L3,Tweet
ff944f0e-a3c9-4ac0-a781-4caef9b6c2d4,L3,Tweet
ffa82cba-187c-4312-8b04-9e021e0927dc,L3,Tweet
57198b91-6a91-46e0-a55b-08bf02f82c50,L3,Tweet
2c00bbdc-067a-4d69-9328-3438165fa83d,L3,Tweet
e8520be3-e66e-40c8-974d-dfba2a1b15b7,L3,Tweet
865cc766-04f2-4553-8147-986d0b4716eb,L3,Tweet
dc00c870-50b6-42a1-bafd-e0bf8420f56b,L3,Tweet
252fae39-e8f5-4cb7-bd63-21d863970a95,L3,Tweet
dcd581a9-d251-499f-b6ac-0217b1b18496,L3,Tweet
121ccef9-1d7c-4a0c-a5e3-439a36e533c7,L3,Tweet
58ffe328-b5be-4869-b880-75a38716b28d,L3,Tweet
cd7174ee-ad4e-4fa9-b2ae-fd4941a54e10,L3,Tweet
12c54e6a-fe15-44a1-82ef-9000c2fe47a7,L3,Tweet
1aceec08-71ed-4a3d-8b6b-0f19623b9df8,L3,Tweet
ab4db080-ec0c-4cfd-bd64-bb445ffeb7af,L3,Tweet
03b66d18-93d5-4b59-80c9-27689438ec46,L3,Tweet
d94ae9a9-d87a-4931-9c21-de791b2f8547,L3,Tweet
751339c7-246a-4221-b14e-759c45b16203,L3,Tweet
f6230475-c946-4a28-9724-19c7110b54cb,L3,Tweet
875c5152-a824-45cb-98bb-8b76160fec5e,L3,Tweet
cf954368-20a7-40a4-a81b-c16373cfd5d2,L3,Tweet
d8054e64-51c2-44af-823c-0569140f8838,L3,Tweet
ee2a3c52-edf8-4b7d-80ea-39e6a7c29e65,L3,Tweet
1d22026d-4732-4d25-bfc6-131ee9668b8a,L3,Tweet
1fe47d8c-c22d-4cd5-aaff-7fbebeabeda4,L3,Tweet
6995a3ec-c086-4a73-acf6-5401e8069552,L3,Tweet
5fd347bd-c09e-4fdf-b729-59bb97375a4f,L3,Tweet
c855e5a2-2485-41ed-8b8d-62a2f992b0b3,L3,Tweet
e22fb72f-08f5-4653-a070-db57b658346f,L3,Tweet
45811dc3-35e7-4f58-97e1-f536b82a9918,L3,Tweet
3620f1b7-a132-46ae-938a-98fafe3d4bda,L3,Tweet
65970c4f-f196-492e-8f61-07996f606121,L3,Tweet
f7865219-4e0e-40e1-93ee-7ad87c659d1a,L3,Tweet
54b8a959-f43d-4bc2-bc00-097de494ebb0,L3,Tweet
eba1453e-18b3-4ccf-8a05-ac9192c8496f,L3,Tweet
00164727-f514-4861-9553-120c35bd9c8b,L3,Tweet
e5d64638-7d2e-4edb-99a5-d3627d34726b,L3,Tweet
89551de9-0b23-426d-8b99-d191b508a1ae,L3,Tweet
926d7dec-fd15-494d-96ff-dd64d3ad652f,L3,Tweet
d913672f-0064-4e13-8593-fd90c416c0ed,L3,Tweet
01fbba54-97a0-4021-8b11-943b9260779e,L3,Tweet
5e7589aa-7889-42e3-bb92-f4afe7e4ab1a,L3,Tweet
a3988540-443b-42f2-875a-9de80959dd1f,L3,Tweet
baa0370f-f678-4798-abf0-3426efe8b507,L3,Tweet
2d15692b-37f9-4487-923f-55c95b0c68ca,L3,Tweet
362b2b23-c740-4e22-9e6a-5114b51c3883,L3,Tweet
68775e31-b2df-46fd-9ff9-2d03f30fc8f6,L3,Tweet
5d0f86ca-156f-4bb1-8669-a2585e493c7b,L3,Tweet
d6e6f27c-75f2-4451-8795-06aa5d81ae85,L3,Tweet
5ccd1566-0df4-4208-b506-cf50df499b4d,L3,Tweet
a4694949-790f-42c3-a823-09e29c97fdc0,L3,Tweet
34e29055-3fe6-4950-86fe-de564d7b4437,L3,Tweet
df23b728-608b-45d3-8f3a-af570571919f,L3,Tweet
07872022-6e15-46fc-886a-cc9f5782f0fd,L3,Tweet
908f8139-97e7-4d33-bb8c-3b3777da3029,L3,Tweet
1d0321a6-685b-403d-a45c-9f6da49d3b7a,L3,Tweet
d74000e0-6003-4846-9c88-b2f233acccc9,L3,Tweet
82a301d5-c252-436b-b393-9a1612f45877,L3,Tweet
ce670c7f-867e-4848-bb3f-9208d99d5794,L3,Tweet
45289bb6-b239-4a94-a9cb-4484b1d3e740,L3,Tweet
08329b44-b29c-4ca2-aa26-2effbb096819,L3,Tweet
b364e096-3d57-43b4-b757-dc5bf3b2f977,L3,Tweet
7acafec6-2e0c-446b-a6f8-6af32f27dd3a,L3,Tweet
796f2e38-263f-4b7c-a5d1-8390367c4481,L3,Tweet
67df01eb-14b2-4659-b7ac-01eb1eb40f77,L3,Tweet
986303cf-00ec-48b2-867b-cd87fb6e1726,L3,Tweet
7c464978-b196-4134-8bb7-0ff21f84bb11,L3,Tweet
6bd7ac7d-c7e1-4823-bb03-738f090eeea8,L3,Tweet
189704d3-1882-49ac-80dc-cea0cef5c99d,L3,Tweet
e0da23c9-0753-4552-b409-ec1fa23312f5,L3,Tweet
245ea7be-3dcb-4798-82bf-75dadb2121a6,L3,Tweet
3fda1545-191f-42a7-8202-948b65493bc5,L3,Tweet
3a1a2a33-b35f-4c3d-80e0-82e0f39a9c3d,L3,Tweet
acfeea98-f58a-419d-b130-1ed04eecda34,L3,Tweet
e46dd72e-7cb5-47a5-be09-c2c3b0cb41ad,L3,Tweet
debd78bd-398f-42c7-98cd-b48dbda7f8d5,L3,Tweet
1a8c1392-062f-445d-9054-872a720e8d7d,L3,Tweet
217e7fff-6853-4bca-9415-daaef14d1776,L3,Tweet
1bc0991c-b4b7-4f91-b9b7-696ca6b2c29d,L3,Tweet
a9325d5c-6bb9-41f0-bc32-830198594269,L3,Tweet
ef37d6eb-000a-4b73-87f8-31e921d1eb45,L3,Tweet
2f2367de-fd65-4a52-8498-0154bcaeab8f,L3,Tweet
95d29b94-3ea5-48b4-aaf4-65a19fb6992e,L3,Tweet
af5ba115-33d1-454e-841e-d0217d4f9ceb,L3,Tweet
d7f2dd5f-4db3-4b15-855b-f4bea0e674ed,L3,Tweet
a5ef8e73-aa17-41e0-85bb-06266ff3ca49,L3,Tweet
3bf5dcbc-fc5f-4926-8db0-45424e9e1a87,L3,Tweet
f770489e-7405-48b3-bd92-0bc0f51c7ca9,L3,Tweet
cb15f2c2-4718-4af5-8b66-b31aed2daf65,L3,Tweet
a6999132-cd3e-4234-86e4-2207793c0e69,L3,Tweet
034a80f5-a38e-4ceb-89e0-7467937b5389,L3,Tweet
7160d177-549a-4b9d-b1b4-0393721daf61,L3,Tweet
b6a8536b-e181-4e8e-b7d4-860b27264610,L3,Tweet
1ba24f38-a13a-4f0c-9baa-a57e8c29f090,L3,Tweet
b9daebac-7c60-4b39-91c4-5bed45bec171,L3,Tweet
8a338bd6-a7e8-450a-a6e9-60d354946802,L3,Tweet
4cfbda15-6101-48d6-98a7-21ca9f53147d,L3,Tweet
4bf9cd5f-f093-4fd3-9cd2-20989cf786be,L3,Tweet
897662b5-dcbb-44c7-889f-934990bdcf0c,L3,Tweet
3a9b581c-bd08-4f2e-bcd0-ce2d38fdca8f,L3,Tweet
16c5f38f-a4a2-41af-87d3-26ecaa976b06,L3,Tweet
05ca4b3e-7660-4c09-a067-ef0630fd1416,L3,Tweet
71ab56a0-14d0-42f8-86f2-ddb6fcbc7773,L3,Tweet
5db3bbdf-2e9f-4f7f-b48d-55b3db370067,L3,Tweet
53fc739b-752a-40f9-8c4e-a48a19edd923,L3,Tweet
65e5e5ce-7d85-4a7b-9968-2528ae996f48,L3,Tweet
f1c1d0ca-f965-4c14-8e82-9845a34e5d44,L3,Tweet
ac85f37a-edb7-47e5-b431-ee6b23798d7b,L3,Tweet
fe4dd04d-aba8-43df-8ee0-39b8ed518926,L3,Tweet
2a09a01f-3971-45ed-ba29-73545588c102,L3,Tweet
b4df3140-9500-40cd-8851-6828e234923e,L3,Tweet
f8ba0d66-cea5-4df3-a8e2-859369a26601,L3,Tweet
10ac9d2c-485f-4242-8021-b731cf74cff4,L3,Tweet
b81cab6f-1160-49a0-900e-19971a292d84,L3,Tweet
f2aed52c-8272-4b7a-be6e-e3b034a363b7,L3,Tweet
84f5bb9b-5b7b-4dc4-b1ad-da3eb48a06ec,L3,Tweet
20537b49-4270-4357-ab78-847b733acdea,L3,Tweet
4f15b5c8-f3f5-4dd4-9a58-4dc929c76137,L3,Tweet
f4023882-daae-4d4f-b251-0be5c9047a8e,L3,Tweet
00058c25-f790-403c-99a1-5ff643ec4756,L3,Tweet
8b96d981-3c83-42ea-b91b-1774bf6dbfb3,L3,Tweet
42c352d4-6b95-4d15-9cf3-7d105458b054,L3,Tweet
eccfa1d2-e9d8-4e22-94c2-acd4cd3850c0,L3,Tweet
6d9b58a0-a124-427f-9f6e-2828b0617546,L3,Tweet
ab87718a-5720-4680-934b-b23c28b3956d,L3,Tweet
97ab92d6-afde-4e1c-a483-a92a19b44fac,L3,Tweet
ddedcb00-47a2-4840-a355-fa8b244a3e09,L3,Tweet
ecc59c98-eb16-4430-83be-b8aaa7da464f,L3,Tweet
04fe8539-afb1-44d8-b63a-81f773ba8c01,L3,Tweet
764d4419-f191-4931-9aca-d60235d22c50,L3,Tweet
a542f971-542a-4add-b5f0-cc000ddf65e3,L3,Tweet
c3367734-fe05-45d8-bee2-53f7d15898e5,L3,Tweet
6e43a3d9-4009-43ba-8a2f-757d5b995e65,L3,Tweet
605d1955-de92-4a65-a12e-9d2cc8cdd596,L3,Tweet
064329f3-5b58-47e5-abf4-cf6fb1f321ec,L3,Tweet
65cf3999-af51-4ed2-9dd5-1a530dd1c2ce,L3,Tweet
9b6bd9e1-a7df-48ff-a14d-5e55554cd45a,L3,Tweet
7d0ae826-7cc6-4308-8315-b22628605633,L3,Tweet
4ffda003-4507-4c74-a823-9a593c7ecaa7,L3,Tweet
41da94c2-9dbc-4894-8628-9c41ec6e57da,L3,Tweet
a3680071-86c1-4502-a9f9-7744ab709ed3,L3,Tweet
45ade055-962b-4de5-99c2-8095ff13bb6e,L3,Tweet
617e4b5a-f0f8-4d5d-9732-6701a26cde84,L3,Tweet
2937382d-b4ea-490c-89f8-d7f36c78b920,L3,Tweet
4b4a4a70-4c32-4e90-8bd9-0243ec9bd53e,L3,Tweet
952698fb-dd93-4521-8a8c-ce273a485162,L3,Tweet
a65541cf-bd48-4769-a435-43f5d5b21c3f,L3,Tweet
c64f329e-9128-4ccc-873e-d27a28ab342e,L3,Tweet
1139978e-e0aa-482d-be48-4b0e84759b1e,L3,Tweet
395cc05d-c6b0-49a5-9176-5c04ff5fb2ac,L3,Tweet
33eb17e4-e5c1-4904-9417-1fae505d019e,L3,Tweet
1ba11653-6dc6-410b-b4eb-f6ed1a2b06e4,L3,Tweet
c72e30ac-182b-49e4-8371-3c561ace091c,L3,Tweet
679fc0a8-b98e-4d5c-baba-5e46b30c0eb5,L3,Tweet
a1e85753-31c2-434c-94ce-46cd49525acd,L3,Tweet
a968bf2c-0f24-47eb-a1db-95bb6a86c58c,L3,Tweet
fe4b569d-a0f3-4a17-ad11-081d22655583,L3,Tweet
95a5c726-c9b1-4e59-82a3-d3619b0a1eb7,L3,Tweet
a3e48193-c4cf-4a41-a254-00bdac3e2a02,L3,Tweet
8a9b8b16-85fb-4baa-bdf6-50858d2f2186,L3,Tweet
189c7734-055c-40d6-b726-5967e80735ab,L3,Tweet
98ddbe9c-a89b-4674-8f3e-a30c02b6f713,L3,Tweet
7c68c2f7-2f28-4355-aaa3-482e250768b0,L3,Tweet
fcd3845f-7841-4322-80b4-ab0088516ec6,L3,Tweet
d992c59f-9888-423d-95e6-21c4d7c729f9,L3,Tweet
70fe96f1-3ead-43a0-b908-5edec6ef454c,L3,Tweet
8d4dce67-1441-4857-9d48-ff8a300875f7,L3,Tweet
f89befc0-e2d5-4517-9bbd-ff4a03b4ad54,L3,Tweet
ba4d84c2-fb8c-4c28-a95c-7f4ffe87bbef,L3,Tweet
f375565d-770c-4c17-a755-be3c1c31f3db,L3,Tweet
dd96fe82-2e13-49b6-ab65-f503ac152558,L3,Tweet
bf558b8f-5bf3-4863-a5c9-de5b8da909c6,L3,Tweet
c17e1363-cedd-435b-bf56-5bd922811f11,L3,Tweet
a7524d8e-1a64-487f-b401-0d54460bd8c7,L3,Tweet
c02c8298-52a6-42f7-905c-8f7e515c10a2,L3,Tweet
201827ba-392c-4e41-9d75-ef7399983ce2,L3,Tweet
54873c34-a034-460c-bb38-bc6206981095,L3,Tweet
c7156019-3420-44aa-81c1-0171ffac7edb,L3,Tweet
31b9dd7b-a55e-4338-a630-52e6f451c25a,L3,Tweet
f3bab2df-3a77-4532-aad6-1b21f5bd4d82,L3,Tweet
f709407a-ba62-4b6e-91f8-5ae7573f1ce7,L3,Tweet
87681b01-f4ef-4c84-8dea-2297da89b6a9,L3,Tweet
e117865c-950b-481e-b8a6-d1de921a9f39,L3,Tweet
dda752d5-9cbb-4ce6-b51a-d0ad3d2b7058,L3,Tweet
3daa2b81-7668-438d-a498-10e598d016e9,L3,Tweet
e1e7f4fd-7a77-4631-b780-09442d060131,L3,Tweet
e4464708-7f4f-430d-8937-111a5c5b50dc,L3,Tweet
e5ba4d80-969c-430c-81c6-ab9ac7732abe,L3,Tweet
caacd9f1-8fb6-4ae0-9b6f-5403806a9964,L3,Tweet
2b4a6380-414c-40ef-9d6d-e385f5f94a9f,L3,Tweet
81fc64e4-b3b0-45bc-b89c-6b471ead7047,L3,Tweet
e55736e3-976a-4326-91f0-d253cb00fb3d,L3,Tweet
5990f9f6-b8dd-4c96-bbdb-16c26f33d6b7,L3,Tweet
78cee0cf-837e-41b3-8b45-71b2af03b863,L3,Tweet
f722ab1c-41f0-41c2-a1e3-ebc02518cbe5,L3,Tweet
0dfedfab-7a98-4841-8236-b2edc5310903,L3,Tweet
2d4b4ea9-078c-4e51-b481-d07ae672cf7c,L3,Tweet
8442f67c-8e8f-4c9c-8f4c-eb96767dd62b,L3,Tweet
1df24cfb-ca48-49f3-a74d-13886daedd20,L3,Tweet
806f1785-cb06-4fbf-973e-f824f02a8143,L3,Tweet
e321f3a8-4cdf-40ac-bc06-dc9ba07a9b1e,L3,Tweet
7fbe64d4-54cf-495c-8a55-a79e5a51d0ce,L3,Tweet
ab3b253e-8c70-4084-924e-6528b3c6eebb,L3,Tweet
8caa6988-31be-4549-899c-2eee5df31aa6,L3,Tweet
2233a3db-20e1-4f90-951f-ea7ba84e2dd9,L3,Tweet
01bc9f11-e8eb-4399-b591-85a8d7931624,L3,Tweet
87d868ea-fb2f-419c-a68e-fcc0465aef97,L3,Tweet
cecb03f3-0e0e-4630-828b-aada92e53092,L3,Tweet
bc8b1f75-5a3e-41c9-b64a-5e5315999ca8,L3,Tweet
fc74a3cb-3cff-4c15-b1cb-e4f6ab9eee1f,L3,Tweet
268abf15-e4d7-41a0-8edd-8836cd7cf671,L3,Tweet
ded415c0-822d-4516-baed-74f7df202cd2,L3,Tweet
2c777732-d278-477e-b4c3-6d8bf59dff5f,L3,Tweet
fb12a6d9-6c9b-4f50-bb34-3e65081c7e40,L3,Tweet
d4678b30-31d2-490d-8e1a-0c5da020f3aa,L3,Tweet
8696f821-b1a9-4fca-a35e-d49111ee6385,L3,Tweet
ac591708-59e5-4406-8094-f05787fcc979,L3,Tweet
b196f90b-f0b0-4a76-b26c-eec2e6338400,L3,Tweet
2d882f17-bf88-4dc6-97a1-23eb04003ba9,L3,Tweet
18ad4553-ba78-4689-aec9-3249aad7f3f0,L3,Tweet
aa8cd945-f4eb-4490-8668-104f3e489a72,L3,Tweet
44929c6f-e610-4374-94af-aa5d13a808af,L3,Tweet
51ccbe00-8676-417d-94a8-08af982f5c16,L3,Tweet
5679dfc5-31de-43af-a39d-deea787387a5,L3,Tweet
95e37eba-bb86-4fe4-9eac-cde89dd717f2,L3,Tweet
50bb834b-65af-4ec1-afe3-1f5efa6afd1b,L3,Tweet
5e5825f2-17f5-4933-a581-984004a48471,L3,Tweet
5dd7f10e-0ade-4c8e-a091-4468f568cdae,L3,Tweet
043de7dc-a7a1-41b8-88bb-fdd59593c366,L3,Tweet
eec18695-acee-4584-81b4-4347766d130f,L3,Tweet
4328735a-142f-48a1-b367-57a3b09bf5ae,L3,Tweet
df6de145-875c-47d3-a8b8-4f6d490da3ff,L3,Tweet
8ced291e-bcdf-498c-b6f6-d7216cac8365,L3,Tweet
306121f1-e01d-4cda-9c86-9b682f8a873e,L3,Tweet
20c319ac-281b-4512-b624-ff7a575d95a2,L3,Tweet
ac3fcc47-0a14-4153-8fbd-7ae6a0fec178,L3,Tweet
ebb2aded-a52b-467f-a2bf-d9a9dfc8b948,L3,Tweet
c6dcc197-2e40-4ff7-a62f-f389414a676b,L3,Tweet
62cfc721-7b01-4da8-bd73-bf56e6cdae3a,L3,Tweet
054efd0c-a4ab-4642-9a15-ecd8477b5b45,L3,Tweet
331ed474-007a-4b43-a880-5de41c3f6a55,L3,Tweet
7f5abb43-c748-451a-93d1-bc65cf1b7550,L3,Tweet
10fa6df7-56ce-45bb-b172-dbea85518ea1,L3,Tweet
251b1695-f945-40d1-aea0-12492a5209c6,L3,Tweet
41e431f1-4af6-4fda-99b5-6331f2594de0,L3,Tweet
a89add92-b83d-4886-a062-f1478befd181,L3,Tweet
8c84355f-b38c-41c1-9c06-26081312d779,L3,Tweet
9fc0b3a9-5bf0-48b9-9fdf-73f97eef8fa2,L3,Tweet
300a3be2-d57e-4201-93c2-83bce6c9ba05,L3,Tweet
66accb4b-0c44-411d-beaa-cf33c21ecdc8,L3,Tweet
41dd7aec-6fb4-4564-a6cb-2e6d0dc3cda1,L3,Tweet
1cd08e87-9f71-4640-8253-a850bc0c0077,L3,Tweet
8e8c54fb-e0ac-4c82-aa7a-7f16294f598f,L3,Tweet
d3ddbc20-5a8d-44c4-9b39-3b64db2a8f9e,L3,Tweet
510dce73-73f8-4264-b58b-f4c18db53d1e,L3,Tweet
de318a42-32cb-4e32-bf94-e36081bbd52f,L3,Tweet
a92f3ce4-1334-40bf-9c26-8d39d8dd90b8,L3,Tweet
e374523e-dd4e-440a-a4ca-1fa11709b7d4,L3,Tweet
488c0539-755f-483c-914f-457d8d00cd18,L3,Tweet
38330037-1c31-41b4-b0b6-3e4194b8391e,L3,Tweet
148d6d2b-d4bb-4ca8-9c14-88e623394741,L3,Tweet
47e18351-cd72-4a95-b3a3-43ef9227a063,L3,Tweet
06c0e352-a02e-4ba4-8ee6-913c36291cbf,L3,Tweet
dcf0fccd-ec13-4dc0-9ebb-8dd12711012d,L3,Tweet
65f80572-ce6c-4d7a-b863-9ffeae59b0ed,L3,Tweet
2cf6f5b2-4ebf-4c97-8d29-3ade1b3b71eb,L3,Tweet
27dc7b50-5f5b-423e-a486-862250759d88,L3,Tweet
3016953a-7cbd-4d6e-bd80-b53d0c3f598b,L3,Tweet
4b51bb71-5f78-45ba-9665-fcd4873b2cde,L3,Tweet
76973534-906f-47d7-901f-66e6dc15340f,L3,Tweet
b5f85c25-fc00-4a5b-99ed-db8559867ed3,L3,Tweet
85930c8f-2198-42c2-af4a-7aef0f87a841,L3,Tweet
f1ead566-5167-462f-a914-c49580e61ac5,L3,Tweet
4e839d7f-8042-4d52-a028-aa0fceb44420,L3,Tweet
f104557a-dc87-4aab-b5f7-4e8e3047f4e0,L3,Tweet
c65b52f5-7167-4e74-aca9-1f2554f9b29b,L3,Tweet
ac4c87e8-4a75-4d5f-a88e-49f7b9958dda,L3,Tweet
f475f127-9515-42c2-98ca-75fd34362199,L3,Tweet
80443bfb-9f20-49fc-8687-c72c87a363b1,L3,Tweet
0d766bd8-f42b-4f3f-a755-b2593bd45e8f,L3,Tweet
d250ef6d-3ccc-4eb1-91d4-481606ec361c,L3,Tweet
24f1d5da-4b30-476d-8dc5-fd31a037d634,L3,Tweet
21448d08-5995-43d7-916c-4247b7e340ab,L3,Tweet
d7f145a8-d359-436c-8de3-4f4fc312e4ed,L3,Tweet
cbff2998-47cf-49d5-943c-6432cf9c4381,L3,Tweet
84bf5ed3-3456-4baf-a8f0-9cfe8b7870e6,L3,Tweet
70cb8829-9f3f-4be6-aef3-c2bac58faefd,L3,Tweet
1cbd9e0d-73b6-4852-bd71-c6489d5342c2,L3,Tweet
245c08e4-44d2-4abb-bf60-439a029f4aa2,L3,Tweet
4e9693b7-efc1-4521-bf51-4c1da544fb9f,L3,Tweet
cf8ffa5f-044e-420b-ad3f-3b4e119fdd62,L3,Tweet
3a5a3b38-1635-43d5-aeea-a8aa2878fb03,L3,Tweet
4a078301-807d-4677-8c47-8a60650e4ad8,L3,Tweet
0c643c92-ca6d-4811-b2e3-8a1ab1abbd83,L3,Tweet
3f9ef79f-85e5-49cf-9850-cd8e802c172a,L3,Tweet
5ab820bb-464f-4ae8-bbd8-21a314c5dae2,L3,Tweet
61c2ca7d-cbcc-4e10-9496-1ea85bdc92c7,L3,Tweet
1010e996-0c71-450e-818e-a77482c37dae,L3,Tweet
c7a06cde-1f27-40c4-8e96-2ed7bdf2e3b3,L3,Tweet
dfebc1d6-4671-4fcd-9d18-8b73a74154df,L3,Tweet
787a92b7-0948-4a76-a12d-59272f04e36f,L3,Tweet
34be3e7a-1e3e-48a5-aea9-cd5f3dbc7351,L3,Tweet
60900932-2818-422b-b03a-909c09deac97,L3,Tweet
a64a3d17-859a-4785-9a79-cf052ffb2945,L3,Tweet
eafdbf71-dca6-4616-8cb8-59fa7bc7e9de,L3,Tweet
366b21e7-fb0f-491b-a671-8e98e3bd9710,L3,Tweet
bffbdb1f-f0a4-41dc-8ea2-d3f65d842cfb,L3,Tweet
4b6ead39-6f00-4aa6-b564-3205d0b26938,L3,Tweet
e156989b-c4b6-45b4-888f-de4f7f6dce80,L3,Tweet
21985c6a-bb94-40c9-b976-359f12d83b21,L3,Tweet
4f414a4f-d0f2-4652-9019-9ac973a110b9,L3,Tweet
ff8cd8da-409c-4360-b1fa-6250b64ba244,L3,Tweet
7ef86ab1-9e36-41bb-abeb-f6b589cabfff,L3,Tweet
8785da7b-d62b-4b1d-8445-69c14d6b29e0,L3,Tweet
899d0631-0bea-461c-9ddb-940e8d9d42bf,L3,Tweet
0ee249bc-d307-4eef-b3d2-727c19df2a15,L3,Tweet
5a37eb29-ebb6-4226-ac21-b4f0e880572e,L3,Tweet
609c366d-74d1-4cd9-9218-305445b84165,L3,Tweet
ca5b7c3c-b676-4508-86c6-8cc1b60bc8e1,L3,Tweet
2e696e6b-e865-449f-bf45-5d054465b1d2,L3,Tweet
ae872088-591a-453e-b93c-d8f71ad981f8,L3,Tweet
066ff8cc-678b-41dd-b45b-3473d0886518,L3,Tweet
0327a7ca-dd04-4631-a3da-03f2e37c6e8b,L3,Tweet
aa775c3f-5fff-4553-8715-fa243cd540dd,L3,Tweet
c866d6e6-efb6-4b58-90a0-3f8eb96bff59,L3,Tweet
1c664e80-da2f-4808-a049-46255d73f8f2,L3,Tweet
bd026c92-6dd5-4227-bfa0-a98ae8e02ff2,L3,Tweet
d1417bcf-032e-4a8f-8273-2dfcd16fc84d,L3,Tweet
1e52009f-520e-452b-b3b1-dc0b8b776bec,L3,Tweet
6dcfeaf7-e46a-43df-981c-c0a756f031c2,L3,Tweet
8a39f1cd-c221-4f24-8a22-7ecc88859b9b,L3,Tweet
f285b4bc-64df-4f85-855c-fa54d52d4928,L3,Tweet
dac358ec-6785-497a-b004-ba40c907c342,L3,Tweet
e010a077-c833-4635-8535-df822fe3ce4d,L3,Tweet
375a1da6-7844-4eaa-b16e-5a763653aaf2,L3,Tweet
9a192e93-bf83-4d7c-b043-976bdf296d80,L3,Tweet
f84b453b-fe39-4f8b-91b4-1a33c008300e,L3,Tweet
de23f29a-b987-46c4-810c-0e7690d9a4db,L3,Tweet
d7923674-a18a-4f55-862e-821fe069330e,L3,Tweet
25a7ec2b-2d23-4eea-b224-3f0059fbff64,L3,Tweet
026aca04-32de-471b-ab17-73d4f6e7be3b,L3,Tweet
2de81015-6b6d-48c3-b9bc-7be5d35235f9,L3,Tweet
bd7ec4d5-0479-4063-a904-8b292ef85842,L3,Tweet
064202bf-e845-4253-9ea2-3e1651e1ad54,L3,Tweet
b02c5152-51ce-4c58-87e5-ccfe167813d2,L3,Tweet
45d39b21-e254-46b7-9c43-c7c227eb7188,L3,Tweet
590b2066-e133-4db0-8736-d9ce661f8986,L3,Tweet
6c0cca41-c242-4828-b888-7890ecb1a85b,L3,Tweet
5dfa3e6b-912a-4657-9cc5-134840f6113f,L3,Tweet
128b799a-2595-4963-97f4-83a4402bb6b5,L3,Tweet
d8c14078-17fe-483e-917a-b5d483e612d2,L3,Tweet
501cbfb1-d917-456a-bea9-01b33e0039be,L3,Tweet
73d1cc7f-23f9-442f-9a93-8e1584e066b8,L3,Tweet
34b0f639-af31-4563-8113-0444164e8d42,L3,Tweet
c540a184-2dcf-4f58-a964-448772df9ca6,L3,Tweet
db76386e-e188-45d3-8d9e-cedc2539bbe7,L3,Tweet
db2565b6-4848-424e-8d39-32d9586c33fa,L3,Tweet
beecdee1-bdb6-48a1-b0aa-de9bda7b442e,L3,Tweet
7b5b4c80-e32e-40d9-87f3-cd6f02062892,L3,Tweet
c2bd7a78-7ece-42af-8bb6-2c15ddcd3a07,L3,Tweet
2d5cbcc8-d7cb-49fc-a078-5de33aeb5cdf,L3,Tweet
c0dfa62e-2f8f-4230-9d7a-b5ff4785607c,L3,Tweet
b9a6ab50-34d0-42fe-b308-59ff664cca72,L3,Tweet
fd738cf3-7160-4eb8-bece-c0c31554a4dd,L3,Tweet
3402c0c1-21d5-4468-9466-8047eb2f9f83,L3,Tweet
2aa5d02d-725f-4cfd-9953-882c620e7f5a,L3,Tweet
21c96539-5236-4ca2-a54a-aaa8b21cbdb1,L3,Tweet
3fbde2fe-1b89-4629-97c5-4ce97e637a0e,L3,Tweet
a419e6ab-b7a0-4ce0-8369-b7ccfa7f1aa7,L3,Tweet
10f4fdfb-bb14-4069-86e7-79e393053e0e,L3,Tweet
1ae2b0d2-1293-4dfb-8ae1-ef73141c4196,L3,Tweet
e3b37502-833c-4c1e-ac6b-07a748eb57aa,L3,Tweet
5e21b1f0-9954-4bbb-bf5a-d1bebf7868a7,L3,Tweet
5ba01e54-6e65-4f64-8df3-246346b98aeb,L3,Tweet
17992398-8e1f-4c89-a214-2ea76f15239c,L3,Tweet
9675a1a5-3a89-4463-99b3-858f5469595d,L3,Tweet
831bcef9-f187-4cf3-9faa-de0236277ff6,L3,Tweet
844bcd0b-d27e-4f08-9b12-a74c905c281e,L3,Tweet
0b9c520d-ff02-480f-a6e5-07266d566810,L3,Tweet
1299f584-5c6e-4933-8bf4-fe4dcc444d52,L3,Tweet
88d27267-6c27-4e9c-93b5-31a10e4b3103,L3,Tweet
58d95fb6-cd8a-45f7-8e54-5c6afee90f06,L3,Tweet
6c47c36b-7903-4b71-8034-d56e8bac5349,L3,Tweet
b3367150-36fb-4861-9247-aa02e6af37e5,L3,Tweet
3c1e7a87-f586-4147-a546-471b6488d942,L3,Tweet
73da4060-3416-459b-8171-f5b59564a514,L3,Tweet
cdf95e03-184f-4e45-bb72-8f4412f6a2fd,L3,Tweet
5ea618b0-bcdb-49af-94da-0a5deb681db8,L3,Tweet
78267d53-9d26-4057-b0d9-6f4ce623c662,L3,Tweet
f3cf09dc-6dd7-42ba-8364-d788c3155543,L3,Tweet
99152532-d793-4c90-a9fa-81562ba7c9dd,L3,Tweet
f68802e1-ed96-41db-8f34-1b763f16cbfb,L3,Tweet
7ad73bb0-3195-4350-9077-7e524df69286,L3,Tweet
d8e6aa73-e186-4aad-addc-8e4f13dd44a6,L3,Tweet
38b6c86e-2d13-4a26-bcb5-5c105e2b5b73,L3,Tweet
33d72c5d-3eaf-4974-90d7-6d5bb6ed084e,L3,Tweet
6ee33e79-08d4-48f3-84e2-455dc7aab17e,L3,Tweet
e40cb5cf-4a76-4940-a8a1-b92eb37189b4,L3,Tweet
45052fcd-2e83-474a-a859-35a74ad8beb7,L3,Tweet
9d001085-e89a-4d2b-ad9d-4498587359e7,L3,Tweet
c85cd71f-4822-47ef-8b12-e207f7a28925,L3,Tweet
7ac5474a-2206-45aa-a68c-cbd9cb3f591e,L3,Tweet
13e65077-a5a2-4e7a-8ab1-b0a66a7f14cc,L3,Tweet
98495f28-f5b0-462a-8601-5608ac8b0e2d,L3,Tweet
443e6023-d334-4da7-904f-4b4c5711aff6,L3,Tweet
80044785-b567-4710-8b53-1c446fd92498,L3,Tweet
21654f68-83b0-4035-bbe3-2c1892d9a823,L3,Tweet
9a8d51c8-5044-4b1e-8ca0-9b4bc5ba0ea6,L3,Tweet
4d2fbe07-7b4d-4da2-a644-3b4630551915,L3,Tweet
2c023742-d777-4c74-aa7d-caca9f5872d8,L3,Tweet
8d310cb4-619d-4e8c-b587-a5aea5fe9038,L3,Tweet
2e794cd9-0c3a-40d0-9bef-c3a520e1512f,L3,Tweet
46b01907-8a87-4bed-96d9-f2245b44d930,L3,Tweet
ef6e44b1-6bfa-41a7-9de5-36867b3652e3,L3,Tweet
4e26b5a2-de82-4386-9a12-7164bca91eed,L3,Tweet
e3f5527f-e222-4a15-af4b-95c21e9903b6,L3,Tweet
8eb642f6-b513-41a1-a2c8-8f77ae52bba7,L3,Tweet
625d721e-c05a-4de8-acd3-967714266172,L3,Tweet
0d679105-3877-4540-bf06-51f73388fe42,L3,Tweet
91d1c4f1-4842-459f-a2c1-04ecf5f5e43d,L3,Tweet
c4d2d07f-bfe3-444d-8120-b4298e3f64de,L3,Tweet
bf33ca75-6ecb-43f2-93d0-0106969337a8,L3,Tweet
60cad78f-0fcb-4581-85db-c36f140401c8,L3,Tweet
e0d5443d-8e36-42f5-bb7d-fc2fb484b04e,L3,Tweet
9ec04063-5bca-473a-9293-fc973e0779a7,L3,Tweet
43ee590a-0af1-40bb-9bfa-9d4eca0bcc76,L3,Tweet
46756ef7-133b-4448-a934-95b6c4dabd80,L3,Tweet
860d04b7-db12-48a9-8043-fbbf294b0c11,L3,Tweet
04acbd6d-981f-4c7b-839e-33a515f9694d,L3,Tweet
4c0cb0c8-c650-432c-9895-d47a8b2aeb38,L3,Tweet
b933a29a-56ff-4d9f-8141-ebf19da6b0ae,L3,Tweet
04d3791c-33a9-4dc3-957f-59f0df0e2621,L3,Tweet
ba9bca59-1315-4569-9c0a-888db0905571,L3,Tweet
c81c064d-8767-424e-867f-cfbc3e847ae5,L3,Tweet
dd486e5e-e863-4528-82a6-a845dc401bfa,L3,Tweet
ecc03560-17c1-4809-a7a7-6a495f038627,L3,Tweet
7734d3b4-c99f-4fd2-8e45-2773b506da5d,L3,Tweet
67a5a7c2-6443-47f0-bc65-f89cf70f4c96,L3,Tweet
be8dea3a-a498-4bb2-8e99-11fd04a18965,L3,Tweet
3edae140-2e49-4e4b-a647-5afb2dbdc3ec,L3,Tweet
b7ffb863-b1c8-4eac-839b-d540950d0ae8,L3,Tweet
d1e1f697-313b-493f-844d-54a4cdf2d5c6,L3,Tweet
fa5d68c6-7ceb-4441-b50c-e6642bf1ee72,L3,Tweet
daec75dc-d6d4-4507-a9e3-2b71a8b6bfcc,L3,Tweet
023bfbc0-2139-470c-9519-243d788ffb8a,L3,Tweet
2f939b99-9bc0-4c1a-b1c1-43465762af28,L3,Tweet
3b561fec-6aac-49c0-bb23-e995315fcca0,L3,Tweet
69640c9f-0d88-4e18-8abe-c5a9110a8731,L3,Tweet
ffc5848b-58c4-4e5b-8e48-0d453d5d0c29,L3,Tweet
2f027e13-cee9-4e81-b786-f3417964261b,L3,Tweet
63c10853-5bdd-4c34-98c8-287853e078f5,L3,Tweet
f369175b-dda8-493d-acb8-48bbf7fd0499,L3,Tweet
72cf1e71-b755-44bb-b9db-23d24ba75885,L3,Tweet
b335750c-ed9a-4bc3-ae38-7dff8c384f37,L3,Tweet
a154b8b4-8a4a-4836-9360-4818c66f204a,L3,Tweet
31b809e5-675f-402c-98bc-ce42e8dab43b,L3,Tweet
117ee7cd-256d-4662-8bba-5a6ab1a05d6f,L3,Tweet
bc616dc2-4da9-4969-9a71-b7a62a349eae,L3,Tweet
750b82fe-60b1-404c-bb62-7236ff7e9e77,L3,Tweet
8739bcfd-a4fe-41d9-8af7-e8ac0a646d36,L3,Tweet
4aabda09-27e5-4bc7-a2b2-6dca69cff754,L3,Tweet
6e132153-b7c0-48e9-b798-dfd6547a627d,L3,Tweet
2dd40911-891b-4c0a-a2f7-861a95683c6f,L3,Tweet
d355420a-a5a3-48bc-91d6-41dce91ec549,L3,Tweet
9b742d08-dc09-4a06-889d-0a9d2e3d0d8c,L3,Tweet
e77a3e3d-208a-448b-b562-c9154d344809,L3,Tweet
3c905072-009c-454d-ae73-f8172685b009,L3,Tweet
18b2ec1a-15b1-44bf-a225-321f40048678,L3,Tweet
db3883a0-fd57-4796-9c8e-cb8b128c8aa0,L3,Tweet
a28ba9ef-339f-4232-b577-1c99d18bfc9c,L3,Tweet
96a8fd88-e523-4922-8b1c-f3d2a817471b,L3,Tweet
e57f2cdc-f852-45ad-a30e-9289cd18e270,L3,Tweet
2ae4dcb2-50d9-4515-a2f8-46282470035c,L3,Tweet
b8230a0e-dd94-4197-8f77-6a43d9da1b55,L3,Tweet
b5c4cde3-b300-43f1-ad27-7355e3b8c3aa,L3,Tweet
975dbb24-640c-4882-a360-c8cae5c6d9db,L3,Tweet
1388c792-d857-49ef-9282-b1a3dc576658,L3,Tweet
c8e6211e-3906-4e6d-8f94-46c5f50281a5,L3,Tweet
b4d3d9de-5aca-4bd1-8f79-c8f46a1c4353,L3,Tweet
0c3de9c4-854b-4966-a2a5-5e6326d708f4,L3,Tweet
7cc2996b-af87-4811-9942-06bbeb6ff9c1,L3,Tweet
051fd65a-a72d-4eac-846e-b8e685c55542,L3,Tweet
cec31487-60e2-4f4a-aec2-6f72bdd56391,L3,Tweet
82ca288b-33f8-4a5b-a399-4fc6e778744f,L3,Tweet
f081abd8-3c56-457d-8fef-90a96cdc31f5,L3,Tweet
58f99704-47ca-4579-b3d9-a7e0463eb575,L3,Tweet
f1d7a37e-6790-44e0-b99c-e313d261dd3d,L3,Tweet
a1cad820-28b7-4986-8213-4c87be5f54a1,L3,Tweet
30371a94-215b-4a9e-801b-accfd0528175,L3,Tweet
8279da92-846b-45ad-afc2-e19727c6cdfb,L3,Tweet
2cd3d971-6430-47b5-94c0-2b7d9a4f921b,L3,Tweet
2c5e3dcc-491f-4afa-9177-75df7966303c,L3,Tweet
0771e375-ff37-43b6-a4fd-0a2fa130ac85,L3,Tweet
7b1f87db-e4b5-48cf-b9e8-a6691d04ad7e,L3,Tweet
993155c7-b376-4901-81c0-7f40aa737052,L3,Tweet
98dd584f-1350-43fa-b033-29b7d60ef3c6,L3,Tweet
4eec33cb-36a3-4545-8023-42b7f8092c4e,L3,Tweet
dd9a8633-c5c3-4eff-812d-1049234905ba,L3,Tweet
fb27f742-030a-4637-b674-6336f62054c6,L3,Tweet
b54b190a-0c7e-4b8b-b5ca-8104cfd607d6,L3,Tweet
c512bcde-3154-4099-bce7-3f8047c2de6c,L3,Tweet
aaad524e-5380-4b19-95db-16969291711e,L3,Tweet
67b91369-beb0-4b57-994e-b0b915e0934f,L3,Tweet
c2502252-7403-4489-ba79-f699eb1d10cb,L3,Tweet
cfc7dbf7-836b-4d01-bd27-8e96f2961f93,L3,Tweet
9eea9e4b-4c76-4197-81b3-5ee47906edcd,L3,Tweet
4c2c4288-7b95-4c2d-acbb-bb5a11631443,L3,Tweet
6b756d4c-164c-4a77-96b4-361ed26aeb4f,L3,Tweet
74ee9041-7419-4ccb-9615-ec293b7c35ab,L3,Tweet
74dfd832-4ef3-43c0-96ef-5deafdf28bda,L3,Tweet
25d6663e-9ae1-4295-aba2-ee023cc9778c,L3,Tweet
14543184-c1f3-4959-9ce5-8fc0ea55e5a3,L3,Tweet
12ab1b58-7453-4c08-8db4-55079d8ec32f,L3,Tweet
084a660b-1cd3-4ace-b294-7d8615d49654,L3,Tweet
890490e6-4eb7-4719-93ab-50294a635911,L3,Tweet
ae5fee3f-bfe2-4972-a97d-b53e87e80735,L3,Tweet
1f9bb859-7e79-47ff-b62f-c2eaeb6ca023,L3,Tweet
0efc81a7-b1c4-4c92-9a24-a5605ed3df32,L3,Tweet
81d9c84e-c67c-4a56-93bb-11d270719765,L3,Tweet
3a1d1662-2479-47a6-a414-8fbb2ba321b0,L3,Tweet
60e7b25e-1084-4388-a8dd-ce65f7e8b4b3,L3,Tweet
e9df0792-bd4b-49a2-83b7-a4fb914ad8c3,L3,Tweet
e87b5c9e-454d-44a7-9c0a-93ca0acf70e5,L3,Tweet
30491129-7fe2-4c06-9804-25693d3d0eac,L3,Tweet
991ee9bf-3a3b-4811-a60c-549fd9a00a79,L3,Tweet
52353d62-9c8c-4850-a9ff-dac9b5bbfeba,L3,Tweet
6354d0e1-0f78-4a80-b329-aec73168447e,L3,Tweet
0a884fae-704c-42e8-b22c-554cc67a65e5,L3,Tweet
042d6a66-9e3c-4701-b8bb-0ee351f47d72,L3,Tweet
7fecbdb0-ac8d-462a-bcad-1105215f07a9,L3,Tweet
8c1ff987-a519-49cd-aa6d-703421807764,L3,Tweet
8dbf8698-53ac-473d-8fca-96d7576cfca3,L3,Tweet
2ebc560d-77b5-4e8a-be54-b4bf4f129358,L3,Tweet
c7dd6614-5023-4111-b330-6b2003299e37,L3,Tweet
4b8890b2-7c16-4532-b117-7a2a478d90d4,L3,Tweet
d5ea96d8-3858-4cb1-a3a1-0addaf7d0e05,L3,Tweet
97c77f07-3e8a-438e-a794-70a1ce737ea5,L3,Tweet
8201566b-40d9-4977-b648-4dbdea423155,L3,Tweet
f6743754-0380-42a4-9e2d-9e6b792fbec4,L3,Tweet
96935031-d193-42e4-b7be-51ef2ee7563c,L3,Tweet
e18b4653-4d24-4dde-b8fe-de956724800a,L3,Tweet
4070fb94-51ce-412f-a39c-e2d1597ebbec,L3,Tweet
3c0173b6-64f2-4e22-93e8-2dfe484c7c45,L3,Tweet
4159745e-89e9-4e7a-8089-9c37f0280b87,L3,Tweet
bd33c95d-a0c2-4f69-b534-7c6e7dd96b4e,L3,Tweet
64777f10-73a0-4c0e-8cde-6dd6d116a516,L3,Tweet
f2ad9d8d-bfd1-4d2f-ba8c-394dd0c8e040,L3,Tweet
c01de9fc-8e19-417a-b0e2-04f821602b47,L3,Tweet
f2c589a4-b1bb-4b2e-832d-8ffa8aed3490,L3,Tweet
cafc0d41-7b6e-4b5c-9501-51d7c0f0ea47,L3,Tweet
7b5f6b14-8990-4efc-9678-e12c8cd9bd19,L3,Tweet
5e244afb-574e-4f5a-bb4e-38d4fca72882,L3,Tweet
1d2befa6-ccb6-4e31-8e48-e26d83128543,L3,Tweet
fad0a33a-7d73-4728-8a4c-8ee05d486e46,L3,Tweet
be0d603c-7d38-485b-a23e-baff8bd2768b,L3,Tweet
ed32af28-ca66-4fc8-9019-4f6f175d548f,L3,Tweet
b7c73d5f-1085-4ef6-a145-ae025297c80f,L3,Tweet
05e9f257-abdd-4f1d-8865-8ca761a93ac1,L3,Tweet
98b41ac2-baf5-48a3-bbe7-ac7363473a46,L3,Tweet
61d3e67e-51b1-4d79-95cf-a40d5899b505,L3,Tweet
a66359fc-0cf6-4ae0-93c7-5b6627b298d5,L3,Tweet
0f4b6f5c-5359-4339-8cc9-b7b04aa5a316,L3,Tweet
3c5b7165-13df-43b3-aa5c-32bedd1e4b7a,L3,Tweet
5736a7f7-5d6e-47de-aaaf-1ff68512acfc,L3,Tweet
4a88abd2-527e-4f03-9c2e-5a2b8040c280,L3,Tweet
55d6de8e-f491-4bbc-a01f-7c204fff7f7c,L3,Tweet
445b401c-cdbf-466e-9fe2-3d5b6b597eaf,L3,Tweet
a43fb315-85b5-4388-ab40-641e6972719d,L3,Tweet
89d9dd03-2cbc-49f5-81e3-329d225b35bf,L3,Tweet
16f5fa6e-62dd-4830-87e6-58fc4ef0a4e1,L3,Tweet
58f45e7c-9ec3-4a9f-9e89-3163ad98e5b6,L3,Tweet
f1a9c803-a447-4f6a-bcf0-c9422fda64ae,L3,Tweet
a6a14e72-c64b-4582-9595-083959f9feca,L3,Tweet
28d0e401-56c2-4396-a53a-35107ffd11d4,L3,Tweet
8aad69f2-4fe7-4f8f-8477-2f33ef8de7df,L3,Tweet
0cdd55b7-9549-4667-a0c1-d538df205acc,L3,Tweet
d82885e1-59d8-447c-b8b4-e5c2b9337767,L3,Tweet
97db0c70-f380-487f-8cf4-aa447e973e6c,L3,Tweet
f60b1e93-d64d-493f-93ee-a122eb5fda9b,L3,Tweet
12f41b95-3f3e-499f-8dbb-5655bfab965f,L3,Tweet
1f70dd3a-3a34-4175-b19b-805a6e6bb0d8,L3,Tweet
2d64c78f-cf15-4a3c-bc45-0e9668f0d658,L3,Tweet
0772816d-4bea-499a-9a19-284cdaf4efde,L3,Tweet
5eb8501e-f020-41d1-94c2-dd456677611b,L3,Tweet
c501089d-5f5d-4b3c-897f-94e96445894c,L3,Tweet
4b48ca48-f996-4b3e-b4c8-3b50fa94a1c8,L3,Tweet
8ed1bb6d-821b-49f1-a5ad-74c6f5b7d25a,L3,Tweet
08faf2e2-69fb-4802-9c40-3ee19184abf9,L3,Tweet
b5c8d421-df6a-4cd1-aa47-17a10049e34d,L3,Tweet
d716f50d-6058-459c-8dcd-48fb3f863e47,L3,Tweet
84aba50b-4e49-412f-89d4-582ac78c5139,L3,Tweet
a319300c-08aa-46e2-ae81-1382e11df850,L3,Tweet
55208510-7eec-46cc-a309-d435edde7e7b,L3,Tweet
74389ad5-710c-4e7f-9187-569cb51e3520,L3,Tweet
1d0874f9-eed1-409b-9769-75119e24de5c,L3,Tweet
33c2f21a-2f91-4462-94f4-8f48bcc95d0d,L3,Tweet
f4b9d0f9-dd24-4d55-8986-94048ebe7b85,L3,Tweet
671f615b-0260-458f-9ae8-5c8539f6e226,L3,Tweet
57497e0d-aae9-47b1-a9ee-02df4cf418c3,L3,Tweet
fb209011-2d80-49a6-bcff-46f99a682b72,L3,Tweet
25d5f86f-6b1f-4f4b-8dca-1072e6f7d8c1,L3,Tweet
928dcd8c-2364-4899-b645-cdd9f0fb08f5,L3,Tweet
314f9e6e-8253-4402-b248-f7b2ef48782a,L3,Tweet
a43a730a-cbbe-4b6c-9456-5d7e1fc33201,L3,Tweet
c8c54bec-56dc-474c-b02f-1ce18d0d2a61,L3,Tweet
595fe762-fb44-4816-84ef-8d8ac721003d,L3,Tweet
6924617d-648c-4b70-86d5-d65424116182,L3,Tweet
49ace9f4-ea36-4e5b-852d-631c5b03b96a,L3,Tweet
6a917642-73e4-4407-a12b-79e566de4fcb,L3,Tweet
b23fbc37-3a1b-4fbd-b276-4ac038d60515,L3,Tweet
7e137b93-b10c-4bec-aa93-402fd3682721,L3,Tweet
a0b4ec71-ba7d-4234-811f-f648060f1e1c,L3,Tweet
5e176c5a-1d6e-4708-bbfd-9ddbf92295d3,L3,Tweet
0c4a6a78-0ebe-452b-be1a-20a2500801f7,L3,Tweet
0c65debf-e563-452a-8f7f-a5d53e1d4255,L3,Tweet
0118eeed-c65e-4b2b-81a1-86f32d483326,L3,Tweet
e40ce7f9-9c0c-444e-8b36-712e9559c4fd,L3,Tweet
e3cf6644-c6f8-4096-b8d7-ae0c9f077bbd,L3,Tweet
a0b2b278-4570-4a4b-a6e7-3c808f75caa2,L3,Tweet
7c00e2d5-44a8-43d7-a861-0ef681e68929,L3,Tweet
07c1b9ae-b2a8-4334-828c-697f3cf274f2,L3,Tweet
c4c9f229-acbe-4a44-a75e-4fb3823f9eca,L3,Tweet
26a125c3-09df-40fb-96a4-780ae7ef6470,L3,Tweet
f0b28e88-c4f1-4822-97a1-540e8b0a398a,L3,Tweet
9f619000-2b41-470c-82ee-e575d44b382c,L3,Tweet
ec2c9452-fa31-422d-98eb-b59d6d489b94,L3,Tweet
6372f78c-e2d4-4c34-9c9e-9993b3a2364b,L3,Tweet
14c4f53c-0360-4daf-b26a-4a02e2e9308e,L3,Tweet
531e6f56-2862-44dc-bf9b-e601d00d7ae9,L3,Tweet
134d53b0-01a7-401b-983c-9ea86ae31ae6,L3,Tweet
097fb254-894b-4cc2-92a8-32ef7576002f,L3,Tweet
5903d376-eed2-4fc3-9786-c952beb08c66,L3,Tweet
ef92019e-135d-4c53-8093-6006525fd270,L3,Tweet
0ff4c61c-6c3a-440b-b292-8548252aac45,L3,Tweet
5ddc3b92-d161-4fd0-98d2-f143b3a349e2,L3,Tweet
75371ddf-ec4a-4707-8ba6-1d30468d58d2,L3,Tweet
4e16897b-95be-4639-9721-5c4557984ca0,L3,Tweet
dd54faba-0099-4136-b98a-92832a73977b,L3,Tweet
e0365c63-afa5-4829-8394-65a5d65bdf8a,L3,Tweet
c6fc6934-d57d-4b7f-ac92-7b5b85d0fb3b,L3,Tweet
f1e28d91-07a4-4b8e-acd2-b72f2fc3cea5,L3,Tweet
dce75290-d7c1-4411-bda3-c1ec3f1cf1f3,L3,Tweet
4e8519a7-48d7-4c38-891d-14a0c78d19a8,L3,Tweet
c9e4871a-9b24-4f33-8795-ecd8017fef7d,L3,Tweet
e4f9e5c8-03a4-4eec-b5d5-5f501e0fb410,L3,Tweet
9fc435cc-b9db-4d0c-be6d-b91bc4630e14,L3,Tweet
54dfe5ea-5d36-476c-9841-6e33c6b3d763,L3,Tweet
5edd8aa9-a1c5-4518-8ce6-9af4c65ac00d,L3,Tweet
c0cf1d8d-c194-482d-9e0d-c18e0bc16a2b,L3,Tweet
1cbf87fa-9a4b-4839-90c5-49a2710df306,L3,Tweet
1f4b75c1-a61d-4dd1-a72d-108f02c9f2ed,L3,Tweet
c29e0376-0128-4a6f-9dd2-4c9bdaa3a238,L3,Tweet
c92bee57-ae11-475a-8b3d-374d97fa4b77,L3,Tweet
6dcb91f7-3a27-4f9e-98ae-837b7d1429dc,L3,Tweet
430c254d-7537-4e9f-833b-1ff461f96d00,L3,Tweet
d54bcf01-7a33-4b50-897a-c5673bfbad49,L3,Tweet
9f185dbd-1f12-4b4e-af1e-dca6981a48e2,L3,Tweet
845ef4c1-9d23-4cdd-8231-9b0d7af1d967,L3,Tweet
0d2d7e9b-4d6d-4989-8ef7-56d366a8ae66,L3,Tweet
de43a6aa-e391-4417-bd4f-45d24856d006,L3,Tweet
67b5d096-f144-4b2f-83d8-8179a04ee748,L3,Tweet
32ae8687-e6d0-424d-a118-0409d6e1ca8e,L3,Tweet
7a80a2ff-1d32-4b5e-b123-bda57fe2d1c5,L3,Tweet
255a6e77-10b8-4ec9-b19e-7b382e0b52ae,L3,Tweet
b150f465-1171-4af6-bd1f-5337a5d2e129,L3,Tweet
cddc9a6a-3062-4889-95d2-91507c663be0,L3,Tweet
a59ddd30-4b8b-459e-bb74-340659185cb4,L3,Tweet
29ba5945-0280-4525-88aa-c7882ce8a840,L3,Tweet
0e3ed53e-cbd5-43e0-bb7c-07d13b775a86,L3,Tweet
f47047b5-950b-4f3b-a753-517c92fbe28e,L3,Tweet
1dbc24a5-b6c3-4809-82a7-0e7b6821fb90,L3,Tweet
19704245-e01d-49c5-b221-c9ac1db2aa32,L3,Tweet
6e103fe1-8133-4dd4-9ebd-417c9089faf5,L3,Tweet
ba57b7a1-b8e8-46b9-975a-01ec7aa57bbe,L3,Tweet
5da56014-6723-43d2-b258-7ec9393c754a,L3,Tweet
681abe3a-5ab3-46d1-8444-d06af1022435,L3,Tweet
c01a25ec-783f-4efe-b360-e46553b178eb,L3,Tweet
28b28e17-39dc-40d7-9989-5aec443e5cdf,L3,Tweet
cc245fcf-d3b5-418e-8f0e-a1f22034ca5f,L3,Tweet
4eae7cce-baca-44bd-906e-f2f42a089ebf,L3,Tweet
98155511-071e-4a6b-85bf-8046fdad02c1,L3,Tweet
7d72c787-315d-402f-8437-f6c5063c7e63,L3,Tweet
a5686cc4-19b8-4a63-b8a9-b3e0114c46f3,L3,Tweet
f17a34bd-dad8-466f-a4e6-86a2d2c1bc27,L3,Tweet
f872a6ff-c07f-434c-a1f7-3f9e30b45ea3,L3,Tweet
ba4d3e55-fb0c-4f83-8dc9-47215ab790d0,L3,Tweet
0d148fc2-473b-4ca3-b7ad-1a3447139895,L3,Tweet
c2c2a9ce-76d3-4b4b-baae-5c894efc8e65,L3,Tweet
a9f32447-e4d1-4cdc-a56b-f07832c6597b,L3,Tweet
908843c2-bbe6-4d3d-98f8-ab07904a5ade,L3,Tweet
7aff28e6-e87d-49c6-90b6-0e62a9aa8341,L3,Tweet
4c3972d8-d5a4-4af9-bbe5-d893c31f355b,L3,Tweet
1678697d-7ddb-427d-a62f-f783b288cd4a,L3,Tweet
e7276111-51e8-4a36-be4a-8bfeb5b07cc6,L3,Tweet
000e1c04-ee60-4d67-a368-14f59909c26b,L3,Tweet
d68ed8d5-c525-40e0-ae06-0601a037a4c1,L3,Tweet
186d73b6-0792-49b3-88e2-d87d17771f30,L3,Tweet
5c87e5b1-7308-4316-8f40-0fa3d772d087,L3,Tweet
53ad449a-f655-42e7-8834-11b508c9da1f,L3,Tweet
8a43b383-4b91-4a2b-ad7a-a2f557ae583f,L3,Tweet
a527acad-370d-49f5-96bd-c5c18929914a,L3,Tweet
5e3ff58c-bcce-4a27-9636-ca3208b24a15,L3,Tweet
72c66f43-c4fd-4525-9ed7-023c409ced30,L3,Tweet
d7f46ed7-15e8-4bb2-a172-a21eb0c4bfb6,L3,Tweet
944ed502-80b8-4e99-8d35-070d974979f3,L3,Tweet
5e6c64f0-cfa4-4aed-bee5-b9ec6f3c3b86,L3,Tweet
a6c5dd90-8b4f-46a3-9704-27bf6c5e22e0,L3,Tweet
9967204b-be52-402d-aeef-6714fe9a9903,L3,Tweet
e45f22aa-a30b-4efa-8d3f-d909399f74db,L3,Tweet
9402f51d-e7b9-4a30-9238-361ba3b59375,L3,Tweet
a7c2e068-842a-40ae-b793-3544ed059261,L3,Tweet
1e7b703c-070d-4e08-87f7-d9d6d77aedc9,L3,Tweet
49254632-196d-4fcb-a9c9-fcb4473139fc,L3,Tweet
ff6fb3b8-8bb0-40dc-a886-00b56caf1606,L3,Tweet
6913db07-1486-4e50-86d2-390317f31ab4,L3,Tweet
f2dcfc56-0397-4bfa-9195-2867e8e05a4e,L3,Tweet
762cd5ad-34b8-4826-a597-6f5818b12075,L3,Tweet
fb72dfc6-b89b-43c0-bf7a-bdb0796aa81e,L3,Tweet
6a1f78c5-2e27-459c-a87e-089e55e9e154,L3,Tweet
c077dbf5-3cb4-4bd5-b0ce-e5951e517d65,L3,Tweet
5c694455-7f53-4767-903c-90644b46a50c,L3,Tweet
45778c3c-6a95-4d82-9f96-5dc1e98ac2e5,L3,Tweet
169396ce-a498-4aa6-b4df-18010fa8d267,L3,Tweet
6ce174bc-6aed-4024-b6cb-9a36a563f56b,L3,Tweet
f923f4c0-4537-4525-a2fb-897b9fe736c8,L3,Tweet
7117330e-0942-4be1-a077-2f0fe7083558,L3,Tweet
ead0e5c2-fca4-4e6c-89be-59023082cf13,L3,Tweet
12748346-d0a0-4b26-beea-c59723cf7e29,L3,Tweet
2630c543-beb5-48ee-934b-e473bbb7a6b2,L3,Tweet
01fc097d-06c9-4215-a7f0-67e9151cb039,L3,Tweet
e8ddc384-bc5e-46ea-8e7d-5f522f47051d,L3,Tweet
5a9a1895-427f-45bc-891a-942cf4efbc34,L3,Tweet
9d62c78b-3323-4547-b1da-9ed71751283b,L3,Tweet
da32310a-38b4-4954-9faa-8883f353483b,L3,Tweet
bb3cb691-8ecb-426a-997a-8b6f0581bf00,L3,Tweet
3b0d79ab-73c7-4ab1-96ff-fce7b60c0381,L3,Tweet
560bdf77-3fd5-42ff-8eb9-4b0969f31692,L3,Tweet
0bf4887a-c13d-484d-99f6-6e304b68e7c5,L3,Tweet
5ba6bc1f-c719-4c30-9976-710c88783862,L3,Tweet
15d32ad0-e489-4075-acf0-6ae23c5a7a48,L3,Tweet
8a9cb017-54d7-40a6-a9ec-3c4cabf04802,L3,Tweet
0f50b2e3-5167-40e4-905f-53ed518109ad,L3,Tweet
65646553-424b-42d3-b753-64edaa8ba293,L3,Tweet
498ab783-4d4f-4522-8fc6-abddc8968732,L3,Tweet
af3e0bdd-2f79-441c-ae3d-af331f40522f,L3,Tweet
3ed31cba-1d78-4490-9d8a-3d4df6801611,L3,Tweet
d6c034fe-4a0d-48b3-940c-4dc286129e22,L3,Tweet
1eafa0e1-f043-4c9d-a773-488f0671c224,L3,Tweet
a5807610-a456-4582-9f06-e3a157352a36,L3,Tweet
1009f031-24b2-4fa5-a0e1-13299207e443,L3,Tweet
50a24354-186f-467b-a1fe-27109a1e7c69,L3,Tweet
76d4afb1-6ab6-4353-871e-5d6d2b9ec49c,L3,Tweet
be8791b7-31f7-4ddc-81c9-77f20c0c94f0,L3,Tweet
d673deb3-b668-4e96-bf84-075dbee1074f,L3,Tweet
03fab6af-f6c4-469e-92a7-86f25834dffe,L3,Tweet
14a3f055-4a07-4397-a53c-9c5770bc2b64,L3,Tweet
dda62111-e92f-4e2a-a165-0a9ebb77afa7,L3,Tweet
e7fde53f-298a-4ef5-b408-0687ba1b680c,L3,Tweet
9b1b1b83-6341-47c7-b59e-57c993807481,L3,Tweet
7d3c79ef-5706-405c-990c-7a114d9abdcc,L3,Tweet
33fe8798-c5d9-441c-a93f-7bf5521d6cf6,L3,Tweet
2c5609d8-47a8-470c-a123-0bfef53f8d77,L3,Tweet
b0bc623c-e5fc-4e26-8776-65a1f353792d,L3,Tweet
70fe48d9-0571-42a7-b20d-4b7d020104c3,L3,Tweet
e83d3a6b-900d-4522-b272-d57d0f536ceb,L3,Tweet
effb5fdf-08dd-4da5-a0ae-36500c0e89dc,L3,Tweet
851b31ef-bd48-4055-8e1b-b3fc1afb425d,L3,Tweet
63514e2a-cb6e-472f-af1c-2c11704ab633,L3,Tweet
711d70ee-c079-4a16-9cb5-f16f503a1c47,L3,Tweet
3d6eb0eb-388d-4794-a808-88d86f66d381,L3,Tweet
0e5870c5-2667-48ac-8f01-0e2c6cf9f055,L3,Tweet
547dfc9e-aa98-41c8-b353-c0cb51116000,L3,Tweet
dfce194d-189d-446a-b861-fd0f7e224f6f,L3,Tweet
fa8532e1-096a-4250-892b-34b798e72eb4,L3,Tweet
2177c400-b1b9-4d4c-b1d9-5e49eddbb8e2,L3,Tweet
31d0dcb3-04f6-41c3-ace6-0b21f6136b47,L3,Tweet
062b1ccc-715f-4feb-95bf-a425100cd0e7,L3,Tweet
4b98c411-25da-46a1-baa5-c88f660bf6f2,L3,Tweet
28b66645-9bae-4d80-aaa9-01497bbe46e0,L3,Tweet
ca21350d-60fa-45d9-9e42-e6a32d96fb6d,L3,Tweet
019ae697-5626-4c2a-b825-ecc22af8bfce,L3,Tweet
6dc1720a-5556-4e49-98d7-008ed689de54,L3,Tweet
5a07ed10-dcd0-4dee-ad89-3d8868f1802f,L3,Tweet
b037a9be-81f0-4197-9510-e46806494af5,L3,Tweet
b9f4e508-462c-4e9e-8f38-2a753b8c7cb3,L3,Tweet
79a39e86-70fa-4a14-8cf1-3f4f09dcd6be,L3,Tweet
be9b44ad-d813-44a1-9edc-0e61340b3545,L3,Tweet
4bac8b13-6eee-4464-83fc-e86a607176fc,L3,Tweet
7e8a46e0-a96b-4e28-8c31-549b864b7889,L3,Tweet
95b59414-5357-40b4-a5f1-7ac56d963b47,L3,Tweet
93091de1-45d9-44bf-a4d1-1f3f106f759a,L3,Tweet
b9941f92-a898-4ce2-8a68-8d23fde532b3,L3,Tweet
54eb48a3-b324-4e77-be14-c6bcfc4d45b2,L3,Tweet
e3474513-9105-445e-89c8-0a1e067ae43f,L3,Tweet
3f505c1c-9846-42de-814e-b826336f9771,L3,Tweet
78fc7c97-6ffa-4260-b7ea-999b9021ef9e,L3,Tweet
b23fb167-db1a-4ff8-9905-41aa2a19b04e,L3,Tweet
c763497c-ff30-4b6f-89b2-a9d340e0c364,L3,Tweet
bd6bf104-42f2-4381-a116-06fa072328ee,L3,Tweet
bc89ce2f-bf97-4cf8-9b2b-5302b9087a85,L3,Tweet
f6dc0841-e37a-42cb-a9b8-113c6479d934,L3,Tweet
d833204d-6a4b-4024-8aad-48cb9bbf7c4c,L3,Tweet
742abd5b-e3d8-4ff1-9855-ef698e307093,L3,Tweet
26908474-bd4d-4818-83b5-74ad020ff836,L3,Tweet
243598e1-ddec-4fed-8ae0-6db2ab835f9a,L3,Tweet
8383e406-1dbb-49a6-99d1-d9f95dc342b0,L3,Tweet
77426824-3298-4344-b1fb-d02a98b92994,L3,Tweet
259c268d-0838-4698-a6ef-c30ebfdcdfec,L3,Tweet
1d7e4333-d3e1-4aa5-9e17-da5b335698fd,L3,Tweet
4a67da6d-f725-4079-9722-f3a6d97dd911,L3,Tweet
59ef1317-e7a2-4caf-ad84-ad1471fb61b1,L3,Tweet
a3e3d787-b3a2-4619-9732-4dab34c9e9c1,L3,Tweet
cccd646e-5b0d-460a-a771-7e4438606ea7,L3,Tweet
0ab43c58-8b32-4630-a048-237dc66ab3c9,L3,Tweet
dd0c99a3-3e62-4f9f-b66d-fe9cde9ae974,L3,Tweet
6f1a2264-e498-4c75-964f-8c24b4a8637b,L3,Tweet
43012f6d-1efa-4fe5-9cb7-93f089fa7100,L3,Tweet
90d9dca4-5392-4958-b7d1-fbd4281252c5,L3,Tweet
aa53a186-26a1-46d7-997a-3176dd4118a4,L3,Tweet
21cd99ce-2ddd-40e6-b733-397bf329df49,L3,Tweet
61734cb6-84bb-4157-b6a5-22534eb326bd,L3,Tweet
0c83da42-e665-48e9-98fc-b1b0d125e1c9,L3,Tweet
da038add-2eff-45cc-a904-2cdfd86c7c4b,L3,Tweet
1c3f23e9-7a1f-4392-a89c-85f155309dd5,L3,Tweet
749cbd54-058d-4525-a6c7-b48b2c589ed8,L3,Tweet
9201e71a-963d-43e0-b20b-979df5fb3a52,L3,Tweet
d5f0f532-3a2d-4a74-afb8-77f54677938a,L3,Tweet
30af337f-8c07-44f5-a293-6395b6acf54b,L3,Tweet
a924d9ef-7711-4010-b061-d3dc6583893f,L3,Tweet
f97338a7-85db-4e22-b367-7d7d188c026a,L3,Tweet
b5fd9f05-3537-41ac-9f15-bf2b9e02eb8f,L3,Tweet
d8468487-bece-4f9c-9b7a-7eb79be14137,L3,Tweet
429b0d02-95d1-4327-aaa4-623abae4f88c,L3,Tweet
9fdf7d74-c363-424a-9836-c0293aa09260,L3,Tweet
cf7167b9-5b10-4676-b453-4ce73d91af5c,L3,Tweet
90515d41-1821-4ef1-8987-a13cc75066f2,L3,Tweet
b1642ed6-cc6b-4fd4-85cd-156e94d7c682,L3,Tweet
6038f65b-90fc-47b4-ba66-726bc3a3784e,L3,Tweet
115542c8-b169-468a-b7f7-46b46c44be3e,L3,Tweet
1883b1fd-8ee6-4da8-9f90-59b7cca383dd,L3,Tweet
319d0483-d5c0-4209-9f67-70babc69f722,L3,Tweet
c8119c09-0484-4d75-9a80-c84cb7d00e63,L3,Tweet
950c9a3e-e7db-4c06-b749-771f6aa5e08e,L3,Tweet
9b909c57-5e3f-4616-853e-f41885c463d8,L3,Tweet
bff267cd-7a45-4d9e-813d-617f0514a052,L3,Tweet
a20eeebc-1807-478c-bd7d-4e07785c4882,L3,Tweet
c9cee1dd-51a8-4f62-a050-d9711ab9b7b0,L3,Tweet
375733dc-a08f-4e23-b401-f66967c4658f,L3,Tweet
a361185a-a680-46e4-b598-79e854a338c5,L3,Tweet
f070a28f-7720-4313-ad8c-75e98f3e2913,L3,Tweet
df0e793b-7e68-4630-8d33-67e53eb60d72,L3,Tweet
2b2efb41-9bff-4a7c-85d1-e91760a4faf5,L3,Tweet
07e80497-497c-49f9-b6d7-d2b7f6c969d9,L3,Tweet
45ae8df6-da9e-4dc2-936a-3ac74a182aef,L3,Tweet
7c665727-9be1-48a1-95ad-2b4fab5c9d7f,L3,Tweet
1a4a7483-4e7e-4cbb-8454-ca0685cbc660,L3,Tweet
f1187f82-73d4-45dd-a01d-ffa6c517d7f6,L3,Tweet
571486e8-1aca-4951-8af4-2be385ae5042,L3,Tweet
24d1d600-6b0c-44d4-9a35-8031eea8f5a1,L3,Tweet
cbca5e4c-fca5-48fd-9db6-144daba7396b,L3,Tweet
51012a3b-6b38-49bf-b44a-7c28b3720290,L3,Tweet
0fdd1910-2880-4a99-86f7-d387b32ad4d5,L3,Tweet
26b5a90e-8896-4ee2-9ee0-8ef23f800db8,L3,Tweet
9c5c87e1-41c6-4c90-82f4-75f43d66f7a3,L3,Tweet
16dad0e0-8ba2-4556-9f68-81e77116d2ee,L3,Tweet
5813df75-c74e-445f-9b2d-03f53507e401,L3,Tweet
d2755ba0-9298-4db6-b399-b13b19613c8b,L3,Tweet
01f624b5-3472-4d21-b2cb-b1d29218da51,L3,Tweet
7177504d-1fbd-4604-87a6-79b11be50912,L3,Tweet
bb462ea1-06ab-4ef0-b0a0-38a3230629c3,L3,Tweet
aaee18c1-de10-4c23-a3e8-ea6456990b0d,L3,Tweet
029b5e1a-8c2a-4c4e-b860-a1d1f6a5e470,L3,Tweet
d583d7bf-9f08-4838-8703-d07f860628ea,L3,Tweet
c13e8db2-efce-4e08-a2f2-bfbb3d1dbbc0,L3,Tweet
66c73072-3cea-4007-aa46-8f858104c7a6,L3,Tweet
c5c1831e-92de-444f-8448-47f124eb0e8d,L3,Tweet
8ab01ea6-afde-40bd-a55a-f46b7a6899f1,L3,Tweet
c646a0e4-3061-475d-8ca6-0979588bc5b9,L3,Tweet
c678255d-fcf7-4773-828a-12d6803b5daf,L3,Tweet
469b4e1b-ff54-4ab2-975b-46045f0f6a2e,L3,Tweet
83d1625b-7828-4b23-a9c4-26272e47213b,L3,Tweet
e07c64c5-9cab-4654-8e6e-8d3de95fe376,L3,Tweet
2a786c70-1c88-4276-8cf1-bc2b3bbb8072,L3,Tweet
faccabf4-e9a6-480d-85c7-5266ce33724d,L3,Tweet
a20f6380-41be-45b2-aae7-c2b5283cfdf7,L3,Tweet
cce2f3f7-6b20-4f05-aaed-a61cff811cb5,L3,Tweet
637eecdb-aa5d-46d4-a80b-d52a1231f40d,L3,Tweet
61d53dcb-0b84-45d0-8f4f-2de45266c87e,L3,Tweet
992fabcf-84fb-4476-9640-8ae8b303caf6,L3,Tweet
373d6c87-5fb5-4e52-b37f-33d9727569c6,L3,Tweet
141b00d5-abc6-4813-87d8-9f2766feb759,L3,Tweet
4fc17efd-5676-4d09-9691-2edaa8900883,L3,Tweet
a4848114-5e10-4e4b-90f7-04e001eb58da,L3,Tweet
f5424837-14c4-4c25-8b1c-ddeef28465ca,L3,Tweet
34923141-8bf2-4ff1-9cc5-4bdbaf0219db,L3,Tweet
b484b1df-e9f1-43c8-a254-4ef0075c007a,L3,Tweet
4c0ab739-a764-4f1c-ad8e-a7ba159dd1a9,L3,Tweet
fde81abb-c72c-424d-857d-6be3c886d543,L3,Tweet
84fc45bd-c506-4a97-8617-c4e80d0bf0f4,L3,Tweet
dc7d6f0f-037f-4d13-9dee-cb43bcb56ba3,L3,Tweet
78fe740b-0554-49b7-ac0e-0564008df6f5,L3,Tweet
8561a112-addc-41b0-bf2b-5f987ddf9149,L3,Tweet
083f4efc-b0b5-4f7b-8d84-126abe991795,L3,Tweet
c2a816b5-d3b5-407a-8f66-517ce3ddb25f,L3,Tweet
b163bb8a-6915-4825-a462-7c6003dfc8c2,L3,Tweet
ab2e4751-c2e7-4a94-b228-b07fad263a78,L3,Tweet
2474c10f-a2ee-423a-935f-b0b8c5e80813,L3,Tweet
5560eeaa-a1d2-4a36-a807-2e19c6ccad5a,L3,Tweet
52b12a8c-f239-4895-bfb9-3853f43b0e74,L3,Tweet
c4426094-ef03-42be-b5bb-d8890ecbc537,L3,Tweet
02ba7524-314e-40c5-a7a5-e4c7787a4ba2,L3,Tweet
339a52c1-5376-47c9-9466-c838e230b617,L3,Tweet
ac6e1a23-6fcb-4a39-98ae-78c5278eeead,L3,Tweet
0879d015-5035-4b90-9a1e-2f5ff1ab1a6d,L3,Tweet
49876d79-94e7-4a51-ad11-141c000cac7b,L3,Tweet
93f76a6b-8d8c-46e9-bf5c-208697d7eed2,L3,Tweet
3b7759a6-e8d3-422c-b017-01164626926f,L3,Tweet
4f201c76-776e-4248-b567-2f71e5038991,L3,Tweet
2661a2d4-7f07-4eb4-8ee4-a6213b2d6619,L3,Tweet
fd9a13e3-a1eb-484f-b91a-74a378505a8d,L3,Tweet
364d7949-2813-4c49-8e1e-3f392d35480e,L3,Tweet
feed1c87-7011-4709-afa7-3899ca041063,L3,Tweet
cf869042-f4e1-46bb-abe4-b95f2b7338cf,L3,Tweet
ff4c616c-aec4-4a36-bd0f-fe5352b4b74e,L3,Tweet
b0848c22-d941-4f33-a5c7-f826fb34ce37,L3,Tweet
7f3f947f-1544-40e9-9cc9-36df5a069ae8,L3,Tweet
744fbd39-adf2-4b41-b0c1-cf85885c0fb9,L3,Tweet
d3a6a574-6d7b-49a8-bf97-4ef53c06d941,L3,Tweet
ed6316d3-230e-495f-92a1-45646663d20a,L3,Tweet
3cf4d3af-87c4-4d9e-a0cb-9817a01cb76f,L3,Tweet
0b5c2ad9-956d-42ab-8acd-b74dcb02a30a,L3,Tweet
de99bb74-d844-491a-80e9-a2709709a566,L3,Tweet
00d83c56-ced9-4bfa-994f-366960ce70b5,L3,Tweet
f422083a-2c9b-4ba0-b78c-da66465e28d8,L3,Tweet
c48bc8c7-6df7-4d5b-a0a5-3fc31dd527ca,L3,Tweet
e8a1aff3-1579-41a8-8cbe-c569662aa822,L3,Tweet
4277f3f0-2cce-4090-8920-f07614a2a508,L3,Tweet
9a802b42-ae43-4e0c-b92d-f38b0a67193a,L3,Tweet
85db0758-a1b4-42d9-9165-2ecbf38e4241,L3,Tweet
1f51d101-de63-4fc6-9d0c-b75688e9efe8,L3,Tweet
96c7e3af-daa3-45f4-bf47-19d0d0d4b7e4,L3,Tweet
d8b71bbd-a831-4969-be30-c33bf6a32341,L3,Tweet
a2b3a846-6d52-4fbc-8590-dfdaf4ff06bf,L3,Tweet
7ea6b558-c7a0-4093-b3a2-0cbe65eaab1a,L3,Tweet
cd966d34-d151-451f-8581-a02cb802c8d7,L3,Tweet
cc7e71a8-6573-462d-b52e-5ce84a17e464,L3,Tweet
d8f54424-c422-42cc-a43e-44a538a1569b,L3,Tweet
81436485-6750-471f-be10-09713277a78e,L3,Tweet
ca9f4a6f-9c77-4d34-9564-28bd95fb9de6,L3,Tweet
6522734b-eeda-4952-8e0d-198fcea790f9,L3,Tweet
24fdbead-d5c1-4cd9-b0cb-1ad8140058a7,L3,Tweet
d03ff9c4-2444-4620-a682-4c17a9036cf0,L3,Tweet
95152185-c29a-4fa3-b88a-75f61ca59295,L3,Tweet
3af6a4d3-7618-41dc-aa24-201e41c6cd09,L3,Tweet
67c15841-8646-4eb8-861b-7528213e2c72,L3,Tweet
a36b8579-3095-4da8-8f08-fa5fcb33f128,L3,Tweet
9811cce8-be30-4097-8cf9-adb40437bd75,L3,Tweet
0b3c00d0-5c1a-4ad9-9d2e-4a68ed1255cc,L3,Tweet
49077f72-3d8f-49ce-b3a7-f7e4dd6c3339,L3,Tweet
f3c14b5c-3d3a-4e72-b33c-26c63c0776d8,L3,Tweet
cb1cc40c-7939-40da-ae03-ec205b91179b,L3,Tweet
3c29093e-7c7a-4ca0-a238-6bdc45e291ff,L3,Tweet
9e2413a2-e243-4359-a6e7-48bc849d2723,L3,Tweet
b3be4440-e2b5-4794-9192-f63b4754cc7e,L3,Tweet
6e679dab-1839-491b-a1ed-da6e4290483f,L3,Tweet
9f950a7c-25e0-4467-ad60-0844078863bd,L3,Tweet
ee9c358a-af2d-4c1d-9de8-880fed8d475e,L3,Tweet
c30b69f8-409e-4cca-bacf-8e681bd6a041,L3,Tweet
8db3bad1-aaab-480c-a7d0-56d5b3970071,L3,Tweet
6a20d119-828c-484c-8296-8a7767864b0e,L3,Tweet
a3781557-51bf-4c11-9a78-1d224cc51071,L3,Tweet
541a8d1b-32e4-40f1-8f7e-1c3bfcd86b68,L3,Tweet
76c3eeaa-b767-4ba3-b454-f461c538febe,L3,Tweet
966770ef-67c9-4d3f-881b-92b7fabee87f,L3,Tweet
d60215af-a5e2-4c52-9fbe-aef1a275e105,L3,Tweet
c9d63165-4be8-479c-bb2e-d71d55e3aa91,L3,Tweet
f76d4e37-ac90-44c6-84e2-f2a9955f9932,L3,Tweet
4bad1685-9463-4bd0-9c60-5cf8b1e12733,L3,Tweet
ace39f24-0820-4a0d-b29e-a5a66384cd62,L3,Tweet
6a18e187-eedc-4b5f-938b-3b6db54c85a8,L3,Tweet
03200e28-adf0-48ff-a460-ce7ca75a735a,L3,Tweet
cf6a10eb-b7da-4988-a248-d9425225778d,L3,Tweet
cc5bdd86-943f-434f-b0c4-36969ccc5f96,L3,Tweet
67a4fa99-4f5e-44c2-9861-01b288fda088,L3,Tweet
baa673b6-694f-4c15-8b00-4b99b0f2eec1,L3,Tweet
31976cd1-d50a-4a1d-bacc-6a3c883cd026,L3,Tweet
12bde153-e72b-4b17-b708-8d547e881545,L3,Tweet
7cf21166-3e82-4f34-9919-3e43fd9b2237,L3,Tweet
49b28dab-367f-4902-81ae-b65df735e11e,L3,Tweet
8ab365b1-ea48-49f4-a5c9-e53037e474b9,L3,Tweet
7b1e23a3-0012-4cf2-9cdb-91bdad8c4992,L3,Tweet
95f62d79-9236-43af-bd29-723f0e5f5c0c,L3,Tweet
3ed86f47-1533-479d-9e08-3523b8e6503a,L3,Tweet
f7b3cab5-a2c6-4249-bf08-e86097205400,L3,Tweet
86567820-2d85-4d3a-932c-516b9fd500ba,L3,Tweet
5c2eb1a3-1370-4278-80c3-1c74610723b8,L3,Tweet
119c0c31-a0ad-4e9c-9042-e161f1484f7e,L3,Tweet
49cf7cea-6e77-4fd1-a21c-5b0a6a07d1db,L3,Tweet
ed489c75-dc87-46cc-b8e9-6f3ddf20d000,L3,Tweet
f02f88c2-ac58-4bab-b2a3-37d9024bb9c0,L3,Tweet
2b113fd1-2c18-4eed-b77c-788e51ada47f,L3,Tweet
e2ad5839-2e57-40fe-934c-caddeb575e53,L3,Tweet
e849d7f4-4609-442b-8398-4419c26d43a7,L3,Tweet
1db553b9-d237-4343-9714-7d602e26a52d,L3,Tweet
cd647b6a-b1fb-42a2-8b81-c7e698ec92d7,L3,Tweet
aaabfdca-4892-4412-ac1d-9929567d7c6f,L3,Tweet
b53ffd64-1c9c-471d-9086-2c57be776852,L3,Tweet
c53a6877-74ec-42f3-8073-0cf70121cce2,L3,Tweet
7e2a96f5-9ac3-4ed1-824c-b674d4410592,L3,Tweet
7b8a1039-07fd-4f23-99f8-60fe9da7dc2c,L3,Tweet
5e1dd5ed-d167-424c-8f3c-6c1514c72ec9,L3,Tweet
c010e89d-792e-42cd-930d-af4a3e4d8dbd,L3,Tweet
e368ac76-9e2e-4277-801e-b62ba8bc2483,L3,Tweet
5dd7bfa6-6fed-468a-803c-fffdb4f49921,L3,Tweet
2343f727-ce97-4190-9296-838206238eae,L3,Tweet
6bd63349-ed50-4d0d-aeb6-1e10d2c61532,L3,Tweet
6921c149-b952-41e7-b25e-a0517e599a05,L3,Tweet
894f2998-62c4-4451-8563-4b3cd1d2632a,L3,Tweet
e3d58138-89c3-47b9-846e-2d76c073014a,L3,Tweet
fd7d6092-d398-4f98-acba-e13b0838a09d,L3,Tweet
4501ce24-8011-4765-aea9-c89c16118774,L3,Tweet
b7522f43-bd34-4423-a5fe-1caa25ba07cd,L3,Tweet
963c478f-f3af-45d7-86b0-3601cb6d71c8,L3,Tweet
e0ccc41e-6461-45a0-a62b-9e66d8a15cb0,L3,Tweet
7b734591-f392-44b2-9f5c-b1906aa537b2,L3,Tweet
69681c9b-a393-401c-8fb0-372523bf2122,L3,Tweet
aefb2b3c-cc78-4e94-9ec7-6b41b07670d2,L3,Tweet
e605a0f2-968d-455c-9ebe-f3ddec4aa558,L3,Tweet
51e541cf-9225-4b67-8e50-3dff26be4af3,L3,Tweet
240dfd49-ef21-48ef-8834-9e757b9e02c5,L3,Tweet
4c050458-0878-49f1-bf4b-5b08e4518e01,L3,Tweet
73ce58f0-e89b-439d-9621-da0bc80ce25d,L3,Tweet
5d81efb8-84c4-4b5a-882b-bab221e663bd,L3,Tweet
bfb36550-7b17-47f2-adf5-1345b28038b7,L3,Tweet
e765c919-0920-4977-a470-1f43c09b9f93,L3,Tweet
2d528f87-7c54-4c4f-87ec-1896506801a6,L3,Tweet
d00c3a30-0a27-4861-83fc-68136b713816,L3,Tweet
1c2ab605-3df9-4329-a3ef-4260df094bc9,L3,Tweet
655c9804-9050-40be-99ef-eff9aea6e9c9,L3,Tweet
53b3ddf4-6bee-4be7-9808-81e6efeb3eb8,L3,Tweet
c3e31c7e-fd22-4c62-b4a2-fcacc25fc6f1,L3,Tweet
beabbf23-d3fd-4010-8578-d3e277e29b48,L3,Tweet
6b662559-9d4c-406d-893f-21fa3699ca75,L3,Tweet
4c2720f1-dd9b-4f02-a830-e6086f895fab,L3,Tweet
9b31b9c0-e716-4166-b5c7-e293828a75ad,L3,Tweet
e373586f-58a3-4b51-b6ef-e88cae8a0f77,L3,Tweet
3a50ca0b-e072-418e-8bd6-93bef5619f32,L3,Tweet
16eb8825-602e-4797-934b-62e6f93098fe,L3,Tweet
c41bad49-f77d-47f0-8b0b-65a3532514aa,L3,Tweet
c3aa47b9-a414-4fd1-bbb7-6fb942df6c65,L3,Tweet
ee1da34e-205e-4032-81d0-79680da4aa1e,L3,Tweet
30931b9a-5025-495a-9c13-c64f98e253c2,L3,Tweet
7e9af635-9b3d-4249-8996-fedfac49bc43,L3,Tweet
fa31d35b-59b5-4c02-9a9a-69a451738982,L3,Tweet
6c875ae6-2da0-40e2-ae7c-ad66a629c98d,L3,Tweet
3110171d-bc6c-4dbf-b99b-61837f42939b,L3,Tweet
e53aec8a-55ad-493f-bdf9-1c9dcd883f49,L3,Tweet
87911303-9089-4d10-a0cf-f6a28d192510,L3,Tweet
938db5a0-348a-4fd6-8d62-bed9d8c920d0,L3,Tweet
278c7b20-2f05-4dbe-a71a-1f864dd6595a,L3,Tweet
937e972d-d0fe-444a-8610-8febd9c1b0ae,L3,Tweet
4f8609c1-1998-44ac-a15d-ad2adecab0a5,L3,Tweet
12b0c4dc-76aa-431a-9dfe-7e9a3a16ed71,L3,Tweet
aca6847a-1e55-4aac-9e32-c12c0b6a4525,L3,Tweet
0f7dca95-ce56-49df-b7cc-b57987ea2e50,L3,Tweet
4bcdd2e3-28f4-4a95-9d51-e3ea3eae2a29,L3,Tweet
216a5110-52c1-4148-840d-b0f2fe0718da,L3,Tweet
dcb6a232-d4a6-4f4c-8094-eb278dcaa6fa,L3,Tweet
898ca580-24c3-49aa-9d32-88ad7846366d,L3,Tweet
2fd1c2f5-b599-47df-983c-c11e7b24e7b5,L3,Tweet
97add38c-8a47-42d5-84a7-8ae8416d16fe,L3,Tweet
45d4e78a-4370-4988-b938-48ffe3b7680e,L3,Tweet
c442af01-0463-4e57-8244-ca7bdb5a1a39,L3,Tweet
4d2e412b-8f10-4262-8c0d-0e65fc3eee75,L3,Tweet
483586f0-c658-4f17-82e8-28e35cda0a2d,L3,Tweet
7c573d41-5385-44eb-a12d-eec480505222,L3,Tweet
741dd299-c5b8-4d9f-a20b-5a12d7676222,L3,Tweet
ba26b572-198d-4b0c-971c-1256161a5dbe,L3,Tweet
f23c3621-5c1f-445e-9506-905d554d4608,L3,Tweet
5be939f9-5a5d-4e18-8070-2df496718c80,L3,Tweet
b6c45083-75f2-4725-b4a8-7f139c0cbc60,L3,Tweet
5accebe0-fa21-40aa-9af1-0d1de8e4502a,L3,Tweet
f736c40a-4aa7-4ee0-98a8-5d30ed9f7338,L3,Tweet
e52d67b3-497f-41ea-b54f-04941bf92867,L3,Tweet
f310b7cd-aff2-42ed-b974-85fc51c49760,L3,Tweet
17ef2074-dfdb-4cf6-a8aa-78e3a53cb9ca,L3,Tweet
554daa84-c06a-4363-b576-ff32a07e8800,L3,Tweet
b8b7a262-a1a2-4238-acf9-41f094ba5b82,L3,Tweet
eae377d3-fab7-421f-886c-fd6e88364872,L3,Tweet
0fe7d22c-a8f6-4388-8ec7-9f3c4a9e54c2,L3,Tweet
970c87d8-1794-4d23-86f7-df468859a99c,L3,Tweet
167f3cdb-e434-4e93-ad9f-cc34fa53a1f1,L3,Tweet
a356bb30-ebed-4926-a403-e15adbc200ab,L3,Tweet
47ec65e9-6576-41e5-9e3f-bb1ec3d62a3a,L3,Tweet
89a1c222-7bb6-42ba-b5ca-b8ff8722da7a,L3,Tweet
2c580026-6bc1-4acc-b57d-3d83829ade75,L3,Tweet
da963288-b5a7-475f-ad37-20f377ccc3fb,L3,Tweet
d79571ec-6b49-4cdc-becb-7da472e4f33e,L3,Tweet
8542529c-14a8-4795-9dcd-bd824cccafd2,L3,Tweet
837605c7-7ded-4f48-b281-c9c0bd6edc05,L3,Tweet
5bbf695f-40ee-49f4-93ae-2b2387429a5a,L3,Tweet
8b151220-0b90-440c-baee-b37836f6d578,L3,Tweet
a33b4a22-1888-4c48-9cdb-6defbb0ec498,L3,Tweet
7cb22271-1381-4c5b-9219-fc9b84286eef,L3,Tweet
55cca945-8ff7-4d71-8879-92fb76ee801e,L3,Tweet
1fe5cfde-be64-4e2b-bb73-afa7e64ade51,L3,Tweet
16a87080-0c3b-4be7-9c43-7eea3c04da15,L3,Tweet
0ceb1b7f-e5cb-4843-aad5-3044f462c2fa,L3,Tweet
a9c6a8f0-17bc-40f6-8d41-50dc5fe7f61c,L3,Tweet
05f21f7a-4c2c-4934-8d3b-c43a82e682eb,L3,Tweet
2aa904b1-6914-40a9-a94c-7398fd5b43bb,L3,Tweet
3fa5e979-4ca9-41b9-a6c2-3125a0368410,L3,Tweet
d0f7e7e6-437f-4361-809b-2dedb0d511a3,L3,Tweet
ac7b0ca1-0a87-4ad7-93b9-2e92748a180b,L3,Tweet
0c28cc0b-c673-452e-9873-3dc827ec65b7,L3,Tweet
e3bbaf61-08f5-4681-8de2-593ecf1fb4aa,L3,Tweet
fa43a7d0-74c9-46be-a1ed-a5e94c6f0242,L3,Tweet
a63d5217-edb6-4410-875d-4bc9245c95c1,L3,Tweet
3709d2fa-0bc9-416d-9431-b8056e021748,L3,Tweet
75515420-08a8-4e34-a4e0-801da8938155,L3,Tweet
8e7627a3-a329-46e9-8ffb-bf966cb4cfb6,L3,Tweet
da00a80a-455e-4354-9e93-ede7c231d245,L3,Tweet
fcff7302-5e3b-4991-9fc1-af9a26d5c572,L3,Tweet
b0e0f666-5d55-491c-bda4-c3b16e5eb5fd,L3,Tweet
094e064c-1c80-43e8-8124-3444b6eb7f97,L3,Tweet
54f65877-1a92-4d1e-9ac3-3eb9fa973166,L3,Tweet
f68c191d-da18-4ce6-8694-d95d95d47476,L3,Tweet
f93941e1-f1a3-46f7-aa71-638b0ea43b40,L3,Tweet
b8583688-2b1e-4919-88a6-42c262f6b0c9,L3,Tweet
76755471-7b74-4d42-a31f-43cd6ae5d762,L3,Tweet
e02d44d0-955e-4a31-a5bf-0162c7d83509,L3,Tweet
46cdade8-046a-49ad-9a93-62b008c702b1,L3,Tweet
f57a055f-0878-43d2-ba26-163061ffc4f0,L3,Tweet
4209d599-20f8-4fd3-adbb-b71e731b4257,L3,Tweet
fdc05cd9-a7b0-44cf-99bb-77458dca9cf0,L3,Tweet
161a31ac-4a4a-4134-9196-de9403c9c85c,L3,Tweet
44db3525-d4a3-43c5-897b-6512cdfd8f05,L3,Tweet
11f2ad94-b2be-4b49-98d1-5a171180d9f8,L3,Tweet
6fa60489-ee86-4626-92c3-cc72913107b1,L3,Tweet
053ae15b-a5ec-41f7-a19a-92a7e8f2e761,L3,Tweet
9f05112c-4018-4a73-8eff-c95c1d217e6c,L3,Tweet
459b7fe1-6e9f-4c4d-8503-0c6f2bcb83c4,L3,Tweet
13107aff-747f-4f0b-9400-314e1f2880ea,L3,Tweet
cc3d0c37-3a29-4d83-a637-e4a4185bbe85,L3,Tweet
79102a4c-ec27-4b33-9724-99e801cca261,L3,Tweet
170622ed-69bc-438b-b3ce-919214f742a3,L3,Tweet
0b3fa061-14c6-4e1f-bd22-94bc384d0803,L3,Tweet
7f07708f-3eb6-4093-97cc-4fca56ccb7f9,L3,Tweet
3b68556b-8678-423b-8a0a-28393942abc6,L3,Tweet
92697222-9771-4fec-b5c8-3d2db9e41d11,L3,Tweet
c45a9641-dcea-4f56-828f-ea0331f021a9,L3,Tweet
521e741d-c7ce-451c-a2ac-25fc54c9dfed,L3,Tweet
bdf50944-3fe9-4c60-aa6a-587a3458b669,L3,Tweet
e6376614-55d5-4b5b-8b9b-700cc0c04f1f,L3,Tweet
8238d0e3-5838-476f-95bd-9ae0a4be6f69,L3,Tweet
1a4ad67d-573f-47bb-a17a-0cdd368506a8,L3,Tweet
78f72f93-88f1-4b9f-a10f-c46c99a782a3,L3,Tweet
1e91d9b2-120a-4e17-8acf-1080e199ef1f,L3,Tweet
cd7a699a-ed11-4c1c-bc97-9212744255c3,L3,Tweet
760a1e01-8163-4a79-88a6-59081aaa708f,L3,Tweet
c9248c2b-f7c0-4263-8e3d-bd56f11905ac,L3,Tweet
d4251866-e255-4d08-b00d-ea6aac4e80ed,L3,Tweet
21cafa21-5705-426c-8952-60d0e69803a9,L3,Tweet
8c6ae9ff-7436-4a5d-8447-b6322841fb78,L3,Tweet
cb1376ce-9d35-46eb-85eb-2af14671b935,L3,Tweet
c443cc84-19ab-48cb-ae12-54803cde2731,L3,Tweet
604a5223-f4e3-452b-97d8-26094afcc09e,L3,Tweet
b0b23f56-60fc-4fac-8f53-d6b5da56cef1,L3,Tweet
09db7315-fd2d-48e5-966e-87f5fc8bca64,L3,Tweet
a30275ff-79fb-433b-818c-b6fc9f27ef8b,L3,Tweet
c86fc340-2151-44cb-a371-52df5bbead30,L3,Tweet
5002a410-b100-4a92-87bb-3f0e82c86b34,L3,Tweet
ca9efa95-8f5b-4a50-a79d-d99e4a890a24,L3,Tweet
1bbcd903-2ae9-4771-a85f-d9253cd34205,L3,Tweet
c1f6e5a5-5af4-4871-aeb0-5b69c0e65363,L3,Tweet
0b13d9bd-5b8a-4b70-bc36-79c02ab11a1a,L3,Tweet
2be960b6-f156-4afc-ad93-01075ed3d1aa,L3,Tweet
f2f4ff63-fbb7-4e6d-a578-09ccc1f0d9e3,L3,Tweet
432e2cdf-3424-471c-930f-703691f2d4e8,L3,Tweet
cc8d9290-c852-4ca7-89b3-bac52691c62d,L3,Tweet
31ae14fd-b8f6-46f6-9bc1-f608cb591fdb,L3,Tweet
06c2276f-7482-4f65-9ee6-fa3c468aae18,L3,Tweet
64d7ece2-a214-4ab6-94d6-fab0a30cccaf,L3,Tweet
3aee3a5b-d366-4a4d-b4c7-862b54b267ea,L3,Tweet
aa0fa35c-a2ca-43a3-bfee-f7fe3e9e8d3f,L3,Tweet
d7dc6b35-37ae-4b7c-9372-b51aac19c216,L3,Tweet
1891bae9-e51c-4cc7-b561-0742cea5a26b,L3,Tweet
ae060f41-2b30-49cf-8516-23dcbbd02f66,L3,Tweet
f73f64c5-91fa-402d-a17e-9a32314db34d,L3,Tweet
fa49f327-18d2-493d-8a9f-3c4c0f3deae5,L3,Tweet
5c14f8b1-324d-4f6a-bbb0-44473c627417,L3,Tweet
3142ea6a-e11b-4432-877f-c3488e7854dc,L3,Tweet
538520ca-ee6b-4011-a9f7-8f13adc86ae1,L3,Tweet
53d8393c-f0bd-4dde-bc9f-e9ac92bdcf5d,L3,Tweet
1d83c3d0-a816-4b9d-b183-42dd93971966,L3,Tweet
a37b9eec-d83d-4e88-b90a-6f6e9f0cf864,L3,Tweet
d9ebc98b-8ced-4623-b687-7bdccf75fd37,L3,Tweet
43c2db43-ff1f-4fe8-8786-c80126c62e57,L3,Tweet
6048d76f-23ca-4868-bea3-fa79bd0cca48,L3,Tweet
9093f3fc-374f-4a28-b2a1-d37326e46f0b,L3,Tweet
b0d49ff8-7723-4706-b66e-804ff5e5924d,L3,Tweet
5bf66c23-bb20-40b3-bd68-e0ba442cf6d9,L3,Tweet
45aa1484-a86a-4bee-94b3-a28ddd3b2618,L3,Tweet
f90efcd2-e674-440d-a1b4-adaabd846a9d,L3,Tweet
4dca1044-6d36-4d25-8f7d-6815201c53f9,L3,Tweet
78bf3666-c763-4802-8eaf-9617c2883847,L3,Tweet
4ebc1114-5302-4890-affc-5fe27feba64a,L3,Tweet
32d24f8f-7087-40f9-b40f-81544a554747,L3,Tweet
201803e3-f96c-4b85-8c07-7f63175f3156,L3,Tweet
04b1127e-4b77-4fc4-b40f-59bc348851ac,L3,Tweet
a907a339-aeda-48c9-9c96-deed043c1a43,L3,Tweet
aa14ac3e-fc89-4045-9065-837d9e1f3659,L3,Tweet
cd6e2988-6435-4450-87b2-3ca5a86e8ca7,L3,Tweet
2a05f44f-fcde-43bb-8873-d2f6d5a1ff85,L3,Tweet
cccea9e1-08dc-4939-a8e4-a2f8e260145c,L3,Tweet
3543f162-61ce-4986-80e7-55ef96d0c596,L3,Tweet
96e4e5bf-98ad-449a-a84d-401c8945f492,L3,Tweet
c06009c2-1d59-4052-819d-87f89d3bb592,L3,Tweet
fe45116d-a9d5-4a1f-b1a5-90d82f4321aa,L3,Tweet
fca5065a-4700-4580-86f2-c14b869669ab,L3,Tweet
049cd6c1-53b3-4576-9d59-0a78c4931ca4,L3,Tweet
16414e48-8981-4e92-9829-1c07bc74482b,L3,Tweet
821238c9-ae27-4479-8303-5b02da83671c,L3,Tweet
9511619a-7d67-4f6b-add0-7ab9f5e28bac,L3,Tweet
40497d82-8730-404c-89e9-3d8280ac6a9d,L3,Tweet
5553a4bf-2ab3-4c3d-aae0-8fe12a862657,L3,Tweet
3b0e8820-d0d7-4217-a9fa-6f837689b186,L3,Tweet
cb2ded9a-b2d1-4f6f-8e75-dbf343837215,L3,Tweet
9a3936b4-613d-4124-8255-22669d991378,L3,Tweet
639ad42a-b9a4-4fb6-b273-87817bb1d7f4,L3,Tweet
541c6332-6d21-4056-a559-910ffcc93053,L3,Tweet
86569eed-c0bb-4435-8098-116685ed1929,L3,Tweet
e885be74-420b-4ef6-a4e7-b85a6574374d,L3,Tweet
0417a066-7568-4214-980e-f82a81d5a1ba,L3,Tweet
e6f84ff1-53ad-41cf-b301-aeddd6292321,L3,Tweet
35c2d483-6dd7-4250-9242-33501054f905,L3,Tweet
5505928d-090b-4e94-940c-e4fb1013e3b5,L3,Tweet
d2c9d2eb-c229-4af2-91af-6a087545ef9c,L3,Tweet
ce1fa280-1104-4551-bd8e-625a6cb86e28,L3,Tweet
75271370-6a7f-461c-b4b2-c1b48a30e699,L3,Tweet
5e84dbf8-50a3-4ad6-8047-84d5222ac896,L3,Tweet
b5fceffc-d5c8-4483-b7e4-8e2dfc89ec04,L3,Tweet
dff454bb-5102-4e18-9fde-d1e57450495e,L3,Tweet
315c880e-cd8f-4532-86ba-d056248f911a,L3,Tweet
e1a4f73c-9269-4179-9666-ea5e45711ba5,L3,Tweet
e973446a-7729-4d4a-8eb4-346b44a2cede,L3,Tweet
326dcef9-0181-4bfe-aff4-acdebb96a881,L3,Tweet
a4f9e2f2-b78d-4dbf-abf5-cf063a3232dd,L3,Tweet
42021236-da22-45bc-bf2d-81d46375523b,L3,Tweet
fe629686-60ee-41da-aacd-684abb7b3831,L3,Tweet
2b10fb6f-1f73-4ecb-b65c-22ad5cd98eea,L3,Tweet
dd9bb7ad-2e47-44e5-ac40-2021efb13839,L3,Tweet
31661ebc-5aeb-4d17-99bf-1f37a0cc2c55,L3,Tweet
e11f9f70-37d7-4d92-894d-579e156604df,L3,Tweet
f7c515db-a2f2-49bc-a5f1-1ca6eb9472fa,L3,Tweet
73bdaca7-2e47-4d2f-8af5-61e4c201627a,L3,Tweet
dfbaad31-c7b3-4fa4-b9fa-45c59d6f5ef3,L3,Tweet
3e0e4588-b740-4557-820e-695b8e7439c4,L3,Tweet
15686c6d-8cfd-4838-a597-da64a0f3ba0b,L3,Tweet
0c437aa9-39c9-4c68-85b6-dc6c78a98c13,L3,Tweet
040029e0-11b6-4223-a2cd-d9b80fee913c,L3,Tweet
687091d0-3e3c-4046-a59d-a72a7be2044a,L3,Tweet
9d8043e1-f926-41c9-b0a7-4d24bc512800,L3,Tweet
e109112c-68ba-4a49-a599-396485c09abf,L3,Tweet
e61a8c26-71cf-4f4a-b216-14d90b3c09eb,L3,Tweet
0c676d61-7c5c-4262-b4bd-bddaa5c73ba7,L3,Tweet
f900b5dc-8f47-4a89-a1ca-a73501ada200,L3,Tweet
c9b1d165-77ba-4d9e-afdb-cdd1a67f27bf,L3,Tweet
c0f5eb31-b26b-4bae-9fea-8e829e1b858d,L3,Tweet
3c254d4a-63da-443e-8ff2-8a2ce7d44318,L3,Tweet
287c4dfe-58d6-4413-bd05-2ffe6c192805,L3,Tweet
9530251d-cc71-4a54-b45b-9c3cb1729044,L3,Tweet
2c77abdc-2391-4051-99ea-82c00c2ddb04,L3,Tweet
6dde7c31-9891-477c-af61-6d580cf82ee6,L3,Tweet
d1e36d03-d934-4317-824f-3d0a4a0dbdaa,L3,Tweet
04ea1268-a595-4552-a870-51c2b1cefb71,L3,Tweet
7b3120b9-476d-4a9d-9945-17bc34b74c04,L3,Tweet
eea42c6b-6fe2-4b85-b58e-79e364d8f80c,L3,Tweet
1d1a3e0a-f3a3-4a8a-85e6-25ac5d7e09b5,L3,Tweet
e84b6f48-07f7-48ef-b55a-f4627205490c,L3,Tweet
c61329ca-a39a-49e7-bda9-f1bc537693ff,L3,Tweet
75d1b84d-00a7-420d-bf33-ab802425e898,L3,Tweet
7b6005a5-bf28-4904-a609-da4f52be6c73,L3,Tweet
cbd42b6e-1005-4de6-8844-ab4d1569960a,L3,Tweet
25a19369-202d-432f-b834-b43bc4547868,L3,Tweet
84c8f971-0cdf-4063-97ca-9a1a19677db2,L3,Tweet
9702ea3e-14a3-4c55-b4b8-9b92ba5d76b5,L3,Tweet
5670a33a-f3c8-4157-8ecd-c0b0a91620b1,L3,Tweet
dd259742-4658-4b4f-b6d5-25b8d236323a,L3,Tweet
17de0063-3cde-4583-aa67-6513bb37f836,L3,Tweet
51256f7e-0e93-4ead-8cc3-841d16c15b6f,L3,Tweet
709361b6-fa47-4358-b0f5-659e6ac43048,L3,Tweet
9c7f0478-98d5-4675-93e5-c166bafdcedd,L3,Tweet
793b63de-bf79-4028-8b4b-c8f2d5dd0f3e,L3,Tweet
febeeb82-f42e-4912-b268-191e6f721382,L3,Tweet
b1b1e53d-4836-4e0e-8de4-bdbcc159e7ee,L3,Tweet
9bc9f902-7849-4afd-92cc-c3de34915023,L3,Tweet
1ed3aa7e-d8aa-47a9-98fc-125996c870cc,L3,Tweet
f59965eb-50c1-470d-bd6e-60c6f36f4f3d,L3,Tweet
abbe2218-5830-4fa2-b8a3-6cf0cc03f362,L3,Tweet
0f82761d-ca6f-448e-b669-7dd14c8a2d21,L3,Tweet
0035083d-435e-4714-9c95-3d59e0e12d69,L3,Tweet
f17aea21-3d7c-47f6-a302-e80a7c27e75e,L3,Tweet
bc5cd230-f16b-4035-9c67-345a2a563ec0,L3,Tweet
9214b176-2f20-4310-a0e3-385fbae3c168,L3,Tweet
d4533764-fd7e-43e9-a1ed-60824ab0a327,L3,Tweet
5f5e3fa1-9788-445c-b8df-1aafd6f36907,L3,Tweet
c6b34dbe-d787-4e8b-b570-40cd8ef6b653,L3,Tweet
ec171da1-f9d3-45a3-8cd8-724596acd37f,L3,Tweet
9ba72069-e725-4d9f-9446-4e755872b498,L3,Tweet
4e5150ae-596e-40c8-bbc6-cd6b5e30808b,L3,Tweet
7f34516c-2aca-498e-9630-bd569658e88b,L3,Tweet
997bacca-2891-4da5-9872-f93b8e471b50,L3,Tweet
17b05d34-c6b8-48e6-be09-95449795bee1,L3,Tweet
b51bfadb-67bd-4563-a902-c18eaddb30bf,L3,Tweet
9c2c88f7-2ef4-40fa-9973-99a72417e8d5,L3,Tweet
d0794fd4-91d5-4ab5-9fbc-bde2b77f5d4c,L3,Tweet
812243cc-5354-4c12-83c1-181cdbf6786b,L3,Tweet
c5fec6fa-c5d2-4ffa-95e6-9611be90ac3b,L3,Tweet
646db824-bce5-47e9-a5fd-ae979abe6a83,L3,Tweet
cd9c383c-2cd2-41a3-a1cf-96dcad595883,L3,Tweet
e1f64bfe-5ab4-41ac-861c-b7a8328e8b52,L3,Tweet
93e4b2bd-df84-408f-ab39-8331acc80242,L3,Tweet
faf1ad2f-7bb6-4da9-941a-f33aa3308fe1,L3,Tweet
a37a8c02-b02b-4154-95dc-81eb41277113,L3,Tweet
4095fc9f-fa2f-4640-ad09-19c6e364eb58,L3,Tweet
ca4da0f9-fb4a-4328-97b0-8619b405efda,L3,Tweet
f7631b90-a23e-4fb8-a493-8b3664be8a8f,L3,Tweet
69f04abf-e61c-4b58-a43d-cc1257856409,L3,Tweet
ba552d3f-0701-48a5-a6ac-1300381a6a4a,L3,Tweet
134b5e4b-0711-4d02-8bbd-c0ccd3424ab6,L3,Tweet
82be1bcb-f84c-4aff-9e6e-0ce0da457fb0,L3,Tweet
bda4a551-2761-4c82-8cfe-77075f9688ee,L3,Tweet
b5fb3783-46bd-44b0-afa4-797cd9df39bc,L3,Tweet
ec959121-892a-423c-9675-17f59fecbb9a,L3,Tweet
56b8c3a1-425c-4044-9159-197093fdccff,L3,Tweet
ea2e6a7d-689b-449e-b71a-81f7fab9d87f,L3,Tweet
d9024d18-9330-43d5-b1b7-0d53735b325a,L3,Tweet
2a42608e-d28a-4a58-b032-fcd38a3ded21,L3,Tweet
36032198-adaf-45a8-8189-99a747c437e7,L3,Tweet
e74935d2-7163-4fa3-b0ba-9143419d0d10,L3,Tweet
9761ed1d-d651-4b12-a7ca-200a91db59c7,L3,Tweet
94b5d72e-2c88-48e6-a63b-b80de62743e7,L3,Tweet
b7a2b804-0e51-4098-b608-c403562f5d41,L3,Tweet
72b0edd9-4327-4855-a669-1b8de257b723,L3,Tweet
2133ee2e-5f3d-4bd3-a8ab-c71932692df9,L3,Tweet
88ce410c-6764-4345-8579-cd1a76503433,L3,Tweet
6607a5be-6d97-4451-93c3-549fbb894ee9,L3,Tweet
983456de-eb39-4369-8729-5bb0d93ddfa4,L3,Tweet
0a5d9f91-125c-4a43-ad06-b5e408150f15,L3,Tweet
06035f5c-5378-4f7a-964f-139430e82196,L3,Tweet
1bd31368-0434-4aa6-a146-7658e554ef0b,L3,Tweet
2b3771bb-6030-4555-97c1-79cf434199bf,L3,Tweet
c2d3cf19-0f73-406d-87fc-f34bd0314738,L3,Tweet
d4ff6197-42c4-4aa2-b579-de9e8e59f874,L3,Tweet
a5d4c10e-488f-430a-b384-abe3162d179b,L3,Tweet
218de934-ee65-4cd7-94af-04d5ae8bc5f4,L3,Tweet
7358f432-ffcd-4d73-96d9-1f7f8c1daf97,L3,Tweet
24243a40-9c4f-44d0-9028-4ed3a6fb8b51,L3,Tweet
3455bb87-9d55-4ac6-adf2-13579cbbc6fd,L3,Tweet
ac9dda4b-4f80-422c-b4b8-3e0ef17cbe2c,L3,Tweet
8eda6b90-a2eb-4cc9-8e69-2473c2e4329c,L3,Tweet
b62865ee-c83c-4f23-975f-c85f054570a0,L3,Tweet
48386277-6254-4580-b597-8c8c7796c229,L3,Tweet
d1086dcb-7485-4ae7-9ff4-a699aa1d9f1f,L3,Tweet
e157e531-5cc4-498c-b79d-5ec418de1064,L3,Tweet
1547779b-c975-4994-8b04-292d06d3963c,L3,Tweet
1ec74319-e3d6-449d-8410-43c2c0ea98c7,L3,Tweet
fbb290e8-ba7c-4ef5-952a-de37f117f694,L3,Tweet
bc52cf38-e307-45db-845b-afa76712591d,L3,Tweet
7489a2ac-fd42-41a4-9dae-7e0e44bd31d8,L3,Tweet
b1261108-c98a-46c5-858d-a7f93072f2cd,L3,Tweet
5b9d8669-69c2-45a0-8893-3d533669aea8,L3,Tweet
affb09f4-8314-4d10-84f6-631fbfb62a0d,L3,Tweet
c825907d-91bf-4eb7-b1de-2a13ec028d44,L3,Tweet
7a8a9b7c-953f-4867-8d24-364e3b307da1,L3,Tweet
10719eee-438d-4c60-83d7-6273fbd6a129,L3,Tweet
0d87c6a5-e39f-48d9-9a3e-50a21aff66fa,L3,Tweet
8c5acbd7-5804-4ad7-a607-debae6d6d1f5,L3,Tweet
079b4685-5ad2-4f54-8ca2-16deef021608,L3,Tweet
9932e7b0-ccdf-4159-84e7-853974d979cd,L3,Tweet
b4229628-ef97-4f8d-a691-7fb380de2f33,L3,Tweet
be33e51f-f8f1-4eb9-8892-fd6b0aa62679,L3,Tweet
8d4251b2-8f0d-46c5-b4f6-4c5fb2c1d0b5,L3,Tweet
ddd4f932-69a1-4f0b-9e76-21197351d72d,L3,Tweet
fa7e65db-278d-4e51-b5c8-4f51445eeee0,L3,Tweet
0bafd041-7c41-461d-a645-af6ce076f645,L3,Tweet
abdb96f9-295b-4c47-9641-1ac1f39a4427,L3,Tweet
cf273df9-ccf9-485f-8ade-dd932e8aa65a,L3,Tweet
64f40735-8125-4010-8a0f-13af7c0c3492,L3,Tweet
17050215-5049-4701-9df1-ea1a01703a73,L3,Tweet
40529082-1632-46aa-98c8-4e4e421012d5,L3,Tweet
535c4d4e-913b-4e79-8b16-fe7182bd5bd4,L3,Tweet
d5babf2a-97f4-4cce-8400-8a72317844c2,L3,Tweet
74509bc2-e831-4b7b-a87f-e454d3938cc5,L3,Tweet
4a1b4e7b-8c4a-495b-a045-0bf8105528cb,L3,Tweet
665025e0-cdcf-4ec3-803f-b80529e44a50,L3,Tweet
61979b1d-79dd-47f8-bb5b-f07c218730dd,L3,Tweet
e7812aed-e2ac-45d2-a2e4-767155e5b3d1,L3,Tweet
3523024f-828a-4a2e-a939-9122cd754de0,L3,Tweet
fa4ea28b-b38e-41f7-980e-3ae672e3e8a4,L3,Tweet
6e803f7e-aa9e-421f-832d-c38e5ae8747c,L3,Tweet
821b9ad8-4c10-41fd-829e-31119e699410,L3,Tweet
e0df590a-72f4-45c5-a9a3-a8ae1098af64,L3,Tweet
f255cb91-1e80-4cb3-b941-9eac80ec4abe,L3,Tweet
58e925a9-be1c-43fe-b8aa-678722d8a3d8,L3,Tweet
4b24f176-424d-453f-b8da-c2b1320fa318,L3,Tweet
8ec77483-5b33-44f2-827a-ada8c73238a2,L3,Tweet
54d54dad-68ff-426d-970a-a499b1396676,L3,Tweet
ad95bb85-1e62-4899-92b9-ffe921bb05bd,L3,Tweet
4f3d71e4-47ed-48d7-8ffc-eee2792061db,L3,Tweet
60c34f54-a231-454f-a0a0-760b337efc77,L3,Tweet
eb3064fb-55ab-4d0d-b839-aa1c99924f84,L3,Tweet
52207e9d-8c37-4694-96e6-3b092650ffad,L3,Tweet
d472c8ca-dcaa-4eef-ba91-da97a77bd93f,L3,Tweet
60132c29-6770-4e7e-914a-0a21f8e248fa,L3,Tweet
317cece6-9fb7-4f6c-bdc6-899a42b0a91a,L3,Tweet
19ed05a5-5f7c-4251-86c1-927a63bd3171,L3,Tweet
48c53e0a-5eea-4856-a36e-aeebba1b8656,L3,Tweet
e2baaa3f-6853-40c9-a5d8-f7db42e77600,L3,Tweet
f097f2bf-67fc-4de0-83f9-b01e9817edf8,L3,Tweet
b65989d6-b832-4ec7-bf13-15eb24ca84ed,L3,Tweet
87830df6-d743-4e40-81a5-fc50e6e112d5,L3,Tweet
6ff6e913-68bc-4b56-9ca8-3423882c343a,L3,Tweet
0f2f523f-98a4-4ee8-9af1-fc9b0f9c06f8,L3,Tweet
d7cc0458-f3ab-4502-bd65-e1997001c031,L3,Tweet
c17ca131-5bcd-4084-a944-fcb9020f53cf,L3,Tweet
54e3be6c-acb9-4f92-816c-447d7dcefc46,L3,Tweet
10cd56dc-f3a0-4e70-a181-1594e8134d01,L3,Tweet
eb43e8e1-8f9c-444d-8b71-8b7f9f90e1fd,L3,Tweet
1abc9f21-595f-4845-a27a-168e5f35e57c,L3,Tweet
3ac37f8d-939b-46c1-9c97-485be8938ba8,L3,Tweet
16196d0f-43e7-4a83-bb7f-9033ed1a3148,L3,Tweet
9f3c47a4-9178-4f3c-85ce-4a133b82ddcc,L3,Tweet
d2d5f4dd-bec2-499b-bdab-edd8c96f644c,L3,Tweet
9c3fb693-0c13-4ce7-bed9-ba3f10b47256,L3,Tweet
abc15b69-d2f1-45f4-96f7-577682909381,L3,Tweet
b5eea601-90db-4bcb-9a57-cd7e120453a3,L3,Tweet
1464aedd-4b35-449d-a48f-bc429e12d62b,L3,Tweet
03948d2b-9490-4eed-95f9-f9d7cf2c4ef1,L3,Tweet
7b8b5124-b20b-47f2-8f22-e18924a93d0f,L3,Tweet
04702f78-f64d-48fe-9cfb-70f0d7924d1a,L3,Tweet
455b93f4-5e42-467a-94ee-1857c3978fe2,L3,Tweet
33134eb5-d4cc-4a4a-a0ac-4ea484ee7cba,L3,Tweet
3ee27184-3d47-45c7-a342-0da4846b1a56,L3,Tweet
2f4ec711-4cce-480d-a1bb-3d598ec5c37c,L3,Tweet
853498f5-c0bf-4fa6-8222-7e520024b159,L3,Tweet
8c4b223e-3c44-4fe7-8ce1-6c749004ef79,L3,Tweet
0d319aff-c04d-47cc-b6a9-b8e11f4be23e,L3,Tweet
b14d0e23-e5a5-46d5-97dc-1af6ae32f9f7,L3,Tweet
977fa65a-3325-43cf-9003-23e297045b3f,L3,Tweet
69b751b4-3fc0-4f3b-9158-b7f953c778b6,L3,Tweet
bc21943f-a9fd-4003-b0d9-16a8a09c0258,L3,Tweet
44b70459-414b-4af6-b6fe-8cae93a0b4b5,L3,Tweet
c1a36df0-97a9-4733-9c06-44dc34fb2e69,L3,Tweet
c5902808-75ce-4a71-99ef-8c163881c0be,L3,Tweet
3813acdf-5575-4efc-a522-7baede4ae68e,L3,Tweet
c6cfbd14-3111-49dc-8dbf-5d796ed01c15,L3,Tweet
5605c525-7426-4c9c-9390-a716138cda9f,L3,Tweet
8c6bca9a-0726-4d6b-9f3e-6933010c336f,L3,Tweet
0baf27b2-1328-45d4-9368-c975b1317482,L3,Tweet
dcb23aa6-574d-4b96-86c2-4f6b4455b4f1,L3,Tweet
d12654ba-2e06-453d-becc-13a225976112,L3,Tweet
b8bfa2eb-db52-4886-a070-7c6cece7cdef,L3,Tweet
c715b8c5-4c83-42ec-b5d4-6742d84d4572,L3,Tweet
030933b5-002f-4958-80af-1f702fb966e9,L3,Tweet
8928b7b0-2282-4cf6-b61d-3051c40a2ec6,L3,Tweet
85d89a67-751e-492d-a485-ccc3c3bc8ccb,L3,Tweet
8ba4b98d-4a8c-4cab-bf4e-90a2de9a3a50,L3,Tweet
9c06790b-8a84-43e3-8a46-f4b8ae7de3af,L3,Tweet
f06ff264-e513-473a-b09f-3ee95043c34b,L3,Tweet
6c7bb21c-5016-4a5f-8e7f-758e4516fd1d,L3,Tweet
977023b0-d744-431e-b9fc-249aa01c4fd0,L3,Tweet
2d6b0810-16b1-4ff0-a414-3e0e713eeaf3,L3,Tweet
aef8be2d-475d-4f4c-923d-aca6fa05508f,L3,Tweet
93270af8-81a8-4692-bd48-48d0857466af,L3,Tweet
00bf8906-8446-4ad5-af32-8f8a1e182e63,L3,Tweet
0afaf1a4-ddeb-4034-8c24-578a9a075047,L3,Tweet
8f93b8c4-a8b6-4d60-8a5b-3d2297668c1c,L3,Tweet
b821f336-f712-4800-9e1f-37e57aab68cd,L3,Tweet
a882a39f-0376-43e4-bcc7-5f4c0fb8fa33,L3,Tweet
37f1034c-2387-4ecc-98f6-b1a3a2f9bf73,L3,Tweet
0baa68be-4d33-493a-9c2d-52624296af3b,L3,Tweet
44b631ae-dee8-4608-8ade-f5fbd41f3d1e,L3,Tweet
d8f8399b-307c-49c3-b458-53de791dfeaf,L3,Tweet
6c1e7690-0d5b-4a69-9eb3-d54cbdae6b76,L3,Tweet
10e69518-7d92-4532-80bd-2d60d0a40b0e,L3,Tweet
a7ce373b-ac12-475a-a6ef-0d320fce22f6,L3,Tweet
dd848c6d-6fcb-42e8-a018-bd45e07e9431,L3,Tweet
0dc68011-1330-4690-a830-8c0fcea9dc3a,L3,Tweet
b1bb43aa-cd03-45e1-ac4e-8bac84c3bcdd,L3,Tweet
964e2434-581d-4c2e-bad1-a0c87a7cfcfd,L3,Tweet
fb59d8f3-2436-42ce-afb0-fd341756f10a,L3,Tweet
dc34bc2e-41f0-4a99-acfe-86745e1da600,L3,Tweet
ff58ae1d-c7ea-4c41-ac2c-b172469587c0,L3,Tweet
b58a7f83-96dc-4ef3-a2e6-62d2cf19aca2,L3,Tweet
93cef537-7a9c-4cac-8c27-61ac0e5e228f,L3,Tweet
fd1d289f-7f50-4914-b785-900d86295195,L3,Tweet
712b6794-f987-434b-a089-8589d775e219,L3,Tweet
62604345-d917-4de9-a27a-96f0b3403e59,L3,Tweet
95f5c8bf-51ea-4f50-9c7e-2309060b4d39,L3,Tweet
d565ef6d-87df-4c03-8ab6-fd4784f50923,L3,Tweet
ac8114bd-18b6-4c94-8a32-d3f76f8b83c8,L3,Tweet
0bfbc8b6-d9a8-46f0-ae66-9247fcf9457e,L3,Tweet
11181dea-cb24-45b1-89c7-921270a9fcc8,L3,Tweet
8a757d6e-415d-41a9-9bf2-42520a4cc109,L3,Tweet
72de3391-a9d5-490c-994f-6314056b8317,L3,Tweet
190b9738-89e2-4d46-9f0a-15e17b32754c,L3,Tweet
906120a1-7daf-492b-a92f-eedbb7e1b5d7,L3,Tweet
284d9152-0bcf-4229-bdca-9316703b3bcd,L3,Tweet
913340fe-9e75-4d0f-bfbe-420fa9d9605d,L3,Tweet
1bc9261e-9c5e-43a7-846b-7ebd23c732af,L3,Tweet
75b6f01e-eccb-455b-b85a-e20c71f6b2bc,L3,Tweet
e434d654-b88d-4efa-8256-4f46678ee6bd,L3,Tweet
90d9bb48-86ca-4dfe-8025-61de4d295bc2,L3,Tweet
c0615b5b-da9b-4200-9b02-cf91208e5f15,L3,Tweet
58d30183-4af1-4331-b68d-920610828ffd,L3,Tweet
ddf85c20-bad7-4114-a853-9a4eacc6f187,L3,Tweet
38b1d133-e643-4241-90f7-d040a7ee452a,L3,Tweet
e0b063b6-b373-4384-a20c-758f0c46aa5b,L3,Tweet
662c83e3-0e94-4ba4-94cf-fb65e1b367e8,L3,Tweet
29fadecf-02b4-41bf-ab2a-8873a100c06b,L3,Tweet
18102b03-8ed4-4b99-954f-66abf1e93e24,L3,Tweet
2886e75b-7eff-41f6-8693-33ec9c2e65e1,L3,Tweet
8f334aed-6a54-4b31-ad9b-2f52687a2bd3,L3,Tweet
352a6d86-0e85-4d54-a83b-efd0b66fde51,L3,Tweet
5fdfb4f0-f374-4671-ad57-ceefacc5231d,L3,Tweet
8bb3f8b9-c102-4207-a860-1f9da8da36a1,L3,Tweet
8ac3d7a7-9349-4c52-bdd0-56680e7db4d8,L3,Tweet
660e67b5-f677-407b-8988-1a1db2b38605,L3,Tweet
ecc31ba6-1985-4550-8e52-150cfe4a2a38,L3,Tweet
31c50f59-f1df-4dc9-86d4-fe6f0654d53f,L3,Tweet
0d42b79d-4928-40a4-952f-25b36c4aa3ee,L3,Tweet
c4ff43b1-681b-481d-ac27-548218183e9c,L3,Tweet
30f8b211-18c5-4998-995f-f12929760485,L3,Tweet
43898b26-540a-4a3b-98a6-8c55c10e3fe4,L3,Tweet
bde10101-4086-4c32-8fcd-c83c5bffda84,L3,Tweet
e86e0004-6a2d-41ab-86ee-fe553898be41,L3,Tweet
682aa3e6-3b00-4001-801a-cb2fa9b6205b,L3,Tweet
ce6850f0-db68-4632-a9f7-ff9ad42d8368,L3,Tweet
dc9af685-69c5-4ca2-b428-4fd5f52456d6,L3,Tweet
29a51164-8022-4ed3-a032-55efc05a0b78,L3,Tweet
0d91a908-edd4-48b5-bc04-8b14df28c85d,L3,Tweet
9beec2aa-5f07-4346-bddb-88589cedaf16,L3,Tweet
58c83e3c-71e6-49f8-be11-bea6a9614c4f,L3,Tweet
27f45527-2b2b-42d9-ba6f-94be6811f01a,L3,Tweet
5178f362-7f07-4d53-9372-c1664ecca690,L3,Tweet
36ff618a-2990-4f7d-888c-0fd08030b2c7,L3,Tweet
3e78fd39-8fd7-4ef0-9875-1961cc80b2a2,L3,Tweet
77cfdb42-c59c-4a14-a8a1-af67ec8c6f59,L3,Tweet
44ff4e40-327a-4cc2-9a8c-360e8e201e7d,L3,Tweet
e5c075f0-8ac8-46a3-a1e6-4015b5b73a64,L3,Tweet
92c3908a-dce6-451c-958d-b86db0eda87a,L3,Tweet
b8cd42b9-b7eb-48a9-b9be-5d1ec2098086,L3,Tweet
d0c00f8a-72bb-4850-b1a4-44153b5bb79b,L3,Tweet
1e127036-c071-48ce-9df0-3d0aa597f2d4,L3,Tweet
e4d0decb-7cc0-4a76-8658-a2980cbcc925,L3,Tweet
e59c80ad-0f17-4d45-97ab-655334ff3a02,L3,Tweet
c4c57131-72ae-4e2c-9bff-21866ff91915,L3,Tweet
25a19f66-2786-444d-97cd-3259ef99d510,L3,Tweet
0397da51-0cbb-427e-869a-5645dcde6945,L3,Tweet
ace5adf8-f568-4db4-ae98-8d53577780a2,L3,Tweet
ac40d932-6f18-4b8d-bb9d-33d6db850bb4,L3,Tweet
34d5eb9a-33a1-4139-9304-080b2e2954c9,L3,Tweet
50e3b2a3-5b22-4512-a589-790be1963149,L3,Tweet
18529576-3d21-4c84-9136-d3a9aba91e15,L3,Tweet
16bc6899-7ac5-45aa-8f0b-023842234fd2,L3,Tweet
ae5b0c18-b721-4c43-b915-4aa07044d680,L3,Tweet
de4f3571-f387-47a7-a999-245722b5bda1,L3,Tweet
1662e2d2-6d81-424c-9305-04545090a10a,L3,Tweet
28e1f9cc-91f5-4917-a581-1930115e6f31,L3,Tweet
de857620-da08-49b9-b3b3-75c05effe0fe,L3,Tweet
17d2c334-8082-40a0-9cfb-1a418421a3fc,L3,Tweet
ab7e8124-d186-4965-90fc-f639f1b99cff,L3,Tweet
ff2722bd-a903-42ce-a0d1-1521a8e967ed,L3,Tweet
e403eb12-8546-410a-bc26-cc08bec6f461,L3,Tweet
1c4aaf4a-b1cb-461d-bde8-d84d0ce97a32,L3,Tweet
9779dc99-5a72-449f-a805-9d08c438dbfe,L3,Tweet
6898eaa5-6be5-4723-983e-3b37235f89d4,L3,Tweet
6b56deda-4a6c-4f29-90e6-430a48e63bfa,L3,Tweet
f789c940-1ad2-4281-bf2c-1c1311476aa8,L3,Tweet
a56b7985-c1e7-4f52-8006-b7f8e0b28a82,L3,Tweet
9f312ea9-9adb-4082-9803-50220a699f9f,L3,Tweet
e2744454-a672-40e5-b918-34ecc50b1524,L3,Tweet
0c2f31cc-b4ab-4b44-afee-3602c607b437,L3,Tweet
73d70e4e-d53c-49f3-8127-e010b9e2afd9,L3,Tweet
d72b9834-7843-4feb-9fb4-39be9a0ff997,L3,Tweet
b06bab44-4e35-4e79-9fd6-ad99b68a6d0a,L3,Tweet
73cb9483-41d5-41a1-9499-729890bcf08b,L3,Tweet
83c21a2a-eebc-4fcf-bb2f-92c6a1dc5a1d,L3,Tweet
947099f3-cbd5-4fa4-ae11-efe2cbc203e6,L3,Tweet
29abafbe-9ae5-4e4e-81e8-6179670e122c,L3,Tweet
a06d27f5-e1df-401c-b7e2-0e54fc3718d3,L3,Tweet
2bc3174a-fe4b-4189-a6c3-48b78ae68663,L3,Tweet
cf8e8d0e-a3cb-45ac-8a46-8dee4fbae5c5,L3,Tweet
a39a5692-5f97-4548-b484-63178df14fae,L3,Tweet
8a252160-6812-49dd-8cbd-c2b5bf4dc0b7,L3,Tweet
a5d58a92-1fc3-4b0c-8e85-e8b146b35c1c,L3,Tweet
0035976b-cfed-43e2-a2e0-4573d2cc30c5,L3,Tweet
5673d599-17a6-4591-9b99-47dfc5e0fbf7,L3,Tweet
a3feb417-956a-4e8d-9e89-f954ed1912ac,L3,Tweet
e0f0a246-12e9-4872-89cd-c056727b68df,L3,Tweet
a4c2102d-5a13-496c-abf0-80023b26e56b,L3,Tweet
7aba6b32-f3fb-4a87-a03e-ecd072438857,L3,Tweet
6523b59c-e690-4c0b-98a8-3af33790edea,L3,Tweet
025af455-5eee-4cc4-b331-a22319e39b42,L3,Tweet
5138ad9d-85af-4dcc-a460-cc7a92611b17,L3,Tweet
22a123cd-5305-4076-9ce0-f5cc0083bc98,L3,Tweet
e98803b0-707e-4d33-b387-353e7c60eb15,L3,Tweet
32fde032-724d-4e3b-817c-80e812975a82,L3,Tweet
a809349e-9d13-4689-b5da-3f2e414b009b,L3,Tweet
4993856c-1ece-44e2-bcfd-dd81371226bc,L3,Tweet
42e35bfa-07df-4000-87bd-fc0a24e3c6ab,L3,Tweet
a4855675-3e0b-4b3b-9f8b-9e384b7b3187,L3,Tweet
b5fb50e0-89f2-4a36-b09b-2ab1cd20f38f,L3,Tweet
729c3387-8cc6-4750-98e9-2e2556f1ec5b,L3,Tweet
57ced3d8-7118-44a7-839c-2f3e36829a49,L3,Tweet
8d1de2a6-e07f-4b0d-9102-97940f09b3b4,L3,Tweet
5503620a-bf10-46ce-a114-4b19ead1b1cf,L3,Tweet
4172c368-de7f-4867-824f-929330942837,L3,Tweet
fc77e8ff-9d15-47c6-92bc-c2ff621e07fd,L3,Tweet
ac3eaf56-a24c-43eb-924a-ee9892199e34,L3,Tweet
3d150d21-63a9-4848-ba92-fe23665ea194,L3,Tweet
78e3802a-f889-42e5-847f-345d0eb6f7e6,L3,Tweet
e85d9c27-1b8c-477b-ae98-26f8e5fff64a,L3,Tweet
99f8a94d-c82e-4c32-9189-05780eaac5e7,L3,Tweet
03cd9367-7d81-43c6-88e7-073a0c2bf65c,L3,Tweet
359cd467-c7da-4a53-b10e-7dfd8a588645,L3,Tweet
383c7923-281c-4a65-8f12-33abdd04daf8,L3,Tweet
af938311-47a9-413c-8b40-1d1d4c4e874f,L3,Tweet
23eee256-34ea-429b-aae9-076772bf1105,L3,Tweet
b1e3937c-da0c-45a2-9d1c-10b5fff37a6a,L3,Tweet
a590bb53-d66d-4d47-80c7-0f1ac941a29c,L3,Tweet
647a9d48-13fc-4608-98a8-fc8e75b7ca4a,L3,Tweet
23f5e6fb-3ed8-4d3c-81de-0a4a4d3adcf7,L3,Tweet
f365bcd9-ca82-41b9-bf84-df5410e905fc,L3,Tweet
a995cd78-3cab-4a2a-9eae-d98f18ab32d9,L3,Tweet
fe86e921-e61f-47fe-a091-ef20ca274e2f,L3,Tweet
6f7ee252-9ae4-4358-a779-14f06b9a554a,L3,Tweet
b6675471-9586-41c1-8405-bc19d3c8b23c,L3,Tweet
25d0934d-6925-4b20-a47d-9bf3aa6bd178,L3,Tweet
a89073d4-fc6b-4262-9bf6-46083068ed39,L3,Tweet
66515dfc-543a-4caf-b4fb-b8923598f952,L3,Tweet
c9fb5abb-c4b3-4ffd-9142-f2eb67356e7f,L3,Tweet
808c1858-2cba-4e33-a60b-775fcaa3b68f,L3,Tweet
02779b0a-df1d-48ec-af8e-f8170c4a33b9,L3,Tweet
f4192408-8ad9-4e27-b02b-1b5f71c0254d,L3,Tweet
3ecca869-e1b2-4654-bb84-c9c7c6f14e57,L3,Tweet
5bb1c310-1961-47dc-9103-7399df566be1,L3,Tweet
9cd22cbb-2f6b-4360-9bec-7b9e86d1a4ad,L3,Tweet
893e1f08-b819-46ae-aaf1-0b5ffdfa3257,L3,Tweet
99cc6256-2bc5-4871-ac9d-2fe4e8972efb,L3,Tweet
3e8cad3e-00a3-4904-b6e3-c2a5ad87a795,L3,Tweet
3c4aada9-7080-473e-bd39-b9ca8ef04abf,L3,Tweet
b49cf554-6689-4ddc-85c8-0dcb8dd962da,L3,Tweet
ceda67c9-0cf5-44de-aa51-64a78c9c8912,L3,Tweet
febfefd1-73e0-44b5-923d-3147fe7bcd3a,L3,Tweet
4372b670-543b-4f2a-ac3b-afc3de9e9ec0,L3,Tweet
e994d2f2-4e19-416e-af45-ebc72ebf2606,L3,Tweet
0f712d93-e48e-42b6-9fe3-2d576b1076b3,L3,Tweet
975b6b03-80f6-4b24-898c-4724c31aeedd,L3,Tweet
1af45c32-6447-473c-aa5a-56316df4963e,L3,Tweet
a9cd9f6d-8b73-4f1c-a7ac-14ec55d6d7f8,L3,Tweet
5ad443ed-2889-430b-8280-baefa91d9278,L3,Tweet
3fdbae1d-9cb5-4410-b084-27795ccf75e3,L3,Tweet
c1507315-eb3e-4e43-983a-fe2acab5e691,L3,Tweet
4cb14b73-98d0-443e-866e-7559443d9c13,L3,Tweet
b90398d4-ab7f-48b3-a275-a0d37895c4a0,L3,Tweet
9d255c9f-4911-4357-897e-69c88bef5e1a,L3,Tweet
f44b6a4b-8aab-4ad1-a23f-fb97dc9cbfb9,L3,Tweet
6983f698-7d75-46ae-9ea9-dfb0032ae4e3,L3,Tweet
2746efae-4f2e-4812-a1ea-aab009788aca,L3,Tweet
cb0d00cd-c8b0-444d-a70c-3a16d8de401f,L3,Tweet
45515d60-8585-48dc-be73-2bf230be5fe9,L3,Tweet
122e8197-eeff-46ee-98bd-b1221818e980,L3,Tweet
5f28fec4-981e-4daa-9281-baf860b0806d,L3,Tweet
3f681c7e-08d3-4289-aa94-d018e08a2bea,L3,Tweet
fa0a6139-ec34-4d49-9f68-addd74255e82,L3,Tweet
b0c9f3e5-50c9-4563-9d28-92737deff561,L3,Tweet
f8a04042-99d2-4a59-b835-17d11e92119a,L3,Tweet
86603368-e19e-48d5-9538-d7aa348a5097,L3,Tweet
fc9d77a3-1a2f-4c34-82b1-160938851914,L3,Tweet
61921e70-b0b2-43e3-ae86-ba1d3873244d,L3,Tweet
4836aab4-0032-4481-9cc6-e79da259fa02,L3,Tweet
7c3ca4a9-78fb-4606-b148-2ed12a5ce427,L3,Tweet
33987b0b-07de-4565-995e-a7914d2ffd34,L3,Tweet
cdda1d31-868f-4ffe-8b42-c1fb4da164b9,L3,Tweet
2e709caa-0f89-45f4-af41-e9dd21b919d0,L3,Tweet
fd98cf0f-7fd5-4aca-8afa-76550e1079d8,L3,Tweet
2859c4ec-767c-435d-a581-e911c05424b0,L3,Tweet
af2b4003-65cb-48ff-8130-dc377a0155d0,L3,Tweet
fc894d94-053b-42d9-ac4f-88b39ec7ad43,L3,Tweet
a39e1f14-8ec3-4086-bcc4-cf5bc4a69c24,L3,Tweet
f10718a2-05e5-4f5c-87ac-fba6849cbb36,L3,Tweet
56ce8da7-0cd2-40e6-b433-e90a693b0b7a,L3,Tweet
96368d13-9b96-481a-97b3-8584d8281dbc,L3,Tweet
1d175e44-910c-466c-adb5-1fbb1fe2c767,L3,Tweet
ef7fe777-7712-4d28-be32-30f79b742d1b,L3,Tweet
6a04e093-0759-4c44-9d47-d5b3ce20c974,L3,Tweet
288789aa-ad3a-4361-b817-a4d9c327a11f,L3,Tweet
db40477d-b56c-45d2-ae6d-56778a5bdc2c,L3,Tweet
fe3f1398-2028-46e4-bba3-d17e9fb3d9b3,L3,Tweet
065c6f4a-6748-4d2a-aead-437fcfa1bd48,L3,Tweet
f5a5ec72-b71f-4f38-a2f6-143f1b0b300d,L3,Tweet
aef38edf-66ff-483b-a404-999d46466af2,L3,Tweet
79e35858-fbcb-450a-9648-8d6dedec6f97,L3,Tweet
1ab25652-7d03-41fc-9e4c-35dd9fa5c8bc,L3,Tweet
ece6de3b-52c3-427e-8532-35c6b9e4ecff,L3,Tweet
4addb396-ce01-445e-adae-5421c6ba6d9a,L3,Tweet
e45d62c3-462b-4aab-b5d4-c558aaadc820,L3,Tweet
1cbacc3e-59a0-4aac-90bc-e3e786a19ae6,L3,Tweet
c387c4be-1c91-4e5b-b2fa-50e0c40db7f2,L3,Tweet
51a218c7-33c8-423f-8c38-c7a95443e686,L3,Tweet
d1cc569c-6b6e-45fe-88b6-87a756ff233b,L3,Tweet
ef108053-1f7a-47e0-9bf6-30c41a47d1f2,L3,Tweet
c4116c19-87b3-450a-aa5f-44d95f154f8d,L3,Tweet
582ccf30-4281-4e64-956d-cad40a0761c8,L3,Tweet
56fa1650-259d-4821-9ca8-ced1feb89f09,L3,Tweet
45eed237-14bf-45f3-81d9-427a274d8f71,L3,Tweet
377a7163-cd1e-4762-8374-70edb7b81660,L3,Tweet
b7d49cf5-e2bf-40ef-aa0f-a416aaea642f,L3,Tweet
08680d54-9dbe-4756-b4dc-7f2efb8e1cc8,L3,Tweet
f2e7d357-60e5-4324-ac40-3ad2e4daa189,L3,Tweet
a6df1007-a712-4364-9d04-0dae9c694677,L3,Tweet
6a60aea9-954d-4d47-be08-0989e49adaa5,L3,Tweet
7c3c5e44-de16-4c85-8e17-9ea84d4aa0b5,L3,Tweet
64f5ea7f-82ca-4d02-ac50-10272c2c3f3d,L3,Tweet
d1483be0-aa1d-4895-bfa2-5fe871d01c36,L3,Tweet
f5ac8102-d295-4c46-8d78-b971d22b00ff,L3,Tweet
6c9ed266-3cdc-4ffe-a37a-d421a71b7a44,L3,Tweet
562a94fe-2738-4220-8480-64961703ce02,L3,Tweet
8cd92b35-9b8b-4f13-96a5-d392557a48bd,L3,Tweet
cb76bf3d-ae13-4ab7-b6cf-21ecd36684e9,L3,Tweet
2f7a28bd-ae46-40ef-9532-7c23aa1d0dc6,L3,Tweet
b709c388-8f24-4797-b7c3-302daf8f5999,L3,Tweet
dbd2b106-e7f1-46e1-afe4-a32219c83e52,L3,Tweet
2551f721-91fe-48af-b620-65a974f05ff4,L3,Tweet
3c8604d1-d220-4a29-9df8-45301e86a06b,L3,Tweet
d95ddf7f-f6fe-4d5c-8cab-6bc240616fa3,L3,Tweet
0189bcfd-b02f-4e18-b77b-b88baf2abdf9,L3,Tweet
cfcda2e0-15ad-4826-a311-39b3de88bb4a,L3,Tweet
1b036457-9f09-4c70-83b0-1e5f2398e542,L3,Tweet
25f3cbc9-f293-4ecb-a237-a3dd55b8f9ac,L3,Tweet
a2fc5dfd-7d0d-4c2e-ad19-136ee9e6e6ab,L3,Tweet
dc73d103-b273-4ef3-8be5-7e91d40f725b,L3,Tweet
26700eb4-24b0-4f85-affd-824fed7ff125,L3,Tweet
a4259390-1b10-4106-8aab-da25b3a1215a,L3,Tweet
1c19d7fc-3d5c-49ae-a444-1d5c9fa4ad42,L3,Tweet
705230be-de40-49b8-9c58-5629a57e30d5,L3,Tweet
abcaec90-6a41-4069-ab8b-07c447acedf8,L3,Tweet
c43b831f-04e2-4720-9fb8-ed2564f4d23f,L3,Tweet
c3e884d2-c35e-4904-a7c3-6388ddf84081,L3,Tweet
af90e1c0-b23c-44e4-95ca-30282d3c14f6,L3,Tweet
9b47c0d3-00ce-4840-a77d-e5fdf7462f15,L3,Tweet
1e007b6e-7f7c-401b-8fbd-fe5ef6f0c4ac,L3,Tweet
aedb7edc-c42f-4662-9a05-f0c7aaa32477,L3,Tweet
39affce5-f2a2-4f09-a992-72821d04d7c2,L3,Tweet
710eb8b0-8715-416c-9d4a-57b821d019d6,L3,Tweet
a8b3ccf8-6407-4cb2-81eb-af06860bf49b,L3,Tweet
143a52f0-75ce-43c7-b497-95ed615a92c2,L3,Tweet
18a3ec6a-4466-4366-83e8-8fa83b71ed07,L3,Tweet
3f15ac80-9011-4b47-9adc-bb6141dbd2ba,L3,Tweet
6c55117b-5640-4e8e-a419-8f693fc3b104,L3,Tweet
408cdc5f-ca38-48ed-9206-0637d97f9775,L3,Tweet
2f04bba0-6ecd-4d3a-b6e9-229fa4b9efa6,L3,Tweet
1786f825-2f46-426b-9cc6-8b8662b0130a,L3,Tweet
5d6b6789-1376-4bd9-93fc-c739a8b2e049,L3,Tweet
e6caae34-0922-4496-bc34-b13132e3dbd6,L3,Tweet
472e2e27-40e8-4641-a717-5ef635c868e9,L3,Tweet
adba57fa-4316-4516-beec-bdacd3070ad3,L3,Tweet
752ab398-cd2f-47c0-bd4f-65ed99e5a1fc,L3,Tweet
1a4fa743-5ea1-4458-a46f-a97eff765ee1,L3,Tweet
b601858d-6548-4a27-a917-07e0a6a9108a,L3,Tweet
fba634fd-a723-41da-8bd1-80e5ab417048,L3,Tweet
5ae02913-1d38-47d1-8873-d2c0dd666288,L3,Tweet
2d2d11c0-8a0a-4c15-96bd-113b569f24a2,L3,Tweet
894cd8de-2a33-4909-885d-b078b606f1e6,L3,Tweet
a3e378d5-83cb-44ce-baf3-cc535f8ae57a,L3,Tweet
689fc2a3-26d0-470a-9dda-202d40821a7f,L3,Tweet
f5a86771-8cb3-41db-974e-c797b9e91488,L3,Tweet
8e39f271-ead7-43d5-a20c-4bf24db09c9e,L3,Tweet
8176341b-2617-4acb-874e-216c881b512c,L3,Tweet
d580d022-c0c1-43e8-aa2a-c8456b0046d9,L3,Tweet
9cf4e767-86f1-4ba6-8263-0f2f236da0e2,L3,Tweet
7c9f94df-55ae-45e1-af0c-3a3a5b48684f,L3,Tweet
f1738ee1-27ae-4d26-8e51-f939cbc8534f,L3,Tweet
e1423cb4-2a97-45ec-af30-a15346dc36a8,L3,Tweet
5c09ba15-c5c5-4469-a5f5-28f39e3c5e18,L3,Tweet
af9ffbbd-6df7-4724-8268-763472b26e50,L3,Tweet
92bb6293-753a-4c53-9b5b-867de6350b9f,L3,Tweet
18d213a7-9287-4b03-b7ec-a17c17beb2f9,L3,Tweet
20722975-fc97-4e0e-8f2c-610c3c1ceddf,L3,Tweet
3cc461c1-88f8-4e81-8032-f7e1c4ef7c80,L3,Tweet
37c106f5-75f4-4349-8cda-1c118f59f865,L3,Tweet
0a469c5f-0170-4391-ad94-ecf38b271bd1,L3,Tweet
c5afb1a8-d66c-4aa6-bc04-6d400f17829b,L3,Tweet
7ed2cb84-00d3-4aa2-9fcf-88c6844d017d,L3,Tweet
d90f60b2-6c3b-4240-8339-def8b98cc331,L3,Tweet
427d5044-b746-4bee-93b2-c41c213043e1,L3,Tweet
25e8b8aa-d690-4d5a-acac-04becaef28fa,L3,Tweet
b945afdd-9110-4247-bebb-c1d6493a033d,L3,Tweet
5909ec60-8ff7-40ea-8d66-de26ddaa725f,L3,Tweet
9c5215e2-a141-495c-96ff-a1863d9aa513,L3,Tweet
b6e4675c-e550-4121-94e2-b2e45c7b1623,L3,Tweet
684b0727-7441-4686-bac9-8afc8493e1b3,L3,Tweet
d5344c29-a821-4e9e-86f1-d804cc847033,L3,Tweet
c752f878-be38-4976-add2-02d2b12e7b11,L3,Tweet
5f3c9a6c-84b9-40df-9fc6-bb5c212ae56d,L3,Tweet
c2b5b976-f378-4f88-95d6-44c51c26150d,L3,Tweet
371220fd-1fcb-42c4-a8c3-84e0a71d1e21,L3,Tweet
7e812fcf-1cba-460e-b7f4-351e2ecf4762,L3,Tweet
cd0e1330-1031-40f1-acb6-a1ff8d154aef,L3,Tweet
9d0518e3-22b2-4365-80a4-1d64a49e8b8e,L3,Tweet
ad2f0acc-dd48-42c7-b8a2-6bd6d1e018c0,L3,Tweet
0aa1301d-3230-478a-80d9-af76bcfe3e8e,L3,Tweet
1cd176be-3071-4a8e-a15f-46efb250134f,L3,Tweet
64afc80e-3a74-4da1-bcc5-0201a2b89398,L3,Tweet
78953c13-894a-4581-a201-d57dafca4757,L3,Tweet
2bbce383-e956-466d-ab6e-524ec4cd1607,L3,Tweet
8752f150-402b-4ee8-8061-3fd8dd2a1fb2,L3,Tweet
47a6edd7-b8c7-4bef-ae21-0b906d4daeab,L3,Tweet
098bceee-dc56-4396-8d71-20e609adf244,L3,Tweet
09195d64-7073-4973-a70b-06535be4629f,L3,Tweet
739167fb-93f7-4cda-a5fc-8e32e1dd383f,L3,Tweet
9ab3425a-4e3f-431b-824e-e4328cece5e2,L3,Tweet
257410a6-115d-43e7-8056-a91f789e98ed,L3,Tweet
39c3bb84-35a3-42de-b312-ffbe2d5d6faa,L3,Tweet
ba9c925b-d0be-4ee8-8dfe-4bd80d799c8d,L3,Tweet
1aa46671-f771-4d49-b5b5-598e7a6bbd85,L3,Tweet
946be8a7-f8cc-4b3e-813f-be2f5e263417,L3,Tweet
0d3c8b46-cb13-467a-9205-077e3bd065b5,L3,Tweet
f97169cb-bcb3-4f85-a2a4-6ccc0740dbed,L3,Tweet
a62ba05d-3550-416d-af64-7fdae4cfe5f0,L3,Tweet
a14b2d80-6d5f-4b5f-81f9-5fc3d0bdda52,L3,Tweet
ac8ef461-7cbb-47a1-bd1e-f93522141b62,L3,Tweet
0a158cad-1c77-47f6-b756-ba1b30aeb378,L3,Tweet
0008a136-cef0-4831-820d-6925911d5789,L3,Tweet
63cbdf0b-524a-48d7-859c-cb39c50bca0e,L3,Tweet
98f18782-cad1-43db-97d8-aa87399e5ff1,L3,Tweet
06e16959-2616-4820-baeb-0e1cac5c9028,L3,Tweet
16432e48-983f-46ea-aaa7-007b1aef0b58,L3,Tweet
87eed0c8-6997-459d-8727-d16ff13b23c2,L3,Tweet
6dcd273d-d92e-4265-9513-cbba7feb45c2,L3,Tweet
0144d294-0150-4fd9-a82a-8da6fe08ee8f,L3,Tweet
d04c2151-48f1-4d15-9283-4dbaec24b2b5,L3,Tweet
c76fc388-e810-4f6b-85db-b097fcd7e7d9,L3,Tweet
e1e2b41a-fc0d-4c1f-a84b-835c3909b24d,L3,Tweet
fa721f42-bb45-48c4-93c9-932494cb45df,L3,Tweet
8eaa998b-df18-4919-bd97-fa1512b9e221,L3,Tweet
605af07b-ea1c-472f-b936-7b28f15e6df4,L3,Tweet
3e46a455-ffc2-46c5-af22-785a6d033bbf,L3,Tweet
a9a4b9b0-28d5-44df-aae8-6dd574c99c48,L3,Tweet
af872d8c-f45b-4174-b1e6-3aeae8182421,L3,Tweet
19f29525-7c39-47b9-ba10-ee97606d1238,L3,Tweet
8c29c503-38ca-4bc7-8037-629459fdc694,L3,Tweet
6889992a-460e-4499-8c26-905f62e56fa2,L3,Tweet
f7014dfe-489c-4f27-a35b-663d71caeef6,L3,Tweet
4a680a9f-9ca3-41c4-88ce-c28ee1120d36,L3,Tweet
a301b528-efdc-4577-b36e-e4988098b525,L3,Tweet
8ed273ea-644e-4314-b1b6-5839e634978f,L3,Tweet
e91e8be6-bc74-423b-847f-2bc4969ffd0f,L3,Tweet
187f4b6a-d7eb-432c-ae98-0948c4fc7ce5,L3,Tweet
8d06d3b1-1c54-454a-9a94-f6dd2d268fdd,L3,Tweet
8102ce75-7212-40f7-88fa-824490bfbd9d,L3,Tweet
39f3eca9-bca7-4b63-ae12-bdd073104971,L3,Tweet
540b43e9-9df6-455c-b391-d43cdfcfa1fd,L3,Tweet
028041eb-53f0-4789-a6aa-7fd686146637,L3,Tweet
d6285a93-1723-4fa3-83fd-4788c9a16041,L3,Tweet
bdb1fa98-07c8-4b83-a1b1-c65a47387dfc,L3,Tweet
212a5b81-b447-4b64-80cb-69529ce2be9f,L3,Tweet
9fe98f3e-de8b-444f-9e6b-513e8977f447,L3,Tweet
4d14187a-e390-4d4a-b2e1-a532d207b834,L3,Tweet
863d46e1-3bd3-4da5-9f70-cd8c87c15102,L3,Tweet
1462fe52-574a-4e4e-b2f3-34dfee262818,L3,Tweet
92f5541c-d0ce-42d3-8c69-27423877271a,L3,Tweet
8be2a905-d4cb-4b75-8434-405369f30854,L3,Tweet
f23d101f-3761-4191-9f76-db8affef198d,L3,Tweet
88e989c1-869b-4588-a8b7-f50005338756,L3,Tweet
d9897def-02e0-4822-a929-9b8a9dc3d75a,L3,Tweet
b3ce7240-4633-4314-b92b-66464ca85d58,L3,Tweet
ca2856a2-189d-42b6-9ff8-df99c018804f,L3,Tweet
6adf32b5-377f-4601-84d4-ce90acb4305f,L3,Tweet
818f8ad6-900d-4855-aa15-14239a0635cb,L3,Tweet
622b9dcc-f08d-4bfd-b27c-5f925339711d,L3,Tweet
e5f6f000-9874-4ba7-af96-013bab1665ff,L3,Tweet
5e550da6-6a35-4399-84a9-3010c8b68de4,L3,Tweet
be933e32-5c10-4ea9-a844-6df93d352d48,L3,Tweet
24ced95d-a300-4f0c-9d50-d954da87bcae,L3,Tweet
65722298-87da-45e9-aad9-3d075e5aa5da,L3,Tweet
5a8b5cfa-0fcc-4b1e-94e4-2ab4dba8e62f,L3,Tweet
1af4ff8a-24fb-47be-9328-09414f3c863e,L3,Tweet
beabdf60-9c94-42d1-af22-f31a325b9f09,L3,Tweet
1e384c73-b73b-460d-91a7-cfefa5a12cfb,L3,Tweet
b0afaa74-fd56-47de-9f73-1e4a5be1e6fc,L3,Tweet
8c59fbe3-4c44-4230-bd5b-1790a6898ccf,L3,Tweet
4d9dafa5-fb8e-40dd-8ab0-2403997bff0d,L3,Tweet
c4124019-81eb-476a-b9be-6eaba9a8d1b5,L3,Tweet
f63dfe59-2f67-4a3f-aabb-7da5d831a0d2,L3,Tweet
3dd21e96-7b60-49a6-81e6-a340cbc0f0ca,L3,Tweet
a738d8b2-032a-40f9-bb7f-59baba498e44,L3,Tweet
5c1358b7-a04a-4c8c-99b3-5ad7f4a871f5,L3,Tweet
358b0ccb-82a7-4e21-887e-2aad6d4e5fb4,L3,Tweet
c2232749-961c-4ff2-90fe-3895817c55ca,L3,Tweet
d3355ac5-f456-4c67-8455-8db6dce10ea9,L3,Tweet
072a585f-6dd7-40f7-a4e0-60d23c396c14,L3,Tweet
c05e45e0-f46b-4e2c-af93-0d55b2c38c9e,L3,Tweet
6bae2931-0a5e-4bbc-8978-5c1ab810d9b8,L3,Tweet
f8144d04-77b1-4c40-9c6b-3503e8c95b97,L3,Tweet
7ec5da56-0f25-41a3-94f0-4773a1e99032,L3,Tweet
ffeeb0a8-4d38-4ffd-8375-1c6c47032447,L3,Tweet
6a5b2a2f-145e-4951-870f-9a1f70437f00,L3,Tweet
cd873d9c-1579-4da2-bcdd-d5f35914cb68,L3,Tweet
ab5ea00c-e8d9-444b-b80c-3199f0698ed0,L3,Tweet
3fa10bc8-6eaa-4188-b89b-81612bbce575,L3,Tweet
f35a103b-8937-4734-aa88-beb865b6eecd,L3,Tweet
370f891f-1e4f-4bd8-9d8f-5fd1a223ee93,L3,Tweet
0ba5df01-3e06-44e4-a99a-d1c956287f90,L3,Tweet
28bcb6f2-5e4d-42ac-ade0-397f11213d8b,L3,Tweet
8ec957df-d1e0-4145-9234-22a6e4fa3206,L3,Tweet
affac618-39ce-448c-a62c-b8a3fc457c48,L3,Tweet
c9dbd014-c39a-4e44-b1f0-183868ed34ba,L3,Tweet
4d376408-17b8-4af9-9418-861a8a96af99,L3,Tweet
da565b3f-8f47-43a6-adea-d1a890efb901,L3,Tweet
0cdb3b46-a9a2-42ab-85ab-0da4d12994fe,L3,Tweet
f280aa19-01f7-4f23-9616-6f0c3b260e8b,L3,Tweet
a4260ea6-daf7-45a9-ae6a-486e889f305b,L3,Tweet
f47ef5d9-43be-481c-9b88-ceee4d25c6d3,L3,Tweet
0596b6e8-18a9-4ca5-93e3-012925501a02,L3,Tweet
8a525245-3807-4606-b2db-dfabfae5298c,L3,Tweet
8df03767-cb26-485b-90f5-726d5fdcafdc,L3,Tweet
515c0cf1-a878-4155-98c3-6cef1f16a425,L3,Tweet
3dda1088-47ea-4eec-b72c-247e06628127,L3,Tweet
814cc519-6ab5-44e0-b050-d15c2f4e28fa,L3,Tweet
15d3c7c3-4369-4078-b602-1ee8a88dd32b,L3,Tweet
807361f0-e860-45a8-8293-12be7734873d,L3,Tweet
b91b0789-3486-4d2f-a024-6623ad100d64,L3,Tweet
5016b6ef-2898-4f03-8cdd-961cb91d86ef,L3,Tweet
53027624-9627-46d9-88e8-160530e179cf,L3,Tweet
6377e841-2df0-40c8-a8c6-80e073446e7d,L3,Tweet
6edf38f9-1c1b-4f05-8b95-e3cf20d85599,L3,Tweet
77bbcef8-88bc-45f1-8912-cb9dd3aa0b0a,L3,Tweet
773134e8-2fc9-4b64-b45c-4b1fa831ed26,L3,Tweet
ee2e876c-08ee-49a2-8841-88624310ce45,L3,Tweet
7fa630d6-99d0-4378-9c49-2830e365eeb2,L3,Tweet
2d5328b1-05c5-42fb-ab66-d6ca94ed25b3,L3,Tweet
7d5aff3a-ade7-4b74-b6bb-f796218f19a2,L3,Tweet
1b529128-df91-4867-8aec-4a61eb12ddd4,L3,Tweet
64b541a5-be54-4d53-b43e-8e36d83d6e7d,L3,Tweet
796551fc-e5f3-43b4-8334-d8ec691e9428,L3,Tweet
09551b52-0660-48d0-8f69-559baf0d234d,L3,Tweet
ae1408e6-693f-4973-8076-6e8dfd686b36,L3,Tweet
7316a99a-5f88-40d9-aa6d-f757fc4169e7,L3,Tweet
1abbf825-a487-4678-a6a9-49d31d7c5667,L3,Tweet
ad61b757-3e13-4ad1-9b04-f2b08267d5c4,L3,Tweet
c2de70e7-f1e9-4f0e-ae57-586eb6c46507,L3,Tweet
59c74dde-05f4-4460-81aa-9efaaec0ef82,L3,Tweet
eb257f3f-9586-41c3-b683-b0d3cee5c8b5,L3,Tweet
53e1913a-484d-4ca5-b653-b4ee7dbc0e67,L3,Tweet
4e437a2c-1cab-40c7-8509-afd2a9221b02,L3,Tweet
315ad119-ac5c-414b-80b3-b887bd4d4b1d,L3,Tweet
9f98959e-c896-484f-b16f-08bb051e708d,L3,Tweet
afa22f23-c79e-4a55-a45a-e6595da7141e,L3,Tweet
5da66678-1571-4e97-890e-87ddcd76195f,L3,Tweet
82b7fcd7-ee90-4ad8-8317-6109994e1f3b,L3,Tweet
012d8ab2-219d-4679-8693-0f4d803586f8,L3,Tweet
c086440a-4517-48a3-ac7c-964d03c512aa,L3,Tweet
0a3ca565-cb44-49a1-a170-a9127c83e49d,L3,Tweet
1a76c99e-6b95-473e-b716-41d72ade69cc,L3,Tweet
7502bc2f-5217-4ee4-8b4c-53c1f96a8ccd,L3,Tweet
7392d665-8d14-446c-a274-b561a7f7973c,L3,Tweet
1eab3498-ae70-4c36-bf7e-0eea74d5039b,L3,Tweet
a607f962-f77d-4bbe-a90f-7cf88f483e0b,L3,Tweet
3a579573-d775-4ce5-a141-f4550538e3a6,L3,Tweet
453664d1-1cd8-4acf-b595-f48aa1693b1f,L3,Tweet
ada5c47c-442d-4d14-92d6-ff46612ea5e3,L3,Tweet
d4baf912-269c-4173-a881-a4b8deca5c38,L3,Tweet
b4ba6bf9-7c42-44fa-b10a-ec5374176156,L3,Tweet
58ce6d90-04e9-4dc2-9064-4c80358735dd,L3,Tweet
7d5e4e4d-af34-44cf-8435-794f6ae42cbc,L3,Tweet
9945ec93-caea-4617-a472-538e30679b1d,L3,Tweet
dd784740-1baf-48c2-8fa1-acd14ee59519,L3,Tweet
d7322306-441f-4cb2-878e-24f305f4d9c9,L3,Tweet
40a20067-3984-4e3d-85d1-37abb6187ae4,L3,Tweet
c884a500-c0a3-48e8-8ed8-d497619c0ca8,L3,Tweet
5f00fb04-9d30-40e8-a7e8-dbaf573337b4,L3,Tweet
85d39e3c-31d5-4578-9b4d-424e9279171a,L3,Tweet
5d909fdc-f665-4ba9-9f0a-5151ee86d21b,L3,Tweet
c17e5e3d-d330-4293-91bc-3ac61527a531,L3,Tweet
9f1e9646-67e9-4b70-969f-f00e0f9b6525,L3,Tweet
6dcec8f6-3742-4ce3-a51b-26e4c8ed21c3,L3,Tweet
d16e633c-0fa8-4ff7-9469-083fd108ee31,L3,Tweet
a32c0950-b280-491b-9ed7-d4f013f62242,L3,Tweet
12bdf8b3-87d3-45ff-98a1-d79b45f23d27,L3,Tweet
c892ce83-b3a4-4e1e-9561-39e886c5fbd3,L3,Tweet
669a8145-ccb5-446c-8ac8-322e0baf395a,L3,Tweet
e5805978-1fce-4370-b9ec-19ca1eba8fa4,L3,Tweet
f1194477-7526-4848-b668-3357604d00b3,L3,Tweet
1746b486-c07d-45ad-b024-cf592df6123a,L3,Tweet
810168c5-4f74-46ed-9439-5b2bf5e4c01b,L3,Tweet
2a42dfdf-bcfa-4264-82e6-21d660b319e8,L3,Tweet
c7505d97-0305-4549-91d1-8e4d45f2a9f2,L3,Tweet
9893120a-1d9b-43db-b926-fb9460466af2,L3,Tweet
75970ab7-eccb-4813-9d88-8cb8a0c1d4b4,L3,Tweet
9ad684d5-f947-4923-9baf-0b55cec985af,L3,Tweet
a5f26191-4a04-4271-b8a7-d6f04bfde813,L3,Tweet
88a09cee-4e8f-4b84-8749-3d28f63d93a1,L3,Tweet
295715bf-c189-40b4-ad9c-c7efc1767465,L3,Tweet
367eeb2b-8f43-4bc0-a6d9-50c194d9a631,L3,Tweet
767206bc-0bf9-4c01-b6f3-cb1d36d701af,L3,Tweet
5655561e-b93f-418c-8448-8e9b00e99b8c,L3,Tweet
c613df22-eb97-4e41-bce2-c754b0d4fa34,L3,Tweet
58dcd279-8d18-4ec2-a859-09f9a199b459,L3,Tweet
6306081c-5f2b-4e69-b406-e5e0d28ce16b,L3,Tweet
bff07ef0-06e6-4894-a737-029a867b88e5,L3,Tweet
cad66a75-66ef-4407-9ff8-1a8701a56e09,L3,Tweet
056d3db4-e9fa-40f9-8021-c39f18df8108,L3,Tweet
ef90dc3b-ea0d-4878-9462-37f9aaf08a32,L3,Tweet
92ceda33-1f11-47cf-b947-48c15be4916f,L3,Tweet
75cbf8c4-c03c-4731-bfef-c2c64afe39f4,L3,Tweet
cf7aa8e7-e896-4c94-9324-5d9b86ae1701,L3,Tweet
b4edfdca-d368-40a7-90b9-2d17fe7f9475,L3,Tweet
73769f5e-692d-450a-9102-ce6e31aa957f,L3,Tweet
9dab0930-2262-42f4-866a-b81d6de4f11c,L3,Tweet
5b20bced-ef93-4cce-bc0b-2b282c1f0a92,L3,Tweet
33ba284a-1ddc-411b-ab2a-cd03331253cb,L3,Tweet
3a486f1e-2db1-4293-8b33-4d40616052fb,L3,Tweet
fcde7031-c138-436d-b771-f5c4782658fe,L3,Tweet
43e17638-c84f-4d04-9933-5cc69e0cd262,L3,Tweet
e4a545f0-3dc5-4f39-afb9-03a2209fa57a,L3,Tweet
ad2162a8-5cbf-49c4-bb94-64cd5781880f,L3,Tweet
5956400d-23ec-469f-87e7-17867dc08130,L3,Tweet
56cc01fb-f3e0-46b8-803d-0c8acab55fa5,L3,Tweet
28b03186-0596-4de4-837f-a7d7ce5c0ec4,L3,Tweet
fc1f76bf-c914-4119-965e-6ea2856037b7,L3,Tweet
4e890d95-50ed-4122-a58a-50844f1614db,L3,Tweet
1ca98fa6-6fce-41b6-bcec-3d631d6ae95a,L3,Tweet
9c630fb6-89f6-4656-9167-9e3d4df7f0e4,L3,Tweet
9a7d32e9-bf5d-4416-9484-3b100712209f,L3,Tweet
dadd7225-adc2-449e-b3f6-79f827c873e4,L3,Tweet
36c78fec-fcfd-4ef3-8105-088ccf7e4cc9,L3,Tweet
9acb7e85-d690-46bb-bf83-3bc68eced721,L3,Tweet
91f47161-d75f-4014-bd52-3f8db5bbac4a,L3,Tweet
ba197eef-b38a-4a01-bbf2-836d4879e399,L3,Tweet
f1ff9277-6abd-482f-82c2-cc01cdd06efc,L3,Tweet
e2b8cc59-d959-496a-900a-d69ec7fd9cb3,L3,Tweet
f64027c7-e47b-4660-bdfa-748a266de5e9,L3,Tweet
22315bd8-b4ee-4fc2-af47-e1daedcac57b,L3,Tweet
6af21c61-8473-4e6c-be65-07be1dc29a04,L3,Tweet
f727368f-cd8a-4ed4-8e20-786de8c19e59,L3,Tweet
be30a5f5-5024-4b69-82ac-1ede4e78418d,L3,Tweet
adface78-cbbf-4037-8bba-58e7f42fa5ea,L3,Tweet
e96c398f-cac5-47af-9079-650b060279fc,L3,Tweet
490c7c5a-a5f6-41af-8de6-4d69fda9e22a,L3,Tweet
1e25cce9-b6e3-46a1-9b20-cefd74d7f6b9,L3,Tweet
86a57057-dd8d-4f4a-b3ad-87131e1ceed6,L3,Tweet
022505a2-16f0-49b6-be7d-3ce06688b84c,L3,Tweet
1e7b50c8-bf2b-4ad8-ae5c-102fb71237cc,L3,Tweet
7696ad23-d2f2-4b58-aae8-1dfb74d859fe,L3,Tweet
741444a3-77f0-4f22-b8dd-b2af70f650ba,L3,Tweet
13a9c4a3-e200-4e60-b2d8-0c232b2eaa7f,L3,Tweet
6c97580f-a4bf-4aa2-9c65-f4a5fd9e9b51,L3,Tweet
1db656b0-bd8c-410f-bd34-ac1f09406821,L3,Tweet
07ed8b42-9a14-4681-a980-01e24595dacd,L3,Tweet
df37dd67-ea13-421f-ada0-4262dd84ca5e,L3,Tweet
11d05015-34cf-4834-9102-6be801796737,L3,Tweet
a2e279c1-50e0-4544-bbfd-2dec650b8fd3,L3,Tweet
3c5a5f31-9faf-46a7-8d1b-4fbd3ed2555c,L3,Tweet
1554108b-29fa-4ee8-a355-32b7b2739f87,L3,Tweet
61520fe1-6872-46ac-96a7-d318574bc22b,L3,Tweet
6c831d6c-cdb7-49b3-b80e-e558e6b2be23,L3,Tweet
ee62d0bd-edf1-4200-b700-6ac65f1459ab,L3,Tweet
86884099-5c8d-497b-b0e9-d8d011bc2f47,L3,Tweet
7564fd5f-0a35-4505-bbc5-07c3c2868bcb,L3,Tweet
fe2d30f4-d164-4edb-ad99-8b4adde14e9c,L3,Tweet
9935a45d-9ac8-4f46-bfd0-e2b897f93b81,L3,Tweet
cb145a0e-44d0-402b-8ee4-8cdfb120988a,L3,Tweet
f1fb1891-f861-471a-aae5-edc2a8ad0e84,L3,Tweet
5bdce40c-e3e3-41d6-851d-1fd837209d89,L3,Tweet
7b72c722-f482-436b-b43e-809e91aabc39,L3,Tweet
ff3a4d93-7958-4c18-8410-3a4b01459eee,L3,Tweet
dac3abef-de7c-4cf8-9149-c34249808246,L3,Tweet
531911b1-501c-4e28-97fc-9c5ed5a9af44,L3,Tweet
06e37424-a2b9-4d10-a37a-77afba8138fc,L3,Tweet
68bcc43f-8ea9-4111-be74-ce6eef5e0222,L3,Tweet
5be8991d-67a8-4565-80ca-943c72b50920,L3,Tweet
91275727-c814-421e-8506-ab1b8e89d7ea,L3,Tweet
46881a14-450c-4b6a-a0d4-a9669dfbd920,L3,Tweet
289007ce-610d-4da6-b4b6-e56f94fade68,L3,Tweet
5968ccaa-ef19-48d0-8f64-92ea3827a032,L3,Tweet
9b4b3c47-fb68-4e74-9b45-49506a36661d,L3,Tweet
547fd8d6-581a-4d3e-a25d-0ef9c9b7b64c,L3,Tweet
99bf1144-ed33-479d-bc65-522e1b11cc91,L3,Tweet
4188a351-df99-47a5-9d9d-a958ff43c0be,L3,Tweet
716fe1e4-bbec-4e0a-9eaa-01a466647aa1,L3,Tweet
320029cb-bf7d-40d9-95b3-36dbb130e41d,L3,Tweet
7d663f6f-7daa-4785-ae2e-d12e76199759,L3,Tweet
66e70e6a-06cf-40b4-a35e-ccefb9139eb2,L3,Tweet
e29bf292-f5cd-4405-b2c2-958850f90392,L3,Tweet
8237b64d-1aed-4b93-aa8c-44417b9e56ae,L3,Tweet
b78acad0-6270-4058-a161-8a910d93704d,L3,Tweet
67df94e6-cc81-45b4-9155-3b53d18fb74e,L3,Tweet
c1a9d08b-c0dc-4f34-a97c-212c6212720c,L3,Tweet
cdaa2ce6-0845-4037-947e-51741e228fbc,L3,Tweet
a749fcfa-32d5-40c7-870d-16888a0bc64f,L3,Tweet
8441b57f-827d-4fe2-8386-90e276e9dbd6,L3,Tweet
1fd62654-fcd8-48dd-87e5-3fb7d2fcaafb,L3,Tweet
f1735582-8c30-4db4-a351-7e59a270d0ba,L3,Tweet
db1bfde1-d3b3-4535-ac3f-35a054cf320a,L3,Tweet
e0bb659b-0f19-41c5-9386-91e9ed23c535,L3,Tweet
9638a4f2-1286-459a-b10e-3436f702b5e3,L3,Tweet
7767506a-27f0-4a50-aacf-9f741ae53b66,L3,Tweet
284f65cf-ee04-4e2c-aedc-173d5d3a5331,L3,Tweet
5642f703-24ec-4631-964c-3fd65fe42a95,L3,Tweet
527b99b1-8142-4e2d-b53c-b9aeaa5ae664,L3,Tweet
b51dc4aa-2933-4f12-abb5-8bce8293af03,L3,Tweet
ab41dbc2-0bd8-4fc3-8c48-4ac6f8326e78,L3,Tweet
79f0b0f0-92e1-41f4-a355-797fb9493e79,L3,Tweet
199f6f0e-4d93-44b5-9228-9f81ec408ed9,L3,Tweet
e0947577-5da1-4646-b2dd-198a75d7d160,L3,Tweet
d1436a93-c031-4df9-9026-ed01bb55ce14,L3,Tweet
b5b6d4a0-be45-4656-9fa5-17f50baf033b,L3,Tweet
5ab33e0d-c5ea-4879-8cff-06a18495db04,L3,Tweet
cc563240-6924-4a82-b7c5-1ac64f77407e,L3,Tweet
44b16621-4820-4d96-a931-f8059970c491,L3,Tweet
20c4dfa9-2180-4ca3-8675-8a9f48c40ba3,L3,Tweet
89e0ce6e-e86b-49df-a3ad-d05c1e7435d8,L3,Tweet
c9571c3b-32b9-4d47-b105-de67b77cc245,L3,Tweet
7e48073b-c361-41c6-959b-14b2ec5239ca,L3,Tweet
ed1bd53b-d619-4b67-aecd-7b1633ca1110,L3,Tweet
fe475009-8ec1-47da-84f9-723cd7830bae,L3,Tweet
7eafc88e-73a7-4afd-aa15-9202ea726cef,L3,Tweet
83ffd16c-175a-4673-b123-6754669fed80,L3,Tweet
94e8eafb-fbad-4a17-b21d-410240fda01b,L3,Tweet
8084e20e-8530-484f-a31e-67d4f15cf90c,L3,Tweet
24db8c96-0eb9-4fc4-b677-8220574cb104,L3,Tweet
cbb20c03-7c85-4472-8574-f4b441f80406,L3,Tweet
0b3d1ed9-9d69-4002-89f6-a57376a01894,L3,Tweet
23771066-04a5-4095-8276-778c4b41e080,L3,Tweet
0802719c-a79a-47ba-bc0f-ce1cb47e93fa,L3,Tweet
964f9bbe-a439-4c11-805b-c0aee5859e97,L3,Tweet
311e1bd8-54b6-44d4-8c1f-cf6d8d3b709e,L3,Tweet
3e78c711-03f1-4ae7-b9af-03514eb63ef7,L3,Tweet
fd7c5c18-196c-45a8-aede-c30ffb27d2b4,L3,Tweet
068eaaf4-cb41-4a3d-bdc2-913e8da5702d,L3,Tweet
ad8b538c-4358-4303-a3aa-6f2e011a8582,L3,Tweet
53994308-7a76-42c9-86b2-49e8cfca2d63,L3,Tweet
b571e16c-6e58-4a90-80a5-20a831837145,L3,Tweet
9bdb5cc7-9b76-416f-ab81-278056e9b652,L3,Tweet
5d9d6a2c-700c-4956-8aea-20b6884b8d83,L3,Tweet
a6f5fd11-4ba0-4e3c-a93a-e470fa171950,L3,Tweet
96c8b35d-4acb-4582-ad28-90ff57b38a97,L3,Tweet
ec9285d5-1c84-423a-9683-83a7338cb708,L3,Tweet
d080f3ab-93df-4375-b6b2-8b5ebe7ab6c8,L3,Tweet
3f9f9809-8c30-47b6-8aff-624fc2094be8,L3,Tweet
9aaa8fe5-2cb9-4846-96bd-121d0ef2c385,L3,Tweet
d5c8fe37-725d-47dc-9ef9-3f7dcfb0793a,L3,Tweet
1421a0bc-7cba-4a0c-82a6-28fbfbd23e4a,L3,Tweet
4f1e74e2-eaaa-4d9c-bd19-e868fb34cc06,L3,Tweet
ac5c6759-72c5-4db7-8956-f4ae5eccde30,L3,Tweet
94efd03e-e9e0-44c9-b05d-fbcab5977a21,L3,Tweet
8075e791-e8d8-4954-b2ec-5bba73edc8a2,L3,Tweet
86061e99-7801-415d-97c5-2fdcbbde3085,L3,Tweet
34ab1ad0-4a95-426a-b266-92e693e53e64,L3,Tweet
5c66fd17-ebd4-4b68-b059-6a68c95ac032,L3,Tweet
d870bab6-199b-4a0e-b869-c8718abd111d,L3,Tweet
b8416b9c-ed31-43bc-a6a9-36355995ba44,L3,Tweet
6b5caec4-e7a8-4bf9-bb50-7770d6b15df7,L3,Tweet
568aac59-0fae-4baf-afcf-186831d836ea,L3,Tweet
ae0e19a3-3a76-4e36-a417-e36cd6f620c5,L3,Tweet
47e96ba1-6c2b-4c30-b0ca-5d1575fdda2e,L3,Tweet
d5990e08-43a5-4e04-902c-30a59b6a87f5,L3,Tweet
efa2a34f-8758-4011-aed6-ce0fd201d8dc,L3,Tweet
a1709778-956b-4a0c-b5ed-283e7efaf097,L3,Tweet
18ac09d6-5c81-4a9e-aa52-baea9e79a5ce,L3,Tweet
5d211657-0585-4e5f-be70-007439bbf12c,L3,Tweet
085f9058-a837-4fb6-b01c-1043a5fd230f,L3,Tweet
20814944-5392-4925-9018-2ace456d3c7f,L3,Tweet
d6610dcc-ccc3-438c-93fe-a61c1b2108a3,L3,Tweet
49409edb-7639-48d7-b3bd-223107cd7a3f,L3,Tweet
33cca161-aa02-472c-a12b-2c90623c0255,L3,Tweet
35f8d13a-f3df-47dd-b007-ca89571af519,L3,Tweet
6d6481c3-760e-4c69-9b5a-5e37dfbe3810,L3,Tweet
336c404e-2945-4153-8d5f-8764e47a9c61,L3,Tweet
6605da03-c308-42f0-879a-a2c3401d12db,L3,Tweet
2444b765-b1d6-41db-be20-35e4316ce8af,L3,Tweet
dd6c3803-c9cc-482c-9897-0c5b501eed27,L3,Tweet
7b7423e6-1af9-41ef-994d-50f70e0e3d4c,L3,Tweet
8ed6789e-8614-4255-a783-9532c3c9f604,L3,Tweet
cc69aae4-c041-463e-877d-97a7ae5710bf,L3,Tweet
af0c7379-8dd1-4ec2-b52d-8967a64339ec,L3,Tweet
1acfa046-1583-4dcd-a51c-9d60052d707a,L3,Tweet
761500a0-6340-409c-83d4-f412952593a8,L3,Tweet
616d3208-2b5d-48f1-af02-f2e7d83e10c8,L3,Tweet
5703fb3e-e6da-4655-a46f-3c66a0c431ba,L3,Tweet
c354d73b-9e3c-407e-b3eb-1d3fc4ad1e48,L3,Tweet
883b7d08-e5e9-4bd0-b7a6-0246d2cf913e,L3,Tweet
1f126a11-6662-4806-9d95-30110a09903a,L3,Tweet
8602ce99-ca31-4ebc-9eb7-c66b8d25cc32,L3,Tweet
bffd00a2-3e00-42e6-a602-d6083087b380,L3,Tweet
0314fe84-7bef-4e00-8b59-046d6aa2489d,L3,Tweet
836b2055-3e3a-41b8-98c1-05830a4ddc6a,L3,Tweet
673e1d0d-c8a2-4392-8f62-e7724519f520,L3,Tweet
1257c75c-38af-4ccf-a9cb-d128cd97323d,L3,Tweet
cb234db4-fbb7-4da2-b764-15e698965e65,L3,Tweet
f2e65699-ae93-4034-9611-9ee10fae6076,L3,Tweet
46d82319-d582-4470-aa8d-cb3dacf38f54,L3,Tweet
ed9950a0-9709-40e8-a069-71c6a335b819,L3,Tweet
e9dda36f-3c91-4884-9ea1-755a318298ed,L3,Tweet
0a64d118-4211-40ac-91f8-208a93b2e252,L3,Tweet
ec918f66-4666-4ecd-99f2-04d4e95a701e,L3,Tweet
465d9994-6b58-410a-a4b6-5e185de77724,L3,Tweet
35cbf1dd-4170-4298-b1be-137c1fd456ed,L3,Tweet
65db5173-9817-4aa7-add8-88021e37db61,L3,Tweet
3b1217d3-596f-461b-aa4a-11e238e031e4,L3,Tweet
beb12b75-fa86-4d98-8249-a9ea7f8eea29,L3,Tweet
9308c77d-f835-4d9f-b930-33aa23de9696,L3,Tweet
7567d264-f336-4718-bfd4-d8d2602bb404,L3,Tweet
2b377d0f-b887-4ec7-900b-543b2b09d8e6,L3,Tweet
9c52619e-4e8e-4d67-a446-9044b5774cb3,L3,Tweet
cca67d70-84c8-47b5-b09e-021217eb4388,L3,Tweet
8360efec-4ec3-4597-b4c5-1559847df703,L3,Tweet
405cd58b-3e28-40cb-bbbf-ccb83238642e,L3,Tweet
bf312c8f-f139-4800-afcb-9558dab2483a,L3,Tweet
d2a0bbb9-aec5-477b-b5a6-ddb4c6b00118,L3,Tweet
01e55944-b9d7-41a0-9b60-334f7b274406,L3,Tweet
f9e6ded5-49ea-4eac-a34d-b3523b6519c9,L3,Tweet
7df9c54a-dcad-4356-8ca0-ea3c912f0694,L3,Tweet
fc584f98-4c65-45eb-96ce-25f0b52397fa,L3,Tweet
63c0c86b-63c9-4bcd-91d9-ba847e9b4270,L3,Tweet
e8576fff-7dbe-4b46-99bd-29ae3c001d6b,L3,Tweet
d76993dc-2f6c-46a7-acd6-475903e7f7a5,L3,Tweet
8dbd6920-607a-49a2-97d0-42b82aa0ebea,L3,Tweet
33eb95f4-a769-4a19-8169-97ce27a36497,L3,Tweet
19fd58a4-88cf-41e1-9371-944747386918,L3,Tweet
7f5e4d5f-4252-413b-a078-5df785c2d31b,L3,Tweet
98e04e35-c5ec-415b-8ffc-c4109d8e6b1c,L3,Tweet
523e7aaf-8d0a-4317-b4cf-236404723a50,L3,Tweet
9cf58984-f907-4a16-ab40-9abc7341ab3f,L3,Tweet
2c7905e2-4d5b-45bf-a195-3ab3ad09c0ba,L3,Tweet
959709c5-73f0-4658-bc4c-089cbe6fe70b,L3,Tweet
385c1575-638f-4fb4-9714-680d8757c2fe,L3,Tweet
135e6f72-d7d4-4b12-9d41-1f2a9e15a8a1,L3,Tweet
ada8cda0-1165-4cab-bc89-819febacf9d2,L3,Tweet
ff4811df-132a-4fb8-b6b9-31d179a52b1e,L3,Tweet
cfe8c492-27fb-4629-b470-5b41c4306825,L3,Tweet
8accc48f-78c2-4db7-ae49-e1344910dbe1,L3,Tweet
b6e8d1ff-7447-4f16-9ea1-222a9017c8d2,L3,Tweet
9a56877d-b225-43a6-8dab-f6c4cd3041ae,L3,Tweet
22172283-0944-4192-b451-d8e58294319d,L3,Tweet
9ae93fca-a92b-4f56-a000-43efd239bfb3,L3,Tweet
8eb1ed88-9777-4e1a-aa4a-a61fb942065c,L3,Tweet
791f8bcd-c4ce-49bc-be72-c25c2406bc07,L3,Tweet
852181ba-6ca4-4be5-840a-b5d23bf36d04,L3,Tweet
eeefd544-6486-4f05-a50d-b77951f09e15,L3,Tweet
9d3e57e9-6162-4b47-b06e-a76e6f141081,L3,Tweet
47b27b0e-030b-4781-984e-bba364306ee6,L3,Tweet
a6c23368-c6a9-404b-91ff-9876ef3ccc0a,L3,Tweet
fb1bc779-ee9e-48cf-9a62-7bb4fcd333b8,L3,Tweet
19047972-4c90-4fb9-858b-8d2b0f0796e1,L3,Tweet
f6ae1239-0453-4277-aea7-50c31babd1bc,L3,Tweet
d3ba9b79-31a2-49fd-84c8-0375944af14a,L3,Tweet
f12085c6-84c4-4eb3-a5e6-1f00b1f6abe9,L3,Tweet
ca142357-2e0e-4f48-8602-620dd303a7c4,L3,Tweet
3d458244-4c0a-4cbd-bd06-c697e860d19e,L3,Tweet
4b7f5096-b92c-4a7b-a297-85a5c87415b1,L3,Tweet
613a0ed8-1d6a-4e84-a171-f631f5701e05,L3,Tweet
7f3d3ead-1459-4c63-832d-46b01a3327f9,L3,Tweet
fcbc6baa-bdf9-465c-b16d-a826e9b9bc69,L3,Tweet
854aa747-69b4-4a72-aabd-f2fefee98ab9,L3,Tweet
2c7e1a0a-1053-4b10-8baf-2a1e411c09cb,L3,Tweet
a58283e7-bac1-4ebc-b80e-abc1dc541151,L3,Tweet
0c317d0a-9145-41bf-8d94-e742d44597e1,L3,Tweet
84cf70ce-5503-4344-bf1b-aa63e9d01328,L3,Tweet
9be05588-d4b4-42cd-8a4f-d998d475295f,L3,Tweet
a68bf1c1-1a8b-4bbd-9790-b51573108a22,L3,Tweet
817ffefd-a20a-4a1c-8daf-5af1a041c9f6,L3,Tweet
f016846e-7981-4bd3-8d70-dc3afcda9169,L3,Tweet
cca2295f-65dc-4242-b530-a383b39fd39b,L3,Tweet
2d079048-3f80-446c-98e8-b5a4b61bf01c,L3,Tweet
00224dc8-e9dc-4878-8a28-17524b055cf7,L3,Tweet
3659a355-7607-43ea-a332-8c64c7d2ec11,L3,Tweet
74652f5b-149d-420d-9b51-8904efc4cad7,L3,Tweet
9687f08c-ef2e-4ec7-8a24-dfc0f93038f1,L3,Tweet
ce372323-16f3-40c7-b6d4-747583c445d1,L3,Tweet
338e3385-51db-4f82-a78f-b131af0e43cd,L3,Tweet
cd836eb3-f660-4eb6-b4e1-f4e3200a33d1,L3,Tweet
5bd7b743-e77b-4a69-8a49-c04d1e8ef97f,L3,Tweet
7a6c8515-ecba-4f77-b12f-f7f7bfa214ba,L3,Tweet
7b521bcf-9c85-4024-b120-9f06676cbf91,L3,Tweet
3de2bc7d-8ef8-472f-af61-96a24138c080,L3,Tweet
aabfeac4-0e9b-46ce-a137-27ce995ccaf3,L3,Tweet
18c03d35-89c2-420d-8992-795a39118181,L3,Tweet
d53cfcf2-b1d6-4529-b3c0-ef3958cc3292,L3,Tweet
91d050b7-d0f7-4e14-95a7-b471d77aaeed,L3,Tweet
712fc50e-73f3-4d27-9b3b-0af597ef6262,L3,Tweet
1c8586d7-31ea-4c4c-82d5-2bf0b5edcc24,L3,Tweet
0c604d5d-5ea9-4c13-98ad-535d3a51f1e5,L3,Tweet
6c99b252-1a89-4c1e-938a-546e5a9e04c9,L3,Tweet
e1bc942d-b995-494d-963f-845ee47b8e65,L3,Tweet
3c472f3a-35a5-4623-831e-867909a68400,L3,Tweet
c26b06bf-bf49-46c3-954e-54e421a5cb77,L3,Tweet
02a8d506-88eb-4deb-8b3a-4def5c95b3a5,L3,Tweet
f67b24c4-d552-454a-8217-19a4b58d45fd,L3,Tweet
2c028929-a79d-4595-b601-4724f7872172,L3,Tweet
88ac0145-6f79-4a69-9921-44a7d44a0b14,L3,Tweet
e5bbc89f-72ac-4da2-9c46-22069c1a4f06,L3,Tweet
dd9334bc-60e2-451d-af23-16a69f3f89e7,L3,Tweet
07e24a98-b719-4521-abd9-7b8343670022,L3,Tweet
86353ede-cbcc-4432-8938-cc44beef738d,L3,Tweet
9e338eac-f9b6-4df7-82ce-7bdbe8f51e58,L3,Tweet
110d6fd0-dcdb-4d8e-a9bb-764c552df280,L3,Tweet
767b0f61-abf7-4b76-ba2e-0fff810e3bad,L3,Tweet
a965209d-79cd-4396-8d85-425521bddf31,L3,Tweet
327e36fe-8b83-47c2-8f38-eafa350bdaf3,L3,Tweet
7db8ea2f-4a54-469d-ab29-b51af097a459,L3,Tweet
35b01c4c-dc7a-4a38-8a3e-2a2cf6b826d3,L3,Tweet
4c0b3fb7-bc08-4ff1-8e3f-bc5397c4908a,L3,Tweet
f3be2451-21b7-4c2d-bc85-f2f8af6328b8,L3,Tweet
b8e1f0a7-3579-4883-aad0-a22feff06816,L3,Tweet
8b69ea42-4f16-4370-9a68-12f4b50bdbff,L3,Tweet
eac06eed-a232-4e5d-a196-6ea3b1dc41a5,L3,Tweet
46a43db2-4a7a-4156-be0f-7d533b53ee77,L3,Tweet
64c02de3-bb75-4b7f-95ca-75b349924821,L3,Tweet
8816ad4c-f3cf-435f-ac39-67477c7a040b,L3,Tweet
3a1464f9-0edf-478e-aaea-172473d6434b,L3,Tweet
1b698e66-c8ca-4d2d-ac8b-925733054fd0,L3,Tweet
18eb21e9-c978-4a15-a66b-53f85f3aa794,L3,Tweet
a447ca5a-9fe5-4cf3-9fc6-e0c0ce940fa5,L3,Tweet
b66dc62f-3c94-4d3f-abea-390321e2d2c5,L3,Tweet
ba371a7c-cbfe-4611-bb77-bcee481aa0d4,L3,Tweet
6fbb0b76-8843-453b-8527-378230e59562,L3,Tweet
5729c578-35ab-4dda-82d4-a3f6f366f5a5,L3,Tweet
0b765dcb-a668-4b71-949b-2290577bdeee,L3,Tweet
059376b5-ba4a-4051-af0a-58b1628fcd6a,L3,Tweet
e5c4ec3d-af89-4d22-a612-a00f2332a110,L3,Tweet
a075517d-4a8d-4318-bb4d-1e44fd2d6e5b,L3,Tweet
65b9f826-83d3-4433-ad99-712a412bd4ac,L3,Tweet
3aed4740-99d3-41f5-b964-3df7ec35d4a1,L3,Tweet
3e8ed06f-9f1b-47ca-a54b-054c96004a17,L3,Tweet
50c494c7-ffb3-436b-848b-b543bb410f51,L3,Tweet
cb54245a-6fa7-43ef-95fe-f1d88ca0c448,L3,Tweet
c365c255-42a7-4fb4-9a97-c950e44d9084,L3,Tweet
12e9c26e-f745-433a-94bf-3c48588e08af,L3,Tweet
bf311991-1393-48a4-a446-db10b48fc00d,L3,Tweet
637028e8-fb0d-48d4-bea6-c813dbb752f2,L3,Tweet
eaf143c3-6835-448b-8393-ce6b9fb13098,L3,Tweet
284c9b41-4b3d-4cc7-b84c-a527af88aa85,L3,Tweet
9a2a997c-3642-4fcd-9e9a-7420dc081e5c,L3,Tweet
413b9529-836c-4a83-b681-6af180c8d3d9,L3,Tweet
0f67c519-15c0-444d-80e2-21cde809de34,L3,Tweet
6cdf3cbe-641a-49a5-8b08-ed536c5850e3,L3,Tweet
828e1724-7d4c-4ae6-bb46-52536ac3cd7f,L3,Tweet
d20422ee-4df1-4449-8406-a7e6c4b6d104,L3,Tweet
7313d170-d3b2-4876-88f0-f49669d4aa24,L3,Tweet
4f74c7a8-a6b0-4dbf-b67e-b7da17efc0a5,L3,Tweet
be9c49b2-c13a-4509-a59f-3d2e8c745183,L3,Tweet
f51baf41-236c-488d-8d95-8aac356ed058,L3,Tweet
0ac856cf-8604-44de-8007-8802b0e8e272,L3,Tweet
3c40340e-0344-4096-b1c6-e8b61b1885e3,L3,Tweet
b9b39bda-8987-41cd-a738-fd23f1d63642,L3,Tweet
05d801c2-f64c-48d5-ab5d-837200dcb2ab,L3,Tweet
f91311bc-39a1-4d29-adc4-2d93401e5ac2,L3,Tweet
24e83dba-7377-4b7a-9d80-c9fa800eb040,L3,Tweet
819c69d0-8dfb-469b-a1ce-815e767540a5,L3,Tweet
49189609-c380-48a5-b968-eb6f9d2bb677,L3,Tweet
33e00e8f-09d4-4e88-b40b-6fb5b8953e48,L3,Tweet
48c545d3-c0f1-4a22-840a-5609a83b13cc,L3,Tweet
a69c9b75-613a-4c71-bb8a-2d4ef6990f59,L3,Tweet
34bd771b-8cd7-4894-8692-ff1010766fdb,L3,Tweet
4c875075-3f19-4739-91f6-246797430c65,L3,Tweet
76c92620-209f-4aae-8eca-f0ddf2ece21c,L3,Tweet
f662754d-48d3-4838-ad01-cecb2f510a11,L3,Tweet
0e37283b-8a0e-4172-ba4b-61363d031041,L3,Tweet
ab637ed0-0ca2-4336-9def-6c035e8a41dc,L3,Tweet
dcf12210-37bf-40c3-99d9-bef65f653c59,L3,Tweet
dd077ec6-e6dd-4780-8e2a-80af8f4115f9,L3,Tweet
01e623f3-078e-4363-b0d5-12ba559ea2d8,L3,Tweet
1beaeee3-ef68-46ef-8b77-cadb6887e715,L3,Tweet
8fd62c5b-37be-4fb4-89b0-676574a35a9e,L3,Tweet
4f2146c6-22c6-4e8c-a01d-adc6c8d4ffff,L3,Tweet
3c74310e-18e6-4223-9419-0d236741c5a5,L3,Tweet
182f6966-4e99-447b-96e2-c141e42ccf5c,L3,Tweet
49746cf9-3782-4a71-965d-59649726929f,L3,Tweet
1bcc9e81-84e5-41da-bb92-8248b943adf7,L3,Tweet
2a92de96-9449-430f-b33b-8e6101050d54,L3,Tweet
b6c18b86-72b1-4689-8f75-d27ec18a758f,L3,Tweet
4b148c94-d5a7-4151-9ae5-25bbda3eb362,L3,Tweet
ceeee4b9-ed55-4008-87f6-de3ffb169b2d,L3,Tweet
0c10705f-9b93-473f-a591-b91c5a470148,L3,Tweet
0a86d1d3-4113-450a-a815-60759288ab7f,L3,Tweet
93e2cf0f-7d49-48ed-9782-61664369d499,L3,Tweet
5d87d9ad-0639-4d15-9b9a-c1613dfd5edf,L3,Tweet
a74225de-dd54-46aa-960d-763a56de77b9,L3,Tweet
b58ae369-d843-4952-a607-e7e833835295,L3,Tweet
7a3a63ae-64ad-49e7-a372-becf3706261f,L3,Tweet
4d20a420-29ec-4ffc-b867-c83676dfc149,L3,Tweet
16bc2b84-0126-44e9-aa6d-99e343212cfd,L3,Tweet
eefcb0bc-e22c-4130-915a-6602c6552779,L3,Tweet
16cd827b-8c33-42bd-a651-86f61085d171,L3,Tweet
ff902519-be92-4766-9f1f-83c4fd4f2ebd,L3,Tweet
3c9eb36b-9fcc-4815-9aba-c832b43e347d,L3,Tweet
11cb3c97-9533-426e-8d1b-957f5d9ebdb3,L3,Tweet
0950bfc3-fe6e-43b9-a85f-f923a2c45581,L3,Tweet
bd56abfb-c47e-4ee7-a142-11e3b77ebeb5,L3,Tweet
33fd5157-22df-460e-b12a-da7e9b6e92e7,L3,Tweet
6a410e29-b64f-490f-9d73-f9552564abc2,L3,Tweet
08acc43e-55b3-45c1-9622-d5dcff5814c8,L3,Tweet
9040a4cd-f598-4334-9b94-168890c45865,L3,Tweet
e61e3249-ec1a-49d2-b5c1-9eefb104f9eb,L3,Tweet
fe20cf1c-8706-450d-8752-56ddfd13ec1c,L3,Tweet
dd432a77-bf29-46aa-8cde-69044e2e764c,L3,Tweet
c5303f92-72e0-4b74-a7ec-583e76ea5e5e,L3,Tweet
4ef30c07-67f4-4241-801b-a1b147652ebf,L3,Tweet
50c7bd37-2bf3-44bf-b6c2-3e7d96496b80,L3,Tweet
1c99e065-e04c-437b-8425-3525997c7a76,L3,Tweet
e39df961-7c1e-4072-bab6-65ef6a62fbac,L3,Tweet
3f8a588a-f6cb-4ff1-b4bb-d7a8dcd39a80,L3,Tweet
1895f8b2-4f4e-41a0-89f0-49e7b76868e0,L3,Tweet
12908468-b556-4db8-a74c-5be46c023feb,L3,Tweet
5ed457d8-7b9a-442b-ae00-50dc3edd3fa5,L3,Tweet
e178221f-d318-4a09-bd03-2832a8755eef,L3,Tweet
7d2f113d-236d-44b1-9c35-f05da1b307ff,L3,Tweet
4a76053f-6c15-445b-9b54-0e664c2d21db,L3,Tweet
1fb51e0c-ef1b-4074-be15-7cf442f08c4a,L3,Tweet
d2a7c9e4-8b43-4561-a54c-9b5dd26f7975,L3,Tweet
c61d03d5-02c6-4532-add0-83c5f6bd9dd1,L3,Tweet
087e0684-928e-432b-8bb6-f33dd13b3bb9,L3,Tweet
b0255928-42b3-4aa9-9def-0048166d0567,L3,Tweet
41b5fe6f-8f72-4848-9761-612a7f2b2dce,L3,Tweet
85b93f03-a0aa-465d-be26-da0504a395b0,L3,Tweet
80f6713b-ea8f-45e5-82f6-8e3ecd57ef12,L3,Tweet
7a920643-5528-4478-9997-f8ebd065cbcd,L3,Tweet
531cc82f-3296-4784-a0e0-b5770bab1fb3,L3,Tweet
a981db72-99ea-4ebd-ad97-d7388fd11eed,L3,Tweet
ae3f462a-3dd2-4e2f-b25f-c50d223d27dc,L3,Tweet
540addda-5f21-47f0-9428-4bca75c6f23e,L3,Tweet
0ebd4c17-59e8-4585-b003-315f9500dab5,L3,Tweet
98d35ef6-54b6-4b35-b288-fec09ba7fffa,L3,Tweet
74729f6e-a3d2-41cd-9a8f-a30d38d1622c,L3,Tweet
a19132d6-6658-437b-b464-00c3df5b651f,L3,Tweet
6f170af6-d3a0-428a-8e66-3063ce7bf674,L3,Tweet
385dc3c1-b044-478f-aae5-943901bd00d9,L3,Tweet
67109095-29df-439a-acdb-be4063801cee,L3,Tweet
90d6d7c2-324f-4fc7-a098-d5e784a1d13c,L3,Tweet
532d2162-cb6b-471f-bd9f-78d69c496c16,L3,Tweet
348f4f4b-a6ef-4df6-9a99-4222479f9ef6,L3,Tweet
7bb952f6-932d-47a0-925e-df9236bdb2e8,L3,Tweet
bd0e088f-7f41-42d8-8194-30b8eabee64b,L3,Tweet
8adbbc9b-5bf7-4bbd-88f0-dc0109c9e3de,L3,Tweet
46cbd387-c795-41f2-aad8-ce63ce2c942a,L3,Tweet
004d2991-6147-43ec-8de7-6a4bf4a29689,L3,Tweet
55493856-ace6-45e2-bcab-c8672908fb63,L3,Tweet
b703b43d-3e69-4c5d-9e1f-e8d626665281,L3,Tweet
4b3f53e0-3bfb-4a03-b5a4-4c50356db93a,L3,Tweet
6f665285-e73b-4b67-be46-85c277054c79,L3,Tweet
b7883b9b-a654-4d56-a7b7-42ff8a24c961,L3,Tweet
34600a14-3009-44be-a0ef-406e97d00f87,L3,Tweet
376c2fe4-5a8c-4902-be10-2160e64c8b75,L3,Tweet
b52bed06-b5bf-4c09-a829-b8cd549b7daa,L3,Tweet
11f67a54-2164-4e45-ad0b-c3e13321adbf,L3,Tweet
d901bb3d-c4d5-4c6e-80a9-13454c2df468,L3,Tweet
4e2f6597-81a6-476b-8e8f-679ee3e06763,L3,Tweet
14cf8638-7b1e-4103-b810-d70abdaad9b6,L3,Tweet
68e23d27-9cf3-447a-b94b-dd669bce8992,L3,Tweet
926d8477-a61e-40ab-b293-950ae05e454a,L3,Tweet
19e13421-cae3-4888-86a4-9fd8af73f9fa,L3,Tweet
13522595-74e2-4326-aaca-aee5d3e302fe,L3,Tweet
202a7cce-b73c-437f-bd1a-cd7fcf37472f,L3,Tweet
0a3bdd49-12a6-42ee-bd0f-4273d4c18d19,L3,Tweet
c5dd1b80-dce2-4f94-981e-0e79ecb69a33,L3,Tweet
9bf94210-d760-4ba9-a94c-41eac2fdb18c,L3,Tweet
84c8b57a-a3a2-4bc7-bcdd-c6e6975297a3,L3,Tweet
3dd60c12-7537-4c10-a383-310431979101,L3,Tweet
c0efec67-9dbd-47de-96f9-85da0f21b8f5,L3,Tweet
8a59bd1e-ab57-46eb-9348-0a2e9802fd25,L3,Tweet
480529aa-3200-4b3e-a496-39d90cf256b8,L3,Tweet
9ca7a31e-2722-4de6-8431-8870959a355a,L3,Tweet
3e3e20dc-b99c-4b5b-8ac0-243e5669f5dc,L3,Tweet
984aed79-cfa0-475b-b301-9c8d0dd2b5f1,L3,Tweet
39850f9f-520c-42ac-b3b9-634b51af4aad,L3,Tweet
81a6d908-9147-42a4-8df0-047d81f2e5c0,L3,Tweet
a84f74de-e809-488a-bc8b-ebb135b2687e,L3,Tweet
0a69f371-fb49-4d11-8f45-92227c0eb266,L3,Tweet
49852381-e69c-4269-ba1e-cd6c88ced0c6,L3,Tweet
d08f90ba-ccfa-4793-b166-ca95719fc67f,L3,Tweet
e7899f6d-b753-47ad-9e72-0d34842905c2,L3,Tweet
50cb41b9-c8ee-4e50-b67d-18d0386e1d9c,L3,Tweet
a87f3edb-cd33-4731-b788-877720208bd7,L3,Tweet
ee8627b3-899c-46b2-be50-192a3d893249,L3,Tweet
59e8d346-0d6e-4530-b240-f7ae7a01faf2,L3,Tweet
0292e719-3ce5-4e78-95f6-7a8bbcae6ffa,L3,Tweet
34e4fadb-b937-42df-a771-88f3cbcbadcc,L3,Tweet
41f972cc-f22a-4003-b191-0dabc91faf71,L3,Tweet
6da0fcf7-4c58-4eb3-a6a0-d41f5ffea1e1,L3,Tweet
23efbcec-346c-44f1-b751-1f42d9124d04,L3,Tweet
ae26ec02-0531-4835-8512-c516c09b6840,L3,Tweet
93c0a826-5a13-4029-9749-e76d1b00378e,L3,Tweet
a6e599c4-28ca-4844-b6c6-b1e5b7fb5c5a,L3,Tweet
01a1da5c-1b53-49d4-b385-9c4dfa55b12a,L3,Tweet
4c63d651-a1fe-45af-af12-0065ebe757c6,L3,Tweet
cb61bdbf-c3e4-46dd-abf4-1d2fcfa0cd68,L3,Tweet
91a3c9e4-3f6a-41ed-8971-67497a559540,L3,Tweet
3aa5f863-6e5c-47ab-a5cf-a22e0fd6230f,L3,Tweet
19b5c476-6467-4da1-beef-b87e5eddf7fa,L3,Tweet
3150ec29-eaff-491b-a780-cead7949306d,L3,Tweet
d0f29e67-f289-4155-aca0-323fde3049ff,L3,Tweet
7f555ba8-4255-4b31-8363-384903b4e75f,L3,Tweet
8c9e3108-ce13-4f4a-94e2-fd80ea8daf3b,L3,Tweet
716ed772-58b3-442a-9373-39f411e2d2f7,L3,Tweet
32ba6a39-d711-48cf-b4d5-f9aff33efaba,L3,Tweet
53a5371d-98c7-41f0-85b3-81059d32199e,L3,Tweet
3051c299-3862-4edd-bf55-6dde85493eeb,L3,Tweet
add5ee89-5234-4eaf-910a-af29b46d9fd6,L3,Tweet
7b28c9b5-9163-4d6f-a822-8abed62780e2,L3,Tweet
1944b3ef-a1cd-4cd9-a2ee-2ddd31f1fbf7,L3,Tweet
f4e3d44a-05fc-4001-8514-89f7fae3ea79,L3,Tweet
c878bb12-a78a-461c-b30c-8237621591d4,L3,Tweet
64de0159-70a0-43dc-862f-2467d5fb3d90,L3,Tweet
39165abe-7cc1-4628-a2d3-00b640d000b2,L3,Tweet
f2b989c3-6e38-43ee-ad08-c275c9497498,L3,Tweet
d00c727b-69ba-4efa-a56e-78f28ac43275,L3,Tweet
5e237a48-9571-4449-9632-70fdddb079e0,L3,Tweet
9be82f96-6894-45af-bc60-daa909ed8804,L3,Tweet
afb8632d-7ca6-40bb-b395-227060640c5e,L3,Tweet
ac22cf18-7365-4761-b374-60d545996949,L3,Tweet
c7963089-1bad-4e98-9fc4-e3b34776ef0f,L3,Tweet
517bbcff-708a-4539-abf6-3e5b9470c94f,L3,Tweet
ff2eca1f-1847-42c1-8f46-0998bd3f2f92,L3,Tweet
5c6882ba-aa4c-4199-87df-e8b15c9fa968,L3,Tweet
0389e459-8cba-455e-bb27-bc8e928b44b6,L3,Tweet
72e264be-3498-479a-90e2-11fdd756b3c7,L3,Tweet
3f8a9a0d-e10d-4145-89c6-c84e540573ba,L3,Tweet
4c93c9f5-cff1-478f-9746-6d2053a31dfc,L3,Tweet
97c5f10c-2653-41b8-b85c-52a862c40244,L3,Tweet
849c879e-3cc9-488c-bf66-6f0ed90402ee,L3,Tweet
42539827-b4e7-4c68-b329-fab84c579793,L3,Tweet
725178da-8942-4167-ab09-b0dd11a289a4,L3,Tweet
cdcdb7fa-a1f5-4440-bc2c-f8527d2d84e6,L3,Tweet
ae225607-24a6-4ee1-8010-cbce4e725b6d,L3,Tweet
d1f244b7-95eb-41e3-b1d4-3e75d2445bb4,L3,Tweet
d1bb2a54-8453-4598-a10b-71a1fd89fa4c,L3,Tweet
479289a3-3e8c-49a6-a371-53d0f068c065,L3,Tweet
537c5146-2147-43d0-82f3-1a0241d9f935,L3,Tweet
98bed7e8-65e3-46cf-aa14-af86fae41f68,L3,Tweet
93ccefce-8c05-40f2-84b9-6de1000cac51,L3,Tweet
111c8c57-79dd-4410-9945-b079bd5009da,L3,Tweet
234cb437-d22f-4a39-819a-bc952f7d2c30,L3,Tweet
925edeec-ddac-4b0c-a081-d51d87ee0da5,L3,Tweet
bc0c6be0-b2cb-4e06-b0b7-d66f220aa3b0,L3,Tweet
b159512b-c62d-473b-b7e7-c6c0f8af7754,L3,Tweet
0a348ddd-2c01-4825-a172-ad0bb3b546f0,L3,Tweet
f641916e-fe28-4f3c-8379-afee3b7f9916,L3,Tweet
56113c1b-adaf-4218-86c8-4163fadaf97c,L3,Tweet
42374018-22be-45ab-8386-44878191912e,L3,Tweet
51b46bac-bebd-480b-af0c-742f77339032,L3,Tweet
b5a0d17a-05cc-4c88-b2a0-40459878558c,L3,Tweet
cf64a838-3c02-4731-ba11-69448ed1ad61,L3,Tweet
3d2539a5-c092-40e1-803c-90911a3e3ab6,L3,Tweet
feee7c91-5dff-4456-93dd-a78cbc9c48b9,L3,Tweet
41c30025-523d-48c4-b057-2bad50c37c4f,L3,Tweet
4375aae3-8a48-4348-9f56-16667431af25,L3,Tweet
269b4ef2-8390-4415-b990-ade424864e43,L3,Tweet
7890446f-1699-48b6-b4ea-295ceafdad9e,L3,Tweet
3d3de1ef-f02c-4e3b-b29a-191b78caa3d7,L3,Tweet
1258cecf-d098-4d88-9282-2e22025fadd5,L3,Tweet
087cd0ab-4318-4c00-adce-6187092e6fe4,L3,Tweet
fbffe7e0-07cd-4add-9670-46ec89cd4cf2,L3,Tweet
e3ca0174-b04e-4bf3-b5d0-68b11335b29b,L3,Tweet
e195d779-87f4-4bef-a37c-336199092102,L3,Tweet
d907a74c-087b-4ed7-8b00-b5d9dc866263,L3,Tweet
47f97905-a651-40a3-b87f-5544a646caab,L3,Tweet
b3fc2877-5446-4d1f-860a-8a09e89fbac9,L3,Tweet
e0d270ee-3e3b-4022-b8ca-291c33d0d719,L3,Tweet
715b2943-903f-488b-8b07-1e6550cca201,L3,Tweet
290200dd-147f-49af-8e4f-545065536951,L3,Tweet
5e169d57-deed-46e4-910b-f1b44b91a8fb,L3,Tweet
1bb1bb38-6401-42e5-8ea4-24c67dede556,L3,Tweet
29ddbad1-14d0-403f-945a-33f6b1cad814,L3,Tweet
5d47022c-ae7b-473c-a213-c3e91837bf7f,L3,Tweet
bcff643b-4fa6-47b0-8623-465b0b73d11b,L3,Tweet
28e5a88b-ce55-4f68-994e-07b60107fce5,L3,Tweet
5bf7e02d-2634-4439-98e3-03c0b45ff97c,L3,Tweet
436fab77-f9ca-4494-99c3-ffe5274838d6,L3,Tweet
1b38e29b-69ba-4759-8c48-275d1e2139f7,L3,Tweet
b4ffa6fe-9f31-4f63-a9f3-8f116e1d4340,L3,Tweet
d61fab27-22fe-4bdf-8048-9314d475e5fb,L3,Tweet
04e3aa14-1d0c-4d30-9b19-e8c8eab541ef,L3,Tweet
32ab0b9e-9247-4eb7-b99e-dd644c5bbf4b,L3,Tweet
d72fc16d-2f6e-4216-8d06-24cfcde490a9,L3,Tweet
c25b5234-f73a-4434-8921-e1b4ff0fcad0,L3,Tweet
29281f78-73f2-46fd-bacb-3b0658bc81e6,L3,Tweet
efc3ea45-704f-4051-9ba1-f2f9c1cfdc0c,L3,Tweet
f4c733b6-46fb-4db4-83a7-64c24475cb2d,L3,Tweet
3dc84cc6-8dea-40b1-8f80-bb0e38d9689b,L3,Tweet
d90773fe-bcda-44b6-86d5-f26b4403ef06,L3,Tweet
158c038b-d30e-49d6-a8cd-dbe20b8b8338,L3,Tweet
a108150d-7000-4efa-8cd0-da3225abcc91,L3,Tweet
3f63792b-0ec5-41b5-8308-5714c74eaa31,L3,Tweet
0d0cb20d-6b94-4318-899f-2afb9285179f,L3,Tweet
7ab9a5fa-a66c-4669-8d1a-1b2fc5830acf,L3,Tweet
fe3f8019-788d-4a77-b9f1-3aacb8b78d39,L3,Tweet
a9996bb6-fffe-4a34-a314-bd7ad5238200,L3,Tweet
6f3ab82d-e987-4604-a013-0e4652bf31fd,L3,Tweet
fd0b606d-f118-469c-80cd-316b41c6aa78,L3,Tweet
44802b07-1c8a-4460-9b6a-e80d8a90629e,L3,Tweet
ce5efa7a-5d15-4ccc-af45-f7c7f3c3eb83,L3,Tweet
afb924bc-2b32-4489-957a-9d6c3ccd28cb,L3,Tweet
3f750809-7ed6-4c00-b550-be9a931a620a,L3,Tweet
8e8581c2-24c6-4393-be9c-45c78b588f56,L3,Tweet
d7545283-10d8-4a56-9556-97a8fc360480,L3,Tweet
70a2c569-4073-4127-b8ef-9af7977cac9f,L3,Tweet
4cf36ff2-26df-4f7c-a86b-f8d465f48b36,L3,Tweet
cfe39ad4-c8ef-44dd-959c-7752c58e4d83,L3,Tweet
330631d9-2faf-475a-a838-34996e27c364,L3,Tweet
174bd446-79ca-4a9f-92d4-8d90ea32bb0e,L3,Tweet
1402931d-feec-4e95-baf0-47f0ff7a9e76,L3,Tweet
5fd85682-b1c8-4b5d-af23-300908d5dbaa,L3,Tweet
dd241a97-5119-46b7-821d-7f6d5a8c8d43,L3,Tweet
60d9c0d4-b873-4e2a-b3fe-20d92347847e,L3,Tweet
b915ce3b-b317-4656-9bd1-3ab934da23e1,L3,Tweet
8d109f66-9a9d-4bad-b5ba-bebab91480c2,L3,Tweet
f19799c2-b027-4abd-90e3-b48e80ff92ec,L3,Tweet
7efd6492-ddef-4f9e-bed9-8037dd4b3717,L3,Tweet
0159b154-376f-4fa3-9af1-3b4201e101b7,L3,Tweet
75f4af18-4df0-4ff6-b384-57fcc992c50c,L3,Tweet
65f05ac3-5291-4d8d-8289-618123217cc8,L3,Tweet
baa8c483-581c-4bb7-b6ae-bb8917a72fb9,L3,Tweet
5e6fde99-0742-42a3-a09f-54113c44d3c6,L3,Tweet
6f2798ed-0051-4779-8c0e-0aa027dabcb3,L3,Tweet
636301a2-fdb1-44b4-a615-dd0e1c3a06dd,L3,Tweet
e781226a-6f35-4f7b-b7ee-ee2dd9f07a7f,L3,Tweet
62b8ee25-61f6-4963-87d5-0e838e55f712,L3,Tweet
db802621-5880-47a0-a4e5-b8b4fcf15db3,L3,Tweet
c6033fa8-ff42-40d6-9b47-8280af968006,L3,Tweet
8611d5c4-77c4-4390-bc35-4e79c3a03cf8,L3,Tweet
2747dd7f-744b-4a3f-8fe2-afdcd5cda884,L3,Tweet
548db192-880e-4079-9963-85d6011003f8,L3,Tweet
1362b4b7-df46-4544-af94-3aaf71685f11,L3,Tweet
a907a557-7c45-4407-882e-fabddb364b08,L3,Tweet
e5b6893b-e8b5-480d-afa5-825da266a9a6,L3,Tweet
d1a892c1-63b4-416a-8c91-35290a6f6876,L3,Tweet
dfb2b50e-d1db-4f60-8e25-734e72490aeb,L3,Tweet
dad26d77-a6cb-4a37-80ed-b7939498a4fd,L3,Tweet
2d680160-63e9-4c28-a6ce-3005ef41c3b9,L3,Tweet
113c2b34-d8b1-466c-801f-c7e0ece8a9be,L3,Tweet
5fedd698-862e-4d05-ae06-3adf4d012830,L3,Tweet
b5bf5e77-605e-4cb1-93a0-9bd6c47b1a2c,L3,Tweet
01261749-4a68-4b84-9f94-bf8d412056f8,L3,Tweet
adcde0ee-7da1-47bf-9240-0cc5668601c2,L3,Tweet
02b8201f-9ccb-4b54-8d87-9896f9bb706e,L3,Tweet
e59d33a0-4707-4124-b436-2ae0660e9142,L3,Tweet
9a4d8d4a-9916-41fd-895a-4ea07fae150d,L3,Tweet
8e94d30b-8843-42d9-b5d8-8edbf128af31,L3,Tweet
a3ce6de7-7c7e-4f9e-92d9-0b078d97b668,L3,Tweet
67f61096-a817-4344-8806-5141450aeb54,L3,Tweet
d1e1a2f2-c0f1-4cfc-b244-5f142978fe83,L3,Tweet
3d16433e-b85c-4eb0-bb9c-3c49ef9d66bb,L3,Tweet
87f24972-cb77-4679-9255-2d85aff28dea,L3,Tweet
273bcd1a-a59c-41e4-96c5-676709a97486,L3,Tweet
78b86e9d-7bf6-45d6-96c5-186f98e88388,L3,Tweet
7862d491-de88-484e-b4f5-62d4620bccd2,L3,Tweet
b513c997-a37c-46ea-8f54-adf612090e1e,L3,Tweet
396caefa-9703-46e7-852c-0eedcf31e034,L3,Tweet
0eaaa102-7b02-4def-906b-13f9f1bc0431,L3,Tweet
da7d31e5-ef71-40ba-bf70-ab953ec50b71,L3,Tweet
99d0edac-7ffa-42f1-bf55-d3fe0dd37e25,L3,Tweet
66354723-99d4-4815-b6cc-7b4355d69436,L3,Tweet
1890d0f8-aab0-4704-88e8-29e20049a347,L3,Tweet
25a7b922-27f1-4d97-8063-e25c72439210,L3,Tweet
870f35c4-1e79-4629-b834-cb421eab3649,L3,Tweet
2df3085b-6e1a-464a-841c-110c2d5f9026,L3,Tweet
d3d813e0-0a37-4729-8dc2-2fdfa98565d7,L3,Tweet
ab9f75eb-e47c-44b5-a1c3-11dc77375c19,L3,Tweet
0a5acad2-1f09-4e20-ab4e-d82b468def21,L3,Tweet
9bc22821-a6d2-4ecc-b1c3-5604f08e76b1,L3,Tweet
baa68075-96b1-4204-a51f-fbc65bd0ad44,L3,Tweet
b70c3788-7d63-44f8-8978-bb081ba06559,L3,Tweet
b71f04b8-aeb4-4498-ac16-0758cc497b16,L3,Tweet
6d4f8e72-0d01-4cd0-b176-195af137e8b8,L3,Tweet
2b6dc6c6-9adf-41cb-aa52-e2f2a7dd57f4,L3,Tweet
5d7d5237-4d4e-4156-ba79-f257575da29a,L3,Tweet
3f43fbc9-6059-40a0-91f2-865fee0ba7ff,L3,Tweet
d608c424-3e8d-4990-a904-502b16704344,L3,Tweet
f59e9fe1-797c-4e6d-bed3-027ab240431c,L3,Tweet
fe029ebe-6ecc-48f1-a519-954e33267b6c,L3,Tweet
952c3e3b-3f23-465b-9e45-3ac4071717e3,L3,Tweet
3310b173-8e82-4add-89fa-abacb7774f4f,L3,Tweet
41d7a6a2-29bb-48b3-84c3-247eb88a9f98,L3,Tweet
5e848c4a-7e16-457b-b3c1-3e850107c53b,L3,Tweet
971ad321-2eff-4d98-a4a8-1eff7912d4b8,L3,Tweet
edb1e79e-560a-451d-9bd4-ae0890c21f3a,L3,Tweet
85724761-cb39-4a4b-bdb0-5d048c0e3ba1,L3,Tweet
e447b80e-340a-4dc3-860f-9d29447023e3,L3,Tweet
13df1d27-4216-4a9d-9f3c-5e4fbdcccf1e,L3,Tweet
1ce13336-5c99-4e61-9c64-515ed725ca07,L3,Tweet
e3f3ed93-d144-4cd3-8ba3-3cee91e54f08,L3,Tweet
12bc714d-f1d9-49a7-bf89-5f390b1492cd,L3,Tweet
61fc38fb-8cb1-47ac-92bc-6a47aa3a4459,L3,Tweet
9125458a-cf61-4915-b4f6-9a103dde080a,L3,Tweet
36c34cca-c188-4e33-8fad-4e4da7507b07,L3,Tweet
dc01aa1d-c508-45d1-80e1-710f256cbc85,L3,Tweet
edeab21c-29b2-47a0-809f-0df5fcfc9e87,L3,Tweet
58cb96e2-5571-417e-be86-ca074cfa55d9,L3,Tweet
553b8df9-9ff4-49af-ac63-56e2210f8173,L3,Tweet
edb61ccb-7bfe-4d50-b197-1515b18ff705,L3,Tweet
1f5be7e6-f16b-4c33-8952-9a9dad4c5120,L3,Tweet
9cfe8d28-0c5f-4d99-a46e-a41bc3cdc84e,L3,Tweet
214cfb61-c34d-40e0-85af-6a8e408d1a54,L3,Tweet
92dca216-59a1-4151-9407-e3875dc1df10,L3,Tweet
d9e2f95d-4c30-4d66-9d62-8140eb5ac86f,L3,Tweet
9b3b4100-0c4f-42d8-9e21-293b010012b4,L3,Tweet
6d6f791e-4d20-44bb-a628-305a5a8a0e9a,L3,Tweet
2939d0ce-a355-4c5a-8f56-86ffbd80e849,L3,Tweet
6d5bfb26-989a-4ec3-9bdf-987c59ec2a30,L3,Tweet
1b60d826-181c-4e80-a267-d7373e3343b7,L3,Tweet
14fbb03d-c14d-493c-ae9f-8f67d5101c82,L3,Tweet
5fa1531d-949d-4fc2-a53e-485a785b0007,L3,Tweet
6c30602a-ae97-4d71-ad84-9aa6130e3c7f,L3,Tweet
ee5997a2-777a-4cae-a245-a78824d1e144,L3,Tweet
7893fc46-6dd7-426c-a004-1591dfc852f5,L3,Tweet
97dc60aa-5f8c-43ea-a4d1-be97e4dc1956,L3,Tweet
245bd649-07eb-4826-bf37-30dd94bd6e79,L3,Tweet
716e307c-d8d1-4bfc-9d90-58b70fa1c901,L3,Tweet
ffe5496c-f60e-409d-b998-862cbb193ea7,L3,Tweet
d3f89942-315d-4856-80db-78a96651d024,L3,Tweet
8a650e50-b6a5-4032-a9f6-ee87b4120935,L3,Tweet
3e0ebab5-ddd4-4de8-a81a-aee38c4717c6,L3,Tweet
a93757e6-2d35-4b91-9e4e-923c4a42490a,L3,Tweet
d8f92aa6-8627-4a0e-b643-cbf659c7b468,L3,Tweet
f1bec05a-8046-432b-97f4-ae3b017668a6,L3,Tweet
b3fd743e-32af-460c-ae8d-4d4162e7f40e,L3,Tweet
1895d8c4-a70a-4af6-be30-03d35feaeb9d,L3,Tweet
97a98609-39ae-436f-82ec-fb802582b82e,L3,Tweet
b9d31c88-ad6f-476f-9246-5aa1ae58c017,L3,Tweet
6501123e-ea81-428c-b431-e6ffb20dfd59,L3,Tweet
4d3a618d-0954-462a-8010-bb36bf543267,L3,Tweet
3b3823a7-f3c2-4915-9710-f479528ef7bd,L3,Tweet
7b2a17df-30fb-4f56-abd5-b27948718ee5,L3,Tweet
e0c0ba69-21a3-4a50-8186-2dc033c64783,L3,Tweet
56e01247-e5b1-4dd5-809e-cbf0ef22aa4c,L3,Tweet
ed37a22e-ecce-4fdf-aa58-3aabda32cfe6,L3,Tweet
90d34228-391a-4af1-af91-18a4ce254bc0,L3,Tweet
8db0d4ca-9cf9-461e-a5a7-0363dda85566,L3,Tweet
12109d34-320e-49f6-82ed-1ea344c8eb95,L3,Tweet
09cab46c-9bf4-4245-a18f-7440aebeb28d,L3,Tweet
d3769c8e-b4de-4a3f-bd69-6ba21ba8ede4,L3,Tweet
3fe42b38-f62d-4712-91f9-a716d23ff43d,L3,Tweet
0f21370f-5996-41e8-9b38-9ef08060cd13,L3,Tweet
208e093a-f7be-40fd-8ea9-7bccfd5eef75,L3,Tweet
eaa3e7e1-b99e-427b-b517-3cc9207fcb62,L3,Tweet
f0509609-8d1b-4043-87ff-772e78ea21e7,L3,Tweet
61a92aee-02bc-41a6-b2a0-e0f00a5e9061,L3,Tweet
d5673429-80ff-4bc5-90e8-87bff4f58077,L3,Tweet
f799285e-64b6-4798-94ea-7d546c546fb1,L3,Tweet
4197d4f5-c454-4bfd-bfb7-acc302ebec60,L3,Tweet
aa0cd152-a29f-4d7e-8dcb-ad2d0296cf16,L3,Tweet
5e53732b-356a-4c9b-bdf8-3f3cd0f6dab4,L3,Tweet
1cfa5eb6-dc3c-45d2-864b-68fb85cdc489,L3,Tweet
774b9346-de15-4240-9635-3cd1caf1cd1a,L3,Tweet
173728b5-fda7-4812-8ea0-4fe12b86d1d0,L3,Tweet
c83c15f6-94af-4169-b2ab-88e05fa5b207,L3,Tweet
3c72d0c2-6caa-40f5-b7c0-72b9571abe9b,L3,Tweet
073a3b13-f103-46f4-a8c5-6c5e31556f78,L3,Tweet
98967eab-f117-4916-9037-07142c7c1e37,L3,Tweet
2885917b-5ce5-4c27-8dc1-be019af979c4,L3,Tweet
6d3ae386-0688-4a3a-b7b2-e9286dba12e6,L3,Tweet
03ef6869-e9b4-4228-abf6-3085daae45df,L3,Tweet
07ec2ad0-e690-4273-b45a-d7d54d6c4387,L3,Tweet
18f1df13-be10-4818-862e-d666ea59447b,L3,Tweet
e04b5228-2b9d-432a-979a-08ba2785d92f,L3,Tweet
1c5e6443-58eb-45c6-81c8-2b6335cc0f04,L3,Tweet
fee460a3-97b0-43b2-ab43-4480586bc7d4,L3,Tweet
2a9ed744-e712-45ae-ba8f-99accadb023d,L3,Tweet
161b2795-d451-4c29-9da8-ef05f1f5ded3,L3,Tweet
acff0f88-3108-4302-981c-5b9a14a52a97,L3,Tweet
e87d6941-c98d-4828-abe9-3fdf4429caa9,L3,Tweet
7cc81fec-9b30-4bca-ab71-b60507f7b4a4,L3,Tweet
d7b96bfe-b501-4b29-b6c5-0485d6842ee8,L3,Tweet
7fab63bb-2bc7-4fed-bf9e-184339b8cd21,L3,Tweet
5940ecfa-8ef2-4268-b79d-36439c898278,L3,Tweet
bd934a97-be41-442b-836d-c3d585c9e065,L3,Tweet
7df25e04-6afc-4e5b-97a0-b83db8073f18,L3,Tweet
0f552521-568c-4474-bff6-c116ce56c960,L3,Tweet
1f3a61e6-6b51-4605-aa99-64462dda1817,L3,Tweet
3044a64a-9404-47bd-99a3-4c215efa3577,L3,Tweet
205754be-12fb-48ac-8e3e-f8a7e9401fea,L3,Tweet
a85b890f-5596-4526-9755-51d27a923c93,L3,Tweet
0f115d42-f0ba-47dd-b89f-eb3694112fb3,L3,Tweet
cc36889f-8fa3-43f3-89af-f160ad4b9e5b,L3,Tweet
1f4b2b50-2a49-4797-82dc-85452d93879d,L3,Tweet
52e5dc39-3db3-45f5-b362-5fdfb1f68917,L3,Tweet
a28c57b1-1677-4e1f-8225-cefe2fa41b7b,L3,Tweet
c0928686-d6de-4cb6-b34f-634ecf60b7b1,L3,Tweet
490fad9a-75b0-4988-b5a4-44ff3ec84949,L3,Tweet
23c26803-7486-41d5-99ce-57823e35b45c,L3,Tweet
7c2f66be-718d-44b3-9b6c-522f34e8c793,L3,Tweet
a2842d8a-674c-4b90-aede-cfa4fff57162,L3,Tweet
ce2bf2c8-42b6-46b1-a70c-9d433130fb5c,L3,Tweet
778a7950-b915-4aef-b47d-57184b571c14,L3,Tweet
6fe95222-b24f-4c4c-9691-2b3074e54bb4,L3,Tweet
c6981d03-2baa-42b3-a27d-15b6461ac543,L3,Tweet
be1f7b5f-2c6e-4b21-bf2a-9b46c949f330,L3,Tweet
b7a7fa37-12f2-435c-802a-86960dc39142,L3,Tweet
10ab5b70-f2f1-4e0a-880b-f23b5a4ac612,L3,Tweet
912f9baa-ef1d-4adb-a60c-7fb8155691e2,L3,Tweet
b329eeed-b365-43c8-becd-391e993677de,L3,Tweet
c4472c2b-feb6-4e20-822b-3ccc94eb3b0f,L3,Tweet
db04c978-1156-48d0-a7fc-c7d59651f817,L3,Tweet
a27c6c7b-874f-41ae-99e9-efe547c51107,L3,Tweet
d75edf55-d87a-44a5-bb07-e7c2bf90687e,L3,Tweet
6b35af00-13df-479e-87e7-d01e1ee4aa9f,L3,Tweet
5bc4dfc3-84b0-4ffe-91f0-b2a06a85dcde,L3,Tweet
a9b6d457-a2d6-4478-a72b-6e08c6fd8cd9,L3,Tweet
4ee203da-4bcf-4c89-a169-90980a2aa5e5,L3,Tweet
4eed4986-9af0-49a5-8303-4a54c1cab041,L3,Tweet
1023c362-a9bf-4ac5-9c44-79caa565139d,L3,Tweet
e230748d-3159-4317-8c22-0204ed9b8c15,L3,Tweet
f2fc0b52-e50f-4354-af55-5be6e6c15f08,L3,Tweet
7c2c0b1f-16bf-45aa-a367-ce88e75943be,L3,Tweet
ecb4b1fe-dd6f-4820-ad88-55b051dca807,L3,Tweet
eeb62c2f-b970-44c5-a5de-703d2675ccae,L3,Tweet
ffc6f418-f71b-4006-afe9-b69e9366f6d5,L3,Tweet
311e1e88-196d-4b77-a0b2-07a48c526147,L3,Tweet
86232679-abdf-4111-8e6b-40b6c922c3ce,L3,Tweet
766d8a07-0d12-41d2-8b4f-36f930190a5a,L3,Tweet
c94ad1f8-ed61-4cf1-8163-04861b44a2e9,L3,Tweet
d53bd72d-c7f5-4a28-9ab0-b118bb02c1ff,L3,Tweet
7f2de8c5-a560-4341-998f-8113dad669a7,L3,Tweet
fd774484-f54d-40df-8a11-b6e71aacb17f,L3,Tweet
87898a72-b8db-4540-a918-c7152dca793f,L3,Tweet
272151b4-4cf5-406d-a875-4dba0c490527,L3,Tweet
32b477ac-884d-409b-b3fe-ffd7e45d3aee,L3,Tweet
c0ff7530-eeee-4e3e-8b65-d69c55da4627,L3,Tweet
10dbe8cd-9f21-4d0e-a020-2869c316d5f0,L3,Tweet
2fdf753f-0f36-4b3b-abcf-e9f24911d1f1,L3,Tweet
8573f697-d6ea-49bc-ac4e-0152eb19187f,L3,Tweet
d4a072c6-9f5b-4b6a-998d-513933039908,L3,Tweet
9c329978-f3ff-4be1-96aa-68bd1ec2df03,L3,Tweet
ea4bc309-d986-4610-b9d1-7d3dd017e295,L3,Tweet
27bab634-3203-4781-92ff-e8de23d0d227,L3,Tweet
7bf825f4-efea-4466-a454-471fc74ad0ee,L3,Tweet
71480162-6e9c-4ea0-89a9-50fc47897932,L3,Tweet
37673c2f-acac-4e53-896b-6c84e845203e,L3,Tweet
9636caf9-7e6d-4adf-b934-ab39c2510fba,L3,Tweet
4cd81b41-b0b8-4ea9-9aa6-0d900b09b49f,L3,Tweet
b0282a56-5bc9-49ae-bab6-15671a392edd,L3,Tweet
8500357e-7aea-47ad-b5b9-d54e06156d87,L3,Tweet
d480a4e5-617d-4671-9134-cdf6fd87f259,L3,Tweet
7fc9f4e0-a54a-441c-b833-adde07b58c3a,L3,Tweet
5f428e23-78e7-4088-b11d-b4c1b49c0fc8,L3,Tweet
3fd99e0e-e8ce-494e-b56d-75531aed89ae,L3,Tweet
ae378669-d158-4255-9294-5e2b52ee3c74,L3,Tweet
0adebadc-0c8d-4d39-93cb-e1f0ac700ce5,L3,Tweet
4dab98ec-28bb-42c2-8078-c433af3d166d,L3,Tweet
f5337242-0b0f-4b19-94fb-8002328eef9a,L3,Tweet
1aed376b-c971-416a-ad4e-43abf92a9be9,L3,Tweet
ff617c00-1ee4-4355-a3c8-1d4c22449c0b,L3,Tweet
9b7890f2-3c80-448f-931d-2935893d2e8d,L3,Tweet
65b08a16-96d1-4234-b1f9-246c45106d9a,L3,Tweet
c99df9c1-03b6-48cc-9032-8bea02fc7249,L3,Tweet
ce403da4-c352-4e8b-98a4-512dae9420e8,L3,Tweet
266c5d90-acc5-47d9-bdd1-ce745604c903,L3,Tweet
0ef32e66-48e3-4188-b7ea-91e3c20e46b0,L3,Tweet
5aed6411-6191-49a9-a921-0b38a1c05691,L3,Tweet
6c63944b-7f1d-4337-ac6e-703466b3172b,L3,Tweet
0f6fc63c-c8e1-4698-971a-7c77b806ae4a,L3,Tweet
00d62ca5-78fa-4dc7-8c3c-bed84fd4e186,L3,Tweet
50edd8b1-61e4-4384-8e80-0862d76e26cf,L3,Tweet
0f35d684-0410-441b-8934-4df0db9aff35,L3,Tweet
963f27e8-5735-4f6c-be59-27b6e1958502,L3,Tweet
3c60777d-aad4-4995-b146-bcd2896475a2,L3,Tweet
e8b23e1d-6330-418c-a383-be1a80c11f3f,L3,Tweet
1ee703b5-9c24-4ee0-a7c3-5e1955ad93d5,L3,Tweet
c0f805a5-5ee1-4143-9eb9-89f34f049b1e,L3,Tweet
ed96ae61-d3c5-44e0-b3b6-7130ad00d253,L3,Tweet
73b09121-51f4-4dd7-9d39-b20dbed2be47,L3,Tweet
90833b27-1654-462b-bc00-d80f8ee127ba,L3,Tweet
e89439bc-340d-40b3-b24c-f1763d5e27c6,L3,Tweet
146e2808-533f-46c8-b815-7750e76b75d6,L3,Tweet
1ae4e357-feae-4ea6-82cc-8db655b7027a,L3,Tweet
62eafcbd-1c8c-4b44-ba18-2e4b6d99e4a5,L3,Tweet
46513122-eb92-46ab-b078-5ddbe60f3f11,L3,Tweet
743162c4-a346-4a13-b4af-ba8cc69ccf1a,L3,Tweet
f22e1a09-9154-4f0f-a623-8004e998ebe3,L3,Tweet
a7a26734-2833-495d-b1b7-286afa97a196,L3,Tweet
1738cad8-8158-4cfb-ae86-8aa10119b82b,L3,Tweet
1d327f89-38ef-4d79-921c-0c2b1da51e48,L3,Tweet
0beb91b3-f1d6-407b-b424-d757adb0945f,L3,Tweet
46542b98-c27a-4919-b239-d4dc4e67067e,L3,Tweet
b64886dd-9a60-494f-8002-10532c00db5b,L3,Tweet
a316fc4a-27ff-410f-b7e2-451d6d0223d7,L3,Tweet
58abfec1-b78e-4d98-a5c5-f1b68bf65e87,L3,Tweet
6113dcc0-e186-439d-8dd0-f13fe0e9e9c7,L3,Tweet
79f4f9d0-b749-4451-b796-c0eeef771cc3,L3,Tweet
18e46c0a-0a72-4efb-a70b-529f5f655b34,L3,Tweet
8d9ee71c-3ee9-4280-ba6d-e84e1cf0b5be,L3,Tweet
0d0d305d-f613-46e8-a4d9-85cffd2d46d2,L3,Tweet
6ee32feb-f011-4048-bd66-156ffa180d38,L3,Tweet
bd0316a2-aa22-480a-9255-6dcf556b20cc,L3,Tweet
14825083-8883-4f23-96d3-5261f3802f77,L3,Tweet
c6c4200c-4edd-4eab-8131-743c0c6e9f51,L3,Tweet
1bff7400-f424-4bca-98e4-d8f93ec3da21,L3,Tweet
346786bf-88ed-4b09-a7b5-11c0e53bd872,L3,Tweet
5287b141-ab9f-49b6-8da2-40c438e2b2f2,L3,Tweet
ed132ff8-93df-4115-81c5-d20e1b421dfb,L3,Tweet
dae6f76b-c950-47d4-a0be-68569207a95c,L3,Tweet
3f238587-1bae-4fe0-97a8-7fba92b3809a,L3,Tweet
038a457b-6a95-40e9-a687-4c07bca6c74f,L3,Tweet
f5549415-42b9-475e-9a42-1330d29c4436,L3,Tweet
f4106072-3688-437f-b200-7d9d36bb033a,L3,Tweet
3d43a2fb-c15f-4284-b8a2-5644d86cf252,L3,Tweet
f49440d3-27e5-495d-a1d3-9201291a9022,L3,Tweet
4e57d344-e1ec-46ce-a6af-fe7f02409f61,L3,Tweet
4da1ea7a-f8cc-46fa-b2a0-759ab0d15fc8,L3,Tweet
73e848a7-46d1-4ab0-a664-175a1c6dc819,L3,Tweet
12380818-7743-4ee2-92ea-4c8cbfd2e3cd,L3,Tweet
d4f0f3ad-2ac2-4109-81ca-9c6d01d9a1bd,L3,Tweet
dc92d9c2-a484-41bb-ac34-34ebc432d98f,L3,Tweet
0fad8439-c5c1-4389-b108-fcbd939bedea,L3,Tweet
575b200d-1c52-46e3-bad0-bbe422a9b6e2,L3,Tweet
79f5d602-dd4b-4ae3-aa7d-5526a84b4441,L3,Tweet
1e7a2690-fa31-48c8-919a-5612522b7df2,L3,Tweet
bdd474e1-b737-4077-acb2-8c96e5b921ba,L3,Tweet
96e52e7b-c42a-4646-a4b4-6d1737d9c0b6,L3,Tweet
608c996a-2c79-47e3-8540-357302953a8a,L3,Tweet
a0a248f1-8867-405d-90b9-e7a71e324e9e,L3,Tweet
98e3bf7e-f2a6-4b5c-be66-65deb1e8ca44,L3,Tweet
4ad163ad-b95e-40db-91a2-bfc552294542,L3,Tweet
db722360-395f-4841-8e47-f3f410980281,L3,Tweet
903bbcfe-1330-4581-b990-150b77dd2745,L3,Tweet
d2ff7edc-d451-4055-beb4-5473b26e49b0,L3,Tweet
45690197-8a5e-452c-b724-8cae415fe7fe,L3,Tweet
7957959b-aca6-4470-84c3-a0dbcfaa429b,L3,Tweet
fa43b687-a21e-470f-b72f-7263659c2aa1,L3,Tweet
38c55d99-ecca-480d-b9d5-b0a518fffd34,L3,Tweet
24d27a07-a198-4a55-aa56-a829428e04cd,L3,Tweet
7fc72c62-9196-41da-a586-6efe67580250,L3,Tweet
2e8ea058-9474-4119-b30c-3285ed84e392,L3,Tweet
3021fc25-f790-41cf-bfab-f17aa9b06d0d,L3,Tweet
4d2a9077-358a-48b9-8397-341f1923826f,L3,Tweet
3f9ca7a4-73dc-45fd-90f5-17df656a83c0,L3,Tweet
5c4f44f4-9c1d-4e87-9d53-864fb6e142e9,L3,Tweet
ded12531-8cee-4eb2-94d0-7444e53204b2,L3,Tweet
454727ad-bd6e-48dc-b935-54baa9fa983a,L3,Tweet
d7eb8563-02fb-431e-8071-238b1d6cbd2c,L3,Tweet
2008ecf7-8324-487e-9ad8-b5db88ccb622,L3,Tweet
a8a1453f-b3ff-4eaf-b271-e56fd2a22bf1,L3,Tweet
ac1d6c47-5c88-4552-8adf-977869cd4879,L3,Tweet
0a9afd3b-e8d4-4466-83b5-3005a74dcfcd,L3,Tweet
baea635f-1644-4fbe-97de-945a8c6f6e25,L3,Tweet
ec5ff050-ef4d-4047-8da7-3e8b7e622ca1,L3,Tweet
f47c5c75-eda5-4905-a79a-a198e9273f74,L3,Tweet
82f75e00-0a3e-4b2a-bf1b-afb24b4c9840,L3,Tweet
5e65d71b-c5df-4988-b673-2847b104ef80,L3,Tweet
0f262e44-07a2-4224-9c46-5f31685f9565,L3,Tweet
c7d44155-8b8f-4a5a-bdbb-55174b37ee21,L3,Tweet
401358aa-727b-488e-aeb2-f646a3820bc5,L3,Tweet
e475461b-df61-4c7f-933d-78ed01cab31a,L3,Tweet
22a561da-7456-40d2-9883-6420e9257c5a,L3,Tweet
e9111c14-b2be-4694-9811-99028ce7a892,L3,Tweet
79639348-73b5-4cdf-a35e-8712bcd8a990,L3,Tweet
b80cf0e0-84e3-428d-acc5-17ba2cc2c484,L3,Tweet
0b4dd6c3-c334-45c4-898d-7137ceef9377,L3,Tweet
107aeea0-96d0-4cfc-9896-fc70d95d5b4f,L3,Tweet
654f9fff-9360-4666-bf19-c6ce94ff1e5f,L3,Tweet
09b446dc-d8e6-4280-b272-edca58600f65,L3,Tweet
69f2082a-0b7b-4e1a-9149-d75b6cce5db1,L3,Tweet
19ca1e7a-bb2a-4f1f-83e5-bcb5c8b73ec3,L3,Tweet
c82d8efd-c327-4ba5-bfbb-7cbd5f0a2d5e,L3,Tweet
fa389ee8-9548-4157-8ecd-75eda6f0cd0c,L3,Tweet
a7e514e8-aac5-4d6c-b48b-4b094bdb2ede,L3,Tweet
a40d6395-120e-46e4-b80a-5250d9e3c21e,L3,Tweet
ecbebd96-969a-495f-b09c-82a09cf8aba1,L3,Tweet
392cc9ef-b64f-4b70-aa86-bef1799c154c,L3,Tweet
2d23029b-f350-4189-bace-2899fcfac636,L3,Tweet
cecf2c54-366c-4c36-ac7d-8e566ca9baf9,L3,Tweet
ea28dc52-1439-47a1-9526-ac3862821213,L3,Tweet
65a7dee6-0c55-4017-a9d6-eb65ea6d07f0,L3,Tweet
057e388b-3c2c-416b-8bf7-aed8d406c49a,L3,Tweet
2b03ef97-86ad-40db-b6a0-cf4f23ed325a,L3,Tweet
5975a86c-7826-4e7e-9a3f-ace2fd82dea9,L3,Tweet
63816bb1-9d34-4496-84f7-c36999655bb8,L3,Tweet
48b6e8c3-1e4f-4c84-bf91-b41c8453201e,L3,Tweet
1d7d531a-5d42-47f0-a759-01caeca834eb,L3,Tweet
488248dd-c663-43ca-8772-177dadb8fa79,L3,Tweet
a47f7f2e-3036-462a-b3fa-f80c9a2d8b2c,L3,Tweet
23ef6a12-33ef-47b7-abbe-c5036c0be902,L3,Tweet
38a32fcf-8cba-4830-851d-8a227a9dd5a7,L3,Tweet
9e35f838-223f-48ce-aef8-5128ba65ec69,L3,Tweet
2056962c-1d18-45ef-a5fe-6b91d720295e,L3,Tweet
1fa3e1ce-41e0-475a-9a82-43606d9202e6,L3,Tweet
763a0abd-5258-4210-aa33-41064c370827,L3,Tweet
48f6a2e5-6990-48c4-b856-b186a1567a85,L3,Tweet
bda29f96-db7c-4929-92fa-ccff099c6493,L3,Tweet
16bad0f3-922f-4c2f-b2d1-d9a01352dd5d,L3,Tweet
58b09b83-164a-4a07-9fa7-b36d397a2460,L3,Tweet
6b8ec68e-72e6-4b47-ba4d-cd9831b2ef9e,L3,Tweet
5a6c7c4b-3e52-478d-9b8d-9ec024757426,L3,Tweet
bc21254c-5aba-4e49-a4cf-8cb7fff9d382,L3,Tweet
f763e9a8-ee75-4855-9385-684ffd312e91,L3,Tweet
2786cc06-766c-47af-b8f2-c55d97f21c8f,L3,Tweet
53418408-e1b8-46a6-876c-c3da16d684ea,L3,Tweet
5cfe444a-461d-4cda-be82-10ab8dd5c8c2,L3,Tweet
7d9e69b7-2b3c-42a6-b4d9-1d0a4a3a8d50,L3,Tweet
282c8434-676c-4d20-aa61-18f6f05f2610,L3,Tweet
bd266618-1174-4b22-a2d5-1d65b1e382e5,L3,Tweet
aed7fa47-2de1-43f8-bac3-d38feebf0589,L3,Tweet
d0f8f727-51a1-46c6-a99f-2083b1d4fcf2,L3,Tweet
6d55ffd9-07b1-42e3-a224-814a6f8159ff,L3,Tweet
6ed396f1-2f80-4f7c-a188-bcbb66e79c2a,L3,Tweet
8a4d29b7-111a-4c96-868f-7669d28400a8,L3,Tweet
d596083e-e3fc-4d55-8f17-1f99733fbbc8,L3,Tweet
943adbb7-f7e6-4ae8-9d5e-cfa1f347a8e4,L3,Tweet
a17d742d-a5f9-4378-9375-62d207cd4546,L3,Tweet
064183bb-fc03-4b68-92cb-018b4ba5bcae,L3,Tweet
b0e29f6c-51ec-41c6-b970-8cec09a571df,L3,Tweet
eb2fd895-a2c7-43d2-bfe8-f9275ae3c281,L3,Tweet
e7af4067-e2ae-4bf2-a9ff-bffd3acd5416,L3,Tweet
c1af3cfb-0157-4260-a8e1-e8776911a12a,L3,Tweet
5565ec6e-b7d6-4955-a6ee-33aa05e0ed63,L3,Tweet
38fdfe0a-b1cf-45a6-bfba-866c561022d0,L3,Tweet
c9537e75-8faf-4233-adc2-2724a0467bee,L3,Tweet
3b42087a-a9c6-49a8-90e7-0d8a4bd21773,L3,Tweet
8f330d59-3c2a-4467-8b3d-c25114f48530,L3,Tweet
51e40005-4ed5-46a3-b73f-81fb825404dc,L3,Tweet
f25c4ebf-3aaf-4650-a829-5869b14c26e7,L3,Tweet
ec646e76-fa85-4825-807a-59544709d0b4,L3,Tweet
ae146a17-44be-484b-a055-39b0a76f13d9,L3,Tweet
3f260cd7-0fa4-411b-92d5-a7f5df166fc3,L3,Tweet
dfeaeb80-0147-491d-a610-0bcf5014893a,L3,Tweet
66b11bab-0209-4deb-9772-df64a019fc2b,L3,Tweet
158abd71-9bfa-4144-87b1-3aacff2e30ec,L3,Tweet
b2989851-7fd4-4dc6-a3a5-e6205deb1306,L3,Tweet
26d63d3b-7fb6-4058-9222-d17f912c9a8c,L3,Tweet
17e5d9d2-5b45-43bf-b090-c3a6f20d0344,L3,Tweet
46c9fe18-d279-499f-beef-8dc8d6e996a6,L3,Tweet
040c7abb-ff57-44b8-8e93-dd4296870d8e,L3,Tweet
c995e732-524a-421a-b9d6-8ce5bc87e7f3,L3,Tweet
6414b879-c2e5-439a-a056-82ea1a86a91c,L3,Tweet
1f6a42be-8b19-4dc2-9e2d-c4bc308c1746,L3,Tweet
6f874850-8c32-4e88-8e93-afd419f60c74,L3,Tweet
4009ee43-9b50-42a1-a1f0-a3d265883543,L3,Tweet
d17b648a-a4d1-4281-a6d3-7ac6881e380c,L3,Tweet
6318fb5d-eea0-4c15-9db3-6d73987e1592,L3,Tweet
6829f4f0-2e0e-4155-b3ee-2664a19e8d59,L3,Tweet
0243ee74-f5a8-4363-a845-0a98f61690b1,L3,Tweet
a232b53c-9107-4281-a33b-9f7c8b1ebecc,L3,Tweet
7072e563-6ca1-4aaa-bfe1-f7f5bbf5d19e,L3,Tweet
9ecddf76-ad0f-4949-8fe0-b2f57277c7a8,L3,Tweet
c496cf19-b148-4225-8d40-a8c75b9900de,L3,Tweet
0119a005-dc59-46ef-86d6-ef6ca1f39a29,L3,Tweet
bcefc809-8d89-41d9-b365-b841738c86e0,L3,Tweet
fc8338de-3bbc-483a-b777-60c3e1cb8814,L3,Tweet
e5f9737d-0a25-467d-96a8-dfacdcaca35d,L3,Tweet
7276dcf7-f9b8-48b8-8738-236b420a4129,L3,Tweet
88b12ec3-154d-4832-b245-95fb005d91a1,L3,Tweet
72018c98-bb7e-423a-ade8-9e87a8e75df8,L3,Tweet
82964424-1397-4242-8e17-24bb9070c351,L3,Tweet
d023561d-ff81-41a0-bf26-7a54529c0a44,L3,Tweet
3b4ad09f-9895-4382-bbbc-851fe223fa7c,L3,Tweet
84ec4190-654d-496c-af3d-72bbf73cd80f,L3,Tweet
8f0dc25c-2bf3-4234-a9f3-efc161965181,L3,Tweet
191a0020-b20f-434b-bd1c-e388c543fd55,L3,Tweet
b9fc6ecb-fdb0-435b-a017-13e857e3080f,L3,Tweet
98803c90-0388-4a1a-ab0a-5f220b34171a,L3,Tweet
be81ec8b-b3ad-4ff0-b02d-05f31b189037,L3,Tweet
705df383-4455-4a08-8ee9-9fef08fd83a9,L3,Tweet
2fb3d125-e4f1-4b07-907b-f676be7347ab,L3,Tweet
d5dd8d0b-b8dd-4fc6-bd8d-df5ac91e0312,L3,Tweet
7dd05bcb-ae5d-4ced-a226-668ad2a4e05a,L3,Tweet
21b379d4-2cda-4997-8669-44c251be3d47,L3,Tweet
e2da216b-03c4-40ee-9c4d-c7a764001cf1,L3,Tweet
419d68ab-4bc1-42b5-9210-25504dfad75c,L3,Tweet
4f8805b2-d47e-4637-a2f0-15bca8302e61,L3,Tweet
daa7266e-7e84-433f-834a-5053ea2e7254,L3,Tweet
138d4138-17cc-4739-8371-f92d9e47815e,L3,Tweet
09e9c985-d258-4764-93bb-55afd03f1e09,L3,Tweet
369d32ec-c8d3-4178-96a7-d4825e7a21e6,L3,Tweet
796a06d4-935b-470f-aaf5-af1dd8158a5a,L3,Tweet
912d9af3-b3ca-41d8-9896-6a577f12c2e0,L3,Tweet
8b7ede67-fbc0-48cd-9d5f-843f1a1f1a42,L3,Tweet
ba9f7ba3-8f7e-4d90-8bec-2f4852e62457,L3,Tweet
6a8ee29e-6c9a-4939-8cfd-d96878843613,L3,Tweet
e34ca20d-10f7-4814-a436-2a6ff29145be,L3,Tweet
d42312cb-502b-4d1c-8250-1ee64913c955,L3,Tweet
6265df5f-27c2-4287-86bc-fb952550fa9a,L3,Tweet
131069a6-2f85-43b6-981d-4320136a0618,L3,Tweet
edae1779-4b49-43ea-9ea8-e4cbf9aa8855,L3,Tweet
02156f9b-88fe-42a8-ad5b-d38208a2c721,L3,Tweet
7bcd6bcd-3100-409f-ba5e-8896ea63e10c,L3,Tweet
bc2170ab-b193-4890-adbf-e2a73cef2e1d,L3,Tweet
edef68db-105a-4b0a-9507-b09e29f05457,L3,Tweet
51298c2a-483b-4181-868a-96ba8f76f7b6,L3,Tweet
d16c9966-8b06-4704-afd4-862b1b4a0293,L3,Tweet
7ea43240-d09f-47f2-829e-1c6757a4bf2a,L3,Tweet
eb03847b-0d17-440d-95dd-445eba2e1159,L3,Tweet
353a19b4-91e0-4f6f-9596-7c41c4bab97c,L3,Tweet
7c71d7d1-ac77-40be-8962-a017dfcb0549,L3,Tweet
4f42df6e-57c1-4b6c-872d-610ce2f2d8da,L3,Tweet
705c8b98-ad8c-4446-9357-538b23e4b1b1,L3,Tweet
b3b1e113-e6fc-452c-b421-2e0b46162976,L3,Tweet
b64c4206-eb30-444b-ac3a-b78b94ad9367,L3,Tweet
028caae2-4f5a-43f9-b465-48e67f952e84,L3,Tweet
a996902d-226b-4b14-9aeb-6bff1dc8da42,L3,Tweet
1d5a573d-d4b5-4c5f-9b3e-71147571fa75,L3,Tweet
48767960-85e6-4f03-a7fc-3c8566ddd08f,L3,Tweet
72075137-8b48-4715-8fd0-0057f8baa5e5,L3,Tweet
4655fb95-474f-42cd-9824-03ab40600d47,L3,Tweet
e74384ef-860f-4fb2-ac6b-98e00ecdeadd,L3,Tweet
243b41f6-0ba2-4706-b6fd-03906ad906f2,L3,Tweet
cbc3728b-d70e-4402-99a8-5dabe349be94,L3,Tweet
4299d0e2-dad3-4ae3-9c36-c7dcb342f218,L3,Tweet
c127dabe-3ac7-4825-a696-2ebfe5383aaa,L3,Tweet
161bb8cb-4c70-41ed-a7b5-5f6d6cee1f19,L3,Tweet
af796f9d-2f77-43d0-9a7e-ee6e1ae35ad5,L3,Tweet
c2bae4e4-e26a-4908-baf3-896161bf4503,L3,Tweet
73b3c285-cdf5-4a15-9ee6-30e355bd0b47,L3,Tweet
2833e859-a525-41ba-ae9b-4b2fd8fe5369,L3,Tweet
53de160a-c14a-4df3-a7f6-015d8fc0df04,L3,Tweet
6ed8bd69-3df8-41d8-9065-2b58d6d330c7,L3,Tweet
61b0be89-4388-4d31-b23b-526b3380ae00,L3,Tweet
4a8b1c6f-6b3e-4e8b-8953-6c9698fa21b3,L3,Tweet
ca0dd75a-da0f-4dc3-9501-de9c9d12e186,L3,Tweet
061a073d-12a2-4bf4-ad87-3d4550dc9004,L3,Tweet
c78722ae-16ce-46cd-9aea-5925378b8227,L3,Tweet
9a35bd0f-ce7a-456d-a8a9-70a35630849b,L3,Tweet
38f3c695-e72c-45af-b735-a8a052bb6328,L3,Tweet
e62dbd99-e3a9-4956-b769-1a942db82f9a,L3,Tweet
0cf5021c-cf17-4943-be36-ded9d6bd2379,L3,Tweet
c60de0f2-3d81-459b-9bb4-27d0dd7a134a,L3,Tweet
15f74472-d51a-4680-8e60-f11e539ffc74,L3,Tweet
a7a8828f-14a5-4796-8aeb-c4426961ed9a,L3,Tweet
7c2f4f2d-fcb4-452f-a4f9-c235685d2dc2,L3,Tweet
fc19e67c-a3cc-4b10-af6a-98af14f4e868,L3,Tweet
281c226f-ae9e-48f3-8e99-bb5ee8da39c8,L3,Tweet
e788078c-62e6-4bd2-8712-5e5560ddc694,L3,Tweet
8d33a9fd-717e-49ed-a531-dd748836489e,L3,Tweet
c0bd3585-aa70-4bf6-86e1-527c6920b094,L3,Tweet
8fd6f1ae-c5b5-42ab-a029-b0885701794e,L3,Tweet
8fa1911f-9890-44cf-9ce3-3028fdab1b8e,L3,Tweet
d371f4ac-2b51-4a3b-8628-4598ef105433,L3,Tweet
a8aaa7a3-ab6d-4c6f-8d93-af29d8d4d4d6,L3,Tweet
5d8e0b5d-5e6d-46e2-8b74-12d1f3278c52,L3,Tweet
68b44324-e89f-43b9-ac5b-178c4127e99c,L3,Tweet
7673f348-3510-426d-864c-8b61d13337d3,L3,Tweet
fcadec1b-dc9e-40cd-96f5-c815b7ffd22e,L3,Tweet
1c861222-c4ec-4e27-98bb-1c069b006631,L3,Tweet
b7e953c2-2f90-4422-b67d-9212bbb5b062,L3,Tweet
1b1a5308-27bf-40e5-85db-ed18e8fb3968,L3,Tweet
a53b8fa4-074e-4f6b-bda8-8b06ead19b23,L3,Tweet
c7d84531-0587-4981-aa25-63041326bb70,L3,Tweet
2b79c4b3-671d-43c3-a8c7-a2a5f93a61ee,L3,Tweet
d62b901e-f04e-4c7f-9204-3e37f6ad5302,L3,Tweet
6e5868f0-4bd5-497a-b458-0bab36a36503,L3,Tweet
8a89fb1c-2908-47ca-bdf0-c1ebebfe52cd,L3,Tweet
1faa9486-9868-4803-bd19-3b5128600736,L3,Tweet
22604657-fe26-4f12-9faf-e8004973f809,L3,Tweet
bee0e5cf-5750-4053-94b6-d65facbec613,L3,Tweet
06b04fa8-8a39-4541-a243-fba129481e50,L3,Tweet
a831e527-c64b-485c-85e2-19618c79e0e3,L3,Tweet
299a1a59-abca-4265-990e-04c2ac1d28a3,L3,Tweet
c26e180b-5a21-4090-a0ce-704cbee98abd,L3,Tweet
277e50a4-5e16-4b69-a499-499cb89e0e80,L3,Tweet
1116ff9d-1fcb-4283-b275-271e09b275a6,L3,Tweet
3a438c0a-354e-44f3-8619-de5850a15f75,L3,Tweet
c14ff335-8d81-437a-8777-5d8b0ec21ff8,L3,Tweet
0db2e3ab-97e4-465b-9c84-2b7e5bb0109f,L3,Tweet
063dfbdb-d990-4703-bf4e-dd061a6ea17a,L3,Tweet
a90ffabf-865d-45d4-a191-0af5084274e7,L3,Tweet
97353086-b977-489f-b7ff-64d4f1d38f05,L3,Tweet
de69f858-1987-422c-b72a-b678488dff9a,L3,Tweet
f9c67b4b-0eb9-4984-a288-db5378fe1b04,L3,Tweet
f5049b3d-c497-490a-b37b-9c74e14abc8a,L3,Tweet
6f493aa4-143d-4fe6-a3db-88b5b8315f2f,L3,Tweet
8787b539-6557-4dff-bf6d-1ab81c45838b,L3,Tweet
b2f20be9-5ac9-4425-9d2e-00c277f30833,L3,Tweet
595e774f-8b08-49b7-8319-d6e0e32513ff,L3,Tweet
fee92aa1-970f-4c2e-a343-d3f0279b4c22,L3,Tweet
c1d8eab3-66e4-467a-b48f-8fd2038757fe,L3,Tweet
b0772576-045c-4b6e-89b0-f370ee0b7dd5,L3,Tweet
86beffdd-4ca8-4dc5-9cd5-f0d535a84b83,L3,Tweet
eebb0e12-a22b-4b1d-92e4-e7a0d4fa18ed,L3,Tweet
3464f974-3544-4ef7-9560-ee963fa8f990,L3,Tweet
c98c6994-8d6b-4261-8c71-4cd2595e3469,L3,Tweet
4ac91260-fe77-4d9e-b788-be7c7cfc2e97,L3,Tweet
36880261-3cac-46dc-99b9-fc0121c96f88,L3,Tweet
855c6980-8332-4b66-851c-cee3df4b85f3,L3,Tweet
fe0e30cb-8502-46a4-8480-3149cf528061,L3,Tweet
1a6c1736-f96f-421a-bed4-84ed5b44001f,L3,Tweet
455894a5-e8e1-4c5c-afc8-eda4b60798fb,L3,Tweet
5cdb6fed-d622-4968-9ae1-fba1bc4e7ebc,L3,Tweet
d0ed6781-cc01-4191-8464-9cd96d446fb8,L3,Tweet
8a242b13-c0e3-464d-9db5-2faab74db87f,L3,Tweet
8e4795ca-cb86-4139-8981-21da09d08451,L3,Tweet
dec7c3d8-de17-4e62-a95a-50cb56801360,L3,Tweet
58a534e4-4796-4ddd-a706-8ce187ee4a36,L3,Tweet
430eeb82-a7ba-415e-96b9-f09cf70ae053,L3,Tweet
f760a848-8f3d-4233-876f-d67bf1b8e395,L3,Tweet
ad67395e-c4f8-44e0-95d3-7b42d3fab6b1,L3,Tweet
97b3a193-15c3-4540-92cf-720f56f41b87,L3,Tweet
0f548df4-1e39-45ce-b14d-eeb52bb987f6,L3,Tweet
cbd3c403-97b8-4171-8230-d163e44ee35f,L3,Tweet
570b7c1a-852e-4ceb-9016-646cb7002339,L3,Tweet
1987054a-6b41-4086-8061-82b7d85689aa,L3,Tweet
6db81e2f-16e2-47ca-8084-22ec47a9cf2d,L3,Tweet
19e206dc-2138-4cd4-97e5-3318fdac938d,L3,Tweet
2b929b4b-6316-4bb3-9969-53ca9ea60bb8,L3,Tweet
bd196c64-ae00-4776-9b8b-c614ea63181b,L3,Tweet
e0749055-9e86-48c2-8154-d1dd7285a49d,L3,Tweet
ddc6ea93-55cf-46d1-9fef-c4530cb77c58,L3,Tweet
7d6f4e4a-15ef-41d4-bdb2-58e271a648f3,L3,Tweet
64760812-b620-4dc2-856f-2b52cc622a4e,L3,Tweet
dd62425e-dde7-475b-a23b-c32143e12a13,L3,Tweet
2447f244-fb81-4296-823b-96ad7b7b0c19,L3,Tweet
cdb3959e-6aab-43ae-8fee-7b300277da2c,L3,Tweet
adea8dc3-010f-431f-9bc7-29bba74cb8b5,L3,Tweet
0169229f-66a2-4043-8a49-35f118f7fc30,L3,Tweet
24a5745f-2c14-4e50-92f0-90c4f07d43b6,L3,Tweet
7cd207f9-fc23-45d3-a7a0-63dfe84fc8f3,L3,Tweet
d340c8d7-fd11-4a81-be87-16aaaa21f55d,L3,Tweet
93420f61-5a06-46a9-b966-295e3b6d63ea,L3,Tweet
319fa750-22a8-4219-bc9c-c1d99ea10b5e,L3,Tweet
51fcf47a-ef26-434a-a925-963ffe61804c,L3,Tweet
ee637a0a-b259-4d95-a523-3e06c37e29fe,L3,Tweet
b5675ea8-4ada-4c9e-89c4-8c7fd38cfcea,L3,Tweet
d08518a0-83de-4fcc-a38a-2a8fe6e66452,L3,Tweet
c4750d72-a970-4d05-86eb-39796d817024,L3,Tweet
68ad0cdf-4a2a-4d40-849f-7aef1033cc64,L3,Tweet
385f0ba7-7e5d-44c6-ad8e-8e66e440bab6,L3,Tweet
bc5e01dd-865d-4380-aa51-1fc3c60e6be3,L3,Tweet
fb5b4df7-ab65-4f7d-a1d3-1f04a82b0099,L3,Tweet
0de148c6-5afc-49ad-872a-8b076a18dcca,L3,Tweet
6d8d8b52-5270-450d-a793-dc42b4445ada,L3,Tweet
cb6fd3f2-b75d-4816-a163-205ea7e50bcc,L3,Tweet
240788a1-6cfd-46f9-850c-1e1bb6c24e80,L3,Tweet
f0f93fd6-7302-4c7b-b596-f6cf28d60b11,L3,Tweet
f3abd83d-23c7-4740-8119-f7655fc37022,L3,Tweet
2e4792ff-79a7-459f-a5f5-80902dd9a96a,L3,Tweet
cc74f531-af55-43a5-8327-238267517b6a,L3,Tweet
873f8f34-1243-41b2-8de0-77bef4b8cb30,L3,Tweet
5f0ea22b-044c-4d91-b085-417a7217369d,L3,Tweet
f07d1a56-f678-4ac7-a591-c097589ef3d2,L3,Tweet
24eceb0c-42a7-43bb-bf50-b4faa8056bb7,L3,Tweet
9d0f7262-a216-4615-8114-af418c48ccb4,L3,Tweet
ee301f3b-f383-4afe-a5ee-5c71c2420c9c,L3,Tweet
4fbe4246-fceb-4b22-a7c3-23fc0cb52758,L3,Tweet
f6c683b3-2a28-47cd-ad54-7a47021029f4,L3,Tweet
ce9cf3b1-643c-416c-81db-e367c6fee898,L3,Tweet
61da8900-7238-4054-ba37-02887d9cb960,L3,Tweet
1ecac0b0-f3c9-4ab1-a43a-270cc4bf5f8a,L3,Tweet
03d22d74-6ae9-4098-89d2-b7fc50b984ab,L3,Tweet
427f4255-33b9-4d17-b64b-cc4bb0cc5415,L3,Tweet
06d73e85-e40f-4614-a1b7-3c3325745dcc,L3,Tweet
9d5af734-d534-4615-b2d6-e2c57224de0d,L3,Tweet
971022c0-c112-4c47-986b-0de56888e249,L3,Tweet
4d2d0df7-3261-4c0b-8658-66e8efbb3863,L3,Tweet
5aa65b17-e0bc-4da4-8cfd-9d8b465f3b4d,L3,Tweet
491c6b99-aa38-4c7b-a1c7-ae3df9f2f237,L3,Tweet
815660f6-4b75-4ac3-ae10-0cdc32058155,L3,Tweet
eb27f0b7-740a-400d-8fdb-b4cbc86ab742,L3,Tweet
2f13479b-6f4e-4f0d-b1fb-30da22c6bf51,L3,Tweet
18108fa1-e806-46e9-bdc0-edb345d11c2b,L3,Tweet
c8815d0d-70de-4597-932b-901cb9864e56,L3,Tweet
e4c25a90-c530-4a49-afce-a25409d4d563,L3,Tweet
c124fcf1-f3f8-453c-a511-6d71dbbac406,L3,Tweet
e757f17f-dade-4cab-8548-66dd4b1acfd5,L3,Tweet
1ca7ad11-c3ba-4705-a2f3-b770d164f2a4,L3,Tweet
73ef519e-349f-4d69-8492-2185d56d227a,L3,Tweet
fb2e43c7-279a-4ffc-a5fa-2917d4f0e37c,L3,Tweet
982f82ca-6e1a-4d1f-9463-12c6bbb64a5d,L3,Tweet
da510631-0ee2-4db8-b1aa-e8d95cc23a36,L3,Tweet
8e83ced7-a590-43c6-8fe6-ce3ab63e3065,L3,Tweet
e344f87b-6d4d-4fb7-bf15-3b4303c4113f,L3,Tweet
37da57a5-3fb9-4e3b-86d3-cf1fa2e6db54,L3,Tweet
898f58ff-846a-4eac-97ff-96cd1fa40292,L3,Tweet
60e27dc7-6c8b-46bc-b34f-46cd4afd4b48,L3,Tweet
56c765de-305e-4f0a-8b77-f2358e5343fb,L3,Tweet
048249b3-dd69-42f9-aef8-a5033e1ba839,L3,Tweet
a2936a10-2f61-49a5-ad0a-f74510be2337,L3,Tweet
5994c3ca-2c54-4042-9862-f6c2d67c2a21,L3,Tweet
7c4d7474-9fcf-47b3-b8f9-f26de8d81210,L3,Tweet
a458c182-d6ec-44ae-8ff8-6a1144a883a9,L3,Tweet
f00dc545-0572-4006-b472-c2287bac9f2a,L3,Tweet
732a077f-f40c-4f57-aced-27c85c9e249f,L3,Tweet
91292b9a-d935-413e-b58d-91d0bdd625fc,L3,Tweet
f26489df-15cd-4e94-9342-c8bf9fa557a6,L3,Tweet
ed06e7df-5145-40ba-bcea-bf6882c945f0,L3,Tweet
ebf22002-2e97-4610-a200-ef916abe6a5a,L3,Tweet
10ea23cd-8be1-4e79-9d5d-a3df1a5dbcd6,L3,Tweet
644e6aa9-04a2-4dc9-b811-3f36fbb2d3ab,L3,Tweet
9e4b7561-92c9-483d-bddf-11221e4113f1,L3,Tweet
b3171d3e-7085-41f0-9143-8418dc732756,L3,Tweet
a234b785-fc85-4174-a9bc-a3bf9eec073a,L3,Tweet
76e6813a-dc4c-469a-8f7f-8fa7335c2c89,L3,Tweet
6bf9c898-adc3-456b-bdb3-25d480f7e929,L3,Tweet
1c300b39-46ce-4e73-bbf4-c6870eb1c90c,L3,Tweet
cfdcb7be-aec1-42b8-ba1c-d8badb249159,L3,Tweet
a6d32c1c-d13d-49a4-8132-223427853a37,L3,Tweet
5ec95bd6-920c-4696-8d68-aaacc75524a9,L3,Tweet
520f2d98-102e-47a3-b0b0-fb94ed72a3d8,L3,Tweet
ccd89b9c-9a7c-4496-a7a2-33c4da3a012d,L3,Tweet
d572399f-a229-4021-9c63-e7b6cc7d2db8,L3,Tweet
5b315568-251e-44f0-906b-5b01c8616557,L3,Tweet
7a842ea3-4209-46ff-a213-a825d9c1971f,L3,Tweet
5b371c0e-c2fe-4065-8bb0-8699479f73dd,L3,Tweet
2a4e05db-8198-400e-b14c-3138cd248cd7,L3,Tweet
b9f868b6-8b08-4c33-a2a5-73d12d9f1d6c,L3,Tweet
5aaca5b0-9ce3-443f-a6c1-acc1de98bb64,L3,Tweet
40c81f3a-5308-4e2f-b3ca-3b2446bff3d2,L3,Tweet
1684787f-49b2-4c4a-8c81-44a9cc65abf1,L3,Tweet
6fb12f2e-432f-4508-8b02-d749c375900b,L3,Tweet
a1f9ad28-76fe-4963-b72c-80a5d2351a08,L3,Tweet
d2af4581-8612-472d-bc94-710850d3e9bf,L3,Tweet
c8955f55-42b4-408a-a84a-4ffa86e6723c,L3,Tweet
0cf16a62-bd05-4fce-81cc-828d3637c4d4,L3,Tweet
79fe3c7c-a29f-4f00-bcac-2b6edff27c78,L3,Tweet
b3f48f5d-07e3-42b7-b463-903af3445bff,L3,Tweet
3675cd44-98a9-4cd9-bd7f-00a572252a9c,L3,Tweet
83ec509b-45a8-43ab-bd0b-21cf24b5a66c,L3,Tweet
418c9717-589e-4c05-87a5-504aed914203,L3,Tweet
aefd18ce-1c05-4527-9a53-60d6d0818431,L3,Tweet
cf1f2d62-8b72-42d0-9457-78741cecae13,L3,Tweet
d7409574-1b5b-4817-8c81-31b570bca590,L3,Tweet
a79b5f84-71e3-44ee-a2b9-785b7d2153cc,L3,Tweet
25101fa8-29f7-4401-95c1-2247039fe225,L3,Tweet
8469c1ea-823d-4482-87e9-802f71d9c419,L3,Tweet
c54ba814-cae7-4ee6-a3d9-2a198f758dfd,L3,Tweet
c4104cb1-25d7-4006-b4bb-958cb54c119e,L3,Tweet
02f116cb-5e9a-49bc-9a94-f447aecbc11b,L3,Tweet
84baa183-f913-4ebd-9b4c-8a3740826e6d,L3,Tweet
397cba66-ae1a-4d88-88ae-6dba5acbc586,L3,Tweet
41edaadf-a7d6-4bcb-abb0-f6c11dab1188,L3,Tweet
af3f2847-027a-403f-abdc-2a64daeb0ee2,L3,Tweet
a7bcf27c-b4d5-47d6-b4a1-db66f3bb7e18,L3,Tweet
1049dbdc-beb9-4a33-bf35-ee021a6f1da6,L3,Tweet
00155b45-5202-437e-88b0-33062f8a4e04,L3,Tweet
d2afa86a-2803-4a1e-b1c4-ce81577bc105,L3,Tweet
d36e18ad-8c0c-4beb-8235-083697423965,L3,Tweet
0c3b3690-4426-4f8b-833c-a27a667ac16a,L3,Tweet
7bdee88f-4134-42f5-af12-04b44d58b82f,L3,Tweet
981b878b-fa61-4a85-8980-57e91226acc0,L3,Tweet
725a69af-c112-465e-8ef1-eb497d7ed4d6,L3,Tweet
c5078884-2694-4baa-b56b-6a35edebea24,L3,Tweet
c3fe3bd3-3e7e-4b51-aa79-65327d32ba23,L3,Tweet
a9ea26d8-ffd6-4c65-bcb0-c3a069561164,L3,Tweet
f7438473-492f-4e21-9c9a-769ad874c856,L3,Tweet
bb6963e8-521c-4417-a024-078551056fc6,L3,Tweet
9d5658bc-b734-4fc2-883f-f9569ceb1165,L3,Tweet
431c541b-f0ab-4213-8790-7e38569febd2,L3,Tweet
1c3a31a8-84ff-43c1-b6cd-806799ef5c1c,L3,Tweet
53de7bb9-8f6d-46d8-9d79-4273439d3480,L3,Tweet
169a1d31-79c3-4867-9f46-704b92eb48d0,L3,Tweet
58a18ae6-ad3c-4a28-b510-0a172d7e0ea7,L3,Tweet
a9f0c97e-3ac6-437b-898a-0ac735e2015d,L3,Tweet
c4131e8b-fe87-44a5-85e6-d50b1f3812c7,L3,Tweet
5575e588-8458-4a32-8475-7093877da73b,L3,Tweet
7c904be7-5c82-415d-a4e6-b7e66122b898,L3,Tweet
7aa6678f-ef07-4c1e-89db-4d7f8f4e671c,L3,Tweet
449cbbea-9e5a-44da-bd0d-d77378b319b1,L3,Tweet
8de23a9a-8c93-493b-9f77-cd29bee72efe,L3,Tweet
a08cf932-37d9-4f4a-9ffa-2b3409a8928c,L3,Tweet
94f99a12-eb60-4f87-b207-d968da072eab,L3,Tweet
06a568e2-8387-445f-a84e-3b507765035d,L3,Tweet
e1ac3a23-a008-4063-9088-c1e1197f4e2e,L3,Tweet
6d6c00fc-7e8c-4dc5-ab40-27b0b2fab6fc,L3,Tweet
ee647612-df6b-493b-a481-8ad6d5429dd1,L3,Tweet
e518b52c-a528-4f4f-9b91-503f7bf14f29,L3,Tweet
28e34f24-0e23-419c-a940-0491cb5d7f51,L3,Tweet
d8f823e0-98ca-49c4-aa0b-ab8d7c453c74,L3,Tweet
c36efc74-6520-46a7-9848-758ef8e0b0d4,L3,Tweet
939cc4ff-bd48-4628-9fac-24eeef431b5d,L3,Tweet
b0f81d3d-d226-47c9-a347-e7544f4bd5c2,L3,Tweet
60a4ea8e-1503-4891-9436-79192ab6f982,L3,Tweet
31b25d70-9e5d-4577-9963-13fc0f8148c2,L3,Tweet
e70236ec-80c2-4327-93f6-c06253a65624,L3,Tweet
fef88209-a484-4605-aa08-ea6cc7278c9c,L3,Tweet
4fd4ca97-78b4-4a0a-b409-88db3f294cbc,L3,Tweet
54f13521-c987-4f25-94e7-05d038607912,L3,Tweet
86d9265b-444f-48c6-823c-f3b4295b67a0,L3,Tweet
c1ef793e-b8f5-4115-a0f0-25062474a21b,L3,Tweet
39aab963-60be-499a-9a54-9a784562d53f,L3,Tweet
d37fa1fe-eca9-4c76-8630-78039511dda1,L3,Tweet
25190f10-e48c-4f2c-88ca-391c049662ad,L3,Tweet
fd79a198-c54f-4b95-9730-65e755eafcbd,L3,Tweet
2a86386d-cbad-40ae-9b6c-98e9803fd44f,L3,Tweet
74b53151-4942-4822-bb4a-fbf8ac38e518,L3,Tweet
aacb1975-2316-4fe3-9bc3-217bd3ea3fd1,L3,Tweet
6e3dd42f-2ab4-4618-8777-fce0f514cc15,L3,Tweet
3f53e0f4-9fd9-45b3-aece-cfd6cf1b9265,L3,Tweet
3aefea61-947e-4637-b13e-7b26a41d03b2,L3,Tweet
0b59ed6a-51ed-41be-98ce-c8ef1524c161,L3,Tweet
ca0c0c50-d501-494a-8676-04506ca10a7e,L3,Tweet
a5553831-159a-412e-a464-13eef53ce8b2,L3,Tweet
2c729fb8-af0d-4355-9723-b4bffc7c1ab4,L3,Tweet
06c33efc-aa81-4b68-956d-970dc828170d,L3,Tweet
864e56f9-68d9-4094-90ba-75723b985c43,L3,Tweet
78ba6737-287b-43b0-bd6d-c64d12395b06,L3,Tweet
21332cce-9553-489f-beac-76897bf8090f,L3,Tweet
8d083b76-3923-4251-978a-8c2e91b5bdbf,L3,Tweet
e5d5ae86-8100-4606-9d22-e3838493e370,L3,Tweet
d7927ace-74ea-4f00-9b61-8f586f36b5c6,L3,Tweet
435f3d86-f1b0-490d-a68f-d9525a41c02b,L3,Tweet
f5a84d2c-d82e-467c-9aab-d8b85aa45101,L3,Tweet
742084eb-afcf-4136-835e-e646225317df,L3,Tweet
1a1a4af9-6691-4dd9-b385-32fddb2f1f1b,L3,Tweet
b1affa42-1473-4d4c-b2a5-23fb251ef6a6,L3,Tweet
e24fc96e-f34f-4314-81bc-3f3f5fe0141e,L3,Tweet
6d4edc18-0aff-4994-a3dd-1d3b44e95aff,L3,Tweet
4e0c1643-72cb-45eb-bed8-6bab36b3083f,L3,Tweet
1ae3a03a-31a8-4554-bbf8-5324981f904e,L3,Tweet
f7204f53-9ce8-472c-be55-920998427f4a,L3,Tweet
8c0abd0d-333a-461b-a2e3-2e6f5b2318f7,L3,Tweet
363c94de-446b-4591-bd48-4f173088aaba,L3,Tweet
43f2623b-ded6-41ee-baf9-3cbea1ac3491,L3,Tweet
1c6a1d62-677b-451b-876c-83fc5a51ff89,L3,Tweet
51274b15-e7ed-4c5a-a236-550d6618889e,L3,Tweet
7a743271-807d-47f2-b9b2-840c4a6ca45d,L3,Tweet
85547502-e256-4c44-936d-b2ee5070b71a,L3,Tweet
427ef7e3-470f-43bd-89b4-fcdbb966f7a6,L3,Tweet
201fdcca-ae1b-405f-ad5f-cb7e19ccf73e,L3,Tweet
d2f12ae0-bb25-4671-9282-c9fc0942325b,L3,Tweet
4a4ba676-5c74-4f6c-97da-6db810f7158f,L3,Tweet
1bf4e05c-d50c-44ab-8e4e-eedb096052bc,L3,Tweet
1e6188a5-3ea6-4081-9cd4-057df896b10a,L3,Tweet
9a8646cb-dbd3-424e-b025-b3e9ad8f8168,L3,Tweet
834068df-1226-4d18-a3d5-5ea2971f87f8,L3,Tweet
6537c798-8f0d-4d70-9126-b39e72dc8f39,L3,Tweet
9e99fd1c-5bf9-44e4-bdcf-ebad9fe0f5b5,L3,Tweet
a4d19d66-f933-41c3-81c9-d7c1234fe350,L3,Tweet
b77bd379-05e8-4959-a856-994cb8c6f09c,L3,Tweet
de022c53-32bb-468a-a49f-c2c797a14bba,L3,Tweet
945bf0c2-9a3a-4c9f-bd0f-ffd07c1733ad,L3,Tweet
d5cc0682-7700-45dd-9037-340e774a7707,L3,Tweet
37eee7b4-da95-4694-8cec-01d5ac147d78,L3,Tweet
cdbcfc54-87d2-4df0-9e85-a268cd997dba,L3,Tweet
2ceef212-2adc-48dc-9815-65d6bc3f20cd,L3,Tweet
ec9d03cd-1aac-4e29-8b12-0762b2538f19,L3,Tweet
0e7e2f75-e4b5-4ba2-bf8a-6149920b9596,L3,Tweet
a9bcde23-2061-4e22-b268-29e6b9cd72cb,L3,Tweet
22c77f90-1a64-431e-b9bf-fbf8d4fac02e,L3,Tweet
e6b51762-7f51-4f87-9639-beede3aa472f,L3,Tweet
b7004f0b-8000-4904-82b7-e25286ab4ae5,L3,Tweet
701d8e2c-6506-4a5b-83c3-b1baba366aa2,L3,Tweet
9b5e9fcd-20b0-4844-9963-482c8302634c,L3,Tweet
f2c62045-4982-4f82-b6a0-9aa6435e59fc,L3,Tweet
c3f9b9a0-6670-4ee1-b9f0-b369ba7825bf,L3,Tweet
36a60622-84d5-4e28-924a-00e8eb9285dd,L3,Tweet
5c82ea57-8f1b-4793-b993-49c7ca48a1bc,L3,Tweet
75ac0811-9aad-4f7e-a390-38663e6f9572,L3,Tweet
54b2c81a-fa81-4591-94e7-642b6a291828,L3,Tweet
57cb1769-859a-4fa4-80d9-624324d70578,L3,Tweet
68c1753d-d590-4168-b980-a6c3a0aa85be,L3,Tweet
11d7fcdd-7c35-4169-8bc1-cdd707c49be0,L3,Tweet
b007b2a5-1cec-4734-a1fa-3adc94ee3224,L3,Tweet
00c0867b-c291-44b3-8a71-b66d1a5e5c6c,L3,Tweet
12c50e74-0499-4d3e-99b5-6f99f33034ca,L3,Tweet
162ac138-3fef-48cb-9690-274ff34093d2,L3,Tweet
eb121b30-7363-413e-b888-d8820f7488d6,L3,Tweet
b0e092e1-178c-474c-b7ba-a32244405f9a,L3,Tweet
52b69ec8-e125-466c-9446-61a546e830fc,L3,Tweet
b53d583a-4780-4de1-ae89-eafe0a2c7dee,L3,Tweet
7fade50c-e8ff-4d0a-ba35-263ed2a111f9,L3,Tweet
45ff3528-76d0-4dba-972c-60667584b8b1,L3,Tweet
6835edf9-5ede-4ee7-a1e8-0b2d4146e3c0,L3,Tweet
26775f90-300a-4f9b-baf5-ba912dcf2cc0,L3,Tweet
852738e6-a86b-4aa0-820d-eb0f1c4450d7,L3,Tweet
e62a33b4-cce0-40ad-b9ab-398ec4999183,L3,Tweet
8f325859-b942-48cc-878f-d14251056355,L3,Tweet
33f73ddd-154a-4339-9d39-867a59b3a59f,L3,Tweet
028dcba6-29c0-4860-be4e-66cc775968e9,L3,Tweet
46b5e0d7-f81c-434c-8da7-474702aba075,L3,Tweet
9f1a2ff2-08d0-46cb-8d00-5902f695c25d,L3,Tweet
77e07bd2-40ab-4fd7-91ac-afcecb91d588,L3,Tweet
a1389141-07c8-4e2f-a9f5-3f9c027b8dda,L3,Tweet
853d8995-906c-4164-b8af-2c729778bd17,L3,Tweet
e807e1ce-cff7-4d37-9ca3-f30f69f20ef7,L3,Tweet
dfe103cd-b56f-4b6a-9e2c-e9c6ef362e99,L3,Tweet
6d8cdb5d-15ce-4790-ac62-36700fadf77c,L3,Tweet
95008455-3f7d-480b-8986-9374f6ff0ff5,L3,Tweet
2d4d8514-89e4-40f2-9e3f-e9f6b20d0ba9,L3,Tweet
bc372978-39fa-49b4-a022-61238859d425,L3,Tweet
d6abf5e7-b280-4ff0-a253-5e695fc487d2,L3,Tweet
030178de-c609-4154-b14a-eb5ea7eeb970,L3,Tweet
f8ed4722-4257-4551-99c6-7ea44db7a60e,L3,Tweet
f53438b2-e5ee-4a77-a33d-31a7073b71c7,L3,Tweet
443a7673-f5e5-4841-8b76-77cc5719025f,L3,Tweet
5dee6304-ec62-4fe6-84ba-48ccc6c0c0b8,L3,Tweet
457fd426-bf23-4d3a-9eb3-a6019789fa13,L3,Tweet
c88642f6-13a9-4848-9d1b-8385f47094eb,L3,Tweet
9f9f1756-8774-4d9b-80b5-62958fb1f151,L3,Tweet
31c54c18-7db4-4bf5-ade7-4157d1f62c55,L3,Tweet
a8104f85-7211-4f4d-bf5f-04d7e080a15b,L3,Tweet
b4d423cb-92e5-4f5e-a355-4ef34b694faf,L3,Tweet
27864c17-e4f9-4fac-8d4c-b96d0fdff2aa,L3,Tweet
f0dbb5f6-1b49-44d8-8e12-53a51b792149,L3,Tweet
34d0aac3-8aac-426a-bb9d-2688deecd748,L3,Tweet
cccf9182-67d2-45eb-8c4b-719675418733,L3,Tweet
3be1d63b-ebe3-406a-b4c3-6ea7f75626dc,L3,Tweet
8d3d1efd-04a2-4f03-811f-1fac671cd86a,L3,Tweet
ddbbfb7a-2b82-4973-bb54-31215f25162c,L3,Tweet
60a421d5-eef6-4b2b-a089-4b657e3b8c06,L3,Tweet
cca000ce-57cf-4a89-bea0-69f28c8115c6,L3,Tweet
c13e392f-1f54-4d3b-9424-95a21d3f2ffe,L3,Tweet
2be229ef-ebad-4a0f-bb0f-ed473b3614f1,L3,Tweet
6786b61d-24bb-4db2-b71e-4def12ea593d,L3,Tweet
3cf95c2b-3573-4f99-b3bd-f5a9c0badb86,L3,Tweet
fab385f5-6caa-4780-9e6f-c627ca22d788,L3,Tweet
f863f3ec-b53d-41b7-b4ce-bdd42d13b8fd,L3,Tweet
b2982986-7d77-4940-b136-529a7ab06e43,L3,Tweet
07c2013a-f6a1-4342-be84-36a3d904e5ef,L3,Tweet
1bf8a3dd-47c4-4304-a9db-9b9d6d173e9d,L3,Tweet
40025bcb-4991-4b95-86bb-4318dfda41bd,L3,Tweet
5d97de22-fc1b-478d-a157-f3e84a008aed,L3,Tweet
97787858-6422-412a-93f3-ad51e73ed287,L3,Tweet
bedd943e-33bf-4a52-bd4b-7b6c91ae7a25,L3,Tweet
91cb7cb2-fc5f-43ab-9e90-690f8d9920e8,L3,Tweet
69719d61-1537-4610-b998-b6601de67edf,L3,Tweet
e3102b25-4a4d-4dff-b341-4a743bcc9259,L3,Tweet
fdf1c322-d2a7-432d-b12c-d38248353d7d,L3,Tweet
877882b3-0c4a-44de-b550-e415b72b8216,L3,Tweet
3f958dac-5980-458e-9f3d-cf81485162d3,L3,Tweet
e0313b10-238b-42aa-ac01-dfeb369544ee,L3,Tweet
8edfbef0-88c9-48ca-a1e7-7dcdbc3e5d98,L3,Tweet
3b58d6b6-5ab2-4d7f-8029-29e4315b172e,L3,Tweet
99f8ea1f-a980-4cf0-86ec-e0ef6a358e7f,L3,Tweet
162096b3-3d6a-4c17-a2d7-367ad7a997a6,L3,Tweet
c39be6cc-260b-4210-a959-957149166750,L3,Tweet
4feb7c1b-7a68-4f5e-a564-7ad134a63070,L3,Tweet
eca905ec-8824-41a1-a88a-0fa3a032462c,L3,Tweet
3886f8a1-7217-431e-ac04-9cc83d616848,L3,Tweet
c4cfb60c-b28a-4391-87ef-f836e1871a94,L3,Tweet
30238a9e-9c30-44a2-a120-621219167592,L3,Tweet
8c45f2b6-898b-42a1-a2cc-a7d7cd69b8ec,L3,Tweet
33a8b87e-04ed-41e1-b68b-ae48ff9384bb,L3,Tweet
c2ef1217-e7cc-414e-b54a-52d3b8eb4263,L3,Tweet
38a5be84-bfc5-4f16-98d4-beb5d34979cb,L3,Tweet
5fc838c6-7044-4bcf-a8d9-bd2606fcbf8b,L3,Tweet
f4798898-87b5-497b-ab3c-9a651678a78b,L3,Tweet
ff4fe554-6ebd-4d60-97ed-656d4b8d43be,L3,Tweet
31eb7b13-571c-4530-8800-5b62e022c419,L3,Tweet
98c3cac1-2153-4e32-9236-302acf0f300c,L3,Tweet
47089ffc-f544-4694-af7b-187aa7453eec,L3,Tweet
2ccbf6f3-abd5-42d8-aab3-3ac1e4d0feeb,L3,Tweet
86ab0aa4-9878-4b22-b4c8-715844b13923,L3,Tweet
8460f0d9-6b74-48e9-bca9-98b5b0a8a6d4,L3,Tweet
d09f1037-c30d-4cf1-9f57-f143dc166b64,L3,Tweet
2fad6fb8-028a-4155-9586-4170ea7bab3e,L3,Tweet
806229dd-570f-45f1-9967-04ce20371806,L3,Tweet
2727b5e3-d842-466a-b006-82e032f621e5,L3,Tweet
3f5fb645-d156-4af1-9409-b9effca12344,L3,Tweet
4bfc1be6-ebbf-4507-8aaf-9ae75100fbc5,L3,Tweet
17cf37ea-b463-442d-8f90-fd403b0d1d5e,L3,Tweet
5db2484e-d66c-46b5-9e53-be3d8ccad257,L3,Tweet
a5eb66a1-46db-40b0-b7e9-bb0db4a3fa75,L3,Tweet
20cc7bcb-56a2-4a29-8c1b-a46e68572aae,L3,Tweet
83e0e1e1-3acd-417a-b5c7-75a697674e86,L3,Tweet
76ff0635-40b3-46d3-8a70-f2e7c4362c87,L3,Tweet
5acdcdaf-58c1-4362-abb9-ad030110df08,L3,Tweet
4e5e0037-855c-45d1-8559-59fd25278ce7,L3,Tweet
c4d4e439-edf1-49a8-8ce8-c9c5a53d4b37,L3,Tweet
0dd75b84-c3d9-4fb3-af15-37f04aaab13c,L3,Tweet
4933853e-67d1-42cf-af01-8084950fce00,L3,Tweet
fde64067-2284-4d8e-968b-e58ccc817539,L3,Tweet
5c06a43a-047b-4315-b39c-cdfda4933367,L3,Tweet
98535dec-8980-4958-bcf1-43a283282a97,L3,Tweet
1839a956-4a04-4f41-a944-66ef68885067,L3,Tweet
58e10733-814c-451b-9be4-8deaa0105658,L3,Tweet
40065bf3-8d64-476d-8026-03326a939c40,L3,Tweet
3cbcb501-32c4-4ea2-b42a-352a55a362f4,L3,Tweet
c7896a90-4a6b-4413-b2e3-76d3cc102aef,L3,Tweet
6128e7af-e42f-4450-bb5f-4845096844d2,L3,Tweet
2f5e4040-41c5-490a-aba5-63896e33621a,L3,Tweet
9748791a-0629-4d4c-b42a-7bb3631e2101,L3,Tweet
7c0733c2-3dca-4637-b4d8-da116a752be0,L3,Tweet
b5c55105-be23-474f-9f32-24b6ab037e98,L3,Tweet
9fd0fdf1-c7a6-4b92-85db-030979f26bc8,L3,Tweet
b2a6a8df-8289-4f3e-97aa-00decd77e1ff,L3,Tweet
cf73164c-1263-4697-adc0-ae7012b80590,L3,Tweet
46b96853-8480-4c9f-8e3d-79bbf8b84566,L3,Tweet
e85d38f3-312d-43b2-925d-dc7a74841690,L3,Tweet
4fadcc73-dcb9-4610-9e57-13c69892a64d,L3,Tweet
bc1af1c0-dce0-49dd-affa-ec92d490a09f,L3,Tweet
695c17f3-681d-4b71-be62-fc8d11b586f6,L3,Tweet
db8e2189-f6fa-4b4c-8a68-74dfa0045f85,L3,Tweet
0f4608f9-7910-43ed-a716-c03f40f5d115,L3,Tweet
578f5584-d6f1-4f6d-8c86-8228f4d69b2c,L3,Tweet
8dce5b38-728f-4904-8c0f-93d8a6014243,L3,Tweet
6e08e223-a209-41d9-9a05-5091c9b38bba,L3,Tweet
b32479d0-ef99-4891-807c-6d08942b0caa,L3,Tweet
58bf9db1-5cb3-47fe-9030-1370da880d16,L3,Tweet
75c8e73f-c2a6-420f-b2ee-3ecdfa865a5f,L3,Tweet
5c9f1e55-482c-44f0-a5f9-b4db485ad091,L3,Tweet
6b986c2b-cf59-4b18-91ef-39a3594bf065,L3,Tweet
a8e9c999-befa-47e4-955f-c387171ba684,L3,Tweet
fc1dc528-211f-44e6-9208-dbca748ca46d,L3,Tweet
d390188c-7788-4716-9557-043e64c79160,L3,Tweet
d02f7cae-436f-4896-a4cb-7b2e6b6ee96d,L3,Tweet
8327b15e-9635-47b0-bc93-efd6a5d2f84b,L3,Tweet
c48781a9-b620-4334-9ddb-01b2d34f71d8,L3,Tweet
9177b9f1-4c12-442b-8fbe-e2f5420af07b,L3,Tweet
17e42500-c0de-4977-ad19-0d9a14e4e2a7,L3,Tweet
eec0edf6-0818-4ca8-8019-8757de1c652b,L3,Tweet
597551a8-bf71-4b6b-9fe0-f8d6fd9489b3,L3,Tweet
f5ce3695-501b-4030-ad2a-3482fbc007c0,L3,Tweet
4ce971c6-2f06-47ed-ab78-bf697cdcba71,L3,Tweet
c0f2b10e-3435-462d-aa85-de60b55bc5a7,L3,Tweet
ae231f05-86d1-4eb9-aa0d-10c7eb3021e0,L3,Tweet
618c11cc-a05b-4a0b-ae5a-8ebc249f24a9,L3,Tweet
407e40b2-4f7e-42ae-9a81-ff6035e62436,L3,Tweet
e754dee8-608c-44d7-8c55-e7be1801d774,L3,Tweet
14a3b869-5bc3-4dad-9689-fc30da9cf697,L3,Tweet
b93a13f3-e445-4503-ba17-b4578e97f9f2,L3,Tweet
3f1c9abe-6d90-4a7f-a66c-81d34f9a874c,L3,Tweet
a4a0d1ab-75c0-4b76-bc17-26da9f5bb7e5,L3,Tweet
1e9ca2a5-c554-4846-9cbb-fc43ec0d32ae,L3,Tweet
45db9e97-b00f-4d67-8404-63c8c689ac99,L3,Tweet
d5b73511-c964-4a88-8836-511b216299bd,L3,Tweet
b950dfa1-1806-4b3e-941d-408940a38510,L3,Tweet
4d990dd4-7be2-4ea7-b63b-2a78294b8cfb,L3,Tweet
1f75465b-a4b7-4d4e-8323-16392e2de16f,L3,Tweet
335a4198-2f37-4744-93ab-a3953e5b8738,L3,Tweet
de5b6f7b-651c-438b-a181-7d3e2dced5b9,L3,Tweet
51b24f16-d025-4633-afad-4c4e8c0bbb61,L3,Tweet
0c504591-abd4-4c88-aac6-2666261f5d6c,L3,Tweet
57afc30e-7ec0-41b5-8f6f-05ac0d8cf285,L3,Tweet
6f22c887-c736-4df2-b594-7575d36af945,L3,Tweet
3488a61f-d75e-4754-9ff6-1e0da45c896c,L3,Tweet
8d8949dd-403e-4f4c-8424-9decb2a5c3cd,L3,Tweet
640dd347-211b-4708-a653-a5fe32e882c2,L3,Tweet
c61ef0e5-19b6-4395-a495-9049d3db0d40,L3,Tweet
693cc32e-0b90-48e1-83c4-fa1b955b5baf,L3,Tweet
c50aae90-61fd-4309-a8a3-65a8907b576e,L3,Tweet
a14c3bb4-ab25-42c6-bc09-229ac65e02a7,L3,Tweet
5798f189-f66e-4a25-9fe3-ade306dde4fe,L3,Tweet
c18d49d7-7bed-450c-8cb0-27a24ab51dc0,L3,Tweet
24e01919-d796-4d05-9055-66a00e0cdab4,L3,Tweet
b49b050b-1c7a-4e03-b053-293c3906bc61,L3,Tweet
cb34eb61-eb1b-48f3-9af6-0fb96bc9c98c,L3,Tweet
a20bc8c2-f729-40a3-a042-25d70f404c41,L3,Tweet
9f016d27-4466-449c-84bf-a9fe9e28de0f,L3,Tweet
e75e8fd0-57bb-49f5-8a98-1e0c5bce64b4,L3,Tweet
c0ffbc3f-5c93-444b-bd2a-dfe42c9244cc,L3,Tweet
c19dbca5-55f6-4866-b37e-866f2eded133,L3,Tweet
8ae0e4b1-e1aa-4005-817d-4b9c29481fb8,L3,Tweet
867f52cc-adbd-4a48-bb67-5b62af30d74a,L3,Tweet
e3971ecf-8422-41a1-b178-00915b1c6c48,L3,Tweet
9ad9b7b8-8ff5-4d39-ac93-98194835287b,L3,Tweet
2b9919cf-9271-4c6b-b1bf-033fd79b20b1,L3,Tweet
d8181c64-3264-4432-843c-f1d56aed5297,L3,Tweet
67f8d4a4-e886-45fc-b08e-e972d4c94dcd,L3,Tweet
58585b42-9f31-46d5-9355-7aad7e6b726b,L3,Tweet
ae28c995-b247-42a8-a380-c3d125b387b5,L3,Tweet
ad40266c-5d82-47ee-ac92-8a677a169c92,L3,Tweet
d58d85ff-2adc-4694-ad9e-9029e573847c,L3,Tweet
4fec4967-270b-4cc7-b803-6b8252fc6b50,L3,Tweet
25dfe512-a6d7-4f1d-8284-57702dfd67ea,L3,Tweet
2cda57d8-91cf-4197-808d-cdf8129b0b0e,L3,Tweet
d297a9e4-9d53-49de-928d-4e3cd40f28b2,L3,Tweet
2607ae09-37ad-4bff-aa57-aa9bef778e3a,L3,Tweet
98fccdf5-e17d-457e-b745-91a36d394eab,L3,Tweet
f38af2df-65eb-4feb-9e24-994a3f876b49,L3,Tweet
faf22320-d85a-4f42-b40f-454661b33172,L3,Tweet
b0d083f7-9a1a-481c-93fb-3fad4eaf688c,L3,Tweet
ec71d5eb-d77c-4317-bd1c-ef6074b59570,L3,Tweet
92da5878-8833-45a5-a5be-241c0824ba45,L3,Tweet
380ac663-d81e-4084-9053-36a0864be290,L3,Tweet
ae0bf306-117b-4f71-bb27-b2fb6171fe80,L3,Tweet
18afe0bd-8bfb-42e7-a85e-d28176fcd86d,L3,Tweet
495470ad-e581-4e61-89d9-fc3ffc40a897,L3,Tweet
bf30e004-d60e-4b5c-a18c-153ba77f1f72,L3,Tweet
3aa280e8-5bf6-44b0-8d9a-43b70ed85e44,L3,Tweet
469bb4f1-6be6-4ad1-a60d-badeef7e953c,L3,Tweet
94681c0f-55dc-4a14-9fbe-dedf97d68a7f,L3,Tweet
7992f198-e23b-484c-ab76-6c31759add3a,L3,Tweet
76d2cde8-65a5-4c81-8aa6-dbc4809ae1b8,L3,Tweet
9e146d4e-fec1-4d6a-8b3a-1be24f7d9bbd,L3,Tweet
fe8dcf1c-ecfe-410c-bf1c-43b05dc2b027,L3,Tweet
57c17b65-bc70-44c0-90a9-abd4dc463a79,L3,Tweet
58c1c90b-32ef-499d-82d4-f0caca8f96dc,L3,Tweet
46406d17-354e-4fb1-b416-8f43c4b800db,L3,Tweet
4f935d64-e4ee-43f5-8fd5-9e48363c375a,L3,Tweet
f364aba5-7277-4d60-907f-d18ca9e7a831,L3,Tweet
d13cb702-ee8c-421e-8be8-980af0286f9d,L3,Tweet
cdb91a8f-f755-49db-aa04-30e226b5c054,L3,Tweet
7ec64a58-2f1d-498f-b5b6-0d2892f8bfa5,L3,Tweet
8d2a999a-dbe0-4919-9f1d-be7df6c6c527,L3,Tweet
99deefa2-725f-4358-954a-f202a1e0b53a,L3,Tweet
05c39fa5-5ded-49ba-aaec-f19667b1ebeb,L3,Tweet
78908093-0f8d-479a-b0c1-ed2fae28c996,L3,Tweet
4b9a9456-be56-4100-bbfa-e7c6c77816a1,L3,Tweet
df56520e-7c59-42bd-bf37-0381a4b297eb,L3,Tweet
47ffad06-6a24-4060-9456-44cc808191e0,L3,Tweet
9c5d41ef-39aa-43fa-b178-930bc73d4284,L3,Tweet
1ad6dca7-46a0-43bb-aba7-f5aacf18ab25,L3,Tweet
481adf1d-4539-4679-bedf-ec3b98b85807,L3,Tweet
8ae521f8-d288-478a-b3bd-c3c224d9290b,L3,Tweet
9f357f2a-b330-4e7b-8d4c-09796b603d1e,L3,Tweet
adf74b89-ab4c-4a5e-a52a-6cdf2fc794ae,L3,Tweet
1f9d8df7-7b07-437b-b0c7-a2e14901cd00,L3,Tweet
8616557e-a42d-4c82-8dd7-123fb9d81bd2,L3,Tweet
d313b5ee-c6c9-4577-be47-95936425e1c1,L3,Tweet
442653c0-a3a2-4075-8465-966412f257a9,L3,Tweet
40bd80ef-aa86-40b9-adfb-764c4be0fb97,L3,Tweet
dd78a6d7-ddc8-4a57-b856-9664eba5ccd6,L3,Tweet
371232d5-8a44-42e0-819f-66a5f36265a1,L3,Tweet
990f4b33-11db-43cb-971b-4355dd5a5f1b,L3,Tweet
995d44c1-ae40-4428-b2cb-8ed213d109cf,L3,Tweet
57b73ade-f428-46c9-8f4a-9d5175b88f6e,L3,Tweet
62302141-754b-434b-b05b-b3cdbd507c49,L3,Tweet
77b2a300-fbc4-43a1-b709-02dd8bd64853,L3,Tweet
26663b88-ed23-41a4-a8c9-690c1460f825,L3,Tweet
5b827ad6-5fb4-4744-a1e8-9f81f54f8271,L3,Tweet
509e8f86-4bfd-4d7d-acb8-734b698c2e68,L3,Tweet
880b9a97-a80b-4f81-a34e-27cca9824d23,L3,Tweet
3e0611c9-b674-492e-bf78-b8c8c23134be,L3,Tweet
05825981-2686-4dd0-8426-6b7abce0d360,L3,Tweet
f85a58d2-2da4-4780-b4e6-662e609daaaa,L3,Tweet
a80082d2-00f5-4927-a351-a3d83d3305d1,L3,Tweet
dfd8fbc5-91ac-468c-b98c-06c9f2e15ca8,L3,Tweet
d9ed5eb5-0716-47c7-9fac-8b1c688fbd87,L3,Tweet
41a66ac7-a358-4668-a7a0-75e68de8f031,L3,Tweet
8f3bbcab-0109-4625-a0d2-9833aff03e6a,L3,Tweet
86e66ce4-cb85-4f93-8cc1-42ca9dd36526,L3,Tweet
cb8cecd3-dfc6-4ed9-a7d1-3afa49b6ec35,L3,Tweet
959cf10e-f079-4c9f-ab51-10d0bc88e013,L3,Tweet
02b942a2-1f36-4aad-9ab7-5862fae148fa,L3,Tweet
659a5d97-d4e9-43ad-8ded-8fed3d6c3f36,L3,Tweet
42b2ce67-2b95-41e0-abbf-eb205c3fb2ff,L3,Tweet
3b52fe6e-8b77-44dc-8788-6d843f38fdb2,L3,Tweet
b6dafd4d-4429-42e7-9458-08fe9098fb7b,L3,Tweet
ab5fbfc8-a342-4b17-a638-10eb1ec736a4,L3,Tweet
e713738e-2374-4061-a8de-817b9699de55,L3,Tweet
96062131-ee9f-4492-aa61-91bf5d596501,L3,Tweet
ea9ca758-7a48-4e91-81d8-b81612ba39c9,L3,Tweet
b39b2832-e652-425e-9ffe-4e67f2480f95,L3,Tweet
a59d1b58-7a0a-473c-be2f-82f6ca3a1fe0,L3,Tweet
8bfbf82f-f822-4556-a467-6b5e6820e3d2,L3,Tweet
98b743e5-4170-4f1b-8e97-3a9a5e9b2468,L3,Tweet
4425dfa2-ff65-469a-b6a4-f68be3b8d750,L3,Tweet
dd1c8c9d-36a7-470d-a4ba-8626a35ceefa,L3,Tweet
8bd81060-6542-4e63-b7cf-6657d867ba99,L3,Tweet
cca41943-6bc9-4c13-ba1e-db032f1ad63e,L3,Tweet
a635c223-3a6d-43d3-a160-6c5d26546776,L3,Tweet
887764d5-ec07-485b-9537-0a11a9924161,L3,Tweet
5594f42d-1e5c-485b-822a-2e8afcabd7cd,L3,Tweet
25e0022a-d9df-4751-b39a-c34b5eb24819,L3,Tweet
d3925b1b-f2ad-4c19-9aa0-c071c5ce6bc1,L3,Tweet
3d60efcc-1c65-4834-8ecf-721b127e8b41,L3,Tweet
0d8aa0aa-f78c-4572-a8e2-d6f084c17af3,L3,Tweet
6225ac36-cf60-4797-8c90-36a5a20edfd3,L3,Tweet
7b2e9c67-d96b-43aa-b10b-187fb8083268,L3,Tweet
39431c9f-a3e2-4ceb-94fa-31c6b1ed9460,L3,Tweet
3da3da84-02d3-4522-bb8c-f7cf74eabdad,L3,Tweet
0eb70672-c486-40bb-806a-dc4c60375e2f,L3,Tweet
0b9b50b7-9d28-48a8-9f64-ea947093ac48,L3,Tweet
f2a738e3-0b3c-412a-8a33-76d7885bd273,L3,Tweet
463cbbb9-456f-4793-9719-837260a9fa12,L3,Tweet
87e05792-b569-4764-8063-502f6ce2e59d,L3,Tweet
3bb492fb-fe5b-4540-a677-3dc8d0fed891,L3,Tweet
f7e1c798-cb8d-49e3-8a2d-74029e88dca9,L3,Tweet
fcd01876-4d63-4924-81e7-3758a3daaff8,L3,Tweet
657729d1-e116-4005-8fd3-ee56546f65af,L3,Tweet
10d75907-2560-4a97-a2db-e66973955d86,L3,Tweet
b6ba4dfc-98e3-4f59-bbac-48947ca5f741,L3,Tweet
702c0111-52df-41f8-b065-87f9da53a59c,L3,Tweet
29198463-ae04-41dd-a08e-6feddf883428,L3,Tweet
8f9e196b-3805-422e-bac9-603d729a23a7,L3,Tweet
b36b3d23-537a-4f74-b6b7-fb8008ce7ab9,L3,Tweet
bdfaf591-6f33-4eb5-b3b1-e56eedf55a62,L3,Tweet
ae42d903-b408-439a-9ebf-0fa5fdd7394d,L3,Tweet
e01152df-16a1-438e-b761-06527a1f829c,L3,Tweet
7830943f-18ed-4937-8117-96391faf9e22,L3,Tweet
e19a1eca-be1f-4622-a6db-bb67befeff63,L3,Tweet
bba31e4b-ef09-4759-8194-43542734b8e3,L3,Tweet
c4a9ddff-7757-4f6d-bac2-e20ce7570685,L3,Tweet
5edfaf8e-62fd-42e5-b050-4e554bd5f033,L3,Tweet
85e22d80-685a-4bbb-a7bb-e0b234914d7e,L3,Tweet
ac8a2c11-e73e-45c4-b145-7d848bbfaae4,L3,Tweet
82c30f32-7fa3-4f8c-91e0-d713c29a32d5,L3,Tweet
c6a6c8be-a429-405b-8056-bb0ec19e1ce8,L3,Tweet
44d4ae0a-aaff-4648-b175-29b70d63083a,L3,Tweet
d4d70ab1-eb1a-45e8-b74d-765518c14afe,L3,Tweet
c98a32ea-8de1-4893-9f88-b2d568e94364,L3,Tweet
e94a98ab-e68b-434d-8bd0-5abee49c0320,L3,Tweet
fa92c660-9799-4883-997a-f4737e316342,L3,Tweet
5de03895-ea83-40cb-b6b3-b14c5f1f801c,L3,Tweet
9081d0dc-2e9f-44aa-9428-6500e630d9f4,L3,Tweet
db643ec0-8a1e-4861-9035-d8d8705ab383,L3,Tweet
24afe655-b0b9-42a9-a422-d76e9340a055,L3,Tweet
504f0bf9-6cb2-4c7d-a0fe-724902aecc94,L3,Tweet
8ff6ae6b-9ecb-4385-ac78-073c69a9ceed,L3,Tweet
a96246ce-78ef-48ab-b14e-d963a548803e,L3,Tweet
97da8db9-4836-4e27-901d-7f5a70aeb33a,L3,Tweet
1b603d8b-6156-4878-b6ff-b78a7468f737,L3,Tweet
62a8ae94-6e9e-4377-8aee-aada355ca02c,L3,Tweet
e1233ff0-d0ad-4630-be79-93ff810c1b39,L3,Tweet
9987d991-498a-4579-9c8d-4c6fe0864739,L3,Tweet
a3af3e8e-5df6-49b7-934a-3493bbfe47f4,L3,Tweet
4264f71a-78fc-4158-a30b-f8cb3bb689f7,L3,Tweet
b1508f77-ebdc-4764-b59d-f9248b83c2fa,L3,Tweet
6046837b-7b77-456a-9e71-7208ad5d5201,L3,Tweet
2f9dcbe7-a859-401d-b076-3d795d1a2d8e,L3,Tweet
41b68c56-db83-4355-aed0-ac8019cdcfb4,L3,Tweet
1f400033-71c2-4edf-bfbe-0ebb781f5056,L3,Tweet
f31ba9ce-1386-4c83-8b16-4492a55eb5df,L3,Tweet
0fec7a4b-2305-432e-b360-48844dc44323,L3,Tweet
5438a4dd-40d8-40ea-b934-d33d9598a0a1,L3,Tweet
0c61238d-29e4-4b36-afc8-794bb4b37b59,L3,Tweet
41d1ad18-40b9-42f8-8a9f-4599c31b07da,L3,Tweet
f543a723-ee8e-48d2-82c8-fab72361b686,L3,Tweet
e16f26ec-1321-46c1-be56-2f5040b5ffba,L3,Tweet
b96c53e5-a8a6-40a6-8589-170094c7683d,L3,Tweet
7350b8ea-1bbb-4f14-ac45-0c579b3a47b9,L3,Tweet
e0258314-bb03-4385-b755-f40a76c445f3,L3,Tweet
c6975bdd-9dd0-4a01-869b-eba4ab5d04e2,L3,Tweet
2abe4dc7-9d60-457e-ba05-3f043628cbc5,L3,Tweet
d0f10e65-b147-401e-bc45-1634dc42d0de,L3,Tweet
99a7cc88-c302-431d-93e8-595232e7c259,L3,Tweet
36a37a49-c4c0-4469-b6bd-0d74ddf7fc9c,L3,Tweet
0972a7ce-971d-4e32-b8d2-33a9330aeaaf,L3,Tweet
edb24ea1-bb35-4e7b-9699-b8bc01521dc2,L3,Tweet
47451a60-85bd-4e56-b7bb-e330dfc2331f,L3,Tweet
c1eb4569-b284-4c97-acc9-48a7b30090e3,L3,Tweet
2fb1caf5-a64a-4b6a-afb3-f991274a9cb6,L3,Tweet
6318d2d5-0cb3-49a9-bbc8-b33e959835dc,L3,Tweet
f5095260-3658-4463-9877-4e7f3a10d1ee,L3,Tweet
3be298ec-05ec-4804-bc07-0462f3dc600c,L3,Tweet
f7c8a1a4-f629-4ab8-9246-96dddef08f44,L3,Tweet
de12094c-9ca5-4e02-95be-913d858bafff,L3,Tweet
59e77b41-ddd7-4a52-ac6e-645e367feda3,L3,Tweet
79cb2ade-97a9-4f78-b5b0-e0d9c449b3b2,L3,Tweet
c68de78f-7275-45aa-a340-d42fbf2ea0e5,L3,Tweet
ad860fef-b3d7-478d-87e8-aca88d0d2dab,L3,Tweet
ef3a9ffe-b3c4-4f49-9abf-0fa8e08f472c,L3,Tweet
fac5cae1-43a1-4030-9f77-67e6f825eaf1,L3,Tweet
3b32036b-73a1-4e93-8eb7-99c09963ca5b,L3,Tweet
2a460eaa-7bdd-4b85-9972-9340e9e6ad53,L3,Tweet
bb45c7c9-bacd-41bf-a095-2ec0734c9f7a,L3,Tweet
f3b59901-0b22-452c-b581-031ed8c40888,L3,Tweet
35e5057a-8de7-4151-b1d6-b2ce37fe1948,L3,Tweet
c3a3a261-a68e-470c-9d31-740563d7ea41,L3,Tweet
25ea1fec-ffb9-4bb9-b91a-242f49b1afeb,L3,Tweet
ef1bde99-3fd1-4652-b13c-1d9dd270774d,L3,Tweet
1ef8318b-67f1-445c-a7e8-d3ea39dc8898,L3,Tweet
a22da427-2289-4ba0-9cdc-fadc948d542c,L3,Tweet
48aff7db-1e6a-4ceb-b2d6-ba1cbcc0791c,L3,Tweet
91e438c5-29fd-4977-90fb-b030e06ea99e,L3,Tweet
7beea612-9ac3-4ef8-9f11-58fb45f1ee47,L3,Tweet
66499a7e-cdc0-4513-8d75-c2e6c8215b2b,L3,Tweet
93e7755b-f328-4019-8326-5ea15fd371a5,L3,Tweet
998c01ee-268b-4894-a882-c8c603a92283,L3,Tweet
12eb3aab-0e3e-4772-87d7-45c3b683f749,L3,Tweet
cdd4db3f-8681-40cb-af49-bb7f465d3aae,L3,Tweet
79813786-a6c6-44b3-bf01-4691ed3dc270,L3,Tweet
a84aec51-8d91-4d28-bfa1-8e4978762a23,L3,Tweet
0a648f78-72f2-41e6-bebc-bb88ab9824d4,L3,Tweet
63881f57-b13f-48e9-89e0-e498432ac2d6,L3,Tweet
f6f9a9fd-0cf7-433f-ad72-837acc6aa047,L3,Tweet
d061947d-c109-49ca-bf16-bd339bb72df5,L3,Tweet
41af2fac-6d63-4237-9795-fa1d9d4ee4c8,L3,Tweet
2a008513-fcf1-4708-92a5-f6c483b1607c,L3,Tweet
308a3b50-1628-4dc1-a854-f256e06f891f,L3,Tweet
62363bc6-9815-48e5-9c03-0a930ed05454,L3,Tweet
0f876e91-6d9e-4848-8c67-0ce7338ad854,L3,Tweet
b1f5d0d7-816c-48c0-85dc-22f290d24c12,L3,Tweet
f5b738a4-0710-49cb-a7c5-1e481256eb23,L3,Tweet
b7bcb806-495a-4ed0-985a-eb23dbda397d,L3,Tweet
ad288cb7-dfb1-421d-b089-d2aea773a9d8,L3,Tweet
b24222b8-3de4-478f-8fc6-d8d843ed0591,L3,Tweet
190c34f1-897f-4e19-8b64-cb6940cb98ca,L3,Tweet
c757e5f2-af76-45bf-950f-1607c0d035e0,L3,Tweet
992e41c9-5725-4a99-989b-9c92d391e931,L3,Tweet
9621b95d-235f-41d5-a5f1-163598e8d0de,L3,Tweet
f0a9df9e-e33f-4f7a-861a-0300fac4db0b,L3,Tweet
c6b87547-923c-44ed-8778-35a93c48c814,L3,Tweet
23cfb7df-ccb7-4894-a8f1-225a0ab23d8c,L3,Tweet
ee0a4771-74e7-44be-b8a4-689637240b2f,L3,Tweet
cd4db000-fa93-4ce9-a559-ec794e143b5c,L3,Tweet
ecec61ac-24d6-4f7c-8637-f279b15a3ba7,L3,Tweet
46362b0b-8138-4148-9b66-99519d169a7d,L3,Tweet
6649952b-ce98-412c-ad22-ba58e47a5ac6,L3,Tweet
1068b853-5b8a-4d59-80ac-47b7e6897c1c,L3,Tweet
348dca86-cfea-4487-b7fd-32a7eb899352,L3,Tweet
52260690-efd6-460f-959d-39fb608d5ad2,L3,Tweet
dc685822-5811-4d13-8ea0-c414da366535,L3,Tweet
2c534470-c03a-4720-bf37-454637536e0a,L3,Tweet
dd9b04ff-bbe9-4e43-b782-88665c2380f4,L3,Tweet
63ce8814-5950-42ba-9626-6cd6ea05710a,L3,Tweet
a481dabf-a4dd-4de2-ad14-a3fb41df1bc8,L3,Tweet
f8abb0d1-76c1-4546-b1e3-fb4c969b7b7b,L3,Tweet
1c6b6ff8-4698-4a0d-8511-3149f195d1a1,L3,Tweet
5a75dee8-c82c-4473-b06c-a245ba3bdec3,L3,Tweet
b71a1a80-63f4-462a-bfc7-44b43c8e2abd,L3,Tweet
0ae3a763-ef34-4f5a-927c-943b8e1ff2ae,L3,Tweet
19879e73-8095-4cf3-b293-39c89c9d62d5,L3,Tweet
d59ac5be-e1f2-4736-9992-5da93715850e,L3,Tweet
7d91bbc2-3cbb-44d8-9edb-a0806b3cc7ba,L3,Tweet
36e8f61b-c98b-4b1f-bf87-ad8ece036515,L3,Tweet
fa1bbf3a-54ff-4405-ab6c-ff1344eb64ed,L3,Tweet
0a9dbfe9-4596-4d49-8f9b-32277290ae87,L3,Tweet
f167f704-5853-4d60-853d-50ba883548a2,L3,Tweet
5cfbb798-d9e0-47e0-bbe2-79328ba1652e,L3,Tweet
a1702830-e965-414e-9fd8-ec316ad2951e,L3,Tweet
d6d20d8d-0069-4c2e-8762-040bba92dbaf,L3,Tweet
97e177cd-67b5-4fd3-a8eb-72eb13177d7a,L3,Tweet
011c06a1-8d68-440c-ab2e-a651c313b94e,L3,Tweet
8bdc4d20-6c9e-4e20-9639-efba2fc01224,L3,Tweet
a09eccaa-735b-496b-a197-72c11d661ef0,L3,Tweet
ab26c102-f2b5-459d-b3c5-0522d72038de,L3,Tweet
abee2401-c537-44dd-8d89-1133291b8384,L3,Tweet
fc9196fa-def8-4272-8309-110c5e0566f9,L3,Tweet
7fbaa1c3-904a-467f-b1fb-b35b666d974b,L3,Tweet
6a5e10a8-5b93-4746-8faf-60bc23da152d,L3,Tweet
75ff3ecb-c5c9-4a34-9ef7-c49c2129b242,L3,Tweet
861eb35e-bbc6-4610-9b3b-8a71562a0ea1,L3,Tweet
f42cf7ce-3420-4b96-8598-dfb3e5ea6d70,L3,Tweet
8eac8bbd-7459-4b01-81e7-a0bd5c05893c,L3,Tweet
20d776a7-6d4d-4b16-af26-1b061e358c3c,L3,Tweet
805af87d-4a82-4723-860c-f8a1812faf8b,L3,Tweet
507d9473-466f-4b37-9610-770d87924aac,L3,Tweet
a0ef5605-2523-4180-bc59-adc047aa9154,L3,Tweet
3b17b882-9d98-42c0-8426-09adeb7c40cc,L3,Tweet
934b8dea-78c1-401b-b52e-192390172ec0,L3,Tweet
f7e43e72-91d3-428d-b6a2-cea20a4d75ad,L3,Tweet
4839a982-5979-43b2-9b85-e07e0032db0a,L3,Tweet
31483799-0eb8-4b0e-ba3f-605c3ea98b78,L3,Tweet
264cb7d9-b00a-4098-94ea-91f0802a5533,L3,Tweet
e4d87ac0-8502-4a50-8531-fdf3daf44d32,L3,Tweet
5627cd93-bf29-41c2-95c6-1d15e2b8087b,L3,Tweet
20e16e8f-a846-4983-ba9a-80e77582856c,L3,Tweet
5b55fd0d-baef-45da-b492-ee7e8c918726,L3,Tweet
13d9969e-1d94-4642-81dc-c2977fa8ccb9,L3,Tweet
4432c547-753c-4b4d-8361-56fc95cf1458,L3,Tweet
1a94d536-1495-4e87-9768-3f8226736e34,L3,Tweet
f8de506d-1b0e-41e7-ae7d-fa48eeddde8f,L3,Tweet
e003a0bd-870d-45e6-8300-0e6712c6143c,L3,Tweet
1bf85d7d-3945-4b4f-bf76-89a8045aad92,L3,Tweet
d39d1040-b741-4b7d-92d8-c916fe9261f1,L3,Tweet
917428ec-2cfd-4ece-9e60-bbe78aaefd0f,L3,Tweet
4e3ac872-5637-4293-8c90-58c861a0c18c,L3,Tweet
7f98d307-359b-4545-a507-8a64906f89e5,L3,Tweet
88860925-a4b3-4208-a208-ffd79f2009d5,L3,Tweet
9c9fabe9-d858-4297-824e-8b7a071f03d3,L3,Tweet
4b25842b-88c2-4a73-92b9-cae2f2d757a5,L3,Tweet
f11b8282-988f-4ba2-9671-abcbea93cff3,L3,Tweet
f25ff17e-40f5-4e22-b1b2-8e0d994ac673,L3,Tweet
89b5029a-cdb7-42a3-80f1-b7cd2574c67e,L3,Tweet
0a02d6ba-7276-48e1-bfbb-522b9b69997b,L3,Tweet
4d80d264-e227-4191-97f0-f18241b44362,L3,Tweet
250f3c3e-f200-424d-85e8-610e9fb45da5,L3,Tweet
3045ac15-1881-4b57-9af0-fac5ccc97e25,L3,Tweet
f9c315f6-d25b-48c8-8ef5-b4153cf398c9,L3,Tweet
4ee7082a-254b-48e1-afa7-4bd007a647e2,L3,Tweet
e734951a-cd91-4cdb-8659-d5cafcaaefc6,L3,Tweet
d5e632a0-75ea-49df-9e15-703ae0383274,L3,Tweet
bad9d554-d658-4668-823b-fd3fb4058f20,L3,Tweet
fd5f82fe-57a0-47a4-9253-3c351413d039,L3,Tweet
a6d74dca-d9e2-46c0-80d6-93ee42a3cd82,L3,Tweet
d3707592-9727-4ec4-915a-d0914f9c470e,L3,Tweet
95a7174c-707a-4831-8566-01806a4f41ce,L3,Tweet
a11c62e6-8fb3-42f1-b9c3-016f64b383f7,L3,Tweet
bf44d8b6-df6f-4924-8def-66b7bcd79c36,L3,Tweet
d2ff1d47-d862-4b09-8278-ae3efa20d53d,L3,Tweet
6ebf187a-2afb-4501-96bb-bf1e77acd59e,L3,Tweet
eb07dcb9-9768-41d3-91cb-5f16eca22a37,L3,Tweet
02e9f6ea-3f51-43a3-bd9e-babc5bf7b1a1,L3,Tweet
218a9d87-846e-45ea-89d3-777b7a7200c2,L3,Tweet
8d47a54b-e532-46a3-abae-e6dae5517b27,L3,Tweet
b48931e2-326d-4e20-adde-76530587d84d,L3,Tweet
11a848bc-239a-446f-aba4-2e1f81b809cd,L3,Tweet
2834479c-ba78-41ae-b3f0-8499ed9a394f,L3,Tweet
ed813440-608c-4382-b558-d1f899342f3d,L3,Tweet
68bac324-8cd7-4fd0-baf6-93d5f9676fdc,L3,Tweet
d0ddbc56-5f8f-4726-8ed5-42d048337cd8,L3,Tweet
f8983395-cd36-4c58-a089-f9e2e13cdddf,L3,Tweet
d16dec8a-bbb8-4556-bff3-1c3d095978c1,L3,Tweet
5653c49f-beb8-4914-b0b6-47e291eeaf9d,L3,Tweet
f6adfe45-3181-4482-8dc2-8ce4eba14fb3,L3,Tweet
493570b1-78e1-4993-8390-d55b5688fd6f,L3,Tweet
87dba17b-ba46-40ce-8d9c-46234d1160f1,L3,Tweet
79e230ab-ad81-4619-83a5-4384b1e21d9f,L3,Tweet
23d9c415-e47a-4e17-a1fb-dabd1f9ff9da,L3,Tweet
910a2d9d-3238-467a-8ee1-39ea787bb79b,L3,Tweet
7bccd52d-4b01-4632-b54f-543252a8412a,L3,Tweet
8cb19365-0b9d-4261-94c7-0c1b84a9e2c6,L3,Tweet
af76fc60-eda4-4494-8f52-805447120cec,L3,Tweet
10ce1347-b9da-4484-9b3b-f3dcf8c10446,L3,Tweet
7411c153-9c5f-4f2f-b4f5-7064ef88a42f,L3,Tweet
2a553fbf-f82c-4f23-83e4-738b60a608f1,L3,Tweet
5e7234f3-1932-4e62-98b5-d152dd3d2f92,L3,Tweet
4a1a144c-c19a-48d5-a885-727a017a0fa4,L3,Tweet
2966a951-e535-4e25-9c28-56ea382448fa,L3,Tweet
dcd75942-c34e-4830-8f9f-a417ea73da60,L3,Tweet
f3c27941-3aa2-4028-b59a-fe1d85f63e63,L3,Tweet
83e4cbb1-5814-42a3-9f5e-415bd4fa8d57,L3,Tweet
5ac88442-390a-431a-9607-834dc79736f4,L3,Tweet
10c87910-fb4d-4887-b3e0-d6851a41142f,L3,Tweet
cf290b19-5dc8-4bab-bf3f-6912e57fce6e,L3,Tweet
c870a565-2d53-4471-b2b2-90efa395f70d,L3,Tweet
f870e5f8-9f38-4bc4-b6b1-f220241b63a4,L3,Tweet
9b44bfd4-a621-40d8-ad32-1e30369c6119,L3,Tweet
0b06fbc3-f5e0-4ad6-ace5-1adfd623af4e,L3,Tweet
1c46a377-3aa2-47b7-812f-66ba2f2f440b,L3,Tweet
f812d043-0df9-4eab-90dd-f9939513dfc3,L3,Tweet
1351a1c0-d08b-4c52-8d8b-f7f0640ea883,L3,Tweet
b37c3a34-a2ec-4cad-a98c-fe4cc9ad01e4,L3,Tweet
22f1c873-2768-4dbd-b8e0-e993ab21f59a,L3,Tweet
1cdfde1b-9177-4098-a984-d9cd110426e5,L3,Tweet
b20744f5-d6b9-4e5d-95ba-627104398526,L3,Tweet
d638d5e4-ea68-4f95-9aa8-39ec49a53827,L3,Tweet
7920f95c-52c2-4d8b-89f1-db7619be8cf1,L3,Tweet
5780a607-fa32-4a6c-b1cd-50f773a08695,L3,Tweet
c45c30f3-7404-4c64-8584-33bd7c35b964,L3,Tweet
2605957b-bc84-40f3-99e4-71a3de5bc44b,L3,Tweet
d8a2fc96-8d9b-4b5c-91fc-b4a2cde1b224,L3,Tweet
669dc1ed-71e0-4b20-b259-20c1ca233c00,L3,Tweet
c9fd74ac-ff5d-4b84-8df1-d98c0cbe8270,L3,Tweet
37663aea-99f9-40d3-a976-1b7e08c3e5ec,L3,Tweet
3dceadd2-b0b2-43bf-b4c5-9582f60c77b3,L3,Tweet
b1bf2a31-d16b-4b3f-871a-0e23d2847a85,L3,Tweet
6b6e5ccf-7225-4768-9fb9-e569d55c13c4,L3,Tweet
b41072ba-1b11-47b7-a42c-d30bc13d5f62,L3,Tweet
5d70f4d2-c717-4aec-a7d9-c01da6daa827,L3,Tweet
ca28f758-5284-45f3-8d1b-7fc4a50a90aa,L3,Tweet
69d95f3c-00ae-4623-a482-809e92cf443e,L3,Tweet
d142be8b-a82e-4a84-a89f-5e782b335377,L3,Tweet
d6f410e6-40fa-457c-b7d6-8f0ce3da0394,L3,Tweet
0540218f-e413-40c3-8359-b0644dc3ca5e,L3,Tweet
a40beeff-f73e-4819-889c-a736f228f17b,L3,Tweet
2d8ae296-3f33-4e72-aa19-e20439172178,L3,Tweet
a9e1c912-7fd6-4d0b-b29c-27d1f5af32f1,L3,Tweet
17f1de71-50a0-4812-9935-8145da367607,L3,Tweet
fc12505e-4b54-4220-bfde-c6e6532b7136,L3,Tweet
707d7c9d-4803-429b-876c-ed8e300766aa,L3,Tweet
c9794385-900a-466c-80cf-d685fa8b6c0b,L3,Tweet
62d9e667-da16-4d14-b6c0-8567cf2d8faa,L3,Tweet
d117ac40-8875-4452-a485-46bc0bba39b9,L3,Tweet
4d0a8c65-cd32-4c07-a270-291acea5309a,L3,Tweet
5f474ae8-a773-403e-bbc2-889fb30c7582,L3,Tweet
01d4f031-ad2c-442f-baf0-0f37bd916d9b,L3,Tweet
2108c93d-3bee-4866-8edd-cdc2a7bd0b9e,L3,Tweet
75d98362-6318-4d18-a75e-50d26f3c95be,L3,Tweet
820dc9e9-ef68-48c9-a4a0-031856a79de9,L3,Tweet
1e799075-272a-4e86-b08f-9696d27191fe,L3,Tweet
8f4bc16b-a86e-4418-8dc8-92496bef50f5,L3,Tweet
53a1f93a-df6c-496e-b00e-d6eb916f1493,L3,Tweet
d29e5881-3ad3-47a3-9a43-5e327688f123,L3,Tweet
aa112c16-6c37-4bef-83e6-e96ce5ab9bdd,L3,Tweet
8c757625-a8fd-475a-8ab1-d715d5bae642,L3,Tweet
81b9b31e-fb15-4522-84e7-fc02d8e7214c,L3,Tweet
83197d22-1c64-4fdb-aa09-94e5f088360b,L3,Tweet
d5b3ead0-558e-4bf4-bbf5-1f4b68d8e38f,L3,Tweet
839dff3a-2a2d-4fdc-b0ec-7b3b2115fb5e,L3,Tweet
0257ba76-3f41-4169-86ee-8c163a885fd5,L3,Tweet
589772da-6859-4fdc-b8b9-b7f6784e8629,L3,Tweet
6ecaa76e-e1ae-42a0-b201-370629622345,L3,Tweet
518212b6-d4e3-46ed-bcf8-fcda4472dbac,L3,Tweet
893b5a69-15b8-495e-997a-aacb1415856b,L3,Tweet
b5f91972-b847-47a1-b4b3-341699030f2e,L3,Tweet
4fe59b4c-f9b5-4598-9742-9470f0a635fc,L3,Tweet
38c9a579-5613-4ff8-9014-7db803a3425e,L3,Tweet
7f3a5405-909e-407b-85f5-ba842249b394,L3,Tweet
7b62484a-5333-453f-8438-45d6ebcfb5c7,L3,Tweet
43893de1-2be7-4a31-a26a-8dad82e57747,L3,Tweet
90fe3bf0-787c-4997-993e-8d92d73568da,L3,Tweet
14b05449-fe0e-45a4-a0f7-bc69faa5dcd9,L3,Tweet
ce052ec4-87db-4fe1-95dc-d7c0340ae289,L3,Tweet
6035b433-eba1-4473-a930-04bc7e29d953,L3,Tweet
d4258bf6-be8e-4a9c-8d1d-62dbb386d9e9,L3,Tweet
81c1ba5c-4a8e-44cb-ae1c-5d3e69851dd1,L3,Tweet
d6e2929d-b458-466f-954c-8da3873ece6b,L3,Tweet
eff90e9b-bd96-4d35-a3d1-4c0ee8c16f03,L3,Tweet
506a8f93-40cf-4c3f-ba6d-a739f0505841,L3,Tweet
ccdb40fd-6854-4432-a4a9-185a9f8d9b3e,L3,Tweet
fbf694b5-dffb-4eab-a229-1e24739fae46,L3,Tweet
a6a3509c-4fbe-4a60-91e2-021003df65f5,L3,Tweet
62429f68-a90a-4751-9533-5a2a21029ca1,L3,Tweet
3dfc0911-ef30-48a3-9f9c-ce2b829a254b,L3,Tweet
cebdc0b0-fcdb-4da4-9680-31a8588ad530,L3,Tweet
e0d8af18-6f5b-4aba-a670-d3cadbcdd0d0,L3,Tweet
7ba8b73f-5fda-42f7-9fe0-5e8f56d1c3db,L3,Tweet
9bd908cf-5eb4-4d1e-a016-3308d75d151a,L3,Tweet
b555e65b-a25a-4fe1-ad52-09815652518f,L3,Tweet
592148ac-f39f-4b4e-96ee-ce0705ddd60e,L3,Tweet
4bf62a60-caf7-4c1b-bddb-6b64eefaf7bf,L3,Tweet
affd3a96-d462-419f-a043-5a30e519f9b7,L3,Tweet
30de826c-dcf6-47f9-b62c-6ec254f3f28e,L3,Tweet
5d0a31df-f66a-4247-84c3-61a3d860d36d,L3,Tweet
72697aab-9016-46f5-b903-855e3d4c8d5d,L3,Tweet
298c8d5c-24bd-427c-83cb-3fe4bdfa7de0,L3,Tweet
7329d774-5df6-4f6c-8c04-65688aa2bd61,L3,Tweet
62b89f87-3be4-451a-950d-016d63826cee,L3,Tweet
3a27e0e5-ad4d-40ef-bc29-8f2e241b1a77,L3,Tweet
7f4ee1a1-4f7b-4ab7-881d-93acc670526d,L3,Tweet
f8eced32-0c1d-4e14-a6f6-71dbdac6a421,L3,Tweet
cbaa3824-395a-4b6e-83e0-cad0b525a799,L3,Tweet
b76def82-9cfb-4e47-87a7-d2bc38e2853d,L3,Tweet
53966a51-36dc-4681-814b-1f3cc0ed03b9,L3,Tweet
f39b7fd6-8f28-45a2-bf79-3d87642f2a15,L3,Tweet
47adbf44-a20b-4df7-ade0-5a681419bc55,L3,Tweet
39b1f033-f5b6-4668-afe2-5c6bc3904a76,L3,Tweet
c81344c8-18f0-4749-b5bc-bc958d9cfb9b,L3,Tweet
b1ac1bbd-ef37-4d32-b80e-645439460189,L3,Tweet
c3896b2d-178c-4aa1-b437-a36c852cde06,L3,Tweet
ecec01f4-95f6-4bf3-9e0a-6503a11212f8,L3,Tweet
fd6a728d-c7d8-49d9-94b5-429726dcabdd,L3,Tweet
213e8b5b-4281-4f50-9df6-4ee4e96bffda,L3,Tweet
0aa0e821-78ed-42b1-95b4-ffde75e923ff,L3,Tweet
f491c75d-d1f2-42a9-a954-d67c4611f91b,L3,Tweet
47583acc-27c1-4d58-9a57-6edd8dc1971a,L3,Tweet
7dc6656c-6633-4635-8093-51b1c3bc95da,L3,Tweet
d20c50fe-d72e-46e3-b5f1-3a3c1b0fac8c,L3,Tweet
0891c480-b547-4890-9dd9-1b2e7e4f5ad6,L3,Tweet
d7b0e25e-e5df-46de-9791-0c5e4f50d7bc,L3,Tweet
c561ae59-5d7f-4c55-a3a8-caca217076c8,L3,Tweet
c4b54627-b973-410e-a618-e70eead5647c,L3,Tweet
ccf63d2b-2251-440e-8617-65ca902d863a,L3,Tweet
8d1a3692-a8f9-43c5-9a42-c9bee5ec4ab8,L3,Tweet
229efe81-e1cc-4482-836c-9bb02fb691b9,L3,Tweet
6655dc97-3ca1-49c9-b43a-36bb8c6b7bd1,L3,Tweet
54c87242-76e1-4189-b8bd-7fb251fe923f,L3,Tweet
e86a4527-9215-4f97-b2be-05e4b8ba96c6,L3,Tweet
5539e6a7-5421-49a6-8204-3caa2b2f59ba,L3,Tweet
96b0b72a-6f03-4b4c-b8c3-6cd29b579554,L3,Tweet
db3b2064-6716-499f-9231-9cb8f68d6c28,L3,Tweet
2dc41bf7-cf12-4852-9103-8b9ccdc4a996,L3,Tweet
ec829c1c-f9ea-40c1-8b61-c6695af3d86d,L3,Tweet
d638f3da-6fe2-4a32-928c-4133107cd6a8,L3,Tweet
4d35b000-ff5e-4189-986c-f8e82f06e680,L3,Tweet
254db7c1-e389-42fd-916e-0836f3443a13,L3,Tweet
25ec1fe1-9dc2-428e-90d5-6888d48db21d,L3,Tweet
505ef168-8dc5-45cf-8541-fd69ade598bb,L3,Tweet
1e4bcd18-bbfc-4dbf-a622-558fc1d7ce5d,L3,Tweet
d8152eb1-5303-405e-bfae-395b378e78a3,L3,Tweet
298b2a08-29ee-4a93-9941-183775a76ffb,L3,Tweet
c8dda13a-1b4b-4813-95c7-ca20e2cd0d4f,L3,Tweet
f9ebd491-0857-46f4-a005-acb8a5e96c0b,L3,Tweet
f16d0eca-5fb9-4276-a804-3a30f21f1dcd,L3,Tweet
31961d70-471e-4c57-840a-2c075ee3d611,L3,Tweet
e5b25585-10b3-42df-8fb7-644fdc45de2b,L3,Tweet
681d3cda-fa27-4b41-b3a3-04fc080328b4,L3,Tweet
cc6315a7-1b13-48c6-81b7-4d2b9e23c542,L3,Tweet
dd6c0445-a6ff-4449-9a01-0bcf6d5b54a7,L3,Tweet
76e0add5-fdc4-4baf-a1e2-c86b0887fe0f,L3,Tweet
7dd975be-8a26-4520-beb0-30e1cbe52383,L3,Tweet
7a61f109-ea8d-4768-b652-61305d60a82f,L3,Tweet
8240c58a-2691-44b6-aa94-1d61bf226cb9,L3,Tweet
6f5e5815-3321-4792-8f6b-0e8188492910,L3,Tweet
f7f6264d-6249-4372-bddf-d999352b71cd,L3,Tweet
bd9ec16e-90d2-4e5d-b37b-3e2439b47abc,L3,Tweet
6759abe8-f95c-4b4f-9de9-beab29e51a2f,L3,Tweet
04e72f97-6028-49a9-b4fd-b52bc607f492,L3,Tweet
43de8f5e-f7db-4f31-8980-eb02726449a9,L3,Tweet
463a610b-ecbc-4d6b-89d7-eb60a2beeee8,L3,Tweet
79b95a83-60d5-4aa2-93ea-54353760104a,L3,Tweet
01c6ea73-4391-47f1-9ddd-5fe28f441f4f,L3,Tweet
baec178f-f532-4cfe-87be-25e1ed0da9a4,L3,Tweet
e4cf9187-cde6-4336-aa0a-185ec6e82ce9,L3,Tweet
1e3e6585-9649-415d-9d1f-7d81ddd1a8ef,L3,Tweet
fb90ac8c-8e27-4629-8356-65492f6eb959,L3,Tweet
653bc2c6-7e92-41db-9b42-27efdbf94469,L3,Tweet
a7d892c6-d14b-4173-8c16-0cedbcfd87ae,L3,Tweet
f17f152f-dfef-4882-9e7f-d9adc49994c3,L3,Tweet
85a7a9a7-cc5d-4896-a25e-2a0f08dfc06c,L3,Tweet
0d5fe495-b3d4-4363-a616-6b2c173c4750,L3,Tweet
f9b81bf4-40cb-4b4a-977e-f3de64ce755b,L3,Tweet
f6cd5542-8bc6-4ffb-9cee-4f88894910ed,L3,Tweet
7037bf92-c535-4bd1-a3f3-d285e5ba608b,L3,Tweet
6f4ccee3-a103-4442-bbfb-2418231b67d0,L3,Tweet
f29f62f7-aaa5-4d59-b3d3-cefb1ada25d2,L3,Tweet
160fb89e-678f-4b9c-acba-986b9c74f294,L3,Tweet
c96cb846-9228-4bac-966c-750fa2c7d604,L3,Tweet
93336f6a-76e3-4470-be1b-c50b2f9985b3,L3,Tweet
83a2f07a-f534-412b-8649-6bd0fe53674b,L3,Tweet
ca3c1b00-d803-4804-8783-a168836b6b7c,L3,Tweet
bef1bdba-fd45-4986-8f04-6a39a6b504d7,L3,Tweet
bce2fa03-0c17-413b-acd0-757852e98915,L3,Tweet
9866fd76-4d54-46c0-b1b9-23b95c16ce5d,L3,Tweet
ba942e36-a70b-40aa-8e61-691ae5a7f960,L3,Tweet
955f0846-81bf-4e02-aa20-663a3d3bb5c2,L3,Tweet
af1f6c98-d6bf-4de2-88ba-ee05c7fb880d,L3,Tweet
07cfa5ec-bf23-4990-acee-631555d53b3d,L3,Tweet
ec5ec2fe-dc84-465d-a154-19f7a66840ce,L3,Tweet
14732435-e26d-4b69-a3c4-f60336b7a763,L3,Tweet
b645d3a7-2a01-41a6-b651-af5f9ed8d380,L3,Tweet
b9e9bcef-2316-4894-89d0-71000d7e1a6f,L3,Tweet
62992b51-7df1-45bb-81a4-5c9fcc3e34cd,L3,Tweet
b8288ba1-0686-45b4-9d12-d3da89e76cec,L3,Tweet
f75b5187-9b8c-42d1-bdab-63f24bb5016c,L3,Tweet
9f6b41e0-6e63-4636-9f48-57e464ee3e18,L3,Tweet
66c87968-0570-4c6e-a555-ab00a8f4f527,L3,Tweet
e2c3d285-ecc2-4091-b79a-248ddc64909e,L3,Tweet
66f35a5d-6e84-4ca7-b29d-0d291dfdef65,L3,Tweet
4fbb202e-754f-40ce-86f5-0dd9f070554b,L3,Tweet
cdc0191a-facc-4860-acbb-e6f432922129,L3,Tweet
9becfd80-1159-4281-acee-560bee829c23,L3,Tweet
474bd899-8273-432c-8847-9d78c213814b,L3,Tweet
7c56fa5e-e0b8-487e-b26e-3c499544e000,L3,Tweet
10bf0e14-d96a-4c1a-9f30-0c77601d1f32,L3,Tweet
8e88b054-39f0-45b3-9f20-9838ef46586a,L3,Tweet
da82db60-59f3-433d-bb29-ac1551313f6e,L3,Tweet
962b3ba1-54b9-44e5-9499-a8d44da41e54,L3,Tweet
d9f66f57-ced6-4c20-87ce-ea54618e4be7,L3,Tweet
d2d1c7a3-b6a0-411f-94ab-388d75819063,L3,Tweet
cafeae9f-6224-4fb3-bcff-aaad258dd29d,L3,Tweet
7af80754-b7b5-47c3-a822-389f66542306,L3,Tweet
22d6b332-9727-4236-99f9-a0085bed08b9,L3,Tweet
862d0bdb-b28f-4a8e-9085-e1770b3cc8a1,L3,Tweet
4ac84e6e-9444-4b3e-8209-29eb36cfb40b,L3,Tweet
6291614b-b093-45ff-b89e-8a2b0cbd39e3,L3,Tweet
725e5688-4040-477d-903a-ab4b25081773,L3,Tweet
a10d0d13-274f-4a31-b569-509f6484fec2,L3,Tweet
114c6492-3622-4a4e-89c8-c381bcd9a717,L3,Tweet
092bb40e-143c-43bf-952c-43067c2711ad,L3,Tweet
5c77c083-e9b6-4304-9d35-6c90819ac2fa,L3,Tweet
2b019ab1-eb13-4722-af71-3a630bc7d233,L3,Tweet
0edf64e1-2f61-4dcb-a1bb-4e9581b53614,L3,Tweet
d2efdcef-fe23-4329-adf7-ba6d2fb09fc3,L3,Tweet
fe294978-28a3-460d-8840-89211e2a99c8,L3,Tweet
affbb3af-9cdd-4f57-8bfb-093b99062df8,L3,Tweet
97f8e38d-9d94-4577-a5a9-8446bc1f1aa9,L3,Tweet
bb3f4c8d-23d4-4e7d-a099-75245596a890,L3,Tweet
4c0ce3da-19d6-4b1d-992a-7de9100bed70,L3,Tweet
e36e4750-8cea-4445-81a4-9eeb01d2fae9,L3,Tweet
8a61cec9-55f0-4437-9c05-73681e45cda4,L3,Tweet
3174516d-5b3a-41bb-b305-0bc4bcd8b764,L3,Tweet
40b4d8be-8539-40f8-a579-11001e275597,L3,Tweet
174ce0c9-1787-4cf5-851f-f6bcf5425d73,L3,Tweet
4a8b60d5-b1ab-4c4b-b3d0-0381bf3bba84,L3,Tweet
2c538803-636a-4c04-ad19-fef206e471eb,L3,Tweet
01fb0a38-f6d6-4a4d-b186-5ce4ee1b146f,L3,Tweet
1f63d2ec-9f49-4dbb-a0fe-5a3a36ac14b6,L3,Tweet
38100666-ff47-4b0a-b620-eb69af4b64dc,L3,Tweet
8fb38fbd-9c00-4f99-b776-93e02899ed86,L3,Tweet
65126063-cd7e-4d71-ae85-b6f2ae7c1700,L3,Tweet
c485b310-7cfe-4c26-999a-75ba297eacdb,L3,Tweet
975f9cf7-2376-41fd-9b0a-703836abd439,L3,Tweet
cf072e7e-fc7d-49f5-9858-8572c50f7ca5,L3,Tweet
86043a9f-a185-4334-a076-35a34b5c3262,L3,Tweet
3c0efdc7-6d9c-470b-9b7e-2cae3626fc04,L3,Tweet
56beeef5-dbaf-4b03-8d71-1a7af3194079,L3,Tweet
e4acdb6d-72f0-4afd-a406-6b1d3fd61436,L3,Tweet
b480e08b-fa65-470b-9180-521f6010504d,L3,Tweet
75b51eff-155b-4625-b967-cd92799daf98,L3,Tweet
2401a682-d7d9-4ffb-b0a4-f3f1b01a00e0,L3,Tweet
e044e930-c222-4b61-997d-db733e4a764d,L3,Tweet
4d5c0bac-440a-4392-adad-e2638049ebbb,L3,Tweet
6789058b-d5eb-40fb-82d6-b0fadd386a2a,L3,Tweet
9b494e2f-dab9-4742-ac16-f6f11729df70,L3,Tweet
fbc526dd-6112-4582-83f6-66d765991892,L3,Tweet
43968212-0989-431d-901a-047632285595,L3,Tweet
f8787a68-0469-4a4c-8686-12863e465d56,L3,Tweet
5646ff8e-4fbe-434c-a1dd-2c7c34b45ce6,L3,Tweet
76c7498c-6b7e-4fa1-aa71-1a10f98c42ca,L3,Tweet
064aad1e-76fd-427e-b0a9-6927d29f3007,L3,Tweet
f0c72ded-d83a-453e-934e-36b7f516a579,L3,Tweet
2e284c88-88d5-4439-9e7a-3fb4d5e00934,L3,Tweet
1e40b214-6f38-4dd2-b3d9-2179f27b2ead,L3,Tweet
eaad90aa-9457-4b84-8705-a72a32567799,L3,Tweet
62ef7021-ad19-4d9c-ba2b-af0d82b3d4c9,L3,Tweet
edc7378d-d2fb-4a34-8e12-95cfbf256d0b,L3,Tweet
9338bced-b10e-4033-8491-fbbedccf727a,L3,Tweet
62659867-a65e-453b-9e82-927971506e60,L3,Tweet
87d41084-ade9-463c-ac4b-9aa218b1ec5d,L3,Tweet
053fb137-4048-4c64-9dfa-65a444beab92,L3,Tweet
47435c97-0d6d-449e-a705-38aee9eeaca3,L3,Tweet
cbab8937-680e-47b3-bd41-59681fc73782,L3,Tweet
a6605377-78c3-4343-821d-833f42fdb2c7,L3,Tweet
6b1347c0-c6e8-426f-b26e-469f0c726356,L3,Tweet
f4908089-3b82-4b04-ae34-917a55763562,L3,Tweet
4244a791-780b-4fcb-9b0a-dd70b3461b66,L3,Tweet
a6f9c05e-a499-42cc-aa2b-17d312a777a2,L3,Tweet
cb2f0dca-47f2-45ef-8b3f-b33b8e4d4756,L3,Tweet
b084b4e8-5ca7-4b76-8650-b5cf197d030d,L3,Tweet
856165c1-20d7-4f22-88d0-15057d1316c2,L3,Tweet
b3f25ec6-8efa-4dcf-8ba8-4429e56ae863,L3,Tweet
bbaa8eca-0663-4e84-afdf-1d58255017eb,L3,Tweet
ba7f8c96-e618-4b71-bf02-94bf1a2d251c,L3,Tweet
33f087e7-a378-47c4-9756-a14296defea4,L3,Tweet
9cb745b6-9775-4b2a-93aa-451c5f046f75,L3,Tweet
28e997c8-5d71-46a3-a203-9129887825ec,L3,Tweet
e7e4a50e-04f2-43c2-82dd-764647b09214,L3,Tweet
4bb0553f-fce7-4278-a093-56a8d7c8adfc,L3,Tweet
c3c023a0-cda3-4a79-bc53-2a10374fabe2,L3,Tweet
7340cfba-fbdc-4d73-82f1-3aec0ef6090a,L3,Tweet
f79e80cf-0cd5-4b79-aec8-380d08af5c51,L3,Tweet
7f0b5482-a4fb-468e-8f9f-cc4de2edd90b,L3,Tweet
131ae554-48be-40de-be37-63eb96bdfa1b,L3,Tweet
656421e9-fa32-4fbe-8b5a-67a4646fab45,L3,Tweet
6877d9f7-5c9b-4d16-ae7b-1c7691d91e6a,L3,Tweet
bd858d86-4324-4bed-bfb4-ef745934344c,L3,Tweet
b14c3c87-b2ab-40e4-bbac-2e06a062e20a,L3,Tweet
d5c2e996-6689-4640-843a-ea8b7717089d,L3,Tweet
0d8c0943-18de-459a-8b45-d190b8d64157,L3,Tweet
872ce06d-4660-4b67-9126-f5cc18f0b5ab,L3,Tweet
fa4b62ef-93c5-4b69-97ca-dedb88eaef05,L3,Tweet
9c261718-ba53-462f-8578-96e85a5eefed,L3,Tweet
ca4a5162-4581-487a-8ba6-cf561b40acef,L3,Tweet
9acf8c14-a5cc-42a1-b26f-32085fa2bee0,L3,Tweet
587e7978-3766-4b21-9090-c85fef7ee629,L3,Tweet
e3888e91-aa24-403c-8d2f-9a3d25a72bce,L3,Tweet
f6ae267a-2ff4-4e92-9267-6c6559fc2fa4,L3,Tweet
94a9be7a-23ed-4187-9692-e36a15ec3afa,L3,Tweet
1e00bcc2-1c78-496b-a907-82cce64e6055,L3,Tweet
9fb66b00-462a-42aa-b895-7765a7bef052,L3,Tweet
969df172-2c15-415f-8ca7-2d9bf09db67c,L3,Tweet
fe8f1542-de3f-437c-9435-47ef007a90dd,L3,Tweet
4679a72a-6f41-49e4-bcc6-3536bee65bce,L3,Tweet
32bf79b4-4184-48f5-9bd2-b38ab3fdeab0,L3,Tweet
20e9d78f-7670-497d-89bd-c990f495d38b,L3,Tweet
c134c90f-b20d-4e1e-9e64-4db78891344e,L3,Tweet
3c2db1bd-6cea-4659-baf9-ca13c523f8e2,L3,Tweet
4355079b-b6db-4a31-8045-93265d06e50e,L3,Tweet
f0d709b7-7adc-4742-8780-d0e8eee492c7,L3,Tweet
1c22f4c0-0b32-487d-bce9-69a132165acc,L3,Tweet
e70b8123-c827-4e13-9d24-46b9ad85132f,L3,Tweet
0171286a-2eec-4148-af18-fd114a88d37f,L3,Tweet
9502f12a-057b-4b1f-99c5-14ef8759d2ef,L3,Tweet
4a7d3f69-e2eb-4409-b6e8-20f703a9d134,L3,Tweet
21affac2-b6ad-4720-90c2-f960f47fe84f,L3,Tweet
15a3d6e9-33ba-4b8e-998a-8c5a5d1bbfff,L3,Tweet
b548162b-b840-4d47-82f0-cc91660c3e24,L3,Tweet
9d0918a1-d4b0-41f9-9b6e-acc761181375,L3,Tweet
6f1caab4-451d-454a-8fe9-d8a6c92e2213,L3,Tweet
c7a11c54-6819-4dd9-82c0-a70fa7f45d0d,L3,Tweet
cdc11869-435d-4c27-8f52-426877cbc44d,L3,Tweet
e697594b-2145-43d6-9201-d35825fe7a01,L3,Tweet
54c634b8-8958-4355-a8e1-bc91cc3a0105,L3,Tweet
88e9d21d-9761-45bd-9222-02cff7ef2fc1,L3,Tweet
5e7af127-8c91-4d93-89b5-e03af10affee,L3,Tweet
a34203fc-14da-4140-a7b9-2837d5920fb0,L3,Tweet
823c2d6b-87f1-40af-9cf3-7023e7189514,L3,Tweet
43d67daa-f0a1-4016-a952-a20f6e0c2bac,L3,Tweet
1d49a1ec-76d3-47f8-bf9f-2853a21cbade,L3,Tweet
6686a0ac-c28d-417a-bb36-002fe9329e6e,L3,Tweet
3b4cf5ab-6059-4245-92d8-0fd18ba1d2a7,L3,Tweet
2cf25f9e-6659-49f8-b660-4c0e031b4a38,L3,Tweet
db98b936-1f68-4dd0-b4b5-7164b95ae5b8,L3,Tweet
4c0e782b-6d76-42ab-af31-10298ff20fe3,L3,Tweet
ff6e268b-4b38-4c50-a1d0-55670799e40d,L3,Tweet
a7b010a3-6d61-4c6a-922b-9a51e5dd6c05,L3,Tweet
3657336f-bf91-4ed2-9fc0-ca142282b018,L3,Tweet
409b1b47-e266-4ec0-9206-c50abb3b985b,L3,Tweet
7b719d36-4b70-4c25-90a4-bb55ee021c62,L3,Tweet
16199544-e30f-4e42-9775-922dc9e2a007,L3,Tweet
91386cbf-24e4-41e0-9d45-84a25bab56db,L3,Tweet
4446e618-ad76-4e62-a8e1-c30d1f990477,L3,Tweet
4fdc0486-268e-4907-b454-f334a40958af,L3,Tweet
b6744124-4e6f-4590-be0d-6fc10e7ee557,L3,Tweet
976c47f7-3c93-4048-847b-9ab1188c8f3c,L3,Tweet
50087f59-960a-4daa-8ed3-12db377f16ed,L3,Tweet
f554acfe-f9b1-4105-bbff-f9c829eda1c3,L3,Tweet
43f11813-de68-467c-aaad-b4b8fed58248,L3,Tweet
66a84644-b009-4936-8967-2882eca29151,L3,Tweet
c8143223-0449-4755-bd16-7a6c62776b7d,L3,Tweet
5f5ab146-08cd-49a7-aaec-209e75f34c13,L3,Tweet
d303b7f8-4c41-4efe-9617-e61ae280d3b6,L3,Tweet
30221035-2b44-4579-b6ed-1d39a1714dc2,L3,Tweet
b37c0786-038b-4d1b-a979-0d04774964b5,L3,Tweet
aee59f94-acab-4545-9f59-8e899e87c28d,L3,Tweet
c9a37023-92d4-4d29-8348-9fe8404087ad,L3,Tweet
46dbdc9b-e8ed-4ad9-80c7-b11707baedbc,L3,Tweet
69f35c3a-3fd6-4c81-ab22-0f3912a9168b,L3,Tweet
bbf4719d-5544-4da2-9961-cbdae1504e6d,L3,Tweet
684b371d-5e06-4eb0-a05c-bac299d961ad,L3,Tweet
ee737d15-34e7-4c97-91cf-6b1a4e7c81c8,L3,Tweet
c3f14b11-0fe9-4845-8a03-a27f6f7ae510,L3,Tweet
783b97ad-62d4-4dca-8297-773d4ac1267d,L3,Tweet
624a61a1-9ed0-4300-a748-01889aeb6a11,L3,Tweet
243221c2-5bb0-4040-a6d7-7abcadc63726,L3,Tweet
541dcb43-029e-4e78-a22f-5bc01fac0815,L3,Tweet
8be7c430-4c1c-4ef1-b0d5-7d0ad3e79558,L3,Tweet
5ca7a474-650f-403d-939c-763a41a4e625,L3,Tweet
2925eddc-6caa-47ef-a346-c1f2bdbf2ff6,L3,Tweet
ba80abef-ea57-4b04-b485-f3f58d13eba3,L3,Tweet
4ebded44-cef2-4269-af64-438c8440efb1,L3,Tweet
6ec80028-805d-4e58-b1d0-0d10d103e273,L3,Tweet
e0ece041-008a-4c40-ae1f-004179045050,L3,Tweet
e0451b02-2766-4d4f-a038-b2044b2c166b,L3,Tweet
588c2643-fa35-4331-8b82-5a7a675dd8e0,L3,Tweet
be8c8c87-0670-4b19-9ae1-09f448be8bfe,L3,Tweet
0ed61e48-b3c5-4d0f-9fcd-5662c59a8ddc,L3,Tweet
9b023509-6d4a-45d6-b8e8-014cc23fb052,L3,Tweet
0f8b413a-a322-4a1a-bd88-2ad920847b36,L3,Tweet
63bb3e28-ea0e-4143-871c-24a8c3cbca75,L3,Tweet
1845974b-3926-44b0-9f7b-ef5561313258,L3,Tweet
4dc1c6de-a9cf-4629-82a6-9ff7709e1a0f,L3,Tweet
a14068db-4a63-4e9e-938d-93232bfd1674,L3,Tweet
64faa903-5df0-4669-bc80-ab78e1da06b9,L3,Tweet
546f28cd-b08a-4dd4-b76f-16692b14bce8,L3,Tweet
9d46505a-25c2-4c45-b5f8-21d354af60e4,L3,Tweet
caf15836-9195-4ea1-9d15-afcdef8701ba,L3,Tweet
444f95b6-cd2d-4ce6-94ab-926deead4fb8,L3,Tweet
b595a379-7b54-4b1f-bc21-f662d9bc37c8,L3,Tweet
7bc5600a-addc-4030-8ddb-e7f811467c7d,L3,Tweet
a3f3129f-81ef-4d50-adfb-6a7c33892b33,L3,Tweet
929089cb-3c48-4b87-b3c6-7bf50c71182f,L3,Tweet
ca4d6de6-4c2a-4859-8277-6f5e8fc8c255,L3,Tweet
db54ed21-a3c1-4b10-971d-4399a0e521df,L3,Tweet
bff40af7-361d-48f8-b8ea-54b917e86c7f,L3,Tweet
9277329f-11a9-43b1-8cbf-e41de6906ccb,L3,Tweet
fc3668c5-673b-4de8-98ed-f89aa79f46ed,L3,Tweet
51624615-f0ac-4f19-8fd0-49335bdaf66e,L3,Tweet
f42fa0fc-11ca-4b51-8e93-514a82e50eb9,L3,Tweet
14adf549-fe1e-43e6-9e8b-085691e89136,L3,Tweet
f96e2a8d-372d-4ef7-a29e-c7453b187689,L3,Tweet
cee8499e-3310-4145-8bce-27e5b8a47cfc,L3,Tweet
061eb638-50ec-4614-93a7-ff85ced777ff,L3,Tweet
a7b06a39-f345-4548-bf79-67ecdb44c6ea,L3,Tweet
d1eaba6e-a704-4885-aeb6-f52766136748,L3,Tweet
ab0e4487-88c8-45b3-ae98-462f3b1013e3,L3,Tweet
3a749527-a02d-463c-be40-ed38be223973,L3,Tweet
22614397-54d0-4701-930d-cbb8164e26ea,L3,Tweet
68457a81-bc28-4134-85b2-c5d287078426,L3,Tweet
4da0ea28-e595-4bf4-a4a2-fbfce8f82ab8,L3,Tweet
354ed4d3-7e4d-4396-8023-6f7c8218ce88,L3,Tweet
087fdb42-00f4-47d4-8abc-0f9885c8789d,L3,Tweet
1ac0b809-2bae-49ec-8190-e523a75220cc,L3,Tweet
f28b2911-d31a-437a-ad54-9bca77077b34,L3,Tweet
85d2b325-fb91-4cbb-8364-ba4658166096,L3,Tweet
1e0dad76-fc7d-41f4-aeb3-23ef616fc9a6,L3,Tweet
0a929402-3b42-4dc9-824d-d21e6296e276,L3,Tweet
6903c27a-caf3-4595-9d05-c4a2df759eda,L3,Tweet
6c17dd72-4eac-46f1-8dba-fe10d45943cf,L3,Tweet
af54278d-be86-41a9-a06f-a47635451585,L3,Tweet
48226b92-cd93-41f9-bd8e-f73206367b88,L3,Tweet
89c4edf0-3bc7-4dc7-8d8c-2881e05d0f34,L3,Tweet
755acfcf-8a24-430b-90fc-11150a91b571,L3,Tweet
14ee5a90-f6ea-48c3-ab10-d839ab487ac8,L3,Tweet
60d21ac8-2c60-4015-96ff-1ac260b5e247,L3,Tweet
a94420b9-f1bb-4c5c-bee6-520390406ef0,L3,Tweet
83d726f4-e2ce-4e9e-871b-0b4127e15bf3,L3,Tweet
ef7ac832-641f-4fbd-8206-95ddd6582c22,L3,Tweet
59b6c6ef-45f3-4f0c-b500-af0b9f04c041,L3,Tweet
622f8eba-4b47-42e9-aaa6-850f92252741,L3,Tweet
dfb7b891-be4b-4f5b-b5cd-80b318fecf68,L3,Tweet
afb2280e-570e-4f76-a2a9-f305cb3e0652,L3,Tweet
954688f2-ac48-4d8a-bc80-50cb6cdf5826,L3,Tweet
537df74e-cc04-4fb1-8895-93848b37336f,L3,Tweet
d8e8c821-fb79-45d7-84f7-6bcbae88aed2,L3,Tweet
4e6cb591-da6e-456d-828d-e6f7a4805579,L3,Tweet
9f0640ca-df0d-4bb8-8664-6301b53c9183,L3,Tweet
79d98272-de3a-4995-8de3-b4f93e765bb8,L3,Tweet
c8c6dad9-03e3-4c4e-a32b-3c568bf8b1a5,L3,Tweet
d2577e33-fffa-416c-866a-46a6f415b5db,L3,Tweet
f763b346-e359-47fc-a56b-c01b89a88345,L3,Tweet
d0b49f94-f27b-4428-9ba1-773c9dd6073e,L3,Tweet
f57e16e6-85c1-42f5-a8cf-009a62f5304c,L3,Tweet
cd651183-cf6a-4650-8c56-453f18704d35,L3,Tweet
91064c32-8534-48b3-b74c-5f7594978aed,L3,Tweet
7e19a616-1bfc-4028-b178-6e5876d8a805,L3,Tweet
9ab9d558-465c-4cc9-a5aa-75fc1c0cdc17,L3,Tweet
2bc6340c-05d5-4586-a4f5-fe9b15dedc8a,L3,Tweet
86f9ac35-54ab-449f-895f-54d2c0a9cbf5,L3,Tweet
b6b2aff2-75bc-4099-be95-5ab374b06b4b,L3,Tweet
bf3cfa19-c4cd-4afd-9212-0be3db277cc0,L3,Tweet
77343b86-96a4-4430-a0c2-73a92f976268,L3,Tweet
b4b7eb06-2268-438b-a959-74228c4557f8,L3,Tweet
ed1087cd-67ca-428b-974a-c9bfc0398bdd,L3,Tweet
4b99421b-f0e8-441d-b460-8317fa8e7d37,L3,Tweet
abff80af-e229-4b5b-a25f-4936f50ca35c,L3,Tweet
279d03c1-f96a-4348-93dd-c7695d6131d9,L3,Tweet
92266f19-fcd3-4622-af9d-d2803ab37203,L3,Tweet
827ddb6b-5ee1-4d43-93a7-747ee837155a,L3,Tweet
43999e8a-536d-4e5f-9a52-aa9dc001ae60,L3,Tweet
fe35221b-6bff-40d9-b228-8a655ac07858,L3,Tweet
7fc23535-6f8e-469e-b530-d322e98e3812,L3,Tweet
48ecba20-313f-46de-bdc9-543a723b7f31,L3,Tweet
5bde9de7-7f09-4b87-93ef-ce9a5d928655,L3,Tweet
39374253-a25b-4de4-b720-ee3e716aa4b2,L3,Tweet
ccae5120-e539-4ba6-b43f-da3a824c5c86,L3,Tweet
460b46ea-875d-4d1b-b217-b29e6884e697,L3,Tweet
6a6d7c03-236e-4739-8487-6135a3ef6d15,L3,Tweet
e9c1c66b-c416-429e-839c-323269831a65,L3,Tweet
d3749efc-ec1e-40a9-aa9b-159c0cad611b,L3,Tweet
5f98e2d8-116c-4ef0-a44b-873c78b43a19,L3,Tweet
81fcf0e6-599b-446d-94fd-4a90414a3a08,L3,Tweet
458dfa2e-e72d-4b5c-87f5-0286a38e51bf,L3,Tweet
e1e6f1fc-e87d-4c58-a528-7ec3dd6f5ae4,L3,Tweet
4530f55a-13fb-4e86-949a-774af2d9fb07,L3,Tweet
8eeb381c-092b-416c-88a9-92a16af7086f,L3,Tweet
67381452-e2d5-4f09-a89f-647fe376c06f,L3,Tweet
6d9780ed-111c-48a1-87b6-6e4ff87ceb3e,L3,Tweet
37406b0c-fe84-4876-9253-743c86f4309b,L3,Tweet
b64fdce4-4a4d-4b94-abac-9b84d4dee813,L3,Tweet
c5309fb6-2dfd-4fb5-b42c-d4e43e3fb1b4,L3,Tweet
805b3881-e37a-4286-8bd1-2f4cd4fcf32b,L3,Tweet
130ee3e1-8f3d-4b14-9c86-83117bcbb975,L3,Tweet
fd1aca3b-c5b7-4930-8c59-f7fa7e7f7793,L3,Tweet
9568637e-0306-4d65-8552-8b216546d0bb,L3,Tweet
afb80f74-98b0-4dcc-88ea-c9cd0c8989e4,L3,Tweet
a95fd86d-b8f9-41cc-9836-cad58cd1e880,L3,Tweet
2f98fa61-fd5c-49fd-9998-79c734682332,L3,Tweet
6c0a6494-7e92-4b14-93f6-0419b756363f,L3,Tweet
2b8fdfa9-b1a5-4eb3-9e0d-5fb542b680bd,L3,Tweet
be6bee9a-a24f-44d4-b6d1-e123243aa786,L3,Tweet
629cd5cd-e61f-48f4-890e-44828ab9816a,L3,Tweet
81bfee76-1c24-4c0d-9397-8c10dae969b7,L3,Tweet
75b827c3-b38f-48c5-8a52-728447895a2f,L3,Tweet
9d5cf9f8-be0c-4ae7-931b-c5779ad8be0c,L3,Tweet
164ea9ab-e600-4f17-ba2f-965cd34e999e,L3,Tweet
88130129-5977-4129-8cd8-fb4a0a33780d,L3,Tweet
8e9bb9c9-2fae-4a6e-b7b6-de1039969f70,L3,Tweet
bfc490a0-1010-46c2-92a5-1c4d1c7981ec,L3,Tweet
cba17a0b-059d-42ee-86c6-94c9a33588eb,L3,Tweet
54d06090-b211-4172-a5db-b47ad0b8c95b,L3,Tweet
f6d51c6f-90dd-4d5a-9536-f69e3dd82b44,L3,Tweet
dc37027c-7d18-49e4-9a89-544ac8769774,L3,Tweet
66d933af-3a76-43a5-83e0-04fc76ee12c4,L3,Tweet
805e13f6-8dcc-4b70-968c-84bba6437b1a,L3,Tweet
d9729493-5758-4eac-b965-296c06bfcc1f,L3,Tweet
7e5f51d5-2cf2-4333-82aa-00bf18bfac13,L3,Tweet
e7e9758f-ba35-4aba-b580-76ef1cf445aa,L3,Tweet
84d04bd8-e47d-44f8-9ee2-339b12bb8ff5,L3,Tweet
3c55347e-8380-46fa-908e-0af88015e90a,L3,Tweet
6163ffe4-3655-405c-9d52-1c833b3474af,L3,Tweet
e579f0a4-8f49-48b0-9e5c-ef4c87ac09c2,L3,Tweet
b68aa9cd-22ad-4eff-9502-6d7c43929b34,L3,Tweet
b40a6602-b1bc-4885-8e56-16513f9e0ad8,L3,Tweet
d05da7ff-3ddb-40e6-a0e3-78f50eda9100,L3,Tweet
53928fed-002b-4727-b709-9754d3daca5e,L3,Tweet
a5fa7388-00de-4c1a-844f-5f48679d67a3,L3,Tweet
cea7f089-daaf-4e56-90cd-4af2c05dd6a1,L3,Tweet
3ac6dbe5-fe28-4e85-beb5-fa22cd5b696d,L3,Tweet
9d0e91e6-2091-4ce7-b39f-141164a8b239,L3,Tweet
f61a7fc1-4dc6-4918-90e7-53488af47241,L3,Tweet
883d99db-a1b1-47fe-9567-c5bb99bf9116,L3,Tweet
23f60b00-d3ed-4075-bd74-d726dca99cad,L3,Tweet
1c095b41-7ca5-41d4-8721-ecff1e949cc2,L3,Tweet
9569c318-a146-4310-b32f-91781dc62450,L3,Tweet
26d33b67-29db-4695-8ff3-2e9d7bbd4478,L3,Tweet
2e2489c3-497c-4c05-8702-e3646fad3006,L3,Tweet
363e1d70-0625-4963-b293-a7963affea4c,L3,Tweet
b8860ad7-5f5d-412d-8012-13bf469e2138,L3,Tweet
6e0d5121-d943-4484-b742-5ca14972a884,L3,Tweet
3500951b-4112-47ab-aa51-3110168e537d,L3,Tweet
c619bb8a-ff68-451e-9984-c8429d63af19,L3,Tweet
893ab33a-2ea7-4e15-a772-363729db34b3,L3,Tweet
58bc3146-ddbe-4d5d-ab1a-26cdf134f2aa,L3,Tweet
783fb9eb-fbfb-4898-8e80-bd5447327404,L3,Tweet
74baa9ce-661b-4530-82eb-31e7775b2a20,L3,Tweet
8b38ed06-234e-4e92-92ff-8d1e6df9bc06,L3,Tweet
0eecd23f-5e21-45a7-a2cd-f33f2de14b64,L3,Tweet
8b3a3e03-bf17-4a0f-a573-a4d9f8cb8350,L3,Tweet
1ed033d9-1379-4a61-8a73-80d56576660c,L3,Tweet
3e59955a-664a-4564-b402-d1fec3e85188,L3,Tweet
7e6dddea-6780-4506-89a4-f25ec2613c5a,L3,Tweet
b961a70e-9ab9-43ad-9374-f50c99cf1bc4,L3,Tweet
c7f59247-afc7-4b04-b767-9e1881f60711,L3,Tweet
78d4a431-3cf4-44e0-a6df-dda5db42d7bb,L3,Tweet
7e786736-dc7e-4ce7-b631-badaed00bcfa,L3,Tweet
e1830804-4fb6-4beb-aa75-09b270af7d94,L3,Tweet
56faa60f-2fcd-40f5-a41c-2110e562c05c,L3,Tweet
711fec04-61ef-4f89-adb1-ee17b0675d93,L3,Tweet
935f52f3-5e47-469a-8c72-00ea288f42b2,L3,Tweet
ab49b7db-02e2-4aaf-b091-5cf3edfc435f,L3,Tweet
8ac1924b-8e20-495a-8e3d-b829cdf713a8,L3,Tweet
be87cb74-78ca-4a28-a8a6-18941b062bbe,L3,Tweet
22af79fc-b6f0-4162-83e8-594e8d9ec369,L3,Tweet
cfbdd002-18d4-4512-9455-614d945f89e1,L3,Tweet
59f8e9c3-4003-4223-8541-a3392a021bb9,L3,Tweet
7aaa7ca6-24f2-46cd-96a8-85c213077e97,L3,Tweet
a7c33dfc-92c8-4cc8-9950-2f6489039a5d,L3,Tweet
834c34dc-8d16-4f48-b814-9567b927e5c9,L3,Tweet
3222f57c-367a-4d4b-af55-562833edf7e7,L3,Tweet
7baee875-4e18-4e76-88e0-24b8a90087a9,L3,Tweet
e990d4ab-10e3-45d2-9b52-f4ad050e2891,L3,Tweet
0b9848e5-5c88-4b6a-b876-aefbf428682f,L3,Tweet
d715b5bc-0d86-4212-9364-a8f7da738aa5,L3,Tweet
ce571c9d-0767-4dce-bc9f-98475f763349,L3,Tweet
0de5b005-bc99-4760-b184-63bc259621d4,L3,Tweet
3294fb3c-bc97-4cd4-b358-43f8bddb7e6a,L3,Tweet
6955617c-f1b6-4e50-baa3-08774ed3de69,L3,Tweet
280e19fe-5185-434e-aa62-ea6c0320397e,L3,Tweet
09d4f6c4-edb2-4971-b70e-b90191503092,L3,Tweet
156737dd-1576-4a08-acc3-9d9b398a6024,L3,Tweet
0d03c869-1311-4642-a319-37f92e1c0960,L3,Tweet
67fc9aea-9067-4956-9110-5c25b01d8a8a,L3,Tweet
631bd82a-2eb5-4f90-b185-c9b85bdb2e70,L3,Tweet
52be0ae2-d04f-47ec-af41-9b80525a3059,L3,Tweet
aa789c4f-9c40-407b-a980-41475b7e0ae5,L3,Tweet
d3845d62-8224-4d87-ba12-db031f457db5,L3,Tweet
e46ebc90-b486-4a42-909a-c0326ea195b6,L3,Tweet
4e1a1eda-7ff4-467c-9078-f6002be75adc,L3,Tweet
66f03250-4eda-4624-b00f-989687acd5a3,L3,Tweet
9d0d4b9a-448d-42b1-b6af-9931b82751e6,L3,Tweet
bd2cc6ae-2a07-4fdc-9cb1-70af016e2bbc,L3,Tweet
59c6070c-01d7-4a11-9365-ff2d6ee66979,L3,Tweet
8fe2c568-0ed8-4d36-bca0-a16436c45578,L3,Tweet
5da44eb3-8352-41d0-85e0-5e7d3c3b48c7,L3,Tweet
51534be0-793b-4f64-8750-946fce3f163e,L3,Tweet
fc3018d0-d061-4d77-a1ea-6df7f2d1ba97,L3,Tweet
e7b23794-0445-4984-9903-e3190d261ed0,L3,Tweet
11bca711-171e-459c-938b-3b420185620c,L3,Tweet
b624667d-6176-451c-9456-a7ef5c4c2ccc,L3,Tweet
4f2c1299-1003-4f6f-86bd-ca4788b2a91a,L3,Tweet
8e7b9ea2-f33d-4d09-b1ca-e73e76d8f401,L3,Tweet
2382b5f6-6e5b-4a36-832f-3a09b0cb58c4,L3,Tweet
43196a9c-96aa-4b72-a4f0-58fc65a1edee,L3,Tweet
5ce36b6f-f41f-422b-8bc0-1b841397b7e5,L3,Tweet
505d8b1f-72ce-4d3c-a76f-f69e4ca0d2a6,L3,Tweet
aca72e20-2025-498d-b6c8-be504f157d65,L3,Tweet
e3dc452c-ed5b-48f3-87a8-183259ca50da,L3,Tweet
489b406c-455f-40d0-aaa2-54eea5747645,L3,Tweet
c4548a92-1af8-4526-8231-7ba69b580393,L3,Tweet
6cb813a3-6aa1-48d3-be05-88dc38e78173,L3,Tweet
c0c96d96-72e4-44f4-a5e2-3c3432c0e461,L3,Tweet
1da9f560-8cdb-4134-b67c-cf1eff506690,L3,Tweet
682ee262-78df-4e7c-b06e-13d5ea98d29e,L3,Tweet
22dce657-7d8f-4899-bc71-149d287fd0aa,L3,Tweet
34036d8e-46c4-44f7-9633-a39bb24e09e6,L3,Tweet
1d4b3048-0fbe-4bd7-bc7d-f5331392db71,L3,Tweet
da320c25-6d3a-4755-80eb-158069874e8e,L3,Tweet
1628bae3-caa8-4e4b-9d79-8b6ddc25952d,L3,Tweet
0667b235-6272-46cd-88a3-69ecd2fe28f2,L3,Tweet
205f2510-9848-451c-82bb-5af2a6f036af,L3,Tweet
2aef2743-36ae-4a0d-b1df-5b6960d2cd49,L3,Tweet
9c8a7f63-3503-431c-9fea-85b53aa87e56,L3,Tweet
b4f0efec-1657-4eb4-ba45-f7e08674c1dc,L3,Tweet
6c0cdd52-b528-4676-bbe0-14f16184de05,L3,Tweet
ac1f5c89-151b-4f90-9be0-f538ece87a3a,L3,Tweet
17697564-3e11-4797-a12a-af5b46cff8d5,L3,Tweet
abbbc28a-bdda-4546-a66d-fbc7fc5c740f,L3,Tweet
a0e7c490-bf41-4835-b193-ea7a7555d037,L3,Tweet
259b6aee-2d1a-4dc8-bb89-bc0ae4fa4c3a,L3,Tweet
70a8f039-ea6c-4a49-b47b-d9669197a6d0,L3,Tweet
2bf42238-17ca-4661-84c2-c163cb02ac7e,L3,Tweet
e08347ec-c902-4f11-ba12-110716608bbb,L3,Tweet
6b6724a6-fc52-45be-a22d-adc98a155350,L3,Tweet
27845a14-e526-486b-8c99-11c8641b5781,L3,Tweet
47780c1d-e63d-4ff6-8d69-a5d7325bd717,L3,Tweet
640aeeed-44b2-4867-923d-733973f050eb,L3,Tweet
5e0d20aa-7281-45f3-8b5c-f8687157aff9,L3,Tweet
df1e320c-6046-4ca8-9736-ab9bcdc03079,L3,Tweet
8265d848-33c1-4332-a40f-4753e2b4acaa,L3,Tweet
ff418e8e-9fd1-4816-b2fe-db1d74dc11eb,L3,Tweet
57f7c462-f033-4d20-83bc-9e0bfcddb6f3,L3,Tweet
2b118fbd-c40d-4b23-be4d-ea794373b323,L3,Tweet
18fbe7f3-30a2-417d-924c-534c13ee371d,L3,Tweet
c7f83d3d-614a-4237-8867-c07b62d1d20b,L3,Tweet
b67033a5-071d-43d5-a299-fe38b56d122b,L3,Tweet
04d29cf2-6ae6-4b66-a356-bcbcbf869f83,L3,Tweet
5ec5abd3-a57c-4aa5-9b98-f65468067c85,L3,Tweet
1e7324f0-74f2-4357-b5d3-7cf84dc75c2e,L3,Tweet
7974299f-1982-4f56-88eb-fcb3b2281f43,L3,Tweet
7e259711-1ee7-4416-92da-b0bb36492dab,L3,Tweet
6ce70b52-8f83-4bcf-960e-c5ae740172cc,L3,Tweet
8f3523a3-8dc3-4485-9e4d-bce95937ef0c,L3,Tweet
1864d2c9-e94e-44ab-aa09-e333d07e4b0d,L3,Tweet
52893f66-dbe7-4b9a-bc8e-451f55378f02,L3,Tweet
0d5d7f69-ea97-458e-a835-0bcb5f828986,L3,Tweet
6fe1a87a-b98b-47d1-8cb5-0e90b91a492f,L3,Tweet
2c728d9d-4a91-42e4-aaef-33471b1f033a,L3,Tweet
be066364-e344-4a74-a6f7-7c2d9ce0cd46,L3,Tweet
a6b88b0c-89a4-42cb-bd21-27780067f5f1,L3,Tweet
6e6059c6-503b-4bdf-b675-3fb515318e8f,L3,Tweet
3043f49b-ff83-4c12-9788-afde3869ac71,L3,Tweet
76f44a95-bbc4-41fd-b446-70fb7c6c866a,L3,Tweet
7fd56a29-3437-41f7-9268-3e513395873f,L3,Tweet
68b659c1-cd0e-4d01-becc-4618204df829,L3,Tweet
96429917-e305-4da0-b4ff-0b10da36c656,L3,Tweet
d91494c1-7756-46a3-8294-f8a83f94ca67,L3,Tweet
be879a07-643d-4c85-90c8-0c7a34f597c5,L3,Tweet
56bbe14d-702a-4a45-85a9-05e949fb0ca6,L3,Tweet
10bf1205-df17-4d73-b58f-357d20620ea8,L3,Tweet
7bf696ec-de21-42cb-9a3f-52c2dabae92a,L3,Tweet
67b35a24-66f4-41cd-a870-2602623baf69,L3,Tweet
502181fd-12e9-4d99-af40-b3d020cb3e80,L3,Tweet
b4a6a560-b6d7-4940-9f8d-6f2701b7ab87,L3,Tweet
9dd03822-45ec-47cd-a96c-4e75d15d5fed,L3,Tweet
f022e34d-fdcb-4b3c-a544-f8f8a72df748,L3,Tweet
7046147b-0330-4275-bbf4-b5444b653186,L3,Tweet
57a2eeb9-b9f3-4d31-8c4f-00492bf2d737,L3,Tweet
8e9c1239-2644-4a5f-8126-ec0265404f3c,L3,Tweet
6d78a16d-227e-4bb8-8536-4e28cb9221d5,L3,Tweet
df7aa77d-f9d3-43d7-8dcc-b9e77a201605,L3,Tweet
5f13c7ce-1318-4099-943c-d50fbfb0f990,L3,Tweet
982655c7-d756-4320-ae84-32ea622ecfa2,L3,Tweet
f05b72fe-c16c-4173-b406-13a289d2c3a1,L3,Tweet
977b1b33-eeb5-49da-a1dd-6be3a1b3fb6b,L3,Tweet
e3248341-4034-483d-99fc-c2ec6c399c9c,L3,Tweet
0c643df2-964b-45a5-b982-95a0a1f147f6,L3,Tweet
00698350-0492-45f4-b600-86e17d936a0b,L3,Tweet
db417fbb-d303-4aa4-ba41-946495b15161,L3,Tweet
65efd914-e0f0-43b5-9b11-9150483ab9fd,L3,Tweet
909d0224-a14e-4ca4-abd8-8cfd1815884d,L3,Tweet
cb2b48c2-7e57-43cb-a3d4-c7d851ecd8ce,L3,Tweet
1427bb94-ffc6-4932-a5fe-a7d2461aa8b2,L3,Tweet
995471cb-c937-499e-8569-54306230de9b,L3,Tweet
8c415247-0837-473b-8767-72736536d1a2,L3,Tweet
7b46a6f4-7573-4a38-bd65-dcd91e82af86,L3,Tweet
dbec5b44-f750-4ce1-a233-7ca6dc6b0b9b,L3,Tweet
b1f0958d-35f6-4eae-9b95-6781f87e088d,L3,Tweet
4520b0d0-0a09-49e4-8571-d693ad3dfa82,L3,Tweet
bb012ace-959c-4f9e-a9fc-8d23f888d900,L3,Tweet
f2c82b61-8655-4489-a9e0-7476b060a89e,L3,Tweet
ad58f6b1-ab49-4769-be34-d6fb08fa688f,L3,Tweet
3672389b-8742-413b-96e8-238928046069,L3,Tweet
39be0879-06c5-41e9-a1e2-2dcf5848067f,L3,Tweet
9b1df770-0d79-4b60-9ad4-1098f220c16a,L3,Tweet
6d1a73e9-7f34-4e6e-9bb3-11a7c3d7f743,L3,Tweet
3acd0cd3-70c0-4758-92de-723b8b596ec3,L3,Tweet
64c6703d-06b9-4db6-9c8e-5b4ddcb38f0c,L3,Tweet
a5233c5c-0dee-4854-8a4a-2338e1c0423c,L3,Tweet
976c6a19-b907-448a-9f87-7606d4eac890,L3,Tweet
94eb87d1-a199-44a5-8832-584c54df7be3,L3,Tweet
f4169baa-57a2-46d4-b0be-3fd9290af925,L3,Tweet
e1149612-3afc-498e-9b5b-0753b2a10495,L3,Tweet
9ed9a96a-68b0-4d25-baa1-b7d5cfd554b1,L3,Tweet
2fd404f6-2445-4100-8c16-3b18e14c5d1c,L3,Tweet
9c346e08-1d15-4c64-a9cd-800f0cc88784,L3,Tweet
eb10fdb6-807f-4883-a506-3a57fc53a6c3,L3,Tweet
3c77dfbf-3883-4953-a3b9-c20b2a16bad9,L3,Tweet
dd1f085c-d79d-4930-abdd-12209da98711,L3,Tweet
127eb357-6e4c-4308-bea4-a535d50a3bb1,L3,Tweet
d2e56063-7b26-49b2-8488-4923713d20f5,L3,Tweet
92af2e68-6149-4698-ba73-a3aec00a03b2,L3,Tweet
4bc6df64-1c22-4057-bdba-70ef5fbc80a6,L3,Tweet
7e194f26-ad5b-4650-bb7c-f064eb8c3ff2,L3,Tweet
d197e502-ad87-40dc-8088-c83d5c872d59,L3,Tweet
4d47c0fe-8d58-427a-ac24-2cdea13ee28b,L3,Tweet
a4846e6f-3212-478f-a9c0-888aceec634d,L3,Tweet
e4e31645-a89d-41d1-bee1-fc467ca0a1f7,L3,Tweet
6cb6cf08-7222-4c94-9a0f-40bfde07d64b,L3,Tweet
f0375f64-d274-4ae4-b43b-c4593976fe15,L3,Tweet
bfd44975-a4b2-4195-b94e-0159e8779802,L3,Tweet
5c120d7d-b6b5-4afe-bf43-078e1b67b597,L3,Tweet
43be72af-ff8c-4296-83b7-d7f0142202ea,L3,Tweet
ddaa37a2-c58d-457e-b2d6-2bb91a4272a8,L3,Tweet
4b30af79-237c-4c9c-b92a-706bdacd5c8c,L3,Tweet
886c2c48-3d7e-44eb-ae66-4506f95d347d,L3,Tweet
78e69fa7-bde4-48e3-bb90-d508dabfb774,L3,Tweet
3690f446-52c3-4ab0-a529-d4ed03fc9c49,L3,Tweet
dd67ea88-0698-40c1-8f8d-5596253e2ce7,L3,Tweet
5a03e131-1e3f-4923-87c1-fbe0bd00b734,L3,Tweet
7264a603-ce23-4ee0-83ee-960baac06fd6,L3,Tweet
e6eeb058-1519-4dcd-a454-e696bc68ca78,L3,Tweet
45100990-0d0e-4ffe-ad4d-921062e46b1e,L3,Tweet
d087e742-08be-4f9c-bb60-9896d1c7ee0a,L3,Tweet
a1dcbde7-37e9-489c-aded-5ffb4a4021a4,L3,Tweet
c866bdaf-0b0a-4668-8319-fe002a9a98b5,L3,Tweet
28359d08-cd13-499b-8863-6d316d2bd2b6,L3,Tweet
98f62861-8d49-4f57-908a-4daf85df76b0,L3,Tweet
ee39130b-c4c8-4eca-88a7-93378bd487ee,L3,Tweet
e7b363b7-2d87-4778-b384-31d9aea7fee2,L3,Tweet
556875a3-1eca-4d00-ab39-5f8afd2698e5,L3,Tweet
6e13b0f1-c2cb-49a7-87fa-b1740b8dd9f4,L3,Tweet
9eb7fd21-0b3b-4c75-acd1-21db855cb6f2,L3,Tweet
a1e76b7b-e3f9-46e6-ad27-f50f5dcb8132,L3,Tweet
a33dd9a5-6b4c-4f4e-b4a0-414a6d9ca060,L3,Tweet
636bca66-f0f8-4adc-ba41-0ff00a49ca40,L3,Tweet
8e60e0db-5566-4304-a2ec-e471b0da2e29,L3,Tweet
99396859-d594-45ec-8ad6-b8845a9bd12c,L3,Tweet
24f1ee12-7e15-44b6-8ac2-1fbd928c9bd1,L3,Tweet
c4b65418-2ee3-467f-a529-45f7581b1a2a,L3,Tweet
3de66ab7-4218-4401-81bd-a3e811c2d48b,L3,Tweet
fe8459d9-77a3-41f8-82f8-720055878345,L3,Tweet
ca9d073e-fde6-445d-b870-403ec7ef530f,L3,Tweet
ce5737e3-995f-43c6-87e5-0c2e2f8aa28d,L3,Tweet
5d872195-af7c-4a8b-afb0-18a4aa2310aa,L3,Tweet
8ec5ddb7-e990-4d65-a241-a4dc20d3af71,L3,Tweet
370fcab8-d5df-4d57-b97d-b1c6995ba071,L3,Tweet
7e4443d1-dc89-4298-9b6e-716722822706,L3,Tweet
5cb4dd43-5cfd-4048-863b-63f7acba89f8,L3,Tweet
c80c0b88-b1ad-43c2-a08a-fea46c3316fd,L3,Tweet
8f461026-c45e-40fa-8705-12f955d1f0b6,L3,Tweet
afd08681-6aa8-481d-95b0-21f82c8e93a2,L3,Tweet
9169de67-256e-4363-91d2-0d4002e8f362,L3,Tweet
45af8237-9efd-4c79-ad71-139a07086605,L3,Tweet
69c01d3b-baf9-47d5-9647-e4cfd702aa76,L3,Tweet
d04a5d33-2a95-45c7-adab-4d45bb78a7d7,L3,Tweet
a3af800f-e557-4bf1-9145-58b41b17c3cd,L3,Tweet
2fc4974e-1694-4786-b160-e5a06311a275,L3,Tweet
bbb53b9f-d8c1-4a00-85d5-e44513ba6e3c,L3,Tweet
0812637f-83fd-4785-bbdd-1523c327ca74,L3,Tweet
d5d49339-f8d7-4008-ad18-3850a635e3ee,L3,Tweet
ba6dcdd9-c57d-4bd3-a384-140235507231,L3,Tweet
2f5b632c-351a-4851-8332-655745be0e1a,L3,Tweet
38429d93-8343-45d8-a54f-46f01faea222,L3,Tweet
76e6f4b1-685c-4068-8c77-c93bbf8e750b,L3,Tweet
9e23ffd3-7ceb-4a73-88a2-f42a920d046a,L3,Tweet
08f5c0fd-271e-4127-bf35-07d64f88b6f0,L3,Tweet
95c10683-dca8-40f2-b2a9-04252f20f992,L3,Tweet
7deb8f2b-8ad3-4591-abde-3be4257a646f,L3,Tweet
d458a18b-19b7-4313-93d3-9bd48aefa2f9,L3,Tweet
5bb924e0-6d38-48ef-b7f0-c9710867c4a4,L3,Tweet
73e9a989-540c-4a6f-9198-25fb92214fa2,L3,Tweet
504546b1-184f-455f-b0cf-94980af61f71,L3,Tweet
a1b84522-0f22-451f-b31f-c219ee1c8452,L3,Tweet
46b0d2ad-a371-4139-9dee-a1e50bce82d2,L3,Tweet
a40f181f-87b2-45d4-818b-a832842c2fd3,L3,Tweet
6f8aec70-88a6-4b65-b527-0fe23f090070,L3,Tweet
453a1ff9-ea7e-4868-9449-95e86b341677,L3,Tweet
43d51217-f7db-4334-a4ff-4b1a75e806f9,L3,Tweet
0c05a0be-a231-4b3e-a061-7ae38271a7e6,L3,Tweet
5fb89207-4472-47b3-b112-78bb771fe4ba,L3,Tweet
3ede6659-fce1-428e-aa10-f7187b3a38bd,L3,Tweet
dbe26b46-4e4f-4604-897d-87a5f150bfb3,L3,Tweet
73336247-dc45-446a-a234-e8770f8aaf2a,L3,Tweet
3e7fab9a-2154-4070-a74d-aa5f0653345f,L3,Tweet
e99c6f11-14d5-48a8-b1ee-957ec0194754,L3,Tweet
c48fd7bd-288e-4b74-9184-99b09f5750e1,L3,Tweet
9ae1439f-7b96-460f-b078-5553cc2347e5,L3,Tweet
a82c5951-1461-4131-8dfc-a8147a6a4599,L3,Tweet
679850a9-45ca-4818-a0ed-ae4b96c85bc8,L3,Tweet
7ef646e2-20b8-466f-b862-a3473ceefa7f,L3,Tweet
0a656dfa-53ad-475d-ae9b-3665fb2765a7,L3,Tweet
70195b61-7bd7-41b0-9484-a4f533dd2a71,L3,Tweet
ad372b2d-f516-4cce-b8a7-06301ee441bb,L3,Tweet
b21d8304-f262-4721-9ef1-fd27a82a25cc,L3,Tweet
dd89b372-8bdd-4809-b5aa-ceb10d813fb2,L3,Tweet
eb35e361-0098-4226-99ab-317b9488b5f4,L3,Tweet
22402526-bc25-42c6-ab06-a4e87bbc28ed,L3,Tweet
d9c87f0b-4c00-4183-86d2-61890626d1df,L3,Tweet
e2076ef5-c533-436d-8c7a-0a06964c5783,L3,Tweet
dcfc0dbf-0f2e-4d07-8cfc-3ff7ce7cfd07,L3,Tweet
487a77a2-59cf-4199-8a69-8f841cf71277,L3,Tweet
a85218a9-bf3e-44b0-a254-4cfa66e5420f,L3,Tweet
4f7868b5-40ab-4464-bb04-9c01f80c7216,L3,Tweet
700c50fe-17a2-4c3a-9822-3662c5439753,L3,Tweet
cce64e3c-7201-4f42-b451-8babbec585e5,L3,Tweet
8121aa16-c147-4520-9b39-886647c90c68,L3,Tweet
3dc89340-cd00-4c13-baad-f187a83a1a5b,L3,Tweet
9afb00fd-6a9d-4722-ae8e-f90b41a2a682,L3,Tweet
f0e98c46-59a1-46f5-9955-8105585d51aa,L3,Tweet
8d4ed8e8-4c77-4651-8310-32ab2c05f764,L3,Tweet
54f882f5-672f-464b-bbb6-590bac82f9ca,L3,Tweet
f5232903-6d0e-482d-918f-4e6ac0be7f15,L3,Tweet
789d8aea-52bb-4a7b-86e2-92b7d9a53f3f,L3,Tweet
571540a9-95c5-4e74-a614-72eed741a707,L3,Tweet
2ce24357-d32d-454a-abc5-caa1d68dfa47,L3,Tweet
05f50ec6-298b-4107-8cab-0a99b53ad08e,L3,Tweet
95362717-f9ce-450e-ae4f-dece8dc92cf5,L3,Tweet
4d45b790-3fb5-463e-bb8b-613f13ad7c7f,L3,Tweet
da7aabfd-aa43-4b36-bab3-cae58fa088d2,L3,Tweet
63396631-1986-45de-afb7-34355b97d26b,L3,Tweet
49fc25e4-cdc0-4674-b1b7-730c97657a79,L3,Tweet
eaec2128-2ce6-4c59-b2e9-3372b0bca87a,L3,Tweet
50137c36-5ee0-4b64-a84a-a9ddd3765e39,L3,Tweet
38de8974-0b3d-4b67-9f74-595387533021,L3,Tweet
269439d5-57e5-4c7d-8ce8-b87337b3e9f3,L3,Tweet
9cd86d48-1982-49ad-a272-17c6aa8ad7f9,L3,Tweet
bdce9780-67a6-4f1d-a1b5-e08df6cfe5fc,L3,Tweet
89ec4516-aac5-4eb7-ae60-4004fff3ddf4,L3,Tweet
613c9a1e-a86f-4c4c-9489-c87cb6ec1a77,L3,Tweet
c225d8ad-fea1-4a0c-8035-679767b1462e,L3,Tweet
0783d50c-8cdf-48fe-8888-ad54262ec4a1,L3,Tweet
20493427-2b8a-46f9-888d-33be91809693,L3,Tweet
9b6bee2e-06e0-41a0-8cc2-0a0f8c3ef261,L3,Tweet
3f2c7d2b-da76-4ef4-a45d-2646897bbd73,L3,Tweet
b1d0e1f5-11ff-4252-93eb-d2e74439166d,L3,Tweet
39d982a0-65f1-4807-9c5c-6547236246e0,L3,Tweet
e9f2d9cc-e9d4-4f6b-8a55-e295d4f7205a,L3,Tweet
2bb8afce-5353-4f89-aa9a-7afaa450582c,L3,Tweet
ad243c3d-a81f-4d39-b257-98776aa496d5,L3,Tweet
38507e70-b0d9-4c51-8aee-4918654b52fd,L3,Tweet
0b108d28-1b6e-48a9-a174-2d22bc000dda,L3,Tweet
3e0bcd2d-5453-4177-ae33-2f11ba3c7640,L3,Tweet
7f907387-42c7-46d4-bf9e-3370962f91ee,L3,Tweet
78a94b1c-6206-45e3-a33d-6cbb67049258,L3,Tweet
7b276fd6-52e1-4878-81b6-4a839404a038,L3,Tweet
14112f35-fe10-4689-81fa-2c7881bd0702,L3,Tweet
c0024cd7-4708-4821-a8d9-327ab205f978,L3,Tweet
c2f5c929-24ec-4b8a-8952-843021c18425,L3,Tweet
511ede82-0123-43b6-9380-2a6337db7ccf,L3,Tweet
3f955cb7-d6cd-4ecc-ac15-063243f09bba,L3,Tweet
9d4a4c33-9192-4dfd-b1a6-d827420b8d0e,L3,Tweet
11e00cb8-e247-4a4c-9958-37772f596641,L3,Tweet
957b42cc-f0ab-4719-b0a9-e4d78f220cda,L3,Tweet
4faf6085-17e9-4aaf-898e-c5d0a4a99f3f,L3,Tweet
78f20377-4c53-4dac-881c-c0ada91310a5,L3,Tweet
3305434b-ecd1-4904-bba2-ed81e30347c8,L3,Tweet
875425e5-fa69-4dbe-9141-5b97eb319693,L3,Tweet
1fc309b2-ad36-4349-bdc6-844c1dc2b205,L3,Tweet
531b61fc-678f-4a68-b3fc-4b59a1ef5755,L3,Tweet
d447affd-c06e-4a98-887d-e16fda9df597,L3,Tweet
0b9d712b-dc42-482b-9994-42ea6065b7c0,L3,Tweet
c46c717d-a5e5-4a99-be9b-f38814259187,L3,Tweet
695f9de4-7232-4ce4-9fd4-67cd59401bfc,L3,Tweet
cef1e44f-565a-4a7f-ad42-01f55d431262,L3,Tweet
f0ae5579-64ec-4203-be8b-8748498cc080,L3,Tweet
06736dc0-d199-4495-ab69-cbb5ca8ba300,L3,Tweet
d8b4b51f-e823-4da1-b3fb-25c575732c5e,L3,Tweet
bce2a915-8be3-4e6b-b850-8e0cdaf3bd15,L3,Tweet
92da4155-0c7d-42ff-8cc6-08285de29c24,L3,Tweet
34d78c37-e1d1-453e-b4b9-214ce160289e,L3,Tweet
2da207f5-ee80-4442-b009-043084fc51c4,L3,Tweet
9b4f7e67-c605-41cd-9dd3-861a8d04d13b,L3,Tweet
3433c386-a9cc-4566-bd22-a73de11ecd84,L3,Tweet
7d002265-85ce-4057-a7ac-2434c6ba43f0,L3,Tweet
624c1f14-d740-42e0-ba07-d94bf744ae4a,L3,Tweet
d05b9d02-b4f5-4917-946f-294e9d410e2e,L3,Tweet
ac8b5408-ed80-4ea0-ba7b-96cbe8b6b3da,L3,Tweet
27434b75-8826-4a62-82eb-83a203626dcd,L3,Tweet
fd055856-8bc7-4a17-91cd-c1e28daaf26d,L3,Tweet
43f8a3e7-618d-423e-985e-33e6826958e1,L3,Tweet
35d08f44-190a-4310-9c3e-7b065f03700b,L3,Tweet
a590d07c-96df-405c-8922-a67448406cf1,L3,Tweet
75b715aa-afaa-4ba6-9488-ed90a46480af,L3,Tweet
55b447d5-b9bd-4df3-b952-541796fc4d03,L3,Tweet
ca3a28bb-ed7d-415a-8afc-a915de05aa3c,L3,Tweet
ade3f852-a214-4562-ad6b-cfcd50af33ad,L3,Tweet
aa130331-6d6f-44db-82fa-fd262d26799b,L3,Tweet
facd5556-e5e1-47de-9254-2875b9632b46,L3,Tweet
7cc65746-0d47-4f45-94b5-c9e50d5a073d,L3,Tweet
6def22fe-320c-4228-a78f-3dfea66abb06,L3,Tweet
cc32e2df-daf4-4839-99f3-9059706d4d57,L3,Tweet
c83bdc8d-f7bf-405b-adb6-dcc89459cbd7,L3,Tweet
92496f8f-33db-4f99-998d-93b7746fd2c5,L3,Tweet
dee7aac9-8cdc-4f77-b99f-5a71d5f0e3d6,L3,Tweet
53481bd4-d290-43ff-9297-082961edacd6,L3,Tweet
e391ae51-129c-41a1-b6d7-dd2fabdcd57c,L3,Tweet
50fef8a9-a305-48ad-ad5e-2f9704c1534c,L3,Tweet
29af53e8-1097-463b-b2ed-22e095af17fa,L3,Tweet
9bf7782c-a84e-443b-9a68-b189a95329cc,L3,Tweet
595f7ed8-ffe5-444e-a83c-dfb6fc02c10c,L3,Tweet
42ff9efb-b361-4ce2-b55e-2e0ac3dba7c0,L3,Tweet
14a60f08-a48b-41ec-a1cc-33281ef3dc64,L3,Tweet
0da15f23-3efb-4df6-9b9e-b66207a21b1c,L3,Tweet
36a9cb7f-b6ca-4c92-a68d-b6cb24b14654,L3,Tweet
2b7fa567-4db3-456a-afc8-b52fefdd5218,L3,Tweet
b185c318-5d44-4fe6-b746-2b9592e77e2c,L3,Tweet
48c33897-0507-4a61-b688-214411a3cd85,L3,Tweet
192858a9-663e-4c41-aa89-ca87f03bbc14,L3,Tweet
6bbe5790-8e93-47e9-877a-4e99d45b3fe7,L3,Tweet
95086ac1-b999-4f1d-a18e-c8e7a7d2eb83,L3,Tweet
528bedd5-9058-44c1-a66f-6a3433b03e43,L3,Tweet
1980de5c-8dc0-4b5c-b404-b3b21f051818,L3,Tweet
018c50a2-8d32-471c-b0a2-a1b5c2811bd7,L3,Tweet
5f020f83-1b97-4e02-8844-b28278bff0d9,L3,Tweet
1fd65129-0a6a-4a33-a05b-1c9e48e8af7b,L3,Tweet
ed50fb03-7fd4-49e9-a0a2-80174c14dbe8,L3,Tweet
797ec629-07aa-41c1-9601-7727f465ea1f,L3,Tweet
095b9787-254d-4885-85ef-f65f79158882,L3,Tweet
4efeb8fd-de0b-4c4d-b47d-a4afa5e448f2,L3,Tweet
68e63614-6817-48d0-806b-91ffbcd17380,L3,Tweet
94b44b3e-cd5d-499c-9b3c-dbe7091a5133,L3,Tweet
7f8a7e24-6918-4d68-9a55-939c674fdfc5,L3,Tweet
2083dff9-56d6-46ef-a8ba-80e89c7c501c,L3,Tweet
c2c3fe0a-66cc-4b32-95cc-c1c22e5ec044,L3,Tweet
0be90f31-3afc-4994-99ae-6078522b0bfc,L3,Tweet
261b8538-55d2-4ebf-82f1-9be4b4f679a3,L3,Tweet
b3f1c3cf-196b-4b12-a72f-b2007652221c,L3,Tweet
70111ca6-75f9-41c8-80f8-55004771aef7,L3,Tweet
33018a4d-e644-4d18-9b96-1ebaacf5f1a8,L3,Tweet
5aecf779-ef3a-410c-8ef6-bb2a782e0a21,L3,Tweet
3bc8e8cf-4944-4741-b3c0-b0bf1551d213,L3,Tweet
0dd1b5ef-f547-4b91-9e2f-371dbfaf6b29,L3,Tweet
692bce90-5235-4471-9a9f-eedcc6a35b10,L3,Tweet
7a0fcb05-8438-4758-b910-f7aa42ca37b6,L3,Tweet
22d5edff-cf2f-4d25-a57d-3acb53b044dc,L3,Tweet
6dca1b5f-df75-457f-b1bd-7b1392e7ec97,L3,Tweet
cdfc771a-4162-40a2-b53a-ef59bcc6a683,L3,Tweet
40d6da35-240b-40d5-8331-c017d923f4fb,L3,Tweet
d63c4fac-c248-4c16-96a1-6058def1a21b,L3,Tweet
7ffff5d0-f7db-4566-bb25-c9de8301932f,L3,Tweet
5bdd3e90-2bf6-42e2-bbc1-4f224fa81079,L3,Tweet
6e9c17a7-fedb-4d39-92d5-ee92796ec760,L3,Tweet
4ee005b6-de9b-4196-81ce-09aac48bfdca,L3,Tweet
6ddfdd64-c6e5-47ed-8fff-f4f830e2bbda,L3,Tweet
2a1bdb67-9fe5-4cc4-bc64-8c2bea6e5260,L3,Tweet
b33d5b5e-e1b1-43b0-b76e-d2552e71dbb9,L3,Tweet
ffcabb46-d1c5-4bea-b657-a090e08ddea4,L3,Tweet
73da8687-6a1e-4dc9-8a54-848a7ff449e4,L3,Tweet
ab05eaab-4581-41dc-8a42-ea30b72f6ef3,L3,Tweet
8d22e00b-6ad6-44f3-9079-d366e952f9ab,L3,Tweet
938ac38b-3061-4e81-b1f7-611b077423cb,L3,Tweet
209b6abb-fac5-4543-97a6-0caf720ef192,L3,Tweet
9fdc6e1f-7235-4857-be74-f8d5c05eb51e,L3,Tweet
88fb9d8f-8437-460d-a44f-0b7c0bdc1666,L3,Tweet
cbd168b0-5998-4e30-afeb-9bbabf10c15e,L3,Tweet
2b41fc80-6f51-4446-86e6-2a00db8e3681,L3,Tweet
60fed3de-f57f-4ecf-afff-46cc8f79a8b6,L3,Tweet
58b6a4f8-79a5-4c8a-b6c2-8c00201f6386,L3,Tweet
cb96cd2f-70db-41be-9a05-05206a5811fc,L3,Tweet
ae024c19-a2ac-41ad-ba86-78eac40a1c6c,L3,Tweet
b09bd8f0-d7a4-4793-8a04-4950696434ad,L3,Tweet
33be2427-ddcf-4963-be08-e37530751bb5,L3,Tweet
c4ebe933-db4a-4277-b887-4edddd69c6af,L3,Tweet
026ac6b4-0ec2-4dda-8017-c37f9ca85264,L3,Tweet
c25e59c1-b52c-4e3c-b254-986ae9714796,L3,Tweet
819a991d-59e4-48ca-8900-a1cc26fb0fc1,L3,Tweet
b9c3bec4-5dbd-4c53-a8c5-35e62b2f978c,L3,Tweet
233b6760-19dd-49f6-b40b-da53b5fb3368,L3,Tweet
098ba3cc-b02c-4ebf-8eec-da512dfea703,L3,Tweet
693c2c34-4bef-4382-ac05-359878d26184,L3,Tweet
0ea0916c-d22d-4be8-ab76-6a11f19f4d67,L3,Tweet
e04fc6df-c87a-44df-aa61-2eb03c0c5fc1,L3,Tweet
3d21337f-e58f-4ec0-b18a-f7213065ca0e,L3,Tweet
cbbf4fb7-41bd-456f-be66-0eb0c4324947,L3,Tweet
f0d15caf-291a-4996-8949-dc60d43b94a6,L3,Tweet
8ca8131c-05ef-49f9-9b6c-dd1b0a0b6e9b,L3,Tweet
69f574a4-94b1-4c4d-ba84-a3bb6a6b725e,L3,Tweet
179c32e7-7214-4147-bdfa-140cb868168a,L3,Tweet
802e9d51-dbfb-46f2-9ff1-3924acb5a5b1,L3,Tweet
c08f6a1f-90a2-4023-b718-b2a099e9db8a,L3,Tweet
f2406d98-65ba-453c-8005-4098e223b2e1,L3,Tweet
dce79acb-981b-46d0-a9c0-66c4435604f4,L3,Tweet
f9951e0b-2c30-43f2-bc8b-f55427e19daf,L3,Tweet
d18bb9c6-6f61-43bd-956f-6f710e41c211,L3,Tweet
3fead011-d8c3-4929-8c5c-f1bfe6437dea,L3,Tweet
7e8ad4a6-9769-4af7-8835-86170e1d63fd,L3,Tweet
8dc2a00f-e639-43c6-9c0b-c264eb0f0c09,L3,Tweet
92eaedf1-2933-4cd4-a2ae-00a615a52a0c,L3,Tweet
b506cba8-f3ca-4bf1-a287-817843f1a8e5,L3,Tweet
22d934c3-5cb0-499e-b39e-eb9eadb01c8e,L3,Tweet
b19d13fb-4895-4e5b-97a9-0e9fbf773d15,L3,Tweet
1ff64933-b31d-472c-a3f0-1038d3c31ab5,L3,Tweet
1d3a3e85-b287-4cac-9adf-6b8172e8ed2e,L3,Tweet
3ab590ba-0807-4e60-8a52-bb3991611dd8,L3,Tweet
db57f5ae-d3a7-4de3-8126-844138ca5136,L3,Tweet
40d2a643-c4b2-4bf5-9008-344d7b52476c,L3,Tweet
229cd67d-4c2f-4414-999e-273665b30601,L3,Tweet
4a30f132-9e7b-4da5-9b13-b2cb8bb2a101,L3,Tweet
dd7c4654-d7ba-4db1-9215-e4dc5bff972a,L3,Tweet
5f24edd2-9764-4eb4-90d1-652049284c43,L3,Tweet
442df2bc-a82e-4900-8d9d-34bbce04dba1,L3,Tweet
2606b6fa-4569-482b-8632-eab3a079fc01,L3,Tweet
092de839-88ae-4aca-9b33-8295d8620489,L3,Tweet
b0036789-b088-49b0-a0d7-8b2259625584,L3,Tweet
f72667e4-2dbd-477f-8792-73da7d2b6357,L3,Tweet
847acb46-76dc-4c04-aa1b-8ccf6ee9c7f4,L3,Tweet
f5049473-6ebe-4151-806b-176c505ce254,L3,Tweet
a66be124-8e2a-448b-b34c-377f8234f082,L3,Tweet
65c62390-9a69-49b7-96c1-7a0e41f5bb01,L3,Tweet
e1285f07-ff6f-4aa2-ab35-bb5b7e9f8e02,L3,Tweet
42781a92-b3b0-45d7-b390-a26866d13802,L3,Tweet
1319b05b-51eb-4492-884b-0c939d6811dd,L3,Tweet
ca9aa19c-c957-4c3e-ad42-77a74b394508,L3,Tweet
1017ac30-0cfb-401a-a158-f4c911ef6181,L3,Tweet
8eff37f6-63cb-4aea-a668-8368292c660a,L3,Tweet
6a2f2853-9443-43f0-8434-8d48a621d655,L3,Tweet
851c540f-f514-4284-9c0c-9a5bcd838503,L3,Tweet
964cd8a2-4dcd-4274-8368-46ea1e3907a3,L3,Tweet
723a35ac-0e84-45a2-84a7-82c07f3db832,L3,Tweet
3a42ebe0-269e-4d13-88fe-6d6e38224243,L3,Tweet
7b15fc58-89bd-437c-8ae6-ff1daebfd555,L3,Tweet
a5c51dad-6507-42d3-ba26-b2a5fe5d7b04,L3,Tweet
36a8aca5-5c71-417d-8f64-d68c61c2ef76,L3,Tweet
69ca08e5-2640-44f9-9b12-512587e35a2d,L3,Tweet
0c2f6797-79b8-4625-94ef-24ca80e4c8ec,L3,Tweet
4241e4ef-53b9-4213-9cd2-fe70db69feea,L3,Tweet
5e9c5edc-99f9-42c5-9f9a-9f407edfc343,L3,Tweet
fb2f3194-73bd-4ca8-86d9-a6ea51724398,L3,Tweet
3e19e18c-269f-4a7e-bf8f-ed542594c3b6,L3,Tweet
b93b4e4c-2a7b-4e3b-bd60-41ec6eafa36d,L3,Tweet
a2cc76fc-f622-4d0f-acfd-2eb80447e3f2,L3,Tweet
7b71eb8b-6702-48c5-82b3-714543738cbc,L3,Tweet
42a9feb1-ad79-475e-be2f-d70d010185eb,L3,Tweet
22b635eb-6c4c-4156-aec1-ff2a57925719,L3,Tweet
165c1550-4ed5-411b-881c-97561c697ab7,L3,Tweet
a4dba399-e0ac-4aac-acfb-19137bff504f,L3,Tweet
c6b4f150-ae9d-480b-9d53-db0ed8b8416a,L3,Tweet
e61fb6f8-91b8-4e1b-a502-347bdd137402,L3,Tweet
0733f1ab-40a5-4d8f-94f6-82c65015127a,L3,Tweet
b0ff0c71-a0dc-4ca0-ac97-f2a5d56a619f,L3,Tweet
d86f3837-2058-43d2-99fd-776472cfbc87,L3,Tweet
2e7ca82a-0236-433a-983f-84b7a19bc2c3,L3,Tweet
ccc3c7f8-07a8-4419-a27e-7a30570b0233,L3,Tweet
622020f0-cd5c-4544-a350-6b04b79f0f31,L3,Tweet
25c5bb04-47ce-446f-bd55-601c961e01d7,L3,Tweet
a12e3b4f-a77c-45eb-bac9-d5d756be51d7,L3,Tweet
eed1b978-7a59-4761-8086-3d30422ecda5,L3,Tweet
136fd9d5-6b94-40a5-9ce3-91944fe02ee5,L3,Tweet
d74a7770-8ba0-41ab-8593-82a4b3ea658a,L3,Tweet
9d67f4be-8a96-455b-a936-384df7cc8fd2,L3,Tweet
9185a24f-34be-483c-a746-bf1e1f13f0f9,L3,Tweet
74c25fd4-4328-4876-9918-587c5c224d1a,L3,Tweet
66b09479-6fef-49dc-b704-5b57f36e85f6,L3,Tweet
0b04a2ba-d935-454c-a428-871cd7a27533,L3,Tweet
58eb4127-a9f7-4dab-8035-25004bc1a907,L3,Tweet
16186f26-58c4-4096-bd5a-dba3adc4a841,L3,Tweet
7e30cf73-5642-4fb2-b7e3-a4089c929892,L3,Tweet
6b79e3ec-2e93-427c-9166-33012f97f8b8,L3,Tweet
49168bc4-2bdf-4959-813f-b7e2e2ea7037,L3,Tweet
1429c525-de43-43e2-bce4-93135f63d0cf,L3,Tweet
e1213fa6-0ab2-4865-9e0c-e6159f44493a,L3,Tweet
1b91ff59-dc7a-4adb-8034-2a43cdfbb916,L3,Tweet
7306fa2a-5402-47af-9211-3107f686cffd,L3,Tweet
505d16ce-ee6b-4105-bc20-7a747f9da36c,L3,Tweet
cbdb4ecc-3b48-43cd-a93d-81edf6b596a9,L3,Tweet
6bb1546e-fa8c-4bf5-930a-03f71475a9a7,L3,Tweet
94dc3621-7fb1-4cd1-bb4b-999721591f38,L3,Tweet
bcd3a52e-8fd2-41ce-bcdb-77e9f5c484c9,L3,Tweet
a447e014-ec02-4b25-8636-3819f0f535d0,L3,Tweet
0238946a-98be-4820-a438-c9600e5dd202,L3,Tweet
f301b8dc-87b9-445c-ab4c-a5696d31bdef,L3,Tweet
99cebbd1-db93-4915-9a08-3f49e27e6060,L3,Tweet
b62632da-37be-41a5-9f97-14681163adeb,L3,Tweet
4edd9ba7-b6a2-40d2-8ada-1cb0de6c1aa6,L3,Tweet
02b012d9-827f-482d-9442-8f3a9e967809,L3,Tweet
9c98596c-afb4-4fcb-8a1c-8eee792f95f0,L3,Tweet
b574a778-7285-45e1-ad8f-eae58262eb8a,L3,Tweet
34570167-aad3-45e6-bb57-50d9269f936a,L3,Tweet
5033eced-f72e-440a-84ee-810075433d2c,L3,Tweet
a38ad8c1-707a-4368-a0e5-42de0c0a353b,L3,Tweet
5605c87f-3fe2-4e62-9cac-4e8e08a23a68,L3,Tweet
fb22f990-8566-4fd5-b328-0447f92aff69,L3,Tweet
61a9f99b-8716-4bcb-a8e2-2e1261f430a7,L3,Tweet
24e0bf71-e11e-4358-afa7-b601138bdbfa,L3,Tweet
1a232819-ba73-4e2f-ac98-39848d820761,L3,Tweet
526db7b4-6c97-4dba-a911-bc7b362b85e6,L3,Tweet
b1204978-53c1-426b-8458-9599d240c459,L3,Tweet
b558e4c5-6aa9-41af-b8f5-2ed81604a0f8,L3,Tweet
e1a94ccb-1233-4ab0-b201-1397293e8487,L3,Tweet
1bc7222f-7377-4d6f-998b-a0f6cc293918,L3,Tweet
097e5f57-394e-46d4-ae4c-3a5039d056a6,L3,Tweet
af6cf22b-1960-4a89-a1b1-fa6debd8d23d,L3,Tweet
0d1a51e2-6bf2-4a83-b97c-71cb4f2bc784,L3,Tweet
eca6c9f6-09fe-48b7-bb62-66f96823b9a0,L3,Tweet
d6d52062-cbf2-4bb1-8e6a-9eefee1569fa,L3,Tweet
b1777e1c-4e49-4585-8f06-d0d8776b6740,L3,Tweet
c402fb1e-8855-492d-a562-51d2bffe6ab2,L3,Tweet
6ed88024-6d15-481b-8d34-a072065d389f,L3,Tweet
ecb1f284-f681-4d47-8e21-8e8462708ef3,L3,Tweet
0631e1a3-4dd4-4d7c-962a-f8b4c4fae9db,L3,Tweet
59ecc360-c606-4a38-beb3-733d24bb27d5,L3,Tweet
a55e2ec2-3fa7-42f3-936a-4631878afcc6,L3,Tweet
27340688-c4cc-49f4-88b3-7d4d91e838a0,L3,Tweet
da074983-75e6-4024-89cf-d8a2527ae97d,L3,Tweet
f5cbd832-5129-4cfc-9194-edce09529b11,L3,Tweet
c6e39d4d-3772-4f17-9a6e-a17ff52bb53a,L3,Tweet
f4198022-c149-4d21-a73d-b59cb7165bac,L3,Tweet
30f2db0d-59bd-49c4-b67f-651a34b569d0,L3,Tweet
7dc31b32-d582-4be1-a75b-937869c5e314,L3,Tweet
c2cac24b-fbd2-4b57-93d4-dde04b7cb1fe,L3,Tweet
bdd31534-f488-4cef-8b82-66f0df8dbf9c,L3,Tweet
d8daf884-5cf3-4213-90e8-2c9969d5ed52,L3,Tweet
3449f804-f8ee-4f76-a61b-2c43a8656f94,L3,Tweet
a7fc0c10-109c-4a01-a5a1-9b479c8d927d,L3,Tweet
902ce9ca-fde5-4729-a787-6dfc91c3b048,L3,Tweet
8f1e777d-8f05-4ce1-af52-9964e9099645,L3,Tweet
f149806d-ea16-41a0-9442-593e6f6c26e8,L3,Tweet
206d8180-589f-4f07-85b6-673053800efc,L3,Tweet
c94aa075-894b-44bb-932d-b36603b72e48,L3,Tweet
023f903c-7864-4252-81f2-8811cf1c09e1,L3,Tweet
b2b86bfd-b98a-4433-a250-1da30a11b919,L3,Tweet
b7589e91-eb2e-414c-898f-225a8ab94fb4,L3,Tweet
96095419-dc9c-4e55-b8fe-669e13af4a9d,L3,Tweet
e226ab76-2928-4757-b8ba-9e99ab039859,L3,Tweet
40e75afa-d413-4cb4-84cf-8d9331e07308,L3,Tweet
3667f87f-0ff3-4f07-aeef-6272b278d4cc,L3,Tweet
adc50f93-fcc0-479b-a07f-29a9733157ef,L3,Tweet
7d16a25c-bcf9-4768-8391-5f86e871a40c,L3,Tweet
3c9355dc-ee58-459d-a14c-f21f4f68cac9,L3,Tweet
2ede6271-118c-4815-b639-6f37d2840e95,L3,Tweet
e5513b59-310d-47cc-b087-f4e272aeaad6,L3,Tweet
2f23cdc2-9518-4312-a3b0-5c71b6f66aab,L3,Tweet
e6a25386-caf8-4013-86d3-0c9623768a53,L3,Tweet
ed950013-02ce-4ada-aaaa-13afd36d1c7c,L3,Tweet
c219e834-077e-49c5-a385-2a4d855a3f61,L3,Tweet
2fe7892f-8757-4533-bfc3-de8df315d666,L3,Tweet
4665668c-a38f-446e-b8ae-3d0a2a7516d8,L3,Tweet
87dea982-f595-476b-9a0f-b159baea0cc8,L3,Tweet
f836b900-4f00-4088-85c1-c920446b55e8,L3,Tweet
37d0c970-5f74-4f9a-a224-9c0292ed077e,L3,Tweet
de41896d-1749-43a4-8af5-5579a8d6f2d9,L3,Tweet
573e144f-0915-4361-bc45-c49660a06104,L3,Tweet
b7ed1cbf-9b7c-4ed9-9b02-2a247382ae61,L3,Tweet
4ffd7f0f-f82d-4afd-8414-14c0d20ff970,L3,Tweet
f74700a8-5739-44b4-bfe1-83c7a263202c,L3,Tweet
1dd6017a-f8f8-489c-a9a0-262e692162f4,L3,Tweet
c3456759-5eca-4359-a2d6-9d8a50be5b34,L3,Tweet
49aa2742-c8b3-4246-a8ba-de6d87c53bfd,L3,Tweet
6985f797-1012-49f7-81f5-75d3f8b2528b,L3,Tweet
62d6b146-a652-4aae-9ca4-6ff8b7b1c725,L3,Tweet
d6121eb7-15f0-44e8-b602-553e845ade8a,L3,Tweet
04b6ed03-07da-4a2a-a452-ae1b3dd9d44c,L3,Tweet
d5514873-0ae5-4e95-8b08-0d61a1f19e4d,L3,Tweet
dfa87364-a9b8-4f2d-b1b3-0f1e4b375455,L3,Tweet
8d38a9e8-f36b-4871-b912-4e3421c5bdeb,L3,Tweet
d3b6165e-4dea-4e52-8bc0-04e95a71a464,L3,Tweet
132216b7-1543-4151-8e5a-17bf6472afa7,L3,Tweet
f7428fa6-71fb-45c8-ba81-cebae6beda28,L3,Tweet
e5605c2d-ccf8-441f-b6f9-e7b850f3499a,L3,Tweet
56c21ddb-9fe5-4e24-9820-bd324d0e58c2,L3,Tweet
1f34795a-a500-4788-b42b-b8a653817ed1,L3,Tweet
5850c762-30dc-431e-97ba-b38d2f697e7e,L3,Tweet
4c276a1b-63a6-4f35-b02a-76ffcfa02aa8,L3,Tweet
233f6414-e2ba-49f5-aa13-63bb588cc92b,L3,Tweet
0dde4381-7224-4066-b220-a882903356c5,L3,Tweet
403b0740-5b75-4b89-bcaf-2344ad58dae3,L3,Tweet
c9bb1e3e-a487-4b9b-be09-4757e650c3f5,L3,Tweet
60062bcb-41e7-4fe7-bec6-df03f2245dfb,L3,Tweet
177b1676-e8aa-4781-9d19-d03bd80a364b,L3,Tweet
ab01c226-d211-4a9d-b60e-3577e4b6de3c,L3,Tweet
3ce1fc8e-dff0-49e5-8747-ffc042badd0f,L3,Tweet
6658d2f0-c742-45c9-aab6-5b44c35e83c6,L3,Tweet
d0304065-e6ef-4aef-a42e-5780b07a4df8,L3,Tweet
cc6b2ab4-d940-40eb-ad11-7204e9e358fd,L3,Tweet
d959f285-2579-4292-87a4-7b7cdc3a2894,L3,Tweet
99269990-f3a0-4eb1-bacd-ed2305af1dae,L3,Tweet
997dc7fb-c0ac-4db4-b80f-c50b2d1f00f4,L3,Tweet
126feb73-2b94-409b-8dd4-149a5545b5d9,L3,Tweet
46379eb1-9de3-43f0-a9ae-02f8fb1fdec9,L3,Tweet
38c84383-2395-4bf4-9940-49009c4b6ff1,L3,Tweet
76a14d28-c440-4701-9634-d66d371fce07,L3,Tweet
adeab9bd-fae0-493c-b2ba-7bcbd6364a19,L3,Tweet
3e3a7e59-3c98-44b7-8626-0389744dc970,L3,Tweet
ee8c1857-c762-44c3-b8f7-bd35b0ee21cf,L3,Tweet
cb19fa28-b537-4b47-81f0-79f170d4c3a6,L3,Tweet
b13b6216-827c-4151-aa18-b7f6ca83eef2,L3,Tweet
8fb7cfc9-ab1a-45af-8c1e-4fae06b0a075,L3,Tweet
0470926e-bb24-4559-9805-955532a4cbcd,L3,Tweet
2e83fee1-87bd-4944-b36d-91cc82b853ad,L3,Tweet
37c17d48-6b64-40b6-9910-d75854eee7f5,L3,Tweet
064f4f90-b4c3-4dc6-a9aa-fb44aeebe53e,L3,Tweet
9543c260-e6e5-4991-be6d-80b5199e8f17,L3,Tweet
275c46f5-0dc5-46eb-b822-dc688f31c5a8,L3,Tweet
67d9fc98-2389-474d-9589-7b4f69b941e3,L3,Tweet
2dbcd20e-97fa-49e0-b68e-b5867b31e743,L3,Tweet
3709eff7-8e67-4b2d-bd91-78ece3bd3052,L3,Tweet
8dfb8567-ba31-4a6b-b65e-478e08690d8a,L3,Tweet
976d8efd-1ef8-4862-a503-96f91a5518b9,L3,Tweet
439769de-ad24-46c3-95eb-f57ba5d2f04f,L3,Tweet
e5ec319e-dd4a-4f75-bbb8-a7f50ce0fa45,L3,Tweet
2c17ab41-ab2c-4561-bde0-8ed8ceed6987,L3,Tweet
01eacc81-c4c6-47d3-9650-76c6a29a0789,L3,Tweet
09bfe01e-1903-4627-8d97-8213d68616dd,L3,Tweet
402d695d-ea5f-4e89-a08f-3905ff7c4a91,L3,Tweet
a033e72b-4ef3-49bb-bb06-c9fa355b6482,L3,Tweet
fdaea30b-1bd2-4097-95f8-fd8a1c8e508a,L3,Tweet
7b1eff16-1d4f-4a98-ab21-69c7991c07f5,L3,Tweet
76710bbf-5ae8-4f28-910b-34272bbd84b3,L3,Tweet
8c810577-e828-44f1-92c0-7b5c8c2802a2,L3,Tweet
a0d5f4fa-4cf0-4b96-890a-5541ae1c47a4,L3,Tweet
0a24e2cf-8a15-4172-8dbe-097d69ba0463,L3,Tweet
b7fe242e-6071-4c3b-920c-6ecbc7323fa8,L3,Tweet
37d04091-a903-4cda-bdfc-b54803476b7a,L3,Tweet
a93023bf-2d2c-4924-a91d-8bd7a8af9801,L3,Tweet
d1ab5a63-837f-4352-b913-9c6d2fc45bf7,L3,Tweet
7136169d-b283-44e5-9df6-4a7a9ec59d19,L3,Tweet
87b8e357-1bb3-4d9e-92f0-c2bf0685b3d8,L3,Tweet
919565d2-016a-4645-b9cb-2a85f33a26f1,L3,Tweet
02c3c99f-606b-42bd-beac-08066dc3def8,L3,Tweet
8cee8ce7-1117-4448-8ed8-5556c5eda1db,L3,Tweet
5e5be63b-d78d-42c8-8148-f3b0a109848d,L3,Tweet
6b3735cd-e2fe-4485-ab49-4a2aab6ac5c3,L3,Tweet
e455fccb-904c-4558-b0cc-72b5648cd1f0,L3,Tweet
b1485383-c32d-4eb5-b584-33ebbc695a29,L3,Tweet
b224f0af-31b8-49ab-b82c-8fe4710b0952,L3,Tweet
3acec81a-8790-4a29-a8b1-407a47bb4f1a,L3,Tweet
95ea8d4c-4adc-4b62-8768-7d8bb4861497,L3,Tweet
e0814f0d-537c-4467-9add-dace4852cbaf,L3,Tweet
cfcb6954-f38f-48e4-87e0-21838179db52,L3,Tweet
f6b6fe29-10a9-44b6-aa8a-e6715d94a621,L3,Tweet
9e6da9f6-eb89-4f01-b730-3df7031dcc65,L3,Tweet
b9e14413-9c2a-4c98-b88b-2b5eff1b8010,L3,Tweet
8f253353-8a60-4b30-95a0-fcb52d9ca50f,L3,Tweet
6cbd8b2d-f9a7-43fa-9672-05716e16eac1,L3,Tweet
ffbe4e3b-4232-4f79-b26b-c71bdb10117e,L3,Tweet
b7f8da89-38d4-453f-aa8a-146bb3e65bbe,L3,Tweet
6799316c-40a0-49b7-b515-cb98da8960f6,L3,Tweet
4e0864b7-29fb-4058-a036-e5b5b63d7c72,L3,Tweet
98474bfe-9298-4d07-a291-1a64f9548d90,L3,Tweet
cef0edd0-1ce2-4d55-88f6-af15225b470c,L3,Tweet
791f94b2-2b31-4825-8c09-b53cd3a5301b,L3,Tweet
33420dd0-136b-40ae-890f-2cf4c6fe4d00,L3,Tweet
b54e8fb4-dc1f-4d65-90e1-c2fa99c975c0,L3,Tweet
e94b061c-3e5f-4b22-8007-36da390ddf62,L3,Tweet
8341f4e9-fe63-4bbd-a179-ec95021ab981,L3,Tweet
e6e95dde-46e4-4e0f-974e-33dc0e83d299,L3,Tweet
f3cf7224-068f-4c76-84ad-8679dafe4b64,L3,Tweet
10cfc966-fd76-4ce5-8b11-b93c2b07c41e,L3,Tweet
5abb285c-1551-44f8-86a9-2288c13bd5f0,L3,Tweet
524d0295-8b09-4d16-a268-b9a4a760648a,L3,Tweet
952c992f-a974-46e0-8eee-b62e71e733c1,L3,Tweet
13d4dff9-cc9d-4b49-bc86-60dc5dfb4fe6,L3,Tweet
80b04b58-5154-432f-b5ad-aa0c2d0be806,L3,Tweet
a2ef5bb2-9e76-4053-ab4b-11aa24598ba3,L3,Tweet
6ae9521f-6785-4840-9a8d-73b78ce51df2,L3,Tweet
a089cbeb-9345-4a91-b3d2-358f1cf391de,L3,Tweet
fd706a55-39d0-4a0a-8adb-a6ae042dd651,L3,Tweet
0d9de537-c2b9-47da-9420-06b04f8e7b9e,L3,Tweet
1c56c954-de61-40ba-a219-f8a52b0147f2,L3,Tweet
706a2a9f-1bfb-4a68-803a-32b574b7f593,L3,Tweet
953508de-f1ac-48db-8eed-7cf3e60d5f7a,L3,Tweet
8bcf7581-ad2b-4694-af89-dc7f2d2ce620,L3,Tweet
ee071359-0e3e-456e-aa54-412ac94f3dc0,L3,Tweet
f0f73878-8192-4d79-ba5d-f7736a8841f9,L3,Tweet
a510e8e7-9d75-4c45-a6cc-00f7d8b4a937,L3,Tweet
3306db5e-1069-45cc-b20f-f5009babcaa1,L3,Tweet
4a9312dc-fbeb-44b7-967a-a0e6c143dce9,L3,Tweet
90d04f22-1b71-47da-bd20-421912edf96a,L3,Tweet
fc01d15a-57be-498a-817c-218ce0bc3b29,L3,Tweet
c8385ea7-7f66-471f-bcbe-8971852294ed,L3,Tweet
9e1b537f-75e9-42a4-8582-194ddef38b36,L3,Tweet
07c5a0bd-6e09-4ef8-9fee-cc877994ce95,L3,Tweet
3c2393f6-d15c-4a98-bdd2-77e4d8c78782,L3,Tweet
cf2c0e8e-1dfc-4dd4-9345-32a4962b4bf4,L3,Tweet
54532490-6fb7-49f9-8bb0-0534675b9c23,L3,Tweet
c071eb1c-6065-43f8-bcec-2994659b1115,L3,Tweet
742de390-a463-4ef9-a8ce-f497e5d17d22,L3,Tweet
1394e138-55b7-443a-858b-a932c3c9f329,L3,Tweet
0c85978c-471a-4770-9872-c734894a308a,L3,Tweet
4d1c5d23-000a-4fd3-ab8d-ad8af6ce8f37,L3,Tweet
9becd1e5-41f1-420d-ab57-3b707544d887,L3,Tweet
3bfe5313-594e-403b-a91c-3e0477ad1919,L3,Tweet
1adfcf73-9b8c-47bf-8756-d6ed30934703,L3,Tweet
961e82bd-203e-46b8-9ba5-8e86e174f776,L3,Tweet
9aae0d0e-8581-4821-9a38-3496c2ff598d,L3,Tweet
fbea89ee-df77-4c9d-9484-8d9d32d79bc8,L3,Tweet
c7ace9e8-b9b9-4b96-b5a5-7adb11469ea0,L3,Tweet
93e8a77d-5408-42f1-a086-d50526e588d7,L3,Tweet
b687173a-08a9-4a15-a3c5-30fb2d5bd0f5,L3,Tweet
4a28b596-991e-4ffb-85a9-4757e0532dc6,L3,Tweet
aa1baee3-9d1c-466b-8fb9-a3cb8940a185,L3,Tweet
1d2c9521-0680-4e4f-97a6-6d8cb3c65d94,L3,Tweet
b2143a77-ccb3-4f04-9104-4cf7937372dc,L3,Tweet
aea7072c-0c66-4e68-8f06-c83a6fccc792,L3,Tweet
785502d4-93c5-469c-b21b-e08e2140044a,L3,Tweet
37c11fc3-a182-430e-9df4-5f4aea3336b9,L3,Tweet
dcf40f8b-724f-49c9-8a54-5bb1dc3d6170,L3,Tweet
4ab9f42a-9173-4966-b40f-d2c49ec44334,L3,Tweet
5084a222-b234-4c50-9732-9ea88d8092fb,L3,Tweet
55741eba-61f6-4a90-8bb3-74f617fa8219,L3,Tweet
8390b39c-9768-4bd7-b0bd-fb1ebb654317,L3,Tweet
a74e5432-8d16-4533-9b51-6ff6b4322ad4,L3,Tweet
eb41ec00-5288-42ac-80df-b35c91ff6bbf,L3,Tweet
6568046e-f11b-4088-acb8-44a852cbd284,L3,Tweet
ad033cc6-de5b-4b30-94e3-b456708b1f6b,L3,Tweet
70494404-8ea7-476b-b56e-963dd3e6afd8,L3,Tweet
e0727422-f2bd-4b8f-8b0f-a7c7d70f0212,L3,Tweet
4893a4b5-168f-4634-b588-bbc502f4c943,L3,Tweet
bc25701d-c558-458e-9bec-7c862ee5fa9d,L3,Tweet
58177c2f-8050-424a-9ce9-5a4ff3091d84,L3,Tweet
3af63c49-124f-4a6a-93db-7a2fb7cc0ce4,L3,Tweet
b620b2aa-505a-4b6f-b9d6-fe17e94948f2,L3,Tweet
965380b9-201c-452c-a5f5-6c0360371c86,L3,Tweet
69d9c979-020c-423a-8dc9-8ec5c0907b4b,L3,Tweet
e78f460f-1055-4dbd-a2a9-3355ecc5f4d7,L3,Tweet
a3a3cd35-6c63-48fa-bbd2-60b71185978f,L3,Tweet
7fc6c4b3-a107-4719-830f-bbc44cf10fec,L3,Tweet
92c99e30-9ac9-41e8-b29f-960c798579e9,L3,Tweet
753dcae8-93a5-420f-9fe5-6c2f24945c1e,L3,Tweet
ee6da6fd-2f77-460e-a6a1-05434188d519,L3,Tweet
25cc95c9-b538-44d7-a0d6-468deaba101c,L3,Tweet
e86a0924-6bb4-443a-9b92-66fbaa45d56f,L3,Tweet
bcac5c83-695e-4456-91d1-411533edb4a4,L3,Tweet
9399509b-412e-4600-88cc-e0e117ad7870,L3,Tweet
79f1f827-d325-4921-a576-8e22a99f679f,L3,Tweet
77ff964c-c576-42a1-a2f1-718aea1cd9ce,L3,Tweet
8da96072-1f17-45eb-94a6-334a9b47ab35,L3,Tweet
a611c763-c519-4ff7-bd36-2d8c8588994b,L3,Tweet
1c27957f-5e55-41ad-b190-e67514be7ae4,L3,Tweet
9adbcf44-68ce-4d67-9eb4-9e49e41a808e,L3,Tweet
4fa74b89-e412-46ad-a508-eb49c2547cd5,L3,Tweet
dbf5996b-c972-4d4b-8493-527a191d7c04,L3,Tweet
e10e5180-f682-4767-b23e-59973e1d6da1,L3,Tweet
3883b9b9-a07b-4521-b7e9-c69b01ddd85b,L3,Tweet
27e01c4d-ae15-4bc1-8390-8b4e7e20b36d,L3,Tweet
ce32a0ca-f778-4737-bbfe-3f4bcaa7bc17,L3,Tweet
8ca9f308-64eb-408c-b3bd-897efcb10761,L3,Tweet
c29d2b9f-17b5-4eb1-845b-585702ee1504,L3,Tweet
f505b712-e31e-4d78-8305-9b2373b6eebb,L3,Tweet
f8f834d1-34b4-4422-bfb9-c820232a3e19,L3,Tweet
02dcf3ca-f7c7-4446-a9a1-a36436b72326,L3,Tweet
85de7b67-a0bc-43f1-a757-8cb69bfbf069,L3,Tweet
f781a83e-9cfb-493e-ac75-c0bea89be0f0,L3,Tweet
5b4fa315-6cfd-427b-ac50-c4431118ddc0,L3,Tweet
1f484778-24c3-4dd2-b1ce-fc93571b367e,L3,Tweet
656dec66-2cd1-494f-a60c-9bf8e714c0ba,L3,Tweet
603a37a0-4439-433f-a54c-73861112baa6,L3,Tweet
85001613-4647-45ff-8988-8f2133ce522c,L3,Tweet
65c043ba-db8c-4834-928e-bfb2858f40a7,L3,Tweet
635957b4-4397-413c-9f62-13536a088f36,L3,Tweet
aafe15a6-99cc-44be-898b-567b1fe8847d,L3,Tweet
1f814537-41af-4c7f-b304-886d3b502316,L3,Tweet
b925b873-808e-41da-973c-165c276f44eb,L3,Tweet
61eda7b6-3c4a-47a8-8717-c8982c75bec5,L3,Tweet
99b6d8a3-764f-4d03-8828-40cb252062e2,L3,Tweet
c2fba3d4-763a-439b-b7de-24f2354401a9,L3,Tweet
b6981fba-67b6-4d9f-829b-cc76b5274ddb,L3,Tweet
901f063b-5b52-4af1-9156-3d9f55c0d83e,L3,Tweet
a2796677-775c-4179-8a13-fc6d30afeb60,L3,Tweet
c46e7b75-5fc0-492c-a245-8cf5c7e73f12,L3,Tweet
37c14ad4-b997-48b2-ac09-57efcbe4b227,L3,Tweet
b9a2b08b-f02b-42d5-a906-0ac458814dae,L3,Tweet
185e5c29-5813-4085-8549-1a5cda92715e,L3,Tweet
e762c1fd-5a1a-4dc5-b5b6-5eaa354d1013,L3,Tweet
5ff48b14-0318-47ff-bfc2-9f301516f36a,L3,Tweet
f70c13a3-0c8a-4d00-bdaf-9cc1013ce6aa,L3,Tweet
2c5a6a60-828f-4400-aa17-e0dea10c7bc7,L3,Tweet
243203d4-35e9-41c3-99c8-cd69e9f54acf,L3,Tweet
7b9790f1-d0a2-4d1c-825e-f04148b742c2,L3,Tweet
531049d1-9985-4ffc-87cb-41d2dab895ff,L3,Tweet
5f991152-91a0-4654-a772-129be03f27a9,L3,Tweet
857b14e2-7487-4fec-b3cd-170b2779723d,L3,Tweet
5f05a148-3f93-408a-b69d-773fab5c2b66,L3,Tweet
19e37f64-7af1-4833-9c7e-34daa8012d9a,L3,Tweet
a5622424-f6c5-459f-9c13-b3c8ffd02e9a,L3,Tweet
4866768f-17e1-4437-906b-367e0bec67e5,L3,Tweet
545c63d3-fcc7-4751-bcf1-201100306d86,L3,Tweet
f23e1bc4-ece9-4fc7-ba6f-3a7177233640,L3,Tweet
bd7fa76a-4ce9-4c46-adb6-0384852ff88c,L3,Tweet
4833fbc0-fb27-4d24-86b8-63331e02c4f8,L3,Tweet
d97b4ebf-e07a-40c2-98b4-f1d805c904e0,L3,Tweet
27fc20eb-2e08-45b8-960b-f9db78cd3ed7,L3,Tweet
15d19e96-1fb8-4945-9254-f3e59f905bb0,L3,Tweet
477d390b-a2a5-40ec-895a-2d20613f15ef,L3,Tweet
36ff1f8a-e070-4102-9059-44c0d7b9a7b4,L3,Tweet
fe26cf78-91c5-4925-a3bc-5f7ee9586e07,L3,Tweet
aa9cbc56-8e10-4fca-85fa-f6409344917d,L3,Tweet
e5b8e582-df1e-4161-9e0d-66193366c4da,L3,Tweet
a3c1d57a-903e-4a03-a693-ab878177d739,L3,Tweet
007969df-ae24-45bc-8e08-a9a6d3ac7a0b,L3,Tweet
21b9da06-309d-4e62-9b10-d1fbd8007b69,L3,Tweet
1bbca887-fe57-4d89-92e9-8364e53eeb61,L3,Tweet
4ff19bb0-65cf-475d-a770-4cf1e533b185,L3,Tweet
20643250-6587-4e7c-99ba-159122223b9f,L3,Tweet
6b14d33b-75bc-4d1c-a8ee-0e44c9593ac3,L3,Tweet
5d2f0715-b6e2-4e82-999a-76a80e427b9d,L3,Tweet
d821e425-8d38-404e-93a5-2c8cd6f406bd,L3,Tweet
f6f99594-6e7d-4f4f-980c-8079b227a730,L3,Tweet
56c36e3b-e55f-4baf-b700-71dca1208d74,L3,Tweet
168d72f3-ed85-42da-b7a9-178461f12115,L3,Tweet
509259b1-8785-4d87-bce7-6fa4d302e1a3,L3,Tweet
177babf0-e47b-4ad0-89d0-9c85dde28c6d,L3,Tweet
0ec19eb8-db5c-4366-8f3c-2706d81af60e,L3,Tweet
132288a6-db4f-460c-9dab-18054d28999c,L3,Tweet
cd555282-d061-469c-8c2c-87ed36d434a4,L3,Tweet
0fa89d90-df72-4d5d-9ac0-f6be2171d2a3,L3,Tweet
027afe77-4de3-4a83-bad9-d640a4044a0f,L3,Tweet
f6b701e3-e9e5-4b0a-a39b-c19c2efa13a5,L3,Tweet
cf8b8763-4164-44e8-9ad9-61777d4f2251,L3,Tweet
5998ba41-37f5-49d3-95a0-66c10a64c982,L3,Tweet
6e6e8efe-46a8-4f9d-bcd7-06b2d14344ac,L3,Tweet
91a907c9-6a55-4344-9f4a-b79a53da4792,L3,Tweet
c0e6b7a1-9a2d-4548-a22e-71819d7840eb,L3,Tweet
aecbb0ea-92c6-457a-b811-c3ec094213aa,L3,Tweet
cc0462b5-e63a-4178-aa80-92fbc906ff97,L3,Tweet
76965080-dd9b-428c-b3c7-5bbada8f075a,L3,Tweet
6cb86400-3439-453f-b396-ece2fb017153,L3,Tweet
313f5f05-84fe-4ca0-98f8-83d6e9ee359a,L3,Tweet
dc546b43-9f2e-42e1-bf9d-705f29235a1d,L3,Tweet
ea80840f-bf61-4bf2-92f8-4f92641f31ba,L3,Tweet
94e5a83a-04f2-4c0d-9430-f2a435d5b945,L3,Tweet
a4ad6cdb-3593-4f94-aa41-68d59ec18072,L3,Tweet
45bdbdd6-8484-4db9-b911-426b30c92a09,L3,Tweet
65b65b4b-98b4-47fd-a97a-c4b870a568f1,L3,Tweet
4f5fecd3-4a13-4ee0-9360-abda6e2bf6b1,L3,Tweet
d59ab804-1ffa-4c44-a66c-cd0fdf4fd1bc,L3,Tweet
39a73c46-726c-425b-a9f2-8b285f1224c3,L3,Tweet
673c800c-b0d4-4af5-a5cd-ec15a6e1b911,L3,Tweet
758839ea-a88e-4855-8f38-3487e216b406,L3,Tweet
a0b6d0ed-07b1-4a46-ae42-f3b9eaf7cba9,L3,Tweet
cbd34daa-4f7b-46cb-bf3c-37f5c6519e78,L3,Tweet
30dbccfb-2555-41cf-b06f-16caa7b4e481,L3,Tweet
e5fb53bf-9775-40fc-9f4f-6464259990cf,L3,Tweet
1b99fa4c-6afa-4ecf-8370-1a7b6df54cd4,L3,Tweet
f2afb56f-88f4-4137-b7ae-77ccf832adb4,L3,Tweet
8246590f-a950-4040-a592-6a9c717c9bdf,L3,Tweet
b6599c74-9c2a-4bc2-b281-7b16ead8dfc8,L3,Tweet
af86af52-da46-4ba5-a58e-bd15a4c44939,L3,Tweet
3f850a52-53ca-4917-9250-993997cfe68e,L3,Tweet
3bcc9b9b-125d-4e30-aebb-08406e46d60c,L3,Tweet
6ea5c672-a4dd-4f79-88e4-8c6d57c1464e,L3,Tweet
a2369e00-74a7-4db4-8bf6-b180f668037a,L3,Tweet
1cf67fa2-8a8a-468b-85cd-6521bcfd0090,L3,Tweet
ce8decb3-1fbe-4204-a1c0-7689cf2010a1,L3,Tweet
cce48eb1-2669-4356-8d15-d06ef1245a15,L3,Tweet
9850af35-a618-4ce8-9330-9119d1e9a2c5,L3,Tweet
6e3e576a-cbd4-49a3-8ad5-6da6f301840b,L3,Tweet
c187d1ba-2d43-4951-b84d-9b8bb3b64b72,L3,Tweet
3870d34a-8dbd-435d-8241-622942766ae8,L3,Tweet
b5f403e3-8833-4b5c-ad30-5e7272725eb3,L1,Profile
b5f403e3-8833-4b5c-ad30-5e7272725eb3,L1,Profile
b5f403e3-8833-4b5c-ad30-5e7272725eb3,L1,Profile
b5f403e3-8833-4b5c-ad30-5e7272725eb3,L1,Profile
b5f403e3-8833-4b5c-ad30-5e7272725eb3,L1,Profile
b5f403e3-8833-4b5c-ad30-5e7272725eb3,L1,Profile
b5f403e3-8833-4b5c-ad30-5e7272725eb3,L1,Profile
b5f403e3-8833-4b5c-ad30-5e7272725eb3,L1,Profile
b5f403e3-8833-4b5c-ad30-5e7272725eb3,L1,Profile
b5f403e3-8833-4b5c-ad30-5e7272725eb3,L1,Profile
b5f403e3-8833-4b5c-ad30-5e7272725eb3,L1,Profile
b5f403e3-8833-4b5c-ad30-5e7272725eb3,L1,Profile
b5f403e3-8833-4b5c-ad30-5e7272725eb3,L1,Profile
b5f403e3-8833-4b5c-ad30-5e7272725eb3,L1,Profile
b5f403e3-8833-4b5c-ad30-5e7272725eb3,L1,Profile
b5f403e3-8833-4b5c-ad30-5e7272725eb3,L1,Profile
b5f403e3-8833-4b5c-ad30-5e7272725eb3,L1,Profile
b5f403e3-8833-4b5c-ad30-5e7272725eb3,L1,Profile
b5f403e3-8833-4b5c-ad30-5e7272725eb3,L1,Profile
b5f403e3-8833-4b5c-ad30-5e7272725eb3,L1,Profile
b5f403e3-8833-4b5c-ad30-5e7272725eb3,L1,Profile
b5f403e3-8833-4b5c-ad30-5e7272725eb3,L1,Profile
b5f403e3-8833-4b5c-ad30-5e7272725eb3,L1,Profile
b5f403e3-8833-4b5c-ad30-5e7272725eb3,L1,Profile
b5f403e3-8833-4b5c-ad30-5e7272725eb3,L1,Profile
b5f403e3-8833-4b5c-ad30-5e7272725eb3,L1,Profile
b5f403e3-8833-4b5c-ad30-5e7272725eb3,L1,Profile
b5f403e3-8833-4b5c-ad30-5e7272725eb3,L1,Profile
b5f403e3-8833-4b5c-ad30-5e7272725eb3,L1,Profile
b5f403e3-8833-4b5c-ad30-5e7272725eb3,L1,Profile
b5f403e3-8833-4b5c-ad30-5e7272725eb3,L1,Profile
b5f403e3-8833-4b5c-ad30-5e7272725eb3,L1,Profile
b5f403e3-8833-4b5c-ad30-5e7272725eb3,L1,Profile
b5f403e3-8833-4b5c-ad30-5e7272725eb3,L1,Profile
b5f403e3-8833-4b5c-ad30-5e7272725eb3,L1,Profile
b5f403e3-8833-4b5c-ad30-5e7272725eb3,L1,Profile
b5f403e3-8833-4b5c-ad30-5e7272725eb3,L1,Profile
b5f403e3-8833-4b5c-ad30-5e7272725eb3,L1,Profile
b5f403e3-8833-4b5c-ad30-5e7272725eb3,L1,Profile
b5f403e3-8833-4b5c-ad30-5e7272725eb3,L1,Profile
b5f403e3-8833-4b5c-ad30-5e7272725eb3,L1,Profile
b5f403e3-8833-4b5c-ad30-5e7272725eb3,L1,Profile
b5f403e3-8833-4b5c-ad30-5e7272725eb3,L1,Profile
b5f403e3-8833-4b5c-ad30-5e7272725eb3,L1,Profile
b5f403e3-8833-4b5c-ad30-5e7272725eb3,L1,Profile
b5f403e3-8833-4b5c-ad30-5e7272725eb3,L1,Profile
b5f403e3-8833-4b5c-ad30-5e7272725eb3,L1,Profile
b5f403e3-8833-4b5c-ad30-5e7272725eb3,L1,Profile
b5f403e3-8833-4b5c-ad30-5e7272725eb3,L1,Profile
b5f403e3-8833-4b5c-ad30-5e7272725eb3,L1,Profile
b5f403e3-8833-4b5c-ad30-5e7272725eb3,L1,Profile
b5f403e3-8833-4b5c-ad30-5e7272725eb3,L1,Profile
b5f403e3-8833-4b5c-ad30-5e7272725eb3,L1,Profile
b5f403e3-8833-4b5c-ad30-5e7272725eb3,L1,Profile
b5f403e3-8833-4b5c-ad30-5e7272725eb3,L1,Profile
b5f403e3-8833-4b5c-ad30-5e7272725eb3,L1,Profile
b5f403e3-8833-4b5c-ad30-5e7272725eb3,L1,Profile
b5f403e3-8833-4b5c-ad30-5e7272725eb3,L1,Profile
b5f403e3-8833-4b5c-ad30-5e7272725eb3,L1,Profile
b5f403e3-8833-4b5c-ad30-5e7272725eb3,L1,Profile
b5f403e3-8833-4b5c-ad30-5e7272725eb3,L1,Profile
b5f403e3-8833-4b5c-ad30-5e7272725eb3,L1,Profile
b5f403e3-8833-4b5c-ad30-5e7272725eb3,L1,Profile
b5f403e3-8833-4b5c-ad30-5e7272725eb3,L1,Profile
b5f403e3-8833-4b5c-ad30-5e7272725eb3,L1,Profile
b5f403e3-8833-4b5c-ad30-5e7272725eb3,L1,Profile
b5f403e3-8833-4b5c-ad30-5e7272725eb3,L1,Profile
b5f403e3-8833-4b5c-ad30-5e7272725eb3,L1,Profile
b5f403e3-8833-4b5c-ad30-5e7272725eb3,L1,Profile
b5f403e3-8833-4b5c-ad30-5e7272725eb3,L1,Profile
b5f403e3-8833-4b5c-ad30-5e7272725eb3,L1,Profile
b5f403e3-8833-4b5c-ad30-5e7272725eb3,L1,Profile
b5f403e3-8833-4b5c-ad30-5e7272725eb3,L1,Profile
b5f403e3-8833-4b5c-ad30-5e7272725eb3,L1,Profile
b5f403e3-8833-4b5c-ad30-5e7272725eb3,L1,Profile
b5f403e3-8833-4b5c-ad30-5e7272725eb3,L1,Profile
b5f403e3-8833-4b5c-ad30-5e7272725eb3,L1,Profile
b5f403e3-8833-4b5c-ad30-5e7272725eb3,L1,Profile
b5f403e3-8833-4b5c-ad30-5e7272725eb3,L1,Profile
b5f403e3-8833-4b5c-ad30-5e7272725eb3,L1,Profile
b5f403e3-8833-4b5c-ad30-5e7272725eb3,L1,Profile
b5f403e3-8833-4b5c-ad30-5e7272725eb3,L1,Profile
b5f403e3-8833-4b5c-ad30-5e7272725eb3,L1,Profile
b5f403e3-8833-4b5c-ad30-5e7272725eb3,L1,Profile
b5f403e3-8833-4b5c-ad30-5e7272725eb3,L1,Profile
b5f403e3-8833-4b5c-ad30-5e7272725eb3,L1,Profile
b5f403e3-8833-4b5c-ad30-5e7272725eb3,L1,Profile
b5f403e3-8833-4b5c-ad30-5e7272725eb3,L1,Profile
b5f403e3-8833-4b5c-ad30-5e7272725eb3,L1,Profile
b5f403e3-8833-4b5c-ad30-5e7272725eb3,L1,Profile
b5f403e3-8833-4b5c-ad30-5e7272725eb3,L1,Profile
b5f403e3-8833-4b5c-ad30-5e7272725eb3,L1,Profile
b5f403e3-8833-4b5c-ad30-5e7272725eb3,L1,Profile
b5f403e3-8833-4b5c-ad30-5e7272725eb3,L1,Profile
b5f403e3-8833-4b5c-ad30-5e7272725eb3,L1,Profile
b5f403e3-8833-4b5c-ad30-5e7272725eb3,L1,Profile
b5f403e3-8833-4b5c-ad30-5e7272725eb3,L1,Profile
b5f403e3-8833-4b5c-ad30-5e7272725eb3,L1,Profile
b5f403e3-8833-4b5c-ad30-5e7272725eb3,L1,Profile
b5f403e3-8833-4b5c-ad30-5e7272725eb3,L1,Profile
b5f403e3-8833-4b5c-ad30-5e7272725eb3,L1,Profile
b5f403e3-8833-4b5c-ad30-5e7272725eb3,L1,Profile
b5f403e3-8833-4b5c-ad30-5e7272725eb3,L1,Profile
b5f403e3-8833-4b5c-ad30-5e7272725eb3,L1,Profile
b5f403e3-8833-4b5c-ad30-5e7272725eb3,L1,Profile
b5f403e3-8833-4b5c-ad30-5e7272725eb3,L1,Profile
b5f403e3-8833-4b5c-ad30-5e7272725eb3,L1,Profile
b5f403e3-8833-4b5c-ad30-5e7272725eb3,L1,Profile
b5f403e3-8833-4b5c-ad30-5e7272725eb3,L1,Profile
b5f403e3-8833-4b5c-ad30-5e7272725eb3,L1,Profile
b5f403e3-8833-4b5c-ad30-5e7272725eb3,L1,Profile
b5f403e3-8833-4b5c-ad30-5e7272725eb3,L1,Profile
b5f403e3-8833-4b5c-ad30-5e7272725eb3,L1,Profile
b5f403e3-8833-4b5c-ad30-5e7272725eb3,L1,Profile
b5f403e3-8833-4b5c-ad30-5e7272725eb3,L1,Profile
b5f403e3-8833-4b5c-ad30-5e7272725eb3,L1,Profile
b5f403e3-8833-4b5c-ad30-5e7272725eb3,L1,Profile
b5f403e3-8833-4b5c-ad30-5e7272725eb3,L1,Profile
b5f403e3-8833-4b5c-ad30-5e7272725eb3,L1,Profile
b5f403e3-8833-4b5c-ad30-5e7272725eb3,L1,Profile
b5f403e3-8833-4b5c-ad30-5e7272725eb3,L1,Profile
b5f403e3-8833-4b5c-ad30-5e7272725eb3,L1,Profile
b5f403e3-8833-4b5c-ad30-5e7272725eb3,L1,Profile
b5f403e3-8833-4b5c-ad30-5e7272725eb3,L1,Profile
b5f403e3-8833-4b5c-ad30-5e7272725eb3,L1,Profile
b5f403e3-8833-4b5c-ad30-5e7272725eb3,L1,Profile
b5f403e3-8833-4b5c-ad30-5e7272725eb3,L1,Profile
b5f403e3-8833-4b5c-ad30-5e7272725eb3,L1,Profile
b5f403e3-8833-4b5c-ad30-5e7272725eb3,L1,Profile
b5f403e3-8833-4b5c-ad30-5e7272725eb3,L1,Profile
b5f403e3-8833-4b5c-ad30-5e7272725eb3,L1,Profile
b5f403e3-8833-4b5c-ad30-5e7272725eb3,L1,Profile
b5f403e3-8833-4b5c-ad30-5e7272725eb3,L1,Profile
b5f403e3-8833-4b5c-ad30-5e7272725eb3,L1,Profile
b5f403e3-8833-4b5c-ad30-5e7272725eb3,L1,Profile
b5f403e3-8833-4b5c-ad30-5e7272725eb3,L1,Profile
b5f403e3-8833-4b5c-ad30-5e7272725eb3,L1,Profile
b5f403e3-8833-4b5c-ad30-5e7272725eb3,L1,Profile
b5f403e3-8833-4b5c-ad30-5e7272725eb3,L1,Profile
b5f403e3-8833-4b5c-ad30-5e7272725eb3,L1,Profile
b5f403e3-8833-4b5c-ad30-5e7272725eb3,L1,Profile
b5f403e3-8833-4b5c-ad30-5e7272725eb3,L1,Profile
b5f403e3-8833-4b5c-ad30-5e7272725eb3,L1,Profile
b5f403e3-8833-4b5c-ad30-5e7272725eb3,L1,Profile
b5f403e3-8833-4b5c-ad30-5e7272725eb3,L1,Profile
b5f403e3-8833-4b5c-ad30-5e7272725eb3,L1,Profile
b5f403e3-8833-4b5c-ad30-5e7272725eb3,L1,Profile
b5f403e3-8833-4b5c-ad30-5e7272725eb3,L1,Profile
b5f403e3-8833-4b5c-ad30-5e7272725eb3,L1,Profile
b5f403e3-8833-4b5c-ad30-5e7272725eb3,L1,Profile
b5f403e3-8833-4b5c-ad30-5e7272725eb3,L1,Profile
b5f403e3-8833-4b5c-ad30-5e7272725eb3,L1,Profile
b5f403e3-8833-4b5c-ad30-5e7272725eb3,L1,Profile
b5f403e3-8833-4b5c-ad30-5e7272725eb3,L1,Profile
b5f403e3-8833-4b5c-ad30-5e7272725eb3,L1,Profile
b5f403e3-8833-4b5c-ad30-5e7272725eb3,L1,Profile
b5f403e3-8833-4b5c-ad30-5e7272725eb3,L1,Profile
b5f403e3-8833-4b5c-ad30-5e7272725eb3,L1,Profile
b5f403e3-8833-4b5c-ad30-5e7272725eb3,L1,Profile
b5f403e3-8833-4b5c-ad30-5e7272725eb3,L1,Profile
b5f403e3-8833-4b5c-ad30-5e7272725eb3,L1,Profile
b5f403e3-8833-4b5c-ad30-5e7272725eb3,L1,Profile
b5f403e3-8833-4b5c-ad30-5e7272725eb3,L1,Profile
b5f403e3-8833-4b5c-ad30-5e7272725eb3,L1,Profile
b5f403e3-8833-4b5c-ad30-5e7272725eb3,L1,Profile
b5f403e3-8833-4b5c-ad30-5e7272725eb3,L1,Profile
b5f403e3-8833-4b5c-ad30-5e7272725eb3,L1,Profile
b5f403e3-8833-4b5c-ad30-5e7272725eb3,L1,Profile
b5f403e3-8833-4b5c-ad30-5e7272725eb3,L1,Profile
b5f403e3-8833-4b5c-ad30-5e7272725eb3,L1,Profile
b5f403e3-8833-4b5c-ad30-5e7272725eb3,L1,Profile
b5f403e3-8833-4b5c-ad30-5e7272725eb3,L1,Profile
b5f403e3-8833-4b5c-ad30-5e7272725eb3,L1,Profile
b5f403e3-8833-4b5c-ad30-5e7272725eb3,L1,Profile
b5f403e3-8833-4b5c-ad30-5e7272725eb3,L1,Profile
b5f403e3-8833-4b5c-ad30-5e7272725eb3,L1,Profile
b5f403e3-8833-4b5c-ad30-5e7272725eb3,L1,Profile
b5f403e3-8833-4b5c-ad30-5e7272725eb3,L1,Profile
b5f403e3-8833-4b5c-ad30-5e7272725eb3,L1,Profile
b5f403e3-8833-4b5c-ad30-5e7272725eb3,L1,Profile
b5f403e3-8833-4b5c-ad30-5e7272725eb3,L1,Profile
b5f403e3-8833-4b5c-ad30-5e7272725eb3,L1,Profile
b5f403e3-8833-4b5c-ad30-5e7272725eb3,L1,Profile
b5f403e3-8833-4b5c-ad30-5e7272725eb3,L1,Profile
b5f403e3-8833-4b5c-ad30-5e7272725eb3,L1,Profile
b5f403e3-8833-4b5c-ad30-5e7272725eb3,L1,Profile
b5f403e3-8833-4b5c-ad30-5e7272725eb3,L1,Profile
b5f403e3-8833-4b5c-ad30-5e7272725eb3,L1,Profile
b5f403e3-8833-4b5c-ad30-5e7272725eb3,L1,Profile
b5f403e3-8833-4b5c-ad30-5e7272725eb3,L1,Profile
b5f403e3-8833-4b5c-ad30-5e7272725eb3,L1,Profile
b5f403e3-8833-4b5c-ad30-5e7272725eb3,L1,Profile
b5f403e3-8833-4b5c-ad30-5e7272725eb3,L1,Profile
b5f403e3-8833-4b5c-ad30-5e7272725eb3,L1,Profile
b5f403e3-8833-4b5c-ad30-5e7272725eb3,L1,Profile
b5f403e3-8833-4b5c-ad30-5e7272725eb3,L1,Profile
b5f403e3-8833-4b5c-ad30-5e7272725eb3,L1,Profile
b5f403e3-8833-4b5c-ad30-5e7272725eb3,L1,Profile
b5f403e3-8833-4b5c-ad30-5e7272725eb3,L1,Profile
b5f403e3-8833-4b5c-ad30-5e7272725eb3,L1,Profile
b5f403e3-8833-4b5c-ad30-5e7272725eb3,L1,Profile
b5f403e3-8833-4b5c-ad30-5e7272725eb3,L1,Profile
b5f403e3-8833-4b5c-ad30-5e7272725eb3,L1,Profile
b5f403e3-8833-4b5c-ad30-5e7272725eb3,L1,Profile
b5f403e3-8833-4b5c-ad30-5e7272725eb3,L1,Profile
b5f403e3-8833-4b5c-ad30-5e7272725eb3,L1,Profile
b5f403e3-8833-4b5c-ad30-5e7272725eb3,L1,Profile
b5f403e3-8833-4b5c-ad30-5e7272725eb3,L1,Profile
b5f403e3-8833-4b5c-ad30-5e7272725eb3,L1,Profile
b5f403e3-8833-4b5c-ad30-5e7272725eb3,L1,Profile
b5f403e3-8833-4b5c-ad30-5e7272725eb3,L1,Profile
b5f403e3-8833-4b5c-ad30-5e7272725eb3,L1,Profile
b5f403e3-8833-4b5c-ad30-5e7272725eb3,L1,Profile
b5f403e3-8833-4b5c-ad30-5e7272725eb3,L1,Profile
b5f403e3-8833-4b5c-ad30-5e7272725eb3,L1,Profile
b5f403e3-8833-4b5c-ad30-5e7272725eb3,L1,Profile
b5f403e3-8833-4b5c-ad30-5e7272725eb3,L1,Profile
b5f403e3-8833-4b5c-ad30-5e7272725eb3,L1,Profile
b5f403e3-8833-4b5c-ad30-5e7272725eb3,L1,Profile
b5f403e3-8833-4b5c-ad30-5e7272725eb3,L1,Profile
b5f403e3-8833-4b5c-ad30-5e7272725eb3,L1,Profile
b5f403e3-8833-4b5c-ad30-5e7272725eb3,L1,Profile
b5f403e3-8833-4b5c-ad30-5e7272725eb3,L1,Profile
b5f403e3-8833-4b5c-ad30-5e7272725eb3,L1,Profile
b5f403e3-8833-4b5c-ad30-5e7272725eb3,L1,Profile
b5f403e3-8833-4b5c-ad30-5e7272725eb3,L1,Profile
b5f403e3-8833-4b5c-ad30-5e7272725eb3,L1,Profile
b5f403e3-8833-4b5c-ad30-5e7272725eb3,L1,Profile
b5f403e3-8833-4b5c-ad30-5e7272725eb3,L1,Profile
b5f403e3-8833-4b5c-ad30-5e7272725eb3,L1,Profile
b5f403e3-8833-4b5c-ad30-5e7272725eb3,L1,Profile
b5f403e3-8833-4b5c-ad30-5e7272725eb3,L1,Profile
b5f403e3-8833-4b5c-ad30-5e7272725eb3,L1,Profile
b5f403e3-8833-4b5c-ad30-5e7272725eb3,L1,Profile
b5f403e3-8833-4b5c-ad30-5e7272725eb3,L1,Profile
b5f403e3-8833-4b5c-ad30-5e7272725eb3,L1,Profile
b5f403e3-8833-4b5c-ad30-5e7272725eb3,L1,Profile
b5f403e3-8833-4b5c-ad30-5e7272725eb3,L1,Profile
b5f403e3-8833-4b5c-ad30-5e7272725eb3,L1,Profile
b5f403e3-8833-4b5c-ad30-5e7272725eb3,L1,Profile
b5f403e3-8833-4b5c-ad30-5e7272725eb3,L1,Profile
b5f403e3-8833-4b5c-ad30-5e7272725eb3,L1,Profile
b5f403e3-8833-4b5c-ad30-5e7272725eb3,L1,Profile
b5f403e3-8833-4b5c-ad30-5e7272725eb3,L1,Profile
b5f403e3-8833-4b5c-ad30-5e7272725eb3,L1,Profile
b5f403e3-8833-4b5c-ad30-5e7272725eb3,L1,Profile
b5f403e3-8833-4b5c-ad30-5e7272725eb3,L1,Profile
b5f403e3-8833-4b5c-ad30-5e7272725eb3,L1,Profile
b5f403e3-8833-4b5c-ad30-5e7272725eb3,L1,Profile
b5f403e3-8833-4b5c-ad30-5e7272725eb3,L1,Profile
b5f403e3-8833-4b5c-ad30-5e7272725eb3,L1,Profile
b5f403e3-8833-4b5c-ad30-5e7272725eb3,L1,Profile
b5f403e3-8833-4b5c-ad30-5e7272725eb3,L1,Profile
b5f403e3-8833-4b5c-ad30-5e7272725eb3,L1,Profile
b5f403e3-8833-4b5c-ad30-5e7272725eb3,L1,Profile
b5f403e3-8833-4b5c-ad30-5e7272725eb3,L1,Profile
b5f403e3-8833-4b5c-ad30-5e7272725eb3,L1,Profile
b5f403e3-8833-4b5c-ad30-5e7272725eb3,L1,Profile
b5f403e3-8833-4b5c-ad30-5e7272725eb3,L1,Profile
b5f403e3-8833-4b5c-ad30-5e7272725eb3,L1,Profile
b5f403e3-8833-4b5c-ad30-5e7272725eb3,L1,Profile
b5f403e3-8833-4b5c-ad30-5e7272725eb3,L1,Profile
b5f403e3-8833-4b5c-ad30-5e7272725eb3,L1,Profile
b5f403e3-8833-4b5c-ad30-5e7272725eb3,L1,Profile
b5f403e3-8833-4b5c-ad30-5e7272725eb3,L1,Profile
b5f403e3-8833-4b5c-ad30-5e7272725eb3,L1,Profile
b5f403e3-8833-4b5c-ad30-5e7272725eb3,L1,Profile
b5f403e3-8833-4b5c-ad30-5e7272725eb3,L1,Profile
b5f403e3-8833-4b5c-ad30-5e7272725eb3,L1,Profile
b5f403e3-8833-4b5c-ad30-5e7272725eb3,L1,Profile
b5f403e3-8833-4b5c-ad30-5e7272725eb3,L1,Profile
b5f403e3-8833-4b5c-ad30-5e7272725eb3,L1,Profile
b5f403e3-8833-4b5c-ad30-5e7272725eb3,L1,Profile
b5f403e3-8833-4b5c-ad30-5e7272725eb3,L1,Profile
b5f403e3-8833-4b5c-ad30-5e7272725eb3,L1,Profile
b5f403e3-8833-4b5c-ad30-5e7272725eb3,L1,Profile
b5f403e3-8833-4b5c-ad30-5e7272725eb3,L1,Profile
b5f403e3-8833-4b5c-ad30-5e7272725eb3,L1,Profile
b5f403e3-8833-4b5c-ad30-5e7272725eb3,L1,Profile
b5f403e3-8833-4b5c-ad30-5e7272725eb3,L1,Profile
b5f403e3-8833-4b5c-ad30-5e7272725eb3,L1,Profile
b5f403e3-8833-4b5c-ad30-5e7272725eb3,L1,Profile
b5f403e3-8833-4b5c-ad30-5e7272725eb3,L1,Profile
b5f403e3-8833-4b5c-ad30-5e7272725eb3,L1,Profile
b5f403e3-8833-4b5c-ad30-5e7272725eb3,L1,Profile
b5f403e3-8833-4b5c-ad30-5e7272725eb3,L1,Profile
b5f403e3-8833-4b5c-ad30-5e7272725eb3,L1,Profile
b5f403e3-8833-4b5c-ad30-5e7272725eb3,L1,Profile
b5f403e3-8833-4b5c-ad30-5e7272725eb3,L1,Profile
b5f403e3-8833-4b5c-ad30-5e7272725eb3,L1,Profile
b5f403e3-8833-4b5c-ad30-5e7272725eb3,L1,Profile
b5f403e3-8833-4b5c-ad30-5e7272725eb3,L1,Profile
b5f403e3-8833-4b5c-ad30-5e7272725eb3,L1,Profile
b5f403e3-8833-4b5c-ad30-5e7272725eb3,L1,Profile
b5f403e3-8833-4b5c-ad30-5e7272725eb3,L1,Profile
b5f403e3-8833-4b5c-ad30-5e7272725eb3,L1,Profile
b5f403e3-8833-4b5c-ad30-5e7272725eb3,L1,Profile
b5f403e3-8833-4b5c-ad30-5e7272725eb3,L1,Profile
b5f403e3-8833-4b5c-ad30-5e7272725eb3,L1,Profile
b5f403e3-8833-4b5c-ad30-5e7272725eb3,L1,Profile
b5f403e3-8833-4b5c-ad30-5e7272725eb3,L1,Profile
b5f403e3-8833-4b5c-ad30-5e7272725eb3,L1,Profile
b5f403e3-8833-4b5c-ad30-5e7272725eb3,L1,Profile
b5f403e3-8833-4b5c-ad30-5e7272725eb3,L1,Profile
b5f403e3-8833-4b5c-ad30-5e7272725eb3,L1,Profile
b5f403e3-8833-4b5c-ad30-5e7272725eb3,L1,Profile
b5f403e3-8833-4b5c-ad30-5e7272725eb3,L1,Profile
b5f403e3-8833-4b5c-ad30-5e7272725eb3,L1,Profile
b5f403e3-8833-4b5c-ad30-5e7272725eb3,L1,Profile
b5f403e3-8833-4b5c-ad30-5e7272725eb3,L1,Profile
b5f403e3-8833-4b5c-ad30-5e7272725eb3,L1,Profile
b5f403e3-8833-4b5c-ad30-5e7272725eb3,L1,Profile
b5f403e3-8833-4b5c-ad30-5e7272725eb3,L1,Profile
b5f403e3-8833-4b5c-ad30-5e7272725eb3,L1,Profile
b5f403e3-8833-4b5c-ad30-5e7272725eb3,L1,Profile
b5f403e3-8833-4b5c-ad30-5e7272725eb3,L1,Profile
b5f403e3-8833-4b5c-ad30-5e7272725eb3,L1,Profile
b5f403e3-8833-4b5c-ad30-5e7272725eb3,L1,Profile
b5f403e3-8833-4b5c-ad30-5e7272725eb3,L1,Profile
b5f403e3-8833-4b5c-ad30-5e7272725eb3,L1,Profile
b5f403e3-8833-4b5c-ad30-5e7272725eb3,L1,Profile
b5f403e3-8833-4b5c-ad30-5e7272725eb3,L1,Profile
b5f403e3-8833-4b5c-ad30-5e7272725eb3,L1,Profile
b5f403e3-8833-4b5c-ad30-5e7272725eb3,L1,Profile
b5f403e3-8833-4b5c-ad30-5e7272725eb3,L1,Profile
b5f403e3-8833-4b5c-ad30-5e7272725eb3,L1,Profile
b5f403e3-8833-4b5c-ad30-5e7272725eb3,L1,Profile
b5f403e3-8833-4b5c-ad30-5e7272725eb3,L1,Profile
b5f403e3-8833-4b5c-ad30-5e7272725eb3,L1,Profile
b5f403e3-8833-4b5c-ad30-5e7272725eb3,L1,Profile
b5f403e3-8833-4b5c-ad30-5e7272725eb3,L1,Profile
b5f403e3-8833-4b5c-ad30-5e7272725eb3,L1,Profile
b5f403e3-8833-4b5c-ad30-5e7272725eb3,L1,Profile
b5f403e3-8833-4b5c-ad30-5e7272725eb3,L1,Profile
b5f403e3-8833-4b5c-ad30-5e7272725eb3,L1,Profile
b5f403e3-8833-4b5c-ad30-5e7272725eb3,L1,Profile
b5f403e3-8833-4b5c-ad30-5e7272725eb3,L1,Profile
b5f403e3-8833-4b5c-ad30-5e7272725eb3,L1,Profile
b5f403e3-8833-4b5c-ad30-5e7272725eb3,L1,Profile
b5f403e3-8833-4b5c-ad30-5e7272725eb3,L1,Profile
b5f403e3-8833-4b5c-ad30-5e7272725eb3,L1,Profile
b5f403e3-8833-4b5c-ad30-5e7272725eb3,L1,Profile
b5f403e3-8833-4b5c-ad30-5e7272725eb3,L1,Profile
b5f403e3-8833-4b5c-ad30-5e7272725eb3,L1,Profile
b5f403e3-8833-4b5c-ad30-5e7272725eb3,L1,Profile
b5f403e3-8833-4b5c-ad30-5e7272725eb3,L1,Profile
b5f403e3-8833-4b5c-ad30-5e7272725eb3,L1,Profile
b5f403e3-8833-4b5c-ad30-5e7272725eb3,L1,Profile
b5f403e3-8833-4b5c-ad30-5e7272725eb3,L1,Profile
b5f403e3-8833-4b5c-ad30-5e7272725eb3,L1,Profile
b5f403e3-8833-4b5c-ad30-5e7272725eb3,L1,Profile
b5f403e3-8833-4b5c-ad30-5e7272725eb3,L1,Profile
b5f403e3-8833-4b5c-ad30-5e7272725eb3,L1,Profile
b5f403e3-8833-4b5c-ad30-5e7272725eb3,L1,Profile
b5f403e3-8833-4b5c-ad30-5e7272725eb3,L1,Profile
b5f403e3-8833-4b5c-ad30-5e7272725eb3,L1,Profile
b5f403e3-8833-4b5c-ad30-5e7272725eb3,L1,Profile
b5f403e3-8833-4b5c-ad30-5e7272725eb3,L1,Profile
b5f403e3-8833-4b5c-ad30-5e7272725eb3,L1,Profile
b5f403e3-8833-4b5c-ad30-5e7272725eb3,L1,Profile
b5f403e3-8833-4b5c-ad30-5e7272725eb3,L1,Profile
b5f403e3-8833-4b5c-ad30-5e7272725eb3,L1,Profile
b5f403e3-8833-4b5c-ad30-5e7272725eb3,L1,Profile
b5f403e3-8833-4b5c-ad30-5e7272725eb3,L1,Profile
b5f403e3-8833-4b5c-ad30-5e7272725eb3,L1,Profile
b5f403e3-8833-4b5c-ad30-5e7272725eb3,L1,Profile
b5f403e3-8833-4b5c-ad30-5e7272725eb3,L1,Profile
b5f403e3-8833-4b5c-ad30-5e7272725eb3,L1,Profile
b5f403e3-8833-4b5c-ad30-5e7272725eb3,L1,Profile
b5f403e3-8833-4b5c-ad30-5e7272725eb3,L1,Profile
b5f403e3-8833-4b5c-ad30-5e7272725eb3,L1,Profile
b5f403e3-8833-4b5c-ad30-5e7272725eb3,L1,Profile
b5f403e3-8833-4b5c-ad30-5e7272725eb3,L1,Profile
b5f403e3-8833-4b5c-ad30-5e7272725eb3,L1,Profile
b5f403e3-8833-4b5c-ad30-5e7272725eb3,L1,Profile
b5f403e3-8833-4b5c-ad30-5e7272725eb3,L1,Profile
b5f403e3-8833-4b5c-ad30-5e7272725eb3,L1,Profile
b5f403e3-8833-4b5c-ad30-5e7272725eb3,L1,Profile
b5f403e3-8833-4b5c-ad30-5e7272725eb3,L1,Profile
b5f403e3-8833-4b5c-ad30-5e7272725eb3,L1,Profile
b5f403e3-8833-4b5c-ad30-5e7272725eb3,L1,Profile
b5f403e3-8833-4b5c-ad30-5e7272725eb3,L1,Profile
b5f403e3-8833-4b5c-ad30-5e7272725eb3,L1,Profile
b5f403e3-8833-4b5c-ad30-5e7272725eb3,L1,Profile
b5f403e3-8833-4b5c-ad30-5e7272725eb3,L1,Profile
b5f403e3-8833-4b5c-ad30-5e7272725eb3,L1,Profile
b5f403e3-8833-4b5c-ad30-5e7272725eb3,L1,Profile
b5f403e3-8833-4b5c-ad30-5e7272725eb3,L1,Profile
b5f403e3-8833-4b5c-ad30-5e7272725eb3,L1,Profile
b5f403e3-8833-4b5c-ad30-5e7272725eb3,L1,Profile
b5f403e3-8833-4b5c-ad30-5e7272725eb3,L1,Profile
b5f403e3-8833-4b5c-ad30-5e7272725eb3,L1,Profile
b5f403e3-8833-4b5c-ad30-5e7272725eb3,L1,Profile
b5f403e3-8833-4b5c-ad30-5e7272725eb3,L1,Profile
b5f403e3-8833-4b5c-ad30-5e7272725eb3,L1,Profile
b5f403e3-8833-4b5c-ad30-5e7272725eb3,L1,Profile
b5f403e3-8833-4b5c-ad30-5e7272725eb3,L1,Profile
b5f403e3-8833-4b5c-ad30-5e7272725eb3,L1,Profile
b5f403e3-8833-4b5c-ad30-5e7272725eb3,L1,Profile
b5f403e3-8833-4b5c-ad30-5e7272725eb3,L1,Profile
b5f403e3-8833-4b5c-ad30-5e7272725eb3,L1,Profile
b5f403e3-8833-4b5c-ad30-5e7272725eb3,L1,Profile
b5f403e3-8833-4b5c-ad30-5e7272725eb3,L1,Profile
b5f403e3-8833-4b5c-ad30-5e7272725eb3,L1,Profile
b5f403e3-8833-4b5c-ad30-5e7272725eb3,L1,Profile
b5f403e3-8833-4b5c-ad30-5e7272725eb3,L1,Profile
b5f403e3-8833-4b5c-ad30-5e7272725eb3,L1,Profile
b5f403e3-8833-4b5c-ad30-5e7272725eb3,L1,Profile
b5f403e3-8833-4b5c-ad30-5e7272725eb3,L1,Profile
b5f403e3-8833-4b5c-ad30-5e7272725eb3,L1,Profile
b5f403e3-8833-4b5c-ad30-5e7272725eb3,L1,Profile
b5f403e3-8833-4b5c-ad30-5e7272725eb3,L1,Profile
b5f403e3-8833-4b5c-ad30-5e7272725eb3,L1,Profile
b5f403e3-8833-4b5c-ad30-5e7272725eb3,L1,Profile
b5f403e3-8833-4b5c-ad30-5e7272725eb3,L1,Profile
b5f403e3-8833-4b5c-ad30-5e7272725eb3,L1,Profile
b5f403e3-8833-4b5c-ad30-5e7272725eb3,L1,Profile
b5f403e3-8833-4b5c-ad30-5e7272725eb3,L1,Profile
b5f403e3-8833-4b5c-ad30-5e7272725eb3,L1,Profile
b5f403e3-8833-4b5c-ad30-5e7272725eb3,L1,Profile
b5f403e3-8833-4b5c-ad30-5e7272725eb3,L1,Profile
b5f403e3-8833-4b5c-ad30-5e7272725eb3,L1,Profile
b5f403e3-8833-4b5c-ad30-5e7272725eb3,L1,Profile
b5f403e3-8833-4b5c-ad30-5e7272725eb3,L1,Profile
b5f403e3-8833-4b5c-ad30-5e7272725eb3,L1,Profile
b5f403e3-8833-4b5c-ad30-5e7272725eb3,L1,Profile
b5f403e3-8833-4b5c-ad30-5e7272725eb3,L1,Profile
b5f403e3-8833-4b5c-ad30-5e7272725eb3,L1,Profile
b5f403e3-8833-4b5c-ad30-5e7272725eb3,L1,Profile
b5f403e3-8833-4b5c-ad30-5e7272725eb3,L1,Profile
b5f403e3-8833-4b5c-ad30-5e7272725eb3,L1,Profile
b5f403e3-8833-4b5c-ad30-5e7272725eb3,L1,Profile
b5f403e3-8833-4b5c-ad30-5e7272725eb3,L1,Profile
b5f403e3-8833-4b5c-ad30-5e7272725eb3,L1,Profile
b5f403e3-8833-4b5c-ad30-5e7272725eb3,L1,Profile
b5f403e3-8833-4b5c-ad30-5e7272725eb3,L1,Profile
b5f403e3-8833-4b5c-ad30-5e7272725eb3,L1,Profile
b5f403e3-8833-4b5c-ad30-5e7272725eb3,L1,Profile
b5f403e3-8833-4b5c-ad30-5e7272725eb3,L1,Profile
b5f403e3-8833-4b5c-ad30-5e7272725eb3,L1,Profile
b5f403e3-8833-4b5c-ad30-5e7272725eb3,L1,Profile
b5f403e3-8833-4b5c-ad30-5e7272725eb3,L1,Profile
b5f403e3-8833-4b5c-ad30-5e7272725eb3,L1,Profile
b5f403e3-8833-4b5c-ad30-5e7272725eb3,L1,Profile
b5f403e3-8833-4b5c-ad30-5e7272725eb3,L1,Profile
b5f403e3-8833-4b5c-ad30-5e7272725eb3,L1,Profile
b5f403e3-8833-4b5c-ad30-5e7272725eb3,L1,Profile
b5f403e3-8833-4b5c-ad30-5e7272725eb3,L1,Profile
b5f403e3-8833-4b5c-ad30-5e7272725eb3,L1,Profile
b5f403e3-8833-4b5c-ad30-5e7272725eb3,L1,Profile
b5f403e3-8833-4b5c-ad30-5e7272725eb3,L1,Profile
b5f403e3-8833-4b5c-ad30-5e7272725eb3,L1,Profile
b5f403e3-8833-4b5c-ad30-5e7272725eb3,L1,Profile
b5f403e3-8833-4b5c-ad30-5e7272725eb3,L1,Profile
b5f403e3-8833-4b5c-ad30-5e7272725eb3,L1,Profile
b5f403e3-8833-4b5c-ad30-5e7272725eb3,L1,Profile
b5f403e3-8833-4b5c-ad30-5e7272725eb3,L1,Profile
b5f403e3-8833-4b5c-ad30-5e7272725eb3,L1,Profile
b5f403e3-8833-4b5c-ad30-5e7272725eb3,L1,Profile
b5f403e3-8833-4b5c-ad30-5e7272725eb3,L1,Profile
b5f403e3-8833-4b5c-ad30-5e7272725eb3,L1,Profile
b5f403e3-8833-4b5c-ad30-5e7272725eb3,L1,Profile
b5f403e3-8833-4b5c-ad30-5e7272725eb3,L1,Profile
b5f403e3-8833-4b5c-ad30-5e7272725eb3,L1,Profile
b5f403e3-8833-4b5c-ad30-5e7272725eb3,L1,Profile
b5f403e3-8833-4b5c-ad30-5e7272725eb3,L1,Profile
b5f403e3-8833-4b5c-ad30-5e7272725eb3,L1,Profile
b5f403e3-8833-4b5c-ad30-5e7272725eb3,L1,Profile
b5f403e3-8833-4b5c-ad30-5e7272725eb3,L1,Profile
b5f403e3-8833-4b5c-ad30-5e7272725eb3,L1,Profile
b5f403e3-8833-4b5c-ad30-5e7272725eb3,L1,Profile
b5f403e3-8833-4b5c-ad30-5e7272725eb3,L1,Profile
b5f403e3-8833-4b5c-ad30-5e7272725eb3,L1,Profile
b5f403e3-8833-4b5c-ad30-5e7272725eb3,L1,Profile
b5f403e3-8833-4b5c-ad30-5e7272725eb3,L1,Profile
b5f403e3-8833-4b5c-ad30-5e7272725eb3,L1,Profile
b5f403e3-8833-4b5c-ad30-5e7272725eb3,L1,Profile
b5f403e3-8833-4b5c-ad30-5e7272725eb3,L1,Profile
b5f403e3-8833-4b5c-ad30-5e7272725eb3,L1,Profile
b5f403e3-8833-4b5c-ad30-5e7272725eb3,L1,Profile
b5f403e3-8833-4b5c-ad30-5e7272725eb3,L1,Profile
b5f403e3-8833-4b5c-ad30-5e7272725eb3,L1,Profile
b5f403e3-8833-4b5c-ad30-5e7272725eb3,L1,Profile
b5f403e3-8833-4b5c-ad30-5e7272725eb3,L1,Profile
b5f403e3-8833-4b5c-ad30-5e7272725eb3,L1,Profile
b5f403e3-8833-4b5c-ad30-5e7272725eb3,L1,Profile
b5f403e3-8833-4b5c-ad30-5e7272725eb3,L1,Profile
b5f403e3-8833-4b5c-ad30-5e7272725eb3,L1,Profile
b5f403e3-8833-4b5c-ad30-5e7272725eb3,L1,Profile
b5f403e3-8833-4b5c-ad30-5e7272725eb3,L1,Profile
b5f403e3-8833-4b5c-ad30-5e7272725eb3,L1,Profile
b5f403e3-8833-4b5c-ad30-5e7272725eb3,L1,Profile
b5f403e3-8833-4b5c-ad30-5e7272725eb3,L1,Profile
b5f403e3-8833-4b5c-ad30-5e7272725eb3,L1,Profile
b5f403e3-8833-4b5c-ad30-5e7272725eb3,L1,Profile
b5f403e3-8833-4b5c-ad30-5e7272725eb3,L1,Profile
b5f403e3-8833-4b5c-ad30-5e7272725eb3,L1,Profile
b5f403e3-8833-4b5c-ad30-5e7272725eb3,L1,Profile
b5f403e3-8833-4b5c-ad30-5e7272725eb3,L1,Profile
b5f403e3-8833-4b5c-ad30-5e7272725eb3,L1,Profile
b5f403e3-8833-4b5c-ad30-5e7272725eb3,L1,Profile
b5f403e3-8833-4b5c-ad30-5e7272725eb3,L1,Profile
b5f403e3-8833-4b5c-ad30-5e7272725eb3,L1,Profile
b5f403e3-8833-4b5c-ad30-5e7272725eb3,L1,Profile
b5f403e3-8833-4b5c-ad30-5e7272725eb3,L1,Profile
b5f403e3-8833-4b5c-ad30-5e7272725eb3,L1,Profile
b5f403e3-8833-4b5c-ad30-5e7272725eb3,L1,Profile
b5f403e3-8833-4b5c-ad30-5e7272725eb3,L1,Profile
b5f403e3-8833-4b5c-ad30-5e7272725eb3,L1,Profile
b5f403e3-8833-4b5c-ad30-5e7272725eb3,L1,Profile
b5f403e3-8833-4b5c-ad30-5e7272725eb3,L1,Profile
b5f403e3-8833-4b5c-ad30-5e7272725eb3,L1,Profile
b5f403e3-8833-4b5c-ad30-5e7272725eb3,L1,Profile
b5f403e3-8833-4b5c-ad30-5e7272725eb3,L1,Profile
b5f403e3-8833-4b5c-ad30-5e7272725eb3,L1,Profile
b5f403e3-8833-4b5c-ad30-5e7272725eb3,L1,Profile
b5f403e3-8833-4b5c-ad30-5e7272725eb3,L1,Profile
b5f403e3-8833-4b5c-ad30-5e7272725eb3,L1,Profile
b5f403e3-8833-4b5c-ad30-5e7272725eb3,L1,Profile
b5f403e3-8833-4b5c-ad30-5e7272725eb3,L1,Profile
b5f403e3-8833-4b5c-ad30-5e7272725eb3,L1,Profile
b5f403e3-8833-4b5c-ad30-5e7272725eb3,L1,Profile
b5f403e3-8833-4b5c-ad30-5e7272725eb3,L1,Profile
b5f403e3-8833-4b5c-ad30-5e7272725eb3,L1,Profile
b5f403e3-8833-4b5c-ad30-5e7272725eb3,L1,Profile
b5f403e3-8833-4b5c-ad30-5e7272725eb3,L1,Profile
b5f403e3-8833-4b5c-ad30-5e7272725eb3,L1,Profile
b5f403e3-8833-4b5c-ad30-5e7272725eb3,L1,Profile
b5f403e3-8833-4b5c-ad30-5e7272725eb3,L1,Profile
b5f403e3-8833-4b5c-ad30-5e7272725eb3,L1,Profile
b5f403e3-8833-4b5c-ad30-5e7272725eb3,L1,Profile
b5f403e3-8833-4b5c-ad30-5e7272725eb3,L1,Profile
b5f403e3-8833-4b5c-ad30-5e7272725eb3,L1,Profile
b5f403e3-8833-4b5c-ad30-5e7272725eb3,L1,Profile
b5f403e3-8833-4b5c-ad30-5e7272725eb3,L1,Profile
b5f403e3-8833-4b5c-ad30-5e7272725eb3,L1,Profile
b5f403e3-8833-4b5c-ad30-5e7272725eb3,L1,Profile
b5f403e3-8833-4b5c-ad30-5e7272725eb3,L1,Profile
b5f403e3-8833-4b5c-ad30-5e7272725eb3,L1,Profile
b5f403e3-8833-4b5c-ad30-5e7272725eb3,L1,Profile
b5f403e3-8833-4b5c-ad30-5e7272725eb3,L1,Profile
b5f403e3-8833-4b5c-ad30-5e7272725eb3,L1,Profile
b5f403e3-8833-4b5c-ad30-5e7272725eb3,L1,Profile
b5f403e3-8833-4b5c-ad30-5e7272725eb3,L1,Profile
b5f403e3-8833-4b5c-ad30-5e7272725eb3,L1,Profile
b5f403e3-8833-4b5c-ad30-5e7272725eb3,L1,Profile
b5f403e3-8833-4b5c-ad30-5e7272725eb3,L1,Profile
b5f403e3-8833-4b5c-ad30-5e7272725eb3,L1,Profile
b5f403e3-8833-4b5c-ad30-5e7272725eb3,L1,Profile
b5f403e3-8833-4b5c-ad30-5e7272725eb3,L1,Profile
b5f403e3-8833-4b5c-ad30-5e7272725eb3,L1,Profile
b5f403e3-8833-4b5c-ad30-5e7272725eb3,L1,Profile
b5f403e3-8833-4b5c-ad30-5e7272725eb3,L1,Profile
b5f403e3-8833-4b5c-ad30-5e7272725eb3,L1,Profile
b5f403e3-8833-4b5c-ad30-5e7272725eb3,L1,Profile
b5f403e3-8833-4b5c-ad30-5e7272725eb3,L1,Profile
b5f403e3-8833-4b5c-ad30-5e7272725eb3,L1,Profile
b5f403e3-8833-4b5c-ad30-5e7272725eb3,L1,Profile
b5f403e3-8833-4b5c-ad30-5e7272725eb3,L1,Profile
b5f403e3-8833-4b5c-ad30-5e7272725eb3,L1,Profile
b5f403e3-8833-4b5c-ad30-5e7272725eb3,L1,Profile
b5f403e3-8833-4b5c-ad30-5e7272725eb3,L1,Profile
b5f403e3-8833-4b5c-ad30-5e7272725eb3,L1,Profile
b5f403e3-8833-4b5c-ad30-5e7272725eb3,L1,Profile
b5f403e3-8833-4b5c-ad30-5e7272725eb3,L1,Profile
b5f403e3-8833-4b5c-ad30-5e7272725eb3,L1,Profile
b5f403e3-8833-4b5c-ad30-5e7272725eb3,L1,Profile
b5f403e3-8833-4b5c-ad30-5e7272725eb3,L1,Profile
b5f403e3-8833-4b5c-ad30-5e7272725eb3,L1,Profile
b5f403e3-8833-4b5c-ad30-5e7272725eb3,L1,Profile
b5f403e3-8833-4b5c-ad30-5e7272725eb3,L1,Profile
b5f403e3-8833-4b5c-ad30-5e7272725eb3,L1,Profile
b5f403e3-8833-4b5c-ad30-5e7272725eb3,L1,Profile
b5f403e3-8833-4b5c-ad30-5e7272725eb3,L1,Profile
b5f403e3-8833-4b5c-ad30-5e7272725eb3,L1,Profile
b5f403e3-8833-4b5c-ad30-5e7272725eb3,L1,Profile
b5f403e3-8833-4b5c-ad30-5e7272725eb3,L1,Profile
b5f403e3-8833-4b5c-ad30-5e7272725eb3,L1,Profile
b5f403e3-8833-4b5c-ad30-5e7272725eb3,L1,Profile
b5f403e3-8833-4b5c-ad30-5e7272725eb3,L1,Profile
b5f403e3-8833-4b5c-ad30-5e7272725eb3,L1,Profile
b5f403e3-8833-4b5c-ad30-5e7272725eb3,L1,Profile
b5f403e3-8833-4b5c-ad30-5e7272725eb3,L1,Profile
b5f403e3-8833-4b5c-ad30-5e7272725eb3,L1,Profile
b5f403e3-8833-4b5c-ad30-5e7272725eb3,L1,Profile
b5f403e3-8833-4b5c-ad30-5e7272725eb3,L1,Profile
b5f403e3-8833-4b5c-ad30-5e7272725eb3,L1,Profile
b5f403e3-8833-4b5c-ad30-5e7272725eb3,L1,Profile
b5f403e3-8833-4b5c-ad30-5e7272725eb3,L1,Profile
b5f403e3-8833-4b5c-ad30-5e7272725eb3,L1,Profile
b5f403e3-8833-4b5c-ad30-5e7272725eb3,L1,Profile
b5f403e3-8833-4b5c-ad30-5e7272725eb3,L1,Profile
b5f403e3-8833-4b5c-ad30-5e7272725eb3,L1,Profile
b5f403e3-8833-4b5c-ad30-5e7272725eb3,L1,Profile
b5f403e3-8833-4b5c-ad30-5e7272725eb3,L1,Profile
b5f403e3-8833-4b5c-ad30-5e7272725eb3,L1,Profile
b5f403e3-8833-4b5c-ad30-5e7272725eb3,L1,Profile
b5f403e3-8833-4b5c-ad30-5e7272725eb3,L1,Profile
b5f403e3-8833-4b5c-ad30-5e7272725eb3,L1,Profile
b5f403e3-8833-4b5c-ad30-5e7272725eb3,L1,Profile
b5f403e3-8833-4b5c-ad30-5e7272725eb3,L1,Profile
b5f403e3-8833-4b5c-ad30-5e7272725eb3,L1,Profile
b5f403e3-8833-4b5c-ad30-5e7272725eb3,L1,Profile
b5f403e3-8833-4b5c-ad30-5e7272725eb3,L1,Profile
b5f403e3-8833-4b5c-ad30-5e7272725eb3,L1,Profile
b5f403e3-8833-4b5c-ad30-5e7272725eb3,L1,Profile
b5f403e3-8833-4b5c-ad30-5e7272725eb3,L1,Profile
b5f403e3-8833-4b5c-ad30-5e7272725eb3,L1,Profile
b5f403e3-8833-4b5c-ad30-5e7272725eb3,L1,Profile
b5f403e3-8833-4b5c-ad30-5e7272725eb3,L1,Profile
b5f403e3-8833-4b5c-ad30-5e7272725eb3,L1,Profile
b5f403e3-8833-4b5c-ad30-5e7272725eb3,L1,Profile
b5f403e3-8833-4b5c-ad30-5e7272725eb3,L1,Profile
b5f403e3-8833-4b5c-ad30-5e7272725eb3,L1,Profile
b5f403e3-8833-4b5c-ad30-5e7272725eb3,L1,Profile
b5f403e3-8833-4b5c-ad30-5e7272725eb3,L1,Profile
b5f403e3-8833-4b5c-ad30-5e7272725eb3,L1,Profile
b5f403e3-8833-4b5c-ad30-5e7272725eb3,L1,Profile
b5f403e3-8833-4b5c-ad30-5e7272725eb3,L1,Profile
b5f403e3-8833-4b5c-ad30-5e7272725eb3,L1,Profile
b5f403e3-8833-4b5c-ad30-5e7272725eb3,L1,Profile
b5f403e3-8833-4b5c-ad30-5e7272725eb3,L1,Profile
b5f403e3-8833-4b5c-ad30-5e7272725eb3,L1,Profile
b5f403e3-8833-4b5c-ad30-5e7272725eb3,L1,Profile
b5f403e3-8833-4b5c-ad30-5e7272725eb3,L1,Profile
b5f403e3-8833-4b5c-ad30-5e7272725eb3,L1,Profile
b5f403e3-8833-4b5c-ad30-5e7272725eb3,L1,Profile
b5f403e3-8833-4b5c-ad30-5e7272725eb3,L1,Profile
b5f403e3-8833-4b5c-ad30-5e7272725eb3,L1,Profile
b5f403e3-8833-4b5c-ad30-5e7272725eb3,L1,Profile
b5f403e3-8833-4b5c-ad30-5e7272725eb3,L1,Profile
b5f403e3-8833-4b5c-ad30-5e7272725eb3,L1,Profile
b5f403e3-8833-4b5c-ad30-5e7272725eb3,L1,Profile
b5f403e3-8833-4b5c-ad30-5e7272725eb3,L1,Profile
b5f403e3-8833-4b5c-ad30-5e7272725eb3,L1,Profile
b5f403e3-8833-4b5c-ad30-5e7272725eb3,L1,Profile
b5f403e3-8833-4b5c-ad30-5e7272725eb3,L1,Profile
b5f403e3-8833-4b5c-ad30-5e7272725eb3,L1,Profile
b5f403e3-8833-4b5c-ad30-5e7272725eb3,L1,Profile
b5f403e3-8833-4b5c-ad30-5e7272725eb3,L1,Profile
b5f403e3-8833-4b5c-ad30-5e7272725eb3,L1,Profile
b5f403e3-8833-4b5c-ad30-5e7272725eb3,L1,Profile
b5f403e3-8833-4b5c-ad30-5e7272725eb3,L1,Profile
b5f403e3-8833-4b5c-ad30-5e7272725eb3,L1,Profile
b5f403e3-8833-4b5c-ad30-5e7272725eb3,L1,Profile
b5f403e3-8833-4b5c-ad30-5e7272725eb3,L1,Profile
b5f403e3-8833-4b5c-ad30-5e7272725eb3,L1,Profile
b5f403e3-8833-4b5c-ad30-5e7272725eb3,L1,Profile
b5f403e3-8833-4b5c-ad30-5e7272725eb3,L1,Profile
b5f403e3-8833-4b5c-ad30-5e7272725eb3,L1,Profile
b5f403e3-8833-4b5c-ad30-5e7272725eb3,L1,Profile
b5f403e3-8833-4b5c-ad30-5e7272725eb3,L1,Profile
b5f403e3-8833-4b5c-ad30-5e7272725eb3,L1,Profile
b5f403e3-8833-4b5c-ad30-5e7272725eb3,L1,Profile
b5f403e3-8833-4b5c-ad30-5e7272725eb3,L1,Profile
b5f403e3-8833-4b5c-ad30-5e7272725eb3,L1,Profile
b5f403e3-8833-4b5c-ad30-5e7272725eb3,L1,Profile
b5f403e3-8833-4b5c-ad30-5e7272725eb3,L1,Profile
b5f403e3-8833-4b5c-ad30-5e7272725eb3,L1,Profile
b5f403e3-8833-4b5c-ad30-5e7272725eb3,L1,Profile
b5f403e3-8833-4b5c-ad30-5e7272725eb3,L1,Profile
b5f403e3-8833-4b5c-ad30-5e7272725eb3,L1,Profile
b5f403e3-8833-4b5c-ad30-5e7272725eb3,L1,Profile
b5f403e3-8833-4b5c-ad30-5e7272725eb3,L1,Profile
b5f403e3-8833-4b5c-ad30-5e7272725eb3,L1,Profile
b5f403e3-8833-4b5c-ad30-5e7272725eb3,L1,Profile
b5f403e3-8833-4b5c-ad30-5e7272725eb3,L1,Profile
b5f403e3-8833-4b5c-ad30-5e7272725eb3,L1,Profile
b5f403e3-8833-4b5c-ad30-5e7272725eb3,L1,Profile
b5f403e3-8833-4b5c-ad30-5e7272725eb3,L1,Profile
b5f403e3-8833-4b5c-ad30-5e7272725eb3,L1,Profile
b5f403e3-8833-4b5c-ad30-5e7272725eb3,L1,Profile
b5f403e3-8833-4b5c-ad30-5e7272725eb3,L1,Profile
b5f403e3-8833-4b5c-ad30-5e7272725eb3,L1,Profile
b5f403e3-8833-4b5c-ad30-5e7272725eb3,L1,Profile
b5f403e3-8833-4b5c-ad30-5e7272725eb3,L1,Profile
b5f403e3-8833-4b5c-ad30-5e7272725eb3,L1,Profile
b5f403e3-8833-4b5c-ad30-5e7272725eb3,L1,Profile
b5f403e3-8833-4b5c-ad30-5e7272725eb3,L1,Profile
b5f403e3-8833-4b5c-ad30-5e7272725eb3,L1,Profile
b5f403e3-8833-4b5c-ad30-5e7272725eb3,L1,Profile
b5f403e3-8833-4b5c-ad30-5e7272725eb3,L1,Profile
b5f403e3-8833-4b5c-ad30-5e7272725eb3,L1,Profile
b5f403e3-8833-4b5c-ad30-5e7272725eb3,L1,Profile
b5f403e3-8833-4b5c-ad30-5e7272725eb3,L1,Profile
b5f403e3-8833-4b5c-ad30-5e7272725eb3,L1,Profile
b5f403e3-8833-4b5c-ad30-5e7272725eb3,L1,Profile
b5f403e3-8833-4b5c-ad30-5e7272725eb3,L1,Profile
b5f403e3-8833-4b5c-ad30-5e7272725eb3,L1,Profile
b5f403e3-8833-4b5c-ad30-5e7272725eb3,L1,Profile
b5f403e3-8833-4b5c-ad30-5e7272725eb3,L1,Profile
b5f403e3-8833-4b5c-ad30-5e7272725eb3,L1,Profile
b5f403e3-8833-4b5c-ad30-5e7272725eb3,L1,Profile
b5f403e3-8833-4b5c-ad30-5e7272725eb3,L1,Profile
b5f403e3-8833-4b5c-ad30-5e7272725eb3,L1,Profile
b5f403e3-8833-4b5c-ad30-5e7272725eb3,L1,Profile
b5f403e3-8833-4b5c-ad30-5e7272725eb3,L1,Profile
b5f403e3-8833-4b5c-ad30-5e7272725eb3,L1,Profile
b5f403e3-8833-4b5c-ad30-5e7272725eb3,L1,Profile
b5f403e3-8833-4b5c-ad30-5e7272725eb3,L1,Profile
b5f403e3-8833-4b5c-ad30-5e7272725eb3,L1,Profile
b5f403e3-8833-4b5c-ad30-5e7272725eb3,L1,Profile
b5f403e3-8833-4b5c-ad30-5e7272725eb3,L1,Profile
b5f403e3-8833-4b5c-ad30-5e7272725eb3,L1,Profile
b5f403e3-8833-4b5c-ad30-5e7272725eb3,L1,Profile
b5f403e3-8833-4b5c-ad30-5e7272725eb3,L1,Profile
b5f403e3-8833-4b5c-ad30-5e7272725eb3,L1,Profile
b5f403e3-8833-4b5c-ad30-5e7272725eb3,L1,Profile
b5f403e3-8833-4b5c-ad30-5e7272725eb3,L1,Profile
b5f403e3-8833-4b5c-ad30-5e7272725eb3,L1,Profile
b5f403e3-8833-4b5c-ad30-5e7272725eb3,L1,Profile
b5f403e3-8833-4b5c-ad30-5e7272725eb3,L1,Profile
b5f403e3-8833-4b5c-ad30-5e7272725eb3,L1,Profile
b5f403e3-8833-4b5c-ad30-5e7272725eb3,L1,Profile
b5f403e3-8833-4b5c-ad30-5e7272725eb3,L1,Profile
b5f403e3-8833-4b5c-ad30-5e7272725eb3,L1,Profile
b5f403e3-8833-4b5c-ad30-5e7272725eb3,L1,Profile
b5f403e3-8833-4b5c-ad30-5e7272725eb3,L1,Profile
b5f403e3-8833-4b5c-ad30-5e7272725eb3,L1,Profile
b5f403e3-8833-4b5c-ad30-5e7272725eb3,L1,Profile
b5f403e3-8833-4b5c-ad30-5e7272725eb3,L1,Profile
b5f403e3-8833-4b5c-ad30-5e7272725eb3,L1,Profile
b5f403e3-8833-4b5c-ad30-5e7272725eb3,L1,Profile
b5f403e3-8833-4b5c-ad30-5e7272725eb3,L1,Profile
b5f403e3-8833-4b5c-ad30-5e7272725eb3,L1,Profile
b5f403e3-8833-4b5c-ad30-5e7272725eb3,L1,Profile
b5f403e3-8833-4b5c-ad30-5e7272725eb3,L1,Profile
b5f403e3-8833-4b5c-ad30-5e7272725eb3,L1,Profile
b5f403e3-8833-4b5c-ad30-5e7272725eb3,L1,Profile
b5f403e3-8833-4b5c-ad30-5e7272725eb3,L1,Profile
b5f403e3-8833-4b5c-ad30-5e7272725eb3,L1,Profile
b5f403e3-8833-4b5c-ad30-5e7272725eb3,L1,Profile
b5f403e3-8833-4b5c-ad30-5e7272725eb3,L1,Profile
b5f403e3-8833-4b5c-ad30-5e7272725eb3,L1,Profile
b5f403e3-8833-4b5c-ad30-5e7272725eb3,L1,Profile
b5f403e3-8833-4b5c-ad30-5e7272725eb3,L1,Profile
b5f403e3-8833-4b5c-ad30-5e7272725eb3,L1,Profile
b5f403e3-8833-4b5c-ad30-5e7272725eb3,L1,Profile
b5f403e3-8833-4b5c-ad30-5e7272725eb3,L1,Profile
b5f403e3-8833-4b5c-ad30-5e7272725eb3,L1,Profile
b5f403e3-8833-4b5c-ad30-5e7272725eb3,L1,Profile
b5f403e3-8833-4b5c-ad30-5e7272725eb3,L1,Profile
b5f403e3-8833-4b5c-ad30-5e7272725eb3,L1,Profile
b5f403e3-8833-4b5c-ad30-5e7272725eb3,L1,Profile
b5f403e3-8833-4b5c-ad30-5e7272725eb3,L1,Profile
b5f403e3-8833-4b5c-ad30-5e7272725eb3,L1,Profile
b5f403e3-8833-4b5c-ad30-5e7272725eb3,L1,Profile
b5f403e3-8833-4b5c-ad30-5e7272725eb3,L1,Profile
b5f403e3-8833-4b5c-ad30-5e7272725eb3,L1,Profile
b5f403e3-8833-4b5c-ad30-5e7272725eb3,L1,Profile
b5f403e3-8833-4b5c-ad30-5e7272725eb3,L1,Profile
b5f403e3-8833-4b5c-ad30-5e7272725eb3,L1,Profile
b5f403e3-8833-4b5c-ad30-5e7272725eb3,L1,Profile
b5f403e3-8833-4b5c-ad30-5e7272725eb3,L1,Profile
b5f403e3-8833-4b5c-ad30-5e7272725eb3,L1,Profile
b5f403e3-8833-4b5c-ad30-5e7272725eb3,L1,Profile
b5f403e3-8833-4b5c-ad30-5e7272725eb3,L1,Profile
b5f403e3-8833-4b5c-ad30-5e7272725eb3,L1,Profile
b5f403e3-8833-4b5c-ad30-5e7272725eb3,L1,Profile
b5f403e3-8833-4b5c-ad30-5e7272725eb3,L1,Profile
b5f403e3-8833-4b5c-ad30-5e7272725eb3,L1,Profile
b5f403e3-8833-4b5c-ad30-5e7272725eb3,L1,Profile
b5f403e3-8833-4b5c-ad30-5e7272725eb3,L1,Profile
b5f403e3-8833-4b5c-ad30-5e7272725eb3,L1,Profile
b5f403e3-8833-4b5c-ad30-5e7272725eb3,L1,Profile
b5f403e3-8833-4b5c-ad30-5e7272725eb3,L1,Profile
b5f403e3-8833-4b5c-ad30-5e7272725eb3,L1,Profile
b5f403e3-8833-4b5c-ad30-5e7272725eb3,L1,Profile
b5f403e3-8833-4b5c-ad30-5e7272725eb3,L1,Profile
b5f403e3-8833-4b5c-ad30-5e7272725eb3,L1,Profile
b5f403e3-8833-4b5c-ad30-5e7272725eb3,L1,Profile
b5f403e3-8833-4b5c-ad30-5e7272725eb3,L1,Profile
b5f403e3-8833-4b5c-ad30-5e7272725eb3,L1,Profile
b5f403e3-8833-4b5c-ad30-5e7272725eb3,L1,Profile
b5f403e3-8833-4b5c-ad30-5e7272725eb3,L1,Profile
b5f403e3-8833-4b5c-ad30-5e7272725eb3,L1,Profile
b5f403e3-8833-4b5c-ad30-5e7272725eb3,L1,Profile
b5f403e3-8833-4b5c-ad30-5e7272725eb3,L1,Profile
b5f403e3-8833-4b5c-ad30-5e7272725eb3,L1,Profile
b5f403e3-8833-4b5c-ad30-5e7272725eb3,L1,Profile
b5f403e3-8833-4b5c-ad30-5e7272725eb3,L1,Profile
b5f403e3-8833-4b5c-ad30-5e7272725eb3,L1,Profile
b5f403e3-8833-4b5c-ad30-5e7272725eb3,L1,Profile
b5f403e3-8833-4b5c-ad30-5e7272725eb3,L1,Profile
b5f403e3-8833-4b5c-ad30-5e7272725eb3,L1,Profile
b5f403e3-8833-4b5c-ad30-5e7272725eb3,L1,Profile
b5f403e3-8833-4b5c-ad30-5e7272725eb3,L1,Profile
b5f403e3-8833-4b5c-ad30-5e7272725eb3,L1,Profile
b5f403e3-8833-4b5c-ad30-5e7272725eb3,L1,Profile
b5f403e3-8833-4b5c-ad30-5e7272725eb3,L1,Profile
b5f403e3-8833-4b5c-ad30-5e7272725eb3,L1,Profile
b5f403e3-8833-4b5c-ad30-5e7272725eb3,L1,Profile
b5f403e3-8833-4b5c-ad30-5e7272725eb3,L1,Profile
b5f403e3-8833-4b5c-ad30-5e7272725eb3,L1,Profile
b5f403e3-8833-4b5c-ad30-5e7272725eb3,L1,Profile
b5f403e3-8833-4b5c-ad30-5e7272725eb3,L1,Profile
b5f403e3-8833-4b5c-ad30-5e7272725eb3,L1,Profile
b5f403e3-8833-4b5c-ad30-5e7272725eb3,L1,Profile
b5f403e3-8833-4b5c-ad30-5e7272725eb3,L1,Profile
b5f403e3-8833-4b5c-ad30-5e7272725eb3,L1,Profile
b5f403e3-8833-4b5c-ad30-5e7272725eb3,L1,Profile
b5f403e3-8833-4b5c-ad30-5e7272725eb3,L1,Profile
b5f403e3-8833-4b5c-ad30-5e7272725eb3,L1,Profile
b5f403e3-8833-4b5c-ad30-5e7272725eb3,L1,Profile
b5f403e3-8833-4b5c-ad30-5e7272725eb3,L1,Profile
b5f403e3-8833-4b5c-ad30-5e7272725eb3,L1,Profile
b5f403e3-8833-4b5c-ad30-5e7272725eb3,L1,Profile
b5f403e3-8833-4b5c-ad30-5e7272725eb3,L1,Profile
b5f403e3-8833-4b5c-ad30-5e7272725eb3,L1,Profile
b5f403e3-8833-4b5c-ad30-5e7272725eb3,L1,Profile
b5f403e3-8833-4b5c-ad30-5e7272725eb3,L1,Profile
b5f403e3-8833-4b5c-ad30-5e7272725eb3,L1,Profile
b5f403e3-8833-4b5c-ad30-5e7272725eb3,L1,Profile
b5f403e3-8833-4b5c-ad30-5e7272725eb3,L1,Profile
b5f403e3-8833-4b5c-ad30-5e7272725eb3,L1,Profile
b5f403e3-8833-4b5c-ad30-5e7272725eb3,L1,Profile
b5f403e3-8833-4b5c-ad30-5e7272725eb3,L1,Profile
b5f403e3-8833-4b5c-ad30-5e7272725eb3,L1,Profile
b5f403e3-8833-4b5c-ad30-5e7272725eb3,L1,Profile
b5f403e3-8833-4b5c-ad30-5e7272725eb3,L1,Profile
b5f403e3-8833-4b5c-ad30-5e7272725eb3,L1,Profile
b5f403e3-8833-4b5c-ad30-5e7272725eb3,L1,Profile
b5f403e3-8833-4b5c-ad30-5e7272725eb3,L1,Profile
b5f403e3-8833-4b5c-ad30-5e7272725eb3,L1,Profile
b5f403e3-8833-4b5c-ad30-5e7272725eb3,L1,Profile
b5f403e3-8833-4b5c-ad30-5e7272725eb3,L1,Profile
b5f403e3-8833-4b5c-ad30-5e7272725eb3,L1,Profile
b5f403e3-8833-4b5c-ad30-5e7272725eb3,L1,Profile
b5f403e3-8833-4b5c-ad30-5e7272725eb3,L1,Profile
b5f403e3-8833-4b5c-ad30-5e7272725eb3,L1,Profile
b5f403e3-8833-4b5c-ad30-5e7272725eb3,L1,Profile
b5f403e3-8833-4b5c-ad30-5e7272725eb3,L1,Profile
b5f403e3-8833-4b5c-ad30-5e7272725eb3,L1,Profile
b5f403e3-8833-4b5c-ad30-5e7272725eb3,L1,Profile
b5f403e3-8833-4b5c-ad30-5e7272725eb3,L1,Profile
b5f403e3-8833-4b5c-ad30-5e7272725eb3,L1,Profile
b5f403e3-8833-4b5c-ad30-5e7272725eb3,L1,Profile
b5f403e3-8833-4b5c-ad30-5e7272725eb3,L1,Profile
b5f403e3-8833-4b5c-ad30-5e7272725eb3,L1,Profile
b5f403e3-8833-4b5c-ad30-5e7272725eb3,L1,Profile
b5f403e3-8833-4b5c-ad30-5e7272725eb3,L1,Profile
b5f403e3-8833-4b5c-ad30-5e7272725eb3,L1,Profile
b5f403e3-8833-4b5c-ad30-5e7272725eb3,L1,Profile
b5f403e3-8833-4b5c-ad30-5e7272725eb3,L1,Profile
b5f403e3-8833-4b5c-ad30-5e7272725eb3,L1,Profile
b5f403e3-8833-4b5c-ad30-5e7272725eb3,L1,Profile
b5f403e3-8833-4b5c-ad30-5e7272725eb3,L1,Profile
b5f403e3-8833-4b5c-ad30-5e7272725eb3,L1,Profile
b5f403e3-8833-4b5c-ad30-5e7272725eb3,L1,Profile
b5f403e3-8833-4b5c-ad30-5e7272725eb3,L1,Profile
b5f403e3-8833-4b5c-ad30-5e7272725eb3,L1,Profile
b5f403e3-8833-4b5c-ad30-5e7272725eb3,L1,Profile
b5f403e3-8833-4b5c-ad30-5e7272725eb3,L1,Profile
b5f403e3-8833-4b5c-ad30-5e7272725eb3,L1,Profile
b5f403e3-8833-4b5c-ad30-5e7272725eb3,L1,Profile
b5f403e3-8833-4b5c-ad30-5e7272725eb3,L1,Profile
b5f403e3-8833-4b5c-ad30-5e7272725eb3,L1,Profile
b5f403e3-8833-4b5c-ad30-5e7272725eb3,L1,Profile
b5f403e3-8833-4b5c-ad30-5e7272725eb3,L1,Profile
b5f403e3-8833-4b5c-ad30-5e7272725eb3,L1,Profile
b5f403e3-8833-4b5c-ad30-5e7272725eb3,L1,Profile
b5f403e3-8833-4b5c-ad30-5e7272725eb3,L1,Profile
b5f403e3-8833-4b5c-ad30-5e7272725eb3,L1,Profile
b5f403e3-8833-4b5c-ad30-5e7272725eb3,L1,Profile
b5f403e3-8833-4b5c-ad30-5e7272725eb3,L1,Profile
b5f403e3-8833-4b5c-ad30-5e7272725eb3,L1,Profile
b5f403e3-8833-4b5c-ad30-5e7272725eb3,L1,Profile
b5f403e3-8833-4b5c-ad30-5e7272725eb3,L1,Profile
b5f403e3-8833-4b5c-ad30-5e7272725eb3,L1,Profile
b5f403e3-8833-4b5c-ad30-5e7272725eb3,L1,Profile
b5f403e3-8833-4b5c-ad30-5e7272725eb3,L1,Profile
b5f403e3-8833-4b5c-ad30-5e7272725eb3,L1,Profile
b5f403e3-8833-4b5c-ad30-5e7272725eb3,L1,Profile
b5f403e3-8833-4b5c-ad30-5e7272725eb3,L1,Profile
b5f403e3-8833-4b5c-ad30-5e7272725eb3,L1,Profile
b5f403e3-8833-4b5c-ad30-5e7272725eb3,L1,Profile
b5f403e3-8833-4b5c-ad30-5e7272725eb3,L1,Profile
b5f403e3-8833-4b5c-ad30-5e7272725eb3,L1,Profile
b5f403e3-8833-4b5c-ad30-5e7272725eb3,L1,Profile
b5f403e3-8833-4b5c-ad30-5e7272725eb3,L1,Profile
b5f403e3-8833-4b5c-ad30-5e7272725eb3,L1,Profile
b5f403e3-8833-4b5c-ad30-5e7272725eb3,L1,Profile
b5f403e3-8833-4b5c-ad30-5e7272725eb3,L1,Profile
b5f403e3-8833-4b5c-ad30-5e7272725eb3,L1,Profile
b5f403e3-8833-4b5c-ad30-5e7272725eb3,L1,Profile
b5f403e3-8833-4b5c-ad30-5e7272725eb3,L1,Profile
b5f403e3-8833-4b5c-ad30-5e7272725eb3,L1,Profile
b5f403e3-8833-4b5c-ad30-5e7272725eb3,L1,Profile
b5f403e3-8833-4b5c-ad30-5e7272725eb3,L1,Profile
b5f403e3-8833-4b5c-ad30-5e7272725eb3,L1,Profile
b5f403e3-8833-4b5c-ad30-5e7272725eb3,L1,Profile
b5f403e3-8833-4b5c-ad30-5e7272725eb3,L1,Profile
b5f403e3-8833-4b5c-ad30-5e7272725eb3,L1,Profile
b5f403e3-8833-4b5c-ad30-5e7272725eb3,L1,Profile
b5f403e3-8833-4b5c-ad30-5e7272725eb3,L1,Profile
b5f403e3-8833-4b5c-ad30-5e7272725eb3,L1,Profile
b5f403e3-8833-4b5c-ad30-5e7272725eb3,L1,Profile
b5f403e3-8833-4b5c-ad30-5e7272725eb3,L1,Profile
b5f403e3-8833-4b5c-ad30-5e7272725eb3,L1,Profile
b5f403e3-8833-4b5c-ad30-5e7272725eb3,L1,Profile
b5f403e3-8833-4b5c-ad30-5e7272725eb3,L1,Profile
b5f403e3-8833-4b5c-ad30-5e7272725eb3,L1,Profile
b5f403e3-8833-4b5c-ad30-5e7272725eb3,L1,Profile
b5f403e3-8833-4b5c-ad30-5e7272725eb3,L1,Profile
b5f403e3-8833-4b5c-ad30-5e7272725eb3,L1,Profile
b5f403e3-8833-4b5c-ad30-5e7272725eb3,L1,Profile
b5f403e3-8833-4b5c-ad30-5e7272725eb3,L1,Profile
b5f403e3-8833-4b5c-ad30-5e7272725eb3,L1,Profile
b5f403e3-8833-4b5c-ad30-5e7272725eb3,L1,Profile
b5f403e3-8833-4b5c-ad30-5e7272725eb3,L1,Profile
b5f403e3-8833-4b5c-ad30-5e7272725eb3,L1,Profile
b5f403e3-8833-4b5c-ad30-5e7272725eb3,L1,Profile
b5f403e3-8833-4b5c-ad30-5e7272725eb3,L1,Profile
b5f403e3-8833-4b5c-ad30-5e7272725eb3,L1,Profile
b5f403e3-8833-4b5c-ad30-5e7272725eb3,L1,Profile
b5f403e3-8833-4b5c-ad30-5e7272725eb3,L1,Profile
b5f403e3-8833-4b5c-ad30-5e7272725eb3,L1,Profile
b5f403e3-8833-4b5c-ad30-5e7272725eb3,L1,Profile
b5f403e3-8833-4b5c-ad30-5e7272725eb3,L1,Profile
b5f403e3-8833-4b5c-ad30-5e7272725eb3,L1,Profile
b5f403e3-8833-4b5c-ad30-5e7272725eb3,L1,Profile
b5f403e3-8833-4b5c-ad30-5e7272725eb3,L1,Profile
b5f403e3-8833-4b5c-ad30-5e7272725eb3,L1,Profile
b5f403e3-8833-4b5c-ad30-5e7272725eb3,L1,Profile
b5f403e3-8833-4b5c-ad30-5e7272725eb3,L1,Profile
b5f403e3-8833-4b5c-ad30-5e7272725eb3,L1,Profile
b5f403e3-8833-4b5c-ad30-5e7272725eb3,L1,Profile
b5f403e3-8833-4b5c-ad30-5e7272725eb3,L1,Profile
b5f403e3-8833-4b5c-ad30-5e7272725eb3,L1,Profile
b5f403e3-8833-4b5c-ad30-5e7272725eb3,L1,Profile
b5f403e3-8833-4b5c-ad30-5e7272725eb3,L1,Profile
b5f403e3-8833-4b5c-ad30-5e7272725eb3,L1,Profile
b5f403e3-8833-4b5c-ad30-5e7272725eb3,L1,Profile
b5f403e3-8833-4b5c-ad30-5e7272725eb3,L1,Profile
b5f403e3-8833-4b5c-ad30-5e7272725eb3,L1,Profile
b5f403e3-8833-4b5c-ad30-5e7272725eb3,L1,Profile
b5f403e3-8833-4b5c-ad30-5e7272725eb3,L1,Profile
b5f403e3-8833-4b5c-ad30-5e7272725eb3,L1,Profile
b5f403e3-8833-4b5c-ad30-5e7272725eb3,L1,Profile
b5f403e3-8833-4b5c-ad30-5e7272725eb3,L1,Profile
b5f403e3-8833-4b5c-ad30-5e7272725eb3,L1,Profile
b5f403e3-8833-4b5c-ad30-5e7272725eb3,L1,Profile
b5f403e3-8833-4b5c-ad30-5e7272725eb3,L1,Profile
b5f403e3-8833-4b5c-ad30-5e7272725eb3,L1,Profile
b5f403e3-8833-4b5c-ad30-5e7272725eb3,L1,Profile
b5f403e3-8833-4b5c-ad30-5e7272725eb3,L1,Profile
b5f403e3-8833-4b5c-ad30-5e7272725eb3,L1,Profile
b5f403e3-8833-4b5c-ad30-5e7272725eb3,L1,Profile
b5f403e3-8833-4b5c-ad30-5e7272725eb3,L1,Profile
b5f403e3-8833-4b5c-ad30-5e7272725eb3,L1,Profile
b5f403e3-8833-4b5c-ad30-5e7272725eb3,L1,Profile
b5f403e3-8833-4b5c-ad30-5e7272725eb3,L1,Profile
b5f403e3-8833-4b5c-ad30-5e7272725eb3,L1,Profile
b5f403e3-8833-4b5c-ad30-5e7272725eb3,L1,Profile
b5f403e3-8833-4b5c-ad30-5e7272725eb3,L1,Profile
b5f403e3-8833-4b5c-ad30-5e7272725eb3,L1,Profile
b5f403e3-8833-4b5c-ad30-5e7272725eb3,L1,Profile
b5f403e3-8833-4b5c-ad30-5e7272725eb3,L1,Profile
b5f403e3-8833-4b5c-ad30-5e7272725eb3,L1,Profile
b5f403e3-8833-4b5c-ad30-5e7272725eb3,L1,Profile
b5f403e3-8833-4b5c-ad30-5e7272725eb3,L1,Profile
b5f403e3-8833-4b5c-ad30-5e7272725eb3,L1,Profile
b5f403e3-8833-4b5c-ad30-5e7272725eb3,L1,Profile
b5f403e3-8833-4b5c-ad30-5e7272725eb3,L1,Profile
b5f403e3-8833-4b5c-ad30-5e7272725eb3,L1,Profile
b5f403e3-8833-4b5c-ad30-5e7272725eb3,L1,Profile
b5f403e3-8833-4b5c-ad30-5e7272725eb3,L1,Profile
b5f403e3-8833-4b5c-ad30-5e7272725eb3,L1,Profile
b5f403e3-8833-4b5c-ad30-5e7272725eb3,L1,Profile
b5f403e3-8833-4b5c-ad30-5e7272725eb3,L1,Profile
b5f403e3-8833-4b5c-ad30-5e7272725eb3,L1,Profile
b5f403e3-8833-4b5c-ad30-5e7272725eb3,L1,Profile
b5f403e3-8833-4b5c-ad30-5e7272725eb3,L1,Profile
b5f403e3-8833-4b5c-ad30-5e7272725eb3,L1,Profile
b5f403e3-8833-4b5c-ad30-5e7272725eb3,L1,Profile
b5f403e3-8833-4b5c-ad30-5e7272725eb3,L1,Profile
b5f403e3-8833-4b5c-ad30-5e7272725eb3,L1,Profile
b5f403e3-8833-4b5c-ad30-5e7272725eb3,L1,Profile
b5f403e3-8833-4b5c-ad30-5e7272725eb3,L1,Profile
b5f403e3-8833-4b5c-ad30-5e7272725eb3,L1,Profile
b5f403e3-8833-4b5c-ad30-5e7272725eb3,L1,Profile
b5f403e3-8833-4b5c-ad30-5e7272725eb3,L1,Profile
b5f403e3-8833-4b5c-ad30-5e7272725eb3,L1,Profile
b5f403e3-8833-4b5c-ad30-5e7272725eb3,L1,Profile
b5f403e3-8833-4b5c-ad30-5e7272725eb3,L1,Profile
b5f403e3-8833-4b5c-ad30-5e7272725eb3,L1,Profile
b5f403e3-8833-4b5c-ad30-5e7272725eb3,L1,Profile
b5f403e3-8833-4b5c-ad30-5e7272725eb3,L1,Profile
b5f403e3-8833-4b5c-ad30-5e7272725eb3,L1,Profile
b5f403e3-8833-4b5c-ad30-5e7272725eb3,L1,Profile
b5f403e3-8833-4b5c-ad30-5e7272725eb3,L1,Profile
b5f403e3-8833-4b5c-ad30-5e7272725eb3,L1,Profile
b5f403e3-8833-4b5c-ad30-5e7272725eb3,L1,Profile
b5f403e3-8833-4b5c-ad30-5e7272725eb3,L1,Profile
b5f403e3-8833-4b5c-ad30-5e7272725eb3,L1,Profile
b5f403e3-8833-4b5c-ad30-5e7272725eb3,L1,Profile
b5f403e3-8833-4b5c-ad30-5e7272725eb3,L1,Profile
b5f403e3-8833-4b5c-ad30-5e7272725eb3,L1,Profile
b5f403e3-8833-4b5c-ad30-5e7272725eb3,L1,Profile
b5f403e3-8833-4b5c-ad30-5e7272725eb3,L1,Profile
b5f403e3-8833-4b5c-ad30-5e7272725eb3,L1,Profile
b5f403e3-8833-4b5c-ad30-5e7272725eb3,L1,Profile
b5f403e3-8833-4b5c-ad30-5e7272725eb3,L1,Profile
b5f403e3-8833-4b5c-ad30-5e7272725eb3,L1,Profile
b5f403e3-8833-4b5c-ad30-5e7272725eb3,L1,Profile
b5f403e3-8833-4b5c-ad30-5e7272725eb3,L1,Profile
b5f403e3-8833-4b5c-ad30-5e7272725eb3,L1,Profile
b5f403e3-8833-4b5c-ad30-5e7272725eb3,L1,Profile
b5f403e3-8833-4b5c-ad30-5e7272725eb3,L1,Profile
b5f403e3-8833-4b5c-ad30-5e7272725eb3,L1,Profile
b5f403e3-8833-4b5c-ad30-5e7272725eb3,L1,Profile
b5f403e3-8833-4b5c-ad30-5e7272725eb3,L1,Profile
b5f403e3-8833-4b5c-ad30-5e7272725eb3,L1,Profile
b5f403e3-8833-4b5c-ad30-5e7272725eb3,L1,Profile
b5f403e3-8833-4b5c-ad30-5e7272725eb3,L1,Profile
b5f403e3-8833-4b5c-ad30-5e7272725eb3,L1,Profile
b5f403e3-8833-4b5c-ad30-5e7272725eb3,L1,Profile
b5f403e3-8833-4b5c-ad30-5e7272725eb3,L1,Profile
b5f403e3-8833-4b5c-ad30-5e7272725eb3,L1,Profile
b5f403e3-8833-4b5c-ad30-5e7272725eb3,L1,Profile
b5f403e3-8833-4b5c-ad30-5e7272725eb3,L1,Profile
b5f403e3-8833-4b5c-ad30-5e7272725eb3,L1,Profile
b5f403e3-8833-4b5c-ad30-5e7272725eb3,L1,Profile
b5f403e3-8833-4b5c-ad30-5e7272725eb3,L1,Profile
b5f403e3-8833-4b5c-ad30-5e7272725eb3,L1,Profile
b5f403e3-8833-4b5c-ad30-5e7272725eb3,L1,Profile
b5f403e3-8833-4b5c-ad30-5e7272725eb3,L1,Profile
b5f403e3-8833-4b5c-ad30-5e7272725eb3,L1,Profile
b5f403e3-8833-4b5c-ad30-5e7272725eb3,L1,Profile
b5f403e3-8833-4b5c-ad30-5e7272725eb3,L1,Profile
b5f403e3-8833-4b5c-ad30-5e7272725eb3,L1,Profile
b5f403e3-8833-4b5c-ad30-5e7272725eb3,L1,Profile
b5f403e3-8833-4b5c-ad30-5e7272725eb3,L1,Profile
b5f403e3-8833-4b5c-ad30-5e7272725eb3,L1,Profile
b5f403e3-8833-4b5c-ad30-5e7272725eb3,L1,Profile
b5f403e3-8833-4b5c-ad30-5e7272725eb3,L1,Profile
b5f403e3-8833-4b5c-ad30-5e7272725eb3,L1,Profile
b5f403e3-8833-4b5c-ad30-5e7272725eb3,L1,Profile
b5f403e3-8833-4b5c-ad30-5e7272725eb3,L1,Profile
b5f403e3-8833-4b5c-ad30-5e7272725eb3,L1,Profile
b5f403e3-8833-4b5c-ad30-5e7272725eb3,L1,Profile
b5f403e3-8833-4b5c-ad30-5e7272725eb3,L1,Profile
b5f403e3-8833-4b5c-ad30-5e7272725eb3,L1,Profile
b5f403e3-8833-4b5c-ad30-5e7272725eb3,L1,Profile
b5f403e3-8833-4b5c-ad30-5e7272725eb3,L1,Profile
b5f403e3-8833-4b5c-ad30-5e7272725eb3,L1,Profile
b5f403e3-8833-4b5c-ad30-5e7272725eb3,L1,Profile
b5f403e3-8833-4b5c-ad30-5e7272725eb3,L1,Profile
b5f403e3-8833-4b5c-ad30-5e7272725eb3,L1,Profile
b5f403e3-8833-4b5c-ad30-5e7272725eb3,L1,Profile
b5f403e3-8833-4b5c-ad30-5e7272725eb3,L1,Profile
b5f403e3-8833-4b5c-ad30-5e7272725eb3,L1,Profile
b5f403e3-8833-4b5c-ad30-5e7272725eb3,L1,Profile
b5f403e3-8833-4b5c-ad30-5e7272725eb3,L1,Profile
b5f403e3-8833-4b5c-ad30-5e7272725eb3,L1,Profile
b5f403e3-8833-4b5c-ad30-5e7272725eb3,L1,Profile
b5f403e3-8833-4b5c-ad30-5e7272725eb3,L1,Profile
b5f403e3-8833-4b5c-ad30-5e7272725eb3,L1,Profile
b5f403e3-8833-4b5c-ad30-5e7272725eb3,L1,Profile
b5f403e3-8833-4b5c-ad30-5e7272725eb3,L1,Profile
b5f403e3-8833-4b5c-ad30-5e7272725eb3,L1,Profile
b5f403e3-8833-4b5c-ad30-5e7272725eb3,L1,Profile
b5f403e3-8833-4b5c-ad30-5e7272725eb3,L1,Profile
b5f403e3-8833-4b5c-ad30-5e7272725eb3,L1,Profile
b5f403e3-8833-4b5c-ad30-5e7272725eb3,L1,Profile
b5f403e3-8833-4b5c-ad30-5e7272725eb3,L1,Profile
b5f403e3-8833-4b5c-ad30-5e7272725eb3,L1,Profile
b5f403e3-8833-4b5c-ad30-5e7272725eb3,L1,Profile
b5f403e3-8833-4b5c-ad30-5e7272725eb3,L1,Profile
b5f403e3-8833-4b5c-ad30-5e7272725eb3,L1,Profile
b5f403e3-8833-4b5c-ad30-5e7272725eb3,L1,Profile
b5f403e3-8833-4b5c-ad30-5e7272725eb3,L1,Profile
b5f403e3-8833-4b5c-ad30-5e7272725eb3,L1,Profile
b5f403e3-8833-4b5c-ad30-5e7272725eb3,L1,Profile
b5f403e3-8833-4b5c-ad30-5e7272725eb3,L1,Profile
b5f403e3-8833-4b5c-ad30-5e7272725eb3,L1,Profile
b5f403e3-8833-4b5c-ad30-5e7272725eb3,L1,Profile
b5f403e3-8833-4b5c-ad30-5e7272725eb3,L1,Profile
b5f403e3-8833-4b5c-ad30-5e7272725eb3,L1,Profile
b5f403e3-8833-4b5c-ad30-5e7272725eb3,L1,Profile
b5f403e3-8833-4b5c-ad30-5e7272725eb3,L1,Profile
b5f403e3-8833-4b5c-ad30-5e7272725eb3,L1,Profile
b5f403e3-8833-4b5c-ad30-5e7272725eb3,L1,Profile
b5f403e3-8833-4b5c-ad30-5e7272725eb3,L1,Profile
b5f403e3-8833-4b5c-ad30-5e7272725eb3,L1,Profile
b5f403e3-8833-4b5c-ad30-5e7272725eb3,L1,Profile
b5f403e3-8833-4b5c-ad30-5e7272725eb3,L1,Profile
b5f403e3-8833-4b5c-ad30-5e7272725eb3,L1,Profile
b5f403e3-8833-4b5c-ad30-5e7272725eb3,L1,Profile
b5f403e3-8833-4b5c-ad30-5e7272725eb3,L1,Profile
b5f403e3-8833-4b5c-ad30-5e7272725eb3,L1,Profile
b5f403e3-8833-4b5c-ad30-5e7272725eb3,L1,Profile
b5f403e3-8833-4b5c-ad30-5e7272725eb3,L1,Profile
b5f403e3-8833-4b5c-ad30-5e7272725eb3,L1,Profile
b5f403e3-8833-4b5c-ad30-5e7272725eb3,L1,Profile
b5f403e3-8833-4b5c-ad30-5e7272725eb3,L1,Profile
b5f403e3-8833-4b5c-ad30-5e7272725eb3,L1,Profile
b5f403e3-8833-4b5c-ad30-5e7272725eb3,L1,Profile
b5f403e3-8833-4b5c-ad30-5e7272725eb3,L1,Profile
b5f403e3-8833-4b5c-ad30-5e7272725eb3,L1,Profile
b5f403e3-8833-4b5c-ad30-5e7272725eb3,L1,Profile
b5f403e3-8833-4b5c-ad30-5e7272725eb3,L1,Profile
b5f403e3-8833-4b5c-ad30-5e7272725eb3,L1,Profile
b5f403e3-8833-4b5c-ad30-5e7272725eb3,L1,Profile
b5f403e3-8833-4b5c-ad30-5e7272725eb3,L1,Profile
b5f403e3-8833-4b5c-ad30-5e7272725eb3,L1,Profile
b5f403e3-8833-4b5c-ad30-5e7272725eb3,L1,Profile
b5f403e3-8833-4b5c-ad30-5e7272725eb3,L1,Profile
b5f403e3-8833-4b5c-ad30-5e7272725eb3,L1,Profile
b5f403e3-8833-4b5c-ad30-5e7272725eb3,L1,Profile
b5f403e3-8833-4b5c-ad30-5e7272725eb3,L1,Profile
b5f403e3-8833-4b5c-ad30-5e7272725eb3,L1,Profile
b5f403e3-8833-4b5c-ad30-5e7272725eb3,L1,Profile
b5f403e3-8833-4b5c-ad30-5e7272725eb3,L1,Profile
b5f403e3-8833-4b5c-ad30-5e7272725eb3,L1,Profile
b5f403e3-8833-4b5c-ad30-5e7272725eb3,L1,Profile
b5f403e3-8833-4b5c-ad30-5e7272725eb3,L1,Profile
b5f403e3-8833-4b5c-ad30-5e7272725eb3,L1,Profile
b5f403e3-8833-4b5c-ad30-5e7272725eb3,L1,Profile
b5f403e3-8833-4b5c-ad30-5e7272725eb3,L1,Profile
b5f403e3-8833-4b5c-ad30-5e7272725eb3,L1,Profile
b5f403e3-8833-4b5c-ad30-5e7272725eb3,L1,Profile
b5f403e3-8833-4b5c-ad30-5e7272725eb3,L1,Profile
b5f403e3-8833-4b5c-ad30-5e7272725eb3,L1,Profile
b5f403e3-8833-4b5c-ad30-5e7272725eb3,L1,Profile
b5f403e3-8833-4b5c-ad30-5e7272725eb3,L1,Profile
b5f403e3-8833-4b5c-ad30-5e7272725eb3,L1,Profile
b5f403e3-8833-4b5c-ad30-5e7272725eb3,L1,Profile
b5f403e3-8833-4b5c-ad30-5e7272725eb3,L1,Profile
b5f403e3-8833-4b5c-ad30-5e7272725eb3,L1,Profile
b5f403e3-8833-4b5c-ad30-5e7272725eb3,L1,Profile
b5f403e3-8833-4b5c-ad30-5e7272725eb3,L1,Profile
b5f403e3-8833-4b5c-ad30-5e7272725eb3,L1,Profile
b5f403e3-8833-4b5c-ad30-5e7272725eb3,L1,Profile
b5f403e3-8833-4b5c-ad30-5e7272725eb3,L1,Profile
b5f403e3-8833-4b5c-ad30-5e7272725eb3,L1,Profile
b5f403e3-8833-4b5c-ad30-5e7272725eb3,L1,Profile
b5f403e3-8833-4b5c-ad30-5e7272725eb3,L1,Profile
b5f403e3-8833-4b5c-ad30-5e7272725eb3,L1,Profile
b5f403e3-8833-4b5c-ad30-5e7272725eb3,L1,Profile
b5f403e3-8833-4b5c-ad30-5e7272725eb3,L1,Profile
b5f403e3-8833-4b5c-ad30-5e7272725eb3,L1,Profile
b5f403e3-8833-4b5c-ad30-5e7272725eb3,L1,Profile
b5f403e3-8833-4b5c-ad30-5e7272725eb3,L1,Profile
b5f403e3-8833-4b5c-ad30-5e7272725eb3,L1,Profile
b5f403e3-8833-4b5c-ad30-5e7272725eb3,L1,Profile
b5f403e3-8833-4b5c-ad30-5e7272725eb3,L1,Profile
b5f403e3-8833-4b5c-ad30-5e7272725eb3,L1,Profile
b5f403e3-8833-4b5c-ad30-5e7272725eb3,L1,Profile
b5f403e3-8833-4b5c-ad30-5e7272725eb3,L1,Profile
b5f403e3-8833-4b5c-ad30-5e7272725eb3,L1,Profile
b5f403e3-8833-4b5c-ad30-5e7272725eb3,L1,Profile
b5f403e3-8833-4b5c-ad30-5e7272725eb3,L1,Profile
b5f403e3-8833-4b5c-ad30-5e7272725eb3,L1,Profile
b5f403e3-8833-4b5c-ad30-5e7272725eb3,L1,Profile
b5f403e3-8833-4b5c-ad30-5e7272725eb3,L1,Profile
b5f403e3-8833-4b5c-ad30-5e7272725eb3,L1,Profile
b5f403e3-8833-4b5c-ad30-5e7272725eb3,L1,Profile
b5f403e3-8833-4b5c-ad30-5e7272725eb3,L1,Profile
b5f403e3-8833-4b5c-ad30-5e7272725eb3,L1,Profile
b5f403e3-8833-4b5c-ad30-5e7272725eb3,L1,Profile
b5f403e3-8833-4b5c-ad30-5e7272725eb3,L1,Profile
b5f403e3-8833-4b5c-ad30-5e7272725eb3,L1,Profile
b5f403e3-8833-4b5c-ad30-5e7272725eb3,L1,Profile
b5f403e3-8833-4b5c-ad30-5e7272725eb3,L1,Profile
b5f403e3-8833-4b5c-ad30-5e7272725eb3,L1,Profile
b5f403e3-8833-4b5c-ad30-5e7272725eb3,L1,Profile
b5f403e3-8833-4b5c-ad30-5e7272725eb3,L1,Profile
b5f403e3-8833-4b5c-ad30-5e7272725eb3,L1,Profile
b5f403e3-8833-4b5c-ad30-5e7272725eb3,L1,Profile
b5f403e3-8833-4b5c-ad30-5e7272725eb3,L1,Profile
b5f403e3-8833-4b5c-ad30-5e7272725eb3,L1,Profile
b5f403e3-8833-4b5c-ad30-5e7272725eb3,L1,Profile
b5f403e3-8833-4b5c-ad30-5e7272725eb3,L1,Profile
b5f403e3-8833-4b5c-ad30-5e7272725eb3,L1,Profile
b5f403e3-8833-4b5c-ad30-5e7272725eb3,L1,Profile
b5f403e3-8833-4b5c-ad30-5e7272725eb3,L1,Profile
b5f403e3-8833-4b5c-ad30-5e7272725eb3,L1,Profile
b5f403e3-8833-4b5c-ad30-5e7272725eb3,L1,Profile
b5f403e3-8833-4b5c-ad30-5e7272725eb3,L1,Profile
b5f403e3-8833-4b5c-ad30-5e7272725eb3,L1,Profile
b5f403e3-8833-4b5c-ad30-5e7272725eb3,L1,Profile
b5f403e3-8833-4b5c-ad30-5e7272725eb3,L1,Profile
b5f403e3-8833-4b5c-ad30-5e7272725eb3,L1,Profile
b5f403e3-8833-4b5c-ad30-5e7272725eb3,L1,Profile
b5f403e3-8833-4b5c-ad30-5e7272725eb3,L1,Profile
b5f403e3-8833-4b5c-ad30-5e7272725eb3,L1,Profile
b5f403e3-8833-4b5c-ad30-5e7272725eb3,L1,Profile
b5f403e3-8833-4b5c-ad30-5e7272725eb3,L1,Profile
b5f403e3-8833-4b5c-ad30-5e7272725eb3,L1,Profile
b5f403e3-8833-4b5c-ad30-5e7272725eb3,L1,Profile
b5f403e3-8833-4b5c-ad30-5e7272725eb3,L1,Profile
b5f403e3-8833-4b5c-ad30-5e7272725eb3,L1,Profile
b5f403e3-8833-4b5c-ad30-5e7272725eb3,L1,Profile
b5f403e3-8833-4b5c-ad30-5e7272725eb3,L1,Profile
b5f403e3-8833-4b5c-ad30-5e7272725eb3,L1,Profile
b5f403e3-8833-4b5c-ad30-5e7272725eb3,L1,Profile
b5f403e3-8833-4b5c-ad30-5e7272725eb3,L1,Profile
b5f403e3-8833-4b5c-ad30-5e7272725eb3,L1,Profile
b5f403e3-8833-4b5c-ad30-5e7272725eb3,L1,Profile
b5f403e3-8833-4b5c-ad30-5e7272725eb3,L1,Profile
b5f403e3-8833-4b5c-ad30-5e7272725eb3,L1,Profile
b5f403e3-8833-4b5c-ad30-5e7272725eb3,L1,Profile
b5f403e3-8833-4b5c-ad30-5e7272725eb3,L1,Profile
b5f403e3-8833-4b5c-ad30-5e7272725eb3,L1,Profile
b5f403e3-8833-4b5c-ad30-5e7272725eb3,L1,Profile
b5f403e3-8833-4b5c-ad30-5e7272725eb3,L1,Profile
b5f403e3-8833-4b5c-ad30-5e7272725eb3,L1,Profile
b5f403e3-8833-4b5c-ad30-5e7272725eb3,L1,Profile
b5f403e3-8833-4b5c-ad30-5e7272725eb3,L1,Profile
b5f403e3-8833-4b5c-ad30-5e7272725eb3,L1,Profile
b5f403e3-8833-4b5c-ad30-5e7272725eb3,L1,Profile
b5f403e3-8833-4b5c-ad30-5e7272725eb3,L1,Profile
b5f403e3-8833-4b5c-ad30-5e7272725eb3,L1,Profile
b5f403e3-8833-4b5c-ad30-5e7272725eb3,L1,Profile
b5f403e3-8833-4b5c-ad30-5e7272725eb3,L1,Profile
b5f403e3-8833-4b5c-ad30-5e7272725eb3,L1,Profile
b5f403e3-8833-4b5c-ad30-5e7272725eb3,L1,Profile
b5f403e3-8833-4b5c-ad30-5e7272725eb3,L1,Profile
b5f403e3-8833-4b5c-ad30-5e7272725eb3,L1,Profile
b5f403e3-8833-4b5c-ad30-5e7272725eb3,L1,Profile
b5f403e3-8833-4b5c-ad30-5e7272725eb3,L1,Profile
b5f403e3-8833-4b5c-ad30-5e7272725eb3,L1,Profile
b5f403e3-8833-4b5c-ad30-5e7272725eb3,L1,Profile
b5f403e3-8833-4b5c-ad30-5e7272725eb3,L1,Profile
b5f403e3-8833-4b5c-ad30-5e7272725eb3,L1,Profile
b5f403e3-8833-4b5c-ad30-5e7272725eb3,L1,Profile
b5f403e3-8833-4b5c-ad30-5e7272725eb3,L1,Profile
b5f403e3-8833-4b5c-ad30-5e7272725eb3,L1,Profile
b5f403e3-8833-4b5c-ad30-5e7272725eb3,L1,Profile
b5f403e3-8833-4b5c-ad30-5e7272725eb3,L1,Profile
b5f403e3-8833-4b5c-ad30-5e7272725eb3,L1,Profile
b5f403e3-8833-4b5c-ad30-5e7272725eb3,L1,Profile
b5f403e3-8833-4b5c-ad30-5e7272725eb3,L1,Profile
b5f403e3-8833-4b5c-ad30-5e7272725eb3,L1,Profile
b5f403e3-8833-4b5c-ad30-5e7272725eb3,L1,Profile
b5f403e3-8833-4b5c-ad30-5e7272725eb3,L1,Profile
b5f403e3-8833-4b5c-ad30-5e7272725eb3,L1,Profile
b5f403e3-8833-4b5c-ad30-5e7272725eb3,L1,Profile
b5f403e3-8833-4b5c-ad30-5e7272725eb3,L1,Profile
b5f403e3-8833-4b5c-ad30-5e7272725eb3,L1,Profile
b5f403e3-8833-4b5c-ad30-5e7272725eb3,L1,Profile
b5f403e3-8833-4b5c-ad30-5e7272725eb3,L1,Profile
b5f403e3-8833-4b5c-ad30-5e7272725eb3,L1,Profile
b5f403e3-8833-4b5c-ad30-5e7272725eb3,L1,Profile
b5f403e3-8833-4b5c-ad30-5e7272725eb3,L1,Profile
b5f403e3-8833-4b5c-ad30-5e7272725eb3,L1,Profile
b5f403e3-8833-4b5c-ad30-5e7272725eb3,L1,Profile
b5f403e3-8833-4b5c-ad30-5e7272725eb3,L1,Profile
b5f403e3-8833-4b5c-ad30-5e7272725eb3,L1,Profile
b5f403e3-8833-4b5c-ad30-5e7272725eb3,L1,Profile
b5f403e3-8833-4b5c-ad30-5e7272725eb3,L1,Profile
b5f403e3-8833-4b5c-ad30-5e7272725eb3,L1,Profile
b5f403e3-8833-4b5c-ad30-5e7272725eb3,L1,Profile
b5f403e3-8833-4b5c-ad30-5e7272725eb3,L1,Profile
b5f403e3-8833-4b5c-ad30-5e7272725eb3,L1,Profile
b5f403e3-8833-4b5c-ad30-5e7272725eb3,L1,Profile
b5f403e3-8833-4b5c-ad30-5e7272725eb3,L1,Profile
b5f403e3-8833-4b5c-ad30-5e7272725eb3,L1,Profile
b5f403e3-8833-4b5c-ad30-5e7272725eb3,L1,Profile
b5f403e3-8833-4b5c-ad30-5e7272725eb3,L1,Profile
b5f403e3-8833-4b5c-ad30-5e7272725eb3,L1,Profile
b5f403e3-8833-4b5c-ad30-5e7272725eb3,L1,Profile
b5f403e3-8833-4b5c-ad30-5e7272725eb3,L1,Profile
b5f403e3-8833-4b5c-ad30-5e7272725eb3,L1,Profile
b5f403e3-8833-4b5c-ad30-5e7272725eb3,L1,Profile
b5f403e3-8833-4b5c-ad30-5e7272725eb3,L1,Profile
b5f403e3-8833-4b5c-ad30-5e7272725eb3,L1,Profile
b5f403e3-8833-4b5c-ad30-5e7272725eb3,L1,Profile
b5f403e3-8833-4b5c-ad30-5e7272725eb3,L1,Profile
b5f403e3-8833-4b5c-ad30-5e7272725eb3,L1,Profile
b5f403e3-8833-4b5c-ad30-5e7272725eb3,L1,Profile
b5f403e3-8833-4b5c-ad30-5e7272725eb3,L1,Profile
b5f403e3-8833-4b5c-ad30-5e7272725eb3,L1,Profile
b5f403e3-8833-4b5c-ad30-5e7272725eb3,L1,Profile
b5f403e3-8833-4b5c-ad30-5e7272725eb3,L1,Profile
b5f403e3-8833-4b5c-ad30-5e7272725eb3,L1,Profile
b5f403e3-8833-4b5c-ad30-5e7272725eb3,L1,Profile
b5f403e3-8833-4b5c-ad30-5e7272725eb3,L1,Profile
b5f403e3-8833-4b5c-ad30-5e7272725eb3,L1,Profile
b5f403e3-8833-4b5c-ad30-5e7272725eb3,L1,Profile
b5f403e3-8833-4b5c-ad30-5e7272725eb3,L1,Profile
b5f403e3-8833-4b5c-ad30-5e7272725eb3,L1,Profile
b5f403e3-8833-4b5c-ad30-5e7272725eb3,L1,Profile
b5f403e3-8833-4b5c-ad30-5e7272725eb3,L1,Profile
b5f403e3-8833-4b5c-ad30-5e7272725eb3,L1,Profile
b5f403e3-8833-4b5c-ad30-5e7272725eb3,L1,Profile
b5f403e3-8833-4b5c-ad30-5e7272725eb3,L1,Profile
b5f403e3-8833-4b5c-ad30-5e7272725eb3,L1,Profile
b5f403e3-8833-4b5c-ad30-5e7272725eb3,L1,Profile
b5f403e3-8833-4b5c-ad30-5e7272725eb3,L1,Profile
b5f403e3-8833-4b5c-ad30-5e7272725eb3,L1,Profile
b5f403e3-8833-4b5c-ad30-5e7272725eb3,L1,Profile
b5f403e3-8833-4b5c-ad30-5e7272725eb3,L1,Profile
b5f403e3-8833-4b5c-ad30-5e7272725eb3,L1,Profile
b5f403e3-8833-4b5c-ad30-5e7272725eb3,L1,Profile
b5f403e3-8833-4b5c-ad30-5e7272725eb3,L1,Profile
b5f403e3-8833-4b5c-ad30-5e7272725eb3,L1,Profile
b5f403e3-8833-4b5c-ad30-5e7272725eb3,L1,Profile
b5f403e3-8833-4b5c-ad30-5e7272725eb3,L1,Profile
b5f403e3-8833-4b5c-ad30-5e7272725eb3,L1,Profile
b5f403e3-8833-4b5c-ad30-5e7272725eb3,L1,Profile
b5f403e3-8833-4b5c-ad30-5e7272725eb3,L1,Profile
b5f403e3-8833-4b5c-ad30-5e7272725eb3,L1,Profile
b5f403e3-8833-4b5c-ad30-5e7272725eb3,L1,Profile
b5f403e3-8833-4b5c-ad30-5e7272725eb3,L1,Profile
b5f403e3-8833-4b5c-ad30-5e7272725eb3,L1,Profile
b5f403e3-8833-4b5c-ad30-5e7272725eb3,L1,Profile
b5f403e3-8833-4b5c-ad30-5e7272725eb3,L1,Profile
b5f403e3-8833-4b5c-ad30-5e7272725eb3,L1,Profile
b5f403e3-8833-4b5c-ad30-5e7272725eb3,L1,Profile
b5f403e3-8833-4b5c-ad30-5e7272725eb3,L1,Profile
b5f403e3-8833-4b5c-ad30-5e7272725eb3,L1,Profile
b5f403e3-8833-4b5c-ad30-5e7272725eb3,L1,Profile
b5f403e3-8833-4b5c-ad30-5e7272725eb3,L1,Profile
b5f403e3-8833-4b5c-ad30-5e7272725eb3,L1,Profile
b5f403e3-8833-4b5c-ad30-5e7272725eb3,L1,Profile
b5f403e3-8833-4b5c-ad30-5e7272725eb3,L1,Profile
b5f403e3-8833-4b5c-ad30-5e7272725eb3,L1,Profile
b5f403e3-8833-4b5c-ad30-5e7272725eb3,L1,Profile
b5f403e3-8833-4b5c-ad30-5e7272725eb3,L1,Profile
b5f403e3-8833-4b5c-ad30-5e7272725eb3,L1,Profile
b5f403e3-8833-4b5c-ad30-5e7272725eb3,L1,Profile
b5f403e3-8833-4b5c-ad30-5e7272725eb3,L1,Profile
b5f403e3-8833-4b5c-ad30-5e7272725eb3,L1,Profile
b5f403e3-8833-4b5c-ad30-5e7272725eb3,L1,Profile
b5f403e3-8833-4b5c-ad30-5e7272725eb3,L1,Profile
b5f403e3-8833-4b5c-ad30-5e7272725eb3,L1,Profile
b5f403e3-8833-4b5c-ad30-5e7272725eb3,L1,Profile
b5f403e3-8833-4b5c-ad30-5e7272725eb3,L1,Profile
b5f403e3-8833-4b5c-ad30-5e7272725eb3,L1,Profile
b5f403e3-8833-4b5c-ad30-5e7272725eb3,L1,Profile
b5f403e3-8833-4b5c-ad30-5e7272725eb3,L1,Profile
b5f403e3-8833-4b5c-ad30-5e7272725eb3,L1,Profile
b5f403e3-8833-4b5c-ad30-5e7272725eb3,L1,Profile
b5f403e3-8833-4b5c-ad30-5e7272725eb3,L1,Profile
b5f403e3-8833-4b5c-ad30-5e7272725eb3,L1,Profile
b5f403e3-8833-4b5c-ad30-5e7272725eb3,L1,Profile
b5f403e3-8833-4b5c-ad30-5e7272725eb3,L1,Profile
b5f403e3-8833-4b5c-ad30-5e7272725eb3,L1,Profile
b5f403e3-8833-4b5c-ad30-5e7272725eb3,L1,Profile
b5f403e3-8833-4b5c-ad30-5e7272725eb3,L1,Profile
b5f403e3-8833-4b5c-ad30-5e7272725eb3,L1,Profile
b5f403e3-8833-4b5c-ad30-5e7272725eb3,L1,Profile
b5f403e3-8833-4b5c-ad30-5e7272725eb3,L1,Profile
b5f403e3-8833-4b5c-ad30-5e7272725eb3,L1,Profile
b5f403e3-8833-4b5c-ad30-5e7272725eb3,L1,Profile
b5f403e3-8833-4b5c-ad30-5e7272725eb3,L1,Profile
b5f403e3-8833-4b5c-ad30-5e7272725eb3,L1,Profile
b5f403e3-8833-4b5c-ad30-5e7272725eb3,L1,Profile
b5f403e3-8833-4b5c-ad30-5e7272725eb3,L1,Profile
b5f403e3-8833-4b5c-ad30-5e7272725eb3,L1,Profile
b5f403e3-8833-4b5c-ad30-5e7272725eb3,L1,Profile
b5f403e3-8833-4b5c-ad30-5e7272725eb3,L1,Profile
b5f403e3-8833-4b5c-ad30-5e7272725eb3,L1,Profile
b5f403e3-8833-4b5c-ad30-5e7272725eb3,L1,Profile
b5f403e3-8833-4b5c-ad30-5e7272725eb3,L1,Profile
b5f403e3-8833-4b5c-ad30-5e7272725eb3,L1,Profile
b5f403e3-8833-4b5c-ad30-5e7272725eb3,L1,Profile
b5f403e3-8833-4b5c-ad30-5e7272725eb3,L1,Profile
b5f403e3-8833-4b5c-ad30-5e7272725eb3,L1,Profile
b5f403e3-8833-4b5c-ad30-5e7272725eb3,L1,Profile
b5f403e3-8833-4b5c-ad30-5e7272725eb3,L1,Profile
b5f403e3-8833-4b5c-ad30-5e7272725eb3,L1,Profile
b5f403e3-8833-4b5c-ad30-5e7272725eb3,L1,Profile
b5f403e3-8833-4b5c-ad30-5e7272725eb3,L1,Profile
b5f403e3-8833-4b5c-ad30-5e7272725eb3,L1,Profile
b5f403e3-8833-4b5c-ad30-5e7272725eb3,L1,Profile
b5f403e3-8833-4b5c-ad30-5e7272725eb3,L1,Profile
b5f403e3-8833-4b5c-ad30-5e7272725eb3,L1,Profile
b5f403e3-8833-4b5c-ad30-5e7272725eb3,L1,Profile
b5f403e3-8833-4b5c-ad30-5e7272725eb3,L1,Profile
b5f403e3-8833-4b5c-ad30-5e7272725eb3,L1,Profile
b5f403e3-8833-4b5c-ad30-5e7272725eb3,L1,Profile
b5f403e3-8833-4b5c-ad30-5e7272725eb3,L1,Profile
b5f403e3-8833-4b5c-ad30-5e7272725eb3,L1,Profile
b5f403e3-8833-4b5c-ad30-5e7272725eb3,L1,Profile
b5f403e3-8833-4b5c-ad30-5e7272725eb3,L1,Profile
b5f403e3-8833-4b5c-ad30-5e7272725eb3,L1,Profile
b5f403e3-8833-4b5c-ad30-5e7272725eb3,L1,Profile
b5f403e3-8833-4b5c-ad30-5e7272725eb3,L1,Profile
b5f403e3-8833-4b5c-ad30-5e7272725eb3,L1,Profile
b5f403e3-8833-4b5c-ad30-5e7272725eb3,L1,Profile
b5f403e3-8833-4b5c-ad30-5e7272725eb3,L1,Profile
b5f403e3-8833-4b5c-ad30-5e7272725eb3,L1,Profile
b5f403e3-8833-4b5c-ad30-5e7272725eb3,L1,Profile
b5f403e3-8833-4b5c-ad30-5e7272725eb3,L1,Profile
b5f403e3-8833-4b5c-ad30-5e7272725eb3,L1,Profile
b5f403e3-8833-4b5c-ad30-5e7272725eb3,L1,Profile
b5f403e3-8833-4b5c-ad30-5e7272725eb3,L1,Profile
b5f403e3-8833-4b5c-ad30-5e7272725eb3,L1,Profile
b5f403e3-8833-4b5c-ad30-5e7272725eb3,L1,Profile
b5f403e3-8833-4b5c-ad30-5e7272725eb3,L1,Profile
b5f403e3-8833-4b5c-ad30-5e7272725eb3,L1,Profile
b5f403e3-8833-4b5c-ad30-5e7272725eb3,L1,Profile
b5f403e3-8833-4b5c-ad30-5e7272725eb3,L1,Profile
b5f403e3-8833-4b5c-ad30-5e7272725eb3,L1,Profile
b5f403e3-8833-4b5c-ad30-5e7272725eb3,L1,Profile
b5f403e3-8833-4b5c-ad30-5e7272725eb3,L1,Profile
b5f403e3-8833-4b5c-ad30-5e7272725eb3,L1,Profile
b5f403e3-8833-4b5c-ad30-5e7272725eb3,L1,Profile
b5f403e3-8833-4b5c-ad30-5e7272725eb3,L1,Profile
b5f403e3-8833-4b5c-ad30-5e7272725eb3,L1,Profile
b5f403e3-8833-4b5c-ad30-5e7272725eb3,L1,Profile
b5f403e3-8833-4b5c-ad30-5e7272725eb3,L1,Profile
b5f403e3-8833-4b5c-ad30-5e7272725eb3,L1,Profile
b5f403e3-8833-4b5c-ad30-5e7272725eb3,L1,Profile
b5f403e3-8833-4b5c-ad30-5e7272725eb3,L1,Profile
b5f403e3-8833-4b5c-ad30-5e7272725eb3,L1,Profile
b5f403e3-8833-4b5c-ad30-5e7272725eb3,L1,Profile
b5f403e3-8833-4b5c-ad30-5e7272725eb3,L1,Profile
b5f403e3-8833-4b5c-ad30-5e7272725eb3,L1,Profile
b5f403e3-8833-4b5c-ad30-5e7272725eb3,L1,Profile
b5f403e3-8833-4b5c-ad30-5e7272725eb3,L1,Profile
b5f403e3-8833-4b5c-ad30-5e7272725eb3,L1,Profile
b5f403e3-8833-4b5c-ad30-5e7272725eb3,L1,Profile
b5f403e3-8833-4b5c-ad30-5e7272725eb3,L1,Profile
b5f403e3-8833-4b5c-ad30-5e7272725eb3,L1,Profile
b5f403e3-8833-4b5c-ad30-5e7272725eb3,L1,Profile
b5f403e3-8833-4b5c-ad30-5e7272725eb3,L1,Profile
b5f403e3-8833-4b5c-ad30-5e7272725eb3,L1,Profile
b5f403e3-8833-4b5c-ad30-5e7272725eb3,L1,Profile
b5f403e3-8833-4b5c-ad30-5e7272725eb3,L1,Profile
b5f403e3-8833-4b5c-ad30-5e7272725eb3,L1,Profile
b5f403e3-8833-4b5c-ad30-5e7272725eb3,L1,Profile
b5f403e3-8833-4b5c-ad30-5e7272725eb3,L1,Profile
b5f403e3-8833-4b5c-ad30-5e7272725eb3,L1,Profile
b5f403e3-8833-4b5c-ad30-5e7272725eb3,L1,Profile
b5f403e3-8833-4b5c-ad30-5e7272725eb3,L1,Profile
b5f403e3-8833-4b5c-ad30-5e7272725eb3,L1,Profile
b5f403e3-8833-4b5c-ad30-5e7272725eb3,L1,Profile
b5f403e3-8833-4b5c-ad30-5e7272725eb3,L1,Profile
b5f403e3-8833-4b5c-ad30-5e7272725eb3,L1,Profile
b5f403e3-8833-4b5c-ad30-5e7272725eb3,L1,Profile
b5f403e3-8833-4b5c-ad30-5e7272725eb3,L1,Profile
b5f403e3-8833-4b5c-ad30-5e7272725eb3,L1,Profile
b5f403e3-8833-4b5c-ad30-5e7272725eb3,L1,Profile
b5f403e3-8833-4b5c-ad30-5e7272725eb3,L1,Profile
b5f403e3-8833-4b5c-ad30-5e7272725eb3,L1,Profile
b5f403e3-8833-4b5c-ad30-5e7272725eb3,L1,Profile
b5f403e3-8833-4b5c-ad30-5e7272725eb3,L1,Profile
b5f403e3-8833-4b5c-ad30-5e7272725eb3,L1,Profile
b5f403e3-8833-4b5c-ad30-5e7272725eb3,L1,Profile
b5f403e3-8833-4b5c-ad30-5e7272725eb3,L1,Profile
b5f403e3-8833-4b5c-ad30-5e7272725eb3,L1,Profile
b5f403e3-8833-4b5c-ad30-5e7272725eb3,L1,Profile
b5f403e3-8833-4b5c-ad30-5e7272725eb3,L1,Profile
b5f403e3-8833-4b5c-ad30-5e7272725eb3,L1,Profile
b5f403e3-8833-4b5c-ad30-5e7272725eb3,L1,Profile
b5f403e3-8833-4b5c-ad30-5e7272725eb3,L1,Profile
b5f403e3-8833-4b5c-ad30-5e7272725eb3,L1,Profile
b5f403e3-8833-4b5c-ad30-5e7272725eb3,L1,Profile
b5f403e3-8833-4b5c-ad30-5e7272725eb3,L1,Profile
b5f403e3-8833-4b5c-ad30-5e7272725eb3,L1,Profile
b5f403e3-8833-4b5c-ad30-5e7272725eb3,L1,Profile
b5f403e3-8833-4b5c-ad30-5e7272725eb3,L1,Profile
b5f403e3-8833-4b5c-ad30-5e7272725eb3,L1,Profile
b5f403e3-8833-4b5c-ad30-5e7272725eb3,L1,Profile
b5f403e3-8833-4b5c-ad30-5e7272725eb3,L1,Profile
b5f403e3-8833-4b5c-ad30-5e7272725eb3,L1,Profile
b5f403e3-8833-4b5c-ad30-5e7272725eb3,L1,Profile
b5f403e3-8833-4b5c-ad30-5e7272725eb3,L1,Profile
b5f403e3-8833-4b5c-ad30-5e7272725eb3,L1,Profile
b5f403e3-8833-4b5c-ad30-5e7272725eb3,L1,Profile
b5f403e3-8833-4b5c-ad30-5e7272725eb3,L1,Profile
b5f403e3-8833-4b5c-ad30-5e7272725eb3,L1,Profile
b5f403e3-8833-4b5c-ad30-5e7272725eb3,L1,Profile
b5f403e3-8833-4b5c-ad30-5e7272725eb3,L1,Profile
b5f403e3-8833-4b5c-ad30-5e7272725eb3,L1,Profile
b5f403e3-8833-4b5c-ad30-5e7272725eb3,L1,Profile
b5f403e3-8833-4b5c-ad30-5e7272725eb3,L1,Profile
b5f403e3-8833-4b5c-ad30-5e7272725eb3,L1,Profile
b5f403e3-8833-4b5c-ad30-5e7272725eb3,L1,Profile
b5f403e3-8833-4b5c-ad30-5e7272725eb3,L1,Profile
b5f403e3-8833-4b5c-ad30-5e7272725eb3,L1,Profile
b5f403e3-8833-4b5c-ad30-5e7272725eb3,L1,Profile
b5f403e3-8833-4b5c-ad30-5e7272725eb3,L1,Profile
b5f403e3-8833-4b5c-ad30-5e7272725eb3,L1,Profile
b5f403e3-8833-4b5c-ad30-5e7272725eb3,L1,Profile
b5f403e3-8833-4b5c-ad30-5e7272725eb3,L1,Profile
b5f403e3-8833-4b5c-ad30-5e7272725eb3,L1,Profile
b5f403e3-8833-4b5c-ad30-5e7272725eb3,L1,Profile
b5f403e3-8833-4b5c-ad30-5e7272725eb3,L1,Profile
b5f403e3-8833-4b5c-ad30-5e7272725eb3,L1,Profile
b5f403e3-8833-4b5c-ad30-5e7272725eb3,L1,Profile
b5f403e3-8833-4b5c-ad30-5e7272725eb3,L1,Profile
b5f403e3-8833-4b5c-ad30-5e7272725eb3,L1,Profile
b5f403e3-8833-4b5c-ad30-5e7272725eb3,L1,Profile
b5f403e3-8833-4b5c-ad30-5e7272725eb3,L1,Profile
b5f403e3-8833-4b5c-ad30-5e7272725eb3,L1,Profile
b5f403e3-8833-4b5c-ad30-5e7272725eb3,L1,Profile
b5f403e3-8833-4b5c-ad30-5e7272725eb3,L1,Profile
b5f403e3-8833-4b5c-ad30-5e7272725eb3,L1,Profile
b5f403e3-8833-4b5c-ad30-5e7272725eb3,L1,Profile
b5f403e3-8833-4b5c-ad30-5e7272725eb3,L1,Profile
b5f403e3-8833-4b5c-ad30-5e7272725eb3,L1,Profile
b5f403e3-8833-4b5c-ad30-5e7272725eb3,L1,Profile
b5f403e3-8833-4b5c-ad30-5e7272725eb3,L1,Profile
b5f403e3-8833-4b5c-ad30-5e7272725eb3,L1,Profile
b5f403e3-8833-4b5c-ad30-5e7272725eb3,L1,Profile
b5f403e3-8833-4b5c-ad30-5e7272725eb3,L1,Profile
b5f403e3-8833-4b5c-ad30-5e7272725eb3,L1,Profile
b5f403e3-8833-4b5c-ad30-5e7272725eb3,L1,Profile
b5f403e3-8833-4b5c-ad30-5e7272725eb3,L1,Profile
b5f403e3-8833-4b5c-ad30-5e7272725eb3,L1,Profile
b5f403e3-8833-4b5c-ad30-5e7272725eb3,L1,Profile
b5f403e3-8833-4b5c-ad30-5e7272725eb3,L1,Profile
b5f403e3-8833-4b5c-ad30-5e7272725eb3,L1,Profile
b5f403e3-8833-4b5c-ad30-5e7272725eb3,L1,Profile
b5f403e3-8833-4b5c-ad30-5e7272725eb3,L1,Profile
b5f403e3-8833-4b5c-ad30-5e7272725eb3,L1,Profile
b5f403e3-8833-4b5c-ad30-5e7272725eb3,L1,Profile
b5f403e3-8833-4b5c-ad30-5e7272725eb3,L1,Profile
b5f403e3-8833-4b5c-ad30-5e7272725eb3,L1,Profile
b5f403e3-8833-4b5c-ad30-5e7272725eb3,L1,Profile
b5f403e3-8833-4b5c-ad30-5e7272725eb3,L1,Profile
b5f403e3-8833-4b5c-ad30-5e7272725eb3,L1,Profile
b5f403e3-8833-4b5c-ad30-5e7272725eb3,L1,Profile
b5f403e3-8833-4b5c-ad30-5e7272725eb3,L1,Profile
b5f403e3-8833-4b5c-ad30-5e7272725eb3,L1,Profile
b5f403e3-8833-4b5c-ad30-5e7272725eb3,L1,Profile
b5f403e3-8833-4b5c-ad30-5e7272725eb3,L1,Profile
b5f403e3-8833-4b5c-ad30-5e7272725eb3,L1,Profile
b5f403e3-8833-4b5c-ad30-5e7272725eb3,L1,Profile
b5f403e3-8833-4b5c-ad30-5e7272725eb3,L1,Profile
b5f403e3-8833-4b5c-ad30-5e7272725eb3,L1,Profile
b5f403e3-8833-4b5c-ad30-5e7272725eb3,L1,Profile
b5f403e3-8833-4b5c-ad30-5e7272725eb3,L1,Profile
b5f403e3-8833-4b5c-ad30-5e7272725eb3,L1,Profile
b5f403e3-8833-4b5c-ad30-5e7272725eb3,L1,Profile
b5f403e3-8833-4b5c-ad30-5e7272725eb3,L1,Profile
b5f403e3-8833-4b5c-ad30-5e7272725eb3,L1,Profile
b5f403e3-8833-4b5c-ad30-5e7272725eb3,L1,Profile
b5f403e3-8833-4b5c-ad30-5e7272725eb3,L1,Profile
b5f403e3-8833-4b5c-ad30-5e7272725eb3,L1,Profile
b5f403e3-8833-4b5c-ad30-5e7272725eb3,L1,Profile
b5f403e3-8833-4b5c-ad30-5e7272725eb3,L1,Profile
b5f403e3-8833-4b5c-ad30-5e7272725eb3,L1,Profile
b5f403e3-8833-4b5c-ad30-5e7272725eb3,L1,Profile
b5f403e3-8833-4b5c-ad30-5e7272725eb3,L1,Profile
b5f403e3-8833-4b5c-ad30-5e7272725eb3,L1,Profile
b5f403e3-8833-4b5c-ad30-5e7272725eb3,L1,Profile
b5f403e3-8833-4b5c-ad30-5e7272725eb3,L1,Profile
b5f403e3-8833-4b5c-ad30-5e7272725eb3,L1,Profile
b5f403e3-8833-4b5c-ad30-5e7272725eb3,L1,Profile
b5f403e3-8833-4b5c-ad30-5e7272725eb3,L1,Profile
b5f403e3-8833-4b5c-ad30-5e7272725eb3,L1,Profile
b5f403e3-8833-4b5c-ad30-5e7272725eb3,L1,Profile
b5f403e3-8833-4b5c-ad30-5e7272725eb3,L1,Profile
b5f403e3-8833-4b5c-ad30-5e7272725eb3,L1,Profile
b5f403e3-8833-4b5c-ad30-5e7272725eb3,L1,Profile
b5f403e3-8833-4b5c-ad30-5e7272725eb3,L1,Profile
b5f403e3-8833-4b5c-ad30-5e7272725eb3,L1,Profile
b5f403e3-8833-4b5c-ad30-5e7272725eb3,L1,Profile
b5f403e3-8833-4b5c-ad30-5e7272725eb3,L1,Profile
b5f403e3-8833-4b5c-ad30-5e7272725eb3,L1,Profile
b5f403e3-8833-4b5c-ad30-5e7272725eb3,L1,Profile
b5f403e3-8833-4b5c-ad30-5e7272725eb3,L1,Profile
b5f403e3-8833-4b5c-ad30-5e7272725eb3,L1,Profile
b5f403e3-8833-4b5c-ad30-5e7272725eb3,L1,Profile
b5f403e3-8833-4b5c-ad30-5e7272725eb3,L1,Profile
b5f403e3-8833-4b5c-ad30-5e7272725eb3,L1,Profile
b5f403e3-8833-4b5c-ad30-5e7272725eb3,L1,Profile
b5f403e3-8833-4b5c-ad30-5e7272725eb3,L1,Profile
b5f403e3-8833-4b5c-ad30-5e7272725eb3,L1,Profile
b5f403e3-8833-4b5c-ad30-5e7272725eb3,L1,Profile
b5f403e3-8833-4b5c-ad30-5e7272725eb3,L1,Profile
b5f403e3-8833-4b5c-ad30-5e7272725eb3,L1,Profile
b5f403e3-8833-4b5c-ad30-5e7272725eb3,L1,Profile
b5f403e3-8833-4b5c-ad30-5e7272725eb3,L1,Profile
b5f403e3-8833-4b5c-ad30-5e7272725eb3,L1,Profile
b5f403e3-8833-4b5c-ad30-5e7272725eb3,L1,Profile
b5f403e3-8833-4b5c-ad30-5e7272725eb3,L1,Profile
b5f403e3-8833-4b5c-ad30-5e7272725eb3,L1,Profile
b5f403e3-8833-4b5c-ad30-5e7272725eb3,L1,Profile
b5f403e3-8833-4b5c-ad30-5e7272725eb3,L1,Profile
b5f403e3-8833-4b5c-ad30-5e7272725eb3,L1,Profile
b5f403e3-8833-4b5c-ad30-5e7272725eb3,L1,Profile
b5f403e3-8833-4b5c-ad30-5e7272725eb3,L1,Profile
b5f403e3-8833-4b5c-ad30-5e7272725eb3,L1,Profile
b5f403e3-8833-4b5c-ad30-5e7272725eb3,L1,Profile
b5f403e3-8833-4b5c-ad30-5e7272725eb3,L1,Profile
b5f403e3-8833-4b5c-ad30-5e7272725eb3,L1,Profile
b5f403e3-8833-4b5c-ad30-5e7272725eb3,L1,Profile
b5f403e3-8833-4b5c-ad30-5e7272725eb3,L1,Profile
b5f403e3-8833-4b5c-ad30-5e7272725eb3,L1,Profile
b5f403e3-8833-4b5c-ad30-5e7272725eb3,L1,Profile
b5f403e3-8833-4b5c-ad30-5e7272725eb3,L1,Profile
b5f403e3-8833-4b5c-ad30-5e7272725eb3,L1,Profile
b5f403e3-8833-4b5c-ad30-5e7272725eb3,L1,Profile
b5f403e3-8833-4b5c-ad30-5e7272725eb3,L1,Profile
b5f403e3-8833-4b5c-ad30-5e7272725eb3,L1,Profile
b5f403e3-8833-4b5c-ad30-5e7272725eb3,L1,Profile
b5f403e3-8833-4b5c-ad30-5e7272725eb3,L1,Profile
b5f403e3-8833-4b5c-ad30-5e7272725eb3,L1,Profile
b5f403e3-8833-4b5c-ad30-5e7272725eb3,L1,Profile
b5f403e3-8833-4b5c-ad30-5e7272725eb3,L1,Profile
b5f403e3-8833-4b5c-ad30-5e7272725eb3,L1,Profile
b5f403e3-8833-4b5c-ad30-5e7272725eb3,L1,Profile
b5f403e3-8833-4b5c-ad30-5e7272725eb3,L1,Profile
b5f403e3-8833-4b5c-ad30-5e7272725eb3,L1,Profile
b5f403e3-8833-4b5c-ad30-5e7272725eb3,L1,Profile
b5f403e3-8833-4b5c-ad30-5e7272725eb3,L1,Profile
b5f403e3-8833-4b5c-ad30-5e7272725eb3,L1,Profile
b5f403e3-8833-4b5c-ad30-5e7272725eb3,L1,Profile
b5f403e3-8833-4b5c-ad30-5e7272725eb3,L1,Profile
b5f403e3-8833-4b5c-ad30-5e7272725eb3,L1,Profile
b5f403e3-8833-4b5c-ad30-5e7272725eb3,L1,Profile
b5f403e3-8833-4b5c-ad30-5e7272725eb3,L1,Profile
b5f403e3-8833-4b5c-ad30-5e7272725eb3,L1,Profile
b5f403e3-8833-4b5c-ad30-5e7272725eb3,L1,Profile
b5f403e3-8833-4b5c-ad30-5e7272725eb3,L1,Profile
b5f403e3-8833-4b5c-ad30-5e7272725eb3,L1,Profile
b5f403e3-8833-4b5c-ad30-5e7272725eb3,L1,Profile
b5f403e3-8833-4b5c-ad30-5e7272725eb3,L1,Profile
b5f403e3-8833-4b5c-ad30-5e7272725eb3,L1,Profile
b5f403e3-8833-4b5c-ad30-5e7272725eb3,L1,Profile
b5f403e3-8833-4b5c-ad30-5e7272725eb3,L1,Profile
b5f403e3-8833-4b5c-ad30-5e7272725eb3,L1,Profile
b5f403e3-8833-4b5c-ad30-5e7272725eb3,L1,Profile
b5f403e3-8833-4b5c-ad30-5e7272725eb3,L1,Profile
b5f403e3-8833-4b5c-ad30-5e7272725eb3,L1,Profile
b5f403e3-8833-4b5c-ad30-5e7272725eb3,L1,Profile
b5f403e3-8833-4b5c-ad30-5e7272725eb3,L1,Profile
b5f403e3-8833-4b5c-ad30-5e7272725eb3,L1,Profile
b5f403e3-8833-4b5c-ad30-5e7272725eb3,L1,Profile
b5f403e3-8833-4b5c-ad30-5e7272725eb3,L1,Profile
b5f403e3-8833-4b5c-ad30-5e7272725eb3,L1,Profile
b5f403e3-8833-4b5c-ad30-5e7272725eb3,L1,Profile
b5f403e3-8833-4b5c-ad30-5e7272725eb3,L1,Profile
b5f403e3-8833-4b5c-ad30-5e7272725eb3,L1,Profile
b5f403e3-8833-4b5c-ad30-5e7272725eb3,L1,Profile
b5f403e3-8833-4b5c-ad30-5e7272725eb3,L1,Profile
b5f403e3-8833-4b5c-ad30-5e7272725eb3,L1,Profile
b5f403e3-8833-4b5c-ad30-5e7272725eb3,L1,Profile
b5f403e3-8833-4b5c-ad30-5e7272725eb3,L1,Profile
b5f403e3-8833-4b5c-ad30-5e7272725eb3,L1,Profile
b5f403e3-8833-4b5c-ad30-5e7272725eb3,L1,Profile
b5f403e3-8833-4b5c-ad30-5e7272725eb3,L1,Profile
b5f403e3-8833-4b5c-ad30-5e7272725eb3,L1,Profile
b5f403e3-8833-4b5c-ad30-5e7272725eb3,L1,Profile
b5f403e3-8833-4b5c-ad30-5e7272725eb3,L1,Profile
b5f403e3-8833-4b5c-ad30-5e7272725eb3,L1,Profile
b5f403e3-8833-4b5c-ad30-5e7272725eb3,L1,Profile
b5f403e3-8833-4b5c-ad30-5e7272725eb3,L1,Profile
b5f403e3-8833-4b5c-ad30-5e7272725eb3,L1,Profile
b5f403e3-8833-4b5c-ad30-5e7272725eb3,L1,Profile
b5f403e3-8833-4b5c-ad30-5e7272725eb3,L1,Profile
b5f403e3-8833-4b5c-ad30-5e7272725eb3,L1,Profile
b5f403e3-8833-4b5c-ad30-5e7272725eb3,L1,Profile
b5f403e3-8833-4b5c-ad30-5e7272725eb3,L1,Profile
b5f403e3-8833-4b5c-ad30-5e7272725eb3,L1,Profile
b5f403e3-8833-4b5c-ad30-5e7272725eb3,L1,Profile
b5f403e3-8833-4b5c-ad30-5e7272725eb3,L1,Profile
b5f403e3-8833-4b5c-ad30-5e7272725eb3,L1,Profile
b5f403e3-8833-4b5c-ad30-5e7272725eb3,L1,Profile
b5f403e3-8833-4b5c-ad30-5e7272725eb3,L1,Profile
b5f403e3-8833-4b5c-ad30-5e7272725eb3,L1,Profile
b5f403e3-8833-4b5c-ad30-5e7272725eb3,L1,Profile
b5f403e3-8833-4b5c-ad30-5e7272725eb3,L1,Profile
b5f403e3-8833-4b5c-ad30-5e7272725eb3,L1,Profile
b5f403e3-8833-4b5c-ad30-5e7272725eb3,L1,Profile
b5f403e3-8833-4b5c-ad30-5e7272725eb3,L1,Profile
b5f403e3-8833-4b5c-ad30-5e7272725eb3,L1,Profile
b5f403e3-8833-4b5c-ad30-5e7272725eb3,L1,Profile
b5f403e3-8833-4b5c-ad30-5e7272725eb3,L1,Profile
b5f403e3-8833-4b5c-ad30-5e7272725eb3,L1,Profile
b5f403e3-8833-4b5c-ad30-5e7272725eb3,L1,Profile
b5f403e3-8833-4b5c-ad30-5e7272725eb3,L1,Profile
b5f403e3-8833-4b5c-ad30-5e7272725eb3,L1,Profile
b5f403e3-8833-4b5c-ad30-5e7272725eb3,L1,Profile
b5f403e3-8833-4b5c-ad30-5e7272725eb3,L1,Profile
b5f403e3-8833-4b5c-ad30-5e7272725eb3,L1,Profile
b5f403e3-8833-4b5c-ad30-5e7272725eb3,L1,Profile
b5f403e3-8833-4b5c-ad30-5e7272725eb3,L1,Profile
b5f403e3-8833-4b5c-ad30-5e7272725eb3,L1,Profile
b5f403e3-8833-4b5c-ad30-5e7272725eb3,L1,Profile
b5f403e3-8833-4b5c-ad30-5e7272725eb3,L1,Profile
b5f403e3-8833-4b5c-ad30-5e7272725eb3,L1,Profile
b5f403e3-8833-4b5c-ad30-5e7272725eb3,L1,Profile
b5f403e3-8833-4b5c-ad30-5e7272725eb3,L1,Profile
b5f403e3-8833-4b5c-ad30-5e7272725eb3,L1,Profile
b5f403e3-8833-4b5c-ad30-5e7272725eb3,L1,Profile
b5f403e3-8833-4b5c-ad30-5e7272725eb3,L1,Profile
b5f403e3-8833-4b5c-ad30-5e7272725eb3,L1,Profile
b5f403e3-8833-4b5c-ad30-5e7272725eb3,L1,Profile
b5f403e3-8833-4b5c-ad30-5e7272725eb3,L1,Profile
b5f403e3-8833-4b5c-ad30-5e7272725eb3,L1,Profile
b5f403e3-8833-4b5c-ad30-5e7272725eb3,L1,Profile
b5f403e3-8833-4b5c-ad30-5e7272725eb3,L1,Profile
b5f403e3-8833-4b5c-ad30-5e7272725eb3,L1,Profile
b5f403e3-8833-4b5c-ad30-5e7272725eb3,L1,Profile
b5f403e3-8833-4b5c-ad30-5e7272725eb3,L1,Profile
b5f403e3-8833-4b5c-ad30-5e7272725eb3,L1,Profile
b5f403e3-8833-4b5c-ad30-5e7272725eb3,L1,Profile
b5f403e3-8833-4b5c-ad30-5e7272725eb3,L1,Profile
b5f403e3-8833-4b5c-ad30-5e7272725eb3,L1,Profile
b5f403e3-8833-4b5c-ad30-5e7272725eb3,L1,Profile
b5f403e3-8833-4b5c-ad30-5e7272725eb3,L1,Profile
b5f403e3-8833-4b5c-ad30-5e7272725eb3,L1,Profile
b5f403e3-8833-4b5c-ad30-5e7272725eb3,L1,Profile
b5f403e3-8833-4b5c-ad30-5e7272725eb3,L1,Profile
b5f403e3-8833-4b5c-ad30-5e7272725eb3,L1,Profile
b5f403e3-8833-4b5c-ad30-5e7272725eb3,L1,Profile
b5f403e3-8833-4b5c-ad30-5e7272725eb3,L1,Profile
b5f403e3-8833-4b5c-ad30-5e7272725eb3,L1,Profile
b5f403e3-8833-4b5c-ad30-5e7272725eb3,L1,Profile
b5f403e3-8833-4b5c-ad30-5e7272725eb3,L1,Profile
b5f403e3-8833-4b5c-ad30-5e7272725eb3,L1,Profile
b5f403e3-8833-4b5c-ad30-5e7272725eb3,L1,Profile
b5f403e3-8833-4b5c-ad30-5e7272725eb3,L1,Profile
b5f403e3-8833-4b5c-ad30-5e7272725eb3,L1,Profile
b5f403e3-8833-4b5c-ad30-5e7272725eb3,L1,Profile
b5f403e3-8833-4b5c-ad30-5e7272725eb3,L1,Profile
b5f403e3-8833-4b5c-ad30-5e7272725eb3,L1,Profile
b5f403e3-8833-4b5c-ad30-5e7272725eb3,L1,Profile
b5f403e3-8833-4b5c-ad30-5e7272725eb3,L1,Profile
b5f403e3-8833-4b5c-ad30-5e7272725eb3,L1,Profile
b5f403e3-8833-4b5c-ad30-5e7272725eb3,L1,Profile
b5f403e3-8833-4b5c-ad30-5e7272725eb3,L1,Profile
b5f403e3-8833-4b5c-ad30-5e7272725eb3,L1,Profile
b5f403e3-8833-4b5c-ad30-5e7272725eb3,L1,Profile
b5f403e3-8833-4b5c-ad30-5e7272725eb3,L1,Profile
b5f403e3-8833-4b5c-ad30-5e7272725eb3,L1,Profile
b5f403e3-8833-4b5c-ad30-5e7272725eb3,L1,Profile
b5f403e3-8833-4b5c-ad30-5e7272725eb3,L1,Profile
b5f403e3-8833-4b5c-ad30-5e7272725eb3,L1,Profile
b5f403e3-8833-4b5c-ad30-5e7272725eb3,L1,Profile
b5f403e3-8833-4b5c-ad30-5e7272725eb3,L1,Profile
b5f403e3-8833-4b5c-ad30-5e7272725eb3,L1,Profile
b5f403e3-8833-4b5c-ad30-5e7272725eb3,L1,Profile
b5f403e3-8833-4b5c-ad30-5e7272725eb3,L1,Profile
b5f403e3-8833-4b5c-ad30-5e7272725eb3,L1,Profile
b5f403e3-8833-4b5c-ad30-5e7272725eb3,L1,Profile
b5f403e3-8833-4b5c-ad30-5e7272725eb3,L1,Profile
b5f403e3-8833-4b5c-ad30-5e7272725eb3,L1,Profile
b5f403e3-8833-4b5c-ad30-5e7272725eb3,L1,Profile
b5f403e3-8833-4b5c-ad30-5e7272725eb3,L1,Profile
b5f403e3-8833-4b5c-ad30-5e7272725eb3,L1,Profile
b5f403e3-8833-4b5c-ad30-5e7272725eb3,L1,Profile
b5f403e3-8833-4b5c-ad30-5e7272725eb3,L1,Profile
b5f403e3-8833-4b5c-ad30-5e7272725eb3,L1,Profile
b5f403e3-8833-4b5c-ad30-5e7272725eb3,L1,Profile
b5f403e3-8833-4b5c-ad30-5e7272725eb3,L1,Profile
b5f403e3-8833-4b5c-ad30-5e7272725eb3,L1,Profile
b5f403e3-8833-4b5c-ad30-5e7272725eb3,L1,Profile
b5f403e3-8833-4b5c-ad30-5e7272725eb3,L1,Profile
b5f403e3-8833-4b5c-ad30-5e7272725eb3,L1,Profile
b5f403e3-8833-4b5c-ad30-5e7272725eb3,L1,Profile
b5f403e3-8833-4b5c-ad30-5e7272725eb3,L1,Profile
b5f403e3-8833-4b5c-ad30-5e7272725eb3,L1,Profile
b5f403e3-8833-4b5c-ad30-5e7272725eb3,L1,Profile
b5f403e3-8833-4b5c-ad30-5e7272725eb3,L1,Profile
b5f403e3-8833-4b5c-ad30-5e7272725eb3,L1,Profile
b5f403e3-8833-4b5c-ad30-5e7272725eb3,L1,Profile
b5f403e3-8833-4b5c-ad30-5e7272725eb3,L1,Profile
b5f403e3-8833-4b5c-ad30-5e7272725eb3,L1,Profile
b5f403e3-8833-4b5c-ad30-5e7272725eb3,L1,Profile
b5f403e3-8833-4b5c-ad30-5e7272725eb3,L1,Profile
b5f403e3-8833-4b5c-ad30-5e7272725eb3,L1,Profile
b5f403e3-8833-4b5c-ad30-5e7272725eb3,L1,Profile
b5f403e3-8833-4b5c-ad30-5e7272725eb3,L1,Profile
b5f403e3-8833-4b5c-ad30-5e7272725eb3,L1,Profile
b5f403e3-8833-4b5c-ad30-5e7272725eb3,L1,Profile
b5f403e3-8833-4b5c-ad30-5e7272725eb3,L1,Profile
b5f403e3-8833-4b5c-ad30-5e7272725eb3,L1,Profile
b5f403e3-8833-4b5c-ad30-5e7272725eb3,L1,Profile
b5f403e3-8833-4b5c-ad30-5e7272725eb3,L1,Profile
b5f403e3-8833-4b5c-ad30-5e7272725eb3,L1,Profile
b5f403e3-8833-4b5c-ad30-5e7272725eb3,L1,Profile
b5f403e3-8833-4b5c-ad30-5e7272725eb3,L1,Profile
b5f403e3-8833-4b5c-ad30-5e7272725eb3,L1,Profile
b5f403e3-8833-4b5c-ad30-5e7272725eb3,L1,Profile
b5f403e3-8833-4b5c-ad30-5e7272725eb3,L1,Profile
b5f403e3-8833-4b5c-ad30-5e7272725eb3,L1,Profile
b5f403e3-8833-4b5c-ad30-5e7272725eb3,L1,Profile
b5f403e3-8833-4b5c-ad30-5e7272725eb3,L1,Profile
b5f403e3-8833-4b5c-ad30-5e7272725eb3,L1,Profile
b5f403e3-8833-4b5c-ad30-5e7272725eb3,L1,Profile
b5f403e3-8833-4b5c-ad30-5e7272725eb3,L1,Profile
b5f403e3-8833-4b5c-ad30-5e7272725eb3,L1,Profile
b5f403e3-8833-4b5c-ad30-5e7272725eb3,L1,Profile
b5f403e3-8833-4b5c-ad30-5e7272725eb3,L1,Profile
b5f403e3-8833-4b5c-ad30-5e7272725eb3,L1,Profile
b5f403e3-8833-4b5c-ad30-5e7272725eb3,L1,Profile
b5f403e3-8833-4b5c-ad30-5e7272725eb3,L1,Profile
b5f403e3-8833-4b5c-ad30-5e7272725eb3,L1,Profile
b5f403e3-8833-4b5c-ad30-5e7272725eb3,L1,Profile
b5f403e3-8833-4b5c-ad30-5e7272725eb3,L1,Profile
b5f403e3-8833-4b5c-ad30-5e7272725eb3,L1,Profile
b5f403e3-8833-4b5c-ad30-5e7272725eb3,L1,Profile
b5f403e3-8833-4b5c-ad30-5e7272725eb3,L1,Profile
b5f403e3-8833-4b5c-ad30-5e7272725eb3,L1,Profile
b5f403e3-8833-4b5c-ad30-5e7272725eb3,L1,Profile
b5f403e3-8833-4b5c-ad30-5e7272725eb3,L1,Profile
b5f403e3-8833-4b5c-ad30-5e7272725eb3,L1,Profile
b5f403e3-8833-4b5c-ad30-5e7272725eb3,L1,Profile
b5f403e3-8833-4b5c-ad30-5e7272725eb3,L1,Profile
b5f403e3-8833-4b5c-ad30-5e7272725eb3,L1,Profile
b5f403e3-8833-4b5c-ad30-5e7272725eb3,L1,Profile
b5f403e3-8833-4b5c-ad30-5e7272725eb3,L1,Profile
b5f403e3-8833-4b5c-ad30-5e7272725eb3,L1,Profile
b5f403e3-8833-4b5c-ad30-5e7272725eb3,L1,Profile
b5f403e3-8833-4b5c-ad30-5e7272725eb3,L1,Profile
b5f403e3-8833-4b5c-ad30-5e7272725eb3,L1,Profile
b5f403e3-8833-4b5c-ad30-5e7272725eb3,L1,Profile
b5f403e3-8833-4b5c-ad30-5e7272725eb3,L1,Profile
b5f403e3-8833-4b5c-ad30-5e7272725eb3,L1,Profile
b5f403e3-8833-4b5c-ad30-5e7272725eb3,L1,Profile
b5f403e3-8833-4b5c-ad30-5e7272725eb3,L1,Profile
b5f403e3-8833-4b5c-ad30-5e7272725eb3,L1,Profile
b5f403e3-8833-4b5c-ad30-5e7272725eb3,L1,Profile
b5f403e3-8833-4b5c-ad30-5e7272725eb3,L1,Profile
b5f403e3-8833-4b5c-ad30-5e7272725eb3,L1,Profile
b5f403e3-8833-4b5c-ad30-5e7272725eb3,L1,Profile
b5f403e3-8833-4b5c-ad30-5e7272725eb3,L1,Profile
b5f403e3-8833-4b5c-ad30-5e7272725eb3,L1,Profile
b5f403e3-8833-4b5c-ad30-5e7272725eb3,L1,Profile
b5f403e3-8833-4b5c-ad30-5e7272725eb3,L1,Profile
b5f403e3-8833-4b5c-ad30-5e7272725eb3,L1,Profile
b5f403e3-8833-4b5c-ad30-5e7272725eb3,L1,Profile
b5f403e3-8833-4b5c-ad30-5e7272725eb3,L1,Profile
b5f403e3-8833-4b5c-ad30-5e7272725eb3,L1,Profile
b5f403e3-8833-4b5c-ad30-5e7272725eb3,L1,Profile
b5f403e3-8833-4b5c-ad30-5e7272725eb3,L1,Profile
b5f403e3-8833-4b5c-ad30-5e7272725eb3,L1,Profile
b5f403e3-8833-4b5c-ad30-5e7272725eb3,L1,Profile
b5f403e3-8833-4b5c-ad30-5e7272725eb3,L1,Profile
b5f403e3-8833-4b5c-ad30-5e7272725eb3,L1,Profile
b5f403e3-8833-4b5c-ad30-5e7272725eb3,L1,Profile
b5f403e3-8833-4b5c-ad30-5e7272725eb3,L1,Profile
b5f403e3-8833-4b5c-ad30-5e7272725eb3,L1,Profile
b5f403e3-8833-4b5c-ad30-5e7272725eb3,L1,Profile
b5f403e3-8833-4b5c-ad30-5e7272725eb3,L1,Profile
b5f403e3-8833-4b5c-ad30-5e7272725eb3,L1,Profile
b5f403e3-8833-4b5c-ad30-5e7272725eb3,L1,Profile
b5f403e3-8833-4b5c-ad30-5e7272725eb3,L1,Profile
b5f403e3-8833-4b5c-ad30-5e7272725eb3,L1,Profile
b5f403e3-8833-4b5c-ad30-5e7272725eb3,L1,Profile
b5f403e3-8833-4b5c-ad30-5e7272725eb3,L1,Profile
b5f403e3-8833-4b5c-ad30-5e7272725eb3,L1,Profile
b5f403e3-8833-4b5c-ad30-5e7272725eb3,L1,Profile
b5f403e3-8833-4b5c-ad30-5e7272725eb3,L1,Profile
b5f403e3-8833-4b5c-ad30-5e7272725eb3,L1,Profile
b5f403e3-8833-4b5c-ad30-5e7272725eb3,L1,Profile
b5f403e3-8833-4b5c-ad30-5e7272725eb3,L1,Profile
b5f403e3-8833-4b5c-ad30-5e7272725eb3,L1,Profile
b5f403e3-8833-4b5c-ad30-5e7272725eb3,L1,Profile
b5f403e3-8833-4b5c-ad30-5e7272725eb3,L1,Profile
b5f403e3-8833-4b5c-ad30-5e7272725eb3,L1,Profile
b5f403e3-8833-4b5c-ad30-5e7272725eb3,L1,Profile
b5f403e3-8833-4b5c-ad30-5e7272725eb3,L1,Profile
b5f403e3-8833-4b5c-ad30-5e7272725eb3,L1,Profile
b5f403e3-8833-4b5c-ad30-5e7272725eb3,L1,Profile
b5f403e3-8833-4b5c-ad30-5e7272725eb3,L1,Profile
b5f403e3-8833-4b5c-ad30-5e7272725eb3,L1,Profile
b5f403e3-8833-4b5c-ad30-5e7272725eb3,L1,Profile
b5f403e3-8833-4b5c-ad30-5e7272725eb3,L1,Profile
b5f403e3-8833-4b5c-ad30-5e7272725eb3,L1,Profile
b5f403e3-8833-4b5c-ad30-5e7272725eb3,L1,Profile
b5f403e3-8833-4b5c-ad30-5e7272725eb3,L1,Profile
b5f403e3-8833-4b5c-ad30-5e7272725eb3,L1,Profile
b5f403e3-8833-4b5c-ad30-5e7272725eb3,L1,Profile
b5f403e3-8833-4b5c-ad30-5e7272725eb3,L1,Profile
b5f403e3-8833-4b5c-ad30-5e7272725eb3,L1,Profile
b5f403e3-8833-4b5c-ad30-5e7272725eb3,L1,Profile
b5f403e3-8833-4b5c-ad30-5e7272725eb3,L1,Profile
b5f403e3-8833-4b5c-ad30-5e7272725eb3,L1,Profile
b5f403e3-8833-4b5c-ad30-5e7272725eb3,L1,Profile
b5f403e3-8833-4b5c-ad30-5e7272725eb3,L1,Profile
b5f403e3-8833-4b5c-ad30-5e7272725eb3,L1,Profile
b5f403e3-8833-4b5c-ad30-5e7272725eb3,L1,Profile
b5f403e3-8833-4b5c-ad30-5e7272725eb3,L1,Profile
b5f403e3-8833-4b5c-ad30-5e7272725eb3,L1,Profile
b5f403e3-8833-4b5c-ad30-5e7272725eb3,L1,Profile
b5f403e3-8833-4b5c-ad30-5e7272725eb3,L1,Profile
b5f403e3-8833-4b5c-ad30-5e7272725eb3,L1,Profile
b5f403e3-8833-4b5c-ad30-5e7272725eb3,L1,Profile
b5f403e3-8833-4b5c-ad30-5e7272725eb3,L1,Profile
b5f403e3-8833-4b5c-ad30-5e7272725eb3,L1,Profile
b5f403e3-8833-4b5c-ad30-5e7272725eb3,L1,Profile
b5f403e3-8833-4b5c-ad30-5e7272725eb3,L1,Profile
b5f403e3-8833-4b5c-ad30-5e7272725eb3,L1,Profile
b5f403e3-8833-4b5c-ad30-5e7272725eb3,L1,Profile
b5f403e3-8833-4b5c-ad30-5e7272725eb3,L1,Profile
b5f403e3-8833-4b5c-ad30-5e7272725eb3,L1,Profile
b5f403e3-8833-4b5c-ad30-5e7272725eb3,L1,Profile
b5f403e3-8833-4b5c-ad30-5e7272725eb3,L1,Profile
b5f403e3-8833-4b5c-ad30-5e7272725eb3,L1,Profile
b5f403e3-8833-4b5c-ad30-5e7272725eb3,L1,Profile
b5f403e3-8833-4b5c-ad30-5e7272725eb3,L1,Profile
b5f403e3-8833-4b5c-ad30-5e7272725eb3,L1,Profile
b5f403e3-8833-4b5c-ad30-5e7272725eb3,L1,Profile
b5f403e3-8833-4b5c-ad30-5e7272725eb3,L1,Profile
b5f403e3-8833-4b5c-ad30-5e7272725eb3,L1,Profile
b5f403e3-8833-4b5c-ad30-5e7272725eb3,L1,Profile
b5f403e3-8833-4b5c-ad30-5e7272725eb3,L1,Profile
b5f403e3-8833-4b5c-ad30-5e7272725eb3,L1,Profile
b5f403e3-8833-4b5c-ad30-5e7272725eb3,L1,Profile
b5f403e3-8833-4b5c-ad30-5e7272725eb3,L1,Profile
b5f403e3-8833-4b5c-ad30-5e7272725eb3,L1,Profile
b5f403e3-8833-4b5c-ad30-5e7272725eb3,L1,Profile
b5f403e3-8833-4b5c-ad30-5e7272725eb3,L1,Profile
b5f403e3-8833-4b5c-ad30-5e7272725eb3,L1,Profile
b5f403e3-8833-4b5c-ad30-5e7272725eb3,L1,Profile
b5f403e3-8833-4b5c-ad30-5e7272725eb3,L1,Profile
b5f403e3-8833-4b5c-ad30-5e7272725eb3,L1,Profile
b5f403e3-8833-4b5c-ad30-5e7272725eb3,L1,Profile
b5f403e3-8833-4b5c-ad30-5e7272725eb3,L1,Profile
b5f403e3-8833-4b5c-ad30-5e7272725eb3,L1,Profile
b5f403e3-8833-4b5c-ad30-5e7272725eb3,L1,Profile
b5f403e3-8833-4b5c-ad30-5e7272725eb3,L1,Profile
b5f403e3-8833-4b5c-ad30-5e7272725eb3,L1,Profile
b5f403e3-8833-4b5c-ad30-5e7272725eb3,L1,Profile
b5f403e3-8833-4b5c-ad30-5e7272725eb3,L1,Profile
b5f403e3-8833-4b5c-ad30-5e7272725eb3,L1,Profile
b5f403e3-8833-4b5c-ad30-5e7272725eb3,L1,Profile
b5f403e3-8833-4b5c-ad30-5e7272725eb3,L1,Profile
b5f403e3-8833-4b5c-ad30-5e7272725eb3,L1,Profile
b5f403e3-8833-4b5c-ad30-5e7272725eb3,L1,Profile
b5f403e3-8833-4b5c-ad30-5e7272725eb3,L1,Profile
b5f403e3-8833-4b5c-ad30-5e7272725eb3,L1,Profile
b5f403e3-8833-4b5c-ad30-5e7272725eb3,L1,Profile
b5f403e3-8833-4b5c-ad30-5e7272725eb3,L1,Profile
b5f403e3-8833-4b5c-ad30-5e7272725eb3,L1,Profile
b5f403e3-8833-4b5c-ad30-5e7272725eb3,L1,Profile
b5f403e3-8833-4b5c-ad30-5e7272725eb3,L1,Profile
b5f403e3-8833-4b5c-ad30-5e7272725eb3,L1,Profile
b5f403e3-8833-4b5c-ad30-5e7272725eb3,L1,Profile
b5f403e3-8833-4b5c-ad30-5e7272725eb3,L1,Profile
b5f403e3-8833-4b5c-ad30-5e7272725eb3,L1,Profile
b5f403e3-8833-4b5c-ad30-5e7272725eb3,L1,Profile
b5f403e3-8833-4b5c-ad30-5e7272725eb3,L1,Profile
b5f403e3-8833-4b5c-ad30-5e7272725eb3,L1,Profile
b5f403e3-8833-4b5c-ad30-5e7272725eb3,L1,Profile
b5f403e3-8833-4b5c-ad30-5e7272725eb3,L1,Profile
b5f403e3-8833-4b5c-ad30-5e7272725eb3,L1,Profile
b5f403e3-8833-4b5c-ad30-5e7272725eb3,L1,Profile
b5f403e3-8833-4b5c-ad30-5e7272725eb3,L1,Profile
b5f403e3-8833-4b5c-ad30-5e7272725eb3,L1,Profile
b5f403e3-8833-4b5c-ad30-5e7272725eb3,L1,Profile
b5f403e3-8833-4b5c-ad30-5e7272725eb3,L1,Profile
b5f403e3-8833-4b5c-ad30-5e7272725eb3,L1,Profile
b5f403e3-8833-4b5c-ad30-5e7272725eb3,L1,Profile
b5f403e3-8833-4b5c-ad30-5e7272725eb3,L1,Profile
b5f403e3-8833-4b5c-ad30-5e7272725eb3,L1,Profile
b5f403e3-8833-4b5c-ad30-5e7272725eb3,L1,Profile
b5f403e3-8833-4b5c-ad30-5e7272725eb3,L1,Profile
b5f403e3-8833-4b5c-ad30-5e7272725eb3,L1,Profile
b5f403e3-8833-4b5c-ad30-5e7272725eb3,L1,Profile
b5f403e3-8833-4b5c-ad30-5e7272725eb3,L1,Profile
b5f403e3-8833-4b5c-ad30-5e7272725eb3,L1,Profile
b5f403e3-8833-4b5c-ad30-5e7272725eb3,L1,Profile
b5f403e3-8833-4b5c-ad30-5e7272725eb3,L1,Profile
b5f403e3-8833-4b5c-ad30-5e7272725eb3,L1,Profile
b5f403e3-8833-4b5c-ad30-5e7272725eb3,L1,Profile
b5f403e3-8833-4b5c-ad30-5e7272725eb3,L1,Profile
b5f403e3-8833-4b5c-ad30-5e7272725eb3,L1,Profile
b5f403e3-8833-4b5c-ad30-5e7272725eb3,L1,Profile
b5f403e3-8833-4b5c-ad30-5e7272725eb3,L1,Profile
b5f403e3-8833-4b5c-ad30-5e7272725eb3,L1,Profile
b5f403e3-8833-4b5c-ad30-5e7272725eb3,L1,Profile
b5f403e3-8833-4b5c-ad30-5e7272725eb3,L1,Profile
b5f403e3-8833-4b5c-ad30-5e7272725eb3,L1,Profile
b5f403e3-8833-4b5c-ad30-5e7272725eb3,L1,Profile
b5f403e3-8833-4b5c-ad30-5e7272725eb3,L1,Profile
b5f403e3-8833-4b5c-ad30-5e7272725eb3,L1,Profile
b5f403e3-8833-4b5c-ad30-5e7272725eb3,L1,Profile
b5f403e3-8833-4b5c-ad30-5e7272725eb3,L1,Profile
b5f403e3-8833-4b5c-ad30-5e7272725eb3,L1,Profile
b5f403e3-8833-4b5c-ad30-5e7272725eb3,L1,Profile
b5f403e3-8833-4b5c-ad30-5e7272725eb3,L1,Profile
b5f403e3-8833-4b5c-ad30-5e7272725eb3,L1,Profile
b5f403e3-8833-4b5c-ad30-5e7272725eb3,L1,Profile
b5f403e3-8833-4b5c-ad30-5e7272725eb3,L1,Profile
b5f403e3-8833-4b5c-ad30-5e7272725eb3,L1,Profile
b5f403e3-8833-4b5c-ad30-5e7272725eb3,L1,Profile
b5f403e3-8833-4b5c-ad30-5e7272725eb3,L1,Profile
b5f403e3-8833-4b5c-ad30-5e7272725eb3,L1,Profile
b5f403e3-8833-4b5c-ad30-5e7272725eb3,L1,Profile
b5f403e3-8833-4b5c-ad30-5e7272725eb3,L1,Profile
b5f403e3-8833-4b5c-ad30-5e7272725eb3,L1,Profile
b5f403e3-8833-4b5c-ad30-5e7272725eb3,L1,Profile
b5f403e3-8833-4b5c-ad30-5e7272725eb3,L1,Profile
b5f403e3-8833-4b5c-ad30-5e7272725eb3,L1,Profile
b5f403e3-8833-4b5c-ad30-5e7272725eb3,L1,Profile
b5f403e3-8833-4b5c-ad30-5e7272725eb3,L1,Profile
b5f403e3-8833-4b5c-ad30-5e7272725eb3,L1,Profile
b5f403e3-8833-4b5c-ad30-5e7272725eb3,L1,Profile
b5f403e3-8833-4b5c-ad30-5e7272725eb3,L1,Profile
b5f403e3-8833-4b5c-ad30-5e7272725eb3,L1,Profile
b5f403e3-8833-4b5c-ad30-5e7272725eb3,L1,Profile
b5f403e3-8833-4b5c-ad30-5e7272725eb3,L1,Profile
b5f403e3-8833-4b5c-ad30-5e7272725eb3,L1,Profile
b5f403e3-8833-4b5c-ad30-5e7272725eb3,L1,Profile
b5f403e3-8833-4b5c-ad30-5e7272725eb3,L1,Profile
b5f403e3-8833-4b5c-ad30-5e7272725eb3,L1,Profile
b5f403e3-8833-4b5c-ad30-5e7272725eb3,L1,Profile
b5f403e3-8833-4b5c-ad30-5e7272725eb3,L1,Profile
b5f403e3-8833-4b5c-ad30-5e7272725eb3,L1,Profile
b5f403e3-8833-4b5c-ad30-5e7272725eb3,L1,Profile
b5f403e3-8833-4b5c-ad30-5e7272725eb3,L1,Profile
b5f403e3-8833-4b5c-ad30-5e7272725eb3,L1,Profile
b5f403e3-8833-4b5c-ad30-5e7272725eb3,L1,Profile
b5f403e3-8833-4b5c-ad30-5e7272725eb3,L1,Profile
b5f403e3-8833-4b5c-ad30-5e7272725eb3,L1,Profile
b5f403e3-8833-4b5c-ad30-5e7272725eb3,L1,Profile
b5f403e3-8833-4b5c-ad30-5e7272725eb3,L1,Profile
b5f403e3-8833-4b5c-ad30-5e7272725eb3,L1,Profile
b5f403e3-8833-4b5c-ad30-5e7272725eb3,L1,Profile
b5f403e3-8833-4b5c-ad30-5e7272725eb3,L1,Profile
b5f403e3-8833-4b5c-ad30-5e7272725eb3,L1,Profile
b5f403e3-8833-4b5c-ad30-5e7272725eb3,L1,Profile
b5f403e3-8833-4b5c-ad30-5e7272725eb3,L1,Profile
b5f403e3-8833-4b5c-ad30-5e7272725eb3,L1,Profile
b5f403e3-8833-4b5c-ad30-5e7272725eb3,L1,Profile
b5f403e3-8833-4b5c-ad30-5e7272725eb3,L1,Profile
b5f403e3-8833-4b5c-ad30-5e7272725eb3,L1,Profile
b5f403e3-8833-4b5c-ad30-5e7272725eb3,L1,Profile
b5f403e3-8833-4b5c-ad30-5e7272725eb3,L1,Profile
b5f403e3-8833-4b5c-ad30-5e7272725eb3,L1,Profile
b5f403e3-8833-4b5c-ad30-5e7272725eb3,L1,Profile
b5f403e3-8833-4b5c-ad30-5e7272725eb3,L1,Profile
b5f403e3-8833-4b5c-ad30-5e7272725eb3,L1,Profile
b5f403e3-8833-4b5c-ad30-5e7272725eb3,L1,Profile
b5f403e3-8833-4b5c-ad30-5e7272725eb3,L1,Profile
b5f403e3-8833-4b5c-ad30-5e7272725eb3,L1,Profile
b5f403e3-8833-4b5c-ad30-5e7272725eb3,L1,Profile
b5f403e3-8833-4b5c-ad30-5e7272725eb3,L1,Profile
b5f403e3-8833-4b5c-ad30-5e7272725eb3,L1,Profile
b5f403e3-8833-4b5c-ad30-5e7272725eb3,L1,Profile
b5f403e3-8833-4b5c-ad30-5e7272725eb3,L1,Profile
b5f403e3-8833-4b5c-ad30-5e7272725eb3,L1,Profile
b5f403e3-8833-4b5c-ad30-5e7272725eb3,L1,Profile
b5f403e3-8833-4b5c-ad30-5e7272725eb3,L1,Profile
b5f403e3-8833-4b5c-ad30-5e7272725eb3,L1,Profile
b5f403e3-8833-4b5c-ad30-5e7272725eb3,L1,Profile
b5f403e3-8833-4b5c-ad30-5e7272725eb3,L1,Profile
b5f403e3-8833-4b5c-ad30-5e7272725eb3,L1,Profile
b5f403e3-8833-4b5c-ad30-5e7272725eb3,L1,Profile
b5f403e3-8833-4b5c-ad30-5e7272725eb3,L1,Profile
b5f403e3-8833-4b5c-ad30-5e7272725eb3,L1,Profile
b5f403e3-8833-4b5c-ad30-5e7272725eb3,L1,Profile
b5f403e3-8833-4b5c-ad30-5e7272725eb3,L1,Profile
b5f403e3-8833-4b5c-ad30-5e7272725eb3,L1,Profile
b5f403e3-8833-4b5c-ad30-5e7272725eb3,L1,Profile
b5f403e3-8833-4b5c-ad30-5e7272725eb3,L1,Profile
b5f403e3-8833-4b5c-ad30-5e7272725eb3,L1,Profile
b5f403e3-8833-4b5c-ad30-5e7272725eb3,L1,Profile
b5f403e3-8833-4b5c-ad30-5e7272725eb3,L1,Profile
b5f403e3-8833-4b5c-ad30-5e7272725eb3,L1,Profile
b5f403e3-8833-4b5c-ad30-5e7272725eb3,L1,Profile
b5f403e3-8833-4b5c-ad30-5e7272725eb3,L1,Profile
b5f403e3-8833-4b5c-ad30-5e7272725eb3,L1,Profile
b5f403e3-8833-4b5c-ad30-5e7272725eb3,L1,Profile
b5f403e3-8833-4b5c-ad30-5e7272725eb3,L1,Profile
b5f403e3-8833-4b5c-ad30-5e7272725eb3,L1,Profile
b5f403e3-8833-4b5c-ad30-5e7272725eb3,L1,Profile
b5f403e3-8833-4b5c-ad30-5e7272725eb3,L1,Profile
b5f403e3-8833-4b5c-ad30-5e7272725eb3,L1,Profile
b5f403e3-8833-4b5c-ad30-5e7272725eb3,L1,Profile
b5f403e3-8833-4b5c-ad30-5e7272725eb3,L1,Profile
b5f403e3-8833-4b5c-ad30-5e7272725eb3,L1,Profile
b5f403e3-8833-4b5c-ad30-5e7272725eb3,L1,Profile
b5f403e3-8833-4b5c-ad30-5e7272725eb3,L1,Profile
b5f403e3-8833-4b5c-ad30-5e7272725eb3,L1,Profile
b5f403e3-8833-4b5c-ad30-5e7272725eb3,L1,Profile
b5f403e3-8833-4b5c-ad30-5e7272725eb3,L1,Profile
b5f403e3-8833-4b5c-ad30-5e7272725eb3,L1,Profile
b5f403e3-8833-4b5c-ad30-5e7272725eb3,L1,Profile
b5f403e3-8833-4b5c-ad30-5e7272725eb3,L1,Profile
b5f403e3-8833-4b5c-ad30-5e7272725eb3,L1,Profile
b5f403e3-8833-4b5c-ad30-5e7272725eb3,L1,Profile
b5f403e3-8833-4b5c-ad30-5e7272725eb3,L1,Profile
b5f403e3-8833-4b5c-ad30-5e7272725eb3,L1,Profile
b5f403e3-8833-4b5c-ad30-5e7272725eb3,L1,Profile
b5f403e3-8833-4b5c-ad30-5e7272725eb3,L1,Profile
b5f403e3-8833-4b5c-ad30-5e7272725eb3,L1,Profile
b5f403e3-8833-4b5c-ad30-5e7272725eb3,L1,Profile
b5f403e3-8833-4b5c-ad30-5e7272725eb3,L1,Profile
b5f403e3-8833-4b5c-ad30-5e7272725eb3,L1,Profile
b5f403e3-8833-4b5c-ad30-5e7272725eb3,L1,Profile
b5f403e3-8833-4b5c-ad30-5e7272725eb3,L1,Profile
b5f403e3-8833-4b5c-ad30-5e7272725eb3,L1,Profile
b5f403e3-8833-4b5c-ad30-5e7272725eb3,L1,Profile
b5f403e3-8833-4b5c-ad30-5e7272725eb3,L1,Profile
b5f403e3-8833-4b5c-ad30-5e7272725eb3,L1,Profile
b5f403e3-8833-4b5c-ad30-5e7272725eb3,L1,Profile
b5f403e3-8833-4b5c-ad30-5e7272725eb3,L1,Profile
b5f403e3-8833-4b5c-ad30-5e7272725eb3,L1,Profile
b5f403e3-8833-4b5c-ad30-5e7272725eb3,L1,Profile
b5f403e3-8833-4b5c-ad30-5e7272725eb3,L1,Profile
b5f403e3-8833-4b5c-ad30-5e7272725eb3,L1,Profile
b5f403e3-8833-4b5c-ad30-5e7272725eb3,L1,Profile
b5f403e3-8833-4b5c-ad30-5e7272725eb3,L1,Profile
b5f403e3-8833-4b5c-ad30-5e7272725eb3,L1,Profile
b5f403e3-8833-4b5c-ad30-5e7272725eb3,L1,Profile
b5f403e3-8833-4b5c-ad30-5e7272725eb3,L1,Profile
b5f403e3-8833-4b5c-ad30-5e7272725eb3,L1,Profile
b5f403e3-8833-4b5c-ad30-5e7272725eb3,L1,Profile
b5f403e3-8833-4b5c-ad30-5e7272725eb3,L1,Profile
b5f403e3-8833-4b5c-ad30-5e7272725eb3,L1,Profile
b5f403e3-8833-4b5c-ad30-5e7272725eb3,L1,Profile
b5f403e3-8833-4b5c-ad30-5e7272725eb3,L1,Profile
b5f403e3-8833-4b5c-ad30-5e7272725eb3,L1,Profile
b5f403e3-8833-4b5c-ad30-5e7272725eb3,L1,Profile
b5f403e3-8833-4b5c-ad30-5e7272725eb3,L1,Profile
b5f403e3-8833-4b5c-ad30-5e7272725eb3,L1,Profile
b5f403e3-8833-4b5c-ad30-5e7272725eb3,L1,Profile
b5f403e3-8833-4b5c-ad30-5e7272725eb3,L1,Profile
b5f403e3-8833-4b5c-ad30-5e7272725eb3,L1,Profile
b5f403e3-8833-4b5c-ad30-5e7272725eb3,L1,Profile
b5f403e3-8833-4b5c-ad30-5e7272725eb3,L1,Profile
b5f403e3-8833-4b5c-ad30-5e7272725eb3,L1,Profile
b5f403e3-8833-4b5c-ad30-5e7272725eb3,L1,Profile
b5f403e3-8833-4b5c-ad30-5e7272725eb3,L1,Profile
b5f403e3-8833-4b5c-ad30-5e7272725eb3,L1,Profile
b5f403e3-8833-4b5c-ad30-5e7272725eb3,L1,Profile
b5f403e3-8833-4b5c-ad30-5e7272725eb3,L1,Profile
b5f403e3-8833-4b5c-ad30-5e7272725eb3,L1,Profile
b5f403e3-8833-4b5c-ad30-5e7272725eb3,L1,Profile
b5f403e3-8833-4b5c-ad30-5e7272725eb3,L1,Profile
b5f403e3-8833-4b5c-ad30-5e7272725eb3,L1,Profile
b5f403e3-8833-4b5c-ad30-5e7272725eb3,L1,Profile
b5f403e3-8833-4b5c-ad30-5e7272725eb3,L1,Profile
b5f403e3-8833-4b5c-ad30-5e7272725eb3,L1,Profile
b5f403e3-8833-4b5c-ad30-5e7272725eb3,L1,Profile
b5f403e3-8833-4b5c-ad30-5e7272725eb3,L1,Profile
b5f403e3-8833-4b5c-ad30-5e7272725eb3,L1,Profile
b5f403e3-8833-4b5c-ad30-5e7272725eb3,L1,Profile
b5f403e3-8833-4b5c-ad30-5e7272725eb3,L1,Profile
b5f403e3-8833-4b5c-ad30-5e7272725eb3,L1,Profile
b5f403e3-8833-4b5c-ad30-5e7272725eb3,L1,Profile
b5f403e3-8833-4b5c-ad30-5e7272725eb3,L1,Profile
b5f403e3-8833-4b5c-ad30-5e7272725eb3,L1,Profile
b5f403e3-8833-4b5c-ad30-5e7272725eb3,L1,Profile
b5f403e3-8833-4b5c-ad30-5e7272725eb3,L1,Profile
b5f403e3-8833-4b5c-ad30-5e7272725eb3,L1,Profile
b5f403e3-8833-4b5c-ad30-5e7272725eb3,L1,Profile
b5f403e3-8833-4b5c-ad30-5e7272725eb3,L1,Profile
b5f403e3-8833-4b5c-ad30-5e7272725eb3,L1,Profile
b5f403e3-8833-4b5c-ad30-5e7272725eb3,L1,Profile
b5f403e3-8833-4b5c-ad30-5e7272725eb3,L1,Profile
b5f403e3-8833-4b5c-ad30-5e7272725eb3,L1,Profile
b5f403e3-8833-4b5c-ad30-5e7272725eb3,L1,Profile
b5f403e3-8833-4b5c-ad30-5e7272725eb3,L1,Profile
b5f403e3-8833-4b5c-ad30-5e7272725eb3,L1,Profile
b5f403e3-8833-4b5c-ad30-5e7272725eb3,L1,Profile
b5f403e3-8833-4b5c-ad30-5e7272725eb3,L1,Profile
b5f403e3-8833-4b5c-ad30-5e7272725eb3,L1,Profile
b5f403e3-8833-4b5c-ad30-5e7272725eb3,L1,Profile
b5f403e3-8833-4b5c-ad30-5e7272725eb3,L1,Profile
b5f403e3-8833-4b5c-ad30-5e7272725eb3,L1,Profile
b5f403e3-8833-4b5c-ad30-5e7272725eb3,L1,Profile
b5f403e3-8833-4b5c-ad30-5e7272725eb3,L1,Profile
b5f403e3-8833-4b5c-ad30-5e7272725eb3,L1,Profile
b5f403e3-8833-4b5c-ad30-5e7272725eb3,L1,Profile
b5f403e3-8833-4b5c-ad30-5e7272725eb3,L1,Profile
b5f403e3-8833-4b5c-ad30-5e7272725eb3,L1,Profile
b5f403e3-8833-4b5c-ad30-5e7272725eb3,L1,Profile
b5f403e3-8833-4b5c-ad30-5e7272725eb3,L1,Profile
b5f403e3-8833-4b5c-ad30-5e7272725eb3,L1,Profile
b5f403e3-8833-4b5c-ad30-5e7272725eb3,L1,Profile
b5f403e3-8833-4b5c-ad30-5e7272725eb3,L1,Profile
b5f403e3-8833-4b5c-ad30-5e7272725eb3,L1,Profile
b5f403e3-8833-4b5c-ad30-5e7272725eb3,L1,Profile
b5f403e3-8833-4b5c-ad30-5e7272725eb3,L1,Profile
b5f403e3-8833-4b5c-ad30-5e7272725eb3,L1,Profile
b5f403e3-8833-4b5c-ad30-5e7272725eb3,L1,Profile
b5f403e3-8833-4b5c-ad30-5e7272725eb3,L1,Profile
b5f403e3-8833-4b5c-ad30-5e7272725eb3,L1,Profile
b5f403e3-8833-4b5c-ad30-5e7272725eb3,L1,Profile
b5f403e3-8833-4b5c-ad30-5e7272725eb3,L1,Profile
b5f403e3-8833-4b5c-ad30-5e7272725eb3,L1,Profile
b5f403e3-8833-4b5c-ad30-5e7272725eb3,L1,Profile
b5f403e3-8833-4b5c-ad30-5e7272725eb3,L1,Profile
b5f403e3-8833-4b5c-ad30-5e7272725eb3,L1,Profile
b5f403e3-8833-4b5c-ad30-5e7272725eb3,L1,Profile
b5f403e3-8833-4b5c-ad30-5e7272725eb3,L1,Profile
b5f403e3-8833-4b5c-ad30-5e7272725eb3,L1,Profile
b5f403e3-8833-4b5c-ad30-5e7272725eb3,L1,Profile
b5f403e3-8833-4b5c-ad30-5e7272725eb3,L1,Profile
b5f403e3-8833-4b5c-ad30-5e7272725eb3,L1,Profile
b5f403e3-8833-4b5c-ad30-5e7272725eb3,L1,Profile
b5f403e3-8833-4b5c-ad30-5e7272725eb3,L1,Profile
b5f403e3-8833-4b5c-ad30-5e7272725eb3,L1,Profile
b5f403e3-8833-4b5c-ad30-5e7272725eb3,L1,Profile
b5f403e3-8833-4b5c-ad30-5e7272725eb3,L1,Profile
b5f403e3-8833-4b5c-ad30-5e7272725eb3,L1,Profile
b5f403e3-8833-4b5c-ad30-5e7272725eb3,L1,Profile
b5f403e3-8833-4b5c-ad30-5e7272725eb3,L1,Profile
b5f403e3-8833-4b5c-ad30-5e7272725eb3,L1,Profile
b5f403e3-8833-4b5c-ad30-5e7272725eb3,L1,Profile
b5f403e3-8833-4b5c-ad30-5e7272725eb3,L1,Profile
b5f403e3-8833-4b5c-ad30-5e7272725eb3,L1,Profile
b5f403e3-8833-4b5c-ad30-5e7272725eb3,L1,Profile
b5f403e3-8833-4b5c-ad30-5e7272725eb3,L1,Profile
b5f403e3-8833-4b5c-ad30-5e7272725eb3,L1,Profile
b5f403e3-8833-4b5c-ad30-5e7272725eb3,L1,Profile
b5f403e3-8833-4b5c-ad30-5e7272725eb3,L1,Profile
b5f403e3-8833-4b5c-ad30-5e7272725eb3,L1,Profile
b5f403e3-8833-4b5c-ad30-5e7272725eb3,L1,Profile
b5f403e3-8833-4b5c-ad30-5e7272725eb3,L1,Profile
b5f403e3-8833-4b5c-ad30-5e7272725eb3,L1,Profile
b5f403e3-8833-4b5c-ad30-5e7272725eb3,L1,Profile
b5f403e3-8833-4b5c-ad30-5e7272725eb3,L1,Profile
b5f403e3-8833-4b5c-ad30-5e7272725eb3,L1,Profile
b5f403e3-8833-4b5c-ad30-5e7272725eb3,L1,Profile
b5f403e3-8833-4b5c-ad30-5e7272725eb3,L1,Profile
b5f403e3-8833-4b5c-ad30-5e7272725eb3,L1,Profile
b5f403e3-8833-4b5c-ad30-5e7272725eb3,L1,Profile
b5f403e3-8833-4b5c-ad30-5e7272725eb3,L1,Profile
b5f403e3-8833-4b5c-ad30-5e7272725eb3,L1,Profile
b5f403e3-8833-4b5c-ad30-5e7272725eb3,L1,Profile
b5f403e3-8833-4b5c-ad30-5e7272725eb3,L1,Profile
b5f403e3-8833-4b5c-ad30-5e7272725eb3,L1,Profile
b5f403e3-8833-4b5c-ad30-5e7272725eb3,L1,Profile
b5f403e3-8833-4b5c-ad30-5e7272725eb3,L1,Profile
b5f403e3-8833-4b5c-ad30-5e7272725eb3,L1,Profile
b5f403e3-8833-4b5c-ad30-5e7272725eb3,L1,Profile
b5f403e3-8833-4b5c-ad30-5e7272725eb3,L1,Profile
b5f403e3-8833-4b5c-ad30-5e7272725eb3,L1,Profile
b5f403e3-8833-4b5c-ad30-5e7272725eb3,L1,Profile
b5f403e3-8833-4b5c-ad30-5e7272725eb3,L1,Profile
b5f403e3-8833-4b5c-ad30-5e7272725eb3,L1,Profile
b5f403e3-8833-4b5c-ad30-5e7272725eb3,L1,Profile
b5f403e3-8833-4b5c-ad30-5e7272725eb3,L1,Profile
b5f403e3-8833-4b5c-ad30-5e7272725eb3,L1,Profile
b5f403e3-8833-4b5c-ad30-5e7272725eb3,L1,Profile
b5f403e3-8833-4b5c-ad30-5e7272725eb3,L1,Profile
b5f403e3-8833-4b5c-ad30-5e7272725eb3,L1,Profile
b5f403e3-8833-4b5c-ad30-5e7272725eb3,L1,Profile
b5f403e3-8833-4b5c-ad30-5e7272725eb3,L1,Profile
b5f403e3-8833-4b5c-ad30-5e7272725eb3,L1,Profile
b5f403e3-8833-4b5c-ad30-5e7272725eb3,L1,Profile
b5f403e3-8833-4b5c-ad30-5e7272725eb3,L1,Profile
b5f403e3-8833-4b5c-ad30-5e7272725eb3,L1,Profile
b5f403e3-8833-4b5c-ad30-5e7272725eb3,L1,Profile
b5f403e3-8833-4b5c-ad30-5e7272725eb3,L1,Profile
b5f403e3-8833-4b5c-ad30-5e7272725eb3,L1,Profile
b5f403e3-8833-4b5c-ad30-5e7272725eb3,L1,Profile
b5f403e3-8833-4b5c-ad30-5e7272725eb3,L1,Profile
b5f403e3-8833-4b5c-ad30-5e7272725eb3,L1,Profile
b5f403e3-8833-4b5c-ad30-5e7272725eb3,L1,Profile
b5f403e3-8833-4b5c-ad30-5e7272725eb3,L1,Profile
b5f403e3-8833-4b5c-ad30-5e7272725eb3,L1,Profile
b5f403e3-8833-4b5c-ad30-5e7272725eb3,L1,Profile
b5f403e3-8833-4b5c-ad30-5e7272725eb3,L1,Profile
b5f403e3-8833-4b5c-ad30-5e7272725eb3,L1,Profile
b5f403e3-8833-4b5c-ad30-5e7272725eb3,L1,Profile
b5f403e3-8833-4b5c-ad30-5e7272725eb3,L1,Profile
b5f403e3-8833-4b5c-ad30-5e7272725eb3,L1,Profile
b5f403e3-8833-4b5c-ad30-5e7272725eb3,L1,Profile
b5f403e3-8833-4b5c-ad30-5e7272725eb3,L1,Profile
b5f403e3-8833-4b5c-ad30-5e7272725eb3,L1,Profile
b5f403e3-8833-4b5c-ad30-5e7272725eb3,L1,Profile
b5f403e3-8833-4b5c-ad30-5e7272725eb3,L1,Profile
b5f403e3-8833-4b5c-ad30-5e7272725eb3,L1,Profile
b5f403e3-8833-4b5c-ad30-5e7272725eb3,L1,Profile
b5f403e3-8833-4b5c-ad30-5e7272725eb3,L1,Profile
b5f403e3-8833-4b5c-ad30-5e7272725eb3,L1,Profile
b5f403e3-8833-4b5c-ad30-5e7272725eb3,L1,Profile
b5f403e3-8833-4b5c-ad30-5e7272725eb3,L1,Profile
b5f403e3-8833-4b5c-ad30-5e7272725eb3,L1,Profile
b5f403e3-8833-4b5c-ad30-5e7272725eb3,L1,Profile
b5f403e3-8833-4b5c-ad30-5e7272725eb3,L1,Profile
b5f403e3-8833-4b5c-ad30-5e7272725eb3,L1,Profile
b5f403e3-8833-4b5c-ad30-5e7272725eb3,L1,Profile
b5f403e3-8833-4b5c-ad30-5e7272725eb3,L1,Profile
b5f403e3-8833-4b5c-ad30-5e7272725eb3,L1,Profile
b5f403e3-8833-4b5c-ad30-5e7272725eb3,L1,Profile
b5f403e3-8833-4b5c-ad30-5e7272725eb3,L1,Profile
b5f403e3-8833-4b5c-ad30-5e7272725eb3,L1,Profile
b5f403e3-8833-4b5c-ad30-5e7272725eb3,L1,Profile
b5f403e3-8833-4b5c-ad30-5e7272725eb3,L1,Profile
b5f403e3-8833-4b5c-ad30-5e7272725eb3,L1,Profile
b5f403e3-8833-4b5c-ad30-5e7272725eb3,L1,Profile
b5f403e3-8833-4b5c-ad30-5e7272725eb3,L1,Profile
b5f403e3-8833-4b5c-ad30-5e7272725eb3,L1,Profile
b5f403e3-8833-4b5c-ad30-5e7272725eb3,L1,Profile
b5f403e3-8833-4b5c-ad30-5e7272725eb3,L1,Profile
b5f403e3-8833-4b5c-ad30-5e7272725eb3,L1,Profile
b5f403e3-8833-4b5c-ad30-5e7272725eb3,L1,Profile
b5f403e3-8833-4b5c-ad30-5e7272725eb3,L1,Profile
b5f403e3-8833-4b5c-ad30-5e7272725eb3,L1,Profile
b5f403e3-8833-4b5c-ad30-5e7272725eb3,L1,Profile
b5f403e3-8833-4b5c-ad30-5e7272725eb3,L1,Profile
b5f403e3-8833-4b5c-ad30-5e7272725eb3,L1,Profile
b5f403e3-8833-4b5c-ad30-5e7272725eb3,L1,Profile
b5f403e3-8833-4b5c-ad30-5e7272725eb3,L1,Profile
b5f403e3-8833-4b5c-ad30-5e7272725eb3,L1,Profile
b5f403e3-8833-4b5c-ad30-5e7272725eb3,L1,Profile
b5f403e3-8833-4b5c-ad30-5e7272725eb3,L1,Profile
b5f403e3-8833-4b5c-ad30-5e7272725eb3,L1,Profile
b5f403e3-8833-4b5c-ad30-5e7272725eb3,L1,Profile
b5f403e3-8833-4b5c-ad30-5e7272725eb3,L1,Profile
b5f403e3-8833-4b5c-ad30-5e7272725eb3,L1,Profile
b5f403e3-8833-4b5c-ad30-5e7272725eb3,L1,Profile
b5f403e3-8833-4b5c-ad30-5e7272725eb3,L1,Profile
b5f403e3-8833-4b5c-ad30-5e7272725eb3,L1,Profile
b5f403e3-8833-4b5c-ad30-5e7272725eb3,L1,Profile
b5f403e3-8833-4b5c-ad30-5e7272725eb3,L1,Profile
b5f403e3-8833-4b5c-ad30-5e7272725eb3,L1,Profile
b5f403e3-8833-4b5c-ad30-5e7272725eb3,L1,Profile
b5f403e3-8833-4b5c-ad30-5e7272725eb3,L1,Profile
b5f403e3-8833-4b5c-ad30-5e7272725eb3,L1,Profile
b5f403e3-8833-4b5c-ad30-5e7272725eb3,L1,Profile
b5f403e3-8833-4b5c-ad30-5e7272725eb3,L1,Profile
b5f403e3-8833-4b5c-ad30-5e7272725eb3,L1,Profile
b5f403e3-8833-4b5c-ad30-5e7272725eb3,L1,Profile
b5f403e3-8833-4b5c-ad30-5e7272725eb3,L1,Profile
b5f403e3-8833-4b5c-ad30-5e7272725eb3,L1,Profile
b5f403e3-8833-4b5c-ad30-5e7272725eb3,L1,Profile
b5f403e3-8833-4b5c-ad30-5e7272725eb3,L1,Profile
b5f403e3-8833-4b5c-ad30-5e7272725eb3,L1,Profile
b5f403e3-8833-4b5c-ad30-5e7272725eb3,L1,Profile
b5f403e3-8833-4b5c-ad30-5e7272725eb3,L1,Profile
b5f403e3-8833-4b5c-ad30-5e7272725eb3,L1,Profile
b5f403e3-8833-4b5c-ad30-5e7272725eb3,L1,Profile
b5f403e3-8833-4b5c-ad30-5e7272725eb3,L1,Profile
b5f403e3-8833-4b5c-ad30-5e7272725eb3,L1,Profile
b5f403e3-8833-4b5c-ad30-5e7272725eb3,L1,Profile
b5f403e3-8833-4b5c-ad30-5e7272725eb3,L1,Profile
b5f403e3-8833-4b5c-ad30-5e7272725eb3,L1,Profile
b5f403e3-8833-4b5c-ad30-5e7272725eb3,L1,Profile
b5f403e3-8833-4b5c-ad30-5e7272725eb3,L1,Profile
b5f403e3-8833-4b5c-ad30-5e7272725eb3,L1,Profile
b5f403e3-8833-4b5c-ad30-5e7272725eb3,L1,Profile
b5f403e3-8833-4b5c-ad30-5e7272725eb3,L1,Profile
b5f403e3-8833-4b5c-ad30-5e7272725eb3,L1,Profile
b5f403e3-8833-4b5c-ad30-5e7272725eb3,L1,Profile
b5f403e3-8833-4b5c-ad30-5e7272725eb3,L1,Profile
b5f403e3-8833-4b5c-ad30-5e7272725eb3,L1,Profile
b5f403e3-8833-4b5c-ad30-5e7272725eb3,L1,Profile
b5f403e3-8833-4b5c-ad30-5e7272725eb3,L1,Profile
b5f403e3-8833-4b5c-ad30-5e7272725eb3,L1,Profile
b5f403e3-8833-4b5c-ad30-5e7272725eb3,L1,Profile
b5f403e3-8833-4b5c-ad30-5e7272725eb3,L1,Profile
b5f403e3-8833-4b5c-ad30-5e7272725eb3,L1,Profile
b5f403e3-8833-4b5c-ad30-5e7272725eb3,L1,Profile
b5f403e3-8833-4b5c-ad30-5e7272725eb3,L1,Profile
b5f403e3-8833-4b5c-ad30-5e7272725eb3,L1,Profile
b5f403e3-8833-4b5c-ad30-5e7272725eb3,L1,Profile
b5f403e3-8833-4b5c-ad30-5e7272725eb3,L1,Profile
b5f403e3-8833-4b5c-ad30-5e7272725eb3,L1,Profile
b5f403e3-8833-4b5c-ad30-5e7272725eb3,L1,Profile
b5f403e3-8833-4b5c-ad30-5e7272725eb3,L1,Profile
b5f403e3-8833-4b5c-ad30-5e7272725eb3,L1,Profile
b5f403e3-8833-4b5c-ad30-5e7272725eb3,L1,Profile
b5f403e3-8833-4b5c-ad30-5e7272725eb3,L1,Profile
b5f403e3-8833-4b5c-ad30-5e7272725eb3,L1,Profile
b5f403e3-8833-4b5c-ad30-5e7272725eb3,L1,Profile
b5f403e3-8833-4b5c-ad30-5e7272725eb3,L1,Profile
b5f403e3-8833-4b5c-ad30-5e7272725eb3,L1,Profile
b5f403e3-8833-4b5c-ad30-5e7272725eb3,L1,Profile
b5f403e3-8833-4b5c-ad30-5e7272725eb3,L1,Profile
b5f403e3-8833-4b5c-ad30-5e7272725eb3,L1,Profile
b5f403e3-8833-4b5c-ad30-5e7272725eb3,L1,Profile
b5f403e3-8833-4b5c-ad30-5e7272725eb3,L1,Profile
b5f403e3-8833-4b5c-ad30-5e7272725eb3,L1,Profile
b5f403e3-8833-4b5c-ad30-5e7272725eb3,L1,Profile
b5f403e3-8833-4b5c-ad30-5e7272725eb3,L1,Profile
b5f403e3-8833-4b5c-ad30-5e7272725eb3,L1,Profile
b5f403e3-8833-4b5c-ad30-5e7272725eb3,L1,Profile
b5f403e3-8833-4b5c-ad30-5e7272725eb3,L1,Profile
b5f403e3-8833-4b5c-ad30-5e7272725eb3,L1,Profile
b5f403e3-8833-4b5c-ad30-5e7272725eb3,L1,Profile
b5f403e3-8833-4b5c-ad30-5e7272725eb3,L1,Profile
b5f403e3-8833-4b5c-ad30-5e7272725eb3,L1,Profile
b5f403e3-8833-4b5c-ad30-5e7272725eb3,L1,Profile
b5f403e3-8833-4b5c-ad30-5e7272725eb3,L1,Profile
b5f403e3-8833-4b5c-ad30-5e7272725eb3,L1,Profile
b5f403e3-8833-4b5c-ad30-5e7272725eb3,L1,Profile
b5f403e3-8833-4b5c-ad30-5e7272725eb3,L1,Profile
b5f403e3-8833-4b5c-ad30-5e7272725eb3,L1,Profile
b5f403e3-8833-4b5c-ad30-5e7272725eb3,L1,Profile
b5f403e3-8833-4b5c-ad30-5e7272725eb3,L1,Profile
b5f403e3-8833-4b5c-ad30-5e7272725eb3,L1,Profile
b5f403e3-8833-4b5c-ad30-5e7272725eb3,L1,Profile
b5f403e3-8833-4b5c-ad30-5e7272725eb3,L1,Profile
b5f403e3-8833-4b5c-ad30-5e7272725eb3,L1,Profile
b5f403e3-8833-4b5c-ad30-5e7272725eb3,L1,Profile
b5f403e3-8833-4b5c-ad30-5e7272725eb3,L1,Profile
b5f403e3-8833-4b5c-ad30-5e7272725eb3,L1,Profile
b5f403e3-8833-4b5c-ad30-5e7272725eb3,L1,Profile
b5f403e3-8833-4b5c-ad30-5e7272725eb3,L1,Profile
b5f403e3-8833-4b5c-ad30-5e7272725eb3,L1,Profile
b5f403e3-8833-4b5c-ad30-5e7272725eb3,L1,Profile
b5f403e3-8833-4b5c-ad30-5e7272725eb3,L1,Profile
b5f403e3-8833-4b5c-ad30-5e7272725eb3,L1,Profile
b5f403e3-8833-4b5c-ad30-5e7272725eb3,L1,Profile
b5f403e3-8833-4b5c-ad30-5e7272725eb3,L1,Profile
b5f403e3-8833-4b5c-ad30-5e7272725eb3,L1,Profile
b5f403e3-8833-4b5c-ad30-5e7272725eb3,L1,Profile
b5f403e3-8833-4b5c-ad30-5e7272725eb3,L1,Profile
b5f403e3-8833-4b5c-ad30-5e7272725eb3,L1,Profile
b5f403e3-8833-4b5c-ad30-5e7272725eb3,L1,Profile
b5f403e3-8833-4b5c-ad30-5e7272725eb3,L1,Profile
b5f403e3-8833-4b5c-ad30-5e7272725eb3,L1,Profile
b5f403e3-8833-4b5c-ad30-5e7272725eb3,L1,Profile
b5f403e3-8833-4b5c-ad30-5e7272725eb3,L1,Profile
b5f403e3-8833-4b5c-ad30-5e7272725eb3,L1,Profile
b5f403e3-8833-4b5c-ad30-5e7272725eb3,L1,Profile
b5f403e3-8833-4b5c-ad30-5e7272725eb3,L1,Profile
b5f403e3-8833-4b5c-ad30-5e7272725eb3,L1,Profile
b5f403e3-8833-4b5c-ad30-5e7272725eb3,L1,Profile
b5f403e3-8833-4b5c-ad30-5e7272725eb3,L1,Profile
b5f403e3-8833-4b5c-ad30-5e7272725eb3,L1,Profile
b5f403e3-8833-4b5c-ad30-5e7272725eb3,L1,Profile
b5f403e3-8833-4b5c-ad30-5e7272725eb3,L1,Profile
b5f403e3-8833-4b5c-ad30-5e7272725eb3,L1,Profile
b5f403e3-8833-4b5c-ad30-5e7272725eb3,L1,Profile
b5f403e3-8833-4b5c-ad30-5e7272725eb3,L1,Profile
b5f403e3-8833-4b5c-ad30-5e7272725eb3,L1,Profile
b5f403e3-8833-4b5c-ad30-5e7272725eb3,L1,Profile
b5f403e3-8833-4b5c-ad30-5e7272725eb3,L1,Profile
b5f403e3-8833-4b5c-ad30-5e7272725eb3,L1,Profile
b5f403e3-8833-4b5c-ad30-5e7272725eb3,L1,Profile
b5f403e3-8833-4b5c-ad30-5e7272725eb3,L1,Profile
b5f403e3-8833-4b5c-ad30-5e7272725eb3,L1,Profile
b5f403e3-8833-4b5c-ad30-5e7272725eb3,L1,Profile
b5f403e3-8833-4b5c-ad30-5e7272725eb3,L1,Profile
b5f403e3-8833-4b5c-ad30-5e7272725eb3,L1,Profile
b5f403e3-8833-4b5c-ad30-5e7272725eb3,L1,Profile
b5f403e3-8833-4b5c-ad30-5e7272725eb3,L1,Profile
b5f403e3-8833-4b5c-ad30-5e7272725eb3,L1,Profile
b5f403e3-8833-4b5c-ad30-5e7272725eb3,L1,Profile
b5f403e3-8833-4b5c-ad30-5e7272725eb3,L1,Profile
b5f403e3-8833-4b5c-ad30-5e7272725eb3,L1,Profile
b5f403e3-8833-4b5c-ad30-5e7272725eb3,L1,Profile
b5f403e3-8833-4b5c-ad30-5e7272725eb3,L1,Profile
b5f403e3-8833-4b5c-ad30-5e7272725eb3,L1,Profile
b5f403e3-8833-4b5c-ad30-5e7272725eb3,L1,Profile
b5f403e3-8833-4b5c-ad30-5e7272725eb3,L1,Profile
b5f403e3-8833-4b5c-ad30-5e7272725eb3,L1,Profile
b5f403e3-8833-4b5c-ad30-5e7272725eb3,L1,Profile
b5f403e3-8833-4b5c-ad30-5e7272725eb3,L1,Profile
b5f403e3-8833-4b5c-ad30-5e7272725eb3,L1,Profile
b5f403e3-8833-4b5c-ad30-5e7272725eb3,L1,Profile
b5f403e3-8833-4b5c-ad30-5e7272725eb3,L1,Profile
b5f403e3-8833-4b5c-ad30-5e7272725eb3,L1,Profile
b5f403e3-8833-4b5c-ad30-5e7272725eb3,L1,Profile
b5f403e3-8833-4b5c-ad30-5e7272725eb3,L1,Profile
b5f403e3-8833-4b5c-ad30-5e7272725eb3,L1,Profile
b5f403e3-8833-4b5c-ad30-5e7272725eb3,L1,Profile
b5f403e3-8833-4b5c-ad30-5e7272725eb3,L1,Profile
b5f403e3-8833-4b5c-ad30-5e7272725eb3,L1,Profile
b5f403e3-8833-4b5c-ad30-5e7272725eb3,L1,Profile
b5f403e3-8833-4b5c-ad30-5e7272725eb3,L1,Profile
b5f403e3-8833-4b5c-ad30-5e7272725eb3,L1,Profile
b5f403e3-8833-4b5c-ad30-5e7272725eb3,L1,Profile
b5f403e3-8833-4b5c-ad30-5e7272725eb3,L1,Profile
b5f403e3-8833-4b5c-ad30-5e7272725eb3,L1,Profile
b5f403e3-8833-4b5c-ad30-5e7272725eb3,L1,Profile
b5f403e3-8833-4b5c-ad30-5e7272725eb3,L1,Profile
b5f403e3-8833-4b5c-ad30-5e7272725eb3,L1,Profile
b5f403e3-8833-4b5c-ad30-5e7272725eb3,L1,Profile
b5f403e3-8833-4b5c-ad30-5e7272725eb3,L1,Profile
b5f403e3-8833-4b5c-ad30-5e7272725eb3,L1,Profile
b5f403e3-8833-4b5c-ad30-5e7272725eb3,L1,Profile
b5f403e3-8833-4b5c-ad30-5e7272725eb3,L1,Profile
b5f403e3-8833-4b5c-ad30-5e7272725eb3,L1,Profile
b5f403e3-8833-4b5c-ad30-5e7272725eb3,L1,Profile
b5f403e3-8833-4b5c-ad30-5e7272725eb3,L1,Profile
b5f403e3-8833-4b5c-ad30-5e7272725eb3,L1,Profile
b5f403e3-8833-4b5c-ad30-5e7272725eb3,L1,Profile
b5f403e3-8833-4b5c-ad30-5e7272725eb3,L1,Profile
b5f403e3-8833-4b5c-ad30-5e7272725eb3,L1,Profile
b5f403e3-8833-4b5c-ad30-5e7272725eb3,L1,Profile
b5f403e3-8833-4b5c-ad30-5e7272725eb3,L1,Profile
b5f403e3-8833-4b5c-ad30-5e7272725eb3,L1,Profile
b5f403e3-8833-4b5c-ad30-5e7272725eb3,L1,Profile
b5f403e3-8833-4b5c-ad30-5e7272725eb3,L1,Profile
b5f403e3-8833-4b5c-ad30-5e7272725eb3,L1,Profile
b5f403e3-8833-4b5c-ad30-5e7272725eb3,L1,Profile
b5f403e3-8833-4b5c-ad30-5e7272725eb3,L1,Profile
b5f403e3-8833-4b5c-ad30-5e7272725eb3,L1,Profile
b5f403e3-8833-4b5c-ad30-5e7272725eb3,L1,Profile
b5f403e3-8833-4b5c-ad30-5e7272725eb3,L1,Profile
b5f403e3-8833-4b5c-ad30-5e7272725eb3,L1,Profile
b5f403e3-8833-4b5c-ad30-5e7272725eb3,L1,Profile
b5f403e3-8833-4b5c-ad30-5e7272725eb3,L1,Profile
b5f403e3-8833-4b5c-ad30-5e7272725eb3,L1,Profile
b5f403e3-8833-4b5c-ad30-5e7272725eb3,L1,Profile
b5f403e3-8833-4b5c-ad30-5e7272725eb3,L1,Profile
b5f403e3-8833-4b5c-ad30-5e7272725eb3,L1,Profile
b5f403e3-8833-4b5c-ad30-5e7272725eb3,L1,Profile
b5f403e3-8833-4b5c-ad30-5e7272725eb3,L1,Profile
b5f403e3-8833-4b5c-ad30-5e7272725eb3,L1,Profile
b5f403e3-8833-4b5c-ad30-5e7272725eb3,L1,Profile
b5f403e3-8833-4b5c-ad30-5e7272725eb3,L1,Profile
b5f403e3-8833-4b5c-ad30-5e7272725eb3,L1,Profile
b5f403e3-8833-4b5c-ad30-5e7272725eb3,L1,Profile
b5f403e3-8833-4b5c-ad30-5e7272725eb3,L1,Profile
b5f403e3-8833-4b5c-ad30-5e7272725eb3,L1,Profile
b5f403e3-8833-4b5c-ad30-5e7272725eb3,L1,Profile
b5f403e3-8833-4b5c-ad30-5e7272725eb3,L1,Profile
b5f403e3-8833-4b5c-ad30-5e7272725eb3,L1,Profile
b5f403e3-8833-4b5c-ad30-5e7272725eb3,L1,Profile
b5f403e3-8833-4b5c-ad30-5e7272725eb3,L1,Profile
b5f403e3-8833-4b5c-ad30-5e7272725eb3,L1,Profile
b5f403e3-8833-4b5c-ad30-5e7272725eb3,L1,Profile
b5f403e3-8833-4b5c-ad30-5e7272725eb3,L1,Profile
b5f403e3-8833-4b5c-ad30-5e7272725eb3,L1,Profile
b5f403e3-8833-4b5c-ad30-5e7272725eb3,L1,Profile
b5f403e3-8833-4b5c-ad30-5e7272725eb3,L1,Profile
b5f403e3-8833-4b5c-ad30-5e7272725eb3,L1,Profile
b5f403e3-8833-4b5c-ad30-5e7272725eb3,L1,Profile
b5f403e3-8833-4b5c-ad30-5e7272725eb3,L1,Profile
b5f403e3-8833-4b5c-ad30-5e7272725eb3,L1,Profile
b5f403e3-8833-4b5c-ad30-5e7272725eb3,L1,Profile
b5f403e3-8833-4b5c-ad30-5e7272725eb3,L1,Profile
b5f403e3-8833-4b5c-ad30-5e7272725eb3,L1,Profile
b5f403e3-8833-4b5c-ad30-5e7272725eb3,L1,Profile
b5f403e3-8833-4b5c-ad30-5e7272725eb3,L1,Profile
b5f403e3-8833-4b5c-ad30-5e7272725eb3,L1,Profile
b5f403e3-8833-4b5c-ad30-5e7272725eb3,L1,Profile
b5f403e3-8833-4b5c-ad30-5e7272725eb3,L1,Profile
b5f403e3-8833-4b5c-ad30-5e7272725eb3,L1,Profile
b5f403e3-8833-4b5c-ad30-5e7272725eb3,L1,Profile
b5f403e3-8833-4b5c-ad30-5e7272725eb3,L1,Profile
b5f403e3-8833-4b5c-ad30-5e7272725eb3,L1,Profile
b5f403e3-8833-4b5c-ad30-5e7272725eb3,L1,Profile
b5f403e3-8833-4b5c-ad30-5e7272725eb3,L1,Profile
b5f403e3-8833-4b5c-ad30-5e7272725eb3,L1,Profile
b5f403e3-8833-4b5c-ad30-5e7272725eb3,L1,Profile
b5f403e3-8833-4b5c-ad30-5e7272725eb3,L1,Profile
b5f403e3-8833-4b5c-ad30-5e7272725eb3,L1,Profile
b5f403e3-8833-4b5c-ad30-5e7272725eb3,L1,Profile
b5f403e3-8833-4b5c-ad30-5e7272725eb3,L1,Profile
b5f403e3-8833-4b5c-ad30-5e7272725eb3,L1,Profile
b5f403e3-8833-4b5c-ad30-5e7272725eb3,L1,Profile
b5f403e3-8833-4b5c-ad30-5e7272725eb3,L1,Profile
b5f403e3-8833-4b5c-ad30-5e7272725eb3,L1,Profile
b5f403e3-8833-4b5c-ad30-5e7272725eb3,L1,Profile
b5f403e3-8833-4b5c-ad30-5e7272725eb3,L1,Profile
b5f403e3-8833-4b5c-ad30-5e7272725eb3,L1,Profile
b5f403e3-8833-4b5c-ad30-5e7272725eb3,L1,Profile
b5f403e3-8833-4b5c-ad30-5e7272725eb3,L1,Profile
b5f403e3-8833-4b5c-ad30-5e7272725eb3,L1,Profile
b5f403e3-8833-4b5c-ad30-5e7272725eb3,L1,Profile
b5f403e3-8833-4b5c-ad30-5e7272725eb3,L1,Profile
b5f403e3-8833-4b5c-ad30-5e7272725eb3,L1,Profile
b5f403e3-8833-4b5c-ad30-5e7272725eb3,L1,Profile
b5f403e3-8833-4b5c-ad30-5e7272725eb3,L1,Profile
b5f403e3-8833-4b5c-ad30-5e7272725eb3,L1,Profile
b5f403e3-8833-4b5c-ad30-5e7272725eb3,L1,Profile
b5f403e3-8833-4b5c-ad30-5e7272725eb3,L1,Profile
b5f403e3-8833-4b5c-ad30-5e7272725eb3,L1,Profile
b5f403e3-8833-4b5c-ad30-5e7272725eb3,L1,Profile
b5f403e3-8833-4b5c-ad30-5e7272725eb3,L1,Profile
b5f403e3-8833-4b5c-ad30-5e7272725eb3,L1,Profile
b5f403e3-8833-4b5c-ad30-5e7272725eb3,L1,Profile
b5f403e3-8833-4b5c-ad30-5e7272725eb3,L1,Profile
b5f403e3-8833-4b5c-ad30-5e7272725eb3,L1,Profile
b5f403e3-8833-4b5c-ad30-5e7272725eb3,L1,Profile
b5f403e3-8833-4b5c-ad30-5e7272725eb3,L1,Profile
b5f403e3-8833-4b5c-ad30-5e7272725eb3,L1,Profile
b5f403e3-8833-4b5c-ad30-5e7272725eb3,L1,Profile
b5f403e3-8833-4b5c-ad30-5e7272725eb3,L1,Profile
b5f403e3-8833-4b5c-ad30-5e7272725eb3,L1,Profile
b5f403e3-8833-4b5c-ad30-5e7272725eb3,L1,Profile
b5f403e3-8833-4b5c-ad30-5e7272725eb3,L1,Profile
b5f403e3-8833-4b5c-ad30-5e7272725eb3,L1,Profile
b5f403e3-8833-4b5c-ad30-5e7272725eb3,L1,Profile
b5f403e3-8833-4b5c-ad30-5e7272725eb3,L1,Profile
b5f403e3-8833-4b5c-ad30-5e7272725eb3,L1,Profile
b5f403e3-8833-4b5c-ad30-5e7272725eb3,L1,Profile
b5f403e3-8833-4b5c-ad30-5e7272725eb3,L1,Profile
b5f403e3-8833-4b5c-ad30-5e7272725eb3,L1,Profile
b5f403e3-8833-4b5c-ad30-5e7272725eb3,L1,Profile
b5f403e3-8833-4b5c-ad30-5e7272725eb3,L1,Profile
b5f403e3-8833-4b5c-ad30-5e7272725eb3,L1,Profile
b5f403e3-8833-4b5c-ad30-5e7272725eb3,L1,Profile
b5f403e3-8833-4b5c-ad30-5e7272725eb3,L1,Profile
b5f403e3-8833-4b5c-ad30-5e7272725eb3,L1,Profile
b5f403e3-8833-4b5c-ad30-5e7272725eb3,L1,Profile
b5f403e3-8833-4b5c-ad30-5e7272725eb3,L1,Profile
b5f403e3-8833-4b5c-ad30-5e7272725eb3,L1,Profile
b5f403e3-8833-4b5c-ad30-5e7272725eb3,L1,Profile
b5f403e3-8833-4b5c-ad30-5e7272725eb3,L1,Profile
b5f403e3-8833-4b5c-ad30-5e7272725eb3,L1,Profile
b5f403e3-8833-4b5c-ad30-5e7272725eb3,L1,Profile
b5f403e3-8833-4b5c-ad30-5e7272725eb3,L1,Profile
b5f403e3-8833-4b5c-ad30-5e7272725eb3,L1,Profile
b5f403e3-8833-4b5c-ad30-5e7272725eb3,L1,Profile
b5f403e3-8833-4b5c-ad30-5e7272725eb3,L1,Profile
b5f403e3-8833-4b5c-ad30-5e7272725eb3,L1,Profile
b5f403e3-8833-4b5c-ad30-5e7272725eb3,L1,Profile
b5f403e3-8833-4b5c-ad30-5e7272725eb3,L1,Profile
b5f403e3-8833-4b5c-ad30-5e7272725eb3,L1,Profile
b5f403e3-8833-4b5c-ad30-5e7272725eb3,L1,Profile
b5f403e3-8833-4b5c-ad30-5e7272725eb3,L1,Profile
b5f403e3-8833-4b5c-ad30-5e7272725eb3,L1,Profile
b5f403e3-8833-4b5c-ad30-5e7272725eb3,L1,Profile
b5f403e3-8833-4b5c-ad30-5e7272725eb3,L1,Profile
b5f403e3-8833-4b5c-ad30-5e7272725eb3,L1,Profile
b5f403e3-8833-4b5c-ad30-5e7272725eb3,L1,Profile
b5f403e3-8833-4b5c-ad30-5e7272725eb3,L1,Profile
b5f403e3-8833-4b5c-ad30-5e7272725eb3,L1,Profile
b5f403e3-8833-4b5c-ad30-5e7272725eb3,L1,Profile
b5f403e3-8833-4b5c-ad30-5e7272725eb3,L1,Profile
b5f403e3-8833-4b5c-ad30-5e7272725eb3,L1,Profile
b5f403e3-8833-4b5c-ad30-5e7272725eb3,L1,Profile
b5f403e3-8833-4b5c-ad30-5e7272725eb3,L1,Profile
b5f403e3-8833-4b5c-ad30-5e7272725eb3,L1,Profile
b5f403e3-8833-4b5c-ad30-5e7272725eb3,L1,Profile
b5f403e3-8833-4b5c-ad30-5e7272725eb3,L1,Profile
b5f403e3-8833-4b5c-ad30-5e7272725eb3,L1,Profile
b5f403e3-8833-4b5c-ad30-5e7272725eb3,L1,Profile
b5f403e3-8833-4b5c-ad30-5e7272725eb3,L1,Profile
b5f403e3-8833-4b5c-ad30-5e7272725eb3,L1,Profile
b5f403e3-8833-4b5c-ad30-5e7272725eb3,L1,Profile
b5f403e3-8833-4b5c-ad30-5e7272725eb3,L1,Profile
b5f403e3-8833-4b5c-ad30-5e7272725eb3,L1,Profile
b5f403e3-8833-4b5c-ad30-5e7272725eb3,L1,Profile
b5f403e3-8833-4b5c-ad30-5e7272725eb3,L1,Profile
b5f403e3-8833-4b5c-ad30-5e7272725eb3,L1,Profile
b5f403e3-8833-4b5c-ad30-5e7272725eb3,L1,Profile
b5f403e3-8833-4b5c-ad30-5e7272725eb3,L1,Profile
b5f403e3-8833-4b5c-ad30-5e7272725eb3,L1,Profile
b5f403e3-8833-4b5c-ad30-5e7272725eb3,L1,Profile
b5f403e3-8833-4b5c-ad30-5e7272725eb3,L1,Profile
b5f403e3-8833-4b5c-ad30-5e7272725eb3,L1,Profile
b5f403e3-8833-4b5c-ad30-5e7272725eb3,L1,Profile
b5f403e3-8833-4b5c-ad30-5e7272725eb3,L1,Profile
b5f403e3-8833-4b5c-ad30-5e7272725eb3,L1,Profile
b5f403e3-8833-4b5c-ad30-5e7272725eb3,L1,Profile
b5f403e3-8833-4b5c-ad30-5e7272725eb3,L1,Profile
b5f403e3-8833-4b5c-ad30-5e7272725eb3,L1,Profile
b5f403e3-8833-4b5c-ad30-5e7272725eb3,L1,Profile
b5f403e3-8833-4b5c-ad30-5e7272725eb3,L1,Profile
b5f403e3-8833-4b5c-ad30-5e7272725eb3,L1,Profile
b5f403e3-8833-4b5c-ad30-5e7272725eb3,L1,Profile
b5f403e3-8833-4b5c-ad30-5e7272725eb3,L1,Profile
b5f403e3-8833-4b5c-ad30-5e7272725eb3,L1,Profile
b5f403e3-8833-4b5c-ad30-5e7272725eb3,L1,Profile
b5f403e3-8833-4b5c-ad30-5e7272725eb3,L1,Profile
b5f403e3-8833-4b5c-ad30-5e7272725eb3,L1,Profile
b5f403e3-8833-4b5c-ad30-5e7272725eb3,L1,Profile
b5f403e3-8833-4b5c-ad30-5e7272725eb3,L1,Profile
b5f403e3-8833-4b5c-ad30-5e7272725eb3,L1,Profile
b5f403e3-8833-4b5c-ad30-5e7272725eb3,L1,Profile
b5f403e3-8833-4b5c-ad30-5e7272725eb3,L1,Profile
b5f403e3-8833-4b5c-ad30-5e7272725eb3,L1,Profile
b5f403e3-8833-4b5c-ad30-5e7272725eb3,L1,Profile
b5f403e3-8833-4b5c-ad30-5e7272725eb3,L1,Profile
b5f403e3-8833-4b5c-ad30-5e7272725eb3,L1,Profile
b5f403e3-8833-4b5c-ad30-5e7272725eb3,L1,Profile
b5f403e3-8833-4b5c-ad30-5e7272725eb3,L1,Profile
b5f403e3-8833-4b5c-ad30-5e7272725eb3,L1,Profile
b5f403e3-8833-4b5c-ad30-5e7272725eb3,L1,Profile
b5f403e3-8833-4b5c-ad30-5e7272725eb3,L1,Profile
b5f403e3-8833-4b5c-ad30-5e7272725eb3,L1,Profile
b5f403e3-8833-4b5c-ad30-5e7272725eb3,L1,Profile
b5f403e3-8833-4b5c-ad30-5e7272725eb3,L1,Profile
b5f403e3-8833-4b5c-ad30-5e7272725eb3,L1,Profile
b5f403e3-8833-4b5c-ad30-5e7272725eb3,L1,Profile
b5f403e3-8833-4b5c-ad30-5e7272725eb3,L1,Profile
b5f403e3-8833-4b5c-ad30-5e7272725eb3,L1,Profile
b5f403e3-8833-4b5c-ad30-5e7272725eb3,L1,Profile
b5f403e3-8833-4b5c-ad30-5e7272725eb3,L1,Profile
b5f403e3-8833-4b5c-ad30-5e7272725eb3,L1,Profile
b5f403e3-8833-4b5c-ad30-5e7272725eb3,L1,Profile
b5f403e3-8833-4b5c-ad30-5e7272725eb3,L1,Profile
b5f403e3-8833-4b5c-ad30-5e7272725eb3,L1,Profile
b5f403e3-8833-4b5c-ad30-5e7272725eb3,L1,Profile
b5f403e3-8833-4b5c-ad30-5e7272725eb3,L1,Profile
b5f403e3-8833-4b5c-ad30-5e7272725eb3,L1,Profile
b5f403e3-8833-4b5c-ad30-5e7272725eb3,L1,Profile
b5f403e3-8833-4b5c-ad30-5e7272725eb3,L1,Profile
b5f403e3-8833-4b5c-ad30-5e7272725eb3,L1,Profile
b5f403e3-8833-4b5c-ad30-5e7272725eb3,L1,Profile
b5f403e3-8833-4b5c-ad30-5e7272725eb3,L1,Profile
b5f403e3-8833-4b5c-ad30-5e7272725eb3,L1,Profile
b5f403e3-8833-4b5c-ad30-5e7272725eb3,L1,Profile
b5f403e3-8833-4b5c-ad30-5e7272725eb3,L1,Profile
b5f403e3-8833-4b5c-ad30-5e7272725eb3,L1,Profile
b5f403e3-8833-4b5c-ad30-5e7272725eb3,L1,Profile
b5f403e3-8833-4b5c-ad30-5e7272725eb3,L1,Profile
b5f403e3-8833-4b5c-ad30-5e7272725eb3,L1,Profile
b5f403e3-8833-4b5c-ad30-5e7272725eb3,L1,Profile
b5f403e3-8833-4b5c-ad30-5e7272725eb3,L1,Profile
b5f403e3-8833-4b5c-ad30-5e7272725eb3,L1,Profile
b5f403e3-8833-4b5c-ad30-5e7272725eb3,L1,Profile
b5f403e3-8833-4b5c-ad30-5e7272725eb3,L1,Profile
b5f403e3-8833-4b5c-ad30-5e7272725eb3,L1,Profile
b5f403e3-8833-4b5c-ad30-5e7272725eb3,L1,Profile
b5f403e3-8833-4b5c-ad30-5e7272725eb3,L1,Profile
b5f403e3-8833-4b5c-ad30-5e7272725eb3,L1,Profile
b5f403e3-8833-4b5c-ad30-5e7272725eb3,L1,Profile
b5f403e3-8833-4b5c-ad30-5e7272725eb3,L1,Profile
b5f403e3-8833-4b5c-ad30-5e7272725eb3,L1,Profile
b5f403e3-8833-4b5c-ad30-5e7272725eb3,L1,Profile
b5f403e3-8833-4b5c-ad30-5e7272725eb3,L1,Profile
b5f403e3-8833-4b5c-ad30-5e7272725eb3,L1,Profile
b5f403e3-8833-4b5c-ad30-5e7272725eb3,L1,Profile
b5f403e3-8833-4b5c-ad30-5e7272725eb3,L1,Profile
b5f403e3-8833-4b5c-ad30-5e7272725eb3,L1,Profile
b5f403e3-8833-4b5c-ad30-5e7272725eb3,L1,Profile
b5f403e3-8833-4b5c-ad30-5e7272725eb3,L1,Profile
b5f403e3-8833-4b5c-ad30-5e7272725eb3,L1,Profile
b5f403e3-8833-4b5c-ad30-5e7272725eb3,L1,Profile
b5f403e3-8833-4b5c-ad30-5e7272725eb3,L1,Profile
b5f403e3-8833-4b5c-ad30-5e7272725eb3,L1,Profile
b5f403e3-8833-4b5c-ad30-5e7272725eb3,L1,Profile
b5f403e3-8833-4b5c-ad30-5e7272725eb3,L1,Profile
b5f403e3-8833-4b5c-ad30-5e7272725eb3,L1,Profile
b5f403e3-8833-4b5c-ad30-5e7272725eb3,L1,Profile
b5f403e3-8833-4b5c-ad30-5e7272725eb3,L1,Profile
b5f403e3-8833-4b5c-ad30-5e7272725eb3,L1,Profile
b5f403e3-8833-4b5c-ad30-5e7272725eb3,L1,Profile
b5f403e3-8833-4b5c-ad30-5e7272725eb3,L1,Profile
b5f403e3-8833-4b5c-ad30-5e7272725eb3,L1,Profile
b5f403e3-8833-4b5c-ad30-5e7272725eb3,L1,Profile
b5f403e3-8833-4b5c-ad30-5e7272725eb3,L1,Profile
b5f403e3-8833-4b5c-ad30-5e7272725eb3,L1,Profile
b5f403e3-8833-4b5c-ad30-5e7272725eb3,L1,Profile
b5f403e3-8833-4b5c-ad30-5e7272725eb3,L1,Profile
b5f403e3-8833-4b5c-ad30-5e7272725eb3,L1,Profile
b5f403e3-8833-4b5c-ad30-5e7272725eb3,L1,Profile
b5f403e3-8833-4b5c-ad30-5e7272725eb3,L1,Profile
b5f403e3-8833-4b5c-ad30-5e7272725eb3,L1,Profile
b5f403e3-8833-4b5c-ad30-5e7272725eb3,L1,Profile
b5f403e3-8833-4b5c-ad30-5e7272725eb3,L1,Profile
b5f403e3-8833-4b5c-ad30-5e7272725eb3,L1,Profile
b5f403e3-8833-4b5c-ad30-5e7272725eb3,L1,Profile
b5f403e3-8833-4b5c-ad30-5e7272725eb3,L1,Profile
b5f403e3-8833-4b5c-ad30-5e7272725eb3,L1,Profile
b5f403e3-8833-4b5c-ad30-5e7272725eb3,L1,Profile
b5f403e3-8833-4b5c-ad30-5e7272725eb3,L1,Profile
b5f403e3-8833-4b5c-ad30-5e7272725eb3,L1,Profile
b5f403e3-8833-4b5c-ad30-5e7272725eb3,L1,Profile
b5f403e3-8833-4b5c-ad30-5e7272725eb3,L1,Profile
b5f403e3-8833-4b5c-ad30-5e7272725eb3,L1,Profile
b5f403e3-8833-4b5c-ad30-5e7272725eb3,L1,Profile
b5f403e3-8833-4b5c-ad30-5e7272725eb3,L1,Profile
b5f403e3-8833-4b5c-ad30-5e7272725eb3,L1,Profile
b5f403e3-8833-4b5c-ad30-5e7272725eb3,L1,Profile
b5f403e3-8833-4b5c-ad30-5e7272725eb3,L1,Profile
b5f403e3-8833-4b5c-ad30-5e7272725eb3,L1,Profile
b5f403e3-8833-4b5c-ad30-5e7272725eb3,L1,Profile
b5f403e3-8833-4b5c-ad30-5e7272725eb3,L1,Profile
b5f403e3-8833-4b5c-ad30-5e7272725eb3,L1,Profile
b5f403e3-8833-4b5c-ad30-5e7272725eb3,L1,Profile
b5f403e3-8833-4b5c-ad30-5e7272725eb3,L1,Profile
b5f403e3-8833-4b5c-ad30-5e7272725eb3,L1,Profile
b5f403e3-8833-4b5c-ad30-5e7272725eb3,L1,Profile
b5f403e3-8833-4b5c-ad30-5e7272725eb3,L1,Profile
b5f403e3-8833-4b5c-ad30-5e7272725eb3,L1,Profile
b5f403e3-8833-4b5c-ad30-5e7272725eb3,L1,Profile
b5f403e3-8833-4b5c-ad30-5e7272725eb3,L1,Profile
b5f403e3-8833-4b5c-ad30-5e7272725eb3,L1,Profile
b5f403e3-8833-4b5c-ad30-5e7272725eb3,L1,Profile
b5f403e3-8833-4b5c-ad30-5e7272725eb3,L1,Profile
b5f403e3-8833-4b5c-ad30-5e7272725eb3,L1,Profile
b5f403e3-8833-4b5c-ad30-5e7272725eb3,L1,Profile
b5f403e3-8833-4b5c-ad30-5e7272725eb3,L1,Profile
b5f403e3-8833-4b5c-ad30-5e7272725eb3,L1,Profile
b5f403e3-8833-4b5c-ad30-5e7272725eb3,L1,Profile
b5f403e3-8833-4b5c-ad30-5e7272725eb3,L1,Profile
b5f403e3-8833-4b5c-ad30-5e7272725eb3,L1,Profile
b5f403e3-8833-4b5c-ad30-5e7272725eb3,L1,Profile
b5f403e3-8833-4b5c-ad30-5e7272725eb3,L1,Profile
b5f403e3-8833-4b5c-ad30-5e7272725eb3,L1,Profile
b5f403e3-8833-4b5c-ad30-5e7272725eb3,L1,Profile
b5f403e3-8833-4b5c-ad30-5e7272725eb3,L1,Profile
b5f403e3-8833-4b5c-ad30-5e7272725eb3,L1,Profile
b5f403e3-8833-4b5c-ad30-5e7272725eb3,L1,Profile
b5f403e3-8833-4b5c-ad30-5e7272725eb3,L1,Profile
b5f403e3-8833-4b5c-ad30-5e7272725eb3,L1,Profile
b5f403e3-8833-4b5c-ad30-5e7272725eb3,L1,Profile
b5f403e3-8833-4b5c-ad30-5e7272725eb3,L1,Profile
b5f403e3-8833-4b5c-ad30-5e7272725eb3,L1,Profile
b5f403e3-8833-4b5c-ad30-5e7272725eb3,L1,Profile
b5f403e3-8833-4b5c-ad30-5e7272725eb3,L1,Profile
b5f403e3-8833-4b5c-ad30-5e7272725eb3,L1,Profile
b5f403e3-8833-4b5c-ad30-5e7272725eb3,L1,Profile
b5f403e3-8833-4b5c-ad30-5e7272725eb3,L1,Profile
b5f403e3-8833-4b5c-ad30-5e7272725eb3,L1,Profile
b5f403e3-8833-4b5c-ad30-5e7272725eb3,L1,Profile
b5f403e3-8833-4b5c-ad30-5e7272725eb3,L1,Profile
b5f403e3-8833-4b5c-ad30-5e7272725eb3,L1,Profile
b5f403e3-8833-4b5c-ad30-5e7272725eb3,L1,Profile
b5f403e3-8833-4b5c-ad30-5e7272725eb3,L1,Profile
b5f403e3-8833-4b5c-ad30-5e7272725eb3,L1,Profile
b5f403e3-8833-4b5c-ad30-5e7272725eb3,L1,Profile
b5f403e3-8833-4b5c-ad30-5e7272725eb3,L1,Profile
b5f403e3-8833-4b5c-ad30-5e7272725eb3,L1,Profile
b5f403e3-8833-4b5c-ad30-5e7272725eb3,L1,Profile
b5f403e3-8833-4b5c-ad30-5e7272725eb3,L1,Profile
b5f403e3-8833-4b5c-ad30-5e7272725eb3,L1,Profile
b5f403e3-8833-4b5c-ad30-5e7272725eb3,L1,Profile
b5f403e3-8833-4b5c-ad30-5e7272725eb3,L1,Profile
b5f403e3-8833-4b5c-ad30-5e7272725eb3,L1,Profile
b5f403e3-8833-4b5c-ad30-5e7272725eb3,L1,Profile
b5f403e3-8833-4b5c-ad30-5e7272725eb3,L1,Profile
b5f403e3-8833-4b5c-ad30-5e7272725eb3,L1,Profile
b5f403e3-8833-4b5c-ad30-5e7272725eb3,L1,Profile
b5f403e3-8833-4b5c-ad30-5e7272725eb3,L1,Profile
b5f403e3-8833-4b5c-ad30-5e7272725eb3,L1,Profile
b5f403e3-8833-4b5c-ad30-5e7272725eb3,L1,Profile
b5f403e3-8833-4b5c-ad30-5e7272725eb3,L1,Profile
b5f403e3-8833-4b5c-ad30-5e7272725eb3,L1,Profile
b5f403e3-8833-4b5c-ad30-5e7272725eb3,L1,Profile
b5f403e3-8833-4b5c-ad30-5e7272725eb3,L1,Profile
b5f403e3-8833-4b5c-ad30-5e7272725eb3,L1,Profile
b5f403e3-8833-4b5c-ad30-5e7272725eb3,L1,Profile
b5f403e3-8833-4b5c-ad30-5e7272725eb3,L1,Profile
b5f403e3-8833-4b5c-ad30-5e7272725eb3,L1,Profile
b5f403e3-8833-4b5c-ad30-5e7272725eb3,L1,Profile
b5f403e3-8833-4b5c-ad30-5e7272725eb3,L1,Profile
b5f403e3-8833-4b5c-ad30-5e7272725eb3,L1,Profile
b5f403e3-8833-4b5c-ad30-5e7272725eb3,L1,Profile
b5f403e3-8833-4b5c-ad30-5e7272725eb3,L1,Profile
b5f403e3-8833-4b5c-ad30-5e7272725eb3,L1,Profile
b5f403e3-8833-4b5c-ad30-5e7272725eb3,L1,Profile
b5f403e3-8833-4b5c-ad30-5e7272725eb3,L1,Profile
b5f403e3-8833-4b5c-ad30-5e7272725eb3,L1,Profile
b5f403e3-8833-4b5c-ad30-5e7272725eb3,L1,Profile
b5f403e3-8833-4b5c-ad30-5e7272725eb3,L1,Profile
b5f403e3-8833-4b5c-ad30-5e7272725eb3,L1,Profile
b5f403e3-8833-4b5c-ad30-5e7272725eb3,L1,Profile
b5f403e3-8833-4b5c-ad30-5e7272725eb3,L1,Profile
b5f403e3-8833-4b5c-ad30-5e7272725eb3,L1,Profile
b5f403e3-8833-4b5c-ad30-5e7272725eb3,L1,Profile
b5f403e3-8833-4b5c-ad30-5e7272725eb3,L1,Profile
b5f403e3-8833-4b5c-ad30-5e7272725eb3,L1,Profile
b5f403e3-8833-4b5c-ad30-5e7272725eb3,L1,Profile
b5f403e3-8833-4b5c-ad30-5e7272725eb3,L1,Profile
b5f403e3-8833-4b5c-ad30-5e7272725eb3,L1,Profile
b5f403e3-8833-4b5c-ad30-5e7272725eb3,L1,Profile
b5f403e3-8833-4b5c-ad30-5e7272725eb3,L1,Profile
b5f403e3-8833-4b5c-ad30-5e7272725eb3,L1,Profile
b5f403e3-8833-4b5c-ad30-5e7272725eb3,L1,Profile
b5f403e3-8833-4b5c-ad30-5e7272725eb3,L1,Profile
b5f403e3-8833-4b5c-ad30-5e7272725eb3,L1,Profile
b5f403e3-8833-4b5c-ad30-5e7272725eb3,L1,Profile
b5f403e3-8833-4b5c-ad30-5e7272725eb3,L1,Profile
b5f403e3-8833-4b5c-ad30-5e7272725eb3,L1,Profile
b5f403e3-8833-4b5c-ad30-5e7272725eb3,L1,Profile
b5f403e3-8833-4b5c-ad30-5e7272725eb3,L1,Profile
b5f403e3-8833-4b5c-ad30-5e7272725eb3,L1,Profile
b5f403e3-8833-4b5c-ad30-5e7272725eb3,L1,Profile
b5f403e3-8833-4b5c-ad30-5e7272725eb3,L1,Profile
b5f403e3-8833-4b5c-ad30-5e7272725eb3,L1,Profile
b5f403e3-8833-4b5c-ad30-5e7272725eb3,L1,Profile
b5f403e3-8833-4b5c-ad30-5e7272725eb3,L1,Profile
b5f403e3-8833-4b5c-ad30-5e7272725eb3,L1,Profile
b5f403e3-8833-4b5c-ad30-5e7272725eb3,L1,Profile
b5f403e3-8833-4b5c-ad30-5e7272725eb3,L1,Profile
b5f403e3-8833-4b5c-ad30-5e7272725eb3,L1,Profile
b5f403e3-8833-4b5c-ad30-5e7272725eb3,L1,Profile
b5f403e3-8833-4b5c-ad30-5e7272725eb3,L1,Profile
b5f403e3-8833-4b5c-ad30-5e7272725eb3,L1,Profile
b5f403e3-8833-4b5c-ad30-5e7272725eb3,L1,Profile
b5f403e3-8833-4b5c-ad30-5e7272725eb3,L1,Profile
b5f403e3-8833-4b5c-ad30-5e7272725eb3,L1,Profile
b5f403e3-8833-4b5c-ad30-5e7272725eb3,L1,Profile
b5f403e3-8833-4b5c-ad30-5e7272725eb3,L1,Profile
b5f403e3-8833-4b5c-ad30-5e7272725eb3,L1,Profile
b5f403e3-8833-4b5c-ad30-5e7272725eb3,L1,Profile
b5f403e3-8833-4b5c-ad30-5e7272725eb3,L1,Profile
b5f403e3-8833-4b5c-ad30-5e7272725eb3,L1,Profile
b5f403e3-8833-4b5c-ad30-5e7272725eb3,L1,Profile
b5f403e3-8833-4b5c-ad30-5e7272725eb3,L1,Profile
b5f403e3-8833-4b5c-ad30-5e7272725eb3,L1,Profile
b5f403e3-8833-4b5c-ad30-5e7272725eb3,L1,Profile
b5f403e3-8833-4b5c-ad30-5e7272725eb3,L1,Profile
b5f403e3-8833-4b5c-ad30-5e7272725eb3,L1,Profile
b5f403e3-8833-4b5c-ad30-5e7272725eb3,L1,Profile
b5f403e3-8833-4b5c-ad30-5e7272725eb3,L1,Profile
b5f403e3-8833-4b5c-ad30-5e7272725eb3,L1,Profile
b5f403e3-8833-4b5c-ad30-5e7272725eb3,L1,Profile
b5f403e3-8833-4b5c-ad30-5e7272725eb3,L1,Profile
b5f403e3-8833-4b5c-ad30-5e7272725eb3,L1,Profile
b5f403e3-8833-4b5c-ad30-5e7272725eb3,L1,Profile
b5f403e3-8833-4b5c-ad30-5e7272725eb3,L1,Profile
b5f403e3-8833-4b5c-ad30-5e7272725eb3,L1,Profile
b5f403e3-8833-4b5c-ad30-5e7272725eb3,L1,Profile
b5f403e3-8833-4b5c-ad30-5e7272725eb3,L1,Profile
b5f403e3-8833-4b5c-ad30-5e7272725eb3,L1,Profile
b5f403e3-8833-4b5c-ad30-5e7272725eb3,L1,Profile
b5f403e3-8833-4b5c-ad30-5e7272725eb3,L1,Profile
b5f403e3-8833-4b5c-ad30-5e7272725eb3,L1,Profile
b5f403e3-8833-4b5c-ad30-5e7272725eb3,L1,Profile
b5f403e3-8833-4b5c-ad30-5e7272725eb3,L1,Profile
b5f403e3-8833-4b5c-ad30-5e7272725eb3,L1,Profile
b5f403e3-8833-4b5c-ad30-5e7272725eb3,L1,Profile
b5f403e3-8833-4b5c-ad30-5e7272725eb3,L1,Profile
b5f403e3-8833-4b5c-ad30-5e7272725eb3,L1,Profile
b5f403e3-8833-4b5c-ad30-5e7272725eb3,L1,Profile
b5f403e3-8833-4b5c-ad30-5e7272725eb3,L1,Profile
b5f403e3-8833-4b5c-ad30-5e7272725eb3,L1,Profile
b5f403e3-8833-4b5c-ad30-5e7272725eb3,L1,Profile
b5f403e3-8833-4b5c-ad30-5e7272725eb3,L1,Profile
b5f403e3-8833-4b5c-ad30-5e7272725eb3,L1,Profile
b5f403e3-8833-4b5c-ad30-5e7272725eb3,L1,Profile
b5f403e3-8833-4b5c-ad30-5e7272725eb3,L1,Profile
b5f403e3-8833-4b5c-ad30-5e7272725eb3,L1,Profile
b5f403e3-8833-4b5c-ad30-5e7272725eb3,L1,Profile
b5f403e3-8833-4b5c-ad30-5e7272725eb3,L1,Profile
b5f403e3-8833-4b5c-ad30-5e7272725eb3,L1,Profile
b5f403e3-8833-4b5c-ad30-5e7272725eb3,L1,Profile
b5f403e3-8833-4b5c-ad30-5e7272725eb3,L1,Profile
b5f403e3-8833-4b5c-ad30-5e7272725eb3,L1,Profile
b5f403e3-8833-4b5c-ad30-5e7272725eb3,L1,Profile
b5f403e3-8833-4b5c-ad30-5e7272725eb3,L1,Profile
b5f403e3-8833-4b5c-ad30-5e7272725eb3,L1,Profile
b5f403e3-8833-4b5c-ad30-5e7272725eb3,L1,Profile
b5f403e3-8833-4b5c-ad30-5e7272725eb3,L1,Profile
b5f403e3-8833-4b5c-ad30-5e7272725eb3,L1,Profile
b5f403e3-8833-4b5c-ad30-5e7272725eb3,L1,Profile
b5f403e3-8833-4b5c-ad30-5e7272725eb3,L1,Profile
b5f403e3-8833-4b5c-ad30-5e7272725eb3,L1,Profile
b5f403e3-8833-4b5c-ad30-5e7272725eb3,L1,Profile
b5f403e3-8833-4b5c-ad30-5e7272725eb3,L1,Profile
b5f403e3-8833-4b5c-ad30-5e7272725eb3,L1,Profile
b5f403e3-8833-4b5c-ad30-5e7272725eb3,L1,Profile
b5f403e3-8833-4b5c-ad30-5e7272725eb3,L1,Profile
b5f403e3-8833-4b5c-ad30-5e7272725eb3,L1,Profile
b5f403e3-8833-4b5c-ad30-5e7272725eb3,L1,Profile
b5f403e3-8833-4b5c-ad30-5e7272725eb3,L1,Profile
b5f403e3-8833-4b5c-ad30-5e7272725eb3,L1,Profile
b5f403e3-8833-4b5c-ad30-5e7272725eb3,L1,Profile
b5f403e3-8833-4b5c-ad30-5e7272725eb3,L1,Profile
b5f403e3-8833-4b5c-ad30-5e7272725eb3,L1,Profile
b5f403e3-8833-4b5c-ad30-5e7272725eb3,L1,Profile
b5f403e3-8833-4b5c-ad30-5e7272725eb3,L1,Profile
b5f403e3-8833-4b5c-ad30-5e7272725eb3,L1,Profile
b5f403e3-8833-4b5c-ad30-5e7272725eb3,L1,Profile
b5f403e3-8833-4b5c-ad30-5e7272725eb3,L1,Profile
b5f403e3-8833-4b5c-ad30-5e7272725eb3,L1,Profile
b5f403e3-8833-4b5c-ad30-5e7272725eb3,L1,Profile
b5f403e3-8833-4b5c-ad30-5e7272725eb3,L1,Profile
b5f403e3-8833-4b5c-ad30-5e7272725eb3,L1,Profile
b5f403e3-8833-4b5c-ad30-5e7272725eb3,L1,Profile
b5f403e3-8833-4b5c-ad30-5e7272725eb3,L1,Profile
b5f403e3-8833-4b5c-ad30-5e7272725eb3,L1,Profile
b5f403e3-8833-4b5c-ad30-5e7272725eb3,L1,Profile
b5f403e3-8833-4b5c-ad30-5e7272725eb3,L1,Profile
b5f403e3-8833-4b5c-ad30-5e7272725eb3,L1,Profile
b5f403e3-8833-4b5c-ad30-5e7272725eb3,L1,Profile
b5f403e3-8833-4b5c-ad30-5e7272725eb3,L1,Profile
b5f403e3-8833-4b5c-ad30-5e7272725eb3,L1,Profile
b5f403e3-8833-4b5c-ad30-5e7272725eb3,L1,Profile
b5f403e3-8833-4b5c-ad30-5e7272725eb3,L1,Profile
b5f403e3-8833-4b5c-ad30-5e7272725eb3,L1,Profile
b5f403e3-8833-4b5c-ad30-5e7272725eb3,L1,Profile
b5f403e3-8833-4b5c-ad30-5e7272725eb3,L1,Profile
b5f403e3-8833-4b5c-ad30-5e7272725eb3,L1,Profile
b5f403e3-8833-4b5c-ad30-5e7272725eb3,L1,Profile
b5f403e3-8833-4b5c-ad30-5e7272725eb3,L1,Profile
b5f403e3-8833-4b5c-ad30-5e7272725eb3,L1,Profile
b5f403e3-8833-4b5c-ad30-5e7272725eb3,L1,Profile
b5f403e3-8833-4b5c-ad30-5e7272725eb3,L1,Profile
b5f403e3-8833-4b5c-ad30-5e7272725eb3,L1,Profile
b5f403e3-8833-4b5c-ad30-5e7272725eb3,L1,Profile
b5f403e3-8833-4b5c-ad30-5e7272725eb3,L1,Profile
b5f403e3-8833-4b5c-ad30-5e7272725eb3,L1,Profile
b5f403e3-8833-4b5c-ad30-5e7272725eb3,L1,Profile
b5f403e3-8833-4b5c-ad30-5e7272725eb3,L1,Profile
b5f403e3-8833-4b5c-ad30-5e7272725eb3,L1,Profile
b5f403e3-8833-4b5c-ad30-5e7272725eb3,L1,Profile
b5f403e3-8833-4b5c-ad30-5e7272725eb3,L1,Profile
b5f403e3-8833-4b5c-ad30-5e7272725eb3,L1,Profile
b5f403e3-8833-4b5c-ad30-5e7272725eb3,L1,Profile
b5f403e3-8833-4b5c-ad30-5e7272725eb3,L1,Profile
b5f403e3-8833-4b5c-ad30-5e7272725eb3,L1,Profile
b5f403e3-8833-4b5c-ad30-5e7272725eb3,L1,Profile
b5f403e3-8833-4b5c-ad30-5e7272725eb3,L1,Profile
b5f403e3-8833-4b5c-ad30-5e7272725eb3,L1,Profile
b5f403e3-8833-4b5c-ad30-5e7272725eb3,L1,Profile
b5f403e3-8833-4b5c-ad30-5e7272725eb3,L1,Profile
b5f403e3-8833-4b5c-ad30-5e7272725eb3,L1,Profile
b5f403e3-8833-4b5c-ad30-5e7272725eb3,L1,Profile
b5f403e3-8833-4b5c-ad30-5e7272725eb3,L1,Profile
b5f403e3-8833-4b5c-ad30-5e7272725eb3,L1,Profile
b5f403e3-8833-4b5c-ad30-5e7272725eb3,L1,Profile
b5f403e3-8833-4b5c-ad30-5e7272725eb3,L1,Profile
b5f403e3-8833-4b5c-ad30-5e7272725eb3,L1,Profile
b5f403e3-8833-4b5c-ad30-5e7272725eb3,L1,Profile
b5f403e3-8833-4b5c-ad30-5e7272725eb3,L1,Profile
b5f403e3-8833-4b5c-ad30-5e7272725eb3,L1,Profile
b5f403e3-8833-4b5c-ad30-5e7272725eb3,L1,Profile
b5f403e3-8833-4b5c-ad30-5e7272725eb3,L1,Profile
b5f403e3-8833-4b5c-ad30-5e7272725eb3,L1,Profile
b5f403e3-8833-4b5c-ad30-5e7272725eb3,L1,Profile
b5f403e3-8833-4b5c-ad30-5e7272725eb3,L1,Profile
b5f403e3-8833-4b5c-ad30-5e7272725eb3,L1,Profile
b5f403e3-8833-4b5c-ad30-5e7272725eb3,L1,Profile
b5f403e3-8833-4b5c-ad30-5e7272725eb3,L1,Profile
b5f403e3-8833-4b5c-ad30-5e7272725eb3,L1,Profile
b5f403e3-8833-4b5c-ad30-5e7272725eb3,L1,Profile
b5f403e3-8833-4b5c-ad30-5e7272725eb3,L1,Profile
b5f403e3-8833-4b5c-ad30-5e7272725eb3,L1,Profile
b5f403e3-8833-4b5c-ad30-5e7272725eb3,L1,Profile
b5f403e3-8833-4b5c-ad30-5e7272725eb3,L1,Profile
b5f403e3-8833-4b5c-ad30-5e7272725eb3,L1,Profile
b5f403e3-8833-4b5c-ad30-5e7272725eb3,L1,Profile
b5f403e3-8833-4b5c-ad30-5e7272725eb3,L1,Profile
b5f403e3-8833-4b5c-ad30-5e7272725eb3,L1,Profile
b5f403e3-8833-4b5c-ad30-5e7272725eb3,L1,Profile
b5f403e3-8833-4b5c-ad30-5e7272725eb3,L1,Profile
b5f403e3-8833-4b5c-ad30-5e7272725eb3,L1,Profile
b5f403e3-8833-4b5c-ad30-5e7272725eb3,L1,Profile
b5f403e3-8833-4b5c-ad30-5e7272725eb3,L1,Profile
b5f403e3-8833-4b5c-ad30-5e7272725eb3,L1,Profile
b5f403e3-8833-4b5c-ad30-5e7272725eb3,L1,Profile
b5f403e3-8833-4b5c-ad30-5e7272725eb3,L1,Profile
b5f403e3-8833-4b5c-ad30-5e7272725eb3,L1,Profile
b5f403e3-8833-4b5c-ad30-5e7272725eb3,L1,Profile
b5f403e3-8833-4b5c-ad30-5e7272725eb3,L1,Profile
b5f403e3-8833-4b5c-ad30-5e7272725eb3,L1,Profile
b5f403e3-8833-4b5c-ad30-5e7272725eb3,L1,Profile
b5f403e3-8833-4b5c-ad30-5e7272725eb3,L1,Profile
b5f403e3-8833-4b5c-ad30-5e7272725eb3,L1,Profile
b5f403e3-8833-4b5c-ad30-5e7272725eb3,L1,Profile
b5f403e3-8833-4b5c-ad30-5e7272725eb3,L1,Profile
b5f403e3-8833-4b5c-ad30-5e7272725eb3,L1,Profile
b5f403e3-8833-4b5c-ad30-5e7272725eb3,L1,Profile
b5f403e3-8833-4b5c-ad30-5e7272725eb3,L1,Profile
b5f403e3-8833-4b5c-ad30-5e7272725eb3,L1,Profile
b5f403e3-8833-4b5c-ad30-5e7272725eb3,L1,Profile
b5f403e3-8833-4b5c-ad30-5e7272725eb3,L1,Profile
b5f403e3-8833-4b5c-ad30-5e7272725eb3,L1,Profile
b5f403e3-8833-4b5c-ad30-5e7272725eb3,L1,Profile
b5f403e3-8833-4b5c-ad30-5e7272725eb3,L1,Profile
b5f403e3-8833-4b5c-ad30-5e7272725eb3,L1,Profile
b5f403e3-8833-4b5c-ad30-5e7272725eb3,L1,Profile
b5f403e3-8833-4b5c-ad30-5e7272725eb3,L1,Profile
b5f403e3-8833-4b5c-ad30-5e7272725eb3,L1,Profile
b5f403e3-8833-4b5c-ad30-5e7272725eb3,L1,Profile
b5f403e3-8833-4b5c-ad30-5e7272725eb3,L1,Profile
b5f403e3-8833-4b5c-ad30-5e7272725eb3,L1,Profile
b5f403e3-8833-4b5c-ad30-5e7272725eb3,L1,Profile
b5f403e3-8833-4b5c-ad30-5e7272725eb3,L1,Profile
b5f403e3-8833-4b5c-ad30-5e7272725eb3,L1,Profile
b5f403e3-8833-4b5c-ad30-5e7272725eb3,L1,Profile
b5f403e3-8833-4b5c-ad30-5e7272725eb3,L1,Profile
b5f403e3-8833-4b5c-ad30-5e7272725eb3,L1,Profile
b5f403e3-8833-4b5c-ad30-5e7272725eb3,L1,Profile
b5f403e3-8833-4b5c-ad30-5e7272725eb3,L1,Profile
b5f403e3-8833-4b5c-ad30-5e7272725eb3,L1,Profile
b5f403e3-8833-4b5c-ad30-5e7272725eb3,L1,Profile
b5f403e3-8833-4b5c-ad30-5e7272725eb3,L1,Profile
b5f403e3-8833-4b5c-ad30-5e7272725eb3,L1,Profile
b5f403e3-8833-4b5c-ad30-5e7272725eb3,L1,Profile
b5f403e3-8833-4b5c-ad30-5e7272725eb3,L1,Profile
b5f403e3-8833-4b5c-ad30-5e7272725eb3,L1,Profile
b5f403e3-8833-4b5c-ad30-5e7272725eb3,L1,Profile
b5f403e3-8833-4b5c-ad30-5e7272725eb3,L1,Profile
b5f403e3-8833-4b5c-ad30-5e7272725eb3,L1,Profile
b5f403e3-8833-4b5c-ad30-5e7272725eb3,L1,Profile
b5f403e3-8833-4b5c-ad30-5e7272725eb3,L1,Profile
b5f403e3-8833-4b5c-ad30-5e7272725eb3,L1,Profile
b5f403e3-8833-4b5c-ad30-5e7272725eb3,L1,Profile
b5f403e3-8833-4b5c-ad30-5e7272725eb3,L1,Profile
b5f403e3-8833-4b5c-ad30-5e7272725eb3,L1,Profile
b5f403e3-8833-4b5c-ad30-5e7272725eb3,L1,Profile
b5f403e3-8833-4b5c-ad30-5e7272725eb3,L1,Profile
b5f403e3-8833-4b5c-ad30-5e7272725eb3,L1,Profile
b5f403e3-8833-4b5c-ad30-5e7272725eb3,L1,Profile
b5f403e3-8833-4b5c-ad30-5e7272725eb3,L1,Profile
b5f403e3-8833-4b5c-ad30-5e7272725eb3,L1,Profile
b5f403e3-8833-4b5c-ad30-5e7272725eb3,L1,Profile
b5f403e3-8833-4b5c-ad30-5e7272725eb3,L1,Profile
b5f403e3-8833-4b5c-ad30-5e7272725eb3,L1,Profile
b5f403e3-8833-4b5c-ad30-5e7272725eb3,L1,Profile
b5f403e3-8833-4b5c-ad30-5e7272725eb3,L1,Profile
b5f403e3-8833-4b5c-ad30-5e7272725eb3,L1,Profile
b5f403e3-8833-4b5c-ad30-5e7272725eb3,L1,Profile
b5f403e3-8833-4b5c-ad30-5e7272725eb3,L1,Profile
b5f403e3-8833-4b5c-ad30-5e7272725eb3,L1,Profile
b5f403e3-8833-4b5c-ad30-5e7272725eb3,L1,Profile
b5f403e3-8833-4b5c-ad30-5e7272725eb3,L1,Profile
b5f403e3-8833-4b5c-ad30-5e7272725eb3,L1,Profile
b5f403e3-8833-4b5c-ad30-5e7272725eb3,L1,Profile
b5f403e3-8833-4b5c-ad30-5e7272725eb3,L1,Profile
b5f403e3-8833-4b5c-ad30-5e7272725eb3,L1,Profile
b5f403e3-8833-4b5c-ad30-5e7272725eb3,L1,Profile
b5f403e3-8833-4b5c-ad30-5e7272725eb3,L1,Profile
b5f403e3-8833-4b5c-ad30-5e7272725eb3,L1,Profile
b5f403e3-8833-4b5c-ad30-5e7272725eb3,L1,Profile
b5f403e3-8833-4b5c-ad30-5e7272725eb3,L1,Profile
b5f403e3-8833-4b5c-ad30-5e7272725eb3,L1,Profile
b5f403e3-8833-4b5c-ad30-5e7272725eb3,L1,Profile
b5f403e3-8833-4b5c-ad30-5e7272725eb3,L1,Profile
b5f403e3-8833-4b5c-ad30-5e7272725eb3,L1,Profile
b5f403e3-8833-4b5c-ad30-5e7272725eb3,L1,Profile
b5f403e3-8833-4b5c-ad30-5e7272725eb3,L1,Profile
b5f403e3-8833-4b5c-ad30-5e7272725eb3,L1,Profile
b5f403e3-8833-4b5c-ad30-5e7272725eb3,L1,Profile
b5f403e3-8833-4b5c-ad30-5e7272725eb3,L1,Profile
b5f403e3-8833-4b5c-ad30-5e7272725eb3,L1,Profile
b5f403e3-8833-4b5c-ad30-5e7272725eb3,L1,Profile
b5f403e3-8833-4b5c-ad30-5e7272725eb3,L1,Profile
b5f403e3-8833-4b5c-ad30-5e7272725eb3,L1,Profile
b5f403e3-8833-4b5c-ad30-5e7272725eb3,L1,Profile
b5f403e3-8833-4b5c-ad30-5e7272725eb3,L1,Profile
b5f403e3-8833-4b5c-ad30-5e7272725eb3,L1,Profile
b5f403e3-8833-4b5c-ad30-5e7272725eb3,L1,Profile
b5f403e3-8833-4b5c-ad30-5e7272725eb3,L1,Profile
b5f403e3-8833-4b5c-ad30-5e7272725eb3,L1,Profile
b5f403e3-8833-4b5c-ad30-5e7272725eb3,L1,Profile
b5f403e3-8833-4b5c-ad30-5e7272725eb3,L1,Profile
b5f403e3-8833-4b5c-ad30-5e7272725eb3,L1,Profile
b5f403e3-8833-4b5c-ad30-5e7272725eb3,L1,Profile
b5f403e3-8833-4b5c-ad30-5e7272725eb3,L1,Profile
b5f403e3-8833-4b5c-ad30-5e7272725eb3,L1,Profile
b5f403e3-8833-4b5c-ad30-5e7272725eb3,L1,Profile
b5f403e3-8833-4b5c-ad30-5e7272725eb3,L1,Profile
b5f403e3-8833-4b5c-ad30-5e7272725eb3,L1,Profile
b5f403e3-8833-4b5c-ad30-5e7272725eb3,L1,Profile
b5f403e3-8833-4b5c-ad30-5e7272725eb3,L1,Profile
b5f403e3-8833-4b5c-ad30-5e7272725eb3,L1,Profile
b5f403e3-8833-4b5c-ad30-5e7272725eb3,L1,Profile
b5f403e3-8833-4b5c-ad30-5e7272725eb3,L1,Profile
b5f403e3-8833-4b5c-ad30-5e7272725eb3,L1,Profile
b5f403e3-8833-4b5c-ad30-5e7272725eb3,L1,Profile
b5f403e3-8833-4b5c-ad30-5e7272725eb3,L1,Profile
b5f403e3-8833-4b5c-ad30-5e7272725eb3,L1,Profile
b5f403e3-8833-4b5c-ad30-5e7272725eb3,L1,Profile
b5f403e3-8833-4b5c-ad30-5e7272725eb3,L1,Profile
b5f403e3-8833-4b5c-ad30-5e7272725eb3,L1,Profile
b5f403e3-8833-4b5c-ad30-5e7272725eb3,L1,Profile
b5f403e3-8833-4b5c-ad30-5e7272725eb3,L1,Profile
b5f403e3-8833-4b5c-ad30-5e7272725eb3,L1,Profile
b5f403e3-8833-4b5c-ad30-5e7272725eb3,L1,Profile
b5f403e3-8833-4b5c-ad30-5e7272725eb3,L1,Profile
b5f403e3-8833-4b5c-ad30-5e7272725eb3,L1,Profile
b5f403e3-8833-4b5c-ad30-5e7272725eb3,L1,Profile
b5f403e3-8833-4b5c-ad30-5e7272725eb3,L1,Profile
b5f403e3-8833-4b5c-ad30-5e7272725eb3,L1,Profile
b5f403e3-8833-4b5c-ad30-5e7272725eb3,L1,Profile
b5f403e3-8833-4b5c-ad30-5e7272725eb3,L1,Profile
b5f403e3-8833-4b5c-ad30-5e7272725eb3,L1,Profile
b5f403e3-8833-4b5c-ad30-5e7272725eb3,L1,Profile
b5f403e3-8833-4b5c-ad30-5e7272725eb3,L1,Profile
b5f403e3-8833-4b5c-ad30-5e7272725eb3,L1,Profile
b5f403e3-8833-4b5c-ad30-5e7272725eb3,L1,Profile
b5f403e3-8833-4b5c-ad30-5e7272725eb3,L1,Profile
b5f403e3-8833-4b5c-ad30-5e7272725eb3,L1,Profile
b5f403e3-8833-4b5c-ad30-5e7272725eb3,L1,Profile
b5f403e3-8833-4b5c-ad30-5e7272725eb3,L1,Profile
b5f403e3-8833-4b5c-ad30-5e7272725eb3,L1,Profile
b5f403e3-8833-4b5c-ad30-5e7272725eb3,L1,Profile
b5f403e3-8833-4b5c-ad30-5e7272725eb3,L1,Profile
b5f403e3-8833-4b5c-ad30-5e7272725eb3,L1,Profile
b5f403e3-8833-4b5c-ad30-5e7272725eb3,L1,Profile
b5f403e3-8833-4b5c-ad30-5e7272725eb3,L1,Profile
b5f403e3-8833-4b5c-ad30-5e7272725eb3,L1,Profile
b5f403e3-8833-4b5c-ad30-5e7272725eb3,L1,Profile
b5f403e3-8833-4b5c-ad30-5e7272725eb3,L1,Profile
b5f403e3-8833-4b5c-ad30-5e7272725eb3,L1,Profile
b5f403e3-8833-4b5c-ad30-5e7272725eb3,L1,Profile
b5f403e3-8833-4b5c-ad30-5e7272725eb3,L1,Profile
b5f403e3-8833-4b5c-ad30-5e7272725eb3,L1,Profile
b5f403e3-8833-4b5c-ad30-5e7272725eb3,L1,Profile
b5f403e3-8833-4b5c-ad30-5e7272725eb3,L1,Profile
b5f403e3-8833-4b5c-ad30-5e7272725eb3,L1,Profile
b5f403e3-8833-4b5c-ad30-5e7272725eb3,L1,Profile
b5f403e3-8833-4b5c-ad30-5e7272725eb3,L1,Profile
b5f403e3-8833-4b5c-ad30-5e7272725eb3,L1,Profile
b5f403e3-8833-4b5c-ad30-5e7272725eb3,L1,Profile
b5f403e3-8833-4b5c-ad30-5e7272725eb3,L1,Profile
b5f403e3-8833-4b5c-ad30-5e7272725eb3,L1,Profile
b5f403e3-8833-4b5c-ad30-5e7272725eb3,L1,Profile
b5f403e3-8833-4b5c-ad30-5e7272725eb3,L1,Profile
b5f403e3-8833-4b5c-ad30-5e7272725eb3,L1,Profile
b5f403e3-8833-4b5c-ad30-5e7272725eb3,L1,Profile
b5f403e3-8833-4b5c-ad30-5e7272725eb3,L1,Profile
b5f403e3-8833-4b5c-ad30-5e7272725eb3,L1,Profile
b5f403e3-8833-4b5c-ad30-5e7272725eb3,L1,Profile
b5f403e3-8833-4b5c-ad30-5e7272725eb3,L1,Profile
b5f403e3-8833-4b5c-ad30-5e7272725eb3,L1,Profile
b5f403e3-8833-4b5c-ad30-5e7272725eb3,L1,Profile
b5f403e3-8833-4b5c-ad30-5e7272725eb3,L1,Profile
b5f403e3-8833-4b5c-ad30-5e7272725eb3,L1,Profile
b5f403e3-8833-4b5c-ad30-5e7272725eb3,L1,Profile
b5f403e3-8833-4b5c-ad30-5e7272725eb3,L1,Profile
b5f403e3-8833-4b5c-ad30-5e7272725eb3,L1,Profile
b5f403e3-8833-4b5c-ad30-5e7272725eb3,L1,Profile
b5f403e3-8833-4b5c-ad30-5e7272725eb3,L1,Profile
b5f403e3-8833-4b5c-ad30-5e7272725eb3,L1,Profile
b5f403e3-8833-4b5c-ad30-5e7272725eb3,L1,Profile
b5f403e3-8833-4b5c-ad30-5e7272725eb3,L1,Profile
b5f403e3-8833-4b5c-ad30-5e7272725eb3,L1,Profile
b5f403e3-8833-4b5c-ad30-5e7272725eb3,L1,Profile
b5f403e3-8833-4b5c-ad30-5e7272725eb3,L1,Profile
b5f403e3-8833-4b5c-ad30-5e7272725eb3,L1,Profile
b5f403e3-8833-4b5c-ad30-5e7272725eb3,L1,Profile
b5f403e3-8833-4b5c-ad30-5e7272725eb3,L1,Profile
b5f403e3-8833-4b5c-ad30-5e7272725eb3,L1,Profile
b5f403e3-8833-4b5c-ad30-5e7272725eb3,L1,Profile
b5f403e3-8833-4b5c-ad30-5e7272725eb3,L1,Profile
b5f403e3-8833-4b5c-ad30-5e7272725eb3,L1,Profile
b5f403e3-8833-4b5c-ad30-5e7272725eb3,L1,Profile
b5f403e3-8833-4b5c-ad30-5e7272725eb3,L1,Profile
b5f403e3-8833-4b5c-ad30-5e7272725eb3,L1,Profile
b5f403e3-8833-4b5c-ad30-5e7272725eb3,L1,Profile
b5f403e3-8833-4b5c-ad30-5e7272725eb3,L1,Profile
b5f403e3-8833-4b5c-ad30-5e7272725eb3,L1,Profile
b5f403e3-8833-4b5c-ad30-5e7272725eb3,L1,Profile
b5f403e3-8833-4b5c-ad30-5e7272725eb3,L1,Profile
b5f403e3-8833-4b5c-ad30-5e7272725eb3,L1,Profile
b5f403e3-8833-4b5c-ad30-5e7272725eb3,L1,Profile
b5f403e3-8833-4b5c-ad30-5e7272725eb3,L1,Profile
b5f403e3-8833-4b5c-ad30-5e7272725eb3,L1,Profile
b5f403e3-8833-4b5c-ad30-5e7272725eb3,L1,Profile
b5f403e3-8833-4b5c-ad30-5e7272725eb3,L1,Profile
b5f403e3-8833-4b5c-ad30-5e7272725eb3,L1,Profile
b5f403e3-8833-4b5c-ad30-5e7272725eb3,L1,Profile
b5f403e3-8833-4b5c-ad30-5e7272725eb3,L1,Profile
b5f403e3-8833-4b5c-ad30-5e7272725eb3,L1,Profile
b5f403e3-8833-4b5c-ad30-5e7272725eb3,L1,Profile
b5f403e3-8833-4b5c-ad30-5e7272725eb3,L1,Profile
b5f403e3-8833-4b5c-ad30-5e7272725eb3,L1,Profile
b5f403e3-8833-4b5c-ad30-5e7272725eb3,L1,Profile
b5f403e3-8833-4b5c-ad30-5e7272725eb3,L1,Profile
b5f403e3-8833-4b5c-ad30-5e7272725eb3,L1,Profile
b5f403e3-8833-4b5c-ad30-5e7272725eb3,L1,Profile
b5f403e3-8833-4b5c-ad30-5e7272725eb3,L1,Profile
b5f403e3-8833-4b5c-ad30-5e7272725eb3,L1,Profile
b5f403e3-8833-4b5c-ad30-5e7272725eb3,L1,Profile
b5f403e3-8833-4b5c-ad30-5e7272725eb3,L1,Profile
b5f403e3-8833-4b5c-ad30-5e7272725eb3,L1,Profile
b5f403e3-8833-4b5c-ad30-5e7272725eb3,L1,Profile
b5f403e3-8833-4b5c-ad30-5e7272725eb3,L1,Profile
b5f403e3-8833-4b5c-ad30-5e7272725eb3,L1,Profile
b5f403e3-8833-4b5c-ad30-5e7272725eb3,L1,Profile
b5f403e3-8833-4b5c-ad30-5e7272725eb3,L1,Profile
b5f403e3-8833-4b5c-ad30-5e7272725eb3,L1,Profile
b5f403e3-8833-4b5c-ad30-5e7272725eb3,L1,Profile
b5f403e3-8833-4b5c-ad30-5e7272725eb3,L1,Profile
b5f403e3-8833-4b5c-ad30-5e7272725eb3,L1,Profile
b5f403e3-8833-4b5c-ad30-5e7272725eb3,L1,Profile
b5f403e3-8833-4b5c-ad30-5e7272725eb3,L1,Profile
b5f403e3-8833-4b5c-ad30-5e7272725eb3,L1,Profile
b5f403e3-8833-4b5c-ad30-5e7272725eb3,L1,Profile
b5f403e3-8833-4b5c-ad30-5e7272725eb3,L1,Profile
b5f403e3-8833-4b5c-ad30-5e7272725eb3,L1,Profile
b5f403e3-8833-4b5c-ad30-5e7272725eb3,L1,Profile
b5f403e3-8833-4b5c-ad30-5e7272725eb3,L1,Profile
b5f403e3-8833-4b5c-ad30-5e7272725eb3,L1,Profile
b5f403e3-8833-4b5c-ad30-5e7272725eb3,L1,Profile
b5f403e3-8833-4b5c-ad30-5e7272725eb3,L1,Profile
b5f403e3-8833-4b5c-ad30-5e7272725eb3,L1,Profile
b5f403e3-8833-4b5c-ad30-5e7272725eb3,L1,Profile
b5f403e3-8833-4b5c-ad30-5e7272725eb3,L1,Profile
b5f403e3-8833-4b5c-ad30-5e7272725eb3,L1,Profile
b5f403e3-8833-4b5c-ad30-5e7272725eb3,L1,Profile
b5f403e3-8833-4b5c-ad30-5e7272725eb3,L1,Profile
b5f403e3-8833-4b5c-ad30-5e7272725eb3,L1,Profile
b5f403e3-8833-4b5c-ad30-5e7272725eb3,L1,Profile
b5f403e3-8833-4b5c-ad30-5e7272725eb3,L1,Profile
b5f403e3-8833-4b5c-ad30-5e7272725eb3,L1,Profile
b5f403e3-8833-4b5c-ad30-5e7272725eb3,L1,Profile
b5f403e3-8833-4b5c-ad30-5e7272725eb3,L1,Profile
b5f403e3-8833-4b5c-ad30-5e7272725eb3,L1,Profile
b5f403e3-8833-4b5c-ad30-5e7272725eb3,L1,Profile
b5f403e3-8833-4b5c-ad30-5e7272725eb3,L1,Profile
b5f403e3-8833-4b5c-ad30-5e7272725eb3,L1,Profile
b5f403e3-8833-4b5c-ad30-5e7272725eb3,L1,Profile
b5f403e3-8833-4b5c-ad30-5e7272725eb3,L1,Profile
b5f403e3-8833-4b5c-ad30-5e7272725eb3,L1,Profile
b5f403e3-8833-4b5c-ad30-5e7272725eb3,L1,Profile
b5f403e3-8833-4b5c-ad30-5e7272725eb3,L1,Profile
b5f403e3-8833-4b5c-ad30-5e7272725eb3,L1,Profile
b5f403e3-8833-4b5c-ad30-5e7272725eb3,L1,Profile
b5f403e3-8833-4b5c-ad30-5e7272725eb3,L1,Profile
b5f403e3-8833-4b5c-ad30-5e7272725eb3,L1,Profile
b5f403e3-8833-4b5c-ad30-5e7272725eb3,L1,Profile
b5f403e3-8833-4b5c-ad30-5e7272725eb3,L1,Profile
b5f403e3-8833-4b5c-ad30-5e7272725eb3,L1,Profile
b5f403e3-8833-4b5c-ad30-5e7272725eb3,L1,Profile
b5f403e3-8833-4b5c-ad30-5e7272725eb3,L1,Profile
b5f403e3-8833-4b5c-ad30-5e7272725eb3,L1,Profile
b5f403e3-8833-4b5c-ad30-5e7272725eb3,L1,Profile
b5f403e3-8833-4b5c-ad30-5e7272725eb3,L1,Profile
b5f403e3-8833-4b5c-ad30-5e7272725eb3,L1,Profile
b5f403e3-8833-4b5c-ad30-5e7272725eb3,L1,Profile
b5f403e3-8833-4b5c-ad30-5e7272725eb3,L1,Profile
b5f403e3-8833-4b5c-ad30-5e7272725eb3,L1,Profile
b5f403e3-8833-4b5c-ad30-5e7272725eb3,L1,Profile
b5f403e3-8833-4b5c-ad30-5e7272725eb3,L1,Profile
b5f403e3-8833-4b5c-ad30-5e7272725eb3,L1,Profile
b5f403e3-8833-4b5c-ad30-5e7272725eb3,L1,Profile
b5f403e3-8833-4b5c-ad30-5e7272725eb3,L1,Profile
b5f403e3-8833-4b5c-ad30-5e7272725eb3,L1,Profile
b5f403e3-8833-4b5c-ad30-5e7272725eb3,L1,Profile
b5f403e3-8833-4b5c-ad30-5e7272725eb3,L1,Profile
b5f403e3-8833-4b5c-ad30-5e7272725eb3,L1,Profile
b5f403e3-8833-4b5c-ad30-5e7272725eb3,L1,Profile
b5f403e3-8833-4b5c-ad30-5e7272725eb3,L1,Profile
b5f403e3-8833-4b5c-ad30-5e7272725eb3,L1,Profile
b5f403e3-8833-4b5c-ad30-5e7272725eb3,L1,Profile
b5f403e3-8833-4b5c-ad30-5e7272725eb3,L1,Profile
b5f403e3-8833-4b5c-ad30-5e7272725eb3,L1,Profile
b5f403e3-8833-4b5c-ad30-5e7272725eb3,L1,Profile
b5f403e3-8833-4b5c-ad30-5e7272725eb3,L1,Profile
b5f403e3-8833-4b5c-ad30-5e7272725eb3,L1,Profile
b5f403e3-8833-4b5c-ad30-5e7272725eb3,L1,Profile
b5f403e3-8833-4b5c-ad30-5e7272725eb3,L1,Profile
b5f403e3-8833-4b5c-ad30-5e7272725eb3,L1,Profile
b5f403e3-8833-4b5c-ad30-5e7272725eb3,L1,Profile
b5f403e3-8833-4b5c-ad30-5e7272725eb3,L1,Profile
b5f403e3-8833-4b5c-ad30-5e7272725eb3,L1,Profile
b5f403e3-8833-4b5c-ad30-5e7272725eb3,L1,Profile
b5f403e3-8833-4b5c-ad30-5e7272725eb3,L1,Profile
b5f403e3-8833-4b5c-ad30-5e7272725eb3,L1,Profile
b5f403e3-8833-4b5c-ad30-5e7272725eb3,L1,Profile
b5f403e3-8833-4b5c-ad30-5e7272725eb3,L1,Profile
b5f403e3-8833-4b5c-ad30-5e7272725eb3,L1,Profile
b5f403e3-8833-4b5c-ad30-5e7272725eb3,L1,Profile
b5f403e3-8833-4b5c-ad30-5e7272725eb3,L1,Profile
b5f403e3-8833-4b5c-ad30-5e7272725eb3,L1,Profile
b5f403e3-8833-4b5c-ad30-5e7272725eb3,L1,Profile
b5f403e3-8833-4b5c-ad30-5e7272725eb3,L1,Profile
b5f403e3-8833-4b5c-ad30-5e7272725eb3,L1,Profile
b5f403e3-8833-4b5c-ad30-5e7272725eb3,L1,Profile
b5f403e3-8833-4b5c-ad30-5e7272725eb3,L1,Profile
b5f403e3-8833-4b5c-ad30-5e7272725eb3,L1,Profile
b5f403e3-8833-4b5c-ad30-5e7272725eb3,L1,Profile
b5f403e3-8833-4b5c-ad30-5e7272725eb3,L1,Profile
b5f403e3-8833-4b5c-ad30-5e7272725eb3,L1,Profile
b5f403e3-8833-4b5c-ad30-5e7272725eb3,L1,Profile
b5f403e3-8833-4b5c-ad30-5e7272725eb3,L1,Profile
b5f403e3-8833-4b5c-ad30-5e7272725eb3,L1,Profile
b5f403e3-8833-4b5c-ad30-5e7272725eb3,L1,Profile
b5f403e3-8833-4b5c-ad30-5e7272725eb3,L1,Profile
b5f403e3-8833-4b5c-ad30-5e7272725eb3,L1,Profile
b5f403e3-8833-4b5c-ad30-5e7272725eb3,L1,Profile
b5f403e3-8833-4b5c-ad30-5e7272725eb3,L1,Profile
b5f403e3-8833-4b5c-ad30-5e7272725eb3,L1,Profile
b5f403e3-8833-4b5c-ad30-5e7272725eb3,L1,Profile
b5f403e3-8833-4b5c-ad30-5e7272725eb3,L1,Profile
b5f403e3-8833-4b5c-ad30-5e7272725eb3,L1,Profile
b5f403e3-8833-4b5c-ad30-5e7272725eb3,L1,Profile
b5f403e3-8833-4b5c-ad30-5e7272725eb3,L1,Profile
b5f403e3-8833-4b5c-ad30-5e7272725eb3,L1,Profile
b5f403e3-8833-4b5c-ad30-5e7272725eb3,L1,Profile
b5f403e3-8833-4b5c-ad30-5e7272725eb3,L1,Profile
b5f403e3-8833-4b5c-ad30-5e7272725eb3,L1,Profile
b5f403e3-8833-4b5c-ad30-5e7272725eb3,L1,Profile
b5f403e3-8833-4b5c-ad30-5e7272725eb3,L1,Profile
b5f403e3-8833-4b5c-ad30-5e7272725eb3,L1,Profile
b5f403e3-8833-4b5c-ad30-5e7272725eb3,L1,Profile
b5f403e3-8833-4b5c-ad30-5e7272725eb3,L1,Profile
b5f403e3-8833-4b5c-ad30-5e7272725eb3,L1,Profile
b5f403e3-8833-4b5c-ad30-5e7272725eb3,L1,Profile
b5f403e3-8833-4b5c-ad30-5e7272725eb3,L1,Profile
b5f403e3-8833-4b5c-ad30-5e7272725eb3,L1,Profile
b5f403e3-8833-4b5c-ad30-5e7272725eb3,L1,Profile
b5f403e3-8833-4b5c-ad30-5e7272725eb3,L1,Profile
b5f403e3-8833-4b5c-ad30-5e7272725eb3,L1,Profile
b5f403e3-8833-4b5c-ad30-5e7272725eb3,L1,Profile
b5f403e3-8833-4b5c-ad30-5e7272725eb3,L1,Profile
b5f403e3-8833-4b5c-ad30-5e7272725eb3,L1,Profile
b5f403e3-8833-4b5c-ad30-5e7272725eb3,L1,Profile
b5f403e3-8833-4b5c-ad30-5e7272725eb3,L1,Profile
b5f403e3-8833-4b5c-ad30-5e7272725eb3,L1,Profile
b5f403e3-8833-4b5c-ad30-5e7272725eb3,L1,Profile
b5f403e3-8833-4b5c-ad30-5e7272725eb3,L1,Profile
b5f403e3-8833-4b5c-ad30-5e7272725eb3,L1,Profile
b5f403e3-8833-4b5c-ad30-5e7272725eb3,L1,Profile
b5f403e3-8833-4b5c-ad30-5e7272725eb3,L1,Profile
b5f403e3-8833-4b5c-ad30-5e7272725eb3,L1,Profile
b5f403e3-8833-4b5c-ad30-5e7272725eb3,L1,Profile
b5f403e3-8833-4b5c-ad30-5e7272725eb3,L1,Profile
b5f403e3-8833-4b5c-ad30-5e7272725eb3,L1,Profile
b5f403e3-8833-4b5c-ad30-5e7272725eb3,L1,Profile
b5f403e3-8833-4b5c-ad30-5e7272725eb3,L1,Profile
b5f403e3-8833-4b5c-ad30-5e7272725eb3,L1,Profile
b5f403e3-8833-4b5c-ad30-5e7272725eb3,L1,Profile
b5f403e3-8833-4b5c-ad30-5e7272725eb3,L1,Profile
b5f403e3-8833-4b5c-ad30-5e7272725eb3,L1,Profile
b5f403e3-8833-4b5c-ad30-5e7272725eb3,L1,Profile
b5f403e3-8833-4b5c-ad30-5e7272725eb3,L1,Profile
b5f403e3-8833-4b5c-ad30-5e7272725eb3,L1,Profile
b5f403e3-8833-4b5c-ad30-5e7272725eb3,L1,Profile
b5f403e3-8833-4b5c-ad30-5e7272725eb3,L1,Profile
b5f403e3-8833-4b5c-ad30-5e7272725eb3,L1,Profile
b5f403e3-8833-4b5c-ad30-5e7272725eb3,L1,Profile
b5f403e3-8833-4b5c-ad30-5e7272725eb3,L1,Profile
b5f403e3-8833-4b5c-ad30-5e7272725eb3,L1,Profile
b5f403e3-8833-4b5c-ad30-5e7272725eb3,L1,Profile
b5f403e3-8833-4b5c-ad30-5e7272725eb3,L1,Profile
b5f403e3-8833-4b5c-ad30-5e7272725eb3,L1,Profile
b5f403e3-8833-4b5c-ad30-5e7272725eb3,L1,Profile
b5f403e3-8833-4b5c-ad30-5e7272725eb3,L1,Profile
b5f403e3-8833-4b5c-ad30-5e7272725eb3,L1,Profile
b5f403e3-8833-4b5c-ad30-5e7272725eb3,L1,Profile
b5f403e3-8833-4b5c-ad30-5e7272725eb3,L1,Profile
b5f403e3-8833-4b5c-ad30-5e7272725eb3,L1,Profile
b5f403e3-8833-4b5c-ad30-5e7272725eb3,L1,Profile
b5f403e3-8833-4b5c-ad30-5e7272725eb3,L1,Profile
b5f403e3-8833-4b5c-ad30-5e7272725eb3,L1,Profile
b5f403e3-8833-4b5c-ad30-5e7272725eb3,L1,Profile
b5f403e3-8833-4b5c-ad30-5e7272725eb3,L1,Profile
b5f403e3-8833-4b5c-ad30-5e7272725eb3,L1,Profile
b5f403e3-8833-4b5c-ad30-5e7272725eb3,L1,Profile
b5f403e3-8833-4b5c-ad30-5e7272725eb3,L1,Profile
b5f403e3-8833-4b5c-ad30-5e7272725eb3,L1,Profile
b5f403e3-8833-4b5c-ad30-5e7272725eb3,L1,Profile
b5f403e3-8833-4b5c-ad30-5e7272725eb3,L1,Profile
b5f403e3-8833-4b5c-ad30-5e7272725eb3,L1,Profile
b5f403e3-8833-4b5c-ad30-5e7272725eb3,L1,Profile
b5f403e3-8833-4b5c-ad30-5e7272725eb3,L1,Profile
b5f403e3-8833-4b5c-ad30-5e7272725eb3,L1,Profile
b5f403e3-8833-4b5c-ad30-5e7272725eb3,L1,Profile
b5f403e3-8833-4b5c-ad30-5e7272725eb3,L1,Profile
b5f403e3-8833-4b5c-ad30-5e7272725eb3,L1,Profile
b5f403e3-8833-4b5c-ad30-5e7272725eb3,L1,Profile
b5f403e3-8833-4b5c-ad30-5e7272725eb3,L1,Profile
b5f403e3-8833-4b5c-ad30-5e7272725eb3,L1,Profile
b5f403e3-8833-4b5c-ad30-5e7272725eb3,L1,Profile
b5f403e3-8833-4b5c-ad30-5e7272725eb3,L1,Profile
b5f403e3-8833-4b5c-ad30-5e7272725eb3,L1,Profile
b5f403e3-8833-4b5c-ad30-5e7272725eb3,L1,Profile
b5f403e3-8833-4b5c-ad30-5e7272725eb3,L1,Profile
b5f403e3-8833-4b5c-ad30-5e7272725eb3,L1,Profile
b5f403e3-8833-4b5c-ad30-5e7272725eb3,L1,Profile
b5f403e3-8833-4b5c-ad30-5e7272725eb3,L1,Profile
b5f403e3-8833-4b5c-ad30-5e7272725eb3,L1,Profile
b5f403e3-8833-4b5c-ad30-5e7272725eb3,L1,Profile
b5f403e3-8833-4b5c-ad30-5e7272725eb3,L1,Profile
b5f403e3-8833-4b5c-ad30-5e7272725eb3,L1,Profile
b5f403e3-8833-4b5c-ad30-5e7272725eb3,L1,Profile
b5f403e3-8833-4b5c-ad30-5e7272725eb3,L1,Profile
b5f403e3-8833-4b5c-ad30-5e7272725eb3,L1,Profile
b5f403e3-8833-4b5c-ad30-5e7272725eb3,L1,Profile
b5f403e3-8833-4b5c-ad30-5e7272725eb3,L1,Profile
b5f403e3-8833-4b5c-ad30-5e7272725eb3,L1,Profile
b5f403e3-8833-4b5c-ad30-5e7272725eb3,L1,Profile
b5f403e3-8833-4b5c-ad30-5e7272725eb3,L1,Profile
b5f403e3-8833-4b5c-ad30-5e7272725eb3,L1,Profile
b5f403e3-8833-4b5c-ad30-5e7272725eb3,L1,Profile
b5f403e3-8833-4b5c-ad30-5e7272725eb3,L1,Profile
b5f403e3-8833-4b5c-ad30-5e7272725eb3,L1,Profile
b5f403e3-8833-4b5c-ad30-5e7272725eb3,L1,Profile
b5f403e3-8833-4b5c-ad30-5e7272725eb3,L1,Profile
b5f403e3-8833-4b5c-ad30-5e7272725eb3,L1,Profile
b5f403e3-8833-4b5c-ad30-5e7272725eb3,L1,Profile
b5f403e3-8833-4b5c-ad30-5e7272725eb3,L1,Profile
b5f403e3-8833-4b5c-ad30-5e7272725eb3,L1,Profile
b5f403e3-8833-4b5c-ad30-5e7272725eb3,L1,Profile
b5f403e3-8833-4b5c-ad30-5e7272725eb3,L1,Profile
b5f403e3-8833-4b5c-ad30-5e7272725eb3,L1,Profile
b5f403e3-8833-4b5c-ad30-5e7272725eb3,L1,Profile
b5f403e3-8833-4b5c-ad30-5e7272725eb3,L1,Profile
b5f403e3-8833-4b5c-ad30-5e7272725eb3,L1,Profile
b5f403e3-8833-4b5c-ad30-5e7272725eb3,L1,Profile
b5f403e3-8833-4b5c-ad30-5e7272725eb3,L1,Profile
b5f403e3-8833-4b5c-ad30-5e7272725eb3,L1,Profile
b5f403e3-8833-4b5c-ad30-5e7272725eb3,L1,Profile
b5f403e3-8833-4b5c-ad30-5e7272725eb3,L1,Profile
b5f403e3-8833-4b5c-ad30-5e7272725eb3,L1,Profile
b5f403e3-8833-4b5c-ad30-5e7272725eb3,L1,Profile
b5f403e3-8833-4b5c-ad30-5e7272725eb3,L1,Profile
b5f403e3-8833-4b5c-ad30-5e7272725eb3,L1,Profile
b5f403e3-8833-4b5c-ad30-5e7272725eb3,L1,Profile
b5f403e3-8833-4b5c-ad30-5e7272725eb3,L1,Profile
b5f403e3-8833-4b5c-ad30-5e7272725eb3,L1,Profile
b5f403e3-8833-4b5c-ad30-5e7272725eb3,L1,Profile
b5f403e3-8833-4b5c-ad30-5e7272725eb3,L1,Profile
b5f403e3-8833-4b5c-ad30-5e7272725eb3,L1,Profile
b5f403e3-8833-4b5c-ad30-5e7272725eb3,L1,Profile
b5f403e3-8833-4b5c-ad30-5e7272725eb3,L1,Profile
b5f403e3-8833-4b5c-ad30-5e7272725eb3,L1,Profile
b5f403e3-8833-4b5c-ad30-5e7272725eb3,L1,Profile
b5f403e3-8833-4b5c-ad30-5e7272725eb3,L1,Profile
b5f403e3-8833-4b5c-ad30-5e7272725eb3,L1,Profile
b5f403e3-8833-4b5c-ad30-5e7272725eb3,L1,Profile
b5f403e3-8833-4b5c-ad30-5e7272725eb3,L1,Profile
b5f403e3-8833-4b5c-ad30-5e7272725eb3,L1,Profile
b5f403e3-8833-4b5c-ad30-5e7272725eb3,L1,Profile
b5f403e3-8833-4b5c-ad30-5e7272725eb3,L1,Profile
b5f403e3-8833-4b5c-ad30-5e7272725eb3,L1,Profile
b5f403e3-8833-4b5c-ad30-5e7272725eb3,L1,Profile
b5f403e3-8833-4b5c-ad30-5e7272725eb3,L1,Profile
b5f403e3-8833-4b5c-ad30-5e7272725eb3,L1,Profile
b5f403e3-8833-4b5c-ad30-5e7272725eb3,L1,Profile
b5f403e3-8833-4b5c-ad30-5e7272725eb3,L1,Profile
b5f403e3-8833-4b5c-ad30-5e7272725eb3,L1,Profile
b5f403e3-8833-4b5c-ad30-5e7272725eb3,L1,Profile
b5f403e3-8833-4b5c-ad30-5e7272725eb3,L1,Profile
b5f403e3-8833-4b5c-ad30-5e7272725eb3,L1,Profile
b5f403e3-8833-4b5c-ad30-5e7272725eb3,L1,Profile
b5f403e3-8833-4b5c-ad30-5e7272725eb3,L1,Profile
b5f403e3-8833-4b5c-ad30-5e7272725eb3,L1,Profile
b5f403e3-8833-4b5c-ad30-5e7272725eb3,L1,Profile
b5f403e3-8833-4b5c-ad30-5e7272725eb3,L1,Profile
b5f403e3-8833-4b5c-ad30-5e7272725eb3,L1,Profile
b5f403e3-8833-4b5c-ad30-5e7272725eb3,L1,Profile
b5f403e3-8833-4b5c-ad30-5e7272725eb3,L1,Profile
b5f403e3-8833-4b5c-ad30-5e7272725eb3,L1,Profile
b5f403e3-8833-4b5c-ad30-5e7272725eb3,L1,Profile
b5f403e3-8833-4b5c-ad30-5e7272725eb3,L1,Profile
b5f403e3-8833-4b5c-ad30-5e7272725eb3,L1,Profile
b5f403e3-8833-4b5c-ad30-5e7272725eb3,L1,Profile
b5f403e3-8833-4b5c-ad30-5e7272725eb3,L1,Profile
b5f403e3-8833-4b5c-ad30-5e7272725eb3,L1,Profile
b5f403e3-8833-4b5c-ad30-5e7272725eb3,L1,Profile
b5f403e3-8833-4b5c-ad30-5e7272725eb3,L1,Profile
b5f403e3-8833-4b5c-ad30-5e7272725eb3,L1,Profile
b5f403e3-8833-4b5c-ad30-5e7272725eb3,L1,Profile
b5f403e3-8833-4b5c-ad30-5e7272725eb3,L1,Profile
b5f403e3-8833-4b5c-ad30-5e7272725eb3,L1,Profile
b5f403e3-8833-4b5c-ad30-5e7272725eb3,L1,Profile
b5f403e3-8833-4b5c-ad30-5e7272725eb3,L1,Profile
b5f403e3-8833-4b5c-ad30-5e7272725eb3,L1,Profile
b5f403e3-8833-4b5c-ad30-5e7272725eb3,L1,Profile
b5f403e3-8833-4b5c-ad30-5e7272725eb3,L1,Profile
b5f403e3-8833-4b5c-ad30-5e7272725eb3,L1,Profile
b5f403e3-8833-4b5c-ad30-5e7272725eb3,L1,Profile
b5f403e3-8833-4b5c-ad30-5e7272725eb3,L1,Profile
b5f403e3-8833-4b5c-ad30-5e7272725eb3,L1,Profile
b5f403e3-8833-4b5c-ad30-5e7272725eb3,L1,Profile
b5f403e3-8833-4b5c-ad30-5e7272725eb3,L1,Profile
b5f403e3-8833-4b5c-ad30-5e7272725eb3,L1,Profile
b5f403e3-8833-4b5c-ad30-5e7272725eb3,L1,Profile
b5f403e3-8833-4b5c-ad30-5e7272725eb3,L1,Profile
b5f403e3-8833-4b5c-ad30-5e7272725eb3,L1,Profile
b5f403e3-8833-4b5c-ad30-5e7272725eb3,L1,Profile
b5f403e3-8833-4b5c-ad30-5e7272725eb3,L1,Profile
b5f403e3-8833-4b5c-ad30-5e7272725eb3,L1,Profile
b5f403e3-8833-4b5c-ad30-5e7272725eb3,L1,Profile
b5f403e3-8833-4b5c-ad30-5e7272725eb3,L1,Profile
b5f403e3-8833-4b5c-ad30-5e7272725eb3,L1,Profile
b5f403e3-8833-4b5c-ad30-5e7272725eb3,L1,Profile
b5f403e3-8833-4b5c-ad30-5e7272725eb3,L1,Profile
b5f403e3-8833-4b5c-ad30-5e7272725eb3,L1,Profile
b5f403e3-8833-4b5c-ad30-5e7272725eb3,L1,Profile
b5f403e3-8833-4b5c-ad30-5e7272725eb3,L1,Profile
b5f403e3-8833-4b5c-ad30-5e7272725eb3,L1,Profile
b5f403e3-8833-4b5c-ad30-5e7272725eb3,L1,Profile
b5f403e3-8833-4b5c-ad30-5e7272725eb3,L1,Profile
b5f403e3-8833-4b5c-ad30-5e7272725eb3,L1,Profile
b5f403e3-8833-4b5c-ad30-5e7272725eb3,L1,Profile
b5f403e3-8833-4b5c-ad30-5e7272725eb3,L1,Profile
b5f403e3-8833-4b5c-ad30-5e7272725eb3,L1,Profile
b5f403e3-8833-4b5c-ad30-5e7272725eb3,L1,Profile
b5f403e3-8833-4b5c-ad30-5e7272725eb3,L1,Profile
b5f403e3-8833-4b5c-ad30-5e7272725eb3,L1,Profile
b5f403e3-8833-4b5c-ad30-5e7272725eb3,L1,Profile
b5f403e3-8833-4b5c-ad30-5e7272725eb3,L1,Profile
b5f403e3-8833-4b5c-ad30-5e7272725eb3,L1,Profile
b5f403e3-8833-4b5c-ad30-5e7272725eb3,L1,Profile
b5f403e3-8833-4b5c-ad30-5e7272725eb3,L1,Profile
b5f403e3-8833-4b5c-ad30-5e7272725eb3,L1,Profile
b5f403e3-8833-4b5c-ad30-5e7272725eb3,L1,Profile
b5f403e3-8833-4b5c-ad30-5e7272725eb3,L1,Profile
b5f403e3-8833-4b5c-ad30-5e7272725eb3,L1,Profile
b5f403e3-8833-4b5c-ad30-5e7272725eb3,L1,Profile
b5f403e3-8833-4b5c-ad30-5e7272725eb3,L1,Profile
b5f403e3-8833-4b5c-ad30-5e7272725eb3,L1,Profile
b5f403e3-8833-4b5c-ad30-5e7272725eb3,L1,Profile
b5f403e3-8833-4b5c-ad30-5e7272725eb3,L1,Profile
b5f403e3-8833-4b5c-ad30-5e7272725eb3,L1,Profile
b5f403e3-8833-4b5c-ad30-5e7272725eb3,L1,Profile
b5f403e3-8833-4b5c-ad30-5e7272725eb3,L1,Profile
b5f403e3-8833-4b5c-ad30-5e7272725eb3,L1,Profile
b5f403e3-8833-4b5c-ad30-5e7272725eb3,L1,Profile
b5f403e3-8833-4b5c-ad30-5e7272725eb3,L1,Profile
b5f403e3-8833-4b5c-ad30-5e7272725eb3,L1,Profile
b5f403e3-8833-4b5c-ad30-5e7272725eb3,L1,Profile
b5f403e3-8833-4b5c-ad30-5e7272725eb3,L1,Profile
b5f403e3-8833-4b5c-ad30-5e7272725eb3,L1,Profile
b5f403e3-8833-4b5c-ad30-5e7272725eb3,L1,Profile
b5f403e3-8833-4b5c-ad30-5e7272725eb3,L1,Profile
b5f403e3-8833-4b5c-ad30-5e7272725eb3,L1,Profile
b5f403e3-8833-4b5c-ad30-5e7272725eb3,L1,Profile
b5f403e3-8833-4b5c-ad30-5e7272725eb3,L1,Profile
b5f403e3-8833-4b5c-ad30-5e7272725eb3,L1,Profile
b5f403e3-8833-4b5c-ad30-5e7272725eb3,L1,Profile
b5f403e3-8833-4b5c-ad30-5e7272725eb3,L1,Profile
b5f403e3-8833-4b5c-ad30-5e7272725eb3,L1,Profile
b5f403e3-8833-4b5c-ad30-5e7272725eb3,L1,Profile
b5f403e3-8833-4b5c-ad30-5e7272725eb3,L1,Profile
b5f403e3-8833-4b5c-ad30-5e7272725eb3,L1,Profile
b5f403e3-8833-4b5c-ad30-5e7272725eb3,L1,Profile
b5f403e3-8833-4b5c-ad30-5e7272725eb3,L1,Profile
b5f403e3-8833-4b5c-ad30-5e7272725eb3,L1,Profile
b5f403e3-8833-4b5c-ad30-5e7272725eb3,L1,Profile
b5f403e3-8833-4b5c-ad30-5e7272725eb3,L1,Profile
b5f403e3-8833-4b5c-ad30-5e7272725eb3,L1,Profile
b5f403e3-8833-4b5c-ad30-5e7272725eb3,L1,Profile
b5f403e3-8833-4b5c-ad30-5e7272725eb3,L1,Profile
b5f403e3-8833-4b5c-ad30-5e7272725eb3,L1,Profile
b5f403e3-8833-4b5c-ad30-5e7272725eb3,L1,Profile
b5f403e3-8833-4b5c-ad30-5e7272725eb3,L1,Profile
b5f403e3-8833-4b5c-ad30-5e7272725eb3,L1,Profile
b5f403e3-8833-4b5c-ad30-5e7272725eb3,L1,Profile
b5f403e3-8833-4b5c-ad30-5e7272725eb3,L1,Profile
b5f403e3-8833-4b5c-ad30-5e7272725eb3,L1,Profile
b5f403e3-8833-4b5c-ad30-5e7272725eb3,L1,Profile
b5f403e3-8833-4b5c-ad30-5e7272725eb3,L1,Profile
b5f403e3-8833-4b5c-ad30-5e7272725eb3,L1,Profile
b5f403e3-8833-4b5c-ad30-5e7272725eb3,L1,Profile
b5f403e3-8833-4b5c-ad30-5e7272725eb3,L1,Profile
b5f403e3-8833-4b5c-ad30-5e7272725eb3,L1,Profile
b5f403e3-8833-4b5c-ad30-5e7272725eb3,L1,Profile
b5f403e3-8833-4b5c-ad30-5e7272725eb3,L1,Profile
b5f403e3-8833-4b5c-ad30-5e7272725eb3,L1,Profile
b5f403e3-8833-4b5c-ad30-5e7272725eb3,L1,Profile
b5f403e3-8833-4b5c-ad30-5e7272725eb3,L1,Profile
b5f403e3-8833-4b5c-ad30-5e7272725eb3,L1,Profile
b5f403e3-8833-4b5c-ad30-5e7272725eb3,L1,Profile
b5f403e3-8833-4b5c-ad30-5e7272725eb3,L1,Profile
b5f403e3-8833-4b5c-ad30-5e7272725eb3,L1,Profile
b5f403e3-8833-4b5c-ad30-5e7272725eb3,L1,Profile
b5f403e3-8833-4b5c-ad30-5e7272725eb3,L1,Profile
b5f403e3-8833-4b5c-ad30-5e7272725eb3,L1,Profile
b5f403e3-8833-4b5c-ad30-5e7272725eb3,L1,Profile
b5f403e3-8833-4b5c-ad30-5e7272725eb3,L1,Profile
b5f403e3-8833-4b5c-ad30-5e7272725eb3,L1,Profile
b5f403e3-8833-4b5c-ad30-5e7272725eb3,L1,Profile
b5f403e3-8833-4b5c-ad30-5e7272725eb3,L1,Profile
b5f403e3-8833-4b5c-ad30-5e7272725eb3,L1,Profile
b5f403e3-8833-4b5c-ad30-5e7272725eb3,L1,Profile
b5f403e3-8833-4b5c-ad30-5e7272725eb3,L1,Profile
b5f403e3-8833-4b5c-ad30-5e7272725eb3,L1,Profile
b5f403e3-8833-4b5c-ad30-5e7272725eb3,L1,Profile
b5f403e3-8833-4b5c-ad30-5e7272725eb3,L1,Profile
b5f403e3-8833-4b5c-ad30-5e7272725eb3,L1,Profile
b5f403e3-8833-4b5c-ad30-5e7272725eb3,L1,Profile
b5f403e3-8833-4b5c-ad30-5e7272725eb3,L1,Profile
b5f403e3-8833-4b5c-ad30-5e7272725eb3,L1,Profile
b5f403e3-8833-4b5c-ad30-5e7272725eb3,L1,Profile
b5f403e3-8833-4b5c-ad30-5e7272725eb3,L1,Profile
b5f403e3-8833-4b5c-ad30-5e7272725eb3,L1,Profile
b5f403e3-8833-4b5c-ad30-5e7272725eb3,L1,Profile
b5f403e3-8833-4b5c-ad30-5e7272725eb3,L1,Profile
b5f403e3-8833-4b5c-ad30-5e7272725eb3,L1,Profile
b5f403e3-8833-4b5c-ad30-5e7272725eb3,L1,Profile
b5f403e3-8833-4b5c-ad30-5e7272725eb3,L1,Profile
b5f403e3-8833-4b5c-ad30-5e7272725eb3,L1,Profile
b5f403e3-8833-4b5c-ad30-5e7272725eb3,L1,Profile
b5f403e3-8833-4b5c-ad30-5e7272725eb3,L1,Profile
b5f403e3-8833-4b5c-ad30-5e7272725eb3,L1,Profile
b5f403e3-8833-4b5c-ad30-5e7272725eb3,L1,Profile
b5f403e3-8833-4b5c-ad30-5e7272725eb3,L1,Profile
b5f403e3-8833-4b5c-ad30-5e7272725eb3,L1,Profile
b5f403e3-8833-4b5c-ad30-5e7272725eb3,L1,Profile
b5f403e3-8833-4b5c-ad30-5e7272725eb3,L1,Profile
b5f403e3-8833-4b5c-ad30-5e7272725eb3,L1,Profile
b5f403e3-8833-4b5c-ad30-5e7272725eb3,L1,Profile
b5f403e3-8833-4b5c-ad30-5e7272725eb3,L1,Profile
b5f403e3-8833-4b5c-ad30-5e7272725eb3,L1,Profile
b5f403e3-8833-4b5c-ad30-5e7272725eb3,L1,Profile
b5f403e3-8833-4b5c-ad30-5e7272725eb3,L1,Profile
b5f403e3-8833-4b5c-ad30-5e7272725eb3,L1,Profile
b5f403e3-8833-4b5c-ad30-5e7272725eb3,L1,Profile
b5f403e3-8833-4b5c-ad30-5e7272725eb3,L1,Profile
b5f403e3-8833-4b5c-ad30-5e7272725eb3,L1,Profile
b5f403e3-8833-4b5c-ad30-5e7272725eb3,L1,Profile
b5f403e3-8833-4b5c-ad30-5e7272725eb3,L1,Profile
b5f403e3-8833-4b5c-ad30-5e7272725eb3,L1,Profile
b5f403e3-8833-4b5c-ad30-5e7272725eb3,L1,Profile
b5f403e3-8833-4b5c-ad30-5e7272725eb3,L1,Profile
b5f403e3-8833-4b5c-ad30-5e7272725eb3,L1,Profile
b5f403e3-8833-4b5c-ad30-5e7272725eb3,L1,Profile
b5f403e3-8833-4b5c-ad30-5e7272725eb3,L1,Profile
b5f403e3-8833-4b5c-ad30-5e7272725eb3,L1,Profile
b5f403e3-8833-4b5c-ad30-5e7272725eb3,L1,Profile
b5f403e3-8833-4b5c-ad30-5e7272725eb3,L1,Profile
b5f403e3-8833-4b5c-ad30-5e7272725eb3,L1,Profile
b5f403e3-8833-4b5c-ad30-5e7272725eb3,L1,Profile
b5f403e3-8833-4b5c-ad30-5e7272725eb3,L1,Profile
b5f403e3-8833-4b5c-ad30-5e7272725eb3,L1,Profile
b5f403e3-8833-4b5c-ad30-5e7272725eb3,L1,Profile
b5f403e3-8833-4b5c-ad30-5e7272725eb3,L1,Profile
b5f403e3-8833-4b5c-ad30-5e7272725eb3,L1,Profile
b5f403e3-8833-4b5c-ad30-5e7272725eb3,L1,Profile
b5f403e3-8833-4b5c-ad30-5e7272725eb3,L1,Profile
b5f403e3-8833-4b5c-ad30-5e7272725eb3,L1,Profile
b5f403e3-8833-4b5c-ad30-5e7272725eb3,L1,Profile
b5f403e3-8833-4b5c-ad30-5e7272725eb3,L1,Profile
b5f403e3-8833-4b5c-ad30-5e7272725eb3,L1,Profile
b5f403e3-8833-4b5c-ad30-5e7272725eb3,L1,Profile
b5f403e3-8833-4b5c-ad30-5e7272725eb3,L1,Profile
b5f403e3-8833-4b5c-ad30-5e7272725eb3,L1,Profile
b5f403e3-8833-4b5c-ad30-5e7272725eb3,L1,Profile
b5f403e3-8833-4b5c-ad30-5e7272725eb3,L1,Profile
b5f403e3-8833-4b5c-ad30-5e7272725eb3,L1,Profile
b5f403e3-8833-4b5c-ad30-5e7272725eb3,L1,Profile
b5f403e3-8833-4b5c-ad30-5e7272725eb3,L1,Profile
b5f403e3-8833-4b5c-ad30-5e7272725eb3,L1,Profile
b5f403e3-8833-4b5c-ad30-5e7272725eb3,L1,Profile
b5f403e3-8833-4b5c-ad30-5e7272725eb3,L1,Profile
b5f403e3-8833-4b5c-ad30-5e7272725eb3,L1,Profile
b5f403e3-8833-4b5c-ad30-5e7272725eb3,L1,Profile
b5f403e3-8833-4b5c-ad30-5e7272725eb3,L1,Profile
b5f403e3-8833-4b5c-ad30-5e7272725eb3,L1,Profile
b5f403e3-8833-4b5c-ad30-5e7272725eb3,L1,Profile
b5f403e3-8833-4b5c-ad30-5e7272725eb3,L1,Profile
b5f403e3-8833-4b5c-ad30-5e7272725eb3,L1,Profile
b5f403e3-8833-4b5c-ad30-5e7272725eb3,L1,Profile
b5f403e3-8833-4b5c-ad30-5e7272725eb3,L1,Profile
b5f403e3-8833-4b5c-ad30-5e7272725eb3,L1,Profile
b5f403e3-8833-4b5c-ad30-5e7272725eb3,L1,Profile
b5f403e3-8833-4b5c-ad30-5e7272725eb3,L1,Profile
b5f403e3-8833-4b5c-ad30-5e7272725eb3,L1,Profile
b5f403e3-8833-4b5c-ad30-5e7272725eb3,L1,Profile
b5f403e3-8833-4b5c-ad30-5e7272725eb3,L1,Profile
b5f403e3-8833-4b5c-ad30-5e7272725eb3,L1,Profile
b5f403e3-8833-4b5c-ad30-5e7272725eb3,L1,Profile
b5f403e3-8833-4b5c-ad30-5e7272725eb3,L1,Profile
b5f403e3-8833-4b5c-ad30-5e7272725eb3,L1,Profile
b5f403e3-8833-4b5c-ad30-5e7272725eb3,L1,Profile
b5f403e3-8833-4b5c-ad30-5e7272725eb3,L1,Profile
b5f403e3-8833-4b5c-ad30-5e7272725eb3,L1,Profile
b5f403e3-8833-4b5c-ad30-5e7272725eb3,L1,Profile
b5f403e3-8833-4b5c-ad30-5e7272725eb3,L1,Profile
b5f403e3-8833-4b5c-ad30-5e7272725eb3,L1,Profile
b5f403e3-8833-4b5c-ad30-5e7272725eb3,L1,Profile
b5f403e3-8833-4b5c-ad30-5e7272725eb3,L1,Profile
b5f403e3-8833-4b5c-ad30-5e7272725eb3,L1,Profile
b5f403e3-8833-4b5c-ad30-5e7272725eb3,L1,Profile
b5f403e3-8833-4b5c-ad30-5e7272725eb3,L1,Profile
b5f403e3-8833-4b5c-ad30-5e7272725eb3,L1,Profile
b5f403e3-8833-4b5c-ad30-5e7272725eb3,L1,Profile
b5f403e3-8833-4b5c-ad30-5e7272725eb3,L1,Profile
b5f403e3-8833-4b5c-ad30-5e7272725eb3,L1,Profile
b5f403e3-8833-4b5c-ad30-5e7272725eb3,L1,Profile
b5f403e3-8833-4b5c-ad30-5e7272725eb3,L1,Profile
b5f403e3-8833-4b5c-ad30-5e7272725eb3,L1,Profile
b5f403e3-8833-4b5c-ad30-5e7272725eb3,L1,Profile
b5f403e3-8833-4b5c-ad30-5e7272725eb3,L1,Profile
b5f403e3-8833-4b5c-ad30-5e7272725eb3,L1,Profile
b5f403e3-8833-4b5c-ad30-5e7272725eb3,L1,Profile
b5f403e3-8833-4b5c-ad30-5e7272725eb3,L1,Profile
b5f403e3-8833-4b5c-ad30-5e7272725eb3,L1,Profile
b5f403e3-8833-4b5c-ad30-5e7272725eb3,L1,Profile
b5f403e3-8833-4b5c-ad30-5e7272725eb3,L1,Profile
b5f403e3-8833-4b5c-ad30-5e7272725eb3,L1,Profile
b5f403e3-8833-4b5c-ad30-5e7272725eb3,L1,Profile
b5f403e3-8833-4b5c-ad30-5e7272725eb3,L1,Profile
b5f403e3-8833-4b5c-ad30-5e7272725eb3,L1,Profile
b5f403e3-8833-4b5c-ad30-5e7272725eb3,L1,Profile
b5f403e3-8833-4b5c-ad30-5e7272725eb3,L1,Profile
b5f403e3-8833-4b5c-ad30-5e7272725eb3,L1,Profile
b5f403e3-8833-4b5c-ad30-5e7272725eb3,L1,Profile
b5f403e3-8833-4b5c-ad30-5e7272725eb3,L1,Profile
b5f403e3-8833-4b5c-ad30-5e7272725eb3,L1,Profile
b5f403e3-8833-4b5c-ad30-5e7272725eb3,L1,Profile
b5f403e3-8833-4b5c-ad30-5e7272725eb3,L1,Profile
b5f403e3-8833-4b5c-ad30-5e7272725eb3,L1,Profile
b5f403e3-8833-4b5c-ad30-5e7272725eb3,L1,Profile
b5f403e3-8833-4b5c-ad30-5e7272725eb3,L1,Profile
b5f403e3-8833-4b5c-ad30-5e7272725eb3,L1,Profile
b5f403e3-8833-4b5c-ad30-5e7272725eb3,L1,Profile
b5f403e3-8833-4b5c-ad30-5e7272725eb3,L1,Profile
b5f403e3-8833-4b5c-ad30-5e7272725eb3,L1,Profile
b5f403e3-8833-4b5c-ad30-5e7272725eb3,L1,Profile
b5f403e3-8833-4b5c-ad30-5e7272725eb3,L1,Profile
b5f403e3-8833-4b5c-ad30-5e7272725eb3,L1,Profile
b5f403e3-8833-4b5c-ad30-5e7272725eb3,L1,Profile
b5f403e3-8833-4b5c-ad30-5e7272725eb3,L1,Profile
b5f403e3-8833-4b5c-ad30-5e7272725eb3,L1,Profile
b5f403e3-8833-4b5c-ad30-5e7272725eb3,L1,Profile
b5f403e3-8833-4b5c-ad30-5e7272725eb3,L1,Profile
b5f403e3-8833-4b5c-ad30-5e7272725eb3,L1,Profile
b5f403e3-8833-4b5c-ad30-5e7272725eb3,L1,Profile
b5f403e3-8833-4b5c-ad30-5e7272725eb3,L1,Profile
b5f403e3-8833-4b5c-ad30-5e7272725eb3,L1,Profile
b5f403e3-8833-4b5c-ad30-5e7272725eb3,L1,Profile
b5f403e3-8833-4b5c-ad30-5e7272725eb3,L1,Profile
b5f403e3-8833-4b5c-ad30-5e7272725eb3,L1,Profile
b5f403e3-8833-4b5c-ad30-5e7272725eb3,L1,Profile
b5f403e3-8833-4b5c-ad30-5e7272725eb3,L1,Profile
b5f403e3-8833-4b5c-ad30-5e7272725eb3,L1,Profile
b5f403e3-8833-4b5c-ad30-5e7272725eb3,L1,Profile
b5f403e3-8833-4b5c-ad30-5e7272725eb3,L1,Profile
b5f403e3-8833-4b5c-ad30-5e7272725eb3,L1,Profile
b5f403e3-8833-4b5c-ad30-5e7272725eb3,L1,Profile
b5f403e3-8833-4b5c-ad30-5e7272725eb3,L1,Profile
b5f403e3-8833-4b5c-ad30-5e7272725eb3,L1,Profile
b5f403e3-8833-4b5c-ad30-5e7272725eb3,L1,Profile
b5f403e3-8833-4b5c-ad30-5e7272725eb3,L1,Profile
b5f403e3-8833-4b5c-ad30-5e7272725eb3,L1,Profile
b5f403e3-8833-4b5c-ad30-5e7272725eb3,L1,Profile
b5f403e3-8833-4b5c-ad30-5e7272725eb3,L1,Profile
b5f403e3-8833-4b5c-ad30-5e7272725eb3,L1,Profile
b5f403e3-8833-4b5c-ad30-5e7272725eb3,L1,Profile
b5f403e3-8833-4b5c-ad30-5e7272725eb3,L1,Profile
b5f403e3-8833-4b5c-ad30-5e7272725eb3,L1,Profile
b5f403e3-8833-4b5c-ad30-5e7272725eb3,L1,Profile
b5f403e3-8833-4b5c-ad30-5e7272725eb3,L1,Profile
b5f403e3-8833-4b5c-ad30-5e7272725eb3,L1,Profile
b5f403e3-8833-4b5c-ad30-5e7272725eb3,L1,Profile
b5f403e3-8833-4b5c-ad30-5e7272725eb3,L1,Profile
b5f403e3-8833-4b5c-ad30-5e7272725eb3,L1,Profile
b5f403e3-8833-4b5c-ad30-5e7272725eb3,L1,Profile
b5f403e3-8833-4b5c-ad30-5e7272725eb3,L1,Profile
b5f403e3-8833-4b5c-ad30-5e7272725eb3,L1,Profile
b5f403e3-8833-4b5c-ad30-5e7272725eb3,L1,Profile
b5f403e3-8833-4b5c-ad30-5e7272725eb3,L1,Profile
b5f403e3-8833-4b5c-ad30-5e7272725eb3,L1,Profile
b5f403e3-8833-4b5c-ad30-5e7272725eb3,L1,Profile
b5f403e3-8833-4b5c-ad30-5e7272725eb3,L1,Profile
b5f403e3-8833-4b5c-ad30-5e7272725eb3,L1,Profile
b5f403e3-8833-4b5c-ad30-5e7272725eb3,L1,Profile
b5f403e3-8833-4b5c-ad30-5e7272725eb3,L1,Profile
b5f403e3-8833-4b5c-ad30-5e7272725eb3,L1,Profile
b5f403e3-8833-4b5c-ad30-5e7272725eb3,L1,Profile
b5f403e3-8833-4b5c-ad30-5e7272725eb3,L1,Profile
b5f403e3-8833-4b5c-ad30-5e7272725eb3,L1,Profile
b5f403e3-8833-4b5c-ad30-5e7272725eb3,L1,Profile
b5f403e3-8833-4b5c-ad30-5e7272725eb3,L1,Profile
b5f403e3-8833-4b5c-ad30-5e7272725eb3,L1,Profile
b5f403e3-8833-4b5c-ad30-5e7272725eb3,L1,Profile
b5f403e3-8833-4b5c-ad30-5e7272725eb3,L1,Profile
b5f403e3-8833-4b5c-ad30-5e7272725eb3,L1,Profile
b5f403e3-8833-4b5c-ad30-5e7272725eb3,L1,Profile
b5f403e3-8833-4b5c-ad30-5e7272725eb3,L1,Profile
b5f403e3-8833-4b5c-ad30-5e7272725eb3,L1,Profile
b5f403e3-8833-4b5c-ad30-5e7272725eb3,L1,Profile
b5f403e3-8833-4b5c-ad30-5e7272725eb3,L1,Profile
b5f403e3-8833-4b5c-ad30-5e7272725eb3,L1,Profile
b5f403e3-8833-4b5c-ad30-5e7272725eb3,L1,Profile
b5f403e3-8833-4b5c-ad30-5e7272725eb3,L1,Profile
b5f403e3-8833-4b5c-ad30-5e7272725eb3,L1,Profile
b5f403e3-8833-4b5c-ad30-5e7272725eb3,L1,Profile
b5f403e3-8833-4b5c-ad30-5e7272725eb3,L1,Profile
b5f403e3-8833-4b5c-ad30-5e7272725eb3,L1,Profile
b5f403e3-8833-4b5c-ad30-5e7272725eb3,L1,Profile
b5f403e3-8833-4b5c-ad30-5e7272725eb3,L1,Profile
b5f403e3-8833-4b5c-ad30-5e7272725eb3,L1,Profile
b5f403e3-8833-4b5c-ad30-5e7272725eb3,L1,Profile
b5f403e3-8833-4b5c-ad30-5e7272725eb3,L1,Profile
b5f403e3-8833-4b5c-ad30-5e7272725eb3,L1,Profile
b5f403e3-8833-4b5c-ad30-5e7272725eb3,L1,Profile
b5f403e3-8833-4b5c-ad30-5e7272725eb3,L1,Profile
b5f403e3-8833-4b5c-ad30-5e7272725eb3,L1,Profile
b5f403e3-8833-4b5c-ad30-5e7272725eb3,L1,Profile
b5f403e3-8833-4b5c-ad30-5e7272725eb3,L1,Profile
b5f403e3-8833-4b5c-ad30-5e7272725eb3,L1,Profile
b5f403e3-8833-4b5c-ad30-5e7272725eb3,L1,Profile
b5f403e3-8833-4b5c-ad30-5e7272725eb3,L1,Profile
b5f403e3-8833-4b5c-ad30-5e7272725eb3,L1,Profile
b5f403e3-8833-4b5c-ad30-5e7272725eb3,L1,Profile
b5f403e3-8833-4b5c-ad30-5e7272725eb3,L1,Profile
b5f403e3-8833-4b5c-ad30-5e7272725eb3,L1,Profile
b5f403e3-8833-4b5c-ad30-5e7272725eb3,L1,Profile
b5f403e3-8833-4b5c-ad30-5e7272725eb3,L1,Profile
b5f403e3-8833-4b5c-ad30-5e7272725eb3,L1,Profile
b5f403e3-8833-4b5c-ad30-5e7272725eb3,L1,Profile
b5f403e3-8833-4b5c-ad30-5e7272725eb3,L1,Profile
b5f403e3-8833-4b5c-ad30-5e7272725eb3,L1,Profile
b5f403e3-8833-4b5c-ad30-5e7272725eb3,L1,Profile
b5f403e3-8833-4b5c-ad30-5e7272725eb3,L1,Profile
b5f403e3-8833-4b5c-ad30-5e7272725eb3,L1,Profile
b5f403e3-8833-4b5c-ad30-5e7272725eb3,L1,Profile
b5f403e3-8833-4b5c-ad30-5e7272725eb3,L1,Profile
b5f403e3-8833-4b5c-ad30-5e7272725eb3,L1,Profile
b5f403e3-8833-4b5c-ad30-5e7272725eb3,L1,Profile
b5f403e3-8833-4b5c-ad30-5e7272725eb3,L1,Profile
b5f403e3-8833-4b5c-ad30-5e7272725eb3,L1,Profile
b5f403e3-8833-4b5c-ad30-5e7272725eb3,L1,Profile
b5f403e3-8833-4b5c-ad30-5e7272725eb3,L1,Profile
b5f403e3-8833-4b5c-ad30-5e7272725eb3,L1,Profile
b5f403e3-8833-4b5c-ad30-5e7272725eb3,L1,Profile
b5f403e3-8833-4b5c-ad30-5e7272725eb3,L1,Profile
b5f403e3-8833-4b5c-ad30-5e7272725eb3,L1,Profile
b5f403e3-8833-4b5c-ad30-5e7272725eb3,L1,Profile
b5f403e3-8833-4b5c-ad30-5e7272725eb3,L1,Profile
b5f403e3-8833-4b5c-ad30-5e7272725eb3,L1,Profile
b5f403e3-8833-4b5c-ad30-5e7272725eb3,L1,Profile
b5f403e3-8833-4b5c-ad30-5e7272725eb3,L1,Profile
b5f403e3-8833-4b5c-ad30-5e7272725eb3,L1,Profile
b5f403e3-8833-4b5c-ad30-5e7272725eb3,L1,Profile
b5f403e3-8833-4b5c-ad30-5e7272725eb3,L1,Profile
b5f403e3-8833-4b5c-ad30-5e7272725eb3,L1,Profile
b5f403e3-8833-4b5c-ad30-5e7272725eb3,L1,Profile
b5f403e3-8833-4b5c-ad30-5e7272725eb3,L1,Profile
b5f403e3-8833-4b5c-ad30-5e7272725eb3,L1,Profile
b5f403e3-8833-4b5c-ad30-5e7272725eb3,L1,Profile
b5f403e3-8833-4b5c-ad30-5e7272725eb3,L1,Profile
b5f403e3-8833-4b5c-ad30-5e7272725eb3,L1,Profile
b5f403e3-8833-4b5c-ad30-5e7272725eb3,L1,Profile
b5f403e3-8833-4b5c-ad30-5e7272725eb3,L1,Profile
b5f403e3-8833-4b5c-ad30-5e7272725eb3,L1,Profile
b5f403e3-8833-4b5c-ad30-5e7272725eb3,L1,Profile
b5f403e3-8833-4b5c-ad30-5e7272725eb3,L1,Profile
b5f403e3-8833-4b5c-ad30-5e7272725eb3,L1,Profile
b5f403e3-8833-4b5c-ad30-5e7272725eb3,L1,Profile
b5f403e3-8833-4b5c-ad30-5e7272725eb3,L1,Profile
b5f403e3-8833-4b5c-ad30-5e7272725eb3,L1,Profile
b5f403e3-8833-4b5c-ad30-5e7272725eb3,L1,Profile
b5f403e3-8833-4b5c-ad30-5e7272725eb3,L1,Profile
b5f403e3-8833-4b5c-ad30-5e7272725eb3,L1,Profile
b5f403e3-8833-4b5c-ad30-5e7272725eb3,L1,Profile
b5f403e3-8833-4b5c-ad30-5e7272725eb3,L1,Profile
b5f403e3-8833-4b5c-ad30-5e7272725eb3,L1,Profile
b5f403e3-8833-4b5c-ad30-5e7272725eb3,L1,Profile
b5f403e3-8833-4b5c-ad30-5e7272725eb3,L1,Profile
b5f403e3-8833-4b5c-ad30-5e7272725eb3,L1,Profile
b5f403e3-8833-4b5c-ad30-5e7272725eb3,L1,Profile
b5f403e3-8833-4b5c-ad30-5e7272725eb3,L1,Profile
b5f403e3-8833-4b5c-ad30-5e7272725eb3,L1,Profile
b5f403e3-8833-4b5c-ad30-5e7272725eb3,L1,Profile
b5f403e3-8833-4b5c-ad30-5e7272725eb3,L1,Profile
b5f403e3-8833-4b5c-ad30-5e7272725eb3,L1,Profile
b5f403e3-8833-4b5c-ad30-5e7272725eb3,L1,Profile
b5f403e3-8833-4b5c-ad30-5e7272725eb3,L1,Profile
b5f403e3-8833-4b5c-ad30-5e7272725eb3,L1,Profile
b5f403e3-8833-4b5c-ad30-5e7272725eb3,L1,Profile
b5f403e3-8833-4b5c-ad30-5e7272725eb3,L1,Profile
b5f403e3-8833-4b5c-ad30-5e7272725eb3,L1,Profile
b5f403e3-8833-4b5c-ad30-5e7272725eb3,L1,Profile
b5f403e3-8833-4b5c-ad30-5e7272725eb3,L1,Profile
b5f403e3-8833-4b5c-ad30-5e7272725eb3,L1,Profile
b5f403e3-8833-4b5c-ad30-5e7272725eb3,L1,Profile
b5f403e3-8833-4b5c-ad30-5e7272725eb3,L1,Profile
b5f403e3-8833-4b5c-ad30-5e7272725eb3,L1,Profile
b5f403e3-8833-4b5c-ad30-5e7272725eb3,L1,Profile
b5f403e3-8833-4b5c-ad30-5e7272725eb3,L1,Profile
b5f403e3-8833-4b5c-ad30-5e7272725eb3,L1,Profile
b5f403e3-8833-4b5c-ad30-5e7272725eb3,L1,Profile
b5f403e3-8833-4b5c-ad30-5e7272725eb3,L1,Profile
b5f403e3-8833-4b5c-ad30-5e7272725eb3,L1,Profile
b5f403e3-8833-4b5c-ad30-5e7272725eb3,L1,Profile
b5f403e3-8833-4b5c-ad30-5e7272725eb3,L1,Profile
b5f403e3-8833-4b5c-ad30-5e7272725eb3,L1,Profile
b5f403e3-8833-4b5c-ad30-5e7272725eb3,L1,Profile
b5f403e3-8833-4b5c-ad30-5e7272725eb3,L1,Profile
b5f403e3-8833-4b5c-ad30-5e7272725eb3,L1,Profile
b5f403e3-8833-4b5c-ad30-5e7272725eb3,L1,Profile
b5f403e3-8833-4b5c-ad30-5e7272725eb3,L1,Profile
b5f403e3-8833-4b5c-ad30-5e7272725eb3,L1,Profile
b5f403e3-8833-4b5c-ad30-5e7272725eb3,L1,Profile
b5f403e3-8833-4b5c-ad30-5e7272725eb3,L1,Profile
b5f403e3-8833-4b5c-ad30-5e7272725eb3,L1,Profile
b5f403e3-8833-4b5c-ad30-5e7272725eb3,L1,Profile
b5f403e3-8833-4b5c-ad30-5e7272725eb3,L1,Profile
b5f403e3-8833-4b5c-ad30-5e7272725eb3,L1,Profile
b5f403e3-8833-4b5c-ad30-5e7272725eb3,L1,Profile
b5f403e3-8833-4b5c-ad30-5e7272725eb3,L1,Profile
b5f403e3-8833-4b5c-ad30-5e7272725eb3,L1,Profile
b5f403e3-8833-4b5c-ad30-5e7272725eb3,L1,Profile
b5f403e3-8833-4b5c-ad30-5e7272725eb3,L1,Profile
b5f403e3-8833-4b5c-ad30-5e7272725eb3,L1,Profile
b5f403e3-8833-4b5c-ad30-5e7272725eb3,L1,Profile
b5f403e3-8833-4b5c-ad30-5e7272725eb3,L1,Profile
b5f403e3-8833-4b5c-ad30-5e7272725eb3,L1,Profile
b5f403e3-8833-4b5c-ad30-5e7272725eb3,L1,Profile
b5f403e3-8833-4b5c-ad30-5e7272725eb3,L1,Profile
b5f403e3-8833-4b5c-ad30-5e7272725eb3,L1,Profile
b5f403e3-8833-4b5c-ad30-5e7272725eb3,L1,Profile
b5f403e3-8833-4b5c-ad30-5e7272725eb3,L1,Profile
b5f403e3-8833-4b5c-ad30-5e7272725eb3,L1,Profile
b5f403e3-8833-4b5c-ad30-5e7272725eb3,L1,Profile
b5f403e3-8833-4b5c-ad30-5e7272725eb3,L1,Profile
b5f403e3-8833-4b5c-ad30-5e7272725eb3,L1,Profile
b5f403e3-8833-4b5c-ad30-5e7272725eb3,L1,Profile
b5f403e3-8833-4b5c-ad30-5e7272725eb3,L1,Profile
b5f403e3-8833-4b5c-ad30-5e7272725eb3,L1,Profile
b5f403e3-8833-4b5c-ad30-5e7272725eb3,L1,Profile
b5f403e3-8833-4b5c-ad30-5e7272725eb3,L1,Profile
b5f403e3-8833-4b5c-ad30-5e7272725eb3,L1,Profile
b5f403e3-8833-4b5c-ad30-5e7272725eb3,L1,Profile
b5f403e3-8833-4b5c-ad30-5e7272725eb3,L1,Profile
b5f403e3-8833-4b5c-ad30-5e7272725eb3,L1,Profile
b5f403e3-8833-4b5c-ad30-5e7272725eb3,L1,Profile
b5f403e3-8833-4b5c-ad30-5e7272725eb3,L1,Profile
b5f403e3-8833-4b5c-ad30-5e7272725eb3,L1,Profile
b5f403e3-8833-4b5c-ad30-5e7272725eb3,L1,Profile
b5f403e3-8833-4b5c-ad30-5e7272725eb3,L1,Profile
b5f403e3-8833-4b5c-ad30-5e7272725eb3,L1,Profile
b5f403e3-8833-4b5c-ad30-5e7272725eb3,L1,Profile
b5f403e3-8833-4b5c-ad30-5e7272725eb3,L1,Profile
b5f403e3-8833-4b5c-ad30-5e7272725eb3,L1,Profile
b5f403e3-8833-4b5c-ad30-5e7272725eb3,L1,Profile
b5f403e3-8833-4b5c-ad30-5e7272725eb3,L1,Profile
b5f403e3-8833-4b5c-ad30-5e7272725eb3,L1,Profile
b5f403e3-8833-4b5c-ad30-5e7272725eb3,L1,Profile
b5f403e3-8833-4b5c-ad30-5e7272725eb3,L1,Profile
b5f403e3-8833-4b5c-ad30-5e7272725eb3,L1,Profile
b5f403e3-8833-4b5c-ad30-5e7272725eb3,L1,Profile
b5f403e3-8833-4b5c-ad30-5e7272725eb3,L1,Profile
b5f403e3-8833-4b5c-ad30-5e7272725eb3,L1,Profile
b5f403e3-8833-4b5c-ad30-5e7272725eb3,L1,Profile
b5f403e3-8833-4b5c-ad30-5e7272725eb3,L1,Profile
b5f403e3-8833-4b5c-ad30-5e7272725eb3,L1,Profile
b5f403e3-8833-4b5c-ad30-5e7272725eb3,L1,Profile
b5f403e3-8833-4b5c-ad30-5e7272725eb3,L1,Profile
b5f403e3-8833-4b5c-ad30-5e7272725eb3,L1,Profile
b5f403e3-8833-4b5c-ad30-5e7272725eb3,L1,Profile
b5f403e3-8833-4b5c-ad30-5e7272725eb3,L1,Profile
b5f403e3-8833-4b5c-ad30-5e7272725eb3,L1,Profile
b5f403e3-8833-4b5c-ad30-5e7272725eb3,L1,Profile
b5f403e3-8833-4b5c-ad30-5e7272725eb3,L1,Profile
b5f403e3-8833-4b5c-ad30-5e7272725eb3,L1,Profile
b5f403e3-8833-4b5c-ad30-5e7272725eb3,L1,Profile
b5f403e3-8833-4b5c-ad30-5e7272725eb3,L1,Profile
b5f403e3-8833-4b5c-ad30-5e7272725eb3,L1,Profile
b5f403e3-8833-4b5c-ad30-5e7272725eb3,L1,Profile
b5f403e3-8833-4b5c-ad30-5e7272725eb3,L1,Profile
b5f403e3-8833-4b5c-ad30-5e7272725eb3,L1,Profile
b5f403e3-8833-4b5c-ad30-5e7272725eb3,L1,Profile
b5f403e3-8833-4b5c-ad30-5e7272725eb3,L1,Profile
b5f403e3-8833-4b5c-ad30-5e7272725eb3,L1,Profile
b5f403e3-8833-4b5c-ad30-5e7272725eb3,L1,Profile
b5f403e3-8833-4b5c-ad30-5e7272725eb3,L1,Profile
b5f403e3-8833-4b5c-ad30-5e7272725eb3,L1,Profile
b5f403e3-8833-4b5c-ad30-5e7272725eb3,L1,Profile
b5f403e3-8833-4b5c-ad30-5e7272725eb3,L1,Profile
b5f403e3-8833-4b5c-ad30-5e7272725eb3,L1,Profile
b5f403e3-8833-4b5c-ad30-5e7272725eb3,L1,Profile
b5f403e3-8833-4b5c-ad30-5e7272725eb3,L1,Profile
b5f403e3-8833-4b5c-ad30-5e7272725eb3,L1,Profile
b5f403e3-8833-4b5c-ad30-5e7272725eb3,L1,Profile
b5f403e3-8833-4b5c-ad30-5e7272725eb3,L1,Profile
b5f403e3-8833-4b5c-ad30-5e7272725eb3,L1,Profile
b5f403e3-8833-4b5c-ad30-5e7272725eb3,L1,Profile
b5f403e3-8833-4b5c-ad30-5e7272725eb3,L1,Profile
b5f403e3-8833-4b5c-ad30-5e7272725eb3,L1,Profile
b5f403e3-8833-4b5c-ad30-5e7272725eb3,L1,Profile
b5f403e3-8833-4b5c-ad30-5e7272725eb3,L1,Profile
b5f403e3-8833-4b5c-ad30-5e7272725eb3,L1,Profile
b5f403e3-8833-4b5c-ad30-5e7272725eb3,L1,Profile
b5f403e3-8833-4b5c-ad30-5e7272725eb3,L1,Profile
b5f403e3-8833-4b5c-ad30-5e7272725eb3,L1,Profile
b5f403e3-8833-4b5c-ad30-5e7272725eb3,L1,Profile
b5f403e3-8833-4b5c-ad30-5e7272725eb3,L1,Profile
b5f403e3-8833-4b5c-ad30-5e7272725eb3,L1,Profile
b5f403e3-8833-4b5c-ad30-5e7272725eb3,L1,Profile
b5f403e3-8833-4b5c-ad30-5e7272725eb3,L1,Profile
b5f403e3-8833-4b5c-ad30-5e7272725eb3,L1,Profile
b5f403e3-8833-4b5c-ad30-5e7272725eb3,L1,Profile
b5f403e3-8833-4b5c-ad30-5e7272725eb3,L1,Profile
b5f403e3-8833-4b5c-ad30-5e7272725eb3,L1,Profile
b5f403e3-8833-4b5c-ad30-5e7272725eb3,L1,Profile
b5f403e3-8833-4b5c-ad30-5e7272725eb3,L1,Profile
b5f403e3-8833-4b5c-ad30-5e7272725eb3,L1,Profile
b5f403e3-8833-4b5c-ad30-5e7272725eb3,L1,Profile
b5f403e3-8833-4b5c-ad30-5e7272725eb3,L1,Profile
b5f403e3-8833-4b5c-ad30-5e7272725eb3,L1,Profile
b5f403e3-8833-4b5c-ad30-5e7272725eb3,L1,Profile
b5f403e3-8833-4b5c-ad30-5e7272725eb3,L1,Profile
b5f403e3-8833-4b5c-ad30-5e7272725eb3,L1,Profile
b5f403e3-8833-4b5c-ad30-5e7272725eb3,L1,Profile
b5f403e3-8833-4b5c-ad30-5e7272725eb3,L1,Profile
b5f403e3-8833-4b5c-ad30-5e7272725eb3,L1,Profile
b5f403e3-8833-4b5c-ad30-5e7272725eb3,L1,Profile
b5f403e3-8833-4b5c-ad30-5e7272725eb3,L1,Profile
b5f403e3-8833-4b5c-ad30-5e7272725eb3,L1,Profile
b5f403e3-8833-4b5c-ad30-5e7272725eb3,L1,Profile
b5f403e3-8833-4b5c-ad30-5e7272725eb3,L1,Profile
b5f403e3-8833-4b5c-ad30-5e7272725eb3,L1,Profile
b5f403e3-8833-4b5c-ad30-5e7272725eb3,L1,Profile
b5f403e3-8833-4b5c-ad30-5e7272725eb3,L1,Profile
b5f403e3-8833-4b5c-ad30-5e7272725eb3,L1,Profile
b5f403e3-8833-4b5c-ad30-5e7272725eb3,L1,Profile
b5f403e3-8833-4b5c-ad30-5e7272725eb3,L1,Profile
b5f403e3-8833-4b5c-ad30-5e7272725eb3,L1,Profile
b5f403e3-8833-4b5c-ad30-5e7272725eb3,L1,Profile
b5f403e3-8833-4b5c-ad30-5e7272725eb3,L1,Profile
b5f403e3-8833-4b5c-ad30-5e7272725eb3,L1,Profile
b5f403e3-8833-4b5c-ad30-5e7272725eb3,L1,Profile
b5f403e3-8833-4b5c-ad30-5e7272725eb3,L1,Profile
b5f403e3-8833-4b5c-ad30-5e7272725eb3,L1,Profile
b5f403e3-8833-4b5c-ad30-5e7272725eb3,L1,Profile
b5f403e3-8833-4b5c-ad30-5e7272725eb3,L1,Profile
b5f403e3-8833-4b5c-ad30-5e7272725eb3,L1,Profile
b5f403e3-8833-4b5c-ad30-5e7272725eb3,L1,Profile
b5f403e3-8833-4b5c-ad30-5e7272725eb3,L1,Profile
b5f403e3-8833-4b5c-ad30-5e7272725eb3,L1,Profile
b5f403e3-8833-4b5c-ad30-5e7272725eb3,L1,Profile
b5f403e3-8833-4b5c-ad30-5e7272725eb3,L1,Profile
b5f403e3-8833-4b5c-ad30-5e7272725eb3,L1,Profile
b5f403e3-8833-4b5c-ad30-5e7272725eb3,L1,Profile
b5f403e3-8833-4b5c-ad30-5e7272725eb3,L1,Profile
b5f403e3-8833-4b5c-ad30-5e7272725eb3,L1,Profile
b5f403e3-8833-4b5c-ad30-5e7272725eb3,L1,Profile
b5f403e3-8833-4b5c-ad30-5e7272725eb3,L1,Profile
b5f403e3-8833-4b5c-ad30-5e7272725eb3,L1,Profile
b5f403e3-8833-4b5c-ad30-5e7272725eb3,L1,Profile
b5f403e3-8833-4b5c-ad30-5e7272725eb3,L1,Profile
b5f403e3-8833-4b5c-ad30-5e7272725eb3,L1,Profile
b5f403e3-8833-4b5c-ad30-5e7272725eb3,L1,Profile
b5f403e3-8833-4b5c-ad30-5e7272725eb3,L1,Profile
b5f403e3-8833-4b5c-ad30-5e7272725eb3,L1,Profile
b5f403e3-8833-4b5c-ad30-5e7272725eb3,L1,Profile
b5f403e3-8833-4b5c-ad30-5e7272725eb3,L1,Profile
b5f403e3-8833-4b5c-ad30-5e7272725eb3,L1,Profile
b5f403e3-8833-4b5c-ad30-5e7272725eb3,L1,Profile
b5f403e3-8833-4b5c-ad30-5e7272725eb3,L1,Profile
b5f403e3-8833-4b5c-ad30-5e7272725eb3,L1,Profile
b5f403e3-8833-4b5c-ad30-5e7272725eb3,L1,Profile
b5f403e3-8833-4b5c-ad30-5e7272725eb3,L1,Profile
b5f403e3-8833-4b5c-ad30-5e7272725eb3,L1,Profile
b5f403e3-8833-4b5c-ad30-5e7272725eb3,L1,Profile
b5f403e3-8833-4b5c-ad30-5e7272725eb3,L1,Profile
b5f403e3-8833-4b5c-ad30-5e7272725eb3,L1,Profile
b5f403e3-8833-4b5c-ad30-5e7272725eb3,L1,Profile
b5f403e3-8833-4b5c-ad30-5e7272725eb3,L1,Profile
b5f403e3-8833-4b5c-ad30-5e7272725eb3,L1,Profile
b5f403e3-8833-4b5c-ad30-5e7272725eb3,L1,Profile
b5f403e3-8833-4b5c-ad30-5e7272725eb3,L1,Profile
b5f403e3-8833-4b5c-ad30-5e7272725eb3,L1,Profile
b5f403e3-8833-4b5c-ad30-5e7272725eb3,L1,Profile
b5f403e3-8833-4b5c-ad30-5e7272725eb3,L1,Profile
b5f403e3-8833-4b5c-ad30-5e7272725eb3,L1,Profile
b5f403e3-8833-4b5c-ad30-5e7272725eb3,L1,Profile
b5f403e3-8833-4b5c-ad30-5e7272725eb3,L1,Profile
b5f403e3-8833-4b5c-ad30-5e7272725eb3,L1,Profile
b5f403e3-8833-4b5c-ad30-5e7272725eb3,L1,Profile
b5f403e3-8833-4b5c-ad30-5e7272725eb3,L1,Profile
b5f403e3-8833-4b5c-ad30-5e7272725eb3,L1,Profile
b5f403e3-8833-4b5c-ad30-5e7272725eb3,L1,Profile
b5f403e3-8833-4b5c-ad30-5e7272725eb3,L1,Profile
b5f403e3-8833-4b5c-ad30-5e7272725eb3,L1,Profile
b5f403e3-8833-4b5c-ad30-5e7272725eb3,L1,Profile
b5f403e3-8833-4b5c-ad30-5e7272725eb3,L1,Profile
b5f403e3-8833-4b5c-ad30-5e7272725eb3,L1,Profile
b5f403e3-8833-4b5c-ad30-5e7272725eb3,L1,Profile
b5f403e3-8833-4b5c-ad30-5e7272725eb3,L1,Profile
b5f403e3-8833-4b5c-ad30-5e7272725eb3,L1,Profile
b5f403e3-8833-4b5c-ad30-5e7272725eb3,L1,Profile
b5f403e3-8833-4b5c-ad30-5e7272725eb3,L1,Profile
b5f403e3-8833-4b5c-ad30-5e7272725eb3,L1,Profile
b5f403e3-8833-4b5c-ad30-5e7272725eb3,L1,Profile
b5f403e3-8833-4b5c-ad30-5e7272725eb3,L1,Profile
b5f403e3-8833-4b5c-ad30-5e7272725eb3,L1,Profile
b5f403e3-8833-4b5c-ad30-5e7272725eb3,L1,Profile
b5f403e3-8833-4b5c-ad30-5e7272725eb3,L1,Profile
b5f403e3-8833-4b5c-ad30-5e7272725eb3,L1,Profile
b5f403e3-8833-4b5c-ad30-5e7272725eb3,L1,Profile
b5f403e3-8833-4b5c-ad30-5e7272725eb3,L1,Profile
b5f403e3-8833-4b5c-ad30-5e7272725eb3,L1,Profile
b5f403e3-8833-4b5c-ad30-5e7272725eb3,L1,Profile
b5f403e3-8833-4b5c-ad30-5e7272725eb3,L1,Profile
b5f403e3-8833-4b5c-ad30-5e7272725eb3,L1,Profile
b5f403e3-8833-4b5c-ad30-5e7272725eb3,L1,Profile
b5f403e3-8833-4b5c-ad30-5e7272725eb3,L1,Profile
b5f403e3-8833-4b5c-ad30-5e7272725eb3,L1,Profile
b5f403e3-8833-4b5c-ad30-5e7272725eb3,L1,Profile
b5f403e3-8833-4b5c-ad30-5e7272725eb3,L1,Profile
b5f403e3-8833-4b5c-ad30-5e7272725eb3,L1,Profile
b5f403e3-8833-4b5c-ad30-5e7272725eb3,L1,Profile
b5f403e3-8833-4b5c-ad30-5e7272725eb3,L1,Profile
b5f403e3-8833-4b5c-ad30-5e7272725eb3,L1,Profile
b5f403e3-8833-4b5c-ad30-5e7272725eb3,L1,Profile
b5f403e3-8833-4b5c-ad30-5e7272725eb3,L1,Profile
b5f403e3-8833-4b5c-ad30-5e7272725eb3,L1,Profile
b5f403e3-8833-4b5c-ad30-5e7272725eb3,L1,Profile
b5f403e3-8833-4b5c-ad30-5e7272725eb3,L1,Profile
b5f403e3-8833-4b5c-ad30-5e7272725eb3,L1,Profile
b5f403e3-8833-4b5c-ad30-5e7272725eb3,L1,Profile
b5f403e3-8833-4b5c-ad30-5e7272725eb3,L1,Profile
b5f403e3-8833-4b5c-ad30-5e7272725eb3,L1,Profile
b5f403e3-8833-4b5c-ad30-5e7272725eb3,L1,Profile
b5f403e3-8833-4b5c-ad30-5e7272725eb3,L1,Profile
b5f403e3-8833-4b5c-ad30-5e7272725eb3,L1,Profile
b5f403e3-8833-4b5c-ad30-5e7272725eb3,L1,Profile
b5f403e3-8833-4b5c-ad30-5e7272725eb3,L1,Profile
b5f403e3-8833-4b5c-ad30-5e7272725eb3,L1,Profile
b5f403e3-8833-4b5c-ad30-5e7272725eb3,L1,Profile
b5f403e3-8833-4b5c-ad30-5e7272725eb3,L1,Profile
b5f403e3-8833-4b5c-ad30-5e7272725eb3,L1,Profile
b5f403e3-8833-4b5c-ad30-5e7272725eb3,L1,Profile
b5f403e3-8833-4b5c-ad30-5e7272725eb3,L1,Profile
b5f403e3-8833-4b5c-ad30-5e7272725eb3,L1,Profile
b5f403e3-8833-4b5c-ad30-5e7272725eb3,L1,Profile
b5f403e3-8833-4b5c-ad30-5e7272725eb3,L1,Profile
b5f403e3-8833-4b5c-ad30-5e7272725eb3,L1,Profile
b5f403e3-8833-4b5c-ad30-5e7272725eb3,L1,Profile
b5f403e3-8833-4b5c-ad30-5e7272725eb3,L1,Profile
b5f403e3-8833-4b5c-ad30-5e7272725eb3,L1,Profile
b5f403e3-8833-4b5c-ad30-5e7272725eb3,L1,Profile
b5f403e3-8833-4b5c-ad30-5e7272725eb3,L1,Profile
b5f403e3-8833-4b5c-ad30-5e7272725eb3,L1,Profile
b5f403e3-8833-4b5c-ad30-5e7272725eb3,L1,Profile
b5f403e3-8833-4b5c-ad30-5e7272725eb3,L1,Profile
b5f403e3-8833-4b5c-ad30-5e7272725eb3,L1,Profile
b5f403e3-8833-4b5c-ad30-5e7272725eb3,L1,Profile
b5f403e3-8833-4b5c-ad30-5e7272725eb3,L1,Profile
b5f403e3-8833-4b5c-ad30-5e7272725eb3,L1,Profile
b5f403e3-8833-4b5c-ad30-5e7272725eb3,L1,Profile
b5f403e3-8833-4b5c-ad30-5e7272725eb3,L1,Profile
b5f403e3-8833-4b5c-ad30-5e7272725eb3,L1,Profile
b5f403e3-8833-4b5c-ad30-5e7272725eb3,L1,Profile
b5f403e3-8833-4b5c-ad30-5e7272725eb3,L1,Profile
b5f403e3-8833-4b5c-ad30-5e7272725eb3,L1,Profile
b5f403e3-8833-4b5c-ad30-5e7272725eb3,L1,Profile
b5f403e3-8833-4b5c-ad30-5e7272725eb3,L1,Profile
b5f403e3-8833-4b5c-ad30-5e7272725eb3,L1,Profile
b5f403e3-8833-4b5c-ad30-5e7272725eb3,L1,Profile
b5f403e3-8833-4b5c-ad30-5e7272725eb3,L1,Profile
b5f403e3-8833-4b5c-ad30-5e7272725eb3,L1,Profile
b5f403e3-8833-4b5c-ad30-5e7272725eb3,L1,Profile
b5f403e3-8833-4b5c-ad30-5e7272725eb3,L1,Profile
b5f403e3-8833-4b5c-ad30-5e7272725eb3,L1,Profile
b5f403e3-8833-4b5c-ad30-5e7272725eb3,L1,Profile
b5f403e3-8833-4b5c-ad30-5e7272725eb3,L1,Profile
b5f403e3-8833-4b5c-ad30-5e7272725eb3,L1,Profile
b5f403e3-8833-4b5c-ad30-5e7272725eb3,L1,Profile
b5f403e3-8833-4b5c-ad30-5e7272725eb3,L1,Profile
b5f403e3-8833-4b5c-ad30-5e7272725eb3,L1,Profile
b5f403e3-8833-4b5c-ad30-5e7272725eb3,L1,Profile
b5f403e3-8833-4b5c-ad30-5e7272725eb3,L1,Profile
b5f403e3-8833-4b5c-ad30-5e7272725eb3,L1,Profile
b5f403e3-8833-4b5c-ad30-5e7272725eb3,L1,Profile
b5f403e3-8833-4b5c-ad30-5e7272725eb3,L1,Profile
b5f403e3-8833-4b5c-ad30-5e7272725eb3,L1,Profile
b5f403e3-8833-4b5c-ad30-5e7272725eb3,L1,Profile
b5f403e3-8833-4b5c-ad30-5e7272725eb3,L1,Profile
b5f403e3-8833-4b5c-ad30-5e7272725eb3,L1,Profile
b5f403e3-8833-4b5c-ad30-5e7272725eb3,L1,Profile
b5f403e3-8833-4b5c-ad30-5e7272725eb3,L1,Profile
b5f403e3-8833-4b5c-ad30-5e7272725eb3,L1,Profile
b5f403e3-8833-4b5c-ad30-5e7272725eb3,L1,Profile
b5f403e3-8833-4b5c-ad30-5e7272725eb3,L1,Profile
b5f403e3-8833-4b5c-ad30-5e7272725eb3,L1,Profile
b5f403e3-8833-4b5c-ad30-5e7272725eb3,L1,Profile
b5f403e3-8833-4b5c-ad30-5e7272725eb3,L1,Profile
b5f403e3-8833-4b5c-ad30-5e7272725eb3,L1,Profile
b5f403e3-8833-4b5c-ad30-5e7272725eb3,L1,Profile
b5f403e3-8833-4b5c-ad30-5e7272725eb3,L1,Profile
b5f403e3-8833-4b5c-ad30-5e7272725eb3,L1,Profile
b5f403e3-8833-4b5c-ad30-5e7272725eb3,L1,Profile
b5f403e3-8833-4b5c-ad30-5e7272725eb3,L1,Profile
b5f403e3-8833-4b5c-ad30-5e7272725eb3,L1,Profile
b5f403e3-8833-4b5c-ad30-5e7272725eb3,L1,Profile
b5f403e3-8833-4b5c-ad30-5e7272725eb3,L1,Profile
b5f403e3-8833-4b5c-ad30-5e7272725eb3,L1,Profile
b5f403e3-8833-4b5c-ad30-5e7272725eb3,L1,Profile
b5f403e3-8833-4b5c-ad30-5e7272725eb3,L1,Profile
b5f403e3-8833-4b5c-ad30-5e7272725eb3,L1,Profile
b5f403e3-8833-4b5c-ad30-5e7272725eb3,L1,Profile
b5f403e3-8833-4b5c-ad30-5e7272725eb3,L1,Profile
b5f403e3-8833-4b5c-ad30-5e7272725eb3,L1,Profile
b5f403e3-8833-4b5c-ad30-5e7272725eb3,L1,Profile
b5f403e3-8833-4b5c-ad30-5e7272725eb3,L1,Profile
b5f403e3-8833-4b5c-ad30-5e7272725eb3,L1,Profile
b5f403e3-8833-4b5c-ad30-5e7272725eb3,L1,Profile
b5f403e3-8833-4b5c-ad30-5e7272725eb3,L1,Profile
b5f403e3-8833-4b5c-ad30-5e7272725eb3,L1,Profile
b5f403e3-8833-4b5c-ad30-5e7272725eb3,L1,Profile
b5f403e3-8833-4b5c-ad30-5e7272725eb3,L1,Profile
b5f403e3-8833-4b5c-ad30-5e7272725eb3,L1,Profile
b5f403e3-8833-4b5c-ad30-5e7272725eb3,L1,Profile
b5f403e3-8833-4b5c-ad30-5e7272725eb3,L1,Profile
b5f403e3-8833-4b5c-ad30-5e7272725eb3,L1,Profile
b5f403e3-8833-4b5c-ad30-5e7272725eb3,L1,Profile
b5f403e3-8833-4b5c-ad30-5e7272725eb3,L1,Profile
b5f403e3-8833-4b5c-ad30-5e7272725eb3,L1,Profile
b5f403e3-8833-4b5c-ad30-5e7272725eb3,L1,Profile
b5f403e3-8833-4b5c-ad30-5e7272725eb3,L1,Profile
b5f403e3-8833-4b5c-ad30-5e7272725eb3,L1,Profile
b5f403e3-8833-4b5c-ad30-5e7272725eb3,L1,Profile
b5f403e3-8833-4b5c-ad30-5e7272725eb3,L1,Profile
b5f403e3-8833-4b5c-ad30-5e7272725eb3,L1,Profile
b5f403e3-8833-4b5c-ad30-5e7272725eb3,L1,Profile
b5f403e3-8833-4b5c-ad30-5e7272725eb3,L1,Profile
b5f403e3-8833-4b5c-ad30-5e7272725eb3,L1,Profile
b5f403e3-8833-4b5c-ad30-5e7272725eb3,L1,Profile
b5f403e3-8833-4b5c-ad30-5e7272725eb3,L1,Profile
b5f403e3-8833-4b5c-ad30-5e7272725eb3,L1,Profile
b5f403e3-8833-4b5c-ad30-5e7272725eb3,L1,Profile
b5f403e3-8833-4b5c-ad30-5e7272725eb3,L1,Profile
b5f403e3-8833-4b5c-ad30-5e7272725eb3,L1,Profile
b5f403e3-8833-4b5c-ad30-5e7272725eb3,L1,Profile
b5f403e3-8833-4b5c-ad30-5e7272725eb3,L1,Profile
b5f403e3-8833-4b5c-ad30-5e7272725eb3,L1,Profile
b5f403e3-8833-4b5c-ad30-5e7272725eb3,L1,Profile
b5f403e3-8833-4b5c-ad30-5e7272725eb3,L1,Profile
b5f403e3-8833-4b5c-ad30-5e7272725eb3,L1,Profile
b5f403e3-8833-4b5c-ad30-5e7272725eb3,L1,Profile
b5f403e3-8833-4b5c-ad30-5e7272725eb3,L1,Profile
b5f403e3-8833-4b5c-ad30-5e7272725eb3,L1,Profile
b5f403e3-8833-4b5c-ad30-5e7272725eb3,L1,Profile
b5f403e3-8833-4b5c-ad30-5e7272725eb3,L1,Profile
b5f403e3-8833-4b5c-ad30-5e7272725eb3,L1,Profile
b5f403e3-8833-4b5c-ad30-5e7272725eb3,L1,Profile
b5f403e3-8833-4b5c-ad30-5e7272725eb3,L1,Profile
b5f403e3-8833-4b5c-ad30-5e7272725eb3,L1,Profile
b5f403e3-8833-4b5c-ad30-5e7272725eb3,L1,Profile
b5f403e3-8833-4b5c-ad30-5e7272725eb3,L1,Profile
b5f403e3-8833-4b5c-ad30-5e7272725eb3,L1,Profile
b5f403e3-8833-4b5c-ad30-5e7272725eb3,L1,Profile
b5f403e3-8833-4b5c-ad30-5e7272725eb3,L1,Profile
b5f403e3-8833-4b5c-ad30-5e7272725eb3,L1,Profile
b5f403e3-8833-4b5c-ad30-5e7272725eb3,L1,Profile
b5f403e3-8833-4b5c-ad30-5e7272725eb3,L1,Profile
b5f403e3-8833-4b5c-ad30-5e7272725eb3,L1,Profile
b5f403e3-8833-4b5c-ad30-5e7272725eb3,L1,Profile
b5f403e3-8833-4b5c-ad30-5e7272725eb3,L1,Profile
b5f403e3-8833-4b5c-ad30-5e7272725eb3,L1,Profile
b5f403e3-8833-4b5c-ad30-5e7272725eb3,L1,Profile
b5f403e3-8833-4b5c-ad30-5e7272725eb3,L1,Profile
b5f403e3-8833-4b5c-ad30-5e7272725eb3,L1,Profile
b5f403e3-8833-4b5c-ad30-5e7272725eb3,L1,Profile
b5f403e3-8833-4b5c-ad30-5e7272725eb3,L1,Profile
b5f403e3-8833-4b5c-ad30-5e7272725eb3,L1,Profile
b5f403e3-8833-4b5c-ad30-5e7272725eb3,L1,Profile
b5f403e3-8833-4b5c-ad30-5e7272725eb3,L1,Profile
b5f403e3-8833-4b5c-ad30-5e7272725eb3,L1,Profile
b5f403e3-8833-4b5c-ad30-5e7272725eb3,L1,Profile
b5f403e3-8833-4b5c-ad30-5e7272725eb3,L1,Profile
b5f403e3-8833-4b5c-ad30-5e7272725eb3,L1,Profile
b5f403e3-8833-4b5c-ad30-5e7272725eb3,L1,Profile
b5f403e3-8833-4b5c-ad30-5e7272725eb3,L1,Profile
b5f403e3-8833-4b5c-ad30-5e7272725eb3,L1,Profile
b5f403e3-8833-4b5c-ad30-5e7272725eb3,L1,Profile
b5f403e3-8833-4b5c-ad30-5e7272725eb3,L1,Profile
b5f403e3-8833-4b5c-ad30-5e7272725eb3,L1,Profile
b5f403e3-8833-4b5c-ad30-5e7272725eb3,L1,Profile
b5f403e3-8833-4b5c-ad30-5e7272725eb3,L1,Profile
b5f403e3-8833-4b5c-ad30-5e7272725eb3,L1,Profile
b5f403e3-8833-4b5c-ad30-5e7272725eb3,L1,Profile
b5f403e3-8833-4b5c-ad30-5e7272725eb3,L1,Profile
b5f403e3-8833-4b5c-ad30-5e7272725eb3,L1,Profile
b5f403e3-8833-4b5c-ad30-5e7272725eb3,L1,Profile
b5f403e3-8833-4b5c-ad30-5e7272725eb3,L1,Profile
b5f403e3-8833-4b5c-ad30-5e7272725eb3,L1,Profile
b5f403e3-8833-4b5c-ad30-5e7272725eb3,L1,Profile
b5f403e3-8833-4b5c-ad30-5e7272725eb3,L1,Profile
b5f403e3-8833-4b5c-ad30-5e7272725eb3,L1,Profile
b5f403e3-8833-4b5c-ad30-5e7272725eb3,L1,Profile
b5f403e3-8833-4b5c-ad30-5e7272725eb3,L1,Profile
b5f403e3-8833-4b5c-ad30-5e7272725eb3,L1,Profile
b5f403e3-8833-4b5c-ad30-5e7272725eb3,L1,Profile
b5f403e3-8833-4b5c-ad30-5e7272725eb3,L1,Profile
b5f403e3-8833-4b5c-ad30-5e7272725eb3,L1,Profile
b5f403e3-8833-4b5c-ad30-5e7272725eb3,L1,Profile
b5f403e3-8833-4b5c-ad30-5e7272725eb3,L1,Profile
b5f403e3-8833-4b5c-ad30-5e7272725eb3,L1,Profile
b5f403e3-8833-4b5c-ad30-5e7272725eb3,L1,Profile
b5f403e3-8833-4b5c-ad30-5e7272725eb3,L1,Profile
b5f403e3-8833-4b5c-ad30-5e7272725eb3,L1,Profile
b5f403e3-8833-4b5c-ad30-5e7272725eb3,L1,Profile
b5f403e3-8833-4b5c-ad30-5e7272725eb3,L1,Profile
b5f403e3-8833-4b5c-ad30-5e7272725eb3,L1,Profile
b5f403e3-8833-4b5c-ad30-5e7272725eb3,L1,Profile
b5f403e3-8833-4b5c-ad30-5e7272725eb3,L1,Profile
b5f403e3-8833-4b5c-ad30-5e7272725eb3,L1,Profile
b5f403e3-8833-4b5c-ad30-5e7272725eb3,L1,Profile
b5f403e3-8833-4b5c-ad30-5e7272725eb3,L1,Profile
b5f403e3-8833-4b5c-ad30-5e7272725eb3,L1,Profile
b5f403e3-8833-4b5c-ad30-5e7272725eb3,L1,Profile
b5f403e3-8833-4b5c-ad30-5e7272725eb3,L1,Profile
b5f403e3-8833-4b5c-ad30-5e7272725eb3,L1,Profile
b5f403e3-8833-4b5c-ad30-5e7272725eb3,L1,Profile
b5f403e3-8833-4b5c-ad30-5e7272725eb3,L1,Profile
b5f403e3-8833-4b5c-ad30-5e7272725eb3,L1,Profile
b5f403e3-8833-4b5c-ad30-5e7272725eb3,L1,Profile
b5f403e3-8833-4b5c-ad30-5e7272725eb3,L1,Profile
b5f403e3-8833-4b5c-ad30-5e7272725eb3,L1,Profile
b5f403e3-8833-4b5c-ad30-5e7272725eb3,L1,Profile
b5f403e3-8833-4b5c-ad30-5e7272725eb3,L1,Profile
b5f403e3-8833-4b5c-ad30-5e7272725eb3,L1,Profile
b5f403e3-8833-4b5c-ad30-5e7272725eb3,L1,Profile
b5f403e3-8833-4b5c-ad30-5e7272725eb3,L1,Profile
b5f403e3-8833-4b5c-ad30-5e7272725eb3,L1,Profile
b5f403e3-8833-4b5c-ad30-5e7272725eb3,L1,Profile
b5f403e3-8833-4b5c-ad30-5e7272725eb3,L1,Profile
b5f403e3-8833-4b5c-ad30-5e7272725eb3,L1,Profile
b5f403e3-8833-4b5c-ad30-5e7272725eb3,L1,Profile
b5f403e3-8833-4b5c-ad30-5e7272725eb3,L1,Profile
b5f403e3-8833-4b5c-ad30-5e7272725eb3,L1,Profile
b5f403e3-8833-4b5c-ad30-5e7272725eb3,L1,Profile
b5f403e3-8833-4b5c-ad30-5e7272725eb3,L1,Profile
b5f403e3-8833-4b5c-ad30-5e7272725eb3,L1,Profile
b5f403e3-8833-4b5c-ad30-5e7272725eb3,L1,Profile
b5f403e3-8833-4b5c-ad30-5e7272725eb3,L1,Profile
b5f403e3-8833-4b5c-ad30-5e7272725eb3,L1,Profile
b5f403e3-8833-4b5c-ad30-5e7272725eb3,L1,Profile
b5f403e3-8833-4b5c-ad30-5e7272725eb3,L1,Profile
b5f403e3-8833-4b5c-ad30-5e7272725eb3,L1,Profile
b5f403e3-8833-4b5c-ad30-5e7272725eb3,L1,Profile
b5f403e3-8833-4b5c-ad30-5e7272725eb3,L1,Profile
b5f403e3-8833-4b5c-ad30-5e7272725eb3,L1,Profile
b5f403e3-8833-4b5c-ad30-5e7272725eb3,L1,Profile
b5f403e3-8833-4b5c-ad30-5e7272725eb3,L1,Profile
b5f403e3-8833-4b5c-ad30-5e7272725eb3,L1,Profile
b5f403e3-8833-4b5c-ad30-5e7272725eb3,L1,Profile
b5f403e3-8833-4b5c-ad30-5e7272725eb3,L1,Profile
b5f403e3-8833-4b5c-ad30-5e7272725eb3,L1,Profile
b5f403e3-8833-4b5c-ad30-5e7272725eb3,L1,Profile
b5f403e3-8833-4b5c-ad30-5e7272725eb3,L1,Profile
b5f403e3-8833-4b5c-ad30-5e7272725eb3,L1,Profile
b5f403e3-8833-4b5c-ad30-5e7272725eb3,L1,Profile
b5f403e3-8833-4b5c-ad30-5e7272725eb3,L1,Profile
b5f403e3-8833-4b5c-ad30-5e7272725eb3,L1,Profile
b5f403e3-8833-4b5c-ad30-5e7272725eb3,L1,Profile
b5f403e3-8833-4b5c-ad30-5e7272725eb3,L1,Profile
b5f403e3-8833-4b5c-ad30-5e7272725eb3,L1,Profile
b5f403e3-8833-4b5c-ad30-5e7272725eb3,L1,Profile
b5f403e3-8833-4b5c-ad30-5e7272725eb3,L1,Profile
b5f403e3-8833-4b5c-ad30-5e7272725eb3,L1,Profile
b5f403e3-8833-4b5c-ad30-5e7272725eb3,L1,Profile
b5f403e3-8833-4b5c-ad30-5e7272725eb3,L1,Profile
b5f403e3-8833-4b5c-ad30-5e7272725eb3,L1,Profile
b5f403e3-8833-4b5c-ad30-5e7272725eb3,L1,Profile
b5f403e3-8833-4b5c-ad30-5e7272725eb3,L1,Profile
b5f403e3-8833-4b5c-ad30-5e7272725eb3,L1,Profile
b5f403e3-8833-4b5c-ad30-5e7272725eb3,L1,Profile
b5f403e3-8833-4b5c-ad30-5e7272725eb3,L1,Profile
b5f403e3-8833-4b5c-ad30-5e7272725eb3,L1,Profile
b5f403e3-8833-4b5c-ad30-5e7272725eb3,L1,Profile
b5f403e3-8833-4b5c-ad30-5e7272725eb3,L1,Profile
b5f403e3-8833-4b5c-ad30-5e7272725eb3,L1,Profile
b5f403e3-8833-4b5c-ad30-5e7272725eb3,L1,Profile
b5f403e3-8833-4b5c-ad30-5e7272725eb3,L1,Profile
b5f403e3-8833-4b5c-ad30-5e7272725eb3,L1,Profile
b5f403e3-8833-4b5c-ad30-5e7272725eb3,L1,Profile
b5f403e3-8833-4b5c-ad30-5e7272725eb3,L1,Profile
b5f403e3-8833-4b5c-ad30-5e7272725eb3,L1,Profile
b5f403e3-8833-4b5c-ad30-5e7272725eb3,L1,Profile
b5f403e3-8833-4b5c-ad30-5e7272725eb3,L1,Profile
b5f403e3-8833-4b5c-ad30-5e7272725eb3,L1,Profile
b5f403e3-8833-4b5c-ad30-5e7272725eb3,L1,Profile
b5f403e3-8833-4b5c-ad30-5e7272725eb3,L1,Profile
b5f403e3-8833-4b5c-ad30-5e7272725eb3,L1,Profile
b5f403e3-8833-4b5c-ad30-5e7272725eb3,L1,Profile
b5f403e3-8833-4b5c-ad30-5e7272725eb3,L1,Profile
b5f403e3-8833-4b5c-ad30-5e7272725eb3,L1,Profile
b5f403e3-8833-4b5c-ad30-5e7272725eb3,L1,Profile
b5f403e3-8833-4b5c-ad30-5e7272725eb3,L1,Profile
b5f403e3-8833-4b5c-ad30-5e7272725eb3,L1,Profile
b5f403e3-8833-4b5c-ad30-5e7272725eb3,L1,Profile
b5f403e3-8833-4b5c-ad30-5e7272725eb3,L1,Profile
b5f403e3-8833-4b5c-ad30-5e7272725eb3,L1,Profile
b5f403e3-8833-4b5c-ad30-5e7272725eb3,L1,Profile
b5f403e3-8833-4b5c-ad30-5e7272725eb3,L1,Profile
b5f403e3-8833-4b5c-ad30-5e7272725eb3,L1,Profile
b5f403e3-8833-4b5c-ad30-5e7272725eb3,L1,Profile
b5f403e3-8833-4b5c-ad30-5e7272725eb3,L1,Profile
b5f403e3-8833-4b5c-ad30-5e7272725eb3,L1,Profile
b5f403e3-8833-4b5c-ad30-5e7272725eb3,L1,Profile
b5f403e3-8833-4b5c-ad30-5e7272725eb3,L1,Profile
b5f403e3-8833-4b5c-ad30-5e7272725eb3,L1,Profile
b5f403e3-8833-4b5c-ad30-5e7272725eb3,L1,Profile
b5f403e3-8833-4b5c-ad30-5e7272725eb3,L1,Profile
b5f403e3-8833-4b5c-ad30-5e7272725eb3,L1,Profile
b5f403e3-8833-4b5c-ad30-5e7272725eb3,L1,Profile
b5f403e3-8833-4b5c-ad30-5e7272725eb3,L1,Profile
b5f403e3-8833-4b5c-ad30-5e7272725eb3,L1,Profile
b5f403e3-8833-4b5c-ad30-5e7272725eb3,L1,Profile
b5f403e3-8833-4b5c-ad30-5e7272725eb3,L1,Profile
b5f403e3-8833-4b5c-ad30-5e7272725eb3,L1,Profile
b5f403e3-8833-4b5c-ad30-5e7272725eb3,L1,Profile
b5f403e3-8833-4b5c-ad30-5e7272725eb3,L1,Profile
b5f403e3-8833-4b5c-ad30-5e7272725eb3,L1,Profile
b5f403e3-8833-4b5c-ad30-5e7272725eb3,L1,Profile
b5f403e3-8833-4b5c-ad30-5e7272725eb3,L1,Profile
b5f403e3-8833-4b5c-ad30-5e7272725eb3,L1,Profile
b5f403e3-8833-4b5c-ad30-5e7272725eb3,L1,Profile
b5f403e3-8833-4b5c-ad30-5e7272725eb3,L1,Profile
b5f403e3-8833-4b5c-ad30-5e7272725eb3,L1,Profile
b5f403e3-8833-4b5c-ad30-5e7272725eb3,L1,Profile
b5f403e3-8833-4b5c-ad30-5e7272725eb3,L1,Profile
b5f403e3-8833-4b5c-ad30-5e7272725eb3,L1,Profile
b5f403e3-8833-4b5c-ad30-5e7272725eb3,L1,Profile
b5f403e3-8833-4b5c-ad30-5e7272725eb3,L1,Profile
b5f403e3-8833-4b5c-ad30-5e7272725eb3,L1,Profile
b5f403e3-8833-4b5c-ad30-5e7272725eb3,L1,Profile
b5f403e3-8833-4b5c-ad30-5e7272725eb3,L1,Profile
b5f403e3-8833-4b5c-ad30-5e7272725eb3,L1,Profile
b5f403e3-8833-4b5c-ad30-5e7272725eb3,L1,Profile
b5f403e3-8833-4b5c-ad30-5e7272725eb3,L1,Profile
b5f403e3-8833-4b5c-ad30-5e7272725eb3,L1,Profile
b5f403e3-8833-4b5c-ad30-5e7272725eb3,L1,Profile
b5f403e3-8833-4b5c-ad30-5e7272725eb3,L1,Profile
b5f403e3-8833-4b5c-ad30-5e7272725eb3,L1,Profile
b5f403e3-8833-4b5c-ad30-5e7272725eb3,L1,Profile
b5f403e3-8833-4b5c-ad30-5e7272725eb3,L1,Profile
b5f403e3-8833-4b5c-ad30-5e7272725eb3,L1,Profile
b5f403e3-8833-4b5c-ad30-5e7272725eb3,L1,Profile
b5f403e3-8833-4b5c-ad30-5e7272725eb3,L1,Profile
b5f403e3-8833-4b5c-ad30-5e7272725eb3,L1,Profile
b5f403e3-8833-4b5c-ad30-5e7272725eb3,L1,Profile
b5f403e3-8833-4b5c-ad30-5e7272725eb3,L1,Profile
b5f403e3-8833-4b5c-ad30-5e7272725eb3,L1,Profile
b5f403e3-8833-4b5c-ad30-5e7272725eb3,L1,Profile
b5f403e3-8833-4b5c-ad30-5e7272725eb3,L1,Profile
b5f403e3-8833-4b5c-ad30-5e7272725eb3,L1,Profile
b5f403e3-8833-4b5c-ad30-5e7272725eb3,L1,Profile
b5f403e3-8833-4b5c-ad30-5e7272725eb3,L1,Profile
b5f403e3-8833-4b5c-ad30-5e7272725eb3,L1,Profile
b5f403e3-8833-4b5c-ad30-5e7272725eb3,L1,Profile
b5f403e3-8833-4b5c-ad30-5e7272725eb3,L1,Profile
b5f403e3-8833-4b5c-ad30-5e7272725eb3,L1,Profile
b5f403e3-8833-4b5c-ad30-5e7272725eb3,L1,Profile
b5f403e3-8833-4b5c-ad30-5e7272725eb3,L1,Profile
b5f403e3-8833-4b5c-ad30-5e7272725eb3,L1,Profile
b5f403e3-8833-4b5c-ad30-5e7272725eb3,L1,Profile
b5f403e3-8833-4b5c-ad30-5e7272725eb3,L1,Profile
b5f403e3-8833-4b5c-ad30-5e7272725eb3,L1,Profile
b5f403e3-8833-4b5c-ad30-5e7272725eb3,L1,Profile
b5f403e3-8833-4b5c-ad30-5e7272725eb3,L1,Profile
b5f403e3-8833-4b5c-ad30-5e7272725eb3,L1,Profile
b5f403e3-8833-4b5c-ad30-5e7272725eb3,L1,Profile
b5f403e3-8833-4b5c-ad30-5e7272725eb3,L1,Profile
b5f403e3-8833-4b5c-ad30-5e7272725eb3,L1,Profile
b5f403e3-8833-4b5c-ad30-5e7272725eb3,L1,Profile
b5f403e3-8833-4b5c-ad30-5e7272725eb3,L1,Profile
b5f403e3-8833-4b5c-ad30-5e7272725eb3,L1,Profile
b5f403e3-8833-4b5c-ad30-5e7272725eb3,L1,Profile
b5f403e3-8833-4b5c-ad30-5e7272725eb3,L1,Profile
b5f403e3-8833-4b5c-ad30-5e7272725eb3,L1,Profile
b5f403e3-8833-4b5c-ad30-5e7272725eb3,L1,Profile
b5f403e3-8833-4b5c-ad30-5e7272725eb3,L1,Profile
b5f403e3-8833-4b5c-ad30-5e7272725eb3,L1,Profile
b5f403e3-8833-4b5c-ad30-5e7272725eb3,L1,Profile
b5f403e3-8833-4b5c-ad30-5e7272725eb3,L1,Profile
b5f403e3-8833-4b5c-ad30-5e7272725eb3,L1,Profile
b5f403e3-8833-4b5c-ad30-5e7272725eb3,L1,Profile
b5f403e3-8833-4b5c-ad30-5e7272725eb3,L1,Profile
b5f403e3-8833-4b5c-ad30-5e7272725eb3,L1,Profile
b5f403e3-8833-4b5c-ad30-5e7272725eb3,L1,Profile
b5f403e3-8833-4b5c-ad30-5e7272725eb3,L1,Profile
b5f403e3-8833-4b5c-ad30-5e7272725eb3,L1,Profile
b5f403e3-8833-4b5c-ad30-5e7272725eb3,L1,Profile
b5f403e3-8833-4b5c-ad30-5e7272725eb3,L1,Profile
b5f403e3-8833-4b5c-ad30-5e7272725eb3,L1,Profile
b5f403e3-8833-4b5c-ad30-5e7272725eb3,L1,Profile
b5f403e3-8833-4b5c-ad30-5e7272725eb3,L1,Profile
b5f403e3-8833-4b5c-ad30-5e7272725eb3,L1,Profile
b5f403e3-8833-4b5c-ad30-5e7272725eb3,L1,Profile
b5f403e3-8833-4b5c-ad30-5e7272725eb3,L1,Profile
b5f403e3-8833-4b5c-ad30-5e7272725eb3,L1,Profile
b5f403e3-8833-4b5c-ad30-5e7272725eb3,L1,Profile
b5f403e3-8833-4b5c-ad30-5e7272725eb3,L1,Profile
b5f403e3-8833-4b5c-ad30-5e7272725eb3,L1,Profile
b5f403e3-8833-4b5c-ad30-5e7272725eb3,L1,Profile
b5f403e3-8833-4b5c-ad30-5e7272725eb3,L1,Profile
b5f403e3-8833-4b5c-ad30-5e7272725eb3,L1,Profile
b5f403e3-8833-4b5c-ad30-5e7272725eb3,L1,Profile
b5f403e3-8833-4b5c-ad30-5e7272725eb3,L1,Profile
b5f403e3-8833-4b5c-ad30-5e7272725eb3,L1,Profile
b5f403e3-8833-4b5c-ad30-5e7272725eb3,L1,Profile
b5f403e3-8833-4b5c-ad30-5e7272725eb3,L1,Profile
b5f403e3-8833-4b5c-ad30-5e7272725eb3,L1,Profile
b5f403e3-8833-4b5c-ad30-5e7272725eb3,L1,Profile
b5f403e3-8833-4b5c-ad30-5e7272725eb3,L1,Profile
b5f403e3-8833-4b5c-ad30-5e7272725eb3,L1,Profile
b5f403e3-8833-4b5c-ad30-5e7272725eb3,L1,Profile
b5f403e3-8833-4b5c-ad30-5e7272725eb3,L1,Profile
b5f403e3-8833-4b5c-ad30-5e7272725eb3,L1,Profile
b5f403e3-8833-4b5c-ad30-5e7272725eb3,L1,Profile
b5f403e3-8833-4b5c-ad30-5e7272725eb3,L1,Profile
b5f403e3-8833-4b5c-ad30-5e7272725eb3,L1,Profile
b5f403e3-8833-4b5c-ad30-5e7272725eb3,L1,Profile
b5f403e3-8833-4b5c-ad30-5e7272725eb3,L1,Profile
b5f403e3-8833-4b5c-ad30-5e7272725eb3,L1,Profile
b5f403e3-8833-4b5c-ad30-5e7272725eb3,L1,Profile
b5f403e3-8833-4b5c-ad30-5e7272725eb3,L1,Profile
b5f403e3-8833-4b5c-ad30-5e7272725eb3,L1,Profile
b5f403e3-8833-4b5c-ad30-5e7272725eb3,L1,Profile
b5f403e3-8833-4b5c-ad30-5e7272725eb3,L1,Profile
b5f403e3-8833-4b5c-ad30-5e7272725eb3,L1,Profile
b5f403e3-8833-4b5c-ad30-5e7272725eb3,L1,Profile
b5f403e3-8833-4b5c-ad30-5e7272725eb3,L1,Profile
b5f403e3-8833-4b5c-ad30-5e7272725eb3,L1,Profile
b5f403e3-8833-4b5c-ad30-5e7272725eb3,L1,Profile
b5f403e3-8833-4b5c-ad30-5e7272725eb3,L1,Profile
b5f403e3-8833-4b5c-ad30-5e7272725eb3,L1,Profile
b5f403e3-8833-4b5c-ad30-5e7272725eb3,L1,Profile
b5f403e3-8833-4b5c-ad30-5e7272725eb3,L1,Profile
b5f403e3-8833-4b5c-ad30-5e7272725eb3,L1,Profile
b5f403e3-8833-4b5c-ad30-5e7272725eb3,L1,Profile
b5f403e3-8833-4b5c-ad30-5e7272725eb3,L1,Profile
b5f403e3-8833-4b5c-ad30-5e7272725eb3,L1,Profile
b5f403e3-8833-4b5c-ad30-5e7272725eb3,L1,Profile
b5f403e3-8833-4b5c-ad30-5e7272725eb3,L1,Profile
b5f403e3-8833-4b5c-ad30-5e7272725eb3,L1,Profile
b5f403e3-8833-4b5c-ad30-5e7272725eb3,L1,Profile
b5f403e3-8833-4b5c-ad30-5e7272725eb3,L1,Profile
b5f403e3-8833-4b5c-ad30-5e7272725eb3,L1,Profile
b5f403e3-8833-4b5c-ad30-5e7272725eb3,L1,Profile
b5f403e3-8833-4b5c-ad30-5e7272725eb3,L1,Profile
b5f403e3-8833-4b5c-ad30-5e7272725eb3,L1,Profile
b5f403e3-8833-4b5c-ad30-5e7272725eb3,L1,Profile
b5f403e3-8833-4b5c-ad30-5e7272725eb3,L1,Profile
b5f403e3-8833-4b5c-ad30-5e7272725eb3,L1,Profile
b5f403e3-8833-4b5c-ad30-5e7272725eb3,L1,Profile
b5f403e3-8833-4b5c-ad30-5e7272725eb3,L1,Profile
b5f403e3-8833-4b5c-ad30-5e7272725eb3,L1,Profile
b5f403e3-8833-4b5c-ad30-5e7272725eb3,L1,Profile
b5f403e3-8833-4b5c-ad30-5e7272725eb3,L1,Profile
b5f403e3-8833-4b5c-ad30-5e7272725eb3,L1,Profile
b5f403e3-8833-4b5c-ad30-5e7272725eb3,L1,Profile
b5f403e3-8833-4b5c-ad30-5e7272725eb3,L1,Profile
b5f403e3-8833-4b5c-ad30-5e7272725eb3,L1,Profile
b5f403e3-8833-4b5c-ad30-5e7272725eb3,L1,Profile
b5f403e3-8833-4b5c-ad30-5e7272725eb3,L1,Profile
b5f403e3-8833-4b5c-ad30-5e7272725eb3,L1,Profile
b5f403e3-8833-4b5c-ad30-5e7272725eb3,L1,Profile
b5f403e3-8833-4b5c-ad30-5e7272725eb3,L1,Profile
b5f403e3-8833-4b5c-ad30-5e7272725eb3,L1,Profile
b5f403e3-8833-4b5c-ad30-5e7272725eb3,L1,Profile
b5f403e3-8833-4b5c-ad30-5e7272725eb3,L1,Profile
b5f403e3-8833-4b5c-ad30-5e7272725eb3,L1,Profile
b5f403e3-8833-4b5c-ad30-5e7272725eb3,L1,Profile
b5f403e3-8833-4b5c-ad30-5e7272725eb3,L1,Profile
b5f403e3-8833-4b5c-ad30-5e7272725eb3,L1,Profile
b5f403e3-8833-4b5c-ad30-5e7272725eb3,L1,Profile
b5f403e3-8833-4b5c-ad30-5e7272725eb3,L1,Profile
b5f403e3-8833-4b5c-ad30-5e7272725eb3,L1,Profile
b5f403e3-8833-4b5c-ad30-5e7272725eb3,L1,Profile
b5f403e3-8833-4b5c-ad30-5e7272725eb3,L1,Profile
b5f403e3-8833-4b5c-ad30-5e7272725eb3,L1,Profile
b5f403e3-8833-4b5c-ad30-5e7272725eb3,L1,Profile
b5f403e3-8833-4b5c-ad30-5e7272725eb3,L1,Profile
b5f403e3-8833-4b5c-ad30-5e7272725eb3,L1,Profile
b5f403e3-8833-4b5c-ad30-5e7272725eb3,L1,Profile
b5f403e3-8833-4b5c-ad30-5e7272725eb3,L1,Profile
b5f403e3-8833-4b5c-ad30-5e7272725eb3,L1,Profile
b5f403e3-8833-4b5c-ad30-5e7272725eb3,L1,Profile
b5f403e3-8833-4b5c-ad30-5e7272725eb3,L1,Profile
b5f403e3-8833-4b5c-ad30-5e7272725eb3,L1,Profile
b5f403e3-8833-4b5c-ad30-5e7272725eb3,L1,Profile
b5f403e3-8833-4b5c-ad30-5e7272725eb3,L1,Profile
b5f403e3-8833-4b5c-ad30-5e7272725eb3,L1,Profile
b5f403e3-8833-4b5c-ad30-5e7272725eb3,L1,Profile
b5f403e3-8833-4b5c-ad30-5e7272725eb3,L1,Profile
b5f403e3-8833-4b5c-ad30-5e7272725eb3,L1,Profile
b5f403e3-8833-4b5c-ad30-5e7272725eb3,L1,Profile
b5f403e3-8833-4b5c-ad30-5e7272725eb3,L1,Profile
b5f403e3-8833-4b5c-ad30-5e7272725eb3,L1,Profile
b5f403e3-8833-4b5c-ad30-5e7272725eb3,L1,Profile
b5f403e3-8833-4b5c-ad30-5e7272725eb3,L1,Profile
b5f403e3-8833-4b5c-ad30-5e7272725eb3,L1,Profile
b5f403e3-8833-4b5c-ad30-5e7272725eb3,L1,Profile
b5f403e3-8833-4b5c-ad30-5e7272725eb3,L1,Profile
b5f403e3-8833-4b5c-ad30-5e7272725eb3,L1,Profile
b5f403e3-8833-4b5c-ad30-5e7272725eb3,L1,Profile
b5f403e3-8833-4b5c-ad30-5e7272725eb3,L1,Profile
b5f403e3-8833-4b5c-ad30-5e7272725eb3,L1,Profile
b5f403e3-8833-4b5c-ad30-5e7272725eb3,L1,Profile
b5f403e3-8833-4b5c-ad30-5e7272725eb3,L1,Profile
b5f403e3-8833-4b5c-ad30-5e7272725eb3,L1,Profile
b5f403e3-8833-4b5c-ad30-5e7272725eb3,L1,Profile
b5f403e3-8833-4b5c-ad30-5e7272725eb3,L1,Profile
b5f403e3-8833-4b5c-ad30-5e7272725eb3,L1,Profile
b5f403e3-8833-4b5c-ad30-5e7272725eb3,L1,Profile
b5f403e3-8833-4b5c-ad30-5e7272725eb3,L1,Profile
b5f403e3-8833-4b5c-ad30-5e7272725eb3,L1,Profile
b5f403e3-8833-4b5c-ad30-5e7272725eb3,L1,Profile
b5f403e3-8833-4b5c-ad30-5e7272725eb3,L1,Profile
b5f403e3-8833-4b5c-ad30-5e7272725eb3,L1,Profile
b5f403e3-8833-4b5c-ad30-5e7272725eb3,L1,Profile
b5f403e3-8833-4b5c-ad30-5e7272725eb3,L1,Profile
b5f403e3-8833-4b5c-ad30-5e7272725eb3,L1,Profile
b5f403e3-8833-4b5c-ad30-5e7272725eb3,L1,Profile
b5f403e3-8833-4b5c-ad30-5e7272725eb3,L1,Profile
b5f403e3-8833-4b5c-ad30-5e7272725eb3,L1,Profile
b5f403e3-8833-4b5c-ad30-5e7272725eb3,L1,Profile
b5f403e3-8833-4b5c-ad30-5e7272725eb3,L1,Profile
b5f403e3-8833-4b5c-ad30-5e7272725eb3,L1,Profile
b5f403e3-8833-4b5c-ad30-5e7272725eb3,L1,Profile
b5f403e3-8833-4b5c-ad30-5e7272725eb3,L1,Profile
b5f403e3-8833-4b5c-ad30-5e7272725eb3,L1,Profile
b5f403e3-8833-4b5c-ad30-5e7272725eb3,L1,Profile
b5f403e3-8833-4b5c-ad30-5e7272725eb3,L1,Profile
b5f403e3-8833-4b5c-ad30-5e7272725eb3,L1,Profile
b5f403e3-8833-4b5c-ad30-5e7272725eb3,L1,Profile
b5f403e3-8833-4b5c-ad30-5e7272725eb3,L1,Profile
b5f403e3-8833-4b5c-ad30-5e7272725eb3,L1,Profile
b5f403e3-8833-4b5c-ad30-5e7272725eb3,L1,Profile
b5f403e3-8833-4b5c-ad30-5e7272725eb3,L1,Profile
b5f403e3-8833-4b5c-ad30-5e7272725eb3,L1,Profile
b5f403e3-8833-4b5c-ad30-5e7272725eb3,L1,Profile
b5f403e3-8833-4b5c-ad30-5e7272725eb3,L1,Profile
b5f403e3-8833-4b5c-ad30-5e7272725eb3,L1,Profile
b5f403e3-8833-4b5c-ad30-5e7272725eb3,L1,Profile
b5f403e3-8833-4b5c-ad30-5e7272725eb3,L1,Profile
b5f403e3-8833-4b5c-ad30-5e7272725eb3,L1,Profile
b5f403e3-8833-4b5c-ad30-5e7272725eb3,L1,Profile
b5f403e3-8833-4b5c-ad30-5e7272725eb3,L1,Profile
b5f403e3-8833-4b5c-ad30-5e7272725eb3,L1,Profile
b5f403e3-8833-4b5c-ad30-5e7272725eb3,L1,Profile
b5f403e3-8833-4b5c-ad30-5e7272725eb3,L1,Profile
b5f403e3-8833-4b5c-ad30-5e7272725eb3,L1,Profile
b5f403e3-8833-4b5c-ad30-5e7272725eb3,L1,Profile
b5f403e3-8833-4b5c-ad30-5e7272725eb3,L1,Profile
b5f403e3-8833-4b5c-ad30-5e7272725eb3,L1,Profile
b5f403e3-8833-4b5c-ad30-5e7272725eb3,L1,Profile
b5f403e3-8833-4b5c-ad30-5e7272725eb3,L1,Profile
b5f403e3-8833-4b5c-ad30-5e7272725eb3,L1,Profile
b5f403e3-8833-4b5c-ad30-5e7272725eb3,L1,Profile
b5f403e3-8833-4b5c-ad30-5e7272725eb3,L1,Profile
b5f403e3-8833-4b5c-ad30-5e7272725eb3,L1,Profile
b5f403e3-8833-4b5c-ad30-5e7272725eb3,L1,Profile
b5f403e3-8833-4b5c-ad30-5e7272725eb3,L1,Profile
b5f403e3-8833-4b5c-ad30-5e7272725eb3,L1,Profile
b5f403e3-8833-4b5c-ad30-5e7272725eb3,L1,Profile
b5f403e3-8833-4b5c-ad30-5e7272725eb3,L1,Profile
b5f403e3-8833-4b5c-ad30-5e7272725eb3,L1,Profile
b5f403e3-8833-4b5c-ad30-5e7272725eb3,L1,Profile
b5f403e3-8833-4b5c-ad30-5e7272725eb3,L1,Profile
b5f403e3-8833-4b5c-ad30-5e7272725eb3,L1,Profile
b5f403e3-8833-4b5c-ad30-5e7272725eb3,L1,Profile
b5f403e3-8833-4b5c-ad30-5e7272725eb3,L1,Profile
b5f403e3-8833-4b5c-ad30-5e7272725eb3,L1,Profile
b5f403e3-8833-4b5c-ad30-5e7272725eb3,L1,Profile
b5f403e3-8833-4b5c-ad30-5e7272725eb3,L1,Profile
b5f403e3-8833-4b5c-ad30-5e7272725eb3,L1,Profile
b5f403e3-8833-4b5c-ad30-5e7272725eb3,L1,Profile
b5f403e3-8833-4b5c-ad30-5e7272725eb3,L1,Profile
b5f403e3-8833-4b5c-ad30-5e7272725eb3,L1,Profile
b5f403e3-8833-4b5c-ad30-5e7272725eb3,L1,Profile
b5f403e3-8833-4b5c-ad30-5e7272725eb3,L1,Profile
b5f403e3-8833-4b5c-ad30-5e7272725eb3,L1,Profile
b5f403e3-8833-4b5c-ad30-5e7272725eb3,L1,Profile
b5f403e3-8833-4b5c-ad30-5e7272725eb3,L1,Profile
b5f403e3-8833-4b5c-ad30-5e7272725eb3,L1,Profile
b5f403e3-8833-4b5c-ad30-5e7272725eb3,L1,Profile
b5f403e3-8833-4b5c-ad30-5e7272725eb3,L1,Profile
b5f403e3-8833-4b5c-ad30-5e7272725eb3,L1,Profile
b5f403e3-8833-4b5c-ad30-5e7272725eb3,L1,Profile
b5f403e3-8833-4b5c-ad30-5e7272725eb3,L1,Profile
b5f403e3-8833-4b5c-ad30-5e7272725eb3,L1,Profile
b5f403e3-8833-4b5c-ad30-5e7272725eb3,L1,Profile
b5f403e3-8833-4b5c-ad30-5e7272725eb3,L1,Profile
b5f403e3-8833-4b5c-ad30-5e7272725eb3,L1,Profile
b5f403e3-8833-4b5c-ad30-5e7272725eb3,L1,Profile
b5f403e3-8833-4b5c-ad30-5e7272725eb3,L1,Profile
b5f403e3-8833-4b5c-ad30-5e7272725eb3,L1,Profile
b5f403e3-8833-4b5c-ad30-5e7272725eb3,L1,Profile
b5f403e3-8833-4b5c-ad30-5e7272725eb3,L1,Profile
b5f403e3-8833-4b5c-ad30-5e7272725eb3,L1,Profile
b5f403e3-8833-4b5c-ad30-5e7272725eb3,L1,Profile
b5f403e3-8833-4b5c-ad30-5e7272725eb3,L1,Profile
b5f403e3-8833-4b5c-ad30-5e7272725eb3,L1,Profile
b5f403e3-8833-4b5c-ad30-5e7272725eb3,L1,Profile
b5f403e3-8833-4b5c-ad30-5e7272725eb3,L1,Profile
b5f403e3-8833-4b5c-ad30-5e7272725eb3,L1,Profile
b5f403e3-8833-4b5c-ad30-5e7272725eb3,L1,Profile
b5f403e3-8833-4b5c-ad30-5e7272725eb3,L1,Profile
b5f403e3-8833-4b5c-ad30-5e7272725eb3,L1,Profile
b5f403e3-8833-4b5c-ad30-5e7272725eb3,L1,Profile
b5f403e3-8833-4b5c-ad30-5e7272725eb3,L1,Profile
b5f403e3-8833-4b5c-ad30-5e7272725eb3,L1,Profile
b5f403e3-8833-4b5c-ad30-5e7272725eb3,L1,Profile
b5f403e3-8833-4b5c-ad30-5e7272725eb3,L1,Profile
b5f403e3-8833-4b5c-ad30-5e7272725eb3,L1,Profile
b5f403e3-8833-4b5c-ad30-5e7272725eb3,L1,Profile
b5f403e3-8833-4b5c-ad30-5e7272725eb3,L1,Profile
b5f403e3-8833-4b5c-ad30-5e7272725eb3,L1,Profile
b5f403e3-8833-4b5c-ad30-5e7272725eb3,L1,Profile
b5f403e3-8833-4b5c-ad30-5e7272725eb3,L1,Profile
b5f403e3-8833-4b5c-ad30-5e7272725eb3,L1,Profile
b5f403e3-8833-4b5c-ad30-5e7272725eb3,L1,Profile
b5f403e3-8833-4b5c-ad30-5e7272725eb3,L1,Profile
b5f403e3-8833-4b5c-ad30-5e7272725eb3,L1,Profile
b5f403e3-8833-4b5c-ad30-5e7272725eb3,L1,Profile
b5f403e3-8833-4b5c-ad30-5e7272725eb3,L1,Profile
b5f403e3-8833-4b5c-ad30-5e7272725eb3,L1,Profile
b5f403e3-8833-4b5c-ad30-5e7272725eb3,L1,Profile
b5f403e3-8833-4b5c-ad30-5e7272725eb3,L1,Profile
b5f403e3-8833-4b5c-ad30-5e7272725eb3,L1,Profile
b5f403e3-8833-4b5c-ad30-5e7272725eb3,L1,Profile
b5f403e3-8833-4b5c-ad30-5e7272725eb3,L1,Profile
b5f403e3-8833-4b5c-ad30-5e7272725eb3,L1,Profile
b5f403e3-8833-4b5c-ad30-5e7272725eb3,L1,Profile
b5f403e3-8833-4b5c-ad30-5e7272725eb3,L1,Profile
b5f403e3-8833-4b5c-ad30-5e7272725eb3,L1,Profile
b5f403e3-8833-4b5c-ad30-5e7272725eb3,L1,Profile
b5f403e3-8833-4b5c-ad30-5e7272725eb3,L1,Profile
b5f403e3-8833-4b5c-ad30-5e7272725eb3,L1,Profile
b5f403e3-8833-4b5c-ad30-5e7272725eb3,L1,Profile
b5f403e3-8833-4b5c-ad30-5e7272725eb3,L1,Profile
b5f403e3-8833-4b5c-ad30-5e7272725eb3,L1,Profile
b5f403e3-8833-4b5c-ad30-5e7272725eb3,L1,Profile
b5f403e3-8833-4b5c-ad30-5e7272725eb3,L1,Profile
b5f403e3-8833-4b5c-ad30-5e7272725eb3,L1,Profile
b5f403e3-8833-4b5c-ad30-5e7272725eb3,L1,Profile
b5f403e3-8833-4b5c-ad30-5e7272725eb3,L1,Profile
b5f403e3-8833-4b5c-ad30-5e7272725eb3,L1,Profile
b5f403e3-8833-4b5c-ad30-5e7272725eb3,L1,Profile
b5f403e3-8833-4b5c-ad30-5e7272725eb3,L1,Profile
b5f403e3-8833-4b5c-ad30-5e7272725eb3,L1,Profile
b5f403e3-8833-4b5c-ad30-5e7272725eb3,L1,Profile
b5f403e3-8833-4b5c-ad30-5e7272725eb3,L1,Profile
b5f403e3-8833-4b5c-ad30-5e7272725eb3,L1,Profile
b5f403e3-8833-4b5c-ad30-5e7272725eb3,L1,Profile
b5f403e3-8833-4b5c-ad30-5e7272725eb3,L1,Profile
b5f403e3-8833-4b5c-ad30-5e7272725eb3,L1,Profile
b5f403e3-8833-4b5c-ad30-5e7272725eb3,L1,Profile
b5f403e3-8833-4b5c-ad30-5e7272725eb3,L1,Profile
b5f403e3-8833-4b5c-ad30-5e7272725eb3,L1,Profile
b5f403e3-8833-4b5c-ad30-5e7272725eb3,L1,Profile
b5f403e3-8833-4b5c-ad30-5e7272725eb3,L1,Profile
b5f403e3-8833-4b5c-ad30-5e7272725eb3,L1,Profile
b5f403e3-8833-4b5c-ad30-5e7272725eb3,L1,Profile
b5f403e3-8833-4b5c-ad30-5e7272725eb3,L1,Profile
b5f403e3-8833-4b5c-ad30-5e7272725eb3,L1,Profile
b5f403e3-8833-4b5c-ad30-5e7272725eb3,L1,Profile
b5f403e3-8833-4b5c-ad30-5e7272725eb3,L1,Profile
b5f403e3-8833-4b5c-ad30-5e7272725eb3,L1,Profile
b5f403e3-8833-4b5c-ad30-5e7272725eb3,L1,Profile
b5f403e3-8833-4b5c-ad30-5e7272725eb3,L1,Profile
b5f403e3-8833-4b5c-ad30-5e7272725eb3,L1,Profile
b5f403e3-8833-4b5c-ad30-5e7272725eb3,L1,Profile
b5f403e3-8833-4b5c-ad30-5e7272725eb3,L1,Profile
b5f403e3-8833-4b5c-ad30-5e7272725eb3,L1,Profile
b5f403e3-8833-4b5c-ad30-5e7272725eb3,L1,Profile
b5f403e3-8833-4b5c-ad30-5e7272725eb3,L1,Profile
b5f403e3-8833-4b5c-ad30-5e7272725eb3,L1,Profile
b5f403e3-8833-4b5c-ad30-5e7272725eb3,L1,Profile
b5f403e3-8833-4b5c-ad30-5e7272725eb3,L1,Profile
b5f403e3-8833-4b5c-ad30-5e7272725eb3,L1,Profile
b5f403e3-8833-4b5c-ad30-5e7272725eb3,L1,Profile
b5f403e3-8833-4b5c-ad30-5e7272725eb3,L1,Profile
b5f403e3-8833-4b5c-ad30-5e7272725eb3,L1,Profile
b5f403e3-8833-4b5c-ad30-5e7272725eb3,L1,Profile
b5f403e3-8833-4b5c-ad30-5e7272725eb3,L1,Profile
b5f403e3-8833-4b5c-ad30-5e7272725eb3,L1,Profile
b5f403e3-8833-4b5c-ad30-5e7272725eb3,L1,Profile
b5f403e3-8833-4b5c-ad30-5e7272725eb3,L1,Profile
b5f403e3-8833-4b5c-ad30-5e7272725eb3,L1,Profile
b5f403e3-8833-4b5c-ad30-5e7272725eb3,L1,Profile
b5f403e3-8833-4b5c-ad30-5e7272725eb3,L1,Profile
b5f403e3-8833-4b5c-ad30-5e7272725eb3,L1,Profile
b5f403e3-8833-4b5c-ad30-5e7272725eb3,L1,Profile
b5f403e3-8833-4b5c-ad30-5e7272725eb3,L1,Profile
b5f403e3-8833-4b5c-ad30-5e7272725eb3,L1,Profile
b5f403e3-8833-4b5c-ad30-5e7272725eb3,L1,Profile
b5f403e3-8833-4b5c-ad30-5e7272725eb3,L1,Profile
b5f403e3-8833-4b5c-ad30-5e7272725eb3,L1,Profile
b5f403e3-8833-4b5c-ad30-5e7272725eb3,L1,Profile
b5f403e3-8833-4b5c-ad30-5e7272725eb3,L1,Profile
b5f403e3-8833-4b5c-ad30-5e7272725eb3,L1,Profile
b5f403e3-8833-4b5c-ad30-5e7272725eb3,L1,Profile
b5f403e3-8833-4b5c-ad30-5e7272725eb3,L1,Profile
b5f403e3-8833-4b5c-ad30-5e7272725eb3,L1,Profile
b5f403e3-8833-4b5c-ad30-5e7272725eb3,L1,Profile
b5f403e3-8833-4b5c-ad30-5e7272725eb3,L1,Profile
b5f403e3-8833-4b5c-ad30-5e7272725eb3,L1,Profile
b5f403e3-8833-4b5c-ad30-5e7272725eb3,L1,Profile
b5f403e3-8833-4b5c-ad30-5e7272725eb3,L1,Profile
b5f403e3-8833-4b5c-ad30-5e7272725eb3,L1,Profile
b5f403e3-8833-4b5c-ad30-5e7272725eb3,L1,Profile
b5f403e3-8833-4b5c-ad30-5e7272725eb3,L1,Profile
b5f403e3-8833-4b5c-ad30-5e7272725eb3,L1,Profile
b5f403e3-8833-4b5c-ad30-5e7272725eb3,L1,Profile
b5f403e3-8833-4b5c-ad30-5e7272725eb3,L1,Profile
b5f403e3-8833-4b5c-ad30-5e7272725eb3,L1,Profile
b5f403e3-8833-4b5c-ad30-5e7272725eb3,L1,Profile
b5f403e3-8833-4b5c-ad30-5e7272725eb3,L1,Profile
b5f403e3-8833-4b5c-ad30-5e7272725eb3,L1,Profile
b5f403e3-8833-4b5c-ad30-5e7272725eb3,L1,Profile
b5f403e3-8833-4b5c-ad30-5e7272725eb3,L1,Profile
b5f403e3-8833-4b5c-ad30-5e7272725eb3,L1,Profile
b5f403e3-8833-4b5c-ad30-5e7272725eb3,L1,Profile
b5f403e3-8833-4b5c-ad30-5e7272725eb3,L1,Profile
b5f403e3-8833-4b5c-ad30-5e7272725eb3,L1,Profile
b5f403e3-8833-4b5c-ad30-5e7272725eb3,L1,Profile
b5f403e3-8833-4b5c-ad30-5e7272725eb3,L1,Profile
b5f403e3-8833-4b5c-ad30-5e7272725eb3,L1,Profile
b5f403e3-8833-4b5c-ad30-5e7272725eb3,L1,Profile
b5f403e3-8833-4b5c-ad30-5e7272725eb3,L1,Profile
b5f403e3-8833-4b5c-ad30-5e7272725eb3,L1,Profile
b5f403e3-8833-4b5c-ad30-5e7272725eb3,L1,Profile
b5f403e3-8833-4b5c-ad30-5e7272725eb3,L1,Profile
b5f403e3-8833-4b5c-ad30-5e7272725eb3,L1,Profile
b5f403e3-8833-4b5c-ad30-5e7272725eb3,L1,Profile
b5f403e3-8833-4b5c-ad30-5e7272725eb3,L1,Profile
b5f403e3-8833-4b5c-ad30-5e7272725eb3,L1,Profile
b5f403e3-8833-4b5c-ad30-5e7272725eb3,L1,Profile
b5f403e3-8833-4b5c-ad30-5e7272725eb3,L1,Profile
b5f403e3-8833-4b5c-ad30-5e7272725eb3,L1,Profile
b5f403e3-8833-4b5c-ad30-5e7272725eb3,L1,Profile
b5f403e3-8833-4b5c-ad30-5e7272725eb3,L1,Profile
b5f403e3-8833-4b5c-ad30-5e7272725eb3,L1,Profile
b5f403e3-8833-4b5c-ad30-5e7272725eb3,L1,Profile
b5f403e3-8833-4b5c-ad30-5e7272725eb3,L1,Profile
b5f403e3-8833-4b5c-ad30-5e7272725eb3,L1,Profile
b5f403e3-8833-4b5c-ad30-5e7272725eb3,L1,Profile
b5f403e3-8833-4b5c-ad30-5e7272725eb3,L1,Profile
b5f403e3-8833-4b5c-ad30-5e7272725eb3,L1,Profile
b5f403e3-8833-4b5c-ad30-5e7272725eb3,L1,Profile
b5f403e3-8833-4b5c-ad30-5e7272725eb3,L1,Profile
b5f403e3-8833-4b5c-ad30-5e7272725eb3,L1,Profile
b5f403e3-8833-4b5c-ad30-5e7272725eb3,L1,Profile
b5f403e3-8833-4b5c-ad30-5e7272725eb3,L1,Profile
b5f403e3-8833-4b5c-ad30-5e7272725eb3,L1,Profile
b5f403e3-8833-4b5c-ad30-5e7272725eb3,L1,Profile
b5f403e3-8833-4b5c-ad30-5e7272725eb3,L1,Profile
b5f403e3-8833-4b5c-ad30-5e7272725eb3,L1,Profile
b5f403e3-8833-4b5c-ad30-5e7272725eb3,L1,Profile
b5f403e3-8833-4b5c-ad30-5e7272725eb3,L1,Profile
b5f403e3-8833-4b5c-ad30-5e7272725eb3,L1,Profile
b5f403e3-8833-4b5c-ad30-5e7272725eb3,L1,Profile
b5f403e3-8833-4b5c-ad30-5e7272725eb3,L1,Profile
b5f403e3-8833-4b5c-ad30-5e7272725eb3,L1,Profile
b5f403e3-8833-4b5c-ad30-5e7272725eb3,L1,Profile
b5f403e3-8833-4b5c-ad30-5e7272725eb3,L1,Profile
b5f403e3-8833-4b5c-ad30-5e7272725eb3,L1,Profile
b5f403e3-8833-4b5c-ad30-5e7272725eb3,L1,Profile
b5f403e3-8833-4b5c-ad30-5e7272725eb3,L1,Profile
b5f403e3-8833-4b5c-ad30-5e7272725eb3,L1,Profile
b5f403e3-8833-4b5c-ad30-5e7272725eb3,L1,Profile
b5f403e3-8833-4b5c-ad30-5e7272725eb3,L1,Profile
b5f403e3-8833-4b5c-ad30-5e7272725eb3,L1,Profile
b5f403e3-8833-4b5c-ad30-5e7272725eb3,L1,Profile
b5f403e3-8833-4b5c-ad30-5e7272725eb3,L1,Profile
b5f403e3-8833-4b5c-ad30-5e7272725eb3,L1,Profile
b5f403e3-8833-4b5c-ad30-5e7272725eb3,L1,Profile
b5f403e3-8833-4b5c-ad30-5e7272725eb3,L1,Profile
b5f403e3-8833-4b5c-ad30-5e7272725eb3,L1,Profile
b5f403e3-8833-4b5c-ad30-5e7272725eb3,L1,Profile
b5f403e3-8833-4b5c-ad30-5e7272725eb3,L1,Profile
b5f403e3-8833-4b5c-ad30-5e7272725eb3,L1,Profile
b5f403e3-8833-4b5c-ad30-5e7272725eb3,L1,Profile
b5f403e3-8833-4b5c-ad30-5e7272725eb3,L1,Profile
b5f403e3-8833-4b5c-ad30-5e7272725eb3,L1,Profile
b5f403e3-8833-4b5c-ad30-5e7272725eb3,L1,Profile
b5f403e3-8833-4b5c-ad30-5e7272725eb3,L1,Profile
b5f403e3-8833-4b5c-ad30-5e7272725eb3,L1,Profile
b5f403e3-8833-4b5c-ad30-5e7272725eb3,L1,Profile
b5f403e3-8833-4b5c-ad30-5e7272725eb3,L1,Profile
b5f403e3-8833-4b5c-ad30-5e7272725eb3,L1,Profile
b5f403e3-8833-4b5c-ad30-5e7272725eb3,L1,Profile
b5f403e3-8833-4b5c-ad30-5e7272725eb3,L1,Profile
b5f403e3-8833-4b5c-ad30-5e7272725eb3,L1,Profile
b5f403e3-8833-4b5c-ad30-5e7272725eb3,L1,Profile
b5f403e3-8833-4b5c-ad30-5e7272725eb3,L1,Profile
b5f403e3-8833-4b5c-ad30-5e7272725eb3,L1,Profile
b5f403e3-8833-4b5c-ad30-5e7272725eb3,L1,Profile
b5f403e3-8833-4b5c-ad30-5e7272725eb3,L1,Profile
b5f403e3-8833-4b5c-ad30-5e7272725eb3,L1,Profile
b5f403e3-8833-4b5c-ad30-5e7272725eb3,L1,Profile
b5f403e3-8833-4b5c-ad30-5e7272725eb3,L1,Profile
b5f403e3-8833-4b5c-ad30-5e7272725eb3,L1,Profile
b5f403e3-8833-4b5c-ad30-5e7272725eb3,L1,Profile
b5f403e3-8833-4b5c-ad30-5e7272725eb3,L1,Profile
b5f403e3-8833-4b5c-ad30-5e7272725eb3,L1,Profile
b5f403e3-8833-4b5c-ad30-5e7272725eb3,L1,Profile
b5f403e3-8833-4b5c-ad30-5e7272725eb3,L1,Profile
b5f403e3-8833-4b5c-ad30-5e7272725eb3,L1,Profile
b5f403e3-8833-4b5c-ad30-5e7272725eb3,L1,Profile
b5f403e3-8833-4b5c-ad30-5e7272725eb3,L1,Profile
b5f403e3-8833-4b5c-ad30-5e7272725eb3,L1,Profile
b5f403e3-8833-4b5c-ad30-5e7272725eb3,L1,Profile
b5f403e3-8833-4b5c-ad30-5e7272725eb3,L1,Profile
b5f403e3-8833-4b5c-ad30-5e7272725eb3,L1,Profile
b5f403e3-8833-4b5c-ad30-5e7272725eb3,L1,Profile
b5f403e3-8833-4b5c-ad30-5e7272725eb3,L1,Profile
b5f403e3-8833-4b5c-ad30-5e7272725eb3,L1,Profile
b5f403e3-8833-4b5c-ad30-5e7272725eb3,L1,Profile
b5f403e3-8833-4b5c-ad30-5e7272725eb3,L1,Profile
b5f403e3-8833-4b5c-ad30-5e7272725eb3,L1,Profile
b5f403e3-8833-4b5c-ad30-5e7272725eb3,L1,Profile
b5f403e3-8833-4b5c-ad30-5e7272725eb3,L1,Profile
b5f403e3-8833-4b5c-ad30-5e7272725eb3,L1,Profile
b5f403e3-8833-4b5c-ad30-5e7272725eb3,L1,Profile
b5f403e3-8833-4b5c-ad30-5e7272725eb3,L1,Profile
b5f403e3-8833-4b5c-ad30-5e7272725eb3,L1,Profile
b5f403e3-8833-4b5c-ad30-5e7272725eb3,L1,Profile
b5f403e3-8833-4b5c-ad30-5e7272725eb3,L1,Profile
b5f403e3-8833-4b5c-ad30-5e7272725eb3,L1,Profile
b5f403e3-8833-4b5c-ad30-5e7272725eb3,L1,Profile
b5f403e3-8833-4b5c-ad30-5e7272725eb3,L1,Profile
b5f403e3-8833-4b5c-ad30-5e7272725eb3,L1,Profile
b5f403e3-8833-4b5c-ad30-5e7272725eb3,L1,Profile
b5f403e3-8833-4b5c-ad30-5e7272725eb3,L1,Profile
b5f403e3-8833-4b5c-ad30-5e7272725eb3,L1,Profile
b5f403e3-8833-4b5c-ad30-5e7272725eb3,L1,Profile
b5f403e3-8833-4b5c-ad30-5e7272725eb3,L1,Profile
b5f403e3-8833-4b5c-ad30-5e7272725eb3,L1,Profile
b5f403e3-8833-4b5c-ad30-5e7272725eb3,L1,Profile
b5f403e3-8833-4b5c-ad30-5e7272725eb3,L1,Profile
b5f403e3-8833-4b5c-ad30-5e7272725eb3,L1,Profile
b5f403e3-8833-4b5c-ad30-5e7272725eb3,L1,Profile
b5f403e3-8833-4b5c-ad30-5e7272725eb3,L1,Profile
b5f403e3-8833-4b5c-ad30-5e7272725eb3,L1,Profile
b5f403e3-8833-4b5c-ad30-5e7272725eb3,L1,Profile
b5f403e3-8833-4b5c-ad30-5e7272725eb3,L1,Profile
b5f403e3-8833-4b5c-ad30-5e7272725eb3,L1,Profile
b5f403e3-8833-4b5c-ad30-5e7272725eb3,L1,Profile
b5f403e3-8833-4b5c-ad30-5e7272725eb3,L1,Profile
b5f403e3-8833-4b5c-ad30-5e7272725eb3,L1,Profile
b5f403e3-8833-4b5c-ad30-5e7272725eb3,L1,Profile
b5f403e3-8833-4b5c-ad30-5e7272725eb3,L1,Profile
b5f403e3-8833-4b5c-ad30-5e7272725eb3,L1,Profile
b5f403e3-8833-4b5c-ad30-5e7272725eb3,L1,Profile
b5f403e3-8833-4b5c-ad30-5e7272725eb3,L1,Profile
b5f403e3-8833-4b5c-ad30-5e7272725eb3,L1,Profile
b5f403e3-8833-4b5c-ad30-5e7272725eb3,L1,Profile
b5f403e3-8833-4b5c-ad30-5e7272725eb3,L1,Profile
b5f403e3-8833-4b5c-ad30-5e7272725eb3,L1,Profile
b5f403e3-8833-4b5c-ad30-5e7272725eb3,L1,Profile
b5f403e3-8833-4b5c-ad30-5e7272725eb3,L1,Profile
b5f403e3-8833-4b5c-ad30-5e7272725eb3,L1,Profile
b5f403e3-8833-4b5c-ad30-5e7272725eb3,L1,Profile
b5f403e3-8833-4b5c-ad30-5e7272725eb3,L1,Profile
b5f403e3-8833-4b5c-ad30-5e7272725eb3,L1,Profile
b5f403e3-8833-4b5c-ad30-5e7272725eb3,L1,Profile
b5f403e3-8833-4b5c-ad30-5e7272725eb3,L1,Profile
b5f403e3-8833-4b5c-ad30-5e7272725eb3,L1,Profile
b5f403e3-8833-4b5c-ad30-5e7272725eb3,L1,Profile
b5f403e3-8833-4b5c-ad30-5e7272725eb3,L1,Profile
b5f403e3-8833-4b5c-ad30-5e7272725eb3,L1,Profile
b5f403e3-8833-4b5c-ad30-5e7272725eb3,L1,Profile
b5f403e3-8833-4b5c-ad30-5e7272725eb3,L1,Profile
b5f403e3-8833-4b5c-ad30-5e7272725eb3,L1,Profile
b5f403e3-8833-4b5c-ad30-5e7272725eb3,L1,Profile
b5f403e3-8833-4b5c-ad30-5e7272725eb3,L1,Profile
b5f403e3-8833-4b5c-ad30-5e7272725eb3,L1,Profile
b5f403e3-8833-4b5c-ad30-5e7272725eb3,L1,Profile
b5f403e3-8833-4b5c-ad30-5e7272725eb3,L1,Profile
b5f403e3-8833-4b5c-ad30-5e7272725eb3,L1,Profile
b5f403e3-8833-4b5c-ad30-5e7272725eb3,L1,Profile
b5f403e3-8833-4b5c-ad30-5e7272725eb3,L1,Profile
b5f403e3-8833-4b5c-ad30-5e7272725eb3,L1,Profile
b5f403e3-8833-4b5c-ad30-5e7272725eb3,L1,Profile
b5f403e3-8833-4b5c-ad30-5e7272725eb3,L1,Profile
b5f403e3-8833-4b5c-ad30-5e7272725eb3,L1,Profile
b5f403e3-8833-4b5c-ad30-5e7272725eb3,L1,Profile
b5f403e3-8833-4b5c-ad30-5e7272725eb3,L1,Profile
b5f403e3-8833-4b5c-ad30-5e7272725eb3,L1,Profile
b5f403e3-8833-4b5c-ad30-5e7272725eb3,L1,Profile
b5f403e3-8833-4b5c-ad30-5e7272725eb3,L1,Profile
b5f403e3-8833-4b5c-ad30-5e7272725eb3,L1,Profile
b5f403e3-8833-4b5c-ad30-5e7272725eb3,L1,Profile
b5f403e3-8833-4b5c-ad30-5e7272725eb3,L1,Profile
b5f403e3-8833-4b5c-ad30-5e7272725eb3,L1,Profile
b5f403e3-8833-4b5c-ad30-5e7272725eb3,L1,Profile
b5f403e3-8833-4b5c-ad30-5e7272725eb3,L1,Profile
b5f403e3-8833-4b5c-ad30-5e7272725eb3,L1,Profile
b5f403e3-8833-4b5c-ad30-5e7272725eb3,L1,Profile
b5f403e3-8833-4b5c-ad30-5e7272725eb3,L1,Profile
b5f403e3-8833-4b5c-ad30-5e7272725eb3,L1,Profile
b5f403e3-8833-4b5c-ad30-5e7272725eb3,L1,Profile
b5f403e3-8833-4b5c-ad30-5e7272725eb3,L1,Profile
b5f403e3-8833-4b5c-ad30-5e7272725eb3,L1,Profile
b5f403e3-8833-4b5c-ad30-5e7272725eb3,L1,Profile
b5f403e3-8833-4b5c-ad30-5e7272725eb3,L1,Profile
b5f403e3-8833-4b5c-ad30-5e7272725eb3,L1,Profile
b5f403e3-8833-4b5c-ad30-5e7272725eb3,L1,Profile
b5f403e3-8833-4b5c-ad30-5e7272725eb3,L1,Profile
b5f403e3-8833-4b5c-ad30-5e7272725eb3,L1,Profile
b5f403e3-8833-4b5c-ad30-5e7272725eb3,L1,Profile
b5f403e3-8833-4b5c-ad30-5e7272725eb3,L1,Profile
b5f403e3-8833-4b5c-ad30-5e7272725eb3,L1,Profile
b5f403e3-8833-4b5c-ad30-5e7272725eb3,L1,Profile
b5f403e3-8833-4b5c-ad30-5e7272725eb3,L1,Profile
b5f403e3-8833-4b5c-ad30-5e7272725eb3,L1,Profile
b5f403e3-8833-4b5c-ad30-5e7272725eb3,L1,Profile
b5f403e3-8833-4b5c-ad30-5e7272725eb3,L1,Profile
b5f403e3-8833-4b5c-ad30-5e7272725eb3,L1,Profile
b5f403e3-8833-4b5c-ad30-5e7272725eb3,L1,Profile
b5f403e3-8833-4b5c-ad30-5e7272725eb3,L1,Profile
b5f403e3-8833-4b5c-ad30-5e7272725eb3,L1,Profile
b5f403e3-8833-4b5c-ad30-5e7272725eb3,L1,Profile
b5f403e3-8833-4b5c-ad30-5e7272725eb3,L1,Profile
b5f403e3-8833-4b5c-ad30-5e7272725eb3,L1,Profile
b5f403e3-8833-4b5c-ad30-5e7272725eb3,L1,Profile
b5f403e3-8833-4b5c-ad30-5e7272725eb3,L1,Profile
b5f403e3-8833-4b5c-ad30-5e7272725eb3,L1,Profile
b5f403e3-8833-4b5c-ad30-5e7272725eb3,L1,Profile
b5f403e3-8833-4b5c-ad30-5e7272725eb3,L1,Profile
b5f403e3-8833-4b5c-ad30-5e7272725eb3,L1,Profile
b5f403e3-8833-4b5c-ad30-5e7272725eb3,L1,Profile
b5f403e3-8833-4b5c-ad30-5e7272725eb3,L1,Profile
b5f403e3-8833-4b5c-ad30-5e7272725eb3,L1,Profile
b5f403e3-8833-4b5c-ad30-5e7272725eb3,L1,Profile
b5f403e3-8833-4b5c-ad30-5e7272725eb3,L1,Profile
b5f403e3-8833-4b5c-ad30-5e7272725eb3,L1,Profile
b5f403e3-8833-4b5c-ad30-5e7272725eb3,L1,Profile
b5f403e3-8833-4b5c-ad30-5e7272725eb3,L1,Profile
b5f403e3-8833-4b5c-ad30-5e7272725eb3,L1,Profile
b5f403e3-8833-4b5c-ad30-5e7272725eb3,L1,Profile
b5f403e3-8833-4b5c-ad30-5e7272725eb3,L1,Profile
b5f403e3-8833-4b5c-ad30-5e7272725eb3,L1,Profile
b5f403e3-8833-4b5c-ad30-5e7272725eb3,L1,Profile
b5f403e3-8833-4b5c-ad30-5e7272725eb3,L1,Profile
b5f403e3-8833-4b5c-ad30-5e7272725eb3,L1,Profile
b5f403e3-8833-4b5c-ad30-5e7272725eb3,L1,Profile
b5f403e3-8833-4b5c-ad30-5e7272725eb3,L1,Profile
b5f403e3-8833-4b5c-ad30-5e7272725eb3,L1,Profile
b5f403e3-8833-4b5c-ad30-5e7272725eb3,L1,Profile
b5f403e3-8833-4b5c-ad30-5e7272725eb3,L1,Profile
b5f403e3-8833-4b5c-ad30-5e7272725eb3,L1,Profile
b5f403e3-8833-4b5c-ad30-5e7272725eb3,L1,Profile
b5f403e3-8833-4b5c-ad30-5e7272725eb3,L1,Profile
b5f403e3-8833-4b5c-ad30-5e7272725eb3,L1,Profile
b5f403e3-8833-4b5c-ad30-5e7272725eb3,L1,Profile
b5f403e3-8833-4b5c-ad30-5e7272725eb3,L1,Profile
b5f403e3-8833-4b5c-ad30-5e7272725eb3,L1,Profile
b5f403e3-8833-4b5c-ad30-5e7272725eb3,L1,Profile
b5f403e3-8833-4b5c-ad30-5e7272725eb3,L1,Profile
b5f403e3-8833-4b5c-ad30-5e7272725eb3,L1,Profile
b5f403e3-8833-4b5c-ad30-5e7272725eb3,L1,Profile
b5f403e3-8833-4b5c-ad30-5e7272725eb3,L1,Profile
b5f403e3-8833-4b5c-ad30-5e7272725eb3,L1,Profile
b5f403e3-8833-4b5c-ad30-5e7272725eb3,L1,Profile
b5f403e3-8833-4b5c-ad30-5e7272725eb3,L1,Profile
b5f403e3-8833-4b5c-ad30-5e7272725eb3,L1,Profile
b5f403e3-8833-4b5c-ad30-5e7272725eb3,L1,Profile
b5f403e3-8833-4b5c-ad30-5e7272725eb3,L1,Profile
b5f403e3-8833-4b5c-ad30-5e7272725eb3,L1,Profile
b5f403e3-8833-4b5c-ad30-5e7272725eb3,L1,Profile
b5f403e3-8833-4b5c-ad30-5e7272725eb3,L1,Profile
b5f403e3-8833-4b5c-ad30-5e7272725eb3,L1,Profile
b5f403e3-8833-4b5c-ad30-5e7272725eb3,L1,Profile
b5f403e3-8833-4b5c-ad30-5e7272725eb3,L1,Profile
b5f403e3-8833-4b5c-ad30-5e7272725eb3,L1,Profile
b5f403e3-8833-4b5c-ad30-5e7272725eb3,L1,Profile
b5f403e3-8833-4b5c-ad30-5e7272725eb3,L1,Profile
b5f403e3-8833-4b5c-ad30-5e7272725eb3,L1,Profile
b5f403e3-8833-4b5c-ad30-5e7272725eb3,L1,Profile
b5f403e3-8833-4b5c-ad30-5e7272725eb3,L1,Profile
b5f403e3-8833-4b5c-ad30-5e7272725eb3,L1,Profile
b5f403e3-8833-4b5c-ad30-5e7272725eb3,L1,Profile
b5f403e3-8833-4b5c-ad30-5e7272725eb3,L1,Profile
b5f403e3-8833-4b5c-ad30-5e7272725eb3,L1,Profile
b5f403e3-8833-4b5c-ad30-5e7272725eb3,L1,Profile
b5f403e3-8833-4b5c-ad30-5e7272725eb3,L1,Profile
b5f403e3-8833-4b5c-ad30-5e7272725eb3,L1,Profile
b5f403e3-8833-4b5c-ad30-5e7272725eb3,L1,Profile
b5f403e3-8833-4b5c-ad30-5e7272725eb3,L1,Profile
b5f403e3-8833-4b5c-ad30-5e7272725eb3,L1,Profile
b5f403e3-8833-4b5c-ad30-5e7272725eb3,L1,Profile
b5f403e3-8833-4b5c-ad30-5e7272725eb3,L1,Profile
b5f403e3-8833-4b5c-ad30-5e7272725eb3,L1,Profile
b5f403e3-8833-4b5c-ad30-5e7272725eb3,L1,Profile
b5f403e3-8833-4b5c-ad30-5e7272725eb3,L1,Profile
b5f403e3-8833-4b5c-ad30-5e7272725eb3,L1,Profile
b5f403e3-8833-4b5c-ad30-5e7272725eb3,L1,Profile
b5f403e3-8833-4b5c-ad30-5e7272725eb3,L1,Profile
b5f403e3-8833-4b5c-ad30-5e7272725eb3,L1,Profile
b5f403e3-8833-4b5c-ad30-5e7272725eb3,L1,Profile
b5f403e3-8833-4b5c-ad30-5e7272725eb3,L1,Profile
b5f403e3-8833-4b5c-ad30-5e7272725eb3,L1,Profile
b5f403e3-8833-4b5c-ad30-5e7272725eb3,L1,Profile
b5f403e3-8833-4b5c-ad30-5e7272725eb3,L1,Profile
b5f403e3-8833-4b5c-ad30-5e7272725eb3,L1,Profile
b5f403e3-8833-4b5c-ad30-5e7272725eb3,L1,Profile
b5f403e3-8833-4b5c-ad30-5e7272725eb3,L1,Profile
b5f403e3-8833-4b5c-ad30-5e7272725eb3,L1,Profile
b5f403e3-8833-4b5c-ad30-5e7272725eb3,L1,Profile
b5f403e3-8833-4b5c-ad30-5e7272725eb3,L1,Profile
b5f403e3-8833-4b5c-ad30-5e7272725eb3,L1,Profile
b5f403e3-8833-4b5c-ad30-5e7272725eb3,L1,Profile
b5f403e3-8833-4b5c-ad30-5e7272725eb3,L1,Profile
b5f403e3-8833-4b5c-ad30-5e7272725eb3,L1,Profile
b5f403e3-8833-4b5c-ad30-5e7272725eb3,L1,Profile
b5f403e3-8833-4b5c-ad30-5e7272725eb3,L1,Profile
b5f403e3-8833-4b5c-ad30-5e7272725eb3,L1,Profile
b5f403e3-8833-4b5c-ad30-5e7272725eb3,L1,Profile
b5f403e3-8833-4b5c-ad30-5e7272725eb3,L1,Profile
b5f403e3-8833-4b5c-ad30-5e7272725eb3,L1,Profile
b5f403e3-8833-4b5c-ad30-5e7272725eb3,L1,Profile
b5f403e3-8833-4b5c-ad30-5e7272725eb3,L1,Profile
b5f403e3-8833-4b5c-ad30-5e7272725eb3,L1,Profile
b5f403e3-8833-4b5c-ad30-5e7272725eb3,L1,Profile
b5f403e3-8833-4b5c-ad30-5e7272725eb3,L1,Profile
b5f403e3-8833-4b5c-ad30-5e7272725eb3,L1,Profile
b5f403e3-8833-4b5c-ad30-5e7272725eb3,L1,Profile
b5f403e3-8833-4b5c-ad30-5e7272725eb3,L1,Profile
b5f403e3-8833-4b5c-ad30-5e7272725eb3,L1,Profile
b5f403e3-8833-4b5c-ad30-5e7272725eb3,L1,Profile
b5f403e3-8833-4b5c-ad30-5e7272725eb3,L1,Profile
b5f403e3-8833-4b5c-ad30-5e7272725eb3,L1,Profile
b5f403e3-8833-4b5c-ad30-5e7272725eb3,L1,Profile
b5f403e3-8833-4b5c-ad30-5e7272725eb3,L1,Profile
b5f403e3-8833-4b5c-ad30-5e7272725eb3,L1,Profile
b5f403e3-8833-4b5c-ad30-5e7272725eb3,L1,Profile
b5f403e3-8833-4b5c-ad30-5e7272725eb3,L1,Profile
b5f403e3-8833-4b5c-ad30-5e7272725eb3,L1,Profile
b5f403e3-8833-4b5c-ad30-5e7272725eb3,L1,Profile
b5f403e3-8833-4b5c-ad30-5e7272725eb3,L1,Profile
b5f403e3-8833-4b5c-ad30-5e7272725eb3,L1,Profile
b5f403e3-8833-4b5c-ad30-5e7272725eb3,L1,Profile
b5f403e3-8833-4b5c-ad30-5e7272725eb3,L1,Profile
b5f403e3-8833-4b5c-ad30-5e7272725eb3,L1,Profile
b5f403e3-8833-4b5c-ad30-5e7272725eb3,L1,Profile
b5f403e3-8833-4b5c-ad30-5e7272725eb3,L1,Profile
b5f403e3-8833-4b5c-ad30-5e7272725eb3,L1,Profile
b5f403e3-8833-4b5c-ad30-5e7272725eb3,L1,Profile
b5f403e3-8833-4b5c-ad30-5e7272725eb3,L1,Profile
b5f403e3-8833-4b5c-ad30-5e7272725eb3,L1,Profile
b5f403e3-8833-4b5c-ad30-5e7272725eb3,L1,Profile
b5f403e3-8833-4b5c-ad30-5e7272725eb3,L1,Profile
b5f403e3-8833-4b5c-ad30-5e7272725eb3,L1,Profile
b5f403e3-8833-4b5c-ad30-5e7272725eb3,L1,Profile
b5f403e3-8833-4b5c-ad30-5e7272725eb3,L1,Profile
b5f403e3-8833-4b5c-ad30-5e7272725eb3,L1,Profile
b5f403e3-8833-4b5c-ad30-5e7272725eb3,L1,Profile
b5f403e3-8833-4b5c-ad30-5e7272725eb3,L1,Profile
b5f403e3-8833-4b5c-ad30-5e7272725eb3,L1,Profile
b5f403e3-8833-4b5c-ad30-5e7272725eb3,L1,Profile
b5f403e3-8833-4b5c-ad30-5e7272725eb3,L1,Profile
b5f403e3-8833-4b5c-ad30-5e7272725eb3,L1,Profile
b5f403e3-8833-4b5c-ad30-5e7272725eb3,L1,Profile
b5f403e3-8833-4b5c-ad30-5e7272725eb3,L1,Profile
b5f403e3-8833-4b5c-ad30-5e7272725eb3,L1,Profile
b5f403e3-8833-4b5c-ad30-5e7272725eb3,L1,Profile
b5f403e3-8833-4b5c-ad30-5e7272725eb3,L1,Profile
b5f403e3-8833-4b5c-ad30-5e7272725eb3,L1,Profile
b5f403e3-8833-4b5c-ad30-5e7272725eb3,L1,Profile
b5f403e3-8833-4b5c-ad30-5e7272725eb3,L1,Profile
b5f403e3-8833-4b5c-ad30-5e7272725eb3,L1,Profile
b5f403e3-8833-4b5c-ad30-5e7272725eb3,L1,Profile
b5f403e3-8833-4b5c-ad30-5e7272725eb3,L1,Profile
b5f403e3-8833-4b5c-ad30-5e7272725eb3,L1,Profile
b5f403e3-8833-4b5c-ad30-5e7272725eb3,L1,Profile
b5f403e3-8833-4b5c-ad30-5e7272725eb3,L1,Profile
b5f403e3-8833-4b5c-ad30-5e7272725eb3,L1,Profile
b5f403e3-8833-4b5c-ad30-5e7272725eb3,L1,Profile
b5f403e3-8833-4b5c-ad30-5e7272725eb3,L1,Profile
b5f403e3-8833-4b5c-ad30-5e7272725eb3,L1,Profile
b5f403e3-8833-4b5c-ad30-5e7272725eb3,L1,Profile
b5f403e3-8833-4b5c-ad30-5e7272725eb3,L1,Profile
b5f403e3-8833-4b5c-ad30-5e7272725eb3,L1,Profile
b5f403e3-8833-4b5c-ad30-5e7272725eb3,L1,Profile
b5f403e3-8833-4b5c-ad30-5e7272725eb3,L1,Profile
b5f403e3-8833-4b5c-ad30-5e7272725eb3,L1,Profile
b5f403e3-8833-4b5c-ad30-5e7272725eb3,L1,Profile
b5f403e3-8833-4b5c-ad30-5e7272725eb3,L1,Profile
b5f403e3-8833-4b5c-ad30-5e7272725eb3,L1,Profile
b5f403e3-8833-4b5c-ad30-5e7272725eb3,L1,Profile
b5f403e3-8833-4b5c-ad30-5e7272725eb3,L1,Profile
b5f403e3-8833-4b5c-ad30-5e7272725eb3,L1,Profile
b5f403e3-8833-4b5c-ad30-5e7272725eb3,L1,Profile
b5f403e3-8833-4b5c-ad30-5e7272725eb3,L1,Profile
b5f403e3-8833-4b5c-ad30-5e7272725eb3,L1,Profile
b5f403e3-8833-4b5c-ad30-5e7272725eb3,L1,Profile
b5f403e3-8833-4b5c-ad30-5e7272725eb3,L1,Profile
b5f403e3-8833-4b5c-ad30-5e7272725eb3,L1,Profile
b5f403e3-8833-4b5c-ad30-5e7272725eb3,L1,Profile
b5f403e3-8833-4b5c-ad30-5e7272725eb3,L1,Profile
b5f403e3-8833-4b5c-ad30-5e7272725eb3,L1,Profile
b5f403e3-8833-4b5c-ad30-5e7272725eb3,L1,Profile
b5f403e3-8833-4b5c-ad30-5e7272725eb3,L1,Profile
b5f403e3-8833-4b5c-ad30-5e7272725eb3,L1,Profile
b5f403e3-8833-4b5c-ad30-5e7272725eb3,L1,Profile
b5f403e3-8833-4b5c-ad30-5e7272725eb3,L1,Profile
b5f403e3-8833-4b5c-ad30-5e7272725eb3,L1,Profile
b5f403e3-8833-4b5c-ad30-5e7272725eb3,L1,Profile
b5f403e3-8833-4b5c-ad30-5e7272725eb3,L1,Profile
b5f403e3-8833-4b5c-ad30-5e7272725eb3,L1,Profile
b5f403e3-8833-4b5c-ad30-5e7272725eb3,L1,Profile
b5f403e3-8833-4b5c-ad30-5e7272725eb3,L1,Profile
b5f403e3-8833-4b5c-ad30-5e7272725eb3,L1,Profile
b5f403e3-8833-4b5c-ad30-5e7272725eb3,L1,Profile
b5f403e3-8833-4b5c-ad30-5e7272725eb3,L1,Profile
b5f403e3-8833-4b5c-ad30-5e7272725eb3,L1,Profile
b5f403e3-8833-4b5c-ad30-5e7272725eb3,L1,Profile
b5f403e3-8833-4b5c-ad30-5e7272725eb3,L1,Profile
b5f403e3-8833-4b5c-ad30-5e7272725eb3,L1,Profile
b5f403e3-8833-4b5c-ad30-5e7272725eb3,L1,Profile
b5f403e3-8833-4b5c-ad30-5e7272725eb3,L1,Profile
b5f403e3-8833-4b5c-ad30-5e7272725eb3,L1,Profile
b5f403e3-8833-4b5c-ad30-5e7272725eb3,L1,Profile
b5f403e3-8833-4b5c-ad30-5e7272725eb3,L1,Profile
b5f403e3-8833-4b5c-ad30-5e7272725eb3,L1,Profile
b5f403e3-8833-4b5c-ad30-5e7272725eb3,L1,Profile
b5f403e3-8833-4b5c-ad30-5e7272725eb3,L1,Profile
b5f403e3-8833-4b5c-ad30-5e7272725eb3,L1,Profile
b5f403e3-8833-4b5c-ad30-5e7272725eb3,L1,Profile
b5f403e3-8833-4b5c-ad30-5e7272725eb3,L1,Profile
b5f403e3-8833-4b5c-ad30-5e7272725eb3,L1,Profile
b5f403e3-8833-4b5c-ad30-5e7272725eb3,L1,Profile
b5f403e3-8833-4b5c-ad30-5e7272725eb3,L1,Profile
b5f403e3-8833-4b5c-ad30-5e7272725eb3,L1,Profile
b5f403e3-8833-4b5c-ad30-5e7272725eb3,L1,Profile
b5f403e3-8833-4b5c-ad30-5e7272725eb3,L1,Profile
b5f403e3-8833-4b5c-ad30-5e7272725eb3,L1,Profile
b5f403e3-8833-4b5c-ad30-5e7272725eb3,L1,Profile
b5f403e3-8833-4b5c-ad30-5e7272725eb3,L1,Profile
b5f403e3-8833-4b5c-ad30-5e7272725eb3,L1,Profile
b5f403e3-8833-4b5c-ad30-5e7272725eb3,L1,Profile
b5f403e3-8833-4b5c-ad30-5e7272725eb3,L1,Profile
b5f403e3-8833-4b5c-ad30-5e7272725eb3,L1,Profile
b5f403e3-8833-4b5c-ad30-5e7272725eb3,L1,Profile
b5f403e3-8833-4b5c-ad30-5e7272725eb3,L1,Profile
b5f403e3-8833-4b5c-ad30-5e7272725eb3,L1,Profile
b5f403e3-8833-4b5c-ad30-5e7272725eb3,L1,Profile
b5f403e3-8833-4b5c-ad30-5e7272725eb3,L1,Profile
b5f403e3-8833-4b5c-ad30-5e7272725eb3,L1,Profile
b5f403e3-8833-4b5c-ad30-5e7272725eb3,L1,Profile
b5f403e3-8833-4b5c-ad30-5e7272725eb3,L1,Profile
b5f403e3-8833-4b5c-ad30-5e7272725eb3,L1,Profile
b5f403e3-8833-4b5c-ad30-5e7272725eb3,L1,Profile
b5f403e3-8833-4b5c-ad30-5e7272725eb3,L1,Profile
b5f403e3-8833-4b5c-ad30-5e7272725eb3,L1,Profile
b5f403e3-8833-4b5c-ad30-5e7272725eb3,L1,Profile
b5f403e3-8833-4b5c-ad30-5e7272725eb3,L1,Profile
b5f403e3-8833-4b5c-ad30-5e7272725eb3,L1,Profile
b5f403e3-8833-4b5c-ad30-5e7272725eb3,L1,Profile
b5f403e3-8833-4b5c-ad30-5e7272725eb3,L1,Profile
b5f403e3-8833-4b5c-ad30-5e7272725eb3,L1,Profile
b5f403e3-8833-4b5c-ad30-5e7272725eb3,L1,Profile
b5f403e3-8833-4b5c-ad30-5e7272725eb3,L1,Profile
b5f403e3-8833-4b5c-ad30-5e7272725eb3,L1,Profile
b5f403e3-8833-4b5c-ad30-5e7272725eb3,L1,Profile
b5f403e3-8833-4b5c-ad30-5e7272725eb3,L1,Profile
b5f403e3-8833-4b5c-ad30-5e7272725eb3,L1,Profile
b5f403e3-8833-4b5c-ad30-5e7272725eb3,L1,Profile
b5f403e3-8833-4b5c-ad30-5e7272725eb3,L1,Profile
b5f403e3-8833-4b5c-ad30-5e7272725eb3,L1,Profile
b5f403e3-8833-4b5c-ad30-5e7272725eb3,L1,Profile
b5f403e3-8833-4b5c-ad30-5e7272725eb3,L1,Profile
b5f403e3-8833-4b5c-ad30-5e7272725eb3,L1,Profile
b5f403e3-8833-4b5c-ad30-5e7272725eb3,L1,Profile
b5f403e3-8833-4b5c-ad30-5e7272725eb3,L1,Profile
b5f403e3-8833-4b5c-ad30-5e7272725eb3,L1,Profile
b5f403e3-8833-4b5c-ad30-5e7272725eb3,L1,Profile
b5f403e3-8833-4b5c-ad30-5e7272725eb3,L1,Profile
b5f403e3-8833-4b5c-ad30-5e7272725eb3,L1,Profile
b5f403e3-8833-4b5c-ad30-5e7272725eb3,L1,Profile
b5f403e3-8833-4b5c-ad30-5e7272725eb3,L1,Profile
b5f403e3-8833-4b5c-ad30-5e7272725eb3,L1,Profile
b5f403e3-8833-4b5c-ad30-5e7272725eb3,L1,Profile
b5f403e3-8833-4b5c-ad30-5e7272725eb3,L1,Profile
b5f403e3-8833-4b5c-ad30-5e7272725eb3,L1,Profile
b5f403e3-8833-4b5c-ad30-5e7272725eb3,L1,Profile
b5f403e3-8833-4b5c-ad30-5e7272725eb3,L1,Profile
b5f403e3-8833-4b5c-ad30-5e7272725eb3,L1,Profile
b5f403e3-8833-4b5c-ad30-5e7272725eb3,L1,Profile
b5f403e3-8833-4b5c-ad30-5e7272725eb3,L1,Profile
b5f403e3-8833-4b5c-ad30-5e7272725eb3,L1,Profile
b5f403e3-8833-4b5c-ad30-5e7272725eb3,L1,Profile
b5f403e3-8833-4b5c-ad30-5e7272725eb3,L1,Profile
b5f403e3-8833-4b5c-ad30-5e7272725eb3,L1,Profile
b5f403e3-8833-4b5c-ad30-5e7272725eb3,L1,Profile
b5f403e3-8833-4b5c-ad30-5e7272725eb3,L1,Profile
b5f403e3-8833-4b5c-ad30-5e7272725eb3,L1,Profile
b5f403e3-8833-4b5c-ad30-5e7272725eb3,L1,Profile
b5f403e3-8833-4b5c-ad30-5e7272725eb3,L1,Profile
b5f403e3-8833-4b5c-ad30-5e7272725eb3,L1,Profile
b5f403e3-8833-4b5c-ad30-5e7272725eb3,L1,Profile
b5f403e3-8833-4b5c-ad30-5e7272725eb3,L1,Profile
b5f403e3-8833-4b5c-ad30-5e7272725eb3,L1,Profile
b5f403e3-8833-4b5c-ad30-5e7272725eb3,L1,Profile
b5f403e3-8833-4b5c-ad30-5e7272725eb3,L1,Profile
b5f403e3-8833-4b5c-ad30-5e7272725eb3,L1,Profile
b5f403e3-8833-4b5c-ad30-5e7272725eb3,L1,Profile
b5f403e3-8833-4b5c-ad30-5e7272725eb3,L1,Profile
b5f403e3-8833-4b5c-ad30-5e7272725eb3,L1,Profile
b5f403e3-8833-4b5c-ad30-5e7272725eb3,L1,Profile
b5f403e3-8833-4b5c-ad30-5e7272725eb3,L1,Profile
b5f403e3-8833-4b5c-ad30-5e7272725eb3,L1,Profile
b5f403e3-8833-4b5c-ad30-5e7272725eb3,L1,Profile
b5f403e3-8833-4b5c-ad30-5e7272725eb3,L1,Profile
b5f403e3-8833-4b5c-ad30-5e7272725eb3,L1,Profile
b5f403e3-8833-4b5c-ad30-5e7272725eb3,L1,Profile
b5f403e3-8833-4b5c-ad30-5e7272725eb3,L1,Profile
b5f403e3-8833-4b5c-ad30-5e7272725eb3,L1,Profile
b5f403e3-8833-4b5c-ad30-5e7272725eb3,L1,Profile
b5f403e3-8833-4b5c-ad30-5e7272725eb3,L1,Profile
b5f403e3-8833-4b5c-ad30-5e7272725eb3,L1,Profile
b5f403e3-8833-4b5c-ad30-5e7272725eb3,L1,Profile
b5f403e3-8833-4b5c-ad30-5e7272725eb3,L1,Profile
b5f403e3-8833-4b5c-ad30-5e7272725eb3,L1,Profile
b5f403e3-8833-4b5c-ad30-5e7272725eb3,L1,Profile
b5f403e3-8833-4b5c-ad30-5e7272725eb3,L1,Profile
b5f403e3-8833-4b5c-ad30-5e7272725eb3,L1,Profile
b5f403e3-8833-4b5c-ad30-5e7272725eb3,L1,Profile
b5f403e3-8833-4b5c-ad30-5e7272725eb3,L1,Profile
b5f403e3-8833-4b5c-ad30-5e7272725eb3,L1,Profile
b5f403e3-8833-4b5c-ad30-5e7272725eb3,L1,Profile
b5f403e3-8833-4b5c-ad30-5e7272725eb3,L1,Profile
b5f403e3-8833-4b5c-ad30-5e7272725eb3,L1,Profile
b5f403e3-8833-4b5c-ad30-5e7272725eb3,L1,Profile
b5f403e3-8833-4b5c-ad30-5e7272725eb3,L1,Profile
b5f403e3-8833-4b5c-ad30-5e7272725eb3,L1,Profile
b5f403e3-8833-4b5c-ad30-5e7272725eb3,L1,Profile
b5f403e3-8833-4b5c-ad30-5e7272725eb3,L1,Profile
b5f403e3-8833-4b5c-ad30-5e7272725eb3,L1,Profile
b5f403e3-8833-4b5c-ad30-5e7272725eb3,L1,Profile
b5f403e3-8833-4b5c-ad30-5e7272725eb3,L1,Profile
b5f403e3-8833-4b5c-ad30-5e7272725eb3,L1,Profile
b5f403e3-8833-4b5c-ad30-5e7272725eb3,L1,Profile
b5f403e3-8833-4b5c-ad30-5e7272725eb3,L1,Profile
b5f403e3-8833-4b5c-ad30-5e7272725eb3,L1,Profile
b5f403e3-8833-4b5c-ad30-5e7272725eb3,L1,Profile
b5f403e3-8833-4b5c-ad30-5e7272725eb3,L1,Profile
b5f403e3-8833-4b5c-ad30-5e7272725eb3,L1,Profile
b5f403e3-8833-4b5c-ad30-5e7272725eb3,L1,Profile
b5f403e3-8833-4b5c-ad30-5e7272725eb3,L1,Profile
b5f403e3-8833-4b5c-ad30-5e7272725eb3,L1,Profile
b5f403e3-8833-4b5c-ad30-5e7272725eb3,L1,Profile
b5f403e3-8833-4b5c-ad30-5e7272725eb3,L1,Profile
b5f403e3-8833-4b5c-ad30-5e7272725eb3,L1,Profile
b5f403e3-8833-4b5c-ad30-5e7272725eb3,L1,Profile
b5f403e3-8833-4b5c-ad30-5e7272725eb3,L1,Profile
b5f403e3-8833-4b5c-ad30-5e7272725eb3,L1,Profile
b5f403e3-8833-4b5c-ad30-5e7272725eb3,L1,Profile
b5f403e3-8833-4b5c-ad30-5e7272725eb3,L1,Profile
b5f403e3-8833-4b5c-ad30-5e7272725eb3,L1,Profile
b5f403e3-8833-4b5c-ad30-5e7272725eb3,L1,Profile
b5f403e3-8833-4b5c-ad30-5e7272725eb3,L1,Profile
b5f403e3-8833-4b5c-ad30-5e7272725eb3,L1,Profile
b5f403e3-8833-4b5c-ad30-5e7272725eb3,L1,Profile
b5f403e3-8833-4b5c-ad30-5e7272725eb3,L1,Profile
b5f403e3-8833-4b5c-ad30-5e7272725eb3,L1,Profile
b5f403e3-8833-4b5c-ad30-5e7272725eb3,L1,Profile
b5f403e3-8833-4b5c-ad30-5e7272725eb3,L1,Profile
b5f403e3-8833-4b5c-ad30-5e7272725eb3,L1,Profile
b5f403e3-8833-4b5c-ad30-5e7272725eb3,L1,Profile
b5f403e3-8833-4b5c-ad30-5e7272725eb3,L1,Profile
b5f403e3-8833-4b5c-ad30-5e7272725eb3,L1,Profile
b5f403e3-8833-4b5c-ad30-5e7272725eb3,L1,Profile
b5f403e3-8833-4b5c-ad30-5e7272725eb3,L1,Profile
b5f403e3-8833-4b5c-ad30-5e7272725eb3,L1,Profile
b5f403e3-8833-4b5c-ad30-5e7272725eb3,L1,Profile
b5f403e3-8833-4b5c-ad30-5e7272725eb3,L1,Profile
b5f403e3-8833-4b5c-ad30-5e7272725eb3,L1,Profile
b5f403e3-8833-4b5c-ad30-5e7272725eb3,L1,Profile
b5f403e3-8833-4b5c-ad30-5e7272725eb3,L1,Profile
b5f403e3-8833-4b5c-ad30-5e7272725eb3,L1,Profile
b5f403e3-8833-4b5c-ad30-5e7272725eb3,L1,Profile
b5f403e3-8833-4b5c-ad30-5e7272725eb3,L1,Profile
b5f403e3-8833-4b5c-ad30-5e7272725eb3,L1,Profile
b5f403e3-8833-4b5c-ad30-5e7272725eb3,L1,Profile
b5f403e3-8833-4b5c-ad30-5e7272725eb3,L1,Profile
b5f403e3-8833-4b5c-ad30-5e7272725eb3,L1,Profile
b5f403e3-8833-4b5c-ad30-5e7272725eb3,L1,Profile
b5f403e3-8833-4b5c-ad30-5e7272725eb3,L1,Profile
b5f403e3-8833-4b5c-ad30-5e7272725eb3,L1,Profile
b5f403e3-8833-4b5c-ad30-5e7272725eb3,L1,Profile
b5f403e3-8833-4b5c-ad30-5e7272725eb3,L1,Profile
b5f403e3-8833-4b5c-ad30-5e7272725eb3,L1,Profile
b5f403e3-8833-4b5c-ad30-5e7272725eb3,L1,Profile
b5f403e3-8833-4b5c-ad30-5e7272725eb3,L1,Profile
b5f403e3-8833-4b5c-ad30-5e7272725eb3,L1,Profile
b5f403e3-8833-4b5c-ad30-5e7272725eb3,L1,Profile
b5f403e3-8833-4b5c-ad30-5e7272725eb3,L1,Profile
b5f403e3-8833-4b5c-ad30-5e7272725eb3,L1,Profile
b5f403e3-8833-4b5c-ad30-5e7272725eb3,L1,Profile
b5f403e3-8833-4b5c-ad30-5e7272725eb3,L1,Profile
b5f403e3-8833-4b5c-ad30-5e7272725eb3,L1,Profile
b5f403e3-8833-4b5c-ad30-5e7272725eb3,L1,Profile
b5f403e3-8833-4b5c-ad30-5e7272725eb3,L1,Profile
b5f403e3-8833-4b5c-ad30-5e7272725eb3,L1,Profile
b5f403e3-8833-4b5c-ad30-5e7272725eb3,L1,Profile
b5f403e3-8833-4b5c-ad30-5e7272725eb3,L1,Profile
b5f403e3-8833-4b5c-ad30-5e7272725eb3,L1,Profile
b5f403e3-8833-4b5c-ad30-5e7272725eb3,L1,Profile
b5f403e3-8833-4b5c-ad30-5e7272725eb3,L1,Profile
b5f403e3-8833-4b5c-ad30-5e7272725eb3,L1,Profile
b5f403e3-8833-4b5c-ad30-5e7272725eb3,L1,Profile
b5f403e3-8833-4b5c-ad30-5e7272725eb3,L1,Profile
b5f403e3-8833-4b5c-ad30-5e7272725eb3,L1,Profile
b5f403e3-8833-4b5c-ad30-5e7272725eb3,L1,Profile
b5f403e3-8833-4b5c-ad30-5e7272725eb3,L1,Profile
b5f403e3-8833-4b5c-ad30-5e7272725eb3,L1,Profile
b5f403e3-8833-4b5c-ad30-5e7272725eb3,L1,Profile
b5f403e3-8833-4b5c-ad30-5e7272725eb3,L1,Profile
b5f403e3-8833-4b5c-ad30-5e7272725eb3,L1,Profile
b5f403e3-8833-4b5c-ad30-5e7272725eb3,L1,Profile
b5f403e3-8833-4b5c-ad30-5e7272725eb3,L1,Profile
b5f403e3-8833-4b5c-ad30-5e7272725eb3,L1,Profile
b5f403e3-8833-4b5c-ad30-5e7272725eb3,L1,Profile
b5f403e3-8833-4b5c-ad30-5e7272725eb3,L1,Profile
b5f403e3-8833-4b5c-ad30-5e7272725eb3,L1,Profile
b5f403e3-8833-4b5c-ad30-5e7272725eb3,L1,Profile
b5f403e3-8833-4b5c-ad30-5e7272725eb3,L1,Profile
b5f403e3-8833-4b5c-ad30-5e7272725eb3,L1,Profile
b5f403e3-8833-4b5c-ad30-5e7272725eb3,L1,Profile
b5f403e3-8833-4b5c-ad30-5e7272725eb3,L1,Profile
b5f403e3-8833-4b5c-ad30-5e7272725eb3,L1,Profile
b5f403e3-8833-4b5c-ad30-5e7272725eb3,L1,Profile
b5f403e3-8833-4b5c-ad30-5e7272725eb3,L1,Profile
b5f403e3-8833-4b5c-ad30-5e7272725eb3,L1,Profile
b5f403e3-8833-4b5c-ad30-5e7272725eb3,L1,Profile
b5f403e3-8833-4b5c-ad30-5e7272725eb3,L1,Profile
b5f403e3-8833-4b5c-ad30-5e7272725eb3,L1,Profile
b5f403e3-8833-4b5c-ad30-5e7272725eb3,L1,Profile
b5f403e3-8833-4b5c-ad30-5e7272725eb3,L1,Profile
b5f403e3-8833-4b5c-ad30-5e7272725eb3,L1,Profile
b5f403e3-8833-4b5c-ad30-5e7272725eb3,L1,Profile
b5f403e3-8833-4b5c-ad30-5e7272725eb3,L1,Profile
b5f403e3-8833-4b5c-ad30-5e7272725eb3,L1,Profile
b5f403e3-8833-4b5c-ad30-5e7272725eb3,L1,Profile
b5f403e3-8833-4b5c-ad30-5e7272725eb3,L1,Profile
b5f403e3-8833-4b5c-ad30-5e7272725eb3,L1,Profile
b5f403e3-8833-4b5c-ad30-5e7272725eb3,L1,Profile
b5f403e3-8833-4b5c-ad30-5e7272725eb3,L1,Profile
b5f403e3-8833-4b5c-ad30-5e7272725eb3,L1,Profile
b5f403e3-8833-4b5c-ad30-5e7272725eb3,L1,Profile
b5f403e3-8833-4b5c-ad30-5e7272725eb3,L1,Profile
b5f403e3-8833-4b5c-ad30-5e7272725eb3,L1,Profile
b5f403e3-8833-4b5c-ad30-5e7272725eb3,L1,Profile
b5f403e3-8833-4b5c-ad30-5e7272725eb3,L1,Profile
b5f403e3-8833-4b5c-ad30-5e7272725eb3,L1,Profile
b5f403e3-8833-4b5c-ad30-5e7272725eb3,L1,Profile
b5f403e3-8833-4b5c-ad30-5e7272725eb3,L1,Profile
b5f403e3-8833-4b5c-ad30-5e7272725eb3,L1,Profile
b5f403e3-8833-4b5c-ad30-5e7272725eb3,L1,Profile
b5f403e3-8833-4b5c-ad30-5e7272725eb3,L1,Profile
b5f403e3-8833-4b5c-ad30-5e7272725eb3,L1,Profile
b5f403e3-8833-4b5c-ad30-5e7272725eb3,L1,Profile
b5f403e3-8833-4b5c-ad30-5e7272725eb3,L1,Profile
b5f403e3-8833-4b5c-ad30-5e7272725eb3,L1,Profile
b5f403e3-8833-4b5c-ad30-5e7272725eb3,L1,Profile
b5f403e3-8833-4b5c-ad30-5e7272725eb3,L1,Profile
b5f403e3-8833-4b5c-ad30-5e7272725eb3,L1,Profile
b5f403e3-8833-4b5c-ad30-5e7272725eb3,L1,Profile
b5f403e3-8833-4b5c-ad30-5e7272725eb3,L1,Profile
b5f403e3-8833-4b5c-ad30-5e7272725eb3,L1,Profile
b5f403e3-8833-4b5c-ad30-5e7272725eb3,L1,Profile
b5f403e3-8833-4b5c-ad30-5e7272725eb3,L1,Profile
b5f403e3-8833-4b5c-ad30-5e7272725eb3,L1,Profile
b5f403e3-8833-4b5c-ad30-5e7272725eb3,L1,Profile
b5f403e3-8833-4b5c-ad30-5e7272725eb3,L1,Profile
b5f403e3-8833-4b5c-ad30-5e7272725eb3,L1,Profile
b5f403e3-8833-4b5c-ad30-5e7272725eb3,L1,Profile
b5f403e3-8833-4b5c-ad30-5e7272725eb3,L1,Profile
b5f403e3-8833-4b5c-ad30-5e7272725eb3,L1,Profile
b5f403e3-8833-4b5c-ad30-5e7272725eb3,L1,Profile
b5f403e3-8833-4b5c-ad30-5e7272725eb3,L1,Profile
b5f403e3-8833-4b5c-ad30-5e7272725eb3,L1,Profile
b5f403e3-8833-4b5c-ad30-5e7272725eb3,L1,Profile
b5f403e3-8833-4b5c-ad30-5e7272725eb3,L1,Profile
b5f403e3-8833-4b5c-ad30-5e7272725eb3,L1,Profile
b5f403e3-8833-4b5c-ad30-5e7272725eb3,L1,Profile
b5f403e3-8833-4b5c-ad30-5e7272725eb3,L1,Profile
b5f403e3-8833-4b5c-ad30-5e7272725eb3,L1,Profile
b5f403e3-8833-4b5c-ad30-5e7272725eb3,L1,Profile
b5f403e3-8833-4b5c-ad30-5e7272725eb3,L1,Profile
b5f403e3-8833-4b5c-ad30-5e7272725eb3,L1,Profile
b5f403e3-8833-4b5c-ad30-5e7272725eb3,L1,Profile
b5f403e3-8833-4b5c-ad30-5e7272725eb3,L1,Profile
b5f403e3-8833-4b5c-ad30-5e7272725eb3,L1,Profile
b5f403e3-8833-4b5c-ad30-5e7272725eb3,L1,Profile
b5f403e3-8833-4b5c-ad30-5e7272725eb3,L1,Profile
b5f403e3-8833-4b5c-ad30-5e7272725eb3,L1,Profile
b5f403e3-8833-4b5c-ad30-5e7272725eb3,L1,Profile
b5f403e3-8833-4b5c-ad30-5e7272725eb3,L1,Profile
b5f403e3-8833-4b5c-ad30-5e7272725eb3,L1,Profile
b5f403e3-8833-4b5c-ad30-5e7272725eb3,L1,Profile
b5f403e3-8833-4b5c-ad30-5e7272725eb3,L1,Profile
b5f403e3-8833-4b5c-ad30-5e7272725eb3,L1,Profile
b5f403e3-8833-4b5c-ad30-5e7272725eb3,L1,Profile
b5f403e3-8833-4b5c-ad30-5e7272725eb3,L1,Profile
b5f403e3-8833-4b5c-ad30-5e7272725eb3,L1,Profile
b5f403e3-8833-4b5c-ad30-5e7272725eb3,L1,Profile
b5f403e3-8833-4b5c-ad30-5e7272725eb3,L1,Profile
b5f403e3-8833-4b5c-ad30-5e7272725eb3,L1,Profile
b5f403e3-8833-4b5c-ad30-5e7272725eb3,L1,Profile
b5f403e3-8833-4b5c-ad30-5e7272725eb3,L1,Profile
b5f403e3-8833-4b5c-ad30-5e7272725eb3,L1,Profile
b5f403e3-8833-4b5c-ad30-5e7272725eb3,L1,Profile
b5f403e3-8833-4b5c-ad30-5e7272725eb3,L1,Profile
b5f403e3-8833-4b5c-ad30-5e7272725eb3,L1,Profile
b5f403e3-8833-4b5c-ad30-5e7272725eb3,L1,Profile
b5f403e3-8833-4b5c-ad30-5e7272725eb3,L1,Profile
b5f403e3-8833-4b5c-ad30-5e7272725eb3,L1,Profile
b5f403e3-8833-4b5c-ad30-5e7272725eb3,L1,Profile
b5f403e3-8833-4b5c-ad30-5e7272725eb3,L1,Profile
b5f403e3-8833-4b5c-ad30-5e7272725eb3,L1,Profile
b5f403e3-8833-4b5c-ad30-5e7272725eb3,L1,Profile
b5f403e3-8833-4b5c-ad30-5e7272725eb3,L1,Profile
b5f403e3-8833-4b5c-ad30-5e7272725eb3,L1,Profile
b5f403e3-8833-4b5c-ad30-5e7272725eb3,L1,Profile
b5f403e3-8833-4b5c-ad30-5e7272725eb3,L1,Profile
b5f403e3-8833-4b5c-ad30-5e7272725eb3,L1,Profile
b5f403e3-8833-4b5c-ad30-5e7272725eb3,L1,Profile
b5f403e3-8833-4b5c-ad30-5e7272725eb3,L1,Profile
b5f403e3-8833-4b5c-ad30-5e7272725eb3,L1,Profile
b5f403e3-8833-4b5c-ad30-5e7272725eb3,L1,Profile
b5f403e3-8833-4b5c-ad30-5e7272725eb3,L1,Profile
b5f403e3-8833-4b5c-ad30-5e7272725eb3,L1,Profile
b5f403e3-8833-4b5c-ad30-5e7272725eb3,L1,Profile
b5f403e3-8833-4b5c-ad30-5e7272725eb3,L1,Profile
b5f403e3-8833-4b5c-ad30-5e7272725eb3,L1,Profile
b5f403e3-8833-4b5c-ad30-5e7272725eb3,L1,Profile
b5f403e3-8833-4b5c-ad30-5e7272725eb3,L1,Profile
b5f403e3-8833-4b5c-ad30-5e7272725eb3,L1,Profile
b5f403e3-8833-4b5c-ad30-5e7272725eb3,L1,Profile
b5f403e3-8833-4b5c-ad30-5e7272725eb3,L1,Profile
b5f403e3-8833-4b5c-ad30-5e7272725eb3,L1,Profile
b5f403e3-8833-4b5c-ad30-5e7272725eb3,L1,Profile
b5f403e3-8833-4b5c-ad30-5e7272725eb3,L1,Profile
b5f403e3-8833-4b5c-ad30-5e7272725eb3,L1,Profile
b5f403e3-8833-4b5c-ad30-5e7272725eb3,L1,Profile
b5f403e3-8833-4b5c-ad30-5e7272725eb3,L1,Profile
b5f403e3-8833-4b5c-ad30-5e7272725eb3,L1,Profile
b5f403e3-8833-4b5c-ad30-5e7272725eb3,L1,Profile
b5f403e3-8833-4b5c-ad30-5e7272725eb3,L1,Profile
b5f403e3-8833-4b5c-ad30-5e7272725eb3,L1,Profile
b5f403e3-8833-4b5c-ad30-5e7272725eb3,L1,Profile
b5f403e3-8833-4b5c-ad30-5e7272725eb3,L1,Profile
b5f403e3-8833-4b5c-ad30-5e7272725eb3,L1,Profile
b5f403e3-8833-4b5c-ad30-5e7272725eb3,L1,Profile
b5f403e3-8833-4b5c-ad30-5e7272725eb3,L1,Profile
b5f403e3-8833-4b5c-ad30-5e7272725eb3,L1,Profile
b5f403e3-8833-4b5c-ad30-5e7272725eb3,L1,Profile
b5f403e3-8833-4b5c-ad30-5e7272725eb3,L1,Profile
b5f403e3-8833-4b5c-ad30-5e7272725eb3,L1,Profile
b5f403e3-8833-4b5c-ad30-5e7272725eb3,L1,Profile
b5f403e3-8833-4b5c-ad30-5e7272725eb3,L1,Profile
b5f403e3-8833-4b5c-ad30-5e7272725eb3,L1,Profile
b5f403e3-8833-4b5c-ad30-5e7272725eb3,L1,Profile
b5f403e3-8833-4b5c-ad30-5e7272725eb3,L1,Profile
b5f403e3-8833-4b5c-ad30-5e7272725eb3,L1,Profile
b5f403e3-8833-4b5c-ad30-5e7272725eb3,L1,Profile
b5f403e3-8833-4b5c-ad30-5e7272725eb3,L1,Profile
b5f403e3-8833-4b5c-ad30-5e7272725eb3,L1,Profile
b5f403e3-8833-4b5c-ad30-5e7272725eb3,L1,Profile
b5f403e3-8833-4b5c-ad30-5e7272725eb3,L1,Profile
b5f403e3-8833-4b5c-ad30-5e7272725eb3,L1,Profile
b5f403e3-8833-4b5c-ad30-5e7272725eb3,L1,Profile
b5f403e3-8833-4b5c-ad30-5e7272725eb3,L1,Profile
b5f403e3-8833-4b5c-ad30-5e7272725eb3,L1,Profile
b5f403e3-8833-4b5c-ad30-5e7272725eb3,L1,Profile
b5f403e3-8833-4b5c-ad30-5e7272725eb3,L1,Profile
b5f403e3-8833-4b5c-ad30-5e7272725eb3,L1,Profile
b5f403e3-8833-4b5c-ad30-5e7272725eb3,L1,Profile
b5f403e3-8833-4b5c-ad30-5e7272725eb3,L1,Profile
b5f403e3-8833-4b5c-ad30-5e7272725eb3,L1,Profile
b5f403e3-8833-4b5c-ad30-5e7272725eb3,L1,Profile
b5f403e3-8833-4b5c-ad30-5e7272725eb3,L1,Profile
b5f403e3-8833-4b5c-ad30-5e7272725eb3,L1,Profile
b5f403e3-8833-4b5c-ad30-5e7272725eb3,L1,Profile
b5f403e3-8833-4b5c-ad30-5e7272725eb3,L1,Profile
b5f403e3-8833-4b5c-ad30-5e7272725eb3,L1,Profile
b5f403e3-8833-4b5c-ad30-5e7272725eb3,L1,Profile
b5f403e3-8833-4b5c-ad30-5e7272725eb3,L1,Profile
b5f403e3-8833-4b5c-ad30-5e7272725eb3,L1,Profile
b5f403e3-8833-4b5c-ad30-5e7272725eb3,L1,Profile
b5f403e3-8833-4b5c-ad30-5e7272725eb3,L1,Profile
b5f403e3-8833-4b5c-ad30-5e7272725eb3,L1,Profile
b5f403e3-8833-4b5c-ad30-5e7272725eb3,L1,Profile
b5f403e3-8833-4b5c-ad30-5e7272725eb3,L1,Profile
b5f403e3-8833-4b5c-ad30-5e7272725eb3,L1,Profile
b5f403e3-8833-4b5c-ad30-5e7272725eb3,L1,Profile
b5f403e3-8833-4b5c-ad30-5e7272725eb3,L1,Profile
b5f403e3-8833-4b5c-ad30-5e7272725eb3,L1,Profile
b5f403e3-8833-4b5c-ad30-5e7272725eb3,L1,Profile
b5f403e3-8833-4b5c-ad30-5e7272725eb3,L1,Profile
b5f403e3-8833-4b5c-ad30-5e7272725eb3,L1,Profile
b5f403e3-8833-4b5c-ad30-5e7272725eb3,L1,Profile
b5f403e3-8833-4b5c-ad30-5e7272725eb3,L1,Profile
b5f403e3-8833-4b5c-ad30-5e7272725eb3,L1,Profile
b5f403e3-8833-4b5c-ad30-5e7272725eb3,L1,Profile
b5f403e3-8833-4b5c-ad30-5e7272725eb3,L1,Profile
b5f403e3-8833-4b5c-ad30-5e7272725eb3,L1,Profile
b5f403e3-8833-4b5c-ad30-5e7272725eb3,L1,Profile
b5f403e3-8833-4b5c-ad30-5e7272725eb3,L1,Profile
b5f403e3-8833-4b5c-ad30-5e7272725eb3,L1,Profile
b5f403e3-8833-4b5c-ad30-5e7272725eb3,L1,Profile
b5f403e3-8833-4b5c-ad30-5e7272725eb3,L1,Profile
b5f403e3-8833-4b5c-ad30-5e7272725eb3,L1,Profile
b5f403e3-8833-4b5c-ad30-5e7272725eb3,L1,Profile
b5f403e3-8833-4b5c-ad30-5e7272725eb3,L1,Profile
b5f403e3-8833-4b5c-ad30-5e7272725eb3,L1,Profile
b5f403e3-8833-4b5c-ad30-5e7272725eb3,L1,Profile
b5f403e3-8833-4b5c-ad30-5e7272725eb3,L1,Profile
b5f403e3-8833-4b5c-ad30-5e7272725eb3,L1,Profile
b5f403e3-8833-4b5c-ad30-5e7272725eb3,L1,Profile
b5f403e3-8833-4b5c-ad30-5e7272725eb3,L1,Profile
b5f403e3-8833-4b5c-ad30-5e7272725eb3,L1,Profile
b5f403e3-8833-4b5c-ad30-5e7272725eb3,L1,Profile
b5f403e3-8833-4b5c-ad30-5e7272725eb3,L1,Profile
b5f403e3-8833-4b5c-ad30-5e7272725eb3,L1,Profile
b5f403e3-8833-4b5c-ad30-5e7272725eb3,L1,Profile
b5f403e3-8833-4b5c-ad30-5e7272725eb3,L1,Profile
b5f403e3-8833-4b5c-ad30-5e7272725eb3,L1,Profile
b5f403e3-8833-4b5c-ad30-5e7272725eb3,L1,Profile
b5f403e3-8833-4b5c-ad30-5e7272725eb3,L1,Profile
b5f403e3-8833-4b5c-ad30-5e7272725eb3,L1,Profile
b5f403e3-8833-4b5c-ad30-5e7272725eb3,L1,Profile
b5f403e3-8833-4b5c-ad30-5e7272725eb3,L1,Profile
b5f403e3-8833-4b5c-ad30-5e7272725eb3,L1,Profile
b5f403e3-8833-4b5c-ad30-5e7272725eb3,L1,Profile
b5f403e3-8833-4b5c-ad30-5e7272725eb3,L1,Profile
b5f403e3-8833-4b5c-ad30-5e7272725eb3,L1,Profile
b5f403e3-8833-4b5c-ad30-5e7272725eb3,L1,Profile
b5f403e3-8833-4b5c-ad30-5e7272725eb3,L1,Profile
b5f403e3-8833-4b5c-ad30-5e7272725eb3,L1,Profile
b5f403e3-8833-4b5c-ad30-5e7272725eb3,L1,Profile
b5f403e3-8833-4b5c-ad30-5e7272725eb3,L1,Profile
b5f403e3-8833-4b5c-ad30-5e7272725eb3,L1,Profile
b5f403e3-8833-4b5c-ad30-5e7272725eb3,L1,Profile
b5f403e3-8833-4b5c-ad30-5e7272725eb3,L1,Profile
b5f403e3-8833-4b5c-ad30-5e7272725eb3,L1,Profile
b5f403e3-8833-4b5c-ad30-5e7272725eb3,L1,Profile
b5f403e3-8833-4b5c-ad30-5e7272725eb3,L1,Profile
b5f403e3-8833-4b5c-ad30-5e7272725eb3,L1,Profile
b5f403e3-8833-4b5c-ad30-5e7272725eb3,L1,Profile
b5f403e3-8833-4b5c-ad30-5e7272725eb3,L1,Profile
b5f403e3-8833-4b5c-ad30-5e7272725eb3,L1,Profile
b5f403e3-8833-4b5c-ad30-5e7272725eb3,L1,Profile
b5f403e3-8833-4b5c-ad30-5e7272725eb3,L1,Profile
b5f403e3-8833-4b5c-ad30-5e7272725eb3,L1,Profile
b5f403e3-8833-4b5c-ad30-5e7272725eb3,L1,Profile
b5f403e3-8833-4b5c-ad30-5e7272725eb3,L1,Profile
b5f403e3-8833-4b5c-ad30-5e7272725eb3,L1,Profile
b5f403e3-8833-4b5c-ad30-5e7272725eb3,L1,Profile
b5f403e3-8833-4b5c-ad30-5e7272725eb3,L1,Profile
b5f403e3-8833-4b5c-ad30-5e7272725eb3,L1,Profile
b5f403e3-8833-4b5c-ad30-5e7272725eb3,L1,Profile
b5f403e3-8833-4b5c-ad30-5e7272725eb3,L1,Profile
b5f403e3-8833-4b5c-ad30-5e7272725eb3,L1,Profile
b5f403e3-8833-4b5c-ad30-5e7272725eb3,L1,Profile
b5f403e3-8833-4b5c-ad30-5e7272725eb3,L1,Profile
b5f403e3-8833-4b5c-ad30-5e7272725eb3,L1,Profile
b5f403e3-8833-4b5c-ad30-5e7272725eb3,L1,Profile
b5f403e3-8833-4b5c-ad30-5e7272725eb3,L1,Profile
b5f403e3-8833-4b5c-ad30-5e7272725eb3,L1,Profile
b5f403e3-8833-4b5c-ad30-5e7272725eb3,L1,Profile
b5f403e3-8833-4b5c-ad30-5e7272725eb3,L1,Profile
b5f403e3-8833-4b5c-ad30-5e7272725eb3,L1,Profile
b5f403e3-8833-4b5c-ad30-5e7272725eb3,L1,Profile
b5f403e3-8833-4b5c-ad30-5e7272725eb3,L1,Profile
b5f403e3-8833-4b5c-ad30-5e7272725eb3,L1,Profile
b5f403e3-8833-4b5c-ad30-5e7272725eb3,L1,Profile
b5f403e3-8833-4b5c-ad30-5e7272725eb3,L1,Profile
b5f403e3-8833-4b5c-ad30-5e7272725eb3,L1,Profile
b5f403e3-8833-4b5c-ad30-5e7272725eb3,L1,Profile
b5f403e3-8833-4b5c-ad30-5e7272725eb3,L1,Profile
b5f403e3-8833-4b5c-ad30-5e7272725eb3,L1,Profile
b5f403e3-8833-4b5c-ad30-5e7272725eb3,L1,Profile
b5f403e3-8833-4b5c-ad30-5e7272725eb3,L1,Profile
b5f403e3-8833-4b5c-ad30-5e7272725eb3,L1,Profile
b5f403e3-8833-4b5c-ad30-5e7272725eb3,L1,Profile
b5f403e3-8833-4b5c-ad30-5e7272725eb3,L1,Profile
b5f403e3-8833-4b5c-ad30-5e7272725eb3,L1,Profile
b5f403e3-8833-4b5c-ad30-5e7272725eb3,L1,Profile
b5f403e3-8833-4b5c-ad30-5e7272725eb3,L1,Profile
b5f403e3-8833-4b5c-ad30-5e7272725eb3,L1,Profile
b5f403e3-8833-4b5c-ad30-5e7272725eb3,L1,Profile
b5f403e3-8833-4b5c-ad30-5e7272725eb3,L1,Profile
b5f403e3-8833-4b5c-ad30-5e7272725eb3,L1,Profile
b5f403e3-8833-4b5c-ad30-5e7272725eb3,L1,Profile
b5f403e3-8833-4b5c-ad30-5e7272725eb3,L1,Profile
b5f403e3-8833-4b5c-ad30-5e7272725eb3,L1,Profile
b5f403e3-8833-4b5c-ad30-5e7272725eb3,L1,Profile
b5f403e3-8833-4b5c-ad30-5e7272725eb3,L1,Profile
b5f403e3-8833-4b5c-ad30-5e7272725eb3,L1,Profile
b5f403e3-8833-4b5c-ad30-5e7272725eb3,L1,Profile
b5f403e3-8833-4b5c-ad30-5e7272725eb3,L1,Profile
b5f403e3-8833-4b5c-ad30-5e7272725eb3,L1,Profile
b5f403e3-8833-4b5c-ad30-5e7272725eb3,L1,Profile
b5f403e3-8833-4b5c-ad30-5e7272725eb3,L1,Profile
b5f403e3-8833-4b5c-ad30-5e7272725eb3,L1,Profile
b5f403e3-8833-4b5c-ad30-5e7272725eb3,L1,Profile
b5f403e3-8833-4b5c-ad30-5e7272725eb3,L1,Profile
b5f403e3-8833-4b5c-ad30-5e7272725eb3,L1,Profile
b5f403e3-8833-4b5c-ad30-5e7272725eb3,L1,Profile
b5f403e3-8833-4b5c-ad30-5e7272725eb3,L1,Profile
b5f403e3-8833-4b5c-ad30-5e7272725eb3,L1,Profile
b5f403e3-8833-4b5c-ad30-5e7272725eb3,L1,Profile
b5f403e3-8833-4b5c-ad30-5e7272725eb3,L1,Profile
b5f403e3-8833-4b5c-ad30-5e7272725eb3,L1,Profile
b5f403e3-8833-4b5c-ad30-5e7272725eb3,L1,Profile
b5f403e3-8833-4b5c-ad30-5e7272725eb3,L1,Profile
b5f403e3-8833-4b5c-ad30-5e7272725eb3,L1,Profile
b5f403e3-8833-4b5c-ad30-5e7272725eb3,L1,Profile
b5f403e3-8833-4b5c-ad30-5e7272725eb3,L1,Profile
b5f403e3-8833-4b5c-ad30-5e7272725eb3,L1,Profile
b5f403e3-8833-4b5c-ad30-5e7272725eb3,L1,Profile
b5f403e3-8833-4b5c-ad30-5e7272725eb3,L1,Profile
b5f403e3-8833-4b5c-ad30-5e7272725eb3,L1,Profile
b5f403e3-8833-4b5c-ad30-5e7272725eb3,L1,Profile
b5f403e3-8833-4b5c-ad30-5e7272725eb3,L1,Profile
b5f403e3-8833-4b5c-ad30-5e7272725eb3,L1,Profile
b5f403e3-8833-4b5c-ad30-5e7272725eb3,L1,Profile
b5f403e3-8833-4b5c-ad30-5e7272725eb3,L1,Profile
b5f403e3-8833-4b5c-ad30-5e7272725eb3,L1,Profile
b5f403e3-8833-4b5c-ad30-5e7272725eb3,L1,Profile
b5f403e3-8833-4b5c-ad30-5e7272725eb3,L1,Profile
b5f403e3-8833-4b5c-ad30-5e7272725eb3,L1,Profile
b5f403e3-8833-4b5c-ad30-5e7272725eb3,L1,Profile
b5f403e3-8833-4b5c-ad30-5e7272725eb3,L1,Profile
b5f403e3-8833-4b5c-ad30-5e7272725eb3,L1,Profile
b5f403e3-8833-4b5c-ad30-5e7272725eb3,L1,Profile
b5f403e3-8833-4b5c-ad30-5e7272725eb3,L1,Profile
b5f403e3-8833-4b5c-ad30-5e7272725eb3,L1,Profile
b5f403e3-8833-4b5c-ad30-5e7272725eb3,L1,Profile
b5f403e3-8833-4b5c-ad30-5e7272725eb3,L1,Profile
b5f403e3-8833-4b5c-ad30-5e7272725eb3,L1,Profile
b5f403e3-8833-4b5c-ad30-5e7272725eb3,L1,Profile
b5f403e3-8833-4b5c-ad30-5e7272725eb3,L1,Profile
b5f403e3-8833-4b5c-ad30-5e7272725eb3,L1,Profile
b5f403e3-8833-4b5c-ad30-5e7272725eb3,L1,Profile
b5f403e3-8833-4b5c-ad30-5e7272725eb3,L1,Profile
b5f403e3-8833-4b5c-ad30-5e7272725eb3,L1,Profile
b5f403e3-8833-4b5c-ad30-5e7272725eb3,L1,Profile
b5f403e3-8833-4b5c-ad30-5e7272725eb3,L1,Profile
b5f403e3-8833-4b5c-ad30-5e7272725eb3,L1,Profile
b5f403e3-8833-4b5c-ad30-5e7272725eb3,L1,Profile
b5f403e3-8833-4b5c-ad30-5e7272725eb3,L1,Profile
b5f403e3-8833-4b5c-ad30-5e7272725eb3,L1,Profile
b5f403e3-8833-4b5c-ad30-5e7272725eb3,L1,Profile
b5f403e3-8833-4b5c-ad30-5e7272725eb3,L1,Profile
b5f403e3-8833-4b5c-ad30-5e7272725eb3,L1,Profile
b5f403e3-8833-4b5c-ad30-5e7272725eb3,L1,Profile
b5f403e3-8833-4b5c-ad30-5e7272725eb3,L1,Profile
b5f403e3-8833-4b5c-ad30-5e7272725eb3,L1,Profile
b5f403e3-8833-4b5c-ad30-5e7272725eb3,L1,Profile
b5f403e3-8833-4b5c-ad30-5e7272725eb3,L1,Profile
b5f403e3-8833-4b5c-ad30-5e7272725eb3,L1,Profile
b5f403e3-8833-4b5c-ad30-5e7272725eb3,L1,Profile
b5f403e3-8833-4b5c-ad30-5e7272725eb3,L1,Profile
b5f403e3-8833-4b5c-ad30-5e7272725eb3,L1,Profile
b5f403e3-8833-4b5c-ad30-5e7272725eb3,L1,Profile
b5f403e3-8833-4b5c-ad30-5e7272725eb3,L1,Profile
b5f403e3-8833-4b5c-ad30-5e7272725eb3,L1,Profile
b5f403e3-8833-4b5c-ad30-5e7272725eb3,L1,Profile
b5f403e3-8833-4b5c-ad30-5e7272725eb3,L1,Profile
b5f403e3-8833-4b5c-ad30-5e7272725eb3,L1,Profile
b5f403e3-8833-4b5c-ad30-5e7272725eb3,L1,Profile
b5f403e3-8833-4b5c-ad30-5e7272725eb3,L1,Profile
b5f403e3-8833-4b5c-ad30-5e7272725eb3,L1,Profile
b5f403e3-8833-4b5c-ad30-5e7272725eb3,L1,Profile
b5f403e3-8833-4b5c-ad30-5e7272725eb3,L1,Profile
b5f403e3-8833-4b5c-ad30-5e7272725eb3,L1,Profile
b5f403e3-8833-4b5c-ad30-5e7272725eb3,L1,Profile
b5f403e3-8833-4b5c-ad30-5e7272725eb3,L1,Profile
b5f403e3-8833-4b5c-ad30-5e7272725eb3,L1,Profile
b5f403e3-8833-4b5c-ad30-5e7272725eb3,L1,Profile
b5f403e3-8833-4b5c-ad30-5e7272725eb3,L1,Profile
b5f403e3-8833-4b5c-ad30-5e7272725eb3,L1,Profile
b5f403e3-8833-4b5c-ad30-5e7272725eb3,L1,Profile
b5f403e3-8833-4b5c-ad30-5e7272725eb3,L1,Profile
b5f403e3-8833-4b5c-ad30-5e7272725eb3,L1,Profile
b5f403e3-8833-4b5c-ad30-5e7272725eb3,L1,Profile
b5f403e3-8833-4b5c-ad30-5e7272725eb3,L1,Profile
b5f403e3-8833-4b5c-ad30-5e7272725eb3,L1,Profile
b5f403e3-8833-4b5c-ad30-5e7272725eb3,L1,Profile
b5f403e3-8833-4b5c-ad30-5e7272725eb3,L1,Profile
b5f403e3-8833-4b5c-ad30-5e7272725eb3,L1,Profile
b5f403e3-8833-4b5c-ad30-5e7272725eb3,L1,Profile
b5f403e3-8833-4b5c-ad30-5e7272725eb3,L1,Profile
b5f403e3-8833-4b5c-ad30-5e7272725eb3,L1,Profile
b5f403e3-8833-4b5c-ad30-5e7272725eb3,L1,Profile
b5f403e3-8833-4b5c-ad30-5e7272725eb3,L1,Profile
b5f403e3-8833-4b5c-ad30-5e7272725eb3,L1,Profile
b5f403e3-8833-4b5c-ad30-5e7272725eb3,L1,Profile
b5f403e3-8833-4b5c-ad30-5e7272725eb3,L1,Profile
b5f403e3-8833-4b5c-ad30-5e7272725eb3,L1,Profile
b5f403e3-8833-4b5c-ad30-5e7272725eb3,L1,Profile
b5f403e3-8833-4b5c-ad30-5e7272725eb3,L1,Profile
b5f403e3-8833-4b5c-ad30-5e7272725eb3,L1,Profile
b5f403e3-8833-4b5c-ad30-5e7272725eb3,L1,Profile
b5f403e3-8833-4b5c-ad30-5e7272725eb3,L1,Profile
b5f403e3-8833-4b5c-ad30-5e7272725eb3,L1,Profile
b5f403e3-8833-4b5c-ad30-5e7272725eb3,L1,Profile
b5f403e3-8833-4b5c-ad30-5e7272725eb3,L1,Profile
b5f403e3-8833-4b5c-ad30-5e7272725eb3,L1,Profile
b5f403e3-8833-4b5c-ad30-5e7272725eb3,L1,Profile
b5f403e3-8833-4b5c-ad30-5e7272725eb3,L1,Profile
b5f403e3-8833-4b5c-ad30-5e7272725eb3,L1,Profile
b5f403e3-8833-4b5c-ad30-5e7272725eb3,L1,Profile
b5f403e3-8833-4b5c-ad30-5e7272725eb3,L1,Profile
b5f403e3-8833-4b5c-ad30-5e7272725eb3,L1,Profile
b5f403e3-8833-4b5c-ad30-5e7272725eb3,L1,Profile
b5f403e3-8833-4b5c-ad30-5e7272725eb3,L1,Profile
b5f403e3-8833-4b5c-ad30-5e7272725eb3,L1,Profile
b5f403e3-8833-4b5c-ad30-5e7272725eb3,L1,Profile
b5f403e3-8833-4b5c-ad30-5e7272725eb3,L1,Profile
b5f403e3-8833-4b5c-ad30-5e7272725eb3,L1,Profile
b5f403e3-8833-4b5c-ad30-5e7272725eb3,L1,Profile
b5f403e3-8833-4b5c-ad30-5e7272725eb3,L1,Profile
b5f403e3-8833-4b5c-ad30-5e7272725eb3,L1,Profile
b5f403e3-8833-4b5c-ad30-5e7272725eb3,L1,Profile
b5f403e3-8833-4b5c-ad30-5e7272725eb3,L1,Profile
b5f403e3-8833-4b5c-ad30-5e7272725eb3,L1,Profile
b5f403e3-8833-4b5c-ad30-5e7272725eb3,L1,Profile
b5f403e3-8833-4b5c-ad30-5e7272725eb3,L1,Profile
b5f403e3-8833-4b5c-ad30-5e7272725eb3,L1,Profile
b5f403e3-8833-4b5c-ad30-5e7272725eb3,L1,Profile
b5f403e3-8833-4b5c-ad30-5e7272725eb3,L1,Profile
b5f403e3-8833-4b5c-ad30-5e7272725eb3,L1,Profile
b5f403e3-8833-4b5c-ad30-5e7272725eb3,L1,Profile
b5f403e3-8833-4b5c-ad30-5e7272725eb3,L1,Profile
b5f403e3-8833-4b5c-ad30-5e7272725eb3,L1,Profile
b5f403e3-8833-4b5c-ad30-5e7272725eb3,L1,Profile
b5f403e3-8833-4b5c-ad30-5e7272725eb3,L1,Profile
b5f403e3-8833-4b5c-ad30-5e7272725eb3,L1,Profile
b5f403e3-8833-4b5c-ad30-5e7272725eb3,L1,Profile
b5f403e3-8833-4b5c-ad30-5e7272725eb3,L1,Profile
b5f403e3-8833-4b5c-ad30-5e7272725eb3,L1,Profile
b5f403e3-8833-4b5c-ad30-5e7272725eb3,L1,Profile
b5f403e3-8833-4b5c-ad30-5e7272725eb3,L1,Profile
b5f403e3-8833-4b5c-ad30-5e7272725eb3,L1,Profile
b5f403e3-8833-4b5c-ad30-5e7272725eb3,L1,Profile
b5f403e3-8833-4b5c-ad30-5e7272725eb3,L1,Profile
b5f403e3-8833-4b5c-ad30-5e7272725eb3,L1,Profile
b5f403e3-8833-4b5c-ad30-5e7272725eb3,L1,Profile
b5f403e3-8833-4b5c-ad30-5e7272725eb3,L1,Profile
b5f403e3-8833-4b5c-ad30-5e7272725eb3,L1,Profile
b5f403e3-8833-4b5c-ad30-5e7272725eb3,L1,Profile
b5f403e3-8833-4b5c-ad30-5e7272725eb3,L1,Profile
b5f403e3-8833-4b5c-ad30-5e7272725eb3,L1,Profile
b5f403e3-8833-4b5c-ad30-5e7272725eb3,L1,Profile
b5f403e3-8833-4b5c-ad30-5e7272725eb3,L1,Profile
b5f403e3-8833-4b5c-ad30-5e7272725eb3,L1,Profile
b5f403e3-8833-4b5c-ad30-5e7272725eb3,L1,Profile
b5f403e3-8833-4b5c-ad30-5e7272725eb3,L1,Profile
b5f403e3-8833-4b5c-ad30-5e7272725eb3,L1,Profile
b5f403e3-8833-4b5c-ad30-5e7272725eb3,L1,Profile
b5f403e3-8833-4b5c-ad30-5e7272725eb3,L1,Profile
b5f403e3-8833-4b5c-ad30-5e7272725eb3,L1,Profile
b5f403e3-8833-4b5c-ad30-5e7272725eb3,L1,Profile
b5f403e3-8833-4b5c-ad30-5e7272725eb3,L1,Profile
b5f403e3-8833-4b5c-ad30-5e7272725eb3,L1,Profile
b5f403e3-8833-4b5c-ad30-5e7272725eb3,L1,Profile
b5f403e3-8833-4b5c-ad30-5e7272725eb3,L1,Profile
b5f403e3-8833-4b5c-ad30-5e7272725eb3,L1,Profile
b5f403e3-8833-4b5c-ad30-5e7272725eb3,L1,Profile
b5f403e3-8833-4b5c-ad30-5e7272725eb3,L1,Profile
b5f403e3-8833-4b5c-ad30-5e7272725eb3,L1,Profile
b5f403e3-8833-4b5c-ad30-5e7272725eb3,L1,Profile
b5f403e3-8833-4b5c-ad30-5e7272725eb3,L1,Profile
b5f403e3-8833-4b5c-ad30-5e7272725eb3,L1,Profile
b5f403e3-8833-4b5c-ad30-5e7272725eb3,L1,Profile
b5f403e3-8833-4b5c-ad30-5e7272725eb3,L1,Profile
b5f403e3-8833-4b5c-ad30-5e7272725eb3,L1,Profile
b5f403e3-8833-4b5c-ad30-5e7272725eb3,L1,Profile
b5f403e3-8833-4b5c-ad30-5e7272725eb3,L1,Profile
b5f403e3-8833-4b5c-ad30-5e7272725eb3,L1,Profile
b5f403e3-8833-4b5c-ad30-5e7272725eb3,L1,Profile
b5f403e3-8833-4b5c-ad30-5e7272725eb3,L1,Profile
b5f403e3-8833-4b5c-ad30-5e7272725eb3,L1,Profile
b5f403e3-8833-4b5c-ad30-5e7272725eb3,L1,Profile
b5f403e3-8833-4b5c-ad30-5e7272725eb3,L1,Profile
b5f403e3-8833-4b5c-ad30-5e7272725eb3,L1,Profile
b5f403e3-8833-4b5c-ad30-5e7272725eb3,L1,Profile
b5f403e3-8833-4b5c-ad30-5e7272725eb3,L1,Profile
b5f403e3-8833-4b5c-ad30-5e7272725eb3,L1,Profile
b5f403e3-8833-4b5c-ad30-5e7272725eb3,L1,Profile
b5f403e3-8833-4b5c-ad30-5e7272725eb3,L1,Profile
b5f403e3-8833-4b5c-ad30-5e7272725eb3,L1,Profile
b5f403e3-8833-4b5c-ad30-5e7272725eb3,L1,Profile
b5f403e3-8833-4b5c-ad30-5e7272725eb3,L1,Profile
b5f403e3-8833-4b5c-ad30-5e7272725eb3,L1,Profile
b5f403e3-8833-4b5c-ad30-5e7272725eb3,L1,Profile
b5f403e3-8833-4b5c-ad30-5e7272725eb3,L1,Profile
b5f403e3-8833-4b5c-ad30-5e7272725eb3,L1,Profile
b5f403e3-8833-4b5c-ad30-5e7272725eb3,L1,Profile
b5f403e3-8833-4b5c-ad30-5e7272725eb3,L1,Profile
b5f403e3-8833-4b5c-ad30-5e7272725eb3,L1,Profile
b5f403e3-8833-4b5c-ad30-5e7272725eb3,L1,Profile
b5f403e3-8833-4b5c-ad30-5e7272725eb3,L1,Profile
b5f403e3-8833-4b5c-ad30-5e7272725eb3,L1,Profile
b5f403e3-8833-4b5c-ad30-5e7272725eb3,L1,Profile
b5f403e3-8833-4b5c-ad30-5e7272725eb3,L1,Profile
b5f403e3-8833-4b5c-ad30-5e7272725eb3,L1,Profile
b5f403e3-8833-4b5c-ad30-5e7272725eb3,L1,Profile
b5f403e3-8833-4b5c-ad30-5e7272725eb3,L1,Profile
b5f403e3-8833-4b5c-ad30-5e7272725eb3,L1,Profile
b5f403e3-8833-4b5c-ad30-5e7272725eb3,L1,Profile
b5f403e3-8833-4b5c-ad30-5e7272725eb3,L1,Profile
b5f403e3-8833-4b5c-ad30-5e7272725eb3,L1,Profile
b5f403e3-8833-4b5c-ad30-5e7272725eb3,L1,Profile
b5f403e3-8833-4b5c-ad30-5e7272725eb3,L1,Profile
b5f403e3-8833-4b5c-ad30-5e7272725eb3,L1,Profile
b5f403e3-8833-4b5c-ad30-5e7272725eb3,L1,Profile
b5f403e3-8833-4b5c-ad30-5e7272725eb3,L1,Profile
b5f403e3-8833-4b5c-ad30-5e7272725eb3,L1,Profile
b5f403e3-8833-4b5c-ad30-5e7272725eb3,L1,Profile
b5f403e3-8833-4b5c-ad30-5e7272725eb3,L1,Profile
b5f403e3-8833-4b5c-ad30-5e7272725eb3,L1,Profile
b5f403e3-8833-4b5c-ad30-5e7272725eb3,L1,Profile
b5f403e3-8833-4b5c-ad30-5e7272725eb3,L1,Profile
b5f403e3-8833-4b5c-ad30-5e7272725eb3,L1,Profile
b5f403e3-8833-4b5c-ad30-5e7272725eb3,L1,Profile
b5f403e3-8833-4b5c-ad30-5e7272725eb3,L1,Profile
b5f403e3-8833-4b5c-ad30-5e7272725eb3,L1,Profile
b5f403e3-8833-4b5c-ad30-5e7272725eb3,L1,Profile
b5f403e3-8833-4b5c-ad30-5e7272725eb3,L1,Profile
b5f403e3-8833-4b5c-ad30-5e7272725eb3,L1,Profile
b5f403e3-8833-4b5c-ad30-5e7272725eb3,L1,Profile
b5f403e3-8833-4b5c-ad30-5e7272725eb3,L1,Profile
b5f403e3-8833-4b5c-ad30-5e7272725eb3,L1,Profile
b5f403e3-8833-4b5c-ad30-5e7272725eb3,L1,Profile
b5f403e3-8833-4b5c-ad30-5e7272725eb3,L1,Profile
b5f403e3-8833-4b5c-ad30-5e7272725eb3,L1,Profile
b5f403e3-8833-4b5c-ad30-5e7272725eb3,L1,Profile
b5f403e3-8833-4b5c-ad30-5e7272725eb3,L1,Profile
b5f403e3-8833-4b5c-ad30-5e7272725eb3,L1,Profile
b5f403e3-8833-4b5c-ad30-5e7272725eb3,L1,Profile
b5f403e3-8833-4b5c-ad30-5e7272725eb3,L1,Profile
b5f403e3-8833-4b5c-ad30-5e7272725eb3,L1,Profile
b5f403e3-8833-4b5c-ad30-5e7272725eb3,L1,Profile
b5f403e3-8833-4b5c-ad30-5e7272725eb3,L1,Profile
b5f403e3-8833-4b5c-ad30-5e7272725eb3,L1,Profile
b5f403e3-8833-4b5c-ad30-5e7272725eb3,L1,Profile
b5f403e3-8833-4b5c-ad30-5e7272725eb3,L1,Profile
b5f403e3-8833-4b5c-ad30-5e7272725eb3,L1,Profile
b5f403e3-8833-4b5c-ad30-5e7272725eb3,L1,Profile
b5f403e3-8833-4b5c-ad30-5e7272725eb3,L1,Profile
b5f403e3-8833-4b5c-ad30-5e7272725eb3,L1,Profile
b5f403e3-8833-4b5c-ad30-5e7272725eb3,L1,Profile
b5f403e3-8833-4b5c-ad30-5e7272725eb3,L1,Profile
b5f403e3-8833-4b5c-ad30-5e7272725eb3,L1,Profile
b5f403e3-8833-4b5c-ad30-5e7272725eb3,L1,Profile
b5f403e3-8833-4b5c-ad30-5e7272725eb3,L1,Profile
b5f403e3-8833-4b5c-ad30-5e7272725eb3,L1,Profile
b5f403e3-8833-4b5c-ad30-5e7272725eb3,L1,Profile
b5f403e3-8833-4b5c-ad30-5e7272725eb3,L1,Profile
b5f403e3-8833-4b5c-ad30-5e7272725eb3,L1,Profile
b5f403e3-8833-4b5c-ad30-5e7272725eb3,L1,Profile
b5f403e3-8833-4b5c-ad30-5e7272725eb3,L1,Profile
b5f403e3-8833-4b5c-ad30-5e7272725eb3,L1,Profile
b5f403e3-8833-4b5c-ad30-5e7272725eb3,L1,Profile
b5f403e3-8833-4b5c-ad30-5e7272725eb3,L1,Profile
b5f403e3-8833-4b5c-ad30-5e7272725eb3,L1,Profile
b5f403e3-8833-4b5c-ad30-5e7272725eb3,L1,Profile
b5f403e3-8833-4b5c-ad30-5e7272725eb3,L1,Profile
b5f403e3-8833-4b5c-ad30-5e7272725eb3,L1,Profile
b5f403e3-8833-4b5c-ad30-5e7272725eb3,L1,Profile
b5f403e3-8833-4b5c-ad30-5e7272725eb3,L1,Profile
b5f403e3-8833-4b5c-ad30-5e7272725eb3,L1,Profile
b5f403e3-8833-4b5c-ad30-5e7272725eb3,L1,Profile
b5f403e3-8833-4b5c-ad30-5e7272725eb3,L1,Profile
b5f403e3-8833-4b5c-ad30-5e7272725eb3,L1,Profile
b5f403e3-8833-4b5c-ad30-5e7272725eb3,L1,Profile
b5f403e3-8833-4b5c-ad30-5e7272725eb3,L1,Profile
b5f403e3-8833-4b5c-ad30-5e7272725eb3,L1,Profile
b5f403e3-8833-4b5c-ad30-5e7272725eb3,L1,Profile
b5f403e3-8833-4b5c-ad30-5e7272725eb3,L1,Profile
b5f403e3-8833-4b5c-ad30-5e7272725eb3,L1,Profile
b5f403e3-8833-4b5c-ad30-5e7272725eb3,L1,Profile
b5f403e3-8833-4b5c-ad30-5e7272725eb3,L1,Profile
b5f403e3-8833-4b5c-ad30-5e7272725eb3,L1,Profile
b5f403e3-8833-4b5c-ad30-5e7272725eb3,L1,Profile
b5f403e3-8833-4b5c-ad30-5e7272725eb3,L1,Profile
b5f403e3-8833-4b5c-ad30-5e7272725eb3,L1,Profile
b5f403e3-8833-4b5c-ad30-5e7272725eb3,L1,Profile
b5f403e3-8833-4b5c-ad30-5e7272725eb3,L1,Profile
b5f403e3-8833-4b5c-ad30-5e7272725eb3,L1,Profile
b5f403e3-8833-4b5c-ad30-5e7272725eb3,L1,Profile
b5f403e3-8833-4b5c-ad30-5e7272725eb3,L1,Profile
b5f403e3-8833-4b5c-ad30-5e7272725eb3,L1,Profile
b5f403e3-8833-4b5c-ad30-5e7272725eb3,L1,Profile
b5f403e3-8833-4b5c-ad30-5e7272725eb3,L1,Profile
b5f403e3-8833-4b5c-ad30-5e7272725eb3,L1,Profile
b5f403e3-8833-4b5c-ad30-5e7272725eb3,L1,Profile
b5f403e3-8833-4b5c-ad30-5e7272725eb3,L1,Profile
b5f403e3-8833-4b5c-ad30-5e7272725eb3,L1,Profile
b5f403e3-8833-4b5c-ad30-5e7272725eb3,L1,Profile
b5f403e3-8833-4b5c-ad30-5e7272725eb3,L1,Profile
b5f403e3-8833-4b5c-ad30-5e7272725eb3,L1,Profile
b5f403e3-8833-4b5c-ad30-5e7272725eb3,L1,Profile
b5f403e3-8833-4b5c-ad30-5e7272725eb3,L1,Profile
b5f403e3-8833-4b5c-ad30-5e7272725eb3,L1,Profile
b5f403e3-8833-4b5c-ad30-5e7272725eb3,L1,Profile
b5f403e3-8833-4b5c-ad30-5e7272725eb3,L1,Profile
b5f403e3-8833-4b5c-ad30-5e7272725eb3,L1,Profile
b5f403e3-8833-4b5c-ad30-5e7272725eb3,L1,Profile
b5f403e3-8833-4b5c-ad30-5e7272725eb3,L1,Profile
b5f403e3-8833-4b5c-ad30-5e7272725eb3,L1,Profile
b5f403e3-8833-4b5c-ad30-5e7272725eb3,L1,Profile
b5f403e3-8833-4b5c-ad30-5e7272725eb3,L1,Profile
b5f403e3-8833-4b5c-ad30-5e7272725eb3,L1,Profile
b5f403e3-8833-4b5c-ad30-5e7272725eb3,L1,Profile
b5f403e3-8833-4b5c-ad30-5e7272725eb3,L1,Profile
b5f403e3-8833-4b5c-ad30-5e7272725eb3,L1,Profile
b5f403e3-8833-4b5c-ad30-5e7272725eb3,L1,Profile
b5f403e3-8833-4b5c-ad30-5e7272725eb3,L1,Profile
b5f403e3-8833-4b5c-ad30-5e7272725eb3,L1,Profile
b5f403e3-8833-4b5c-ad30-5e7272725eb3,L1,Profile
b5f403e3-8833-4b5c-ad30-5e7272725eb3,L1,Profile
b5f403e3-8833-4b5c-ad30-5e7272725eb3,L1,Profile
b5f403e3-8833-4b5c-ad30-5e7272725eb3,L1,Profile
b5f403e3-8833-4b5c-ad30-5e7272725eb3,L1,Profile
b5f403e3-8833-4b5c-ad30-5e7272725eb3,L1,Profile
b5f403e3-8833-4b5c-ad30-5e7272725eb3,L1,Profile
b5f403e3-8833-4b5c-ad30-5e7272725eb3,L1,Profile
b5f403e3-8833-4b5c-ad30-5e7272725eb3,L1,Profile
b5f403e3-8833-4b5c-ad30-5e7272725eb3,L1,Profile
b5f403e3-8833-4b5c-ad30-5e7272725eb3,L1,Profile
b5f403e3-8833-4b5c-ad30-5e7272725eb3,L1,Profile
b5f403e3-8833-4b5c-ad30-5e7272725eb3,L1,Profile
b5f403e3-8833-4b5c-ad30-5e7272725eb3,L1,Profile
b5f403e3-8833-4b5c-ad30-5e7272725eb3,L1,Profile
b5f403e3-8833-4b5c-ad30-5e7272725eb3,L1,Profile
b5f403e3-8833-4b5c-ad30-5e7272725eb3,L1,Profile
b5f403e3-8833-4b5c-ad30-5e7272725eb3,L1,Profile
b5f403e3-8833-4b5c-ad30-5e7272725eb3,L1,Profile
b5f403e3-8833-4b5c-ad30-5e7272725eb3,L1,Profile
b5f403e3-8833-4b5c-ad30-5e7272725eb3,L1,Profile
b5f403e3-8833-4b5c-ad30-5e7272725eb3,L1,Profile
b5f403e3-8833-4b5c-ad30-5e7272725eb3,L1,Profile
b5f403e3-8833-4b5c-ad30-5e7272725eb3,L1,Profile
b5f403e3-8833-4b5c-ad30-5e7272725eb3,L1,Profile
b5f403e3-8833-4b5c-ad30-5e7272725eb3,L1,Profile
b5f403e3-8833-4b5c-ad30-5e7272725eb3,L1,Profile
b5f403e3-8833-4b5c-ad30-5e7272725eb3,L1,Profile
b5f403e3-8833-4b5c-ad30-5e7272725eb3,L1,Profile
b5f403e3-8833-4b5c-ad30-5e7272725eb3,L1,Profile
b5f403e3-8833-4b5c-ad30-5e7272725eb3,L1,Profile
b5f403e3-8833-4b5c-ad30-5e7272725eb3,L1,Profile
b5f403e3-8833-4b5c-ad30-5e7272725eb3,L1,Profile
b5f403e3-8833-4b5c-ad30-5e7272725eb3,L1,Profile
b5f403e3-8833-4b5c-ad30-5e7272725eb3,L1,Profile
b5f403e3-8833-4b5c-ad30-5e7272725eb3,L1,Profile
b5f403e3-8833-4b5c-ad30-5e7272725eb3,L1,Profile
b5f403e3-8833-4b5c-ad30-5e7272725eb3,L1,Profile
b5f403e3-8833-4b5c-ad30-5e7272725eb3,L1,Profile
b5f403e3-8833-4b5c-ad30-5e7272725eb3,L1,Profile
b5f403e3-8833-4b5c-ad30-5e7272725eb3,L1,Profile
b5f403e3-8833-4b5c-ad30-5e7272725eb3,L1,Profile
b5f403e3-8833-4b5c-ad30-5e7272725eb3,L1,Profile
b5f403e3-8833-4b5c-ad30-5e7272725eb3,L1,Profile
b5f403e3-8833-4b5c-ad30-5e7272725eb3,L1,Profile
b5f403e3-8833-4b5c-ad30-5e7272725eb3,L1,Profile
b5f403e3-8833-4b5c-ad30-5e7272725eb3,L1,Profile
b5f403e3-8833-4b5c-ad30-5e7272725eb3,L1,Profile
b5f403e3-8833-4b5c-ad30-5e7272725eb3,L1,Profile
b5f403e3-8833-4b5c-ad30-5e7272725eb3,L1,Profile
b5f403e3-8833-4b5c-ad30-5e7272725eb3,L1,Profile
b5f403e3-8833-4b5c-ad30-5e7272725eb3,L1,Profile
b5f403e3-8833-4b5c-ad30-5e7272725eb3,L1,Profile
b5f403e3-8833-4b5c-ad30-5e7272725eb3,L1,Profile
b5f403e3-8833-4b5c-ad30-5e7272725eb3,L1,Profile
b5f403e3-8833-4b5c-ad30-5e7272725eb3,L1,Profile
b5f403e3-8833-4b5c-ad30-5e7272725eb3,L1,Profile
b5f403e3-8833-4b5c-ad30-5e7272725eb3,L1,Profile
b5f403e3-8833-4b5c-ad30-5e7272725eb3,L1,Profile
b5f403e3-8833-4b5c-ad30-5e7272725eb3,L1,Profile
b5f403e3-8833-4b5c-ad30-5e7272725eb3,L1,Profile
b5f403e3-8833-4b5c-ad30-5e7272725eb3,L1,Profile
b5f403e3-8833-4b5c-ad30-5e7272725eb3,L1,Profile
b5f403e3-8833-4b5c-ad30-5e7272725eb3,L1,Profile
b5f403e3-8833-4b5c-ad30-5e7272725eb3,L1,Profile
b5f403e3-8833-4b5c-ad30-5e7272725eb3,L1,Profile
b5f403e3-8833-4b5c-ad30-5e7272725eb3,L1,Profile
b5f403e3-8833-4b5c-ad30-5e7272725eb3,L1,Profile
b5f403e3-8833-4b5c-ad30-5e7272725eb3,L1,Profile
b5f403e3-8833-4b5c-ad30-5e7272725eb3,L1,Profile
b5f403e3-8833-4b5c-ad30-5e7272725eb3,L1,Profile
b5f403e3-8833-4b5c-ad30-5e7272725eb3,L1,Profile
b5f403e3-8833-4b5c-ad30-5e7272725eb3,L1,Profile
b5f403e3-8833-4b5c-ad30-5e7272725eb3,L1,Profile
b5f403e3-8833-4b5c-ad30-5e7272725eb3,L1,Profile
b5f403e3-8833-4b5c-ad30-5e7272725eb3,L1,Profile
b5f403e3-8833-4b5c-ad30-5e7272725eb3,L1,Profile
b5f403e3-8833-4b5c-ad30-5e7272725eb3,L1,Profile
b5f403e3-8833-4b5c-ad30-5e7272725eb3,L1,Profile
b5f403e3-8833-4b5c-ad30-5e7272725eb3,L1,Profile
b5f403e3-8833-4b5c-ad30-5e7272725eb3,L1,Profile
b5f403e3-8833-4b5c-ad30-5e7272725eb3,L1,Profile
b5f403e3-8833-4b5c-ad30-5e7272725eb3,L1,Profile
b5f403e3-8833-4b5c-ad30-5e7272725eb3,L1,Profile
b5f403e3-8833-4b5c-ad30-5e7272725eb3,L1,Profile
b5f403e3-8833-4b5c-ad30-5e7272725eb3,L1,Profile
b5f403e3-8833-4b5c-ad30-5e7272725eb3,L1,Profile
b5f403e3-8833-4b5c-ad30-5e7272725eb3,L1,Profile
b5f403e3-8833-4b5c-ad30-5e7272725eb3,L1,Profile
b5f403e3-8833-4b5c-ad30-5e7272725eb3,L1,Profile
b5f403e3-8833-4b5c-ad30-5e7272725eb3,L1,Profile
b5f403e3-8833-4b5c-ad30-5e7272725eb3,L1,Profile
b5f403e3-8833-4b5c-ad30-5e7272725eb3,L1,Profile
b5f403e3-8833-4b5c-ad30-5e7272725eb3,L1,Profile
b5f403e3-8833-4b5c-ad30-5e7272725eb3,L1,Profile
b5f403e3-8833-4b5c-ad30-5e7272725eb3,L1,Profile
b5f403e3-8833-4b5c-ad30-5e7272725eb3,L1,Profile
b5f403e3-8833-4b5c-ad30-5e7272725eb3,L1,Profile
b5f403e3-8833-4b5c-ad30-5e7272725eb3,L1,Profile
b5f403e3-8833-4b5c-ad30-5e7272725eb3,L1,Profile
b5f403e3-8833-4b5c-ad30-5e7272725eb3,L1,Profile
b5f403e3-8833-4b5c-ad30-5e7272725eb3,L1,Profile
b5f403e3-8833-4b5c-ad30-5e7272725eb3,L1,Profile
b5f403e3-8833-4b5c-ad30-5e7272725eb3,L1,Profile
b5f403e3-8833-4b5c-ad30-5e7272725eb3,L1,Profile
b5f403e3-8833-4b5c-ad30-5e7272725eb3,L1,Profile
b5f403e3-8833-4b5c-ad30-5e7272725eb3,L1,Profile
b5f403e3-8833-4b5c-ad30-5e7272725eb3,L1,Profile
b5f403e3-8833-4b5c-ad30-5e7272725eb3,L1,Profile
b5f403e3-8833-4b5c-ad30-5e7272725eb3,L1,Profile
b5f403e3-8833-4b5c-ad30-5e7272725eb3,L1,Profile
b5f403e3-8833-4b5c-ad30-5e7272725eb3,L1,Profile
b5f403e3-8833-4b5c-ad30-5e7272725eb3,L1,Profile
b5f403e3-8833-4b5c-ad30-5e7272725eb3,L1,Profile
b5f403e3-8833-4b5c-ad30-5e7272725eb3,L1,Profile
b5f403e3-8833-4b5c-ad30-5e7272725eb3,L1,Profile
b5f403e3-8833-4b5c-ad30-5e7272725eb3,L1,Profile
b5f403e3-8833-4b5c-ad30-5e7272725eb3,L1,Profile
b5f403e3-8833-4b5c-ad30-5e7272725eb3,L1,Profile
b5f403e3-8833-4b5c-ad30-5e7272725eb3,L1,Profile
b5f403e3-8833-4b5c-ad30-5e7272725eb3,L1,Profile
b5f403e3-8833-4b5c-ad30-5e7272725eb3,L1,Profile
b5f403e3-8833-4b5c-ad30-5e7272725eb3,L1,Profile
b5f403e3-8833-4b5c-ad30-5e7272725eb3,L1,Profile
b5f403e3-8833-4b5c-ad30-5e7272725eb3,L1,Profile
b5f403e3-8833-4b5c-ad30-5e7272725eb3,L1,Profile
b5f403e3-8833-4b5c-ad30-5e7272725eb3,L1,Profile
b5f403e3-8833-4b5c-ad30-5e7272725eb3,L1,Profile
b5f403e3-8833-4b5c-ad30-5e7272725eb3,L1,Profile
b5f403e3-8833-4b5c-ad30-5e7272725eb3,L1,Profile
b5f403e3-8833-4b5c-ad30-5e7272725eb3,L1,Profile
b5f403e3-8833-4b5c-ad30-5e7272725eb3,L1,Profile
b5f403e3-8833-4b5c-ad30-5e7272725eb3,L1,Profile
b5f403e3-8833-4b5c-ad30-5e7272725eb3,L1,Profile
b5f403e3-8833-4b5c-ad30-5e7272725eb3,L1,Profile
b5f403e3-8833-4b5c-ad30-5e7272725eb3,L1,Profile
b5f403e3-8833-4b5c-ad30-5e7272725eb3,L1,Profile
b5f403e3-8833-4b5c-ad30-5e7272725eb3,L1,Profile
b5f403e3-8833-4b5c-ad30-5e7272725eb3,L1,Profile
b5f403e3-8833-4b5c-ad30-5e7272725eb3,L1,Profile
b5f403e3-8833-4b5c-ad30-5e7272725eb3,L1,Profile
b5f403e3-8833-4b5c-ad30-5e7272725eb3,L1,Profile
b5f403e3-8833-4b5c-ad30-5e7272725eb3,L1,Profile
b5f403e3-8833-4b5c-ad30-5e7272725eb3,L1,Profile
b5f403e3-8833-4b5c-ad30-5e7272725eb3,L1,Profile
b5f403e3-8833-4b5c-ad30-5e7272725eb3,L1,Profile
b5f403e3-8833-4b5c-ad30-5e7272725eb3,L1,Profile
b5f403e3-8833-4b5c-ad30-5e7272725eb3,L1,Profile
b5f403e3-8833-4b5c-ad30-5e7272725eb3,L1,Profile
b5f403e3-8833-4b5c-ad30-5e7272725eb3,L1,Profile
b5f403e3-8833-4b5c-ad30-5e7272725eb3,L1,Profile
b5f403e3-8833-4b5c-ad30-5e7272725eb3,L1,Profile
b5f403e3-8833-4b5c-ad30-5e7272725eb3,L1,Profile
b5f403e3-8833-4b5c-ad30-5e7272725eb3,L1,Profile
b5f403e3-8833-4b5c-ad30-5e7272725eb3,L1,Profile
b5f403e3-8833-4b5c-ad30-5e7272725eb3,L1,Profile
b5f403e3-8833-4b5c-ad30-5e7272725eb3,L1,Profile
b5f403e3-8833-4b5c-ad30-5e7272725eb3,L1,Profile
b5f403e3-8833-4b5c-ad30-5e7272725eb3,L1,Profile
b5f403e3-8833-4b5c-ad30-5e7272725eb3,L1,Profile
b5f403e3-8833-4b5c-ad30-5e7272725eb3,L1,Profile
b5f403e3-8833-4b5c-ad30-5e7272725eb3,L1,Profile
b5f403e3-8833-4b5c-ad30-5e7272725eb3,L1,Profile
b5f403e3-8833-4b5c-ad30-5e7272725eb3,L1,Profile
b5f403e3-8833-4b5c-ad30-5e7272725eb3,L1,Profile
b5f403e3-8833-4b5c-ad30-5e7272725eb3,L1,Profile
b5f403e3-8833-4b5c-ad30-5e7272725eb3,L1,Profile
b5f403e3-8833-4b5c-ad30-5e7272725eb3,L1,Profile
b5f403e3-8833-4b5c-ad30-5e7272725eb3,L1,Profile
b5f403e3-8833-4b5c-ad30-5e7272725eb3,L1,Profile
b5f403e3-8833-4b5c-ad30-5e7272725eb3,L1,Profile
b5f403e3-8833-4b5c-ad30-5e7272725eb3,L1,Profile
b5f403e3-8833-4b5c-ad30-5e7272725eb3,L1,Profile
b5f403e3-8833-4b5c-ad30-5e7272725eb3,L1,Profile
b5f403e3-8833-4b5c-ad30-5e7272725eb3,L1,Profile
b5f403e3-8833-4b5c-ad30-5e7272725eb3,L1,Profile
b5f403e3-8833-4b5c-ad30-5e7272725eb3,L1,Profile
b5f403e3-8833-4b5c-ad30-5e7272725eb3,L1,Profile
b5f403e3-8833-4b5c-ad30-5e7272725eb3,L1,Profile
b5f403e3-8833-4b5c-ad30-5e7272725eb3,L1,Profile
b5f403e3-8833-4b5c-ad30-5e7272725eb3,L1,Profile
b5f403e3-8833-4b5c-ad30-5e7272725eb3,L1,Profile
b5f403e3-8833-4b5c-ad30-5e7272725eb3,L1,Profile
b5f403e3-8833-4b5c-ad30-5e7272725eb3,L1,Profile
b5f403e3-8833-4b5c-ad30-5e7272725eb3,L1,Profile
b5f403e3-8833-4b5c-ad30-5e7272725eb3,L1,Profile
b5f403e3-8833-4b5c-ad30-5e7272725eb3,L1,Profile
b5f403e3-8833-4b5c-ad30-5e7272725eb3,L1,Profile
b5f403e3-8833-4b5c-ad30-5e7272725eb3,L1,Profile
b5f403e3-8833-4b5c-ad30-5e7272725eb3,L1,Profile
b5f403e3-8833-4b5c-ad30-5e7272725eb3,L1,Profile
b5f403e3-8833-4b5c-ad30-5e7272725eb3,L1,Profile
b5f403e3-8833-4b5c-ad30-5e7272725eb3,L1,Profile
b5f403e3-8833-4b5c-ad30-5e7272725eb3,L1,Profile
b5f403e3-8833-4b5c-ad30-5e7272725eb3,L1,Profile
b5f403e3-8833-4b5c-ad30-5e7272725eb3,L1,Profile
b5f403e3-8833-4b5c-ad30-5e7272725eb3,L1,Profile
b5f403e3-8833-4b5c-ad30-5e7272725eb3,L1,Profile
b5f403e3-8833-4b5c-ad30-5e7272725eb3,L1,Profile
b5f403e3-8833-4b5c-ad30-5e7272725eb3,L1,Profile
b5f403e3-8833-4b5c-ad30-5e7272725eb3,L1,Profile
b5f403e3-8833-4b5c-ad30-5e7272725eb3,L1,Profile
b5f403e3-8833-4b5c-ad30-5e7272725eb3,L1,Profile
b5f403e3-8833-4b5c-ad30-5e7272725eb3,L1,Profile
b5f403e3-8833-4b5c-ad30-5e7272725eb3,L1,Profile
b5f403e3-8833-4b5c-ad30-5e7272725eb3,L1,Profile
b5f403e3-8833-4b5c-ad30-5e7272725eb3,L1,Profile
b5f403e3-8833-4b5c-ad30-5e7272725eb3,L1,Profile
b5f403e3-8833-4b5c-ad30-5e7272725eb3,L1,Profile
b5f403e3-8833-4b5c-ad30-5e7272725eb3,L1,Profile
b5f403e3-8833-4b5c-ad30-5e7272725eb3,L1,Profile
b5f403e3-8833-4b5c-ad30-5e7272725eb3,L1,Profile
b5f403e3-8833-4b5c-ad30-5e7272725eb3,L1,Profile
b5f403e3-8833-4b5c-ad30-5e7272725eb3,L1,Profile
b5f403e3-8833-4b5c-ad30-5e7272725eb3,L1,Profile
b5f403e3-8833-4b5c-ad30-5e7272725eb3,L1,Profile
b5f403e3-8833-4b5c-ad30-5e7272725eb3,L1,Profile
b5f403e3-8833-4b5c-ad30-5e7272725eb3,L1,Profile
b5f403e3-8833-4b5c-ad30-5e7272725eb3,L1,Profile
b5f403e3-8833-4b5c-ad30-5e7272725eb3,L1,Profile
b5f403e3-8833-4b5c-ad30-5e7272725eb3,L1,Profile
b5f403e3-8833-4b5c-ad30-5e7272725eb3,L1,Profile
b5f403e3-8833-4b5c-ad30-5e7272725eb3,L1,Profile
b5f403e3-8833-4b5c-ad30-5e7272725eb3,L1,Profile
b5f403e3-8833-4b5c-ad30-5e7272725eb3,L1,Profile
b5f403e3-8833-4b5c-ad30-5e7272725eb3,L1,Profile
b5f403e3-8833-4b5c-ad30-5e7272725eb3,L1,Profile
b5f403e3-8833-4b5c-ad30-5e7272725eb3,L1,Profile
b5f403e3-8833-4b5c-ad30-5e7272725eb3,L1,Profile
b5f403e3-8833-4b5c-ad30-5e7272725eb3,L1,Profile
b5f403e3-8833-4b5c-ad30-5e7272725eb3,L1,Profile
b5f403e3-8833-4b5c-ad30-5e7272725eb3,L1,Profile
b5f403e3-8833-4b5c-ad30-5e7272725eb3,L1,Profile
b5f403e3-8833-4b5c-ad30-5e7272725eb3,L1,Profile
b5f403e3-8833-4b5c-ad30-5e7272725eb3,L1,Profile
b5f403e3-8833-4b5c-ad30-5e7272725eb3,L1,Profile
b5f403e3-8833-4b5c-ad30-5e7272725eb3,L1,Profile
b5f403e3-8833-4b5c-ad30-5e7272725eb3,L1,Profile
b5f403e3-8833-4b5c-ad30-5e7272725eb3,L1,Profile
b5f403e3-8833-4b5c-ad30-5e7272725eb3,L1,Profile
b5f403e3-8833-4b5c-ad30-5e7272725eb3,L1,Profile
b5f403e3-8833-4b5c-ad30-5e7272725eb3,L1,Profile
b5f403e3-8833-4b5c-ad30-5e7272725eb3,L1,Profile
b5f403e3-8833-4b5c-ad30-5e7272725eb3,L1,Profile
b5f403e3-8833-4b5c-ad30-5e7272725eb3,L1,Profile
b5f403e3-8833-4b5c-ad30-5e7272725eb3,L1,Profile
b5f403e3-8833-4b5c-ad30-5e7272725eb3,L1,Profile
b5f403e3-8833-4b5c-ad30-5e7272725eb3,L1,Profile
b5f403e3-8833-4b5c-ad30-5e7272725eb3,L1,Profile
b5f403e3-8833-4b5c-ad30-5e7272725eb3,L1,Profile
b5f403e3-8833-4b5c-ad30-5e7272725eb3,L1,Profile
b5f403e3-8833-4b5c-ad30-5e7272725eb3,L1,Profile
b5f403e3-8833-4b5c-ad30-5e7272725eb3,L1,Profile
b5f403e3-8833-4b5c-ad30-5e7272725eb3,L1,Profile
b5f403e3-8833-4b5c-ad30-5e7272725eb3,L1,Profile
b5f403e3-8833-4b5c-ad30-5e7272725eb3,L1,Profile
b5f403e3-8833-4b5c-ad30-5e7272725eb3,L1,Profile
b5f403e3-8833-4b5c-ad30-5e7272725eb3,L1,Profile
b5f403e3-8833-4b5c-ad30-5e7272725eb3,L1,Profile
b5f403e3-8833-4b5c-ad30-5e7272725eb3,L1,Profile
b5f403e3-8833-4b5c-ad30-5e7272725eb3,L1,Profile
b5f403e3-8833-4b5c-ad30-5e7272725eb3,L1,Profile
b5f403e3-8833-4b5c-ad30-5e7272725eb3,L1,Profile
b5f403e3-8833-4b5c-ad30-5e7272725eb3,L1,Profile
b5f403e3-8833-4b5c-ad30-5e7272725eb3,L1,Profile
b5f403e3-8833-4b5c-ad30-5e7272725eb3,L1,Profile
b5f403e3-8833-4b5c-ad30-5e7272725eb3,L1,Profile
b5f403e3-8833-4b5c-ad30-5e7272725eb3,L1,Profile
b5f403e3-8833-4b5c-ad30-5e7272725eb3,L1,Profile
b5f403e3-8833-4b5c-ad30-5e7272725eb3,L1,Profile
b5f403e3-8833-4b5c-ad30-5e7272725eb3,L1,Profile
b5f403e3-8833-4b5c-ad30-5e7272725eb3,L1,Profile
b5f403e3-8833-4b5c-ad30-5e7272725eb3,L1,Profile
b5f403e3-8833-4b5c-ad30-5e7272725eb3,L1,Profile
b5f403e3-8833-4b5c-ad30-5e7272725eb3,L1,Profile
b5f403e3-8833-4b5c-ad30-5e7272725eb3,L1,Profile
b5f403e3-8833-4b5c-ad30-5e7272725eb3,L1,Profile
b5f403e3-8833-4b5c-ad30-5e7272725eb3,L1,Profile
b5f403e3-8833-4b5c-ad30-5e7272725eb3,L1,Profile
b5f403e3-8833-4b5c-ad30-5e7272725eb3,L1,Profile
b5f403e3-8833-4b5c-ad30-5e7272725eb3,L1,Profile
b5f403e3-8833-4b5c-ad30-5e7272725eb3,L1,Profile
b5f403e3-8833-4b5c-ad30-5e7272725eb3,L1,Profile
b5f403e3-8833-4b5c-ad30-5e7272725eb3,L1,Profile
b5f403e3-8833-4b5c-ad30-5e7272725eb3,L1,Profile
b5f403e3-8833-4b5c-ad30-5e7272725eb3,L1,Profile
b5f403e3-8833-4b5c-ad30-5e7272725eb3,L1,Profile
b5f403e3-8833-4b5c-ad30-5e7272725eb3,L1,Profile
b5f403e3-8833-4b5c-ad30-5e7272725eb3,L1,Profile
b5f403e3-8833-4b5c-ad30-5e7272725eb3,L1,Profile
b5f403e3-8833-4b5c-ad30-5e7272725eb3,L1,Profile
b5f403e3-8833-4b5c-ad30-5e7272725eb3,L1,Profile
b5f403e3-8833-4b5c-ad30-5e7272725eb3,L1,Profile
b5f403e3-8833-4b5c-ad30-5e7272725eb3,L1,Profile
b5f403e3-8833-4b5c-ad30-5e7272725eb3,L1,Profile
b5f403e3-8833-4b5c-ad30-5e7272725eb3,L1,Profile
b5f403e3-8833-4b5c-ad30-5e7272725eb3,L1,Profile
b5f403e3-8833-4b5c-ad30-5e7272725eb3,L1,Profile
b5f403e3-8833-4b5c-ad30-5e7272725eb3,L1,Profile
b5f403e3-8833-4b5c-ad30-5e7272725eb3,L1,Profile
b5f403e3-8833-4b5c-ad30-5e7272725eb3,L1,Profile
b5f403e3-8833-4b5c-ad30-5e7272725eb3,L1,Profile
b5f403e3-8833-4b5c-ad30-5e7272725eb3,L1,Profile
b5f403e3-8833-4b5c-ad30-5e7272725eb3,L1,Profile
b5f403e3-8833-4b5c-ad30-5e7272725eb3,L1,Profile
b5f403e3-8833-4b5c-ad30-5e7272725eb3,L1,Profile
b5f403e3-8833-4b5c-ad30-5e7272725eb3,L1,Profile
b5f403e3-8833-4b5c-ad30-5e7272725eb3,L1,Profile
b5f403e3-8833-4b5c-ad30-5e7272725eb3,L1,Profile
b5f403e3-8833-4b5c-ad30-5e7272725eb3,L1,Profile
b5f403e3-8833-4b5c-ad30-5e7272725eb3,L1,Profile
b5f403e3-8833-4b5c-ad30-5e7272725eb3,L1,Profile
b5f403e3-8833-4b5c-ad30-5e7272725eb3,L1,Profile
b5f403e3-8833-4b5c-ad30-5e7272725eb3,L1,Profile
b5f403e3-8833-4b5c-ad30-5e7272725eb3,L1,Profile
b5f403e3-8833-4b5c-ad30-5e7272725eb3,L1,Profile
b5f403e3-8833-4b5c-ad30-5e7272725eb3,L1,Profile
b5f403e3-8833-4b5c-ad30-5e7272725eb3,L1,Profile
b5f403e3-8833-4b5c-ad30-5e7272725eb3,L1,Profile
b5f403e3-8833-4b5c-ad30-5e7272725eb3,L1,Profile
b5f403e3-8833-4b5c-ad30-5e7272725eb3,L1,Profile
b5f403e3-8833-4b5c-ad30-5e7272725eb3,L1,Profile
b5f403e3-8833-4b5c-ad30-5e7272725eb3,L1,Profile
b5f403e3-8833-4b5c-ad30-5e7272725eb3,L1,Profile
b5f403e3-8833-4b5c-ad30-5e7272725eb3,L1,Profile
b5f403e3-8833-4b5c-ad30-5e7272725eb3,L1,Profile
b5f403e3-8833-4b5c-ad30-5e7272725eb3,L1,Profile
b5f403e3-8833-4b5c-ad30-5e7272725eb3,L1,Profile
b5f403e3-8833-4b5c-ad30-5e7272725eb3,L1,Profile
b5f403e3-8833-4b5c-ad30-5e7272725eb3,L1,Profile
b5f403e3-8833-4b5c-ad30-5e7272725eb3,L1,Profile
b5f403e3-8833-4b5c-ad30-5e7272725eb3,L1,Profile
b5f403e3-8833-4b5c-ad30-5e7272725eb3,L1,Profile
b5f403e3-8833-4b5c-ad30-5e7272725eb3,L1,Profile
b5f403e3-8833-4b5c-ad30-5e7272725eb3,L1,Profile
b5f403e3-8833-4b5c-ad30-5e7272725eb3,L1,Profile
b5f403e3-8833-4b5c-ad30-5e7272725eb3,L1,Profile
b5f403e3-8833-4b5c-ad30-5e7272725eb3,L1,Profile
b5f403e3-8833-4b5c-ad30-5e7272725eb3,L1,Profile
b5f403e3-8833-4b5c-ad30-5e7272725eb3,L1,Profile
b5f403e3-8833-4b5c-ad30-5e7272725eb3,L1,Profile
b5f403e3-8833-4b5c-ad30-5e7272725eb3,L1,Profile
b5f403e3-8833-4b5c-ad30-5e7272725eb3,L1,Profile
b5f403e3-8833-4b5c-ad30-5e7272725eb3,L1,Profile
b5f403e3-8833-4b5c-ad30-5e7272725eb3,L1,Profile
b5f403e3-8833-4b5c-ad30-5e7272725eb3,L1,Profile
b5f403e3-8833-4b5c-ad30-5e7272725eb3,L1,Profile
b5f403e3-8833-4b5c-ad30-5e7272725eb3,L1,Profile
b5f403e3-8833-4b5c-ad30-5e7272725eb3,L1,Profile
b5f403e3-8833-4b5c-ad30-5e7272725eb3,L1,Profile
b5f403e3-8833-4b5c-ad30-5e7272725eb3,L1,Profile
b5f403e3-8833-4b5c-ad30-5e7272725eb3,L1,Profile
b5f403e3-8833-4b5c-ad30-5e7272725eb3,L1,Profile
b5f403e3-8833-4b5c-ad30-5e7272725eb3,L1,Profile
b5f403e3-8833-4b5c-ad30-5e7272725eb3,L1,Profile
b5f403e3-8833-4b5c-ad30-5e7272725eb3,L1,Profile
b5f403e3-8833-4b5c-ad30-5e7272725eb3,L1,Profile
b5f403e3-8833-4b5c-ad30-5e7272725eb3,L1,Profile
b5f403e3-8833-4b5c-ad30-5e7272725eb3,L1,Profile
b5f403e3-8833-4b5c-ad30-5e7272725eb3,L1,Profile
b5f403e3-8833-4b5c-ad30-5e7272725eb3,L1,Profile
b5f403e3-8833-4b5c-ad30-5e7272725eb3,L1,Profile
b5f403e3-8833-4b5c-ad30-5e7272725eb3,L1,Profile
b5f403e3-8833-4b5c-ad30-5e7272725eb3,L1,Profile
b5f403e3-8833-4b5c-ad30-5e7272725eb3,L1,Profile
b5f403e3-8833-4b5c-ad30-5e7272725eb3,L1,Profile
b5f403e3-8833-4b5c-ad30-5e7272725eb3,L1,Profile
b5f403e3-8833-4b5c-ad30-5e7272725eb3,L1,Profile
b5f403e3-8833-4b5c-ad30-5e7272725eb3,L1,Profile
b5f403e3-8833-4b5c-ad30-5e7272725eb3,L1,Profile
b5f403e3-8833-4b5c-ad30-5e7272725eb3,L1,Profile
b5f403e3-8833-4b5c-ad30-5e7272725eb3,L1,Profile
b5f403e3-8833-4b5c-ad30-5e7272725eb3,L1,Profile
b5f403e3-8833-4b5c-ad30-5e7272725eb3,L1,Profile
b5f403e3-8833-4b5c-ad30-5e7272725eb3,L1,Profile
b5f403e3-8833-4b5c-ad30-5e7272725eb3,L1,Profile
b5f403e3-8833-4b5c-ad30-5e7272725eb3,L1,Profile
b5f403e3-8833-4b5c-ad30-5e7272725eb3,L1,Profile
b5f403e3-8833-4b5c-ad30-5e7272725eb3,L1,Profile
b5f403e3-8833-4b5c-ad30-5e7272725eb3,L1,Profile
b5f403e3-8833-4b5c-ad30-5e7272725eb3,L1,Profile
b5f403e3-8833-4b5c-ad30-5e7272725eb3,L1,Profile
b5f403e3-8833-4b5c-ad30-5e7272725eb3,L1,Profile
b5f403e3-8833-4b5c-ad30-5e7272725eb3,L1,Profile
b5f403e3-8833-4b5c-ad30-5e7272725eb3,L1,Profile
b5f403e3-8833-4b5c-ad30-5e7272725eb3,L1,Profile
b5f403e3-8833-4b5c-ad30-5e7272725eb3,L1,Profile
b5f403e3-8833-4b5c-ad30-5e7272725eb3,L1,Profile
b5f403e3-8833-4b5c-ad30-5e7272725eb3,L1,Profile
b5f403e3-8833-4b5c-ad30-5e7272725eb3,L1,Profile
b5f403e3-8833-4b5c-ad30-5e7272725eb3,L1,Profile
b5f403e3-8833-4b5c-ad30-5e7272725eb3,L1,Profile
b5f403e3-8833-4b5c-ad30-5e7272725eb3,L1,Profile
b5f403e3-8833-4b5c-ad30-5e7272725eb3,L1,Profile
b5f403e3-8833-4b5c-ad30-5e7272725eb3,L1,Profile
b5f403e3-8833-4b5c-ad30-5e7272725eb3,L1,Profile
b5f403e3-8833-4b5c-ad30-5e7272725eb3,L1,Profile
b5f403e3-8833-4b5c-ad30-5e7272725eb3,L1,Profile
b5f403e3-8833-4b5c-ad30-5e7272725eb3,L1,Profile
b5f403e3-8833-4b5c-ad30-5e7272725eb3,L1,Profile
b5f403e3-8833-4b5c-ad30-5e7272725eb3,L1,Profile
b5f403e3-8833-4b5c-ad30-5e7272725eb3,L1,Profile
b5f403e3-8833-4b5c-ad30-5e7272725eb3,L1,Profile
b5f403e3-8833-4b5c-ad30-5e7272725eb3,L1,Profile
b5f403e3-8833-4b5c-ad30-5e7272725eb3,L1,Profile
b5f403e3-8833-4b5c-ad30-5e7272725eb3,L1,Profile
b5f403e3-8833-4b5c-ad30-5e7272725eb3,L1,Profile
b5f403e3-8833-4b5c-ad30-5e7272725eb3,L1,Profile
b5f403e3-8833-4b5c-ad30-5e7272725eb3,L1,Profile
b5f403e3-8833-4b5c-ad30-5e7272725eb3,L1,Profile
b5f403e3-8833-4b5c-ad30-5e7272725eb3,L1,Profile
b5f403e3-8833-4b5c-ad30-5e7272725eb3,L1,Profile
b5f403e3-8833-4b5c-ad30-5e7272725eb3,L1,Profile
b5f403e3-8833-4b5c-ad30-5e7272725eb3,L1,Profile
b5f403e3-8833-4b5c-ad30-5e7272725eb3,L1,Profile
b5f403e3-8833-4b5c-ad30-5e7272725eb3,L1,Profile
b5f403e3-8833-4b5c-ad30-5e7272725eb3,L1,Profile
b5f403e3-8833-4b5c-ad30-5e7272725eb3,L1,Profile
b5f403e3-8833-4b5c-ad30-5e7272725eb3,L1,Profile
b5f403e3-8833-4b5c-ad30-5e7272725eb3,L1,Profile
b5f403e3-8833-4b5c-ad30-5e7272725eb3,L1,Profile
b5f403e3-8833-4b5c-ad30-5e7272725eb3,L1,Profile
b5f403e3-8833-4b5c-ad30-5e7272725eb3,L1,Profile
b5f403e3-8833-4b5c-ad30-5e7272725eb3,L1,Profile
b5f403e3-8833-4b5c-ad30-5e7272725eb3,L1,Profile
b5f403e3-8833-4b5c-ad30-5e7272725eb3,L1,Profile
b5f403e3-8833-4b5c-ad30-5e7272725eb3,L1,Profile
b5f403e3-8833-4b5c-ad30-5e7272725eb3,L1,Profile
b5f403e3-8833-4b5c-ad30-5e7272725eb3,L1,Profile
b5f403e3-8833-4b5c-ad30-5e7272725eb3,L1,Profile
b5f403e3-8833-4b5c-ad30-5e7272725eb3,L1,Profile
b5f403e3-8833-4b5c-ad30-5e7272725eb3,L1,Profile
b5f403e3-8833-4b5c-ad30-5e7272725eb3,L1,Profile
b5f403e3-8833-4b5c-ad30-5e7272725eb3,L1,Profile
b5f403e3-8833-4b5c-ad30-5e7272725eb3,L1,Profile
b5f403e3-8833-4b5c-ad30-5e7272725eb3,L1,Profile
b5f403e3-8833-4b5c-ad30-5e7272725eb3,L1,Profile
b5f403e3-8833-4b5c-ad30-5e7272725eb3,L1,Profile
b5f403e3-8833-4b5c-ad30-5e7272725eb3,L1,Profile
b5f403e3-8833-4b5c-ad30-5e7272725eb3,L1,Profile
b5f403e3-8833-4b5c-ad30-5e7272725eb3,L1,Profile
b5f403e3-8833-4b5c-ad30-5e7272725eb3,L1,Profile
b5f403e3-8833-4b5c-ad30-5e7272725eb3,L1,Profile
b5f403e3-8833-4b5c-ad30-5e7272725eb3,L1,Profile
b5f403e3-8833-4b5c-ad30-5e7272725eb3,L1,Profile
b5f403e3-8833-4b5c-ad30-5e7272725eb3,L1,Profile
b5f403e3-8833-4b5c-ad30-5e7272725eb3,L1,Profile
b5f403e3-8833-4b5c-ad30-5e7272725eb3,L1,Profile
b5f403e3-8833-4b5c-ad30-5e7272725eb3,L1,Profile
b5f403e3-8833-4b5c-ad30-5e7272725eb3,L1,Profile
b5f403e3-8833-4b5c-ad30-5e7272725eb3,L1,Profile
b5f403e3-8833-4b5c-ad30-5e7272725eb3,L1,Profile
b5f403e3-8833-4b5c-ad30-5e7272725eb3,L1,Profile
b5f403e3-8833-4b5c-ad30-5e7272725eb3,L1,Profile
b5f403e3-8833-4b5c-ad30-5e7272725eb3,L1,Profile
b5f403e3-8833-4b5c-ad30-5e7272725eb3,L1,Profile
b5f403e3-8833-4b5c-ad30-5e7272725eb3,L1,Profile
b5f403e3-8833-4b5c-ad30-5e7272725eb3,L1,Profile
b5f403e3-8833-4b5c-ad30-5e7272725eb3,L1,Profile
b5f403e3-8833-4b5c-ad30-5e7272725eb3,L1,Profile
b5f403e3-8833-4b5c-ad30-5e7272725eb3,L1,Profile
b5f403e3-8833-4b5c-ad30-5e7272725eb3,L1,Profile
b5f403e3-8833-4b5c-ad30-5e7272725eb3,L1,Profile
b5f403e3-8833-4b5c-ad30-5e7272725eb3,L1,Profile
b5f403e3-8833-4b5c-ad30-5e7272725eb3,L1,Profile
b5f403e3-8833-4b5c-ad30-5e7272725eb3,L1,Profile
b5f403e3-8833-4b5c-ad30-5e7272725eb3,L1,Profile
b5f403e3-8833-4b5c-ad30-5e7272725eb3,L1,Profile
b5f403e3-8833-4b5c-ad30-5e7272725eb3,L1,Profile
b5f403e3-8833-4b5c-ad30-5e7272725eb3,L1,Profile
b5f403e3-8833-4b5c-ad30-5e7272725eb3,L1,Profile
b5f403e3-8833-4b5c-ad30-5e7272725eb3,L1,Profile
b5f403e3-8833-4b5c-ad30-5e7272725eb3,L1,Profile
b5f403e3-8833-4b5c-ad30-5e7272725eb3,L1,Profile
b5f403e3-8833-4b5c-ad30-5e7272725eb3,L1,Profile
b5f403e3-8833-4b5c-ad30-5e7272725eb3,L1,Profile
b5f403e3-8833-4b5c-ad30-5e7272725eb3,L1,Profile
b5f403e3-8833-4b5c-ad30-5e7272725eb3,L1,Profile
b5f403e3-8833-4b5c-ad30-5e7272725eb3,L1,Profile
b5f403e3-8833-4b5c-ad30-5e7272725eb3,L1,Profile
b5f403e3-8833-4b5c-ad30-5e7272725eb3,L1,Profile
b5f403e3-8833-4b5c-ad30-5e7272725eb3,L1,Profile
b5f403e3-8833-4b5c-ad30-5e7272725eb3,L1,Profile
b5f403e3-8833-4b5c-ad30-5e7272725eb3,L1,Profile
b5f403e3-8833-4b5c-ad30-5e7272725eb3,L1,Profile
b5f403e3-8833-4b5c-ad30-5e7272725eb3,L1,Profile
b5f403e3-8833-4b5c-ad30-5e7272725eb3,L1,Profile
b5f403e3-8833-4b5c-ad30-5e7272725eb3,L1,Profile
b5f403e3-8833-4b5c-ad30-5e7272725eb3,L1,Profile
b5f403e3-8833-4b5c-ad30-5e7272725eb3,L1,Profile
b5f403e3-8833-4b5c-ad30-5e7272725eb3,L1,Profile
b5f403e3-8833-4b5c-ad30-5e7272725eb3,L1,Profile
b5f403e3-8833-4b5c-ad30-5e7272725eb3,L1,Profile
b5f403e3-8833-4b5c-ad30-5e7272725eb3,L1,Profile
b5f403e3-8833-4b5c-ad30-5e7272725eb3,L1,Profile
b5f403e3-8833-4b5c-ad30-5e7272725eb3,L1,Profile
b5f403e3-8833-4b5c-ad30-5e7272725eb3,L1,Profile
b5f403e3-8833-4b5c-ad30-5e7272725eb3,L1,Profile
b5f403e3-8833-4b5c-ad30-5e7272725eb3,L1,Profile
b5f403e3-8833-4b5c-ad30-5e7272725eb3,L1,Profile
b5f403e3-8833-4b5c-ad30-5e7272725eb3,L1,Profile
b5f403e3-8833-4b5c-ad30-5e7272725eb3,L1,Profile
b5f403e3-8833-4b5c-ad30-5e7272725eb3,L1,Profile
b5f403e3-8833-4b5c-ad30-5e7272725eb3,L1,Profile
b5f403e3-8833-4b5c-ad30-5e7272725eb3,L1,Profile
b5f403e3-8833-4b5c-ad30-5e7272725eb3,L1,Profile
b5f403e3-8833-4b5c-ad30-5e7272725eb3,L1,Profile
b5f403e3-8833-4b5c-ad30-5e7272725eb3,L1,Profile
b5f403e3-8833-4b5c-ad30-5e7272725eb3,L1,Profile
b5f403e3-8833-4b5c-ad30-5e7272725eb3,L1,Profile
b5f403e3-8833-4b5c-ad30-5e7272725eb3,L1,Profile
b5f403e3-8833-4b5c-ad30-5e7272725eb3,L1,Profile
b5f403e3-8833-4b5c-ad30-5e7272725eb3,L1,Profile
b5f403e3-8833-4b5c-ad30-5e7272725eb3,L1,Profile
b5f403e3-8833-4b5c-ad30-5e7272725eb3,L1,Profile
b5f403e3-8833-4b5c-ad30-5e7272725eb3,L1,Profile
b5f403e3-8833-4b5c-ad30-5e7272725eb3,L1,Profile
b5f403e3-8833-4b5c-ad30-5e7272725eb3,L1,Profile
b5f403e3-8833-4b5c-ad30-5e7272725eb3,L1,Profile
b5f403e3-8833-4b5c-ad30-5e7272725eb3,L1,Profile
b5f403e3-8833-4b5c-ad30-5e7272725eb3,L1,Profile
b5f403e3-8833-4b5c-ad30-5e7272725eb3,L1,Profile
b5f403e3-8833-4b5c-ad30-5e7272725eb3,L1,Profile
b5f403e3-8833-4b5c-ad30-5e7272725eb3,L1,Profile
b5f403e3-8833-4b5c-ad30-5e7272725eb3,L1,Profile
b5f403e3-8833-4b5c-ad30-5e7272725eb3,L1,Profile
b5f403e3-8833-4b5c-ad30-5e7272725eb3,L1,Profile
b5f403e3-8833-4b5c-ad30-5e7272725eb3,L1,Profile
b5f403e3-8833-4b5c-ad30-5e7272725eb3,L1,Profile
b5f403e3-8833-4b5c-ad30-5e7272725eb3,L1,Profile
b5f403e3-8833-4b5c-ad30-5e7272725eb3,L1,Profile
b5f403e3-8833-4b5c-ad30-5e7272725eb3,L1,Profile
b5f403e3-8833-4b5c-ad30-5e7272725eb3,L1,Profile
b5f403e3-8833-4b5c-ad30-5e7272725eb3,L1,Profile
b5f403e3-8833-4b5c-ad30-5e7272725eb3,L1,Profile
b5f403e3-8833-4b5c-ad30-5e7272725eb3,L1,Profile
b5f403e3-8833-4b5c-ad30-5e7272725eb3,L1,Profile
b5f403e3-8833-4b5c-ad30-5e7272725eb3,L1,Profile
b5f403e3-8833-4b5c-ad30-5e7272725eb3,L1,Profile
b5f403e3-8833-4b5c-ad30-5e7272725eb3,L1,Profile
b5f403e3-8833-4b5c-ad30-5e7272725eb3,L1,Profile
b5f403e3-8833-4b5c-ad30-5e7272725eb3,L1,Profile
b5f403e3-8833-4b5c-ad30-5e7272725eb3,L1,Profile
b5f403e3-8833-4b5c-ad30-5e7272725eb3,L1,Profile
b5f403e3-8833-4b5c-ad30-5e7272725eb3,L1,Profile
b5f403e3-8833-4b5c-ad30-5e7272725eb3,L1,Profile
b5f403e3-8833-4b5c-ad30-5e7272725eb3,L1,Profile
b5f403e3-8833-4b5c-ad30-5e7272725eb3,L1,Profile
b5f403e3-8833-4b5c-ad30-5e7272725eb3,L1,Profile
b5f403e3-8833-4b5c-ad30-5e7272725eb3,L1,Profile
b5f403e3-8833-4b5c-ad30-5e7272725eb3,L1,Profile
b5f403e3-8833-4b5c-ad30-5e7272725eb3,L1,Profile
b5f403e3-8833-4b5c-ad30-5e7272725eb3,L1,Profile
b5f403e3-8833-4b5c-ad30-5e7272725eb3,L1,Profile
b5f403e3-8833-4b5c-ad30-5e7272725eb3,L1,Profile
b5f403e3-8833-4b5c-ad30-5e7272725eb3,L1,Profile
b5f403e3-8833-4b5c-ad30-5e7272725eb3,L1,Profile
b5f403e3-8833-4b5c-ad30-5e7272725eb3,L1,Profile
b5f403e3-8833-4b5c-ad30-5e7272725eb3,L1,Profile
b5f403e3-8833-4b5c-ad30-5e7272725eb3,L1,Profile
b5f403e3-8833-4b5c-ad30-5e7272725eb3,L1,Profile
b5f403e3-8833-4b5c-ad30-5e7272725eb3,L1,Profile
b5f403e3-8833-4b5c-ad30-5e7272725eb3,L1,Profile
b5f403e3-8833-4b5c-ad30-5e7272725eb3,L1,Profile
b5f403e3-8833-4b5c-ad30-5e7272725eb3,L1,Profile
b5f403e3-8833-4b5c-ad30-5e7272725eb3,L1,Profile
b5f403e3-8833-4b5c-ad30-5e7272725eb3,L1,Profile
b5f403e3-8833-4b5c-ad30-5e7272725eb3,L1,Profile
b5f403e3-8833-4b5c-ad30-5e7272725eb3,L1,Profile
b5f403e3-8833-4b5c-ad30-5e7272725eb3,L1,Profile
b5f403e3-8833-4b5c-ad30-5e7272725eb3,L1,Profile
b5f403e3-8833-4b5c-ad30-5e7272725eb3,L1,Profile
b5f403e3-8833-4b5c-ad30-5e7272725eb3,L1,Profile
b5f403e3-8833-4b5c-ad30-5e7272725eb3,L1,Profile
b5f403e3-8833-4b5c-ad30-5e7272725eb3,L1,Profile
b5f403e3-8833-4b5c-ad30-5e7272725eb3,L1,Profile
b5f403e3-8833-4b5c-ad30-5e7272725eb3,L1,Profile
b5f403e3-8833-4b5c-ad30-5e7272725eb3,L1,Profile
b5f403e3-8833-4b5c-ad30-5e7272725eb3,L1,Profile
b5f403e3-8833-4b5c-ad30-5e7272725eb3,L1,Profile
b5f403e3-8833-4b5c-ad30-5e7272725eb3,L1,Profile
b5f403e3-8833-4b5c-ad30-5e7272725eb3,L1,Profile
b5f403e3-8833-4b5c-ad30-5e7272725eb3,L1,Profile
b5f403e3-8833-4b5c-ad30-5e7272725eb3,L1,Profile
b5f403e3-8833-4b5c-ad30-5e7272725eb3,L1,Profile
b5f403e3-8833-4b5c-ad30-5e7272725eb3,L1,Profile
b5f403e3-8833-4b5c-ad30-5e7272725eb3,L1,Profile
b5f403e3-8833-4b5c-ad30-5e7272725eb3,L1,Profile
b5f403e3-8833-4b5c-ad30-5e7272725eb3,L1,Profile
b5f403e3-8833-4b5c-ad30-5e7272725eb3,L1,Profile
b5f403e3-8833-4b5c-ad30-5e7272725eb3,L1,Profile
b5f403e3-8833-4b5c-ad30-5e7272725eb3,L1,Profile
b5f403e3-8833-4b5c-ad30-5e7272725eb3,L1,Profile
b5f403e3-8833-4b5c-ad30-5e7272725eb3,L1,Profile
b5f403e3-8833-4b5c-ad30-5e7272725eb3,L1,Profile
b5f403e3-8833-4b5c-ad30-5e7272725eb3,L1,Profile
b5f403e3-8833-4b5c-ad30-5e7272725eb3,L1,Profile
b5f403e3-8833-4b5c-ad30-5e7272725eb3,L1,Profile
b5f403e3-8833-4b5c-ad30-5e7272725eb3,L1,Profile
b5f403e3-8833-4b5c-ad30-5e7272725eb3,L1,Profile
b5f403e3-8833-4b5c-ad30-5e7272725eb3,L1,Profile
b5f403e3-8833-4b5c-ad30-5e7272725eb3,L1,Profile
b5f403e3-8833-4b5c-ad30-5e7272725eb3,L1,Profile
b5f403e3-8833-4b5c-ad30-5e7272725eb3,L1,Profile
b5f403e3-8833-4b5c-ad30-5e7272725eb3,L1,Profile
b5f403e3-8833-4b5c-ad30-5e7272725eb3,L1,Profile
b5f403e3-8833-4b5c-ad30-5e7272725eb3,L1,Profile
b5f403e3-8833-4b5c-ad30-5e7272725eb3,L1,Profile
b5f403e3-8833-4b5c-ad30-5e7272725eb3,L1,Profile
b5f403e3-8833-4b5c-ad30-5e7272725eb3,L1,Profile
b5f403e3-8833-4b5c-ad30-5e7272725eb3,L1,Profile
b5f403e3-8833-4b5c-ad30-5e7272725eb3,L1,Profile
b5f403e3-8833-4b5c-ad30-5e7272725eb3,L1,Profile
b5f403e3-8833-4b5c-ad30-5e7272725eb3,L1,Profile
b5f403e3-8833-4b5c-ad30-5e7272725eb3,L1,Profile
b5f403e3-8833-4b5c-ad30-5e7272725eb3,L1,Profile
b5f403e3-8833-4b5c-ad30-5e7272725eb3,L1,Profile
b5f403e3-8833-4b5c-ad30-5e7272725eb3,L1,Profile
b5f403e3-8833-4b5c-ad30-5e7272725eb3,L1,Profile
b5f403e3-8833-4b5c-ad30-5e7272725eb3,L1,Profile
b5f403e3-8833-4b5c-ad30-5e7272725eb3,L1,Profile
b5f403e3-8833-4b5c-ad30-5e7272725eb3,L1,Profile
b5f403e3-8833-4b5c-ad30-5e7272725eb3,L1,Profile
b5f403e3-8833-4b5c-ad30-5e7272725eb3,L1,Profile
b5f403e3-8833-4b5c-ad30-5e7272725eb3,L1,Profile
b5f403e3-8833-4b5c-ad30-5e7272725eb3,L1,Profile
b5f403e3-8833-4b5c-ad30-5e7272725eb3,L1,Profile
b5f403e3-8833-4b5c-ad30-5e7272725eb3,L1,Profile
b5f403e3-8833-4b5c-ad30-5e7272725eb3,L1,Profile
b5f403e3-8833-4b5c-ad30-5e7272725eb3,L1,Profile
b5f403e3-8833-4b5c-ad30-5e7272725eb3,L1,Profile
b5f403e3-8833-4b5c-ad30-5e7272725eb3,L1,Profile
b5f403e3-8833-4b5c-ad30-5e7272725eb3,L1,Profile
b5f403e3-8833-4b5c-ad30-5e7272725eb3,L1,Profile
b5f403e3-8833-4b5c-ad30-5e7272725eb3,L1,Profile
b5f403e3-8833-4b5c-ad30-5e7272725eb3,L1,Profile
b5f403e3-8833-4b5c-ad30-5e7272725eb3,L1,Profile
b5f403e3-8833-4b5c-ad30-5e7272725eb3,L1,Profile
b5f403e3-8833-4b5c-ad30-5e7272725eb3,L1,Profile
b5f403e3-8833-4b5c-ad30-5e7272725eb3,L1,Profile
b5f403e3-8833-4b5c-ad30-5e7272725eb3,L1,Profile
b5f403e3-8833-4b5c-ad30-5e7272725eb3,L1,Profile
b5f403e3-8833-4b5c-ad30-5e7272725eb3,L1,Profile
b5f403e3-8833-4b5c-ad30-5e7272725eb3,L1,Profile
b5f403e3-8833-4b5c-ad30-5e7272725eb3,L1,Profile
b5f403e3-8833-4b5c-ad30-5e7272725eb3,L1,Profile
b5f403e3-8833-4b5c-ad30-5e7272725eb3,L1,Profile
b5f403e3-8833-4b5c-ad30-5e7272725eb3,L1,Profile
b5f403e3-8833-4b5c-ad30-5e7272725eb3,L1,Profile
b5f403e3-8833-4b5c-ad30-5e7272725eb3,L1,Profile
b5f403e3-8833-4b5c-ad30-5e7272725eb3,L1,Profile
b5f403e3-8833-4b5c-ad30-5e7272725eb3,L1,Profile
b5f403e3-8833-4b5c-ad30-5e7272725eb3,L1,Profile
b5f403e3-8833-4b5c-ad30-5e7272725eb3,L1,Profile
b5f403e3-8833-4b5c-ad30-5e7272725eb3,L1,Profile
b5f403e3-8833-4b5c-ad30-5e7272725eb3,L1,Profile
b5f403e3-8833-4b5c-ad30-5e7272725eb3,L1,Profile
b5f403e3-8833-4b5c-ad30-5e7272725eb3,L1,Profile
b5f403e3-8833-4b5c-ad30-5e7272725eb3,L1,Profile
b5f403e3-8833-4b5c-ad30-5e7272725eb3,L1,Profile
b5f403e3-8833-4b5c-ad30-5e7272725eb3,L1,Profile
b5f403e3-8833-4b5c-ad30-5e7272725eb3,L1,Profile
b5f403e3-8833-4b5c-ad30-5e7272725eb3,L1,Profile
b5f403e3-8833-4b5c-ad30-5e7272725eb3,L1,Profile
b5f403e3-8833-4b5c-ad30-5e7272725eb3,L1,Profile
b5f403e3-8833-4b5c-ad30-5e7272725eb3,L1,Profile
b5f403e3-8833-4b5c-ad30-5e7272725eb3,L1,Profile
b5f403e3-8833-4b5c-ad30-5e7272725eb3,L1,Profile
b5f403e3-8833-4b5c-ad30-5e7272725eb3,L1,Profile
b5f403e3-8833-4b5c-ad30-5e7272725eb3,L1,Profile
b5f403e3-8833-4b5c-ad30-5e7272725eb3,L1,Profile
b5f403e3-8833-4b5c-ad30-5e7272725eb3,L1,Profile
b5f403e3-8833-4b5c-ad30-5e7272725eb3,L1,Profile
b5f403e3-8833-4b5c-ad30-5e7272725eb3,L1,Profile
b5f403e3-8833-4b5c-ad30-5e7272725eb3,L1,Profile
b5f403e3-8833-4b5c-ad30-5e7272725eb3,L1,Profile
b5f403e3-8833-4b5c-ad30-5e7272725eb3,L1,Profile
b5f403e3-8833-4b5c-ad30-5e7272725eb3,L1,Profile
b5f403e3-8833-4b5c-ad30-5e7272725eb3,L1,Profile
b5f403e3-8833-4b5c-ad30-5e7272725eb3,L1,Profile
b5f403e3-8833-4b5c-ad30-5e7272725eb3,L1,Profile
b5f403e3-8833-4b5c-ad30-5e7272725eb3,L1,Profile
b5f403e3-8833-4b5c-ad30-5e7272725eb3,L1,Profile
b5f403e3-8833-4b5c-ad30-5e7272725eb3,L1,Profile
b5f403e3-8833-4b5c-ad30-5e7272725eb3,L1,Profile
b5f403e3-8833-4b5c-ad30-5e7272725eb3,L1,Profile
b5f403e3-8833-4b5c-ad30-5e7272725eb3,L1,Profile
b5f403e3-8833-4b5c-ad30-5e7272725eb3,L1,Profile
b5f403e3-8833-4b5c-ad30-5e7272725eb3,L1,Profile
b5f403e3-8833-4b5c-ad30-5e7272725eb3,L1,Profile
b5f403e3-8833-4b5c-ad30-5e7272725eb3,L1,Profile
b5f403e3-8833-4b5c-ad30-5e7272725eb3,L1,Profile
b5f403e3-8833-4b5c-ad30-5e7272725eb3,L1,Profile
b5f403e3-8833-4b5c-ad30-5e7272725eb3,L1,Profile
b5f403e3-8833-4b5c-ad30-5e7272725eb3,L1,Profile
b5f403e3-8833-4b5c-ad30-5e7272725eb3,L1,Profile
b5f403e3-8833-4b5c-ad30-5e7272725eb3,L1,Profile
b5f403e3-8833-4b5c-ad30-5e7272725eb3,L1,Profile
b5f403e3-8833-4b5c-ad30-5e7272725eb3,L1,Profile
b5f403e3-8833-4b5c-ad30-5e7272725eb3,L1,Profile
b5f403e3-8833-4b5c-ad30-5e7272725eb3,L1,Profile
b5f403e3-8833-4b5c-ad30-5e7272725eb3,L1,Profile
b5f403e3-8833-4b5c-ad30-5e7272725eb3,L1,Profile
b5f403e3-8833-4b5c-ad30-5e7272725eb3,L1,Profile
b5f403e3-8833-4b5c-ad30-5e7272725eb3,L1,Profile
b5f403e3-8833-4b5c-ad30-5e7272725eb3,L1,Profile
b5f403e3-8833-4b5c-ad30-5e7272725eb3,L1,Profile
b5f403e3-8833-4b5c-ad30-5e7272725eb3,L1,Profile
b5f403e3-8833-4b5c-ad30-5e7272725eb3,L1,Profile
b5f403e3-8833-4b5c-ad30-5e7272725eb3,L1,Profile
b5f403e3-8833-4b5c-ad30-5e7272725eb3,L1,Profile
b5f403e3-8833-4b5c-ad30-5e7272725eb3,L1,Profile
b5f403e3-8833-4b5c-ad30-5e7272725eb3,L1,Profile
b5f403e3-8833-4b5c-ad30-5e7272725eb3,L1,Profile
b5f403e3-8833-4b5c-ad30-5e7272725eb3,L1,Profile
b5f403e3-8833-4b5c-ad30-5e7272725eb3,L1,Profile
b5f403e3-8833-4b5c-ad30-5e7272725eb3,L1,Profile
b5f403e3-8833-4b5c-ad30-5e7272725eb3,L1,Profile
b5f403e3-8833-4b5c-ad30-5e7272725eb3,L1,Profile
b5f403e3-8833-4b5c-ad30-5e7272725eb3,L1,Profile
b5f403e3-8833-4b5c-ad30-5e7272725eb3,L1,Profile
b5f403e3-8833-4b5c-ad30-5e7272725eb3,L1,Profile
b5f403e3-8833-4b5c-ad30-5e7272725eb3,L1,Profile
b5f403e3-8833-4b5c-ad30-5e7272725eb3,L1,Profile
b5f403e3-8833-4b5c-ad30-5e7272725eb3,L1,Profile
b5f403e3-8833-4b5c-ad30-5e7272725eb3,L1,Profile
b5f403e3-8833-4b5c-ad30-5e7272725eb3,L1,Profile
b5f403e3-8833-4b5c-ad30-5e7272725eb3,L1,Profile
b5f403e3-8833-4b5c-ad30-5e7272725eb3,L1,Profile
b5f403e3-8833-4b5c-ad30-5e7272725eb3,L1,Profile
b5f403e3-8833-4b5c-ad30-5e7272725eb3,L1,Profile
b5f403e3-8833-4b5c-ad30-5e7272725eb3,L1,Profile
b5f403e3-8833-4b5c-ad30-5e7272725eb3,L1,Profile
b5f403e3-8833-4b5c-ad30-5e7272725eb3,L1,Profile
b5f403e3-8833-4b5c-ad30-5e7272725eb3,L1,Profile
b5f403e3-8833-4b5c-ad30-5e7272725eb3,L1,Profile
b5f403e3-8833-4b5c-ad30-5e7272725eb3,L1,Profile
b5f403e3-8833-4b5c-ad30-5e7272725eb3,L1,Profile
b5f403e3-8833-4b5c-ad30-5e7272725eb3,L1,Profile
b5f403e3-8833-4b5c-ad30-5e7272725eb3,L1,Profile
b5f403e3-8833-4b5c-ad30-5e7272725eb3,L1,Profile
b5f403e3-8833-4b5c-ad30-5e7272725eb3,L1,Profile
b5f403e3-8833-4b5c-ad30-5e7272725eb3,L1,Profile
b5f403e3-8833-4b5c-ad30-5e7272725eb3,L1,Profile
b5f403e3-8833-4b5c-ad30-5e7272725eb3,L1,Profile
b5f403e3-8833-4b5c-ad30-5e7272725eb3,L1,Profile
b5f403e3-8833-4b5c-ad30-5e7272725eb3,L1,Profile
b5f403e3-8833-4b5c-ad30-5e7272725eb3,L1,Profile
b5f403e3-8833-4b5c-ad30-5e7272725eb3,L1,Profile
b5f403e3-8833-4b5c-ad30-5e7272725eb3,L1,Profile
b5f403e3-8833-4b5c-ad30-5e7272725eb3,L1,Profile
b5f403e3-8833-4b5c-ad30-5e7272725eb3,L1,Profile
b5f403e3-8833-4b5c-ad30-5e7272725eb3,L1,Profile
b5f403e3-8833-4b5c-ad30-5e7272725eb3,L1,Profile
b5f403e3-8833-4b5c-ad30-5e7272725eb3,L1,Profile
b5f403e3-8833-4b5c-ad30-5e7272725eb3,L1,Profile
b5f403e3-8833-4b5c-ad30-5e7272725eb3,L1,Profile
b5f403e3-8833-4b5c-ad30-5e7272725eb3,L1,Profile
b5f403e3-8833-4b5c-ad30-5e7272725eb3,L1,Profile
b5f403e3-8833-4b5c-ad30-5e7272725eb3,L1,Profile
b5f403e3-8833-4b5c-ad30-5e7272725eb3,L1,Profile
b5f403e3-8833-4b5c-ad30-5e7272725eb3,L1,Profile
b5f403e3-8833-4b5c-ad30-5e7272725eb3,L1,Profile
b5f403e3-8833-4b5c-ad30-5e7272725eb3,L1,Profile
b5f403e3-8833-4b5c-ad30-5e7272725eb3,L1,Profile
b5f403e3-8833-4b5c-ad30-5e7272725eb3,L1,Profile
b5f403e3-8833-4b5c-ad30-5e7272725eb3,L1,Profile
b5f403e3-8833-4b5c-ad30-5e7272725eb3,L1,Profile
b5f403e3-8833-4b5c-ad30-5e7272725eb3,L1,Profile
b5f403e3-8833-4b5c-ad30-5e7272725eb3,L1,Profile
b5f403e3-8833-4b5c-ad30-5e7272725eb3,L1,Profile
b5f403e3-8833-4b5c-ad30-5e7272725eb3,L1,Profile
b5f403e3-8833-4b5c-ad30-5e7272725eb3,L1,Profile
b5f403e3-8833-4b5c-ad30-5e7272725eb3,L1,Profile
b5f403e3-8833-4b5c-ad30-5e7272725eb3,L1,Profile
b5f403e3-8833-4b5c-ad30-5e7272725eb3,L1,Profile
b5f403e3-8833-4b5c-ad30-5e7272725eb3,L1,Profile
b5f403e3-8833-4b5c-ad30-5e7272725eb3,L1,Profile
b5f403e3-8833-4b5c-ad30-5e7272725eb3,L1,Profile
b5f403e3-8833-4b5c-ad30-5e7272725eb3,L1,Profile
b5f403e3-8833-4b5c-ad30-5e7272725eb3,L1,Profile
b5f403e3-8833-4b5c-ad30-5e7272725eb3,L1,Profile
b5f403e3-8833-4b5c-ad30-5e7272725eb3,L1,Profile
b5f403e3-8833-4b5c-ad30-5e7272725eb3,L1,Profile
b5f403e3-8833-4b5c-ad30-5e7272725eb3,L1,Profile
b5f403e3-8833-4b5c-ad30-5e7272725eb3,L1,Profile
b5f403e3-8833-4b5c-ad30-5e7272725eb3,L1,Profile
b5f403e3-8833-4b5c-ad30-5e7272725eb3,L1,Profile
b5f403e3-8833-4b5c-ad30-5e7272725eb3,L1,Profile
b5f403e3-8833-4b5c-ad30-5e7272725eb3,L1,Profile
b5f403e3-8833-4b5c-ad30-5e7272725eb3,L1,Profile
b5f403e3-8833-4b5c-ad30-5e7272725eb3,L1,Profile
b5f403e3-8833-4b5c-ad30-5e7272725eb3,L1,Profile
b5f403e3-8833-4b5c-ad30-5e7272725eb3,L1,Profile
b5f403e3-8833-4b5c-ad30-5e7272725eb3,L1,Profile
b5f403e3-8833-4b5c-ad30-5e7272725eb3,L1,Profile
b5f403e3-8833-4b5c-ad30-5e7272725eb3,L1,Profile
b5f403e3-8833-4b5c-ad30-5e7272725eb3,L1,Profile
b5f403e3-8833-4b5c-ad30-5e7272725eb3,L1,Profile
b5f403e3-8833-4b5c-ad30-5e7272725eb3,L1,Profile
b5f403e3-8833-4b5c-ad30-5e7272725eb3,L1,Profile
b5f403e3-8833-4b5c-ad30-5e7272725eb3,L1,Profile
b5f403e3-8833-4b5c-ad30-5e7272725eb3,L1,Profile
b5f403e3-8833-4b5c-ad30-5e7272725eb3,L1,Profile
b5f403e3-8833-4b5c-ad30-5e7272725eb3,L1,Profile
b5f403e3-8833-4b5c-ad30-5e7272725eb3,L1,Profile
b5f403e3-8833-4b5c-ad30-5e7272725eb3,L1,Profile
b5f403e3-8833-4b5c-ad30-5e7272725eb3,L1,Profile
b5f403e3-8833-4b5c-ad30-5e7272725eb3,L1,Profile
b5f403e3-8833-4b5c-ad30-5e7272725eb3,L1,Profile
b5f403e3-8833-4b5c-ad30-5e7272725eb3,L1,Profile
b5f403e3-8833-4b5c-ad30-5e7272725eb3,L1,Profile
b5f403e3-8833-4b5c-ad30-5e7272725eb3,L1,Profile
b5f403e3-8833-4b5c-ad30-5e7272725eb3,L1,Profile
b5f403e3-8833-4b5c-ad30-5e7272725eb3,L1,Profile
b5f403e3-8833-4b5c-ad30-5e7272725eb3,L1,Profile
b5f403e3-8833-4b5c-ad30-5e7272725eb3,L1,Profile
b5f403e3-8833-4b5c-ad30-5e7272725eb3,L1,Profile
b5f403e3-8833-4b5c-ad30-5e7272725eb3,L1,Profile
b5f403e3-8833-4b5c-ad30-5e7272725eb3,L1,Profile
b5f403e3-8833-4b5c-ad30-5e7272725eb3,L1,Profile
b5f403e3-8833-4b5c-ad30-5e7272725eb3,L1,Profile
b5f403e3-8833-4b5c-ad30-5e7272725eb3,L1,Profile
b5f403e3-8833-4b5c-ad30-5e7272725eb3,L1,Profile
b5f403e3-8833-4b5c-ad30-5e7272725eb3,L1,Profile
b5f403e3-8833-4b5c-ad30-5e7272725eb3,L1,Profile
b5f403e3-8833-4b5c-ad30-5e7272725eb3,L1,Profile
b5f403e3-8833-4b5c-ad30-5e7272725eb3,L1,Profile
b5f403e3-8833-4b5c-ad30-5e7272725eb3,L1,Profile
b5f403e3-8833-4b5c-ad30-5e7272725eb3,L1,Profile
b5f403e3-8833-4b5c-ad30-5e7272725eb3,L1,Profile
b5f403e3-8833-4b5c-ad30-5e7272725eb3,L1,Profile
b5f403e3-8833-4b5c-ad30-5e7272725eb3,L1,Profile
b5f403e3-8833-4b5c-ad30-5e7272725eb3,L1,Profile
b5f403e3-8833-4b5c-ad30-5e7272725eb3,L1,Profile
b5f403e3-8833-4b5c-ad30-5e7272725eb3,L1,Profile
b5f403e3-8833-4b5c-ad30-5e7272725eb3,L1,Profile
b5f403e3-8833-4b5c-ad30-5e7272725eb3,L1,Profile
b5f403e3-8833-4b5c-ad30-5e7272725eb3,L1,Profile
b5f403e3-8833-4b5c-ad30-5e7272725eb3,L1,Profile
b5f403e3-8833-4b5c-ad30-5e7272725eb3,L1,Profile
b5f403e3-8833-4b5c-ad30-5e7272725eb3,L1,Profile
b5f403e3-8833-4b5c-ad30-5e7272725eb3,L1,Profile
b5f403e3-8833-4b5c-ad30-5e7272725eb3,L1,Profile
b5f403e3-8833-4b5c-ad30-5e7272725eb3,L1,Profile
b5f403e3-8833-4b5c-ad30-5e7272725eb3,L1,Profile
b5f403e3-8833-4b5c-ad30-5e7272725eb3,L1,Profile
b5f403e3-8833-4b5c-ad30-5e7272725eb3,L1,Profile
b5f403e3-8833-4b5c-ad30-5e7272725eb3,L1,Profile
b5f403e3-8833-4b5c-ad30-5e7272725eb3,L1,Profile
b5f403e3-8833-4b5c-ad30-5e7272725eb3,L1,Profile
b5f403e3-8833-4b5c-ad30-5e7272725eb3,L1,Profile
b5f403e3-8833-4b5c-ad30-5e7272725eb3,L1,Profile
b5f403e3-8833-4b5c-ad30-5e7272725eb3,L1,Profile
b5f403e3-8833-4b5c-ad30-5e7272725eb3,L1,Profile
b5f403e3-8833-4b5c-ad30-5e7272725eb3,L1,Profile
b5f403e3-8833-4b5c-ad30-5e7272725eb3,L1,Profile
b5f403e3-8833-4b5c-ad30-5e7272725eb3,L1,Profile
b5f403e3-8833-4b5c-ad30-5e7272725eb3,L1,Profile
b5f403e3-8833-4b5c-ad30-5e7272725eb3,L1,Profile
b5f403e3-8833-4b5c-ad30-5e7272725eb3,L1,Profile
b5f403e3-8833-4b5c-ad30-5e7272725eb3,L1,Profile
b5f403e3-8833-4b5c-ad30-5e7272725eb3,L1,Profile
b5f403e3-8833-4b5c-ad30-5e7272725eb3,L1,Profile
b5f403e3-8833-4b5c-ad30-5e7272725eb3,L1,Profile
b5f403e3-8833-4b5c-ad30-5e7272725eb3,L1,Profile
b5f403e3-8833-4b5c-ad30-5e7272725eb3,L1,Profile
b5f403e3-8833-4b5c-ad30-5e7272725eb3,L1,Profile
b5f403e3-8833-4b5c-ad30-5e7272725eb3,L1,Profile
b5f403e3-8833-4b5c-ad30-5e7272725eb3,L1,Profile
b5f403e3-8833-4b5c-ad30-5e7272725eb3,L1,Profile
b5f403e3-8833-4b5c-ad30-5e7272725eb3,L1,Profile
b5f403e3-8833-4b5c-ad30-5e7272725eb3,L1,Profile
b5f403e3-8833-4b5c-ad30-5e7272725eb3,L1,Profile
b5f403e3-8833-4b5c-ad30-5e7272725eb3,L1,Profile
b5f403e3-8833-4b5c-ad30-5e7272725eb3,L1,Profile
b5f403e3-8833-4b5c-ad30-5e7272725eb3,L1,Profile
b5f403e3-8833-4b5c-ad30-5e7272725eb3,L1,Profile
b5f403e3-8833-4b5c-ad30-5e7272725eb3,L1,Profile
b5f403e3-8833-4b5c-ad30-5e7272725eb3,L1,Profile
b5f403e3-8833-4b5c-ad30-5e7272725eb3,L1,Profile
b5f403e3-8833-4b5c-ad30-5e7272725eb3,L1,Profile
b5f403e3-8833-4b5c-ad30-5e7272725eb3,L1,Profile
b5f403e3-8833-4b5c-ad30-5e7272725eb3,L1,Profile
b5f403e3-8833-4b5c-ad30-5e7272725eb3,L1,Profile
b5f403e3-8833-4b5c-ad30-5e7272725eb3,L1,Profile
b5f403e3-8833-4b5c-ad30-5e7272725eb3,L1,Profile
b5f403e3-8833-4b5c-ad30-5e7272725eb3,L1,Profile
b5f403e3-8833-4b5c-ad30-5e7272725eb3,L1,Profile
b5f403e3-8833-4b5c-ad30-5e7272725eb3,L1,Profile
b5f403e3-8833-4b5c-ad30-5e7272725eb3,L1,Profile
b5f403e3-8833-4b5c-ad30-5e7272725eb3,L1,Profile
b5f403e3-8833-4b5c-ad30-5e7272725eb3,L1,Profile
b5f403e3-8833-4b5c-ad30-5e7272725eb3,L1,Profile
b5f403e3-8833-4b5c-ad30-5e7272725eb3,L1,Profile
b5f403e3-8833-4b5c-ad30-5e7272725eb3,L1,Profile
b5f403e3-8833-4b5c-ad30-5e7272725eb3,L1,Profile
b5f403e3-8833-4b5c-ad30-5e7272725eb3,L1,Profile
b5f403e3-8833-4b5c-ad30-5e7272725eb3,L1,Profile
b5f403e3-8833-4b5c-ad30-5e7272725eb3,L1,Profile
b5f403e3-8833-4b5c-ad30-5e7272725eb3,L1,Profile
b5f403e3-8833-4b5c-ad30-5e7272725eb3,L1,Profile
b5f403e3-8833-4b5c-ad30-5e7272725eb3,L1,Profile
b5f403e3-8833-4b5c-ad30-5e7272725eb3,L1,Profile
b5f403e3-8833-4b5c-ad30-5e7272725eb3,L1,Profile
b5f403e3-8833-4b5c-ad30-5e7272725eb3,L1,Profile
b5f403e3-8833-4b5c-ad30-5e7272725eb3,L1,Profile
b5f403e3-8833-4b5c-ad30-5e7272725eb3,L1,Profile
b5f403e3-8833-4b5c-ad30-5e7272725eb3,L1,Profile
b5f403e3-8833-4b5c-ad30-5e7272725eb3,L1,Profile
b5f403e3-8833-4b5c-ad30-5e7272725eb3,L1,Profile
b5f403e3-8833-4b5c-ad30-5e7272725eb3,L1,Profile
b5f403e3-8833-4b5c-ad30-5e7272725eb3,L1,Profile
b5f403e3-8833-4b5c-ad30-5e7272725eb3,L1,Profile
b5f403e3-8833-4b5c-ad30-5e7272725eb3,L1,Profile
b5f403e3-8833-4b5c-ad30-5e7272725eb3,L1,Profile
b5f403e3-8833-4b5c-ad30-5e7272725eb3,L1,Profile
b5f403e3-8833-4b5c-ad30-5e7272725eb3,L1,Profile
b5f403e3-8833-4b5c-ad30-5e7272725eb3,L1,Profile
b5f403e3-8833-4b5c-ad30-5e7272725eb3,L1,Profile
b5f403e3-8833-4b5c-ad30-5e7272725eb3,L1,Profile
b5f403e3-8833-4b5c-ad30-5e7272725eb3,L1,Profile
b5f403e3-8833-4b5c-ad30-5e7272725eb3,L1,Profile
b5f403e3-8833-4b5c-ad30-5e7272725eb3,L1,Profile
b5f403e3-8833-4b5c-ad30-5e7272725eb3,L1,Profile
b5f403e3-8833-4b5c-ad30-5e7272725eb3,L1,Profile
b5f403e3-8833-4b5c-ad30-5e7272725eb3,L1,Profile
b5f403e3-8833-4b5c-ad30-5e7272725eb3,L1,Profile
b5f403e3-8833-4b5c-ad30-5e7272725eb3,L1,Profile
b5f403e3-8833-4b5c-ad30-5e7272725eb3,L1,Profile
b5f403e3-8833-4b5c-ad30-5e7272725eb3,L1,Profile
b5f403e3-8833-4b5c-ad30-5e7272725eb3,L1,Profile
b5f403e3-8833-4b5c-ad30-5e7272725eb3,L1,Profile
b5f403e3-8833-4b5c-ad30-5e7272725eb3,L1,Profile
b5f403e3-8833-4b5c-ad30-5e7272725eb3,L1,Profile
b5f403e3-8833-4b5c-ad30-5e7272725eb3,L1,Profile
b5f403e3-8833-4b5c-ad30-5e7272725eb3,L1,Profile
b5f403e3-8833-4b5c-ad30-5e7272725eb3,L1,Profile
b5f403e3-8833-4b5c-ad30-5e7272725eb3,L1,Profile
b5f403e3-8833-4b5c-ad30-5e7272725eb3,L1,Profile
b5f403e3-8833-4b5c-ad30-5e7272725eb3,L1,Profile
b5f403e3-8833-4b5c-ad30-5e7272725eb3,L1,Profile
b5f403e3-8833-4b5c-ad30-5e7272725eb3,L1,Profile
b5f403e3-8833-4b5c-ad30-5e7272725eb3,L1,Profile
b5f403e3-8833-4b5c-ad30-5e7272725eb3,L1,Profile
b5f403e3-8833-4b5c-ad30-5e7272725eb3,L1,Profile
b5f403e3-8833-4b5c-ad30-5e7272725eb3,L1,Profile
b5f403e3-8833-4b5c-ad30-5e7272725eb3,L1,Profile
b5f403e3-8833-4b5c-ad30-5e7272725eb3,L1,Profile
b5f403e3-8833-4b5c-ad30-5e7272725eb3,L1,Profile
b5f403e3-8833-4b5c-ad30-5e7272725eb3,L1,Profile
b5f403e3-8833-4b5c-ad30-5e7272725eb3,L1,Profile
b5f403e3-8833-4b5c-ad30-5e7272725eb3,L1,Profile
b5f403e3-8833-4b5c-ad30-5e7272725eb3,L1,Profile
b5f403e3-8833-4b5c-ad30-5e7272725eb3,L1,Profile
b5f403e3-8833-4b5c-ad30-5e7272725eb3,L1,Profile
b5f403e3-8833-4b5c-ad30-5e7272725eb3,L1,Profile
b5f403e3-8833-4b5c-ad30-5e7272725eb3,L1,Profile
b5f403e3-8833-4b5c-ad30-5e7272725eb3,L1,Profile
b5f403e3-8833-4b5c-ad30-5e7272725eb3,L1,Profile
b5f403e3-8833-4b5c-ad30-5e7272725eb3,L1,Profile
b5f403e3-8833-4b5c-ad30-5e7272725eb3,L1,Profile
b5f403e3-8833-4b5c-ad30-5e7272725eb3,L1,Profile
b5f403e3-8833-4b5c-ad30-5e7272725eb3,L1,Profile
b5f403e3-8833-4b5c-ad30-5e7272725eb3,L1,Profile
b5f403e3-8833-4b5c-ad30-5e7272725eb3,L1,Profile
b5f403e3-8833-4b5c-ad30-5e7272725eb3,L1,Profile
b5f403e3-8833-4b5c-ad30-5e7272725eb3,L1,Profile
b5f403e3-8833-4b5c-ad30-5e7272725eb3,L1,Profile
b5f403e3-8833-4b5c-ad30-5e7272725eb3,L1,Profile
b5f403e3-8833-4b5c-ad30-5e7272725eb3,L1,Profile
b5f403e3-8833-4b5c-ad30-5e7272725eb3,L1,Profile
b5f403e3-8833-4b5c-ad30-5e7272725eb3,L1,Profile
b5f403e3-8833-4b5c-ad30-5e7272725eb3,L1,Profile
b5f403e3-8833-4b5c-ad30-5e7272725eb3,L1,Profile
b5f403e3-8833-4b5c-ad30-5e7272725eb3,L1,Profile
b5f403e3-8833-4b5c-ad30-5e7272725eb3,L1,Profile
b5f403e3-8833-4b5c-ad30-5e7272725eb3,L1,Profile
b5f403e3-8833-4b5c-ad30-5e7272725eb3,L1,Profile
b5f403e3-8833-4b5c-ad30-5e7272725eb3,L1,Profile
b5f403e3-8833-4b5c-ad30-5e7272725eb3,L1,Profile
b5f403e3-8833-4b5c-ad30-5e7272725eb3,L1,Profile
b5f403e3-8833-4b5c-ad30-5e7272725eb3,L1,Profile
b5f403e3-8833-4b5c-ad30-5e7272725eb3,L1,Profile
b5f403e3-8833-4b5c-ad30-5e7272725eb3,L1,Profile
b5f403e3-8833-4b5c-ad30-5e7272725eb3,L1,Profile
b5f403e3-8833-4b5c-ad30-5e7272725eb3,L1,Profile
b5f403e3-8833-4b5c-ad30-5e7272725eb3,L1,Profile
b5f403e3-8833-4b5c-ad30-5e7272725eb3,L1,Profile
b5f403e3-8833-4b5c-ad30-5e7272725eb3,L1,Profile
b5f403e3-8833-4b5c-ad30-5e7272725eb3,L1,Profile
b5f403e3-8833-4b5c-ad30-5e7272725eb3,L1,Profile
b5f403e3-8833-4b5c-ad30-5e7272725eb3,L1,Profile
b5f403e3-8833-4b5c-ad30-5e7272725eb3,L1,Profile
b5f403e3-8833-4b5c-ad30-5e7272725eb3,L1,Profile
b5f403e3-8833-4b5c-ad30-5e7272725eb3,L1,Profile
b5f403e3-8833-4b5c-ad30-5e7272725eb3,L1,Profile
b5f403e3-8833-4b5c-ad30-5e7272725eb3,L1,Profile
b5f403e3-8833-4b5c-ad30-5e7272725eb3,L1,Profile
b5f403e3-8833-4b5c-ad30-5e7272725eb3,L1,Profile
b5f403e3-8833-4b5c-ad30-5e7272725eb3,L1,Profile
b5f403e3-8833-4b5c-ad30-5e7272725eb3,L1,Profile
b5f403e3-8833-4b5c-ad30-5e7272725eb3,L1,Profile
b5f403e3-8833-4b5c-ad30-5e7272725eb3,L1,Profile
b5f403e3-8833-4b5c-ad30-5e7272725eb3,L1,Profile
b5f403e3-8833-4b5c-ad30-5e7272725eb3,L1,Profile
b5f403e3-8833-4b5c-ad30-5e7272725eb3,L1,Profile
b5f403e3-8833-4b5c-ad30-5e7272725eb3,L1,Profile
b5f403e3-8833-4b5c-ad30-5e7272725eb3,L1,Profile
b5f403e3-8833-4b5c-ad30-5e7272725eb3,L1,Profile
b5f403e3-8833-4b5c-ad30-5e7272725eb3,L1,Profile
b5f403e3-8833-4b5c-ad30-5e7272725eb3,L1,Profile
b5f403e3-8833-4b5c-ad30-5e7272725eb3,L1,Profile
b5f403e3-8833-4b5c-ad30-5e7272725eb3,L1,Profile
b5f403e3-8833-4b5c-ad30-5e7272725eb3,L1,Profile
b5f403e3-8833-4b5c-ad30-5e7272725eb3,L1,Profile
b5f403e3-8833-4b5c-ad30-5e7272725eb3,L1,Profile
b5f403e3-8833-4b5c-ad30-5e7272725eb3,L1,Profile
b5f403e3-8833-4b5c-ad30-5e7272725eb3,L1,Profile
b5f403e3-8833-4b5c-ad30-5e7272725eb3,L1,Profile
b5f403e3-8833-4b5c-ad30-5e7272725eb3,L1,Profile
b5f403e3-8833-4b5c-ad30-5e7272725eb3,L1,Profile
b5f403e3-8833-4b5c-ad30-5e7272725eb3,L1,Profile
b5f403e3-8833-4b5c-ad30-5e7272725eb3,L1,Profile
b5f403e3-8833-4b5c-ad30-5e7272725eb3,L1,Profile
b5f403e3-8833-4b5c-ad30-5e7272725eb3,L1,Profile
b5f403e3-8833-4b5c-ad30-5e7272725eb3,L1,Profile
b5f403e3-8833-4b5c-ad30-5e7272725eb3,L1,Profile
b5f403e3-8833-4b5c-ad30-5e7272725eb3,L1,Profile
b5f403e3-8833-4b5c-ad30-5e7272725eb3,L1,Profile
b5f403e3-8833-4b5c-ad30-5e7272725eb3,L1,Profile
b5f403e3-8833-4b5c-ad30-5e7272725eb3,L1,Profile
b5f403e3-8833-4b5c-ad30-5e7272725eb3,L1,Profile
b5f403e3-8833-4b5c-ad30-5e7272725eb3,L1,Profile
b5f403e3-8833-4b5c-ad30-5e7272725eb3,L1,Profile
b5f403e3-8833-4b5c-ad30-5e7272725eb3,L1,Profile
b5f403e3-8833-4b5c-ad30-5e7272725eb3,L1,Profile
b5f403e3-8833-4b5c-ad30-5e7272725eb3,L1,Profile
b5f403e3-8833-4b5c-ad30-5e7272725eb3,L1,Profile
b5f403e3-8833-4b5c-ad30-5e7272725eb3,L1,Profile
b5f403e3-8833-4b5c-ad30-5e7272725eb3,L1,Profile
b5f403e3-8833-4b5c-ad30-5e7272725eb3,L1,Profile
b5f403e3-8833-4b5c-ad30-5e7272725eb3,L1,Profile
b5f403e3-8833-4b5c-ad30-5e7272725eb3,L1,Profile
b5f403e3-8833-4b5c-ad30-5e7272725eb3,L1,Profile
b5f403e3-8833-4b5c-ad30-5e7272725eb3,L1,Profile
b5f403e3-8833-4b5c-ad30-5e7272725eb3,L1,Profile
b5f403e3-8833-4b5c-ad30-5e7272725eb3,L1,Profile
b5f403e3-8833-4b5c-ad30-5e7272725eb3,L1,Profile
b5f403e3-8833-4b5c-ad30-5e7272725eb3,L1,Profile
b5f403e3-8833-4b5c-ad30-5e7272725eb3,L1,Profile
b5f403e3-8833-4b5c-ad30-5e7272725eb3,L1,Profile
b5f403e3-8833-4b5c-ad30-5e7272725eb3,L1,Profile
b5f403e3-8833-4b5c-ad30-5e7272725eb3,L1,Profile
b5f403e3-8833-4b5c-ad30-5e7272725eb3,L1,Profile
b5f403e3-8833-4b5c-ad30-5e7272725eb3,L1,Profile
b5f403e3-8833-4b5c-ad30-5e7272725eb3,L1,Profile
b5f403e3-8833-4b5c-ad30-5e7272725eb3,L1,Profile
b5f403e3-8833-4b5c-ad30-5e7272725eb3,L1,Profile
b5f403e3-8833-4b5c-ad30-5e7272725eb3,L1,Profile
b5f403e3-8833-4b5c-ad30-5e7272725eb3,L1,Profile
b5f403e3-8833-4b5c-ad30-5e7272725eb3,L1,Profile
b5f403e3-8833-4b5c-ad30-5e7272725eb3,L1,Profile
b5f403e3-8833-4b5c-ad30-5e7272725eb3,L1,Profile
b5f403e3-8833-4b5c-ad30-5e7272725eb3,L1,Profile
b5f403e3-8833-4b5c-ad30-5e7272725eb3,L1,Profile
b5f403e3-8833-4b5c-ad30-5e7272725eb3,L1,Profile
b5f403e3-8833-4b5c-ad30-5e7272725eb3,L1,Profile
b5f403e3-8833-4b5c-ad30-5e7272725eb3,L1,Profile
b5f403e3-8833-4b5c-ad30-5e7272725eb3,L1,Profile
b5f403e3-8833-4b5c-ad30-5e7272725eb3,L1,Profile
b5f403e3-8833-4b5c-ad30-5e7272725eb3,L1,Profile
b5f403e3-8833-4b5c-ad30-5e7272725eb3,L1,Profile
b5f403e3-8833-4b5c-ad30-5e7272725eb3,L1,Profile
b5f403e3-8833-4b5c-ad30-5e7272725eb3,L1,Profile
b5f403e3-8833-4b5c-ad30-5e7272725eb3,L1,Profile
b5f403e3-8833-4b5c-ad30-5e7272725eb3,L1,Profile
b5f403e3-8833-4b5c-ad30-5e7272725eb3,L1,Profile
b5f403e3-8833-4b5c-ad30-5e7272725eb3,L1,Profile
b5f403e3-8833-4b5c-ad30-5e7272725eb3,L1,Profile
b5f403e3-8833-4b5c-ad30-5e7272725eb3,L1,Profile
b5f403e3-8833-4b5c-ad30-5e7272725eb3,L1,Profile
b5f403e3-8833-4b5c-ad30-5e7272725eb3,L1,Profile
b5f403e3-8833-4b5c-ad30-5e7272725eb3,L1,Profile
b5f403e3-8833-4b5c-ad30-5e7272725eb3,L1,Profile
b5f403e3-8833-4b5c-ad30-5e7272725eb3,L1,Profile
b5f403e3-8833-4b5c-ad30-5e7272725eb3,L1,Profile
b5f403e3-8833-4b5c-ad30-5e7272725eb3,L1,Profile
b5f403e3-8833-4b5c-ad30-5e7272725eb3,L1,Profile
b5f403e3-8833-4b5c-ad30-5e7272725eb3,L1,Profile
b5f403e3-8833-4b5c-ad30-5e7272725eb3,L1,Profile
b5f403e3-8833-4b5c-ad30-5e7272725eb3,L1,Profile
b5f403e3-8833-4b5c-ad30-5e7272725eb3,L1,Profile
b5f403e3-8833-4b5c-ad30-5e7272725eb3,L1,Profile
b5f403e3-8833-4b5c-ad30-5e7272725eb3,L1,Profile
b5f403e3-8833-4b5c-ad30-5e7272725eb3,L1,Profile
b5f403e3-8833-4b5c-ad30-5e7272725eb3,L1,Profile
b5f403e3-8833-4b5c-ad30-5e7272725eb3,L1,Profile
b5f403e3-8833-4b5c-ad30-5e7272725eb3,L1,Profile
b5f403e3-8833-4b5c-ad30-5e7272725eb3,L1,Profile
b5f403e3-8833-4b5c-ad30-5e7272725eb3,L1,Profile
b5f403e3-8833-4b5c-ad30-5e7272725eb3,L1,Profile
b5f403e3-8833-4b5c-ad30-5e7272725eb3,L1,Profile
b5f403e3-8833-4b5c-ad30-5e7272725eb3,L1,Profile
b5f403e3-8833-4b5c-ad30-5e7272725eb3,L1,Profile
b5f403e3-8833-4b5c-ad30-5e7272725eb3,L1,Profile
b5f403e3-8833-4b5c-ad30-5e7272725eb3,L1,Profile
b5f403e3-8833-4b5c-ad30-5e7272725eb3,L1,Profile
b5f403e3-8833-4b5c-ad30-5e7272725eb3,L1,Profile
b5f403e3-8833-4b5c-ad30-5e7272725eb3,L1,Profile
b5f403e3-8833-4b5c-ad30-5e7272725eb3,L1,Profile
b5f403e3-8833-4b5c-ad30-5e7272725eb3,L1,Profile
b5f403e3-8833-4b5c-ad30-5e7272725eb3,L1,Profile
b5f403e3-8833-4b5c-ad30-5e7272725eb3,L1,Profile
b5f403e3-8833-4b5c-ad30-5e7272725eb3,L1,Profile
b5f403e3-8833-4b5c-ad30-5e7272725eb3,L1,Profile
b5f403e3-8833-4b5c-ad30-5e7272725eb3,L1,Profile
b5f403e3-8833-4b5c-ad30-5e7272725eb3,L1,Profile
b5f403e3-8833-4b5c-ad30-5e7272725eb3,L1,Profile
b5f403e3-8833-4b5c-ad30-5e7272725eb3,L1,Profile
b5f403e3-8833-4b5c-ad30-5e7272725eb3,L1,Profile
b5f403e3-8833-4b5c-ad30-5e7272725eb3,L1,Profile
b5f403e3-8833-4b5c-ad30-5e7272725eb3,L1,Profile
b5f403e3-8833-4b5c-ad30-5e7272725eb3,L1,Profile
b5f403e3-8833-4b5c-ad30-5e7272725eb3,L1,Profile
b5f403e3-8833-4b5c-ad30-5e7272725eb3,L1,Profile
b5f403e3-8833-4b5c-ad30-5e7272725eb3,L1,Profile
b5f403e3-8833-4b5c-ad30-5e7272725eb3,L1,Profile
b5f403e3-8833-4b5c-ad30-5e7272725eb3,L1,Profile
b5f403e3-8833-4b5c-ad30-5e7272725eb3,L1,Profile
b5f403e3-8833-4b5c-ad30-5e7272725eb3,L1,Profile
b5f403e3-8833-4b5c-ad30-5e7272725eb3,L1,Profile
b5f403e3-8833-4b5c-ad30-5e7272725eb3,L1,Profile
b5f403e3-8833-4b5c-ad30-5e7272725eb3,L1,Profile
b5f403e3-8833-4b5c-ad30-5e7272725eb3,L1,Profile
b5f403e3-8833-4b5c-ad30-5e7272725eb3,L1,Profile
b5f403e3-8833-4b5c-ad30-5e7272725eb3,L1,Profile
b5f403e3-8833-4b5c-ad30-5e7272725eb3,L1,Profile
b5f403e3-8833-4b5c-ad30-5e7272725eb3,L1,Profile
b5f403e3-8833-4b5c-ad30-5e7272725eb3,L1,Profile
b5f403e3-8833-4b5c-ad30-5e7272725eb3,L1,Profile
b5f403e3-8833-4b5c-ad30-5e7272725eb3,L1,Profile
b5f403e3-8833-4b5c-ad30-5e7272725eb3,L1,Profile
b5f403e3-8833-4b5c-ad30-5e7272725eb3,L1,Profile
b5f403e3-8833-4b5c-ad30-5e7272725eb3,L1,Profile
b5f403e3-8833-4b5c-ad30-5e7272725eb3,L1,Profile
b5f403e3-8833-4b5c-ad30-5e7272725eb3,L1,Profile
b5f403e3-8833-4b5c-ad30-5e7272725eb3,L1,Profile
b5f403e3-8833-4b5c-ad30-5e7272725eb3,L1,Profile
b5f403e3-8833-4b5c-ad30-5e7272725eb3,L1,Profile
b5f403e3-8833-4b5c-ad30-5e7272725eb3,L1,Profile
b5f403e3-8833-4b5c-ad30-5e7272725eb3,L1,Profile
b5f403e3-8833-4b5c-ad30-5e7272725eb3,L1,Profile
b5f403e3-8833-4b5c-ad30-5e7272725eb3,L1,Profile
b5f403e3-8833-4b5c-ad30-5e7272725eb3,L1,Profile
b5f403e3-8833-4b5c-ad30-5e7272725eb3,L1,Profile
b5f403e3-8833-4b5c-ad30-5e7272725eb3,L1,Profile
b5f403e3-8833-4b5c-ad30-5e7272725eb3,L1,Profile
b5f403e3-8833-4b5c-ad30-5e7272725eb3,L1,Profile
b5f403e3-8833-4b5c-ad30-5e7272725eb3,L1,Profile
b5f403e3-8833-4b5c-ad30-5e7272725eb3,L1,Profile
b5f403e3-8833-4b5c-ad30-5e7272725eb3,L1,Profile
b5f403e3-8833-4b5c-ad30-5e7272725eb3,L1,Profile
b5f403e3-8833-4b5c-ad30-5e7272725eb3,L1,Profile
b5f403e3-8833-4b5c-ad30-5e7272725eb3,L1,Profile
b5f403e3-8833-4b5c-ad30-5e7272725eb3,L1,Profile
b5f403e3-8833-4b5c-ad30-5e7272725eb3,L1,Profile
b5f403e3-8833-4b5c-ad30-5e7272725eb3,L1,Profile
b5f403e3-8833-4b5c-ad30-5e7272725eb3,L1,Profile
b5f403e3-8833-4b5c-ad30-5e7272725eb3,L1,Profile
b5f403e3-8833-4b5c-ad30-5e7272725eb3,L1,Profile
b5f403e3-8833-4b5c-ad30-5e7272725eb3,L1,Profile
b5f403e3-8833-4b5c-ad30-5e7272725eb3,L1,Profile
b5f403e3-8833-4b5c-ad30-5e7272725eb3,L1,Profile
b5f403e3-8833-4b5c-ad30-5e7272725eb3,L1,Profile
b5f403e3-8833-4b5c-ad30-5e7272725eb3,L1,Profile
b5f403e3-8833-4b5c-ad30-5e7272725eb3,L1,Profile
b5f403e3-8833-4b5c-ad30-5e7272725eb3,L1,Profile
b5f403e3-8833-4b5c-ad30-5e7272725eb3,L1,Profile
b5f403e3-8833-4b5c-ad30-5e7272725eb3,L1,Profile
b5f403e3-8833-4b5c-ad30-5e7272725eb3,L1,Profile
b5f403e3-8833-4b5c-ad30-5e7272725eb3,L1,Profile
b5f403e3-8833-4b5c-ad30-5e7272725eb3,L1,Profile
b5f403e3-8833-4b5c-ad30-5e7272725eb3,L1,Profile
b5f403e3-8833-4b5c-ad30-5e7272725eb3,L1,Profile
b5f403e3-8833-4b5c-ad30-5e7272725eb3,L1,Profile
b5f403e3-8833-4b5c-ad30-5e7272725eb3,L1,Profile
b5f403e3-8833-4b5c-ad30-5e7272725eb3,L1,Profile
b5f403e3-8833-4b5c-ad30-5e7272725eb3,L1,Profile
b5f403e3-8833-4b5c-ad30-5e7272725eb3,L1,Profile
b5f403e3-8833-4b5c-ad30-5e7272725eb3,L1,Profile
b5f403e3-8833-4b5c-ad30-5e7272725eb3,L1,Profile
b5f403e3-8833-4b5c-ad30-5e7272725eb3,L1,Profile
b5f403e3-8833-4b5c-ad30-5e7272725eb3,L1,Profile
b5f403e3-8833-4b5c-ad30-5e7272725eb3,L1,Profile
b5f403e3-8833-4b5c-ad30-5e7272725eb3,L1,Profile
b5f403e3-8833-4b5c-ad30-5e7272725eb3,L1,Profile
b5f403e3-8833-4b5c-ad30-5e7272725eb3,L1,Profile
b5f403e3-8833-4b5c-ad30-5e7272725eb3,L1,Profile
b5f403e3-8833-4b5c-ad30-5e7272725eb3,L1,Profile
b5f403e3-8833-4b5c-ad30-5e7272725eb3,L1,Profile
b5f403e3-8833-4b5c-ad30-5e7272725eb3,L1,Profile
b5f403e3-8833-4b5c-ad30-5e7272725eb3,L1,Profile
b5f403e3-8833-4b5c-ad30-5e7272725eb3,L1,Profile
b5f403e3-8833-4b5c-ad30-5e7272725eb3,L1,Profile
b5f403e3-8833-4b5c-ad30-5e7272725eb3,L1,Profile
b5f403e3-8833-4b5c-ad30-5e7272725eb3,L1,Profile
b5f403e3-8833-4b5c-ad30-5e7272725eb3,L1,Profile
b5f403e3-8833-4b5c-ad30-5e7272725eb3,L1,Profile
b5f403e3-8833-4b5c-ad30-5e7272725eb3,L1,Profile
b5f403e3-8833-4b5c-ad30-5e7272725eb3,L1,Profile
b5f403e3-8833-4b5c-ad30-5e7272725eb3,L1,Profile
b5f403e3-8833-4b5c-ad30-5e7272725eb3,L1,Profile
b5f403e3-8833-4b5c-ad30-5e7272725eb3,L1,Profile
b5f403e3-8833-4b5c-ad30-5e7272725eb3,L1,Profile
b5f403e3-8833-4b5c-ad30-5e7272725eb3,L1,Profile
b5f403e3-8833-4b5c-ad30-5e7272725eb3,L1,Profile
b5f403e3-8833-4b5c-ad30-5e7272725eb3,L1,Profile
b5f403e3-8833-4b5c-ad30-5e7272725eb3,L1,Profile
b5f403e3-8833-4b5c-ad30-5e7272725eb3,L1,Profile
b5f403e3-8833-4b5c-ad30-5e7272725eb3,L1,Profile
b5f403e3-8833-4b5c-ad30-5e7272725eb3,L1,Profile
b5f403e3-8833-4b5c-ad30-5e7272725eb3,L1,Profile
b5f403e3-8833-4b5c-ad30-5e7272725eb3,L1,Profile
b5f403e3-8833-4b5c-ad30-5e7272725eb3,L1,Profile
b5f403e3-8833-4b5c-ad30-5e7272725eb3,L1,Profile
b5f403e3-8833-4b5c-ad30-5e7272725eb3,L1,Profile
b5f403e3-8833-4b5c-ad30-5e7272725eb3,L1,Profile
b5f403e3-8833-4b5c-ad30-5e7272725eb3,L1,Profile
b5f403e3-8833-4b5c-ad30-5e7272725eb3,L1,Profile
b5f403e3-8833-4b5c-ad30-5e7272725eb3,L1,Profile
b5f403e3-8833-4b5c-ad30-5e7272725eb3,L1,Profile
b5f403e3-8833-4b5c-ad30-5e7272725eb3,L1,Profile
b5f403e3-8833-4b5c-ad30-5e7272725eb3,L1,Profile
b5f403e3-8833-4b5c-ad30-5e7272725eb3,L1,Profile
b5f403e3-8833-4b5c-ad30-5e7272725eb3,L1,Profile
b5f403e3-8833-4b5c-ad30-5e7272725eb3,L1,Profile
b5f403e3-8833-4b5c-ad30-5e7272725eb3,L1,Profile
b5f403e3-8833-4b5c-ad30-5e7272725eb3,L1,Profile
b5f403e3-8833-4b5c-ad30-5e7272725eb3,L1,Profile
b5f403e3-8833-4b5c-ad30-5e7272725eb3,L1,Profile
b5f403e3-8833-4b5c-ad30-5e7272725eb3,L1,Profile
b5f403e3-8833-4b5c-ad30-5e7272725eb3,L1,Profile
b5f403e3-8833-4b5c-ad30-5e7272725eb3,L1,Profile
b5f403e3-8833-4b5c-ad30-5e7272725eb3,L1,Profile
b5f403e3-8833-4b5c-ad30-5e7272725eb3,L1,Profile
b5f403e3-8833-4b5c-ad30-5e7272725eb3,L1,Profile
b5f403e3-8833-4b5c-ad30-5e7272725eb3,L1,Profile
b5f403e3-8833-4b5c-ad30-5e7272725eb3,L1,Profile
b5f403e3-8833-4b5c-ad30-5e7272725eb3,L1,Profile
b5f403e3-8833-4b5c-ad30-5e7272725eb3,L1,Profile
b5f403e3-8833-4b5c-ad30-5e7272725eb3,L1,Profile
b5f403e3-8833-4b5c-ad30-5e7272725eb3,L1,Profile
b5f403e3-8833-4b5c-ad30-5e7272725eb3,L1,Profile
b5f403e3-8833-4b5c-ad30-5e7272725eb3,L1,Profile
b5f403e3-8833-4b5c-ad30-5e7272725eb3,L1,Profile
b5f403e3-8833-4b5c-ad30-5e7272725eb3,L1,Profile
b5f403e3-8833-4b5c-ad30-5e7272725eb3,L1,Profile
b5f403e3-8833-4b5c-ad30-5e7272725eb3,L1,Profile
b5f403e3-8833-4b5c-ad30-5e7272725eb3,L1,Profile
b5f403e3-8833-4b5c-ad30-5e7272725eb3,L1,Profile
b5f403e3-8833-4b5c-ad30-5e7272725eb3,L1,Profile
b5f403e3-8833-4b5c-ad30-5e7272725eb3,L1,Profile
b5f403e3-8833-4b5c-ad30-5e7272725eb3,L1,Profile
b5f403e3-8833-4b5c-ad30-5e7272725eb3,L1,Profile
b5f403e3-8833-4b5c-ad30-5e7272725eb3,L1,Profile
b5f403e3-8833-4b5c-ad30-5e7272725eb3,L1,Profile
b5f403e3-8833-4b5c-ad30-5e7272725eb3,L1,Profile
b5f403e3-8833-4b5c-ad30-5e7272725eb3,L1,Profile
b5f403e3-8833-4b5c-ad30-5e7272725eb3,L1,Profile
b5f403e3-8833-4b5c-ad30-5e7272725eb3,L1,Profile
b5f403e3-8833-4b5c-ad30-5e7272725eb3,L1,Profile
b5f403e3-8833-4b5c-ad30-5e7272725eb3,L1,Profile
b5f403e3-8833-4b5c-ad30-5e7272725eb3,L1,Profile
b5f403e3-8833-4b5c-ad30-5e7272725eb3,L1,Profile
b5f403e3-8833-4b5c-ad30-5e7272725eb3,L1,Profile
b5f403e3-8833-4b5c-ad30-5e7272725eb3,L1,Profile
b5f403e3-8833-4b5c-ad30-5e7272725eb3,L1,Profile
b5f403e3-8833-4b5c-ad30-5e7272725eb3,L1,Profile
b5f403e3-8833-4b5c-ad30-5e7272725eb3,L1,Profile
b5f403e3-8833-4b5c-ad30-5e7272725eb3,L1,Profile
b5f403e3-8833-4b5c-ad30-5e7272725eb3,L1,Profile
b5f403e3-8833-4b5c-ad30-5e7272725eb3,L1,Profile
b5f403e3-8833-4b5c-ad30-5e7272725eb3,L1,Profile
b5f403e3-8833-4b5c-ad30-5e7272725eb3,L1,Profile
b5f403e3-8833-4b5c-ad30-5e7272725eb3,L1,Profile
b5f403e3-8833-4b5c-ad30-5e7272725eb3,L1,Profile
b5f403e3-8833-4b5c-ad30-5e7272725eb3,L1,Profile
b5f403e3-8833-4b5c-ad30-5e7272725eb3,L1,Profile
b5f403e3-8833-4b5c-ad30-5e7272725eb3,L1,Profile
b5f403e3-8833-4b5c-ad30-5e7272725eb3,L1,Profile
b5f403e3-8833-4b5c-ad30-5e7272725eb3,L1,Profile
b5f403e3-8833-4b5c-ad30-5e7272725eb3,L1,Profile
b5f403e3-8833-4b5c-ad30-5e7272725eb3,L1,Profile
b5f403e3-8833-4b5c-ad30-5e7272725eb3,L1,Profile
b5f403e3-8833-4b5c-ad30-5e7272725eb3,L1,Profile
b5f403e3-8833-4b5c-ad30-5e7272725eb3,L1,Profile
b5f403e3-8833-4b5c-ad30-5e7272725eb3,L1,Profile
b5f403e3-8833-4b5c-ad30-5e7272725eb3,L1,Profile
b5f403e3-8833-4b5c-ad30-5e7272725eb3,L1,Profile
b5f403e3-8833-4b5c-ad30-5e7272725eb3,L1,Profile
b5f403e3-8833-4b5c-ad30-5e7272725eb3,L1,Profile
b5f403e3-8833-4b5c-ad30-5e7272725eb3,L1,Profile
b5f403e3-8833-4b5c-ad30-5e7272725eb3,L1,Profile
b5f403e3-8833-4b5c-ad30-5e7272725eb3,L1,Profile
b5f403e3-8833-4b5c-ad30-5e7272725eb3,L1,Profile
b5f403e3-8833-4b5c-ad30-5e7272725eb3,L1,Profile
b5f403e3-8833-4b5c-ad30-5e7272725eb3,L1,Profile
b5f403e3-8833-4b5c-ad30-5e7272725eb3,L1,Profile
b5f403e3-8833-4b5c-ad30-5e7272725eb3,L1,Profile
b5f403e3-8833-4b5c-ad30-5e7272725eb3,L1,Profile
b5f403e3-8833-4b5c-ad30-5e7272725eb3,L1,Profile
b5f403e3-8833-4b5c-ad30-5e7272725eb3,L1,Profile
b5f403e3-8833-4b5c-ad30-5e7272725eb3,L1,Profile
b5f403e3-8833-4b5c-ad30-5e7272725eb3,L1,Profile
b5f403e3-8833-4b5c-ad30-5e7272725eb3,L1,Profile
b5f403e3-8833-4b5c-ad30-5e7272725eb3,L1,Profile
b5f403e3-8833-4b5c-ad30-5e7272725eb3,L1,Profile
b5f403e3-8833-4b5c-ad30-5e7272725eb3,L1,Profile
b5f403e3-8833-4b5c-ad30-5e7272725eb3,L1,Profile
b5f403e3-8833-4b5c-ad30-5e7272725eb3,L1,Profile
b5f403e3-8833-4b5c-ad30-5e7272725eb3,L1,Profile
b5f403e3-8833-4b5c-ad30-5e7272725eb3,L1,Profile
b5f403e3-8833-4b5c-ad30-5e7272725eb3,L1,Profile
b5f403e3-8833-4b5c-ad30-5e7272725eb3,L1,Profile
b5f403e3-8833-4b5c-ad30-5e7272725eb3,L1,Profile
b5f403e3-8833-4b5c-ad30-5e7272725eb3,L1,Profile
b5f403e3-8833-4b5c-ad30-5e7272725eb3,L1,Profile
b5f403e3-8833-4b5c-ad30-5e7272725eb3,L1,Profile
b5f403e3-8833-4b5c-ad30-5e7272725eb3,L1,Profile
b5f403e3-8833-4b5c-ad30-5e7272725eb3,L1,Profile
b5f403e3-8833-4b5c-ad30-5e7272725eb3,L1,Profile
b5f403e3-8833-4b5c-ad30-5e7272725eb3,L1,Profile
b5f403e3-8833-4b5c-ad30-5e7272725eb3,L1,Profile
b5f403e3-8833-4b5c-ad30-5e7272725eb3,L1,Profile
b5f403e3-8833-4b5c-ad30-5e7272725eb3,L1,Profile
b5f403e3-8833-4b5c-ad30-5e7272725eb3,L1,Profile
b5f403e3-8833-4b5c-ad30-5e7272725eb3,L1,Profile
b5f403e3-8833-4b5c-ad30-5e7272725eb3,L1,Profile
b5f403e3-8833-4b5c-ad30-5e7272725eb3,L1,Profile
b5f403e3-8833-4b5c-ad30-5e7272725eb3,L1,Profile
b5f403e3-8833-4b5c-ad30-5e7272725eb3,L1,Profile
b5f403e3-8833-4b5c-ad30-5e7272725eb3,L1,Profile
b5f403e3-8833-4b5c-ad30-5e7272725eb3,L1,Profile
b5f403e3-8833-4b5c-ad30-5e7272725eb3,L1,Profile
b5f403e3-8833-4b5c-ad30-5e7272725eb3,L1,Profile
b5f403e3-8833-4b5c-ad30-5e7272725eb3,L1,Profile
b5f403e3-8833-4b5c-ad30-5e7272725eb3,L1,Profile
b5f403e3-8833-4b5c-ad30-5e7272725eb3,L1,Profile
b5f403e3-8833-4b5c-ad30-5e7272725eb3,L1,Profile
b5f403e3-8833-4b5c-ad30-5e7272725eb3,L1,Profile
b5f403e3-8833-4b5c-ad30-5e7272725eb3,L1,Profile
b5f403e3-8833-4b5c-ad30-5e7272725eb3,L1,Profile
b5f403e3-8833-4b5c-ad30-5e7272725eb3,L1,Profile
b5f403e3-8833-4b5c-ad30-5e7272725eb3,L1,Profile
b5f403e3-8833-4b5c-ad30-5e7272725eb3,L1,Profile
b5f403e3-8833-4b5c-ad30-5e7272725eb3,L1,Profile
b5f403e3-8833-4b5c-ad30-5e7272725eb3,L1,Profile
b5f403e3-8833-4b5c-ad30-5e7272725eb3,L1,Profile
b5f403e3-8833-4b5c-ad30-5e7272725eb3,L1,Profile
b5f403e3-8833-4b5c-ad30-5e7272725eb3,L1,Profile
b5f403e3-8833-4b5c-ad30-5e7272725eb3,L1,Profile
b5f403e3-8833-4b5c-ad30-5e7272725eb3,L1,Profile
b5f403e3-8833-4b5c-ad30-5e7272725eb3,L1,Profile
b5f403e3-8833-4b5c-ad30-5e7272725eb3,L1,Profile
b5f403e3-8833-4b5c-ad30-5e7272725eb3,L1,Profile
b5f403e3-8833-4b5c-ad30-5e7272725eb3,L1,Profile
b5f403e3-8833-4b5c-ad30-5e7272725eb3,L1,Profile
b5f403e3-8833-4b5c-ad30-5e7272725eb3,L1,Profile
b5f403e3-8833-4b5c-ad30-5e7272725eb3,L1,Profile
b5f403e3-8833-4b5c-ad30-5e7272725eb3,L1,Profile
b5f403e3-8833-4b5c-ad30-5e7272725eb3,L1,Profile
b5f403e3-8833-4b5c-ad30-5e7272725eb3,L1,Profile
b5f403e3-8833-4b5c-ad30-5e7272725eb3,L1,Profile
b5f403e3-8833-4b5c-ad30-5e7272725eb3,L1,Profile
b5f403e3-8833-4b5c-ad30-5e7272725eb3,L1,Profile
b5f403e3-8833-4b5c-ad30-5e7272725eb3,L1,Profile
b5f403e3-8833-4b5c-ad30-5e7272725eb3,L1,Profile
b5f403e3-8833-4b5c-ad30-5e7272725eb3,L1,Profile
b5f403e3-8833-4b5c-ad30-5e7272725eb3,L1,Profile
b5f403e3-8833-4b5c-ad30-5e7272725eb3,L1,Profile
b5f403e3-8833-4b5c-ad30-5e7272725eb3,L1,Profile
b5f403e3-8833-4b5c-ad30-5e7272725eb3,L1,Profile
b5f403e3-8833-4b5c-ad30-5e7272725eb3,L1,Profile
b5f403e3-8833-4b5c-ad30-5e7272725eb3,L1,Profile
b5f403e3-8833-4b5c-ad30-5e7272725eb3,L1,Profile
b5f403e3-8833-4b5c-ad30-5e7272725eb3,L1,Profile
b5f403e3-8833-4b5c-ad30-5e7272725eb3,L1,Profile
b5f403e3-8833-4b5c-ad30-5e7272725eb3,L1,Profile
b5f403e3-8833-4b5c-ad30-5e7272725eb3,L1,Profile
b5f403e3-8833-4b5c-ad30-5e7272725eb3,L1,Profile
b5f403e3-8833-4b5c-ad30-5e7272725eb3,L1,Profile
b5f403e3-8833-4b5c-ad30-5e7272725eb3,L1,Profile
b5f403e3-8833-4b5c-ad30-5e7272725eb3,L1,Profile
b5f403e3-8833-4b5c-ad30-5e7272725eb3,L1,Profile
b5f403e3-8833-4b5c-ad30-5e7272725eb3,L1,Profile
b5f403e3-8833-4b5c-ad30-5e7272725eb3,L1,Profile
b5f403e3-8833-4b5c-ad30-5e7272725eb3,L1,Profile
b5f403e3-8833-4b5c-ad30-5e7272725eb3,L1,Profile
b5f403e3-8833-4b5c-ad30-5e7272725eb3,L1,Profile
b5f403e3-8833-4b5c-ad30-5e7272725eb3,L1,Profile
b5f403e3-8833-4b5c-ad30-5e7272725eb3,L1,Profile
b5f403e3-8833-4b5c-ad30-5e7272725eb3,L1,Profile
b5f403e3-8833-4b5c-ad30-5e7272725eb3,L1,Profile
b5f403e3-8833-4b5c-ad30-5e7272725eb3,L1,Profile
b5f403e3-8833-4b5c-ad30-5e7272725eb3,L1,Profile
b5f403e3-8833-4b5c-ad30-5e7272725eb3,L1,Profile
b5f403e3-8833-4b5c-ad30-5e7272725eb3,L1,Profile
b5f403e3-8833-4b5c-ad30-5e7272725eb3,L1,Profile
b5f403e3-8833-4b5c-ad30-5e7272725eb3,L1,Profile
b5f403e3-8833-4b5c-ad30-5e7272725eb3,L1,Profile
b5f403e3-8833-4b5c-ad30-5e7272725eb3,L1,Profile
b5f403e3-8833-4b5c-ad30-5e7272725eb3,L1,Profile
b5f403e3-8833-4b5c-ad30-5e7272725eb3,L1,Profile
b5f403e3-8833-4b5c-ad30-5e7272725eb3,L1,Profile
b5f403e3-8833-4b5c-ad30-5e7272725eb3,L1,Profile
b5f403e3-8833-4b5c-ad30-5e7272725eb3,L1,Profile
b5f403e3-8833-4b5c-ad30-5e7272725eb3,L1,Profile
b5f403e3-8833-4b5c-ad30-5e7272725eb3,L1,Profile
b5f403e3-8833-4b5c-ad30-5e7272725eb3,L1,Profile
b5f403e3-8833-4b5c-ad30-5e7272725eb3,L1,Profile
b5f403e3-8833-4b5c-ad30-5e7272725eb3,L1,Profile
b5f403e3-8833-4b5c-ad30-5e7272725eb3,L1,Profile
b5f403e3-8833-4b5c-ad30-5e7272725eb3,L1,Profile
b5f403e3-8833-4b5c-ad30-5e7272725eb3,L1,Profile
b5f403e3-8833-4b5c-ad30-5e7272725eb3,L1,Profile
b5f403e3-8833-4b5c-ad30-5e7272725eb3,L1,Profile
b5f403e3-8833-4b5c-ad30-5e7272725eb3,L1,Profile
b5f403e3-8833-4b5c-ad30-5e7272725eb3,L1,Profile
b5f403e3-8833-4b5c-ad30-5e7272725eb3,L1,Profile
b5f403e3-8833-4b5c-ad30-5e7272725eb3,L1,Profile
b5f403e3-8833-4b5c-ad30-5e7272725eb3,L1,Profile
b5f403e3-8833-4b5c-ad30-5e7272725eb3,L1,Profile
b5f403e3-8833-4b5c-ad30-5e7272725eb3,L1,Profile
b5f403e3-8833-4b5c-ad30-5e7272725eb3,L1,Profile
b5f403e3-8833-4b5c-ad30-5e7272725eb3,L1,Profile
b5f403e3-8833-4b5c-ad30-5e7272725eb3,L1,Profile
b5f403e3-8833-4b5c-ad30-5e7272725eb3,L1,Profile
b5f403e3-8833-4b5c-ad30-5e7272725eb3,L1,Profile
b5f403e3-8833-4b5c-ad30-5e7272725eb3,L1,Profile
b5f403e3-8833-4b5c-ad30-5e7272725eb3,L1,Profile
b5f403e3-8833-4b5c-ad30-5e7272725eb3,L1,Profile
b5f403e3-8833-4b5c-ad30-5e7272725eb3,L1,Profile
b5f403e3-8833-4b5c-ad30-5e7272725eb3,L1,Profile
b5f403e3-8833-4b5c-ad30-5e7272725eb3,L1,Profile
b5f403e3-8833-4b5c-ad30-5e7272725eb3,L1,Profile
b5f403e3-8833-4b5c-ad30-5e7272725eb3,L1,Profile
b5f403e3-8833-4b5c-ad30-5e7272725eb3,L1,Profile
b5f403e3-8833-4b5c-ad30-5e7272725eb3,L1,Profile
b5f403e3-8833-4b5c-ad30-5e7272725eb3,L1,Profile
b5f403e3-8833-4b5c-ad30-5e7272725eb3,L1,Profile
b5f403e3-8833-4b5c-ad30-5e7272725eb3,L1,Profile
b5f403e3-8833-4b5c-ad30-5e7272725eb3,L1,Profile
b5f403e3-8833-4b5c-ad30-5e7272725eb3,L1,Profile
b5f403e3-8833-4b5c-ad30-5e7272725eb3,L1,Profile
b5f403e3-8833-4b5c-ad30-5e7272725eb3,L1,Profile
b5f403e3-8833-4b5c-ad30-5e7272725eb3,L1,Profile
b5f403e3-8833-4b5c-ad30-5e7272725eb3,L1,Profile
b5f403e3-8833-4b5c-ad30-5e7272725eb3,L1,Profile
b5f403e3-8833-4b5c-ad30-5e7272725eb3,L1,Profile
b5f403e3-8833-4b5c-ad30-5e7272725eb3,L1,Profile
b5f403e3-8833-4b5c-ad30-5e7272725eb3,L1,Profile
b5f403e3-8833-4b5c-ad30-5e7272725eb3,L1,Profile
b5f403e3-8833-4b5c-ad30-5e7272725eb3,L1,Profile
b5f403e3-8833-4b5c-ad30-5e7272725eb3,L1,Profile
b5f403e3-8833-4b5c-ad30-5e7272725eb3,L1,Profile
b5f403e3-8833-4b5c-ad30-5e7272725eb3,L1,Profile
b5f403e3-8833-4b5c-ad30-5e7272725eb3,L1,Profile
b5f403e3-8833-4b5c-ad30-5e7272725eb3,L1,Profile
b5f403e3-8833-4b5c-ad30-5e7272725eb3,L1,Profile
b5f403e3-8833-4b5c-ad30-5e7272725eb3,L1,Profile
b5f403e3-8833-4b5c-ad30-5e7272725eb3,L1,Profile
b5f403e3-8833-4b5c-ad30-5e7272725eb3,L1,Profile
b5f403e3-8833-4b5c-ad30-5e7272725eb3,L1,Profile
b5f403e3-8833-4b5c-ad30-5e7272725eb3,L1,Profile
b5f403e3-8833-4b5c-ad30-5e7272725eb3,L1,Profile
b5f403e3-8833-4b5c-ad30-5e7272725eb3,L1,Profile
b5f403e3-8833-4b5c-ad30-5e7272725eb3,L1,Profile
b5f403e3-8833-4b5c-ad30-5e7272725eb3,L1,Profile
b5f403e3-8833-4b5c-ad30-5e7272725eb3,L1,Profile
b5f403e3-8833-4b5c-ad30-5e7272725eb3,L1,Profile
b5f403e3-8833-4b5c-ad30-5e7272725eb3,L1,Profile
b5f403e3-8833-4b5c-ad30-5e7272725eb3,L1,Profile
b5f403e3-8833-4b5c-ad30-5e7272725eb3,L1,Profile
b5f403e3-8833-4b5c-ad30-5e7272725eb3,L1,Profile
b5f403e3-8833-4b5c-ad30-5e7272725eb3,L1,Profile
b5f403e3-8833-4b5c-ad30-5e7272725eb3,L1,Profile
b5f403e3-8833-4b5c-ad30-5e7272725eb3,L1,Profile
b5f403e3-8833-4b5c-ad30-5e7272725eb3,L1,Profile
b5f403e3-8833-4b5c-ad30-5e7272725eb3,L1,Profile
b5f403e3-8833-4b5c-ad30-5e7272725eb3,L1,Profile
b5f403e3-8833-4b5c-ad30-5e7272725eb3,L1,Profile
b5f403e3-8833-4b5c-ad30-5e7272725eb3,L1,Profile
b5f403e3-8833-4b5c-ad30-5e7272725eb3,L1,Profile
b5f403e3-8833-4b5c-ad30-5e7272725eb3,L1,Profile
b5f403e3-8833-4b5c-ad30-5e7272725eb3,L1,Profile
b5f403e3-8833-4b5c-ad30-5e7272725eb3,L1,Profile
b5f403e3-8833-4b5c-ad30-5e7272725eb3,L1,Profile
b5f403e3-8833-4b5c-ad30-5e7272725eb3,L1,Profile
b5f403e3-8833-4b5c-ad30-5e7272725eb3,L1,Profile
b5f403e3-8833-4b5c-ad30-5e7272725eb3,L1,Profile
b5f403e3-8833-4b5c-ad30-5e7272725eb3,L1,Profile
b5f403e3-8833-4b5c-ad30-5e7272725eb3,L1,Profile
b5f403e3-8833-4b5c-ad30-5e7272725eb3,L1,Profile
b5f403e3-8833-4b5c-ad30-5e7272725eb3,L1,Profile
b5f403e3-8833-4b5c-ad30-5e7272725eb3,L1,Profile
b5f403e3-8833-4b5c-ad30-5e7272725eb3,L1,Profile
b5f403e3-8833-4b5c-ad30-5e7272725eb3,L1,Profile
b5f403e3-8833-4b5c-ad30-5e7272725eb3,L1,Profile
b5f403e3-8833-4b5c-ad30-5e7272725eb3,L1,Profile
b5f403e3-8833-4b5c-ad30-5e7272725eb3,L1,Profile
b5f403e3-8833-4b5c-ad30-5e7272725eb3,L1,Profile
b5f403e3-8833-4b5c-ad30-5e7272725eb3,L1,Profile
b5f403e3-8833-4b5c-ad30-5e7272725eb3,L1,Profile
b5f403e3-8833-4b5c-ad30-5e7272725eb3,L1,Profile
b5f403e3-8833-4b5c-ad30-5e7272725eb3,L1,Profile
b5f403e3-8833-4b5c-ad30-5e7272725eb3,L1,Profile
b5f403e3-8833-4b5c-ad30-5e7272725eb3,L1,Profile
b5f403e3-8833-4b5c-ad30-5e7272725eb3,L1,Profile
b5f403e3-8833-4b5c-ad30-5e7272725eb3,L1,Profile
b5f403e3-8833-4b5c-ad30-5e7272725eb3,L1,Profile
b5f403e3-8833-4b5c-ad30-5e7272725eb3,L1,Profile
b5f403e3-8833-4b5c-ad30-5e7272725eb3,L1,Profile
b5f403e3-8833-4b5c-ad30-5e7272725eb3,L1,Profile
b5f403e3-8833-4b5c-ad30-5e7272725eb3,L1,Profile
b5f403e3-8833-4b5c-ad30-5e7272725eb3,L1,Profile
b5f403e3-8833-4b5c-ad30-5e7272725eb3,L1,Profile
b5f403e3-8833-4b5c-ad30-5e7272725eb3,L1,Profile
b5f403e3-8833-4b5c-ad30-5e7272725eb3,L1,Profile
b5f403e3-8833-4b5c-ad30-5e7272725eb3,L1,Profile
b5f403e3-8833-4b5c-ad30-5e7272725eb3,L1,Profile
b5f403e3-8833-4b5c-ad30-5e7272725eb3,L1,Profile
b5f403e3-8833-4b5c-ad30-5e7272725eb3,L1,Profile
b5f403e3-8833-4b5c-ad30-5e7272725eb3,L1,Profile
b5f403e3-8833-4b5c-ad30-5e7272725eb3,L1,Profile
b5f403e3-8833-4b5c-ad30-5e7272725eb3,L1,Profile
b5f403e3-8833-4b5c-ad30-5e7272725eb3,L1,Profile
b5f403e3-8833-4b5c-ad30-5e7272725eb3,L1,Profile
b5f403e3-8833-4b5c-ad30-5e7272725eb3,L1,Profile
b5f403e3-8833-4b5c-ad30-5e7272725eb3,L1,Profile
b5f403e3-8833-4b5c-ad30-5e7272725eb3,L1,Profile
b5f403e3-8833-4b5c-ad30-5e7272725eb3,L1,Profile
b5f403e3-8833-4b5c-ad30-5e7272725eb3,L1,Profile
b5f403e3-8833-4b5c-ad30-5e7272725eb3,L1,Profile
b5f403e3-8833-4b5c-ad30-5e7272725eb3,L1,Profile
b5f403e3-8833-4b5c-ad30-5e7272725eb3,L1,Profile
b5f403e3-8833-4b5c-ad30-5e7272725eb3,L1,Profile
b5f403e3-8833-4b5c-ad30-5e7272725eb3,L1,Profile
b5f403e3-8833-4b5c-ad30-5e7272725eb3,L1,Profile
b5f403e3-8833-4b5c-ad30-5e7272725eb3,L1,Profile
b5f403e3-8833-4b5c-ad30-5e7272725eb3,L1,Profile
b5f403e3-8833-4b5c-ad30-5e7272725eb3,L1,Profile
b5f403e3-8833-4b5c-ad30-5e7272725eb3,L1,Profile
b5f403e3-8833-4b5c-ad30-5e7272725eb3,L1,Profile
b5f403e3-8833-4b5c-ad30-5e7272725eb3,L1,Profile
b5f403e3-8833-4b5c-ad30-5e7272725eb3,L1,Profile
b5f403e3-8833-4b5c-ad30-5e7272725eb3,L1,Profile
b5f403e3-8833-4b5c-ad30-5e7272725eb3,L1,Profile
b5f403e3-8833-4b5c-ad30-5e7272725eb3,L1,Profile
b5f403e3-8833-4b5c-ad30-5e7272725eb3,L1,Profile
b5f403e3-8833-4b5c-ad30-5e7272725eb3,L1,Profile
b5f403e3-8833-4b5c-ad30-5e7272725eb3,L1,Profile
b5f403e3-8833-4b5c-ad30-5e7272725eb3,L1,Profile
b5f403e3-8833-4b5c-ad30-5e7272725eb3,L1,Profile
b5f403e3-8833-4b5c-ad30-5e7272725eb3,L1,Profile
b5f403e3-8833-4b5c-ad30-5e7272725eb3,L1,Profile
b5f403e3-8833-4b5c-ad30-5e7272725eb3,L1,Profile
b5f403e3-8833-4b5c-ad30-5e7272725eb3,L1,Profile
b5f403e3-8833-4b5c-ad30-5e7272725eb3,L1,Profile
b5f403e3-8833-4b5c-ad30-5e7272725eb3,L1,Profile
b5f403e3-8833-4b5c-ad30-5e7272725eb3,L1,Profile
b5f403e3-8833-4b5c-ad30-5e7272725eb3,L1,Profile
b5f403e3-8833-4b5c-ad30-5e7272725eb3,L1,Profile
b5f403e3-8833-4b5c-ad30-5e7272725eb3,L1,Profile
b5f403e3-8833-4b5c-ad30-5e7272725eb3,L1,Profile
b5f403e3-8833-4b5c-ad30-5e7272725eb3,L1,Profile
b5f403e3-8833-4b5c-ad30-5e7272725eb3,L1,Profile
b5f403e3-8833-4b5c-ad30-5e7272725eb3,L1,Profile
b5f403e3-8833-4b5c-ad30-5e7272725eb3,L1,Profile
b5f403e3-8833-4b5c-ad30-5e7272725eb3,L1,Profile
b5f403e3-8833-4b5c-ad30-5e7272725eb3,L1,Profile
b5f403e3-8833-4b5c-ad30-5e7272725eb3,L1,Profile
b5f403e3-8833-4b5c-ad30-5e7272725eb3,L1,Profile
b5f403e3-8833-4b5c-ad30-5e7272725eb3,L1,Profile
b5f403e3-8833-4b5c-ad30-5e7272725eb3,L1,Profile
b5f403e3-8833-4b5c-ad30-5e7272725eb3,L1,Profile
b5f403e3-8833-4b5c-ad30-5e7272725eb3,L1,Profile
b5f403e3-8833-4b5c-ad30-5e7272725eb3,L1,Profile
b5f403e3-8833-4b5c-ad30-5e7272725eb3,L1,Profile
b5f403e3-8833-4b5c-ad30-5e7272725eb3,L1,Profile
b5f403e3-8833-4b5c-ad30-5e7272725eb3,L1,Profile
b5f403e3-8833-4b5c-ad30-5e7272725eb3,L1,Profile
b5f403e3-8833-4b5c-ad30-5e7272725eb3,L1,Profile
b5f403e3-8833-4b5c-ad30-5e7272725eb3,L1,Profile
b5f403e3-8833-4b5c-ad30-5e7272725eb3,L1,Profile
b5f403e3-8833-4b5c-ad30-5e7272725eb3,L1,Profile
b5f403e3-8833-4b5c-ad30-5e7272725eb3,L1,Profile
b5f403e3-8833-4b5c-ad30-5e7272725eb3,L1,Profile
b5f403e3-8833-4b5c-ad30-5e7272725eb3,L1,Profile
b5f403e3-8833-4b5c-ad30-5e7272725eb3,L1,Profile
b5f403e3-8833-4b5c-ad30-5e7272725eb3,L1,Profile
b5f403e3-8833-4b5c-ad30-5e7272725eb3,L1,Profile
b5f403e3-8833-4b5c-ad30-5e7272725eb3,L1,Profile
b5f403e3-8833-4b5c-ad30-5e7272725eb3,L1,Profile
b5f403e3-8833-4b5c-ad30-5e7272725eb3,L1,Profile
b5f403e3-8833-4b5c-ad30-5e7272725eb3,L1,Profile
b5f403e3-8833-4b5c-ad30-5e7272725eb3,L1,Profile
b5f403e3-8833-4b5c-ad30-5e7272725eb3,L1,Profile
b5f403e3-8833-4b5c-ad30-5e7272725eb3,L1,Profile
b5f403e3-8833-4b5c-ad30-5e7272725eb3,L1,Profile
b5f403e3-8833-4b5c-ad30-5e7272725eb3,L1,Profile
b5f403e3-8833-4b5c-ad30-5e7272725eb3,L1,Profile
b5f403e3-8833-4b5c-ad30-5e7272725eb3,L1,Profile
b5f403e3-8833-4b5c-ad30-5e7272725eb3,L1,Profile
b5f403e3-8833-4b5c-ad30-5e7272725eb3,L1,Profile
b5f403e3-8833-4b5c-ad30-5e7272725eb3,L1,Profile
b5f403e3-8833-4b5c-ad30-5e7272725eb3,L1,Profile
b5f403e3-8833-4b5c-ad30-5e7272725eb3,L1,Profile
b5f403e3-8833-4b5c-ad30-5e7272725eb3,L1,Profile
b5f403e3-8833-4b5c-ad30-5e7272725eb3,L1,Profile
b5f403e3-8833-4b5c-ad30-5e7272725eb3,L1,Profile
b5f403e3-8833-4b5c-ad30-5e7272725eb3,L1,Profile
b5f403e3-8833-4b5c-ad30-5e7272725eb3,L1,Profile
b5f403e3-8833-4b5c-ad30-5e7272725eb3,L1,Profile
b5f403e3-8833-4b5c-ad30-5e7272725eb3,L1,Profile
b5f403e3-8833-4b5c-ad30-5e7272725eb3,L1,Profile
b5f403e3-8833-4b5c-ad30-5e7272725eb3,L1,Profile
b5f403e3-8833-4b5c-ad30-5e7272725eb3,L1,Profile
b5f403e3-8833-4b5c-ad30-5e7272725eb3,L1,Profile
b5f403e3-8833-4b5c-ad30-5e7272725eb3,L1,Profile
b5f403e3-8833-4b5c-ad30-5e7272725eb3,L1,Profile
b5f403e3-8833-4b5c-ad30-5e7272725eb3,L1,Profile
b5f403e3-8833-4b5c-ad30-5e7272725eb3,L1,Profile
b5f403e3-8833-4b5c-ad30-5e7272725eb3,L1,Profile
b5f403e3-8833-4b5c-ad30-5e7272725eb3,L1,Profile
b5f403e3-8833-4b5c-ad30-5e7272725eb3,L1,Profile
b5f403e3-8833-4b5c-ad30-5e7272725eb3,L1,Profile
b5f403e3-8833-4b5c-ad30-5e7272725eb3,L1,Profile
b5f403e3-8833-4b5c-ad30-5e7272725eb3,L1,Profile
b5f403e3-8833-4b5c-ad30-5e7272725eb3,L1,Profile
b5f403e3-8833-4b5c-ad30-5e7272725eb3,L1,Profile
b5f403e3-8833-4b5c-ad30-5e7272725eb3,L1,Profile
b5f403e3-8833-4b5c-ad30-5e7272725eb3,L1,Profile
b5f403e3-8833-4b5c-ad30-5e7272725eb3,L1,Profile
b5f403e3-8833-4b5c-ad30-5e7272725eb3,L1,Profile
b5f403e3-8833-4b5c-ad30-5e7272725eb3,L1,Profile
b5f403e3-8833-4b5c-ad30-5e7272725eb3,L1,Profile
b5f403e3-8833-4b5c-ad30-5e7272725eb3,L1,Profile
b5f403e3-8833-4b5c-ad30-5e7272725eb3,L1,Profile
b5f403e3-8833-4b5c-ad30-5e7272725eb3,L1,Profile
b5f403e3-8833-4b5c-ad30-5e7272725eb3,L1,Profile
b5f403e3-8833-4b5c-ad30-5e7272725eb3,L1,Profile
b5f403e3-8833-4b5c-ad30-5e7272725eb3,L1,Profile
b5f403e3-8833-4b5c-ad30-5e7272725eb3,L1,Profile
b5f403e3-8833-4b5c-ad30-5e7272725eb3,L1,Profile
b5f403e3-8833-4b5c-ad30-5e7272725eb3,L1,Profile
b5f403e3-8833-4b5c-ad30-5e7272725eb3,L1,Profile
b5f403e3-8833-4b5c-ad30-5e7272725eb3,L1,Profile
b5f403e3-8833-4b5c-ad30-5e7272725eb3,L1,Profile
b5f403e3-8833-4b5c-ad30-5e7272725eb3,L1,Profile
b5f403e3-8833-4b5c-ad30-5e7272725eb3,L1,Profile
b5f403e3-8833-4b5c-ad30-5e7272725eb3,L1,Profile
b5f403e3-8833-4b5c-ad30-5e7272725eb3,L1,Profile
b5f403e3-8833-4b5c-ad30-5e7272725eb3,L1,Profile
b5f403e3-8833-4b5c-ad30-5e7272725eb3,L1,Profile
b5f403e3-8833-4b5c-ad30-5e7272725eb3,L1,Profile
b5f403e3-8833-4b5c-ad30-5e7272725eb3,L1,Profile
b5f403e3-8833-4b5c-ad30-5e7272725eb3,L1,Profile
b5f403e3-8833-4b5c-ad30-5e7272725eb3,L1,Profile
b5f403e3-8833-4b5c-ad30-5e7272725eb3,L1,Profile
b5f403e3-8833-4b5c-ad30-5e7272725eb3,L1,Profile
b5f403e3-8833-4b5c-ad30-5e7272725eb3,L1,Profile
b5f403e3-8833-4b5c-ad30-5e7272725eb3,L1,Profile
b5f403e3-8833-4b5c-ad30-5e7272725eb3,L1,Profile
b5f403e3-8833-4b5c-ad30-5e7272725eb3,L1,Profile
b5f403e3-8833-4b5c-ad30-5e7272725eb3,L1,Profile
b5f403e3-8833-4b5c-ad30-5e7272725eb3,L1,Profile
b5f403e3-8833-4b5c-ad30-5e7272725eb3,L1,Profile
b5f403e3-8833-4b5c-ad30-5e7272725eb3,L1,Profile
b5f403e3-8833-4b5c-ad30-5e7272725eb3,L1,Profile
b5f403e3-8833-4b5c-ad30-5e7272725eb3,L1,Profile
b5f403e3-8833-4b5c-ad30-5e7272725eb3,L1,Profile
b5f403e3-8833-4b5c-ad30-5e7272725eb3,L1,Profile
b5f403e3-8833-4b5c-ad30-5e7272725eb3,L1,Profile
b5f403e3-8833-4b5c-ad30-5e7272725eb3,L1,Profile
b5f403e3-8833-4b5c-ad30-5e7272725eb3,L1,Profile
b5f403e3-8833-4b5c-ad30-5e7272725eb3,L1,Profile
b5f403e3-8833-4b5c-ad30-5e7272725eb3,L1,Profile
b5f403e3-8833-4b5c-ad30-5e7272725eb3,L1,Profile
b5f403e3-8833-4b5c-ad30-5e7272725eb3,L1,Profile
b5f403e3-8833-4b5c-ad30-5e7272725eb3,L1,Profile
b5f403e3-8833-4b5c-ad30-5e7272725eb3,L1,Profile
b5f403e3-8833-4b5c-ad30-5e7272725eb3,L1,Profile
b5f403e3-8833-4b5c-ad30-5e7272725eb3,L1,Profile
b5f403e3-8833-4b5c-ad30-5e7272725eb3,L1,Profile
b5f403e3-8833-4b5c-ad30-5e7272725eb3,L1,Profile
b5f403e3-8833-4b5c-ad30-5e7272725eb3,L1,Profile
b5f403e3-8833-4b5c-ad30-5e7272725eb3,L1,Profile
b5f403e3-8833-4b5c-ad30-5e7272725eb3,L1,Profile
b5f403e3-8833-4b5c-ad30-5e7272725eb3,L1,Profile
b5f403e3-8833-4b5c-ad30-5e7272725eb3,L1,Profile
b5f403e3-8833-4b5c-ad30-5e7272725eb3,L1,Profile
b5f403e3-8833-4b5c-ad30-5e7272725eb3,L1,Profile
b5f403e3-8833-4b5c-ad30-5e7272725eb3,L1,Profile
b5f403e3-8833-4b5c-ad30-5e7272725eb3,L1,Profile
b5f403e3-8833-4b5c-ad30-5e7272725eb3,L1,Profile
b5f403e3-8833-4b5c-ad30-5e7272725eb3,L1,Profile
b5f403e3-8833-4b5c-ad30-5e7272725eb3,L1,Profile
b5f403e3-8833-4b5c-ad30-5e7272725eb3,L1,Profile
b5f403e3-8833-4b5c-ad30-5e7272725eb3,L1,Profile
b5f403e3-8833-4b5c-ad30-5e7272725eb3,L1,Profile
b5f403e3-8833-4b5c-ad30-5e7272725eb3,L1,Profile
b5f403e3-8833-4b5c-ad30-5e7272725eb3,L1,Profile
b5f403e3-8833-4b5c-ad30-5e7272725eb3,L1,Profile
b5f403e3-8833-4b5c-ad30-5e7272725eb3,L1,Profile
b5f403e3-8833-4b5c-ad30-5e7272725eb3,L1,Profile
b5f403e3-8833-4b5c-ad30-5e7272725eb3,L1,Profile
b5f403e3-8833-4b5c-ad30-5e7272725eb3,L1,Profile
b5f403e3-8833-4b5c-ad30-5e7272725eb3,L1,Profile
b5f403e3-8833-4b5c-ad30-5e7272725eb3,L1,Profile
b5f403e3-8833-4b5c-ad30-5e7272725eb3,L1,Profile
b5f403e3-8833-4b5c-ad30-5e7272725eb3,L1,Profile
b5f403e3-8833-4b5c-ad30-5e7272725eb3,L1,Profile
b5f403e3-8833-4b5c-ad30-5e7272725eb3,L1,Profile
b5f403e3-8833-4b5c-ad30-5e7272725eb3,L1,Profile
b5f403e3-8833-4b5c-ad30-5e7272725eb3,L1,Profile
b5f403e3-8833-4b5c-ad30-5e7272725eb3,L1,Profile
b5f403e3-8833-4b5c-ad30-5e7272725eb3,L1,Profile
b5f403e3-8833-4b5c-ad30-5e7272725eb3,L1,Profile
b5f403e3-8833-4b5c-ad30-5e7272725eb3,L1,Profile
b5f403e3-8833-4b5c-ad30-5e7272725eb3,L1,Profile
b5f403e3-8833-4b5c-ad30-5e7272725eb3,L1,Profile
b5f403e3-8833-4b5c-ad30-5e7272725eb3,L1,Profile
b5f403e3-8833-4b5c-ad30-5e7272725eb3,L1,Profile
b5f403e3-8833-4b5c-ad30-5e7272725eb3,L1,Profile
b5f403e3-8833-4b5c-ad30-5e7272725eb3,L1,Profile
b5f403e3-8833-4b5c-ad30-5e7272725eb3,L1,Profile
b5f403e3-8833-4b5c-ad30-5e7272725eb3,L1,Profile
b5f403e3-8833-4b5c-ad30-5e7272725eb3,L1,Profile
b5f403e3-8833-4b5c-ad30-5e7272725eb3,L1,Profile
b5f403e3-8833-4b5c-ad30-5e7272725eb3,L1,Profile
b5f403e3-8833-4b5c-ad30-5e7272725eb3,L1,Profile
b5f403e3-8833-4b5c-ad30-5e7272725eb3,L1,Profile
b5f403e3-8833-4b5c-ad30-5e7272725eb3,L1,Profile
b5f403e3-8833-4b5c-ad30-5e7272725eb3,L1,Profile
b5f403e3-8833-4b5c-ad30-5e7272725eb3,L1,Profile
b5f403e3-8833-4b5c-ad30-5e7272725eb3,L1,Profile
b5f403e3-8833-4b5c-ad30-5e7272725eb3,L1,Profile
b5f403e3-8833-4b5c-ad30-5e7272725eb3,L1,Profile
b5f403e3-8833-4b5c-ad30-5e7272725eb3,L1,Profile
b5f403e3-8833-4b5c-ad30-5e7272725eb3,L1,Profile
b5f403e3-8833-4b5c-ad30-5e7272725eb3,L1,Profile
b5f403e3-8833-4b5c-ad30-5e7272725eb3,L1,Profile
b5f403e3-8833-4b5c-ad30-5e7272725eb3,L1,Profile
b5f403e3-8833-4b5c-ad30-5e7272725eb3,L1,Profile
b5f403e3-8833-4b5c-ad30-5e7272725eb3,L1,Profile
b5f403e3-8833-4b5c-ad30-5e7272725eb3,L1,Profile
b5f403e3-8833-4b5c-ad30-5e7272725eb3,L1,Profile
b5f403e3-8833-4b5c-ad30-5e7272725eb3,L1,Profile
b5f403e3-8833-4b5c-ad30-5e7272725eb3,L1,Profile
b5f403e3-8833-4b5c-ad30-5e7272725eb3,L1,Profile
b5f403e3-8833-4b5c-ad30-5e7272725eb3,L1,Profile
b5f403e3-8833-4b5c-ad30-5e7272725eb3,L1,Profile
b5f403e3-8833-4b5c-ad30-5e7272725eb3,L1,Profile
b5f403e3-8833-4b5c-ad30-5e7272725eb3,L1,Profile
b5f403e3-8833-4b5c-ad30-5e7272725eb3,L1,Profile
b5f403e3-8833-4b5c-ad30-5e7272725eb3,L1,Profile
b5f403e3-8833-4b5c-ad30-5e7272725eb3,L1,Profile
b5f403e3-8833-4b5c-ad30-5e7272725eb3,L1,Profile
b5f403e3-8833-4b5c-ad30-5e7272725eb3,L1,Profile
b5f403e3-8833-4b5c-ad30-5e7272725eb3,L1,Profile
b5f403e3-8833-4b5c-ad30-5e7272725eb3,L1,Profile
b5f403e3-8833-4b5c-ad30-5e7272725eb3,L1,Profile
b5f403e3-8833-4b5c-ad30-5e7272725eb3,L1,Profile
b5f403e3-8833-4b5c-ad30-5e7272725eb3,L1,Profile
b5f403e3-8833-4b5c-ad30-5e7272725eb3,L1,Profile
b5f403e3-8833-4b5c-ad30-5e7272725eb3,L1,Profile
b5f403e3-8833-4b5c-ad30-5e7272725eb3,L1,Profile
b5f403e3-8833-4b5c-ad30-5e7272725eb3,L1,Profile
b5f403e3-8833-4b5c-ad30-5e7272725eb3,L1,Profile
b5f403e3-8833-4b5c-ad30-5e7272725eb3,L1,Profile
b5f403e3-8833-4b5c-ad30-5e7272725eb3,L1,Profile
b5f403e3-8833-4b5c-ad30-5e7272725eb3,L1,Profile
b5f403e3-8833-4b5c-ad30-5e7272725eb3,L1,Profile
b5f403e3-8833-4b5c-ad30-5e7272725eb3,L1,Profile
b5f403e3-8833-4b5c-ad30-5e7272725eb3,L1,Profile
b5f403e3-8833-4b5c-ad30-5e7272725eb3,L1,Profile
b5f403e3-8833-4b5c-ad30-5e7272725eb3,L1,Profile
b5f403e3-8833-4b5c-ad30-5e7272725eb3,L1,Profile
b5f403e3-8833-4b5c-ad30-5e7272725eb3,L1,Profile
b5f403e3-8833-4b5c-ad30-5e7272725eb3,L1,Profile
b5f403e3-8833-4b5c-ad30-5e7272725eb3,L1,Profile
b5f403e3-8833-4b5c-ad30-5e7272725eb3,L1,Profile
b5f403e3-8833-4b5c-ad30-5e7272725eb3,L1,Profile
b5f403e3-8833-4b5c-ad30-5e7272725eb3,L1,Profile
b5f403e3-8833-4b5c-ad30-5e7272725eb3,L1,Profile
b5f403e3-8833-4b5c-ad30-5e7272725eb3,L1,Profile
b5f403e3-8833-4b5c-ad30-5e7272725eb3,L1,Profile
b5f403e3-8833-4b5c-ad30-5e7272725eb3,L1,Profile
b5f403e3-8833-4b5c-ad30-5e7272725eb3,L1,Profile
b5f403e3-8833-4b5c-ad30-5e7272725eb3,L1,Profile
b5f403e3-8833-4b5c-ad30-5e7272725eb3,L1,Profile
b5f403e3-8833-4b5c-ad30-5e7272725eb3,L1,Profile
b5f403e3-8833-4b5c-ad30-5e7272725eb3,L1,Profile
b5f403e3-8833-4b5c-ad30-5e7272725eb3,L1,Profile
b5f403e3-8833-4b5c-ad30-5e7272725eb3,L1,Profile
b5f403e3-8833-4b5c-ad30-5e7272725eb3,L1,Profile
b5f403e3-8833-4b5c-ad30-5e7272725eb3,L1,Profile
b5f403e3-8833-4b5c-ad30-5e7272725eb3,L1,Profile
b5f403e3-8833-4b5c-ad30-5e7272725eb3,L1,Profile
b5f403e3-8833-4b5c-ad30-5e7272725eb3,L1,Profile
b5f403e3-8833-4b5c-ad30-5e7272725eb3,L1,Profile
b5f403e3-8833-4b5c-ad30-5e7272725eb3,L1,Profile
b5f403e3-8833-4b5c-ad30-5e7272725eb3,L1,Profile
b5f403e3-8833-4b5c-ad30-5e7272725eb3,L1,Profile
b5f403e3-8833-4b5c-ad30-5e7272725eb3,L1,Profile
b5f403e3-8833-4b5c-ad30-5e7272725eb3,L1,Profile
b5f403e3-8833-4b5c-ad30-5e7272725eb3,L1,Profile
b5f403e3-8833-4b5c-ad30-5e7272725eb3,L1,Profile
b5f403e3-8833-4b5c-ad30-5e7272725eb3,L1,Profile
b5f403e3-8833-4b5c-ad30-5e7272725eb3,L1,Profile
b5f403e3-8833-4b5c-ad30-5e7272725eb3,L1,Profile
b5f403e3-8833-4b5c-ad30-5e7272725eb3,L1,Profile
b5f403e3-8833-4b5c-ad30-5e7272725eb3,L1,Profile
b5f403e3-8833-4b5c-ad30-5e7272725eb3,L1,Profile
b5f403e3-8833-4b5c-ad30-5e7272725eb3,L1,Profile
b5f403e3-8833-4b5c-ad30-5e7272725eb3,L1,Profile
b5f403e3-8833-4b5c-ad30-5e7272725eb3,L1,Profile
b5f403e3-8833-4b5c-ad30-5e7272725eb3,L1,Profile
b5f403e3-8833-4b5c-ad30-5e7272725eb3,L1,Profile
b5f403e3-8833-4b5c-ad30-5e7272725eb3,L1,Profile
b5f403e3-8833-4b5c-ad30-5e7272725eb3,L1,Profile
b5f403e3-8833-4b5c-ad30-5e7272725eb3,L1,Profile
b5f403e3-8833-4b5c-ad30-5e7272725eb3,L1,Profile
b5f403e3-8833-4b5c-ad30-5e7272725eb3,L1,Profile
b5f403e3-8833-4b5c-ad30-5e7272725eb3,L1,Profile
b5f403e3-8833-4b5c-ad30-5e7272725eb3,L1,Profile
b5f403e3-8833-4b5c-ad30-5e7272725eb3,L1,Profile
b5f403e3-8833-4b5c-ad30-5e7272725eb3,L1,Profile
b5f403e3-8833-4b5c-ad30-5e7272725eb3,L1,Profile
b5f403e3-8833-4b5c-ad30-5e7272725eb3,L1,Profile
b5f403e3-8833-4b5c-ad30-5e7272725eb3,L1,Profile
b5f403e3-8833-4b5c-ad30-5e7272725eb3,L1,Profile
b5f403e3-8833-4b5c-ad30-5e7272725eb3,L1,Profile
b5f403e3-8833-4b5c-ad30-5e7272725eb3,L1,Profile
b5f403e3-8833-4b5c-ad30-5e7272725eb3,L1,Profile
b5f403e3-8833-4b5c-ad30-5e7272725eb3,L1,Profile
b5f403e3-8833-4b5c-ad30-5e7272725eb3,L1,Profile
b5f403e3-8833-4b5c-ad30-5e7272725eb3,L1,Profile
b5f403e3-8833-4b5c-ad30-5e7272725eb3,L1,Profile
b5f403e3-8833-4b5c-ad30-5e7272725eb3,L1,Profile
b5f403e3-8833-4b5c-ad30-5e7272725eb3,L1,Profile
b5f403e3-8833-4b5c-ad30-5e7272725eb3,L1,Profile
b5f403e3-8833-4b5c-ad30-5e7272725eb3,L1,Profile
b5f403e3-8833-4b5c-ad30-5e7272725eb3,L1,Profile
b5f403e3-8833-4b5c-ad30-5e7272725eb3,L1,Profile
b5f403e3-8833-4b5c-ad30-5e7272725eb3,L1,Profile
b5f403e3-8833-4b5c-ad30-5e7272725eb3,L1,Profile
b5f403e3-8833-4b5c-ad30-5e7272725eb3,L1,Profile
b5f403e3-8833-4b5c-ad30-5e7272725eb3,L1,Profile
b5f403e3-8833-4b5c-ad30-5e7272725eb3,L1,Profile
b5f403e3-8833-4b5c-ad30-5e7272725eb3,L1,Profile
b5f403e3-8833-4b5c-ad30-5e7272725eb3,L1,Profile
b5f403e3-8833-4b5c-ad30-5e7272725eb3,L1,Profile
b5f403e3-8833-4b5c-ad30-5e7272725eb3,L1,Profile
b5f403e3-8833-4b5c-ad30-5e7272725eb3,L1,Profile
b5f403e3-8833-4b5c-ad30-5e7272725eb3,L1,Profile
b5f403e3-8833-4b5c-ad30-5e7272725eb3,L1,Profile
b5f403e3-8833-4b5c-ad30-5e7272725eb3,L1,Profile
b5f403e3-8833-4b5c-ad30-5e7272725eb3,L1,Profile
b5f403e3-8833-4b5c-ad30-5e7272725eb3,L1,Profile
b5f403e3-8833-4b5c-ad30-5e7272725eb3,L1,Profile
b5f403e3-8833-4b5c-ad30-5e7272725eb3,L1,Profile
b5f403e3-8833-4b5c-ad30-5e7272725eb3,L1,Profile
b5f403e3-8833-4b5c-ad30-5e7272725eb3,L1,Profile
b5f403e3-8833-4b5c-ad30-5e7272725eb3,L1,Profile
b5f403e3-8833-4b5c-ad30-5e7272725eb3,L1,Profile
b5f403e3-8833-4b5c-ad30-5e7272725eb3,L1,Profile
b5f403e3-8833-4b5c-ad30-5e7272725eb3,L1,Profile
b5f403e3-8833-4b5c-ad30-5e7272725eb3,L1,Profile
b5f403e3-8833-4b5c-ad30-5e7272725eb3,L1,Profile
b5f403e3-8833-4b5c-ad30-5e7272725eb3,L1,Profile
b5f403e3-8833-4b5c-ad30-5e7272725eb3,L1,Profile
b5f403e3-8833-4b5c-ad30-5e7272725eb3,L1,Profile
b5f403e3-8833-4b5c-ad30-5e7272725eb3,L1,Profile
b5f403e3-8833-4b5c-ad30-5e7272725eb3,L1,Profile
b5f403e3-8833-4b5c-ad30-5e7272725eb3,L1,Profile
b5f403e3-8833-4b5c-ad30-5e7272725eb3,L1,Profile
b5f403e3-8833-4b5c-ad30-5e7272725eb3,L1,Profile
b5f403e3-8833-4b5c-ad30-5e7272725eb3,L1,Profile
b5f403e3-8833-4b5c-ad30-5e7272725eb3,L1,Profile
b5f403e3-8833-4b5c-ad30-5e7272725eb3,L1,Profile
b5f403e3-8833-4b5c-ad30-5e7272725eb3,L1,Profile
b5f403e3-8833-4b5c-ad30-5e7272725eb3,L1,Profile
b5f403e3-8833-4b5c-ad30-5e7272725eb3,L1,Profile
b5f403e3-8833-4b5c-ad30-5e7272725eb3,L1,Profile
b5f403e3-8833-4b5c-ad30-5e7272725eb3,L1,Profile
b5f403e3-8833-4b5c-ad30-5e7272725eb3,L1,Profile
b5f403e3-8833-4b5c-ad30-5e7272725eb3,L1,Profile
b5f403e3-8833-4b5c-ad30-5e7272725eb3,L1,Profile
b5f403e3-8833-4b5c-ad30-5e7272725eb3,L1,Profile
b5f403e3-8833-4b5c-ad30-5e7272725eb3,L1,Profile
b5f403e3-8833-4b5c-ad30-5e7272725eb3,L1,Profile
b5f403e3-8833-4b5c-ad30-5e7272725eb3,L1,Profile
b5f403e3-8833-4b5c-ad30-5e7272725eb3,L1,Profile
b5f403e3-8833-4b5c-ad30-5e7272725eb3,L1,Profile
b5f403e3-8833-4b5c-ad30-5e7272725eb3,L1,Profile
b5f403e3-8833-4b5c-ad30-5e7272725eb3,L1,Profile
b5f403e3-8833-4b5c-ad30-5e7272725eb3,L1,Profile
b5f403e3-8833-4b5c-ad30-5e7272725eb3,L1,Profile
b5f403e3-8833-4b5c-ad30-5e7272725eb3,L1,Profile
b5f403e3-8833-4b5c-ad30-5e7272725eb3,L1,Profile
b5f403e3-8833-4b5c-ad30-5e7272725eb3,L1,Profile
b5f403e3-8833-4b5c-ad30-5e7272725eb3,L1,Profile
b5f403e3-8833-4b5c-ad30-5e7272725eb3,L1,Profile
b5f403e3-8833-4b5c-ad30-5e7272725eb3,L1,Profile
b5f403e3-8833-4b5c-ad30-5e7272725eb3,L1,Profile
b5f403e3-8833-4b5c-ad30-5e7272725eb3,L1,Profile
b5f403e3-8833-4b5c-ad30-5e7272725eb3,L1,Profile
b5f403e3-8833-4b5c-ad30-5e7272725eb3,L1,Profile
b5f403e3-8833-4b5c-ad30-5e7272725eb3,L1,Profile
b5f403e3-8833-4b5c-ad30-5e7272725eb3,L1,Profile
b5f403e3-8833-4b5c-ad30-5e7272725eb3,L1,Profile
b5f403e3-8833-4b5c-ad30-5e7272725eb3,L1,Profile
b5f403e3-8833-4b5c-ad30-5e7272725eb3,L1,Profile
b5f403e3-8833-4b5c-ad30-5e7272725eb3,L1,Profile
b5f403e3-8833-4b5c-ad30-5e7272725eb3,L1,Profile
b5f403e3-8833-4b5c-ad30-5e7272725eb3,L1,Profile
b5f403e3-8833-4b5c-ad30-5e7272725eb3,L1,Profile
b5f403e3-8833-4b5c-ad30-5e7272725eb3,L1,Profile
b5f403e3-8833-4b5c-ad30-5e7272725eb3,L1,Profile
b5f403e3-8833-4b5c-ad30-5e7272725eb3,L1,Profile
b5f403e3-8833-4b5c-ad30-5e7272725eb3,L1,Profile
b5f403e3-8833-4b5c-ad30-5e7272725eb3,L1,Profile
b5f403e3-8833-4b5c-ad30-5e7272725eb3,L1,Profile
b5f403e3-8833-4b5c-ad30-5e7272725eb3,L1,Profile
b5f403e3-8833-4b5c-ad30-5e7272725eb3,L1,Profile
b5f403e3-8833-4b5c-ad30-5e7272725eb3,L1,Profile
b5f403e3-8833-4b5c-ad30-5e7272725eb3,L1,Profile
b5f403e3-8833-4b5c-ad30-5e7272725eb3,L1,Profile
b5f403e3-8833-4b5c-ad30-5e7272725eb3,L1,Profile
b5f403e3-8833-4b5c-ad30-5e7272725eb3,L1,Profile
b5f403e3-8833-4b5c-ad30-5e7272725eb3,L1,Profile
b5f403e3-8833-4b5c-ad30-5e7272725eb3,L1,Profile
b5f403e3-8833-4b5c-ad30-5e7272725eb3,L1,Profile
b5f403e3-8833-4b5c-ad30-5e7272725eb3,L1,Profile
b5f403e3-8833-4b5c-ad30-5e7272725eb3,L1,Profile
b5f403e3-8833-4b5c-ad30-5e7272725eb3,L1,Profile
b5f403e3-8833-4b5c-ad30-5e7272725eb3,L1,Profile
b5f403e3-8833-4b5c-ad30-5e7272725eb3,L1,Profile
b5f403e3-8833-4b5c-ad30-5e7272725eb3,L1,Profile
b5f403e3-8833-4b5c-ad30-5e7272725eb3,L1,Profile
b5f403e3-8833-4b5c-ad30-5e7272725eb3,L1,Profile
b5f403e3-8833-4b5c-ad30-5e7272725eb3,L1,Profile
b5f403e3-8833-4b5c-ad30-5e7272725eb3,L1,Profile
b5f403e3-8833-4b5c-ad30-5e7272725eb3,L1,Profile
b5f403e3-8833-4b5c-ad30-5e7272725eb3,L1,Profile
b5f403e3-8833-4b5c-ad30-5e7272725eb3,L1,Profile
b5f403e3-8833-4b5c-ad30-5e7272725eb3,L1,Profile
b5f403e3-8833-4b5c-ad30-5e7272725eb3,L1,Profile
b5f403e3-8833-4b5c-ad30-5e7272725eb3,L1,Profile
b5f403e3-8833-4b5c-ad30-5e7272725eb3,L1,Profile
b5f403e3-8833-4b5c-ad30-5e7272725eb3,L1,Profile
b5f403e3-8833-4b5c-ad30-5e7272725eb3,L1,Profile
b5f403e3-8833-4b5c-ad30-5e7272725eb3,L1,Profile
b5f403e3-8833-4b5c-ad30-5e7272725eb3,L1,Profile
b5f403e3-8833-4b5c-ad30-5e7272725eb3,L1,Profile
b5f403e3-8833-4b5c-ad30-5e7272725eb3,L1,Profile
b5f403e3-8833-4b5c-ad30-5e7272725eb3,L1,Profile
b5f403e3-8833-4b5c-ad30-5e7272725eb3,L1,Profile
b5f403e3-8833-4b5c-ad30-5e7272725eb3,L1,Profile
b5f403e3-8833-4b5c-ad30-5e7272725eb3,L1,Profile
b5f403e3-8833-4b5c-ad30-5e7272725eb3,L1,Profile
b5f403e3-8833-4b5c-ad30-5e7272725eb3,L1,Profile
b5f403e3-8833-4b5c-ad30-5e7272725eb3,L1,Profile
b5f403e3-8833-4b5c-ad30-5e7272725eb3,L1,Profile
b5f403e3-8833-4b5c-ad30-5e7272725eb3,L1,Profile
b5f403e3-8833-4b5c-ad30-5e7272725eb3,L1,Profile
b5f403e3-8833-4b5c-ad30-5e7272725eb3,L1,Profile
b5f403e3-8833-4b5c-ad30-5e7272725eb3,L1,Profile
b5f403e3-8833-4b5c-ad30-5e7272725eb3,L1,Profile
b5f403e3-8833-4b5c-ad30-5e7272725eb3,L1,Profile
b5f403e3-8833-4b5c-ad30-5e7272725eb3,L1,Profile
b5f403e3-8833-4b5c-ad30-5e7272725eb3,L1,Profile
b5f403e3-8833-4b5c-ad30-5e7272725eb3,L1,Profile
b5f403e3-8833-4b5c-ad30-5e7272725eb3,L1,Profile
b5f403e3-8833-4b5c-ad30-5e7272725eb3,L1,Profile
b5f403e3-8833-4b5c-ad30-5e7272725eb3,L1,Profile
b5f403e3-8833-4b5c-ad30-5e7272725eb3,L1,Profile
b5f403e3-8833-4b5c-ad30-5e7272725eb3,L1,Profile
b5f403e3-8833-4b5c-ad30-5e7272725eb3,L1,Profile
b5f403e3-8833-4b5c-ad30-5e7272725eb3,L1,Profile
b5f403e3-8833-4b5c-ad30-5e7272725eb3,L1,Profile
b5f403e3-8833-4b5c-ad30-5e7272725eb3,L1,Profile
b5f403e3-8833-4b5c-ad30-5e7272725eb3,L1,Profile
b5f403e3-8833-4b5c-ad30-5e7272725eb3,L1,Profile
b5f403e3-8833-4b5c-ad30-5e7272725eb3,L1,Profile
b5f403e3-8833-4b5c-ad30-5e7272725eb3,L1,Profile
b5f403e3-8833-4b5c-ad30-5e7272725eb3,L1,Profile
b5f403e3-8833-4b5c-ad30-5e7272725eb3,L1,Profile
b5f403e3-8833-4b5c-ad30-5e7272725eb3,L1,Profile
b5f403e3-8833-4b5c-ad30-5e7272725eb3,L1,Profile
b5f403e3-8833-4b5c-ad30-5e7272725eb3,L1,Profile
b5f403e3-8833-4b5c-ad30-5e7272725eb3,L1,Profile
b5f403e3-8833-4b5c-ad30-5e7272725eb3,L1,Profile
b5f403e3-8833-4b5c-ad30-5e7272725eb3,L1,Profile
b5f403e3-8833-4b5c-ad30-5e7272725eb3,L1,Profile
b5f403e3-8833-4b5c-ad30-5e7272725eb3,L1,Profile
b5f403e3-8833-4b5c-ad30-5e7272725eb3,L1,Profile
b5f403e3-8833-4b5c-ad30-5e7272725eb3,L1,Profile
b5f403e3-8833-4b5c-ad30-5e7272725eb3,L1,Profile
b5f403e3-8833-4b5c-ad30-5e7272725eb3,L1,Profile
b5f403e3-8833-4b5c-ad30-5e7272725eb3,L1,Profile
b5f403e3-8833-4b5c-ad30-5e7272725eb3,L1,Profile
b5f403e3-8833-4b5c-ad30-5e7272725eb3,L1,Profile
b5f403e3-8833-4b5c-ad30-5e7272725eb3,L1,Profile
b5f403e3-8833-4b5c-ad30-5e7272725eb3,L1,Profile
b5f403e3-8833-4b5c-ad30-5e7272725eb3,L1,Profile
b5f403e3-8833-4b5c-ad30-5e7272725eb3,L1,Profile
b5f403e3-8833-4b5c-ad30-5e7272725eb3,L1,Profile
b5f403e3-8833-4b5c-ad30-5e7272725eb3,L1,Profile
b5f403e3-8833-4b5c-ad30-5e7272725eb3,L1,Profile
b5f403e3-8833-4b5c-ad30-5e7272725eb3,L1,Profile
b5f403e3-8833-4b5c-ad30-5e7272725eb3,L1,Profile
b5f403e3-8833-4b5c-ad30-5e7272725eb3,L1,Profile
b5f403e3-8833-4b5c-ad30-5e7272725eb3,L1,Profile
b5f403e3-8833-4b5c-ad30-5e7272725eb3,L1,Profile
b5f403e3-8833-4b5c-ad30-5e7272725eb3,L1,Profile
b5f403e3-8833-4b5c-ad30-5e7272725eb3,L1,Profile
b5f403e3-8833-4b5c-ad30-5e7272725eb3,L1,Profile
b5f403e3-8833-4b5c-ad30-5e7272725eb3,L1,Profile
b5f403e3-8833-4b5c-ad30-5e7272725eb3,L1,Profile
b5f403e3-8833-4b5c-ad30-5e7272725eb3,L1,Profile
b5f403e3-8833-4b5c-ad30-5e7272725eb3,L1,Profile
b5f403e3-8833-4b5c-ad30-5e7272725eb3,L1,Profile
b5f403e3-8833-4b5c-ad30-5e7272725eb3,L1,Profile
b5f403e3-8833-4b5c-ad30-5e7272725eb3,L1,Profile
b5f403e3-8833-4b5c-ad30-5e7272725eb3,L1,Profile
b5f403e3-8833-4b5c-ad30-5e7272725eb3,L1,Profile
b5f403e3-8833-4b5c-ad30-5e7272725eb3,L1,Profile
b5f403e3-8833-4b5c-ad30-5e7272725eb3,L1,Profile
b5f403e3-8833-4b5c-ad30-5e7272725eb3,L1,Profile
b5f403e3-8833-4b5c-ad30-5e7272725eb3,L1,Profile
b5f403e3-8833-4b5c-ad30-5e7272725eb3,L1,Profile
b5f403e3-8833-4b5c-ad30-5e7272725eb3,L1,Profile
b5f403e3-8833-4b5c-ad30-5e7272725eb3,L1,Profile
b5f403e3-8833-4b5c-ad30-5e7272725eb3,L1,Profile
b5f403e3-8833-4b5c-ad30-5e7272725eb3,L1,Profile
b5f403e3-8833-4b5c-ad30-5e7272725eb3,L1,Profile
b5f403e3-8833-4b5c-ad30-5e7272725eb3,L1,Profile
b5f403e3-8833-4b5c-ad30-5e7272725eb3,L1,Profile
b5f403e3-8833-4b5c-ad30-5e7272725eb3,L1,Profile
b5f403e3-8833-4b5c-ad30-5e7272725eb3,L1,Profile
b5f403e3-8833-4b5c-ad30-5e7272725eb3,L1,Profile
b5f403e3-8833-4b5c-ad30-5e7272725eb3,L1,Profile
b5f403e3-8833-4b5c-ad30-5e7272725eb3,L1,Profile
b5f403e3-8833-4b5c-ad30-5e7272725eb3,L1,Profile
b5f403e3-8833-4b5c-ad30-5e7272725eb3,L1,Profile
b5f403e3-8833-4b5c-ad30-5e7272725eb3,L1,Profile
b5f403e3-8833-4b5c-ad30-5e7272725eb3,L1,Profile
b5f403e3-8833-4b5c-ad30-5e7272725eb3,L1,Profile
b5f403e3-8833-4b5c-ad30-5e7272725eb3,L1,Profile
b5f403e3-8833-4b5c-ad30-5e7272725eb3,L1,Profile
b5f403e3-8833-4b5c-ad30-5e7272725eb3,L1,Profile
b5f403e3-8833-4b5c-ad30-5e7272725eb3,L1,Profile
b5f403e3-8833-4b5c-ad30-5e7272725eb3,L1,Profile
b5f403e3-8833-4b5c-ad30-5e7272725eb3,L1,Profile
b5f403e3-8833-4b5c-ad30-5e7272725eb3,L1,Profile
b5f403e3-8833-4b5c-ad30-5e7272725eb3,L1,Profile
b5f403e3-8833-4b5c-ad30-5e7272725eb3,L1,Profile
b5f403e3-8833-4b5c-ad30-5e7272725eb3,L1,Profile
b5f403e3-8833-4b5c-ad30-5e7272725eb3,L1,Profile
b5f403e3-8833-4b5c-ad30-5e7272725eb3,L1,Profile
b5f403e3-8833-4b5c-ad30-5e7272725eb3,L1,Profile
b5f403e3-8833-4b5c-ad30-5e7272725eb3,L1,Profile
b5f403e3-8833-4b5c-ad30-5e7272725eb3,L1,Profile
b5f403e3-8833-4b5c-ad30-5e7272725eb3,L1,Profile
b5f403e3-8833-4b5c-ad30-5e7272725eb3,L1,Profile
b5f403e3-8833-4b5c-ad30-5e7272725eb3,L1,Profile
b5f403e3-8833-4b5c-ad30-5e7272725eb3,L1,Profile
b5f403e3-8833-4b5c-ad30-5e7272725eb3,L1,Profile
b5f403e3-8833-4b5c-ad30-5e7272725eb3,L1,Profile
b5f403e3-8833-4b5c-ad30-5e7272725eb3,L1,Profile
b5f403e3-8833-4b5c-ad30-5e7272725eb3,L1,Profile
b5f403e3-8833-4b5c-ad30-5e7272725eb3,L1,Profile
b5f403e3-8833-4b5c-ad30-5e7272725eb3,L1,Profile
b5f403e3-8833-4b5c-ad30-5e7272725eb3,L1,Profile
b5f403e3-8833-4b5c-ad30-5e7272725eb3,L1,Profile
b5f403e3-8833-4b5c-ad30-5e7272725eb3,L1,Profile
b5f403e3-8833-4b5c-ad30-5e7272725eb3,L1,Profile
b5f403e3-8833-4b5c-ad30-5e7272725eb3,L1,Profile
b5f403e3-8833-4b5c-ad30-5e7272725eb3,L1,Profile
b5f403e3-8833-4b5c-ad30-5e7272725eb3,L1,Profile
b5f403e3-8833-4b5c-ad30-5e7272725eb3,L1,Profile
b5f403e3-8833-4b5c-ad30-5e7272725eb3,L1,Profile
b5f403e3-8833-4b5c-ad30-5e7272725eb3,L1,Profile
b5f403e3-8833-4b5c-ad30-5e7272725eb3,L1,Profile
b5f403e3-8833-4b5c-ad30-5e7272725eb3,L1,Profile
b5f403e3-8833-4b5c-ad30-5e7272725eb3,L1,Profile
b5f403e3-8833-4b5c-ad30-5e7272725eb3,L1,Profile
b5f403e3-8833-4b5c-ad30-5e7272725eb3,L1,Profile
b5f403e3-8833-4b5c-ad30-5e7272725eb3,L1,Profile
b5f403e3-8833-4b5c-ad30-5e7272725eb3,L1,Profile
b5f403e3-8833-4b5c-ad30-5e7272725eb3,L1,Profile
b5f403e3-8833-4b5c-ad30-5e7272725eb3,L1,Profile
b5f403e3-8833-4b5c-ad30-5e7272725eb3,L1,Profile
b5f403e3-8833-4b5c-ad30-5e7272725eb3,L1,Profile
b5f403e3-8833-4b5c-ad30-5e7272725eb3,L1,Profile
b5f403e3-8833-4b5c-ad30-5e7272725eb3,L1,Profile
b5f403e3-8833-4b5c-ad30-5e7272725eb3,L1,Profile
b5f403e3-8833-4b5c-ad30-5e7272725eb3,L1,Profile
b5f403e3-8833-4b5c-ad30-5e7272725eb3,L1,Profile
b5f403e3-8833-4b5c-ad30-5e7272725eb3,L1,Profile
b5f403e3-8833-4b5c-ad30-5e7272725eb3,L1,Profile
b5f403e3-8833-4b5c-ad30-5e7272725eb3,L1,Profile
b5f403e3-8833-4b5c-ad30-5e7272725eb3,L1,Profile
b5f403e3-8833-4b5c-ad30-5e7272725eb3,L1,Profile
b5f403e3-8833-4b5c-ad30-5e7272725eb3,L1,Profile
b5f403e3-8833-4b5c-ad30-5e7272725eb3,L1,Profile
b5f403e3-8833-4b5c-ad30-5e7272725eb3,L1,Profile
b5f403e3-8833-4b5c-ad30-5e7272725eb3,L1,Profile
b5f403e3-8833-4b5c-ad30-5e7272725eb3,L1,Profile
b5f403e3-8833-4b5c-ad30-5e7272725eb3,L1,Profile
b5f403e3-8833-4b5c-ad30-5e7272725eb3,L1,Profile
b5f403e3-8833-4b5c-ad30-5e7272725eb3,L1,Profile
b5f403e3-8833-4b5c-ad30-5e7272725eb3,L1,Profile
b5f403e3-8833-4b5c-ad30-5e7272725eb3,L1,Profile
b5f403e3-8833-4b5c-ad30-5e7272725eb3,L1,Profile
b5f403e3-8833-4b5c-ad30-5e7272725eb3,L1,Profile
b5f403e3-8833-4b5c-ad30-5e7272725eb3,L1,Profile
b5f403e3-8833-4b5c-ad30-5e7272725eb3,L1,Profile
b5f403e3-8833-4b5c-ad30-5e7272725eb3,L1,Profile
b5f403e3-8833-4b5c-ad30-5e7272725eb3,L1,Profile
b5f403e3-8833-4b5c-ad30-5e7272725eb3,L1,Profile
b5f403e3-8833-4b5c-ad30-5e7272725eb3,L1,Profile
b5f403e3-8833-4b5c-ad30-5e7272725eb3,L1,Profile
b5f403e3-8833-4b5c-ad30-5e7272725eb3,L1,Profile
b5f403e3-8833-4b5c-ad30-5e7272725eb3,L1,Profile
b5f403e3-8833-4b5c-ad30-5e7272725eb3,L1,Profile
b5f403e3-8833-4b5c-ad30-5e7272725eb3,L1,Profile
b5f403e3-8833-4b5c-ad30-5e7272725eb3,L1,Profile
b5f403e3-8833-4b5c-ad30-5e7272725eb3,L1,Profile
b5f403e3-8833-4b5c-ad30-5e7272725eb3,L1,Profile
b5f403e3-8833-4b5c-ad30-5e7272725eb3,L1,Profile
b5f403e3-8833-4b5c-ad30-5e7272725eb3,L1,Profile
b5f403e3-8833-4b5c-ad30-5e7272725eb3,L1,Profile
b5f403e3-8833-4b5c-ad30-5e7272725eb3,L1,Profile
b5f403e3-8833-4b5c-ad30-5e7272725eb3,L1,Profile
b5f403e3-8833-4b5c-ad30-5e7272725eb3,L1,Profile
b5f403e3-8833-4b5c-ad30-5e7272725eb3,L1,Profile
b5f403e3-8833-4b5c-ad30-5e7272725eb3,L1,Profile
b5f403e3-8833-4b5c-ad30-5e7272725eb3,L1,Profile
b5f403e3-8833-4b5c-ad30-5e7272725eb3,L1,Profile
b5f403e3-8833-4b5c-ad30-5e7272725eb3,L1,Profile
b5f403e3-8833-4b5c-ad30-5e7272725eb3,L1,Profile
b5f403e3-8833-4b5c-ad30-5e7272725eb3,L1,Profile
b5f403e3-8833-4b5c-ad30-5e7272725eb3,L1,Profile
b5f403e3-8833-4b5c-ad30-5e7272725eb3,L1,Profile
b5f403e3-8833-4b5c-ad30-5e7272725eb3,L1,Profile
b5f403e3-8833-4b5c-ad30-5e7272725eb3,L1,Profile
b5f403e3-8833-4b5c-ad30-5e7272725eb3,L1,Profile
b5f403e3-8833-4b5c-ad30-5e7272725eb3,L1,Profile
b5f403e3-8833-4b5c-ad30-5e7272725eb3,L1,Profile
b5f403e3-8833-4b5c-ad30-5e7272725eb3,L1,Profile
b5f403e3-8833-4b5c-ad30-5e7272725eb3,L1,Profile
b5f403e3-8833-4b5c-ad30-5e7272725eb3,L1,Profile
b5f403e3-8833-4b5c-ad30-5e7272725eb3,L1,Profile
b5f403e3-8833-4b5c-ad30-5e7272725eb3,L1,Profile
b5f403e3-8833-4b5c-ad30-5e7272725eb3,L1,Profile
b5f403e3-8833-4b5c-ad30-5e7272725eb3,L1,Profile
b5f403e3-8833-4b5c-ad30-5e7272725eb3,L1,Profile
b5f403e3-8833-4b5c-ad30-5e7272725eb3,L1,Profile
b5f403e3-8833-4b5c-ad30-5e7272725eb3,L1,Profile
b5f403e3-8833-4b5c-ad30-5e7272725eb3,L1,Profile
b5f403e3-8833-4b5c-ad30-5e7272725eb3,L1,Profile
b5f403e3-8833-4b5c-ad30-5e7272725eb3,L1,Profile
b5f403e3-8833-4b5c-ad30-5e7272725eb3,L1,Profile
b5f403e3-8833-4b5c-ad30-5e7272725eb3,L1,Profile
b5f403e3-8833-4b5c-ad30-5e7272725eb3,L1,Profile
b5f403e3-8833-4b5c-ad30-5e7272725eb3,L1,Profile
b5f403e3-8833-4b5c-ad30-5e7272725eb3,L1,Profile
b5f403e3-8833-4b5c-ad30-5e7272725eb3,L1,Profile
b5f403e3-8833-4b5c-ad30-5e7272725eb3,L1,Profile
b5f403e3-8833-4b5c-ad30-5e7272725eb3,L1,Profile
b5f403e3-8833-4b5c-ad30-5e7272725eb3,L1,Profile
b5f403e3-8833-4b5c-ad30-5e7272725eb3,L1,Profile
b5f403e3-8833-4b5c-ad30-5e7272725eb3,L1,Profile
b5f403e3-8833-4b5c-ad30-5e7272725eb3,L1,Profile
b5f403e3-8833-4b5c-ad30-5e7272725eb3,L1,Profile
b5f403e3-8833-4b5c-ad30-5e7272725eb3,L1,Profile
b5f403e3-8833-4b5c-ad30-5e7272725eb3,L1,Profile
b5f403e3-8833-4b5c-ad30-5e7272725eb3,L1,Profile
b5f403e3-8833-4b5c-ad30-5e7272725eb3,L1,Profile
b5f403e3-8833-4b5c-ad30-5e7272725eb3,L1,Profile
b5f403e3-8833-4b5c-ad30-5e7272725eb3,L1,Profile
b5f403e3-8833-4b5c-ad30-5e7272725eb3,L1,Profile
b5f403e3-8833-4b5c-ad30-5e7272725eb3,L1,Profile
b5f403e3-8833-4b5c-ad30-5e7272725eb3,L1,Profile
b5f403e3-8833-4b5c-ad30-5e7272725eb3,L1,Profile
b5f403e3-8833-4b5c-ad30-5e7272725eb3,L1,Profile
b5f403e3-8833-4b5c-ad30-5e7272725eb3,L1,Profile
b5f403e3-8833-4b5c-ad30-5e7272725eb3,L1,Profile
b5f403e3-8833-4b5c-ad30-5e7272725eb3,L1,Profile
b5f403e3-8833-4b5c-ad30-5e7272725eb3,L1,Profile
b5f403e3-8833-4b5c-ad30-5e7272725eb3,L1,Profile
b5f403e3-8833-4b5c-ad30-5e7272725eb3,L1,Profile
b5f403e3-8833-4b5c-ad30-5e7272725eb3,L1,Profile
b5f403e3-8833-4b5c-ad30-5e7272725eb3,L1,Profile
b5f403e3-8833-4b5c-ad30-5e7272725eb3,L1,Profile
b5f403e3-8833-4b5c-ad30-5e7272725eb3,L1,Profile
b5f403e3-8833-4b5c-ad30-5e7272725eb3,L1,Profile
b5f403e3-8833-4b5c-ad30-5e7272725eb3,L1,Profile
b5f403e3-8833-4b5c-ad30-5e7272725eb3,L1,Profile
b5f403e3-8833-4b5c-ad30-5e7272725eb3,L1,Profile
b5f403e3-8833-4b5c-ad30-5e7272725eb3,L1,Profile
b5f403e3-8833-4b5c-ad30-5e7272725eb3,L1,Profile
b5f403e3-8833-4b5c-ad30-5e7272725eb3,L1,Profile
b5f403e3-8833-4b5c-ad30-5e7272725eb3,L1,Profile
b5f403e3-8833-4b5c-ad30-5e7272725eb3,L1,Profile
b5f403e3-8833-4b5c-ad30-5e7272725eb3,L1,Profile
b5f403e3-8833-4b5c-ad30-5e7272725eb3,L1,Profile
b5f403e3-8833-4b5c-ad30-5e7272725eb3,L1,Profile
b5f403e3-8833-4b5c-ad30-5e7272725eb3,L1,Profile
b5f403e3-8833-4b5c-ad30-5e7272725eb3,L1,Profile
b5f403e3-8833-4b5c-ad30-5e7272725eb3,L1,Profile
b5f403e3-8833-4b5c-ad30-5e7272725eb3,L1,Profile
b5f403e3-8833-4b5c-ad30-5e7272725eb3,L1,Profile
b5f403e3-8833-4b5c-ad30-5e7272725eb3,L1,Profile
b5f403e3-8833-4b5c-ad30-5e7272725eb3,L1,Profile
b5f403e3-8833-4b5c-ad30-5e7272725eb3,L1,Profile
b5f403e3-8833-4b5c-ad30-5e7272725eb3,L1,Profile
b5f403e3-8833-4b5c-ad30-5e7272725eb3,L1,Profile
b5f403e3-8833-4b5c-ad30-5e7272725eb3,L1,Profile
b5f403e3-8833-4b5c-ad30-5e7272725eb3,L1,Profile
b5f403e3-8833-4b5c-ad30-5e7272725eb3,L1,Profile
b5f403e3-8833-4b5c-ad30-5e7272725eb3,L1,Profile
b5f403e3-8833-4b5c-ad30-5e7272725eb3,L1,Profile
b5f403e3-8833-4b5c-ad30-5e7272725eb3,L1,Profile
b5f403e3-8833-4b5c-ad30-5e7272725eb3,L1,Profile
b5f403e3-8833-4b5c-ad30-5e7272725eb3,L1,Profile
b5f403e3-8833-4b5c-ad30-5e7272725eb3,L1,Profile
b5f403e3-8833-4b5c-ad30-5e7272725eb3,L1,Profile
b5f403e3-8833-4b5c-ad30-5e7272725eb3,L1,Profile
b5f403e3-8833-4b5c-ad30-5e7272725eb3,L1,Profile
b5f403e3-8833-4b5c-ad30-5e7272725eb3,L1,Profile
b5f403e3-8833-4b5c-ad30-5e7272725eb3,L1,Profile
b5f403e3-8833-4b5c-ad30-5e7272725eb3,L1,Profile
b5f403e3-8833-4b5c-ad30-5e7272725eb3,L1,Profile
b5f403e3-8833-4b5c-ad30-5e7272725eb3,L1,Profile
b5f403e3-8833-4b5c-ad30-5e7272725eb3,L1,Profile
b5f403e3-8833-4b5c-ad30-5e7272725eb3,L1,Profile
b5f403e3-8833-4b5c-ad30-5e7272725eb3,L1,Profile
b5f403e3-8833-4b5c-ad30-5e7272725eb3,L1,Profile
b5f403e3-8833-4b5c-ad30-5e7272725eb3,L1,Profile
b5f403e3-8833-4b5c-ad30-5e7272725eb3,L1,Profile
b5f403e3-8833-4b5c-ad30-5e7272725eb3,L1,Profile
b5f403e3-8833-4b5c-ad30-5e7272725eb3,L1,Profile
b5f403e3-8833-4b5c-ad30-5e7272725eb3,L1,Profile
b5f403e3-8833-4b5c-ad30-5e7272725eb3,L1,Profile
b5f403e3-8833-4b5c-ad30-5e7272725eb3,L1,Profile
b5f403e3-8833-4b5c-ad30-5e7272725eb3,L1,Profile
b5f403e3-8833-4b5c-ad30-5e7272725eb3,L1,Profile
b5f403e3-8833-4b5c-ad30-5e7272725eb3,L1,Profile
b5f403e3-8833-4b5c-ad30-5e7272725eb3,L1,Profile
b5f403e3-8833-4b5c-ad30-5e7272725eb3,L1,Profile
b5f403e3-8833-4b5c-ad30-5e7272725eb3,L1,Profile
b5f403e3-8833-4b5c-ad30-5e7272725eb3,L1,Profile
b5f403e3-8833-4b5c-ad30-5e7272725eb3,L1,Profile
b5f403e3-8833-4b5c-ad30-5e7272725eb3,L1,Profile
b5f403e3-8833-4b5c-ad30-5e7272725eb3,L1,Profile
b5f403e3-8833-4b5c-ad30-5e7272725eb3,L1,Profile
b5f403e3-8833-4b5c-ad30-5e7272725eb3,L1,Profile
b5f403e3-8833-4b5c-ad30-5e7272725eb3,L1,Profile
b5f403e3-8833-4b5c-ad30-5e7272725eb3,L1,Profile
b5f403e3-8833-4b5c-ad30-5e7272725eb3,L1,Profile
b5f403e3-8833-4b5c-ad30-5e7272725eb3,L1,Profile
b5f403e3-8833-4b5c-ad30-5e7272725eb3,L1,Profile
b5f403e3-8833-4b5c-ad30-5e7272725eb3,L1,Profile
b5f403e3-8833-4b5c-ad30-5e7272725eb3,L1,Profile
b5f403e3-8833-4b5c-ad30-5e7272725eb3,L1,Profile
b5f403e3-8833-4b5c-ad30-5e7272725eb3,L1,Profile
b5f403e3-8833-4b5c-ad30-5e7272725eb3,L1,Profile
b5f403e3-8833-4b5c-ad30-5e7272725eb3,L1,Profile
b5f403e3-8833-4b5c-ad30-5e7272725eb3,L1,Profile
b5f403e3-8833-4b5c-ad30-5e7272725eb3,L1,Profile
b5f403e3-8833-4b5c-ad30-5e7272725eb3,L1,Profile
b5f403e3-8833-4b5c-ad30-5e7272725eb3,L1,Profile
b5f403e3-8833-4b5c-ad30-5e7272725eb3,L1,Profile
b5f403e3-8833-4b5c-ad30-5e7272725eb3,L1,Profile
b5f403e3-8833-4b5c-ad30-5e7272725eb3,L1,Profile
b5f403e3-8833-4b5c-ad30-5e7272725eb3,L1,Profile
b5f403e3-8833-4b5c-ad30-5e7272725eb3,L1,Profile
b5f403e3-8833-4b5c-ad30-5e7272725eb3,L1,Profile
b5f403e3-8833-4b5c-ad30-5e7272725eb3,L1,Profile
b5f403e3-8833-4b5c-ad30-5e7272725eb3,L1,Profile
b5f403e3-8833-4b5c-ad30-5e7272725eb3,L1,Profile
b5f403e3-8833-4b5c-ad30-5e7272725eb3,L1,Profile
b5f403e3-8833-4b5c-ad30-5e7272725eb3,L1,Profile
b5f403e3-8833-4b5c-ad30-5e7272725eb3,L1,Profile
b5f403e3-8833-4b5c-ad30-5e7272725eb3,L1,Profile
b5f403e3-8833-4b5c-ad30-5e7272725eb3,L1,Profile
b5f403e3-8833-4b5c-ad30-5e7272725eb3,L1,Profile
b5f403e3-8833-4b5c-ad30-5e7272725eb3,L1,Profile
b5f403e3-8833-4b5c-ad30-5e7272725eb3,L1,Profile
b5f403e3-8833-4b5c-ad30-5e7272725eb3,L1,Profile
b5f403e3-8833-4b5c-ad30-5e7272725eb3,L1,Profile
b5f403e3-8833-4b5c-ad30-5e7272725eb3,L1,Profile
b5f403e3-8833-4b5c-ad30-5e7272725eb3,L1,Profile
b5f403e3-8833-4b5c-ad30-5e7272725eb3,L1,Profile
b5f403e3-8833-4b5c-ad30-5e7272725eb3,L1,Profile
b5f403e3-8833-4b5c-ad30-5e7272725eb3,L1,Profile
b5f403e3-8833-4b5c-ad30-5e7272725eb3,L1,Profile
b5f403e3-8833-4b5c-ad30-5e7272725eb3,L1,Profile
b5f403e3-8833-4b5c-ad30-5e7272725eb3,L1,Profile
b5f403e3-8833-4b5c-ad30-5e7272725eb3,L1,Profile
b5f403e3-8833-4b5c-ad30-5e7272725eb3,L1,Profile
b5f403e3-8833-4b5c-ad30-5e7272725eb3,L1,Profile
b5f403e3-8833-4b5c-ad30-5e7272725eb3,L1,Profile
b5f403e3-8833-4b5c-ad30-5e7272725eb3,L1,Profile
b5f403e3-8833-4b5c-ad30-5e7272725eb3,L1,Profile
b5f403e3-8833-4b5c-ad30-5e7272725eb3,L1,Profile
b5f403e3-8833-4b5c-ad30-5e7272725eb3,L1,Profile
b5f403e3-8833-4b5c-ad30-5e7272725eb3,L1,Profile
b5f403e3-8833-4b5c-ad30-5e7272725eb3,L1,Profile
b5f403e3-8833-4b5c-ad30-5e7272725eb3,L1,Profile
b5f403e3-8833-4b5c-ad30-5e7272725eb3,L1,Profile
b5f403e3-8833-4b5c-ad30-5e7272725eb3,L1,Profile
b5f403e3-8833-4b5c-ad30-5e7272725eb3,L1,Profile
b5f403e3-8833-4b5c-ad30-5e7272725eb3,L1,Profile
b5f403e3-8833-4b5c-ad30-5e7272725eb3,L1,Profile
b5f403e3-8833-4b5c-ad30-5e7272725eb3,L1,Profile
b5f403e3-8833-4b5c-ad30-5e7272725eb3,L1,Profile
b5f403e3-8833-4b5c-ad30-5e7272725eb3,L1,Profile
b5f403e3-8833-4b5c-ad30-5e7272725eb3,L1,Profile
b5f403e3-8833-4b5c-ad30-5e7272725eb3,L1,Profile
b5f403e3-8833-4b5c-ad30-5e7272725eb3,L1,Profile
b5f403e3-8833-4b5c-ad30-5e7272725eb3,L1,Profile
b5f403e3-8833-4b5c-ad30-5e7272725eb3,L1,Profile
b5f403e3-8833-4b5c-ad30-5e7272725eb3,L1,Profile
b5f403e3-8833-4b5c-ad30-5e7272725eb3,L1,Profile
b5f403e3-8833-4b5c-ad30-5e7272725eb3,L1,Profile
b5f403e3-8833-4b5c-ad30-5e7272725eb3,L1,Profile
b5f403e3-8833-4b5c-ad30-5e7272725eb3,L1,Profile
b5f403e3-8833-4b5c-ad30-5e7272725eb3,L1,Profile
b5f403e3-8833-4b5c-ad30-5e7272725eb3,L1,Profile
b5f403e3-8833-4b5c-ad30-5e7272725eb3,L1,Profile
b5f403e3-8833-4b5c-ad30-5e7272725eb3,L1,Profile
b5f403e3-8833-4b5c-ad30-5e7272725eb3,L1,Profile
b5f403e3-8833-4b5c-ad30-5e7272725eb3,L1,Profile
b5f403e3-8833-4b5c-ad30-5e7272725eb3,L1,Profile
b5f403e3-8833-4b5c-ad30-5e7272725eb3,L1,Profile
b5f403e3-8833-4b5c-ad30-5e7272725eb3,L1,Profile
b5f403e3-8833-4b5c-ad30-5e7272725eb3,L1,Profile
b5f403e3-8833-4b5c-ad30-5e7272725eb3,L1,Profile
b5f403e3-8833-4b5c-ad30-5e7272725eb3,L1,Profile
b5f403e3-8833-4b5c-ad30-5e7272725eb3,L1,Profile
b5f403e3-8833-4b5c-ad30-5e7272725eb3,L1,Profile
b5f403e3-8833-4b5c-ad30-5e7272725eb3,L1,Profile
b5f403e3-8833-4b5c-ad30-5e7272725eb3,L1,Profile
b5f403e3-8833-4b5c-ad30-5e7272725eb3,L1,Profile
b5f403e3-8833-4b5c-ad30-5e7272725eb3,L1,Profile
b5f403e3-8833-4b5c-ad30-5e7272725eb3,L1,Profile
b5f403e3-8833-4b5c-ad30-5e7272725eb3,L1,Profile
b5f403e3-8833-4b5c-ad30-5e7272725eb3,L1,Profile
b5f403e3-8833-4b5c-ad30-5e7272725eb3,L1,Profile
b5f403e3-8833-4b5c-ad30-5e7272725eb3,L1,Profile
b5f403e3-8833-4b5c-ad30-5e7272725eb3,L1,Profile
b5f403e3-8833-4b5c-ad30-5e7272725eb3,L1,Profile
b5f403e3-8833-4b5c-ad30-5e7272725eb3,L1,Profile
b5f403e3-8833-4b5c-ad30-5e7272725eb3,L1,Profile
b5f403e3-8833-4b5c-ad30-5e7272725eb3,L1,Profile
b5f403e3-8833-4b5c-ad30-5e7272725eb3,L1,Profile
b5f403e3-8833-4b5c-ad30-5e7272725eb3,L1,Profile
b5f403e3-8833-4b5c-ad30-5e7272725eb3,L1,Profile
b5f403e3-8833-4b5c-ad30-5e7272725eb3,L1,Profile
b5f403e3-8833-4b5c-ad30-5e7272725eb3,L1,Profile
b5f403e3-8833-4b5c-ad30-5e7272725eb3,L1,Profile
b5f403e3-8833-4b5c-ad30-5e7272725eb3,L1,Profile
b5f403e3-8833-4b5c-ad30-5e7272725eb3,L1,Profile
b5f403e3-8833-4b5c-ad30-5e7272725eb3,L1,Profile
b5f403e3-8833-4b5c-ad30-5e7272725eb3,L1,Profile
b5f403e3-8833-4b5c-ad30-5e7272725eb3,L1,Profile
b5f403e3-8833-4b5c-ad30-5e7272725eb3,L1,Profile
b5f403e3-8833-4b5c-ad30-5e7272725eb3,L1,Profile
b5f403e3-8833-4b5c-ad30-5e7272725eb3,L1,Profile
b5f403e3-8833-4b5c-ad30-5e7272725eb3,L1,Profile
b5f403e3-8833-4b5c-ad30-5e7272725eb3,L1,Profile
b5f403e3-8833-4b5c-ad30-5e7272725eb3,L1,Profile
b5f403e3-8833-4b5c-ad30-5e7272725eb3,L1,Profile
b5f403e3-8833-4b5c-ad30-5e7272725eb3,L1,Profile
b5f403e3-8833-4b5c-ad30-5e7272725eb3,L1,Profile
b5f403e3-8833-4b5c-ad30-5e7272725eb3,L1,Profile
b5f403e3-8833-4b5c-ad30-5e7272725eb3,L1,Profile
b5f403e3-8833-4b5c-ad30-5e7272725eb3,L1,Profile
b5f403e3-8833-4b5c-ad30-5e7272725eb3,L1,Profile
b5f403e3-8833-4b5c-ad30-5e7272725eb3,L1,Profile
b5f403e3-8833-4b5c-ad30-5e7272725eb3,L1,Profile
b5f403e3-8833-4b5c-ad30-5e7272725eb3,L1,Profile
b5f403e3-8833-4b5c-ad30-5e7272725eb3,L1,Profile
b5f403e3-8833-4b5c-ad30-5e7272725eb3,L1,Profile
b5f403e3-8833-4b5c-ad30-5e7272725eb3,L1,Profile
b5f403e3-8833-4b5c-ad30-5e7272725eb3,L1,Profile
b5f403e3-8833-4b5c-ad30-5e7272725eb3,L1,Profile
b5f403e3-8833-4b5c-ad30-5e7272725eb3,L1,Profile
b5f403e3-8833-4b5c-ad30-5e7272725eb3,L1,Profile
b5f403e3-8833-4b5c-ad30-5e7272725eb3,L1,Profile
b5f403e3-8833-4b5c-ad30-5e7272725eb3,L1,Profile
b5f403e3-8833-4b5c-ad30-5e7272725eb3,L1,Profile
b5f403e3-8833-4b5c-ad30-5e7272725eb3,L1,Profile
b5f403e3-8833-4b5c-ad30-5e7272725eb3,L1,Profile
b5f403e3-8833-4b5c-ad30-5e7272725eb3,L1,Profile
b5f403e3-8833-4b5c-ad30-5e7272725eb3,L1,Profile
b5f403e3-8833-4b5c-ad30-5e7272725eb3,L1,Profile
b5f403e3-8833-4b5c-ad30-5e7272725eb3,L1,Profile
b5f403e3-8833-4b5c-ad30-5e7272725eb3,L1,Profile
b5f403e3-8833-4b5c-ad30-5e7272725eb3,L1,Profile
b5f403e3-8833-4b5c-ad30-5e7272725eb3,L1,Profile
b5f403e3-8833-4b5c-ad30-5e7272725eb3,L1,Profile
b5f403e3-8833-4b5c-ad30-5e7272725eb3,L1,Profile
b5f403e3-8833-4b5c-ad30-5e7272725eb3,L1,Profile
b5f403e3-8833-4b5c-ad30-5e7272725eb3,L1,Profile
b5f403e3-8833-4b5c-ad30-5e7272725eb3,L1,Profile
b5f403e3-8833-4b5c-ad30-5e7272725eb3,L1,Profile
b5f403e3-8833-4b5c-ad30-5e7272725eb3,L1,Profile
b5f403e3-8833-4b5c-ad30-5e7272725eb3,L1,Profile
b5f403e3-8833-4b5c-ad30-5e7272725eb3,L1,Profile
b5f403e3-8833-4b5c-ad30-5e7272725eb3,L1,Profile
b5f403e3-8833-4b5c-ad30-5e7272725eb3,L1,Profile
b5f403e3-8833-4b5c-ad30-5e7272725eb3,L1,Profile
b5f403e3-8833-4b5c-ad30-5e7272725eb3,L1,Profile
b5f403e3-8833-4b5c-ad30-5e7272725eb3,L1,Profile
b5f403e3-8833-4b5c-ad30-5e7272725eb3,L1,Profile
b5f403e3-8833-4b5c-ad30-5e7272725eb3,L1,Profile
b5f403e3-8833-4b5c-ad30-5e7272725eb3,L1,Profile
b5f403e3-8833-4b5c-ad30-5e7272725eb3,L1,Profile
b5f403e3-8833-4b5c-ad30-5e7272725eb3,L1,Profile
b5f403e3-8833-4b5c-ad30-5e7272725eb3,L1,Profile
b5f403e3-8833-4b5c-ad30-5e7272725eb3,L1,Profile
b5f403e3-8833-4b5c-ad30-5e7272725eb3,L1,Profile
b5f403e3-8833-4b5c-ad30-5e7272725eb3,L1,Profile
b5f403e3-8833-4b5c-ad30-5e7272725eb3,L1,Profile
b5f403e3-8833-4b5c-ad30-5e7272725eb3,L1,Profile
b5f403e3-8833-4b5c-ad30-5e7272725eb3,L1,Profile
b5f403e3-8833-4b5c-ad30-5e7272725eb3,L1,Profile
b5f403e3-8833-4b5c-ad30-5e7272725eb3,L1,Profile
b5f403e3-8833-4b5c-ad30-5e7272725eb3,L1,Profile
b5f403e3-8833-4b5c-ad30-5e7272725eb3,L1,Profile
b5f403e3-8833-4b5c-ad30-5e7272725eb3,L1,Profile
b5f403e3-8833-4b5c-ad30-5e7272725eb3,L1,Profile
b5f403e3-8833-4b5c-ad30-5e7272725eb3,L1,Profile
b5f403e3-8833-4b5c-ad30-5e7272725eb3,L1,Profile
b5f403e3-8833-4b5c-ad30-5e7272725eb3,L1,Profile
b5f403e3-8833-4b5c-ad30-5e7272725eb3,L1,Profile
b5f403e3-8833-4b5c-ad30-5e7272725eb3,L1,Profile
b5f403e3-8833-4b5c-ad30-5e7272725eb3,L1,Profile
b5f403e3-8833-4b5c-ad30-5e7272725eb3,L1,Profile
b5f403e3-8833-4b5c-ad30-5e7272725eb3,L1,Profile
b5f403e3-8833-4b5c-ad30-5e7272725eb3,L1,Profile
b5f403e3-8833-4b5c-ad30-5e7272725eb3,L1,Profile
b5f403e3-8833-4b5c-ad30-5e7272725eb3,L1,Profile
b5f403e3-8833-4b5c-ad30-5e7272725eb3,L1,Profile
b5f403e3-8833-4b5c-ad30-5e7272725eb3,L1,Profile
b5f403e3-8833-4b5c-ad30-5e7272725eb3,L1,Profile
b5f403e3-8833-4b5c-ad30-5e7272725eb3,L1,Profile
b5f403e3-8833-4b5c-ad30-5e7272725eb3,L1,Profile
b5f403e3-8833-4b5c-ad30-5e7272725eb3,L1,Profile
b5f403e3-8833-4b5c-ad30-5e7272725eb3,L1,Profile
b5f403e3-8833-4b5c-ad30-5e7272725eb3,L1,Profile
b5f403e3-8833-4b5c-ad30-5e7272725eb3,L1,Profile
b5f403e3-8833-4b5c-ad30-5e7272725eb3,L1,Profile
b5f403e3-8833-4b5c-ad30-5e7272725eb3,L1,Profile
b5f403e3-8833-4b5c-ad30-5e7272725eb3,L1,Profile
b5f403e3-8833-4b5c-ad30-5e7272725eb3,L1,Profile
b5f403e3-8833-4b5c-ad30-5e7272725eb3,L1,Profile
b5f403e3-8833-4b5c-ad30-5e7272725eb3,L1,Profile
b5f403e3-8833-4b5c-ad30-5e7272725eb3,L1,Profile
b5f403e3-8833-4b5c-ad30-5e7272725eb3,L1,Profile
b5f403e3-8833-4b5c-ad30-5e7272725eb3,L1,Profile
b5f403e3-8833-4b5c-ad30-5e7272725eb3,L1,Profile
b5f403e3-8833-4b5c-ad30-5e7272725eb3,L1,Profile
b5f403e3-8833-4b5c-ad30-5e7272725eb3,L1,Profile
b5f403e3-8833-4b5c-ad30-5e7272725eb3,L1,Profile
b5f403e3-8833-4b5c-ad30-5e7272725eb3,L1,Profile
b5f403e3-8833-4b5c-ad30-5e7272725eb3,L1,Profile
b5f403e3-8833-4b5c-ad30-5e7272725eb3,L1,Profile
b5f403e3-8833-4b5c-ad30-5e7272725eb3,L1,Profile
b5f403e3-8833-4b5c-ad30-5e7272725eb3,L1,Profile
b5f403e3-8833-4b5c-ad30-5e7272725eb3,L1,Profile
b5f403e3-8833-4b5c-ad30-5e7272725eb3,L1,Profile
b5f403e3-8833-4b5c-ad30-5e7272725eb3,L1,Profile
b5f403e3-8833-4b5c-ad30-5e7272725eb3,L1,Profile
b5f403e3-8833-4b5c-ad30-5e7272725eb3,L1,Profile
b5f403e3-8833-4b5c-ad30-5e7272725eb3,L1,Profile
b5f403e3-8833-4b5c-ad30-5e7272725eb3,L1,Profile
b5f403e3-8833-4b5c-ad30-5e7272725eb3,L1,Profile
b5f403e3-8833-4b5c-ad30-5e7272725eb3,L1,Profile
b5f403e3-8833-4b5c-ad30-5e7272725eb3,L1,Profile
b5f403e3-8833-4b5c-ad30-5e7272725eb3,L1,Profile
b5f403e3-8833-4b5c-ad30-5e7272725eb3,L1,Profile
b5f403e3-8833-4b5c-ad30-5e7272725eb3,L1,Profile
b5f403e3-8833-4b5c-ad30-5e7272725eb3,L1,Profile
b5f403e3-8833-4b5c-ad30-5e7272725eb3,L1,Profile
b5f403e3-8833-4b5c-ad30-5e7272725eb3,L1,Profile
b5f403e3-8833-4b5c-ad30-5e7272725eb3,L1,Profile
b5f403e3-8833-4b5c-ad30-5e7272725eb3,L1,Profile
b5f403e3-8833-4b5c-ad30-5e7272725eb3,L1,Profile
b5f403e3-8833-4b5c-ad30-5e7272725eb3,L1,Profile
b5f403e3-8833-4b5c-ad30-5e7272725eb3,L1,Profile
b5f403e3-8833-4b5c-ad30-5e7272725eb3,L1,Profile
b5f403e3-8833-4b5c-ad30-5e7272725eb3,L1,Profile
b5f403e3-8833-4b5c-ad30-5e7272725eb3,L1,Profile
b5f403e3-8833-4b5c-ad30-5e7272725eb3,L1,Profile
b5f403e3-8833-4b5c-ad30-5e7272725eb3,L1,Profile
b5f403e3-8833-4b5c-ad30-5e7272725eb3,L1,Profile
b5f403e3-8833-4b5c-ad30-5e7272725eb3,L1,Profile
b5f403e3-8833-4b5c-ad30-5e7272725eb3,L1,Profile
b5f403e3-8833-4b5c-ad30-5e7272725eb3,L1,Profile
b5f403e3-8833-4b5c-ad30-5e7272725eb3,L1,Profile
b5f403e3-8833-4b5c-ad30-5e7272725eb3,L1,Profile
b5f403e3-8833-4b5c-ad30-5e7272725eb3,L1,Profile
b5f403e3-8833-4b5c-ad30-5e7272725eb3,L1,Profile
b5f403e3-8833-4b5c-ad30-5e7272725eb3,L1,Profile
b5f403e3-8833-4b5c-ad30-5e7272725eb3,L1,Profile
b5f403e3-8833-4b5c-ad30-5e7272725eb3,L1,Profile
b5f403e3-8833-4b5c-ad30-5e7272725eb3,L1,Profile
b5f403e3-8833-4b5c-ad30-5e7272725eb3,L1,Profile
b5f403e3-8833-4b5c-ad30-5e7272725eb3,L1,Profile
b5f403e3-8833-4b5c-ad30-5e7272725eb3,L1,Profile
b5f403e3-8833-4b5c-ad30-5e7272725eb3,L1,Profile
b5f403e3-8833-4b5c-ad30-5e7272725eb3,L1,Profile
b5f403e3-8833-4b5c-ad30-5e7272725eb3,L1,Profile
b5f403e3-8833-4b5c-ad30-5e7272725eb3,L1,Profile
b5f403e3-8833-4b5c-ad30-5e7272725eb3,L1,Profile
b5f403e3-8833-4b5c-ad30-5e7272725eb3,L1,Profile
b5f403e3-8833-4b5c-ad30-5e7272725eb3,L1,Profile
b5f403e3-8833-4b5c-ad30-5e7272725eb3,L1,Profile
b5f403e3-8833-4b5c-ad30-5e7272725eb3,L1,Profile
b5f403e3-8833-4b5c-ad30-5e7272725eb3,L1,Profile
b5f403e3-8833-4b5c-ad30-5e7272725eb3,L1,Profile
b5f403e3-8833-4b5c-ad30-5e7272725eb3,L1,Profile
b5f403e3-8833-4b5c-ad30-5e7272725eb3,L1,Profile
b5f403e3-8833-4b5c-ad30-5e7272725eb3,L1,Profile
b5f403e3-8833-4b5c-ad30-5e7272725eb3,L1,Profile
b5f403e3-8833-4b5c-ad30-5e7272725eb3,L1,Profile
b5f403e3-8833-4b5c-ad30-5e7272725eb3,L1,Profile
b5f403e3-8833-4b5c-ad30-5e7272725eb3,L1,Profile
b5f403e3-8833-4b5c-ad30-5e7272725eb3,L1,Profile
b5f403e3-8833-4b5c-ad30-5e7272725eb3,L1,Profile
b5f403e3-8833-4b5c-ad30-5e7272725eb3,L1,Profile
b5f403e3-8833-4b5c-ad30-5e7272725eb3,L1,Profile
b5f403e3-8833-4b5c-ad30-5e7272725eb3,L1,Profile
b5f403e3-8833-4b5c-ad30-5e7272725eb3,L1,Profile
b5f403e3-8833-4b5c-ad30-5e7272725eb3,L1,Profile
b5f403e3-8833-4b5c-ad30-5e7272725eb3,L1,Profile
b5f403e3-8833-4b5c-ad30-5e7272725eb3,L1,Profile
b5f403e3-8833-4b5c-ad30-5e7272725eb3,L1,Profile
b5f403e3-8833-4b5c-ad30-5e7272725eb3,L1,Profile
b5f403e3-8833-4b5c-ad30-5e7272725eb3,L1,Profile
b5f403e3-8833-4b5c-ad30-5e7272725eb3,L1,Profile
b5f403e3-8833-4b5c-ad30-5e7272725eb3,L1,Profile
b5f403e3-8833-4b5c-ad30-5e7272725eb3,L1,Profile
b5f403e3-8833-4b5c-ad30-5e7272725eb3,L1,Profile
b5f403e3-8833-4b5c-ad30-5e7272725eb3,L1,Profile
b5f403e3-8833-4b5c-ad30-5e7272725eb3,L1,Profile
b5f403e3-8833-4b5c-ad30-5e7272725eb3,L1,Profile
b5f403e3-8833-4b5c-ad30-5e7272725eb3,L1,Profile
b5f403e3-8833-4b5c-ad30-5e7272725eb3,L1,Profile
b5f403e3-8833-4b5c-ad30-5e7272725eb3,L1,Profile
b5f403e3-8833-4b5c-ad30-5e7272725eb3,L1,Profile
b5f403e3-8833-4b5c-ad30-5e7272725eb3,L1,Profile
b5f403e3-8833-4b5c-ad30-5e7272725eb3,L1,Profile
b5f403e3-8833-4b5c-ad30-5e7272725eb3,L1,Profile
b5f403e3-8833-4b5c-ad30-5e7272725eb3,L1,Profile
b5f403e3-8833-4b5c-ad30-5e7272725eb3,L1,Profile
b5f403e3-8833-4b5c-ad30-5e7272725eb3,L1,Profile
b5f403e3-8833-4b5c-ad30-5e7272725eb3,L1,Profile
b5f403e3-8833-4b5c-ad30-5e7272725eb3,L1,Profile
b5f403e3-8833-4b5c-ad30-5e7272725eb3,L1,Profile
b5f403e3-8833-4b5c-ad30-5e7272725eb3,L1,Profile
b5f403e3-8833-4b5c-ad30-5e7272725eb3,L1,Profile
b5f403e3-8833-4b5c-ad30-5e7272725eb3,L1,Profile
b5f403e3-8833-4b5c-ad30-5e7272725eb3,L1,Profile
b5f403e3-8833-4b5c-ad30-5e7272725eb3,L1,Profile
b5f403e3-8833-4b5c-ad30-5e7272725eb3,L1,Profile
b5f403e3-8833-4b5c-ad30-5e7272725eb3,L1,Profile
b5f403e3-8833-4b5c-ad30-5e7272725eb3,L1,Profile
b5f403e3-8833-4b5c-ad30-5e7272725eb3,L1,Profile
b5f403e3-8833-4b5c-ad30-5e7272725eb3,L1,Profile
b5f403e3-8833-4b5c-ad30-5e7272725eb3,L1,Profile
b5f403e3-8833-4b5c-ad30-5e7272725eb3,L1,Profile
b5f403e3-8833-4b5c-ad30-5e7272725eb3,L1,Profile
b5f403e3-8833-4b5c-ad30-5e7272725eb3,L1,Profile
b5f403e3-8833-4b5c-ad30-5e7272725eb3,L1,Profile
b5f403e3-8833-4b5c-ad30-5e7272725eb3,L1,Profile
b5f403e3-8833-4b5c-ad30-5e7272725eb3,L1,Profile
b5f403e3-8833-4b5c-ad30-5e7272725eb3,L1,Profile
b5f403e3-8833-4b5c-ad30-5e7272725eb3,L1,Profile
b5f403e3-8833-4b5c-ad30-5e7272725eb3,L1,Profile
b5f403e3-8833-4b5c-ad30-5e7272725eb3,L1,Profile
b5f403e3-8833-4b5c-ad30-5e7272725eb3,L1,Profile
b5f403e3-8833-4b5c-ad30-5e7272725eb3,L1,Profile
b5f403e3-8833-4b5c-ad30-5e7272725eb3,L1,Profile
b5f403e3-8833-4b5c-ad30-5e7272725eb3,L1,Profile
b5f403e3-8833-4b5c-ad30-5e7272725eb3,L1,Profile
b5f403e3-8833-4b5c-ad30-5e7272725eb3,L1,Profile
b5f403e3-8833-4b5c-ad30-5e7272725eb3,L1,Profile
b5f403e3-8833-4b5c-ad30-5e7272725eb3,L1,Profile
b5f403e3-8833-4b5c-ad30-5e7272725eb3,L1,Profile
b5f403e3-8833-4b5c-ad30-5e7272725eb3,L1,Profile
b5f403e3-8833-4b5c-ad30-5e7272725eb3,L1,Profile
b5f403e3-8833-4b5c-ad30-5e7272725eb3,L1,Profile
b5f403e3-8833-4b5c-ad30-5e7272725eb3,L1,Profile
b5f403e3-8833-4b5c-ad30-5e7272725eb3,L1,Profile
b5f403e3-8833-4b5c-ad30-5e7272725eb3,L1,Profile
b5f403e3-8833-4b5c-ad30-5e7272725eb3,L1,Profile
b5f403e3-8833-4b5c-ad30-5e7272725eb3,L1,Profile
b5f403e3-8833-4b5c-ad30-5e7272725eb3,L1,Profile
b5f403e3-8833-4b5c-ad30-5e7272725eb3,L1,Profile
b5f403e3-8833-4b5c-ad30-5e7272725eb3,L1,Profile
b5f403e3-8833-4b5c-ad30-5e7272725eb3,L1,Profile
b5f403e3-8833-4b5c-ad30-5e7272725eb3,L1,Profile
b5f403e3-8833-4b5c-ad30-5e7272725eb3,L1,Profile
b5f403e3-8833-4b5c-ad30-5e7272725eb3,L1,Profile
b5f403e3-8833-4b5c-ad30-5e7272725eb3,L1,Profile
b5f403e3-8833-4b5c-ad30-5e7272725eb3,L1,Profile
b5f403e3-8833-4b5c-ad30-5e7272725eb3,L1,Profile
b5f403e3-8833-4b5c-ad30-5e7272725eb3,L1,Profile
b5f403e3-8833-4b5c-ad30-5e7272725eb3,L1,Profile
b5f403e3-8833-4b5c-ad30-5e7272725eb3,L1,Profile
b5f403e3-8833-4b5c-ad30-5e7272725eb3,L1,Profile
b5f403e3-8833-4b5c-ad30-5e7272725eb3,L1,Profile
b5f403e3-8833-4b5c-ad30-5e7272725eb3,L1,Profile
b5f403e3-8833-4b5c-ad30-5e7272725eb3,L1,Profile
b5f403e3-8833-4b5c-ad30-5e7272725eb3,L1,Profile
b5f403e3-8833-4b5c-ad30-5e7272725eb3,L1,Profile
b5f403e3-8833-4b5c-ad30-5e7272725eb3,L1,Profile
b5f403e3-8833-4b5c-ad30-5e7272725eb3,L1,Profile
b5f403e3-8833-4b5c-ad30-5e7272725eb3,L1,Profile
b5f403e3-8833-4b5c-ad30-5e7272725eb3,L1,Profile
b5f403e3-8833-4b5c-ad30-5e7272725eb3,L1,Profile
b5f403e3-8833-4b5c-ad30-5e7272725eb3,L1,Profile
b5f403e3-8833-4b5c-ad30-5e7272725eb3,L1,Profile
b5f403e3-8833-4b5c-ad30-5e7272725eb3,L1,Profile
b5f403e3-8833-4b5c-ad30-5e7272725eb3,L1,Profile
b5f403e3-8833-4b5c-ad30-5e7272725eb3,L1,Profile
b5f403e3-8833-4b5c-ad30-5e7272725eb3,L1,Profile
b5f403e3-8833-4b5c-ad30-5e7272725eb3,L1,Profile
b5f403e3-8833-4b5c-ad30-5e7272725eb3,L1,Profile
b5f403e3-8833-4b5c-ad30-5e7272725eb3,L1,Profile
b5f403e3-8833-4b5c-ad30-5e7272725eb3,L1,Profile
b5f403e3-8833-4b5c-ad30-5e7272725eb3,L1,Profile
b5f403e3-8833-4b5c-ad30-5e7272725eb3,L1,Profile
b5f403e3-8833-4b5c-ad30-5e7272725eb3,L1,Profile
b5f403e3-8833-4b5c-ad30-5e7272725eb3,L1,Profile
b5f403e3-8833-4b5c-ad30-5e7272725eb3,L1,Profile
b5f403e3-8833-4b5c-ad30-5e7272725eb3,L1,Profile
b5f403e3-8833-4b5c-ad30-5e7272725eb3,L1,Profile
b5f403e3-8833-4b5c-ad30-5e7272725eb3,L1,Profile
b5f403e3-8833-4b5c-ad30-5e7272725eb3,L1,Profile
b5f403e3-8833-4b5c-ad30-5e7272725eb3,L1,Profile
b5f403e3-8833-4b5c-ad30-5e7272725eb3,L1,Profile
b5f403e3-8833-4b5c-ad30-5e7272725eb3,L1,Profile
b5f403e3-8833-4b5c-ad30-5e7272725eb3,L1,Profile
b5f403e3-8833-4b5c-ad30-5e7272725eb3,L1,Profile
b5f403e3-8833-4b5c-ad30-5e7272725eb3,L1,Profile
b5f403e3-8833-4b5c-ad30-5e7272725eb3,L1,Profile
b5f403e3-8833-4b5c-ad30-5e7272725eb3,L1,Profile
b5f403e3-8833-4b5c-ad30-5e7272725eb3,L1,Profile
b5f403e3-8833-4b5c-ad30-5e7272725eb3,L1,Profile
b5f403e3-8833-4b5c-ad30-5e7272725eb3,L1,Profile
b5f403e3-8833-4b5c-ad30-5e7272725eb3,L1,Profile
b5f403e3-8833-4b5c-ad30-5e7272725eb3,L1,Profile
b5f403e3-8833-4b5c-ad30-5e7272725eb3,L1,Profile
b5f403e3-8833-4b5c-ad30-5e7272725eb3,L1,Profile
b5f403e3-8833-4b5c-ad30-5e7272725eb3,L1,Profile
b5f403e3-8833-4b5c-ad30-5e7272725eb3,L1,Profile
b5f403e3-8833-4b5c-ad30-5e7272725eb3,L1,Profile
b5f403e3-8833-4b5c-ad30-5e7272725eb3,L1,Profile
b5f403e3-8833-4b5c-ad30-5e7272725eb3,L1,Profile
b5f403e3-8833-4b5c-ad30-5e7272725eb3,L1,Profile
b5f403e3-8833-4b5c-ad30-5e7272725eb3,L1,Profile
b5f403e3-8833-4b5c-ad30-5e7272725eb3,L1,Profile
b5f403e3-8833-4b5c-ad30-5e7272725eb3,L1,Profile
b5f403e3-8833-4b5c-ad30-5e7272725eb3,L1,Profile
b5f403e3-8833-4b5c-ad30-5e7272725eb3,L1,Profile
b5f403e3-8833-4b5c-ad30-5e7272725eb3,L1,Profile
b5f403e3-8833-4b5c-ad30-5e7272725eb3,L1,Profile
b5f403e3-8833-4b5c-ad30-5e7272725eb3,L1,Profile
b5f403e3-8833-4b5c-ad30-5e7272725eb3,L1,Profile
b5f403e3-8833-4b5c-ad30-5e7272725eb3,L1,Profile
b5f403e3-8833-4b5c-ad30-5e7272725eb3,L1,Profile
b5f403e3-8833-4b5c-ad30-5e7272725eb3,L1,Profile
b5f403e3-8833-4b5c-ad30-5e7272725eb3,L1,Profile
b5f403e3-8833-4b5c-ad30-5e7272725eb3,L1,Profile
b5f403e3-8833-4b5c-ad30-5e7272725eb3,L1,Profile
b5f403e3-8833-4b5c-ad30-5e7272725eb3,L1,Profile
b5f403e3-8833-4b5c-ad30-5e7272725eb3,L1,Profile
b5f403e3-8833-4b5c-ad30-5e7272725eb3,L1,Profile
b5f403e3-8833-4b5c-ad30-5e7272725eb3,L1,Profile
b5f403e3-8833-4b5c-ad30-5e7272725eb3,L1,Profile
b5f403e3-8833-4b5c-ad30-5e7272725eb3,L1,Profile
b5f403e3-8833-4b5c-ad30-5e7272725eb3,L1,Profile
b5f403e3-8833-4b5c-ad30-5e7272725eb3,L1,Profile
b5f403e3-8833-4b5c-ad30-5e7272725eb3,L1,Profile
b5f403e3-8833-4b5c-ad30-5e7272725eb3,L1,Profile
b5f403e3-8833-4b5c-ad30-5e7272725eb3,L1,Profile
b5f403e3-8833-4b5c-ad30-5e7272725eb3,L1,Profile
b5f403e3-8833-4b5c-ad30-5e7272725eb3,L1,Profile
b5f403e3-8833-4b5c-ad30-5e7272725eb3,L1,Profile
b5f403e3-8833-4b5c-ad30-5e7272725eb3,L1,Profile
b5f403e3-8833-4b5c-ad30-5e7272725eb3,L1,Profile
b5f403e3-8833-4b5c-ad30-5e7272725eb3,L1,Profile
b5f403e3-8833-4b5c-ad30-5e7272725eb3,L1,Profile
b5f403e3-8833-4b5c-ad30-5e7272725eb3,L1,Profile
b5f403e3-8833-4b5c-ad30-5e7272725eb3,L1,Profile
b5f403e3-8833-4b5c-ad30-5e7272725eb3,L1,Profile
b5f403e3-8833-4b5c-ad30-5e7272725eb3,L1,Profile
b5f403e3-8833-4b5c-ad30-5e7272725eb3,L1,Profile
b5f403e3-8833-4b5c-ad30-5e7272725eb3,L1,Profile
b5f403e3-8833-4b5c-ad30-5e7272725eb3,L1,Profile
b5f403e3-8833-4b5c-ad30-5e7272725eb3,L1,Profile
b5f403e3-8833-4b5c-ad30-5e7272725eb3,L1,Profile
b5f403e3-8833-4b5c-ad30-5e7272725eb3,L1,Profile
b5f403e3-8833-4b5c-ad30-5e7272725eb3,L1,Profile
b5f403e3-8833-4b5c-ad30-5e7272725eb3,L1,Profile
b5f403e3-8833-4b5c-ad30-5e7272725eb3,L1,Profile
b5f403e3-8833-4b5c-ad30-5e7272725eb3,L1,Profile
b5f403e3-8833-4b5c-ad30-5e7272725eb3,L1,Profile
b5f403e3-8833-4b5c-ad30-5e7272725eb3,L1,Profile
b5f403e3-8833-4b5c-ad30-5e7272725eb3,L1,Profile
b5f403e3-8833-4b5c-ad30-5e7272725eb3,L1,Profile
b5f403e3-8833-4b5c-ad30-5e7272725eb3,L1,Profile
b5f403e3-8833-4b5c-ad30-5e7272725eb3,L1,Profile
b5f403e3-8833-4b5c-ad30-5e7272725eb3,L1,Profile
b5f403e3-8833-4b5c-ad30-5e7272725eb3,L1,Profile
b5f403e3-8833-4b5c-ad30-5e7272725eb3,L1,Profile
b5f403e3-8833-4b5c-ad30-5e7272725eb3,L1,Profile
b5f403e3-8833-4b5c-ad30-5e7272725eb3,L1,Profile
b5f403e3-8833-4b5c-ad30-5e7272725eb3,L1,Profile
b5f403e3-8833-4b5c-ad30-5e7272725eb3,L1,Profile
b5f403e3-8833-4b5c-ad30-5e7272725eb3,L1,Profile
b5f403e3-8833-4b5c-ad30-5e7272725eb3,L1,Profile
b5f403e3-8833-4b5c-ad30-5e7272725eb3,L1,Profile
b5f403e3-8833-4b5c-ad30-5e7272725eb3,L1,Profile
b5f403e3-8833-4b5c-ad30-5e7272725eb3,L1,Profile
b5f403e3-8833-4b5c-ad30-5e7272725eb3,L1,Profile
b5f403e3-8833-4b5c-ad30-5e7272725eb3,L1,Profile
b5f403e3-8833-4b5c-ad30-5e7272725eb3,L1,Profile
b5f403e3-8833-4b5c-ad30-5e7272725eb3,L1,Profile
b5f403e3-8833-4b5c-ad30-5e7272725eb3,L1,Profile
b5f403e3-8833-4b5c-ad30-5e7272725eb3,L1,Profile
b5f403e3-8833-4b5c-ad30-5e7272725eb3,L1,Profile
b5f403e3-8833-4b5c-ad30-5e7272725eb3,L1,Profile
b5f403e3-8833-4b5c-ad30-5e7272725eb3,L1,Profile
b5f403e3-8833-4b5c-ad30-5e7272725eb3,L1,Profile
b5f403e3-8833-4b5c-ad30-5e7272725eb3,L1,Profile
b5f403e3-8833-4b5c-ad30-5e7272725eb3,L1,Profile
b5f403e3-8833-4b5c-ad30-5e7272725eb3,L1,Profile
b5f403e3-8833-4b5c-ad30-5e7272725eb3,L1,Profile
b5f403e3-8833-4b5c-ad30-5e7272725eb3,L1,Profile
b5f403e3-8833-4b5c-ad30-5e7272725eb3,L1,Profile
b5f403e3-8833-4b5c-ad30-5e7272725eb3,L1,Profile
b5f403e3-8833-4b5c-ad30-5e7272725eb3,L1,Profile
b5f403e3-8833-4b5c-ad30-5e7272725eb3,L1,Profile
b5f403e3-8833-4b5c-ad30-5e7272725eb3,L1,Profile
b5f403e3-8833-4b5c-ad30-5e7272725eb3,L1,Profile
b5f403e3-8833-4b5c-ad30-5e7272725eb3,L1,Profile
b5f403e3-8833-4b5c-ad30-5e7272725eb3,L1,Profile
b5f403e3-8833-4b5c-ad30-5e7272725eb3,L1,Profile
b5f403e3-8833-4b5c-ad30-5e7272725eb3,L1,Profile
b5f403e3-8833-4b5c-ad30-5e7272725eb3,L1,Profile
b5f403e3-8833-4b5c-ad30-5e7272725eb3,L1,Profile
b5f403e3-8833-4b5c-ad30-5e7272725eb3,L1,Profile
b5f403e3-8833-4b5c-ad30-5e7272725eb3,L1,Profile
b5f403e3-8833-4b5c-ad30-5e7272725eb3,L1,Profile
b5f403e3-8833-4b5c-ad30-5e7272725eb3,L1,Profile
b5f403e3-8833-4b5c-ad30-5e7272725eb3,L1,Profile
b5f403e3-8833-4b5c-ad30-5e7272725eb3,L1,Profile
b5f403e3-8833-4b5c-ad30-5e7272725eb3,L1,Profile
b5f403e3-8833-4b5c-ad30-5e7272725eb3,L1,Profile
b5f403e3-8833-4b5c-ad30-5e7272725eb3,L1,Profile
b5f403e3-8833-4b5c-ad30-5e7272725eb3,L1,Profile
b5f403e3-8833-4b5c-ad30-5e7272725eb3,L1,Profile
b5f403e3-8833-4b5c-ad30-5e7272725eb3,L1,Profile
b5f403e3-8833-4b5c-ad30-5e7272725eb3,L1,Profile
b5f403e3-8833-4b5c-ad30-5e7272725eb3,L1,Profile
b5f403e3-8833-4b5c-ad30-5e7272725eb3,L1,Profile
b5f403e3-8833-4b5c-ad30-5e7272725eb3,L1,Profile
b5f403e3-8833-4b5c-ad30-5e7272725eb3,L1,Profile
b5f403e3-8833-4b5c-ad30-5e7272725eb3,L1,Profile
b5f403e3-8833-4b5c-ad30-5e7272725eb3,L1,Profile
b5f403e3-8833-4b5c-ad30-5e7272725eb3,L1,Profile
b5f403e3-8833-4b5c-ad30-5e7272725eb3,L1,Profile
b5f403e3-8833-4b5c-ad30-5e7272725eb3,L1,Profile
b5f403e3-8833-4b5c-ad30-5e7272725eb3,L1,Profile
b5f403e3-8833-4b5c-ad30-5e7272725eb3,L1,Profile
b5f403e3-8833-4b5c-ad30-5e7272725eb3,L1,Profile
b5f403e3-8833-4b5c-ad30-5e7272725eb3,L1,Profile
b5f403e3-8833-4b5c-ad30-5e7272725eb3,L1,Profile
b5f403e3-8833-4b5c-ad30-5e7272725eb3,L1,Profile
b5f403e3-8833-4b5c-ad30-5e7272725eb3,L1,Profile
b5f403e3-8833-4b5c-ad30-5e7272725eb3,L1,Profile
b5f403e3-8833-4b5c-ad30-5e7272725eb3,L1,Profile
b5f403e3-8833-4b5c-ad30-5e7272725eb3,L1,Profile
b5f403e3-8833-4b5c-ad30-5e7272725eb3,L1,Profile
b5f403e3-8833-4b5c-ad30-5e7272725eb3,L1,Profile
b5f403e3-8833-4b5c-ad30-5e7272725eb3,L1,Profile
b5f403e3-8833-4b5c-ad30-5e7272725eb3,L1,Profile
b5f403e3-8833-4b5c-ad30-5e7272725eb3,L1,Profile
b5f403e3-8833-4b5c-ad30-5e7272725eb3,L1,Profile
b5f403e3-8833-4b5c-ad30-5e7272725eb3,L1,Profile
b5f403e3-8833-4b5c-ad30-5e7272725eb3,L1,Profile
b5f403e3-8833-4b5c-ad30-5e7272725eb3,L1,Profile
b5f403e3-8833-4b5c-ad30-5e7272725eb3,L1,Profile
b5f403e3-8833-4b5c-ad30-5e7272725eb3,L1,Profile
b5f403e3-8833-4b5c-ad30-5e7272725eb3,L1,Profile
b5f403e3-8833-4b5c-ad30-5e7272725eb3,L1,Profile
b5f403e3-8833-4b5c-ad30-5e7272725eb3,L1,Profile
b5f403e3-8833-4b5c-ad30-5e7272725eb3,L1,Profile
b5f403e3-8833-4b5c-ad30-5e7272725eb3,L1,Profile
b5f403e3-8833-4b5c-ad30-5e7272725eb3,L1,Profile
b5f403e3-8833-4b5c-ad30-5e7272725eb3,L1,Profile
b5f403e3-8833-4b5c-ad30-5e7272725eb3,L1,Profile
b5f403e3-8833-4b5c-ad30-5e7272725eb3,L1,Profile
b5f403e3-8833-4b5c-ad30-5e7272725eb3,L1,Profile
b5f403e3-8833-4b5c-ad30-5e7272725eb3,L1,Profile
b5f403e3-8833-4b5c-ad30-5e7272725eb3,L1,Profile
b5f403e3-8833-4b5c-ad30-5e7272725eb3,L1,Profile
b5f403e3-8833-4b5c-ad30-5e7272725eb3,L1,Profile
b5f403e3-8833-4b5c-ad30-5e7272725eb3,L1,Profile
b5f403e3-8833-4b5c-ad30-5e7272725eb3,L1,Profile
b5f403e3-8833-4b5c-ad30-5e7272725eb3,L1,Profile
b5f403e3-8833-4b5c-ad30-5e7272725eb3,L1,Profile
b5f403e3-8833-4b5c-ad30-5e7272725eb3,L1,Profile
b5f403e3-8833-4b5c-ad30-5e7272725eb3,L1,Profile
b5f403e3-8833-4b5c-ad30-5e7272725eb3,L1,Profile
b5f403e3-8833-4b5c-ad30-5e7272725eb3,L1,Profile
b5f403e3-8833-4b5c-ad30-5e7272725eb3,L1,Profile
b5f403e3-8833-4b5c-ad30-5e7272725eb3,L1,Profile
b5f403e3-8833-4b5c-ad30-5e7272725eb3,L1,Profile
b5f403e3-8833-4b5c-ad30-5e7272725eb3,L1,Profile
b5f403e3-8833-4b5c-ad30-5e7272725eb3,L1,Profile
b5f403e3-8833-4b5c-ad30-5e7272725eb3,L1,Profile
b5f403e3-8833-4b5c-ad30-5e7272725eb3,L1,Profile
b5f403e3-8833-4b5c-ad30-5e7272725eb3,L1,Profile
b5f403e3-8833-4b5c-ad30-5e7272725eb3,L1,Profile
b5f403e3-8833-4b5c-ad30-5e7272725eb3,L1,Profile
b5f403e3-8833-4b5c-ad30-5e7272725eb3,L1,Profile
b5f403e3-8833-4b5c-ad30-5e7272725eb3,L1,Profile
b5f403e3-8833-4b5c-ad30-5e7272725eb3,L1,Profile
b5f403e3-8833-4b5c-ad30-5e7272725eb3,L1,Profile
b5f403e3-8833-4b5c-ad30-5e7272725eb3,L1,Profile
b5f403e3-8833-4b5c-ad30-5e7272725eb3,L1,Profile
b5f403e3-8833-4b5c-ad30-5e7272725eb3,L1,Profile
b5f403e3-8833-4b5c-ad30-5e7272725eb3,L1,Profile
b5f403e3-8833-4b5c-ad30-5e7272725eb3,L1,Profile
b5f403e3-8833-4b5c-ad30-5e7272725eb3,L1,Profile
b5f403e3-8833-4b5c-ad30-5e7272725eb3,L1,Profile
b5f403e3-8833-4b5c-ad30-5e7272725eb3,L1,Profile
b5f403e3-8833-4b5c-ad30-5e7272725eb3,L1,Profile
b5f403e3-8833-4b5c-ad30-5e7272725eb3,L1,Profile
b5f403e3-8833-4b5c-ad30-5e7272725eb3,L1,Profile
b5f403e3-8833-4b5c-ad30-5e7272725eb3,L1,Profile
b5f403e3-8833-4b5c-ad30-5e7272725eb3,L1,Profile
b5f403e3-8833-4b5c-ad30-5e7272725eb3,L1,Profile
b5f403e3-8833-4b5c-ad30-5e7272725eb3,L1,Profile
b5f403e3-8833-4b5c-ad30-5e7272725eb3,L1,Profile
b5f403e3-8833-4b5c-ad30-5e7272725eb3,L1,Profile
b5f403e3-8833-4b5c-ad30-5e7272725eb3,L1,Profile
b5f403e3-8833-4b5c-ad30-5e7272725eb3,L1,Profile
b5f403e3-8833-4b5c-ad30-5e7272725eb3,L1,Profile
b5f403e3-8833-4b5c-ad30-5e7272725eb3,L1,Profile
b5f403e3-8833-4b5c-ad30-5e7272725eb3,L1,Profile
b5f403e3-8833-4b5c-ad30-5e7272725eb3,L1,Profile
b5f403e3-8833-4b5c-ad30-5e7272725eb3,L1,Profile
b5f403e3-8833-4b5c-ad30-5e7272725eb3,L1,Profile
b5f403e3-8833-4b5c-ad30-5e7272725eb3,L1,Profile
b5f403e3-8833-4b5c-ad30-5e7272725eb3,L1,Profile
b5f403e3-8833-4b5c-ad30-5e7272725eb3,L1,Profile
b5f403e3-8833-4b5c-ad30-5e7272725eb3,L1,Profile
b5f403e3-8833-4b5c-ad30-5e7272725eb3,L1,Profile
b5f403e3-8833-4b5c-ad30-5e7272725eb3,L1,Profile
b5f403e3-8833-4b5c-ad30-5e7272725eb3,L1,Profile
b5f403e3-8833-4b5c-ad30-5e7272725eb3,L1,Profile
b5f403e3-8833-4b5c-ad30-5e7272725eb3,L1,Profile
b5f403e3-8833-4b5c-ad30-5e7272725eb3,L1,Profile
b5f403e3-8833-4b5c-ad30-5e7272725eb3,L1,Profile
b5f403e3-8833-4b5c-ad30-5e7272725eb3,L1,Profile
b5f403e3-8833-4b5c-ad30-5e7272725eb3,L1,Profile
b5f403e3-8833-4b5c-ad30-5e7272725eb3,L1,Profile
b5f403e3-8833-4b5c-ad30-5e7272725eb3,L1,Profile
b5f403e3-8833-4b5c-ad30-5e7272725eb3,L1,Profile
b5f403e3-8833-4b5c-ad30-5e7272725eb3,L1,Profile
b5f403e3-8833-4b5c-ad30-5e7272725eb3,L1,Profile
b5f403e3-8833-4b5c-ad30-5e7272725eb3,L1,Profile
b5f403e3-8833-4b5c-ad30-5e7272725eb3,L1,Profile
b5f403e3-8833-4b5c-ad30-5e7272725eb3,L1,Profile
b5f403e3-8833-4b5c-ad30-5e7272725eb3,L1,Profile
b5f403e3-8833-4b5c-ad30-5e7272725eb3,L1,Profile
b5f403e3-8833-4b5c-ad30-5e7272725eb3,L1,Profile
b5f403e3-8833-4b5c-ad30-5e7272725eb3,L1,Profile
b5f403e3-8833-4b5c-ad30-5e7272725eb3,L1,Profile
b5f403e3-8833-4b5c-ad30-5e7272725eb3,L1,Profile
b5f403e3-8833-4b5c-ad30-5e7272725eb3,L1,Profile
b5f403e3-8833-4b5c-ad30-5e7272725eb3,L1,Profile
b5f403e3-8833-4b5c-ad30-5e7272725eb3,L1,Profile
b5f403e3-8833-4b5c-ad30-5e7272725eb3,L1,Profile
b5f403e3-8833-4b5c-ad30-5e7272725eb3,L1,Profile
b5f403e3-8833-4b5c-ad30-5e7272725eb3,L1,Profile
b5f403e3-8833-4b5c-ad30-5e7272725eb3,L1,Profile
b5f403e3-8833-4b5c-ad30-5e7272725eb3,L1,Profile
b5f403e3-8833-4b5c-ad30-5e7272725eb3,L1,Profile
b5f403e3-8833-4b5c-ad30-5e7272725eb3,L1,Profile
b5f403e3-8833-4b5c-ad30-5e7272725eb3,L1,Profile
b5f403e3-8833-4b5c-ad30-5e7272725eb3,L1,Profile
b5f403e3-8833-4b5c-ad30-5e7272725eb3,L1,Profile
b5f403e3-8833-4b5c-ad30-5e7272725eb3,L1,Profile
b5f403e3-8833-4b5c-ad30-5e7272725eb3,L1,Profile
b5f403e3-8833-4b5c-ad30-5e7272725eb3,L1,Profile
b5f403e3-8833-4b5c-ad30-5e7272725eb3,L1,Profile
b5f403e3-8833-4b5c-ad30-5e7272725eb3,L1,Profile
b5f403e3-8833-4b5c-ad30-5e7272725eb3,L1,Profile
b5f403e3-8833-4b5c-ad30-5e7272725eb3,L1,Profile
b5f403e3-8833-4b5c-ad30-5e7272725eb3,L1,Profile
b5f403e3-8833-4b5c-ad30-5e7272725eb3,L1,Profile
b5f403e3-8833-4b5c-ad30-5e7272725eb3,L1,Profile
b5f403e3-8833-4b5c-ad30-5e7272725eb3,L1,Profile
b5f403e3-8833-4b5c-ad30-5e7272725eb3,L1,Profile
b5f403e3-8833-4b5c-ad30-5e7272725eb3,L1,Profile
b5f403e3-8833-4b5c-ad30-5e7272725eb3,L1,Profile
b5f403e3-8833-4b5c-ad30-5e7272725eb3,L1,Profile
b5f403e3-8833-4b5c-ad30-5e7272725eb3,L1,Profile
b5f403e3-8833-4b5c-ad30-5e7272725eb3,L1,Profile
b5f403e3-8833-4b5c-ad30-5e7272725eb3,L1,Profile
b5f403e3-8833-4b5c-ad30-5e7272725eb3,L1,Profile
b5f403e3-8833-4b5c-ad30-5e7272725eb3,L1,Profile
b5f403e3-8833-4b5c-ad30-5e7272725eb3,L1,Profile
b5f403e3-8833-4b5c-ad30-5e7272725eb3,L1,Profile
b5f403e3-8833-4b5c-ad30-5e7272725eb3,L1,Profile
b5f403e3-8833-4b5c-ad30-5e7272725eb3,L1,Profile
b5f403e3-8833-4b5c-ad30-5e7272725eb3,L1,Profile
b5f403e3-8833-4b5c-ad30-5e7272725eb3,L1,Profile
b5f403e3-8833-4b5c-ad30-5e7272725eb3,L1,Profile
b5f403e3-8833-4b5c-ad30-5e7272725eb3,L1,Profile
b5f403e3-8833-4b5c-ad30-5e7272725eb3,L1,Profile
b5f403e3-8833-4b5c-ad30-5e7272725eb3,L1,Profile
b5f403e3-8833-4b5c-ad30-5e7272725eb3,L1,Profile
b5f403e3-8833-4b5c-ad30-5e7272725eb3,L1,Profile
b5f403e3-8833-4b5c-ad30-5e7272725eb3,L1,Profile
b5f403e3-8833-4b5c-ad30-5e7272725eb3,L1,Profile
b5f403e3-8833-4b5c-ad30-5e7272725eb3,L1,Profile
b5f403e3-8833-4b5c-ad30-5e7272725eb3,L1,Profile
b5f403e3-8833-4b5c-ad30-5e7272725eb3,L1,Profile
b5f403e3-8833-4b5c-ad30-5e7272725eb3,L1,Profile
b5f403e3-8833-4b5c-ad30-5e7272725eb3,L1,Profile
b5f403e3-8833-4b5c-ad30-5e7272725eb3,L1,Profile
b5f403e3-8833-4b5c-ad30-5e7272725eb3,L1,Profile
b5f403e3-8833-4b5c-ad30-5e7272725eb3,L1,Profile
b5f403e3-8833-4b5c-ad30-5e7272725eb3,L1,Profile
b5f403e3-8833-4b5c-ad30-5e7272725eb3,L1,Profile
b5f403e3-8833-4b5c-ad30-5e7272725eb3,L1,Profile
b5f403e3-8833-4b5c-ad30-5e7272725eb3,L1,Profile
b5f403e3-8833-4b5c-ad30-5e7272725eb3,L1,Profile
b5f403e3-8833-4b5c-ad30-5e7272725eb3,L1,Profile
b5f403e3-8833-4b5c-ad30-5e7272725eb3,L1,Profile
b5f403e3-8833-4b5c-ad30-5e7272725eb3,L1,Profile
b5f403e3-8833-4b5c-ad30-5e7272725eb3,L1,Profile
b5f403e3-8833-4b5c-ad30-5e7272725eb3,L1,Profile
b5f403e3-8833-4b5c-ad30-5e7272725eb3,L1,Profile
b5f403e3-8833-4b5c-ad30-5e7272725eb3,L1,Profile
b5f403e3-8833-4b5c-ad30-5e7272725eb3,L1,Profile
b5f403e3-8833-4b5c-ad30-5e7272725eb3,L1,Profile
b5f403e3-8833-4b5c-ad30-5e7272725eb3,L1,Profile
b5f403e3-8833-4b5c-ad30-5e7272725eb3,L1,Profile
b5f403e3-8833-4b5c-ad30-5e7272725eb3,L1,Profile
b5f403e3-8833-4b5c-ad30-5e7272725eb3,L1,Profile
b5f403e3-8833-4b5c-ad30-5e7272725eb3,L1,Profile
b5f403e3-8833-4b5c-ad30-5e7272725eb3,L1,Profile
b5f403e3-8833-4b5c-ad30-5e7272725eb3,L1,Profile
b5f403e3-8833-4b5c-ad30-5e7272725eb3,L1,Profile
b5f403e3-8833-4b5c-ad30-5e7272725eb3,L1,Profile
b5f403e3-8833-4b5c-ad30-5e7272725eb3,L1,Profile
b5f403e3-8833-4b5c-ad30-5e7272725eb3,L1,Profile
b5f403e3-8833-4b5c-ad30-5e7272725eb3,L1,Profile
b5f403e3-8833-4b5c-ad30-5e7272725eb3,L1,Profile
b5f403e3-8833-4b5c-ad30-5e7272725eb3,L1,Profile
b5f403e3-8833-4b5c-ad30-5e7272725eb3,L1,Profile
b5f403e3-8833-4b5c-ad30-5e7272725eb3,L1,Profile
b5f403e3-8833-4b5c-ad30-5e7272725eb3,L1,Profile
b5f403e3-8833-4b5c-ad30-5e7272725eb3,L1,Profile
b5f403e3-8833-4b5c-ad30-5e7272725eb3,L1,Profile
b5f403e3-8833-4b5c-ad30-5e7272725eb3,L1,Profile
b5f403e3-8833-4b5c-ad30-5e7272725eb3,L1,Profile
b5f403e3-8833-4b5c-ad30-5e7272725eb3,L1,Profile
b5f403e3-8833-4b5c-ad30-5e7272725eb3,L1,Profile
b5f403e3-8833-4b5c-ad30-5e7272725eb3,L1,Profile
b5f403e3-8833-4b5c-ad30-5e7272725eb3,L1,Profile
b5f403e3-8833-4b5c-ad30-5e7272725eb3,L1,Profile
b5f403e3-8833-4b5c-ad30-5e7272725eb3,L1,Profile
b5f403e3-8833-4b5c-ad30-5e7272725eb3,L1,Profile
b5f403e3-8833-4b5c-ad30-5e7272725eb3,L1,Profile
b5f403e3-8833-4b5c-ad30-5e7272725eb3,L1,Profile
b5f403e3-8833-4b5c-ad30-5e7272725eb3,L1,Profile
b5f403e3-8833-4b5c-ad30-5e7272725eb3,L1,Profile
b5f403e3-8833-4b5c-ad30-5e7272725eb3,L1,Profile
b5f403e3-8833-4b5c-ad30-5e7272725eb3,L1,Profile
b5f403e3-8833-4b5c-ad30-5e7272725eb3,L1,Profile
b5f403e3-8833-4b5c-ad30-5e7272725eb3,L1,Profile
b5f403e3-8833-4b5c-ad30-5e7272725eb3,L1,Profile
b5f403e3-8833-4b5c-ad30-5e7272725eb3,L1,Profile
b5f403e3-8833-4b5c-ad30-5e7272725eb3,L1,Profile
b5f403e3-8833-4b5c-ad30-5e7272725eb3,L1,Profile
b5f403e3-8833-4b5c-ad30-5e7272725eb3,L1,Profile
b5f403e3-8833-4b5c-ad30-5e7272725eb3,L1,Profile
b5f403e3-8833-4b5c-ad30-5e7272725eb3,L1,Profile
b5f403e3-8833-4b5c-ad30-5e7272725eb3,L1,Profile
b5f403e3-8833-4b5c-ad30-5e7272725eb3,L1,Profile
b5f403e3-8833-4b5c-ad30-5e7272725eb3,L1,Profile
b5f403e3-8833-4b5c-ad30-5e7272725eb3,L1,Profile
b5f403e3-8833-4b5c-ad30-5e7272725eb3,L1,Profile
b5f403e3-8833-4b5c-ad30-5e7272725eb3,L1,Profile
b5f403e3-8833-4b5c-ad30-5e7272725eb3,L1,Profile
b5f403e3-8833-4b5c-ad30-5e7272725eb3,L1,Profile
b5f403e3-8833-4b5c-ad30-5e7272725eb3,L1,Profile
b5f403e3-8833-4b5c-ad30-5e7272725eb3,L1,Profile
b5f403e3-8833-4b5c-ad30-5e7272725eb3,L1,Profile
b5f403e3-8833-4b5c-ad30-5e7272725eb3,L1,Profile
b5f403e3-8833-4b5c-ad30-5e7272725eb3,L1,Profile
b5f403e3-8833-4b5c-ad30-5e7272725eb3,L1,Profile
b5f403e3-8833-4b5c-ad30-5e7272725eb3,L1,Profile
b5f403e3-8833-4b5c-ad30-5e7272725eb3,L1,Profile
b5f403e3-8833-4b5c-ad30-5e7272725eb3,L1,Profile
b5f403e3-8833-4b5c-ad30-5e7272725eb3,L1,Profile
b5f403e3-8833-4b5c-ad30-5e7272725eb3,L1,Profile
b5f403e3-8833-4b5c-ad30-5e7272725eb3,L1,Profile
b5f403e3-8833-4b5c-ad30-5e7272725eb3,L1,Profile
b5f403e3-8833-4b5c-ad30-5e7272725eb3,L1,Profile
b5f403e3-8833-4b5c-ad30-5e7272725eb3,L1,Profile
b5f403e3-8833-4b5c-ad30-5e7272725eb3,L1,Profile
b5f403e3-8833-4b5c-ad30-5e7272725eb3,L1,Profile
b5f403e3-8833-4b5c-ad30-5e7272725eb3,L1,Profile
b5f403e3-8833-4b5c-ad30-5e7272725eb3,L1,Profile
b5f403e3-8833-4b5c-ad30-5e7272725eb3,L1,Profile
b5f403e3-8833-4b5c-ad30-5e7272725eb3,L1,Profile
b5f403e3-8833-4b5c-ad30-5e7272725eb3,L1,Profile
b5f403e3-8833-4b5c-ad30-5e7272725eb3,L1,Profile
b5f403e3-8833-4b5c-ad30-5e7272725eb3,L1,Profile
b5f403e3-8833-4b5c-ad30-5e7272725eb3,L1,Profile
b5f403e3-8833-4b5c-ad30-5e7272725eb3,L1,Profile
b5f403e3-8833-4b5c-ad30-5e7272725eb3,L1,Profile
b5f403e3-8833-4b5c-ad30-5e7272725eb3,L1,Profile
b5f403e3-8833-4b5c-ad30-5e7272725eb3,L1,Profile
b5f403e3-8833-4b5c-ad30-5e7272725eb3,L1,Profile
b5f403e3-8833-4b5c-ad30-5e7272725eb3,L1,Profile
b5f403e3-8833-4b5c-ad30-5e7272725eb3,L1,Profile
b5f403e3-8833-4b5c-ad30-5e7272725eb3,L1,Profile
b5f403e3-8833-4b5c-ad30-5e7272725eb3,L1,Profile
b5f403e3-8833-4b5c-ad30-5e7272725eb3,L1,Profile
b5f403e3-8833-4b5c-ad30-5e7272725eb3,L1,Profile
b5f403e3-8833-4b5c-ad30-5e7272725eb3,L1,Profile
b5f403e3-8833-4b5c-ad30-5e7272725eb3,L1,Profile
b5f403e3-8833-4b5c-ad30-5e7272725eb3,L1,Profile
b5f403e3-8833-4b5c-ad30-5e7272725eb3,L1,Profile
b5f403e3-8833-4b5c-ad30-5e7272725eb3,L1,Profile
b5f403e3-8833-4b5c-ad30-5e7272725eb3,L1,Profile
b5f403e3-8833-4b5c-ad30-5e7272725eb3,L1,Profile
b5f403e3-8833-4b5c-ad30-5e7272725eb3,L1,Profile
b5f403e3-8833-4b5c-ad30-5e7272725eb3,L1,Profile
b5f403e3-8833-4b5c-ad30-5e7272725eb3,L1,Profile
b5f403e3-8833-4b5c-ad30-5e7272725eb3,L1,Profile
b5f403e3-8833-4b5c-ad30-5e7272725eb3,L1,Profile
b5f403e3-8833-4b5c-ad30-5e7272725eb3,L1,Profile
b5f403e3-8833-4b5c-ad30-5e7272725eb3,L1,Profile
b5f403e3-8833-4b5c-ad30-5e7272725eb3,L1,Profile
b5f403e3-8833-4b5c-ad30-5e7272725eb3,L1,Profile
b5f403e3-8833-4b5c-ad30-5e7272725eb3,L1,Profile
b5f403e3-8833-4b5c-ad30-5e7272725eb3,L1,Profile
b5f403e3-8833-4b5c-ad30-5e7272725eb3,L1,Profile
b5f403e3-8833-4b5c-ad30-5e7272725eb3,L1,Profile
b5f403e3-8833-4b5c-ad30-5e7272725eb3,L1,Profile
b5f403e3-8833-4b5c-ad30-5e7272725eb3,L1,Profile
b5f403e3-8833-4b5c-ad30-5e7272725eb3,L1,Profile
b5f403e3-8833-4b5c-ad30-5e7272725eb3,L1,Profile
b5f403e3-8833-4b5c-ad30-5e7272725eb3,L1,Profile
b5f403e3-8833-4b5c-ad30-5e7272725eb3,L1,Profile
b5f403e3-8833-4b5c-ad30-5e7272725eb3,L1,Profile
b5f403e3-8833-4b5c-ad30-5e7272725eb3,L1,Profile
b5f403e3-8833-4b5c-ad30-5e7272725eb3,L1,Profile
b5f403e3-8833-4b5c-ad30-5e7272725eb3,L1,Profile
b5f403e3-8833-4b5c-ad30-5e7272725eb3,L1,Profile
b5f403e3-8833-4b5c-ad30-5e7272725eb3,L1,Profile
b5f403e3-8833-4b5c-ad30-5e7272725eb3,L1,Profile
b5f403e3-8833-4b5c-ad30-5e7272725eb3,L1,Profile
b5f403e3-8833-4b5c-ad30-5e7272725eb3,L1,Profile
b5f403e3-8833-4b5c-ad30-5e7272725eb3,L1,Profile
b5f403e3-8833-4b5c-ad30-5e7272725eb3,L1,Profile
b5f403e3-8833-4b5c-ad30-5e7272725eb3,L1,Profile
b5f403e3-8833-4b5c-ad30-5e7272725eb3,L1,Profile
b5f403e3-8833-4b5c-ad30-5e7272725eb3,L1,Profile
b5f403e3-8833-4b5c-ad30-5e7272725eb3,L1,Profile
b5f403e3-8833-4b5c-ad30-5e7272725eb3,L1,Profile
b5f403e3-8833-4b5c-ad30-5e7272725eb3,L1,Profile
b5f403e3-8833-4b5c-ad30-5e7272725eb3,L1,Profile
b5f403e3-8833-4b5c-ad30-5e7272725eb3,L1,Profile
b5f403e3-8833-4b5c-ad30-5e7272725eb3,L1,Profile
b5f403e3-8833-4b5c-ad30-5e7272725eb3,L1,Profile
b5f403e3-8833-4b5c-ad30-5e7272725eb3,L1,Profile
b5f403e3-8833-4b5c-ad30-5e7272725eb3,L1,Profile
b5f403e3-8833-4b5c-ad30-5e7272725eb3,L1,Profile
b5f403e3-8833-4b5c-ad30-5e7272725eb3,L1,Profile
b5f403e3-8833-4b5c-ad30-5e7272725eb3,L1,Profile
b5f403e3-8833-4b5c-ad30-5e7272725eb3,L1,Profile
b5f403e3-8833-4b5c-ad30-5e7272725eb3,L1,Profile
b5f403e3-8833-4b5c-ad30-5e7272725eb3,L1,Profile
b5f403e3-8833-4b5c-ad30-5e7272725eb3,L1,Profile
b5f403e3-8833-4b5c-ad30-5e7272725eb3,L1,Profile
b5f403e3-8833-4b5c-ad30-5e7272725eb3,L1,Profile
b5f403e3-8833-4b5c-ad30-5e7272725eb3,L1,Profile
b5f403e3-8833-4b5c-ad30-5e7272725eb3,L1,Profile
b5f403e3-8833-4b5c-ad30-5e7272725eb3,L1,Profile
b5f403e3-8833-4b5c-ad30-5e7272725eb3,L1,Profile
b5f403e3-8833-4b5c-ad30-5e7272725eb3,L1,Profile
b5f403e3-8833-4b5c-ad30-5e7272725eb3,L1,Profile
b5f403e3-8833-4b5c-ad30-5e7272725eb3,L1,Profile
b5f403e3-8833-4b5c-ad30-5e7272725eb3,L1,Profile
b5f403e3-8833-4b5c-ad30-5e7272725eb3,L1,Profile
b5f403e3-8833-4b5c-ad30-5e7272725eb3,L1,Profile
b5f403e3-8833-4b5c-ad30-5e7272725eb3,L1,Profile
b5f403e3-8833-4b5c-ad30-5e7272725eb3,L1,Profile
b5f403e3-8833-4b5c-ad30-5e7272725eb3,L1,Profile
b5f403e3-8833-4b5c-ad30-5e7272725eb3,L1,Profile
b5f403e3-8833-4b5c-ad30-5e7272725eb3,L1,Profile
b5f403e3-8833-4b5c-ad30-5e7272725eb3,L1,Profile
b5f403e3-8833-4b5c-ad30-5e7272725eb3,L1,Profile
b5f403e3-8833-4b5c-ad30-5e7272725eb3,L1,Profile
b5f403e3-8833-4b5c-ad30-5e7272725eb3,L1,Profile
b5f403e3-8833-4b5c-ad30-5e7272725eb3,L1,Profile
b5f403e3-8833-4b5c-ad30-5e7272725eb3,L1,Profile
b5f403e3-8833-4b5c-ad30-5e7272725eb3,L1,Profile
b5f403e3-8833-4b5c-ad30-5e7272725eb3,L1,Profile
b5f403e3-8833-4b5c-ad30-5e7272725eb3,L1,Profile
b5f403e3-8833-4b5c-ad30-5e7272725eb3,L1,Profile
b5f403e3-8833-4b5c-ad30-5e7272725eb3,L1,Profile
b5f403e3-8833-4b5c-ad30-5e7272725eb3,L1,Profile
b5f403e3-8833-4b5c-ad30-5e7272725eb3,L1,Profile
b5f403e3-8833-4b5c-ad30-5e7272725eb3,L1,Profile
b5f403e3-8833-4b5c-ad30-5e7272725eb3,L1,Profile
b5f403e3-8833-4b5c-ad30-5e7272725eb3,L1,Profile
b5f403e3-8833-4b5c-ad30-5e7272725eb3,L1,Profile
b5f403e3-8833-4b5c-ad30-5e7272725eb3,L1,Profile
b5f403e3-8833-4b5c-ad30-5e7272725eb3,L1,Profile
b5f403e3-8833-4b5c-ad30-5e7272725eb3,L1,Profile
b5f403e3-8833-4b5c-ad30-5e7272725eb3,L1,Profile
b5f403e3-8833-4b5c-ad30-5e7272725eb3,L1,Profile
b5f403e3-8833-4b5c-ad30-5e7272725eb3,L1,Profile
b5f403e3-8833-4b5c-ad30-5e7272725eb3,L1,Profile
b5f403e3-8833-4b5c-ad30-5e7272725eb3,L1,Profile
b5f403e3-8833-4b5c-ad30-5e7272725eb3,L1,Profile
b5f403e3-8833-4b5c-ad30-5e7272725eb3,L1,Profile
b5f403e3-8833-4b5c-ad30-5e7272725eb3,L1,Profile
b5f403e3-8833-4b5c-ad30-5e7272725eb3,L1,Profile
b5f403e3-8833-4b5c-ad30-5e7272725eb3,L1,Profile
b5f403e3-8833-4b5c-ad30-5e7272725eb3,L1,Profile
b5f403e3-8833-4b5c-ad30-5e7272725eb3,L1,Profile
b5f403e3-8833-4b5c-ad30-5e7272725eb3,L1,Profile
b5f403e3-8833-4b5c-ad30-5e7272725eb3,L1,Profile
b5f403e3-8833-4b5c-ad30-5e7272725eb3,L1,Profile
b5f403e3-8833-4b5c-ad30-5e7272725eb3,L1,Profile
b5f403e3-8833-4b5c-ad30-5e7272725eb3,L1,Profile
b5f403e3-8833-4b5c-ad30-5e7272725eb3,L1,Profile
b5f403e3-8833-4b5c-ad30-5e7272725eb3,L1,Profile
b5f403e3-8833-4b5c-ad30-5e7272725eb3,L1,Profile
b5f403e3-8833-4b5c-ad30-5e7272725eb3,L1,Profile
b5f403e3-8833-4b5c-ad30-5e7272725eb3,L1,Profile
b5f403e3-8833-4b5c-ad30-5e7272725eb3,L1,Profile
b5f403e3-8833-4b5c-ad30-5e7272725eb3,L1,Profile
b5f403e3-8833-4b5c-ad30-5e7272725eb3,L1,Profile
b5f403e3-8833-4b5c-ad30-5e7272725eb3,L1,Profile
b5f403e3-8833-4b5c-ad30-5e7272725eb3,L1,Profile
b5f403e3-8833-4b5c-ad30-5e7272725eb3,L1,Profile
b5f403e3-8833-4b5c-ad30-5e7272725eb3,L1,Profile
b5f403e3-8833-4b5c-ad30-5e7272725eb3,L1,Profile
b5f403e3-8833-4b5c-ad30-5e7272725eb3,L1,Profile
b5f403e3-8833-4b5c-ad30-5e7272725eb3,L1,Profile
b5f403e3-8833-4b5c-ad30-5e7272725eb3,L1,Profile
b5f403e3-8833-4b5c-ad30-5e7272725eb3,L1,Profile
b5f403e3-8833-4b5c-ad30-5e7272725eb3,L1,Profile
b5f403e3-8833-4b5c-ad30-5e7272725eb3,L1,Profile
b5f403e3-8833-4b5c-ad30-5e7272725eb3,L1,Profile
b5f403e3-8833-4b5c-ad30-5e7272725eb3,L1,Profile
b5f403e3-8833-4b5c-ad30-5e7272725eb3,L1,Profile
b5f403e3-8833-4b5c-ad30-5e7272725eb3,L1,Profile
b5f403e3-8833-4b5c-ad30-5e7272725eb3,L1,Profile
b5f403e3-8833-4b5c-ad30-5e7272725eb3,L1,Profile
b5f403e3-8833-4b5c-ad30-5e7272725eb3,L1,Profile
b5f403e3-8833-4b5c-ad30-5e7272725eb3,L1,Profile
b5f403e3-8833-4b5c-ad30-5e7272725eb3,L1,Profile
b5f403e3-8833-4b5c-ad30-5e7272725eb3,L1,Profile
b5f403e3-8833-4b5c-ad30-5e7272725eb3,L1,Profile
b5f403e3-8833-4b5c-ad30-5e7272725eb3,L1,Profile
b5f403e3-8833-4b5c-ad30-5e7272725eb3,L1,Profile
b5f403e3-8833-4b5c-ad30-5e7272725eb3,L1,Profile
b5f403e3-8833-4b5c-ad30-5e7272725eb3,L1,Profile
b5f403e3-8833-4b5c-ad30-5e7272725eb3,L1,Profile
b5f403e3-8833-4b5c-ad30-5e7272725eb3,L1,Profile
b5f403e3-8833-4b5c-ad30-5e7272725eb3,L1,Profile
b5f403e3-8833-4b5c-ad30-5e7272725eb3,L1,Profile
b5f403e3-8833-4b5c-ad30-5e7272725eb3,L1,Profile
b5f403e3-8833-4b5c-ad30-5e7272725eb3,L1,Profile
b5f403e3-8833-4b5c-ad30-5e7272725eb3,L1,Profile
b5f403e3-8833-4b5c-ad30-5e7272725eb3,L1,Profile
b5f403e3-8833-4b5c-ad30-5e7272725eb3,L1,Profile
b5f403e3-8833-4b5c-ad30-5e7272725eb3,L1,Profile
b5f403e3-8833-4b5c-ad30-5e7272725eb3,L1,Profile
b5f403e3-8833-4b5c-ad30-5e7272725eb3,L1,Profile
b5f403e3-8833-4b5c-ad30-5e7272725eb3,L1,Profile
b5f403e3-8833-4b5c-ad30-5e7272725eb3,L1,Profile
b5f403e3-8833-4b5c-ad30-5e7272725eb3,L1,Profile
b5f403e3-8833-4b5c-ad30-5e7272725eb3,L1,Profile
b5f403e3-8833-4b5c-ad30-5e7272725eb3,L1,Profile
b5f403e3-8833-4b5c-ad30-5e7272725eb3,L1,Profile
b5f403e3-8833-4b5c-ad30-5e7272725eb3,L1,Profile
b5f403e3-8833-4b5c-ad30-5e7272725eb3,L1,Profile
b5f403e3-8833-4b5c-ad30-5e7272725eb3,L1,Profile
b5f403e3-8833-4b5c-ad30-5e7272725eb3,L1,Profile
b5f403e3-8833-4b5c-ad30-5e7272725eb3,L1,Profile
b5f403e3-8833-4b5c-ad30-5e7272725eb3,L1,Profile
b5f403e3-8833-4b5c-ad30-5e7272725eb3,L1,Profile
b5f403e3-8833-4b5c-ad30-5e7272725eb3,L1,Profile
b5f403e3-8833-4b5c-ad30-5e7272725eb3,L1,Profile
b5f403e3-8833-4b5c-ad30-5e7272725eb3,L1,Profile
b5f403e3-8833-4b5c-ad30-5e7272725eb3,L1,Profile
b5f403e3-8833-4b5c-ad30-5e7272725eb3,L1,Profile
b5f403e3-8833-4b5c-ad30-5e7272725eb3,L1,Profile
b5f403e3-8833-4b5c-ad30-5e7272725eb3,L1,Profile
b5f403e3-8833-4b5c-ad30-5e7272725eb3,L1,Profile
b5f403e3-8833-4b5c-ad30-5e7272725eb3,L1,Profile
b5f403e3-8833-4b5c-ad30-5e7272725eb3,L1,Profile
b5f403e3-8833-4b5c-ad30-5e7272725eb3,L1,Profile
b5f403e3-8833-4b5c-ad30-5e7272725eb3,L1,Profile
b5f403e3-8833-4b5c-ad30-5e7272725eb3,L1,Profile
b5f403e3-8833-4b5c-ad30-5e7272725eb3,L1,Profile
b5f403e3-8833-4b5c-ad30-5e7272725eb3,L1,Profile
b5f403e3-8833-4b5c-ad30-5e7272725eb3,L1,Profile
b5f403e3-8833-4b5c-ad30-5e7272725eb3,L1,Profile
b5f403e3-8833-4b5c-ad30-5e7272725eb3,L1,Profile
b5f403e3-8833-4b5c-ad30-5e7272725eb3,L1,Profile
b5f403e3-8833-4b5c-ad30-5e7272725eb3,L1,Profile
b5f403e3-8833-4b5c-ad30-5e7272725eb3,L1,Profile
b5f403e3-8833-4b5c-ad30-5e7272725eb3,L1,Profile
b5f403e3-8833-4b5c-ad30-5e7272725eb3,L1,Profile
b5f403e3-8833-4b5c-ad30-5e7272725eb3,L1,Profile
b5f403e3-8833-4b5c-ad30-5e7272725eb3,L1,Profile
b5f403e3-8833-4b5c-ad30-5e7272725eb3,L1,Profile
b5f403e3-8833-4b5c-ad30-5e7272725eb3,L1,Profile
b5f403e3-8833-4b5c-ad30-5e7272725eb3,L1,Profile
b5f403e3-8833-4b5c-ad30-5e7272725eb3,L1,Profile
b5f403e3-8833-4b5c-ad30-5e7272725eb3,L1,Profile
b5f403e3-8833-4b5c-ad30-5e7272725eb3,L1,Profile
b5f403e3-8833-4b5c-ad30-5e7272725eb3,L1,Profile
b5f403e3-8833-4b5c-ad30-5e7272725eb3,L1,Profile
b5f403e3-8833-4b5c-ad30-5e7272725eb3,L1,Profile
b5f403e3-8833-4b5c-ad30-5e7272725eb3,L1,Profile
b5f403e3-8833-4b5c-ad30-5e7272725eb3,L1,Profile
b5f403e3-8833-4b5c-ad30-5e7272725eb3,L1,Profile
b5f403e3-8833-4b5c-ad30-5e7272725eb3,L1,Profile
b5f403e3-8833-4b5c-ad30-5e7272725eb3,L1,Profile
b5f403e3-8833-4b5c-ad30-5e7272725eb3,L1,Profile
b5f403e3-8833-4b5c-ad30-5e7272725eb3,L1,Profile
b5f403e3-8833-4b5c-ad30-5e7272725eb3,L1,Profile
b5f403e3-8833-4b5c-ad30-5e7272725eb3,L1,Profile
b5f403e3-8833-4b5c-ad30-5e7272725eb3,L1,Profile
b5f403e3-8833-4b5c-ad30-5e7272725eb3,L1,Profile
b5f403e3-8833-4b5c-ad30-5e7272725eb3,L1,Profile
b5f403e3-8833-4b5c-ad30-5e7272725eb3,L1,Profile
b5f403e3-8833-4b5c-ad30-5e7272725eb3,L1,Profile
b5f403e3-8833-4b5c-ad30-5e7272725eb3,L1,Profile
b5f403e3-8833-4b5c-ad30-5e7272725eb3,L1,Profile
b5f403e3-8833-4b5c-ad30-5e7272725eb3,L1,Profile
b5f403e3-8833-4b5c-ad30-5e7272725eb3,L1,Profile
b5f403e3-8833-4b5c-ad30-5e7272725eb3,L1,Profile
b5f403e3-8833-4b5c-ad30-5e7272725eb3,L1,Profile
b5f403e3-8833-4b5c-ad30-5e7272725eb3,L1,Profile
b5f403e3-8833-4b5c-ad30-5e7272725eb3,L1,Profile
b5f403e3-8833-4b5c-ad30-5e7272725eb3,L1,Profile
b5f403e3-8833-4b5c-ad30-5e7272725eb3,L1,Profile
b5f403e3-8833-4b5c-ad30-5e7272725eb3,L1,Profile
b5f403e3-8833-4b5c-ad30-5e7272725eb3,L1,Profile
b5f403e3-8833-4b5c-ad30-5e7272725eb3,L1,Profile
b5f403e3-8833-4b5c-ad30-5e7272725eb3,L1,Profile
b5f403e3-8833-4b5c-ad30-5e7272725eb3,L1,Profile
b5f403e3-8833-4b5c-ad30-5e7272725eb3,L1,Profile
b5f403e3-8833-4b5c-ad30-5e7272725eb3,L1,Profile
b5f403e3-8833-4b5c-ad30-5e7272725eb3,L1,Profile
b5f403e3-8833-4b5c-ad30-5e7272725eb3,L1,Profile
b5f403e3-8833-4b5c-ad30-5e7272725eb3,L1,Profile
b5f403e3-8833-4b5c-ad30-5e7272725eb3,L1,Profile
b5f403e3-8833-4b5c-ad30-5e7272725eb3,L1,Profile
b5f403e3-8833-4b5c-ad30-5e7272725eb3,L1,Profile
b5f403e3-8833-4b5c-ad30-5e7272725eb3,L1,Profile
b5f403e3-8833-4b5c-ad30-5e7272725eb3,L1,Profile
b5f403e3-8833-4b5c-ad30-5e7272725eb3,L1,Profile
b5f403e3-8833-4b5c-ad30-5e7272725eb3,L1,Profile
b5f403e3-8833-4b5c-ad30-5e7272725eb3,L1,Profile
b5f403e3-8833-4b5c-ad30-5e7272725eb3,L1,Profile
b5f403e3-8833-4b5c-ad30-5e7272725eb3,L1,Profile
b5f403e3-8833-4b5c-ad30-5e7272725eb3,L1,Profile
b5f403e3-8833-4b5c-ad30-5e7272725eb3,L1,Profile
b5f403e3-8833-4b5c-ad30-5e7272725eb3,L1,Profile
b5f403e3-8833-4b5c-ad30-5e7272725eb3,L1,Profile
b5f403e3-8833-4b5c-ad30-5e7272725eb3,L1,Profile
b5f403e3-8833-4b5c-ad30-5e7272725eb3,L1,Profile
b5f403e3-8833-4b5c-ad30-5e7272725eb3,L1,Profile
b5f403e3-8833-4b5c-ad30-5e7272725eb3,L1,Profile
b5f403e3-8833-4b5c-ad30-5e7272725eb3,L1,Profile
b5f403e3-8833-4b5c-ad30-5e7272725eb3,L1,Profile
b5f403e3-8833-4b5c-ad30-5e7272725eb3,L1,Profile
b5f403e3-8833-4b5c-ad30-5e7272725eb3,L1,Profile
b5f403e3-8833-4b5c-ad30-5e7272725eb3,L1,Profile
b5f403e3-8833-4b5c-ad30-5e7272725eb3,L1,Profile
b5f403e3-8833-4b5c-ad30-5e7272725eb3,L1,Profile
b5f403e3-8833-4b5c-ad30-5e7272725eb3,L1,Profile
b5f403e3-8833-4b5c-ad30-5e7272725eb3,L1,Profile
b5f403e3-8833-4b5c-ad30-5e7272725eb3,L1,Profile
b5f403e3-8833-4b5c-ad30-5e7272725eb3,L1,Profile
b5f403e3-8833-4b5c-ad30-5e7272725eb3,L1,Profile
b5f403e3-8833-4b5c-ad30-5e7272725eb3,L1,Profile
b5f403e3-8833-4b5c-ad30-5e7272725eb3,L1,Profile
b5f403e3-8833-4b5c-ad30-5e7272725eb3,L1,Profile
b5f403e3-8833-4b5c-ad30-5e7272725eb3,L1,Profile
b5f403e3-8833-4b5c-ad30-5e7272725eb3,L1,Profile
b5f403e3-8833-4b5c-ad30-5e7272725eb3,L1,Profile
b5f403e3-8833-4b5c-ad30-5e7272725eb3,L1,Profile
b5f403e3-8833-4b5c-ad30-5e7272725eb3,L1,Profile
b5f403e3-8833-4b5c-ad30-5e7272725eb3,L1,Profile
b5f403e3-8833-4b5c-ad30-5e7272725eb3,L1,Profile
b5f403e3-8833-4b5c-ad30-5e7272725eb3,L1,Profile
b5f403e3-8833-4b5c-ad30-5e7272725eb3,L1,Profile
b5f403e3-8833-4b5c-ad30-5e7272725eb3,L1,Profile
b5f403e3-8833-4b5c-ad30-5e7272725eb3,L1,Profile
b5f403e3-8833-4b5c-ad30-5e7272725eb3,L1,Profile
b5f403e3-8833-4b5c-ad30-5e7272725eb3,L1,Profile
b5f403e3-8833-4b5c-ad30-5e7272725eb3,L1,Profile
b5f403e3-8833-4b5c-ad30-5e7272725eb3,L1,Profile
b5f403e3-8833-4b5c-ad30-5e7272725eb3,L1,Profile
b5f403e3-8833-4b5c-ad30-5e7272725eb3,L1,Profile
b5f403e3-8833-4b5c-ad30-5e7272725eb3,L1,Profile
b5f403e3-8833-4b5c-ad30-5e7272725eb3,L1,Profile
b5f403e3-8833-4b5c-ad30-5e7272725eb3,L1,Profile
b5f403e3-8833-4b5c-ad30-5e7272725eb3,L1,Profile
b5f403e3-8833-4b5c-ad30-5e7272725eb3,L1,Profile
b5f403e3-8833-4b5c-ad30-5e7272725eb3,L1,Profile
b5f403e3-8833-4b5c-ad30-5e7272725eb3,L1,Profile
b5f403e3-8833-4b5c-ad30-5e7272725eb3,L1,Profile
b5f403e3-8833-4b5c-ad30-5e7272725eb3,L1,Profile
b5f403e3-8833-4b5c-ad30-5e7272725eb3,L1,Profile
b5f403e3-8833-4b5c-ad30-5e7272725eb3,L1,Profile
b5f403e3-8833-4b5c-ad30-5e7272725eb3,L1,Profile
b5f403e3-8833-4b5c-ad30-5e7272725eb3,L1,Profile
b5f403e3-8833-4b5c-ad30-5e7272725eb3,L1,Profile
b5f403e3-8833-4b5c-ad30-5e7272725eb3,L1,Profile
b5f403e3-8833-4b5c-ad30-5e7272725eb3,L1,Profile
b5f403e3-8833-4b5c-ad30-5e7272725eb3,L1,Profile
b5f403e3-8833-4b5c-ad30-5e7272725eb3,L1,Profile
b5f403e3-8833-4b5c-ad30-5e7272725eb3,L1,Profile
b5f403e3-8833-4b5c-ad30-5e7272725eb3,L1,Profile
b5f403e3-8833-4b5c-ad30-5e7272725eb3,L1,Profile
b5f403e3-8833-4b5c-ad30-5e7272725eb3,L1,Profile
b5f403e3-8833-4b5c-ad30-5e7272725eb3,L1,Profile
b5f403e3-8833-4b5c-ad30-5e7272725eb3,L1,Profile
b5f403e3-8833-4b5c-ad30-5e7272725eb3,L1,Profile
b5f403e3-8833-4b5c-ad30-5e7272725eb3,L1,Profile
b5f403e3-8833-4b5c-ad30-5e7272725eb3,L1,Profile
b5f403e3-8833-4b5c-ad30-5e7272725eb3,L1,Profile
b5f403e3-8833-4b5c-ad30-5e7272725eb3,L1,Profile
b5f403e3-8833-4b5c-ad30-5e7272725eb3,L1,Profile
b5f403e3-8833-4b5c-ad30-5e7272725eb3,L1,Profile
b5f403e3-8833-4b5c-ad30-5e7272725eb3,L1,Profile
b5f403e3-8833-4b5c-ad30-5e7272725eb3,L1,Profile
b5f403e3-8833-4b5c-ad30-5e7272725eb3,L1,Profile
b5f403e3-8833-4b5c-ad30-5e7272725eb3,L1,Profile
b5f403e3-8833-4b5c-ad30-5e7272725eb3,L1,Profile
b5f403e3-8833-4b5c-ad30-5e7272725eb3,L1,Profile
b5f403e3-8833-4b5c-ad30-5e7272725eb3,L1,Profile
b5f403e3-8833-4b5c-ad30-5e7272725eb3,L1,Profile
b5f403e3-8833-4b5c-ad30-5e7272725eb3,L1,Profile
b5f403e3-8833-4b5c-ad30-5e7272725eb3,L1,Profile
b5f403e3-8833-4b5c-ad30-5e7272725eb3,L1,Profile
b5f403e3-8833-4b5c-ad30-5e7272725eb3,L1,Profile
b5f403e3-8833-4b5c-ad30-5e7272725eb3,L1,Profile
b5f403e3-8833-4b5c-ad30-5e7272725eb3,L1,Profile
b5f403e3-8833-4b5c-ad30-5e7272725eb3,L1,Profile
b5f403e3-8833-4b5c-ad30-5e7272725eb3,L1,Profile
b5f403e3-8833-4b5c-ad30-5e7272725eb3,L1,Profile
b5f403e3-8833-4b5c-ad30-5e7272725eb3,L1,Profile
b5f403e3-8833-4b5c-ad30-5e7272725eb3,L1,Profile
b5f403e3-8833-4b5c-ad30-5e7272725eb3,L1,Profile
b5f403e3-8833-4b5c-ad30-5e7272725eb3,L1,Profile
b5f403e3-8833-4b5c-ad30-5e7272725eb3,L1,Profile
b5f403e3-8833-4b5c-ad30-5e7272725eb3,L1,Profile
b5f403e3-8833-4b5c-ad30-5e7272725eb3,L1,Profile
b5f403e3-8833-4b5c-ad30-5e7272725eb3,L1,Profile
b5f403e3-8833-4b5c-ad30-5e7272725eb3,L1,Profile
b5f403e3-8833-4b5c-ad30-5e7272725eb3,L1,Profile
b5f403e3-8833-4b5c-ad30-5e7272725eb3,L1,Profile
b5f403e3-8833-4b5c-ad30-5e7272725eb3,L1,Profile
b5f403e3-8833-4b5c-ad30-5e7272725eb3,L1,Profile
b5f403e3-8833-4b5c-ad30-5e7272725eb3,L1,Profile
b5f403e3-8833-4b5c-ad30-5e7272725eb3,L1,Profile
b5f403e3-8833-4b5c-ad30-5e7272725eb3,L1,Profile
b5f403e3-8833-4b5c-ad30-5e7272725eb3,L1,Profile
b5f403e3-8833-4b5c-ad30-5e7272725eb3,L1,Profile
b5f403e3-8833-4b5c-ad30-5e7272725eb3,L1,Profile
b5f403e3-8833-4b5c-ad30-5e7272725eb3,L1,Profile
b5f403e3-8833-4b5c-ad30-5e7272725eb3,L1,Profile
b5f403e3-8833-4b5c-ad30-5e7272725eb3,L1,Profile
b5f403e3-8833-4b5c-ad30-5e7272725eb3,L1,Profile
b5f403e3-8833-4b5c-ad30-5e7272725eb3,L1,Profile
b5f403e3-8833-4b5c-ad30-5e7272725eb3,L1,Profile
b5f403e3-8833-4b5c-ad30-5e7272725eb3,L1,Profile
b5f403e3-8833-4b5c-ad30-5e7272725eb3,L1,Profile
b5f403e3-8833-4b5c-ad30-5e7272725eb3,L1,Profile
b5f403e3-8833-4b5c-ad30-5e7272725eb3,L1,Profile
b5f403e3-8833-4b5c-ad30-5e7272725eb3,L1,Profile
b5f403e3-8833-4b5c-ad30-5e7272725eb3,L1,Profile
b5f403e3-8833-4b5c-ad30-5e7272725eb3,L1,Profile
b5f403e3-8833-4b5c-ad30-5e7272725eb3,L1,Profile
b5f403e3-8833-4b5c-ad30-5e7272725eb3,L1,Profile
b5f403e3-8833-4b5c-ad30-5e7272725eb3,L1,Profile
b5f403e3-8833-4b5c-ad30-5e7272725eb3,L1,Profile
b5f403e3-8833-4b5c-ad30-5e7272725eb3,L1,Profile
b5f403e3-8833-4b5c-ad30-5e7272725eb3,L1,Profile
b5f403e3-8833-4b5c-ad30-5e7272725eb3,L1,Profile
b5f403e3-8833-4b5c-ad30-5e7272725eb3,L1,Profile
b5f403e3-8833-4b5c-ad30-5e7272725eb3,L1,Profile
b5f403e3-8833-4b5c-ad30-5e7272725eb3,L1,Profile
b5f403e3-8833-4b5c-ad30-5e7272725eb3,L1,Profile
b5f403e3-8833-4b5c-ad30-5e7272725eb3,L1,Profile
b5f403e3-8833-4b5c-ad30-5e7272725eb3,L1,Profile
b5f403e3-8833-4b5c-ad30-5e7272725eb3,L1,Profile
b5f403e3-8833-4b5c-ad30-5e7272725eb3,L1,Profile
b5f403e3-8833-4b5c-ad30-5e7272725eb3,L1,Profile
b5f403e3-8833-4b5c-ad30-5e7272725eb3,L1,Profile
b5f403e3-8833-4b5c-ad30-5e7272725eb3,L1,Profile
b5f403e3-8833-4b5c-ad30-5e7272725eb3,L1,Profile
b5f403e3-8833-4b5c-ad30-5e7272725eb3,L1,Profile
b5f403e3-8833-4b5c-ad30-5e7272725eb3,L1,Profile
b5f403e3-8833-4b5c-ad30-5e7272725eb3,L1,Profile
b5f403e3-8833-4b5c-ad30-5e7272725eb3,L1,Profile
b5f403e3-8833-4b5c-ad30-5e7272725eb3,L1,Profile
b5f403e3-8833-4b5c-ad30-5e7272725eb3,L1,Profile
b5f403e3-8833-4b5c-ad30-5e7272725eb3,L1,Profile
b5f403e3-8833-4b5c-ad30-5e7272725eb3,L1,Profile
b5f403e3-8833-4b5c-ad30-5e7272725eb3,L1,Profile
b5f403e3-8833-4b5c-ad30-5e7272725eb3,L1,Profile
b5f403e3-8833-4b5c-ad30-5e7272725eb3,L1,Profile
b5f403e3-8833-4b5c-ad30-5e7272725eb3,L1,Profile
b5f403e3-8833-4b5c-ad30-5e7272725eb3,L1,Profile
b5f403e3-8833-4b5c-ad30-5e7272725eb3,L1,Profile
b5f403e3-8833-4b5c-ad30-5e7272725eb3,L1,Profile
b5f403e3-8833-4b5c-ad30-5e7272725eb3,L1,Profile
b5f403e3-8833-4b5c-ad30-5e7272725eb3,L1,Profile
b5f403e3-8833-4b5c-ad30-5e7272725eb3,L1,Profile
b5f403e3-8833-4b5c-ad30-5e7272725eb3,L1,Profile
b5f403e3-8833-4b5c-ad30-5e7272725eb3,L1,Profile
b5f403e3-8833-4b5c-ad30-5e7272725eb3,L1,Profile
b5f403e3-8833-4b5c-ad30-5e7272725eb3,L1,Profile
b5f403e3-8833-4b5c-ad30-5e7272725eb3,L1,Profile
b5f403e3-8833-4b5c-ad30-5e7272725eb3,L1,Profile
b5f403e3-8833-4b5c-ad30-5e7272725eb3,L1,Profile
b5f403e3-8833-4b5c-ad30-5e7272725eb3,L1,Profile
b5f403e3-8833-4b5c-ad30-5e7272725eb3,L1,Profile
b5f403e3-8833-4b5c-ad30-5e7272725eb3,L1,Profile
b5f403e3-8833-4b5c-ad30-5e7272725eb3,L1,Profile
b5f403e3-8833-4b5c-ad30-5e7272725eb3,L1,Profile
b5f403e3-8833-4b5c-ad30-5e7272725eb3,L1,Profile
b5f403e3-8833-4b5c-ad30-5e7272725eb3,L1,Profile
b5f403e3-8833-4b5c-ad30-5e7272725eb3,L1,Profile
b5f403e3-8833-4b5c-ad30-5e7272725eb3,L1,Profile
b5f403e3-8833-4b5c-ad30-5e7272725eb3,L1,Profile
b5f403e3-8833-4b5c-ad30-5e7272725eb3,L1,Profile
b5f403e3-8833-4b5c-ad30-5e7272725eb3,L1,Profile
b5f403e3-8833-4b5c-ad30-5e7272725eb3,L1,Profile
b5f403e3-8833-4b5c-ad30-5e7272725eb3,L1,Profile
b5f403e3-8833-4b5c-ad30-5e7272725eb3,L1,Profile
b5f403e3-8833-4b5c-ad30-5e7272725eb3,L1,Profile
b5f403e3-8833-4b5c-ad30-5e7272725eb3,L1,Profile
b5f403e3-8833-4b5c-ad30-5e7272725eb3,L1,Profile
b5f403e3-8833-4b5c-ad30-5e7272725eb3,L1,Profile
b5f403e3-8833-4b5c-ad30-5e7272725eb3,L1,Profile
b5f403e3-8833-4b5c-ad30-5e7272725eb3,L1,Profile
b5f403e3-8833-4b5c-ad30-5e7272725eb3,L1,Profile
b5f403e3-8833-4b5c-ad30-5e7272725eb3,L1,Profile
b5f403e3-8833-4b5c-ad30-5e7272725eb3,L1,Profile
b5f403e3-8833-4b5c-ad30-5e7272725eb3,L1,Profile
b5f403e3-8833-4b5c-ad30-5e7272725eb3,L1,Profile
b5f403e3-8833-4b5c-ad30-5e7272725eb3,L1,Profile
b5f403e3-8833-4b5c-ad30-5e7272725eb3,L1,Profile
b5f403e3-8833-4b5c-ad30-5e7272725eb3,L1,Profile
b5f403e3-8833-4b5c-ad30-5e7272725eb3,L1,Profile
b5f403e3-8833-4b5c-ad30-5e7272725eb3,L1,Profile
b5f403e3-8833-4b5c-ad30-5e7272725eb3,L1,Profile
b5f403e3-8833-4b5c-ad30-5e7272725eb3,L1,Profile
b5f403e3-8833-4b5c-ad30-5e7272725eb3,L1,Profile
b5f403e3-8833-4b5c-ad30-5e7272725eb3,L1,Profile
b5f403e3-8833-4b5c-ad30-5e7272725eb3,L1,Profile
b5f403e3-8833-4b5c-ad30-5e7272725eb3,L1,Profile
b5f403e3-8833-4b5c-ad30-5e7272725eb3,L1,Profile
b5f403e3-8833-4b5c-ad30-5e7272725eb3,L1,Profile
b5f403e3-8833-4b5c-ad30-5e7272725eb3,L1,Profile
b5f403e3-8833-4b5c-ad30-5e7272725eb3,L1,Profile
b5f403e3-8833-4b5c-ad30-5e7272725eb3,L1,Profile
b5f403e3-8833-4b5c-ad30-5e7272725eb3,L1,Profile
b5f403e3-8833-4b5c-ad30-5e7272725eb3,L1,Profile
b5f403e3-8833-4b5c-ad30-5e7272725eb3,L1,Profile
b5f403e3-8833-4b5c-ad30-5e7272725eb3,L1,Profile
b5f403e3-8833-4b5c-ad30-5e7272725eb3,L1,Profile
b5f403e3-8833-4b5c-ad30-5e7272725eb3,L1,Profile
b5f403e3-8833-4b5c-ad30-5e7272725eb3,L1,Profile
b5f403e3-8833-4b5c-ad30-5e7272725eb3,L1,Profile
b5f403e3-8833-4b5c-ad30-5e7272725eb3,L1,Profile
b5f403e3-8833-4b5c-ad30-5e7272725eb3,L1,Profile
b5f403e3-8833-4b5c-ad30-5e7272725eb3,L1,Profile
b5f403e3-8833-4b5c-ad30-5e7272725eb3,L1,Profile
b5f403e3-8833-4b5c-ad30-5e7272725eb3,L1,Profile
b5f403e3-8833-4b5c-ad30-5e7272725eb3,L1,Profile
b5f403e3-8833-4b5c-ad30-5e7272725eb3,L1,Profile
b5f403e3-8833-4b5c-ad30-5e7272725eb3,L1,Profile
b5f403e3-8833-4b5c-ad30-5e7272725eb3,L1,Profile
b5f403e3-8833-4b5c-ad30-5e7272725eb3,L1,Profile
b5f403e3-8833-4b5c-ad30-5e7272725eb3,L1,Profile
b5f403e3-8833-4b5c-ad30-5e7272725eb3,L1,Profile
b5f403e3-8833-4b5c-ad30-5e7272725eb3,L1,Profile
b5f403e3-8833-4b5c-ad30-5e7272725eb3,L1,Profile
b5f403e3-8833-4b5c-ad30-5e7272725eb3,L1,Profile
b5f403e3-8833-4b5c-ad30-5e7272725eb3,L1,Profile
b5f403e3-8833-4b5c-ad30-5e7272725eb3,L1,Profile
b5f403e3-8833-4b5c-ad30-5e7272725eb3,L1,Profile
b5f403e3-8833-4b5c-ad30-5e7272725eb3,L1,Profile
b5f403e3-8833-4b5c-ad30-5e7272725eb3,L1,Profile
b5f403e3-8833-4b5c-ad30-5e7272725eb3,L1,Profile
b5f403e3-8833-4b5c-ad30-5e7272725eb3,L1,Profile
b5f403e3-8833-4b5c-ad30-5e7272725eb3,L1,Profile
b5f403e3-8833-4b5c-ad30-5e7272725eb3,L1,Profile
b5f403e3-8833-4b5c-ad30-5e7272725eb3,L1,Profile
b5f403e3-8833-4b5c-ad30-5e7272725eb3,L1,Profile
b5f403e3-8833-4b5c-ad30-5e7272725eb3,L1,Profile
b5f403e3-8833-4b5c-ad30-5e7272725eb3,L1,Profile
b5f403e3-8833-4b5c-ad30-5e7272725eb3,L1,Profile
b5f403e3-8833-4b5c-ad30-5e7272725eb3,L1,Profile
b5f403e3-8833-4b5c-ad30-5e7272725eb3,L1,Profile
b5f403e3-8833-4b5c-ad30-5e7272725eb3,L1,Profile
b5f403e3-8833-4b5c-ad30-5e7272725eb3,L1,Profile
b5f403e3-8833-4b5c-ad30-5e7272725eb3,L1,Profile
b5f403e3-8833-4b5c-ad30-5e7272725eb3,L1,Profile
b5f403e3-8833-4b5c-ad30-5e7272725eb3,L1,Profile
b5f403e3-8833-4b5c-ad30-5e7272725eb3,L1,Profile
b5f403e3-8833-4b5c-ad30-5e7272725eb3,L1,Profile
b5f403e3-8833-4b5c-ad30-5e7272725eb3,L1,Profile
b5f403e3-8833-4b5c-ad30-5e7272725eb3,L1,Profile
b5f403e3-8833-4b5c-ad30-5e7272725eb3,L1,Profile
b5f403e3-8833-4b5c-ad30-5e7272725eb3,L1,Profile
b5f403e3-8833-4b5c-ad30-5e7272725eb3,L1,Profile
b5f403e3-8833-4b5c-ad30-5e7272725eb3,L1,Profile
b5f403e3-8833-4b5c-ad30-5e7272725eb3,L1,Profile
b5f403e3-8833-4b5c-ad30-5e7272725eb3,L1,Profile
b5f403e3-8833-4b5c-ad30-5e7272725eb3,L1,Profile
b5f403e3-8833-4b5c-ad30-5e7272725eb3,L1,Profile
b5f403e3-8833-4b5c-ad30-5e7272725eb3,L1,Profile
b5f403e3-8833-4b5c-ad30-5e7272725eb3,L1,Profile
b5f403e3-8833-4b5c-ad30-5e7272725eb3,L1,Profile
b5f403e3-8833-4b5c-ad30-5e7272725eb3,L1,Profile
b5f403e3-8833-4b5c-ad30-5e7272725eb3,L1,Profile
b5f403e3-8833-4b5c-ad30-5e7272725eb3,L1,Profile
b5f403e3-8833-4b5c-ad30-5e7272725eb3,L1,Profile
b5f403e3-8833-4b5c-ad30-5e7272725eb3,L1,Profile
b5f403e3-8833-4b5c-ad30-5e7272725eb3,L1,Profile
b5f403e3-8833-4b5c-ad30-5e7272725eb3,L1,Profile
b5f403e3-8833-4b5c-ad30-5e7272725eb3,L1,Profile
b5f403e3-8833-4b5c-ad30-5e7272725eb3,L1,Profile
b5f403e3-8833-4b5c-ad30-5e7272725eb3,L1,Profile
b5f403e3-8833-4b5c-ad30-5e7272725eb3,L1,Profile
b5f403e3-8833-4b5c-ad30-5e7272725eb3,L1,Profile
b5f403e3-8833-4b5c-ad30-5e7272725eb3,L1,Profile
b5f403e3-8833-4b5c-ad30-5e7272725eb3,L1,Profile
b5f403e3-8833-4b5c-ad30-5e7272725eb3,L1,Profile
b5f403e3-8833-4b5c-ad30-5e7272725eb3,L1,Profile
b5f403e3-8833-4b5c-ad30-5e7272725eb3,L1,Profile
b5f403e3-8833-4b5c-ad30-5e7272725eb3,L1,Profile
b5f403e3-8833-4b5c-ad30-5e7272725eb3,L1,Profile
b5f403e3-8833-4b5c-ad30-5e7272725eb3,L1,Profile
b5f403e3-8833-4b5c-ad30-5e7272725eb3,L1,Profile
b5f403e3-8833-4b5c-ad30-5e7272725eb3,L1,Profile
b5f403e3-8833-4b5c-ad30-5e7272725eb3,L1,Profile
b5f403e3-8833-4b5c-ad30-5e7272725eb3,L1,Profile
b5f403e3-8833-4b5c-ad30-5e7272725eb3,L1,Profile
b5f403e3-8833-4b5c-ad30-5e7272725eb3,L1,Profile
b5f403e3-8833-4b5c-ad30-5e7272725eb3,L1,Profile
b5f403e3-8833-4b5c-ad30-5e7272725eb3,L1,Profile
b5f403e3-8833-4b5c-ad30-5e7272725eb3,L1,Profile
b5f403e3-8833-4b5c-ad30-5e7272725eb3,L1,Profile
b5f403e3-8833-4b5c-ad30-5e7272725eb3,L1,Profile
b5f403e3-8833-4b5c-ad30-5e7272725eb3,L1,Profile
b5f403e3-8833-4b5c-ad30-5e7272725eb3,L1,Profile
b5f403e3-8833-4b5c-ad30-5e7272725eb3,L1,Profile
b5f403e3-8833-4b5c-ad30-5e7272725eb3,L1,Profile
b5f403e3-8833-4b5c-ad30-5e7272725eb3,L1,Profile
b5f403e3-8833-4b5c-ad30-5e7272725eb3,L1,Profile
b5f403e3-8833-4b5c-ad30-5e7272725eb3,L1,Profile
b5f403e3-8833-4b5c-ad30-5e7272725eb3,L1,Profile
b5f403e3-8833-4b5c-ad30-5e7272725eb3,L1,Profile
b5f403e3-8833-4b5c-ad30-5e7272725eb3,L1,Profile
b5f403e3-8833-4b5c-ad30-5e7272725eb3,L1,Profile
b5f403e3-8833-4b5c-ad30-5e7272725eb3,L1,Profile
b5f403e3-8833-4b5c-ad30-5e7272725eb3,L1,Profile
b5f403e3-8833-4b5c-ad30-5e7272725eb3,L1,Profile
b5f403e3-8833-4b5c-ad30-5e7272725eb3,L1,Profile
b5f403e3-8833-4b5c-ad30-5e7272725eb3,L1,Profile
b5f403e3-8833-4b5c-ad30-5e7272725eb3,L1,Profile
b5f403e3-8833-4b5c-ad30-5e7272725eb3,L1,Profile
b5f403e3-8833-4b5c-ad30-5e7272725eb3,L1,Profile
b5f403e3-8833-4b5c-ad30-5e7272725eb3,L1,Profile
b5f403e3-8833-4b5c-ad30-5e7272725eb3,L1,Profile
b5f403e3-8833-4b5c-ad30-5e7272725eb3,L1,Profile
b5f403e3-8833-4b5c-ad30-5e7272725eb3,L1,Profile
b5f403e3-8833-4b5c-ad30-5e7272725eb3,L1,Profile
b5f403e3-8833-4b5c-ad30-5e7272725eb3,L1,Profile
b5f403e3-8833-4b5c-ad30-5e7272725eb3,L1,Profile
b5f403e3-8833-4b5c-ad30-5e7272725eb3,L1,Profile
b5f403e3-8833-4b5c-ad30-5e7272725eb3,L1,Profile
b5f403e3-8833-4b5c-ad30-5e7272725eb3,L1,Profile
b5f403e3-8833-4b5c-ad30-5e7272725eb3,L1,Profile
b5f403e3-8833-4b5c-ad30-5e7272725eb3,L1,Profile
b5f403e3-8833-4b5c-ad30-5e7272725eb3,L1,Profile
b5f403e3-8833-4b5c-ad30-5e7272725eb3,L1,Profile
b5f403e3-8833-4b5c-ad30-5e7272725eb3,L1,Profile
b5f403e3-8833-4b5c-ad30-5e7272725eb3,L1,Profile
b5f403e3-8833-4b5c-ad30-5e7272725eb3,L1,Profile
b5f403e3-8833-4b5c-ad30-5e7272725eb3,L1,Profile
b5f403e3-8833-4b5c-ad30-5e7272725eb3,L1,Profile
b5f403e3-8833-4b5c-ad30-5e7272725eb3,L1,Profile
b5f403e3-8833-4b5c-ad30-5e7272725eb3,L1,Profile
b5f403e3-8833-4b5c-ad30-5e7272725eb3,L1,Profile
b5f403e3-8833-4b5c-ad30-5e7272725eb3,L1,Profile
b5f403e3-8833-4b5c-ad30-5e7272725eb3,L1,Profile
b5f403e3-8833-4b5c-ad30-5e7272725eb3,L1,Profile
b5f403e3-8833-4b5c-ad30-5e7272725eb3,L1,Profile
b5f403e3-8833-4b5c-ad30-5e7272725eb3,L1,Profile
b5f403e3-8833-4b5c-ad30-5e7272725eb3,L1,Profile
b5f403e3-8833-4b5c-ad30-5e7272725eb3,L1,Profile
b5f403e3-8833-4b5c-ad30-5e7272725eb3,L1,Profile
b5f403e3-8833-4b5c-ad30-5e7272725eb3,L1,Profile
b5f403e3-8833-4b5c-ad30-5e7272725eb3,L1,Profile
b5f403e3-8833-4b5c-ad30-5e7272725eb3,L1,Profile
b5f403e3-8833-4b5c-ad30-5e7272725eb3,L1,Profile
b5f403e3-8833-4b5c-ad30-5e7272725eb3,L1,Profile
b5f403e3-8833-4b5c-ad30-5e7272725eb3,L1,Profile
b5f403e3-8833-4b5c-ad30-5e7272725eb3,L1,Profile
b5f403e3-8833-4b5c-ad30-5e7272725eb3,L1,Profile
b5f403e3-8833-4b5c-ad30-5e7272725eb3,L1,Profile
b5f403e3-8833-4b5c-ad30-5e7272725eb3,L1,Profile
b5f403e3-8833-4b5c-ad30-5e7272725eb3,L1,Profile
b5f403e3-8833-4b5c-ad30-5e7272725eb3,L1,Profile
b5f403e3-8833-4b5c-ad30-5e7272725eb3,L1,Profile
b5f403e3-8833-4b5c-ad30-5e7272725eb3,L1,Profile
b5f403e3-8833-4b5c-ad30-5e7272725eb3,L1,Profile
b5f403e3-8833-4b5c-ad30-5e7272725eb3,L1,Profile
b5f403e3-8833-4b5c-ad30-5e7272725eb3,L1,Profile
b5f403e3-8833-4b5c-ad30-5e7272725eb3,L1,Profile
b5f403e3-8833-4b5c-ad30-5e7272725eb3,L1,Profile
b5f403e3-8833-4b5c-ad30-5e7272725eb3,L1,Profile
b5f403e3-8833-4b5c-ad30-5e7272725eb3,L1,Profile
b5f403e3-8833-4b5c-ad30-5e7272725eb3,L1,Profile
b5f403e3-8833-4b5c-ad30-5e7272725eb3,L1,Profile
b5f403e3-8833-4b5c-ad30-5e7272725eb3,L1,Profile
b5f403e3-8833-4b5c-ad30-5e7272725eb3,L1,Profile
b5f403e3-8833-4b5c-ad30-5e7272725eb3,L1,Profile
b5f403e3-8833-4b5c-ad30-5e7272725eb3,L1,Profile
b5f403e3-8833-4b5c-ad30-5e7272725eb3,L1,Profile
b5f403e3-8833-4b5c-ad30-5e7272725eb3,L1,Profile
b5f403e3-8833-4b5c-ad30-5e7272725eb3,L1,Profile
b5f403e3-8833-4b5c-ad30-5e7272725eb3,L1,Profile
b5f403e3-8833-4b5c-ad30-5e7272725eb3,L1,Profile
b5f403e3-8833-4b5c-ad30-5e7272725eb3,L1,Profile
b5f403e3-8833-4b5c-ad30-5e7272725eb3,L1,Profile
b5f403e3-8833-4b5c-ad30-5e7272725eb3,L1,Profile
b5f403e3-8833-4b5c-ad30-5e7272725eb3,L1,Profile
b5f403e3-8833-4b5c-ad30-5e7272725eb3,L1,Profile
b5f403e3-8833-4b5c-ad30-5e7272725eb3,L1,Profile
b5f403e3-8833-4b5c-ad30-5e7272725eb3,L1,Profile
b5f403e3-8833-4b5c-ad30-5e7272725eb3,L1,Profile
b5f403e3-8833-4b5c-ad30-5e7272725eb3,L1,Profile
b5f403e3-8833-4b5c-ad30-5e7272725eb3,L1,Profile
b5f403e3-8833-4b5c-ad30-5e7272725eb3,L1,Profile
b5f403e3-8833-4b5c-ad30-5e7272725eb3,L1,Profile
b5f403e3-8833-4b5c-ad30-5e7272725eb3,L1,Profile
b5f403e3-8833-4b5c-ad30-5e7272725eb3,L1,Profile
b5f403e3-8833-4b5c-ad30-5e7272725eb3,L1,Profile
b5f403e3-8833-4b5c-ad30-5e7272725eb3,L1,Profile
b5f403e3-8833-4b5c-ad30-5e7272725eb3,L1,Profile
b5f403e3-8833-4b5c-ad30-5e7272725eb3,L1,Profile
b5f403e3-8833-4b5c-ad30-5e7272725eb3,L1,Profile
b5f403e3-8833-4b5c-ad30-5e7272725eb3,L1,Profile
b5f403e3-8833-4b5c-ad30-5e7272725eb3,L1,Profile
b5f403e3-8833-4b5c-ad30-5e7272725eb3,L1,Profile
b5f403e3-8833-4b5c-ad30-5e7272725eb3,L1,Profile
b5f403e3-8833-4b5c-ad30-5e7272725eb3,L1,Profile
b5f403e3-8833-4b5c-ad30-5e7272725eb3,L1,Profile
b5f403e3-8833-4b5c-ad30-5e7272725eb3,L1,Profile
b5f403e3-8833-4b5c-ad30-5e7272725eb3,L1,Profile
b5f403e3-8833-4b5c-ad30-5e7272725eb3,L1,Profile
b5f403e3-8833-4b5c-ad30-5e7272725eb3,L1,Profile
b5f403e3-8833-4b5c-ad30-5e7272725eb3,L1,Profile
b5f403e3-8833-4b5c-ad30-5e7272725eb3,L1,Profile
b5f403e3-8833-4b5c-ad30-5e7272725eb3,L1,Profile
b5f403e3-8833-4b5c-ad30-5e7272725eb3,L1,Profile
b5f403e3-8833-4b5c-ad30-5e7272725eb3,L1,Profile
b5f403e3-8833-4b5c-ad30-5e7272725eb3,L1,Profile
b5f403e3-8833-4b5c-ad30-5e7272725eb3,L1,Profile
b5f403e3-8833-4b5c-ad30-5e7272725eb3,L1,Profile
b5f403e3-8833-4b5c-ad30-5e7272725eb3,L1,Profile
b5f403e3-8833-4b5c-ad30-5e7272725eb3,L1,Profile
b5f403e3-8833-4b5c-ad30-5e7272725eb3,L1,Profile
b5f403e3-8833-4b5c-ad30-5e7272725eb3,L1,Profile
b5f403e3-8833-4b5c-ad30-5e7272725eb3,L1,Profile
b5f403e3-8833-4b5c-ad30-5e7272725eb3,L1,Profile
b5f403e3-8833-4b5c-ad30-5e7272725eb3,L1,Profile
b5f403e3-8833-4b5c-ad30-5e7272725eb3,L1,Profile
b5f403e3-8833-4b5c-ad30-5e7272725eb3,L1,Profile
b5f403e3-8833-4b5c-ad30-5e7272725eb3,L1,Profile
b5f403e3-8833-4b5c-ad30-5e7272725eb3,L1,Profile
b5f403e3-8833-4b5c-ad30-5e7272725eb3,L1,Profile
b5f403e3-8833-4b5c-ad30-5e7272725eb3,L1,Profile
b5f403e3-8833-4b5c-ad30-5e7272725eb3,L1,Profile
b5f403e3-8833-4b5c-ad30-5e7272725eb3,L1,Profile
b5f403e3-8833-4b5c-ad30-5e7272725eb3,L1,Profile
b5f403e3-8833-4b5c-ad30-5e7272725eb3,L1,Profile
b5f403e3-8833-4b5c-ad30-5e7272725eb3,L1,Profile
b5f403e3-8833-4b5c-ad30-5e7272725eb3,L1,Profile
b5f403e3-8833-4b5c-ad30-5e7272725eb3,L1,Profile
b5f403e3-8833-4b5c-ad30-5e7272725eb3,L1,Profile
b5f403e3-8833-4b5c-ad30-5e7272725eb3,L1,Profile
b5f403e3-8833-4b5c-ad30-5e7272725eb3,L1,Profile
b5f403e3-8833-4b5c-ad30-5e7272725eb3,L1,Profile
b5f403e3-8833-4b5c-ad30-5e7272725eb3,L1,Profile
b5f403e3-8833-4b5c-ad30-5e7272725eb3,L1,Profile
b5f403e3-8833-4b5c-ad30-5e7272725eb3,L1,Profile
b5f403e3-8833-4b5c-ad30-5e7272725eb3,L1,Profile
b5f403e3-8833-4b5c-ad30-5e7272725eb3,L1,Profile
b5f403e3-8833-4b5c-ad30-5e7272725eb3,L1,Profile
b5f403e3-8833-4b5c-ad30-5e7272725eb3,L1,Profile
b5f403e3-8833-4b5c-ad30-5e7272725eb3,L1,Profile
b5f403e3-8833-4b5c-ad30-5e7272725eb3,L1,Profile
b5f403e3-8833-4b5c-ad30-5e7272725eb3,L1,Profile
b5f403e3-8833-4b5c-ad30-5e7272725eb3,L1,Profile
b5f403e3-8833-4b5c-ad30-5e7272725eb3,L1,Profile
b5f403e3-8833-4b5c-ad30-5e7272725eb3,L1,Profile
b5f403e3-8833-4b5c-ad30-5e7272725eb3,L1,Profile
b5f403e3-8833-4b5c-ad30-5e7272725eb3,L1,Profile
b5f403e3-8833-4b5c-ad30-5e7272725eb3,L1,Profile
b5f403e3-8833-4b5c-ad30-5e7272725eb3,L1,Profile
b5f403e3-8833-4b5c-ad30-5e7272725eb3,L1,Profile
b5f403e3-8833-4b5c-ad30-5e7272725eb3,L1,Profile
b5f403e3-8833-4b5c-ad30-5e7272725eb3,L1,Profile
b5f403e3-8833-4b5c-ad30-5e7272725eb3,L1,Profile
b5f403e3-8833-4b5c-ad30-5e7272725eb3,L1,Profile
b5f403e3-8833-4b5c-ad30-5e7272725eb3,L1,Profile
b5f403e3-8833-4b5c-ad30-5e7272725eb3,L1,Profile
b5f403e3-8833-4b5c-ad30-5e7272725eb3,L1,Profile
b5f403e3-8833-4b5c-ad30-5e7272725eb3,L1,Profile
b5f403e3-8833-4b5c-ad30-5e7272725eb3,L1,Profile
b5f403e3-8833-4b5c-ad30-5e7272725eb3,L1,Profile
b5f403e3-8833-4b5c-ad30-5e7272725eb3,L1,Profile
b5f403e3-8833-4b5c-ad30-5e7272725eb3,L1,Profile
b5f403e3-8833-4b5c-ad30-5e7272725eb3,L1,Profile
b5f403e3-8833-4b5c-ad30-5e7272725eb3,L1,Profile
b5f403e3-8833-4b5c-ad30-5e7272725eb3,L1,Profile
b5f403e3-8833-4b5c-ad30-5e7272725eb3,L1,Profile
b5f403e3-8833-4b5c-ad30-5e7272725eb3,L1,Profile
b5f403e3-8833-4b5c-ad30-5e7272725eb3,L1,Profile
b5f403e3-8833-4b5c-ad30-5e7272725eb3,L1,Profile
b5f403e3-8833-4b5c-ad30-5e7272725eb3,L1,Profile
b5f403e3-8833-4b5c-ad30-5e7272725eb3,L1,Profile
b5f403e3-8833-4b5c-ad30-5e7272725eb3,L1,Profile
b5f403e3-8833-4b5c-ad30-5e7272725eb3,L1,Profile
b5f403e3-8833-4b5c-ad30-5e7272725eb3,L1,Profile
b5f403e3-8833-4b5c-ad30-5e7272725eb3,L1,Profile
b5f403e3-8833-4b5c-ad30-5e7272725eb3,L1,Profile
b5f403e3-8833-4b5c-ad30-5e7272725eb3,L1,Profile
b5f403e3-8833-4b5c-ad30-5e7272725eb3,L1,Profile
b5f403e3-8833-4b5c-ad30-5e7272725eb3,L1,Profile
b5f403e3-8833-4b5c-ad30-5e7272725eb3,L1,Profile
b5f403e3-8833-4b5c-ad30-5e7272725eb3,L1,Profile
b5f403e3-8833-4b5c-ad30-5e7272725eb3,L1,Profile
b5f403e3-8833-4b5c-ad30-5e7272725eb3,L1,Profile
b5f403e3-8833-4b5c-ad30-5e7272725eb3,L1,Profile
b5f403e3-8833-4b5c-ad30-5e7272725eb3,L1,Profile
b5f403e3-8833-4b5c-ad30-5e7272725eb3,L1,Profile
b5f403e3-8833-4b5c-ad30-5e7272725eb3,L1,Profile
b5f403e3-8833-4b5c-ad30-5e7272725eb3,L1,Profile
b5f403e3-8833-4b5c-ad30-5e7272725eb3,L1,Profile
b5f403e3-8833-4b5c-ad30-5e7272725eb3,L1,Profile
b5f403e3-8833-4b5c-ad30-5e7272725eb3,L1,Profile
b5f403e3-8833-4b5c-ad30-5e7272725eb3,L1,Profile
b5f403e3-8833-4b5c-ad30-5e7272725eb3,L1,Profile
b5f403e3-8833-4b5c-ad30-5e7272725eb3,L1,Profile
b5f403e3-8833-4b5c-ad30-5e7272725eb3,L1,Profile
b5f403e3-8833-4b5c-ad30-5e7272725eb3,L1,Profile
b5f403e3-8833-4b5c-ad30-5e7272725eb3,L1,Profile
b5f403e3-8833-4b5c-ad30-5e7272725eb3,L1,Profile
b5f403e3-8833-4b5c-ad30-5e7272725eb3,L1,Profile
b5f403e3-8833-4b5c-ad30-5e7272725eb3,L1,Profile
b5f403e3-8833-4b5c-ad30-5e7272725eb3,L1,Profile
b5f403e3-8833-4b5c-ad30-5e7272725eb3,L1,Profile
b5f403e3-8833-4b5c-ad30-5e7272725eb3,L1,Profile
b5f403e3-8833-4b5c-ad30-5e7272725eb3,L1,Profile
b5f403e3-8833-4b5c-ad30-5e7272725eb3,L1,Profile
b5f403e3-8833-4b5c-ad30-5e7272725eb3,L1,Profile
b5f403e3-8833-4b5c-ad30-5e7272725eb3,L1,Profile
b5f403e3-8833-4b5c-ad30-5e7272725eb3,L1,Profile
b5f403e3-8833-4b5c-ad30-5e7272725eb3,L1,Profile
b5f403e3-8833-4b5c-ad30-5e7272725eb3,L1,Profile
b5f403e3-8833-4b5c-ad30-5e7272725eb3,L1,Profile
b5f403e3-8833-4b5c-ad30-5e7272725eb3,L1,Profile
b5f403e3-8833-4b5c-ad30-5e7272725eb3,L1,Profile
b5f403e3-8833-4b5c-ad30-5e7272725eb3,L1,Profile
b5f403e3-8833-4b5c-ad30-5e7272725eb3,L1,Profile
b5f403e3-8833-4b5c-ad30-5e7272725eb3,L1,Profile
b5f403e3-8833-4b5c-ad30-5e7272725eb3,L1,Profile
b5f403e3-8833-4b5c-ad30-5e7272725eb3,L1,Profile
b5f403e3-8833-4b5c-ad30-5e7272725eb3,L1,Profile
b5f403e3-8833-4b5c-ad30-5e7272725eb3,L1,Profile
b5f403e3-8833-4b5c-ad30-5e7272725eb3,L1,Profile
b5f403e3-8833-4b5c-ad30-5e7272725eb3,L1,Profile
b5f403e3-8833-4b5c-ad30-5e7272725eb3,L1,Profile
b5f403e3-8833-4b5c-ad30-5e7272725eb3,L1,Profile
b5f403e3-8833-4b5c-ad30-5e7272725eb3,L1,Profile
b5f403e3-8833-4b5c-ad30-5e7272725eb3,L1,Profile
b5f403e3-8833-4b5c-ad30-5e7272725eb3,L1,Profile
b5f403e3-8833-4b5c-ad30-5e7272725eb3,L1,Profile
b5f403e3-8833-4b5c-ad30-5e7272725eb3,L1,Profile
b5f403e3-8833-4b5c-ad30-5e7272725eb3,L1,Profile
b5f403e3-8833-4b5c-ad30-5e7272725eb3,L1,Profile
b5f403e3-8833-4b5c-ad30-5e7272725eb3,L1,Profile
b5f403e3-8833-4b5c-ad30-5e7272725eb3,L1,Profile
b5f403e3-8833-4b5c-ad30-5e7272725eb3,L1,Profile
b5f403e3-8833-4b5c-ad30-5e7272725eb3,L1,Profile
b5f403e3-8833-4b5c-ad30-5e7272725eb3,L1,Profile
b5f403e3-8833-4b5c-ad30-5e7272725eb3,L1,Profile
b5f403e3-8833-4b5c-ad30-5e7272725eb3,L1,Profile
b5f403e3-8833-4b5c-ad30-5e7272725eb3,L1,Profile
b5f403e3-8833-4b5c-ad30-5e7272725eb3,L1,Profile
b5f403e3-8833-4b5c-ad30-5e7272725eb3,L1,Profile
b5f403e3-8833-4b5c-ad30-5e7272725eb3,L1,Profile
b5f403e3-8833-4b5c-ad30-5e7272725eb3,L1,Profile
b5f403e3-8833-4b5c-ad30-5e7272725eb3,L1,Profile
b5f403e3-8833-4b5c-ad30-5e7272725eb3,L1,Profile
b5f403e3-8833-4b5c-ad30-5e7272725eb3,L1,Profile
b5f403e3-8833-4b5c-ad30-5e7272725eb3,L1,Profile
b5f403e3-8833-4b5c-ad30-5e7272725eb3,L1,Profile
b5f403e3-8833-4b5c-ad30-5e7272725eb3,L1,Profile
b5f403e3-8833-4b5c-ad30-5e7272725eb3,L1,Profile
b5f403e3-8833-4b5c-ad30-5e7272725eb3,L1,Profile
b5f403e3-8833-4b5c-ad30-5e7272725eb3,L1,Profile
b5f403e3-8833-4b5c-ad30-5e7272725eb3,L1,Profile
b5f403e3-8833-4b5c-ad30-5e7272725eb3,L1,Profile
b5f403e3-8833-4b5c-ad30-5e7272725eb3,L1,Profile
b5f403e3-8833-4b5c-ad30-5e7272725eb3,L1,Profile
b5f403e3-8833-4b5c-ad30-5e7272725eb3,L1,Profile
b5f403e3-8833-4b5c-ad30-5e7272725eb3,L1,Profile
b5f403e3-8833-4b5c-ad30-5e7272725eb3,L1,Profile
b5f403e3-8833-4b5c-ad30-5e7272725eb3,L1,Profile
b5f403e3-8833-4b5c-ad30-5e7272725eb3,L1,Profile
b5f403e3-8833-4b5c-ad30-5e7272725eb3,L1,Profile
b5f403e3-8833-4b5c-ad30-5e7272725eb3,L1,Profile
b5f403e3-8833-4b5c-ad30-5e7272725eb3,L1,Profile
b5f403e3-8833-4b5c-ad30-5e7272725eb3,L1,Profile
b5f403e3-8833-4b5c-ad30-5e7272725eb3,L1,Profile
b5f403e3-8833-4b5c-ad30-5e7272725eb3,L1,Profile
b5f403e3-8833-4b5c-ad30-5e7272725eb3,L1,Profile
b5f403e3-8833-4b5c-ad30-5e7272725eb3,L1,Profile
b5f403e3-8833-4b5c-ad30-5e7272725eb3,L1,Profile
b5f403e3-8833-4b5c-ad30-5e7272725eb3,L1,Profile
b5f403e3-8833-4b5c-ad30-5e7272725eb3,L1,Profile
b5f403e3-8833-4b5c-ad30-5e7272725eb3,L1,Profile
b5f403e3-8833-4b5c-ad30-5e7272725eb3,L1,Profile
b5f403e3-8833-4b5c-ad30-5e7272725eb3,L1,Profile
b5f403e3-8833-4b5c-ad30-5e7272725eb3,L1,Profile
b5f403e3-8833-4b5c-ad30-5e7272725eb3,L1,Profile
b5f403e3-8833-4b5c-ad30-5e7272725eb3,L1,Profile
b5f403e3-8833-4b5c-ad30-5e7272725eb3,L1,Profile
b5f403e3-8833-4b5c-ad30-5e7272725eb3,L1,Profile
b5f403e3-8833-4b5c-ad30-5e7272725eb3,L1,Profile
b5f403e3-8833-4b5c-ad30-5e7272725eb3,L1,Profile
b5f403e3-8833-4b5c-ad30-5e7272725eb3,L1,Profile
b5f403e3-8833-4b5c-ad30-5e7272725eb3,L1,Profile
b5f403e3-8833-4b5c-ad30-5e7272725eb3,L1,Profile
b5f403e3-8833-4b5c-ad30-5e7272725eb3,L1,Profile
b5f403e3-8833-4b5c-ad30-5e7272725eb3,L1,Profile
b5f403e3-8833-4b5c-ad30-5e7272725eb3,L1,Profile
b5f403e3-8833-4b5c-ad30-5e7272725eb3,L1,Profile
b5f403e3-8833-4b5c-ad30-5e7272725eb3,L1,Profile
b5f403e3-8833-4b5c-ad30-5e7272725eb3,L1,Profile
b5f403e3-8833-4b5c-ad30-5e7272725eb3,L1,Profile
b5f403e3-8833-4b5c-ad30-5e7272725eb3,L1,Profile
b5f403e3-8833-4b5c-ad30-5e7272725eb3,L1,Profile
b5f403e3-8833-4b5c-ad30-5e7272725eb3,L1,Profile
b5f403e3-8833-4b5c-ad30-5e7272725eb3,L1,Profile
b5f403e3-8833-4b5c-ad30-5e7272725eb3,L1,Profile
b5f403e3-8833-4b5c-ad30-5e7272725eb3,L1,Profile
b5f403e3-8833-4b5c-ad30-5e7272725eb3,L1,Profile
b5f403e3-8833-4b5c-ad30-5e7272725eb3,L1,Profile
b5f403e3-8833-4b5c-ad30-5e7272725eb3,L1,Profile
b5f403e3-8833-4b5c-ad30-5e7272725eb3,L1,Profile
b5f403e3-8833-4b5c-ad30-5e7272725eb3,L1,Profile
b5f403e3-8833-4b5c-ad30-5e7272725eb3,L1,Profile
b5f403e3-8833-4b5c-ad30-5e7272725eb3,L1,Profile
b5f403e3-8833-4b5c-ad30-5e7272725eb3,L1,Profile
b5f403e3-8833-4b5c-ad30-5e7272725eb3,L1,Profile
b5f403e3-8833-4b5c-ad30-5e7272725eb3,L1,Profile
b5f403e3-8833-4b5c-ad30-5e7272725eb3,L1,Profile
b5f403e3-8833-4b5c-ad30-5e7272725eb3,L1,Profile
b5f403e3-8833-4b5c-ad30-5e7272725eb3,L1,Profile
b5f403e3-8833-4b5c-ad30-5e7272725eb3,L1,Profile
b5f403e3-8833-4b5c-ad30-5e7272725eb3,L1,Profile
b5f403e3-8833-4b5c-ad30-5e7272725eb3,L1,Profile
b5f403e3-8833-4b5c-ad30-5e7272725eb3,L1,Profile
b5f403e3-8833-4b5c-ad30-5e7272725eb3,L1,Profile
b5f403e3-8833-4b5c-ad30-5e7272725eb3,L1,Profile
b5f403e3-8833-4b5c-ad30-5e7272725eb3,L1,Profile
b5f403e3-8833-4b5c-ad30-5e7272725eb3,L1,Profile
b5f403e3-8833-4b5c-ad30-5e7272725eb3,L1,Profile
b5f403e3-8833-4b5c-ad30-5e7272725eb3,L1,Profile
b5f403e3-8833-4b5c-ad30-5e7272725eb3,L1,Profile
b5f403e3-8833-4b5c-ad30-5e7272725eb3,L1,Profile
b5f403e3-8833-4b5c-ad30-5e7272725eb3,L1,Profile
b5f403e3-8833-4b5c-ad30-5e7272725eb3,L1,Profile
b5f403e3-8833-4b5c-ad30-5e7272725eb3,L1,Profile
b5f403e3-8833-4b5c-ad30-5e7272725eb3,L1,Profile
b5f403e3-8833-4b5c-ad30-5e7272725eb3,L1,Profile
b5f403e3-8833-4b5c-ad30-5e7272725eb3,L1,Profile
b5f403e3-8833-4b5c-ad30-5e7272725eb3,L1,Profile
b5f403e3-8833-4b5c-ad30-5e7272725eb3,L1,Profile
b5f403e3-8833-4b5c-ad30-5e7272725eb3,L1,Profile
b5f403e3-8833-4b5c-ad30-5e7272725eb3,L1,Profile
b5f403e3-8833-4b5c-ad30-5e7272725eb3,L1,Profile
b5f403e3-8833-4b5c-ad30-5e7272725eb3,L1,Profile
b5f403e3-8833-4b5c-ad30-5e7272725eb3,L1,Profile
b5f403e3-8833-4b5c-ad30-5e7272725eb3,L1,Profile
b5f403e3-8833-4b5c-ad30-5e7272725eb3,L1,Profile
b5f403e3-8833-4b5c-ad30-5e7272725eb3,L1,Profile
b5f403e3-8833-4b5c-ad30-5e7272725eb3,L1,Profile
b5f403e3-8833-4b5c-ad30-5e7272725eb3,L1,Profile
b5f403e3-8833-4b5c-ad30-5e7272725eb3,L1,Profile
b5f403e3-8833-4b5c-ad30-5e7272725eb3,L1,Profile
b5f403e3-8833-4b5c-ad30-5e7272725eb3,L1,Profile
b5f403e3-8833-4b5c-ad30-5e7272725eb3,L1,Profile
b5f403e3-8833-4b5c-ad30-5e7272725eb3,L1,Profile
b5f403e3-8833-4b5c-ad30-5e7272725eb3,L1,Profile
b5f403e3-8833-4b5c-ad30-5e7272725eb3,L1,Profile
b5f403e3-8833-4b5c-ad30-5e7272725eb3,L1,Profile
b5f403e3-8833-4b5c-ad30-5e7272725eb3,L1,Profile
b5f403e3-8833-4b5c-ad30-5e7272725eb3,L1,Profile
b5f403e3-8833-4b5c-ad30-5e7272725eb3,L1,Profile
b5f403e3-8833-4b5c-ad30-5e7272725eb3,L1,Profile
b5f403e3-8833-4b5c-ad30-5e7272725eb3,L1,Profile
b5f403e3-8833-4b5c-ad30-5e7272725eb3,L1,Profile
b5f403e3-8833-4b5c-ad30-5e7272725eb3,L1,Profile
b5f403e3-8833-4b5c-ad30-5e7272725eb3,L1,Profile
b5f403e3-8833-4b5c-ad30-5e7272725eb3,L1,Profile
b5f403e3-8833-4b5c-ad30-5e7272725eb3,L1,Profile
b5f403e3-8833-4b5c-ad30-5e7272725eb3,L1,Profile
b5f403e3-8833-4b5c-ad30-5e7272725eb3,L1,Profile
b5f403e3-8833-4b5c-ad30-5e7272725eb3,L1,Profile
b5f403e3-8833-4b5c-ad30-5e7272725eb3,L1,Profile
b5f403e3-8833-4b5c-ad30-5e7272725eb3,L1,Profile
b5f403e3-8833-4b5c-ad30-5e7272725eb3,L1,Profile
b5f403e3-8833-4b5c-ad30-5e7272725eb3,L1,Profile
b5f403e3-8833-4b5c-ad30-5e7272725eb3,L1,Profile
b5f403e3-8833-4b5c-ad30-5e7272725eb3,L1,Profile
b5f403e3-8833-4b5c-ad30-5e7272725eb3,L1,Profile
b5f403e3-8833-4b5c-ad30-5e7272725eb3,L1,Profile
b5f403e3-8833-4b5c-ad30-5e7272725eb3,L1,Profile
b5f403e3-8833-4b5c-ad30-5e7272725eb3,L1,Profile
b5f403e3-8833-4b5c-ad30-5e7272725eb3,L1,Profile
b5f403e3-8833-4b5c-ad30-5e7272725eb3,L1,Profile
b5f403e3-8833-4b5c-ad30-5e7272725eb3,L1,Profile
b5f403e3-8833-4b5c-ad30-5e7272725eb3,L1,Profile
b5f403e3-8833-4b5c-ad30-5e7272725eb3,L1,Profile
b5f403e3-8833-4b5c-ad30-5e7272725eb3,L1,Profile
b5f403e3-8833-4b5c-ad30-5e7272725eb3,L1,Profile
b5f403e3-8833-4b5c-ad30-5e7272725eb3,L1,Profile
b5f403e3-8833-4b5c-ad30-5e7272725eb3,L1,Profile
b5f403e3-8833-4b5c-ad30-5e7272725eb3,L1,Profile
b5f403e3-8833-4b5c-ad30-5e7272725eb3,L1,Profile
b5f403e3-8833-4b5c-ad30-5e7272725eb3,L1,Profile
b5f403e3-8833-4b5c-ad30-5e7272725eb3,L1,Profile
b5f403e3-8833-4b5c-ad30-5e7272725eb3,L1,Profile
b5f403e3-8833-4b5c-ad30-5e7272725eb3,L1,Profile
b5f403e3-8833-4b5c-ad30-5e7272725eb3,L1,Profile
b5f403e3-8833-4b5c-ad30-5e7272725eb3,L1,Profile
b5f403e3-8833-4b5c-ad30-5e7272725eb3,L1,Profile
b5f403e3-8833-4b5c-ad30-5e7272725eb3,L1,Profile
b5f403e3-8833-4b5c-ad30-5e7272725eb3,L1,Profile
b5f403e3-8833-4b5c-ad30-5e7272725eb3,L1,Profile
b5f403e3-8833-4b5c-ad30-5e7272725eb3,L1,Profile
b5f403e3-8833-4b5c-ad30-5e7272725eb3,L1,Profile
b5f403e3-8833-4b5c-ad30-5e7272725eb3,L1,Profile
b5f403e3-8833-4b5c-ad30-5e7272725eb3,L1,Profile
b5f403e3-8833-4b5c-ad30-5e7272725eb3,L1,Profile
b5f403e3-8833-4b5c-ad30-5e7272725eb3,L1,Profile
b5f403e3-8833-4b5c-ad30-5e7272725eb3,L1,Profile
b5f403e3-8833-4b5c-ad30-5e7272725eb3,L1,Profile
b5f403e3-8833-4b5c-ad30-5e7272725eb3,L1,Profile
b5f403e3-8833-4b5c-ad30-5e7272725eb3,L1,Profile
b5f403e3-8833-4b5c-ad30-5e7272725eb3,L1,Profile
b5f403e3-8833-4b5c-ad30-5e7272725eb3,L1,Profile
b5f403e3-8833-4b5c-ad30-5e7272725eb3,L1,Profile
b5f403e3-8833-4b5c-ad30-5e7272725eb3,L1,Profile
b5f403e3-8833-4b5c-ad30-5e7272725eb3,L1,Profile
b5f403e3-8833-4b5c-ad30-5e7272725eb3,L1,Profile
b5f403e3-8833-4b5c-ad30-5e7272725eb3,L1,Profile
b5f403e3-8833-4b5c-ad30-5e7272725eb3,L1,Profile
b5f403e3-8833-4b5c-ad30-5e7272725eb3,L1,Profile
b5f403e3-8833-4b5c-ad30-5e7272725eb3,L1,Profile
b5f403e3-8833-4b5c-ad30-5e7272725eb3,L1,Profile
b5f403e3-8833-4b5c-ad30-5e7272725eb3,L1,Profile
b5f403e3-8833-4b5c-ad30-5e7272725eb3,L1,Profile
b5f403e3-8833-4b5c-ad30-5e7272725eb3,L1,Profile
b5f403e3-8833-4b5c-ad30-5e7272725eb3,L1,Profile
b5f403e3-8833-4b5c-ad30-5e7272725eb3,L1,Profile
b5f403e3-8833-4b5c-ad30-5e7272725eb3,L1,Profile
b5f403e3-8833-4b5c-ad30-5e7272725eb3,L1,Profile
b5f403e3-8833-4b5c-ad30-5e7272725eb3,L1,Profile
b5f403e3-8833-4b5c-ad30-5e7272725eb3,L1,Profile
b5f403e3-8833-4b5c-ad30-5e7272725eb3,L1,Profile
b5f403e3-8833-4b5c-ad30-5e7272725eb3,L1,Profile
b5f403e3-8833-4b5c-ad30-5e7272725eb3,L1,Profile
b5f403e3-8833-4b5c-ad30-5e7272725eb3,L1,Profile
b5f403e3-8833-4b5c-ad30-5e7272725eb3,L1,Profile
b5f403e3-8833-4b5c-ad30-5e7272725eb3,L1,Profile
b5f403e3-8833-4b5c-ad30-5e7272725eb3,L1,Profile
b5f403e3-8833-4b5c-ad30-5e7272725eb3,L1,Profile
b5f403e3-8833-4b5c-ad30-5e7272725eb3,L1,Profile
b5f403e3-8833-4b5c-ad30-5e7272725eb3,L1,Profile
b5f403e3-8833-4b5c-ad30-5e7272725eb3,L1,Profile
b5f403e3-8833-4b5c-ad30-5e7272725eb3,L1,Profile
b5f403e3-8833-4b5c-ad30-5e7272725eb3,L1,Profile
b5f403e3-8833-4b5c-ad30-5e7272725eb3,L1,Profile
b5f403e3-8833-4b5c-ad30-5e7272725eb3,L1,Profile
b5f403e3-8833-4b5c-ad30-5e7272725eb3,L1,Profile
b5f403e3-8833-4b5c-ad30-5e7272725eb3,L1,Profile
b5f403e3-8833-4b5c-ad30-5e7272725eb3,L1,Profile
b5f403e3-8833-4b5c-ad30-5e7272725eb3,L1,Profile
b5f403e3-8833-4b5c-ad30-5e7272725eb3,L1,Profile
b5f403e3-8833-4b5c-ad30-5e7272725eb3,L1,Profile
b5f403e3-8833-4b5c-ad30-5e7272725eb3,L1,Profile
b5f403e3-8833-4b5c-ad30-5e7272725eb3,L1,Profile
b5f403e3-8833-4b5c-ad30-5e7272725eb3,L1,Profile
b5f403e3-8833-4b5c-ad30-5e7272725eb3,L1,Profile
b5f403e3-8833-4b5c-ad30-5e7272725eb3,L1,Profile
b5f403e3-8833-4b5c-ad30-5e7272725eb3,L1,Profile
b5f403e3-8833-4b5c-ad30-5e7272725eb3,L1,Profile
b5f403e3-8833-4b5c-ad30-5e7272725eb3,L1,Profile
b5f403e3-8833-4b5c-ad30-5e7272725eb3,L1,Profile
b5f403e3-8833-4b5c-ad30-5e7272725eb3,L1,Profile
b5f403e3-8833-4b5c-ad30-5e7272725eb3,L1,Profile
b5f403e3-8833-4b5c-ad30-5e7272725eb3,L1,Profile
b5f403e3-8833-4b5c-ad30-5e7272725eb3,L1,Profile
b5f403e3-8833-4b5c-ad30-5e7272725eb3,L1,Profile
b5f403e3-8833-4b5c-ad30-5e7272725eb3,L1,Profile
b5f403e3-8833-4b5c-ad30-5e7272725eb3,L1,Profile
b5f403e3-8833-4b5c-ad30-5e7272725eb3,L1,Profile
b5f403e3-8833-4b5c-ad30-5e7272725eb3,L1,Profile
b5f403e3-8833-4b5c-ad30-5e7272725eb3,L1,Profile
b5f403e3-8833-4b5c-ad30-5e7272725eb3,L1,Profile
b5f403e3-8833-4b5c-ad30-5e7272725eb3,L1,Profile
b5f403e3-8833-4b5c-ad30-5e7272725eb3,L1,Profile
b5f403e3-8833-4b5c-ad30-5e7272725eb3,L1,Profile
b5f403e3-8833-4b5c-ad30-5e7272725eb3,L1,Profile
b5f403e3-8833-4b5c-ad30-5e7272725eb3,L1,Profile
b5f403e3-8833-4b5c-ad30-5e7272725eb3,L1,Profile
b5f403e3-8833-4b5c-ad30-5e7272725eb3,L1,Profile
b5f403e3-8833-4b5c-ad30-5e7272725eb3,L1,Profile
b5f403e3-8833-4b5c-ad30-5e7272725eb3,L1,Profile
b5f403e3-8833-4b5c-ad30-5e7272725eb3,L1,Profile
b5f403e3-8833-4b5c-ad30-5e7272725eb3,L1,Profile
b5f403e3-8833-4b5c-ad30-5e7272725eb3,L1,Profile
b5f403e3-8833-4b5c-ad30-5e7272725eb3,L1,Profile
b5f403e3-8833-4b5c-ad30-5e7272725eb3,L1,Profile
b5f403e3-8833-4b5c-ad30-5e7272725eb3,L1,Profile
b5f403e3-8833-4b5c-ad30-5e7272725eb3,L1,Profile
b5f403e3-8833-4b5c-ad30-5e7272725eb3,L1,Profile
b5f403e3-8833-4b5c-ad30-5e7272725eb3,L1,Profile
b5f403e3-8833-4b5c-ad30-5e7272725eb3,L1,Profile
b5f403e3-8833-4b5c-ad30-5e7272725eb3,L1,Profile
b5f403e3-8833-4b5c-ad30-5e7272725eb3,L1,Profile
b5f403e3-8833-4b5c-ad30-5e7272725eb3,L1,Profile
b5f403e3-8833-4b5c-ad30-5e7272725eb3,L1,Profile
b5f403e3-8833-4b5c-ad30-5e7272725eb3,L1,Profile
b5f403e3-8833-4b5c-ad30-5e7272725eb3,L1,Profile
b5f403e3-8833-4b5c-ad30-5e7272725eb3,L1,Profile
b5f403e3-8833-4b5c-ad30-5e7272725eb3,L1,Profile
b5f403e3-8833-4b5c-ad30-5e7272725eb3,L1,Profile
b5f403e3-8833-4b5c-ad30-5e7272725eb3,L1,Profile
b5f403e3-8833-4b5c-ad30-5e7272725eb3,L1,Profile
b5f403e3-8833-4b5c-ad30-5e7272725eb3,L1,Profile
b5f403e3-8833-4b5c-ad30-5e7272725eb3,L1,Profile
b5f403e3-8833-4b5c-ad30-5e7272725eb3,L1,Profile
b5f403e3-8833-4b5c-ad30-5e7272725eb3,L1,Profile
b5f403e3-8833-4b5c-ad30-5e7272725eb3,L1,Profile
b5f403e3-8833-4b5c-ad30-5e7272725eb3,L1,Profile
b5f403e3-8833-4b5c-ad30-5e7272725eb3,L1,Profile
b5f403e3-8833-4b5c-ad30-5e7272725eb3,L1,Profile
b5f403e3-8833-4b5c-ad30-5e7272725eb3,L1,Profile
b5f403e3-8833-4b5c-ad30-5e7272725eb3,L1,Profile
b5f403e3-8833-4b5c-ad30-5e7272725eb3,L1,Profile
b5f403e3-8833-4b5c-ad30-5e7272725eb3,L1,Profile
b5f403e3-8833-4b5c-ad30-5e7272725eb3,L1,Profile
b5f403e3-8833-4b5c-ad30-5e7272725eb3,L1,Profile
b5f403e3-8833-4b5c-ad30-5e7272725eb3,L1,Profile
b5f403e3-8833-4b5c-ad30-5e7272725eb3,L1,Profile
b5f403e3-8833-4b5c-ad30-5e7272725eb3,L1,Profile
b5f403e3-8833-4b5c-ad30-5e7272725eb3,L1,Profile
b5f403e3-8833-4b5c-ad30-5e7272725eb3,L1,Profile
b5f403e3-8833-4b5c-ad30-5e7272725eb3,L1,Profile
b5f403e3-8833-4b5c-ad30-5e7272725eb3,L1,Profile
b5f403e3-8833-4b5c-ad30-5e7272725eb3,L1,Profile
b5f403e3-8833-4b5c-ad30-5e7272725eb3,L1,Profile
b5f403e3-8833-4b5c-ad30-5e7272725eb3,L1,Profile
b5f403e3-8833-4b5c-ad30-5e7272725eb3,L1,Profile
b5f403e3-8833-4b5c-ad30-5e7272725eb3,L1,Profile
b5f403e3-8833-4b5c-ad30-5e7272725eb3,L1,Profile
b5f403e3-8833-4b5c-ad30-5e7272725eb3,L1,Profile
b5f403e3-8833-4b5c-ad30-5e7272725eb3,L1,Profile
b5f403e3-8833-4b5c-ad30-5e7272725eb3,L1,Profile
b5f403e3-8833-4b5c-ad30-5e7272725eb3,L1,Profile
b5f403e3-8833-4b5c-ad30-5e7272725eb3,L1,Profile
b5f403e3-8833-4b5c-ad30-5e7272725eb3,L1,Profile
b5f403e3-8833-4b5c-ad30-5e7272725eb3,L1,Profile
b5f403e3-8833-4b5c-ad30-5e7272725eb3,L1,Profile
b5f403e3-8833-4b5c-ad30-5e7272725eb3,L1,Profile
b5f403e3-8833-4b5c-ad30-5e7272725eb3,L1,Profile
b5f403e3-8833-4b5c-ad30-5e7272725eb3,L1,Profile
