id,tier,type
00000000-0000-0000-0000-000000000000,L2,Root
00000000-0000-0000-0000-000000000000,L1,Root
00000000-0000-0000-0000-000000000000,L1,Root
9cc46f3d-3227-4698-90cb-1902edd4bf5f,L3,Root
9cc46f3d-3227-4698-90cb-1902edd4bf5f,L1,Root
3f69db38-9a63-40b8-9e1f-9b614d73bb9a,L3,Profile
9cc46f3d-3227-4698-90cb-1902edd4bf5f,L1,Root
0240234b-628a-40e4-8dde-9cf7a9b33dc8,L3,Tweet
04805406-0c47-4aa8-9f65-09b22c79d62a,L3,Tweet
04903629-96cb-47a6-b0f2-16a3e3024aec,L3,Tweet
05ca3988-d4b5-404e-a987-f258a13d45e9,L3,Tweet
06165952-4469-4122-b429-6292aa6c0459,L3,Tweet
0719d2f5-3f11-4e35-941d-809b9e59e70e,L3,Tweet
0a9b2b5a-b3f4-43b3-b297-e0588690476e,L3,Tweet
0ab61b2a-6faa-46f7-bef8-25995c728ed8,L3,Tweet
0adcd175-1405-48ed-8912-93dd6a7eab99,L3,Tweet
0bb6f6ca-16d1-4b9e-b198-3e8ec6d8a464,L3,Tweet
0cb81983-7abe-436b-9e5b-e708ef7a2485,L3,Tweet
0dd939dd-3009-4ee5-b7d1-601a30acfb64,L3,Tweet
0e7f67ae-0302-4ccc-a69b-5fcddb303fea,L3,Tweet
0f1b0e4c-837b-4f13-8788-ee14f09c17de,L3,Tweet
14e5a506-c8e7-4014-8f11-88b799f9899a,L3,Tweet
15b29307-e49e-4511-9ea0-1cb59d2cd2d2,L3,Tweet
16edf07b-51a6-4945-bd64-26c6de07abb4,L3,Tweet
180c2a6d-2648-4662-ac0d-7b20105f49a5,L3,Tweet
18dc2695-b6d6-44c7-b551-b21fb0afc3dd,L3,Tweet
19ad04c5-4676-4ea7-b94f-1f674ac27757,L3,Tweet
1b0a1abc-19f1-4149-9e89-37f28bd1fab8,L3,Tweet
1b855bf5-4c71-451f-bdfc-af8acc1216a0,L3,Tweet
1c04156b-2ba2-48e4-a425-dce6174dc6cb,L3,Tweet
1c753d1b-c638-4b1d-b018-d02e4f82c1e5,L3,Tweet
1d1af7bf-34b1-4b5e-94e9-919104f6cd1b,L3,Tweet
1e41791e-64da-46ad-83f0-5eb1bf893451,L3,Tweet
1e6681ea-8e1e-4253-a997-aaa055597671,L3,Tweet
1eee384f-9aab-40ed-a645-fa3a243dda69,L3,Tweet
21b451c1-4af7-48fc-85b0-637651587cc6,L3,Tweet
21b5af02-ea3a-406f-8682-8cfec09add98,L3,Tweet
2330e5a6-db79-4fbe-b73d-518d52b1798b,L3,Tweet
233adb84-5e41-48af-aedf-e79356724699,L3,Tweet
234d5bfe-8222-47ac-8d4d-b5ff8512f2cb,L3,Tweet
24a0d5a8-099f-4d30-a59d-a58344f45d90,L3,Tweet
25bdc7a2-be26-4e9e-80bc-16dc4a78da21,L3,Tweet
26c9976b-40a1-4e91-96ae-998aa0c355da,L3,Tweet
26eb7255-5e62-4f6a-9f0e-b9cfa4870795,L3,Tweet
270536db-c8c5-4194-a0d1-cf71293f4849,L3,Tweet
274d4e84-8333-4eec-87e7-d889acbb707e,L3,Tweet
2a906d08-1a11-453e-a464-385714f057e0,L3,Tweet
2aa56067-5925-4b4a-b6ee-7120c98b032c,L3,Tweet
2c60a649-6bd7-437c-aa97-1168439eb72b,L3,Tweet
2fbc9395-6447-4f17-bf7a-071a7fcf3841,L3,Tweet
302a523a-ad51-4fe0-9af5-4ba5e6083a43,L3,Tweet
3040f557-ad1a-45a9-b5fc-8db39622652b,L3,Tweet
313d6ab7-f7d7-4d24-86d4-0feb2bf12486,L3,Tweet
313f52a8-77d7-4765-bee1-d44a4f072c67,L3,Tweet
3416520b-667c-4aab-8b20-15c881ef4642,L3,Tweet
3458fac4-a246-46c8-bad5-ce4abda59f95,L3,Tweet
34724072-b9b9-4204-962b-13657a4b5d02,L3,Tweet
359347a8-ac01-4252-bc9a-2bf62822d926,L3,Tweet
3743ffc7-5732-4d16-838d-9dd9145757fc,L3,Tweet
38899b41-a1bd-4b21-b7b6-406687260288,L3,Tweet
3a9b3ef7-60e2-4918-a14e-4ff822ba7405,L3,Tweet
3cebbd66-9878-434f-a5c4-534e6f7168c7,L3,Tweet
42d325a9-0bb5-45e8-b462-bd5db82d2f79,L3,Tweet
46a337a4-5d54-40ea-921a-b1e14c5ac3fd,L3,Tweet
46a7e0ba-46a4-4c2a-a82f-8ef925822239,L3,Tweet
46f7e68c-2245-47d9-83f1-172738494761,L3,Tweet
4cfda44a-037d-4a3e-a526-c619796cbc9d,L3,Tweet
4f415abb-af6f-4150-8bfc-d62d90eb305c,L3,Tweet
51c91a72-3473-49cf-a35e-dbbf03bd9440,L3,Tweet
52827354-5f22-4eed-8b52-9c6cac63dd83,L3,Tweet
532d1a60-b183-4781-b73f-ceb42626a830,L3,Tweet
53638800-b9f0-4279-82f0-5c386086c157,L3,Tweet
53969cfb-5258-46de-b6b6-c3366ef58611,L3,Tweet
54ed041d-fbdc-4902-927a-42e92b0ee0e3,L3,Tweet
56a80f98-90c8-40a7-addf-35ecf8e4221c,L3,Tweet
56bf9a01-714d-4d3a-93ae-2e3a8b926265,L3,Tweet
56cfc9b2-7380-4329-b787-2bbfa2e6100c,L3,Tweet
56d3a353-9719-47d2-a2d7-e38a09cefc49,L3,Tweet
57ca2e05-4aaa-40ec-97c0-c026fbfd92bb,L3,Tweet
58723aab-560b-40f9-bc46-5e0af2005925,L3,Tweet
589aeeb3-caa4-4c6c-a3b4-8a85c1fa6cfc,L3,Tweet
598faae1-7387-4b14-93a2-a322a98f18f6,L3,Tweet
59e99732-32e5-43fc-8b00-639f53543f54,L3,Tweet
5c3b2153-3ae8-4b73-913d-b590e17d74f4,L3,Tweet
5cbb8453-1233-484f-88f0-6d3295a66dc2,L3,Tweet
5ce0d7c9-3a15-4de3-a8c3-e965f8ce5913,L3,Tweet
5d599ab2-38b0-401c-bffd-85dcea2f0734,L3,Tweet
5dc4514b-6fbf-4f02-b1c5-464d1d7a08f3,L3,Tweet
5fff49e1-8689-4098-ae89-f8c9ae0edc70,L3,Tweet
601a01d5-7c79-44d5-b3db-4325565573b8,L3,Tweet
60ce9fb1-f885-4053-99d3-c19a6d5252c3,L3,Tweet
61d1446a-bb7f-41b7-93c4-48380e606fc7,L3,Tweet
61d8a15f-2851-4fe6-9472-f3d8aa283999,L3,Tweet
622b4301-b2c5-48a3-8212-a4085903e334,L3,Tweet
644400e3-1494-49c1-9f98-c47130440a54,L3,Tweet
64a84d89-67fd-4d77-ad6b-8f9734a9d811,L3,Tweet
66b20137-4bb2-4ee2-bd74-3da76808648d,L3,Tweet
682912a4-880b-41fe-91e5-f4e767b39031,L3,Tweet
6926d3a9-b212-46a7-bd76-400c8c12786a,L3,Tweet
6d1beb26-2327-440f-bd4c-49e10943620f,L3,Tweet
6e0d94e2-a21c-49ae-9276-246b96ada50b,L3,Tweet
6e3f385b-3128-44f0-8270-90893cf65cd8,L3,Tweet
7141b6b7-1fb6-4e26-93f9-3e6efff3fee6,L3,Tweet
720b64ae-c7b0-40c7-87d4-c92b2d540da3,L3,Tweet
735e8118-553f-4e7e-9427-3de7db95d86f,L3,Tweet
741eb415-4626-4cbf-bbeb-93f215e514f5,L3,Tweet
743b428f-67cb-4c21-bff1-dd02af961b24,L3,Tweet
753c8ddf-9f27-4f5e-abdb-9645255909a3,L3,Tweet
756f593f-7f5d-487a-ad44-4a5fd60646e6,L3,Tweet
76dccac7-b9af-4b44-8adc-812ad5e7c421,L3,Tweet
76e08f89-2bc7-4ecd-9a3e-f4bc1cb0b16c,L3,Tweet
7866f9dc-4859-4069-a7e8-e43651b893ea,L3,Tweet
79fd2764-5e1e-4666-a59b-630bbc1addab,L3,Tweet
7b03a413-05ce-4b16-8a13-bc59e18cd5f9,L3,Tweet
7e74cf68-291b-4d61-9108-624ddcebe289,L3,Tweet
812f6fde-4bd5-4145-a061-cbb0b42e74ad,L3,Tweet
81e81ebe-ab45-40e6-a03e-47fa219cf68a,L3,Tweet
82fde0c9-0e61-48ad-9ec2-b45722c22958,L3,Tweet
833a6a76-bcdc-4893-a173-9c698dae41c1,L3,Tweet
843beeed-c832-453c-9182-6cc4cb931925,L3,Tweet
846fcc33-c575-4f91-8c67-7fac3b07ae65,L3,Tweet
850195d5-b268-456e-ba35-4473ce33e1df,L3,Tweet
860dfc86-693b-4097-8b58-55ca3e3a0875,L3,Tweet
864019dc-65dd-47bd-9cb8-7b5c345f9cd1,L3,Tweet
88905079-8a02-49a8-968e-c780e20c55e7,L3,Tweet
88eb8420-22aa-4ea2-b79b-3bd839eed109,L3,Tweet
89fd011b-fed0-4c29-a14e-6df4f52c1125,L3,Tweet
8bd23543-ea72-43d3-a62a-cc1bd7b1a266,L3,Tweet
8d22bc8f-36e4-4306-9471-b5acf9e197a8,L3,Tweet
8d987626-8263-4992-9ecb-585b630b485f,L3,Tweet
8d9e1663-0337-4f24-be2a-e6535f1001d7,L3,Tweet
8dec0994-fc3c-4108-b368-0d8c5f3b32e1,L3,Tweet
8efaa4f2-e121-4c52-8ef0-0ae9c89c6a62,L3,Tweet
92120d24-f5d4-4881-8ad5-358c7ee3768c,L3,Tweet
94ae44e7-4ba8-44f2-ac81-4873522f11ea,L3,Tweet
94dd33d2-ce91-4400-a268-81beff9b1c84,L3,Tweet
955dbffd-8b96-4ef8-bd0b-512be16c3d64,L3,Tweet
95d692fe-531e-49ee-99b4-382af69dfc6d,L3,Tweet
97bf1456-160e-4194-89fd-9e97f3f1b14c,L3,Tweet
97cfa58b-6180-4b70-8693-7a5237e35182,L3,Tweet
99dbfab1-dfb4-47e6-af91-b8c8032d88cd,L3,Tweet
9ac30d71-ebae-4e59-bf01-721e4497284b,L3,Tweet
a4ce49c1-2f7d-4480-9bae-1bba05420d40,L3,Tweet
a5f563ee-14b4-4d37-bbda-748108c6b7a2,L3,Tweet
a7911bda-17d0-4516-a54a-49e6b9927d76,L3,Tweet
a7a8b210-df7a-487b-b428-e31ab31e3345,L3,Tweet
ab499cef-e890-4d47-83d8-15dd50d7bc08,L3,Tweet
ab7a196d-87bc-433f-91d1-e28751c7184b,L3,Tweet
ade277d4-5a25-4f58-b21e-19480e5cd3ef,L3,Tweet
ae3496f2-63c5-4a82-9f0a-0e2d793e0659,L3,Tweet
af74d6bf-8e80-40c5-b5f6-558fce50979a,L3,Tweet
af81ce3f-dc1a-4237-9a14-a3d608f18517,L3,Tweet
b15d0158-8ce2-47d6-81a4-b6fbc40071e2,L3,Tweet
b82830d7-8755-4438-8d48-4dbf37ba9be5,L3,Tweet
b9574a8a-cb85-407b-a2eb-dc018a7580c7,L3,Tweet
b991755e-6750-4f8e-ae35-a59fd96eea63,L3,Tweet
bb280b01-6d77-41a2-b7d1-0d41d529efda,L3,Tweet
bc419704-f356-4a96-bc72-ca08370cd302,L3,Tweet
bd92810d-d49d-447f-9659-9cd8f14b7a14,L3,Tweet
bdfd2f6a-165c-4420-bd52-2a3b76b88801,L3,Tweet
be9427a1-1206-4145-ae13-bacf1416ac51,L3,Tweet
bf19d9fb-c49d-4f36-b68c-8fcb0eb6c21f,L3,Tweet
c0e69ce6-b6be-47eb-a228-ca5f8cd0b47a,L3,Tweet
c12938ef-9881-46c7-af06-a8be0b30a1a4,L3,Tweet
c1d4e5a4-9776-40fe-b3b0-52f0d6fc5ca2,L3,Tweet
c3ded499-52bd-446b-85e9-0e9775d36811,L3,Tweet
c42e6ea6-f628-4aa5-b02f-716c6bb46308,L3,Tweet
c44f9fc4-1193-4109-826c-d42aa6aab0ba,L3,Tweet
c5aa4866-1425-4d2c-8074-de0d51033343,L3,Tweet
c7bdb912-45ee-4251-a93b-18b50534d11a,L3,Tweet
c95e2baa-8c90-431d-80e3-3c60b958fae4,L3,Tweet
ca57196c-d367-49cd-948b-868fd1f7b9ef,L3,Tweet
cb29c22c-12cb-4618-b689-3978ac1e8ea1,L3,Tweet
cc9c5f90-6cd5-4a63-a40a-e27e52595d2d,L3,Tweet
cd4fa4e1-b8f6-4854-ad0e-073f0c6b27b0,L3,Tweet
ce330cb5-410a-423b-b854-15a169069b63,L3,Tweet
ce4123a8-0b7c-4c62-8df3-8ee934705a35,L3,Tweet
cee02445-bdc9-4305-95e3-eb634b3e5323,L3,Tweet
cf287a43-61e9-4837-8d56-fa76b515c04a,L3,Tweet
cf3032e0-805c-40a3-9855-30ea613f0d43,L3,Tweet
d06be8ae-37f5-4fe9-bd82-4a9c939c6b65,L3,Tweet
d0be592a-bed3-4c95-8be9-4105f8a1079f,L3,Tweet
d18a4707-082c-4a38-a737-994d5e7f6300,L3,Tweet
d1a304df-ac6a-408d-91a9-4aeb261688d8,L3,Tweet
d6d13426-e688-4b77-9fc0-cbeb4a033adc,L3,Tweet
d9278f7c-aa3d-4cd0-825a-132ffa643d28,L3,Tweet
d955135a-ff09-44c9-bffd-ea2ebd2460f8,L3,Tweet
d9c88d2a-6be3-4173-a78d-3beed760e2da,L3,Tweet
d9edee23-cadc-4082-9935-52264b4674ae,L3,Tweet
db805f1a-6613-4fb2-a37f-5dd0eb6d6b08,L3,Tweet
df95153d-ee63-4ba5-b392-c561e02eb82c,L3,Tweet
e1c389c3-0d98-46f3-bf09-5d001564b655,L3,Tweet
e2c2111e-9016-4a3d-8030-6ac1f97b81bc,L3,Tweet
e30feec6-36dd-4d04-909c-6173993a6196,L3,Tweet
e5a42d9a-3986-46aa-b1b9-77283f3988b5,L3,Tweet
e8516030-1a26-479b-be1c-a8cd8f8d7cef,L3,Tweet
e8d98541-1e50-47ed-8007-9daea00f02f5,L3,Tweet
e90609c2-6ccb-4bce-add6-938cc20fc104,L3,Tweet
ea0645da-e9c3-4547-8cd9-93081bab71a7,L3,Tweet
eb2f0110-1d8f-4a20-af0e-5405427309e8,L3,Tweet
ecd234e6-aa94-4be3-820c-7da48df4d9ed,L3,Tweet
f0113aae-4b28-42bf-80c7-7355e3a92c23,L3,Tweet
f338ff62-0742-4cca-8443-402a6142240c,L3,Tweet
f5d4d004-9fe5-49b9-ba8f-917c684d8c28,L3,Tweet
f6909198-9a95-4a7a-82a9-13722d9e3cd6,L3,Tweet
f890ae87-e7f1-4a1f-a3f4-65c75a4e3e96,L3,Tweet
fdb75d8f-e1c1-471e-926e-c24e186cc3fe,L3,Tweet
9cc46f3d-3227-4698-90cb-1902edd4bf5f,L1,Root
9d080c0c-571a-4f2d-8136-a8bcabd3413e,L3,Root
1b4a9590-4d53-47a4-a492-7b57ec0c29a4,L3,Root
64efc8f3-828e-422b-a714-2bcf92d0fb39,L3,Root
2ef1dfb3-bfdb-401c-9d4b-2650a4828864,L3,Root
4eef7be2-63a4-4adf-ab5e-318f2a977c0f,L3,Root
f31008dd-afcb-46e9-82e8-19485e39c3b0,L2,Root
c863b993-4409-4c26-b9b1-6102ac3b7877,L3,Root
5c96f70c-44b9-4e6e-829a-bd240e29595f,L3,Root
3bf7a4be-e51a-450e-9f7f-e29a0876d55e,L3,Root
7798286a-f352-4c75-91cd-685c5ea88e57,L3,Root
02863f58-24b0-4d38-b598-ac2713aa849f,L3,Root
9cc71ba2-9917-4601-933f-d734ae733c68,L3,Root
0f4daa19-a82e-4a2d-b526-0f6860a9c1db,L3,Root
e6a77707-ba6f-4263-91d4-1532420820e2,L3,Root
0d5fad5e-5f82-4986-bbf4-d00d6301c5e9,L3,Root
cd6c5409-974d-4c7b-aca2-733a33993871,L3,Root
03714006-2d49-4ea0-b009-826b04b0f060,L3,Root
e9c3b08f-7576-46b1-9dd5-54822174b99d,L3,Root
b48747f5-f025-4157-8624-c17825b281da,L3,Root
5bf7add0-cadb-4543-a3cd-dc666c7c6f66,L3,Root
d6fb3510-afa2-4292-832a-66f6e3baecf7,L3,Root
daa6e34a-16ae-46a6-9b85-ede31409a619,L3,Root
51864e4c-5d08-4c4d-bc88-c0dd40d927a5,L3,Root
5c46435f-b8b4-4119-9a27-9cfe11a6a992,L3,Root
17b1e9b9-ebe5-4048-a5c2-deafee1058af,L3,Root
a3846724-d8a1-4613-9335-2b964132dd13,L3,Root
5370558e-3939-42b2-95ea-a616289b6247,L3,Root
8f0e5ed6-43c3-4e85-bc04-ac1f91b12194,L3,Root
a040c3f2-a1b6-401d-a514-0e1d51f4221b,L3,Root
f7efc2db-ef55-43ca-928e-0cea04a28a80,L3,Root
24781311-60e9-404b-b844-34876c9025c1,L3,Root
14c50883-4b87-42d8-8597-4d4841676016,L3,Root
272aa4d4-c685-4ce3-b8cd-9a588c3dfe41,L3,Root
ce316e6a-2d86-4c07-a5c8-2ab52b6b8e28,L3,Root
c9e22bbf-da4a-416c-ad96-e35aefae64ba,L3,Root
0df1b61b-c1a8-46df-840b-5cd5081bcd7b,L3,Root
cd3c0833-5f7a-4bf1-8886-bd95420fff53,L3,Root
2bab7071-512c-4305-a114-2843a4946587,L3,Root
cd3a6756-40f2-49d6-a9d7-33821ce115dd,L3,Root
7fa872e8-175b-407f-a908-88c214d3e926,L3,Root
7d51868e-ecfe-4f97-8aae-5597be73d70f,L3,Root
7bbeb764-0d3d-4c6c-a96c-b549a0a93612,L3,Root
b808391c-1b7b-4d51-86cb-6c4ff46f3219,L3,Root
086f8d5c-ea1b-4c50-807c-a0242baa1cbb,L3,Root
9e61e55c-c976-41c2-b4d6-197976a38148,L3,Root
793e55c3-afd6-4507-9501-7a18f1468689,L3,Root
7c981ba5-d2db-4884-81d5-89b1804c4688,L3,Root
e7964759-b9ad-4c6b-805a-dc677fd2094e,L3,Root
87f42250-4f8e-44c8-b103-5c2ba2a1b8f5,L3,Root
7ea3dabd-dc10-42ed-adef-f521d277dd5a,L3,Root
0013dede-3f1d-462a-b98b-ac198eb23a9f,L3,Tweet
00282760-f46d-4e5c-81d1-e260fbb8e2c5,L3,Tweet
00285f01-f4b8-47a7-a878-b755426ba566,L3,Tweet
0028b198-2d7d-4df2-a97b-d4be7d29284b,L3,Tweet
002cc746-b4c7-4521-99d4-c0122ba0d1ca,L3,Tweet
002f4dea-1e1b-4c2c-a966-151aebbe15ca,L3,Tweet
00344797-cb0c-42d1-8538-795e9b48b07b,L3,Tweet
00411d20-1b65-4ca8-8301-f1776d82e45c,L3,Tweet
0048be39-ebd6-4b30-96df-8877825bdcf1,L3,Tweet
004ab49e-4791-4b9c-b977-b27052954221,L3,Tweet
0050c064-caf2-4e62-bf59-472e3a6b3fdd,L3,Tweet
0059f214-424e-4887-a337-f457e849d4aa,L3,Tweet
00707ffd-71dd-4234-b2de-4a1099d7b847,L3,Tweet
00748a8d-8e22-4efb-b711-06f0c8f0c607,L3,Tweet
007d9ca7-0a62-48fd-8ab2-ab8e119f305a,L3,Tweet
007e1962-dd9a-4dac-a3c1-7f258a943f0c,L3,Tweet
00890247-015d-496e-a51f-1e71999ad1c1,L3,Tweet
008e602f-9bc4-4c35-a14b-b9a738c228b1,L3,Tweet
0098a13a-5a00-4d1a-8f43-336b78f32a83,L3,Tweet
009b100d-85a0-476f-a20f-c395a823ed85,L3,Tweet
00a366ce-dbb7-4143-a5ae-0278c8ab556c,L3,Tweet
00a6d15c-a964-41b9-b8ca-4cb72dd984a8,L3,Tweet
00b1bbf5-b4e4-41ff-bd82-9189c8a6a40a,L3,Tweet
00b9794f-092e-433a-8396-95780ffb4f21,L3,Tweet
00bdd8ec-68a5-4809-b5fc-5788c971d324,L3,Tweet
00c7bada-282d-4a29-ad2e-7b5c764ec347,L3,Tweet
00e5bd7e-b03b-4eab-9f8b-e9a7c0c919b8,L3,Tweet
00ea12b9-29a6-4b4d-ba4d-7bffcfef43dd,L3,Tweet
010b4d25-f865-4627-86f8-b9c37b1965c4,L3,Tweet
0114a9d0-5e3a-49a4-9009-e97d9c3348bd,L3,Tweet
0118eeed-c65e-4b2b-81a1-86f32d483326,L3,Tweet
011a0cdb-9737-43d0-8e55-30cc0b023856,L3,Tweet
011baa86-050c-45ad-8aee-9dd0402c64a9,L3,Tweet
0121e465-062d-482a-a04d-00bf41de2c88,L3,Tweet
01262f1a-2984-4d62-b6fb-9f143f8ae4c7,L3,Tweet
0127a36a-c338-4154-842e-00a5b3b2aeb3,L3,Tweet
0130d00c-8ad4-4f72-9fe7-10ca72e0773e,L3,Tweet
0137824b-4888-421d-b747-c0815423616d,L3,Tweet
013bb8c5-5ce9-4320-84ac-4e2032ba5066,L3,Tweet
0145e3bb-2b03-411b-9cf8-2e97d1df3edb,L3,Tweet
014a5930-7d32-41af-8bce-8e0047aa7c53,L3,Tweet
01559592-d16c-43cb-a449-f2cd86778beb,L3,Tweet
0155a548-4e38-4c9b-bf43-d88fafa3e648,L3,Tweet
015ab596-2eaf-425d-a9b2-c79e7a360108,L3,Tweet
0162138b-635e-4d4c-b89f-98f184b7de06,L3,Tweet
016b25f8-6557-4f0e-ba4a-c9d6b8915408,L3,Tweet
0178c031-4ff7-4863-8af3-7a24606de3d4,L3,Tweet
01828ee5-2aee-48a2-9e60-e1b0cfb1ad0b,L3,Tweet
01898c02-b12d-4d4a-ad65-071bafce7a4d,L3,Tweet
018bf8db-20d1-4464-b61e-3540c779f98b,L3,Tweet
018fa380-fc12-47b1-a616-d76c5e6eabe1,L3,Tweet
0195bb90-dc2a-413b-a729-9753b431fe60,L3,Tweet
019f23c4-052e-4687-9823-995b91f04a43,L3,Tweet
01ac5ab9-ee8d-4d4c-984a-cc3eb80f1d4d,L3,Tweet
01ad4b2c-cdb8-403a-961c-8b3f4d8e4e3c,L3,Tweet
01bd4036-3c55-4459-bb6a-b6a2d890363a,L3,Tweet
01c38169-a88f-4ff7-8d8f-92e013b4e9d8,L3,Tweet
01d1b4fe-a3a1-4062-984c-342847ab6dbf,L3,Tweet
01dbd9c9-c2fb-424f-ae8f-e7fe0edb5572,L3,Tweet
01e2a87e-b348-4926-b3c2-eac29b110fdc,L3,Tweet
01e3f892-c3b0-40d4-8368-fd6d5a033c4f,L3,Tweet
01e659be-e0a8-4e3f-8ea7-eb535521d92b,L3,Tweet
01f07d81-5703-45a9-92bd-da3fd16c2cb9,L3,Tweet
01f2a8d0-5457-4073-ac4b-cdfef0932270,L3,Tweet
01fdd093-020c-43c2-ae21-2b839ec7bc27,L3,Tweet
020700f4-5a3e-4da4-af79-38a5cd27e999,L3,Tweet
020702d4-7fc8-4506-88ce-aecab2bcd9e8,L3,Tweet
0207c834-307e-46a4-993a-111278b475b4,L3,Tweet
0209af9f-9cb1-4611-813a-caf608821762,L3,Tweet
020d7dfa-4e4c-42fa-b15e-eeb36c0db235,L3,Tweet
02136463-991d-443f-8053-5c7f7b54a699,L3,Tweet
021a3f49-b12f-46fb-a223-79b85d9e850e,L3,Tweet
02205a95-8100-4612-a886-bec40196f469,L3,Tweet
02284448-2c5e-46ef-91c5-7012c3c068d5,L3,Tweet
0229b7e3-e286-459a-86e5-873d2bfc4ff2,L3,Tweet
024101d9-52af-4f2e-99e4-e7fdb60d8a81,L3,Tweet
0241a54c-7907-4291-99ab-01b5b6fda068,L3,Tweet
024da16b-b764-4835-a181-6ae0467ce11f,L3,Tweet
0254eddd-c3aa-4485-b5bb-410c517c7ce0,L3,Tweet
0262a4a9-b36b-49dc-8957-77bf740a5c61,L3,Tweet
0267f3e0-30a3-4560-aa99-b60403f4fab3,L3,Tweet
026b784f-ee5d-4f38-bf6a-2ddba8d23ce0,L3,Tweet
027b0280-d83d-4520-a76c-1a320868e82a,L3,Tweet
027d1d68-cdde-429d-b399-a819ef779917,L3,Tweet
0281f630-cfb1-417e-a67c-8dfa243f7f48,L3,Tweet
02850617-0c57-484a-b96e-fea63a7f0aff,L3,Tweet
028a453b-a803-4dad-be1d-b97f26a5d3fd,L3,Tweet
028ee97c-e3be-4ed0-a326-7972e77e5c95,L3,Tweet
02954e86-bb93-4c4b-ae27-0c9eef42a81b,L3,Tweet
029e9be9-3bb5-4be8-b424-276768424c7b,L3,Tweet
02a9e6d9-1322-4519-8a87-aebc503d69ff,L3,Tweet
02aacee5-c163-4bdd-a887-cfe633a1d991,L3,Tweet
02b3ef4a-1dad-4d16-b2c9-3904dae98807,L3,Tweet
02bb600a-398c-4b5d-9f52-d432fba7d27d,L3,Tweet
02bfbd80-da2e-4503-a1eb-5f10b08f7eea,L3,Tweet
02c84f8c-2e8c-42ae-a1b1-a2ad6df3ebd1,L3,Tweet
02c950e0-6150-457c-8428-16018de8088f,L3,Tweet
02c9e6b0-5d09-4d04-b642-e4de19a336cc,L3,Tweet
02ebec04-2b01-4e1d-8a39-6385b914b3f1,L3,Tweet
02f26893-ebdb-4fac-bfd5-4e429ff0a3fa,L3,Tweet
02f49dfe-3ae7-479c-98ed-d7540842106c,L3,Tweet
02f74bff-7a7e-4c40-985f-a1de02ac492a,L3,Tweet
030312d7-3133-42e0-9142-b01a876df873,L3,Tweet
0303ec2a-d762-4b39-b1c5-d7a450158853,L3,Tweet
03047370-c561-45fb-9b1d-47cd214369ab,L3,Tweet
030b229d-a0c8-465a-87be-5e59b9afa480,L3,Tweet
031761f4-db53-4e06-96c8-852a8644e5ff,L3,Tweet
03186c1d-3adc-4f75-a673-13837f7c2ff5,L3,Tweet
031b0399-78b8-48cb-bbbd-8d6f83e716fd,L3,Tweet
0320c4cb-d659-4ea4-af65-599bde03027d,L3,Tweet
03238332-6229-47c3-bebe-b052c32fdaab,L3,Tweet
0323da8d-1fac-4248-a741-8d638b41f040,L3,Tweet
03345c5c-f0e5-4fa4-8d3a-f79e60f32cc5,L3,Tweet
0334b02e-bf38-43a7-a1a6-4fea40f7993a,L3,Tweet
034556f7-96b8-44e5-a58f-027676e4509e,L3,Tweet
03510b38-cc14-46b1-a44b-4f2be9982957,L3,Tweet
035dffd9-edb7-4312-bdfd-776c8a5e9750,L3,Tweet
0366418f-ef8d-4cf0-aa49-b03c15ec8e6a,L3,Tweet
03691fb0-c268-4a1a-b89e-7df21121e012,L3,Tweet
038213f1-e5eb-469d-b60b-79cbfca13bdf,L3,Tweet
038935bc-dde5-445c-b603-fd5e8dd17819,L3,Tweet
038ab5f1-ddcc-4138-8e58-7c8b2f2016d1,L3,Tweet
038deb0b-0e82-4485-b024-6cfab59eb10f,L3,Tweet
0390100b-80b7-4f02-85be-7b4ef3a1a0b2,L3,Tweet
03987035-a7c7-4852-8fdb-2c93ea8d36c2,L3,Tweet
0398e3fa-9d1b-4d74-9c00-b87b26dd7c2c,L3,Tweet
039b339b-8ce1-4b9d-a97d-3e425c505684,L3,Tweet
03a0ae13-3dd6-4c3e-9c57-31f4d2df708b,L3,Tweet
03af7604-d9c9-4816-92f9-596eb31fd0cc,L3,Tweet
03b0b52d-94e6-4a6f-bf49-00e9a35c6f11,L3,Tweet
03b2c3cd-28e0-4c4d-a04a-9698233b66a6,L3,Tweet
03b30049-2323-4761-af8d-7759b0899955,L3,Tweet
03b94033-7067-417b-9262-a62928a10042,L3,Tweet
03c48eb0-7e25-4c52-8169-2a7bdc632e70,L3,Tweet
03c5609f-b1c4-4e03-902c-4bbeaa146a4b,L3,Tweet
03c8becd-b0cd-4c91-8d03-c882851c7688,L3,Tweet
03d44665-4159-43fa-a317-b531cfaa0941,L3,Tweet
03d524f4-2515-4a2d-bc82-8064162f743f,L3,Tweet
03dbfe85-b3a2-4138-ba7a-082d6e978fd1,L3,Tweet
03e637a2-cf21-4c4a-a953-0e39b369eef3,L3,Tweet
03eb3ad8-fad6-47b1-a7ab-d28b16fece55,L3,Tweet
03f146d9-9819-416d-9acc-ead978f0e7ac,L3,Tweet
03f803c8-e0c8-4301-a62e-58bf4a7aea7e,L3,Tweet
03f8bded-096e-43b6-8b06-f6d426b17aa4,L3,Tweet
04102853-866a-4b68-b4e2-803dfcc7cc9b,L3,Tweet
04170b37-6fb4-46b2-9e5e-74e8bd6b10dd,L3,Tweet
042d6a66-9e3c-4701-b8bb-0ee351f47d72,L3,Tweet
042d8ac3-71d5-414b-9f53-0a254809e1d9,L3,Tweet
0433acce-599d-402c-a5b1-e469d2083567,L3,Tweet
043b40c8-3019-427d-be1d-9e8810fcf7c7,L3,Tweet
044506d7-fd76-4b8f-a137-4c3c36729512,L3,Tweet
0449fa99-8215-43f1-b64f-8140425ac21b,L3,Tweet
044e5063-b4de-4a47-92ac-9bc8c0c4e5bb,L3,Tweet
044ee8d3-e8d2-4485-9b91-e53056f4485b,L3,Tweet
0452d3ef-84ba-440b-be01-f1156f97820c,L3,Tweet
04562a28-00b9-48c3-9171-45823656b223,L3,Tweet
045aa1cd-d766-4f6d-ae6a-0c0b0bad9001,L3,Tweet
045b1b8e-2033-4693-acfa-4dff1c9ccdaa,L3,Tweet
0465d4cf-657e-4445-b4bd-e63c29a96904,L3,Tweet
046eb1ad-8018-4233-bdc3-4654e9c66dee,L3,Tweet
046eed49-7ef3-42b6-a637-4131a16011d9,L3,Tweet
047bc22f-f37c-40a5-8647-babc591128e3,L3,Tweet
0482180a-7c06-44ec-84b7-581e66281f65,L3,Tweet
048caa29-c7e1-408d-b3f7-35c34611e6c0,L3,Tweet
04a3f9b5-8c70-4ebb-88c4-8a1c19a37ce4,L3,Tweet
04a92943-0287-486c-954e-a43db922b37c,L3,Tweet
04ad012c-4f9c-4bb2-a9a0-50de638d609f,L3,Tweet
04b97c6f-5c77-4079-8ac8-e6a14559f042,L3,Tweet
04ca73d6-3be2-49b7-9b63-97c5a9976240,L3,Tweet
04ce410c-c4ab-4a18-8f35-193831754b0f,L3,Tweet
04d1f3c5-6191-4d5a-9eb4-ea72c9402fb6,L3,Tweet
04d22f85-93b7-4d13-9b68-b6d631786c1f,L3,Tweet
04d9ad37-4cf3-46b7-bd21-53977701b33c,L3,Tweet
04da9d1d-471f-4335-9e58-2935c48d110c,L3,Tweet
04eba939-a8fd-40f9-ba9f-340f68fec4f8,L3,Tweet
04ec052a-f824-4c45-a895-d0811f9fcd7f,L3,Tweet
0500cf29-dea7-4d2d-a610-354037235293,L3,Tweet
05130f99-9ac9-49bf-bb0a-e3b2800a7e8b,L3,Tweet
0517b412-6768-4411-85d4-5d0b0d00ac85,L3,Tweet
051fd65a-a72d-4eac-846e-b8e685c55542,L3,Tweet
052496e9-89d1-4d12-addd-22fc31f81094,L3,Tweet
05319858-c0ce-434c-a463-f7edef14d425,L3,Tweet
0538b3a4-fdc8-4ec0-af79-85affff534b7,L3,Tweet
053af8ba-564f-4b46-887a-4cdc9d098f3d,L3,Tweet
0549a99c-1ad1-43b6-982f-aedf1f4fd083,L3,Tweet
054c8123-a550-4534-9ff2-b3b4a07f6695,L3,Tweet
05585fe2-5a43-4724-8970-d087886af36a,L3,Tweet
0559a6c0-dceb-4d16-9ef9-d2d93a51303c,L3,Tweet
0563f1e0-4655-42d5-b121-c1b0b8869f74,L3,Tweet
05687d4b-b3a2-4ca6-8120-af555143712e,L3,Tweet
056bb109-089b-48fb-9f43-ad589c5fed63,L3,Tweet
056c80e3-bb18-45c1-acf1-c4a9704299ee,L3,Tweet
0577cb39-f257-4348-a5c8-e535c4a359b9,L3,Tweet
058047e1-243b-4921-b127-dd98fdd2bdb2,L3,Tweet
05875c00-b6b6-4f5f-9f07-ea48d656d004,L3,Tweet
0589d09a-4f58-4282-ad71-1f128f6a0a0b,L3,Tweet
058e3eef-5d8b-4b82-8047-b79aa3c54a92,L3,Tweet
0591b2fb-e70d-4f8e-8374-d0ce62d4299a,L3,Tweet
059e4be6-63b4-403e-aed4-010f89a88678,L3,Tweet
05aea0c7-bd1e-4383-9976-1fc34290e252,L3,Tweet
05b11321-2106-48c8-9e93-43e223e489a0,L3,Tweet
05c18a42-9b5f-437b-80fb-8a076e23fcc3,L3,Tweet
05c2689d-9edf-428e-a4d0-143a0b4b889d,L3,Tweet
05ce5644-1feb-4010-acd8-936c7e6b8818,L3,Tweet
05d48dfb-7471-4f11-83f7-576a1ee94205,L3,Tweet
05d52c20-fc1b-4468-a7ff-209dc5baf6b8,L3,Tweet
05d679b2-43cb-4d45-8aae-dbbb87fc9e27,L3,Tweet
05e4f88e-726c-4dff-97fa-de5b7c98272c,L3,Tweet
05e9f257-abdd-4f1d-8865-8ca761a93ac1,L3,Tweet
05ed043d-1573-4034-9178-b7f34d338115,L3,Tweet
05f1fe4e-36f7-4579-8924-bace7492f324,L3,Tweet
05f6ed03-e6e5-4fcb-b15c-71af442398a4,L3,Tweet
05f6f9ad-1329-4c42-8e0c-207dbae6dfca,L3,Tweet
05ffca0c-8ef0-464f-99da-aa11f11fa69d,L3,Tweet
06042921-dc71-4562-b075-99a2579a386c,L3,Tweet
06044de2-ea42-445d-b1a6-9354ed6227cb,L3,Tweet
0609eccb-1013-476b-ac11-09de81fd33d2,L3,Tweet
0613bfd3-76b0-4cc7-82a4-da3b8a7a958a,L3,Tweet
061b8b34-7ad0-4c8f-adef-f560a9c23eaf,L3,Tweet
0626377e-146a-40b3-ae31-0d130b04e510,L3,Tweet
0627340a-9e69-4a8b-bcb3-43867d78094d,L3,Tweet
062897a1-7a22-4c9b-abf2-1d67314ca1b9,L3,Tweet
062a06cf-ff27-4de5-9b8c-5533784bfa30,L3,Tweet
062d5b92-505b-43d5-9301-297511b3352b,L3,Tweet
063317a8-8a81-4e18-af24-19d84aa01176,L3,Tweet
063aea19-7ad5-4c43-ab14-58d73548d678,L3,Tweet
06426328-3877-4bdf-a0d4-505fb43be520,L3,Tweet
064420f8-62c2-485e-bf2c-1d2f370671f3,L3,Tweet
0644feec-630b-4c76-990d-5ac0cf726089,L3,Tweet
0645fa12-0d7e-44b0-bb12-ba79c7cfbe6e,L3,Tweet
0646002d-dacf-46c7-94ed-31e6f76b1cef,L3,Tweet
064ff4d7-2095-4204-abb0-ce9f0f0f5b2b,L3,Tweet
065555b0-7def-4799-bb07-39c8de66f8db,L3,Tweet
06563250-17ac-4954-a352-f2c0c0e2d345,L3,Tweet
06576df8-11dc-4ba5-b4ab-801a56dea020,L3,Tweet
0669b28b-aea0-49da-aa25-f5fb448e1771,L3,Tweet
066a5aaf-2b92-4284-98ca-32bbbae08e30,L3,Tweet
06720da3-bf35-4072-bca1-4c79292bdd15,L3,Tweet
0676d414-3170-4898-8b5b-f477ca08cf3a,L3,Tweet
067e69fb-6ebe-4afb-a72d-d04e30bb5258,L3,Tweet
067eebdc-874a-42eb-87d3-0f8be570607c,L3,Tweet
067ef0cd-a575-44e5-a378-f11a6dcc7e3d,L3,Tweet
06839fa7-d90e-4bc9-a323-ec730c3a079b,L3,Tweet
068c990f-8e40-4011-b9e9-b8a1fba13725,L3,Tweet
0697fe83-a83a-4b2f-b30b-5b31b2e0dd61,L3,Tweet
06a55c5e-fa1c-475e-8328-822f3efb2996,L3,Tweet
06acce50-723c-40d2-887c-c21e8c8637a9,L3,Tweet
06adc3a9-775c-4abe-beff-14178d3b3649,L3,Tweet
06b0ded6-4af6-437e-ac3b-74f78f940f02,L3,Tweet
06b20ec5-cfc4-4ef3-b677-e2ea9fb5ea80,L3,Tweet
06b4298a-d716-460e-a8ef-81ed7ea39e79,L3,Tweet
06be103b-a6c1-46c5-86ae-b667771546d0,L3,Tweet
06bf8c9c-6d66-464e-8dee-7fb43c2b4f50,L3,Tweet
06ceb62b-5ce2-476e-9703-44c3d29acaa3,L3,Tweet
06e0e331-7f21-4d9d-b2a5-3b313811c178,L3,Tweet
06e87aa9-fa82-4686-962a-c52cfd9b4cc6,L3,Tweet
06eaa0fe-a5e1-4a59-b031-19869900cd72,L3,Tweet
06ee0064-180e-4ffb-8f3d-8a27cb761895,L3,Tweet
06f12242-df69-4ca0-844e-da832a801066,L3,Tweet
06f77459-77e9-4b88-a701-67774c989749,L3,Tweet
06f8ffb7-0cc6-44ec-9d25-5cdb8b143099,L3,Tweet
06fa117e-87a8-4b9c-962c-632081f8a975,L3,Tweet
07029eae-0a73-4aa8-9c78-68fa93ce9a30,L3,Tweet
07045b0d-abad-4e75-801a-f957f5d9bf32,L3,Tweet
07084f38-4e68-4c2e-8535-03ec339f8f34,L3,Tweet
0708b218-8514-414f-9734-392cb5f49927,L3,Tweet
071fd4f5-d54f-40b3-ad28-f1270944e13f,L3,Tweet
07279043-e68c-4e50-9a87-e16d0e088efc,L3,Tweet
0727bc1c-72d6-4a30-92b5-8133a1c2435d,L3,Tweet
072bea8e-c0e4-41fe-9b5f-32c76580007f,L3,Tweet
072f6dfc-f35c-46f2-a380-6781c7e3fd88,L3,Tweet
072fe8d4-57ad-4128-ad9e-e00ae56ca9d8,L3,Tweet
0731928b-0f7f-4e18-b65a-81f978154e0e,L3,Tweet
07384f29-a9b1-4ca2-ab5b-0e95dc2013df,L3,Tweet
07394dc4-9597-4e36-80ad-bca2dad9e8e9,L3,Tweet
073ba9bf-8ed5-48e9-b33a-a0bd69a23b7a,L3,Tweet
073d4f2a-a8a4-4d7f-a486-1a2f2e2d67a9,L3,Tweet
07460a13-9136-4843-9631-4ce065ec22d5,L3,Tweet
0758fcb2-2203-4b67-8cd4-151d8265ccd0,L3,Tweet
075f9450-1ec4-496e-b457-1737599dc9a3,L3,Tweet
07610833-275f-44b3-ad26-1f4b4bebe5c7,L3,Tweet
0771e375-ff37-43b6-a4fd-0a2fa130ac85,L3,Tweet
0771fbaf-bebc-480f-b106-d7e79e3f061c,L3,Tweet
0772816d-4bea-499a-9a19-284cdaf4efde,L3,Tweet
07773a89-da77-4668-bcf7-5b193ab9b9a5,L3,Tweet
07880bd4-4d7f-4889-8d10-59836fc3ed76,L3,Tweet
0788a112-4564-4729-ab96-34ea887acac9,L3,Tweet
07938f8b-25b9-4acc-adf5-f1aa43f4a16e,L3,Tweet
07963bbc-1db9-41bc-9c1c-009c06dbb465,L3,Tweet
07a31596-c543-472c-b1c6-25d18fce9406,L3,Tweet
07a38cc2-b1ee-40e1-8d6f-4b61f00d51d6,L3,Tweet
07aaea5b-0dd1-43d9-af0d-a0c753f02e5a,L3,Tweet
07ab81f1-ff5b-4cb9-a379-c4001d7f7d1f,L3,Tweet
07ac7159-68b1-4462-a9c8-79eaf550f7db,L3,Tweet
07c1b9ae-b2a8-4334-828c-697f3cf274f2,L3,Tweet
07cc4166-f294-4366-93e5-e58b7c0fb31c,L3,Tweet
07d518f9-f94a-4bdc-823a-5ecef58d2d92,L3,Tweet
07df84d2-3a08-4f1a-aa24-ac902d8f8b3b,L3,Tweet
07e4189d-0d10-4add-a912-9efefff222a7,L3,Tweet
07e857ec-75dd-4d47-a9a4-61383bfa6b03,L3,Tweet
07ed9a3a-76f4-4e79-b05f-3eddaf9e526a,L3,Tweet
07f5ddb5-c24c-4706-843f-a9d3d44493b3,L3,Tweet
07fb27bf-f121-4478-91dd-67cb0a75fe7e,L3,Tweet
07fd714e-b60a-42fe-9278-868838724b71,L3,Tweet
08006689-5fc8-48f1-8b51-1c7936de1a36,L3,Tweet
0804f932-c1d7-4237-8ed7-28301f62fc6d,L3,Tweet
080ab348-7935-40ec-9f67-d3e1d9b03c2a,L3,Tweet
0817be06-4832-4285-9065-b19f76df5841,L3,Tweet
081fcfab-27d2-4200-8d3c-f7cc2b90dc13,L3,Tweet
0822ae5b-47d3-468e-ad39-8fbee1e9736d,L3,Tweet
08234138-8f02-4d68-90d1-403548e066ad,L3,Tweet
082a40a1-4428-4523-9683-4a51b6ade820,L3,Tweet
084096a8-191b-475e-aa62-b3d4b025ff37,L3,Tweet
08438a33-6999-4414-a1bc-e3e6bc3343a3,L3,Tweet
08456029-61cc-4788-adb0-ff28be636ecb,L3,Tweet
0845f646-be89-4ff6-9ceb-0a39c6de2a89,L3,Tweet
084836d0-b905-467f-8e16-b24e75fb2276,L3,Tweet
084a660b-1cd3-4ace-b294-7d8615d49654,L3,Tweet
08540cdf-2c8a-4e21-aa02-78628a684875,L3,Tweet
0855d2c9-6068-4580-ba2d-08e465efad23,L3,Tweet
0856f687-c562-418f-a790-1df3ebf94705,L3,Tweet
08643f84-895b-4fcd-9630-16062f918fe3,L3,Tweet
08656845-3ccf-4332-aeed-7aa560f929a7,L3,Tweet
08660667-be95-49a6-bf39-faced7ce93a9,L3,Tweet
086bbd0a-e562-4eed-9e1c-6a278a7ea124,L3,Tweet
086ec68b-183e-4f86-836c-6587bc388fd0,L3,Tweet
086f655d-9cd0-44df-baf8-bd66f9fe45ac,L3,Tweet
0879e5f4-a589-475f-a84c-2a2325d563c5,L3,Tweet
087a37a0-090d-400b-aac8-930f7d486882,L3,Tweet
087b900c-b4b7-4d83-985c-87b80d2a6180,L3,Tweet
088527a6-b608-4b92-b6a4-751aaa5418e0,L3,Tweet
08861680-aa1c-47ea-9d21-4261ae2c5c59,L3,Tweet
0888b102-5ce6-4fa9-a358-27bb9e23cf2c,L3,Tweet
088b6457-e84d-4a84-824d-33f4314e9ed6,L3,Tweet
088c7863-94b5-414f-9fa3-625be2797e16,L3,Tweet
088d88e1-1231-48ec-8769-05d5c7acb61d,L3,Tweet
0897369e-080b-46e5-9593-94c99540a099,L3,Tweet
0897b5c6-b5a5-423e-8c94-5742dfb5fd21,L3,Tweet
0897e4d1-9ea1-4710-baf6-f289874290ea,L3,Tweet
089885e4-45da-4725-b0ed-9b815a3c9023,L3,Tweet
089dff91-7a23-46ae-bcad-07e566f652ea,L3,Tweet
08a82f7b-32bd-4851-bdee-bbffcca0099e,L3,Tweet
08ab9012-d9c0-45d9-9c4f-5c56288e6b61,L3,Tweet
08b1016c-ed4c-48e4-88e6-6b498fad7fc3,L3,Tweet
08bab793-4f13-4cf5-91da-4acb78bc77ea,L3,Tweet
08bc0853-c027-4ca5-ac12-ed4de69c5e27,L3,Tweet
08c6487c-ef1a-44cd-834a-c25fb220e504,L3,Tweet
08c966f7-0bfe-459c-bf10-dda5a99d6ec8,L3,Tweet
08d98d2f-d6da-4df4-b483-74114ee52c87,L3,Tweet
08ddd5bc-ec8a-4d7b-994b-2339f05db40a,L3,Tweet
08eb19bb-61eb-4237-b69f-1666bb09c03b,L3,Tweet
08f15445-db58-4af3-a167-66f0e7d777c0,L3,Tweet
08f1d7f2-2b80-4ccd-a340-f57b792aad74,L3,Tweet
08faf2e2-69fb-4802-9c40-3ee19184abf9,L3,Tweet
0910bb39-58ed-4d2f-b545-cf60720cf456,L3,Tweet
0912f65c-6c6a-4eb2-82dd-cc87e2835451,L3,Tweet
0914612c-2f64-441e-aae2-b00925e8ad26,L3,Tweet
09156b34-4215-41a0-aeaa-901bd79d4339,L3,Tweet
09180cd8-1da9-4961-9426-97239916c24c,L3,Tweet
09212e24-1a63-4e5a-9d14-ec59d997a5e6,L3,Tweet
09227118-57d6-4c17-aa47-f757d8a00a7a,L3,Tweet
0923fe95-8b4b-4793-af1b-2a8c2b624396,L3,Tweet
092f45f3-8bbb-4d3b-91cc-cdd89bac17ec,L3,Tweet
093a53d2-8a52-4a8c-86cf-5c0e461c8a13,L3,Tweet
093a77b6-89d0-4778-a7cd-d7c349ca86e3,L3,Tweet
093c77e7-2ce6-4d22-995e-e5c4b18fefcd,L3,Tweet
09419bea-ac7b-455a-accc-a1d7d133268b,L3,Tweet
095034b6-8a7a-439c-af6b-c6c88aefe2b8,L3,Tweet
0956690f-89bf-422b-bff5-cef872fd40ef,L3,Tweet
0963cd5e-bde3-4d15-8b82-09c81521765f,L3,Tweet
0969d9b9-506f-4ef3-9131-aac2eccbeb10,L3,Tweet
096ad28b-5a4b-47d2-86aa-b4d3cd93b47e,L3,Tweet
09706b05-fc94-466d-8648-ac0c97f7b68f,L3,Tweet
0975c56c-31a3-4dfb-af56-47ee3787a44d,L3,Tweet
097fb254-894b-4cc2-92a8-32ef7576002f,L3,Tweet
0990c56d-05a6-4cfb-a2e3-e58be558db87,L3,Tweet
0990d05e-9a94-4878-9072-396cb9a8288c,L3,Tweet
09911676-0573-440b-9712-78962a23da8a,L3,Tweet
0999de03-4710-44e1-9433-396a287837bb,L3,Tweet
09a637a8-c80f-4682-890b-81d561a25a31,L3,Tweet
09abcec3-e272-45c1-8f07-5ad432b7d5e6,L3,Tweet
09af8959-2716-4c50-bc5a-5869c90bb916,L3,Tweet
09b44c41-5e80-4295-b960-76c51458ac50,L3,Tweet
09cd175c-c4c9-4768-af00-ad54483afe83,L3,Tweet
09d13b62-f2f0-4130-8229-a0f8c0202347,L3,Tweet
09d41598-6da4-4d4e-8482-44baf1b220fa,L3,Tweet
09dd4baa-0bea-4821-81d7-e645cfe589af,L3,Tweet
09de35c1-3de1-4236-8df4-d3efaba0a98f,L3,Tweet
09ec5ed5-904a-4f6a-9719-d5c9716222e5,L3,Tweet
09efb095-ec2a-451d-9d10-7f47a9703524,L3,Tweet
09f3f68d-fe8f-4a32-8338-e86034ebef4d,L3,Tweet
09f7c2c3-3f63-46b8-a533-421ed5909b2e,L3,Tweet
0a033150-0166-4add-a23b-379a712688ce,L3,Tweet
0a0fc34e-ed0a-479e-ae25-74f2bdc672ab,L3,Tweet
0a1086a4-ac13-4299-b3d0-d668e3c836c4,L3,Tweet
0a12b1d2-1e4b-46fa-bed5-27396c196246,L3,Tweet
0a1a01b5-3ea4-4064-a12e-8a03687e1da2,L3,Tweet
0a208adf-1ab6-4d61-b328-9a9d3fb3f878,L3,Tweet
0a3294d7-1ea6-4f03-88a9-e31df4f7f918,L3,Tweet
0a330c83-2022-4a69-a4e6-329fae3f8693,L3,Tweet
0a3ec99f-6695-4f4c-8f25-9ab0ced44ba5,L3,Tweet
0a47e713-863b-49b9-a16f-5f28c9bc64ba,L3,Tweet
0a4b63fc-34b9-45aa-a719-fae007ba62ca,L3,Tweet
0a67a649-785a-4e19-8c10-55f5df930a65,L3,Tweet
0a6f46ff-f2fd-4cbe-b4ed-acad8d0a9e8d,L3,Tweet
0a6fce14-994a-4675-bff6-a696f979f365,L3,Tweet
0a785a77-1a95-4db1-9a39-e967d7600363,L3,Tweet
0a7eb969-272a-4945-8a06-0939dc9c97b6,L3,Tweet
0a811cba-4e53-47f2-b0e6-180568e796f3,L3,Tweet
0a816923-0fc1-4092-93d4-1cf4c14511ef,L3,Tweet
0a839b31-fcc5-4617-b9fc-47d941d6fc83,L3,Tweet
0a884fae-704c-42e8-b22c-554cc67a65e5,L3,Tweet
0a890a7f-9220-484a-8aa6-a002296298c8,L3,Tweet
0a933522-49b7-4410-96ab-64be059bf6fe,L3,Tweet
0a9c7737-8967-42d5-81a9-6365e7f208fe,L3,Tweet
0aaf16cc-3de8-48be-851c-9559f10c4b9f,L3,Tweet
0aaf6068-c095-4a3a-ba63-1ee5ed90fc8c,L3,Tweet
0ab4cb9a-2916-438e-b1dd-c1e74a59a76c,L3,Tweet
0ac25ecf-c5ac-4c69-9413-ee5e2764c97f,L3,Tweet
0accadc1-870f-4478-80ff-63394007391a,L3,Tweet
0acebfe9-474c-48e3-92fa-b0bb51a2eccb,L3,Tweet
0ad6d645-ce5d-4c7c-9719-5ac3cffa39ae,L3,Tweet
0ae2877a-34f9-4b76-9b11-9a926d837507,L3,Tweet
0aed6893-be70-428d-a168-c3f50db4bdef,L3,Tweet
0af69794-7abf-433d-b88d-a215487f4220,L3,Tweet
0afeb84c-379b-49cf-a12a-6003e9c50a15,L3,Tweet
0b0c7866-0065-4535-8477-cd3724124b08,L3,Tweet
0b0ef993-f23d-46af-8b8a-fcc410717407,L3,Tweet
0b0f6c28-9a32-453b-ab06-6c4830535603,L3,Tweet
0b273bef-efe6-4222-ac33-618a1e3dd205,L3,Tweet
0b2a0f9b-f994-49df-8ae4-dad69b1e038e,L3,Tweet
0b2de4db-9317-4e9e-ab29-87f38b908938,L3,Tweet
0b2ff432-6816-4971-ab49-e3ccdeca8b6a,L3,Tweet
0b3187ec-0806-4250-acab-482a3dbf556a,L3,Tweet
0b39122f-17c9-467b-a49a-67bc780624f3,L3,Tweet
0b3dc7ac-ffac-461f-b62b-41c7032721a6,L3,Tweet
0b3e31f5-d6e4-4989-a704-110e639c153b,L3,Tweet
0b436d48-9913-428c-ade4-7ba8b312860e,L3,Tweet
0b4f8754-20c0-49f3-b7fd-a7e05a54a5ae,L3,Tweet
0b5f1f75-ca31-4753-8d81-ee104852f01d,L3,Tweet
0b6ae0cf-dd7d-4915-ab65-e4e25546ff78,L3,Tweet
0b6e9d1a-fcd4-4526-91fa-de425dc3f5f5,L3,Tweet
0b751f12-a586-483d-91e1-4a33f7fe64b8,L3,Tweet
0b77b390-19b6-4ce2-8bcd-2f61b2c43c83,L3,Tweet
0b9c13e8-8d94-428c-92f8-5454786415b7,L3,Tweet
0ba7688a-2065-4506-9d78-96d29998069b,L3,Tweet
0ba8bada-7041-42cc-b830-c7e793d4fd1c,L3,Tweet
0ba969eb-c318-4833-9d9d-a339ed2e588f,L3,Tweet
0bac188b-2f0b-469c-87d1-0fe3db908b54,L3,Tweet
0bb0393b-3bbe-4ed7-8043-cdc4f9ec9486,L3,Tweet
0bb7f119-332d-47e9-ad0c-076ca1011968,L3,Tweet
0bce9160-ba92-4289-abfc-ce26200c9974,L3,Tweet
0bd597be-8a3c-41de-9383-777cda033651,L3,Tweet
0bd85884-0564-4370-a885-aadca58e0ddb,L3,Tweet
0bd887fd-ea64-41cb-8f82-ad38c78d451f,L3,Tweet
0bdceecb-3cd1-40e2-9a44-fbc0ac53764a,L3,Tweet
0bdfe23b-878b-4876-9377-69a3b2ea3de0,L3,Tweet
0be166b2-4136-4287-b9f3-cad84265b1c2,L3,Tweet
0c0059c6-7e43-4796-9fd0-9d00968323f9,L3,Tweet
0c00c145-d335-4380-adf3-8504d6ac57a0,L3,Tweet
0c020d60-c342-484b-ba12-52747a229a8e,L3,Tweet
0c022d99-c302-4b60-9d0c-ae0ecb335eab,L3,Tweet
0c030832-d41f-411e-a82e-93a1ca9b52e5,L3,Tweet
0c03a8a6-cee4-4423-bf93-2e0af03343e6,L3,Tweet
0c086c41-b60a-4463-a7dd-9668099e3806,L3,Tweet
0c234461-127e-466c-be68-44a1320a4e3f,L3,Tweet
0c23650b-dbe0-4e00-8094-47a021b7312e,L3,Tweet
0c2579d0-8128-42c7-b054-f9ca1dc33007,L3,Tweet
0c26f6c4-40fc-4b12-83a5-32ae147a1710,L3,Tweet
0c2834af-37a9-475c-a6f2-2ba4b1b05760,L3,Tweet
0c2ae484-16da-40d4-9bd1-d7828940bc98,L3,Tweet
0c3de9c4-854b-4966-a2a5-5e6326d708f4,L3,Tweet
0c42111c-81a2-4046-9066-6ca38b78bc43,L3,Tweet
0c46f229-3297-4d66-879b-276673b9f0f2,L3,Tweet
0c491a91-3d9c-4f2b-91b4-fbc37208e112,L3,Tweet
0c4a6a78-0ebe-452b-be1a-20a2500801f7,L3,Tweet
0c52a471-6fc6-408b-a705-1d5f914534cc,L3,Tweet
0c64c284-3adc-4777-a4a9-47fc515ac980,L3,Tweet
0c65debf-e563-452a-8f7f-a5d53e1d4255,L3,Tweet
0c672361-e5b3-4f8f-b0b1-3e23efa5e8dd,L3,Tweet
0c6c0b76-ce9d-47d7-a527-8d4a4c6fff59,L3,Tweet
0c72469f-4b2e-40ab-9f2d-48aa986079ce,L3,Tweet
0c740d20-540b-4166-bdf0-4e2faba175cd,L3,Tweet
0c77e06a-4b83-45e7-9fcd-52ac10c27234,L3,Tweet
0c7d902b-5a50-43b0-a365-e9cf22aa197a,L3,Tweet
0c7fae28-6492-45b8-867d-9a91bed94471,L3,Tweet
0c83805d-c494-4bd1-a278-324686e911fd,L3,Tweet
0c856f3c-2df9-4db5-ad7f-4d1f99814e36,L3,Tweet
0c919e2d-3540-4151-8e76-8862ed76153c,L3,Tweet
0c998e93-a391-4103-8e57-ba83d443d2af,L3,Tweet
0c99beff-9704-4c9d-b138-e40fd3338022,L3,Tweet
0ca7faa1-b3e4-4242-8f42-a119a26401d9,L3,Tweet
0cb84fb4-3dca-4e68-bba7-fc5982119728,L3,Tweet
0cc5c535-db99-48da-b734-6c494db22e1f,L3,Tweet
0cc85110-aab9-4be0-b937-59d3ec125493,L3,Tweet
0cdd55b7-9549-4667-a0c1-d538df205acc,L3,Tweet
0ce109ec-88b6-46a0-8b97-0e42032b7848,L3,Tweet
0ce20b38-066b-4764-8c44-e56254970796,L3,Tweet
0ce844bc-f010-48d7-9050-24c71cc1f294,L3,Tweet
0ce9e3e2-d5eb-49ba-a42d-8a214cdda7fc,L3,Tweet
0ceb5419-78ba-432f-bf22-55eceb0783a4,L3,Tweet
0cf0c7f4-2258-4ba2-a68f-61ae91ad97c0,L3,Tweet
0cf35b7e-2e16-4b3f-b40a-22a4ad6dcde9,L3,Tweet
0cfae772-3e34-4c06-a159-3540134ee0c4,L3,Tweet
0d010a04-cd6c-42a5-a32b-8e623aaffddc,L3,Tweet
0d047108-65e6-4d1f-8155-ff5409b1989f,L3,Tweet
0d08c9c5-ce90-4fe8-8731-095b8f2efc69,L3,Tweet
0d1496f3-b3ef-40f0-bd4e-8db9e3fdfbe2,L3,Tweet
0d15f7e5-5a48-424b-98de-05de14d06417,L3,Tweet
0d16c7f8-d1a8-4824-82cc-6724ddb353fc,L3,Tweet
0d26aa4c-3192-43ee-9851-ab446c452d2b,L3,Tweet
0d2d7e9b-4d6d-4989-8ef7-56d366a8ae66,L3,Tweet
0d33e457-19b2-4048-b0b7-a80cac9e6821,L3,Tweet
0d413857-b3cb-4c0c-ba7a-3772b6482eeb,L3,Tweet
0d448781-ec79-4315-a5cc-6af54d25e997,L3,Tweet
0d4cc943-6988-4275-8f97-b0b859ea1613,L3,Tweet
0d51104a-c3dd-4964-9c4a-4782f3ba2367,L3,Tweet
0d556425-4611-4897-a028-4632734ff98b,L3,Tweet
0d56ddfe-ae70-4bc5-94c3-52ed7652b253,L3,Tweet
0d57eb81-3a0c-48e7-be81-3f5f8360fd3d,L3,Tweet
0d5f7e25-9007-4c9d-9cd7-978085229f07,L3,Tweet
0d68faaa-cd81-4732-9bd0-d0d9c2cd1ce1,L3,Tweet
0d6b875f-9dc4-420a-a568-def51734de38,L3,Tweet
0d753e4e-3057-469c-94a5-d18340073529,L3,Tweet
0d793120-5f77-40cb-961a-6039ca5cc671,L3,Tweet
0d861863-bd17-4578-9691-8fbbdb236adb,L3,Tweet
0d912938-e6b9-4ba1-b2d2-6e7c21be1df4,L3,Tweet
0d941af9-6eea-4040-814f-7a9c0b4b6b2c,L3,Tweet
0d9abc03-0020-4af9-9e04-73265b9beca4,L3,Tweet
0da75c54-8574-455e-8f44-c809070524d1,L3,Tweet
0db0027d-fe05-4cbf-ae5a-4cbc7984ab1f,L3,Tweet
0db2fe4a-02e5-4f69-bc68-ea8f5a68dd6d,L3,Tweet
0db55163-c30a-4ce7-89d1-49544020a4f4,L3,Tweet
0db9c0dd-6972-46a4-9251-875102c94dbc,L3,Tweet
0dbff3fd-9ff0-4c5e-8a7d-6fb0e45c3356,L3,Tweet
0dc1d929-84b4-438a-9bd0-07cc63ef3783,L3,Tweet
0dc81d6b-8430-419c-b2a6-4cb09dca375b,L3,Tweet
0dd13b2f-fe63-49b4-ad21-0407a8692e99,L3,Tweet
0dd1def4-b337-4133-a9fb-7504df1217d5,L3,Tweet
0ddc6735-3c2d-4622-bbf4-f7d7761a3ac2,L3,Tweet
0dde6369-5223-408d-a18b-0d003999b170,L3,Tweet
0de960b7-1674-483a-9ae4-f7f73833954d,L3,Tweet
0decfdbb-8ba0-4e22-bef1-f5a0f963b071,L3,Tweet
0ded253d-3c16-4498-9612-9ecc89ddb525,L3,Tweet
0ded3b26-1574-4ed1-9c34-5d5bc8fbb7aa,L3,Tweet
0e03bbd0-1140-4ad4-900c-4d4109a7aff8,L3,Tweet
0e0513d1-ba08-46dd-b1d2-ff13b00918d6,L3,Tweet
0e0bd094-5681-4844-bb5c-a27fa0b58a3e,L3,Tweet
0e154b33-9bc5-450d-acb1-4986bb7fb6c9,L3,Tweet
0e1aa1a9-3332-4555-aca4-bb68b7ed985c,L3,Tweet
0e22c1c8-fbd4-4abc-985f-a9a28478e0db,L3,Tweet
0e55522e-5d59-4ba6-b51a-3449a87ac932,L3,Tweet
0e5c3733-d1d5-46e0-b306-531699aa242f,L3,Tweet
0e5cd36d-d6d8-47a3-a330-c8ecfd6fe461,L3,Tweet
0e610d14-dada-4b9d-a6ea-c2234e5dba4b,L3,Tweet
0e6bfb47-97f1-4ebe-91e9-ef6467d1c7f7,L3,Tweet
0e7accee-3874-4474-945d-fbfd80ddbbad,L3,Tweet
0e7d1f27-2aff-4078-a966-5ce7215475e3,L3,Tweet
0e7f9d17-bf05-4734-8e50-9284c41d0eb1,L3,Tweet
0e817ef0-a561-4697-b090-4f74df619c20,L3,Tweet
0e868075-84f5-4927-a169-4b6daf7648ae,L3,Tweet
0e8bae16-6a07-4ad0-8d6d-2abb6311f4e3,L3,Tweet
0e9a8cf7-77c0-4193-af71-5b6d5e0f8b6b,L3,Tweet
0ea4fa8d-e29c-4b40-8fa4-c78b125c30a0,L3,Tweet
0ea9011a-5bf2-4526-94cc-1dbc727437d8,L3,Tweet
0eb2d7ed-ce2c-446e-a51c-913846b64705,L3,Tweet
0eb4fed9-abd3-4b54-b437-ca6a3aa86c0f,L3,Tweet
0eb81519-e204-49b9-8491-9e18c0634ac9,L3,Tweet
0ebae020-7fd1-46ff-8f6c-2d1d6b9304f1,L3,Tweet
0ebcfb95-68ce-4c05-b3d6-9d6039cd2f4a,L3,Tweet
0ecbdf66-a138-4446-87ae-163c631d0136,L3,Tweet
0ecd92ff-70dd-48dc-94d9-df4fee8b1f25,L3,Tweet
0ece45de-3087-4165-badf-a1bf475a8666,L3,Tweet
0ece5240-f899-487f-8012-7358d36e4c26,L3,Tweet
0edcee21-04d8-46a0-a809-ec33110be3f9,L3,Tweet
0ee5eb08-554d-4a39-a6e4-78fbd527b7e2,L3,Tweet
0eef8ed6-541c-42d4-8f72-e2cdd0763630,L3,Tweet
0ef4e1f4-4bb2-4616-a5ff-1784a10323f9,L3,Tweet
0ef87ec9-4535-408d-ba1b-ef3a977cb0ca,L3,Tweet
0efc81a7-b1c4-4c92-9a24-a5605ed3df32,L3,Tweet
0f251dbb-041f-4ffb-b608-b8b435b6ee69,L3,Tweet
0f28cdcd-f5a9-4154-a6f6-e3dcd4cab2ac,L3,Tweet
0f28fe0e-d272-4073-9e56-4f27f1d220f9,L3,Tweet
0f29018b-6d30-48be-a538-0de39a517526,L3,Tweet
0f2b0d49-6905-403b-93a2-0968299d2c9a,L3,Tweet
0f2d8042-fad7-48b9-b7ed-b7f0ef542e6d,L3,Tweet
0f2d9ca5-0d7b-4d67-9c96-06ddcc4559bd,L3,Tweet
0f30acd9-afcf-430c-8532-f039b2c4179b,L3,Tweet
0f315212-0476-43fd-8c5d-e8ec0879c841,L3,Tweet
0f3931c4-650d-4784-b5c2-8b259dc047d4,L3,Tweet
0f3a79c4-a2bb-4476-b84a-8ffdf626b4cb,L3,Tweet
0f3aa15c-ae7c-45bb-b90d-fffb6bdf3ccd,L3,Tweet
0f3b9045-bb96-4d31-84e5-0b8b3cb7e801,L3,Tweet
0f3db8b7-cc2c-47c8-bed1-f214a9a45047,L3,Tweet
0f3e6b08-adc4-43f6-89dd-44368e4f1f34,L3,Tweet
0f41aadd-a1de-45ef-99f5-b792f39a1a20,L3,Tweet
0f428803-63c6-4cea-a3b7-5e35d06b2726,L3,Tweet
0f47c923-9770-498d-94bf-f457d73c4fca,L3,Tweet
0f4b6f5c-5359-4339-8cc9-b7b04aa5a316,L3,Tweet
0f4c5ffa-ed3f-4e46-a5d7-0ae2eb1fd243,L3,Tweet
0f4e2fd9-7ab3-4c27-b272-f15e6ad7eea2,L3,Tweet
0f5221a8-4f5a-41e5-94b2-fc34d3dcbf5b,L3,Tweet
0f545f87-cc4d-4cc5-88ed-6f1240621ccc,L3,Tweet
0f585c7a-7af8-44f1-84da-f0b36de385f4,L3,Tweet
0f637ad5-730e-40e6-a8e7-c0981c42ca76,L3,Tweet
0f68ad71-b8a3-49c2-8084-afca21fe7b87,L3,Tweet
0f72ee4e-8cde-47bf-bad3-2aca42ef138e,L3,Tweet
0f764c61-8ce2-4b1c-9448-88a8e3c07e18,L3,Tweet
0f7afc20-c414-4d87-bc75-410f3d9cc9a4,L3,Tweet
0f7eeff9-f833-4fbb-9e36-71cbe81705b5,L3,Tweet
0f8334e4-bdf4-4d66-9aa6-7fcb7b40423e,L3,Tweet
0f855286-1353-4557-a49a-004154cd9ed7,L3,Tweet
0f8ada4d-f413-4c71-ad33-fe78fd801a52,L3,Tweet
0f91a8a3-87dd-4237-993a-37be3a1bf397,L3,Tweet
0f9d31eb-b93e-4f02-af96-855f1402c7f0,L3,Tweet
0fa80df2-3513-4340-8a34-2a2b1b308112,L3,Tweet
0face330-47b2-4d79-b6fd-41905d79868a,L3,Tweet
0fadd245-7ace-4c91-9354-c28c3abfa373,L3,Tweet
0fae5f42-e4ae-47c3-81b9-24c47a5dfec4,L3,Tweet
0fb3a806-37e0-46a3-ae96-6814a0976c66,L3,Tweet
0fba793f-2556-4027-84a9-82de172ea558,L3,Tweet
0fbba5e8-6fd5-48a7-a194-74bbdc3d25bc,L3,Tweet
0fc3f4b7-9476-4aff-bb99-4835f408dbef,L3,Tweet
0fd4990e-5bb5-4f80-826a-fe0a0ccbbfc4,L3,Tweet
0fdb9bd5-2526-4808-8e58-4054d92c2cf5,L3,Tweet
0fdfc53d-3937-4ed8-bd63-bdc626593870,L3,Tweet
0fe0165f-01fe-403b-acc8-148ed5b52705,L3,Tweet
0fe769f8-5823-43d7-a9cd-84c499a89218,L3,Tweet
0fe79d5a-879a-4e6d-b356-30b85288b7fb,L3,Tweet
0ff4c61c-6c3a-440b-b292-8548252aac45,L3,Tweet
0fff2154-20f1-4433-95e9-60a80d2ae0ff,L3,Tweet
1000cf07-1a53-4c55-aa66-581991520cc7,L3,Tweet
100b179f-b367-4a50-8379-b5c573a14c58,L3,Tweet
100df85e-14bb-414a-881b-ce71fb7663ab,L3,Tweet
10154019-4f31-4f07-964e-3e37bc41dd96,L3,Tweet
10168eeb-9c5f-4c60-ab45-88cb1488251f,L3,Tweet
1016fece-d5e5-4fe3-bb81-c870335286b7,L3,Tweet
101a9589-1b1f-475c-972f-d7f4a38bb479,L3,Tweet
102e34b3-9503-49d8-8d53-f684c2668d65,L3,Tweet
1032ed08-0e69-4a43-8b57-8875e75e56f5,L3,Tweet
1045cbcf-c700-4ee6-b542-c7cfe72c64b9,L3,Tweet
104f9329-25b9-417e-b9f8-57b4d64d40c6,L3,Tweet
10507a6b-3dd6-4eea-97ec-3643f4f27ffe,L3,Tweet
10524674-1445-4ec5-bfb7-1d98c6d731a3,L3,Tweet
1064210c-2fc1-4654-983a-e7c9058b517c,L3,Tweet
10705457-bf83-4c79-a27f-0f040c3754f6,L3,Tweet
107c406b-3ccd-42b0-a31a-0db842f777d9,L3,Tweet
108ee056-10ae-4784-a4ac-0d2d9eddfa7e,L3,Tweet
10956a07-7712-4079-8e82-cbc06c7d6441,L3,Tweet
10b52762-4d4e-476a-8d9c-52bbba8352f5,L3,Tweet
10b8ca61-9760-4977-aa4f-a9b54a5cf3bc,L3,Tweet
10bdaddf-87a1-4a29-adcd-24eb2abd658d,L3,Tweet
10c8fb36-b13b-42aa-a1e5-e79f69e64f38,L3,Tweet
10dc9e1f-24e9-401b-9faa-72e24936dac4,L3,Tweet
10eb3960-517a-469c-87dd-52513bae0450,L3,Tweet
10ff0402-0361-469b-91e1-2213cefe17dc,L3,Tweet
1100b11c-f90e-40af-bd00-9cc47983aa52,L3,Tweet
1105a7d1-76c4-4899-a274-2b0654fdb3cc,L3,Tweet
110d6390-97e2-484b-ac65-c828072eb0ff,L3,Tweet
11221511-f4cc-44a6-bd70-ad3715d7dfb8,L3,Tweet
112ba948-95e9-41b7-9a7b-2e7b6bc41828,L3,Tweet
113378d5-8cab-4f87-9b09-e5e2ce9a8cb2,L3,Tweet
1138592b-bda8-4de7-9911-443a25541092,L3,Tweet
113aaac8-2897-4d38-8d46-ccd3b6d98a29,L3,Tweet
11441103-bc38-40fe-b74a-d39016caa0b5,L3,Tweet
114635b9-75a4-453a-8bad-fd147d70141e,L3,Tweet
114842f2-449a-4cc4-9c9f-0f8b4e6e5a80,L3,Tweet
1155b5d8-ae15-4bdb-81af-a6eda9c0bb0c,L3,Tweet
1157896b-69b6-4f40-a593-231096a1b767,L3,Tweet
115c6264-6cb4-4aa1-a75f-ad6f93f5f259,L3,Tweet
11603d1e-b986-45fb-b922-02b31509245d,L3,Tweet
116b9f2e-d54e-4898-b5e8-46254ca60a75,L3,Tweet
117150fb-02e6-4960-b9c6-df8fc2b066f6,L3,Tweet
118c9368-b52c-4038-bf51-d9047106d5ea,L3,Tweet
1190600f-e006-49ee-8faf-96ca3ee31fc0,L3,Tweet
11908b69-6e7c-489d-969e-45fd84f95f26,L3,Tweet
1194f712-acd8-4592-b82d-519193e4866d,L3,Tweet
11999b4e-fa94-45ae-8d20-07c5111db406,L3,Tweet
11a4a640-8fa4-4ddd-b50b-c68955fbda30,L3,Tweet
11a51e0a-1538-4a5c-885e-40f0ced72c6e,L3,Tweet
11a52740-26c5-4099-8a7f-1f2269e86811,L3,Tweet
11a8d82b-8d94-4214-82c5-235712d2af0b,L3,Tweet
11ae1db8-b3ae-4d93-b82f-8275ad89a4aa,L3,Tweet
11b1246c-d4aa-4ed4-9342-850b6d0c027b,L3,Tweet
11b80a8f-8332-451c-89ae-1d7f68318bc6,L3,Tweet
11b86a88-408d-4b31-99e3-73354ab676f0,L3,Tweet
11bf9ee0-7e3e-4624-8706-dcc836e0919c,L3,Tweet
11c0934a-e2be-4a4b-8a3c-0455113eff2d,L3,Tweet
11c3c959-802e-47af-b701-e5c0baa2eb12,L3,Tweet
11c51071-4813-4a9a-8f3b-ee36430f8f20,L3,Tweet
11d398d8-2c25-4ef8-9be4-1afddfe2aa07,L3,Tweet
11da95f2-c1d5-45b8-b99b-d6941fa48ecd,L3,Tweet
11df465d-a1d7-41d9-8840-df3e3d992597,L3,Tweet
11e50fd7-5fcc-4526-a701-53307c37ce8a,L3,Tweet
11ea0b01-0d60-42e5-b123-8b9aab95f765,L3,Tweet
11f209f6-62ba-4047-b117-8d3bf2072623,L3,Tweet
11f3bd8a-9cd7-4209-813e-fc19656beefb,L3,Tweet
11f3fb0c-6675-45a9-a1a6-4c77437e9053,L3,Tweet
120337df-8174-4970-9ce8-2d66445a9acc,L3,Tweet
12081f71-2e77-4bde-925e-a5d9a40fd2f5,L3,Tweet
1211a490-e194-4fd5-9a7b-b4d8df4896ba,L3,Tweet
12140b36-3ce6-414d-855f-4dcc80a3fa93,L3,Tweet
121ae4b4-614a-4697-b521-fbb5b0c8517a,L3,Tweet
122c5fbd-0bc2-4881-8a4d-65193acc7919,L3,Tweet
122fbebf-98f4-4d63-904e-fca06443b0f0,L3,Tweet
1232567d-c35e-4dde-9fda-2b193963cb05,L3,Tweet
1239b940-8815-4d68-a8f2-21a8bc1b4f13,L3,Tweet
1248aed4-0271-4c1c-bb9b-59328b86405d,L3,Tweet
1248d9ba-be90-47d0-b51e-1ba77034007c,L3,Tweet
1248e8ca-d0e5-416c-9612-1231c4fa40dd,L3,Tweet
12531818-a67e-4c9b-881b-61f1f8f93244,L3,Tweet
12559d5c-e5b7-4423-b24c-ec91a788fb19,L3,Tweet
1259738b-abed-4ef6-8ca4-ab4d364be49f,L3,Tweet
125c61f1-43f3-4b51-95a4-1de28086d146,L3,Tweet
12681918-a227-4a10-a39d-a8b46b1965c9,L3,Tweet
126af0f2-0be0-4777-8166-098ea4c8bca5,L3,Tweet
126b4043-dc77-4450-b431-24540959cda7,L3,Tweet
1272b037-a70f-43ea-8036-aa9e020422ac,L3,Tweet
12738f5f-3763-4f3d-a766-16a5cba25fb2,L3,Tweet
1274f500-4677-4859-b724-a54384aa0eba,L3,Tweet
1275418f-e256-4436-bf67-9557053e6e9e,L3,Tweet
127ff012-731b-43c9-b1cc-07219d0291d0,L3,Tweet
128c36b2-0419-44ce-bfdc-66e20afec4ee,L3,Tweet
1294f59b-a3bb-4c6e-b9a0-a7728354cb34,L3,Tweet
129a749c-d6db-4f83-b34b-74ebd536959e,L3,Tweet
12a791e9-9990-4c06-9909-3fe2b3106ec5,L3,Tweet
12ab1b58-7453-4c08-8db4-55079d8ec32f,L3,Tweet
12ad6776-8ae8-4d21-8abd-4b17baebc6ab,L3,Tweet
12b4a9c5-3334-46ab-9a10-e017c6467ac3,L3,Tweet
12b88e82-78e6-4e33-8766-1f51d5e854b9,L3,Tweet
12bac029-8d9b-4f1b-af14-d5a1ef321184,L3,Tweet
12c298ca-779c-4868-ad63-40458968f954,L3,Tweet
12ca310a-0035-4532-8d44-974b96f0ffc6,L3,Tweet
12d040fc-51b5-4b43-88ae-278b4a50b502,L3,Tweet
12d7222e-b442-4306-897a-68df68dc993a,L3,Tweet
12dd17f4-67b5-4e40-bdf8-ce63b16c0d3f,L3,Tweet
12df0eb6-5831-491f-9636-2671628601dd,L3,Tweet
12dfc742-936c-4756-9b4f-38589d1805f0,L3,Tweet
12f0ae71-c6e8-40cc-9c37-75fc360f9339,L3,Tweet
12f41b95-3f3e-499f-8dbb-5655bfab965f,L3,Tweet
12fe4f20-eab2-4362-a061-61bda7c147ff,L3,Tweet
1301067f-0a1e-424c-b5f1-43a2d475f025,L3,Tweet
130f4dca-183c-45a6-8a16-6355b84a6b2f,L3,Tweet
13156083-cc61-4eaf-960d-e3573185759f,L3,Tweet
131c3dc8-87e9-49de-953a-e1667b9218ca,L3,Tweet
131d08f9-9f70-44c1-8e23-0e70636919c8,L3,Tweet
1320417f-e0f7-4f9a-b739-c465d7ed3678,L3,Tweet
13296f90-ba1d-4934-89c6-15bb52a1dbb5,L3,Tweet
132a416e-c3fb-47d7-8448-22bdf4a8f030,L3,Tweet
13399dad-5fbe-4dfd-ae67-adc4bfc77b5f,L3,Tweet
1343bf0b-3044-453c-9d58-171bab76ad05,L3,Tweet
134d53b0-01a7-401b-983c-9ea86ae31ae6,L3,Tweet
1355b888-3374-4a9e-8efb-9d2fee6cd577,L3,Tweet
13564129-28ab-4edd-9dae-885d00f52d4e,L3,Tweet
13579b1c-49e9-4308-b54d-c24495087247,L3,Tweet
136d86a3-79ab-4d65-b414-d734db6d09bd,L3,Tweet
136dd07e-0257-4c2d-a08c-86b8b0464ecd,L3,Tweet
136ea084-bb26-4be7-a396-aeae545cb429,L3,Tweet
136eb5ed-05c5-4e92-9cea-e2a3ddd97bd7,L3,Tweet
13752f35-e628-49e4-8be5-f48e81d06285,L3,Tweet
1376d91d-251e-404c-906e-ad944d2264af,L3,Tweet
137f0818-4c14-4b49-bd0b-98cd9b09dff2,L3,Tweet
13815c15-1379-4e08-989d-e1f21cb0bdd9,L3,Tweet
1388c792-d857-49ef-9282-b1a3dc576658,L3,Tweet
138da1cd-7f05-43fd-83c8-05c2d70c38a5,L3,Tweet
13a180a1-6219-485f-afcf-0b63557b3123,L3,Tweet
13accc91-fa05-49b5-9649-28824c80da47,L3,Tweet
13b32d72-acbb-4798-b671-f12db1031fee,L3,Tweet
13c99eec-2a99-45f9-b2aa-70bb873a9f1e,L3,Tweet
13cc6b2c-f66f-44de-afc7-1afa12d89551,L3,Tweet
13ce4884-2454-4931-958b-56fd2749a840,L3,Tweet
13cee0a5-c0a3-4611-86a2-f24fa3181b8d,L3,Tweet
13d4dbde-f2b3-45a6-b4b3-ef2e8069c0d5,L3,Tweet
13eade8b-f8f2-4e3c-a3ee-d7d4dffb4662,L3,Tweet
13fcdaa6-1a75-4c37-9d4a-948f53768372,L3,Tweet
13fde423-88ae-4a47-9525-b886ac29f0c7,L3,Tweet
13ff433c-42e8-4ef4-8a02-a7c3745dca47,L3,Tweet
1400be09-ef35-4498-8e9c-d2a02f169db2,L3,Tweet
1402e2ec-0285-4998-ab7d-f6a18d89c969,L3,Tweet
14051992-3489-40ab-b814-7dfa0cdbb616,L3,Tweet
140539a4-889d-485c-8946-115049eb6a31,L3,Tweet
14100509-acbf-41dc-b6fb-c38072e19a13,L3,Tweet
1410cc78-68b5-454c-83c3-add403273306,L3,Tweet
1410f45e-918a-41ab-96ed-6f405e088fca,L3,Tweet
1418690b-f6fe-425f-b5c6-8a6a31b7efec,L3,Tweet
141b7e3b-3163-4e93-9716-0aaf78cec79f,L3,Tweet
141caf36-2fab-4971-9d9d-c4bed444d3ec,L3,Tweet
141ea7d3-742f-4fcf-8a6a-a614fca0b890,L3,Tweet
141f099d-355b-4993-a76f-4480db5eb693,L3,Tweet
1423d217-9fb9-4968-83eb-c350ca30b787,L3,Tweet
1425067d-51b8-41fc-aea5-26798731b439,L3,Tweet
1428d836-a1f5-4434-8b9a-69dcc46009c5,L3,Tweet
142d2ed0-346f-43c8-b66e-192a6630442e,L3,Tweet
142da1c1-e5f2-4b01-baf1-7c344a3883cb,L3,Tweet
142deb76-a44c-44f7-b617-635ffee66218,L3,Tweet
1430a58e-d65d-46dd-a6a4-d19a5e793c66,L3,Tweet
1438009e-b7a8-43e6-8216-f08094fbf309,L3,Tweet
144310c6-500f-4963-8fd6-29dc745e5fa7,L3,Tweet
144ea11d-f4f1-44a0-b229-a6488fe63e15,L3,Tweet
144f62db-ac5f-4c8b-b45d-66cc57b674e8,L3,Tweet
14543184-c1f3-4959-9ce5-8fc0ea55e5a3,L3,Tweet
145aabe7-8c09-46e4-9069-7f4b175f3035,L3,Tweet
145dc33a-f007-4f73-b136-6eeb666bcdcc,L3,Tweet
1464a0fa-d878-4938-bd60-023c46af0ccd,L3,Tweet
1465579c-f581-400e-ab4e-7f48871df1ca,L3,Tweet
1468e6fc-d58b-4a7a-aa30-fba3eb64d2a9,L3,Tweet
14707c9b-9d65-447e-a3a5-535250256aba,L3,Tweet
14708604-4e80-48eb-9fdb-11573a9bd000,L3,Tweet
147cbe73-290a-48a7-9cfd-65b34f76b5ee,L3,Tweet
147fa875-0c92-43ef-a32b-67954c09f10f,L3,Tweet
14822e1e-96d4-4394-8aa5-5d6e432d1755,L3,Tweet
1486dc6c-4166-479a-be94-68f162f49e08,L3,Tweet
1488fdd0-351f-442c-981d-ea6f9b58dee4,L3,Tweet
1498dcba-2d85-40a9-ac09-53adb769aea8,L3,Tweet
1499209d-780b-45ae-80af-65ace86d2732,L3,Tweet
149c5391-4589-4297-9f0e-09f350be0437,L3,Tweet
14a156b1-9381-4852-9d18-cf973596db3a,L3,Tweet
14a20a3a-7fe7-4bd9-8c38-71135c26775b,L3,Tweet
14a75821-f60a-4bc0-b528-9eedc19f8519,L3,Tweet
14a7a45d-0602-46bb-b22e-1fa5fd9b3c32,L3,Tweet
14bb7606-416b-481f-896f-5af5a6c9e761,L3,Tweet
14bc6922-35d8-44e4-b5f1-594dce73b0b7,L3,Tweet
14be8dd4-0bae-4c3e-afe8-46d109083906,L3,Tweet
14c22d9a-2aa4-4436-b20c-2bc9b9c8f3bf,L3,Tweet
14c4f53c-0360-4daf-b26a-4a02e2e9308e,L3,Tweet
14d58233-c145-43a0-92cd-aedbe508ef5d,L3,Tweet
14de1d3b-7976-405a-bd18-6a473780c672,L3,Tweet
14e752f5-422e-4cd7-a072-52bc6adfa4e3,L3,Tweet
14eb7ada-df3d-4912-ad18-87ff346514f9,L3,Tweet
14f02ea0-4505-4b1d-8b95-19612bef2a55,L3,Tweet
14f7c3e7-8e6c-4833-bccc-dfcc575585b2,L3,Tweet
14f9618c-7f6f-47ce-9ba4-e85ddc7177cf,L3,Tweet
14fe78d3-3779-437b-8e3b-522e935a5072,L3,Tweet
150293aa-5c43-4c3e-8635-6f17b1250fc6,L3,Tweet
1504d608-a6ad-4f4d-86f8-c962059add6d,L3,Tweet
150abc7b-8dca-42f7-86ee-4bf00c737c1d,L3,Tweet
1514e7ea-a883-4bb6-922c-9ea9feed6596,L3,Tweet
151ee0ad-0eaa-407c-ba7c-211c91bd4a48,L3,Tweet
15220d46-53c1-41f0-bcdc-217b2468a151,L3,Tweet
1522f20e-050c-4dd4-b06f-77fa9308b79b,L3,Tweet
1528af5e-0c83-4f5f-af65-a58dd32afdb5,L3,Tweet
15314c78-0781-4450-96db-260eddf07d04,L3,Tweet
153796ca-bba1-4a97-b2c3-c10094993f8d,L3,Tweet
154631a5-b19f-45be-9893-38b4a0470d82,L3,Tweet
1558a462-c8f1-400f-843a-a5c52a4af620,L3,Tweet
156d3a10-523e-43aa-9519-222622e3ca5e,L3,Tweet
1571c439-8af6-4a73-865e-faaa8fc93295,L3,Tweet
157af069-2814-40be-b5d1-7e0a23233910,L3,Tweet
157c9e43-dc8a-4862-838c-48d2e1ee05bf,L3,Tweet
158172a4-a825-4514-8499-02f1eb664aa6,L3,Tweet
15825566-8cc2-4fa0-bf96-8b3cb21437c3,L3,Tweet
15906616-9e6f-4a3d-ad95-e74ec0c0a3cf,L3,Tweet
15918232-b347-4ebf-bc68-610653fa20d4,L3,Tweet
159f2da8-22ce-4605-b7a8-e5840272024a,L3,Tweet
15a32302-b5ff-4d7d-a3f8-095f677acd8f,L3,Tweet
15bacded-f20e-4ca4-93a1-4dece4485547,L3,Tweet
15bf00de-8751-477f-8169-52c6514166e9,L3,Tweet
15ce3d61-f8bb-4897-827d-691f2986e0b0,L3,Tweet
15cea74f-2862-4c18-847b-ef775ded61f8,L3,Tweet
15da9c9f-d213-4b30-8b85-ae19781aae09,L3,Tweet
15dfdc19-aa22-44ae-b15b-6e7c74d89528,L3,Tweet
15e3e49f-d762-46bf-93dc-2938e982c48a,L3,Tweet
15fc92cf-c33a-4e67-b6c9-ecf7ecdf39d2,L3,Tweet
15fde5fd-7f6f-4029-ad34-f2532ecff401,L3,Tweet
1604093d-f27a-438c-8d88-45de23645158,L3,Tweet
160409a6-6059-4911-85a3-3fc9943c2e7c,L3,Tweet
160ee19a-78bf-44d9-804c-477c8907db57,L3,Tweet
161139ce-5eaf-4038-9445-0327aed30e37,L3,Tweet
1619485e-471f-4401-9dfc-6945c14b1606,L3,Tweet
16392a69-612a-4465-a168-ebedcbd38df9,L3,Tweet
163d9e62-def2-4170-bf34-ad4012c6783b,L3,Tweet
163fe451-d16f-4996-899c-c165f186ee6a,L3,Tweet
16422048-b8b3-42f3-81be-5b5a981a9f1d,L3,Tweet
164245d6-c511-49e4-9322-f9f00a1e597b,L3,Tweet
164aecc2-c80b-4404-8ecf-f3c2aceefbb4,L3,Tweet
164fde32-5f10-48aa-97d2-ead83fe04024,L3,Tweet
16544eb2-d38e-4149-a7a2-4f27c354b9c6,L3,Tweet
165a5717-3f51-4d1f-a044-e83f6021ee7f,L3,Tweet
165b3713-1e83-4f8b-8960-53fcf4073282,L3,Tweet
1661a4fd-2d1c-4da5-a42a-f054826630e2,L3,Tweet
166e84c9-43a3-4139-a74e-4a3441430b9c,L3,Tweet
16702b82-85de-4c86-970e-f8d64578a129,L3,Tweet
16768af7-9d01-42ab-acda-4f55cbb3aba9,L3,Tweet
167d76c5-673f-4700-9b56-b012c0997dec,L3,Tweet
167e7af6-fc6e-4834-915d-28e67631a5bb,L3,Tweet
167e7bc1-c2dd-49cd-adf9-9b31877ce346,L3,Tweet
1686d100-7821-4dd9-a031-30631cb9d6bd,L3,Tweet
16951ec3-4b4d-42db-a5e7-b26b462837d1,L3,Tweet
169cae95-7bca-431c-ba3d-a085161ac9b5,L3,Tweet
169d0346-38dd-4ae8-945a-549a51d6bceb,L3,Tweet
169d5a12-a666-4ca9-9b69-dba3a42c2394,L3,Tweet
16a2ef45-3c60-4e79-b61a-51c2ae7768bd,L3,Tweet
16a64ee5-bf4c-4fb4-9bcb-ccd4cf2afc01,L3,Tweet
16a832f7-a66e-4f41-8e25-c8ea866f6120,L3,Tweet
16aa8a0b-e81e-4f29-9212-e7d9dd6dfe70,L3,Tweet
16aeff15-48e6-4f95-a279-3b03e7efa5aa,L3,Tweet
16c0e4dc-c7be-474a-b467-1e9af07b5f8f,L3,Tweet
16c19986-0edc-457e-8716-55c2b7daee95,L3,Tweet
16c85703-2dbd-4588-a378-a03aad76f503,L3,Tweet
16cae7f6-c9b4-406a-805f-04ab2c9533c4,L3,Tweet
16d0cf4e-f893-471f-85c9-55aa755c57f1,L3,Tweet
16d492d7-5a71-4da2-8dca-3a92cbf4dc1d,L3,Tweet
16e1c1a1-702f-4fed-8785-9d6cb8b121eb,L3,Tweet
16ecd9c9-bb42-470a-92d5-3f5b942379da,L3,Tweet
16ed2e5a-c151-4a1c-83b6-824824fe9254,L3,Tweet
16efdc67-83f8-4bae-93cf-e458a411026c,L3,Tweet
16f5fa6e-62dd-4830-87e6-58fc4ef0a4e1,L3,Tweet
1700cbc1-fb30-4bae-8b40-79a420ced386,L3,Tweet
170fbe0f-1fb2-4486-b3df-caec29825ab7,L3,Tweet
1718b60b-a515-49a0-a4d0-77440e9c9642,L3,Tweet
171b01ce-11fb-415f-b34e-dff22121c0ba,L3,Tweet
171e6ff5-af7c-438f-9065-b9313a77b39c,L3,Tweet
172649e6-2f89-4a2f-ba45-d14494b17f23,L3,Tweet
172728f4-e6e8-4d93-a67d-8cad9c7fe96a,L3,Tweet
17284834-0556-467c-8b91-54bfe36179e4,L3,Tweet
1729e053-12d9-4a55-b174-2c9bb8463b19,L3,Tweet
172a0423-321b-49d5-8d27-cf582f826653,L3,Tweet
172cde5b-3709-459c-bf8b-72c6af7dd1c5,L3,Tweet
1739da01-9d6d-44e5-9f9d-780c11c96bf5,L3,Tweet
173a5db8-00f8-4cd4-9af2-15db7bd0c73e,L3,Tweet
173cb2d2-30c1-48e3-a177-61f524a50748,L3,Tweet
173d8db1-51bb-40bd-9620-12503997d989,L3,Tweet
174a509c-a4f9-49e8-a8d8-d536f3169cd9,L3,Tweet
174c4573-f434-403d-a294-0758235a33d8,L3,Tweet
174d5e02-bd0e-4baa-9528-db221c4dc069,L3,Tweet
175b77e8-0abf-4857-8e2a-3ab4925af94d,L3,Tweet
175cb589-81c0-4fc9-be06-0985cabaef4e,L3,Tweet
176b582a-5f22-45f9-a6a2-5d43bd2ff93c,L3,Tweet
17757e1c-fc36-4200-aceb-90324aed9eee,L3,Tweet
17844cd3-e0fd-40cc-a209-db58030573e1,L3,Tweet
179072f6-47e4-4cc3-b7f5-9ec3a2dd34a6,L3,Tweet
17923436-b550-4fc8-9218-ab87f0048cfb,L3,Tweet
17933864-db83-44c0-b50e-60196d5042a6,L3,Tweet
17a8a893-8417-4479-920b-a5620ec9a5f0,L3,Tweet
17ab0d50-f4ee-432f-abfa-0ad1f0e5836e,L3,Tweet
17ac7ea3-3198-4167-923f-26c22b1d6d41,L3,Tweet
17ad6125-9962-4989-a938-20bf6d717d52,L3,Tweet
17afa1fb-99cf-4cae-a832-f727613a193a,L3,Tweet
17b65358-180d-48cc-ab04-6b3abc10f6f1,L3,Tweet
17bed2ce-a609-46da-ba3f-3cb4e9b7209a,L3,Tweet
17c2874c-b888-47f7-a248-153c5893f22a,L3,Tweet
17cb9f27-7a87-48bb-ad17-5891e3532a70,L3,Tweet
17cdfd8f-1320-4091-806d-f2fa6935104f,L3,Tweet
17d64939-817d-4990-952d-1d20d69cad99,L3,Tweet
17ded76b-f9b0-42dd-816a-cb34bd268df1,L3,Tweet
17df71b0-260d-4033-8b61-94d7dcf498f3,L3,Tweet
17f87df9-dc6d-4dd9-b0ab-36378b36fbae,L3,Tweet
181437e0-807b-41a6-b700-b22eeb62f1fa,L3,Tweet
1819ef56-2b73-4093-9fc8-222d75952948,L3,Tweet
1826266e-a84e-4721-9c7c-e822f60ca33a,L3,Tweet
183b826f-a172-4f94-baa9-1b76bc16485c,L3,Tweet
183d4d2d-79f6-4d68-952f-dcbab569d77c,L3,Tweet
1842645c-45bb-4473-b170-063adffa6825,L3,Tweet
184f45f2-5973-4026-bae0-c0dd6d96b6f4,L3,Tweet
184fa377-3864-4055-ac01-ae80d31c8361,L3,Tweet
18553a2b-f052-4e7e-89d0-2f701154e8d6,L3,Tweet
18583658-b004-453f-9d97-7b6ea49933d0,L3,Tweet
18603176-7991-450d-aafe-f4c91aecf104,L3,Tweet
186905b1-dc12-4f5c-b7d3-eb820a090be4,L3,Tweet
186a6869-2685-4cff-ab2a-b5c6b51dd430,L3,Tweet
1874ee58-54ce-4562-b696-04e7acc25860,L3,Tweet
18777c73-01a3-45a0-9dd0-61fc857afe8f,L3,Tweet
1879be48-d047-46b6-a093-b3c9164443c9,L3,Tweet
18892b38-3834-463a-aaea-ad34c5b4ac00,L3,Tweet
188cdd48-8d6d-4329-8a29-4aa989fd33e7,L3,Tweet
18906032-6924-4844-9ae6-a98a44c96310,L3,Tweet
1890f78b-5b7d-4a31-a505-59244a01c99d,L3,Tweet
18ab885e-f78f-4409-a812-116b648828e0,L3,Tweet
18ac68e9-4607-48af-8e4a-65b0a75ce5a1,L3,Tweet
18adb49e-edf4-4ff9-ace5-8af7857c2434,L3,Tweet
18af36b8-1298-4d1f-9ecf-1821c5a42412,L3,Tweet
18b2cc4a-a7fc-43fe-a777-dd585b445227,L3,Tweet
18b2ec1a-15b1-44bf-a225-321f40048678,L3,Tweet
18b36aed-9c27-4e2c-afc3-e64f60b7df28,L3,Tweet
18b8fbb8-0b05-491d-9b2e-da9d070d5305,L3,Tweet
18ba5598-234b-4952-a239-178f2524a855,L3,Tweet
18bf5dd0-6a82-4596-9522-113240454e51,L3,Tweet
18c299e4-9fdd-4599-9db0-6dae8cd9ec02,L3,Tweet
18d6b170-3c37-4d86-a347-da7ceaa1c3d3,L3,Tweet
18e7d8aa-6577-445a-8d1e-930996070aa0,L3,Tweet
18ef39bc-bf6f-4667-906c-2e27d6937a5a,L3,Tweet
18f44ee8-0391-4c8a-8ebc-2c82968cc115,L3,Tweet
19068acd-9239-4a48-b474-832a278097b5,L3,Tweet
1906b9d2-208b-4de3-af13-c86cccad7ba7,L3,Tweet
1912e734-1520-404b-bbf0-b965ab4bc371,L3,Tweet
19139657-3300-416a-8440-51d897d66a89,L3,Tweet
191ad0b3-d46b-40d5-8de9-c8bcbb0c63b5,L3,Tweet
191c0206-bacc-4bb0-9b3b-076469fb48f2,L3,Tweet
1920b64f-be30-4be8-8cea-68f1e08bffb8,L3,Tweet
192a9444-1192-4c6d-aa24-ce59439381e4,L3,Tweet
192d4ca6-cf07-4dd9-999c-818bdb3b6355,L3,Tweet
19361c7b-61eb-4333-908d-6425e191ef37,L3,Tweet
194067dd-0df2-4835-93b8-4ec2efd13643,L3,Tweet
1941f8f7-ba4c-4ae1-bd95-64fd7412e231,L3,Tweet
1945d607-4cf4-4fc9-acdb-315939a4f642,L3,Tweet
194eec13-3df4-4c46-8a20-a98fe03849ad,L3,Tweet
195172c4-6e57-49d5-82e7-faf6baf32225,L3,Tweet
1953b903-443d-4e1a-817d-6b2f41bf1623,L3,Tweet
1956c357-5cd7-4e33-842e-1f6797e5ed82,L3,Tweet
195d154a-6e3d-47e9-b719-0fc9a7f02c29,L3,Tweet
195da692-71a9-45dd-9054-81fb1c111978,L3,Tweet
1969de07-18f5-43aa-990c-59d2c6d10e94,L3,Tweet
196d983e-dd38-49e7-99f6-ac71ed18cf83,L3,Tweet
1971f1d5-4bec-431a-be83-f4351ed23047,L3,Tweet
1976ffd2-c428-46bb-8db5-cc93c2dc59cb,L3,Tweet
197ba728-16c0-4be3-9bf0-724041cd753c,L3,Tweet
197d330e-ab74-4187-8a13-23c2c23a05ca,L3,Tweet
1981157b-e04a-46af-a05a-ca73d32a6618,L3,Tweet
19870820-9e60-47e4-9c1b-39245251954a,L3,Tweet
1987f7a7-fc20-4b72-a25a-d4132b94e4b2,L3,Tweet
19922706-4c6c-462b-b9f7-471c4d841748,L3,Tweet
19990f79-8e33-42a8-b88e-0b14f367155d,L3,Tweet
199bea1f-ffff-4e02-a935-4a155fb11f56,L3,Tweet
199ff3ab-b933-4fbb-a5f6-64ac75d59b54,L3,Tweet
19a369fd-f248-4a80-8c13-0dcf374102c3,L3,Tweet
19a3b4be-3bc9-4ce0-9722-e9e0ae60018c,L3,Tweet
19c30081-4a44-49c1-8d9d-73774a6399cb,L3,Tweet
19c3cd69-657f-45e8-94e3-45253de61c0b,L3,Tweet
19d16fd6-e186-4c1c-9de7-fe4a2a8c2173,L3,Tweet
19e44bc3-c814-4ad4-a1ed-2c99fbfd1dce,L3,Tweet
19e56409-a44b-446c-a661-a8aaa3973dc6,L3,Tweet
19ecc59f-6485-4675-9969-7ea517be99b0,L3,Tweet
19eed0e1-82c2-4502-9324-eff8973f69ed,L3,Tweet
19efafe8-c768-4ac6-9f53-4ef8c9fb0c0d,L3,Tweet
19efdea8-5878-4cfe-a073-cf540347929a,L3,Tweet
19f20a3c-7366-497b-8eea-eb33fd80b2c7,L3,Tweet
19f4bdd1-538d-491b-8f29-02e61645456e,L3,Tweet
19f6f915-71b5-4388-9828-6dd57aac2fe9,L3,Tweet
19f71d78-b6c0-404a-8652-af7f2cb73404,L3,Tweet
19fcae70-8e30-428c-8e1a-a1bc391c6f39,L3,Tweet
1a014bab-d4e3-4446-a65b-aa6b1d4ed00d,L3,Tweet
1a0a9693-cc60-4bad-b82f-30f57325c511,L3,Tweet
1a0b3623-8706-4752-8672-44fe0a7f3d16,L3,Tweet
1a11adb3-8b05-4c6d-af22-67dce7243d15,L3,Tweet
1a13710e-9171-4774-b0aa-58e32c019d04,L3,Tweet
1a2509a8-b7de-436e-8d70-6bd200465c60,L3,Tweet
1a268706-33ad-4d79-96ea-8fc4f46b9ada,L3,Tweet
1a2dd86e-7fe2-4c85-abf5-8e7315e711a7,L3,Tweet
1a2eb6e9-b45a-43e7-b7b1-bf54285ea113,L3,Tweet
1a35191c-2b9d-4dde-8875-890e25f94082,L3,Tweet
1a381a4d-25db-4feb-859c-5191ffadc793,L3,Tweet
1a3b639a-d4e6-4eed-ad4b-f257fa96dca7,L3,Tweet
1a464d20-4054-48e2-a37e-bc7eae9ea415,L3,Tweet
1a4ed501-3b78-46b0-b817-e530a9db687f,L3,Tweet
1a5c076b-ce46-49c3-8e3e-addbc7846ce7,L3,Tweet
1a704ad6-dc9a-43dd-91f1-5711781b269f,L3,Tweet
1a7af43d-02f8-4a77-a0e3-12ebba961fb2,L3,Tweet
1a82f0e8-1ed0-4a33-8f20-051fd03a558d,L3,Tweet
1a8a6de1-78b7-44e2-b8ea-df7022884ef1,L3,Tweet
1a97bc11-b7bc-494f-8d2a-bd78ed5877fb,L3,Tweet
1a9bd25f-2e50-4bd1-a03b-fdf98efecf7f,L3,Tweet
1aa4d926-823c-4d2f-b81d-6750e7cf68d5,L3,Tweet
1aa899ec-ce7b-436c-8c2f-c0c503cec1be,L3,Tweet
1ab7d6f8-c223-4f4d-9331-7753160b3012,L3,Tweet
1abfc64b-1dad-4692-89ce-1f8faf409bbc,L3,Tweet
1acaa46b-a20c-4a92-8671-47c548db9767,L3,Tweet
1acc0afb-5d14-47ca-ac7d-8874817e065b,L3,Tweet
1ad28f8c-bf07-4f8f-a1ce-7cbcd3cc1792,L3,Tweet
1ad49c56-80d3-4e29-8cac-fec6c7160f3c,L3,Tweet
1ad6edef-ce9b-4e08-8730-89fe8ef19941,L3,Tweet
1ae09868-557a-44ed-8c24-01e56c924e88,L3,Tweet
1aedb4a3-99f7-4479-a78d-07c62a58b138,L3,Tweet
1af46c1c-1be8-4908-b44f-5e6c8343abf2,L3,Tweet
1afa49d7-a6f2-4088-be06-b95d2bc4eb6a,L3,Tweet
1aff5fad-4a00-43dd-ac59-30ee55531ca1,L3,Tweet
1b0020cc-6c21-43fd-9f0c-0c29120fd68d,L3,Tweet
1b0f5b8b-024d-4c7b-8fe3-491be7275f64,L3,Tweet
1b18ac74-a0ee-40c5-a377-6458542b26bc,L3,Tweet
1b19c357-aab5-4412-b028-9fb4a7434a75,L3,Tweet
1b1cd655-c739-4f5e-809a-ea2b5228a5d5,L3,Tweet
1b1e8fb6-10a2-4059-aa71-6e4cfa5cfad7,L3,Tweet
1b25aca6-4055-4ca8-8478-1a2cb0512f50,L3,Tweet
1b2a70a8-069f-4bae-b756-32e0ba4f135a,L3,Tweet
1b2ae286-511f-4873-8d67-3d26e1f8fa5b,L3,Tweet
1b2e0dac-287f-49a4-a8b1-97412ab989ce,L3,Tweet
1b2fae35-04c0-46b8-9209-af7ef672da13,L3,Tweet
1b312472-f6f7-4236-b35e-21fc29adf116,L3,Tweet
1b36d15f-1f6e-40f5-8f8f-fc9d09e49727,L3,Tweet
1b37454d-f7d2-4ca8-8772-ef6f5b7799f2,L3,Tweet
1b4b9afe-6f9c-40cc-b81e-36d946acf308,L3,Tweet
1b4c214f-f3b6-46ff-bac6-0f25e09a7444,L3,Tweet
1b57328a-85a1-4390-8b1a-88a2cbf53af2,L3,Tweet
1b5e75cc-7cf5-436d-b189-96e79eaebd05,L3,Tweet
1b622d4b-2e01-4b0f-a9fe-ff9b713f982e,L3,Tweet
1b6eacf4-a98b-4e06-b4df-b3fdcb491097,L3,Tweet
1b79ed43-1b49-483b-8c63-ed90d099a3d4,L3,Tweet
1b7a5a20-d3de-4388-8f29-6f402785e1e6,L3,Tweet
1b81f648-8910-4acf-a212-f74d20ac97c2,L3,Tweet
1b891028-3598-48a7-9e2e-b285487bba3f,L3,Tweet
1b943157-bc7b-41a0-a960-61f829480d3c,L3,Tweet
1b9b9638-e3bb-4404-a4f6-74ebe8beab37,L3,Tweet
1b9ffe17-c33b-43bb-9df1-0194a23fd573,L3,Tweet
1ba6fe7c-6ee0-4131-8530-20c922bf80f3,L3,Tweet
1ba74844-bf94-4a56-8c53-7c9175194a2e,L3,Tweet
1ba8afd5-5a44-4a1f-a65a-35d80751f896,L3,Tweet
1bae4819-3455-471b-aec5-d33be1a5493b,L3,Tweet
1bb016d8-7ee0-4314-a6e5-581975577247,L3,Tweet
1bb55544-84dc-425a-9188-af0c855474c5,L3,Tweet
1bbb7bd3-e4c1-49be-a0da-eee364b4109e,L3,Tweet
1bc83518-03b8-4056-b042-1e3178935cb1,L3,Tweet
1bcd794b-ca4c-485a-b408-71a5679e9cb4,L3,Tweet
1bda01e9-e2a2-4303-b465-e8646cd29b72,L3,Tweet
1bda4ece-60fa-49e5-beef-7614aca4edcc,L3,Tweet
1be4f3c3-80db-45f0-91f4-f2bab8560951,L3,Tweet
1c046d7b-87fa-42c3-b6e7-818b0fe29089,L3,Tweet
1c0564e3-45f0-4e7c-a7d0-6bad53f378f7,L3,Tweet
1c0ef148-1344-451d-ac2a-a2b283a14dd3,L3,Tweet
1c1146de-98c8-411e-908f-29c2b849f6ff,L3,Tweet
1c1409bf-ef40-40a2-8160-66c69d9de1c6,L3,Tweet
1c2afa61-27e0-4b93-bdd0-46d9f43f8846,L3,Tweet
1c376324-9392-46fd-b342-dbe557171d47,L3,Tweet
1c45fd8e-5bb7-41f8-b0a5-c4471b193b4b,L3,Tweet
1c547816-b51b-4877-a7af-a90f2a68bb23,L3,Tweet
1c54b590-5acc-483b-9e10-e1d0fef0607b,L3,Tweet
1c56d8d5-8be2-42ca-957a-28077faa9ee8,L3,Tweet
1c5f1987-9c65-4579-b630-e1f5e33eacb7,L3,Tweet
1c7237ab-4dcb-4bcf-939d-60f1197a31d1,L3,Tweet
1c78ad3c-46da-4da0-af89-b0ce95c89a29,L3,Tweet
1c8374ef-48ea-458e-acc0-cf87c9671213,L3,Tweet
1c843ac2-eec6-40b4-b366-cb3896302490,L3,Tweet
1c87610e-a75c-4908-ad37-e60f35b0f714,L3,Tweet
1c88fc8b-8bd0-45b0-b643-290ab0d26ffc,L3,Tweet
1c947123-54c0-4b51-9254-58e33b841d94,L3,Tweet
1c97a9db-8741-438b-900d-16609f8b6a0a,L3,Tweet
1ca1bb3b-6afc-478a-85c8-cf30daf1a334,L3,Tweet
1ca3519f-19ee-41f1-9669-839632548400,L3,Tweet
1ca62e79-f207-4320-8e1b-fd8facf276d7,L3,Tweet
1ca9283b-0d47-4507-b98e-42e04fb50f09,L3,Tweet
1ca94415-e0cf-4064-9045-3aa1d29eb819,L3,Tweet
1cb19512-a36b-4140-a2e9-3c64d1468973,L3,Tweet
1cb417d8-b892-4929-82e9-c82cffb621d9,L3,Tweet
1cbb0743-585d-4589-a0c2-49ea79b3cb35,L3,Tweet
1cbdf2fc-6975-4c1c-882f-61081fa88ef6,L3,Tweet
1cbf87fa-9a4b-4839-90c5-49a2710df306,L3,Tweet
1cd15b8e-4749-4f5c-8889-e942b01cac03,L3,Tweet
1cd5f935-086b-42b5-8fac-855c0298fe76,L3,Tweet
1cdd558a-cb17-4592-81e4-ce3d300dbed4,L3,Tweet
1ce01ffb-9d00-4fd8-8fad-e000d9ee535a,L3,Tweet
1ce4be4d-8e20-4582-9788-652f3e9851db,L3,Tweet
1cf05218-7ef3-40bf-88b1-164235586fc5,L3,Tweet
1cf1fca7-14f2-44f0-b365-fc3a07a6f0ca,L3,Tweet
1cf83375-6183-4337-8332-55a145ed05bc,L3,Tweet
1d009f69-b27d-41f4-bd89-74b3cc8d7090,L3,Tweet
1d0874f9-eed1-409b-9769-75119e24de5c,L3,Tweet
1d0b4967-d55a-4012-9062-8b9c8539c893,L3,Tweet
1d1fc581-169b-4d43-aab8-af45129483e7,L3,Tweet
1d26b123-1307-4fe3-bbe1-e544afd1ed68,L3,Tweet
1d28b0bb-acbd-4cfe-a97c-863595093a1f,L3,Tweet
1d292772-f39a-4c4b-9887-6c262ff76149,L3,Tweet
1d2befa6-ccb6-4e31-8e48-e26d83128543,L3,Tweet
1d2d1646-07ff-4730-b67a-453f83c92e59,L3,Tweet
1d49f0b3-1d8d-4c76-926c-fd8c1053ffa3,L3,Tweet
1d51f6e3-d5e5-4a37-9675-e59c21ef1a9e,L3,Tweet
1d571c15-51c2-43bf-9b21-215cd41c74ca,L3,Tweet
1d6b931a-f7ac-4942-8f9c-629edf3462c2,L3,Tweet
1d6cc81f-b262-4ebb-b07c-0fee1d5ce495,L3,Tweet
1d6e9bee-d40c-4c36-a016-d979d458d0ce,L3,Tweet
1d75ebc0-8222-4f32-bd06-74060b5d715f,L3,Tweet
1d846b98-c924-41b4-9f5f-c04b0028a9ca,L3,Tweet
1d88d447-c6f7-4347-8464-a601e8b0208c,L3,Tweet
1d89ae65-6aab-4b56-b7e4-890fb3d02339,L3,Tweet
1d8a36e2-e54d-4da6-b1ab-f2638e558777,L3,Tweet
1d900889-9338-4b94-961f-1bca7a53b6b7,L3,Tweet
1d922877-7f24-47fe-ab1a-a4107595ae52,L3,Tweet
1d9373cb-8851-4381-add6-d3a0f72cd86f,L3,Tweet
1d99fa73-c410-4167-ac31-cc6998da61dc,L3,Tweet
1d9bb83f-a772-404e-ab00-89da73a0c439,L3,Tweet
1d9cab20-56b0-438a-b8b1-70653e7936a2,L3,Tweet
1d9e4c98-cde5-47ed-b4b2-09f7e27523e0,L3,Tweet
1d9fa6b2-d370-4525-b00d-8e59f00d9cdd,L3,Tweet
1da51db0-7b11-4be0-b530-fe646d891bc4,L3,Tweet
1dade2e8-fff6-490e-8537-7f2834eaf7c6,L3,Tweet
1dafa208-51df-4cc1-bf7f-58b393b54ba0,L3,Tweet
1db08e7e-4fd2-4ff2-8f1c-552c196fb3c2,L3,Tweet
1db293ad-da60-4c49-8945-5fa255dc087f,L3,Tweet
1db45271-b3e1-4571-a0e2-739608feeba8,L3,Tweet
1dbf15d3-c6a4-411a-afb4-f93b0d997359,L3,Tweet
1dc2f5db-e2b7-4660-a498-ebc095ee7216,L3,Tweet
1dc4de54-bd4e-47ab-87b4-ee509bf628bf,L3,Tweet
1dc88b95-b4c3-460d-9a06-3e3f1125d68e,L3,Tweet
1dd7511e-0271-4792-bf55-8594aa10c319,L3,Tweet
1ddb91a5-5158-463e-9b01-c14a7df5f9d3,L3,Tweet
1de01e53-07aa-4d34-8369-693cb67dc6c5,L3,Tweet
1df6116d-a3b2-4b8c-9237-ba614785c320,L3,Tweet
1df79d62-83a8-4b8b-acbb-2d690f18828f,L3,Tweet
1dfff7ec-2758-44c2-bfbf-2a478ceb0751,L3,Tweet
1e021630-0222-4568-8232-5d9bb9e6d189,L3,Tweet
1e03169c-6790-45a0-8bc2-c7e8f3e760b0,L3,Tweet
1e19c2e8-3990-4e50-883a-81a5661efd85,L3,Tweet
1e1faf54-f22c-4eb0-9068-e9bb9dc6552e,L3,Tweet
1e20de6c-ef8b-4b94-b929-fecc3a46ef17,L3,Tweet
1e237ad1-8a3c-4c87-8370-5b0c7f9bbc8d,L3,Tweet
1e24b971-003b-4b99-a93b-577716ed920b,L3,Tweet
1e27965e-5254-453e-a14c-f638b05f57c7,L3,Tweet
1e2ee40d-a6b2-4740-be92-5dfe13177dd5,L3,Tweet
1e3861e9-f1a1-42db-bcba-1cddb84fc1b3,L3,Tweet
1e3b3410-d085-415c-bf2a-4e952be92f84,L3,Tweet
1e4143b5-42f3-4d0b-b331-32e57a3ca63b,L3,Tweet
1e4b18b0-9237-42d0-a363-2d64a01f7221,L3,Tweet
1e567220-231c-4b7a-b714-018625f7983a,L3,Tweet
1e56b689-ad14-4a38-8d0b-d53c9df7873e,L3,Tweet
1e57c3de-5dc9-4f48-84c9-776c22c8df32,L3,Tweet
1e670219-57ce-44e3-bdaa-ac35ee67ac33,L3,Tweet
1e68fe91-98a8-46d4-8d37-950feab0c9ed,L3,Tweet
1e732f65-2fa1-47b5-9da1-9030dbcf7ff1,L3,Tweet
1e7ae0b8-be21-4670-b9f4-06a5903111a4,L3,Tweet
1e897b31-5486-42d5-b011-4fe99d780676,L3,Tweet
1e8a0e17-f215-4887-b9f5-3cc485099846,L3,Tweet
1e8b358d-6434-49a8-a3b9-4f3f8c7bddbd,L3,Tweet
1e8f21f3-b36d-4d38-ae78-bfdcd91fb994,L3,Tweet
1e92bf9f-bdc8-41e2-ab18-5ab5eeca0e2e,L3,Tweet
1e9a215b-35f7-48a4-9568-b653294ec61f,L3,Tweet
1e9ce808-2465-4889-92a1-421d7490f1a9,L3,Tweet
1ea2fead-9d58-4890-a54f-3983d280cdce,L3,Tweet
1eaad990-a430-47f4-b99f-0842c123daf4,L3,Tweet
1eb5bd2a-ac27-48f7-be39-706386c40ee8,L3,Tweet
1eb917dc-71a6-4392-bb72-b0b68ca04689,L3,Tweet
1ec46140-edc6-49c7-b898-e91d109de529,L3,Tweet
1ec7e858-c089-4982-9229-21f4e56d56a1,L3,Tweet
1ed392ee-ca17-4727-a064-cbdc8957ef9c,L3,Tweet
1ed3f974-16fe-4695-8522-5ca594d91fa9,L3,Tweet
1ed4e0cf-c34e-4e0a-b954-5340e9689e09,L3,Tweet
1edc0429-399a-42ea-8aa8-c20c83771798,L3,Tweet
1ee06783-d29d-4f6f-a5f7-9e5472c4bc7c,L3,Tweet
1ee83a5a-1693-4790-bd73-abc243325708,L3,Tweet
1eed8163-eb17-484e-9e91-d17896a1b64d,L3,Tweet
1ef560fb-b0c7-4445-8101-a8a21b9a54b8,L3,Tweet
1ef635e3-9d27-47d6-8ad3-c8e92f389b28,L3,Tweet
1ef66519-dd85-49cc-b98b-79716010cccc,L3,Tweet
1ef75928-1d83-4641-9436-dfdf1f0257db,L3,Tweet
1efd98e1-e765-4b8d-9769-86acfb419036,L3,Tweet
1f00418b-8dd6-479b-8741-90b312068b6d,L3,Tweet
1f033fad-1131-40c8-8e91-37e05e8b471d,L3,Tweet
1f0392d5-143b-4afb-bb71-4234ed138c1f,L3,Tweet
1f0f9314-6672-43e8-a863-1dca29284a81,L3,Tweet
1f10a0e1-e928-48e4-818d-3c703a6ab5ab,L3,Tweet
1f14ebdd-de36-4f0a-a034-40f7da44f3a8,L3,Tweet
1f15c3cc-2014-4882-b734-e74e61e54b1b,L3,Tweet
1f25f13d-532e-4184-b12b-443a742d9a51,L3,Tweet
1f27c131-9381-4d5e-bb26-b4f6086bfbc5,L3,Tweet
1f2df357-fb53-4038-9bd2-0dc5f392cd46,L3,Tweet
1f346086-a108-4864-bf29-491af096fdfd,L3,Tweet
1f3887c5-47cf-41c2-b1a7-0cd5592d6053,L3,Tweet
1f4b6a9e-43a6-4d8f-8229-c31b5b62f0c7,L3,Tweet
1f4b75c1-a61d-4dd1-a72d-108f02c9f2ed,L3,Tweet
1f4b7afe-7776-4f5a-938c-f1fc0391a75c,L3,Tweet
1f4d9109-6930-4633-8d10-ec28c86228d7,L3,Tweet
1f521108-08eb-42bc-906b-0ba65a91d32c,L3,Tweet
1f54ee9a-2525-44f7-9be0-7e1784b46166,L3,Tweet
1f55f1e4-016f-47a4-98dd-7ae13f037eff,L3,Tweet
1f5e567c-1eb0-44c1-ac1b-945b774dc14b,L3,Tweet
1f61460b-08eb-4aa2-8e1f-7e5c1152760b,L3,Tweet
1f62c017-7146-4db4-a753-7479837fac6a,L3,Tweet
1f63f1df-d3bb-4109-8db5-92f4b7e09b87,L3,Tweet
1f657067-2e31-46e1-8350-2ba059560b38,L3,Tweet
1f6a345d-c44b-448f-b08c-c9644a720dab,L3,Tweet
1f70dd3a-3a34-4175-b19b-805a6e6bb0d8,L3,Tweet
1f7102a7-6299-40b8-8adf-fd81f49915a3,L3,Tweet
1f756e35-adfb-4e63-8ff1-c31a674bdad0,L3,Tweet
1f7d5b77-3ca8-4ec8-9c8c-76395aa676c0,L3,Tweet
1f88d148-b9ea-4e4f-9684-0e53419ed577,L3,Tweet
1f8d0f87-8d15-42da-a1c9-928b96e9b62d,L3,Tweet
1f97a02e-7bb3-42f1-9ae0-58e4f1ec37bf,L3,Tweet
1f9bb859-7e79-47ff-b62f-c2eaeb6ca023,L3,Tweet
1fa6abe0-186c-4d0d-938d-e940109e8b07,L3,Tweet
1fa94003-85a7-4468-ac74-3292a7e9adb1,L3,Tweet
1fb0b70d-3e3a-4ee5-9114-1e20dbdf9d1a,L3,Tweet
1fb8f776-c1d1-4eb3-843f-8b00e95759d5,L3,Tweet
1fbcbd8d-06ec-45a7-9fdf-972083e680ad,L3,Tweet
1fd88b59-6ed5-4006-8a9f-e8dbc9a6c6ad,L3,Tweet
1fda2ae2-52d6-4feb-a56f-cbf6925301dd,L3,Tweet
1fdba62a-5a7f-4cc8-8816-c459543af6ce,L3,Tweet
1fe53e4b-ebc0-4696-9b23-c14bd3c593bc,L3,Tweet
1fe6527f-b4e9-4d18-b7bd-f16ff9fba442,L3,Tweet
1fe95a5a-350f-4761-9e57-a4acf6229a4a,L3,Tweet
1fe97e88-473d-4788-b975-8460411cbb96,L3,Tweet
1ff26fb9-4043-463b-bc16-fa75c972789e,L3,Tweet
1ffa8cf0-5f94-4588-8d30-cef8b2eab22d,L3,Tweet
1ffd01f7-65c5-4005-8b42-6ed4a861cf4d,L3,Tweet
2014b5ba-1438-4d7c-9ea5-0752b26a760c,L3,Tweet
20150a26-0910-4ed5-9f4a-eeebe4dd7308,L3,Tweet
2015dbfd-f0b0-4ee3-91c8-afc6bd6c4d73,L3,Tweet
2029a651-ffe8-4387-b74a-f0331157ab4a,L3,Tweet
202acba5-aa88-451e-9fc4-1a4b17fa9299,L3,Tweet
2035c10f-92b4-4260-8e95-257ea7398b9c,L3,Tweet
203777a3-d1b4-42ed-a3c5-d9157523ee0c,L3,Tweet
20384495-8790-48d2-951f-fbe56611bda4,L3,Tweet
204188a3-593c-4d74-ae9c-015d02add5f9,L3,Tweet
20480cf1-5c1c-4445-bf6b-3614e73ce73d,L3,Tweet
20558838-ea18-42b2-8911-5995fbd1c095,L3,Tweet
206518b7-92f1-435b-b9f3-3d72ce0f0fec,L3,Tweet
206b7ec6-495a-4370-8c58-a82d24bd7ee4,L3,Tweet
20818061-528f-4bc2-92d8-e6684efd34a8,L3,Tweet
2083bca0-ffd4-4cf1-8883-1ff810c98b7a,L3,Tweet
209545a4-b43d-4a06-bd8c-f372d4901dce,L3,Tweet
209be73e-7e5a-40db-ab15-9d0f32d3422a,L3,Tweet
20abb43b-7009-440e-a3e3-666ddba640fc,L3,Tweet
20b6f263-cc6b-45fc-a33d-d6bb062a5479,L3,Tweet
20b92b49-8ccd-4ffe-a6c1-3f42dec4bc0d,L3,Tweet
20c38c7f-fa0e-4987-8ddc-ec2d6e286bee,L3,Tweet
20c73aa3-9edc-453e-bf23-5352338ccaa0,L3,Tweet
20c888f6-9fab-4961-b833-375c978d50f1,L3,Tweet
20d123d9-ff2c-4336-a63f-4cd54573459a,L3,Tweet
20dce6c4-f55d-4c18-ac12-5136e3e6115d,L3,Tweet
20e0c0f7-ae44-48de-86ea-7c42bf68f3ff,L3,Tweet
20e10fb1-1c44-4e27-918a-a67f79bb0162,L3,Tweet
20e20e41-6982-4515-81fc-2a9db82c02c8,L3,Tweet
20e9539a-f5ef-4b4a-9583-8219547acb09,L3,Tweet
20eb7b5b-e6eb-4764-9216-50c63bfa4b45,L3,Tweet
20eed4a9-3f11-4fa9-b964-47dec1592872,L3,Tweet
20f52500-25e5-4474-b400-406d505509a4,L3,Tweet
20f54326-9eda-49cf-8439-f1fea94accd6,L3,Tweet
20f99416-dcee-42ab-a8bd-bf6a345d6d1d,L3,Tweet
210e5440-27a0-464f-8694-caf9fd7a4aec,L3,Tweet
2114c207-e80d-45d7-98b4-fc05664d6ba5,L3,Tweet
2116ce7a-c13b-4293-a751-486fd875d116,L3,Tweet
2117fd9a-d478-4f80-a5c4-b1528e38f596,L3,Tweet
211b3522-7d5f-4801-a9d3-156e34cc8b0f,L3,Tweet
211c5b08-0855-4f0a-bdcc-d66fef5f3eaf,L3,Tweet
211f27a5-bced-4a36-9ea5-e9de53225e16,L3,Tweet
2126d283-3ae2-40ab-9692-77b7df7ca22d,L3,Tweet
21273b4e-fa38-41d7-919a-8ef4f7991418,L3,Tweet
2141c4e2-dd51-46d5-a7c1-98f984d5241f,L3,Tweet
214c32bc-0686-4d31-b2f8-a06d5cc55093,L3,Tweet
21559a04-6d38-47a8-9ea9-2b2f5393903d,L3,Tweet
21570c27-410f-4efd-b52a-fd8c46e52457,L3,Tweet
21576cf7-8973-4ae7-986f-da2721779cf9,L3,Tweet
215d218f-c89d-4de5-8273-98af0d4551bb,L3,Tweet
216c13cd-51aa-41ff-a9a5-4321edd54293,L3,Tweet
216f7e16-ed74-4dcd-8fba-f559aaf8c9b5,L3,Tweet
21736879-018d-45ca-be1e-e068a78a6d47,L3,Tweet
21750d28-0400-4708-86e2-b4b5beb641bd,L3,Tweet
217735f5-a414-43f5-b8f8-8331af95c8db,L3,Tweet
2177e70d-722b-40f9-bdc9-eb4b14a5cc45,L3,Tweet
217b4a9f-7127-4291-9d28-60e928661298,L3,Tweet
217e46e9-7aaa-49af-bd9d-263519e75e46,L3,Tweet
218d1e4d-5ae4-4907-bc73-894a7373627f,L3,Tweet
2190dcf9-75ea-4031-99ba-17b41075e6bf,L3,Tweet
219a3c61-6df0-47cb-af66-1fe2da389109,L3,Tweet
21acdb9d-7677-47fc-b479-329ad79d0eb0,L3,Tweet
21ae4b38-ca80-435f-ae77-e99900afe8e1,L3,Tweet
21af6769-e824-4d86-82d2-30889b528e97,L3,Tweet
21b38962-26a3-4ca7-8781-4d32234a3ca3,L3,Tweet
21b8661c-12a1-4e78-9f05-de912cbbbf4b,L3,Tweet
21c076ce-04c9-4db7-8235-23716a6334dc,L3,Tweet
21c45a2c-2a4a-4f66-98f2-2be4008359ad,L3,Tweet
21cc919f-235b-46e8-9f19-ab81dae3e22f,L3,Tweet
21d2c65b-735f-4b80-a442-e223ce255faa,L3,Tweet
21dab2bc-5d14-4dd9-8f9c-53ce0788b961,L3,Tweet
21dbd31f-a088-4b93-a005-64340624d326,L3,Tweet
21e59e69-d6d3-4715-961e-972247cac8ec,L3,Tweet
21e78674-adc1-4346-88a7-b849997988ed,L3,Tweet
21e94cdf-3747-4248-92b3-d4904eeafe28,L3,Tweet
21eb179a-43cb-473a-983a-5868f2de8ed7,L3,Tweet
21ed64e5-db28-453c-9ba9-779ad1d59a1c,L3,Tweet
21f0abe9-293c-4917-a272-d1ad27bbca59,L3,Tweet
21f752fb-ef3c-41ce-bf70-43d97eb1096d,L3,Tweet
21fa36d6-2bc6-4aa0-bcc2-9177caa62159,L3,Tweet
22056054-a6d9-43f5-9718-b76e217027f3,L3,Tweet
2209fa1b-ea85-4c46-868f-75dd70e3093a,L3,Tweet
220ceaec-137c-4e25-9f9b-df457e7179d7,L3,Tweet
220e999e-96b6-4bbd-a9c3-7af4929499f5,L3,Tweet
221a8425-dfa5-4723-ac74-8ddcf138ff51,L3,Tweet
221caaf0-85f8-483e-bc5c-c516d18922cf,L3,Tweet
2222112c-98b1-457d-a1a3-41f9b483def9,L3,Tweet
2231b8a3-8069-4a23-83a8-f0e5db56e66c,L3,Tweet
2239544a-a626-417c-9cb0-fb5a12976db4,L3,Tweet
223d0640-7095-4bac-82ee-9eb3720abfed,L3,Tweet
223e7497-05b9-4d4c-ad4e-b54bf7c0b3b6,L3,Tweet
223f9451-cf9e-41af-b45f-c36ee4cb8ae2,L3,Tweet
2246b0a6-a78a-4bec-8165-d6398a05bcfb,L3,Tweet
224a779b-e2a1-46b5-9e6d-19c2900b4c41,L3,Tweet
224c3ab8-3dad-4fa1-892f-0f513312cca2,L3,Tweet
22559db6-7365-43c8-b33b-c85ee0124448,L3,Tweet
225e3374-6461-4f68-aeab-3d8424d6cacf,L3,Tweet
22649527-342c-4fce-80e3-705af8d1f00d,L3,Tweet
22696bc9-b4e1-4ec8-b6d2-37886d2f5ead,L3,Tweet
227a76f7-aff0-41fd-a304-89e0179c0c73,L3,Tweet
229a5ddf-fd15-445a-8117-076cabc80ca8,L3,Tweet
229d004a-870e-46c0-845f-4585a6c16af7,L3,Tweet
22a234a9-07ec-4fcf-95d6-9466fbe224a4,L3,Tweet
22b3830a-9c48-43d2-a3dd-e2852e999607,L3,Tweet
22ccf4f3-d398-428b-8130-fae8a6c46fd3,L3,Tweet
22dba019-54a7-467c-a1ca-ae87a64bc792,L3,Tweet
22e96ee8-6dee-40a4-a0a0-fb97f95be89d,L3,Tweet
22e982b0-c40a-43f5-9b39-e92eb23d5384,L3,Tweet
22ed51fb-d8e1-4147-a1bd-ab69716291af,L3,Tweet
22ee2deb-ad28-4941-acad-45a34ce0b081,L3,Tweet
2300ac6b-6877-434b-a5ed-f64e0d9e746a,L3,Tweet
2306a4e9-2354-4695-8ae6-babf6477605d,L3,Tweet
231a23d9-4aca-4b5e-9f90-df3f11c3f51f,L3,Tweet
232528de-148b-4bc4-a29b-2a21b94b42df,L3,Tweet
232bfbb6-5c55-46d6-a072-e47e44da24a2,L3,Tweet
232c1ad2-d9a6-4adb-acce-85a22d8530f3,L3,Tweet
233596b4-8256-4c3e-b1db-31368fc47923,L3,Tweet
233678f0-64f7-46b7-a479-f1f4eac1e743,L3,Tweet
23387f05-4abc-4514-9f9b-10057a59c821,L3,Tweet
233dd031-9aa0-4678-9fa4-02d2e6c03c0e,L3,Tweet
233ef6c6-c784-4e52-8c23-dc567a8a8587,L3,Tweet
2340840f-7ab3-4d61-8ee8-1c755cf2add9,L3,Tweet
23425bca-34d6-4bd1-9daa-3429d556e877,L3,Tweet
234488ac-23d1-4c40-8fc7-15cace7b16d6,L3,Tweet
234d6270-ff22-44dd-9e4b-6115ef2b6b6d,L3,Tweet
2356da32-3c4e-4ce0-9da8-ab841f6d6711,L3,Tweet
235ce093-9d3a-4817-886f-8f511e95178f,L3,Tweet
235efc32-265d-43e7-b6e4-1e8772a79f14,L3,Tweet
235f3db4-a579-4847-b8ee-578a0a572cd7,L3,Tweet
2363e4e6-4089-4589-bc3e-add11d532107,L3,Tweet
2369ddd1-8c2f-4caa-bcbe-2f9c28434de8,L3,Tweet
236a8caf-dd96-4e7f-8867-a00f42a9437d,L3,Tweet
23889893-3b6a-47a3-b325-9c44e2af0181,L3,Tweet
238c113a-5f15-4736-bb89-ea08fde2f702,L3,Tweet
238cf709-73be-4c8b-bb0a-03bc57a199c2,L3,Tweet
2393afa8-4d6a-4833-b1c0-7af822442f0c,L3,Tweet
23a122ed-ed46-45d6-8568-a099805798fb,L3,Tweet
23afdd55-f807-4c7a-84af-6b0549e7974f,L3,Tweet
23b68047-598a-47b3-a11c-44eed27d0ab9,L3,Tweet
23cbc31a-8cbb-42cf-ba60-c48a177fe933,L3,Tweet
23cdd739-80ce-4839-8234-940804335ac0,L3,Tweet
23d06ae6-0b3d-4fce-8453-ff36aaa727ee,L3,Tweet
23d784ec-90bf-41e8-a70c-3ce00c8b1cd6,L3,Tweet
23d85e30-1fa2-480b-a09f-e46a40ae0a7a,L3,Tweet
23ddcbd3-c8d3-4501-a136-28a07fb544eb,L3,Tweet
23de8d3f-e165-4a83-ace2-07b89b9a60f0,L3,Tweet
23ee75be-e605-4532-9496-277fa47079d6,L3,Tweet
23f3a07a-57d4-4481-ab74-b5c5e66423f9,L3,Tweet
23f9b9e0-2e93-482f-8cc2-a389da12733a,L3,Tweet
23f9e1a2-0bf5-4ad0-8fe3-66d4cac81c06,L3,Tweet
23fa0310-7bf2-437c-b569-9deb28721bbf,L3,Tweet
23fc7f74-fb3d-4c09-a7c7-f09f0248ac11,L3,Tweet
23fe020f-b0d0-4314-9457-f8e6f312f0c3,L3,Tweet
2407a57d-868e-4b52-83d5-977fc58af57d,L3,Tweet
2410c4cf-c5c3-46e1-bbb4-5bf1bc0e1f4e,L3,Tweet
2417e878-8a84-4223-a72e-e80c53be1d6c,L3,Tweet
24295173-c758-40e0-906e-9adb093c56e9,L3,Tweet
242f56e9-7850-4fb8-8b0f-3a4c384961b0,L3,Tweet
2438d37e-d4ba-4a35-8998-2cfa10ddc0fa,L3,Tweet
243da23f-93f2-4ffc-8d9c-439e3e47b7c9,L3,Tweet
2441f59b-075f-4d12-a890-8c32a48c50f2,L3,Tweet
244de6e7-f008-4229-963e-b908dd9c992d,L3,Tweet
2452da47-c23a-40e8-8544-1b54b04ce40e,L3,Tweet
2455a858-8ad4-4e2a-9fde-f1699aaaaca5,L3,Tweet
2455cd20-5a5e-413d-97ea-a4d86ce256f4,L3,Tweet
24567312-5c64-4588-9b42-1e9a64f86a64,L3,Tweet
24690c39-3df2-432a-9533-39bff287e119,L3,Tweet
246cfa72-7b18-4eed-b714-c1344f969936,L3,Tweet
246df86b-6714-4ed4-977b-5dff91780457,L3,Tweet
247159a0-fc98-412b-bbba-57aba4fbd1d7,L3,Tweet
247b7cee-a171-4f20-9f67-dbb71bb1f68a,L3,Tweet
247d69a7-af83-4551-963a-9869d1e15b4b,L3,Tweet
247e897a-67d0-4a92-b521-52b16f948cff,L3,Tweet
247ee51c-be73-400b-9c9e-97d131195891,L3,Tweet
247ff86f-470b-4326-a00d-4d57ca381414,L3,Tweet
24817f9a-3655-456a-82e1-cd7a467126e6,L3,Tweet
2481d82b-a787-4839-bc0e-0d624f21409e,L3,Tweet
24a744be-7eba-464c-98fd-1b719c807847,L3,Tweet
24aa327e-9c7e-47ac-8281-d61819861333,L3,Tweet
24ab2f30-3528-45f1-a487-ce45cd331c0e,L3,Tweet
24acde13-fb62-4740-b41c-1864808ddb95,L3,Tweet
24b40638-71c4-413e-9e3b-fabb9b7a20a5,L3,Tweet
24b4dcc3-864e-48d7-85a2-ded76738834a,L3,Tweet
24b67a68-d8b4-4de3-a0bf-9d7eb9b58546,L3,Tweet
24bc9ebb-619f-4a66-9703-02d6aece6c55,L3,Tweet
24bdc945-19b6-4414-b0a1-8ecee9694495,L3,Tweet
24da848b-b4cd-4ec4-bfe4-23d54ed03b2b,L3,Tweet
24de33dc-89c6-4e2d-8166-8b84b4c75188,L3,Tweet
24df6f6d-eb4a-4104-8334-43bc62005732,L3,Tweet
24e0390d-bccb-4859-beb2-6df8ae3aa21d,L3,Tweet
24e25d66-f813-4f32-b608-39053bee3302,L3,Tweet
24ea54d3-af12-4841-ab2b-3e975d640b39,L3,Tweet
24f2bf1e-8891-4066-98d0-5438a58bf80a,L3,Tweet
24fca354-d5b7-4e1a-a0c4-cdb8ff7df6fa,L3,Tweet
24febd68-7261-4ea3-b176-62dbfcf02915,L3,Tweet
2501dda9-a585-46d2-84a5-b9f766b32261,L3,Tweet
25097961-9d14-4691-9052-620d8318223d,L3,Tweet
250b46ac-2ee2-4aca-884b-22dcb00b2db8,L3,Tweet
251274c4-34af-4f24-b625-b9cbc370021e,L3,Tweet
2515af1b-4eae-4835-97bb-73d7a6b0c415,L3,Tweet
251811f6-9051-499c-a47f-12eae440cb57,L3,Tweet
252448f2-608b-43bd-bc60-730b01cbeeae,L3,Tweet
2526b99d-c536-480f-a08f-354e49d58a43,L3,Tweet
25274b2c-51d8-4017-a65a-a4e639d29e6a,L3,Tweet
253359db-83b9-4fc8-a593-e567b2d844dc,L3,Tweet
253b8dbc-d579-4e46-9c11-9b3bdd76c87d,L3,Tweet
254be608-de7f-4cfe-839c-9f2e46370362,L3,Tweet
254d6738-4580-43ac-803f-e88e987dd798,L3,Tweet
25542ac6-200f-485a-8150-0a98b0f2f545,L3,Tweet
255a6e77-10b8-4ec9-b19e-7b382e0b52ae,L3,Tweet
2560bf6a-52a6-43c2-8981-163667a71a5b,L3,Tweet
25619fa2-876a-43fb-bcec-2f2eb025bb6f,L3,Tweet
256fc8eb-1619-4d5b-9dcd-3689e3ca3ebf,L3,Tweet
2572dc6a-08fe-40fa-98ed-a6709116a695,L3,Tweet
25774a49-d77b-4068-bf1d-9a73412cc9cf,L3,Tweet
2578075f-b0f2-4afa-80cc-955cfa4bdd46,L3,Tweet
2580b024-0b74-4c52-8350-b7858f8d2841,L3,Tweet
258a68ba-dcb8-440c-aec3-b71e2df4ca42,L3,Tweet
258ab99f-c5ea-4d22-84a8-92fdceca987c,L3,Tweet
258d6bf0-af62-4858-b071-a59e78f347ec,L3,Tweet
259144c9-bf63-4873-a0a4-1a79db867038,L3,Tweet
25937f6d-2720-4da3-92b4-c3d436b619bd,L3,Tweet
25984cf7-fb2d-4233-b9f0-1c5c17b6c67a,L3,Tweet
25adf369-32ae-455a-9944-2ec29ea9eda2,L3,Tweet
25c728de-cdc4-4564-84cf-84c2e3885024,L3,Tweet
25d10e80-800e-45e9-a277-b33d4901f0ac,L3,Tweet
25d5f86f-6b1f-4f4b-8dca-1072e6f7d8c1,L3,Tweet
25d6663e-9ae1-4295-aba2-ee023cc9778c,L3,Tweet
25f29c14-16fb-43d8-8840-1073a79809d1,L3,Tweet
25f57225-541f-4627-abfa-c8219641d204,L3,Tweet
25f584e2-cae9-4072-a188-c6cb51497197,L3,Tweet
25f8441b-d3e2-4728-8edd-c27444ec7e11,L3,Tweet
26013428-433c-4552-8927-1010b2b46a27,L3,Tweet
260aa5ee-1d27-4df1-b91c-678246fe7179,L3,Tweet
260e960c-0b96-4911-834d-7fd55aeb31a8,L3,Tweet
2611d406-a3da-4334-a6b5-10e58d2c2354,L3,Tweet
261259fe-4dab-4088-b3b5-110fcf2c73fa,L3,Tweet
26148d00-f614-4a86-ad31-4a0d01e179eb,L3,Tweet
26152548-af6b-44aa-ba15-c666529ccd5a,L3,Tweet
2615984b-8810-459b-800c-75a78b13ae25,L3,Tweet
2616219b-e1e3-4911-ac1d-fc56e113cfd5,L3,Tweet
26203fd1-cb39-45a0-b1e7-1f1aa8cbee38,L3,Tweet
2628a95f-0dc7-478b-aa1e-dceda3027542,L3,Tweet
26301c30-ff8b-4dd7-bd82-6e0685c265a2,L3,Tweet
2637bca2-06b8-45bc-b003-438e1da225ad,L3,Tweet
26396965-73c1-41a1-9b7f-9c7818ffbfe5,L3,Tweet
263d0bb7-6107-41b4-af1d-bf0f8285f374,L3,Tweet
263d360f-e875-47ad-985e-45a6ea184f06,L3,Tweet
264217e6-5ace-44f0-93c9-897817fe9aec,L3,Tweet
2646f2d2-2eba-4248-ad32-c1f3cac64411,L3,Tweet
26580e56-26db-4a6a-981f-aed6da9868fb,L3,Tweet
265ad610-35e4-4e81-a4f6-2e7476670839,L3,Tweet
265bd10a-ecb0-490c-b591-b158b71bd5f8,L3,Tweet
26607360-94d0-493b-96f8-5a1cd80116d1,L3,Tweet
2660957c-da12-4578-81c8-27b70ac65783,L3,Tweet
266c9efd-f495-4764-98b8-10e6fb390947,L3,Tweet
2676b546-6210-4f69-ab2e-e8c818282cae,L3,Tweet
267875e7-95b6-45c6-8367-7dc20b3ed37e,L3,Tweet
267f7140-c0f3-4e4d-98a1-9112cb38511f,L3,Tweet
268291e8-1c98-4224-9831-500fb8acf4ad,L3,Tweet
2684ab68-5340-4d41-a94a-fb4d7788c45f,L3,Tweet
268fe512-0d4c-48c8-b2ab-cde5c79c1525,L3,Tweet
269afae4-9359-4a20-8684-e74904fc80bc,L3,Tweet
26a125c3-09df-40fb-96a4-780ae7ef6470,L3,Tweet
26a3824d-8fe6-4f8c-be99-d2243c0a08f4,L3,Tweet
26af8fef-fab9-4bea-bf03-3d8f142ca21e,L3,Tweet
26b4eeb4-a04a-49a2-8027-c00dc26dbcc2,L3,Tweet
26bbff2c-b367-436e-b1ea-74d67c3a829c,L3,Tweet
26bd35c3-9c72-46e7-98fc-1fb7ee816dea,L3,Tweet
26c32c86-9e01-4f82-ae05-288334b2e3a7,L3,Tweet
26c348d7-a271-47c3-90df-05e10fe1131d,L3,Tweet
26c3ae9f-3c73-4d34-8320-35a92f83df8d,L3,Tweet
26c4dc46-c486-4318-81dc-91ea4eaf49b0,L3,Tweet
26cafa5b-d8d6-4cd6-9821-927bf0c68872,L3,Tweet
26dee9ad-a203-4ead-8098-283c9532d90a,L3,Tweet
26e1d85d-e5b0-4497-986a-2f7f9e79228b,L3,Tweet
26e53679-08c1-492c-9d06-d7117b3e8070,L3,Tweet
26ec03d0-3fac-415e-a23d-cc8ac27648e6,L3,Tweet
26f3bcf0-a047-4bab-aee6-b491978a5b71,L3,Tweet
27014756-6d02-448b-bb7e-318c7ba44587,L3,Tweet
27030826-5926-4d7c-b3ea-54819eede128,L3,Tweet
27036338-1be1-4897-9a89-bd65ab470006,L3,Tweet
27064e47-0cd7-4ec1-99bf-533d6d15e8b6,L3,Tweet
270dd1bf-639d-450a-ad98-de97b0388f64,L3,Tweet
27287726-edd9-4562-9f2b-93973ff2a79d,L3,Tweet
274004de-dc3e-4f93-9d41-94de942b658a,L3,Tweet
27439383-1769-42d4-81a1-1647af45ea4b,L3,Tweet
275b50b9-0d80-43fb-8e92-a4b22a23ceed,L3,Tweet
27627ef8-3c4d-4504-b161-a6b8d3d2cca9,L3,Tweet
2770edfe-cb0e-4e4a-9f9f-35d6ec86acf1,L3,Tweet
277aa1ba-f805-43ef-890e-b1a70fd35be2,L3,Tweet
277febbd-c772-494a-8a94-71696da2f83a,L3,Tweet
2780cd65-76dc-40e2-9d8f-97e910eaeb42,L3,Tweet
2780de06-4378-48ce-8e5c-3d44006720d9,L3,Tweet
278306b3-7bd5-4f2c-b413-998ac079027a,L3,Tweet
278fc4fc-5cf1-4921-8cb4-7de894f30b93,L3,Tweet
27936583-977e-4cc8-8036-40a91f9f6bd0,L3,Tweet
279c1e99-7618-466d-86a6-999025843247,L3,Tweet
279fefef-22dd-4275-8150-22895e2b6210,L3,Tweet
27a1c012-7492-494d-a1bb-3877b67f53a6,L3,Tweet
27a2c78c-c4de-4e30-89d8-60ef8376146d,L3,Tweet
27bda48f-4672-4e9d-bea1-41373b0c6582,L3,Tweet
27bea1a6-b60a-4b0e-baf4-e8d2bf8df183,L3,Tweet
27bf75ae-6041-48fc-a633-ebef84a22e3a,L3,Tweet
27c86f56-6fcc-44e2-a059-9c1a1c3734d5,L3,Tweet
27cfdffc-6f96-480f-be33-af6d5dbb7ae6,L3,Tweet
27da106c-62ff-42e0-a034-2fa33cb4be06,L3,Tweet
27e21c5c-42b7-4937-ac33-75dd2e79dfcb,L3,Tweet
27e358bb-24d2-4771-ac6c-bbf1ea10ce93,L3,Tweet
27e4a42d-7e63-4e6e-afdb-a769f7afcdb3,L3,Tweet
27fcc7df-3275-4ef1-93f1-dde3c63d7a07,L3,Tweet
280345c1-3e3f-47e3-b10a-526dc272a9ca,L3,Tweet
280b32bf-da01-4cbd-bc97-73528ed72845,L3,Tweet
280fd2d5-520a-415e-928a-e86f05ce5d13,L3,Tweet
2814830a-2471-4e96-a6f3-ee2eacbd829b,L3,Tweet
28239ff6-b719-4e26-a2a0-9ae8bf7b0a8b,L3,Tweet
28286a2e-74ad-4bb2-8f64-dc4da31eab45,L3,Tweet
28320d15-0c8f-4d4b-80b5-f3d54070adfd,L3,Tweet
283a1fad-9e28-4b01-bf1c-b34ececd5353,L3,Tweet
283a6257-45f4-46ee-8aee-53dfc03d1dd9,L3,Tweet
283ca987-5b1f-4aad-97c3-7ec50a260681,L3,Tweet
283d44ed-5b2f-4ccb-ab7f-eb9c13d33232,L3,Tweet
283f8298-6852-4981-862d-cb076ead1dda,L3,Tweet
28420b87-076d-4951-aa24-e47b81eb4c8a,L3,Tweet
284a818d-fac7-430b-a46a-cb5be817c915,L3,Tweet
284bcba1-99e5-48b3-80fc-48a0077852ff,L3,Tweet
285155b3-2ebc-4a2b-9a21-53cd80c9a47f,L3,Tweet
285220ca-ea35-46f5-99f7-c6244571880d,L3,Tweet
2857f206-cc54-4c30-93e3-64e34fcad131,L3,Tweet
285c8265-a6da-4eb6-8155-1595327d7ab3,L3,Tweet
285d74b8-7968-4394-b359-19ccaff16e7c,L3,Tweet
2861ba42-d9a9-4857-a805-07dfecc8c022,L3,Tweet
2866f88c-e1c3-4ac7-9aed-39ac125eb92f,L3,Tweet
286a7e6d-2a30-4c63-b513-15981ab750c7,L3,Tweet
286cc5a6-fb31-49b6-8d02-bceb77aec227,L3,Tweet
287c1984-250f-4143-b1e3-a82dadec6434,L3,Tweet
287d01df-2782-4904-b8db-a7e3cb8f65c0,L3,Tweet
287d50e9-cd67-4c6b-850c-fc999089d138,L3,Tweet
2886daac-6761-4647-8855-1d433f1e6dfd,L3,Tweet
288a679e-17c6-4d17-8539-4d1b01dda60e,L3,Tweet
289d8a57-d1aa-478f-834a-317ba2a71112,L3,Tweet
28a33959-f99f-411a-87de-2fe2f1e2c1da,L3,Tweet
28a68a87-af4f-42b5-acff-ff50f83613c2,L3,Tweet
28bc45ec-d78d-44ef-98a1-70c8a63ded2d,L3,Tweet
28bc6afc-91c7-437b-a455-5acfc5d3476e,L3,Tweet
28c8c382-d415-462d-a6a1-584d419c42e5,L3,Tweet
28ca7a58-f3c7-4303-87bf-4c020313202d,L3,Tweet
28d0e401-56c2-4396-a53a-35107ffd11d4,L3,Tweet
28d1cffb-f6a1-4326-b8df-433fb49b3858,L3,Tweet
28d2d02f-384f-49c4-912a-072973e88bdc,L3,Tweet
28dcbb16-c654-46eb-a892-f69c24da1be0,L3,Tweet
28eea6cb-7a70-47ea-a1fa-a199e1c4308b,L3,Tweet
28f2e5a2-3c73-41af-b83b-e707cd2c4c7a,L3,Tweet
28f4038a-5d10-41d8-b19a-9e87d11ca06b,L3,Tweet
2906c392-257b-40c7-aa5e-1b67a5a28f72,L3,Tweet
29077fc8-0042-4009-af8c-c34ab49dd3ae,L3,Tweet
290c3772-2221-4d06-ba92-e215965d7a99,L3,Tweet
290e175c-f42d-4c00-a77a-d7248038ac8d,L3,Tweet
290faa24-0251-47aa-8ac4-d0bae8ecd708,L3,Tweet
291da7e0-d677-4302-8c34-b4704b9107fb,L3,Tweet
29234c32-4408-404b-ab0d-12d90d05b4ff,L3,Tweet
2937eeee-4aa3-47bf-849a-f0e3b69b93e7,L3,Tweet
29390128-14a9-4830-86a6-02d15cea1ff7,L3,Tweet
295e13c6-2725-48f6-aa4f-a7c2f39d0d62,L3,Tweet
2962a692-c2ab-4ff8-9636-2bddd117c478,L3,Tweet
2968edd0-3e64-4ab0-ac46-3979951b299e,L3,Tweet
2969b224-9658-4199-929a-2c75524a19ee,L3,Tweet
296b0886-24b2-43c4-99f8-bc53f7394de8,L3,Tweet
296cfdc4-7e74-41d6-98dc-36c1a6791e80,L3,Tweet
296fc7f4-bcf3-4529-aba9-0e966898d4cf,L3,Tweet
29753ee1-5c54-4133-a47a-d86a2569aefc,L3,Tweet
298c3b8d-0cdb-43f0-8f93-ce5a658c21aa,L3,Tweet
299ab101-2e1b-4cda-b2ad-c70a0a1a5772,L3,Tweet
299bc8f7-8edb-4337-b7b2-fb42c95ac517,L3,Tweet
29a5fdf9-5af0-4535-b586-908ef165a8a2,L3,Tweet
29bafbd7-f2f0-4263-950e-ea612b44e9d6,L3,Tweet
29bb0fdb-1cff-4862-adeb-e6886b5ed711,L3,Tweet
29be3cdc-1f06-4101-8f75-f01d76aa22a9,L3,Tweet
29bfe872-c302-4c31-9f2a-02e7a18af019,L3,Tweet
29c05a44-1045-4cd0-b297-f22cb2a0e77e,L3,Tweet
29d9ecf5-de9e-40c4-9408-fffb6b4bec8a,L3,Tweet
29e1dfea-fcb0-47dc-87c4-1dda52074dc9,L3,Tweet
29e380b0-8a83-440d-b6c0-76bd12c36ab5,L3,Tweet
29e3a8fb-6fee-4753-af7e-e9296318db38,L3,Tweet
29e8689d-dbf2-41f2-9f9a-5681ca6ca205,L3,Tweet
29edfe59-92b0-4011-92e5-caf737078a98,L3,Tweet
29f1522c-34ec-48b1-af91-87e238c14cfa,L3,Tweet
29f182d3-9eaf-449b-bd5e-4eedcc7dcf9f,L3,Tweet
29f36c07-4ac2-409b-9e34-f1e3c2b37e0a,L3,Tweet
2a070fec-40d3-42da-87e8-bfea667566c3,L3,Tweet
2a0ba1c8-6e76-4cf4-97d2-4fc335931a73,L3,Tweet
2a118cd9-bec2-46bd-927e-f404bd1ead18,L3,Tweet
2a12e766-63b1-4a91-ac81-dc1bb557613f,L3,Tweet
2a13e23a-df87-4b45-b8ad-6c69e509f4f8,L3,Tweet
2a1ee77d-d268-4f88-9ee8-dd1f9e18bcd1,L3,Tweet
2a2833d0-9587-4dc3-bb68-36a06a895fca,L3,Tweet
2a29ed3e-0653-4ccd-99f7-fe5b7c1a7a3d,L3,Tweet
2a314f89-3053-4f84-bd46-eff9f9923bae,L3,Tweet
2a4535ec-b204-4257-bc55-6c0938b893ce,L3,Tweet
2a4b4963-3a6f-403b-ba74-8eb910571f69,L3,Tweet
2a4e035c-341c-4eae-a354-522b1f6b9836,L3,Tweet
2a596dc7-c773-4720-8334-897b862e098b,L3,Tweet
2a59a420-7b2e-402d-947e-083ffad3cbb3,L3,Tweet
2a5c7dd0-9e5d-447b-8a16-642f67cb16e1,L3,Tweet
2a5cf9a0-d6f0-459d-812e-8c37ccda2257,L3,Tweet
2a5ed973-ee08-4ccc-87dd-75bb8d6a09d4,L3,Tweet
2a601d0a-ba26-44fb-aa9e-d26eacbba62f,L3,Tweet
2a615316-c894-4e7c-abbc-6b5d3b10a5e0,L3,Tweet
2a6946ae-4ce6-45f1-b92b-81a5e981e295,L3,Tweet
2a6b45d6-3258-4fab-a153-e1ffd819a28a,L3,Tweet
2a70737e-2a58-43ab-a2f1-38fa6ea46c09,L3,Tweet
2a70f499-97a6-4b5b-a145-efd6dc76a71a,L3,Tweet
2a71ca89-b1fd-40c9-a304-4474e1124d08,L3,Tweet
2a75a610-31ea-4bfb-a244-60a354259cd6,L3,Tweet
2a77d6df-7aff-4322-807c-d5593de5218d,L3,Tweet
2a7e9210-7b32-419f-b0ff-5d6374bc4b0b,L3,Tweet
2a970721-6ccf-4705-8360-a2ba3cfc1843,L3,Tweet
2a9f6b51-d72d-4666-8782-d632bba752cb,L3,Tweet
2a9fd020-fe79-4d09-8b30-f0b58664321b,L3,Tweet
2aa8f227-d021-4e6f-a1c8-78e83912e27a,L3,Tweet
2aa91148-6b4d-40a3-9142-6e1520e8bef7,L3,Tweet
2ab26937-2f25-4d91-9994-691129721bb8,L3,Tweet
2abc9fd9-704e-4168-b017-2ed2597c1548,L3,Tweet
2ac18ca1-6708-4297-9195-dff95e6f3b03,L3,Tweet
2aca39ac-5b33-4f0a-ae92-86c76d1c0d93,L3,Tweet
2ad47ba5-19a7-484a-8764-a9a1632ea882,L3,Tweet
2ad89704-cd9c-42a7-8323-075435de7f9e,L3,Tweet
2addab8d-ee52-4b3c-a958-9e47afe723cd,L3,Tweet
2adeab95-0546-4f9f-9846-e5a81e7581c9,L3,Tweet
2ae4dcb2-50d9-4515-a2f8-46282470035c,L3,Tweet
2ae7f8c8-0f06-447c-9313-831dc8934f24,L3,Tweet
2aea4736-fd6b-43c6-a14e-8c271229bf08,L3,Tweet
2af84d00-303d-4bce-bda8-78802ea0e185,L3,Tweet
2afb2e76-ac6e-4f45-886e-d30772224d46,L3,Tweet
2b1102fb-4173-4ac5-9660-1f7451c3dccb,L3,Tweet
2b1116d8-c0ad-4fa0-9588-dd2dc6336547,L3,Tweet
2b135059-a3e7-45b6-9f71-a6b10851e64d,L3,Tweet
2b1b4c83-143d-45cf-9f7d-08d4dddbfe03,L3,Tweet
2b1c5b85-25f5-4c17-acce-60eac8a814b3,L3,Tweet
2b299a6e-393a-4179-b15c-7cc71bc5d9aa,L3,Tweet
2b29a4fe-e0bf-4f3f-a939-15405d0581d7,L3,Tweet
2b3a8cbd-28fe-4ee0-bb81-0f4ecb2fa623,L3,Tweet
2b3e8346-5c78-449c-9adc-857d66d240dc,L3,Tweet
2b478475-fbb8-49fe-b319-d230b7de8c58,L3,Tweet
2b500ba2-22b5-4eaf-8fce-d6ac9e7f4aae,L3,Tweet
2b552462-917b-4d89-bd9c-2b3052bb1989,L3,Tweet
2b5cf79d-60f1-47e8-963c-2a90dd439088,L3,Tweet
2b5d9275-cd33-4f39-be82-aff8813f344d,L3,Tweet
2b5ec6f3-9860-42c7-908b-85efed650e39,L3,Tweet
2b61babd-0c44-46e9-8f0d-01d5cbc9670d,L3,Tweet
2b694605-7ebb-417c-9c3e-aa64967f9969,L3,Tweet
2b6c9b2e-7533-4a82-9379-0fd70ace0890,L3,Tweet
2b6e2400-47fc-4461-bf15-b0eb6dab69e3,L3,Tweet
2b745978-f51f-4176-ab1a-f2410c0e1cff,L3,Tweet
2b82f3d6-5641-42ce-9be0-f1e5c784717f,L3,Tweet
2b83f2e9-55d4-4034-bf20-ea8504b84bba,L3,Tweet
2b89c5ea-d83f-430c-a994-f7e925e9d670,L3,Tweet
2b8e7096-2fab-463b-b369-e80d20523604,L3,Tweet
2b970d1d-7c33-4d56-ba45-46d17731182c,L3,Tweet
2b9ae71a-b895-4564-b1cf-534ff4e7c98e,L3,Tweet
2b9d15a0-a73b-4b69-b944-48fed4ed1f0e,L3,Tweet
2ba75f55-b3d2-4127-a092-b0e794595536,L3,Tweet
2bad6485-3dce-4310-ad5f-342a846dacee,L3,Tweet
2bb03f68-f25e-46ac-a48c-8953e626a1fc,L3,Tweet
2bb9ffa8-6ddb-40dd-8465-cc490e6d8d45,L3,Tweet
2bbe5142-2b4c-4b4d-9b72-1dcae1f28919,L3,Tweet
2bc2b370-bf4f-4c8a-970a-2c3a17471178,L3,Tweet
2bcb9d13-8815-4222-a2c4-d4e566a7a619,L3,Tweet
2bcf4bd6-9e25-48a6-9ab1-11378e623558,L3,Tweet
2bd06edd-bc5c-4a37-8369-6ff8eb1cb8c2,L3,Tweet
2bd0df7a-4b73-4e6e-832a-107dfa053791,L3,Tweet
2bd2422f-db43-42ab-8b11-1b5eb0c1209f,L3,Tweet
2bd2f266-a338-4787-be7f-514a4461ef44,L3,Tweet
2bd4e8f5-db66-4034-9eda-12fcc22cea2d,L3,Tweet
2be61c7a-65ca-4caf-81d8-6c30b05ac523,L3,Tweet
2bf4f6e3-1085-4aa8-b15e-517314418a34,L3,Tweet
2bfd070c-7dbb-44c6-8b61-2b11f0ec189a,L3,Tweet
2bfe71f3-20e9-4203-973f-b51c99d6b5cc,L3,Tweet
2c054570-82cd-4703-ac79-359af353dc48,L3,Tweet
2c07d7f6-26f9-43db-aed8-1c871a7bfa25,L3,Tweet
2c091c92-68ed-490a-9f03-b36a260a5df5,L3,Tweet
2c0fa05a-a0c1-4eff-9512-314bd670307c,L3,Tweet
2c17ad21-302d-486e-9871-787372de1c7e,L3,Tweet
2c1832ad-8fcf-4add-90f1-015bc27731b5,L3,Tweet
2c18f09b-6a6a-4f87-9aaa-5c324b892cf5,L3,Tweet
2c1a01fb-95ef-4502-8626-46a8d4d4dadb,L3,Tweet
2c2ea0ad-39ae-426e-a7f2-fc648e2815bc,L3,Tweet
2c3325e6-0cf6-4852-9972-6757d2b8f87f,L3,Tweet
2c36743c-1a08-44ff-9ea1-b049298806c8,L3,Tweet
2c4bbb3e-2840-4722-a709-2cef9aa37cfc,L3,Tweet
2c4e313c-e58d-432d-8a3b-2fa04698235f,L3,Tweet
2c515a84-177c-4555-b33a-f9e5cc1946fd,L3,Tweet
2c51af7e-2d23-493f-bf14-73f6e9887eab,L3,Tweet
2c51cd76-e9b2-4d86-9ca5-322a4dff8dd7,L3,Tweet
2c53c862-36df-4d70-aed9-76385ee90949,L3,Tweet
2c54b575-3d2b-415b-a7a5-2c7d97f5ff29,L3,Tweet
2c574900-df22-497d-84b4-35fb9640c81e,L3,Tweet
2c5b3741-dbef-41e3-921e-93a67e03602e,L3,Tweet
2c5e3dcc-491f-4afa-9177-75df7966303c,L3,Tweet
2c6381ab-28d4-4636-ab6c-3f7b2125b8c5,L3,Tweet
2c65bddb-17b4-4c61-be79-76c8c58e1717,L3,Tweet
2c67bf1e-848e-41bc-8275-6435d22603d2,L3,Tweet
2c6cfb5c-b0dd-4903-8755-7856328f9b04,L3,Tweet
2c71a8c4-89a2-4853-9ed0-41768b3adf1c,L3,Tweet
2c74599e-0cdb-4706-9c7c-557d7ea1bd24,L3,Tweet
2c796523-d945-4b01-b9f5-86615e00b616,L3,Tweet
2c857faf-786a-4581-8d00-4ffe395ab9f3,L3,Tweet
2c859d7f-d374-4f3e-970d-dae1fe85da34,L3,Tweet
2c85b6b1-51f3-4941-a8ca-c10601d13bae,L3,Tweet
2c89f76e-7161-4ca7-9645-27a0eb2c77ce,L3,Tweet
2c8f0b50-9999-4e88-8c5a-549d99256bc6,L3,Tweet
2c90eb31-bea0-48c6-853b-38ad42104461,L3,Tweet
2c988526-d828-4c77-bc81-444540aba3a6,L3,Tweet
2c9cf24a-c02e-4d7e-9303-9e5d19774327,L3,Tweet
2c9f7581-cd03-4098-b649-4c76db4662ac,L3,Tweet
2ca03bed-e795-4dfe-871d-47a611887959,L3,Tweet
2cb66e2f-947e-481f-83df-62e2c084dd1a,L3,Tweet
2ccff341-da58-4b8a-b4e6-4d17b6356859,L3,Tweet
2cd00b4a-a1d9-4616-bb0a-0aaee7d51baa,L3,Tweet
2cd3d971-6430-47b5-94c0-2b7d9a4f921b,L3,Tweet
2cd5e332-0b20-4e2e-9c08-8fc394d001cb,L3,Tweet
2cda0975-dcbb-453c-83d4-fee8468e1024,L3,Tweet
2ce97c7d-286a-4b6e-ad34-8e0735413847,L3,Tweet
2cf185c7-b738-4a40-ae83-32dcea23da41,L3,Tweet
2d0a92a7-b441-490d-bdbd-b70e9fe5ad17,L3,Tweet
2d0aa46a-6328-42f5-8f8e-df7738765e93,L3,Tweet
2d121fcb-b7b6-4202-acf7-57b45a48ddcf,L3,Tweet
2d1a9e7c-4835-41ec-8bb0-14211f7d9454,L3,Tweet
2d28e2b7-bb8c-479d-8e28-a5df5a82bc6e,L3,Tweet
2d2f55f3-77e6-48d9-9be4-d98e377a53f7,L3,Tweet
2d3394a3-2dd8-43e1-8fcf-8ed14b5d8932,L3,Tweet
2d3ad59b-64f5-4846-82ed-8358ae8a62ac,L3,Tweet
2d406955-52a5-4455-9401-20cdd0231ec0,L3,Tweet
2d4f2ce7-7727-4c1e-96e5-a86074897f28,L3,Tweet
2d507b4d-7973-419a-a459-3dcd535d5e4f,L3,Tweet
2d519a10-202d-4c01-9704-e58a071dcea6,L3,Tweet
2d5cb3ea-5893-4d91-9aa3-a1e1787b579d,L3,Tweet
2d645cf3-0a72-4830-8c01-35f91baa15f3,L3,Tweet
2d64c78f-cf15-4a3c-bc45-0e9668f0d658,L3,Tweet
2d77ee9e-2ecf-442d-86bd-7fdc46d94b9c,L3,Tweet
2d919b0b-bab5-485c-966a-198f98196667,L3,Tweet
2d9d7adf-b61b-4956-bc2c-09b2a07cb958,L3,Tweet
2d9f2bb5-e850-4525-8f03-c59819cad722,L3,Tweet
2da065bc-f110-447e-b0a8-0c161042360b,L3,Tweet
2daf9f5a-ea45-4c28-8b3a-5288a5197c5a,L3,Tweet
2db6cd43-a015-4777-9819-5168a2ef187a,L3,Tweet
2db78d4e-8d6f-499c-b14d-95fcb84f70b0,L3,Tweet
2db9f675-f512-4cdc-b179-46ebe89e5025,L3,Tweet
2dba82c3-24f7-487e-8245-220ad0b717bc,L3,Tweet
2dbcdc4d-8ba5-43f5-a690-9293a1d2a216,L3,Tweet
2dc0182d-af48-4cc0-be1a-acc2379420d9,L3,Tweet
2dc09ae0-6849-4914-88d3-f42852f4592c,L3,Tweet
2dc2245b-f589-4c49-949d-f49e88b80d57,L3,Tweet
2dcdcc16-1f0d-44a1-ac9f-978c719ede76,L3,Tweet
2ddb99f3-268d-45bf-b89d-b223129ab064,L3,Tweet
2ddbfa3e-bbd9-4554-a595-803fe3473be3,L3,Tweet
2de2029f-a95c-4a88-9860-75a8e47773c9,L3,Tweet
2de7af15-a574-4e7f-8417-dab829ae0af8,L3,Tweet
2dea16bf-981a-4bfc-9c01-53a1be9cf98c,L3,Tweet
2df170d2-91c0-46f5-92df-3e9206cf1f2d,L3,Tweet
2df6ed3c-8c8a-492e-b57c-ca521ceaf47c,L3,Tweet
2dfa051b-d02d-4b1f-be8a-8c1fadec4117,L3,Tweet
2e088bb1-8f09-4ce9-baf3-3e7d02050dd6,L3,Tweet
2e0ab955-9157-42d9-a9ad-d22137c9cb60,L3,Tweet
2e0ef26c-fc0e-4438-bc76-a137913a6ac2,L3,Tweet
2e183b69-bbb4-4028-8981-fc367d9ef779,L3,Tweet
2e1e9a9f-404d-49f2-b0a6-75caa5dd55e8,L3,Tweet
2e255477-107b-4f0d-b75e-eca717eb9051,L3,Tweet
2e28e05b-6500-4ff8-86bc-0e8629f97f7e,L3,Tweet
2e2b59cb-e05d-4c28-9e9c-266c47dbef6b,L3,Tweet
2e2b5b78-d604-47be-81a2-389821573cbe,L3,Tweet
2e405d7c-7da3-44f8-beea-15c8cb7a75f8,L3,Tweet
2e4a3836-5b8a-4a97-9df1-78a8558ee7fe,L3,Tweet
2e4e62e5-e6bd-4789-ac60-02898d6df360,L3,Tweet
2e4e8383-5d9d-473c-8923-ef3abeb01cbf,L3,Tweet
2e5339ff-ed31-4e99-b426-ad106c709300,L3,Tweet
2e54af23-401a-46fc-9cf4-45ada5e5c5ef,L3,Tweet
2e5527bf-b80d-45ae-a153-8e12e7cb53c1,L3,Tweet
2e57c0f8-da4e-4bce-b734-fc631919bd9e,L3,Tweet
2e5992ce-7210-4084-a1e3-33bd988cda74,L3,Tweet
2e5ac263-5a26-4465-bd99-229d09e0e75b,L3,Tweet
2e5af71a-53ca-4ae9-b8fe-ebfe5d72ad04,L3,Tweet
2e5c635b-0a57-44f6-96d7-ca68194df22d,L3,Tweet
2e64fe0a-7924-4da0-a538-0bd7529ab892,L3,Tweet
2e653c9c-c335-4cdf-930a-01ff225b9ad9,L3,Tweet
2e675610-21bf-4abb-bb0c-b1cb2a9ab400,L3,Tweet
2e6a5299-3e09-4fcb-8407-8affe3a197c3,L3,Tweet
2e6ffd2d-d2f3-47dd-8bed-6b969d015160,L3,Tweet
2e73f807-1922-49f2-b0aa-72f8dfe4aea4,L3,Tweet
2e75b060-16eb-4a3a-9ea6-338d7a1e0cbc,L3,Tweet
2e832541-7d37-4373-a1f6-daad54687f71,L3,Tweet
2e8eaecf-ec39-4b03-bf2b-6cf23bb347f4,L3,Tweet
2e9965a4-f196-4c98-94c9-81cee84e55b3,L3,Tweet
2e9ae3ef-b5c6-479a-851a-2a7f70ced83d,L3,Tweet
2e9f5043-3d39-4e3f-8aa1-6039d91548c3,L3,Tweet
2ead27dd-b680-4db9-85b3-052d31416af7,L3,Tweet
2eaf5278-0975-43c0-a47a-8b66de941134,L3,Tweet
2eb600bd-5b85-4833-aef9-a84110c69de1,L3,Tweet
2eb86318-cf7c-4bd6-8498-b567bf642a5d,L3,Tweet
2eb9c3d0-8e01-409a-b449-10d2898b0be8,L3,Tweet
2ebc560d-77b5-4e8a-be54-b4bf4f129358,L3,Tweet
2ec4707f-16b9-4d12-91f6-e50569e1a8a8,L3,Tweet
2ec82a5e-d098-4519-9f4c-e4d25e760068,L3,Tweet
2ed0b9ae-5041-4b44-b77f-608471b94e9e,L3,Tweet
2ed1d117-34b0-43d5-8994-83d218e80259,L3,Tweet
2ed21646-91cd-4cf5-9926-8ee174e8e06e,L3,Tweet
2ed51a6f-2b75-4fb7-a399-0716b96cadff,L3,Tweet
2ed62156-6137-454b-861f-15898f010827,L3,Tweet
2ee6062e-f66d-4b86-894f-b6b53a64ef21,L3,Tweet
2eee6dee-26e6-4eab-bc5f-e66385ee5fb9,L3,Tweet
2ef6d590-0c12-483a-8c05-875e796115d9,L3,Tweet
2ef96a34-962c-450a-811c-e4f222f8f3d4,L3,Tweet
2efb3df7-543f-4e92-aac8-06c2f9c9ab44,L3,Tweet
2f0983df-d16e-4ae5-8d46-6d58fdba763f,L3,Tweet
2f0c7f83-145c-460d-b9b6-048bdd090f65,L3,Tweet
2f1542ed-e05c-4d5a-9935-d60a4efea14f,L3,Tweet
2f155b32-0b21-41cf-8361-2a46ce703030,L3,Tweet
2f186d88-e26e-48aa-99b4-411ef60c7be5,L3,Tweet
2f1a68a7-b8e6-4b55-acff-d957f7ffa47e,L3,Tweet
2f1f8b9e-da6b-4d0e-9eaa-f5b104969cf4,L3,Tweet
2f2930e1-4749-46d7-85b3-a97da20f0287,L3,Tweet
2f2e1614-c969-4c7a-8178-1220b09051f5,L3,Tweet
2f4669ae-b1a7-4b33-8bfb-3855aeb01e4f,L3,Tweet
2f48d893-7148-4237-8931-713f2c6b1ee2,L3,Tweet
2f534e29-7089-4a71-876e-6a90b15a112f,L3,Tweet
2f55b901-19d6-486a-86eb-2813a1c9cdb4,L3,Tweet
2f591303-a20a-48f0-be92-83f688d5b0b1,L3,Tweet
2f648b12-66ac-47d9-864f-a89e425cbd8d,L3,Tweet
2f696677-daa6-4a4e-98a7-11e57f971b27,L3,Tweet
2f758793-2d27-47ba-93ac-aaac91c4bb80,L3,Tweet
2f778c12-b05d-4dc4-9c97-c8fd6c6d7daa,L3,Tweet
2f7bb78b-4d79-48cb-ac32-611693820bc0,L3,Tweet
2f7d0c25-fe83-45d8-a6a3-f4cf88f2a68b,L3,Tweet
2f7f3ab7-2788-49d3-b9a1-9ffb7c2af8a6,L3,Tweet
2f86ab21-5b38-4645-85bb-e684368e6424,L3,Tweet
2f870f49-2108-4e0f-8283-f1184606365e,L3,Tweet
2f8b73bd-1083-43f3-82b0-b27a21aeaf8b,L3,Tweet
2f9103f7-9433-40d8-b73d-48a0fe5a419b,L3,Tweet
2f91882f-4ad1-4dd7-b017-86801112ec63,L3,Tweet
2f931a4f-9246-459f-a1f9-69fc39d73dcf,L3,Tweet
2f9c6f5d-1c81-471c-868f-04582b8d9edf,L3,Tweet
2fa066ef-abb3-4dd8-af3b-05d90308fc9a,L3,Tweet
2fa8da96-9bbf-456b-b0dd-1a90faadc6b8,L3,Tweet
2fb4689a-f8d9-44c7-b732-e1c06c23b33e,L3,Tweet
2fc1b9e7-af0d-41eb-a920-bcb708263787,L3,Tweet
2fc603ad-8191-4db2-8b96-69b42a646b81,L3,Tweet
2fce6e33-c18b-46bc-b8dd-d07f6188bd32,L3,Tweet
2fd7e295-341a-4cbb-bbf5-3ab73a950ce7,L3,Tweet
2fd8eaca-9ba3-4835-bf7b-01e41015473b,L3,Tweet
2fda4648-aa12-4ed7-9347-c6faf4bb47bf,L3,Tweet
2fdcfb34-ab9d-46fd-91e1-b482791e2dff,L3,Tweet
2fe83314-22f1-4d77-a6fd-546383261ea1,L3,Tweet
2ff4be46-21cd-4237-94d7-b1d7dc4e01b7,L3,Tweet
2ff4ca99-688b-423f-b94a-f39025fbe090,L3,Tweet
2ff70e71-4056-4911-b26c-aae849f19b7e,L3,Tweet
2ffbf67b-125d-49d4-a29a-3f5642758307,L3,Tweet
2fff0f91-25d9-43b4-ac42-ea05f594b802,L3,Tweet
30120e29-8d42-4724-a97d-04e78c270966,L3,Tweet
301338a4-9078-443d-9fc7-00df3bc2430a,L3,Tweet
301dc184-61f7-4978-8868-4b132b07143e,L3,Tweet
30251977-5992-4566-b8d1-5110819d7f1e,L3,Tweet
30275339-b2b1-4a9a-9b3c-2bde23086e61,L3,Tweet
3029cb3c-81b3-4026-bb2d-211c1c791d44,L3,Tweet
30301973-fd84-4343-927c-d4f7a06bdbce,L3,Tweet
30371a94-215b-4a9e-801b-accfd0528175,L3,Tweet
303c5e02-570a-4d34-9dab-6d0aad279b92,L3,Tweet
30491129-7fe2-4c06-9804-25693d3d0eac,L3,Tweet
3049891e-3a88-4b0f-9832-7010959f90c4,L3,Tweet
305004d7-5f62-45a8-826b-32b3d038fcb4,L3,Tweet
305b5a5d-4e7b-4dc8-ae90-f9313745d03e,L3,Tweet
305f3942-a386-4b21-8014-64d1860f4f84,L3,Tweet
30610d55-73fb-4b8a-9742-bf87e4864f1c,L3,Tweet
3065a94d-4020-4793-b61c-75c240d4156b,L3,Tweet
30859280-d7b4-49f0-8291-a658736d9b81,L3,Tweet
308b26d3-5bfe-4735-9652-53cbff5a405a,L3,Tweet
309a07b2-2408-4054-b017-74e1e8ed32f3,L3,Tweet
309a22c8-b932-4ec1-a31b-f7b35ef62d66,L3,Tweet
309b9bda-d817-42d3-bf3a-5a02d779b9cb,L3,Tweet
30ad54ff-d466-4825-b9b1-b9bad8a70512,L3,Tweet
30bab3f2-b5f6-417f-bc52-fb0ff74185e5,L3,Tweet
30ca97f4-a6b7-4df0-ba07-d16b4ecceb14,L3,Tweet
30cac398-c57d-4157-b840-8b24e0171cf8,L3,Tweet
30d8a204-7b08-4370-84d5-832bb5b92f13,L3,Tweet
30d9f450-59cd-47e0-b6de-3fde80665459,L3,Tweet
30e93c00-fb4b-47ff-a150-3d70274b55e2,L3,Tweet
30ed945f-fdb4-4838-bbc7-a7fdc61a7d2f,L3,Tweet
30ee8f41-35c3-43d9-ad6f-5415d6684145,L3,Tweet
30f21649-1b3b-4faf-94f5-872375093f65,L3,Tweet
30f522e4-efdf-48b0-b76a-39813e899e77,L3,Tweet
30f6da14-b652-40b4-bcab-8e21b50bed7c,L3,Tweet
30f8f465-f4d9-4ed6-be60-3a8b7687fc1c,L3,Tweet
30f9ea27-037b-4e83-829e-3a818604efb6,L3,Tweet
30fb9f80-bc53-48af-9124-90fa6fa4eedc,L3,Tweet
3100cf38-c9e6-4ae9-8c50-4f4a34f0adda,L3,Tweet
31027f9e-a8d3-4da6-ab85-a669f36e2b3e,L3,Tweet
3103a499-13dd-4d50-b8e6-941c58d4333a,L3,Tweet
31046df7-da72-4f7b-a2a6-30a9721d2678,L3,Tweet
3105bbe2-cda9-4965-8fe2-da694aa6c969,L3,Tweet
3106c496-68b7-4bb5-b771-1a8ca59a2bde,L3,Tweet
310986e8-b205-4fbc-9576-2b413eaf3d8f,L3,Tweet
31136209-1db8-442c-88a0-c7a8d43a1764,L3,Tweet
31138ab9-05ae-4850-a9b9-b79e1188c67e,L3,Tweet
311bf7ee-1ae5-4864-b847-59f8f35aa6a2,L3,Tweet
31283452-7412-4d82-a714-2b5525ceea95,L3,Tweet
312d766e-dad8-4e89-a2cb-375e67767a28,L3,Tweet
3132bbf2-aac9-43b5-991a-94cb37df6f0c,L3,Tweet
31342a07-3083-46f2-a8e7-fdb96e3b1432,L3,Tweet
313e1c89-b8af-4b68-9d9f-494906822592,L3,Tweet
31484001-621e-4109-b4da-aa7029a2de40,L3,Tweet
314f9e6e-8253-4402-b248-f7b2ef48782a,L3,Tweet
315bc495-ec9c-4ee0-b0d9-ea98530bcf2f,L3,Tweet
316b7e75-33d6-4e6b-a2cb-66199c5dcc73,L3,Tweet
316c8c5f-256a-4e5c-962e-a5a1b6866115,L3,Tweet
316e0e7e-ce8a-4bcb-83d6-79e43437502a,L3,Tweet
317129df-f8a6-4817-a990-43bebb976d75,L3,Tweet
31775fee-4256-47af-b8d8-5f6cd5a541aa,L3,Tweet
3177a780-2776-4828-8214-757b7f36c327,L3,Tweet
31891448-d7b3-41ff-9316-80ac979dcaeb,L3,Tweet
3189a8f4-6aeb-40ca-9a96-c62b8a19f290,L3,Tweet
31902ba3-b3e3-4d33-9a48-92c787672d46,L3,Tweet
319a0e4c-59cc-4693-8a8e-f6bad264bb9f,L3,Tweet
31aa95d6-7ebc-4648-b4ce-1a2484d73ceb,L3,Tweet
31ab0a78-ce9e-431f-98f3-81d520050893,L3,Tweet
31b5e48e-1250-45b7-b4e6-9132f4c69086,L3,Tweet
31b67aca-02e0-497d-ae30-4c8345242e9b,L3,Tweet
31c09e84-1c57-42d8-ab09-417a9885768a,L3,Tweet
31c750a0-5953-49e1-a593-79bb17581b02,L3,Tweet
31cad556-74fe-4df5-941f-56d43aec9392,L3,Tweet
31ec591e-89d2-461a-afea-56dd9612a9dc,L3,Tweet
31f6c848-55d3-460e-81d9-338195e19aac,L3,Tweet
31f7b6db-4bcd-422e-b640-28ef227f3d08,L3,Tweet
3217691f-02a9-42fc-922d-a7fc9afa0e7a,L3,Tweet
3229e9cc-8d31-4322-8c08-84ddd55775cf,L3,Tweet
322b2de1-bd73-4044-8273-365a993e8a3d,L3,Tweet
3233812b-4c08-48a5-9ff5-005d97203d47,L3,Tweet
323d398f-d7af-45a0-a961-5dd12db7e1f9,L3,Tweet
323eb701-d332-4285-8032-f70347004255,L3,Tweet
3240a646-6cdf-4f6f-b6ed-7cc5b28e0cc8,L3,Tweet
32449a74-55c4-4b5c-9ffb-b4180627caf3,L3,Tweet
3244b920-6ae8-4a97-86b6-4930f0349e28,L3,Tweet
3250d83b-9b82-48c3-83ce-ccbf50334f79,L3,Tweet
3252e1f2-4e97-454d-8bab-5f2338baac01,L3,Tweet
3257eef1-86f4-46a4-9853-0a6eebeddb10,L3,Tweet
3259132b-3f93-47f7-abc8-0e0649bb1070,L3,Tweet
326030cf-0f9d-41cd-9f73-e28ecf5e54b7,L3,Tweet
3260e2f7-eeab-4540-aea0-b1e22f7cd1f2,L3,Tweet
326c92cf-9ee0-4a19-b2b7-dd0b2b25297d,L3,Tweet
326cb5d5-ae26-492d-b486-991351553b85,L3,Tweet
326f6d27-cfac-45b7-93a9-4b8a20d6eba5,L3,Tweet
32705b2f-e512-49df-a60f-8933bb03dce7,L3,Tweet
32710da1-a20a-443e-9222-054311dbec7c,L3,Tweet
327505a9-45ae-49dd-bc05-7e6cd1d4e604,L3,Tweet
32782058-65c6-46ef-acdc-a778646c7f30,L3,Tweet
3285337e-bc38-42cf-b71b-936d2f20c8bd,L3,Tweet
328e9778-8b75-4175-b4df-1efdc6e91364,L3,Tweet
328eff12-43c5-48c5-90a1-f058fefded46,L3,Tweet
32929f79-5794-41fd-a0aa-5159853ccf82,L3,Tweet
329b3724-504b-4027-a25c-9616e4574b89,L3,Tweet
329cfdfd-b7a9-443b-83d0-a2ffe24365ff,L3,Tweet
329eacf2-f9d9-424f-b6c8-f38b660a5b9a,L3,Tweet
329f6617-6731-4a6c-9c99-1aabf4980b0a,L3,Tweet
32ae8687-e6d0-424d-a118-0409d6e1ca8e,L3,Tweet
32b68424-fbb2-415a-8867-425a83574d10,L3,Tweet
32c2593b-101d-4b1d-ad09-68c37d5aee12,L3,Tweet
32c3e1ee-ce61-43e1-a32b-df1ff23fbc00,L3,Tweet
32c9df53-5221-49f3-a025-47b89674081f,L3,Tweet
32d76e08-a030-4616-8df7-db4c06c4701b,L3,Tweet
32d90b0a-a634-45d9-9628-dcc2f72984a0,L3,Tweet
32dee228-02ac-40c6-a589-f1e23e65b2bb,L3,Tweet
32e2a7a2-16cc-4ca1-8a9b-398eb8cdb285,L3,Tweet
32e3ca90-80c5-496e-b740-0d7deafb1ae7,L3,Tweet
32e6ee84-e00c-42a9-890a-f96c31ca9820,L3,Tweet
32e82a9f-04a1-424f-b0ce-b36199f1b8c4,L3,Tweet
32eee4d0-f08c-4da9-beda-f83c76021d13,L3,Tweet
32f14403-f5f2-4a14-a8d6-ed7000e5c253,L3,Tweet
32f2d60f-26a4-41c8-9509-302e775bc395,L3,Tweet
32f59063-6e77-4e3e-a337-ede6311017d6,L3,Tweet
32fad70e-8fa9-4832-9a99-204a736c5263,L3,Tweet
3304fcf8-f5c3-47af-84ae-282b226def5e,L3,Tweet
3313738d-cf2d-4b7b-9254-46eabdbd27e1,L3,Tweet
331c0e35-3748-43a4-bd8f-3555fb662b56,L3,Tweet
332029df-571e-42b4-a759-4d4c517b4596,L3,Tweet
3320641e-97b0-4a4b-95a0-d8f22787efce,L3,Tweet
3321fe26-d9e3-4717-b1e6-854fd9707b3e,L3,Tweet
33229386-acaa-4afc-b8a2-736b605e4025,L3,Tweet
3331e6f8-ed3a-4772-a2e6-4e0132ecfcf5,L3,Tweet
3341d24e-0d6e-4d85-8d66-20bb245fc5d1,L3,Tweet
3344ac6d-2c74-410b-b892-e51b039b6f3e,L3,Tweet
334b7aa2-d7ee-4512-bc70-fbf20ddc363c,L3,Tweet
334e300a-1b89-49ec-8915-16aa8385d7ab,L3,Tweet
3355f0f7-c814-4506-9951-fb6104253276,L3,Tweet
335d6263-6d2c-445a-9e62-4b9ecd002f70,L3,Tweet
3369417b-3e4e-4d00-ab45-6ee804c879a3,L3,Tweet
3375d6db-f916-408c-8245-0fe878b7f0b9,L3,Tweet
337b8aa1-e458-4ae5-98e1-33a250eb0a57,L3,Tweet
338055fe-0dad-4543-9529-34c6136488fc,L3,Tweet
33983b90-a172-4b26-b766-917ccefea9e0,L3,Tweet
33a2cd2e-031d-4c7e-a13d-26be28f8656b,L3,Tweet
33aa3dd1-da6c-4141-9060-73c5a279c292,L3,Tweet
33b1b8ec-a0f4-4533-bf95-db8e57f4d1d9,L3,Tweet
33bb2a3d-1c61-4fa0-8981-613f99a620c2,L3,Tweet
33bc95d2-e1ba-433b-b046-b0e8d8ca5cea,L3,Tweet
33c15521-b0a5-4d86-9146-be2a610ee495,L3,Tweet
33c2f21a-2f91-4462-94f4-8f48bcc95d0d,L3,Tweet
33c5db3b-40a0-4671-8d72-f33807a6ae6d,L3,Tweet
33d6348c-e0d7-4e0c-a0c3-1c87b94564b6,L3,Tweet
33ec08e8-4656-42a5-b235-e5f1b514b70b,L3,Tweet
33f815b0-026a-40f6-9808-0bfb104c428a,L3,Tweet
34223729-b1e3-41f0-81b7-21332f58532e,L3,Tweet
3423e34f-1738-4b6b-9402-24d22aa3171d,L3,Tweet
342718c7-8636-418c-92a1-be3edb099ca1,L3,Tweet
34277df4-8540-4264-be6e-3ebe6d424042,L3,Tweet
342b852e-cf0e-4b0e-9fb1-db7db44e9a3a,L3,Tweet
3436deb1-40f3-4408-a67f-f34ff0312ddb,L3,Tweet
344c5c62-762d-41ad-9716-c87ed6273589,L3,Tweet
345dc4ac-04a8-4d13-b7ab-9c85c5934669,L3,Tweet
346b8321-1a73-4339-b071-ef2781eadd15,L3,Tweet
34858229-aed9-4096-98a4-9949210c9995,L3,Tweet
3486e10c-b06d-4fde-bc6d-9c1ad07c61a0,L3,Tweet
348b8a99-bd94-4f88-8d39-236c0f0af930,L3,Tweet
3491251d-b7f4-42dc-b5c7-4bb1374dd28d,L3,Tweet
349d6139-b007-4e6b-9b89-2a1928410d44,L3,Tweet
34a4320c-43b8-4506-8c60-8c209be17ba8,L3,Tweet
34a44742-8e19-4d70-8f4a-912c1a39283d,L3,Tweet
34ac13b9-baa4-4d23-876f-87052149cd0f,L3,Tweet
34ac8f62-63e2-4930-aed7-e90e5187277d,L3,Tweet
34adb7cc-7a29-4620-bc5a-7249b7a7a191,L3,Tweet
34b1682e-7569-4da7-9c54-4f6d55653509,L3,Tweet
34b20cd6-9415-4002-91f8-53e1a5539202,L3,Tweet
34b269fb-6061-4f35-88f5-925987f01baf,L3,Tweet
34babeb7-b207-4e80-ba6b-6e606a5a6e61,L3,Tweet
34bf4d7a-aad1-4f24-81be-63f51ce7cd52,L3,Tweet
34d9fa12-4187-4f70-89f9-d381440945b3,L3,Tweet
34e4f4f1-9a88-4021-a2e8-270a7de6c9f8,L3,Tweet
3502ac0f-be61-433e-abd8-7513fb2a899d,L3,Tweet
3505197a-c315-40a7-aed4-2dc72f477b10,L3,Tweet
350934d4-4868-4be6-8bee-164fa646b86f,L3,Tweet
35102488-7718-4d27-81dc-1af81175c6dd,L3,Tweet
35159dd4-227d-44fc-b5b0-ed3a8882ce19,L3,Tweet
35177b0e-0c8a-4e3d-afed-48fb2fb4722d,L3,Tweet
35315a03-0dbb-43a2-9a0e-49b2e20a2f2f,L3,Tweet
3538f479-9445-47e5-9744-5d1d0bbf2bb2,L3,Tweet
35516b0d-1fe0-4129-962f-5a94f8b8195e,L3,Tweet
356a6f4b-20e8-4f3f-8c06-967ed66fcc05,L3,Tweet
356a7d92-9bf9-4ae3-ad79-ca8ef944d004,L3,Tweet
356cf837-f968-4fb4-b2e2-64b0aeedd8b0,L3,Tweet
356dfa79-b207-4d5d-a3e3-673d4aae0002,L3,Tweet
3572e2bc-7158-48c8-ab3b-dfafeb332c38,L3,Tweet
357a78a9-afd2-4d57-bd17-9687dad0e7c2,L3,Tweet
357b2716-5c81-40be-8100-4135ea81cf77,L3,Tweet
35820b8c-ce34-4cca-9475-1b3b288a58f8,L3,Tweet
358b020e-04c6-4668-9011-36e7eb85f8f8,L3,Tweet
35a4d547-de5b-4ea8-9678-e75006494ff7,L3,Tweet
35a86cf0-ebfc-444f-81dc-e8c6d060165c,L3,Tweet
35ab384b-5e1e-46e8-9cbe-ed38cd049c0d,L3,Tweet
35afbb5e-e395-45b9-8c38-65a05386203c,L3,Tweet
35b57629-0123-4400-ae54-ea4ad869a0eb,L3,Tweet
35ba67f0-56c6-4602-bf04-ae054caf0bdd,L3,Tweet
35c1518d-b563-47f7-bf53-258c7b510b18,L3,Tweet
35d30a21-3f4f-493d-931e-01a51a303fb3,L3,Tweet
35d85cba-71b1-4ef0-9005-92471a563c46,L3,Tweet
35e63780-3086-478c-8ed0-990bd360d8fc,L3,Tweet
35ef7428-ffc2-4e96-9891-04bf6cdc9369,L3,Tweet
35fcb533-3d3f-4db2-8994-55ac5a674dec,L3,Tweet
35ffbd86-347d-4da1-806a-b36240291135,L3,Tweet
3601c921-6695-467f-b778-cda1914d3092,L3,Tweet
36034143-adc9-4f62-92ab-c3f90af2f544,L3,Tweet
3603a741-fe20-4790-ae27-08ac03113fda,L3,Tweet
3607162e-3305-437f-b6f8-5c2f8d2643e0,L3,Tweet
360d73bf-9f91-425b-bc4b-ff3ddd91894f,L3,Tweet
36123518-ffb3-4cad-b07e-b233cf644267,L3,Tweet
3627f78f-67e5-4db0-bc0d-89eae9df5a60,L3,Tweet
3651aeb8-837f-41db-9f9b-57970850f8aa,L3,Tweet
3654b14d-a20c-460e-8405-147b07baa07b,L3,Tweet
365a7d8f-37d1-46de-b1c7-aefe1c991556,L3,Tweet
366294f9-a9f4-4721-a5b7-7da293d12bd6,L3,Tweet
3663e093-48bf-4e63-b651-f27dbb4e56c8,L3,Tweet
368bfff6-0429-478d-951e-0d0eb4ce11e7,L3,Tweet
368f69f9-06b1-45f8-a727-47f25173ee25,L3,Tweet
3690ada1-a037-49a7-a98a-8588bc0e23a5,L3,Tweet
369956a3-9d16-43dc-9e23-d6fa0d555a7d,L3,Tweet
36a6d8b9-36c0-4566-b728-8fc6c0c0c169,L3,Tweet
36a940a1-44fa-4233-8fe1-60fb80397170,L3,Tweet
36b04efa-3389-4f00-8744-b70e95a20b86,L3,Tweet
36b181a7-a758-4464-a7f8-39ea3d9f3c64,L3,Tweet
36b19b3a-29cf-4076-9dc6-74cfb37d8798,L3,Tweet
36b4d17f-b5ce-440a-bc74-9ccc3386e177,L3,Tweet
36bdd8be-3b04-4c2a-9fa6-e6d5acf4c7ee,L3,Tweet
36d0e53d-cbea-4c0b-9d74-c784c1240dd4,L3,Tweet
36d1c23b-d6fb-4b37-8040-1a4933a60078,L3,Tweet
36de5559-3bc9-43cc-b6d9-b75e82d2a737,L3,Tweet
36e2897f-3397-4684-9aca-0f8c1784f3f0,L3,Tweet
36e36dc6-953d-49e5-9c65-7112b197a63d,L3,Tweet
36ed17e1-5ea5-463a-b4dc-06b85b315d19,L3,Tweet
36f5cac2-8d19-4b57-9eae-96deef69b658,L3,Tweet
36fa6ed6-14ce-4e5d-97d4-06f074ddc73f,L3,Tweet
3702994c-01ce-431f-bab2-1c9694c460af,L3,Tweet
3702b4fa-345e-4e8c-9181-a862ed252909,L3,Tweet
370a884b-0696-4d23-bdc8-b3565918d52c,L3,Tweet
37143c1d-77b2-4b23-b86b-d14d457427d5,L3,Tweet
37189d45-0291-44b0-8614-d11788241e64,L3,Tweet
371de37c-262f-4ba1-9468-43e12a1939b0,L3,Tweet
371e3b8e-b630-428b-983d-8e58b7049ab2,L3,Tweet
3724176e-0561-4d68-b88e-8567690172e4,L3,Tweet
374a26c2-2ebc-4909-af09-e0733c89c47b,L3,Tweet
3762e72a-821c-40d2-a14e-aabcfb2bd455,L3,Tweet
376ef00e-c33a-4722-9c99-648e638c2494,L3,Tweet
3770e09c-dda7-4822-aed2-ef73b4eedfc0,L3,Tweet
37799832-cb8b-4fa4-bda3-1a222caaa8c1,L3,Tweet
3785b603-6935-4973-9129-e0a7ba7e1fa9,L3,Tweet
3787ca2c-f9fd-4d6e-9675-61fd6bc7bc95,L3,Tweet
3796844e-433b-4202-b3ea-b4798dcdcddb,L3,Tweet
37b26468-142a-46ea-a520-9b8d6ebb5d6a,L3,Tweet
37b6c9d9-d7df-4036-aa5f-fa54b83f65ea,L3,Tweet
37c297ae-3498-4baa-bf0e-3546e95cd48b,L3,Tweet
37cae891-9dc5-411a-8bc0-20e955aa608f,L3,Tweet
37cf11ff-bb5e-47cd-ab1a-44f16433a5cf,L3,Tweet
37e323d2-2c6c-42ec-9748-38936caed343,L3,Tweet
37e6533a-b711-427d-9d48-97e953343d5d,L3,Tweet
37e7e99b-eadd-4baf-90e4-0a90f96b6bfb,L3,Tweet
37fbad1f-f3d9-4474-894a-8aca3569f1f3,L3,Tweet
38097614-57c3-4895-a81a-7e34d06bc823,L3,Tweet
3809bbf8-3f92-4372-a459-539bc904ade0,L3,Tweet
3815b510-3e99-4516-b7f4-54ca6aeb4d84,L3,Tweet
38162b2e-0041-4c2f-82e8-782dbf6cfd8a,L3,Tweet
381f7035-8f53-40fa-a314-935d3ca595c3,L3,Tweet
381fbf3c-7bbf-4197-823e-5e2c5db4cfd6,L3,Tweet
38206d1e-6f0d-49ed-820c-0be95b67a995,L3,Tweet
3823e088-c2c0-46c7-9d4c-4a0d62a89a5a,L3,Tweet
38309aed-31fa-48a3-a60a-5dbf01f0943f,L3,Tweet
3839c2c2-7c00-468c-ac7b-2a7ecc633bd6,L3,Tweet
383a7fd9-6a7b-42e5-a9ca-b6eab41c23c0,L3,Tweet
383b0aec-a068-450f-8598-7d3dc849d241,L3,Tweet
383f0778-17cb-4153-814b-edc84c4fffae,L3,Tweet
3842833f-f27a-4b0e-a69b-eb49a9877ff4,L3,Tweet
3843eaf1-df25-4ef7-b3ad-fd9346fc5bd6,L3,Tweet
384952e1-3005-46b9-ac2a-d539652aa4ee,L3,Tweet
3849f684-e410-436e-9d76-4403cb8fb7a3,L3,Tweet
384c8c8d-f5e6-4008-a7d0-fb09c5775ace,L3,Tweet
38544b8b-2266-4a6c-9dd5-811739666d21,L3,Tweet
385ba26e-6210-49a6-a9c2-c579d7029e6d,L3,Tweet
385e9a76-73bb-4139-afea-26ef58260404,L3,Tweet
3861f291-edc8-43a6-a5b4-0dce6124eda9,L3,Tweet
386322fe-163b-49d6-b7b3-89dd00652f19,L3,Tweet
3869b194-1977-461d-bb32-1a701fdcf5aa,L3,Tweet
3870716a-65d8-47d0-87d6-6c85aa545088,L3,Tweet
3874abeb-274d-44d0-86a2-5d70397bf147,L3,Tweet
388bc230-48d2-4448-97c9-923fd40f1a83,L3,Tweet
388e47aa-1eca-4233-beec-a62727704d06,L3,Tweet
38957f4f-4b54-4a35-826b-f856e73d230a,L3,Tweet
38abc088-4e54-4097-b552-092b95606351,L3,Tweet
38b1d189-d4ae-4847-9ac7-10add75103df,L3,Tweet
38b1f684-df8e-4b54-a66e-9d76bac3cc1a,L3,Tweet
38b74704-2190-4490-879c-89b4e362cef2,L3,Tweet
38b77c30-7cc3-4ed0-b0ac-547ca838e47e,L3,Tweet
38b8a47a-1c88-4a62-a63e-45b7519d3976,L3,Tweet
38be7f9f-1ca9-46fe-b1d3-446e9a4b16c4,L3,Tweet
38bfd912-fd25-482e-9ffc-5ba22c03f1c2,L3,Tweet
38ce5530-6506-457c-9202-529a358b8c98,L3,Tweet
38d6f6c8-45d3-497a-9781-c914481c3027,L3,Tweet
38da4b0c-98ab-4234-8d5d-8f0603f2f098,L3,Tweet
38de0330-f99e-4d4f-abc0-8dfc30d6ebbd,L3,Tweet
38de19a1-e08f-492c-b434-17e30187b97e,L3,Tweet
38e1a717-d768-462b-aa46-01f0ffde52be,L3,Tweet
38e44ac3-f8cc-49fa-a091-5caceb4d1dcc,L3,Tweet
38e5ccde-699b-4dc2-b6d7-61b238bfa090,L3,Tweet
38ec4446-28b5-46fe-a4dd-7317f622b58f,L3,Tweet
38fa1362-d89e-4b91-9a9c-0c77d5498280,L3,Tweet
38fc4944-17b3-46b8-bac7-df4d48e2f6e6,L3,Tweet
39103199-8f2b-4fe9-b83b-cb9acbf85887,L3,Tweet
39113e35-e0eb-4290-9081-b00b42bc20bc,L3,Tweet
391537c5-64aa-47c8-be19-23fa0faeb24d,L3,Tweet
3916d3c9-abe6-4c93-b384-aff186f04b48,L3,Tweet
391ba745-fd2a-44e9-ae5d-40f89c5a1d7b,L3,Tweet
391d666d-e2c1-4503-973a-c9e0dd7c29cb,L3,Tweet
392435b2-7bb4-4f85-89e4-90d7d7880e68,L3,Tweet
393d16d9-be44-4e6e-a6e9-82a5a316e632,L3,Tweet
393f5fe7-6a34-499b-aa17-6261efb4db4b,L3,Tweet
3942db26-80d3-4fcf-abfa-dda05e2c6790,L3,Tweet
3944e2f9-f084-46ab-b6b6-91c9a7e108ef,L3,Tweet
394afa87-13ca-4ade-bbdf-206ea72ca49a,L3,Tweet
394f3cfb-8a3e-4226-abb7-4fbcfe6bc14a,L3,Tweet
395315b8-aa54-45ff-85e6-62ec962cd5ce,L3,Tweet
3957f876-bae9-4a25-bc1a-0acf37a3e307,L3,Tweet
395e4455-eee6-4e24-8edb-5e80f7d1e41f,L3,Tweet
39693e23-9752-4b4b-b80c-d402655c289d,L3,Tweet
396a8035-4b3c-4aba-a529-304f1d142efc,L3,Tweet
397182c3-c62d-44f8-810b-f4556554b40e,L3,Tweet
397583ef-51b0-4c41-8031-bf5f8dbf2373,L3,Tweet
39868cc5-3d22-421c-aeb6-0a36d84e0c55,L3,Tweet
3992c90d-720f-4dfe-8949-df98e91186af,L3,Tweet
39a5f0b2-e686-4fd3-933f-9d668a5d7c54,L3,Tweet
39ae0c79-a6db-4a9e-94c3-e288d1cd4c0f,L3,Tweet
39b87153-61f0-462c-b4c5-d79dd010604e,L3,Tweet
39b91a4c-f19c-43ff-a46e-e68a88f5e754,L3,Tweet
39bbd70e-49e5-4204-9ea1-bedfe904d8d3,L3,Tweet
39c33d32-913f-463c-91a6-8ae9df52aa91,L3,Tweet
39c4aad7-f21c-4b84-8d1b-d458d509ef3d,L3,Tweet
39c99e2e-6ec7-45d6-af71-6398794b20ae,L3,Tweet
39d23e6d-c595-4c20-a51d-ce2bb0336154,L3,Tweet
39d3161d-fe20-44c7-9862-bde0f8b13e64,L3,Tweet
39d348be-b97e-4059-8c4c-30f04bc8530b,L3,Tweet
39d43a97-797d-4d04-bcc7-caca6bad1425,L3,Tweet
39e00c8c-96ce-40fe-b68f-157d706e6449,L3,Tweet
39e064c7-74ba-4981-9ab7-8ba8e9ff21f2,L3,Tweet
39e3bf28-89fe-4b99-afd9-3cd720ce1380,L3,Tweet
39e7a7be-737e-4804-b75a-61351444a963,L3,Tweet
39eee2a5-6b27-4f5f-87e5-74feb01cfb64,L3,Tweet
39f468e3-2413-4e91-8331-c003b9e63209,L3,Tweet
3a00ef30-91aa-456d-8f63-a3aa6bda2248,L3,Tweet
3a0426db-6fd4-422b-a0a4-ce5dedba7878,L3,Tweet
3a064d88-cf82-42c6-b19f-e658058d4668,L3,Tweet
3a0d6d27-216b-469f-af49-1ffb5e06e656,L3,Tweet
3a16b2b1-6dc1-4503-9c1e-e1e1862327cf,L3,Tweet
3a1d1662-2479-47a6-a414-8fbb2ba321b0,L3,Tweet
3a2f846b-b266-408a-a98c-744d95d23556,L3,Tweet
3a382866-649c-4cc5-8ce2-99f786d6608f,L3,Tweet
3a3b4981-e891-4375-ad3d-d991b56ab8d0,L3,Tweet
3a3e4c0c-7244-4d5f-8f0d-742ecb917465,L3,Tweet
3a3f46db-29db-495c-b12c-9472c6d1fd9a,L3,Tweet
3a520b4a-5f5f-4e0b-9634-4d5b73cbf20c,L3,Tweet
3a58490e-a920-4482-b58d-ee9ba1d54c24,L3,Tweet
3a5b8c47-9f35-48c7-a115-11d8efab500f,L3,Tweet
3a620fc6-f279-4cc4-b1fc-33d276cb2398,L3,Tweet
3a636219-320b-40e9-877a-c64ffff288ad,L3,Tweet
3a6c90f6-646c-4a8b-8651-8ba1cf208a74,L3,Tweet
3a6db1c5-a727-40c1-9bc9-125a24f99394,L3,Tweet
3a7102ee-4928-41d4-8ab4-8ba9e986aa7c,L3,Tweet
3a743dfe-673e-4b6b-8cae-064987ada544,L3,Tweet
3a7e9186-66dc-4055-b3ce-3bf5858d28d8,L3,Tweet
3a875f0d-8678-46c6-ba9f-73e12a054b0e,L3,Tweet
3a88f6f3-20f4-4cdb-86b3-62b9cff5d0d6,L3,Tweet
3a8e9a89-bdf1-466c-b355-ac17003d7816,L3,Tweet
3a90a0c9-eb4b-4bcf-96bc-6e91d563972c,L3,Tweet
3ab97e48-724d-4185-a820-741dfe95362c,L3,Tweet
3abc6de2-ed73-4bcb-846e-c2732cf0b60e,L3,Tweet
3abfc10c-f4c3-4b79-9192-05084827438d,L3,Tweet
3ac0c30b-940f-4110-941a-890a48c2f5b3,L3,Tweet
3ac452e4-f9ea-4196-96fb-4007ab1661ec,L3,Tweet
3acaf95f-18f0-4693-835e-6b5d7f2b48f7,L3,Tweet
3ad3a544-6fea-4343-a73d-75609e5ed11b,L3,Tweet
3ada90ba-d1ac-4c26-bc43-8a6ab076e63a,L3,Tweet
3adbec3a-bf67-41ac-a896-49f61020db67,L3,Tweet
3ae1d942-0a30-4a67-bf14-d71aca03e8e2,L3,Tweet
3aeb0c59-e503-4560-b303-6a2bbb483ca4,L3,Tweet
3afc645b-b96d-44a0-b886-13f7a2021299,L3,Tweet
3aff691f-d8a4-4d91-a08c-fc5fb7fb29be,L3,Tweet
3b006574-b856-41ce-9388-23ea8d35db1d,L3,Tweet
3b01a9b0-508d-4499-94c7-31c7b3faec24,L3,Tweet
3b08df0d-02cb-451b-9c2d-f53e59ddd435,L3,Tweet
3b0bb659-ec0f-45cb-8ea8-7aa21aa959c0,L3,Tweet
3b182334-aff7-421d-b2ae-c2665571261f,L3,Tweet
3b1cf285-38b0-4ee8-b99f-4231201a5928,L3,Tweet
3b1d6404-0cfa-4322-8330-fc39d037e5c9,L3,Tweet
3b2f188a-fd8d-45c6-a93e-cca54af45723,L3,Tweet
3b371cd3-4a9f-4eed-99ed-fe2cd8a30979,L3,Tweet
3b39fe0d-7f6c-4322-9b28-b7c5064ac89f,L3,Tweet
3b43a97e-c6a4-4868-9e20-fe8a3ca2dfaa,L3,Tweet
3b44c915-7fb6-4bce-b6ed-419c049b82eb,L3,Tweet
3b476bda-4ecb-4821-af9b-73702ebfcc59,L3,Tweet
3b4fe2be-a636-47f1-8092-cbf5f5510311,L3,Tweet
3b5419a1-5548-4dba-87fe-b93b448632f0,L3,Tweet
3b577fd3-2d00-4fee-808b-70fed31ccdca,L3,Tweet
3b624b6c-3e1e-492b-b98f-6b7240d95a6e,L3,Tweet
3b63c965-82e7-4498-b006-9a7a78c94669,L3,Tweet
3b7612c2-110f-4bae-8e60-f6ade754f955,L3,Tweet
3b762ea2-6e95-4256-82eb-91019884cc46,L3,Tweet
3b7a8bf4-97cc-4898-ac5c-4aa7b66d4765,L3,Tweet
3b904901-029d-4022-96e0-31ba70316a40,L3,Tweet
3b97f6b2-827c-4bbb-b732-c4b38084ec68,L3,Tweet
3b980534-56db-4373-8025-39a6143b630e,L3,Tweet
3ba440df-03d2-4be3-9f21-80ff91bedb90,L3,Tweet
3ba50983-9706-4b03-90f9-bde4ceeb97ed,L3,Tweet
3ba77aaa-670e-42cd-9e5a-a73ddf2dcd17,L3,Tweet
3bafd4bd-9160-4949-820a-4c28bdf8763e,L3,Tweet
3bb78bd5-db06-4762-ae02-5ac3b1cb9a93,L3,Tweet
3bb9d6ab-0a1d-499e-bbf0-0091e4a3ef7f,L3,Tweet
3bcd14f0-94fd-441b-818b-929c27baefff,L3,Tweet
3be0b4c3-694c-4f49-b1e1-951aa844ac9b,L3,Tweet
3be185c4-7039-4da3-930f-94d1fb62bc2a,L3,Tweet
3be3fe68-b0b9-4388-b7e9-d936c66ecf18,L3,Tweet
3be4e691-e5e6-4be1-9191-88c44c13bdb6,L3,Tweet
3be8afb2-2c55-4b8a-acbc-e1bb5e8b3ed7,L3,Tweet
3bf4297b-8f61-4f7b-b5d9-d8684ba1c801,L3,Tweet
3bf443c0-d4ce-4826-90da-b4089c49a1e4,L3,Tweet
3bfc7af0-65b1-4898-9bc8-536f260ae34b,L3,Tweet
3c0173b6-64f2-4e22-93e8-2dfe484c7c45,L3,Tweet
3c0da659-7596-48ab-98d9-801ae2bcfaa5,L3,Tweet
3c1070db-424d-4496-9729-e08066caec41,L3,Tweet
3c13a66b-1fa4-49b8-8bcf-fb6afbb9f6c9,L3,Tweet
3c1ead6a-a468-4006-856a-f41f38067c39,L3,Tweet
3c207f41-489d-45c4-96f1-0ac21d210038,L3,Tweet
3c2a7ce3-2adb-463b-a415-7c43b535f095,L3,Tweet
3c2daa0a-2cf1-4149-ae69-b29a7da3b57c,L3,Tweet
3c4140ea-53bb-4dbb-b2a8-b7f5a52a1bf2,L3,Tweet
3c47a742-6718-4cec-88aa-a311ae4e4c7b,L3,Tweet
3c48fe72-bda1-4be5-94c7-e21d65bf25c8,L3,Tweet
3c5299fd-d87a-4211-b73a-f090f42cc5a9,L3,Tweet
3c5a668c-37c7-4bfb-b930-bc1ae748494d,L3,Tweet
3c5b7165-13df-43b3-aa5c-32bedd1e4b7a,L3,Tweet
3c657693-e0a5-4cf2-9f9b-f7f4b7ce00aa,L3,Tweet
3c669e73-a81c-427f-b058-db3ebcff108b,L3,Tweet
3c66cdb8-341f-4750-ac0c-bb141a776fe4,L3,Tweet
3c74c15d-2b68-4e1a-b615-20a864baeebc,L3,Tweet
3c80689e-bff3-4e60-ab24-67c07ec0a1fa,L3,Tweet
3c8b35c5-13e4-4659-91d9-489a1f19b1d3,L3,Tweet
3c905072-009c-454d-ae73-f8172685b009,L3,Tweet
3c93522a-cd95-497c-8bda-7a25b151a1b4,L3,Tweet
3c98373e-3b08-4e24-8bcf-a6ba23c4d18f,L3,Tweet
3c9b8ccf-95e4-4a78-a628-6593ffc79ad5,L3,Tweet
3ca1558c-a9f5-44e3-ba65-b6686b38e162,L3,Tweet
3ca6897a-79bf-4cd6-810a-8a3c87c25b93,L3,Tweet
3cac38bc-4021-4696-9a10-68008f8941b4,L3,Tweet
3cbac0e1-6a3c-4738-a014-af7b8626d818,L3,Tweet
3cbacb10-b6c4-4bea-bbfd-0219f77bd16c,L3,Tweet
3ccbba41-1dca-4598-abdd-2a52d3854095,L3,Tweet
3cd0433a-6c07-4be7-b424-5d311b421780,L3,Tweet
3cd47db6-7edb-4d4a-8ff8-d07f1a190fd3,L3,Tweet
3cdb5b45-0c5c-42f0-9ddd-491c425fc1d8,L3,Tweet
3ce3b9b3-16ad-40d0-a12b-0e06e0910069,L3,Tweet
3ce4db60-a9d0-45ff-81aa-31dcf7ea6ee2,L3,Tweet
3cedfdb7-56da-4294-b355-c981606e7f9f,L3,Tweet
3cf28df3-cd7e-4f0c-b50d-ad26178e46a8,L3,Tweet
3cf77f2c-6140-4a66-a193-383961978486,L3,Tweet
3cfff1cc-85ef-450e-a237-cfccb1c37886,L3,Tweet
3d07f1a9-8928-49d1-9e21-bd82da5c7f72,L3,Tweet
3d08534c-f288-49b2-b581-bb1d74e1b140,L3,Tweet
3d09c0d9-0fd4-4456-8e56-0187ad9e7d18,L3,Tweet
3d10bdae-864a-4ef7-8a9e-488ceedb88e5,L3,Tweet
3d1cdba9-4c1c-4a3c-b0f0-e8cb80131451,L3,Tweet
3d1f7bcd-7b2e-41ea-a013-89f80ccc232e,L3,Tweet
3d271d23-c1c0-4531-8842-87c37f6b5d4b,L3,Tweet
3d278ade-32e7-4f01-8a0c-ee89f457a478,L3,Tweet
3d29c824-2b14-42e0-b18d-d9ab760ff5be,L3,Tweet
3d2bcbc4-d0c2-4f1a-9f0e-84415c994cd1,L3,Tweet
3d2d3901-6e56-4436-8d82-be1e846d480f,L3,Tweet
3d2ee45f-0cdd-432f-882d-676c08e098e1,L3,Tweet
3d33daaf-4ff4-457e-a021-f592257a5072,L3,Tweet
3d4c5b14-32b8-420b-81f1-faa71417f18c,L3,Tweet
3d4e0083-6a6b-44e9-8d8f-1be2c371a849,L3,Tweet
3d4fc539-e9a9-4ae4-b33c-073e5df7b9f1,L3,Tweet
3d5e7e2e-40c8-4d19-b9f3-84e4bafe5f39,L3,Tweet
3d5f95b9-3d18-4028-bcf1-198cb9440538,L3,Tweet
3d60b0eb-d961-45d9-b840-14f536394f32,L3,Tweet
3d6704b8-37c7-4ef9-8b2b-3ac1c116935b,L3,Tweet
3d6ef3ee-a304-41fb-a86a-6df2d6d00094,L3,Tweet
3d715d54-cf99-436f-a954-84b0269ba150,L3,Tweet
3d850e42-84a6-485c-9ff1-43004a771e50,L3,Tweet
3d900852-85a9-4e81-99b7-f8618a100780,L3,Tweet
3d923652-07e7-4a24-900d-96a0a7d1a0fb,L3,Tweet
3d996b9e-db73-471f-8dda-e998858b1c1f,L3,Tweet
3d9beae5-bc84-45bb-9901-552005420782,L3,Tweet
3d9d2548-e1d6-4b5c-8305-ee2da9f7bd9c,L3,Tweet
3d9d581a-2399-4773-ac17-779fe3add910,L3,Tweet
3d9f1d20-2157-4b25-bc8b-5e0041b1f9be,L3,Tweet
3d9fb805-d6e9-4b39-a8f0-47fac988d3ff,L3,Tweet
3dae2215-9758-414f-9571-12e8a9906d6c,L3,Tweet
3dbab174-74f4-4205-ab15-40ea76e69fe2,L3,Tweet
3dbbe85a-8d55-4043-bb22-114c2c2e0cf5,L3,Tweet
3dbf0efa-f312-475d-be35-914ee91aa9d8,L3,Tweet
3dc2201b-e034-498a-9e63-bc33e2e6b66b,L3,Tweet
3dc74991-b9a4-4f56-a37e-284112f72014,L3,Tweet
3dc8da31-5ad1-44e0-9b81-99a68b0c615e,L3,Tweet
3dccb531-38f9-40ae-aebe-0aa1a94b4427,L3,Tweet
3dcdd7be-b0e7-4fea-af17-265ef24cf37c,L3,Tweet
3dd8a2a1-3efb-436b-b0ff-ba496b4a64a7,L3,Tweet
3de5a7a1-7807-4bbf-ab13-3385b92c7153,L3,Tweet
3decd375-cc44-451c-a77f-4007d745a0f8,L3,Tweet
3df18506-fa2b-42d8-8913-febbbd953a20,L3,Tweet
3dfe9620-4e5d-4611-b1ad-0c22b0717f93,L3,Tweet
3e04ece9-4a8f-46ca-8f5b-3df03ec70ecd,L3,Tweet
3e06e683-7562-47bb-917c-be924a34fca1,L3,Tweet
3e0af85c-ff29-4d11-b637-4349b30d4bb2,L3,Tweet
3e0dd2d7-1a66-41a9-aafc-40010661080d,L3,Tweet
3e0e628a-12cd-4dc2-92fa-ca09eadc9fad,L3,Tweet
3e18ffc0-99b2-4aaa-928f-72f928840c97,L3,Tweet
3e1b867f-4c32-457c-984f-e4efa4c9f73c,L3,Tweet
3e28385a-f3c3-4f6a-a976-311b2bc4cd9f,L3,Tweet
3e2d0868-3471-43fd-bb2e-0a64d9fd6c6d,L3,Tweet
3e2ec057-b4a4-4b88-92aa-9ec3a69ca255,L3,Tweet
3e3c7dd4-c6dc-4113-8ce4-bf89158651c3,L3,Tweet
3e4845cc-150a-495c-8049-740ac75259e3,L3,Tweet
3e49fbd8-1790-43e5-9694-18451d3fc886,L3,Tweet
3e4eb431-e222-4289-ab09-fd23117d31d1,L3,Tweet
3e4ebaa9-d79b-4aaa-8183-23a86301750a,L3,Tweet
3e4f8ca3-8057-4a8f-8646-677dc6468c56,L3,Tweet
3e569abe-f267-4447-961e-5c63cd25d6a3,L3,Tweet
3e6387a7-8bdd-4b2f-8c8b-ae04ceb2087b,L3,Tweet
3e7d61ee-d45c-414b-a3a3-9bf386e81f77,L3,Tweet
3e855eba-1642-4cfb-bd35-2409f8a7c32b,L3,Tweet
3e85b29c-963a-4ad7-8c17-be982ceb1e82,L3,Tweet
3e8708da-ecb6-46bc-8f32-c3019434e6a6,L3,Tweet
3e9cfad3-c61e-4bac-bcc4-8127199ec729,L3,Tweet
3e9d07bf-6962-4aba-b483-a8f07fc6f5a7,L3,Tweet
3ea2efb4-20b0-48f4-967d-470187e6f79e,L3,Tweet
3ea6f3a4-c3b1-4311-bb28-0f773da34d91,L3,Tweet
3ea82fd8-450d-410d-b092-7dbdc027fac0,L3,Tweet
3eb5fa63-1b25-43ff-bb1d-558457ca4943,L3,Tweet
3ebffcba-df2d-4fe3-bfe6-90615e953f4b,L3,Tweet
3ec18cf7-a097-4dd1-b563-89911013d91e,L3,Tweet
3ec2ff3e-6400-45e7-a55b-a1cdddadd949,L3,Tweet
3ed3905f-3851-4d6c-aa8a-02fd800603b3,L3,Tweet
3ee78c63-43bd-466c-a233-f399edc15bd3,L3,Tweet
3ee9cad9-892a-49bd-84b2-039888634b55,L3,Tweet
3ef9be13-21b2-4b7e-acd9-dffdff9c8966,L3,Tweet
3f00f020-b72b-4e34-ac1a-ed95a6d72afd,L3,Tweet
3f0524e5-8eca-46bf-8b0f-dc669ffd4598,L3,Tweet
3f07ffc6-3056-4553-af3e-2d35c1288372,L3,Tweet
3f10d126-734d-4693-93b5-80a6e970c101,L3,Tweet
3f1c5f56-994b-4c6b-8061-28595dbb3cf3,L3,Tweet
3f1f102a-1d77-4223-aec4-1436acda8859,L3,Tweet
3f1fb477-4971-48f7-8894-82d022e804eb,L3,Tweet
3f24d50e-4a95-4d96-84e8-a74acb62aef2,L3,Tweet
3f25d001-6235-4cf5-a1e5-bdf324b2254d,L3,Tweet
3f2724cc-b737-4755-bdfd-d151a893b9c2,L3,Tweet
3f28684d-27db-47e7-9f8e-223bdf840a47,L3,Tweet
3f28f175-92e9-4a3c-b479-a17fe9f9661c,L3,Tweet
3f2ac426-98d1-4650-bf35-96270f2fc29c,L3,Tweet
3f2f7fac-ffb6-480e-919b-1869a5ed13b1,L3,Tweet
3f31ad0a-6383-40b4-bac7-c986e1569859,L3,Tweet
3f3556a9-6138-490d-b3c0-d425f7c99f7e,L3,Tweet
3f3668e3-b5be-40d5-ab2d-10376a2ac82b,L3,Tweet
3f395ab2-a852-47a3-bf81-ee7db388bb12,L3,Tweet
3f3d77e2-27f1-45d7-b04d-2e866b4a0f8a,L3,Tweet
3f3f7e4e-89de-415c-8a97-389dc38063c4,L3,Tweet
3f4c9bb5-8b9f-44df-bca5-1e10bf3f49de,L3,Tweet
3f555343-75ce-4a85-99ec-c0aedbc05016,L3,Tweet
3f57cd15-2f1b-4e1e-aa4c-9e249b1e4bed,L3,Tweet
3f5eb525-d84b-4914-bcaa-f8db5f00d7dd,L3,Tweet
3f693c29-d6f7-4dda-87c4-055511c4688b,L3,Tweet
3f6c708d-21cb-4f2c-a74a-3f988ed41369,L3,Tweet
3f707a15-77cb-4282-824e-deeaee326b0f,L3,Tweet
3f7752ce-9d26-4cc6-8160-2aa8cfb6de27,L3,Tweet
3f7bb239-8c73-4663-a642-2c26954e49ac,L3,Tweet
3f8df4fc-1cf3-4906-b6ab-eee8e37c587d,L3,Tweet
3f8e10a5-8b5c-4bb6-ab3b-56247c19dcd9,L3,Tweet
3f90fd41-8274-47e8-be0c-91f85f81eee9,L3,Tweet
3fa3503c-5fcc-43c3-8c1b-7b41ee5bb90c,L3,Tweet
3fa44f62-9dcd-4180-87ba-936f4c3cf1e6,L3,Tweet
3fb7fa54-a8f2-424d-9fab-280697626a18,L3,Tweet
3fbc187f-6688-4ff0-9ead-004120998e6d,L3,Tweet
3fc41400-0934-437a-a5af-43673565cb78,L3,Tweet
3fc90aed-3653-4946-9141-e09e9fcabfff,L3,Tweet
3fcb7fbd-66c8-4152-806c-95a6ebbf63af,L3,Tweet
3feab042-ec21-4fc3-9914-6c023553da57,L3,Tweet
3ffa4733-09de-46e1-bd30-64412c657674,L3,Tweet
3fff7873-f67c-40a6-bbcd-5aa2d3d31e2c,L3,Tweet
4006d0af-571f-4bb8-a7af-8863086bbb84,L3,Tweet
400e9d23-efbd-4217-be63-d06c2c7db0b0,L3,Tweet
4014da95-71a0-4446-8eef-38411df269cd,L3,Tweet
401c7bef-1f97-432a-a290-b1cd8c081fa1,L3,Tweet
401ff9c2-d98c-4e3f-a93d-ecacdd0d05ff,L3,Tweet
402026ab-f769-467f-b6c2-06e1d06c9a02,L3,Tweet
4025070e-7790-4a71-9d53-9462c3aa4ca2,L3,Tweet
4032c9fb-c2af-44c3-a56e-0d4efe5ad1a9,L3,Tweet
4034103a-0400-42b2-8fe9-5a9aef021d02,L3,Tweet
4046542d-b2b0-4dac-ab12-d716fe26fc68,L3,Tweet
404a868c-0f3d-4041-967a-6281d768ff6d,L3,Tweet
404a9049-ba6c-40e0-884d-1344bfbcda7f,L3,Tweet
404fa91b-72cf-4b97-afc1-7b7fe0c3a228,L3,Tweet
4059dfd1-d9b5-4634-b742-af1b46324fe4,L3,Tweet
405b0a53-9376-4b5d-b23a-b5451d69d46a,L3,Tweet
40626005-5a54-4537-bfb5-02005a637f78,L3,Tweet
40694440-c292-4804-81a8-a642519246fe,L3,Tweet
4070fb94-51ce-412f-a39c-e2d1597ebbec,L3,Tweet
40717c97-a750-4353-b1ed-b5e29e924762,L3,Tweet
4075c38b-5ace-48b3-aacd-5ca5d9bc70b1,L3,Tweet
4088db99-5a84-48a7-b634-8dbab93f77e6,L3,Tweet
4097667a-ca1b-48db-abf2-349b31fc9128,L3,Tweet
409ee6c3-76d6-402b-a9c9-2b207883d171,L3,Tweet
40a22723-da2e-41b1-96d7-6d8e7bc371ef,L3,Tweet
40a2725f-0918-4aec-9717-89eb0c699c06,L3,Tweet
40ab639b-71f3-43ee-8719-4cd341aaa1e4,L3,Tweet
40b161b6-92d1-4d4e-98b1-f31a609c6b38,L3,Tweet
40b2b358-c827-45c6-ad11-d91f65a234ae,L3,Tweet
40b2ee43-4698-4cc5-b03d-60246a319bbd,L3,Tweet
40b33421-ff79-4b54-af61-e5cd7c3c94e7,L3,Tweet
40b83106-5243-47f1-b2bb-40585f84fb95,L3,Tweet
40c03f55-1ffc-4093-af5a-a595b598670f,L3,Tweet
40c5f9eb-b903-45dd-8af5-d9259aecfb6b,L3,Tweet
40cf85df-43ec-41d3-a1f9-6f1b187f4b1b,L3,Tweet
40d58f3a-440e-41e1-bc09-b22c580c45d7,L3,Tweet
40e99016-69cd-41d3-984b-3a0a3be9b1e1,L3,Tweet
40eacec9-d253-451a-9250-0de6ca5aa78d,L3,Tweet
40ebf748-79b0-4120-8bef-f5a7c6040523,L3,Tweet
40ed9ec9-1ce5-41f5-8cc9-0fcd94718ab6,L3,Tweet
40fd7b33-2585-422b-ad59-0f9eecdc1fec,L3,Tweet
4102e2df-7034-489e-adf0-354d845a3161,L3,Tweet
4104a5aa-0f44-422f-8015-1363db896055,L3,Tweet
4106959d-6bcc-46ed-842f-e88dcc5af013,L3,Tweet
410bee07-ba7d-4314-b691-3bf293535bcd,L3,Tweet
4118a087-f050-4d8a-a4f2-1a76051563a2,L3,Tweet
4118e91c-32a6-490d-9c64-2ce2ca6ad51f,L3,Tweet
411c09bb-5f2d-46cb-b088-ba23c24edbf6,L3,Tweet
4125778e-4f22-4a26-8071-859eddfe1022,L3,Tweet
41353d1d-cb94-414e-a02b-00c4fea24f11,L3,Tweet
413b1fb4-1fe2-476c-8553-e99594b2e132,L3,Tweet
413c84f5-7674-41cc-85e9-ed3d931d61c1,L3,Tweet
413f25ab-a589-41b3-a4b0-c97468232df6,L3,Tweet
41401cf0-d35c-4a5b-a4db-ff6fd8c4aad1,L3,Tweet
41411e23-34da-4b4c-90e0-d028235caaf4,L3,Tweet
4142a9ac-44a8-4ec7-9f5a-73a757ed3b95,L3,Tweet
4143ee17-132d-48b4-9778-1567bcca9df8,L3,Tweet
41441134-63c9-45c9-9969-ee98d277c040,L3,Tweet
4146a244-1842-4a9b-ad31-4b16fb880953,L3,Tweet
4159745e-89e9-4e7a-8089-9c37f0280b87,L3,Tweet
415dabb0-d260-4156-94d5-b619afd78f18,L3,Tweet
415ea426-2495-4505-b580-2991b3f4899f,L3,Tweet
416712a8-88ec-4293-ae06-8b88c76058f4,L3,Tweet
416c2df7-572f-442d-bcad-34df01ddce1c,L3,Tweet
416f126c-51b1-48b6-84e2-7a967d42cc30,L3,Tweet
4174af1d-bcd8-4b7a-a249-251dc2175527,L3,Tweet
417d264d-1f03-4dfc-982c-94fad04d87de,L3,Tweet
418a792b-d916-432d-942c-07f6adf4734e,L3,Tweet
418fe588-b8db-4456-9b17-a0d8ed8baed1,L3,Tweet
4196efe9-bbf9-424e-ae32-cfcdf9cbcef9,L3,Tweet
419963a4-4f9f-4dbc-8734-010e32e72d82,L3,Tweet
419b5320-5e5c-40b7-801c-9d09a676d0ce,L3,Tweet
41a4d1c1-419c-4208-97f8-a677f66b2eea,L3,Tweet
41a51ecb-0431-42c9-a973-7ee5c4e5a823,L3,Tweet
41a6b423-e255-4531-8bc4-39f5668003f0,L3,Tweet
41a6e05d-3418-4564-b9d9-4102d454d199,L3,Tweet
41a7d0ea-94ed-4b3e-9152-68dc7abe6117,L3,Tweet
41acea3d-0b63-456b-9041-83341c2127e9,L3,Tweet
41ba1d86-cf13-41d7-b5f6-1fd8c082832a,L3,Tweet
41ba2495-24ec-43fa-8b9b-dade952f6275,L3,Tweet
41c118f8-9a2d-45f5-9077-3e46b847706c,L3,Tweet
41c7fe32-ee4b-4ac7-998b-f8bb6a7772d5,L3,Tweet
41cc7a06-8637-4ca4-bfff-b435e54d092c,L3,Tweet
41d08494-acea-4faf-8dcd-12b189a42128,L3,Tweet
41d11277-3e4a-4e1c-b61c-2142ed2c5bd8,L3,Tweet
41d11ad4-b9d7-44eb-af2f-bfb5414434cc,L3,Tweet
41d9f5b7-645b-417d-af5a-a05873ebebdc,L3,Tweet
41f02c8e-4e5a-4f52-9f9e-be0de2d739d6,L3,Tweet
41f84fac-ba8a-485d-b93d-497a26b3e8d4,L3,Tweet
4206bd3d-a397-4796-94cc-647478442925,L3,Tweet
421870cd-ee87-4e5c-817d-9c5114b01066,L3,Tweet
42204b64-4f26-4cb6-8ba7-8ac230c71417,L3,Tweet
42222a21-11c6-46b1-abed-1529ff987a19,L3,Tweet
4226a57a-f3fc-4770-b870-8274927f0ebf,L3,Tweet
422bf86a-561c-4ec1-9d99-b389a2e49751,L3,Tweet
422fb186-5d63-47ae-9942-ab79657c17d1,L3,Tweet
42336fae-e9be-4e77-ae53-e24eea635716,L3,Tweet
4238a833-f7ab-48a0-a53a-d36d68dc1532,L3,Tweet
4255465d-5196-49f4-8ccb-dd5e1c9ab500,L3,Tweet
425bc2a0-3d65-4b1b-a5d3-a02e7136d6d4,L3,Tweet
42625574-3ed7-4270-83c2-db1af06881b0,L3,Tweet
4265ebab-fcad-42b0-8481-10d8afa38cd8,L3,Tweet
426b2967-cdc2-477f-a5ab-5b6ae481dc4c,L3,Tweet
4279342a-d37d-4162-b9bf-438d156f9315,L3,Tweet
427d62e2-b597-4e04-be1d-74b12dab6f50,L3,Tweet
42894138-04ac-4c75-a067-2ee178ab5f80,L3,Tweet
428de6c3-bb34-4c34-8d1f-2a4b8eaf2876,L3,Tweet
428e6a32-6c18-46f8-ae1b-8c1af1649832,L3,Tweet
429385ed-4ff9-4689-bd02-f1ec3f3d267e,L3,Tweet
42939a72-2139-4680-81de-d2ca17d768a3,L3,Tweet
4294fad0-d22e-459b-a050-102c30deedb0,L3,Tweet
4295aca4-5e8d-4c11-bd57-ac55229cb414,L3,Tweet
429b9dc5-58ca-4930-9cb6-290c662735b0,L3,Tweet
42a1787f-33c2-487f-97f3-e90552f5ccc6,L3,Tweet
42a1a43d-0a55-4198-b2e1-127b056c972c,L3,Tweet
42ad5b03-12ac-4f57-9c9c-4ce889460b6f,L3,Tweet
42ae41c7-6f38-474a-8756-06fb0a273448,L3,Tweet
42bbb20a-9727-48f7-a504-543e044a1b9e,L3,Tweet
42cc2757-1874-4c59-aa30-97d4e090a58d,L3,Tweet
42d3fced-e2b8-4216-875c-9462b9dcd980,L3,Tweet
42d72125-5435-4e6a-903c-0f1573a046c1,L3,Tweet
42dffe16-d7f7-4379-969f-3fce86a2b432,L3,Tweet
42e200f7-d6ee-4333-bc67-79361b71f243,L3,Tweet
42e4436c-e402-40f8-a1ef-2891b167da18,L3,Tweet
42e75661-adc7-4b02-8d41-001c97f0e782,L3,Tweet
42eb18ad-ca99-4ae8-9e35-c69c3b48f6b5,L3,Tweet
42eb93f5-bd2b-4eeb-a477-c3a4acf9fc3a,L3,Tweet
42ebde2c-8f03-4952-b76b-cc33eba56c9c,L3,Tweet
42f5170c-eff7-4ccf-8e6b-3a7751a25076,L3,Tweet
42f6b75d-9697-4639-ac7b-f21eecc3f1fb,L3,Tweet
42f77999-4fbd-40c8-88aa-7cade745d6ef,L3,Tweet
42f9ef9a-ef33-409f-9182-cc89afed0881,L3,Tweet
42fc41b4-0b34-493e-adf0-769ef1f5d09c,L3,Tweet
4302cce1-8343-4010-bb88-40f2f2214538,L3,Tweet
4304e74c-4c85-47e1-a36c-effe5e5ea818,L3,Tweet
430c254d-7537-4e9f-833b-1ff461f96d00,L3,Tweet
430cc64a-4f76-415d-84a7-1ec051c83949,L3,Tweet
430f0497-018f-46ab-a2a2-bff6625f7056,L3,Tweet
4311e5fa-d281-46bd-bcc6-f2262f2cb1b1,L3,Tweet
431d40bc-c6d9-4f17-ac6a-e84483bfb251,L3,Tweet
431e4dc0-bf05-41a6-aedf-7e71bf797cb7,L3,Tweet
4322b501-801e-419b-bf26-7a582b6328ac,L3,Tweet
4333044e-e9fd-4882-8acf-f913eef32ab4,L3,Tweet
43363d1d-b40e-41fa-954d-9e842388a479,L3,Tweet
43380e30-c178-4623-80b1-8cc022e594e8,L3,Tweet
4339ea01-a541-4a97-be9d-8d73765ae2aa,L3,Tweet
4342e9fd-4495-4f8f-92b9-349ba49a1884,L3,Tweet
4348b95a-1a38-42ae-9f91-69917cdc159c,L3,Tweet
434912e2-5d22-4342-a21d-89f7d1b43f78,L3,Tweet
434e68c3-6fcf-447b-bd2f-c0c4399dddfa,L3,Tweet
435b3daf-4dad-412e-9c26-af3ee2c4780b,L3,Tweet
435f7ed4-cfea-434f-bbd4-c10d2f8cd99d,L3,Tweet
436319cb-2ee7-4aa5-be94-293c86df65be,L3,Tweet
43686f5e-4b36-4247-9c08-1f41edc89fec,L3,Tweet
436a82bd-68a6-45bf-9da5-9f1e21112981,L3,Tweet
43732133-fcd1-4aa3-b890-6093c22d3e67,L3,Tweet
4376288b-07be-44e8-a177-fd1efd9dfafa,L3,Tweet
4377b6cf-87a0-4d97-adff-e0185e14fdc5,L3,Tweet
4377e2e8-3424-4440-9b7a-e7fd9cd326d8,L3,Tweet
43961084-a328-4aab-a233-30d1758218e2,L3,Tweet
439d6797-fa71-4feb-874e-0fa6f5f07661,L3,Tweet
43aa9227-94e1-4842-9174-48cb228c7bf2,L3,Tweet
43aaf0d4-ff4f-4d42-b094-1e43139623f6,L3,Tweet
43b7c6ea-6f95-4916-b7bd-fa4635245825,L3,Tweet
43ba34e0-2152-4c7c-9b6e-517a55e16385,L3,Tweet
43be9b89-953a-482e-b479-0537d3d9f0a3,L3,Tweet
43c23140-a018-4c15-a76c-70c6f026709f,L3,Tweet
43c4ff97-cd88-4139-9527-babc8c23c153,L3,Tweet
43c68d40-82e0-49c0-acc4-293470d56104,L3,Tweet
43cc8268-9022-44ae-af1e-033ea6346293,L3,Tweet
43ddcdc4-6967-413d-bf67-7da90f5e9884,L3,Tweet
43e16327-dabf-48e0-a5cf-9cb007b1d5a9,L3,Tweet
43e83211-425d-46aa-be0a-5a012841e81b,L3,Tweet
43eb30d4-ba22-4e77-9dfc-357f2da3f31d,L3,Tweet
43ebd713-3832-4008-a7e3-8d154991da28,L3,Tweet
43fae2bb-17e3-4e79-8ecb-58d81befe244,L3,Tweet
44061846-d439-4e15-b1a4-f84f57730e36,L3,Tweet
44063290-f1da-4f14-8022-9d2c76ddd33b,L3,Tweet
440a1e19-6046-4b5b-afbc-8da578efb0c1,L3,Tweet
440d3714-49b0-4622-a403-09ea1b8bb166,L3,Tweet
4410b9df-313d-4bde-90e5-34aabff6114a,L3,Tweet
4416e743-f762-4102-9cee-3de42f657a9f,L3,Tweet
441a912c-222a-4960-aaf4-34608c659512,L3,Tweet
4425c452-0e52-4d31-a08c-c8b1dd3a08e9,L3,Tweet
442d36b0-53cc-45ca-bb71-03b6ca55fe64,L3,Tweet
442f71be-a297-4652-990c-fcf2bfbbb569,L3,Tweet
443ce32b-7986-4690-9273-27f54d06cc4e,L3,Tweet
4445895d-e22a-483d-b46a-c030d96ad322,L3,Tweet
444b084d-8b9f-42c0-8181-5c3a88c37a24,L3,Tweet
444c6763-32fe-4358-982a-17bc2e5ad85c,L3,Tweet
444c71a7-ae43-436d-9754-0e8405ef36ac,L3,Tweet
44551f8d-48b1-4126-8dc4-07d3ba66fc47,L3,Tweet
445b401c-cdbf-466e-9fe2-3d5b6b597eaf,L3,Tweet
446a256e-20d1-4ae2-a9a1-eeb68dfb0711,L3,Tweet
446fc22b-6173-43f0-9cff-3965b1def520,L3,Tweet
448fd25b-b04a-4851-a8e7-b364773956c0,L3,Tweet
44923cb9-51a6-4018-ae8b-1d47dabcbb4a,L3,Tweet
449c24ac-1cb9-4c23-b6ec-5ed7b25eb34d,L3,Tweet
44a2a052-bd6a-43e5-8ef3-33e832c531e1,L3,Tweet
44a430c7-379a-4eb2-ac0e-b108bcfe5f91,L3,Tweet
44b44746-fa55-4ca2-b70a-246b0104411d,L3,Tweet
44b455a8-cb6e-497e-adc5-249c04dd1594,L3,Tweet
44be746f-6921-4283-8086-aaf93f182a46,L3,Tweet
44bf59df-4f88-47f4-91e2-5e70638bf0e2,L3,Tweet
44c898a7-8cc5-4c8f-9854-9ea7440a92ac,L3,Tweet
44cca844-c8ea-42a1-92c6-9aa4565b46d5,L3,Tweet
44d0514e-d33d-437f-b7c6-90993d4ae328,L3,Tweet
44d85d15-b9a9-40aa-bd3b-d44c0f5d0f44,L3,Tweet
44e277f8-c8df-46f9-8794-6bd7224d36db,L3,Tweet
44ee64b6-f2bf-4815-b754-79a6da7751a7,L3,Tweet
44f5b88f-ef92-4040-8b0c-65a1dc6f2268,L3,Tweet
44f7a8ad-9429-4af8-a800-0ac713d92421,L3,Tweet
44feb8ba-62dc-445d-b48f-266491722715,L3,Tweet
450c6da6-6475-428f-9ede-334dc5ec7a22,L3,Tweet
4514d7d3-0770-4d4d-8289-92121c1487f8,L3,Tweet
451f3628-a046-499c-940d-40c0c11e5994,L3,Tweet
452541c1-360a-40d8-ae2d-5ffbb40c867e,L3,Tweet
4528fbe6-eaf5-4f5e-b180-4fce25139324,L3,Tweet
45373856-f75f-425f-89ad-edf261df6d43,L3,Tweet
454b92ad-26d9-4e43-a78c-c04d717d27f1,L3,Tweet
4550f4b9-704b-4a93-acc8-fe438332a166,L3,Tweet
45548aa4-10e9-433c-9ef4-bfba265eff85,L3,Tweet
455cc9e9-ad11-4bbd-a223-ef517646d39a,L3,Tweet
4565afc9-5588-4e96-ba95-7821ed62a785,L3,Tweet
456d7466-7b63-4d0f-bd39-9908ded1179c,L3,Tweet
456df010-dbeb-449d-939e-1ed010b8632e,L3,Tweet
456f70c7-f7a5-4d77-9772-a6a319896a6b,L3,Tweet
456fbfca-69d5-4063-be50-8d68932a3548,L3,Tweet
4573ddb0-a81e-4dc1-ba2d-42d4641739cd,L3,Tweet
4574c125-27b5-474a-949b-11406c130ad4,L3,Tweet
45796ed8-5245-46c8-8ede-ca6f8fa6e548,L3,Tweet
4579f5c5-0d07-4f46-8f16-de981ae03d95,L3,Tweet
457ad5b8-b74d-4281-b662-c66486896ba6,L3,Tweet
457cd652-0592-4871-a700-c013c5ec0761,L3,Tweet
45846e5e-5ecf-4d36-90f2-c797df79ee72,L3,Tweet
458be092-8f1d-4563-bd0c-9d0759954513,L3,Tweet
45915412-6bf4-4155-8030-231fbc92ec7f,L3,Tweet
45970c23-01ce-4392-8192-91bfcb0ac9b0,L3,Tweet
45a14b4c-e239-48ba-b5f0-50b9d327e8e3,L3,Tweet
45af654e-42fa-443a-b426-94324f9770d0,L3,Tweet
45b1a532-9ace-48ea-81ac-a0048a3ef9ab,L3,Tweet
45b80867-38d8-4268-b598-c6738eeafdbe,L3,Tweet
45bd57a9-ba7c-477c-b4a9-77a8640452fe,L3,Tweet
45c414d3-4631-4142-99fa-1d502a0ab9b1,L3,Tweet
45cce8c4-d3be-47b8-9a50-851dc693db7b,L3,Tweet
45cd4883-0135-4f80-b9df-119182997ab5,L3,Tweet
45cd970a-64a2-4674-89ae-9d3053d57c1d,L3,Tweet
45d2d4d1-b082-4663-9b89-b19801c5bd88,L3,Tweet
45da4fcf-ea20-47f3-8484-a0ea2a3f3ded,L3,Tweet
45ddc522-88b5-42f1-b598-4052663abce5,L3,Tweet
45e8cb18-ccb3-4bc0-89c8-9796d5c1922f,L3,Tweet
45ea8818-1ca6-41a5-a749-444c0397eb7d,L3,Tweet
45f23243-b477-4247-b315-2b04251e0a18,L3,Tweet
45f8f6e7-4e91-4201-bbba-92b666f7dfe5,L3,Tweet
45fc728e-6613-42a0-a724-302e9c5e46bf,L3,Tweet
4600ea63-6481-42d7-82c3-c4e9546cb330,L3,Tweet
4600fe33-8448-4c58-9516-2608ed31bd22,L3,Tweet
46026e09-e310-4e97-8db4-039e52a87202,L3,Tweet
4603661f-f1cd-46e9-b367-12d8c4273bfa,L3,Tweet
460f6a30-2d8f-45e3-9f39-d0f65d2c075b,L3,Tweet
46113aa4-7ca9-40c2-81ef-c7c8a4ab5987,L3,Tweet
461822b3-fb64-4332-8c8e-9be39ca90b8f,L3,Tweet
46270dbb-37a1-4de0-8645-9eb2b8b5b875,L3,Tweet
46281ee0-3d49-4cf7-aafb-a2e9c34750b2,L3,Tweet
46296904-a4f3-4609-9b14-844dd35b3120,L3,Tweet
462cc9e5-08bd-435d-afd5-981a8a4627bb,L3,Tweet
462daca5-87f7-4f2a-83b9-c8d778acb674,L3,Tweet
462db884-e7d7-43b5-a0d2-0135bfe8e953,L3,Tweet
463296d6-e2e6-4efc-baf1-f8be058dfb8b,L3,Tweet
4636bf73-e58e-494f-ada5-95441edc857d,L3,Tweet
4639b90d-fcd4-44dc-9191-d137936d5057,L3,Tweet
463e34a5-bf76-4d38-9d81-5b51047c4991,L3,Tweet
46520ec8-b904-4e77-a1b3-bb26a147d2a5,L3,Tweet
465d7f48-0237-4715-92b3-d9a6b893cc37,L3,Tweet
4661b671-7ba0-41c8-8d62-b99e068e08b1,L3,Tweet
4662825f-3f1c-4c68-8ad0-5678bbbb2c15,L3,Tweet
466b218b-33b9-47b7-a461-c88d4663ab2c,L3,Tweet
466f4f5c-6983-43bc-bcf1-b815d8071229,L3,Tweet
466fc628-1e75-45b8-9173-28bff1c42671,L3,Tweet
468369b3-dc14-4b58-8493-52c666715275,L3,Tweet
468c47c0-58fd-4758-91f1-c38826443706,L3,Tweet
4697e68a-c478-44a8-a102-a142ae3a25f1,L3,Tweet
469e435b-6fce-4b40-8a94-ad5b044b62e0,L3,Tweet
469ffaa2-b51f-42f4-8bf6-ab0faef28af3,L3,Tweet
46a11fe3-70fe-4355-9a5d-fc0ae192633e,L3,Tweet
46afb420-ddea-46f3-bdb5-e217f4b4724e,L3,Tweet
46b5941d-08b1-4d44-8db7-cbc288727e1c,L3,Tweet
46bba49d-05bb-4dbe-8d5c-6008ee63f9a2,L3,Tweet
46bbfa95-ff24-4882-9bdc-cc9d97b9a26d,L3,Tweet
46c2c0ba-e1d0-4ea9-91b2-84d110bb3f36,L3,Tweet
46cf3b28-380a-4329-8a87-67eb55c89272,L3,Tweet
46d4e010-6245-4797-92cb-3c606aa10225,L3,Tweet
46d87978-e692-44d3-8da3-6bc28e7d62a7,L3,Tweet
46ed3612-d493-4b20-b702-94325277a8f0,L3,Tweet
4708e361-0cb1-4c0f-b6bf-35f08f62cd10,L3,Tweet
4712215e-908b-4b23-bc76-cbe948c6fe89,L3,Tweet
47168a55-1044-4234-8ef4-57e7f8e4a6c6,L3,Tweet
4717bd8a-d562-4d08-95f6-6683f650b04a,L3,Tweet
472350a1-1f87-4f1c-9c96-10ac96b187bd,L3,Tweet
472c5c4d-c881-4fef-8736-e9e5ab426e18,L3,Tweet
47348989-ad93-4fe5-a083-2f6c2cac915e,L3,Tweet
4736c023-4c9b-41f6-8e2f-7921908a2d43,L3,Tweet
4743f2f3-7cc4-46b5-8c3a-010e6f5709f3,L3,Tweet
47489233-cc23-4d74-901d-aced5f3bb3bf,L3,Tweet
474af8f1-8a33-48e3-8534-20c4008573c6,L3,Tweet
474eb0b0-784a-46e1-a8a2-cf126b99df33,L3,Tweet
474efade-2fcf-4330-ba3f-1799a1a0a205,L3,Tweet
4751cfcf-4aec-4c8a-8e24-87fbf6c4438f,L3,Tweet
475bdd7b-71cd-4f15-bf58-98750c1a6893,L3,Tweet
476e3013-3a09-4dd2-a3a5-06ff7ed11e36,L3,Tweet
4770b7eb-adf3-403f-af9f-5b37413d8828,L3,Tweet
4776af7d-2f00-4c5e-8b71-870447206b18,L3,Tweet
477dd9b2-d1ca-4125-8f6b-435f0d2b7b06,L3,Tweet
47856d82-e371-4ff1-a210-2a5973d8c066,L3,Tweet
478d78b3-7a14-4030-8074-9c7eae10172e,L3,Tweet
479ee1ca-a3b0-4ea2-bd6b-ac34989f68b8,L3,Tweet
47a18e40-59ed-433c-b1b8-cc91be59a05b,L3,Tweet
47aec936-d723-499c-9845-2122c956ce72,L3,Tweet
47b01e25-d177-4943-baa4-84a7d6e7148f,L3,Tweet
47b17b08-d0ac-44a0-bbeb-ef8999b3836a,L3,Tweet
47b4043c-d01b-4ea2-940d-6f9ad77c4c9b,L3,Tweet
47b58e8a-499f-4996-b132-f927270f5a2a,L3,Tweet
47c4bd25-2bd3-4219-86b8-05b631eb1550,L3,Tweet
47cd2bb4-eee5-4d5e-9765-693df5f7ad34,L3,Tweet
47ce44de-7e57-4919-bb60-e875a05a8cac,L3,Tweet
47d59e8e-ebbc-476b-bfe8-af8fa8e0ad52,L3,Tweet
47d80f0f-8dfc-4ab2-9cb6-a71ea41d405f,L3,Tweet
47d94398-cc42-4cc5-9f01-3cfe10027b35,L3,Tweet
47e3ce3c-43b8-4f78-80c4-26190f9dd7a2,L3,Tweet
47ea9be4-ee0b-49b3-82f6-522ab8159f0e,L3,Tweet
47fdd758-0717-4b12-8799-e0bb2bb7ba32,L3,Tweet
47fde0f3-e303-4280-a24c-8df32a754c58,L3,Tweet
482a404d-4d25-49cd-b40d-ee614dec0a0f,L3,Tweet
482c0dd3-58d2-4b4f-ab3e-53a68c89e529,L3,Tweet
48419cd1-f5eb-4681-b284-d434c5896078,L3,Tweet
4844d04c-26eb-4974-9a39-64a7f8654cf2,L3,Tweet
48470980-eaba-4dd1-9c2e-c632fad0b188,L3,Tweet
4848ca1b-00e1-45f6-92f0-44d23f73f39f,L3,Tweet
4851692f-a101-4b2c-ac15-6dbcfed5b2f3,L3,Tweet
4851bfac-63a5-437f-a8f6-155b908f88fd,L3,Tweet
48557526-78ab-4741-aa5c-8206425d990f,L3,Tweet
486a1e1f-f41c-4f3e-bd5f-b79eb974c5d2,L3,Tweet
486d87e9-0ecb-4a66-bd52-07d879ac1800,L3,Tweet
486e01c9-a157-4a1d-80c4-09b7fecddadb,L3,Tweet
48796f05-dbeb-4cc2-9a43-72695c1d7d33,L3,Tweet
487e5074-16ab-4a89-9027-d3aa4c0edd32,L3,Tweet
4881f743-a20b-4e70-9309-86e9e7db3eef,L3,Tweet
48878723-f713-466c-a2c1-2c35860148a8,L3,Tweet
48971a98-8219-4092-9a29-b3ca53ca3b54,L3,Tweet
489be827-68fa-4f9c-84f3-5ffcf63bfd7e,L3,Tweet
48a21b62-5847-4b6b-b6d3-7512bee9e05b,L3,Tweet
48a2961e-1bc3-4fb1-81c8-4df4b6cd410e,L3,Tweet
48a33b08-1b3b-45df-a00f-9ab94e3d9d2b,L3,Tweet
48a9a06f-1edf-4dd9-af07-80abd60e6a01,L3,Tweet
48ae76e3-f970-49f7-97c2-a8aa9c1306b4,L3,Tweet
48aff366-d194-494c-b0c3-da6e35ad5761,L3,Tweet
48b9e0e2-b6f1-42e2-b01f-3575e4526a5b,L3,Tweet
48bb9ec0-ee1d-4e8c-9374-b21c628c98ca,L3,Tweet
48bbf0e6-d561-4e34-a8a9-c26f30563b7b,L3,Tweet
48befe7a-1f07-477a-914e-65367bb025d1,L3,Tweet
48c1c943-b51b-4a34-a5a2-49b0b3eaffd7,L3,Tweet
48cd9b9f-1fcf-432d-a3ae-9a78156bb1c8,L3,Tweet
48db8461-cdc4-4203-8147-4f0994b423f1,L3,Tweet
48e15aad-4ca1-413f-8b08-856f78f9ac8a,L3,Tweet
48e20864-df5b-4169-a88d-064ab68f0cfc,L3,Tweet
48eec254-17cb-4a5a-b34a-0c985b04d53a,L3,Tweet
48fa88dc-9cd6-482d-99a9-0de5fcf7ebeb,L3,Tweet
490757ba-c9b0-45d3-9c3a-228ad02aa642,L3,Tweet
49110ba8-fe48-41cd-a031-7a92b0772a9c,L3,Tweet
49242c68-0519-4a64-bddd-8b5872810f4c,L3,Tweet
4926cc6c-5995-40a9-b33e-b010c49d8110,L3,Tweet
492e07cd-3fee-4579-b3db-116664bcb58e,L3,Tweet
492e1c83-0190-40b5-88ed-c3e66d71053f,L3,Tweet
492fbaf0-d8b5-40b4-a0f7-00a151c73ba4,L3,Tweet
4932a7d7-a910-414b-91a0-95c2e8357134,L3,Tweet
493369a5-d659-499e-b079-e84dbd030c07,L3,Tweet
49539292-64a7-4c93-bac5-70ac7634d49d,L3,Tweet
495dfc2e-75c3-4a45-b2ba-5bad8811d97a,L3,Tweet
496ee75a-e386-448a-8886-f1ac2381ae5e,L3,Tweet
4979fa65-1abc-4f63-8050-05c0adaa8616,L3,Tweet
497e9277-1f44-4356-9aa5-73b78fab2afb,L3,Tweet
49812545-560a-4526-ae8e-4aaf44f4101d,L3,Tweet
4983a9cb-cee7-4d1a-a150-9d0b41713358,L3,Tweet
498988b3-d9e1-49bb-83fa-6c04c8ba46a0,L3,Tweet
499be5dd-44ad-424a-9028-c6fbd6a99a5b,L3,Tweet
499c40b8-f330-4ff2-82ca-871e22473988,L3,Tweet
49a1658d-7e2f-4b19-8186-64a52311aabc,L3,Tweet
49a3e770-cad2-41d9-b565-eb8e55a013b5,L3,Tweet
49ace9f4-ea36-4e5b-852d-631c5b03b96a,L3,Tweet
49b6711a-557d-4dfd-a20d-ad9dc99647a5,L3,Tweet
49b73000-91a7-47e7-acf8-c34b8d5c8c47,L3,Tweet
49bb0b4d-1917-4577-943c-2b7a5398786c,L3,Tweet
49bc70fb-bb32-490f-b870-ee738cc4fb92,L3,Tweet
49bebd06-f03e-43be-8a80-41ccfa89eb11,L3,Tweet
49d00daa-a7ef-4fcb-bd1b-67b050fcdaae,L3,Tweet
49d08892-14a9-47ce-a6f5-f89b765aee75,L3,Tweet
49d54489-9519-4eea-962a-8c6133999538,L3,Tweet
49d7799f-df4a-4e45-9cd2-b8fccb9605e3,L3,Tweet
49d7e391-2e68-49d6-bd71-347c44a0587b,L3,Tweet
49e16723-9256-45b5-b7ef-69faaf7beb3a,L3,Tweet
49e31bd6-8a44-4f03-a13c-5191334ad601,L3,Tweet
49f18f04-18ef-494c-a611-f3ea1d0a7ff9,L3,Tweet
49f28ce9-a2be-47c7-9710-83365a9bf8a4,L3,Tweet
49f30d7e-29a6-438b-b61e-c74b49de03b0,L3,Tweet
4a01a63f-dc62-4edc-b2ee-b21178b06cfd,L3,Tweet
4a031263-e99a-41cb-8298-47d638c733c6,L3,Tweet
4a1e6854-cc6c-4c0d-9410-a07a6036d12a,L3,Tweet
4a205ed6-20cd-410a-8b48-f08e6ce659c3,L3,Tweet
4a2fc72f-0328-48a6-9869-4dc4d18d5554,L3,Tweet
4a308637-cc1e-4c4f-a8bc-1a732a14f1b2,L3,Tweet
4a38d0f1-4779-4cdd-b9cb-15457113078a,L3,Tweet
4a45f087-3127-4ba3-8737-58876db4e45e,L3,Tweet
4a4f253d-78e1-428f-bc84-dc96e85e6dc8,L3,Tweet
4a5f9df4-32a7-4a93-9fa8-90062cc20605,L3,Tweet
4a6134f0-a943-4448-8414-d028b2eea0c8,L3,Tweet
4a625d5f-8d63-4e5a-826e-ed60be4b99cb,L3,Tweet
4a69170a-0985-4867-b00c-5f0e1088060d,L3,Tweet
4a72f1b6-5584-489f-8006-ad64f4dbe0f7,L3,Tweet
4a73adce-9235-498a-b743-9f40d4873451,L3,Tweet
4a7fd559-b962-48fc-88fe-8ae78c84434c,L3,Tweet
4a86cbd8-d149-4665-a417-b30fd4caadc5,L3,Tweet
4a887835-e1c3-48f9-9058-266d8253246b,L3,Tweet
4a88abd2-527e-4f03-9c2e-5a2b8040c280,L3,Tweet
4a92746f-6238-47af-afee-0bc73c6cd4f6,L3,Tweet
4a9efe71-66fc-4eee-acfc-3504aef7ec3c,L3,Tweet
4aa27972-1d6c-40ee-8ee6-1b80d5fdbdb6,L3,Tweet
4aa70450-9577-4b74-8c30-71ede4f9ca69,L3,Tweet
4aa8e8a9-4a9e-42a9-aef0-4b1d112fb462,L3,Tweet
4aa951ee-3432-4ad2-bca2-5b61cf41960c,L3,Tweet
4aad9c74-7bda-4619-92a2-7d7a9642bdd7,L3,Tweet
4ab4ad62-90a5-4184-b821-552cc41fd165,L3,Tweet
4abdd673-a14b-440a-9d05-3a30f534eac9,L3,Tweet
4abfaf94-e763-41c8-bed7-1417d2d7d631,L3,Tweet
4ad6ad22-b6a9-4319-8448-e999dd91dc50,L3,Tweet
4ad8582c-8ef1-48c1-8ec9-f00d03cabbb6,L3,Tweet
4adac914-beba-4487-9557-aaa2853cb752,L3,Tweet
4ae7040e-cee8-4019-b631-1d25987acf1e,L3,Tweet
4ae9d67d-fb3f-492f-9181-71cf9f4e2999,L3,Tweet
4afe8ea0-0d5e-4834-a0af-ec8205b1e5b8,L3,Tweet
4b005e16-aa8b-461e-babb-d09fb5acc409,L3,Tweet
4b080007-4fd7-408b-9b22-9d4e8b7d7048,L3,Tweet
4b0f7ea9-bab0-4f9a-af45-cbf0fa78282f,L3,Tweet
4b0fcb57-075d-422f-b9c3-2bb65da339bc,L3,Tweet
4b11d522-b8cf-45bf-8dda-d3b071001809,L3,Tweet
4b14b1bb-ff33-4356-98c1-d91b1b2f07dd,L3,Tweet
4b20d5b8-1232-4036-800f-d824e1edfdf8,L3,Tweet
4b254706-d38f-4629-9d21-0a2b0dd03acd,L3,Tweet
4b2eeecb-6d19-47bc-b891-bbd0c38ef93f,L3,Tweet
4b311482-fe79-4438-b39c-24bd331c695b,L3,Tweet
4b339e55-4718-4d19-80b7-1f29e3eb13e2,L3,Tweet
4b33d614-6e07-4f39-9cbd-5e0a42a600e5,L3,Tweet
4b3b84ea-2cca-4973-843c-cf00b5662a03,L3,Tweet
4b3cdf05-6633-442e-ba8f-ecddf6868926,L3,Tweet
4b3e77f2-0f80-4eaa-96e7-db121277ac04,L3,Tweet
4b4108ae-00bd-430a-ad95-3b0d22be4a03,L3,Tweet
4b48ca48-f996-4b3e-b4c8-3b50fa94a1c8,L3,Tweet
4b4a86b2-3126-43d7-827a-6d29cd171584,L3,Tweet
4b4ea321-241a-40c9-bd97-39ecb54d87f0,L3,Tweet
4b5dadf0-15b7-4ea8-9b0a-aec7d3c0df17,L3,Tweet
4b670b86-f795-4984-8acd-a1bba5f80659,L3,Tweet
4b721fac-88a6-4236-80a8-6074c0c2bb47,L3,Tweet
4b7d2ab6-70df-4d27-8de7-46e3948d7740,L3,Tweet
4b7fb9a2-659f-4b17-84b0-fc9e72388e33,L3,Tweet
4b8300ec-b689-4c47-882a-1332e0265615,L3,Tweet
4b847f12-dbef-42e8-a7aa-acf09bee3576,L3,Tweet
4b880ee9-85c7-47d9-b27b-cf28b83e7f70,L3,Tweet
4b8890b2-7c16-4532-b117-7a2a478d90d4,L3,Tweet
4b964b12-906a-418d-92ae-625d75e1c849,L3,Tweet
4b9c292b-345a-47de-9315-1dff030ca982,L3,Tweet
4ba066ab-a908-446d-b603-6b1403f84045,L3,Tweet
4ba6e899-539b-4b5c-a08a-2ca20804d1a3,L3,Tweet
4baa2cd2-28b9-4b0f-b579-47013ed07305,L3,Tweet
4bac0171-757b-48ff-9241-d1858b12aa9b,L3,Tweet
4bad59d7-cefb-4636-979c-c097fb9f49c5,L3,Tweet
4bb116fc-932b-4967-aa50-752a6916b67a,L3,Tweet
4bc11a7b-28fd-40fe-ad35-e701757982a0,L3,Tweet
4bcec9ac-d5ff-488d-99f3-afede5e02b9a,L3,Tweet
4bd000c3-456d-43d7-8ce0-ec35b069adb0,L3,Tweet
4bdbbf86-25e5-4614-9957-01d86807b693,L3,Tweet
4bde2129-20ee-49c3-a7a9-6f35e0ebb125,L3,Tweet
4be3acdc-297a-4bde-bb6b-adf7f3a72cd4,L3,Tweet
4be86fb0-b440-4cbf-8c32-c79d56915f79,L3,Tweet
4be9e9df-dc5a-48d9-b077-76530b43055b,L3,Tweet
4bedb56e-c403-4fe3-aba1-5d3b42dda88a,L3,Tweet
4bef8346-4e87-4cd3-bae4-edd9f96a603d,L3,Tweet
4bf3621b-984a-436c-a679-242de14a8141,L3,Tweet
4bf56620-e8c6-42b9-b8f9-06bdd7a0363c,L3,Tweet
4c0716ec-15ad-4208-bbcf-ac5a27923bbe,L3,Tweet
4c214577-858d-4c44-809b-1b89ef688b73,L3,Tweet
4c2c4288-7b95-4c2d-acbb-bb5a11631443,L3,Tweet
4c2e356d-a424-4680-ae54-6c219d6259ed,L3,Tweet
4c332c3a-3cae-4d87-b7a0-f89fdf873a31,L3,Tweet
4c3b2a84-0015-483e-84b7-e32b539d8c32,L3,Tweet
4c3eef74-fff0-4df1-8f1e-7e7807a9c839,L3,Tweet
4c3ef31e-11e2-43c7-ab58-d8aa9e414271,L3,Tweet
4c4041dd-b3ad-426e-bce2-899fd30d7485,L3,Tweet
4c494084-aba3-4f95-b7a5-493e1491d309,L3,Tweet
4c50311f-afe8-4f81-97b8-5dfb05842b42,L3,Tweet
4c53514d-02b2-488e-a03c-3eec69383332,L3,Tweet
4c5982e8-9b60-4a19-b284-fe478db872e7,L3,Tweet
4c6a516d-b3ec-49b1-9c13-1b012f40a2a6,L3,Tweet
4c6f2d43-1c9d-4cb1-9e93-c50c073c7091,L3,Tweet
4c6f8faf-4cdb-4174-8eea-6ead7fdd400a,L3,Tweet
4c7360b7-8942-497f-8bc0-8b1b2faa0df4,L3,Tweet
4c7a9b67-b505-4b07-9bd7-d0b0eed70136,L3,Tweet
4c85d448-e194-4b58-af7b-9aad87e3b1bf,L3,Tweet
4c8addb7-f64f-4dea-8ae7-e27ab47d3126,L3,Tweet
4c8afed7-eff8-40d1-bd6d-226e25dd7649,L3,Tweet
4c8e83a4-2969-47dd-b612-81b501e263b4,L3,Tweet
4c91a76a-8945-4765-ac05-598dac96c14d,L3,Tweet
4c992610-e361-42bb-b440-25260ef9f689,L3,Tweet
4cb353a2-98b6-4c9e-995b-f071393ca042,L3,Tweet
4cb8a1f0-016f-4258-a744-47eabfc09016,L3,Tweet
4cbb837d-40ff-47c3-8b42-436d05130f36,L3,Tweet
4cc67c9c-fc42-4b60-a9f4-1f4b789eb2e5,L3,Tweet
4cce5566-db29-437a-99c9-c397fdaeba2f,L3,Tweet
4cd7d95f-5a20-4322-9925-2430a793bdf5,L3,Tweet
4ce04a18-5232-436a-a3f6-ee64280028f4,L3,Tweet
4ce1b944-1637-499c-bce7-c590ddca3ebf,L3,Tweet
4ce7f2de-6786-4b65-84fd-ce510948d6df,L3,Tweet
4cf13ed9-bb36-4bbe-a4bd-defe17476a08,L3,Tweet
4cf50c29-4656-48d4-97dc-497956d0c527,L3,Tweet
4cf51ece-b07a-4208-b621-e721540cdb24,L3,Tweet
4cf77bc4-2f7f-4abc-b58b-5f44dc0ce87d,L3,Tweet
4cfd6722-2646-4a1e-92d8-fef164accd23,L3,Tweet
4cfd81b3-0711-4d8e-b824-08375af70404,L3,Tweet
4d07f33f-bf02-45e0-b094-0156fb5a5b19,L3,Tweet
4d094464-47a3-4fa3-a4e0-012c0202c227,L3,Tweet
4d0f2040-91f0-4f84-9077-e5f5c6513e0e,L3,Tweet
4d0f3a7a-b6c0-4b99-a41d-fb9b533c59f2,L3,Tweet
4d12936b-3967-4591-907d-376416a1c803,L3,Tweet
4d12f61e-108c-4f53-b4a4-c552dbd459ed,L3,Tweet
4d1461c4-0af4-4260-9606-02f9e5d3f637,L3,Tweet
4d241d88-4dde-44f2-bb50-e25dd634854a,L3,Tweet
4d256753-9f1e-4a42-8bc9-e7220a583c48,L3,Tweet
4d2f1634-3e30-49a0-a6af-9f883a9e1c11,L3,Tweet
4d2fdf9a-9ce3-40f4-a613-3e686407b453,L3,Tweet
4d3c9e56-b92b-46cd-9fa4-11430eba4aa6,L3,Tweet
4d48689c-bd8f-457f-86f4-ef792528e789,L3,Tweet
4d4dc18d-100d-4674-8426-0a7e98d6af94,L3,Tweet
4d63d8fd-9ca6-435d-81de-bc2293d8d6b8,L3,Tweet
4d684a99-e365-411d-b42a-1ed7ca551b5a,L3,Tweet
4d687fb5-6ff8-475c-9dea-2b4b2f420ef8,L3,Tweet
4d69188c-2703-41e2-91cd-18e158216b95,L3,Tweet
4d69a5c0-4623-4afa-ab50-7df5ef91ce88,L3,Tweet
4d70f831-7c3a-4914-b94d-7c6d988d2ebb,L3,Tweet
4d722353-ca8a-458f-a837-a6f4c0c33980,L3,Tweet
4d78deb4-1d7b-4a3d-8507-cf2f1ab2c741,L3,Tweet
4d7b46a5-b33e-407a-8b5d-3c060cdaa215,L3,Tweet
4d7c139a-d18d-4af0-b8e1-abe379213e91,L3,Tweet
4d7cf7d1-9a6a-4385-895f-2ec151ecaa6f,L3,Tweet
4d80e6b5-0cfa-4260-8318-09a05f1a67f9,L3,Tweet
4d814b04-be92-4c2a-9460-f8190caa77ee,L3,Tweet
4d86c752-3aa6-4004-bae6-b9bed6e441fc,L3,Tweet
4d8d098e-bfd2-4aa4-b726-c9c00adc0cad,L3,Tweet
4da41a0d-15ab-4671-9595-8da1a2b4464b,L3,Tweet
4daca045-c76e-42b6-849d-d86c28f2abe9,L3,Tweet
4db15567-e302-49e0-b55f-e3d6832b2fe4,L3,Tweet
4db4e4e9-7087-43a7-af75-472789ac5952,L3,Tweet
4dbb936d-e82e-43a8-b584-1f336dc9561c,L3,Tweet
4dbc3b8c-c82e-431a-b615-1ab6a49afeb3,L3,Tweet
4dc8e8f7-b957-4cd9-8282-850da81499aa,L3,Tweet
4dcc2c4e-b4ca-4e82-a92b-91e1ccc83209,L3,Tweet
4dcf760a-ef1a-4a11-895d-0e63ff94546c,L3,Tweet
4dd57db9-4e5d-4bd3-988b-12e6e467d6af,L3,Tweet
4de00955-1e6a-4029-9e57-60515d45cf9f,L3,Tweet
4de982e2-3658-4c77-96fd-2c20a40cb97f,L3,Tweet
4df1b711-e2b7-456c-b2a3-b635a8d3ece1,L3,Tweet
4df2d37b-83a3-4561-9242-9210ec6754cb,L3,Tweet
4e06a2f1-6aac-48ba-8289-0f1475392a67,L3,Tweet
4e136277-c670-49b3-b3e8-4971d143c5a3,L3,Tweet
4e16897b-95be-4639-9721-5c4557984ca0,L3,Tweet
4e16ef37-10a8-4dde-9781-8080ca42652f,L3,Tweet
4e1893ba-f156-497e-a8e4-bf45aac78fc4,L3,Tweet
4e249252-8e02-4d24-8485-deba38b7289d,L3,Tweet
4e29f4fd-c521-4cc2-9632-8cd5bd64b70c,L3,Tweet
4e2f6c25-c756-42e4-9403-f97d175b811a,L3,Tweet
4e391457-b0bf-4961-b026-e68b92591a14,L3,Tweet
4e48a54b-df43-4cca-b0bd-040cbd0659b5,L3,Tweet
4e4b22de-26bc-4134-ad2e-47de3652c9c0,L3,Tweet
4e538fa0-e5ab-43b7-acd5-9fb7fecfc78f,L3,Tweet
4e54ec85-eb9c-47cd-a283-c09c5e095073,L3,Tweet
4e5acc27-64b9-448d-8bca-60ebf4424189,L3,Tweet
4e5fc211-b9a9-437a-90e0-4efaba77abae,L3,Tweet
4e60daa6-708c-4f3d-9f6e-875a8f406966,L3,Tweet
4e6afb60-729f-4651-b8c7-0c4b585adaa7,L3,Tweet
4e6e1273-2ef7-4195-980e-f2e23e115d5d,L3,Tweet
4e81c45a-0368-4529-926b-7c2f88e1b66b,L3,Tweet
4e8519a7-48d7-4c38-891d-14a0c78d19a8,L3,Tweet
4e8555dd-09f5-47cd-b3f6-9aa206a27f00,L3,Tweet
4e8b5e4f-c4ed-4eff-88d3-4c4a10212c2e,L3,Tweet
4e8ecc03-011d-4709-9054-13716928641e,L3,Tweet
4e936959-7866-4ea6-8dec-2921ecbb3541,L3,Tweet
4e9d1059-1539-49aa-9170-372655e374da,L3,Tweet
4ea71428-fa38-4d95-a1e5-539780a11b69,L3,Tweet
4ea848c1-af3d-4d0a-b80d-2d670870c95f,L3,Tweet
4ea87d48-2daa-48e9-b9aa-113bf38131c0,L3,Tweet
4eaffd11-0d76-4431-8a09-c641a97f25a7,L3,Tweet
4eb74024-b2f6-4381-b019-092f65d6bb95,L3,Tweet
4ebd7a6e-3457-4a53-b44d-3370c95959f2,L3,Tweet
4ec1cc8a-0907-4194-a651-db7be7502a72,L3,Tweet
4eccfcd5-32e3-4e60-82c2-4993e107d423,L3,Tweet
4ed5d03e-25ca-4550-b51c-d00eef2f5f66,L3,Tweet
4edac30c-d8c4-442d-b775-d4dc0e4b0878,L3,Tweet
4ee28987-c8c9-4ce9-ad27-1e77cdd10ac6,L3,Tweet
4ee7b946-c029-4ffb-a78e-eaede3da97ca,L3,Tweet
4ee82e8c-3d97-4728-b0f6-e50b0ce6dacd,L3,Tweet
4eec33cb-36a3-4545-8023-42b7f8092c4e,L3,Tweet
4eeddb21-b942-495c-8cf6-df47fe167f42,L3,Tweet
4ef0d9b9-d98c-4b11-802a-df80fcb4c035,L3,Tweet
4ef489cf-f11f-44ca-b88a-69d4111abe19,L3,Tweet
4ef689c6-9aba-4bb1-b3db-03c3d95f2c97,L3,Tweet
4efe4fd2-b3e1-4c4e-a7f3-275a4361c197,L3,Tweet
4efe6681-c173-4ee1-8669-a8b42ff1d55a,L3,Tweet
4f0d2cff-dd47-47b6-949d-a8702dc40d7d,L3,Tweet
4f12a90b-b8b5-4706-b936-86a82cf18b8a,L3,Tweet
4f14afde-dafa-46d2-98bc-a8933bbd7d3a,L3,Tweet
4f14c617-d56a-485e-9584-18c4ea1cbd1d,L3,Tweet
4f16bb7f-39af-4f41-92fc-5e7464124aef,L3,Tweet
4f2038bf-1a26-4618-b95a-ed35e3bb4e97,L3,Tweet
4f24dac2-9f10-4696-9e39-37af92143396,L3,Tweet
4f24fffa-1010-4e56-acbf-4876f157028a,L3,Tweet
4f2baa2a-76ec-4bc5-945c-8153f5bdaa04,L3,Tweet
4f2d0054-a645-452a-9fca-4caf29a03ffa,L3,Tweet
4f3cd497-63cb-48b7-b5ef-e5fca0b30663,L3,Tweet
4f3dab1c-2c95-43fa-94b5-f250bc6105e4,L3,Tweet
4f48da9b-3f34-4361-95fd-3f791d394d97,L3,Tweet
4f4aae91-5caf-4cf5-84fe-40b2964efd51,L3,Tweet
4f4e2320-f11b-456d-be5d-eb00568031a0,L3,Tweet
4f593570-dfbd-479c-bcc5-9f681fed2cf0,L3,Tweet
4f5a2ddb-272e-4567-813c-196cea7b52c4,L3,Tweet
4f64eb6b-056a-46c4-bdcb-36f8c6ecc740,L3,Tweet
4f6b0d54-fb2e-4f53-a050-af7ce24a405a,L3,Tweet
4f764b2a-5c36-499e-9107-0261d6d66b8c,L3,Tweet
4f769a63-0f53-4b88-9acb-a876db62b9f5,L3,Tweet
4f7d5ba4-3264-4fa3-a391-288be58dd899,L3,Tweet
4f974ad8-8912-4953-9777-4a105310748d,L3,Tweet
4f9d5036-1f62-42a8-8dcb-f897fcc95220,L3,Tweet
4fa46e6f-fe18-453a-9e5e-08f6922cb07a,L3,Tweet
4fa96477-53fe-48e2-8873-fd5aa718a30d,L3,Tweet
4fb18bfb-541e-4dec-9c96-cd6e9888cb81,L3,Tweet
4fb7c6b5-98c7-47d7-8e3d-a796dfe092a3,L3,Tweet
4fb8661c-755b-4111-b77e-228709842749,L3,Tweet
4fb96182-3177-4e7b-aa1e-3fe819d92e1c,L3,Tweet
4fbb54b4-8d0d-41b5-85b9-2b9f96db6ae2,L3,Tweet
4fc1e7ba-bfc5-4318-9e41-b94915af6125,L3,Tweet
4fc90324-d76c-427c-b23c-a565b24c053d,L3,Tweet
4fccc30a-c55b-4fcc-a6cb-70f4ebea2b47,L3,Tweet
4fd40a11-156c-4552-b210-beb73f84541f,L3,Tweet
4fd74ca2-0cde-408c-b4d5-9447cf2fe734,L3,Tweet
4fde2ce1-5f9a-47dc-a297-c14ae1bff290,L3,Tweet
4fe62d29-e88d-4941-ab24-de5484798a72,L3,Tweet
4fe63c3c-b8c9-4f35-9b38-69e743a1a753,L3,Tweet
4fed6a1b-9482-4865-a4e0-e3633ddc96bc,L3,Tweet
4fef0683-ec2c-4b87-957c-2c7b5f275ac0,L3,Tweet
4ff193d5-0c35-45a5-81b1-74bf9d21861c,L3,Tweet
4ff7d505-928a-4f54-9462-b87d70535b24,L3,Tweet
4ffd7561-3468-48b2-9668-1b2397f1f1e9,L3,Tweet
500882e1-d060-484a-861b-3b8b5149fcf4,L3,Tweet
500b9b1b-f555-4609-a036-3d759a6e3702,L3,Tweet
502ad101-d1be-4bc4-a994-38aa959b7a39,L3,Tweet
502fd20b-0064-4ed2-a178-082ac65d2932,L3,Tweet
503c8fff-2a8c-4f32-954b-b563c5130f86,L3,Tweet
503cec53-0a94-4e1e-80c0-e4bc3d7379b4,L3,Tweet
504254b4-d9ff-4286-82b0-7bf54280d324,L3,Tweet
50477aee-1e1d-4023-adff-e592476755d8,L3,Tweet
504c5f61-ea14-42a7-ba1b-c1957fed47c0,L3,Tweet
504f4936-ab68-425f-8a41-cb478d0bd8b2,L3,Tweet
5061c41d-560d-4d99-ab1c-38d3ad135e5d,L3,Tweet
50633079-cc03-4263-a2ce-bd86b613454a,L3,Tweet
50635b30-f9e5-4ba3-83d2-6ce0e569f019,L3,Tweet
50646150-a937-48cf-b69f-2f3929546b76,L3,Tweet
506c2980-5760-47e4-9c46-bf19aa1a5993,L3,Tweet
506ca619-bf8d-4a54-91e1-9bee677bf3b3,L3,Tweet
507ce068-db18-44b5-bde9-5f4232dfec91,L3,Tweet
508019d3-fd06-4591-9282-8c732dbfa398,L3,Tweet
508e7e89-0ea1-4523-8cc4-b84ad98a1c91,L3,Tweet
50a32230-e393-42ab-b08c-8a4b18864de5,L3,Tweet
50ad2e2f-3ea2-400b-be14-332d99b1f090,L3,Tweet
50c35161-3955-4451-b1b0-bbb19e2011ce,L3,Tweet
50c88b77-4ef1-4685-a787-000c663d7e4d,L3,Tweet
50ce32ea-936a-4e2b-aae6-eb432c43b4c1,L3,Tweet
50ce6555-07e1-41b3-9665-4d08d4157dcc,L3,Tweet
50d844d8-ed5d-4f23-866f-758805a3493e,L3,Tweet
50d8a213-fb60-4ddc-84e1-2a0302681c77,L3,Tweet
50db0313-3169-41e3-8d00-26e2eb4706f2,L3,Tweet
50de32a5-5333-4b2e-ae43-7011d9da99d9,L3,Tweet
50e6b9dd-fbcb-4e95-9f9a-dae70c563566,L3,Tweet
50e7812e-b8f9-4779-b5a7-52de3cc424ef,L3,Tweet
50f96bd5-c6db-45b5-8e6a-47f9b6548a95,L3,Tweet
5108e950-a2ee-465a-a870-682805e65fd4,L3,Tweet
5110baa0-8a88-4bdb-ac48-a9d2f3c25e03,L3,Tweet
511d239c-8cc7-4759-b39d-f1af9bf89544,L3,Tweet
51267334-258f-444c-b363-8b58e9f733a1,L3,Tweet
5127346e-748a-4de0-a270-4c20c7e6c345,L3,Tweet
5136205a-25b1-481f-8793-76527ce70f3c,L3,Tweet
5137b8c1-6e21-416c-9800-4aacfeb4055f,L3,Tweet
513959d4-ad5e-4d6d-ac45-55ddce888432,L3,Tweet
513d2ef6-dd8c-406b-bc57-a1d4ef9e5c80,L3,Tweet
513d5803-53a3-43bc-a767-2c1348a1418e,L3,Tweet
514f1c58-8f05-42a4-8686-8ab97d29638e,L3,Tweet
51525994-6784-4cfc-8f2b-bf629a762eaa,L3,Tweet
51607d40-30ae-4465-b3a9-c57a893d3feb,L3,Tweet
5169484a-11df-48a6-a79d-3687f9736019,L3,Tweet
516e6ee1-6d1e-477a-9f4d-9e49f64c00e5,L3,Tweet
5173ae84-1fb8-4856-b43a-855ae03d0d4e,L3,Tweet
5186870c-e443-42f8-bea6-84c5214fc80f,L3,Tweet
5199962b-a203-4d65-9bb9-fd305a2a3bfa,L3,Tweet
51a22489-cad2-4bd6-a968-4b98032ef489,L3,Tweet
51a2f384-1687-4042-a967-c21f8789bab9,L3,Tweet
51a4a8d2-0dd6-4d64-851c-15dd69c9d7d9,L3,Tweet
51a704d2-d8f0-4c22-9bcb-759e5f47154b,L3,Tweet
51af8ec3-bce7-477d-bbfb-ee6f6b62e320,L3,Tweet
51bf4294-56d6-4648-b3ad-b3574bffb0ef,L3,Tweet
51c85686-2642-488c-bb0b-194d164fa706,L3,Tweet
51ca47a0-1316-4504-beda-22442fe2f419,L3,Tweet
51dd9b72-72f0-433a-8a6f-3177a35b3b1c,L3,Tweet
51ddf89d-3ad6-4a8f-8dd2-c3bbbd3af9e9,L3,Tweet
51f1bba8-d8d5-4196-a685-8ec5beab49f5,L3,Tweet
51f8375d-cadf-4811-a11d-0a6138194071,L3,Tweet
51fad51b-d538-43d8-81df-90636e6fc219,L3,Tweet
51fdf81e-b224-40b1-b55c-d04bc593eada,L3,Tweet
5200ee43-9502-484d-8af2-815cc3896a46,L3,Tweet
52037dc9-619f-448f-a381-f802dabca338,L3,Tweet
5205b651-e341-4051-948a-05c2e546c4b2,L3,Tweet
520b3e09-3ea8-48c1-99c1-3c1a8a578bf8,L3,Tweet
5217c9db-0d1d-4fa5-9e08-3378cf93b9a4,L3,Tweet
521c8c66-3c04-488a-a34f-c47187433fea,L3,Tweet
522924aa-bfe5-4d51-aaac-61c3534bad87,L3,Tweet
5231dc7b-854c-4e58-aa0f-4dc386de8f9a,L3,Tweet
52353d62-9c8c-4850-a9ff-dac9b5bbfeba,L3,Tweet
523570d4-e3c9-4c60-bfcd-84dc560644e6,L3,Tweet
5238d988-34bd-44d6-90cf-f74af010df34,L3,Tweet
523bd6e5-5ef4-4953-b623-c715447ae76b,L3,Tweet
52445fee-e986-4211-b42a-6579ba1df2b1,L3,Tweet
524463c3-5106-41d6-869e-f01701e0b1d2,L3,Tweet
524e3441-bbde-47b9-a234-b26eeab0001e,L3,Tweet
525b57cc-8461-4500-ad51-af93e83f09e3,L3,Tweet
525d6e9e-de82-4cdd-92f1-dc8535417cab,L3,Tweet
525de749-ac47-4645-a822-60b6ce9913c1,L3,Tweet
526541bc-b719-4f22-8d66-a1cf7fce818a,L3,Tweet
52656ad1-ec39-43f1-a386-2e97ed20ef21,L3,Tweet
52751d20-ac1e-4df8-abd5-aa3f19401b3a,L3,Tweet
527876c2-0dd2-408b-bc1a-2c57fb5dac58,L3,Tweet
527e389f-1657-4d4e-8f7c-06f9f2e4fa5c,L3,Tweet
52933b47-aa75-4b7f-8b0f-dc0726e8b20a,L3,Tweet
5299e2a3-818f-4c48-a866-940549054d0f,L3,Tweet
52a04d65-45ee-44a6-af16-676eefd92832,L3,Tweet
52a13db5-063f-49b4-b491-1c93ef95154f,L3,Tweet
52a1d9cd-ecbd-4af3-9dd1-788fe621d8c2,L3,Tweet
52a59413-04b1-4a81-be56-5320be7cfd9c,L3,Tweet
52ad31fb-e1a1-4de7-9e56-a69f90194c74,L3,Tweet
52b0c479-2ad1-4a0c-8f9c-744daa5f8623,L3,Tweet
52c1b206-d79a-402c-83fd-b6eb81af2648,L3,Tweet
52c782ac-bac7-4284-b4bd-626432bd35da,L3,Tweet
52cf759c-3c57-432c-9cc0-d66a360ad90f,L3,Tweet
52dc33e7-85a4-46f2-87b0-aecf78188324,L3,Tweet
52e45d52-abca-471e-b814-65bb1997d9cb,L3,Tweet
52e83f84-7839-4829-9aa8-6c16f3b3dd19,L3,Tweet
52e8c7dd-36f2-4d96-863d-bd7ffe4d1451,L3,Tweet
52ecc866-5e74-46df-82d1-c5fb8d228b4e,L3,Tweet
53007ec5-575c-42e4-8209-e80aee2398fd,L3,Tweet
531e6f56-2862-44dc-bf9b-e601d00d7ae9,L3,Tweet
533bccc3-8aa2-43a9-8551-42da88f44e8b,L3,Tweet
53437812-169e-415e-8394-a9eef88e2769,L3,Tweet
53469b6e-92ad-4b3d-ab9f-be204ceda238,L3,Tweet
53481935-177d-4dea-94af-6ed120d37c25,L3,Tweet
5348cccc-a6e6-4ae1-9475-f3dca7507b11,L3,Tweet
5356ff07-611e-4498-8aff-7720e0adabd5,L3,Tweet
535d2eab-227c-4bac-816f-9cf6a000c65f,L3,Tweet
5367f487-d98d-49f7-bb33-6001068e9421,L3,Tweet
536be671-6f47-4004-911f-de0fcf8a6813,L3,Tweet
536f7bc1-c441-4524-b260-8efb037a0c41,L3,Tweet
5370f7ac-eef8-4e32-8118-ba0a13316e9d,L3,Tweet
53727774-a709-4da2-9e89-3c8dc1e1c468,L3,Tweet
53746009-3636-48fb-8371-020d65ef65fd,L3,Tweet
537a5242-03c3-4123-b946-2ddeeb7c9e29,L3,Tweet
5381f351-392f-4943-b128-cbe8ddc6ca4e,L3,Tweet
53915796-a5cf-4ab3-b71e-aba833df839b,L3,Tweet
5394a19b-1571-41af-9ff9-51bfd1e509f3,L3,Tweet
53987a9a-467a-43b7-aa01-211d60eba25e,L3,Tweet
539bddc5-1671-456a-afca-17c948d3df56,L3,Tweet
53a6965f-d3fe-4fdd-a1e7-06209328e656,L3,Tweet
53ac78a5-64b1-4886-8640-cd6c0b172028,L3,Tweet
53b76da7-aacd-412e-98ff-aa6b5ab5540d,L3,Tweet
53ba73f5-6f32-487d-aa10-72434f98e3bc,L3,Tweet
53c1ae8f-7c36-4b51-bacc-bcac72b0ca2e,L3,Tweet
53c36c34-cfe3-4f28-9ae3-cbc7381e4d3a,L3,Tweet
53c6c328-f43e-4318-bd76-47181d78c45e,L3,Tweet
53cd9fc8-b8de-44cd-b242-0f9d4bbbfb20,L3,Tweet
53cfaf61-8120-4ae7-851b-4e25fc6e4eb3,L3,Tweet
53d3c50e-1402-41bd-b669-99138cebb1d0,L3,Tweet
53d67983-32ba-4f80-b47c-32f9d0058f45,L3,Tweet
53d72e94-d332-4436-b5a2-bf00cf7708cf,L3,Tweet
53dabc43-6c0f-4091-81e8-af73fdaf59df,L3,Tweet
53dd2946-e794-4b74-918d-a44cff9ae5d0,L3,Tweet
53e5bfee-dca9-4f13-94b7-a5d0aa866850,L3,Tweet
53e81acc-ecef-4150-aff5-605d58f68a53,L3,Tweet
53ea503c-b4e1-4c62-b6d4-b989dcc50460,L3,Tweet
53f19981-1b42-4e61-9bf4-6409b6a11a79,L3,Tweet
53f61a3f-aa71-4fe9-b9a8-ba5d1c11e823,L3,Tweet
53f96f0e-845d-4245-bb39-8bd27eec61ac,L3,Tweet
53fdf1aa-e852-4ded-b34c-ce185184d5d2,L3,Tweet
54139e08-442a-45ad-93b3-9bc519e3c91b,L3,Tweet
541411dd-c311-4e1b-8b02-08d706dbd140,L3,Tweet
54150546-1cc1-4173-ba6f-1ea7581db3a2,L3,Tweet
541e5e37-eed4-4c18-8db5-f2e7b11d6fde,L3,Tweet
541fcb89-c220-4711-ba31-8d7870bee909,L3,Tweet
5421d6d3-3ea2-40c9-869f-30a3ed2a3878,L3,Tweet
5422a77c-d03a-4b80-8966-fe7f5726dae3,L3,Tweet
5424743a-f8c5-4cb3-b979-eeda21bdf289,L3,Tweet
5433c180-7277-408b-9920-a948483eec30,L3,Tweet
5439613f-e403-42cc-8ef6-ee9839d52616,L3,Tweet
54421b1e-1d77-4ef3-90f0-a92c7d7f9451,L3,Tweet
544873cf-d9c8-4cf6-a0de-c39334ec3a70,L3,Tweet
544ef811-a193-44ac-9269-35e6e2c4a62a,L3,Tweet
544ff9e5-d1c1-426d-bb10-a0726b06e04a,L3,Tweet
5463c2c2-5423-44f1-bfde-ad6d3ea745e1,L3,Tweet
5470b43b-8e48-4d7c-8cff-11c0df9abc72,L3,Tweet
54739fac-0111-4751-9f90-6410b3e1d6f6,L3,Tweet
548147fd-f70e-47f8-8b26-691b63262c69,L3,Tweet
54919ab3-4bb4-478f-b65e-3893e51df52b,L3,Tweet
54934a10-cd9e-490e-bdf5-366cd3387a10,L3,Tweet
54938afb-d298-4e04-9bbd-eb9893e292af,L3,Tweet
54a449e1-5ed6-41d1-9276-0a3e0b779c98,L3,Tweet
54ac31bc-1d68-499d-97f7-a59b7b424868,L3,Tweet
54b1bbc0-3389-44d7-af99-9257dc027663,L3,Tweet
54b39941-6113-45f1-95e1-3ba48af068f1,L3,Tweet
54b9fb54-f527-49df-8cf2-9952c1c09174,L3,Tweet
54c0b8b3-74d4-4b96-a085-94fbb2b0c4af,L3,Tweet
54c2c6c0-9d6e-433a-8071-7e418626f6c3,L3,Tweet
54c2e462-0610-4a59-971c-62684e2eb9de,L3,Tweet
54cc31cc-80f2-49e8-8f50-8c9d2cf4ddd1,L3,Tweet
54d04971-bd4b-4b72-92ef-f1c718052bd0,L3,Tweet
54d443d0-64e7-44e0-8503-b62e16686d84,L3,Tweet
54d821fb-bd55-4a9a-b875-c8c0839b3ab5,L3,Tweet
54d9de53-7701-4190-b6e4-25c3551c104b,L3,Tweet
54dfe5ea-5d36-476c-9841-6e33c6b3d763,L3,Tweet
54e1e500-1529-4253-b6e3-d2a28caf3bc0,L3,Tweet
54e1fa52-8233-433e-8733-5ec3b2d2d362,L3,Tweet
54e4869e-7cb3-4f40-b777-7269d8f6b9c3,L3,Tweet
54ef9780-df70-4c39-9939-fc1bf2bc99d9,L3,Tweet
54fb1a3b-18eb-46e3-ba7e-f0a3e0417534,L3,Tweet
54fd0181-8779-483b-84cf-348de2285ad4,L3,Tweet
54fd7784-da45-411b-b1d4-496498cc4b50,L3,Tweet
5504f7e2-d58e-4f42-bcfc-56d988c92fce,L3,Tweet
551801e8-fddc-4f05-8a07-4bc77296ab38,L3,Tweet
551ff0aa-5386-4d4f-8fb4-2ca42848fd1d,L3,Tweet
55208510-7eec-46cc-a309-d435edde7e7b,L3,Tweet
5524ddb6-908d-4af1-ab5f-ffd4850ffb8c,L3,Tweet
552ff231-0810-4c68-b95b-1944e1116d1f,L3,Tweet
55387a4f-6981-49a1-8aaf-394e852cbd43,L3,Tweet
553ca8df-774e-4847-9f63-7b48a76c2b70,L3,Tweet
553de303-a36d-4a17-89e5-5a00b869b3f2,L3,Tweet
554d5d6c-a2d3-4d49-b649-bc7ce8539afb,L3,Tweet
5550ae2e-9afe-4c85-b0c4-067eb275b7d5,L3,Tweet
55573316-5a0a-4979-ac52-df054adb7e1f,L3,Tweet
555d27f8-0541-468a-8c19-a3c90b96a84b,L3,Tweet
5563c5a5-3a40-4171-a074-31756e7cdc62,L3,Tweet
556cc386-ae58-4261-91ea-dd5676ce6a10,L3,Tweet
557325ee-581b-4f73-8dcd-f2accb9fa4a0,L3,Tweet
5573d311-b5a0-42a3-b69d-1a11722635a9,L3,Tweet
557f5ca4-f39b-4582-ac7e-820440cc805d,L3,Tweet
557ff104-5731-4adf-b51e-78ecef23c697,L3,Tweet
5585ef06-96cf-478a-8751-cc056979b58f,L3,Tweet
558ce49c-4572-4b9a-9d9e-ffb27be39f16,L3,Tweet
5590593f-9c2a-435a-b234-fe79619e5962,L3,Tweet
5594423f-82a5-4706-8611-88eb05bfe602,L3,Tweet
55958baa-e8d8-4863-b3b0-36b79e4e4bf5,L3,Tweet
5597bd74-588b-42c3-81d3-5b1d87ebad14,L3,Tweet
559c1489-9962-47b8-9250-8810a019071c,L3,Tweet
559ea15b-164a-4c8c-8bc1-decdbccb8283,L3,Tweet
55a114a5-dac1-4423-b454-ae6ca7c86dfc,L3,Tweet
55a89b50-4224-4320-9880-303b3947f379,L3,Tweet
55ad1e32-f8f3-4635-9a76-de4bdb41e510,L3,Tweet
55b21433-a2e4-4fc8-9dda-e24900d87cf9,L3,Tweet
55b21e90-356b-466a-a2fd-e35be5cbdb37,L3,Tweet
55c0dbe2-27e8-4be7-9a5b-3d899d51e39f,L3,Tweet
55c248ac-07f8-441e-98bf-e12618adaba6,L3,Tweet
55c684a9-7031-4d7b-806a-82d70e846008,L3,Tweet
55c8ab62-637c-4e29-93ed-35a271c2c32b,L3,Tweet
55cbe5d9-3d05-4b83-b734-678624d11e73,L3,Tweet
55cd7a32-edbc-44e0-b89d-f7dd87aee366,L3,Tweet
55d2e798-6c59-40c5-b74f-f8cbe7e9c860,L3,Tweet
55d6de8e-f491-4bbc-a01f-7c204fff7f7c,L3,Tweet
55d8689d-17eb-4eed-a4f7-ff2f63b25dff,L3,Tweet
55ded4ee-cf84-4bd3-8a08-3be952a1eeba,L3,Tweet
55e40b0d-b50c-4115-947c-91875169f841,L3,Tweet
55e49d7f-f92e-4c64-8111-1c8cb6de203e,L3,Tweet
55e6b6de-5a74-4b75-ad71-fc2e3878833d,L3,Tweet
55e7677b-c767-47be-9f5e-be46aed79b2f,L3,Tweet
55f49ad4-589c-4a2a-bacf-e54e9aaef431,L3,Tweet
5600fd68-e973-4870-a019-8a261b74cdf1,L3,Tweet
5603bff7-c897-4852-875c-17c97c31de5f,L3,Tweet
561c6628-4dca-4d3b-a008-b63c2d851568,L3,Tweet
562324eb-5f41-4ca7-aa87-aa85140ea9fb,L3,Tweet
562c5656-e4d9-4c24-a127-061fd7b9c88f,L3,Tweet
5632cf2d-5418-4b92-8363-d1a73d67e495,L3,Tweet
5632f22f-1aad-4bb6-bba0-a2b1c45a9534,L3,Tweet
5634e3d1-34a0-4544-80be-35ad84f50617,L3,Tweet
56362b2a-b186-44d8-8f92-8483ff2cb4e6,L3,Tweet
563c1451-f018-4e35-bf1b-786b65b00db9,L3,Tweet
563f5a81-9b08-4bad-9f74-c657ad2ec0ae,L3,Tweet
5640e50d-144c-49d8-8b89-3cccbd0d4f9f,L3,Tweet
56518d99-3b7c-42dc-8360-0dc85fbc9bf6,L3,Tweet
56714c86-8820-4ef1-af6c-40350db14b5e,L3,Tweet
5675de47-d0db-4dcd-bda7-a0e046433662,L3,Tweet
56929e4d-61fb-4788-97ab-9b43de475ae0,L3,Tweet
56967c33-63fb-4d85-b748-008b88dfcce0,L3,Tweet
569a95c5-7eca-4a3a-8c33-406d63dd0c4e,L3,Tweet
569d9d5c-6fd2-43e3-ac56-7f164c965b66,L3,Tweet
569e7e2f-2c4b-49bf-8128-c772aefc4d28,L3,Tweet
56a443c5-c4d3-4b3f-96e0-576a23cc5a16,L3,Tweet
56a8678f-eb80-4e6f-b669-da174876269f,L3,Tweet
56b95ce0-beef-4500-bea7-718ebece1cc7,L3,Tweet
56c18dcc-1450-4954-b433-83a2bc0b3dba,L3,Tweet
56cbf461-7317-4f0c-a067-1d188ebdad62,L3,Tweet
56cce03c-eaac-46eb-8b52-ad97186a95fa,L3,Tweet
56d186b2-1a60-440b-a280-cc4b9c241a2f,L3,Tweet
56d7010b-82ad-40d5-b868-f47ba480f61e,L3,Tweet
56d846e5-4bc6-4bf5-be37-4122aa2ae757,L3,Tweet
56e2c9a0-c1cc-4955-b402-3832366577e0,L3,Tweet
56e4b513-f9f0-434f-9130-af611ff1b6a4,L3,Tweet
56e6fdf5-c3e4-4b5b-9903-ec5be493a437,L3,Tweet
56ea985c-dcfb-4636-a501-9169c98b712a,L3,Tweet
56ec0f56-3462-4248-a333-675341122cf4,L3,Tweet
56f3a07e-e037-4414-b0cd-6c0f70560c60,L3,Tweet
56f4ac8b-8810-46da-9610-59a773bdc60d,L3,Tweet
56fb6113-515d-44ec-a7c2-9066db2c9746,L3,Tweet
56fd8198-2075-47a6-8bb9-586882606841,L3,Tweet
570b075e-065e-43c4-a60a-5f7d8a4a7384,L3,Tweet
570f5b0e-1c7e-40b9-89f5-de02b43653e9,L3,Tweet
57254aad-f73c-417b-bb8c-8e2e6b040b79,L3,Tweet
5726acd6-4fc7-445a-a92c-68228adc624a,L3,Tweet
573050da-7f17-4e26-a812-706815d3a25b,L3,Tweet
5736a7f7-5d6e-47de-aaaf-1ff68512acfc,L3,Tweet
5737ac66-be37-4836-b028-e45cbc864661,L3,Tweet
5739ded2-ef83-45ea-bf22-dff526151e36,L3,Tweet
573e586f-dbb0-410f-9716-17cce4dfa4ee,L3,Tweet
57439ff2-0241-4313-8002-ae94e8e37e6e,L3,Tweet
57497e0d-aae9-47b1-a9ee-02df4cf418c3,L3,Tweet
574d6ee4-a7a4-4254-958c-8efa67d189da,L3,Tweet
5752dba9-a7b4-462e-a6af-c94752263477,L3,Tweet
57532c83-d12c-4fe9-91a0-24dafb2f1888,L3,Tweet
57541a7c-c089-4f4f-a909-07d5b27cc6f5,L3,Tweet
5759769e-ebcd-49ce-adde-7bcff6ad09f6,L3,Tweet
57598c32-05c3-4a3f-8844-2e11ec7653ae,L3,Tweet
575a5ea0-9ca9-4435-8f8a-41bab7397f2d,L3,Tweet
575f1426-6281-4237-9093-7bd04847a89b,L3,Tweet
57686dd6-725a-4435-a1cc-6f99fc5fdca4,L3,Tweet
57695b99-6480-426c-b6c1-93403b72b470,L3,Tweet
5769fbba-2d66-46ca-b9b4-e90ae9b2dfd0,L3,Tweet
5770ef0a-d503-4030-a30e-b706ff204520,L3,Tweet
57744f8e-c73e-41b1-b248-b1e110d4274b,L3,Tweet
5777307c-fb2e-4ab3-902f-d4df052dab5d,L3,Tweet
577cf47d-b3ce-4c41-91ee-7ad949702691,L3,Tweet
578f1b7c-267c-4f49-9035-7d392e953a66,L3,Tweet
5793e1c2-1dfd-40f4-b3db-17ffbfa4d5cd,L3,Tweet
579d1466-22c9-4231-b2e5-723bd13211af,L3,Tweet
579d54b6-8eec-4be0-ae51-ab57c48eaf9a,L3,Tweet
57a6f95a-4b6d-40b5-8c25-7a37f91ff203,L3,Tweet
57acb855-91a7-4fed-91a7-5cfa4430d6a5,L3,Tweet
57bec703-3cb4-4638-beac-314a9c72b9ca,L3,Tweet
57cba87f-5d41-4e06-a058-359a3d9fb6d0,L3,Tweet
57cd4a77-06e7-4aa5-93d2-4afc21544f0d,L3,Tweet
57d471eb-d89e-48b7-992d-12eb1d0f53d1,L3,Tweet
57dcf242-7f8e-4eb1-beb5-70d57896d243,L3,Tweet
57dd3ea2-57b4-40c4-ae0f-773977e1c47d,L3,Tweet
57e0b818-2afd-4d19-a461-a7a16cf56dd3,L3,Tweet
57e3a3a8-5522-43b8-84d1-4fdec528d002,L3,Tweet
57e95078-d3a9-47c0-8a41-9d0040b1fdf3,L3,Tweet
57ec4203-3463-4c33-b66e-7eca45ec0ea5,L3,Tweet
57ec841e-92e6-4322-8be3-53aa1e9c686d,L3,Tweet
57ecfa65-1a39-4f93-95d8-df6622df0558,L3,Tweet
57f1d847-0263-43b4-b3cd-463dcad23e85,L3,Tweet
57fd253f-2e9a-4825-8f62-2615e696b891,L3,Tweet
580ec251-ed7b-4166-9ee2-212e71c40952,L3,Tweet
58161e4d-3b3d-4a09-a2d9-e4656f6a778e,L3,Tweet
581ba159-95ac-4092-bf81-a9ff7127317c,L3,Tweet
581ec4ed-a51f-4bc2-ac36-02594e3dd737,L3,Tweet
582a70f8-feae-4b64-8c34-ec1172a806d7,L3,Tweet
58337a8e-f8b7-41a2-aa3c-93d82de298d8,L3,Tweet
58359b3a-116e-4e1a-99d8-875e6793f6fa,L3,Tweet
5837216d-7de3-4eb4-aa8a-339c0901b79b,L3,Tweet
583b656c-09e4-4c01-bc17-87ff4d1e6782,L3,Tweet
5840ff55-d088-4bb3-894c-0c41c3969487,L3,Tweet
585d23e2-6ded-4f06-8973-3e6461d898d5,L3,Tweet
5869e65d-b869-42de-8420-dc35ad7bad3d,L3,Tweet
5880a605-c277-4db1-a763-4e108eff6bfc,L3,Tweet
5889f2d4-2c78-4109-a004-aae149e7657a,L3,Tweet
588bb0a9-f43f-494e-a033-b0ed41eba320,L3,Tweet
58a7834d-d941-471c-965c-a1e063e5e86b,L3,Tweet
58b1da99-23de-4775-95e3-c950c5341ff5,L3,Tweet
58c7ec74-0e77-493c-b763-85333405683b,L3,Tweet
58cbe670-ba00-4b1e-921b-5459620f93e1,L3,Tweet
58e05b48-b254-401e-8362-d5a047d9c5f3,L3,Tweet
58e1c310-12c3-4b03-85db-9fdbd2276da5,L3,Tweet
58e49e29-f225-49bf-a976-40a9d2220b6e,L3,Tweet
58e6199f-fabf-4b27-a698-391f5fc02202,L3,Tweet
58eef988-48f0-4e86-a8c0-78befa208a10,L3,Tweet
58f0c798-ef4f-4939-979d-ea8c74c92eb9,L3,Tweet
58f45e7c-9ec3-4a9f-9e89-3163ad98e5b6,L3,Tweet
58f99704-47ca-4579-b3d9-a7e0463eb575,L3,Tweet
5903d376-eed2-4fc3-9786-c952beb08c66,L3,Tweet
59054dbe-6f95-403e-ab1c-bd8055f58e24,L3,Tweet
590648d2-211c-42ce-967d-5234ea48a508,L3,Tweet
590f8257-cddd-4906-9cea-714fa2d85147,L3,Tweet
59278ed0-0c84-4614-9672-8c83c6870cdf,L3,Tweet
5927f805-9b25-4769-a138-4eaaf9aef1a1,L3,Tweet
5928f260-5f24-4ede-aafb-77ca853c1691,L3,Tweet
593adea0-3d9b-4d48-8c69-c8d9969ddf53,L3,Tweet
5940ce13-7633-42e4-a5e9-6c8d697ff07b,L3,Tweet
594246a6-253f-4cd5-ba40-c9ea95d566ba,L3,Tweet
59435b3d-c02f-4b36-9c40-caa5665f8a19,L3,Tweet
59477d33-0d71-4339-af21-7a310139f307,L3,Tweet
59490754-f090-4737-8c00-345d21ec1cd8,L3,Tweet
594e5815-f510-4ce7-ba61-85cc14c4736a,L3,Tweet
595585f3-d248-4f41-877e-034e41f73d34,L3,Tweet
595fe762-fb44-4816-84ef-8d8ac721003d,L3,Tweet
5962977e-a36b-489d-a1dd-7da9ca8e8d62,L3,Tweet
596b3f79-3c31-4a57-be82-4440b3ed0857,L3,Tweet
596bbdb4-3277-42bc-a6a2-3a392ade5e5a,L3,Tweet
596be0e1-6c0b-4659-8d4b-6ea6c913fbda,L3,Tweet
59793e1e-66c2-4452-8358-160a9c57e57d,L3,Tweet
597beae8-420b-4f34-b72e-a2d4481f0859,L3,Tweet
597cd831-ad1c-496e-af53-f76e63764b9e,L3,Tweet
59894c0a-6aeb-413f-9e59-1c98f707edad,L3,Tweet
5989ab95-3b37-426a-a5fb-96cdb6c1eb2b,L3,Tweet
5998b4c8-e3e2-4cb2-9c00-82534cc1ee90,L3,Tweet
59999fff-7d7a-4d81-a61e-ec95f0fd2ed2,L3,Tweet
599c167c-eee9-411e-a6f8-991f29fc535f,L3,Tweet
599e628d-9f4f-41d7-8681-2468b6481537,L3,Tweet
59a77fff-8aff-4466-a676-c5a696dfd2b4,L3,Tweet
59aaa411-c78e-4852-99e6-99672f8cb4d0,L3,Tweet
59be6049-17aa-46bf-8dc8-c0a637b42bdb,L3,Tweet
59c06abb-2ed5-4f56-b059-8228108d77af,L3,Tweet
59c2d819-91dd-4ac5-bb55-e1a7d6aa1c74,L3,Tweet
59c4488e-744d-4895-8eb7-0a21763c9089,L3,Tweet
59c739e8-310f-4c28-b744-5d25f96c0804,L3,Tweet
59ce612c-858b-4b59-9984-3f795e8bfd1e,L3,Tweet
59d7cdc6-f2c3-44e4-9bd8-037783f2db8c,L3,Tweet
59d94493-6a5e-4366-9c1d-ca41a1227195,L3,Tweet
59e862aa-6b6f-46e3-bbf1-c29b08f6e63c,L3,Tweet
59fd0418-5049-4a78-a743-926c1b4db942,L3,Tweet
5a00e791-d9e3-47ca-9326-0e3e0976a057,L3,Tweet
5a01184f-a783-4dcb-a02b-9240a5557315,L3,Tweet
5a04d223-35a1-4a66-853b-e3107462b736,L3,Tweet
5a085e3a-428f-4b3b-85c7-52b07c485d2c,L3,Tweet
5a102624-5663-4fad-acac-465fa33ed381,L3,Tweet
5a13a671-5192-4a07-96c6-14105c1b28f8,L3,Tweet
5a1f28c4-5d92-4065-b4c8-1cd0a71feccc,L3,Tweet
5a1fcf0c-31c1-46be-90e4-f4a14c5dffeb,L3,Tweet
5a204ac5-9d30-4d66-a20e-199f1a808564,L3,Tweet
5a33e8d3-ba9f-40c2-ab39-4e44440037e5,L3,Tweet
5a37724c-b993-4732-b788-1bb0f6bb181e,L3,Tweet
5a3a3948-ad7e-429e-a033-7d025dd2959c,L3,Tweet
5a4e548f-db11-430d-b4e9-4db41f59f2a2,L3,Tweet
5a575918-5ada-46a2-821e-44c0f17bb412,L3,Tweet
5a5f49d6-0b7e-467a-b72a-794b97844e6c,L3,Tweet
5a6590a3-091f-48e9-ba2e-81c278e05fef,L3,Tweet
5a66b6f1-5d57-4a12-a25b-c518ea75d4d2,L3,Tweet
5a6cb080-04fa-43ee-aab7-518fbfe13144,L3,Tweet
5a7f0b00-30d9-4f63-9b15-159fd486b3aa,L3,Tweet
5a8dccfc-0130-4332-a265-67151fcb4554,L3,Tweet
5a9ba4f7-3756-4e73-8a71-e3fa60db9dea,L3,Tweet
5a9c165b-c619-4cbb-a497-ebd3f76a0846,L3,Tweet
5aa16210-6b60-4bda-ae31-3dc3fe921445,L3,Tweet
5aa765a7-2f1e-48ac-a577-8a62035f2bb4,L3,Tweet
5abd6dc3-101c-4474-ade2-d6b04657b64a,L3,Tweet
5ac2126b-016e-4aed-aec6-62872558a783,L3,Tweet
5ac32ff8-38dd-4eb3-ad5d-0fb632d1909e,L3,Tweet
5ac9c7d4-b2a3-484e-b26d-6c20c87802fd,L3,Tweet
5acb1721-f752-438e-a30a-786c4b003392,L3,Tweet
5ad15df1-238e-4109-a431-71076da1ca7f,L3,Tweet
5ad4ede5-cb9f-48e6-8155-0b6fda1ffa90,L3,Tweet
5ae67e80-c6e9-4ee3-99a0-6fa2f130325f,L3,Tweet
5ae70d8e-988a-40b4-a3be-5914f8a66ecf,L3,Tweet
5af442c2-c3e6-41cd-9fc8-434bbfeac0d0,L3,Tweet
5af60c0e-75ac-48d0-8158-50b9fd6ea19e,L3,Tweet
5af94401-0540-4ab0-8848-a8c951a2e2e9,L3,Tweet
5b0af20e-6e91-45dd-a6ab-316f38dae074,L3,Tweet
5b11a558-59a5-4ffb-aa2a-baa841057ca2,L3,Tweet
5b19adc0-adc0-477f-8625-f37a4ba44b6d,L3,Tweet
5b1ef645-d07a-4aca-b081-e590eb858bcd,L3,Tweet
5b21c0d3-086b-4906-9bd3-27834cd90a03,L3,Tweet
5b21ffc3-34cd-4e13-be2d-8b3004767d8c,L3,Tweet
5b246570-edf6-4dcb-a406-0cbe65ae781f,L3,Tweet
5b2a91c1-96c9-498d-9d87-7da15f4ecd2e,L3,Tweet
5b2fd49b-68b1-4169-afac-a5b2c3599fc6,L3,Tweet
5b345b00-1d1a-47be-b7a9-cf1a30d457c6,L3,Tweet
5b3a918e-9930-445d-8318-2c39e0374519,L3,Tweet
5b4a671e-bce4-4d46-b43f-07409ae55217,L3,Tweet
5b4eb63f-7dce-4e63-b719-0b808bdcb2cb,L3,Tweet
5b4ebe9f-be73-4f01-86e7-4b7f7eff4d1d,L3,Tweet
5b4f8221-6683-4ebe-b3e1-58ae94899b66,L3,Tweet
5b52bb2d-1030-4514-ba9b-aa5d7f323a87,L3,Tweet
5b536d27-a1ee-4394-bd7f-72ac40e88760,L3,Tweet
5b538f9e-2cf4-4252-add4-e9990b5b5372,L3,Tweet
5b53d573-b365-420a-b9fc-789003c6a4d3,L3,Tweet
5b54cb8b-7758-414f-ad13-fa2d29d26b0c,L3,Tweet
5b5833b8-adaf-4fbc-a665-f3ec5340f5d7,L3,Tweet
5b5d0a65-7cfe-4612-8dfd-a1626a815b88,L3,Tweet
5b67af69-cc77-4e50-9aca-c64d34d85633,L3,Tweet
5b6df139-951b-4392-8ff7-fc0032dfd6bb,L3,Tweet
5b706782-c149-48fe-a18b-3ccc2f50c9c2,L3,Tweet
5b720a15-9ed3-4e94-9e32-ee24f75d9bb9,L3,Tweet
5b7da12a-b1fb-4344-9a70-3564e222aecc,L3,Tweet
5b9317b5-4efa-4fc7-8900-20d22ee422c7,L3,Tweet
5b96dad7-4d2a-46f4-b407-b458821b7d54,L3,Tweet
5b99964f-4390-4e52-ae6f-37fbcc303648,L3,Tweet
5ba1a567-4bf8-42a5-b2d7-3d7130a08e9d,L3,Tweet
5ba5382e-21ef-4b09-9b10-9250b4262382,L3,Tweet
5bb6dc99-4bdf-4c7c-9199-0d9331f67d67,L3,Tweet
5bbae644-0457-4165-874b-61466b02f328,L3,Tweet
5bbc9505-398d-42b8-8d3c-0201cbc8e329,L3,Tweet
5bc1197b-b78f-48e4-8b38-733ebd24f61d,L3,Tweet
5bc33e05-7f57-40ab-85d7-3fc62d79cb25,L3,Tweet
5bc41c00-420c-4833-a689-4ffa487b7ee2,L3,Tweet
5bc633fa-b897-48bb-8573-bdb0f66793fa,L3,Tweet
5bcc7ae8-f1a5-4716-9f56-3126b6945dd8,L3,Tweet
5bcd7a10-52d1-476d-992b-b0ea8c9ec8ae,L3,Tweet
5befd98a-a803-4f7e-9012-fcc6d638afc4,L3,Tweet
5bf14e30-eb9e-4598-a8e9-4024d4fe03ae,L3,Tweet
5bf7b37c-8265-4771-b194-24a37fbdd690,L3,Tweet
5bfcee3d-7f44-454a-b8b0-4974a92463ad,L3,Tweet
5c0ae587-a213-4998-a396-b682366ed314,L3,Tweet
5c1f3a97-f1ed-4772-8290-2322d675fe32,L3,Tweet
5c1f9a2a-ffde-4feb-9745-b05f2b011554,L3,Tweet
5c23f935-c999-4c03-9746-ca26ce2d73fa,L3,Tweet
5c27bc7a-b865-419b-bc7e-a3b4cf4914c3,L3,Tweet
5c2ab818-01f5-4ca8-817c-a84ad615345a,L3,Tweet
5c2e2ad9-0a63-46ef-a04d-84e2b5c1b862,L3,Tweet
5c2e61f2-cf1d-4a82-8dab-64a4ac697c35,L3,Tweet
5c3177cc-bb7b-4c6c-ae66-a9f2f73ee4a7,L3,Tweet
5c346d07-bb9c-411c-9464-8e4584f9aef0,L3,Tweet
5c385e4e-e34e-4f1a-b941-79632b4381fc,L3,Tweet
5c3d82a7-c7b1-4c92-9ee6-6698197b2f6d,L3,Tweet
5c4731f1-9191-4e15-bb73-a37beb42995c,L3,Tweet
5c51197a-40e4-4a58-874b-e0dc511e258b,L3,Tweet
5c6a365f-8c07-49f1-8c86-aa12dd25cf36,L3,Tweet
5c6e5fb3-bd89-42ba-9932-2ddfc5ca75f0,L3,Tweet
5c7364fb-afb6-4852-9e87-4a7aa2e63a09,L3,Tweet
5c79ebc6-88b0-4f25-ba90-88737458d64c,L3,Tweet
5c7a9dd3-ffd3-4dc7-aae9-e5d3c1d54c17,L3,Tweet
5c7ac4d9-7e21-4a58-867c-f1eabb1ad995,L3,Tweet
5c836ca0-8247-443c-908d-6cb1ed2e8c8b,L3,Tweet
5c8999a0-4a97-46cc-ba7b-2856f4de0657,L3,Tweet
5c92f8a0-cfff-456a-af53-4614a2075c68,L3,Tweet
5c979c59-5917-49c4-8605-e56d2cf43256,L3,Tweet
5c99e2ed-5861-4698-97fb-4a0210862fde,L3,Tweet
5cb76334-31ea-490e-8c6d-75af0a49d432,L3,Tweet
5cbf6f18-6494-46f8-a3f4-f51573fffdd8,L3,Tweet
5cc48b8a-2c76-4333-8192-0b3a6048a606,L3,Tweet
5cc5c36f-d8f3-4ee6-887f-d51852b40fd9,L3,Tweet
5cce9e3f-59c4-4dad-a773-eb482c1012be,L3,Tweet
5cd71337-5347-4403-995b-901d4deaa648,L3,Tweet
5cd790b3-4310-49c3-999e-ff29bd7bba1a,L3,Tweet
5cdb6df3-fdc9-4f26-ad6d-3dda03c95deb,L3,Tweet
5ce0318e-24ef-4245-a232-2d009b44e5eb,L3,Tweet
5cf795e8-4fb3-4721-94b3-1841f0976e4a,L3,Tweet
5cfa556b-afb1-4fea-b5b7-a14b2c97ccbc,L3,Tweet
5cfedb71-82fc-46f5-a0b9-def1092314a0,L3,Tweet
5d03ea4b-7c9d-48f9-ad8c-3bd8d8c7468b,L3,Tweet
5d0596d7-b6da-4fff-9e58-b1393e4ad781,L3,Tweet
5d10432b-44ad-4af5-b108-1a1f7db042de,L3,Tweet
5d29491d-cf8d-465c-81b1-4f7058699222,L3,Tweet
5d2abd69-4f7a-4650-90ec-e702463577ba,L3,Tweet
5d2ea141-2a1a-44b8-b5ae-140681eb560c,L3,Tweet
5d321c25-2456-4a92-acba-db16b60eb0c5,L3,Tweet
5d47dc71-283f-4ddc-8d50-5ab5d59fa3b2,L3,Tweet
5d4b9ae8-f7ef-4072-8d10-07d4c2775e13,L3,Tweet
5d4c82de-b546-48c5-a81c-e518820fac0a,L3,Tweet
5d52cc8f-ba04-4af3-bd30-69fcd1022838,L3,Tweet
5d5a1c5c-83cd-42e9-933f-7e019b67425a,L3,Tweet
5d5ff2ba-01c5-47ea-b3e9-115532779c2f,L3,Tweet
5d6b7552-51ef-4c81-9d01-7157227d1753,L3,Tweet
5d708d06-94ed-4fdc-9708-f0564cd02c0f,L3,Tweet
5d79c519-104f-4c1d-bc9f-d0331d15a34a,L3,Tweet
5d7ca433-ddf8-4578-989b-3871ddbdadf1,L3,Tweet
5d8c20ea-0478-4281-96df-f404d6a80cc7,L3,Tweet
5dacd3a4-feb1-49bd-ba94-d907b9a3ddef,L3,Tweet
5db5bfc9-f6ca-4075-aa0c-f59950d4ca4b,L3,Tweet
5db653c2-01f5-4a59-bb31-44399cd0b9be,L3,Tweet
5db867bf-1ac4-4233-ae3f-4863fe23e36f,L3,Tweet
5db9c48a-2923-477c-84f2-6b82a73fef73,L3,Tweet
5dc0cf0e-3f99-4ad6-858c-6a39c1b6527d,L3,Tweet
5dc31594-4a16-420d-8d6d-477823ef11ef,L3,Tweet
5dcd8884-7ded-426d-918b-af8a59d1b091,L3,Tweet
5dce9f14-4d0b-4f82-9541-efa161db90c2,L3,Tweet
5ddbbe51-91cb-4b92-aba6-7bae73593458,L3,Tweet
5ddc3b92-d161-4fd0-98d2-f143b3a349e2,L3,Tweet
5ddddfdb-911b-4f40-a3b5-259af910d223,L3,Tweet
5de1a9c7-0e5a-4c82-98b7-1f7f78e29731,L3,Tweet
5de9a5f4-73a2-43ea-88a0-7473eddd8d4c,L3,Tweet
5df373aa-1aa8-4238-827c-b76b271d3710,L3,Tweet
5dff0814-327a-40e3-8838-ea56944cc82d,L3,Tweet
5e0e274c-e860-4e99-8c22-f675ad56dc9d,L3,Tweet
5e121ce5-361f-44c6-bd2d-1501a27b1c2e,L3,Tweet
5e176c5a-1d6e-4708-bbfd-9ddbf92295d3,L3,Tweet
5e19b91f-5635-45df-891c-c18511cd1c2d,L3,Tweet
5e204ab0-f169-4081-9107-3538efbf2072,L3,Tweet
5e21b3ef-97ec-4904-9daf-907b5e9b608d,L3,Tweet
5e244afb-574e-4f5a-bb4e-38d4fca72882,L3,Tweet
5e2ce9f4-740a-4604-a743-b32aff5b73b3,L3,Tweet
5e3378d7-96f5-4ad9-a6e4-ae991be548fe,L3,Tweet
5e39fbf9-420c-4f14-bf5b-5d18f615b4cb,L3,Tweet
5e3b1452-5537-4896-938e-e52f0f61dca8,L3,Tweet
5e404051-2d65-4645-9dd3-4a4a32aa149f,L3,Tweet
5e40a644-2a71-4aee-8e44-dd9bec04d041,L3,Tweet
5e40d60a-ab69-4f1c-bafb-a61fe3e3e444,L3,Tweet
5e45c340-9fd7-4174-bd34-e4607a99afea,L3,Tweet
5e5876d0-900c-4ebc-a9e4-83f45e4c9573,L3,Tweet
5e587f33-1ec0-48e0-874a-3538b3a3ad0d,L3,Tweet
5e5a7714-5d70-4087-ad70-459da6e46f8a,L3,Tweet
5e61264a-1431-4fd7-8c30-bbd0418232d2,L3,Tweet
5e65910e-aafe-4f61-8ac1-8cb2e03e5706,L3,Tweet
5e703fd9-2dee-446c-86e4-cfbb0e79f311,L3,Tweet
5e71b82f-63f3-48a2-9819-da690912bc06,L3,Tweet
5e71c233-a00f-4a1b-a6e8-52b4cd1cf953,L3,Tweet
5e7af236-ded6-4bb0-afbb-f0ccc9322276,L3,Tweet
5e7af8b9-6fdb-41df-83e2-9af81523a5c6,L3,Tweet
5e80eadc-de30-4646-86b1-f73de7d4022b,L3,Tweet
5e829ceb-9633-43e0-abf1-1aa190bf72e8,L3,Tweet
5e85a990-75bc-4e4c-be65-0113c1b4d853,L3,Tweet
5ea3a3ea-b206-4ee7-aa95-a3b0963dfb44,L3,Tweet
5eaba581-8b5c-498b-89f1-d4c6a8faf000,L3,Tweet
5ead72cb-bbf2-4376-94af-0f1c2813064a,L3,Tweet
5ead8f71-0279-4ea8-b11d-a7141e6ebc16,L3,Tweet
5eb18c73-09b9-4276-891b-6a8da6f7fdd6,L3,Tweet
5eb8501e-f020-41d1-94c2-dd456677611b,L3,Tweet
5eb8b1c0-7305-427f-a23e-e6fddcc4a24e,L3,Tweet
5ec2c77f-aef7-4d21-9354-fed1ebba37ed,L3,Tweet
5ecaec8d-15ca-4794-88c9-75cd1e4cf596,L3,Tweet
5ecc75e5-e842-43ee-8e3d-4f57527cfb55,L3,Tweet
5ed0e1d5-bbea-46ab-88ac-6aa9079cec60,L3,Tweet
5edd8aa9-a1c5-4518-8ce6-9af4c65ac00d,L3,Tweet
5ee2460c-2af3-45e1-bdf7-d0a2e4639ce2,L3,Tweet
5ee252c2-7cf7-4016-b70c-b2faf59cc09c,L3,Tweet
5eede0a0-4439-473e-88b9-e9f60e27a7ca,L3,Tweet
5ef0ef85-845d-4ba2-ae29-ddce07e96b15,L3,Tweet
5ef4e3c0-33e7-4575-bf16-0cb596a7003b,L3,Tweet
5f0107f0-e8e4-45af-86ce-a7816ac2479a,L3,Tweet
5f03ce32-1cad-455b-9a68-7b81d7d8d9fa,L3,Tweet
5f041eca-18a9-435e-8627-1479e74df95a,L3,Tweet
5f0593fc-a6b1-4d0e-bb5a-127a6281d19a,L3,Tweet
5f089046-2e09-44bd-a63d-323f0aa8fd53,L3,Tweet
5f0a0e81-67d0-4d3d-9661-186d914c95ee,L3,Tweet
5f16b62d-a07e-4641-a1ea-3b5b9c008fce,L3,Tweet
5f17e691-8ea8-4cbc-8316-1cf7ab974f9e,L3,Tweet
5f1aefe9-633d-4d89-8e80-5b100830a7f2,L3,Tweet
5f1bde3b-71a5-49f7-a5fe-89cce4523b6b,L3,Tweet
5f1ea748-4f4f-4d0e-a5f1-71a547093236,L3,Tweet
5f29d6b7-a59d-4d5d-b701-3d516bdac1a0,L3,Tweet
5f2edb45-0a2d-4caa-9b46-edf1e0902712,L3,Tweet
5f36e10a-82de-4e8b-8eb0-0b0bc3b49187,L3,Tweet
5f4a12f5-7056-490b-908f-3f5e883f55d0,L3,Tweet
5f577e20-0d29-412c-b370-69eb2ec76f4f,L3,Tweet
5f59b56f-c93a-434e-b1d5-b7e9157dba04,L3,Tweet
5f5e2783-d01a-43ca-a84a-acc2872fa335,L3,Tweet
5f684ac5-fa25-4218-9055-c366bc8d3a12,L3,Tweet
5f6a7242-7a76-4d9f-98b1-9bb3a65ac7e4,L3,Tweet
5f7ac06b-2030-4f83-98c5-34267a78c58b,L3,Tweet
5f84d692-37c5-49fa-9be2-3aab9bc9d26a,L3,Tweet
5f852894-d904-470c-80bd-d84125500147,L3,Tweet
5f92b111-bd4e-4a38-af9b-303a2bcccaf0,L3,Tweet
5f9391a7-9e1a-4e68-85fe-8ee7b0d80ee1,L3,Tweet
5fa31e35-8198-471d-9894-421ab4b8f01a,L3,Tweet
5fac8071-cd11-4eae-937f-7de50c7ef582,L3,Tweet
5fb0c1ed-a0cf-4e53-8f2c-45a5212f3874,L3,Tweet
5fbd08e4-d725-4a74-ad69-8a970cdc347a,L3,Tweet
5fbd4c16-c1ab-4584-82d4-630b78f9c909,L3,Tweet
5fc7e07f-4a99-4b4b-bce7-2e4307450c39,L3,Tweet
5fd2b33d-95c4-426c-8bd2-402724a4ef2f,L3,Tweet
5fd3fbad-1ee3-4c4d-abb2-ec4cff712e90,L3,Tweet
5fd7a0d0-2f8c-4132-9d8e-73f1d2672976,L3,Tweet
5ff55df9-50b4-4100-95e4-ff0fd565f0b8,L3,Tweet
6001bc2d-3a10-4fcb-8d27-66dfc36a2957,L3,Tweet
600e0c5a-a638-44c2-ae38-91d83ea400cd,L3,Tweet
6016c18d-5edb-4a1f-9dc8-a2a07e763db6,L3,Tweet
601d505a-d37c-4173-bb2e-affec245d35d,L3,Tweet
6026dea9-a849-4dad-bb9b-feef39c9dd87,L3,Tweet
602700e8-52b6-4e22-9644-e516c68da714,L3,Tweet
602a117c-3612-411d-8a1b-80a9ff22f222,L3,Tweet
602cdcd1-6b32-4a53-829e-b0270e4846d9,L3,Tweet
603207ad-7a5a-4981-b1fe-737d3e45f831,L3,Tweet
60336af9-9670-476e-bdc2-2ec09f1c4b5e,L3,Tweet
60347aa6-b1a6-43be-95b5-c39eca545aa2,L3,Tweet
60348260-4208-448f-9c82-7ff50aa4b184,L3,Tweet
603da22b-baed-4636-b326-3f92e9566463,L3,Tweet
6069f254-beec-434b-ae45-ab1149594229,L3,Tweet
606a4ee0-a750-4e3f-a8af-78f589c3fdde,L3,Tweet
608040ab-c433-4efa-8f40-06a1252a54f3,L3,Tweet
6083d4c2-17c2-40df-889f-66266982db8d,L3,Tweet
608662a3-304c-4ca8-8daa-e9f8549007be,L3,Tweet
6086d2ae-9980-4d98-8232-0ead0bfbcd8e,L3,Tweet
608d0d07-ba01-4881-b548-b2cdd8ce9d8b,L3,Tweet
60934ea9-b8a2-4456-bb24-77b657449062,L3,Tweet
60962245-e16b-478b-bb84-2e037ecd1fb4,L3,Tweet
60a4c15b-18d4-48e6-a9fe-cc5db40c844e,L3,Tweet
60ad4679-882f-48e1-8eea-808aa1eb2ae1,L3,Tweet
60b2ccd3-c8a3-4001-be6c-3ddb7935f26b,L3,Tweet
60b4082e-d4b9-448f-a0ea-c55207697de2,L3,Tweet
60b40d6c-2041-4e25-9175-806f5bffa80a,L3,Tweet
60b48b30-7a0b-4860-8bff-6255516735b7,L3,Tweet
60b6b8af-f27b-4756-90de-6ffdb3efcc32,L3,Tweet
60b9a4e3-76a1-4a02-9479-6b931163706e,L3,Tweet
60bcb886-bb98-4252-ab25-cc2629e88f03,L3,Tweet
60bd4dcb-00e1-4fd8-b3fe-592c35e1bd6c,L3,Tweet
60bdf989-3c0d-418d-8b04-37cd97af8c42,L3,Tweet
60c601ed-ab12-4aa0-a4b8-87d81d3818de,L3,Tweet
60c7995f-f714-4889-99b8-3f2d2bf7a157,L3,Tweet
60cba5b9-4781-4478-b73b-9179f9683b1b,L3,Tweet
60cc494d-8329-45dd-95a5-959bd7b5dd58,L3,Tweet
60e039e2-673e-4320-a841-da42c2724405,L3,Tweet
60e0af3d-9af3-4f74-a261-cf23cee9791d,L3,Tweet
60e4dee1-6338-4cc4-be97-250d89b21dc6,L3,Tweet
60e7b25e-1084-4388-a8dd-ce65f7e8b4b3,L3,Tweet
60ea0641-3892-4c0d-b67f-83d5a7aff266,L3,Tweet
60f3ce37-19f0-482d-a09d-b50ca12bf061,L3,Tweet
60f81a79-74b4-4f8a-a92e-dfae9298eb8a,L3,Tweet
60f82393-1170-4e38-9033-05dbd4402e3e,L3,Tweet
60f87449-6ca9-4069-a63b-25548cdf6c2d,L3,Tweet
60ff36a7-7829-4d4f-94f1-18bf75c32a8a,L3,Tweet
6101612e-1de4-4e60-a662-342c2116a782,L3,Tweet
61077590-6ca0-4202-a5df-42a3285d744a,L3,Tweet
610cf09a-2477-4a46-b046-06c663f13f09,L3,Tweet
611576b6-3971-42c7-b10f-b3d95a9aba1a,L3,Tweet
61188c6f-5a53-45e2-8120-e6a1d14fc90c,L3,Tweet
611a9a54-fc76-4552-90c1-6e7240e2a026,L3,Tweet
611f3942-3cb7-4e16-a7c2-447bfe4490a8,L3,Tweet
6128f0aa-2be4-482e-933c-9ecacc65d45f,L3,Tweet
613b5bad-b47c-48fe-a019-1f968ef75baa,L3,Tweet
61451d90-3798-49f0-a609-7eea173921ce,L3,Tweet
614634f4-f2f6-4295-ac89-a25cbc0a03e5,L3,Tweet
6159f712-3bec-4a06-b5df-a5c866231d49,L3,Tweet
615bc9a1-958d-4724-9019-e80ca9553415,L3,Tweet
61626cc2-e7f6-4c77-b719-3427e3bc1a2d,L3,Tweet
616394e4-5baa-4806-9b14-1264643ad660,L3,Tweet
616593e4-e73e-4377-b39c-92b16ee6d1ad,L3,Tweet
616e72e2-2ef1-42bf-98bb-c3933d10c9b3,L3,Tweet
617102af-1b97-4ff6-89d9-fad3a2e646aa,L3,Tweet
6176d830-2e8b-4972-ba43-eb661241d5c9,L3,Tweet
61785bfe-7f88-48ec-84b5-f88ef56a9bd0,L3,Tweet
617ae374-937a-411f-a2db-a13904ac2a04,L3,Tweet
618758db-1060-47b9-a24f-6dab35d9be67,L3,Tweet
6189ce7c-8eaa-4262-b16e-5de8bd1fd8b5,L3,Tweet
6190e001-44b8-4a6f-81ca-4d10bfc9342e,L3,Tweet
619ac0d3-813b-41e1-9765-b130809766c8,L3,Tweet
619c9fb3-0a2d-444c-af45-b1599b9b97bf,L3,Tweet
619e2c3b-1413-44c5-a707-f841a9ac1e65,L3,Tweet
619ea05c-2486-400a-967d-7099b977aeb6,L3,Tweet
61a2ca83-66d1-4f5a-b508-68e80e0d612f,L3,Tweet
61d1aa9e-4dde-4de1-b402-c0e4141ca129,L3,Tweet
61d3e67e-51b1-4d79-95cf-a40d5899b505,L3,Tweet
61d54f22-ab51-4c2e-afe5-3b8642464e56,L3,Tweet
61d6c6b5-74be-4c14-9517-a9fb2a092276,L3,Tweet
61d98a46-0998-4d5f-924a-0a8147ccb527,L3,Tweet
61dae91b-f5ee-4b8e-9a51-9cf0ce7fd882,L3,Tweet
61e045ea-c646-4457-91c1-8b1a55ca195f,L3,Tweet
61e465f1-d5de-4c23-b9a5-1ce1ec060494,L3,Tweet
61f4f3a6-ade4-44a1-8395-0fa5a5ff25f8,L3,Tweet
61f4f632-4027-4211-9a2f-642197ba92ca,L3,Tweet
61fe71cc-a892-4489-98b3-4fea965d0c31,L3,Tweet
620339ab-7dd9-4f34-ae33-4141de461b3c,L3,Tweet
6206408b-6365-4a69-b723-780e5ab2f2fb,L3,Tweet
62090cf1-17e0-47bf-8af0-d34aff6945e0,L3,Tweet
620c94ed-b9d9-4a9f-9749-5ff008517557,L3,Tweet
621cb8d3-f4f3-4130-a481-583da00bf2c0,L3,Tweet
6224383e-f3b0-4ec0-9363-55e00601fcbc,L3,Tweet
62431dc9-b0e5-4eb4-9e6e-d554c68ad58c,L3,Tweet
6243c905-3a60-4516-bbaf-355d1c02f68d,L3,Tweet
624a2903-1574-449e-a748-c7c1d0aa7120,L3,Tweet
624bb0b6-3838-4017-843d-07b1ebd4dde4,L3,Tweet
624bc5d5-98cc-4f67-bedf-07504ff748af,L3,Tweet
624eab08-dc0f-48fb-9faa-77be48f76791,L3,Tweet
624ec2a9-4490-42e5-aac7-658f59ae858e,L3,Tweet
62524931-b125-40dd-8a90-ac285f45add1,L3,Tweet
625f016b-d48a-4b96-908b-8c9b61aeb4cb,L3,Tweet
6261e99c-082f-431c-b24e-53fcd997213b,L3,Tweet
62645d38-2598-45d4-8824-e96a88be0576,L3,Tweet
6265b67d-ee36-482b-a9df-8b7915f0c2f8,L3,Tweet
6265f72d-c637-47cc-9c51-4c2f1c473fa1,L3,Tweet
626af23a-efc9-41f9-94a2-2fba78fcf138,L3,Tweet
6276509b-26aa-4a24-b5cb-78ccd7d5627d,L3,Tweet
6278d6e1-e9b4-4945-821f-b574c4c17c20,L3,Tweet
627a4e4a-2053-45a8-8400-ae82497ddc04,L3,Tweet
627e3ab4-fa95-4a65-9411-5c676316a055,L3,Tweet
627f476b-3501-4eec-a14f-5c7d8226e170,L3,Tweet
628745f4-1e41-49c3-9940-73b924eb4836,L3,Tweet
62987558-7904-4a30-b080-672b1bb2c122,L3,Tweet
629b171a-eae8-4ff3-96e8-bdcbcabb1f2a,L3,Tweet
629d23e6-2765-4705-8eef-7bd10284d8e5,L3,Tweet
62b1cf80-6dbe-4d1b-8a86-9da5dcbd21d6,L3,Tweet
62b3c9d0-aaa6-4c7d-af8e-30495c4426c1,L3,Tweet
62b5a44b-4f7e-413e-b18b-531781d097a0,L3,Tweet
62bc447d-1a63-4601-b440-5b9aad5f0ec9,L3,Tweet
62c26d16-9086-4e75-b003-4f32f1fd0f5f,L3,Tweet
62cf5b4c-7d53-4e21-bf66-97d7982c07ff,L3,Tweet
62dfe634-3d03-4464-b335-9150ac718e94,L3,Tweet
62eb84ae-e4e5-43f2-9964-88e818699783,L3,Tweet
62f3ecab-efbf-45a9-8a45-05b566df7d07,L3,Tweet
63034cdd-79c5-4fe6-ad44-e67e8f679db8,L3,Tweet
6314fa74-17b2-4185-b15a-3294a7583eed,L3,Tweet
63249156-4571-4169-b598-aae361a06999,L3,Tweet
632d3a66-a4bb-4ec3-8c13-1b1ace0a9f01,L3,Tweet
632ed791-c14f-4c71-aa20-5d4933811e3b,L3,Tweet
63336133-e6a1-49c4-aa92-2d46e1449afb,L3,Tweet
633850ba-3a12-4150-820a-e6677dec830d,L3,Tweet
6339a946-c6ac-49b3-b405-a0c34be05427,L3,Tweet
6340f164-a4a1-494c-8e29-9adb707ea504,L3,Tweet
63490bfc-1ce9-4cc7-be65-b73d162035b8,L3,Tweet
634c5d61-8a14-4dd5-bf66-5c3bc245a94d,L3,Tweet
6354d0e1-0f78-4a80-b329-aec73168447e,L3,Tweet
636f77ee-7a03-4bc0-8bb5-126c959f55c0,L3,Tweet
63713ac4-34d3-4bd1-a865-1793f6cdf95d,L3,Tweet
6372f78c-e2d4-4c34-9c9e-9993b3a2364b,L3,Tweet
63754f70-569b-4be8-a433-95881050132b,L3,Tweet
637947f4-aaf5-491f-b36f-cfa54ac9237c,L3,Tweet
637eaa72-bea7-4297-b942-54f43a958691,L3,Tweet
63865e53-f15f-42fc-bf54-816bdc664afa,L3,Tweet
6386ba02-451b-46d1-9644-1ca4f3526b2b,L3,Tweet
639f2f93-bda7-46d4-b48d-ea44b5948eed,L3,Tweet
63aa2bbd-5e5d-4108-9dd1-ab453e8b3bde,L3,Tweet
63b18541-7af4-467e-bbfc-9183c6aebc17,L3,Tweet
63b861b8-c643-4925-9ae1-5a4ebcffd608,L3,Tweet
63c21b6d-45e0-4c17-bcbc-8fcf0da3f38b,L3,Tweet
63d55369-b448-465d-8cc5-14f0693e2e40,L3,Tweet
63d8e12e-945a-4ded-bea0-1a64dfadca6f,L3,Tweet
63db3df4-a192-4efa-b7fd-757eb624c441,L3,Tweet
63e171d7-b37f-4127-82cd-a8b46c66422a,L3,Tweet
63e4bc74-91de-4a5f-8d55-5e9473f12cbc,L3,Tweet
63e52e48-8b43-4d51-b577-c50b03b4c73f,L3,Tweet
63efa023-7076-4de6-bd1e-02c5730566b0,L3,Tweet
63f832b1-b3a8-47ed-a59a-1e77bbda137d,L3,Tweet
6405f512-ba38-4ce5-b7ec-d1acae1b9518,L3,Tweet
64065118-2d98-4feb-9c41-3cc62316f8d0,L3,Tweet
640fc9e8-b1f4-4148-a6a2-41ff110b9803,L3,Tweet
6411e4e4-f49b-4f53-9161-9edaeef61ef9,L3,Tweet
64183fbe-f465-4338-ac51-9e175c8c59c8,L3,Tweet
642c888c-185c-498f-b802-185479d79042,L3,Tweet
64373053-54a9-4110-bd46-d5d13cf8bf6a,L3,Tweet
6443ba8a-6ccf-422c-9918-1a1864bc6cc9,L3,Tweet
64458e7f-7040-446c-bb8c-cc7588bf6d87,L3,Tweet
644c1e4b-54f5-423c-901c-ec2445c4f8f8,L3,Tweet
644f1fd2-4017-4fe8-a204-3d466bf769f6,L3,Tweet
6455fe9a-f311-4e29-8b26-9506811b4299,L3,Tweet
6458752a-51b5-49bd-a2d2-47bcb32df862,L3,Tweet
645b6adb-f1aa-4463-aacd-243cdefdfa32,L3,Tweet
645ff3a1-4e65-458b-9ee8-78d644392c04,L3,Tweet
64777f10-73a0-4c0e-8cde-6dd6d116a516,L3,Tweet
647e177a-ae3b-4981-b955-f733de18f2d3,L3,Tweet
648bc1e9-a76a-4ff5-b4af-3c8db31a9113,L3,Tweet
648c9a45-ff2e-475b-80aa-a13fc69edf46,L3,Tweet
64997500-0dfe-4e14-9e43-1dbe1c7d752c,L3,Tweet
649be65d-82f2-431e-bbbf-1fa2827460da,L3,Tweet
649df36f-f6f5-4e05-bedb-29f00bcfb063,L3,Tweet
649fc5bd-7635-4a4b-81a1-563263b8f807,L3,Tweet
64b33a2d-48f9-4345-904a-9e7a27ec4e1c,L3,Tweet
64bcc8fb-a508-4de3-98a9-71fabb00aea3,L3,Tweet
64be28fe-d988-402c-b042-90dd0ea4dcb2,L3,Tweet
64bebde9-5ec7-40bc-b47c-cee25d9b650f,L3,Tweet
64cbfb55-cebd-41c2-b83e-e7ff4886ea49,L3,Tweet
64dbb0d3-05a9-4dbd-aaae-9c0f54941b64,L3,Tweet
64dd7c16-9253-440c-8631-22a093d3534f,L3,Tweet
64ef2912-d1d0-4b51-bcc2-0b4f99340233,L3,Tweet
64efb998-d437-4ead-aa7e-9d6a24b86cd8,L3,Tweet
64f3df36-b043-415b-b8a0-eead56360e1c,L3,Tweet
65158dc8-f057-467f-84ee-50b447ea3cf5,L3,Tweet
651f6f92-565a-4e68-aa2e-7eaab6f039df,L3,Tweet
6531f9fc-c558-41a1-91fc-33096e9a5abc,L3,Tweet
6541a307-4ace-4029-9043-9b6b814b2897,L3,Tweet
6543839f-4465-4e73-8108-ca171a2c9be5,L3,Tweet
655067ea-4eec-49f2-9846-db4e0caa2665,L3,Tweet
6551d455-fd81-4360-ba4d-682ee3468070,L3,Tweet
655657bd-d2af-4485-9ad4-38f2493a9095,L3,Tweet
65586613-faa3-43c6-a332-c55c6a7bc265,L3,Tweet
655c6739-7ab5-4299-af2e-e848ebc2b601,L3,Tweet
65621b01-45b4-4e17-b51c-c6a5dae19873,L3,Tweet
656e6238-1f76-472a-b734-322255a4c4cc,L3,Tweet
65721e06-391c-4d79-a304-42f9c32a5cf1,L3,Tweet
659285d3-8eb7-4920-b49b-388c7d0cdd28,L3,Tweet
659b4875-1380-45ff-8ace-0baf528fa76a,L3,Tweet
65a8b1bd-91bc-4ee0-a655-cdf65e08c0ba,L3,Tweet
65b17db6-d97e-410d-8799-899c99cab0b5,L3,Tweet
65b65dba-3e46-4229-a33c-e8014bd13053,L3,Tweet
65c16a9b-8edb-4c80-9c4b-41343bfef8d1,L3,Tweet
65c5540c-60cc-4ae4-ab07-48694ef1175a,L3,Tweet
65d85f89-b95f-4c22-aa1b-f82f043db8ad,L3,Tweet
65e3ba06-beee-4016-9e33-5d7339078d2a,L3,Tweet
65e538bb-367c-48e1-999e-5949a6386cff,L3,Tweet
65f6e5f2-d2e9-416d-9231-8ba25ad6710b,L3,Tweet
65fc4295-3fea-4245-a610-2cebbc09c284,L3,Tweet
65fe4ab3-f87a-42a9-91ca-8bf9c03e2fe6,L3,Tweet
65ff5546-948c-4421-8fdd-bc43ac423322,L3,Tweet
660976a2-54a3-4f16-9ebb-e59bd6229511,L3,Tweet
660e1fad-aaaa-41d6-8f66-b682de0dae5d,L3,Tweet
66187e49-1fff-46d2-a411-9f54aabb57da,L3,Tweet
661906e4-7da7-4714-960a-514a9ca83ad8,L3,Tweet
66235209-93c8-49f3-9da3-59500df65a5e,L3,Tweet
66273113-6ddd-41b6-93a2-79835e10ce23,L3,Tweet
662d67d7-b0e9-451f-afad-494ea8ef34dd,L3,Tweet
663324f5-005c-4f3e-b42d-68818b0207c9,L3,Tweet
6634489d-175d-457c-b869-717cebd1a766,L3,Tweet
6646750d-1b53-4f0c-a652-7088d43a6066,L3,Tweet
664a3dd1-73ba-4219-9d6e-8aca13f7f46f,L3,Tweet
664b1b91-17f1-4b16-84cc-bfde3e528f14,L3,Tweet
6650e60a-4f06-4f08-9fd6-1c558e5aa2d1,L3,Tweet
665af3e1-455c-400c-b1bd-ba4196153030,L3,Tweet
665c1023-31cc-4231-91ac-b6cfdfe7baa9,L3,Tweet
66652626-a529-4be6-b1c2-0740ab279417,L3,Tweet
666be2aa-5471-4c5b-9df2-bcf3d8e57fbb,L3,Tweet
666be49a-cf50-402d-86b3-5d2b6e709b9b,L3,Tweet
666da757-ae6b-4a50-b1ca-fbb0e5308e0c,L3,Tweet
667d631e-cd42-4554-af93-1817280f5e2a,L3,Tweet
6686ad50-235a-4741-ac3d-615aad401060,L3,Tweet
66896d01-e686-4120-a301-1b9e4fe1b9fd,L3,Tweet
668e6b74-39f0-45e1-8b41-3ebc2fe983d6,L3,Tweet
669286c3-4dd0-4762-965d-73761ebbccbf,L3,Tweet
669967d4-d8c2-4ad5-91f5-5f174feeabda,L3,Tweet
669f3963-ba87-4b62-9a10-692d8a73501f,L3,Tweet
66a06a7b-e2d3-4810-9501-8eb1c3d64c4a,L3,Tweet
66a193a9-d52f-4aee-961b-4ac9995e1e16,L3,Tweet
66a8e94d-1cdc-4871-904c-bf712a39e1b0,L3,Tweet
66aadb9c-7745-4f68-beef-737278af50f4,L3,Tweet
66b3bfcc-58f8-40e8-97f6-101d69bcf50d,L3,Tweet
66b40ebd-8bd1-4797-ba7c-cc5f467a05e3,L3,Tweet
66bd8a6d-0ed4-445b-8c94-5a9d9b98f11a,L3,Tweet
66bfca62-947c-4b1e-836e-19b8c8edf9f0,L3,Tweet
66c9d562-57a7-47d3-b381-986f7e9fe676,L3,Tweet
66dbfdff-0299-49ef-abbe-a6cbfb848e92,L3,Tweet
66dd26a3-bdb6-4cc2-acd5-d52d55355707,L3,Tweet
66dd563a-e06f-40ee-b052-ac4210c1a71d,L3,Tweet
66decee0-4e31-4a9d-b5ef-d607244b1f84,L3,Tweet
66dee316-4d5a-41f3-80e0-ee58eeae0a11,L3,Tweet
66e97a6c-8ca2-4071-8672-ecbae9099f88,L3,Tweet
66ea6759-ddab-4913-80b3-f4c82e9d2555,L3,Tweet
66eb4566-b8b4-4056-9ae4-84ccf56205fd,L3,Tweet
66ed1fea-f580-442b-ad2d-0accc8f3ed45,L3,Tweet
66ee666d-8e11-4ef5-a879-0574543722bd,L3,Tweet
66f0ba0a-ab1c-40d7-9861-014264e73e39,L3,Tweet
66f20588-3bbe-49c6-8c17-20ee00cdd0be,L3,Tweet
66f97d6d-a6ca-4131-ad3b-5f0313d7d47a,L3,Tweet
66fa14b8-8566-41c2-a211-aeb49e61f2c5,L3,Tweet
67046fbb-afaf-4a59-8414-92a6ce5be7ca,L3,Tweet
67058962-8c79-4cb5-b87f-66256376a75c,L3,Tweet
67099923-33bb-4eaa-97a4-c167fa69c3cf,L3,Tweet
670d16d4-a9b1-4a8a-adf5-e1d40e2a7de3,L3,Tweet
670e7e51-b21c-4fce-b3d5-58f900713dae,L3,Tweet
671f615b-0260-458f-9ae8-5c8539f6e226,L3,Tweet
67204836-2b58-41f5-bc1a-f83f94c86e9a,L3,Tweet
67285dd7-ef8e-4f6b-b558-cab9d352c802,L3,Tweet
672ed827-6fc1-4a4a-a91d-182796763443,L3,Tweet
67368d8c-805e-4fee-b0c6-199848772085,L3,Tweet
6738de84-cd6f-4d17-a6cb-0b4e7040ccfd,L3,Tweet
6747a303-9d1e-427c-bc45-b1b19e8e5224,L3,Tweet
674e5ec7-efc0-4e64-8b0f-8e0ea129f66f,L3,Tweet
674e878e-bcb0-4f8a-8068-faf6e8d4454e,L3,Tweet
6750d734-1aef-4bf5-bdd7-5463a2480058,L3,Tweet
6754b28f-3f5f-4d18-add7-c698ada5f646,L3,Tweet
6757d5d5-73e5-4f7c-8719-e85760e4edbb,L3,Tweet
675d2aaf-6e12-4c0d-9a4f-0edae442f4d2,L3,Tweet
6764e543-8580-4df5-bde9-3f8c188531dc,L3,Tweet
6766a19d-2d40-4e69-96f7-456c5e224696,L3,Tweet
677c71fb-6c07-4aae-aef9-37d22e48f6c9,L3,Tweet
6781c984-2be1-4966-bd04-b347c0cefa5e,L3,Tweet
67844331-de11-401e-87ce-3142b5654919,L3,Tweet
67947611-d73b-4604-97d1-4119e33f52e1,L3,Tweet
67a8cbfa-e233-4b93-b73b-4c3cb6ab4cd6,L3,Tweet
67aab24b-d363-47a3-9038-6c1b6be6c0ef,L3,Tweet
67acdb5e-7272-44a4-8cb6-0541a18be95d,L3,Tweet
67b0c3c2-962e-4fc5-94b1-66345ed08b13,L3,Tweet
67b18733-6bb2-4e7e-9714-023f0621a1a2,L3,Tweet
67b5d096-f144-4b2f-83d8-8179a04ee748,L3,Tweet
67b91369-beb0-4b57-994e-b0b915e0934f,L3,Tweet
67c91990-42c3-49fd-b70d-93d6ea482c09,L3,Tweet
67ca1b98-c44a-4a29-ab7c-be75ee88739f,L3,Tweet
67ca9f0f-cbe0-4c1f-89db-6c1cb15ab18d,L3,Tweet
67d1330b-0189-4db3-b457-d5180ee66f0c,L3,Tweet
67d13c18-c3ea-4b90-852a-db16e695fd32,L3,Tweet
67d4f387-bce7-422f-a031-4e5f9313d884,L3,Tweet
67de11f1-d546-4d1c-a712-88d70c1a48e6,L3,Tweet
67e79922-73a6-4b96-a781-5258a9293da6,L3,Tweet
67e930b3-f979-4e61-a21a-e2eb8739dc0f,L3,Tweet
67ea4909-67f4-45da-9d18-a6974d8794b9,L3,Tweet
67eec819-8853-4ac0-ba56-37b655738d66,L3,Tweet
67fcdfc7-48a3-4b9a-89f5-26a2b65fd11c,L3,Tweet
68001ac8-6c8d-49d7-b089-1ab872418627,L3,Tweet
680b5fad-e9d0-4cd1-9fd2-d05c7ca8d2a4,L3,Tweet
680ba139-c9e0-4bc2-ba71-d4b9871ddbd7,L3,Tweet
6813b0c0-ceb5-4190-b227-97567878868d,L3,Tweet
6814063d-6e82-40f7-ac20-0a445033ced9,L3,Tweet
681c1305-b5e7-45a2-bcb9-3ac4262442b7,L3,Tweet
681ead3d-0cad-4016-a8b8-81254ee3def0,L3,Tweet
6831819d-ad57-40c8-b825-f18911848847,L3,Tweet
6835f12b-89ef-4591-8cff-b6628b592eb3,L3,Tweet
68440d01-4531-4db2-ad5e-a3d637231c0f,L3,Tweet
68450ce6-e63c-4377-8071-100e7bc043bb,L3,Tweet
684daf2c-2345-4ee3-b27f-a616f89ac1d5,L3,Tweet
6850f0f4-a6b1-44e9-b820-dec6f3ec838e,L3,Tweet
68552b04-1f82-447b-adb6-c71c2cc3cbed,L3,Tweet
685881be-f81a-4500-b5dd-287885e7b366,L3,Tweet
685bca1d-f245-498f-905a-091e0e8e73e8,L3,Tweet
686afe57-6d33-441d-bacd-b2eaedd5894e,L3,Tweet
686fd4a6-d848-4bf6-804f-a7f56cd516c9,L3,Tweet
687055cb-32a0-45c6-9714-7b5300ff25aa,L3,Tweet
68800012-8661-48a6-b225-11880a6667e9,L3,Tweet
6880993f-3c55-49ab-83c9-a009f8820e27,L3,Tweet
68832898-fb06-4cd5-9f95-e1df5f2d02bb,L3,Tweet
6883da3d-562d-47fa-88d0-040d830de8cf,L3,Tweet
68899be0-086a-43ea-b249-cf9d82e9d489,L3,Tweet
68903310-e78e-4cd1-b731-c15fa83ac4d7,L3,Tweet
6892bbfe-751b-4685-877c-a7c58477e20b,L3,Tweet
6895fb65-b8d9-49a7-a8cb-2b406fbf03a0,L3,Tweet
689a043d-7ee4-4ea9-8481-1b22ab4045d0,L3,Tweet
68a67465-3157-450d-9a65-fdc6ea683432,L3,Tweet
68b666fc-7a11-4d80-9129-85705c488c07,L3,Tweet
68bff4b9-a896-42f8-8614-9dcd8434e982,L3,Tweet
68c9425b-b50d-4ff7-b383-ebde83dabd96,L3,Tweet
68d292b6-80d5-41e0-8e88-af13bc2fd110,L3,Tweet
68d4c44c-8e08-4c09-9985-cb1d622b07d8,L3,Tweet
68db2dc7-070f-409d-830c-4bcbfa1083b0,L3,Tweet
68db86c8-10dd-4204-b090-3d97494eab9c,L3,Tweet
68e2e96f-ef8e-4e97-aade-f7b368b47da6,L3,Tweet
68ec3419-dea0-4e85-86fa-2a9e4a00a9d0,L3,Tweet
68f92592-de02-4858-ab78-11662edbef39,L3,Tweet
68feb961-c34b-454f-8c03-2071504065e9,L3,Tweet
690033b1-648c-42fc-8d37-12ecbf99062e,L3,Tweet
691e1503-4b6c-4356-8a3d-001c71c6e90c,L3,Tweet
6924617d-648c-4b70-86d5-d65424116182,L3,Tweet
692c7654-4e6d-4d45-9cf2-7835c75585ea,L3,Tweet
6932ed72-4174-49c5-a253-7bef2781adc7,L3,Tweet
6936680d-605a-47b8-a741-627b1c278221,L3,Tweet
6938bb1c-db21-491b-8106-3be8d6c61567,L3,Tweet
693a0325-f44c-44e4-8fb0-4a0b4ecaf21d,L3,Tweet
693ea4a1-55ef-4095-961d-16b27582211d,L3,Tweet
693fbf1b-bfe2-400f-a5aa-8d6cebfe54b7,L3,Tweet
693fcadf-4508-4dc0-b7e7-2f1bf465ff02,L3,Tweet
6941adc8-a54f-4e9a-a70e-28152fbeb45b,L3,Tweet
6943d312-3e4c-4a2a-b529-07f5d6240173,L3,Tweet
695be5c4-4b9c-4a5d-bbc7-b91e07881fc5,L3,Tweet
695d6c3d-219a-4007-ad27-3e518b365205,L3,Tweet
69648d30-38f8-4725-8b38-a5e6c4e55d5b,L3,Tweet
696a9800-0328-4454-8186-b6d12c44758b,L3,Tweet
696c0d14-0115-44fc-b4bd-f9069597c534,L3,Tweet
69797836-5b85-4263-9fe7-8894050be3bd,L3,Tweet
697ae6a4-8f40-4045-8e91-13c6a7fb17cc,L3,Tweet
697b9c36-1ee2-4503-b158-ca27c2e3cad9,L3,Tweet
698a6822-496c-4caa-8d12-2162a3cdbc85,L3,Tweet
69919ad7-2e00-452c-8bcf-150058410285,L3,Tweet
699aecf8-7c23-49c8-aa94-3c2136fcf890,L3,Tweet
699f040a-8535-4450-8604-aa38419b9a3f,L3,Tweet
699faee4-b21a-4da0-ba99-4b398ff44b75,L3,Tweet
69a2bf15-fd3d-4f84-9973-48caa5a8a882,L3,Tweet
69aa7ee2-95cf-439a-85fd-e8f79d7e8dff,L3,Tweet
69ab7eb9-4c21-40c7-b0d6-3cae96bbb6d7,L3,Tweet
69b18aa5-a46a-42af-a05a-5bb0944dcd41,L3,Tweet
69c19484-e747-4686-94de-9eeb17687e0c,L3,Tweet
69d4acd0-36cc-4f49-9c2e-ca8a370395f1,L3,Tweet
69da555a-702a-41f1-b92b-d8fe6a416892,L3,Tweet
69e6161a-9c0f-40ae-ba1d-4d18904bab4f,L3,Tweet
69e6f631-9779-4bc0-8451-c3777f6473c2,L3,Tweet
69ebb8aa-07a5-42c4-94aa-11480b1662d9,L3,Tweet
69f5207f-49b6-4a6f-a7e2-57470111b69e,L3,Tweet
69fcedce-1dff-4301-b0d9-f7a9bf4be44a,L3,Tweet
6a0bc271-1260-45db-9f17-cee07b7fefd8,L3,Tweet
6a1ad249-fb20-4e2c-ad87-2863b6314391,L3,Tweet
6a1c91db-fb88-47d2-98b2-1e9d554601f5,L3,Tweet
6a24663b-dd56-41eb-b6f5-ed38049c9e4d,L3,Tweet
6a2be308-de1c-49f9-a216-03d65db90b22,L3,Tweet
6a2c18b1-cfd3-49d0-8e39-2ad0aca579ea,L3,Tweet
6a3b0550-ed8b-463f-b400-5a73a26bb8f6,L3,Tweet
6a3fe962-b208-41fb-83d5-f6b167f4958a,L3,Tweet
6a47889b-1a1f-43a1-b76d-084abc7acbc6,L3,Tweet
6a4b82d0-da7e-4491-b8aa-577742e6a49a,L3,Tweet
6a509609-7f3b-43e8-b2e6-03494533d8d0,L3,Tweet
6a54a91c-07ff-42b3-817e-a98f1664b7cb,L3,Tweet
6a54e7a2-7299-401f-9089-e75e51c845ea,L3,Tweet
6a54fe3f-1cd2-4ad0-8f1d-9baab75ed7dc,L3,Tweet
6a5aa789-767f-4574-9009-725a36ce91fa,L3,Tweet
6a5fc631-3b01-49e1-bd9d-758110e52173,L3,Tweet
6a650ec8-7dc5-456b-bc0a-45d73e9080d8,L3,Tweet
6a6dc6fa-4149-4655-a96e-fce4aae468f6,L3,Tweet
6a6e08d9-ad83-4f60-9eeb-21ff4d08bf56,L3,Tweet
6a6e190d-63a3-4318-8bbc-b03d4227ffb4,L3,Tweet
6a737e6a-e8ed-46d0-9afb-b62f23b648ff,L3,Tweet
6a806a62-d43d-404d-9994-86b0b96c4dda,L3,Tweet
6a8f6701-316d-4154-8a03-f1889ff36142,L3,Tweet
6a9053d0-38c3-4df9-a1ef-780e17c56f3c,L3,Tweet
6a917642-73e4-4407-a12b-79e566de4fcb,L3,Tweet
6a93c238-f6e2-408c-a836-7dbb05a628ad,L3,Tweet
6a95410a-7a86-4323-bfa8-3f6ed13b4426,L3,Tweet
6a955526-1984-47f4-bf49-4efdafb20fcf,L3,Tweet
6a958da9-9126-4a45-989f-f722e1ce1bb2,L3,Tweet
6a95e556-1683-410a-9590-d4edbcfbb8c8,L3,Tweet
6a97b070-d10a-4d58-8b6f-c27b3b1166e7,L3,Tweet
6a9cdf5b-adc4-4177-9fab-37337e36b1dd,L3,Tweet
6a9f550f-8862-49bb-88a8-fb28a0348b52,L3,Tweet
6a9fccf8-e623-4f90-93e5-d224379d2c9f,L3,Tweet
6aa1a448-29db-483a-9218-b7ab43724e32,L3,Tweet
6aa9bf3d-933f-4b52-b826-05a48922be60,L3,Tweet
6acd1b15-00c7-4505-8a5e-64b705c32baf,L3,Tweet
6aceb3f4-2206-4324-8ada-e2fe6a276c5f,L3,Tweet
6ad36f7d-838e-4ac3-b78d-6e6869fdf6ea,L3,Tweet
6adce8e4-0cd8-4b0a-a423-6b4e4d990f08,L3,Tweet
6ae78b08-6a15-4189-b189-115ab7d2cd70,L3,Tweet
6ae81b62-67f1-4331-80b0-4c21fe248174,L3,Tweet
6aec205e-e973-4ccb-8185-569aa8829163,L3,Tweet
6af9537d-09b3-4555-bc4d-2b8d78b8ec9c,L3,Tweet
6afa9507-5a5f-4ea9-afa7-b71d80242313,L3,Tweet
6b166dc1-3bba-4008-b674-3b3169d8c37d,L3,Tweet
6b196d90-c0c7-4364-b30e-9fdd6220de56,L3,Tweet
6b1e5b36-80d5-452f-b1f4-da9d9fd506a9,L3,Tweet
6b3f0e00-29a1-4c15-b5e0-8667a44da835,L3,Tweet
6b40d66c-cbd7-481c-aa29-d6efc66f02b3,L3,Tweet
6b41bdb7-f630-406b-bc80-d5b732aff0e1,L3,Tweet
6b46c7ef-9300-411e-8086-2afd19c90a69,L3,Tweet
6b4a9960-882d-4387-b569-12bb91f5b8dc,L3,Tweet
6b4aeff1-b553-466c-b3a2-e8208b95c95f,L3,Tweet
6b4c0683-26e2-4164-afc4-f3a4c7277296,L3,Tweet
6b63a96c-e833-4103-b590-39a93ed9e0e9,L3,Tweet
6b65e47f-658c-4bfb-a886-c7c1ada55e8a,L3,Tweet
6b71498c-c1f0-4894-ba41-61d09e430adc,L3,Tweet
6b756d4c-164c-4a77-96b4-361ed26aeb4f,L3,Tweet
6b7d4df6-66bf-4ba1-acd2-aaf41525d061,L3,Tweet
6b7f7c6c-9b7a-45e7-96b2-f17db57d6993,L3,Tweet
6b897606-8078-4c5f-b232-6d008ba4797f,L3,Tweet
6b949864-76c4-44e8-b5b7-f5aff2ca8abd,L3,Tweet
6ba2a95b-dadf-45fd-b6ed-d0132081a3a7,L3,Tweet
6ba2c585-4de4-4dfe-9963-02f70f2cb9f3,L3,Tweet
6ba8ef01-2eea-4bc6-92cd-d8dd0a2d62bf,L3,Tweet
6baa4054-4a1c-4fc3-9601-83ea49bc4d84,L3,Tweet
6bbc3768-4f2a-47b1-9ebe-2d228251f670,L3,Tweet
6bbcaa32-6548-4a7a-b132-1da0dd60b84f,L3,Tweet
6bc544d8-08fa-46d7-b3d7-bf06a61ef452,L3,Tweet
6bd92203-8a56-4adb-ad1c-05e79a204838,L3,Tweet
6bdf2ef5-7f3b-4d78-9e63-a4407ae28660,L3,Tweet
6beacdc7-ea75-40b9-92d8-16665db4aa37,L3,Tweet
6c011178-8612-4b21-baf5-da46fb1db5c6,L3,Tweet
6c067fd6-4ac5-4708-9ff2-421c8395dc34,L3,Tweet
6c1077e1-00fa-4089-b186-3e765186fe03,L3,Tweet
6c1bbb7a-76c7-40d1-97b6-812c727e5fdb,L3,Tweet
6c1beb96-11a9-4d86-915d-b0040bc6ea2f,L3,Tweet
6c1e22b4-23a2-4b8b-adfd-a1d568efd040,L3,Tweet
6c204f75-55b9-4b36-83e6-647cf8185f6b,L3,Tweet
6c264959-2aac-47ca-a159-f332fefb3885,L3,Tweet
6c38104a-fbf6-4698-839e-78c8efebd18b,L3,Tweet
6c3d17c1-ac28-47c3-a400-041ce8185b6d,L3,Tweet
6c42cfdc-7cfe-451e-af97-7171c5200d18,L3,Tweet
6c43809b-47d8-4d13-8907-5c75f5eaf3b9,L3,Tweet
6c46a5d6-b827-4a57-bc02-2f8d62528e59,L3,Tweet
6c4936ae-fd9a-473f-b4e6-ebcf1849d10c,L3,Tweet
6c4f9ee1-f3a6-4f33-8198-1fc1ce09e37b,L3,Tweet
6c54e87a-4fd0-4ca4-ac18-62feba591b40,L3,Tweet
6c5b5359-38b1-443d-bc02-16fd697d4efd,L3,Tweet
6c5cbaf6-0b13-40e0-a56d-d8aa20b5d9bc,L3,Tweet
6c6003c8-b50c-4206-a452-db419097755d,L3,Tweet
6c623e6c-3de0-40d4-8c2a-860cb83370ee,L3,Tweet
6c6ca939-02fb-4ead-931f-9042feeca2f5,L3,Tweet
6c6d5be9-d42f-445d-8340-96ea740dd504,L3,Tweet
6c7a00e0-a3f5-450c-a6ee-cb8012ecf3fd,L3,Tweet
6c7d5620-e721-468f-aafc-2d947894d942,L3,Tweet
6c895877-7789-42ae-b0c6-0357caa02f3f,L3,Tweet
6c96733c-70ee-4d44-a4a7-f7d1acdf041a,L3,Tweet
6c9d02bc-da8b-481a-bc16-966c6a48a503,L3,Tweet
6c9f80b6-f1ad-4125-8d0c-b6ae9fcd27f0,L3,Tweet
6caec8f8-48a9-4d72-9803-65d833ece933,L3,Tweet
6cc07f6a-3989-431e-a7a3-035633bec204,L3,Tweet
6cc33e3c-eb8b-4eb7-9a42-187eda72efe1,L3,Tweet
6cc761df-7ecf-4555-ad27-0437d3e4a9c7,L3,Tweet
6cc89384-1b73-4eb8-835d-0e3cc801ba78,L3,Tweet
6cca3f62-5686-4186-9a15-7bff67219916,L3,Tweet
6ccbe320-03a5-41d6-8809-062a475a58a6,L3,Tweet
6cd1e780-d9c8-4856-adeb-1397429d1c3a,L3,Tweet
6cd22494-49e0-461d-8cc6-c05499c0b5b2,L3,Tweet
6cdd8658-2c0b-418f-afdd-9148b75916ff,L3,Tweet
6ce4d396-8ba6-4146-8fcf-9555bdc7d1bf,L3,Tweet
6ce6ce17-aaa7-4bb4-95a6-832629796aa7,L3,Tweet
6cf6bf6f-fb55-46ac-b935-afad7534292e,L3,Tweet
6cff8e75-f8cd-4422-99c4-13f79c24e717,L3,Tweet
6d0bb8d3-9af0-4e0c-a5cd-19bbb4546b60,L3,Tweet
6d0be05a-7f86-4fe6-a352-0bb849bc69d0,L3,Tweet
6d2027e8-3b3e-4ff4-808a-cad11d6ec5e3,L3,Tweet
6d3d0ba3-7889-4251-a53f-4d11d31dec7b,L3,Tweet
6d40e436-4a73-4837-a842-54f67eb0a3d5,L3,Tweet
6d42ee33-f9e5-426f-8e36-81a30d27e1fd,L3,Tweet
6d43eedd-48b4-4eae-a781-115414e21480,L3,Tweet
6d48c5c0-06c1-43c2-b95d-ea21c1a0544b,L3,Tweet
6d5059ac-1af0-4fab-ba6a-fc48b26f8a80,L3,Tweet
6d5a1c29-da05-456b-859d-de38dcd6b989,L3,Tweet
6d5b459a-6fa7-455e-a70d-a5cbf396ff9f,L3,Tweet
6d5d2a96-9a52-4349-b93a-cb725349c7c9,L3,Tweet
6d653ecc-052a-48b8-a3e8-8e06562e2e26,L3,Tweet
6d689db3-f198-432d-a715-892ee29cf58d,L3,Tweet
6d7202ac-3fa6-4b5f-8f84-8941160313fd,L3,Tweet
6d77108a-406e-42ad-8206-f8bea65be370,L3,Tweet
6d78bfc1-d9e6-4130-b5ad-ef67af1e53cf,L3,Tweet
6d814c9c-1660-470f-b684-562e2c2c5ea6,L3,Tweet
6d885da5-912c-42cd-8acf-9f71fcc126b0,L3,Tweet
6d899d20-b8b4-45ae-bcf9-4f8b87a2e92c,L3,Tweet
6d8f4530-57b3-417d-925a-26ada8289e55,L3,Tweet
6d92c690-fa33-40be-bfe3-6870000d3a31,L3,Tweet
6d986a64-d0a4-4938-accc-ba67f11c0ca7,L3,Tweet
6d9eb53b-cebf-4c84-87f3-f72346290da1,L3,Tweet
6da04280-1876-437c-9c69-9db902a79986,L3,Tweet
6da24dec-45b2-4ff4-818d-e5a7f67f0619,L3,Tweet
6da81889-eb69-4285-a510-4235b69ffd62,L3,Tweet
6dab20ad-7075-464f-9d89-e5cc58c38343,L3,Tweet
6db1aecd-dca4-43cf-9b14-277d0b6d07d4,L3,Tweet
6db3450f-e9fa-4176-a975-575d24dd6e94,L3,Tweet
6dbc3a9f-0a2d-457b-9e70-0d4000b1a9ea,L3,Tweet
6dc065d4-2633-4161-a275-19aa1fef293d,L3,Tweet
6dc1cb46-1678-4db4-83c1-c5a1830f3df1,L3,Tweet
6dcb91f7-3a27-4f9e-98ae-837b7d1429dc,L3,Tweet
6dcfa36f-5bfa-4b8e-9b76-6ea9941141cb,L3,Tweet
6dd0f28c-bc39-45ec-8c98-c6b35803a506,L3,Tweet
6dd2a3f5-18b9-4f3c-8e1a-aed82bbb1e7a,L3,Tweet
6dd66b91-984d-4921-8d7e-a1b660aa7c8c,L3,Tweet
6def4eba-cf0b-47ad-9aee-3c0b30991129,L3,Tweet
6df92a92-c7b9-4051-bb4d-bf58a9c54d75,L3,Tweet
6dfbf54f-b8ee-43f3-8e4c-71a78179d8e9,L3,Tweet
6dfedb73-3146-4443-9f1c-fa229bcc59f7,L3,Tweet
6e0717a6-670b-4de4-86e5-0569f4b5208c,L3,Tweet
6e0b936a-459d-4f93-ad0d-c2c46408d4f2,L3,Tweet
6e11a87d-ae26-461a-85ef-9be36e9d456f,L3,Tweet
6e14f34d-3023-4af1-ac54-6bbe7246afe0,L3,Tweet
6e1cb68c-6d9f-4615-99fb-6451489c2836,L3,Tweet
6e1e45fc-b637-457d-8ada-939d27b98941,L3,Tweet
6e1fdf72-bb88-4003-97e4-65f52281f720,L3,Tweet
6e270a33-4877-44c3-ac51-af7e8c9d1216,L3,Tweet
6e301c8a-f0c9-414e-8a2f-71f13f24dfa9,L3,Tweet
6e377ef8-bbcb-4966-9304-8d01f5f7013c,L3,Tweet
6e382bd3-d20e-421f-a840-8d9c7d202afa,L3,Tweet
6e41ade5-d7fa-477d-9388-ec381fc49321,L3,Tweet
6e42d79a-bfcc-45ca-9b9a-bcb0336b4a32,L3,Tweet
6e4f2cc3-abbd-460c-b5e8-c07aa0187801,L3,Tweet
6e53e079-fa9b-4fe2-8b7c-bc7382e69daa,L3,Tweet
6e54009d-4f32-44ea-9279-d0dbf3b414b9,L3,Tweet
6e54ba3d-4189-4c03-80fe-6aa8e2b38fe3,L3,Tweet
6e57bb4f-bbc9-4307-b70b-9dfdbc536ece,L3,Tweet
6e5e761c-ae6e-44b1-974e-959e1defb817,L3,Tweet
6e5ecd38-0e9d-4f57-bc59-9c572f6c08df,L3,Tweet
6e602bbd-8cce-4601-9843-d042bfa4f542,L3,Tweet
6e64f8a3-635c-4ead-a9e1-9b95f6010e4c,L3,Tweet
6e7e8096-8b89-47d1-bd1b-5b2487e9b280,L3,Tweet
6e87fc80-abb4-4a7e-8649-c77b6a6fe9e7,L3,Tweet
6e90a241-823a-4e80-8d3c-d7ca3f1a8836,L3,Tweet
6e920d99-7500-4c84-9272-f22cac3cf382,L3,Tweet
6e9ee746-4de3-4a3f-917b-7606dc8410a6,L3,Tweet
6ea159c0-60b2-4326-92f5-6a26a8429b2a,L3,Tweet
6ea982e1-74d5-4756-9165-d2d48880207c,L3,Tweet
6eaf24b7-d7e6-4644-8989-7b6dbc447b32,L3,Tweet
6eb3a531-0664-4331-ab85-8cd45f3282a8,L3,Tweet
6eb61ba3-dd85-48e6-b641-8e98491c7e80,L3,Tweet
6ebeb6cc-69eb-4593-8006-114e5a3321cd,L3,Tweet
6ec25245-0c74-42cd-a90b-358105aa6e84,L3,Tweet
6eca5364-26f9-4577-b70d-dd3f036f3ab1,L3,Tweet
6ed33273-4cff-467c-b9b1-9331e497ba7c,L3,Tweet
6edb1f73-46a7-47ff-a55e-d1e25b2c25b0,L3,Tweet
6ee791df-04f0-4070-b5dd-c7128b79ecbb,L3,Tweet
6eeb7786-4417-4a98-818c-43ed694f197e,L3,Tweet
6eed7cf2-481c-4874-b00d-85df0fa2ec71,L3,Tweet
6ef8c041-eb98-4654-a9c9-c1817da355ff,L3,Tweet
6efeddce-d9e8-40ce-b75d-08bf3a959e03,L3,Tweet
6f107159-d192-4ecd-97df-51846eeddac3,L3,Tweet
6f177177-f467-4f34-810b-2b8245c15510,L3,Tweet
6f182a5a-f03e-4fda-a89b-7444c86a9b10,L3,Tweet
6f1851a9-e318-4904-886f-d03e413dc5a9,L3,Tweet
6f29a473-8b44-423c-a560-6af66bc9caae,L3,Tweet
6f30f164-441b-4918-8d1c-cd4f2537b6bb,L3,Tweet
6f33e58d-32ef-4ae9-a5d7-e75935d6ad42,L3,Tweet
6f3444b3-b253-498a-8486-04464b7658bd,L3,Tweet
6f3dab58-9d5a-4b5f-ab7a-c182bb1f17b7,L3,Tweet
6f3ea6f1-579a-4cb3-acb3-f72e74f189bc,L3,Tweet
6f4ea610-2df8-4fe5-af6c-459c3c1f9109,L3,Tweet
6f51447c-122c-45dc-811e-99b4bb6cffa8,L3,Tweet
6f52d79c-0fa4-4d5d-a705-8de3b7bbdc67,L3,Tweet
6f52d893-e680-46d4-824c-0d216c6f4da4,L3,Tweet
6f557e4a-2f2f-471a-9835-69867a675f50,L3,Tweet
6f5892f5-cf81-49f0-a302-f0163254359f,L3,Tweet
6f5f5d74-b490-4169-a06d-939ff913ff0a,L3,Tweet
6f63beb4-23cc-4247-9330-92ddc1288308,L3,Tweet
6f641dfd-a015-4f3c-9ef1-f8742ec0797e,L3,Tweet
6f6f033a-d84d-4d54-8579-5d3eaadebf5d,L3,Tweet
6f7c61a2-c092-421a-ae6d-9bb5aeb14c48,L3,Tweet
6f884f6d-641d-41a3-ba5b-737a4ee5b524,L3,Tweet
6f8ea38f-92ae-49e7-99a7-69dca932000b,L3,Tweet
6f9aaf96-4c74-4712-af9e-3bf9b60b762c,L3,Tweet
6fa15bd5-7515-49fb-9a03-778d5d5a7f5e,L3,Tweet
6fa730fc-220b-4077-a231-4934556c2306,L3,Tweet
6fa7392f-8c85-4bde-b241-9879b139e299,L3,Tweet
6fa78a4f-4419-49af-bebb-9773f3f1806a,L3,Tweet
6fa95fb2-d8bf-4f3e-808d-7cc85cac3769,L3,Tweet
6fab01d8-1851-465e-9a12-6e7744404c6d,L3,Tweet
6fae723e-7cef-4b11-bb31-4a8f4fdff085,L3,Tweet
6fb98d53-d079-4267-932c-0d9eab1349a9,L3,Tweet
6fba10db-9a49-4be0-bdb4-6b2cbb43d3ef,L3,Tweet
6fbcaf28-9178-4fdc-af41-24a525cf879f,L3,Tweet
6fc26b3f-2560-48af-84df-18af35dd46a1,L3,Tweet
6fc5539a-ad89-4474-8fe5-6e52c9d50918,L3,Tweet
6fc5e5b7-883b-42b7-9a38-facbe28d6093,L3,Tweet
6fc7e201-6e2e-4db3-a98b-27b500fa9cfb,L3,Tweet
6fcdb9ac-52ed-40ad-96a1-3698ef43f0e6,L3,Tweet
6fe56d0d-ee7e-4105-bf62-e851efbbf3d4,L3,Tweet
6ffec940-2d8d-46c0-9a40-3e58fc819952,L3,Tweet
7009a7e8-9110-439c-a3d4-c5f437db34b9,L3,Tweet
700aaf76-05b5-490b-9d1f-28715c3de165,L3,Tweet
700ce457-4e76-4c95-89b1-13df6c67b167,L3,Tweet
700d6986-41d7-4d52-b475-e40a5b143d6c,L3,Tweet
701254f0-05f5-4adf-a90c-7a80dbed8afb,L3,Tweet
7022314f-84e4-45a9-8df0-92c80e1f4c10,L3,Tweet
7027313a-dfa8-4ecb-a068-868400d2e781,L3,Tweet
702b1bbd-5866-4ea2-8422-930c7983e22f,L3,Tweet
702b728a-12c3-404e-b7b7-4b5c65523786,L3,Tweet
702f822d-2e50-4853-9260-99c62a69cd94,L3,Tweet
702fad6f-7e9d-4e4d-960b-ef3f9bf91bd5,L3,Tweet
702fdcd2-7935-47b3-9e52-4f41203337aa,L3,Tweet
7037733e-73a5-48b0-b6a0-7f2aabf7f5e8,L3,Tweet
7044fdef-c7b6-4b11-a3bb-2754da304e8b,L3,Tweet
705c39d5-b98b-4f67-be79-89f1c3b56477,L3,Tweet
706194a2-38ef-4429-86ad-337bdae9426a,L3,Tweet
70623749-ab5e-4b07-8e82-abef53ecc7df,L3,Tweet
70660d7a-b97d-4c0f-84ac-e663bb7069cd,L3,Tweet
7067055f-4f51-40a0-9979-59f649f1a76f,L3,Tweet
70696b30-02f6-4b12-b9bd-34e8c2969cf8,L3,Tweet
70710d57-b9c8-42ab-ac67-087023d19669,L3,Tweet
7076af05-9b7b-4ad3-8900-48d8d92532b3,L3,Tweet
7077f36c-0260-4de5-914f-475c6e3e2a5a,L3,Tweet
707b66dc-98b9-4a07-a482-32ae4046eb69,L3,Tweet
707cd097-ffc9-4062-985d-880a5eccfc7c,L3,Tweet
707ea2e9-6b2f-41f3-83cb-acba3751dba8,L3,Tweet
70822213-1f92-4c97-9549-efcdb93b245f,L3,Tweet
7087a20f-d204-447a-a800-c310eb14257e,L3,Tweet
7097dbcc-76d0-41b9-9d59-7fd33c18e35f,L3,Tweet
709b7911-0244-461a-831d-8c2538f27914,L3,Tweet
709dbc0d-9186-433a-8661-a4020fcb7d32,L3,Tweet
70a6684b-43a4-459d-9515-15574384d237,L3,Tweet
70a7a423-d80f-4742-902e-ab2f81962064,L3,Tweet
70a9328d-f374-4103-9329-909148c84b5e,L3,Tweet
70b0ad19-6e2c-4f10-854e-51f18841b81d,L3,Tweet
70c0b5ef-bf40-4b7e-a065-f2bdddb7ff1c,L3,Tweet
70c54d9c-8202-4148-b416-c8ef99c54c8d,L3,Tweet
70cc433f-5a31-4863-90ac-40956680b76f,L3,Tweet
70cdfd26-7b7f-48b6-965b-149b629f812d,L3,Tweet
70d315f9-778c-400d-ae3d-dad974f422c5,L3,Tweet
70d6ab16-1cfe-4a76-847b-cf6b221f2f5a,L3,Tweet
70da855c-4108-44cc-a800-b88fb9dbc8eb,L3,Tweet
70dc941c-b12f-4005-a1ea-a23c93274bce,L3,Tweet
70e93ded-5c21-4f96-ba5e-e71496dda8ce,L3,Tweet
70e978c7-13f5-4690-bc8d-6b52bd3886b6,L3,Tweet
70ea63eb-9858-4c23-ad8f-066ba70c1d22,L3,Tweet
70ed46a1-903d-4341-b27d-8917e1c7edd0,L3,Tweet
70f28d57-8b94-473d-aaf1-a9601db6e215,L3,Tweet
70f7f74e-e823-4cdb-aa10-df706eae40d5,L3,Tweet
70fc2a09-ec32-491c-a2ce-e44a4dc28e3d,L3,Tweet
7110a8bb-42dd-4df1-aecd-7fe98a2a4aa1,L3,Tweet
711332b2-ebed-4095-a3e1-ab8d2ef91e01,L3,Tweet
71263fa1-9e62-4633-adda-68592579c78a,L3,Tweet
71297302-c890-40f1-b599-48657f869688,L3,Tweet
712c1024-daf6-4d82-904b-3ecc3dfe7e79,L3,Tweet
712f78d6-d7d0-4355-a0a5-67c248580175,L3,Tweet
71382533-9edd-4627-bd76-457118d2a99e,L3,Tweet
7138a630-b9f7-4a16-a935-5d010539d256,L3,Tweet
713c72f7-8c88-460f-86d1-7325cf379057,L3,Tweet
713f035c-7352-40ec-9243-53f1a2dfb7b1,L3,Tweet
71458aaa-f178-492f-a196-16a237f38fb6,L3,Tweet
71497be9-37d6-4e25-96f1-95ea503bd129,L3,Tweet
7149c8d3-89b0-4472-bc20-1963ad007972,L3,Tweet
714e9806-d6a1-41a7-b09c-29b104a20ed4,L3,Tweet
71502bfb-0afa-4313-bddd-7583eb2f54cf,L3,Tweet
7150f39e-2ac4-4955-9277-301ad832b422,L3,Tweet
71530609-7a53-4957-a8e2-a60b83f56e9a,L3,Tweet
715fa972-6218-47ba-8c02-ae48d8007b5d,L3,Tweet
715faacb-6074-4e8f-a0ba-bd20005ab77d,L3,Tweet
715fffc4-61cc-47af-8e52-d1ab7f3d0219,L3,Tweet
71705a1d-ecbd-4a3a-b9d4-e711f82dbbb6,L3,Tweet
71784a93-8898-47ef-876a-3c94befe242d,L3,Tweet
717a2ea3-4ae0-457b-b5ee-96bb5f63235e,L3,Tweet
718dcdd7-3b5f-4512-89df-32cc98d8da8a,L3,Tweet
718e32ab-69b5-4350-a258-7a0628f14175,L3,Tweet
7191101d-f249-499e-a30e-6bd8368e4eb4,L3,Tweet
719407d4-6397-432b-acdd-ff8cfdb8557b,L3,Tweet
71947bed-c279-429b-b6a3-8d493013555c,L3,Tweet
7197ef64-5339-4bdc-9e77-3eec25f3908d,L3,Tweet
7199ebeb-97b1-424a-866e-191353cf709e,L3,Tweet
719edef7-2c84-47ae-8322-c6f12370431f,L3,Tweet
71a04bda-0e0c-48d1-a191-bbd05fc735e3,L3,Tweet
71aae646-cba8-482e-9297-ce252e056c20,L3,Tweet
71b74b8c-0a19-4f80-bb01-98b27d2d32ee,L3,Tweet
71d73519-28d7-4bf3-b8ff-c95e6d3d9ae2,L3,Tweet
71d8040d-7f2b-4f28-9584-f333942e2b81,L3,Tweet
71d96422-1ea9-4832-8b13-44d7070dbe80,L3,Tweet
71d9ec56-7769-450f-9d5c-d0150675252b,L3,Tweet
71dc3505-f898-42e6-b853-ea91b8e05f4b,L3,Tweet
71dc97b9-0ab6-499d-a127-033d87a0bf59,L3,Tweet
71def542-1923-4f8d-ae6a-beda02496a26,L3,Tweet
71f51fbf-3230-422f-9e1b-ee02329a625c,L3,Tweet
71f5ec33-8dfc-4ac0-ad8b-c67b173986bf,L3,Tweet
71fd4379-9433-456f-860c-c831c399ed5c,L3,Tweet
7209d809-1f5a-44ea-8ffb-013e37613a47,L3,Tweet
721b33a3-3844-437d-8f0d-a51365882e24,L3,Tweet
72289e42-b0a3-4e09-8b2e-4b1dbdc87a6c,L3,Tweet
722f7312-ee05-4551-8753-ce3bcf21e5c1,L3,Tweet
722fd5e2-3810-4ce4-b8e0-aa1504f1d413,L3,Tweet
72373e25-8db4-4a1b-a970-730ae12f61d4,L3,Tweet
723c4d1b-603f-40e3-bc32-b6502c82f680,L3,Tweet
724472ed-a966-4571-ab35-b3749a7e6e77,L3,Tweet
7246bb54-7d63-4596-ae3a-23d745d589f9,L3,Tweet
72493612-1156-47e0-8a4f-fbe3377dd459,L3,Tweet
724a12f5-ffbf-4edd-8992-8c54140d4532,L3,Tweet
724a384f-cfb3-4743-b74f-218a28a4a29a,L3,Tweet
72551480-2656-4898-a6cd-94c9df89bd43,L3,Tweet
7255c3c3-fc99-447a-ace7-26d3c0b50e8d,L3,Tweet
725fa9dd-f976-42d0-9a7b-16f17dbfb824,L3,Tweet
72619250-3357-44f5-aec9-d836f7ffc3d6,L3,Tweet
7262770d-472b-4f45-8259-e4f4876fc4b1,L3,Tweet
7262aebe-150f-43f8-858e-8f3edc196633,L3,Tweet
726dff5a-1524-4f51-af6c-29359c925e03,L3,Tweet
72717c7f-e18c-4d0f-b49c-a4b7f402cf00,L3,Tweet
72859758-fb01-4e0b-be53-6eacd015c3d6,L3,Tweet
7285f62d-9198-447a-834e-6958c2de89ff,L3,Tweet
728607fd-bbd0-49a5-9e70-c461de0ad52c,L3,Tweet
728e0f88-5bd2-4da1-ba1f-b0555e77d629,L3,Tweet
7296d91a-f13d-4619-a6dc-85617b302288,L3,Tweet
7299c6ac-b353-4708-bdc1-2edf0574deaa,L3,Tweet
729eb1f8-2070-4ffa-849b-03fc7ad6f89a,L3,Tweet
72a1eeec-ab03-4f36-84be-a30c7869c33b,L3,Tweet
72a43bbd-a445-47df-a0bc-15ef979e6cbc,L3,Tweet
72a75b92-59ea-42aa-98a9-40908c538502,L3,Tweet
72b01646-d1d9-4362-ac96-46a5927c107f,L3,Tweet
72b0ee8b-91d9-490a-8592-a98ac68aa965,L3,Tweet
72bf31cc-16e3-4e9a-b159-0492203eefd4,L3,Tweet
72c5af6a-ce52-4b73-9e2a-9754058c8419,L3,Tweet
72c61b4e-92d0-4356-be44-48a8e33c89a5,L3,Tweet
72c67c15-5ba5-445c-81da-e3269597aac9,L3,Tweet
72d5daab-2dcf-4bfc-9ed8-47c306a121ac,L3,Tweet
72dc26a0-fdab-4844-8be3-9e6f1e9d16af,L3,Tweet
72e20ff2-254c-4c4c-bb28-e4cdcb70f923,L3,Tweet
72e6fc6a-8974-4c6c-a86d-fca59f990bbc,L3,Tweet
7304e37d-0986-4d65-8edc-9a9d7191f793,L3,Tweet
730a0f36-f584-4603-8ed2-6e9a1704fbb3,L3,Tweet
730ba12a-d5d3-4183-8a0a-611f76a5d19f,L3,Tweet
7313477a-835c-49ff-9b6d-355a027c2535,L3,Tweet
73150ad7-fc96-4839-ae0c-33b3d0857c03,L3,Tweet
7318d36d-24bb-4d28-9de3-233e800ba1ae,L3,Tweet
731ec770-ea84-485b-85ae-79396c82c509,L3,Tweet
732c58ff-4967-48f0-ae4b-81a15204dd79,L3,Tweet
7331ba29-5b46-468e-9067-867215f6f45a,L3,Tweet
7339cdef-7f9f-49d8-b7fd-570772227b95,L3,Tweet
733f338a-0296-4ab7-8829-c9d77f89a785,L3,Tweet
7346fed6-1562-417c-9c9d-0d43bf5561f8,L3,Tweet
734a3fe5-096f-4a01-b111-b9bed6d510b6,L3,Tweet
734b3864-468a-4293-879e-4f15427d0aa2,L3,Tweet
736992c6-377b-4afc-8bcf-09a1a9147942,L3,Tweet
7377ab56-27c2-4bd0-b964-99ab1a5bdb79,L3,Tweet
73860a82-f624-48a3-ad9e-d238c8067cc1,L3,Tweet
738c74d5-139d-4335-a2a9-d91aa4cb9146,L3,Tweet
738f1eee-de64-441b-ac5b-c7e550bff404,L3,Tweet
739bf469-003b-4e04-988a-6b678abe32cd,L3,Tweet
73a4bba2-5cd9-482f-931c-635b60efaa33,L3,Tweet
73af553a-9c7e-4f2e-8bb0-61df83e32024,L3,Tweet
73b853f5-f66c-4d48-91c9-a98699731c0e,L3,Tweet
73c91402-d836-4090-92b7-c15fbe68473c,L3,Tweet
73d3f5e0-9b27-41e6-9961-de2c1fbf676c,L3,Tweet
73d407fe-5a6d-42d7-ac32-112f16270ba7,L3,Tweet
73dedf16-b48a-4de9-bb53-c811f08460e6,L3,Tweet
73f59cea-d2ff-4325-bead-1b9a3d795bbd,L3,Tweet
7400b5c3-0c81-4233-a61d-d878fc037c5c,L3,Tweet
7403dd50-3344-47bf-863a-ee567f00c1e1,L3,Tweet
7405778f-45e8-4000-8d8e-83387eae4984,L3,Tweet
740e5d06-f2ef-4094-8799-4a64a0c3e6f0,L3,Tweet
741ea119-f282-4460-ac50-962059d9d1ba,L3,Tweet
741f55c6-0486-4b86-b2b8-2b9363390292,L3,Tweet
741feda3-8f75-44ab-9fb3-6e7020a9c468,L3,Tweet
7427a07e-d382-41ec-9a24-ddf7151bb5cf,L3,Tweet
74341042-0a23-4591-8d6d-618791713bf8,L3,Tweet
74360488-693c-464b-b562-4673502f11ed,L3,Tweet
74389ad5-710c-4e7f-9187-569cb51e3520,L3,Tweet
743d8ddc-6262-4c3e-95fe-7df5f23e0003,L3,Tweet
7451cb1d-9106-4bb9-8fc0-18240866e158,L3,Tweet
74553877-6375-4580-8eb7-1f6c873fc625,L3,Tweet
745d14f1-a2a5-496d-b0fa-26e55ec1f44f,L3,Tweet
745fd296-3e09-41b1-b86d-f28b2239238c,L3,Tweet
74616f7d-d7fe-4016-9b7f-28e3b5795da4,L3,Tweet
7463f991-f0fb-412f-ab75-0da48fa4abc0,L3,Tweet
7468c08e-63f4-4ed7-89ba-989561c201c7,L3,Tweet
7476aa4f-7c28-4b72-a941-8a551def53f6,L3,Tweet
74781699-dc1b-4f30-a411-1af88c17198c,L3,Tweet
747e2cec-2344-4949-a029-a562b267bd44,L3,Tweet
748de7fd-bf97-4ddb-a7ad-aff276143f98,L3,Tweet
748e22a1-78c1-418d-84ac-a76998a1c9d4,L3,Tweet
74914895-70f4-477a-a5b8-ee9779ff0cff,L3,Tweet
7492add9-de88-4ce2-8488-ff11a0038f77,L3,Tweet
74957fc4-76a6-40d8-9c00-3a834f01aaa5,L3,Tweet
74994b5a-2e46-4dc6-86a5-150927b9fb04,L3,Tweet
749f5849-66fb-4680-8adf-a220628c5821,L3,Tweet
74b1fd6b-7718-4bfa-acb4-48c2b2df98de,L3,Tweet
74cd9685-8001-4d1a-9ca4-9e8667cd63ba,L3,Tweet
74d857ec-c694-46e4-aaa0-3f8418d7226e,L3,Tweet
74dfd832-4ef3-43c0-96ef-5deafdf28bda,L3,Tweet
74ecef79-f9cf-4d05-b40c-5d0b1d3e8c2b,L3,Tweet
74ee9041-7419-4ccb-9615-ec293b7c35ab,L3,Tweet
74f518da-0f3b-428c-88a2-a90e7494914d,L3,Tweet
750b31e1-466a-4aa9-aec7-55d9fa873dc1,L3,Tweet
7511a2cb-1abc-4271-b593-88fdfd0410c4,L3,Tweet
751a9f08-75c5-4223-ba31-b999f69f2014,L3,Tweet
751b49c6-d687-41c6-a9c7-89d128ed4348,L3,Tweet
75218a09-7726-4628-9e4a-b43ce4f77137,L3,Tweet
75224935-eba3-4168-b57e-e4d8159f05c5,L3,Tweet
752417ec-cda2-4093-8ef9-8536d044875c,L3,Tweet
752bae37-291d-4b4e-9cf3-ec14777f156f,L3,Tweet
752c86da-8eae-4cc4-a46b-d6d373d7e098,L3,Tweet
75371ddf-ec4a-4707-8ba6-1d30468d58d2,L3,Tweet
7539e8b5-9e85-4c60-bc0d-f3434d09a81b,L3,Tweet
753ed2ab-3ae2-476a-a29f-b2923359858e,L3,Tweet
754df848-3474-4afd-84f0-9a35073d83fe,L3,Tweet
754e33cc-b602-420d-b985-e6b546944ffc,L3,Tweet
754e3bd5-f4bb-444d-b8c9-1d2d579683e4,L3,Tweet
75508b54-7628-47f9-ae85-405e28b935cd,L3,Tweet
755e1f96-71c1-4692-a4bf-336dc4fbbe58,L3,Tweet
75618e5f-85b8-4bbc-8534-e7460391d71d,L3,Tweet
756371df-784a-4a40-a6ba-5c65328ee880,L3,Tweet
75668697-bb71-4715-90cd-044077cd3d80,L3,Tweet
757dd6e3-ef74-4d2d-9f46-a80506047688,L3,Tweet
75847f35-0c69-4609-a3f7-8fcaf9c45375,L3,Tweet
758b30f3-7618-441a-a5c7-849a62574ed5,L3,Tweet
759065b7-eb3a-4bcc-bf0c-49d1e3da2f9e,L3,Tweet
75959f76-deb9-4569-a3ca-655cb1c17709,L3,Tweet
7595e61f-1e17-442f-bde4-fa513b712762,L3,Tweet
75a42950-613f-4cbe-b391-e2a4aebec72d,L3,Tweet
75a4b385-7f42-4fb2-984c-5674deab268b,L3,Tweet
75b46314-04a9-4c75-ab69-ed8c2a377878,L3,Tweet
75b6a95d-3f87-48ac-92ed-7dd99e8584ac,L3,Tweet
75bbac5d-4af1-4a20-8b39-327e1da26da6,L3,Tweet
75c97d67-322b-493c-8032-281dc13042bc,L3,Tweet
75d30adc-989f-4fab-b55a-09fbfcecee71,L3,Tweet
75dd0e49-9a39-42b7-a9c4-ce44d3cfaf2d,L3,Tweet
75df2341-8cf6-4f54-b3ef-68b11aec2632,L3,Tweet
75e4c071-7244-48de-87ab-66bbf821e03b,L3,Tweet
75e5be0d-cf26-423a-b96d-78518f795d2f,L3,Tweet
75e79e62-fa03-49cb-ad89-61be1eb80876,L3,Tweet
75fa7f7d-5be6-40c0-826c-82767cac9baf,L3,Tweet
7602691b-a122-417d-94f0-25d2535e755a,L3,Tweet
76087b48-06b0-4a81-82d4-83de0be6cd00,L3,Tweet
760f42ae-e4d3-4664-8676-e4c8788b5ce6,L3,Tweet
761125a0-5548-400c-b60b-70e6ad895ff5,L3,Tweet
761ba7db-ccc9-4d1d-95e4-d84fcc5a0de4,L3,Tweet
762183ba-94b2-4f2c-817c-dff9b327deb6,L3,Tweet
7621a4cd-6e71-4fb7-be79-431dd1a3cd4b,L3,Tweet
7627fc56-3743-4bd1-9481-b93db7b85900,L3,Tweet
76281b74-b545-47e3-94bf-aa279e76248f,L3,Tweet
762972b4-cb43-4dd6-b63e-2a32075ff42a,L3,Tweet
762b0d13-c461-429f-8a34-e03a68efd730,L3,Tweet
762b4f1a-34ee-4bf1-a533-f0ebe55199dd,L3,Tweet
76309cff-5540-48f3-8b4a-cd2723b29b68,L3,Tweet
76336727-9610-4f6d-a767-ced0cdb2accf,L3,Tweet
763e0c0a-856f-4a0b-8ded-4bd6619cbfde,L3,Tweet
763e9f1f-f0c7-4161-a63f-107ceed60065,L3,Tweet
76423712-5f9d-4302-a3e6-c99a179a4ea7,L3,Tweet
7644a94b-0e40-4c00-b010-19a5d1631bae,L3,Tweet
765aeb5b-3d17-47b0-b687-c1b69864e6d4,L3,Tweet
765c6d3e-3361-4da0-a401-225605dfee02,L3,Tweet
765d9aa5-31eb-4ebe-9eee-67a633d0f12f,L3,Tweet
766d30e9-d97e-4470-9eaf-f3f665249a26,L3,Tweet
767e5421-6632-414b-8954-04b279f38108,L3,Tweet
7681bd02-dd10-42ab-8a6b-3fabd8551dda,L3,Tweet
768a8b51-e9a8-4f49-aabe-b845e615fb99,L3,Tweet
768ba58c-bc95-4d65-b401-7bb081b144c8,L3,Tweet
7693503f-4a17-4bb5-9102-5f92f4b07fa3,L3,Tweet
7695c830-cd67-4163-a7a1-64e469482f5e,L3,Tweet
76a0b103-281a-4947-a8e3-a34e45625c3d,L3,Tweet
76a2f403-1afd-4767-83f1-6af63f1ea732,L3,Tweet
76a5bb67-6297-416e-821b-dd2e63f56704,L3,Tweet
76a9c308-66fa-47be-ad83-c7d19f09c883,L3,Tweet
76ab7010-329d-4160-8a0a-57618ddf0f75,L3,Tweet
76bb23fa-e258-40f6-8045-c359dfb53130,L3,Tweet
76bf611d-21c9-4454-9ec0-d839cc4b3800,L3,Tweet
76ca0ae8-8edf-42cd-8a61-c67829614276,L3,Tweet
76cf8d0f-3c83-481c-9a51-253661d2192d,L3,Tweet
76d59a0c-b8d6-4f15-b4d9-3ec06acd53eb,L3,Tweet
76d83b47-c9fb-4528-88de-974fe23f852a,L3,Tweet
76e15bf9-05ce-4d5b-b5fd-b4ff3f3391c7,L3,Tweet
76e20a34-1d4b-4260-98ad-04b01a96b26f,L3,Tweet
76ed76ef-1061-47e0-8059-2fcfcdddae70,L3,Tweet
76f30628-5c5b-4cdb-a95d-249bb49f64ee,L3,Tweet
76f788d5-b805-45e5-83e1-1e1ac3b66e57,L3,Tweet
77039b55-c05c-4c06-a4e7-1c28cef5d1d1,L3,Tweet
7709195d-e0e3-4bf3-8f42-e19e4e2bbfb3,L3,Tweet
770a9341-0330-48b2-bc9d-72b4df0ed9fc,L3,Tweet
770d932e-6938-44a6-bc20-7d482333f265,L3,Tweet
770e25f4-80bd-47c6-951e-3c1a77a4c8a3,L3,Tweet
77108ede-e06d-4bf8-91f9-14fc486fe17e,L3,Tweet
77246361-33fe-45ce-acc9-b444b8183a70,L3,Tweet
772cadb6-db9f-4165-93f9-4d2e23a64322,L3,Tweet
77318c3e-ebe6-4e84-8b94-a795a08e553b,L3,Tweet
77330494-68b0-4c58-b80c-b09b332a94aa,L3,Tweet
77445da8-1f29-4e1d-b205-19a6a21d24b9,L3,Tweet
7745f2ed-2044-403b-a4f8-4af986fd122b,L3,Tweet
774a37fe-64a8-45e2-bc08-4901775c7b6f,L3,Tweet
7759339e-31ef-4029-b820-53c258fef153,L3,Tweet
775a1907-35c5-40ff-b9a8-de7fc92de23c,L3,Tweet
7762e791-3a78-45ee-970c-df325e4b18f1,L3,Tweet
7768ed3f-d17b-4088-8b99-b6ee2e9161a7,L3,Tweet
776b3c93-c6a3-46a8-8f98-b7a2e61476cc,L3,Tweet
776fe6b0-2ccf-4f9b-a6e1-c1d47286c7e0,L3,Tweet
7773a279-33f1-4226-850f-c94baa37ea66,L3,Tweet
7776c33c-9889-4909-a084-822430aa0b90,L3,Tweet
7776d84e-01b2-4bd1-8872-87f7633c9d71,L3,Tweet
777b3e56-a4cf-4f11-946c-f4fc586b3f71,L3,Tweet
777e2c83-6018-4008-8674-c586b35ed6ef,L3,Tweet
77829134-554a-4fc8-805c-217739a6cc59,L3,Tweet
7787fc2f-8dc1-493f-b464-464a5137645f,L3,Tweet
778d7962-0b01-4e01-a84e-f8602ee564ec,L3,Tweet
7790d96a-179c-4f81-8d08-02755fc92c84,L3,Tweet
779c6623-fa4f-48f7-8e8d-5186624ca1a2,L3,Tweet
779ce267-e75d-4644-a01f-fb77b84111ea,L3,Tweet
779da8c5-8119-4c76-9bf4-27e239e6c08d,L3,Tweet
77a0e165-fe56-4af8-a24f-1b5f55e9cbc1,L3,Tweet
77be0617-ee58-4a76-8434-05b2df120bf0,L3,Tweet
77c1fe07-c2d1-48f2-8a44-52b8d3caf995,L3,Tweet
77cdcb15-c0af-4b07-bf65-201725a7bec0,L3,Tweet
77d15181-613e-499c-a0d2-b5f1e82c6bd9,L3,Tweet
77d3d96d-e051-46ef-bd26-814d80c292f7,L3,Tweet
77d56210-84ce-4e19-b49b-df50068442c3,L3,Tweet
77dc069e-ba19-4a45-808f-bd6ce7540670,L3,Tweet
77dc68ec-3ef6-440c-985c-e31870b9ee81,L3,Tweet
77e09715-7051-4c4d-ae1b-e1cf361ece81,L3,Tweet
77e69ca8-013c-42b7-8aa0-2364a6235572,L3,Tweet
77fa616d-4cf6-4a1f-afb0-4f66aa39c4a3,L3,Tweet
77fb50de-28a9-414e-ac19-39a9071364c1,L3,Tweet
77fb594f-31fa-4a99-87e9-63feb7dd6f8c,L3,Tweet
77ffdf99-09cb-4a5b-bf1d-4a2a0d3e51ef,L3,Tweet
7816e9b7-2db3-4eb5-9dac-68aa7131600a,L3,Tweet
781e2ec9-36d0-491e-bdb7-9d47474c4654,L3,Tweet
782686ed-3dcf-4c57-a549-d67922ddf3a6,L3,Tweet
7833be18-546e-4d02-85cb-c0ea4c88a28f,L3,Tweet
7833d91f-4f83-4ed4-bb31-f433246e6b0e,L3,Tweet
783fdccf-e2db-4a8f-8c54-6cfce2035cdc,L3,Tweet
7840db06-7af1-48ba-9e79-4603f6753f33,L3,Tweet
7847d61f-54e6-4a45-9275-d4cf6a70d563,L3,Tweet
784ddf1b-764f-4ec1-8356-626d23a6ee51,L3,Tweet
78519395-2b05-4919-b44c-b0069513ded9,L3,Tweet
7851e421-2540-43c0-a142-add90de06f94,L3,Tweet
7854387b-463a-4c35-ba37-70dd733622ae,L3,Tweet
785557b0-4647-4947-bf79-c957978f83bd,L3,Tweet
78633fca-50f9-4ab3-8171-2f354b61478c,L3,Tweet
787bc306-583c-48ee-85bb-d4b771503c72,L3,Tweet
787d02ff-be6c-443c-b21d-18f819087887,L3,Tweet
787d4fe6-f360-4438-9d8a-212971b0c5a8,L3,Tweet
78829598-06b7-4407-8c95-466da352710e,L3,Tweet
78846e23-66b9-461b-afd3-9a67500ea9f6,L3,Tweet
788d439a-4c5a-4929-9566-ae9c0dd5f71c,L3,Tweet
788f81d2-cff9-4823-bf13-83779dd9ef6b,L3,Tweet
7892e2f8-d1b2-47b9-800a-a3ceca41ab47,L3,Tweet
789fab99-d849-43aa-8583-5b02cf532dca,L3,Tweet
78a444d6-c56d-4582-894d-f9eb01ecdd48,L3,Tweet
78a7dd05-47a2-4032-84df-b361b0ec02c1,L3,Tweet
78a8a6a3-c81e-440e-90ee-a6329b733884,L3,Tweet
78a9197a-8a6a-4669-9306-28212e1d3d30,L3,Tweet
78b37033-07f4-4e8a-8d81-d9a7cbab6cf9,L3,Tweet
78b8c7e5-c750-4b3a-8d2e-62e99271bdf2,L3,Tweet
78bd88a2-6f59-403b-8329-6619577ea646,L3,Tweet
78c0e628-7701-4912-966a-2083a2154e30,L3,Tweet
78cff9ad-abf8-4896-82a8-02c78fe45ffd,L3,Tweet
78d1fb66-1079-4c08-b549-4ebcd6974754,L3,Tweet
78d7c842-e0ed-4ac2-8071-3cd906cdedd6,L3,Tweet
78e3a0c1-0057-4719-a6cc-b78cbad0f8bb,L3,Tweet
78eadd9c-8368-42e2-b22f-df0a49d51828,L3,Tweet
78f0e200-ef6f-4f02-b76c-48ff9fdc4320,L3,Tweet
78f691f3-e451-4acf-97f0-b13e2d06c46d,L3,Tweet
78f9934e-3573-4e7a-aa33-70f0897a837d,L3,Tweet
79034523-b1e8-4021-82e9-f0938f458ae3,L3,Tweet
79061881-93a2-42c7-a062-d507cc60666d,L3,Tweet
7913ae5f-ad75-4b47-839e-feab01f3da97,L3,Tweet
7915b15a-2571-410e-9ab1-cf304d472822,L3,Tweet
7917715a-b485-4598-9e8f-9a13fe546f5f,L3,Tweet
792431c3-b584-49c3-8b21-01711c11a9e0,L3,Tweet
7928f858-253e-4326-baa6-e2daa8dd1948,L3,Tweet
792b8c61-79b7-4ce1-acce-10dd42c23150,L3,Tweet
7934403a-0291-45e9-8b79-b3ad2574de08,L3,Tweet
793ec77a-b724-4fbe-94e0-766287614365,L3,Tweet
7950c797-e6d8-499e-80b7-f8c1e396b9a6,L3,Tweet
79568bfa-5904-48d7-8687-86331e91e8de,L3,Tweet
795c5f9e-b9a7-45aa-a936-72108654906e,L3,Tweet
796d456b-743e-4a33-be06-cd7c7edc099c,L3,Tweet
796d5283-dd9c-42fb-a040-6778769c818e,L3,Tweet
797bf795-8a12-4e84-bacd-cf2066a882c3,L3,Tweet
797c1332-0d28-4050-8885-323d946176e6,L3,Tweet
798241a8-66b5-4dcc-b84f-b3d9fb8cfe80,L3,Tweet
7990992d-ccfa-42eb-820a-f5e4643093e2,L3,Tweet
799ff75d-12e4-4544-bd1c-47a5531ca045,L3,Tweet
79a00bba-fd13-4218-aced-e61c0656f9ce,L3,Tweet
79af5ba0-7a8f-41ef-8103-3937b9985078,L3,Tweet
79b012f3-b4a0-42f3-97a8-56a847622120,L3,Tweet
79b20f5b-c8b7-4627-9a62-c88afac1a7d9,L3,Tweet
79bc9918-98a6-4107-bdeb-ffa2ff677bc0,L3,Tweet
79c2bfce-de53-4ee7-af99-40651b720256,L3,Tweet
79c2c478-e6bb-459b-bb05-cb663b4649a0,L3,Tweet
79c66e46-e098-4c5e-b0d6-0c9b6f85f9ff,L3,Tweet
79c8d727-e049-4dd4-a97e-4819b5a414d4,L3,Tweet
79ca75e1-2a19-4737-8cf4-bc23916720b2,L3,Tweet
79cce722-9d28-4736-9d1e-b7d8b982c441,L3,Tweet
79ec9eaa-53cf-4fac-ab83-01f226b04724,L3,Tweet
79f50ec9-6b6d-4a7b-9909-7c25871d25d1,L3,Tweet
79ff9869-847c-4162-88c6-b512186d0af9,L3,Tweet
7a117141-1c33-4bdb-91bb-2afdb1622efd,L3,Tweet
7a19a6e2-a3db-49f6-aec0-b8cf9eccca5e,L3,Tweet
7a30d475-5cc3-46e5-bc97-0a1dbebb7096,L3,Tweet
7a35c737-e411-400c-88c1-8928fca9dbdb,L3,Tweet
7a42cc9d-5e30-493a-b18f-9722aff9b271,L3,Tweet
7a432238-a1a0-4ae7-83b3-3f7d2e94ae9c,L3,Tweet
7a44070a-e553-49a3-9354-b748629e5160,L3,Tweet
7a45b173-d0cf-41cd-ae88-ea8836b55571,L3,Tweet
7a519264-f394-4a40-9503-9334542ee660,L3,Tweet
7a57765a-a484-4be0-b63a-1772aea3bcb5,L3,Tweet
7a80a2ff-1d32-4b5e-b123-bda57fe2d1c5,L3,Tweet
7a8368e4-73b3-4312-998c-f33d8ed9c088,L3,Tweet
7a8f6d6a-c7e8-4ab1-bb97-05116fc0ba2b,L3,Tweet
7a9315d8-d71f-49b5-802e-44fbaea3e7ae,L3,Tweet
7a969858-6c17-412a-936b-b2486cb72a93,L3,Tweet
7aa27f4e-bd81-4052-9959-27720a9d9a96,L3,Tweet
7aa289a3-f470-4bc8-a829-c7d605a5365e,L3,Tweet
7aaa97d5-05f4-44ef-a5d7-08f1fa354e33,L3,Tweet
7ab08f33-6824-4596-a5e2-debaef0fd9b9,L3,Tweet
7ab1bee1-d01f-44ac-8520-3a707252d3f5,L3,Tweet
7acc1617-a69b-42a2-9f6b-aa801f03b3da,L3,Tweet
7accef6f-c3bf-41a2-908d-ef3630b9c0b2,L3,Tweet
7ad07227-a633-4b10-8bc3-2f7f4ba429e8,L3,Tweet
7ad1dbc6-bd8c-4c15-b925-96518b14d634,L3,Tweet
7ad9bfa2-efe1-4552-af79-33913f87b2f7,L3,Tweet
7ada3263-5640-48ad-863c-eae6687c972a,L3,Tweet
7ae54119-b3d6-476e-80e2-d688c099f8c3,L3,Tweet
7ae95a0e-f53f-4320-b583-3fdcf5e1bc49,L3,Tweet
7aec6cce-621c-436c-bec7-82374b6fcfc5,L3,Tweet
7af32543-9825-4783-a08d-14fad66ef7ec,L3,Tweet
7af56baa-91c2-4968-8a44-0ded5128a84b,L3,Tweet
7af8b77c-24f4-4530-b67b-952d54d5352c,L3,Tweet
7afc6ce8-a291-425f-abcf-211fbe61950f,L3,Tweet
7b011c0e-e0bd-463d-bf98-4b8c7f34508b,L3,Tweet
7b01a629-6de3-4c08-827d-1fbd19830577,L3,Tweet
7b0abf57-962b-4a12-9719-2b47ace247fc,L3,Tweet
7b0dc8ea-dd3e-46c1-830c-c6e9ecb900d9,L3,Tweet
7b149d05-1f10-4577-8956-9803162566d4,L3,Tweet
7b1a3bc5-9ce3-4f6e-863a-1e24e90a3747,L3,Tweet
7b1f87db-e4b5-48cf-b9e8-a6691d04ad7e,L3,Tweet
7b210578-82f8-4e3d-8f5a-36257221b444,L3,Tweet
7b28156c-8674-4b9b-a390-3264e5db6609,L3,Tweet
7b2b461c-d6d9-471e-bad9-4d420c00beeb,L3,Tweet
7b2bf0e3-4b19-44ed-b5f9-b8d4e4e1bd9f,L3,Tweet
7b483c30-fdc4-4812-b835-0f9e12d2edd7,L3,Tweet
7b535dc2-0f93-4456-9647-f51b476c9f48,L3,Tweet
7b58812f-3ba6-40d4-82fc-7ffa1cc30ec9,L3,Tweet
7b5f6b14-8990-4efc-9678-e12c8cd9bd19,L3,Tweet
7b635c96-eb74-4961-881c-af3947eb4f92,L3,Tweet
7b63c3cb-1dcd-4b51-9155-9f2cd4db06e4,L3,Tweet
7b893a58-2c57-420d-a7a5-513fe287d3ea,L3,Tweet
7b8bcb58-099d-4cad-8ca7-e01bc07b68af,L3,Tweet
7b8e6ebc-6a34-4035-a301-ea6fc23921aa,L3,Tweet
7b9a1db3-b583-47ec-9d13-f7cc5c5d250b,L3,Tweet
7ba24b80-72ba-4628-bbbf-25a6731eab90,L3,Tweet
7ba6790e-9775-4bf6-aec1-88d2f2bd7858,L3,Tweet
7bb7a677-1f77-4aa4-ab4c-c366e4c2aab7,L3,Tweet
7bc3969c-a74f-4150-b724-5d20f2415511,L3,Tweet
7bca55e8-6df6-4f01-bbc9-6e9f63830309,L3,Tweet
7bcb6c54-f4fc-4db4-b0d4-1f8aacbc56d3,L3,Tweet
7bcdcb7e-8760-4619-aa75-e2dbb8dfa7d7,L3,Tweet
7bd1b849-f489-4fe5-bf04-bc4ae1d0b535,L3,Tweet
7bd20bb9-b121-45b7-b64e-8b8e57ee8ab4,L3,Tweet
7bd93b6b-9b3e-4e89-bf4f-8459f7c06b56,L3,Tweet
7bdd5625-b9e4-4f23-93f3-f94c8bfff205,L3,Tweet
7bde6b91-6f1e-4670-9af3-49283a96deb5,L3,Tweet
7bdec3d8-4e8e-4e67-af73-4e75f456a1f4,L3,Tweet
7bdf1268-9885-4d9d-aeea-21127a9badbe,L3,Tweet
7be39dd6-79f9-4ff6-9cca-8facfc52c867,L3,Tweet
7bef88b9-40f0-400c-9a1b-20e174b2c88b,L3,Tweet
7bf0b5ce-fa6f-477f-bc7c-623d9e2eac27,L3,Tweet
7bf17ea4-e300-4f51-80b9-2cadaf4f2f27,L3,Tweet
7bf94efa-56b7-4e0c-a8c5-0b2f1c315390,L3,Tweet
7bfb79d2-23f4-4769-be53-718380a7278d,L3,Tweet
7bfc6f7c-9232-4ac7-bac1-21d0f8902745,L3,Tweet
7c00e2d5-44a8-43d7-a861-0ef681e68929,L3,Tweet
7c01af22-05a7-4630-8ddc-75ef4aed2f5e,L3,Tweet
7c06a767-6ec6-453b-8319-cd5de8a2ba7b,L3,Tweet
7c106f14-1798-452e-8235-1ee6f231662b,L3,Tweet
7c119f9e-e47e-4189-8799-9dcdaed01a05,L3,Tweet
7c120e94-c847-4d9c-a628-8a6f981619fd,L3,Tweet
7c18d49f-c2c1-4161-b017-e8f9a0539302,L3,Tweet
7c2eed8f-0130-46fd-a39e-1e3463cf31a8,L3,Tweet
7c3131b3-a94d-4001-ba30-b20c6ecab15b,L3,Tweet
7c3191e3-9fcb-4a22-80b4-09f21903b01a,L3,Tweet
7c3831e5-5368-4072-91a3-60a478195c99,L3,Tweet
7c3df9d9-25dc-44b8-bc18-1139a3b6026f,L3,Tweet
7c3f9a8d-a3ba-45a8-b36c-154d9ac9e199,L3,Tweet
7c401e0f-5437-45ab-a26d-37b2bbb14654,L3,Tweet
7c456c31-0f9f-46e6-bb81-340982b24254,L3,Tweet
7c46ce21-b940-410c-b97e-b32cba98b73c,L3,Tweet
7c4bedd3-f46e-40e1-b720-dc1f10b632d7,L3,Tweet
7c4f1d93-f4ba-4ee6-9833-07620100ebfc,L3,Tweet
7c5a5e81-d30f-45a3-98d9-12c70ea864e9,L3,Tweet
7c6d6969-dc75-48c2-a89d-3efc1bde9b24,L3,Tweet
7c7a208f-20c8-4db0-b81c-29e2b118795c,L3,Tweet
7c7c1071-9be7-4420-95fa-859f56847733,L3,Tweet
7c95b744-e814-44ad-93ba-3664811cd643,L3,Tweet
7c972988-80f6-41db-a089-7cda2edc7480,L3,Tweet
7c9c62e0-9d10-412d-8a28-7f87e4a9db57,L3,Tweet
7c9eb72d-07db-4d68-bd1e-e68ac22945cf,L3,Tweet
7ca2d82c-0ba9-42f5-8b5b-9bb46da7ad4a,L3,Tweet
7ca872e3-78cc-4288-b771-871f1fbff6c4,L3,Tweet
7ca9012d-6082-4630-988d-57c1ed8f4fbe,L3,Tweet
7cab9fc8-eb46-4198-a180-0bfe08dd5dde,L3,Tweet
7cb6d427-7ba3-4987-8351-c1d8ac5f09d8,L3,Tweet
7cbd96a1-06ec-449a-944b-c0d2be81559d,L3,Tweet
7cc04160-11e5-47d6-92bd-c552c0408ac9,L3,Tweet
7cc2996b-af87-4811-9942-06bbeb6ff9c1,L3,Tweet
7ccef203-87ea-471c-9a12-741578fcca26,L3,Tweet
7cd0e1d1-e0c5-4c13-b39c-60c1ccb23c58,L3,Tweet
7cd6877d-5aa5-4532-98c3-732c67ef00f9,L3,Tweet
7cd8ad91-52ab-4a4a-871f-bdf5d294da01,L3,Tweet
7ce28ecf-98a0-453e-96cf-d9b3cff36280,L3,Tweet
7ce2a82b-3164-4ea9-9fd7-42659aebf480,L3,Tweet
7ce6195a-9849-42f2-9544-b3aca67ec77e,L3,Tweet
7cf109c8-142b-4bbb-ac95-ef1febcb2108,L3,Tweet
7cf2a9ed-4f78-40c6-8732-53040fb4faf3,L3,Tweet
7d12bad4-4398-4a3a-8007-bec9152a5eb6,L3,Tweet
7d2e4863-5055-4739-93bf-8bcd8065524d,L3,Tweet
7d2eda6a-06ec-4360-9130-14fff21f0a26,L3,Tweet
7d34e2d1-fef6-4886-a4f6-6c0dd88184e6,L3,Tweet
7d3a9111-c784-49a6-95a2-4259479949f8,L3,Tweet
7d3de6b5-dae3-4d19-8225-82b17cb3f59c,L3,Tweet
7d3e71f4-bed7-41e0-84b0-dd5de1d3dd01,L3,Tweet
7d425311-eee9-48a0-b844-5ff9d465ad57,L3,Tweet
7d5aca0a-b9be-4385-a376-b18162d55c9c,L3,Tweet
7d66a326-6e57-482c-83f2-a6ae77788393,L3,Tweet
7d769f1b-a4bb-4388-a798-3d8bbf018c97,L3,Tweet
7d7983b6-c81f-4451-8abf-3ae2bb0807c8,L3,Tweet
7d8176d9-f276-44ed-bf7f-cd8741c6794e,L3,Tweet
7d824e20-fda6-427e-b4ed-f340d4b49b4c,L3,Tweet
7d8fecf8-27cd-407c-b0ff-842a1962c7b1,L3,Tweet
7d93bfb3-6474-40e7-8fda-a3ed8e4ae47f,L3,Tweet
7d974296-cc6f-4db1-bb32-102be90967a6,L3,Tweet
7d9c9859-9d61-49ed-94bc-2eb68ad632c4,L3,Tweet
7d9fc967-9eee-4ec9-9749-235ea9f3d588,L3,Tweet
7da92970-69d6-45d8-920d-9e9e19642c7b,L3,Tweet
7daa094c-44c5-4139-81ac-a7f162b67939,L3,Tweet
7db62dd7-80d8-47e3-96ba-50d5f4c20129,L3,Tweet
7dbea76f-458b-464d-9180-16e93df063a0,L3,Tweet
7dc5210b-1079-4b55-a8d0-e4c80bcc72f0,L3,Tweet
7dcc71ac-21ae-44d3-b881-cabaf1748c22,L3,Tweet
7ddca8c5-bbaa-4a21-bb59-0550272df815,L3,Tweet
7de2b0d8-8541-4f1a-8700-47b988acd363,L3,Tweet
7dea8cfb-2939-4827-aa69-bd55d5b420d6,L3,Tweet
7defe2d3-3de9-4b68-b432-956cda43eaa1,L3,Tweet
7df4a7ec-5bb1-4e2f-b012-a61069d57919,L3,Tweet
7df96f04-36d8-4e11-bde3-2a8bb86e6e0a,L3,Tweet
7df973cf-1db6-4ecd-abba-4aacd69ea6f6,L3,Tweet
7dfa00c9-4e95-4db4-aec4-6f65cbff5401,L3,Tweet
7dfa0ada-f317-4f61-93eb-77bdd3a69cca,L3,Tweet
7e095ac9-6aeb-4ffb-984c-03f5d5afbe60,L3,Tweet
7e0b5ba0-dd89-427e-bd51-ff3b479272b3,L3,Tweet
7e0b8603-877c-4996-a4ee-5dc4ad0453f9,L3,Tweet
7e11aa54-68aa-4b40-b13c-085f0fe00d20,L3,Tweet
7e137b93-b10c-4bec-aa93-402fd3682721,L3,Tweet
7e16f976-9092-4071-98c9-7549a3437f55,L3,Tweet
7e2474b7-dc2a-44ca-9a31-4c2b95f6d47a,L3,Tweet
7e259719-9e3d-4d4b-8f60-70a5e2c2adca,L3,Tweet
7e275f97-94d4-427d-84bb-39b8ae1d25b1,L3,Tweet
7e34484b-d07f-4d3e-862c-815790953b80,L3,Tweet
7e35ec29-ca40-4f3a-a2cc-ab0f24be7d02,L3,Tweet
7e3f9928-be13-4fa0-ad0a-ff8ced8ae2d2,L3,Tweet
7e408f6a-aeb6-4ad4-951e-18e31404df7e,L3,Tweet
7e4356cf-80f9-4388-9432-f02acd4f8a04,L3,Tweet
7e4e1771-9792-415e-b24a-ab0a8ed7f444,L3,Tweet
7e4eb466-ba6e-4f8f-843d-565b5b7cb5f5,L3,Tweet
7e578b50-0ec1-4f24-9a33-a5de86a03251,L3,Tweet
7e5c6944-8da5-4fdf-9807-b9101ff92b30,L3,Tweet
7e65ef43-375f-4130-9028-a0dd66e8c063,L3,Tweet
7e88d454-4a7d-4cf4-b012-f7ebad3aca6e,L3,Tweet
7e8dd12f-71aa-4f2d-863d-263a261deee0,L3,Tweet
7ea156a2-4639-4096-b97a-84543b7e780a,L3,Tweet
7ea75675-e1dd-457a-b501-f8f6e046b94d,L3,Tweet
7eb6c703-e3c5-4320-a673-2eead35aaf51,L3,Tweet
7eb70919-8821-4697-8fd5-ede09471842b,L3,Tweet
7ec75741-ef02-432e-892b-fbe0886bceb2,L3,Tweet
7ed99d2f-341b-44be-9379-f61f0fad7fbd,L3,Tweet
7ed9bba9-90b3-44f0-9e49-38296f71d95c,L3,Tweet
7ee87a8d-0b86-49f0-8e6d-44c3786d8a36,L3,Tweet
7eea9e21-0e07-45f6-91ac-02b2b5d0d2eb,L3,Tweet
7eecd6d7-034a-432f-8ee8-a351156329d9,L3,Tweet
7ef571c7-821c-47da-acff-91edc6ed5286,L3,Tweet
7efef0d6-dda5-4011-9ff9-09e742d989c3,L3,Tweet
7f076323-cf36-4ef0-a0a6-c66e0ef7508e,L3,Tweet
7f0a2ed7-85cd-4d3b-be2d-04d66b00fba7,L3,Tweet
7f104fe9-26fa-4a2b-a659-ae9043a73c81,L3,Tweet
7f10c027-9630-489e-b5da-ca1347a9ddb8,L3,Tweet
7f3970ae-be26-43e7-8c06-6fa4524a76de,L3,Tweet
7f3c4c3f-7fdf-412b-9de9-f19b9d68eaba,L3,Tweet
7f3fde14-f970-4eb0-b270-bce5aaa247a3,L3,Tweet
7f486f1a-29b0-411f-a88f-6ec29c1beb97,L3,Tweet
7f4f82c2-6709-4fa8-9f1a-4fc8fbcf4e11,L3,Tweet
7f652b4a-1e4d-4978-bbf4-8f827793d657,L3,Tweet
7f6903d0-dd40-48dc-bf5a-48607bafb974,L3,Tweet
7f6ab788-acf3-45d9-9923-648db1f64b58,L3,Tweet
7f6d5485-9ca1-46aa-82f2-fa56ce3fd112,L3,Tweet
7f6e70df-d2d7-44dd-b20e-026db80ef13d,L3,Tweet
7f7ba5e7-a229-4d2f-9aca-83dba8906b0c,L3,Tweet
7f885da5-d9cb-457e-8ed6-92e9170e8561,L3,Tweet
7f8d95f2-de20-4b3b-8b33-dfc87750be7c,L3,Tweet
7f8ee71d-3624-4f47-9828-3dc96320f585,L3,Tweet
7f92d2d4-2fe1-4f73-a189-97b35760eefa,L3,Tweet
7f93ba2d-2e13-48b2-91b8-a56e41e8c4ad,L3,Tweet
7f993535-c938-4795-aa50-ec60cd899ce1,L3,Tweet
7f9f9ab5-fd07-4740-9223-43570c1fa047,L3,Tweet
7fa103f0-7178-41bf-9357-9d6aeca706ce,L3,Tweet
7fc10104-861a-4346-b4be-0e5a574aa2cf,L3,Tweet
7fcad059-974e-4097-898b-9eddd5e8026f,L3,Tweet
7fd6eeed-0fe1-455e-a49b-1f63f7778f24,L3,Tweet
7fe02133-008f-4a4a-8828-3bf99019985d,L3,Tweet
7fecbdb0-ac8d-462a-bcad-1105215f07a9,L3,Tweet
7fed6185-e23c-4279-ba58-516f31c42f13,L3,Tweet
7ff1d6fd-96d9-4e0f-9948-e97ac93f04a1,L3,Tweet
7ffb150c-b403-4519-b3b8-88e674cb8b6e,L3,Tweet
7ffe8661-ef28-4513-8dc6-cb8a0c8354af,L3,Tweet
8004e230-5e38-461b-a5d8-050d290892df,L3,Tweet
8008501e-c547-4814-bdf0-ca796f267e4f,L3,Tweet
80121a06-1e77-4f70-a9ed-86044bac8484,L3,Tweet
8012c177-e698-4fdf-be96-893882a0a8a8,L3,Tweet
80186de8-981e-486f-a8a8-f3da59165158,L3,Tweet
801b95d5-a2c2-4927-9883-80e6c4098c80,L3,Tweet
801c9516-08d9-4a2d-8fa0-29c04edaf7fb,L3,Tweet
801d25fe-77a5-4d0f-8ab2-406752192a4f,L3,Tweet
801eaa75-d544-4ddb-a769-979855c56dad,L3,Tweet
8020a7fa-8915-45b0-bbaa-195ccad5ac0a,L3,Tweet
80272de6-c104-4cca-957d-973f87816926,L3,Tweet
802fb64d-f91a-4d45-b155-1187495e05f5,L3,Tweet
803aaec1-f058-4302-a112-ff317db48e24,L3,Tweet
803d71b5-1bac-43b2-bfc9-97c67285ec25,L3,Tweet
803fdfda-3509-4718-9cff-df55bd6f56e4,L3,Tweet
80432ea5-2ec0-4f9d-85c1-9eb0b21403ba,L3,Tweet
804f7cbb-ed33-4626-9f08-31d703ce0314,L3,Tweet
80514a7d-65d3-4051-a927-2a79599009e8,L3,Tweet
80556043-b02e-48a9-9f69-545bd58077da,L3,Tweet
805c4dbd-9d2b-499f-8d8b-e26ceaa2220c,L3,Tweet
80607187-bae2-4509-b365-cb982fc19a06,L3,Tweet
807136d2-cc52-4817-a573-357a07f86bc3,L3,Tweet
8083c99f-cd9d-4a9c-b752-64860c485df9,L3,Tweet
8085eb9d-1dc3-4335-8bbc-f7835a720483,L3,Tweet
808bee09-6a53-4d14-9d5e-d16516091b5b,L3,Tweet
8090432d-1264-4e81-85db-8509a12a04b5,L3,Tweet
8096f6cc-8bf0-43a8-884e-280c65f391e7,L3,Tweet
80abe9f8-9be2-4fa5-96dc-0740bd5abec4,L3,Tweet
80af2f7a-1a3a-4534-a8e9-4aebf06e80dc,L3,Tweet
80b1a0a5-a82e-469f-8a39-891763a843a7,L3,Tweet
80b3d020-1549-43a1-b4ed-a288271f52f0,L3,Tweet
80bbed11-f03b-4e65-8775-4c1328e5fd06,L3,Tweet
80bc6df7-b116-4ea3-97b1-bed62000df95,L3,Tweet
80be871d-300d-4a6d-8153-a95753bfe7e9,L3,Tweet
80bf78fc-71e4-4099-ad33-2ee7196c1114,L3,Tweet
80c3cc29-e328-4a62-8576-c8244cb7ddc6,L3,Tweet
80cd74a7-bb14-4550-936a-24a75958cd62,L3,Tweet
80d270f6-7c1e-4e1a-bfc2-005ae6d77575,L3,Tweet
80e79251-4f7d-4591-a0f2-80057d946499,L3,Tweet
80f3e8be-30ae-4135-aaf5-1a49204c79a3,L3,Tweet
8105aade-a9b2-445e-8f71-8d7e95a3cf2a,L3,Tweet
810ea01c-cf22-4ca6-9c08-f44592e13d7c,L3,Tweet
81197055-305d-4d5e-9fcc-9736a7904fb8,L3,Tweet
8130ab90-323a-43f0-839a-15f4327816fb,L3,Tweet
813b9825-a2d5-465f-803d-bb6fef996230,L3,Tweet
8143b529-c71a-4d70-8211-ceff6da30b48,L3,Tweet
81443712-1d9e-4421-8069-d30be6c867e4,L3,Tweet
814b8965-97f1-416f-93e0-c2fab6b8f0b3,L3,Tweet
814f18a3-53ce-4df0-bb75-65c1e151b5c1,L3,Tweet
815b1fc8-a144-4f7b-a229-3cbecb5adba8,L3,Tweet
815bf4ab-4901-4120-bdfb-807d81f81bf3,L3,Tweet
815dd606-370a-4383-b4a1-0a75f6e69725,L3,Tweet
81604306-1de0-4398-8124-9e2ed5cbc215,L3,Tweet
8161996c-0ada-4bf4-a74a-9e8384ceedc1,L3,Tweet
8163e0d3-12fb-45f2-a96f-6cfb664633ba,L3,Tweet
8164a3d0-2ad8-46c2-8945-e4b023ab4fdc,L3,Tweet
81652585-8e51-4623-8e38-8d05b115e44c,L3,Tweet
8165715f-124c-4dac-8f6d-fc98e2b34572,L3,Tweet
816e405a-7d5c-456a-a659-1e205185a7d3,L3,Tweet
817cd701-acdf-4e95-9281-94012c8a7b74,L3,Tweet
817fe64a-61b2-4877-8919-76f20e4b980f,L3,Tweet
81819c14-1f43-443e-9cb9-9eb3816471b5,L3,Tweet
818b0d0b-6560-49e3-9e97-91e0bf41fb11,L3,Tweet
818b1c52-ef3e-4b39-85e0-531cd2de32b5,L3,Tweet
81923ad7-a649-4cab-9856-554713189a1b,L3,Tweet
8195696b-6d40-4761-af2a-772c3ccb7b96,L3,Tweet
819985f4-ec52-4a92-8a44-8ad4938adae9,L3,Tweet
819d10da-257a-49f5-a65e-4f318315ad1b,L3,Tweet
81a1a218-0a0c-49f9-a4d3-9cb8597c757b,L3,Tweet
81a332d2-9010-40cc-a315-afe09da05ccf,L3,Tweet
81a3bb96-501c-4f36-b0f0-23a6ee5d18b9,L3,Tweet
81aab470-c4b1-45e6-8033-cc8deca04936,L3,Tweet
81ac8edf-8027-4892-9b43-919f04f32284,L3,Tweet
81b22b63-9181-4101-8a2f-aff9838dcf4d,L3,Tweet
81b3cb47-cf2d-4dcb-b16d-9d21a17c1247,L3,Tweet
81b92d30-5813-4ec9-817f-85914f29fe70,L3,Tweet
81becdf3-9ba7-4a59-81f1-c37fafe733fa,L3,Tweet
81c4d27e-2efe-4db8-89dc-c62c5526b212,L3,Tweet
81ca555e-9c75-487e-8e3b-b54c65441e93,L3,Tweet
81ce9027-f54c-45fa-9aa1-afddb76146cc,L3,Tweet
81d9c84e-c67c-4a56-93bb-11d270719765,L3,Tweet
81de854d-c44c-4408-b556-9a1e02a18a95,L3,Tweet
81df0f7f-afe4-45ef-84ba-34be265cca68,L3,Tweet
81e90a48-2185-4174-b69c-0712f4131976,L3,Tweet
81fbe2f4-0cdb-4542-a58d-37e926a36410,L3,Tweet
81feba68-d676-468f-874f-6a721a24c3c5,L3,Tweet
8201566b-40d9-4977-b648-4dbdea423155,L3,Tweet
820e1dd9-a0d2-49fb-b6ba-b0c4174a1192,L3,Tweet
82101f82-d957-4bee-9d90-12256e6f9ba0,L3,Tweet
8216b1fd-148b-467f-894d-40eb237116e2,L3,Tweet
821a7e34-8806-4837-be4c-7d28c0860cf3,L3,Tweet
82243ea0-8eae-4b33-9a0e-2147f645cdbb,L3,Tweet
822eaf00-1021-444f-9edb-66dee4faf16c,L3,Tweet
823a8748-274e-43c7-b4fe-5737bc247732,L3,Tweet
823bfd53-f6e9-40d8-bb1a-8bc98a447f6c,L3,Tweet
823c3af8-b3ab-4e76-8781-7afd3e8307f6,L3,Tweet
823e6450-a1ea-49f1-9821-d5359ca5e506,L3,Tweet
82441298-f46c-4613-8da1-0e19e63cde33,L3,Tweet
82445211-d6a4-4910-81f9-ca4f1eac0140,L3,Tweet
8245899d-f520-4bf5-884f-f95518c78394,L3,Tweet
824ac182-ce8f-4609-894d-cac6072e7ebc,L3,Tweet
82618497-17d4-4a71-9664-39b45af4fdc6,L3,Tweet
8264b225-e67c-44fa-ae52-9b892cbadab7,L3,Tweet
8268b95a-3110-43f9-a946-6ecbb3946043,L3,Tweet
826df941-08c4-4c6b-b948-913a9a42b4c0,L3,Tweet
8271dab2-33c0-4d8e-b0ff-61a81ab97e8d,L3,Tweet
8279da92-846b-45ad-afc2-e19727c6cdfb,L3,Tweet
827abf92-3e4d-4307-8113-1caeb9268c18,L3,Tweet
827b3a9d-1cff-4eac-acfb-edc1bbe28434,L3,Tweet
827bd64c-b2f0-40b6-bb5e-ec10aec251c2,L3,Tweet
8283522f-e73a-4dc1-89e7-f20f1a662701,L3,Tweet
8283d11b-2a3a-4c9b-b1c1-69054e3a1d8f,L3,Tweet
82996d2c-5cf0-4ec2-9a77-56b0813c47ea,L3,Tweet
829c7a66-cc95-4b76-bd4e-3dae23708c19,L3,Tweet
82a1b083-f9d1-4919-92d0-c7ef05025758,L3,Tweet
82b3ca55-7b60-4640-86c0-eed7144d9b61,L3,Tweet
82bccb01-b9df-4025-aa4b-f040ebad2b7f,L3,Tweet
82c15e4f-0e2c-4972-8ed1-5657a00bcc47,L3,Tweet
82ca288b-33f8-4a5b-a399-4fc6e778744f,L3,Tweet
82cbf7e5-04d3-411c-8acb-7baba4d2b29d,L3,Tweet
82cf9bf1-35d8-4693-a1cf-ee6e31884fc0,L3,Tweet
82d14fc9-071f-4fd6-bf5d-ca33274aad1e,L3,Tweet
82d5217c-31f7-4f63-8db5-b38846aa6c45,L3,Tweet
82d6e4aa-9372-4bce-ac02-813e8657da8f,L3,Tweet
82d965f5-c4cf-4dd1-8975-6005d17af317,L3,Tweet
82defdee-140f-4002-ac3e-81281f91db21,L3,Tweet
82e729a9-743e-4809-ae6f-3b8e61d0ae60,L3,Tweet
82f808bf-3106-4676-a45d-137d1cd50c37,L3,Tweet
830977e0-c627-4aa1-bb9d-c5e1b112c9a0,L3,Tweet
8311afa1-cf74-4907-be29-dddf947703a9,L3,Tweet
8311f7aa-c16b-4bd2-bbca-4a0e893880e4,L3,Tweet
8315aeb7-d78f-4bdb-95ca-9aea183887cb,L3,Tweet
8324d03d-df69-433d-aceb-56786b187369,L3,Tweet
83282b3f-a923-471e-9974-e91355ea7403,L3,Tweet
8329b6b9-2be6-446c-8e20-bc83b1ea1406,L3,Tweet
832ef466-5cf3-4333-a46a-56d50adea140,L3,Tweet
83383a51-de86-47b3-93c4-72f0c6b2e2bf,L3,Tweet
833d089c-e3da-4cac-8ba9-2237ff39b4c6,L3,Tweet
833e0f61-efce-43d4-a4b7-ae16291dcb2d,L3,Tweet
8347283f-a5c6-434e-ad2b-5e44a9ae0f5e,L3,Tweet
8347d2aa-174e-478f-af27-9174a9749b6b,L3,Tweet
8356983e-87cd-48bd-81e9-2d5c65fba15f,L3,Tweet
83582f97-e0a0-4c34-b363-ba8b98811675,L3,Tweet
835b1fcf-b827-49c0-95c9-cc1564c7309a,L3,Tweet
83651d3f-3a00-40a8-a3ce-966e6c58232b,L3,Tweet
8369f943-a423-4fca-9303-ea2ff18323ae,L3,Tweet
836f44c3-6c35-4399-9013-af6ad95aa446,L3,Tweet
83707c3f-133f-4ab1-88d4-dd2387e435ae,L3,Tweet
83829cf7-650d-491f-ae24-0ce9ae217af2,L3,Tweet
8384196d-ef81-4f96-b4d3-75d42a7733ff,L3,Tweet
838c6e30-ef4a-4f89-b686-ec0b0cabc905,L3,Tweet
83932a40-6aad-427d-9bf6-a5834deed3df,L3,Tweet
83990613-59e3-4e31-9983-e47e70ebf401,L3,Tweet
83a0e969-dad7-4542-84a7-8547b4a3c7d0,L3,Tweet
83b19907-558a-49c2-a4a7-978fc36f845d,L3,Tweet
83bae413-d527-40b6-9b06-1baa4ab5a26c,L3,Tweet
83bfbc0a-59b9-4cc2-bb18-cec5f03eaf9c,L3,Tweet
83c38cec-27aa-47de-bba9-2f8e22ed1dab,L3,Tweet
83c56db0-efd1-45dd-94fd-10e1fe95c03d,L3,Tweet
83ca17eb-7c1b-4b2e-b38b-74109fbedc57,L3,Tweet
83ca9309-11df-459d-80e1-e07185c055db,L3,Tweet
83e0e225-cc50-4684-b4dc-aef2498f3737,L3,Tweet
83e322c9-06e6-40db-9edc-bd95f5b1c54b,L3,Tweet
83ea9676-954b-47bb-9401-fa906139f2dd,L3,Tweet
83fb3a47-a065-487e-91ca-458059373a3b,L3,Tweet
83fceab2-0c33-4b10-9c66-feb01d136950,L3,Tweet
840cc1f2-40b8-4e41-a147-f780343bee85,L3,Tweet
840dc2b6-7bc7-4d68-ac5d-54d7b99ce932,L3,Tweet
84102220-8b29-4d71-82a3-9bcb63e8feea,L3,Tweet
8413b9c6-17ed-4bc8-a68b-bea708c4eefe,L3,Tweet
8419666b-7ba7-4b94-bf96-d42f600ec6ac,L3,Tweet
84255b25-6de1-4851-8029-71539124a883,L3,Tweet
844357ed-a138-41b8-be22-aa87ed4d0473,L3,Tweet
8454b813-9e23-4ca9-9edf-b77efc49ef29,L3,Tweet
8457359a-ade5-474f-aa0c-94bd2631285d,L3,Tweet
845ef4c1-9d23-4cdd-8231-9b0d7af1d967,L3,Tweet
846261ec-f625-498c-9460-72a5d9728b45,L3,Tweet
84645602-8cd7-4154-8b66-a08a8ba0301c,L3,Tweet
84681fec-ac76-4327-8794-375d5458db16,L3,Tweet
846a86ca-eeba-4212-825d-c52b27548a74,L3,Tweet
846d3268-5cce-491e-ab08-70982954ea7c,L3,Tweet
84763a0e-7a69-460e-a4a9-f45dab14ecb6,L3,Tweet
847d913b-3dc5-4822-89bb-e354d66451fb,L3,Tweet
84844a9c-542b-42a5-b093-53763bd8917c,L3,Tweet
848896ea-c2e8-4157-88fe-e95562ff43b1,L3,Tweet
848ab5d1-4394-4b2d-8dcc-bc0de7c2b6b1,L3,Tweet
848e3c31-fb24-428d-990b-dfb94c88c222,L3,Tweet
8492179d-c876-4b8d-b3dd-c391f3433937,L3,Tweet
849346ba-993f-439e-928d-9063b0028d03,L3,Tweet
8494ea37-ce42-47e2-801b-2694378d7115,L3,Tweet
8496d7bc-1e8a-4aea-bbe1-7f386cadc670,L3,Tweet
849ccfe1-6f0b-45b1-8577-8657284d765b,L3,Tweet
849f7064-ef83-4220-8080-124e2fdcb83f,L3,Tweet
84aba50b-4e49-412f-89d4-582ac78c5139,L3,Tweet
84b2a2e0-835c-4909-92f3-62d5c0a52b6e,L3,Tweet
84b6438a-8537-4b63-9e88-33120c38a730,L3,Tweet
84ba55d8-b5d9-4c43-8503-7723507644d0,L3,Tweet
84bbb6fa-18eb-4689-85fe-1e3f29c82b9f,L3,Tweet
84c81037-2f90-4569-93c6-9f6a9c6bc1be,L3,Tweet
84d081b8-a02d-43f2-b6a2-482528f71d7d,L3,Tweet
84d4b974-96dc-4e7c-b5f7-b8782b56f7c4,L3,Tweet
84da51d5-fad5-4154-837d-cc6324a9330f,L3,Tweet
84dc3017-e933-4c37-9bef-6b57476f3381,L3,Tweet
84e132d4-480b-47e5-9e3d-7d11ea362d69,L3,Tweet
84e509df-1fa0-48dc-a35c-8543c6354da7,L3,Tweet
84ece12a-f331-4b39-a6a1-9a7d4413db57,L3,Tweet
84f0ebb8-1e1b-4c20-88ad-9433ea60dda9,L3,Tweet
84f51bb2-88fe-4708-ba99-898dbaffa943,L3,Tweet
851525ef-ab64-4b74-83b6-4204ad634f1d,L3,Tweet
851fd389-bfab-435f-a0c5-ed3a68c521f0,L3,Tweet
85311448-3065-4ce2-9d06-6bc97293be9a,L3,Tweet
853b3868-8bd8-4fee-9389-ef198932b3c1,L3,Tweet
8543296f-28f2-44b8-8f50-c4dff9ca4ec1,L3,Tweet
85446f40-69b4-4555-bc5d-38db1b7f89dd,L3,Tweet
854e7722-fb59-4e4f-8a45-00b3ad830870,L3,Tweet
8553d09e-ef96-476d-9ec5-9fe2937013d7,L3,Tweet
8568516f-2f4e-4bfa-9afd-0bb129503b34,L3,Tweet
856b1d74-0590-411d-ae76-b09fae1eef1d,L3,Tweet
856e77c4-ddc4-4230-a684-af8afd9ac1f5,L3,Tweet
8576e06c-0799-4eef-b2fd-937bc6aedc39,L3,Tweet
857b5663-42af-4078-8dda-a3295b5bc2bf,L3,Tweet
8588ebc8-9b63-49fa-872d-a37ddad6d739,L3,Tweet
858e2863-408f-4a83-9af2-e218761cfa33,L3,Tweet
85928a05-0853-4c7f-9b37-1d17870581bd,L3,Tweet
8598642e-ea13-4632-8430-f9b128a74bf8,L3,Tweet
859c1133-a33e-456d-a80e-714ac499d7c6,L3,Tweet
859d7e82-c297-43ff-a1a6-982d129269a9,L3,Tweet
85a902d1-96df-4824-a75a-b1209997f4f8,L3,Tweet
85ba9de2-9412-484b-8df8-ee07b2ae2fd0,L3,Tweet
85be6b6b-2be6-434d-85e2-137ea0702000,L3,Tweet
85c7d73e-c870-43b1-8234-10956fc54187,L3,Tweet
85ce4de8-aa9a-4bdb-9d55-9241d2118460,L3,Tweet
85d44d3a-2155-4f8f-a21b-67653b3cb512,L3,Tweet
85da14ef-080e-474f-bc95-d6ec3fce05ec,L3,Tweet
85f81f05-1963-48c8-85aa-559d64b44118,L3,Tweet
86052375-8e2a-4268-9278-d28eac74ef1b,L3,Tweet
860633cf-844d-4a8a-9562-64b76a068e6d,L3,Tweet
860b91c2-bb36-4d4a-8a64-eb965884cc7f,L3,Tweet
861b37a8-34ee-44a7-aa47-5e5625484abb,L3,Tweet
861df1aa-ed37-43a1-8c1d-d04e151a1dfa,L3,Tweet
8622d2ce-b2f2-4aaa-963c-1c827315d040,L3,Tweet
862b7256-8743-4f17-8356-b0361371171c,L3,Tweet
8630b06e-58f3-4bd8-8377-0f7ecef7fdaf,L3,Tweet
86386970-59a6-4581-b804-2fa22b9cc8c8,L3,Tweet
863e5597-e31f-4a74-a8b1-989f0fa97491,L3,Tweet
8647ffff-c72f-4863-a43d-e14782351f26,L3,Tweet
864a7afb-5207-4e82-8b48-f09b1de1b680,L3,Tweet
86581d34-b41e-44f6-925d-ca3bf2708500,L3,Tweet
865cd70e-205a-43fa-84af-e1f3b8bfe2b1,L3,Tweet
8679b7c5-8880-4554-9e46-0cb1153172e5,L3,Tweet
867c0fb1-25fe-4304-99ad-54aa1c96e5e0,L3,Tweet
86816256-0d94-4303-a636-f0198b6a593f,L3,Tweet
8696626e-4d95-496e-8689-97a52691b65f,L3,Tweet
869827c4-40d6-4312-b033-d5578c5926b5,L3,Tweet
86a46b00-d88d-4b5d-a97b-6cf35cd9f3c0,L3,Tweet
86c3131e-35d5-4ad9-aad6-b79eb9867d4c,L3,Tweet
86ca1702-16b1-4365-9ded-15a725aec6bf,L3,Tweet
86cde205-2240-4923-bf49-cca7fbe8b306,L3,Tweet
86d752d9-00e2-4847-a276-29ea7a42f319,L3,Tweet
86d8a3a6-4c0e-43dd-ba8b-35cd99443d2e,L3,Tweet
86d95c1c-b188-4886-a28f-dabc4861205e,L3,Tweet
86e15bd8-fe5c-4a72-a79f-94dfb2077740,L3,Tweet
86e22070-f38f-4e73-8db7-7fa3b5b1fb50,L3,Tweet
86e6a561-1054-4a0b-a40d-91ca37b7f807,L3,Tweet
86e90333-316c-4538-8a2b-96417b6ae133,L3,Tweet
86e98af1-e829-4fdc-bd8f-ee1be0bc1e3b,L3,Tweet
86ee0c42-f479-44fb-b509-417345ccff9a,L3,Tweet
86f871f6-4383-4665-a52d-929834b171c8,L3,Tweet
86f9d4a5-9c1c-4ee7-a721-352ec03c19c5,L3,Tweet
86fbe55f-fbd0-4a70-8373-9471336290e3,L3,Tweet
87031f7d-5982-4b22-9923-60ad8f462298,L3,Tweet
8707d2ac-3873-41fd-974b-74b6c66bb3f5,L3,Tweet
8707d4c8-7579-4e7a-97cc-80288d3a2e37,L3,Tweet
8724ecc0-fdc0-4a56-b2b1-9ba7850ccf86,L3,Tweet
87258773-1b89-4799-a356-b8dfe6c61364,L3,Tweet
87270330-07cc-4035-8b58-549ae5f81060,L3,Tweet
8727e85a-f134-44cb-af2a-ca69d66e7bd5,L3,Tweet
872e2d47-faba-4c90-b808-efacef66157f,L3,Tweet
873a3177-b3d4-4d72-a908-6992644366cf,L3,Tweet
873a7372-4934-4c49-aa05-ed0c8deb463e,L3,Tweet
87448c95-89dc-4353-a554-77fefba8cda4,L3,Tweet
8759f7e0-4976-4349-a257-277bf6b413a6,L3,Tweet
875f1cb0-d994-4490-8216-f8b6669aade8,L3,Tweet
8761735b-43fc-4622-bf2a-4629fcc032c3,L3,Tweet
87627dd0-4e62-40e6-9f7a-179e7e1c7034,L3,Tweet
876a1892-94dc-4e3e-8e8a-45c056adc74b,L3,Tweet
87726587-62af-41c9-a7b1-2ddd166dc413,L3,Tweet
877352ba-cfa9-4cee-af00-84a9644d402a,L3,Tweet
877f9e9f-ba84-4dc8-a55f-3bd2bb6896ba,L3,Tweet
8781e89f-ada0-4a12-8c4e-f5b84a578cce,L3,Tweet
87823cc3-ee25-4a46-bed5-41fce81a74ea,L3,Tweet
8785afa5-c2b2-4c21-8f80-699f838833d9,L3,Tweet
8792490c-7b47-4877-90a3-ab9a1fed4d9e,L3,Tweet
87961c49-07cd-411d-999a-6d11e8a0bea3,L3,Tweet
879c4b06-c6fb-4c74-a00e-809f722b524c,L3,Tweet
87a00eb2-5fdf-4ea9-8a71-f2bcc1fae61b,L3,Tweet
87a1a532-7c5a-4706-9eac-cb59c1af9d8d,L3,Tweet
87a1d5a4-fbe3-42ea-a867-f176c95c4540,L3,Tweet
87a594fd-907a-4a5b-9da7-97967e643183,L3,Tweet
87a8304b-4b9b-4c20-b89e-79f7d779e894,L3,Tweet
87a9c0e5-64f0-41d1-845a-c80880f0562c,L3,Tweet
87ad1822-f7e0-488a-b161-04805946fabb,L3,Tweet
87b1bb73-2bcf-4a73-b63d-bddbb650194b,L3,Tweet
87b3560b-94d6-493a-86bc-97f23c50f829,L3,Tweet
87b91ff3-3948-477b-96ec-e650b9a6d8cd,L3,Tweet
87bf1db5-01c6-46ca-8344-57c92741eb86,L3,Tweet
87c16c15-a4b6-4228-9924-114fa12a9df2,L3,Tweet
87c6b6c7-0789-4274-8e95-e9fc3dbc19ea,L3,Tweet
87c8e449-385e-4ee6-b98a-3f881ce7c8ae,L3,Tweet
87d13d53-eabd-4a14-80d9-a979a19be2a1,L3,Tweet
87e7ff57-0ca1-423e-84f2-3f88dd96a735,L3,Tweet
87e82178-dc64-4403-9fc7-f3e5f86d52a9,L3,Tweet
87e924db-0d3e-4c62-abfd-1c8e2b1e5f53,L3,Tweet
87f1727f-b980-4d47-8b65-8b41cc22293d,L3,Tweet
87f50af1-9cb7-4ca9-97f1-1f6b12e88e07,L3,Tweet
8811df31-26b6-4288-ba42-7027013d52b6,L3,Tweet
88158a03-4118-4299-94d2-74a93c25c475,L3,Tweet
88251de5-c320-4252-b9e6-2f654880fe69,L3,Tweet
8827eaa4-29a5-423a-a3c8-4820243ee373,L3,Tweet
882f62e3-308b-4230-b20e-6a22940cc50c,L3,Tweet
883b9044-9013-490f-bce7-837ba645c25c,L3,Tweet
883efd1a-1748-46b2-b4ec-29f9b7521932,L3,Tweet
8848e734-c959-49b1-8ca8-1999237e92f8,L3,Tweet
884d475e-813a-4c58-be4b-b5f4ef36311c,L3,Tweet
8851cb30-3cef-4e9e-80b0-c4bcd4c29d45,L3,Tweet
885777e8-0c3d-4a82-b950-59e476a4b902,L3,Tweet
886fd3f3-e69d-45b6-a8af-cc94401e2d44,L3,Tweet
88734470-fa45-48d3-9bc0-161b46af3f01,L3,Tweet
887f088d-f919-439e-852f-cc5bf7f8cc7c,L3,Tweet
88851f26-b4bd-43ee-8bc6-844331a30488,L3,Tweet
8885f093-5cd1-4ca0-95fd-f3597f0dcd68,L3,Tweet
8886baa4-4a99-421b-a7c1-6314fbf035d7,L3,Tweet
888aff63-e832-4a0d-be08-f28a49d04bd1,L3,Tweet
88912d54-b7a8-4ce4-ab7b-b1745afe1346,L3,Tweet
889885a3-39c5-46ad-8c40-1d13a9b1d3fb,L3,Tweet
889de10f-1e93-476d-b632-23b537f0323d,L3,Tweet
88a1c707-4582-4bd4-8ad8-04fe8dc17c3c,L3,Tweet
88abd15a-032f-4dd8-9482-fed151b7a97a,L3,Tweet
88ad9546-9ad9-472c-b051-97a3e6d95396,L3,Tweet
88b3c030-963a-4b49-9d91-26b08d585d9a,L3,Tweet
88b64b4e-6429-4af2-a2a8-c33e628057dd,L3,Tweet
88b8694e-19a6-4c86-b986-9edf591c6bfe,L3,Tweet
88be6915-c716-459c-9334-e459f14a395c,L3,Tweet
88beb74b-acd8-4d04-9d3d-8fa449c998ea,L3,Tweet
88bf82a9-df99-4357-afc4-5241e15066fb,L3,Tweet
88c6ba0e-59ed-4967-8882-0602bd827b7c,L3,Tweet
88c7f107-ec9f-4974-aece-39c750335b41,L3,Tweet
88cd19b3-6e12-40a9-be19-497e6d35ba12,L3,Tweet
88cf0ff0-3fa8-483f-9b7e-882db7bccea9,L3,Tweet
88cfd4b9-8af5-4428-bfb0-d8032a6b263c,L3,Tweet
88d341ac-50a1-4400-8327-6858c483cf4a,L3,Tweet
88da520a-14db-4a6b-8d5f-b6683d015077,L3,Tweet
88e2c81f-68be-4a63-83a7-88032bf19747,L3,Tweet
88e61df0-039a-47af-8741-86ae7577c342,L3,Tweet
88e98829-10ef-4445-a9e1-523d3844be99,L3,Tweet
88ed9c70-e083-4406-9c51-5997a3f54c02,L3,Tweet
88fcbb6d-f81c-4473-b541-142d083188a8,L3,Tweet
890490e6-4eb7-4719-93ab-50294a635911,L3,Tweet
890ac8a6-fcc2-482a-a641-38144a86813f,L3,Tweet
890ae6a1-d112-4131-a795-23d46614c89b,L3,Tweet
890edc97-82f4-479f-ba31-0ee70cd6551b,L3,Tweet
891325ff-e527-4d91-86e2-368dbc35b3e9,L3,Tweet
891686fd-6f36-4eca-a251-18e1a7bbf974,L3,Tweet
8927d171-7059-407e-9ef5-aec5a046c60a,L3,Tweet
89453f93-b609-4a2f-b39d-c1946029e652,L3,Tweet
894653d9-4827-4bdb-ab4a-78ce3bfb572b,L3,Tweet
89489e4f-ec02-4374-84b8-b712f41bc321,L3,Tweet
894bb387-54d7-4d37-9855-e1e0f3234255,L3,Tweet
895f0ef1-d2fb-465f-a40f-9163a87fd2ec,L3,Tweet
895ffa56-367f-4718-bd26-e98d980658a5,L3,Tweet
896cc60a-23ac-4ec2-9331-b74a2725c65e,L3,Tweet
89753393-5098-439e-8447-3703ff6dd6f3,L3,Tweet
897aa474-56be-4693-a4a3-6823122cdcf4,L3,Tweet
897f3d54-04af-45bf-9be5-a9ff742ec002,L3,Tweet
8989dd97-fa57-459c-8018-aff8bdb02973,L3,Tweet
898aefac-bd62-4d69-86d2-888cf6f0774c,L3,Tweet
898fdc9f-aa8d-47f5-a175-2fc08995854c,L3,Tweet
8991f58f-5e5b-48da-9690-66fd2d639d1c,L3,Tweet
899246a4-94ad-4510-b533-2415c6fa3a6e,L3,Tweet
89a0bf11-f86b-4529-b77e-7d7fa000a08b,L3,Tweet
89a22433-4da4-4486-9c5d-ac7019416cb6,L3,Tweet
89aa2688-4214-49c2-895e-afc7dc49c0f0,L3,Tweet
89c3894a-d47b-4c3f-9975-cfca08db0836,L3,Tweet
89c9623c-3e2d-4bc2-b97f-66757e48544a,L3,Tweet
89cfb9b0-7557-49a4-ab21-8ad4d36b7a7b,L3,Tweet
89d0d8c4-f971-40bd-8989-fe105b4c4fdf,L3,Tweet
89d9dd03-2cbc-49f5-81e3-329d225b35bf,L3,Tweet
89e14a9c-f36b-48c3-974d-5ab46c1e299d,L3,Tweet
89e386d7-1b29-4a5d-a1b8-320f61066c98,L3,Tweet
89e67173-540d-4c97-ac93-59e02e872c0b,L3,Tweet
89ed432e-5785-4ceb-a84b-584cc428853d,L3,Tweet
89f16ad7-ecf8-44d5-aceb-00e8b56bf60f,L3,Tweet
89f20f05-75cd-429c-89b5-cbe140bb58ee,L3,Tweet
89f2daa3-8b2d-4cbd-bd02-4fced68294c0,L3,Tweet
89f76b88-f256-4d5f-af6a-e93a3c82f753,L3,Tweet
89fec03e-da54-4f80-a57c-379e6d264828,L3,Tweet
8a0e3db7-cc13-417f-8145-950555ea859b,L3,Tweet
8a1155ac-bf9d-487c-b9b0-d612f009161c,L3,Tweet
8a196ab6-f8d8-488a-bd39-922cd61b5d8e,L3,Tweet
8a1adce8-3699-4518-bc49-331ee19d9659,L3,Tweet
8a1d3c2c-a4d0-423e-91d1-4d8d22bd5511,L3,Tweet
8a1f856c-e736-4021-b37c-dd9739e9cfdf,L3,Tweet
8a249270-a0f5-44fa-bc1b-979dad56a05c,L3,Tweet
8a26ace4-9fcd-4da3-abd5-3c82e24563a1,L3,Tweet
8a2aac85-a8f3-4e81-bc7e-d278e091dcc6,L3,Tweet
8a4adc6f-be02-4ed6-8f0b-418450da3352,L3,Tweet
8a4c1f30-7145-49af-8a4d-70884ff09f8a,L3,Tweet
8a4faa29-1253-4c88-a2b8-8bc75a74700c,L3,Tweet
8a515c86-2569-4ddd-a596-b7f971e765c3,L3,Tweet
8a569afb-a739-4732-b4a3-2d61fc4d2f4d,L3,Tweet
8a5aaea1-a563-46c8-8c95-4bb970aa9010,L3,Tweet
8a727c19-2545-4ade-a5c7-da7a18ac37f3,L3,Tweet
8a758818-0c4c-439c-8672-65662e711a12,L3,Tweet
8a768d86-4c6a-40ee-8a82-86ef7081198b,L3,Tweet
8a78edab-ac97-4425-88a4-eec4cb2d6894,L3,Tweet
8a7a222d-07e3-4e26-a73c-eec4606e92f7,L3,Tweet
8a7ce97f-03da-4f39-aaf2-05e63a1e0204,L3,Tweet
8a7e19eb-a15e-4b38-82d2-1ffa95472589,L3,Tweet
8a800792-7af0-46e7-a9d1-e0df78a41d85,L3,Tweet
8a8b4dc1-ff2b-43bb-beb0-a2dd01a94143,L3,Tweet
8a8dff11-c0ba-47bd-9cfe-3ed7896b3565,L3,Tweet
8a92d149-2aba-455b-92db-37c65dc819d5,L3,Tweet
8a939f7a-0f12-4a2e-aab6-54202cf07f9d,L3,Tweet
8a94360c-d5eb-4c6c-b747-961ce2074b4d,L3,Tweet
8a9480ed-0d70-4561-8d12-d65135b34ec7,L3,Tweet
8aac49f7-4587-4806-ac01-4428fb353c51,L3,Tweet
8aad69f2-4fe7-4f8f-8477-2f33ef8de7df,L3,Tweet
8ab1e13c-26da-4b2c-af68-7ed4d9273bf9,L3,Tweet
8ab89313-a3fa-47ec-81e2-22eb5f83f3cc,L3,Tweet
8ac42e10-4c7a-48f8-b4a6-05e6fb70ec5d,L3,Tweet
8ac71070-3faf-4851-8fa3-335139b50f40,L3,Tweet
8adb2e30-6398-4380-a58d-3e642acfbd64,L3,Tweet
8ae99432-3966-43c6-b931-fc2f2ac76d84,L3,Tweet
8aec2501-ecfa-4e4d-8d3a-7785fa58a713,L3,Tweet
8aedb8c7-70a4-43e9-9254-85e91757abb1,L3,Tweet
8af011bf-da36-4f72-9116-c3df2586ae6f,L3,Tweet
8b032998-ccc0-47b9-92ae-5aceff68af12,L3,Tweet
8b056bcf-328c-494a-975c-fe211c5246a4,L3,Tweet
8b072ba1-8924-49d3-bdc2-51c7b42a8a42,L3,Tweet
8b0c34ce-1425-49ef-9052-d65e849578f9,L3,Tweet
8b0d3802-56a5-4c98-9ebe-367ea79e76ed,L3,Tweet
8b1382de-dcb8-47e1-a99d-263c714d54ec,L3,Tweet
8b141a3c-3987-4072-9e27-2691b8f09795,L3,Tweet
8b15200e-7c58-4910-ac2e-9ba1e7628dd4,L3,Tweet
8b22b545-3804-47a0-a1d6-5845297860cc,L3,Tweet
8b2659c9-0e20-46a2-97dd-28197ca2e89d,L3,Tweet
8b294b17-33ec-4f4f-87b0-54425ff0f731,L3,Tweet
8b2e6b45-c169-4a7c-93c6-a5521a4ec651,L3,Tweet
8b31b7d1-df76-43b7-a1df-5e91d8850a76,L3,Tweet
8b322517-b641-4ed9-8f1b-7cf1511e592f,L3,Tweet
8b3ae18b-062a-446d-a149-c99090e9fa34,L3,Tweet
8b3bea63-f184-4f6c-901d-255f2ad63dda,L3,Tweet
8b3e2ec5-4f6e-48ef-b2de-22dd23d3e5a4,L3,Tweet
8b3f7f1f-8e95-4310-b674-afd140a9d27b,L3,Tweet
8b410aa7-f170-4cae-9fec-0e854212a485,L3,Tweet
8b51da82-f8bd-4bd3-bd9a-2da5fee01364,L3,Tweet
8b529d05-5542-46a4-9534-052f9db36d0f,L3,Tweet
8b5f02ce-b9dd-4be1-a0f2-eeac48ad7847,L3,Tweet
8b6171b9-6f44-4a8a-bbee-08e6bb830983,L3,Tweet
8b643e1a-5540-4e5e-95df-ec56dbe6df9d,L3,Tweet
8b662cdf-df23-4e5d-a18b-f75d9fb34414,L3,Tweet
8b6b7e12-b058-4792-bded-4e4b6ad47b9e,L3,Tweet
8b71a1a7-795d-4a7e-a058-1626d9fa7dfd,L3,Tweet
8b75f9df-9737-4976-bc07-55c7484a6df6,L3,Tweet
8b77dd40-9461-4ea5-a87f-67d43b1dc42d,L3,Tweet
8b95228e-510b-44d3-8ccd-de3a9cc1af19,L3,Tweet
8b96e8c1-bf1a-48e0-8f9a-53cb6249e581,L3,Tweet
8ba20108-d0d0-410d-9956-678bb7666244,L3,Tweet
8bb2b51e-8fcf-4ce4-b649-916f96442106,L3,Tweet
8bb41a2c-c29c-4ea4-8f16-c433f262cde5,L3,Tweet
8bb5daca-3c87-4bc5-a372-18aa34514d13,L3,Tweet
8bb9fcec-f5e0-4376-a53c-fe43a2f16aa0,L3,Tweet
8bbd9ea9-f8ac-41e9-a64c-f126e047cb0d,L3,Tweet
8bc7fe61-25ac-40ae-8f24-c0bc19694799,L3,Tweet
8bd53ce7-afd3-4d12-9aba-f0f16096d804,L3,Tweet
8bd9e4ae-3724-465d-bc10-4e527016b760,L3,Tweet
8be2299f-4581-4dfd-93c7-b37a2978f2fa,L3,Tweet
8beb4b44-ae4f-47c8-b44a-670343f2a5ce,L3,Tweet
8bf2a4b9-109d-48dd-8362-a95faf0f91b5,L3,Tweet
8bfae1fb-7a63-4d67-b016-173dcf120ba4,L3,Tweet
8bfcaf82-8b03-49cc-9ae3-97e62e3ddd1a,L3,Tweet
8c0044a0-9b99-4955-b38a-6d01a1b21809,L3,Tweet
8c068971-1040-41c6-9625-371cf1444809,L3,Tweet
8c1119a3-44f1-42cc-8c51-c53676bf89cf,L3,Tweet
8c1ff987-a519-49cd-aa6d-703421807764,L3,Tweet
8c21bbf3-6306-499d-a867-b01d6de71887,L3,Tweet
8c23f442-0f2c-486d-b7d6-a2f35661c174,L3,Tweet
8c261a5f-1673-44b5-8e49-590c4606d357,L3,Tweet
8c2ef227-8f50-4150-a58d-c0d5d2bf7303,L3,Tweet
8c36adca-55b1-43b4-a23a-e2b0d6afcd1f,L3,Tweet
8c3b4d53-489e-47e5-921d-188925227f84,L3,Tweet
8c3f603e-eed0-4c4f-9c8e-c6b4f7437d8b,L3,Tweet
8c40f64e-95d9-4c54-8826-cb15331e6d42,L3,Tweet
8c418426-878d-4df5-8851-fca3c51c5c8c,L3,Tweet
8c52eb90-6019-40d4-b8ca-3a17c9fc65fd,L3,Tweet
8c53588f-fb5c-43c6-a62d-43a8be13cae3,L3,Tweet
8c53e363-72ea-46f2-845a-f9f9e4b44673,L3,Tweet
8c702956-a792-4e8c-ae93-426c924b4d92,L3,Tweet
8c703a99-e174-4f37-bc48-f6fae8cefba8,L3,Tweet
8c716495-f727-45d9-ac34-0ebbe70ddf9a,L3,Tweet
8c7baf29-987f-4ec3-a497-e62987b15f3b,L3,Tweet
8c808c30-e3e7-47f1-ace6-89e10baa86a6,L3,Tweet
8c812ea4-3449-4e4f-b2d1-5b3746fad339,L3,Tweet
8c81ee2b-a412-48b8-9eeb-d2c7a82afd1c,L3,Tweet
8c82ec0a-fd78-4584-88db-5bfc7508f845,L3,Tweet
8c93336b-0d37-451b-b9d3-13f6936123d3,L3,Tweet
8c943321-fd91-437d-8b3d-db9c15c15497,L3,Tweet
8c95dca5-3da3-4605-886f-4df93470b5c1,L3,Tweet
8c9a1656-61a1-450d-bc90-47de4be9b746,L3,Tweet
8ca0b2d3-f847-4369-a1fa-991cd4a9fa59,L3,Tweet
8ca23d9f-5fc5-40ef-b709-900b44358633,L3,Tweet
8ca8b158-809b-4c9d-a13f-dff1b4e096e4,L3,Tweet
8caf3d2e-0cfb-4f82-9363-0e5c7745f423,L3,Tweet
8cb9043b-272e-4005-8a46-18065bd65df7,L3,Tweet
8cc1e843-c53d-4cde-99e5-f948ac5c0eb6,L3,Tweet
8cc2a3cc-3b43-43b0-95df-8b9117ead91f,L3,Tweet
8cdbb1db-75fa-460b-9e7c-6ac0b33af917,L3,Tweet
8ce4325c-2c74-4530-a233-e530792d22fc,L3,Tweet
8d1463f5-0238-4c5b-bd30-fed76a948c82,L3,Tweet
8d2291b8-0034-4173-9830-22d2e98a2deb,L3,Tweet
8d24979a-d625-4366-9fcf-8663246d1e64,L3,Tweet
8d324cb4-4bbf-4978-8fde-2d9c0c49bc37,L3,Tweet
8d33df70-81c7-460b-b9eb-e25f870caf34,L3,Tweet
8d3bbb9f-76b1-4926-8d8d-35d39879f935,L3,Tweet
8d3c7170-7c23-4ebf-9baa-31a02dec5773,L3,Tweet
8d3cacf3-fbdb-4c5f-8ade-fd26ab39340c,L3,Tweet
8d4c0b38-1cd4-4fcf-a8fc-d4b9cfd166c9,L3,Tweet
8d53078c-905c-4c2d-834b-a14e09e5b6d2,L3,Tweet
8d58b472-0139-4df7-a4bc-310503ecdda8,L3,Tweet
8d5ce799-c788-4fb1-a9d7-25e3bee579d6,L3,Tweet
8d670a35-3a60-4415-9bf3-8d66746182c1,L3,Tweet
8d6a05c4-e703-4b51-b7ed-749ca257a3e2,L3,Tweet
8d6a8d64-5e35-4053-96ef-b5586183a740,L3,Tweet
8d6a8dad-7fee-44a5-8ae9-1ab519b30bc8,L3,Tweet
8d6e817a-9b74-4cd7-8289-75d6a7c689e2,L3,Tweet
8d7806f1-d9d0-4a89-b126-8652625afc18,L3,Tweet
8d781330-1c82-4815-9230-da8621f41636,L3,Tweet
8d78280b-9cf6-41a7-a4fb-959e10fc466e,L3,Tweet
8d7a799f-90c4-4354-a275-c5486e187ec3,L3,Tweet
8d7fb240-9fd3-40c4-b48a-3d110af5b64e,L3,Tweet
8d86440c-9555-4531-822e-9dd977b2fa14,L3,Tweet
8d988398-61f5-4f74-a903-5dccf4d452ed,L3,Tweet
8d9d6651-5508-43bb-ba98-74a953ac7b8e,L3,Tweet
8d9e5635-68ff-4d78-9d8e-5bc57aa223a9,L3,Tweet
8da4a8e8-2c33-4571-98bd-c9be0fef5894,L3,Tweet
8dad95c4-b35b-463f-ba18-a9d4c9b85d26,L3,Tweet
8db065b4-5042-41cb-af81-de40a3363b54,L3,Tweet
8db0b33a-447e-49f9-873e-807136eca547,L3,Tweet
8db11187-3925-4641-ad42-7fcf6d93bab0,L3,Tweet
8db2d27d-3e86-4bae-b2e2-547158b081b0,L3,Tweet
8dbf8698-53ac-473d-8fca-96d7576cfca3,L3,Tweet
8dc8ee75-4895-48d3-89fe-2570e8bdfc9d,L3,Tweet
8dce127a-d6f9-4d60-b634-dd8e274a249f,L3,Tweet
8dcfab38-382c-4bd5-baea-8b4b1d4ed98b,L3,Tweet
8dd021cf-e856-4e38-afe1-b530c6c4163a,L3,Tweet
8dde2b91-be63-4c17-92e3-5ae458de7437,L3,Tweet
8ddf9e4a-6b22-4fcd-a516-3bbcadd9b8ff,L3,Tweet
8de37a9e-564a-4bb2-9a5e-a3e416b38b96,L3,Tweet
8deb8d0b-66db-4736-97d3-11c89c80552d,L3,Tweet
8ded29ce-6871-4e34-8060-6a8649aa836f,L3,Tweet
8dfb0e14-6d26-4211-b950-9aff1598c7a9,L3,Tweet
8e002432-253b-435a-a0a1-2fd461b2dd19,L3,Tweet
8e081312-b384-4820-a84c-e838e6d8dea3,L3,Tweet
8e087d61-24d5-4047-9cf9-ec4c2edfa7d0,L3,Tweet
8e08d13a-4c57-4228-8b48-b842d95b6691,L3,Tweet
8e159adc-b2b9-41f7-9b6f-990f06b29524,L3,Tweet
8e2919bf-0f7c-40a7-a98b-9d458b832b2d,L3,Tweet
8e2ee3e8-94b6-46c7-89ae-dcb10b86a58b,L3,Tweet
8e3ea8d9-52f4-4608-a1b6-0a75fa187bfc,L3,Tweet
8e3fa813-04b4-4669-970b-5017a11aec19,L3,Tweet
8e4050dd-ca74-4ecb-9100-e9bf490c638c,L3,Tweet
8e458fa8-98a0-4c87-8894-beb142c73d7b,L3,Tweet
8e5a27c0-7bc8-444f-b9fd-c61eb89f647f,L3,Tweet
8e60ed40-cd55-4bfe-b73f-1730007a2f74,L3,Tweet
8e6d3458-81eb-47f1-850b-bd870eafbf7c,L3,Tweet
8e738b44-1aa0-4ade-bc4b-5bc99a2973d6,L3,Tweet
8e8345f8-8ff8-4eac-a40e-1e2145d477e7,L3,Tweet
8e83b539-e93f-4e80-9a6a-b543dbb888ab,L3,Tweet
8e84fbea-3867-4c11-8604-511c4f8147dc,L3,Tweet
8e87d258-ac20-4efa-94b4-17ac68aa6df5,L3,Tweet
8e896cb8-f028-44bb-bab7-cd38cd7927ad,L3,Tweet
8e929d28-c7ae-42bc-9679-c582f06df4e7,L3,Tweet
8e9515f1-4875-45fa-bbb0-c5f51be98af0,L3,Tweet
8e96c0a9-0b20-4d88-97f3-ec0a4811d921,L3,Tweet
8e979eb9-b17a-434d-9e75-ba4cc19494c9,L3,Tweet
8e999205-02e3-4278-85a4-cdfda35355ec,L3,Tweet
8ea58437-1aee-4b13-a8dd-6915d22128f0,L3,Tweet
8eaf7738-2e91-4f05-b68d-ecdc2e76257f,L3,Tweet
8ebd10f1-8408-41f4-bd1c-0f283f3f3766,L3,Tweet
8ebe8b6e-559e-4060-9d6b-ad97e3aaa7f5,L3,Tweet
8ec0ecb4-22c7-42ff-833c-e8f1fcf85cb2,L3,Tweet
8ec1903d-89b7-4ef9-8522-b03ac60ad78d,L3,Tweet
8ec6a08a-039d-46fa-b458-bc605139e7bd,L3,Tweet
8ec95128-255f-4095-81af-144fd39eeb26,L3,Tweet
8ed1bb6d-821b-49f1-a5ad-74c6f5b7d25a,L3,Tweet
8ed614f9-510a-4cae-a34d-e874e885327c,L3,Tweet
8ed623b9-3d9c-446d-a1b9-c8ffb97b7bb8,L3,Tweet
8ed75c69-e97c-4c1a-95f9-7c459e2a0c5a,L3,Tweet
8ede4324-f2f4-44f1-9ecc-a092e7e8cdd8,L3,Tweet
8ee594e4-ca37-4242-8103-bd9663f8e42b,L3,Tweet
8ee89660-6bce-417b-b2dd-ab4aac0695c0,L3,Tweet
8ef1b5b8-9b9c-4fff-8aae-017f7cc58006,L3,Tweet
8ef4c03d-6fbc-4e6b-9121-f904f5ba8c78,L3,Tweet
8ef7a0f9-80c6-4ab5-806f-eedf3dc4b5b4,L3,Tweet
8f063903-de7d-472c-b4ac-d11a85c6cdf6,L3,Tweet
8f1709da-c571-42aa-82f3-9344aa179b71,L3,Tweet
8f175617-3368-4d72-8398-6709ddaed3ae,L3,Tweet
8f1aef3e-64db-47e6-ad75-1d59933fe2a3,L3,Tweet
8f20b48a-6791-4c4e-8a89-3ee57330616d,L3,Tweet
8f21105c-72cb-43a2-a0d5-4b5fe01af9a6,L3,Tweet
8f298784-4600-49b2-af48-5d5f9175eec5,L3,Tweet
8f40aa83-b85e-463c-ad51-6c558a5583a8,L3,Tweet
8f43f46f-92c7-4da0-933d-2c559ad0c917,L3,Tweet
8f479e4f-ac3f-4e43-a5df-9849b455283d,L3,Tweet
8f509712-ebe8-406a-99c0-c2f72c5fa06e,L3,Tweet
8f5f0c4d-bff7-4e7e-bdab-5a857677565e,L3,Tweet
8f68601f-3e6b-4bcb-b52a-02c7eee62f17,L3,Tweet
8f6d8498-672e-4ed8-80e0-06652e2446f3,L3,Tweet
8f731ce9-592e-4488-b0d8-35dca7686af5,L3,Tweet
8f774e87-6050-479f-a012-1e39d424a6bb,L3,Tweet
8f7ece2c-82dc-467d-a07a-9810eff11c09,L3,Tweet
8f807bba-23e7-41fb-9977-026e8ba6c85f,L3,Tweet
8f8355ad-04a2-408a-a422-087bb2aafdef,L3,Tweet
8f91c64b-504d-4980-af9b-33576f47e11a,L3,Tweet
8f9488da-978c-4036-9ca2-ce374ed8914c,L3,Tweet
8f94bc89-8111-4699-9e95-8e2e18df0ecb,L3,Tweet
8fa28ec2-b3f2-4c0d-a551-78b6220f4519,L3,Tweet
8fa2b1c8-8ebb-422e-ac38-92a79771f4b9,L3,Tweet
8fa2f253-3c68-472b-9b88-967230437ec2,L3,Tweet
8fa41cd1-3357-4373-9fbb-9bffa4a3b3f3,L3,Tweet
8fb2386a-7f64-4454-8176-32a14845a2a7,L3,Tweet
8fb3cbcb-56fe-4339-ae3d-f1468355c871,L3,Tweet
8fb770a8-50e5-4396-b114-5206f5dfca86,L3,Tweet
8fba2bdc-a0e7-44ff-847e-0543fd2af893,L3,Tweet
8fbd8593-3d60-4746-bf25-882c4417cd63,L3,Tweet
8fbe14b1-857a-404a-a316-05682562073e,L3,Tweet
8fc32eba-64a3-4123-9911-c37d2a415c4a,L3,Tweet
8fc6c8f6-d167-4135-b144-24492558f832,L3,Tweet
8fcdd47e-ef22-4bd4-bd7b-73e26124a3c7,L3,Tweet
8fd958ab-19cd-4b7e-bb50-287f530f46f0,L3,Tweet
8fec97ac-9b9f-4aad-ac26-c0193290c772,L3,Tweet
8ff344d6-3151-4d83-b5f8-f2d80dd542c7,L3,Tweet
8ff7e11f-48d1-41d5-bba3-fb3ca3e55755,L3,Tweet
8ffc2923-7310-4625-af7a-21b41c43f3d5,L3,Tweet
90028b0d-db4e-40b8-a42d-a9f1a8c39db6,L3,Tweet
90081691-dd24-49cf-9a36-42f795276036,L3,Tweet
9008884f-5584-4cdf-82ba-4cf346d84051,L3,Tweet
900a3ef2-1aa2-452a-98f3-2069e5575214,L3,Tweet
900c724f-dc98-47fc-b746-4f31a3ebbc6f,L3,Tweet
900f5b85-da13-4caf-9e0c-ea5ab48fb3dc,L3,Tweet
90130d44-7cdb-4bb8-976a-6802c3257067,L3,Tweet
90165c26-ed8d-43ff-bd88-1f579432970f,L3,Tweet
901c5211-3289-417e-b7f9-8fa436b0c4a1,L3,Tweet
9020cc54-099f-4476-9cb1-cfa41f0f7ddf,L3,Tweet
9024452f-d7f3-4dc6-a74e-e389041c4404,L3,Tweet
9030995e-2af2-4183-8992-37d6ceef5534,L3,Tweet
90372049-ebdb-4d58-a055-4e8d815b67a0,L3,Tweet
903e3f73-faa9-4918-a1dd-76610cd5ce5a,L3,Tweet
9041b21a-cbdf-4dda-871b-8dad904add67,L3,Tweet
9042cad5-df2b-4fe2-832c-5c6e3fdef34f,L3,Tweet
904afe9f-8754-4e29-870f-3d0bed1acac4,L3,Tweet
9052bfde-2e76-4f11-ab09-d20e50584fd9,L3,Tweet
90574a41-c699-436d-b71d-e95e6e88b7cc,L3,Tweet
906acc6e-f013-48d9-a040-54612b316893,L3,Tweet
906e4653-3b36-4332-8493-7fee2bcb95bb,L3,Tweet
906fb999-aed2-456b-a40e-c08b1a96d4a6,L3,Tweet
90704038-5d73-4a13-a6f9-e5966d58b022,L3,Tweet
9079a070-5f0a-4f55-bb3e-5c44896fecbe,L3,Tweet
9084116d-8f4a-4dc6-be45-5dc84c82403c,L3,Tweet
90871287-9315-42c6-98c0-d9c2203aaf3e,L3,Tweet
908a627c-f2eb-4b44-86ed-5f2f1fc53c26,L3,Tweet
909be244-2bbc-44bb-8062-0ed4f01eb5c5,L3,Tweet
90a21413-3a0f-4710-bc21-8327594b1ee1,L3,Tweet
90b64ec3-8ac0-45f7-b0d9-27031e7b8e19,L3,Tweet
90bdfee5-ce06-4f65-8380-1d591ee47367,L3,Tweet
90c2b71e-c088-48c5-b34d-6eaa3718a4ce,L3,Tweet
90c543f1-24b8-4444-a0d5-6095ace7b48b,L3,Tweet
90cef69f-69e3-49d3-9f98-53823ac8a7c8,L3,Tweet
90d3c937-caa7-424e-8aa3-de499f17f00c,L3,Tweet
90d570a9-ef15-4301-b878-84e0c9894dd4,L3,Tweet
90e690ae-3b2a-44bf-807f-dcfdad87b14c,L3,Tweet
90e882f3-9e85-4272-ae8d-d3cb192ad8b8,L3,Tweet
90eb5013-a828-4af8-bcbe-11855ccd59b8,L3,Tweet
90f716c4-f919-467f-a40a-45d0ec680466,L3,Tweet
90ff460e-4136-4b17-b6f9-334ac82f7813,L3,Tweet
91064adc-32ac-4671-8183-916434d144a9,L3,Tweet
91070e03-d097-4ff1-b628-473571187292,L3,Tweet
911be6ff-bea1-4bba-9af3-2dc9b4dbde3d,L3,Tweet
911e34c8-4ee9-4739-adab-b519d3d7f107,L3,Tweet
911fd4b0-4895-41f8-9763-8bffb8efc4c9,L3,Tweet
912583b9-f326-4915-9553-5eff33174f78,L3,Tweet
9131a18b-f641-4867-a8ea-6d77c6b51f55,L3,Tweet
91327954-b156-4f32-be91-f372475ddcec,L3,Tweet
91331a54-f52d-4371-921e-6b9050a2eff0,L3,Tweet
91367e41-9ed3-4191-8640-8f83bb2c7fad,L3,Tweet
913715c6-89f6-48eb-bbd0-6d08e27eb8c7,L3,Tweet
9143fe18-22b2-4b33-a578-e9488afac125,L3,Tweet
914babb2-05be-41e6-8649-5ff3f0a12d3d,L3,Tweet
914c11fa-5b9d-4d04-89ef-8d6d8f1fdcec,L3,Tweet
9155f13d-7069-431b-9d30-264b1f65f73d,L3,Tweet
91671339-8287-43c3-a918-b5ee2ac7544d,L3,Tweet
9168fb6a-7602-4011-b7af-89e721dc9157,L3,Tweet
916e451f-58ce-401e-a72e-dffd1c8d7359,L3,Tweet
9173939b-a5ea-4094-bc88-602b812037f6,L3,Tweet
917c6637-1d54-4b66-be1d-5fc1d56ff29b,L3,Tweet
91855d59-e796-4f6e-867a-f758cadd5763,L3,Tweet
9185bd19-858a-4879-8fce-8c0a0b394c79,L3,Tweet
91869e3e-5067-4e96-ac37-a4ab848badfb,L3,Tweet
9189e464-4154-402a-861f-d3aed25b5e75,L3,Tweet
9189e6c3-4d2e-48fd-b4c2-1ddc05579d0f,L3,Tweet
918a858c-32cb-47db-840e-d72267fbfc84,L3,Tweet
918d3f12-459e-418b-8750-9f8a949a3a15,L3,Tweet
9192c1ca-c90c-47c3-b715-1ece146e1cd1,L3,Tweet
919ebf3e-670d-4d2c-83dc-7722c1547799,L3,Tweet
91ac0657-21a2-43a3-9fd4-b48f674f695f,L3,Tweet
91ae737c-9f35-44dd-92ca-bd4fc41c6f44,L3,Tweet
91b14494-7cf2-46ee-8ad9-92a12cd9da9c,L3,Tweet
91b624a5-76f0-4c7a-b82e-d05e55f4c7b2,L3,Tweet
91be11c0-2f7c-4771-bffb-c2905e521556,L3,Tweet
91c99056-6419-4f4b-8f21-64aaa25a92ad,L3,Tweet
91dee350-a34f-41cc-8f5a-800b38e8de9c,L3,Tweet
91e07794-cdf5-4862-ae8e-57fcc81cd843,L3,Tweet
91e63387-b318-45f1-ad8a-fe19becc5b2a,L3,Tweet
91e84a32-b0b7-4029-b5fe-630dae3e52f4,L3,Tweet
91f1b5c2-619a-41a0-b397-0fb0d6b924bf,L3,Tweet
91f96ba5-5009-4c50-a5b3-7501c47920aa,L3,Tweet
91fb9b22-6c31-4571-9891-ecff39c5e661,L3,Tweet
91fcd6aa-ed53-40c1-9e0f-97dfa4a66e82,L3,Tweet
920084bd-e5e3-462c-9f43-8ab9931fedc0,L3,Tweet
921007df-24ae-4b78-8203-e022a4b845c3,L3,Tweet
92203625-e3f4-43a3-a481-9a37aaba7673,L3,Tweet
92256882-63c7-4c31-8e83-e66462393434,L3,Tweet
922b1f52-806f-4101-adfb-17b5d624bd40,L3,Tweet
922fcb06-7d2d-4b93-be87-736f64ea7ebf,L3,Tweet
9236c086-9001-4037-8ec6-78c43eaeb875,L3,Tweet
92428ac0-2b1d-41f6-a4eb-e7b1c6463718,L3,Tweet
92436283-806f-4dbc-8785-f842a5463350,L3,Tweet
9249fc5a-88de-4dc2-8606-e1604b6989d4,L3,Tweet
924d93b5-a867-4379-a746-952afdfde675,L3,Tweet
9256bcb9-4e71-43f4-808b-e4bcbb158250,L3,Tweet
9257c376-6c73-4625-aee4-7da7ae92a268,L3,Tweet
92670642-e816-4d87-9eb0-195b753ef59d,L3,Tweet
9268c50c-66f7-4d1b-847c-0410f332e801,L3,Tweet
927ab4a9-8103-4a2a-bd0c-a2d5e9a6abe6,L3,Tweet
927afad4-5315-4e2b-b7a8-6aba63044b55,L3,Tweet
92867c2d-4dfa-44ae-bd18-6169f60ed7f3,L3,Tweet
928735fb-8957-4c93-a33f-8c694bc6c948,L3,Tweet
928dcd8c-2364-4899-b645-cdd9f0fb08f5,L3,Tweet
929d2de6-14c9-4751-a2d1-c523789a89c6,L3,Tweet
929d58c0-fd78-4d7f-ab30-28de018bd081,L3,Tweet
92a2a935-8431-48f7-8e83-61c77af2fac1,L3,Tweet
92a2b1fb-10f7-4706-8a13-c4d1066ef072,L3,Tweet
92a31e09-0919-471d-a2c5-e3779b19cfe9,L3,Tweet
92ac0cbb-2480-4bd8-8dde-aeb0a194ea7a,L3,Tweet
92b2d595-0394-47dd-a047-704d06482926,L3,Tweet
92bcdd7e-1d7b-473d-a328-515cb9b9ed23,L3,Tweet
92bf9312-1982-48ff-b0cc-b8703cb2c57f,L3,Tweet
92ce6ad7-f27f-4e5f-b774-e8aa9381c1da,L3,Tweet
92cf4127-c821-4c33-8cbb-e97509824682,L3,Tweet
92d5abb5-2214-45f9-b9d0-539dd4f1dc4f,L3,Tweet
92e236ed-d89a-4fa4-984a-40b4acdbda29,L3,Tweet
92e63d89-2297-48f8-b39c-01d867a48f1c,L3,Tweet
92e97e9b-542e-48a8-b9d5-1af61c3f2d49,L3,Tweet
92ee2ccb-49f8-4f8b-a3a3-edcca2ccad94,L3,Tweet
92f1a3ff-331c-4f3b-a92b-0a7abae3974d,L3,Tweet
92f75005-472a-435c-b805-8061cf17193f,L3,Tweet
92fbcd37-ee20-43af-9a9e-a6072853775f,L3,Tweet
9315ee03-d8c9-4d06-8dcb-1f6408e5126e,L3,Tweet
932165bb-0843-4855-bca1-f5e60678fe2c,L3,Tweet
93235a44-143f-49aa-aef6-02d95930d838,L3,Tweet
932f2864-7786-4205-9566-4d0985fa7438,L3,Tweet
93304e9d-320f-42f6-868d-24653fe61f5c,L3,Tweet
9330f83c-3773-4bde-bc0c-1ea57172760f,L3,Tweet
9332eba0-2de0-4a4d-9989-26a4b73a6d72,L3,Tweet
93384b41-e709-41fb-825b-5385f2845c54,L3,Tweet
93385f14-2bf5-4eb4-94a6-6395f79a89b4,L3,Tweet
93407969-3058-40b5-9e47-78196ffd83c4,L3,Tweet
9348ca61-9440-44b2-a660-68ea4713e4cb,L3,Tweet
934d9196-292c-4f40-9084-8030a04fc231,L3,Tweet
935343ed-da1d-4d7e-a027-908e81855d03,L3,Tweet
93578776-72b4-4b15-a71e-8ea1f5ca3d06,L3,Tweet
935cb159-9311-41fb-9e39-0b2dd27b372a,L3,Tweet
936661db-c704-42da-887a-3677a7d47b4e,L3,Tweet
9368fd7e-25e4-4ea6-acd6-791815c3752c,L3,Tweet
936981ed-d45c-4920-b0b1-9b5ab7b77d82,L3,Tweet
9377cf57-82bb-41cf-819e-465d49c9bda8,L3,Tweet
937b5bf5-ca1d-4f06-a6a7-73f3c8173a87,L3,Tweet
937e7345-4d8c-484c-883e-4b4fd1843872,L3,Tweet
9384b848-1adc-4e6b-b052-7fd1e0a16e69,L3,Tweet
9385b4d6-ede9-45a7-9e17-b965b3ec598c,L3,Tweet
939962da-7361-4ad4-a80c-f5b39c0f0f19,L3,Tweet
93a232f7-331a-4e3a-b643-dd9aea65854f,L3,Tweet
93a39e83-ec30-40f1-847b-40fe015d692e,L3,Tweet
93a43204-6c96-4521-9358-a8512f8de426,L3,Tweet
93a92693-25c1-4f3c-ab4c-667029cc3c11,L3,Tweet
93acbb69-a24e-4faa-b274-fddb48561c2e,L3,Tweet
93b00e27-57ff-4939-a745-940b5acfd240,L3,Tweet
93b011e2-fbc1-4c20-a9a0-a7725917a61f,L3,Tweet
93be3c48-25ba-47e9-a590-6fc9f7d4b4c8,L3,Tweet
93d417ea-1ddd-4f18-8139-6689be001945,L3,Tweet
93dabdbb-8a09-466f-9699-9d3e2a15a72a,L3,Tweet
93e16fdb-529d-4e26-9609-73594a6f43cb,L3,Tweet
93eb300d-607c-428f-a628-d5513de720c0,L3,Tweet
93ec2972-54b8-489c-a6a7-9810d34ea3f6,L3,Tweet
93ed5c29-6588-4114-a127-a0ed199045bd,L3,Tweet
93ef8115-7424-4b4b-bedb-62caf0149d15,L3,Tweet
93f41526-a153-471a-afdb-8b59f5f50b45,L3,Tweet
93f7c9a1-713c-4654-bf2e-46573b722fad,L3,Tweet
9400b47e-b8f6-4ccf-bd08-b0e328c6c63a,L3,Tweet
94020a15-2188-45d9-be32-b4c7a1075e5e,L3,Tweet
94065e53-0dfa-4b74-899f-1909daa72ec3,L3,Tweet
940d32f9-a74f-4a67-9d85-96c854989db2,L3,Tweet
941942f0-d569-42df-bc2f-b9bb022ce4c5,L3,Tweet
941e40a7-4aef-4794-8af6-dafe37ea52d0,L3,Tweet
941e997e-fcd4-4569-89e0-49631ebb9389,L3,Tweet
94295870-c2f6-4b83-a2e3-984032578957,L3,Tweet
94420604-9b2f-4834-a8b6-752909022b5f,L3,Tweet
9442764b-02f0-4771-8d79-9eb730054de2,L3,Tweet
9442be4d-72c3-4730-b402-7c0e0e796388,L3,Tweet
9442e11a-3ab2-4c6c-a0c0-beffc779a83e,L3,Tweet
94442178-8dfc-4b7b-b11d-556e5e782a12,L3,Tweet
9445940a-feda-4a6a-9fa1-99a0414b19ce,L3,Tweet
944c4449-f73b-48f6-aa54-7e2b9de4a33e,L3,Tweet
9453b609-7ba1-4af4-8061-4041f31152e9,L3,Tweet
94562d5c-cc33-4e44-a88c-eb6ae02d8dc7,L3,Tweet
94588e9c-1b3f-4c02-845f-8a61f4cf7c33,L3,Tweet
94595f4f-af30-4bdb-b8de-b8b2a586884f,L3,Tweet
9465a99f-c70d-4090-887b-8161a87e1630,L3,Tweet
946863c4-bbe5-4bf6-bced-12847db036e0,L3,Tweet
946ceb56-9aca-4415-a078-511bcb3e05a3,L3,Tweet
946d4aa0-f256-44c0-8f7a-bf316ffec948,L3,Tweet
946d61c5-744c-4afd-9a58-4a7e72cc7e1e,L3,Tweet
947c0914-59b9-4c1b-a8d8-b0a9145cad27,L3,Tweet
947ce858-0563-4d97-9654-d66de295a548,L3,Tweet
948301d3-72c8-44bf-a697-b7f569abadb8,L3,Tweet
94834290-0550-4d14-b6b6-7b5207f72553,L3,Tweet
9484df4d-c973-4095-952b-2a409dd16c93,L3,Tweet
94892319-8f4c-4b86-a373-3b5cd2d1a8e9,L3,Tweet
948cacc2-05df-436d-b518-902b7dd8058d,L3,Tweet
948cf6ba-f16e-45b0-8e36-88ba91ac851a,L3,Tweet
9492fdec-1d77-4ef4-aae1-3013a543bc9d,L3,Tweet
94a2b32e-9551-4019-bc19-fc8e9a7bedf1,L3,Tweet
94a33052-5e3d-49ab-bb39-3c305815a622,L3,Tweet
94aa372c-5697-41a6-9390-4a0f980df049,L3,Tweet
94ad2f01-d1f2-43c8-9a2a-ae5b04a3f324,L3,Tweet
94adc89e-bc60-4197-b389-c8daa700316d,L3,Tweet
94b04ffc-fee1-411a-b4f0-dddf63438990,L3,Tweet
94b69dd6-2138-46f2-86ad-3dfa6e4453f8,L3,Tweet
94bfe0b3-ba01-4805-8804-5ca5112a5a55,L3,Tweet
94c387f9-8fcc-4809-a080-9728e493a792,L3,Tweet
94cae29c-2cd7-4fb4-b599-cd9dae3d6fb0,L3,Tweet
94cb34eb-3f9a-4f2c-a491-678090b3b689,L3,Tweet
94cf0254-b7f1-4b28-9ad1-6cab9b7d6ac5,L3,Tweet
94d19fac-704d-4b8f-b54b-1c1f13f56443,L3,Tweet
94d29c74-e425-445b-97bd-89c95897590c,L3,Tweet
94d688ae-7085-42ce-9342-91e1fe616bf7,L3,Tweet
94db5df3-e6da-4cec-8375-71dea4851036,L3,Tweet
94e94ebc-4c47-4ef5-9c65-92fa19699e3a,L3,Tweet
94f74766-348c-4a36-86fd-42a476831027,L3,Tweet
94fc1650-aa3e-47de-af0d-8b37054610ea,L3,Tweet
94fc82dc-d27b-4cd9-b83b-e30903779804,L3,Tweet
94fcba25-6b81-46b8-a6f8-f16c8b968c38,L3,Tweet
950120cb-0dbf-4c24-9876-89f0f9dfcc68,L3,Tweet
9502f18f-12ae-4047-b24a-e538753dcc2f,L3,Tweet
95052eea-c323-4f1b-afe8-3842768604e1,L3,Tweet
9505b9f8-36f4-4bed-8fe5-53ee4a39b588,L3,Tweet
95092ed4-fb77-4c40-a000-ddedf112a877,L3,Tweet
951674b9-47d6-45c9-a62f-50b777333c01,L3,Tweet
952150a1-69d7-4132-8712-f42116ba2e09,L3,Tweet
9521dd0b-f804-4cb5-a85e-d1ee3fea1cbb,L3,Tweet
9522ea78-cb41-42d6-a7fa-82bd60d33724,L3,Tweet
95231abc-a983-4baa-bc38-6f529c2ae4e8,L3,Tweet
9536267b-e934-47e8-911b-ae381b0adbc9,L3,Tweet
9536eae3-7f78-409b-b71e-6c02f94da7b2,L3,Tweet
95384727-cf87-46d2-9ebb-6c9b1abd5d38,L3,Tweet
95391261-6699-4914-b98f-db113358a24c,L3,Tweet
9560ee82-4b6a-42fe-88e5-87ae32847a41,L3,Tweet
95757315-6d3a-4b53-87c0-2dce38f74683,L3,Tweet
957a8703-6e8d-4dc8-99cf-a9c347090c67,L3,Tweet
957b7699-a8cc-4125-974e-11d749dbff52,L3,Tweet
9582e935-2e94-4a3a-ae12-0a48b0f674b3,L3,Tweet
958fb2e6-54a0-4580-a050-89673a2d53d2,L3,Tweet
95946fb1-04f3-4762-91bf-900c5529f7d0,L3,Tweet
9594e695-9352-4a31-ad02-098a25a10305,L3,Tweet
9595dac6-46e3-428e-8590-4348eaa7a325,L3,Tweet
959b9d3e-1cb7-48a8-bc75-e1330f6b192f,L3,Tweet
95aa527e-4285-4c7e-9511-d2a477eac567,L3,Tweet
95acf5de-bd3b-4f9e-8016-4abb9693d7ba,L3,Tweet
95b0fb27-20f6-49aa-b471-9475b0724583,L3,Tweet
95c2f5f4-a1c0-4c52-81e1-c31966b7ed2a,L3,Tweet
95cdeb77-7f55-492e-94d4-84ffd502bbca,L3,Tweet
95d1ccb9-e298-4380-8048-cfb1cccaa764,L3,Tweet
95d63599-22c5-4f22-8981-24187a24e0d8,L3,Tweet
95d79a25-1673-4f38-bfe2-e7d0b21fe134,L3,Tweet
95d80c43-a021-49b9-882c-c0ec9c23a9d6,L3,Tweet
95d903c6-39af-4893-8d8e-8b38deb6f617,L3,Tweet
95e18c95-326b-4d6d-b203-f9b5d78396ac,L3,Tweet
95e349db-3b72-46a3-9f99-b44f13552cb2,L3,Tweet
95e684f9-58c1-4fcc-b1d5-9a7f677ad950,L3,Tweet
95e88cac-e461-44b8-a84e-c23c8f70124d,L3,Tweet
95ec5418-0400-43bf-b997-7c3380a1e79a,L3,Tweet
95edc693-37b2-47d6-87e8-e02ce48917a5,L3,Tweet
95f661dd-eb47-4c21-bf23-3c2d5115f2df,L3,Tweet
9607fb5c-96bd-468c-b1a1-f36834f2fa92,L3,Tweet
96089d12-9200-4ed0-873e-b1a45380166a,L3,Tweet
9611de05-e296-4575-87aa-9a0278bb5af0,L3,Tweet
961e0691-7aa8-4352-9b0b-e3823bd31220,L3,Tweet
96246f76-7a2f-4e70-8dd5-40ea8aad8596,L3,Tweet
96247e34-7d83-4e0b-a30d-1026de5cdaed,L3,Tweet
96391689-0608-4349-bbb0-330d81282ef9,L3,Tweet
96415f66-a570-4034-898b-f7928d44b8a2,L3,Tweet
964306db-60f8-40ef-8f68-53969171075a,L3,Tweet
9659dfe1-c0a3-40b1-9382-c6ff0be43c9e,L3,Tweet
9661bc0e-4547-4496-a191-3460329a0a2e,L3,Tweet
966bc93c-c310-40dc-a1ec-8075c18002ae,L3,Tweet
966f4741-f246-4a87-a052-ed5595da394c,L3,Tweet
966fecf9-a2a2-4e7b-9091-53f63596953a,L3,Tweet
967f2ea2-c819-4a5a-9ce5-19eaa71b877f,L3,Tweet
967ffeea-3b91-4680-93f5-e0a6bbdcf08f,L3,Tweet
96803b83-cccb-4691-ba61-92bfb23c2791,L3,Tweet
9688b30e-eb16-4d25-b397-8ec0768906c6,L3,Tweet
96897656-b20d-44c9-bbf4-cf2b5d787b7c,L3,Tweet
96903d56-72a7-45e6-84a9-910286d31565,L3,Tweet
96919afd-7509-4010-a151-4db096980103,L3,Tweet
96935031-d193-42e4-b7be-51ef2ee7563c,L3,Tweet
96946a78-e998-4279-a70b-b8585043f34f,L3,Tweet
969ea543-9f36-4f51-9a4b-9c988f7e13e0,L3,Tweet
96a0c401-ff0f-45e1-8d25-ba46b291d074,L3,Tweet
96a27764-d0f6-4585-8417-d98338f52fd2,L3,Tweet
96a51151-7390-4b64-8482-1cb4168c5d42,L3,Tweet
96a52e7f-f079-4cdb-9514-0b494a139c76,L3,Tweet
96a7c1c3-046f-4a8c-9cee-eab763f7d765,L3,Tweet
96a8fd88-e523-4922-8b1c-f3d2a817471b,L3,Tweet
96b26cd3-5bce-4611-95c3-5abec8ba2bc1,L3,Tweet
96b4f927-fc6a-4a2f-9759-6e2a62815104,L3,Tweet
96b61d75-1c53-438b-ade4-9d87d4115095,L3,Tweet
96c210de-af91-4aa3-a971-7fb7c432723c,L3,Tweet
96c3b253-46e1-45f8-9ae6-53f7b723435f,L3,Tweet
96c3c8ad-09ea-4fd7-8510-738438fbbd50,L3,Tweet
96c6265b-6de5-4eb8-a785-46e480a2cded,L3,Tweet
96c70bfd-e65f-40fd-9376-4f563979e2f9,L3,Tweet
96cab991-6317-405d-97d7-5e50bc1bf95f,L3,Tweet
96cbc819-0c52-425c-86d7-030c4c131fd5,L3,Tweet
96cfd0eb-a95c-473a-bbcf-635639bbeba7,L3,Tweet
96e0af10-348e-448d-9506-81eff93bf82b,L3,Tweet
96e15250-9c98-4a01-b621-323057f5400f,L3,Tweet
96e4c23f-0054-4726-8f4b-526f7df62097,L3,Tweet
96e69854-fac9-46d8-a6ac-e091df3bfd5c,L3,Tweet
96f88c76-66b8-4f95-906b-5ae5106f5cb7,L3,Tweet
97019cad-1f6e-452a-a619-c47c422a8948,L3,Tweet
97102f53-f744-4b45-9dea-695a0a5fa88b,L3,Tweet
971948e6-1a2b-4f8b-b96e-c2f7b8cd07e0,L3,Tweet
971976c8-e059-49a1-9103-20516eecfa6c,L3,Tweet
971c8a30-2e66-429b-950d-ea2d8bbae5a7,L3,Tweet
971ffc9f-2875-4959-80be-58e5d575a6d7,L3,Tweet
97230f83-bc13-4b31-b677-6d561dd5f0cd,L3,Tweet
97272ac6-caf8-44f9-932b-b35966309e2d,L3,Tweet
972c9a03-e122-46a5-842d-b0ea22856c29,L3,Tweet
973119ca-5c9d-4ec9-adfe-e2a3b99726e4,L3,Tweet
973d2ba4-2a99-4144-93fd-d55f08550e07,L3,Tweet
9741b6aa-1507-47d4-9e3f-ef0a977d0c8b,L3,Tweet
9744a352-c830-4789-b2fb-64efce1ab681,L3,Tweet
97451e4b-2ec4-4eaf-9e6a-80dd99fca659,L3,Tweet
974d7fa9-f7b0-459e-881a-d3f3b8605bf4,L3,Tweet
9753ba90-fc5a-46ce-bd7c-060020a65bd5,L3,Tweet
975dbb24-640c-4882-a360-c8cae5c6d9db,L3,Tweet
976b0a9a-8ac2-46af-817c-ff88d5fdb470,L3,Tweet
976cef48-3ef1-451b-a836-fb0b3ac84d50,L3,Tweet
976f0c1a-a4b1-4953-8314-5d9399d194f0,L3,Tweet
976f8085-f253-40bf-8e45-43f7b9d34b5d,L3,Tweet
977584b0-9db5-4f0b-a4e1-f55f7b8b95d5,L3,Tweet
97760ab4-6fbf-4808-8105-49733c14e228,L3,Tweet
9778270a-0c14-4cd5-a557-aed306048cf2,L3,Tweet
977834d7-1c2a-4c6d-81c5-b754ca842069,L3,Tweet
977d41e6-11fe-4a01-a115-077156c33f37,L3,Tweet
9783eb09-0d96-4f89-8d7c-0dcef103f29b,L3,Tweet
9799f78b-abef-4947-b66c-799b400f89c3,L3,Tweet
97a1f56f-261b-45ac-80cb-e7ce71c69d22,L3,Tweet
97a2607a-63bc-427c-8a3b-f50446c52af4,L3,Tweet
97bd0a8c-3001-4283-ab6c-256bdcbe903b,L3,Tweet
97bfec0a-7981-414a-88aa-434fc5c305cb,L3,Tweet
97c2e913-57b5-46e5-b4eb-dbef54bef61e,L3,Tweet
97c77f07-3e8a-438e-a794-70a1ce737ea5,L3,Tweet
97ce3506-72da-49c4-8247-448ac38865d8,L3,Tweet
97d4f7d5-7eb4-4bd5-b73c-f0237269477f,L3,Tweet
97d922fb-d2ee-456e-91f6-8cb40bf32a96,L3,Tweet
97d95c7f-daa5-400d-8aad-4316b1898400,L3,Tweet
97db0c70-f380-487f-8cf4-aa447e973e6c,L3,Tweet
97def2e6-b220-4385-b847-7efcb17489fe,L3,Tweet
97e9bbc8-fc34-4287-831e-d48a3aacc645,L3,Tweet
97f98422-2af7-4b60-90d5-1e61df3d423d,L3,Tweet
98072900-c531-436b-89d5-dd4851800677,L3,Tweet
98162f8b-ab38-4f91-a654-030bf702f12a,L3,Tweet
98254c19-6980-44b6-abef-a64c4031bf74,L3,Tweet
9835114d-e22c-42f9-9dce-d2203a736373,L3,Tweet
98413c53-6506-4100-af54-14b11a40bc9e,L3,Tweet
9848e441-de27-42fa-ab65-acce4428c66c,L3,Tweet
984ad9c1-10b9-46d2-9c2f-31315a237a62,L3,Tweet
984c7844-8eed-4fce-96fe-24156c8e6644,L3,Tweet
9858c026-3f81-49df-8523-bb4041f44a5e,L3,Tweet
985cfb26-e68a-4780-afe2-e3f4c633bab6,L3,Tweet
985d3011-7381-47ab-8b56-80300c676154,L3,Tweet
9866987e-4c18-444c-8af1-b49127cc74ae,L3,Tweet
986d1229-d9f3-4224-be37-86c96bde3ceb,L3,Tweet
9873e4e6-134d-4f95-aa4c-0158e15cbd2f,L3,Tweet
98786190-d5a1-44be-9ab6-776a57dce919,L3,Tweet
988e3bf4-ca34-4de3-9bed-f892ac17d68f,L3,Tweet
989200b7-c200-4455-8720-9cc8f2ccb8f8,L3,Tweet
98997e52-0b30-4001-a033-65a06b09aa59,L3,Tweet
98a3845f-c745-40a6-90ba-8c1b9d178d92,L3,Tweet
98a94e43-80b1-4356-bc95-c4b9ad1f40c2,L3,Tweet
98ad5835-c9cd-418b-ac04-b65a5d8d15e8,L3,Tweet
98adc61f-c446-4863-bd90-d0a227de6dfe,L3,Tweet
98b41ac2-baf5-48a3-bbe7-ac7363473a46,L3,Tweet
98b6f4f2-220b-43a5-8257-c568935c2723,L3,Tweet
98c5fdaf-3e2a-4c8d-9dd4-7b8560b5582a,L3,Tweet
98d016a9-d4b9-4e7f-99e1-536b7ea1d19e,L3,Tweet
98d7a055-4750-498c-9dde-5c2ae7134884,L3,Tweet
98da0f8e-4807-4131-989c-58ba21a82a89,L3,Tweet
98dd584f-1350-43fa-b033-29b7d60ef3c6,L3,Tweet
98e65ed5-3db9-4a07-b2b2-9b49f9ab7dcc,L3,Tweet
98ee53f8-2380-4aae-8cc3-6f58a68b672c,L3,Tweet
98f9c345-a691-4285-9968-0ea487382a96,L3,Tweet
98fc0f44-2912-4438-8e99-06ec6b0637bc,L3,Tweet
98ff7633-db3c-4409-93f6-3adbe9b13f9e,L3,Tweet
99085e20-3030-459e-a0cd-6be246b53ba1,L3,Tweet
99101e56-17cd-490d-b60e-466f54631691,L3,Tweet
99148bd0-ac50-4c05-9ecf-d6ff8feeaea6,L3,Tweet
99157f44-b06c-4081-bf3d-23ed2f64fc9c,L3,Tweet
9918b379-17ec-4317-845a-aeaed47d6c98,L3,Tweet
991ee9bf-3a3b-4811-a60c-549fd9a00a79,L3,Tweet
99250cfb-88dc-4b93-b3f0-d2fcec9742ae,L3,Tweet
99265fa4-7c6b-480a-9a89-d8fc9e4f07ec,L3,Tweet
992f8203-a96b-4c30-9afc-cd6174a5540a,L3,Tweet
993155c7-b376-4901-81c0-7f40aa737052,L3,Tweet
9933829a-3d1b-41c8-aba9-4a82a22deb67,L3,Tweet
993a114e-f25a-4d7d-8d43-4d5f818ff3c4,L3,Tweet
994b0b56-3d64-4fcd-9bd1-c50a1c711262,L3,Tweet
994baba6-578d-40e3-8ca3-f2821a80ec4a,L3,Tweet
994ca713-9367-4eb0-ac9a-6c1b43e820af,L3,Tweet
994f096d-0b9a-48bd-834e-b4b8c05756b9,L3,Tweet
99510769-c087-4dbc-a2b9-c5966a411549,L3,Tweet
995c5d20-efec-402d-a1af-2cfeb621b99b,L3,Tweet
995d2252-44ff-410a-ac61-effebb465902,L3,Tweet
995e69da-0fb4-4a5a-b4a9-d18701c0d54e,L3,Tweet
99669f9a-ffeb-4f05-83fe-73af39cfe976,L3,Tweet
99677593-7922-4e63-9155-41df66e0e52e,L3,Tweet
9968895e-58e4-4194-a372-a15d893b9ff4,L3,Tweet
996e4c6c-5103-4632-acc9-829ff9bd7988,L3,Tweet
997c9808-b033-49c3-9682-f21d2d47be74,L3,Tweet
997e634e-e04f-4588-b6ee-a8818321e464,L3,Tweet
997e9f01-b05c-4383-933b-9ee94123c2fe,L3,Tweet
997f1319-d478-486d-9f65-d3dce5f7dd65,L3,Tweet
99866ab6-207f-42a4-b724-249349f3c946,L3,Tweet
998bebdb-ab37-4231-ae3a-8bbb5c179806,L3,Tweet
998c7fed-a987-4346-91f0-fcf17dbe3fcc,L3,Tweet
99a371dc-57c5-470f-9002-f2cc2309f066,L3,Tweet
99c39135-f13f-4f56-9be4-f72fd77a8269,L3,Tweet
99c3e841-e517-4532-8dda-89764b052c2c,L3,Tweet
99c57e48-dffd-4291-8b26-cfecc839ee01,L3,Tweet
99c74f77-63c2-4d02-b60c-b96ed3d40b5b,L3,Tweet
99d07299-d4bd-4f29-94fe-473489c8f1c4,L3,Tweet
99d6cd52-940c-46ac-9013-057f2fb53685,L3,Tweet
99d6e9ce-600c-4e96-8a6b-9451b2db584b,L3,Tweet
99deac6c-6615-4df8-aba6-4883c995a75e,L3,Tweet
99e6786d-1519-49d5-baa8-6d749173207b,L3,Tweet
99e69cfb-8c20-42aa-9f58-b84ef14bd4fe,L3,Tweet
99f7c11b-c1a4-4608-a9fb-0e5cd3d68ce1,L3,Tweet
99f97f67-cddf-4638-bc0e-bcae70c84f1a,L3,Tweet
99ff9f20-8a30-4108-9f7c-31519a69cec4,L3,Tweet
9a09d6f2-74fe-4c49-bbd0-e04322481719,L3,Tweet
9a14fcfe-7e7f-4a3e-9d04-4c604e25ca96,L3,Tweet
9a1ba608-1123-4879-a2c0-b4644172e47e,L3,Tweet
9a2525e1-a5ed-474f-9a7b-492ecd48de27,L3,Tweet
9a3150ce-4b47-4341-b1b4-70b98e2099ed,L3,Tweet
9a348f05-5d2d-4e6a-8c09-1bd2e35f6de3,L3,Tweet
9a3a4864-e7ff-4231-8ba3-490e694822a3,L3,Tweet
9a45e5a5-17eb-474f-ac21-30dc8b4af859,L3,Tweet
9a46206d-ecca-4ea5-8b40-ad85b8578594,L3,Tweet
9a475622-368e-40ba-8e82-96f49424890c,L3,Tweet
9a4d8733-6b1d-4b5f-a67e-b839a0fedf1d,L3,Tweet
9a4ee2b6-ec09-4f0e-a4a2-1697df1a8f03,L3,Tweet
9a4f19a0-bf48-4e27-a514-6d1b617e51ff,L3,Tweet
9a606eb6-ea1f-4cef-9d9b-950b6e70ff7d,L3,Tweet
9a6506ee-097d-4239-a889-918f54ffdae8,L3,Tweet
9a68ca72-1d9b-4118-aa1e-543831ff41bb,L3,Tweet
9a6a8aa6-99ab-4daa-8dbb-b53955b0be81,L3,Tweet
9a7259ff-8159-4dd6-ac2a-8bdbfd22ee20,L3,Tweet
9a7c3395-71c2-4528-b4cb-1e5fcc7109ca,L3,Tweet
9a7c6ccf-0c2b-4cb3-bf35-212046e37dc3,L3,Tweet
9a7ca157-6c68-4531-862b-fc6ca24e3d90,L3,Tweet
9a930b39-480d-449a-9f70-c4ecca79cd44,L3,Tweet
9a96ae87-0d04-4cff-8d0e-df30a298e3ba,L3,Tweet
9aa4b75e-6ccc-4895-82b9-e19a43a1e65d,L3,Tweet
9aa8b1e7-1c46-4550-a9c6-d2a97ed0bea4,L3,Tweet
9aac3961-9624-42e3-ab57-2d865b7a5039,L3,Tweet
9ab0db64-9503-44ca-9ec1-2a75dbf3657b,L3,Tweet
9ab775de-cf27-4e5c-b1b9-6adbe14bf87a,L3,Tweet
9abee68d-2088-419f-a019-c59cd26b7ab6,L3,Tweet
9ac4e0c3-7cfc-4a5c-882a-2a7719f47898,L3,Tweet
9ac5cda5-330a-46b3-b0b9-d724da5f7866,L3,Tweet
9ac61126-fcc1-45e5-82c3-184adfc53452,L3,Tweet
9acd5ecd-f209-4d04-907f-df7f8d521cba,L3,Tweet
9ad35547-e80a-49ad-a0a8-4e4f230aba01,L3,Tweet
9ad3f87b-b8cb-418f-a273-5681ed6dcf9a,L3,Tweet
9ad5b71c-ae87-40f2-8361-46178727a9b5,L3,Tweet
9ad6327c-693d-4ccd-a7a9-2c963459d147,L3,Tweet
9adc2c88-b716-4a93-83e4-ec35a821f111,L3,Tweet
9aea964e-c7e8-449e-ac8b-380d0a2b8106,L3,Tweet
9af23347-6598-4235-8fe4-5dff754e0757,L3,Tweet
9af69d11-a018-4946-989d-fae7193eadf2,L3,Tweet
9afb2cef-30cb-4c23-aee8-8a8433f3fcf8,L3,Tweet
9b0b0af1-c092-4e36-b3e9-6cc489656d1c,L3,Tweet
9b0c574b-9149-4589-b080-7537abac27f8,L3,Tweet
9b14693d-b964-4ad5-b8cd-5607fff2a0bb,L3,Tweet
9b15b15a-0310-4a85-9e91-af5d4b7b1d62,L3,Tweet
9b1782a7-9c07-4551-a9dd-2ca3b56021e6,L3,Tweet
9b18f5e3-a693-4bc7-a7b2-65e4846d33d8,L3,Tweet
9b1d875b-bc68-4f73-800f-8a9eb5933673,L3,Tweet
9b2341be-0b49-463f-9ca8-1f2481fc9db9,L3,Tweet
9b2e8cde-1a04-4e63-98f1-e7591409bfa9,L3,Tweet
9b38d119-92fd-4ae7-a706-fb26968612b3,L3,Tweet
9b3b019e-a3b7-4923-a396-ab293e5f9c9b,L3,Tweet
9b411ff7-f733-459e-a1d9-06f0ca0e81e4,L3,Tweet
9b490eda-1ba2-4c83-9634-ac87039de065,L3,Tweet
9b4960bc-b5e7-43de-9be9-605872b75140,L3,Tweet
9b498fd2-0aba-4abe-93f2-c00455c691bb,L3,Tweet
9b4aa480-522a-4255-988e-8838f43cc412,L3,Tweet
9b4c1511-2dbb-40ca-b8da-75ce00db6ea4,L3,Tweet
9b536681-bf5b-4e8b-b099-a821f77259e7,L3,Tweet
9b5a47da-9b99-453a-ab21-65b6311ba536,L3,Tweet
9b5fc72d-9b9a-49e9-bfdd-f5aa1b946c19,L3,Tweet
9b67b81a-e528-4881-aa22-5561ab1b3fa5,L3,Tweet
9b69830d-d993-45df-864f-6f0c0120cb3c,L3,Tweet
9b713ed7-7691-4868-abe7-af5e47004858,L3,Tweet
9b78baa4-a2d5-4af6-9f48-bd700ef0bbcc,L3,Tweet
9b78cb55-4ab1-4e72-bf29-07d818338d8b,L3,Tweet
9b7f3856-1663-4b6e-bc37-16e0acda5b00,L3,Tweet
9b890a60-d5d1-41c9-a212-39773cb76075,L3,Tweet
9b8bfce4-cdfa-4a68-a2fc-1811cc4f00b2,L3,Tweet
9b99e830-d352-40e6-8f86-ca9a8fde80de,L3,Tweet
9bb3d9ac-4014-421b-8407-0604122c5acf,L3,Tweet
9bc59935-de57-40e2-9c47-593bfb6f8ba2,L3,Tweet
9bc75daf-7f4d-4eaf-9f84-dafcd719851a,L3,Tweet
9bd20e8b-5098-475f-ab29-bb7d84ddaafc,L3,Tweet
9bd3b2ae-e156-49d5-869d-bc0c3f349255,L3,Tweet
9bdf41cd-fa16-4687-9034-ee94ec1ac217,L3,Tweet
9be06c8d-d3d8-4b96-a1bb-8568dae381c7,L3,Tweet
9be4c113-aaa2-40e6-9798-1499e898578f,L3,Tweet
9be4dbd6-52a8-4e6e-bfe4-3f1aa374d6da,L3,Tweet
9be7a846-1763-441c-bfd0-30a7c609ab51,L3,Tweet
9bf3e328-0e81-44a4-8dc2-264b9e0dd2d8,L3,Tweet
9bfa6e74-4413-4575-bdc2-6f15d3cbdd80,L3,Tweet
9bfb74c3-1b9a-4282-a4ba-8ef41fa7e936,L3,Tweet
9bffe953-9a37-4af1-ba54-6fe9653ce019,L3,Tweet
9c027e6a-e8ae-452d-abd9-5f9a46f7d946,L3,Tweet
9c106d1c-e4ed-4f6f-9411-94abdb67f796,L3,Tweet
9c106e8a-b7da-42ba-baee-c6e3bdbd4424,L3,Tweet
9c10e9c9-8a7c-4034-976d-363a19c9c8b2,L3,Tweet
9c1d3b92-9d54-4b10-9da2-c54b948398f5,L3,Tweet
9c27c9e2-f35f-4728-8cf8-84e39724a273,L3,Tweet
9c2dfa4c-366a-40db-a8c6-b63d46ce8e34,L3,Tweet
9c3377b4-1f2e-4b29-a2a1-788307a06725,L3,Tweet
9c3a3e03-3edf-403a-ade1-d9ab4a46c1c6,L3,Tweet
9c3a6bc8-48bb-42b0-aae1-c743a357ad48,L3,Tweet
9c449a5b-ddfc-4466-86c8-9127ccc3267b,L3,Tweet
9c4519c2-601f-4e11-8454-9753f69f4ccd,L3,Tweet
9c54c582-eaa0-4fb0-8354-3285700ea853,L3,Tweet
9c5aa40c-061f-4b19-9966-2a384378e493,L3,Tweet
9c5d6616-b336-4403-a749-2f464fcbe9d8,L3,Tweet
9c5eaaa7-41a9-4f0a-8f77-8277e0ff2813,L3,Tweet
9c6a0380-09f5-4cc4-93c0-c96762afcb54,L3,Tweet
9c77141f-711d-498d-9842-0daf0ff2962d,L3,Tweet
9c805017-8662-464a-b093-d60aa0654a0b,L3,Tweet
9c829799-76ee-41f0-adf2-4887bdf6d0e0,L3,Tweet
9c844677-5349-4cb9-b2e1-00472506cc79,L3,Tweet
9c8fae90-7eb1-4545-815a-654fb8526eb9,L3,Tweet
9c9994bd-2906-4475-acea-946c1218083c,L3,Tweet
9ca0c5e5-eba9-4e62-92bb-a7677c749a58,L3,Tweet
9ca790f0-92fd-4ec3-9431-7f120431ef07,L3,Tweet
9ca8d618-4226-41fb-ad73-c805354bedda,L3,Tweet
9ca984ea-bc4c-4d46-8618-2c7803508c88,L3,Tweet
9cab550b-0d9d-4b1d-b438-42a4fe15bd65,L3,Tweet
9cb2f9af-b379-4905-859a-22f1c7e75b12,L3,Tweet
9cb5d395-1804-42f3-9210-429bf1ef400d,L3,Tweet
9cbf72fe-9e48-4cc9-a289-1c2cf4434964,L3,Tweet
9cd9b0af-72ca-4faf-bdac-20cf8bb29c85,L3,Tweet
9ce011d7-21dd-4495-b542-b54d89d2c2ec,L3,Tweet
9cece6e7-6d17-4a10-a117-ceec10d30190,L3,Tweet
9cf9d4f5-0347-4b52-83a7-f4b48705ba65,L3,Tweet
9cf9f4be-4500-4841-98a8-12e9d2235bef,L3,Tweet
9cffa507-2c3f-4f86-b21f-1570cc013bd5,L3,Tweet
9d0ae0a9-6219-4a37-a213-98f5924ec955,L3,Tweet
9d0c3c14-47cd-4511-b05b-7fbb00a0ea12,L3,Tweet
9d10fad4-b5bd-4987-8b6a-8fe50625a95a,L3,Tweet
9d1762cb-0e99-49a6-9ab2-a0a495558915,L3,Tweet
9d177ba8-fafe-4f25-89a8-07a5c1f9f9bb,L3,Tweet
9d19f8c1-17b7-4cdc-82da-4489368bf962,L3,Tweet
9d2a5abc-83e1-43f8-b1b3-c719fc7d2a3f,L3,Tweet
9d2cf3e3-ee86-46ef-a624-f73a1c8666c5,L3,Tweet
9d3b3dd8-e75f-466f-98a5-4db8ab59ff49,L3,Tweet
9d4989d7-2ee0-466e-bf3d-a2588d60b603,L3,Tweet
9d4d636d-bf29-4f9a-8473-2619793fb6cc,L3,Tweet
9d5342f6-68aa-4b5a-995d-8218e1672a42,L3,Tweet
9d60820b-3c7c-4482-abbd-3bb382db0f6f,L3,Tweet
9d615701-db88-4c87-9e79-edebf92c52ba,L3,Tweet
9d637c7f-2eed-4974-a991-4f4242740262,L3,Tweet
9d64c0f5-906a-4902-a8d2-bfb50fe20599,L3,Tweet
9d6b300c-1c64-411d-a8eb-0fc432ae7b37,L3,Tweet
9d6b5a1c-8fc9-459f-b955-69e9f7eacf4c,L3,Tweet
9d6ce45f-efb6-485d-a649-af038ad60bee,L3,Tweet
9d6cfa7b-92ca-4659-bf99-1013d045704b,L3,Tweet
9d7f8100-7ba4-45aa-a67c-17a347515c2b,L3,Tweet
9d84e19d-97e0-46ff-91dd-a3d3f4cac1c1,L3,Tweet
9d8f23f1-c946-4694-84d6-d6f2e4c43846,L3,Tweet
9d92ac32-3f0b-468c-bb18-2e8cfc13ee87,L3,Tweet
9d9a7df2-ac4e-4aa5-a027-1ec29c07d2a6,L3,Tweet
9d9abb8b-127e-4be3-96a7-b543a1abba3b,L3,Tweet
9d9cdbb6-6c29-479e-ba13-85b87bfb9441,L3,Tweet
9d9fcf71-9a74-434c-be94-50d84387078b,L3,Tweet
9dae5472-2c50-4758-b8cc-3091e312a23a,L3,Tweet
9dae5c25-1e38-4b01-8f40-8e2ab71db0d1,L3,Tweet
9db4cd36-8cd7-4814-bad5-4cf2aa5a628f,L3,Tweet
9db785fa-9302-41b2-af1c-405c9103bd87,L3,Tweet
9dbeffc6-495a-4711-8572-d22fae96f558,L3,Tweet
9dec54de-4881-4217-ba63-996cda8ce89a,L3,Tweet
9df16610-674f-45de-a81f-89b9ed8afaf2,L3,Tweet
9df31c3a-e327-460b-819f-922159ef2bc0,L3,Tweet
9df86521-1001-4105-b5e1-6c2d20874675,L3,Tweet
9df9a495-497f-48a6-a094-44f9795ad435,L3,Tweet
9dfa7099-5fad-45b9-ab38-2713a2ed0d7d,L3,Tweet
9e116846-7448-461c-8df5-a1798d963d8c,L3,Tweet
9e171a6e-5d09-44b9-9802-137e820291c6,L3,Tweet
9e24a4ce-5754-4db6-b627-c30d937fb423,L3,Tweet
9e28d11f-fbb6-4128-b72c-d3e75d7a1d00,L3,Tweet
9e32ef8a-b760-4660-b3e9-0163e2e90ef8,L3,Tweet
9e3425e2-3ed0-4c36-800c-0878729c4856,L3,Tweet
9e433e5a-9082-43a0-801e-9c3c997d012b,L3,Tweet
9e43526f-1654-4877-99a5-a11057d83b68,L3,Tweet
9e49a639-81b3-4376-a62f-544707dd824d,L3,Tweet
9e502439-c39e-4482-8abb-e48cbe93eb39,L3,Tweet
9e52f171-3495-4b24-89e9-b68baf11de60,L3,Tweet
9e5fa682-69c3-4790-8082-4ed68c806cb7,L3,Tweet
9e6ba005-0ea3-439c-82e2-a69d4eab4905,L3,Tweet
9e70a08d-6e16-4ee8-9e17-47f41f942cc3,L3,Tweet
9e7a9a06-f96a-44e0-a881-9349a20e22f3,L3,Tweet
9e7b5b27-adc6-44ad-843b-8d812fccda2d,L3,Tweet
9e846b1d-02d4-4bc9-8cf7-d685766d8358,L3,Tweet
9e86414a-717d-476a-a427-16a6a17a2216,L3,Tweet
9ea1527e-abb9-4e19-957b-bf744822dfd6,L3,Tweet
9eaf7a32-41f2-422c-934b-f112b45312e1,L3,Tweet
9eb22f67-659d-4616-bf43-2c32127787b3,L3,Tweet
9eb7fdf9-25fb-417f-8e14-2191dfdf4334,L3,Tweet
9ebb4399-fcb2-4862-8074-361c7fe7b125,L3,Tweet
9ebc5596-1542-4dff-8fb8-68974ea42565,L3,Tweet
9ebeecc8-b80d-4442-9dbf-8cd329956e2e,L3,Tweet
9ebf3f95-612a-49c9-a79b-4c327259e221,L3,Tweet
9ec1ed59-942a-4ce5-b771-68b55942d3bb,L3,Tweet
9ec2ac24-1019-4f53-bcda-6d584d9c7edd,L3,Tweet
9eca5055-3bec-432c-b285-7851e95590c1,L3,Tweet
9ed1371f-776b-498a-a91d-313b659f1d93,L3,Tweet
9ed266c3-273b-4c77-8b33-dfe534e86a5f,L3,Tweet
9ee5bb3e-41ae-4e29-a403-fed52cd81df2,L3,Tweet
9ee6daa1-2b61-4a93-a7ff-7a8398a5c424,L3,Tweet
9eea9e4b-4c76-4197-81b3-5ee47906edcd,L3,Tweet
9ef17152-9015-482f-815b-b7206b46d244,L3,Tweet
9ef1c797-b772-4771-ae54-881611cdd16e,L3,Tweet
9ef59baf-43c8-4526-a899-2da05a57f686,L3,Tweet
9eff0b91-a5cc-4481-8642-f9b1ab4384e3,L3,Tweet
9f096cb4-cb5c-4960-9939-86c86008f30a,L3,Tweet
9f0dd97f-0065-4119-8d86-ec39417b13e3,L3,Tweet
9f141a73-3815-4d60-81b7-65aec6c8a6ce,L3,Tweet
9f1550f2-cae6-49ff-a5f1-e59b7212bda5,L3,Tweet
9f15d6ac-4cc2-4ee4-932d-3377ee0df54c,L3,Tweet
9f185dbd-1f12-4b4e-af1e-dca6981a48e2,L3,Tweet
9f196bc3-a46d-4084-a2bf-7b497008ee48,L3,Tweet
9f1bfeca-dfd3-4237-a182-4e60e02c4ef6,L3,Tweet
9f1dcd09-c875-4fe2-aa4d-895ffea8929f,L3,Tweet
9f1f6043-afe6-44ba-9fe1-0f4f43610243,L3,Tweet
9f212d41-815c-4718-98d2-0628a5ed2eda,L3,Tweet
9f22c5d3-77a9-43fa-9935-360789706627,L3,Tweet
9f26771e-3524-4e13-bdfa-6d68ffdebe8a,L3,Tweet
9f28ceac-fd05-43fe-8b8c-9850c1201173,L3,Tweet
9f2c886d-4a3f-4271-9dca-bb6692a672fb,L3,Tweet
9f379cd0-f637-4cf2-9d13-4eef061eff3f,L3,Tweet
9f3ed9a8-648d-4662-94ca-77f94b686035,L3,Tweet
9f3f7a5c-2f8d-469e-aec8-91cb237f85ba,L3,Tweet
9f41c2ea-6afb-4040-be26-af014d0d4526,L3,Tweet
9f44e88d-668b-4cd6-9f33-09e95c93e48f,L3,Tweet
9f47e7d5-ac1e-4636-86fb-2c8ec912fe1c,L3,Tweet
9f5a5729-8083-48ec-9d04-0b1edd6206b9,L3,Tweet
9f619000-2b41-470c-82ee-e575d44b382c,L3,Tweet
9f61c4fb-b2ac-47fb-a49d-22135d61bb3a,L3,Tweet
9f6492a3-0a9d-4869-a93e-19feb234ad4a,L3,Tweet
9f665d8b-3e36-408b-8eef-8b2dd70c1d26,L3,Tweet
9f6950db-fc03-4e80-9945-af19d459314d,L3,Tweet
9f6aaf32-2a1c-4e15-8cdd-7a9c182c9e59,L3,Tweet
9f6b8932-0254-4b09-8d71-d164e96270dc,L3,Tweet
9f715782-cfd0-4c09-88b3-399d0be36ab0,L3,Tweet
9f7c14f6-b4f5-4b3c-bc58-7e317a1d94d5,L3,Tweet
9f835036-998c-49a9-bf3e-c0d3f744689c,L3,Tweet
9f844063-a449-443a-b25e-3ff2871bc62e,L3,Tweet
9f8ac68b-9605-4745-9d2b-6802853ca9a5,L3,Tweet
9f8e8275-d44c-421c-8c27-dd096a75abcc,L3,Tweet
9f951cbb-29c4-4729-9cb1-1ce1cd66b91f,L3,Tweet
9f97ed57-f0ec-4e2c-ae3e-f618aab91233,L3,Tweet
9f99d8eb-72c1-4702-9d88-66c732c06610,L3,Tweet
9f9a4539-9a24-49cb-bdac-c0e2b462c570,L3,Tweet
9fa6c9a2-1785-4e3f-9e81-d0f83f053b94,L3,Tweet
9fb9be87-6ed2-4838-ae9f-c7d9d7d56b05,L3,Tweet
9fbdbc5e-a46b-434d-ac9e-09f970321793,L3,Tweet
9fc435cc-b9db-4d0c-be6d-b91bc4630e14,L3,Tweet
9fc666ec-7d9c-4c14-86d7-b7b0e9d63afe,L3,Tweet
9fc8a5a4-ef47-4c7f-ac26-931abb71a354,L3,Tweet
9fd10f16-136d-4af4-be38-4718d8457a47,L3,Tweet
9fd1235e-b7ab-4da7-b1dc-4ff24246d622,L3,Tweet
9fd405dc-fd22-44e2-9c78-cd8d6f1037bf,L3,Tweet
9fdd6b4d-b6c0-4c44-8a4e-0167797dc278,L3,Tweet
9fdeea4f-d372-45df-9290-8dbfcc91e06b,L3,Tweet
9fe61809-3400-4135-9351-9a0f8c39c579,L3,Tweet
9fe90360-ae02-4962-a394-ac20a2e8a913,L3,Tweet
9febced5-c1f6-413e-bcf7-11451318f053,L3,Tweet
9fecb5fa-7aeb-408d-8b1b-0c16600291ab,L3,Tweet
9ffadce5-616a-45b6-942c-44abac74e5dd,L3,Tweet
9ffc1b81-c1d8-476e-a1f4-2f5bfcc45ddb,L3,Tweet
a0053a7a-eb44-4b3c-a75e-03473158a188,L3,Tweet
a0094602-8312-4cf8-af65-25e7a613ca7d,L3,Tweet
a00991ff-7af4-4553-9f55-680cfe1a870e,L3,Tweet
a00adb66-0ea7-4229-8d41-25ec30f294aa,L3,Tweet
a01d0936-e9dd-4065-99e3-c9a851977371,L3,Tweet
a021112b-53d8-4a67-b834-f91a69db9aa5,L3,Tweet
a027c9f3-df8d-42a3-b117-fc7bc8a090be,L3,Tweet
a02e3154-906a-4532-849a-1223738c5e5e,L3,Tweet
a034c6af-0c28-4c77-95bb-f9927beeebc9,L3,Tweet
a04248e9-504b-4bed-b520-3a9ca856895f,L3,Tweet
a0496573-3f9d-4fe3-83a8-cfeafe81473f,L3,Tweet
a053d56a-f5ad-405d-922a-ab63d99a4423,L3,Tweet
a05b6f98-6adf-4bf8-9dee-f680ae76eed8,L3,Tweet
a05dae57-8a09-4676-81a5-75685d07dd33,L3,Tweet
a05e2089-c835-4939-91a2-3bc2a21e58fb,L3,Tweet
a0641ab0-6800-43d6-bbd7-96d48a8fcc43,L3,Tweet
a064b716-57bf-410f-b673-a601f4cb6136,L3,Tweet
a064bb2a-a9d4-4253-96af-a1f280b4a38f,L3,Tweet
a068a1c8-8c86-480a-a871-fad79d845c7a,L3,Tweet
a0709d4a-13fe-486b-90ff-176fea7dfa4d,L3,Tweet
a07391e1-f133-4828-8f1e-76ee391a3779,L3,Tweet
a07840be-1515-4b99-b0f4-2dafc2ca79f8,L3,Tweet
a09ad34f-ee55-4612-a7db-a24d3d6262e6,L3,Tweet
a09c4db6-4c17-4efe-a480-bee21fb01d66,L3,Tweet
a0ae3fbb-946f-4fee-b885-ef6d58974bcf,L3,Tweet
a0ae7dd2-eec2-4262-bb19-280d7addbb84,L3,Tweet
a0b2b278-4570-4a4b-a6e7-3c808f75caa2,L3,Tweet
a0b4ec71-ba7d-4234-811f-f648060f1e1c,L3,Tweet
a0bfd309-a425-455c-9601-687b5884afb4,L3,Tweet
a0c293dd-2ab1-4622-a4ec-96d8beb1e622,L3,Tweet
a0c8202c-dd15-415f-96da-9da2f105b008,L3,Tweet
a0d1414a-8b2a-4acc-9401-af79ceb023e3,L3,Tweet
a0d42768-c495-48cd-9b1a-2f11d8e75563,L3,Tweet
a0e59c55-1581-44b4-8872-d86cf286aac0,L3,Tweet
a0e8bbd3-46f6-4f61-aa4b-79b6e62e99c0,L3,Tweet
a0ea3f43-7255-49e7-a228-e82c5d95767d,L3,Tweet
a0efc1a2-a9aa-40d1-8948-cc1c67792d8a,L3,Tweet
a0f1f930-9440-4620-bb48-38ceaa87fa3e,L3,Tweet
a0f49339-3d86-440c-99ac-650962df37a8,L3,Tweet
a0feb78d-4fa6-45a1-90a2-d71af43921aa,L3,Tweet
a100eb9a-f369-404a-9b31-be0854c4a017,L3,Tweet
a10a88c3-ce52-4950-ac0f-a368ab9b451d,L3,Tweet
a10d239d-bd20-4836-ae3e-42f16c3a5f7a,L3,Tweet
a116e41e-5498-4e19-88a0-9e77eca958fc,L3,Tweet
a1270193-2694-47c7-8dd9-3831483375df,L3,Tweet
a127bdba-6725-4293-9332-9b28d8baac6d,L3,Tweet
a127ed14-136e-4973-8a82-7676091c3b11,L3,Tweet
a129a44e-779c-4ab8-b692-d7cdbf7a45a9,L3,Tweet
a12f1379-c076-47ca-9f27-321c065222f4,L3,Tweet
a12f3cf2-9477-4c73-bd36-17e94f633cc5,L3,Tweet
a12f75d4-d7f3-4d50-a56c-a4775897ce7a,L3,Tweet
a1303f90-3e54-4c0b-98be-18ac0b75d7cb,L3,Tweet
a13c2921-c264-401a-be19-b5544a56596b,L3,Tweet
a13da365-3a46-482d-b0be-ae15a2ee08a3,L3,Tweet
a13f347e-c5be-4489-8db8-a406fed900d9,L3,Tweet
a1434a5d-1efb-4259-8db2-19d24cd7a950,L3,Tweet
a1486021-a766-45ac-908d-30ef68e2b536,L3,Tweet
a14970b5-68db-4c3f-9773-900c5e691ad3,L3,Tweet
a16b5188-e576-44b9-8dc5-3182d8a3519d,L3,Tweet
a16e2eeb-7929-4a5e-96a7-6084de6980f7,L3,Tweet
a16ec66c-e608-4dde-ab5a-77ab17c5c462,L3,Tweet
a178b49f-680a-4dea-b5ff-6d5b289dab4e,L3,Tweet
a17ad98b-df80-4f6a-a63c-971d5f7a1be9,L3,Tweet
a1827510-7ea5-4d1c-b8ca-05c49a9bf0b5,L3,Tweet
a1904243-f676-454d-af0f-bb467e31a745,L3,Tweet
a1950279-9d6e-44fe-8495-00b59edf7f4c,L3,Tweet
a19a99b3-2e71-49ba-a854-c74a714679cb,L3,Tweet
a1a767a2-f356-4ecb-b651-945569911f07,L3,Tweet
a1b81c4c-cb51-4346-a8ed-73b6f2e5e879,L3,Tweet
a1c04477-f470-401e-9ec6-71dea23beacb,L3,Tweet
a1cad820-28b7-4986-8213-4c87be5f54a1,L3,Tweet
a1cfb82f-fb5d-4219-b4d2-adbe5e0631c5,L3,Tweet
a1dcbdba-0ab7-48fd-815c-66ce949096cf,L3,Tweet
a1e69ed7-65a6-4bbe-9a9e-e2227c3e0bf2,L3,Tweet
a1eef567-b398-4295-a4b0-300f4dcaf95a,L3,Tweet
a1f40e9b-1282-4bb0-bf1c-93c8ce73bf7d,L3,Tweet
a1fd0b40-9e3c-45cd-bf8d-987051b69ee3,L3,Tweet
a2265abc-fe04-4dbc-8c78-a9f0af14f32d,L3,Tweet
a231f37e-1680-4e59-8749-8166302be454,L3,Tweet
a23a1b70-4821-46d2-a805-5f22d4a2f473,L3,Tweet
a23daf9c-35e1-42cf-9874-519abb5c04ee,L3,Tweet
a243b7e6-7ea8-445e-9704-59af0a01f1f2,L3,Tweet
a244c579-8eb1-456e-b702-0a763bb617ff,L3,Tweet
a2470472-1b1a-463d-8d53-0c947b006032,L3,Tweet
a251d541-a414-4e71-8505-910e7e2ad7e8,L3,Tweet
a25edf5f-f479-4ecf-8977-5b4343386c3d,L3,Tweet
a25ffc34-e46b-45fc-953c-886e5d57fa6c,L3,Tweet
a2621404-a496-4834-a279-abbc42bfbd1b,L3,Tweet
a27e2796-e845-4875-8c7e-9803e50fb7ea,L3,Tweet
a27fbce9-98a4-4a80-b07d-823397cf7e34,L3,Tweet
a27fe5b7-703d-49d6-9eeb-f911dc24dee3,L3,Tweet
a28246b8-b41f-41b2-9337-b29aed7fbb39,L3,Tweet
a283fe5d-ef29-40f9-adda-3da5df10fe29,L3,Tweet
a2893abf-1ff1-4064-8c43-769bc992e040,L3,Tweet
a28a416e-5d18-47a8-8aea-89635ddf3ff9,L3,Tweet
a28ba9ef-339f-4232-b577-1c99d18bfc9c,L3,Tweet
a28c94a0-9362-4f5c-92e2-29621bff80b8,L3,Tweet
a290ae32-5a0a-469e-bdb6-fc0667a7c493,L3,Tweet
a2950369-955f-461c-93ce-45c6ef8856e4,L3,Tweet
a298bd99-b7d0-4173-8f4c-1e6f46ed0e83,L3,Tweet
a29fa298-7634-42fe-9cb7-70393438fca3,L3,Tweet
a2a63a2f-1db3-482c-918a-cce243752729,L3,Tweet
a2bf3642-c860-40ff-8604-ed7f362f4010,L3,Tweet
a2c3fc0d-0c2b-4c20-a52b-0ce583ca46cc,L3,Tweet
a2d6d0d9-2cac-43c7-bdd0-bb1a911f9c99,L3,Tweet
a2def7cc-9fcc-410e-93fd-98db25a89642,L3,Tweet
a2e29fcb-b37d-464e-9bf8-76183a7b9241,L3,Tweet
a2e85810-fcfb-476f-a790-7ea29adcbf1a,L3,Tweet
a2f07688-8e35-4b27-aa03-c83bfd3a4087,L3,Tweet
a2f880cc-d44d-4959-bfc5-89e3905375b2,L3,Tweet
a2f9416d-da1f-4384-8b0d-2eb9f466c14f,L3,Tweet
a30fe32f-6de8-4af9-93d1-b958454ec331,L3,Tweet
a319300c-08aa-46e2-ae81-1382e11df850,L3,Tweet
a3199c74-c35b-47ee-b31a-454072c8469e,L3,Tweet
a31c118c-9a8f-41fb-ba8b-9cf2aea1c69d,L3,Tweet
a31de798-548f-4202-a4f7-8102cf37f6e3,L3,Tweet
a322da10-2845-4aaf-8cc3-730e3ee9adbe,L3,Tweet
a330bcf7-26fb-4a32-8a42-701b2d241239,L3,Tweet
a33d148a-0ad1-44e2-8864-f1d8c92a228d,L3,Tweet
a33da9f8-32a1-4c07-a068-2a4758026974,L3,Tweet
a33eb7bd-373b-4da0-8871-13c469acbac8,L3,Tweet
a33fdcab-f566-4a88-bc3c-5ac93ec38c65,L3,Tweet
a340907f-942a-4ace-b131-bbd35c66c5f6,L3,Tweet
a3431635-a368-446f-ae4f-af5f44fb6933,L3,Tweet
a3436481-2645-4f35-87c7-28db9ca7e830,L3,Tweet
a349934e-af10-4de6-99d2-f15135fcde65,L3,Tweet
a35129c7-dd94-4a38-aae3-e2c76afdefba,L3,Tweet
a3618853-b70f-4bd2-953b-ecc02c011b7f,L3,Tweet
a369b21c-5c5f-47b4-87da-eebbbc0d77a8,L3,Tweet
a36b9737-2b60-4909-ae6c-e1c72a5d48db,L3,Tweet
a36dc3bd-3ae2-437b-897c-2f4be97f84ba,L3,Tweet
a3787478-9eb0-4f2c-8b97-9a8dbed23e3d,L3,Tweet
a384f632-a45d-4ecf-866c-d5311c62bfc5,L3,Tweet
a386d29b-8483-47e2-8ba1-a6da9125b005,L3,Tweet
a388d31e-ed24-4935-8d96-ad776de0ffe7,L3,Tweet
a38f6dd7-0820-4f48-a683-ee873305bbdb,L3,Tweet
a39a2900-fd46-4e52-a934-d243a4e98526,L3,Tweet
a3a2f0ba-e7ee-4fff-809c-0c84308aeecc,L3,Tweet
a3a91e6f-ab1b-453c-a71f-45642cef72be,L3,Tweet
a3a92152-c798-45a4-949f-bb4547f3650f,L3,Tweet
a3ae0314-b621-41ab-aaf3-df10df847ed6,L3,Tweet
a3b7a383-9687-4c23-a9c4-b02cef7e15ab,L3,Tweet
a3bbc6b7-9e2d-45a1-a18d-a0a5442a83d0,L3,Tweet
a3bd7f89-b3fd-46b2-9e4b-3eb8cb07b753,L3,Tweet
a3bdd231-f08b-4c71-9c06-62453014c98d,L3,Tweet
a3c38a0c-1b9a-403d-8c9a-1901181ce5d5,L3,Tweet
a3c5a236-3ee2-4df8-9df8-ec64693080cb,L3,Tweet
a3c5aea9-49cb-4357-9d75-e3118e06f1a0,L3,Tweet
a3c5c4ad-83cd-45d2-92c1-c6f1c019dd6a,L3,Tweet
a3c8ed73-9c12-4818-b823-19d806631045,L3,Tweet
a3d195c1-0713-4c22-8a55-5772ca252d7c,L3,Tweet
a3d2266a-8fd7-40a5-b64d-379cca1bfdf0,L3,Tweet
a3d9c2a7-041b-4bf6-92fa-73c55c7e1fc2,L3,Tweet
a3da5270-37e3-4372-b37f-231dee4134af,L3,Tweet
a3e51cb9-11e9-4976-a3e6-878b988c719b,L3,Tweet
a3f09d40-00f3-4c55-937d-80977993bbe4,L3,Tweet
a4086730-342c-418e-9618-f261bd023afa,L3,Tweet
a419a2ee-e131-4830-9ece-64bd83b79b51,L3,Tweet
a4233481-16e1-4358-b529-6570cca5601f,L3,Tweet
a42c1eaa-2212-45c1-86d9-b764a27674fb,L3,Tweet
a42ca040-4db7-49bd-a3ae-173426a91d7b,L3,Tweet
a4359d19-46b2-4e45-b2ab-38b0e430fd0f,L3,Tweet
a43a730a-cbbe-4b6c-9456-5d7e1fc33201,L3,Tweet
a43e178a-c75c-467a-9578-c8e596f7f55c,L3,Tweet
a43e5c34-79aa-42fc-8763-c338cb170fc1,L3,Tweet
a43fb315-85b5-4388-ab40-641e6972719d,L3,Tweet
a44830a4-5de6-48d4-985d-bb2c36853976,L3,Tweet
a44ca21a-9d15-42c0-b488-32d9190096e6,L3,Tweet
a457f6e0-1b3e-49c7-bb1c-ce3d30638a58,L3,Tweet
a45fd728-3c70-412a-b42b-d384836ed49d,L3,Tweet
a476a4d6-1c0a-412a-bddd-4cd5186359f1,L3,Tweet
a47bc799-879c-426a-a3e6-2d205d763017,L3,Tweet
a47ea557-b553-4214-affc-c5ea5c617b23,L3,Tweet
a48163e2-8700-4f71-9c89-0d5bd26f4beb,L3,Tweet
a484009b-d792-4ad9-b30e-88e3c8d777bf,L3,Tweet
a493e85d-4c20-4a73-b2bf-cbc4ca267866,L3,Tweet
a49e8e08-debb-4874-aa21-e692a111b920,L3,Tweet
a4a1df4d-d946-408f-b281-1ffbf991a7bb,L3,Tweet
a4a235d9-7439-4468-82f6-0b4ce17998a4,L3,Tweet
a4aa39da-4d84-4fac-9bb0-ab72ef9fe2db,L3,Tweet
a4ad0bd7-6a12-4f61-b542-c7d8f0bd2c8c,L3,Tweet
a4b7f5c1-8824-413a-ab8d-3ef7dc7af695,L3,Tweet
a4ccb35a-5403-44ac-8d6a-cd149fa6818e,L3,Tweet
a4ce00e5-b09b-484f-b0c9-36eae75b27cb,L3,Tweet
a4d6f905-f031-4551-82f6-274af02f176d,L3,Tweet
a4dbd620-b152-4762-9cb5-70a838b1dc0c,L3,Tweet
a4ea8fcb-31fe-4154-9fe2-6a5c38a5cde2,L3,Tweet
a4f35248-ed25-48fa-8aa2-57ef2d74017c,L3,Tweet
a4fa383a-2e6d-4aa0-b624-3115fe9f8517,L3,Tweet
a4ff2a87-bc84-42dc-8b8d-4c790b0f6ba9,L3,Tweet
a5009c8e-f937-4fe1-9e3a-c27c9d3b8aeb,L3,Tweet
a502bf4c-7b20-4487-a2a5-aa69fde98776,L3,Tweet
a503a519-4224-4a21-8cf9-9e468e281fd8,L3,Tweet
a50a2747-41d5-4317-8a5a-5c6878273934,L3,Tweet
a531b336-0a6f-4158-9f57-d5643151fdf8,L3,Tweet
a53d3dbc-9f5c-44c1-8a30-383d82b67955,L3,Tweet
a53e414b-4ad7-4cce-889f-4f1ef403ebe1,L3,Tweet
a54a67b0-df18-4cc1-8b4e-706bbf2adcd8,L3,Tweet
a54c6b6d-ed88-46c7-adbb-c735534d9296,L3,Tweet
a55939de-9f93-4f21-a25d-0faa3d71ff9f,L3,Tweet
a5616c02-8852-46c3-9663-2cae4bdb9463,L3,Tweet
a56b0602-bd86-4b5c-8fa6-b281697044d9,L3,Tweet
a5727831-097f-41d9-afe7-fa7626307c66,L3,Tweet
a583eea5-3fa0-41de-95d6-bae3b8cd7def,L3,Tweet
a58af786-a6d9-41ac-872b-c9f42e990a61,L3,Tweet
a58b7388-4f43-412b-b73e-8fab1e18069b,L3,Tweet
a58cf43f-4a5f-4fb9-938b-191d0ee727ed,L3,Tweet
a58f3c1f-ffe4-447e-85f5-246808e77c00,L3,Tweet
a5a2aa75-82a4-4b92-9645-becf2d1f998d,L3,Tweet
a5b8e158-ee8e-4d57-8541-badc40abbc37,L3,Tweet
a5c759b3-3916-45ba-9f70-a4f742b948c2,L3,Tweet
a5d00f80-3d7d-4d45-a1fe-f761dd0084bc,L3,Tweet
a5d1eef8-3ec7-4cac-89d6-ae0619e55ff0,L3,Tweet
a5d46d4c-6edc-4593-8a8d-2fcb2ead5a84,L3,Tweet
a5d499ea-0686-4705-98c2-c6cbd8389e82,L3,Tweet
a5d8e240-7c83-45fa-af1a-d5bd026f0de9,L3,Tweet
a5dc7b6c-96ea-4f63-a3c5-39ee857f61f9,L3,Tweet
a6110ceb-576f-40a3-a9ec-3e58c32d0cf9,L3,Tweet
a619d25b-b8b2-4711-a3b3-3d92806d2826,L3,Tweet
a6216412-430f-49c9-afbc-e6add5800b34,L3,Tweet
a62866e1-3def-4a9e-bd52-4000ead2839c,L3,Tweet
a62b4af9-9c96-42b9-84c7-46800c201269,L3,Tweet
a62d2644-909f-4020-b1f9-973fac491a37,L3,Tweet
a6301a61-0c87-47be-829f-351abdf8be9e,L3,Tweet
a632ea4d-45a8-44ba-8fee-1a24971820d8,L3,Tweet
a63c26c7-296d-453f-b83b-2c34c7cdf57c,L3,Tweet
a63c3686-1126-44e9-a886-7e9e892af2d2,L3,Tweet
a6421a71-2db4-4cdf-9220-de8b3b9133d5,L3,Tweet
a64cf494-f96c-4365-a7f2-1e6cfe39dadf,L3,Tweet
a64f76be-003b-453d-9b73-9f8af5e856f7,L3,Tweet
a6566d65-b29d-4342-8fc8-f40ea507f06a,L3,Tweet
a65ec9db-34bf-4c55-950c-20dfedd3eb89,L3,Tweet
a66359fc-0cf6-4ae0-93c7-5b6627b298d5,L3,Tweet
a66462a2-9a5b-4b2e-97bd-d6b9538ff010,L3,Tweet
a66cee82-2fae-4fad-a08e-229604a4635c,L3,Tweet
a67080e5-ae39-45b2-a462-a7ed7bbb03ac,L3,Tweet
a679890d-9a77-46ce-8b50-7edd1b8c1db7,L3,Tweet
a67a2d37-846a-4307-8e4b-ebf466e7c69e,L3,Tweet
a67a5808-a444-40ab-b82d-00b2be171aba,L3,Tweet
a682fd2f-9b9f-4f97-a6a0-12238f4c9774,L3,Tweet
a696fbd7-cbb1-4dee-9baa-93f2ad985559,L3,Tweet
a6a0f8e3-4a85-481c-b4ff-dc106b8eacce,L3,Tweet
a6a14e72-c64b-4582-9595-083959f9feca,L3,Tweet
a6bab6ec-21fb-44ca-9fac-b9004db9e74d,L3,Tweet
a6bbd236-fadf-48a4-837f-7cb1e0dea397,L3,Tweet
a6bdfbb7-99b7-426f-abca-0dabea381e24,L3,Tweet
a6c48815-fea9-4cac-bde8-e91773eb2b64,L3,Tweet
a6cf62c6-cb02-475a-a031-11b303e75395,L3,Tweet
a6d3ab62-1eb0-4646-8745-ccf9e9e228b3,L3,Tweet
a6e4d12a-50c6-4e7a-8e04-21a51c7fe97c,L3,Tweet
a6ecd400-58f7-4e49-a3af-8a8e965f55d6,L3,Tweet
a6efaf1d-4652-4a19-ba48-f064d2b8b2f6,L3,Tweet
a6f48b7f-c764-46ac-8a3b-c62f8089bea5,L3,Tweet
a700ef9e-2e96-454e-8c13-ce74875dc350,L3,Tweet
a703f2b6-35dc-46ab-87c9-18330217480d,L3,Tweet
a706af52-22df-435e-a4e8-1387af09c570,L3,Tweet
a715b29a-8bd4-4ca5-853a-1a2e5b0d9ecc,L3,Tweet
a7211289-960b-456d-a97e-2a3059a52dc2,L3,Tweet
a72181f0-e421-45e8-be3f-d2c3766b0d30,L3,Tweet
a7323970-5c45-4be0-a6d7-6a7da13ca447,L3,Tweet
a73ea8be-e7d6-4202-820e-f654d1af2b80,L3,Tweet
a7421576-ffc8-48cf-a669-244eed8d8bca,L3,Tweet
a750742c-763b-4d40-8cfa-65474afe71f2,L3,Tweet
a752e6e5-cce1-47b8-9ad8-6f2d51ce1bed,L3,Tweet
a75311f4-7c37-4087-ab0b-c6d613ab20f4,L3,Tweet
a75743ad-c2ce-4a57-a26b-b4b362d082c5,L3,Tweet
a7652094-e5f9-450b-9a30-8ea3674b3ae6,L3,Tweet
a767099c-f858-4df6-ad72-012d6357e982,L3,Tweet
a76b0ba1-3fa6-43d7-a8e3-f197753df6a6,L3,Tweet
a77d041b-6857-4210-81fc-403bf92afdb0,L3,Tweet
a77de82b-245f-4e17-a4b4-467a413c21f0,L3,Tweet
a784bb34-3011-4c4c-b9f3-ee4e304e0dd5,L3,Tweet
a78dd54b-697a-4e04-bd7a-0047d9620889,L3,Tweet
a799a484-fbd1-42ea-84f7-f48ca9adf18c,L3,Tweet
a79c258d-2bf4-4a24-89b4-daf1092e516a,L3,Tweet
a7a48f9a-d588-4fc6-8a75-683a258ccb93,L3,Tweet
a7af969f-cf48-4969-bdba-7158d1eb3121,L3,Tweet
a7b04c69-d3c3-4258-8412-27cb6917a6b1,L3,Tweet
a7b09ef4-9aca-4912-b93e-2d130ea8e04b,L3,Tweet
a7b14156-d2fe-499f-b457-b54bea2a73e7,L3,Tweet
a7c6fb93-c3e9-4edc-a73c-994b09ae0b7b,L3,Tweet
a7c7486f-fcc0-4f58-a7fa-9092f3d24024,L3,Tweet
a7d43302-0a63-46dd-80cf-d4ef504dafde,L3,Tweet
a7d83ee1-feef-47e9-88e6-33d633aea3ae,L3,Tweet
a7f0968b-8c06-4d30-bdb8-0653500d56d0,L3,Tweet
a7f8f645-e328-474d-971f-fbf5426772f7,L3,Tweet
a80130d3-194e-41ed-a4e7-60803dde6101,L3,Tweet
a80fa940-2428-44d0-bbf2-4b18808f843d,L3,Tweet
a8150227-79df-4334-ad59-529de3d99f98,L3,Tweet
a8257684-b24b-4934-b52b-13b05a849c38,L3,Tweet
a837d3fe-146c-4b5d-9154-d80ef442f320,L3,Tweet
a839e6f9-41ce-453d-b842-8bb1c98fe25b,L3,Tweet
a83e50c4-0701-47af-9a71-9b197d7144b6,L3,Tweet
a83e59f8-cc34-4c2f-a901-1ebb0a7e9629,L3,Tweet
a84ae294-88fa-4fb6-9aad-b8f086abef41,L3,Tweet
a84d5997-9b34-4cec-9e6b-db0ddfc6d78f,L3,Tweet
a84e7491-c23c-4f0f-81fe-e0d55f394c7f,L3,Tweet
a853ae61-11cd-4060-a416-29860fac282c,L3,Tweet
a856fbd1-410c-44ab-91c6-8171f18df6da,L3,Tweet
a8585b3f-58c9-413b-82fa-a35b2118cc5b,L3,Tweet
a8747e03-1d7e-4558-a1af-e71de0368228,L3,Tweet
a894ae82-5749-4502-b609-eb8a46550db1,L3,Tweet
a8a32998-c0c3-465e-94c9-e442db3fdfb2,L3,Tweet
a8a5a808-6ff0-4724-89bb-1fb632fe3060,L3,Tweet
a8a8a92e-f377-4e76-a40d-2a7d06f50de0,L3,Tweet
a8ade96b-eaa1-4c26-ab8e-0257a5d3e20b,L3,Tweet
a8b02ea7-494c-4cc4-b03d-a9a68df523ef,L3,Tweet
a8b492b0-5a34-4a5d-8f48-2860abd944a0,L3,Tweet
a8d239c7-5d0d-4015-aebf-363735986999,L3,Tweet
a8d40bf7-b6fe-4741-9bfd-8b538f15afa5,L3,Tweet
a8da3499-718d-4b46-9064-f367f256720d,L3,Tweet
a8e31595-8db2-4bfe-ade9-58f5b1ac15a6,L3,Tweet
a8f54a10-91ab-4830-a307-142fcd11b692,L3,Tweet
a8f6fb2c-89ad-4a16-9511-b2c431e3cbfb,L3,Tweet
a8f76551-5eb0-4c68-9023-694e00018389,L3,Tweet
a8f7bcd0-97b0-40fc-85ad-55084b01e167,L3,Tweet
a902d8c1-1ad0-480d-82fd-bcbbd1f07bd1,L3,Tweet
a9089083-4989-494e-9957-34840baa0ba8,L3,Tweet
a926ac54-9703-4943-a0f8-87dc2c085fff,L3,Tweet
a93d67c1-49a8-49d8-b1be-bcd42f8420c7,L3,Tweet
a945a875-6b29-4586-8aff-ef15683cef5d,L3,Tweet
a9605047-a87c-405e-b495-b73e0a56f0b9,L3,Tweet
a96893d5-18c9-4e9a-801d-1393988c9a07,L3,Tweet
a96b6bdc-91ff-46a9-9bf5-1b31a36f050e,L3,Tweet
a977ccd1-5833-4e7b-8091-335d477ee291,L3,Tweet
a97a2a79-133e-4b36-880e-d684e90158f0,L3,Tweet
a984db90-904f-43a9-8cf2-26825f494336,L3,Tweet
a9869e57-0040-49b2-b1fa-929bc072b5f5,L3,Tweet
a99229e7-c88d-4853-a282-945156bce70a,L3,Tweet
a99729a0-a3a4-4d19-b601-208cb7e0214d,L3,Tweet
a9982d17-a9dc-4e62-89a8-30d698651981,L3,Tweet
a9985d42-0665-423f-8ef7-e3791249bd2c,L3,Tweet
a9aad9ca-7372-40af-848a-1891a9273766,L3,Tweet
a9b609c8-95ad-4a12-85f3-f5fee221c96a,L3,Tweet
a9bbe871-9b95-425c-9cef-54c9a51d6ea1,L3,Tweet
a9bbf314-a86d-44aa-891c-905955b3d927,L3,Tweet
a9c5bc77-8be1-4c23-a6ca-36dd69a1cae8,L3,Tweet
a9c9d0ba-600a-45a2-b326-2d21174204ef,L3,Tweet
a9d174d0-8830-4a0b-a07b-102c78d72364,L3,Tweet
a9d2a2bf-7c8d-4aaf-80dd-fa05b9e4bdcf,L3,Tweet
a9d34031-7314-44d9-ac34-5a4c60c0ee28,L3,Tweet
a9d62224-dfdc-4d65-a7e0-05a5f40f45af,L3,Tweet
a9decf0d-3ad4-4fa2-8554-2046893f68e9,L3,Tweet
a9e70b19-173a-4708-abc8-e9a484bbacf6,L3,Tweet
a9eeab56-810d-44e7-bdbb-ed4f55699d86,L3,Tweet
a9f66eb5-b8b2-4c49-9c43-9e9368ba699e,L3,Tweet
a9f840c4-aa0f-4d89-9baa-7c25f9f35f19,L3,Tweet
a9fd4dc7-1c82-403b-972c-224d15351be4,L3,Tweet
aa00ad6b-8416-44e9-b9df-ee0e49d99d9e,L3,Tweet
aa0d3620-8972-4e5e-bcc1-0c657f6e5b99,L3,Tweet
aa1f4cd1-dd3b-4bb5-af98-4a21f1a5979a,L3,Tweet
aa338409-6824-4fdd-a79e-20b1d39db337,L3,Tweet
aa3dac04-1c5c-4efa-bd94-6dbbbe22a3de,L3,Tweet
aa55f9bf-320a-4625-851e-8c22541c3306,L3,Tweet
aa62109b-6229-4631-a647-8137adad74fd,L3,Tweet
aa65e7ca-d7ce-409c-ad13-9d5ed6d22e01,L3,Tweet
aa678522-d5d1-4df6-a547-10c1b7fd2fd3,L3,Tweet
aa748ed5-4d44-4e2e-9ce6-b4825da9f19c,L3,Tweet
aa79b306-c219-4a60-9295-d4d86c8d487b,L3,Tweet
aa85e501-6e24-4477-9202-8aa99492d2ba,L3,Tweet
aa981627-827d-4ccf-ac8a-f358726a00df,L3,Tweet
aa9b30a2-60df-4d67-9a9d-98705a158cee,L3,Tweet
aaa6366f-51e4-43e8-9288-0626d9ea1030,L3,Tweet
aaad524e-5380-4b19-95db-16969291711e,L3,Tweet
aab955da-e144-47d0-a018-568401a6e281,L3,Tweet
aaba1e04-4ce9-45c8-97b4-0f1bbefdad70,L3,Tweet
aabec7d1-4eb9-434a-b0fb-3f5f53a89bf7,L3,Tweet
aac4d6a1-5b1d-4a82-8851-6551a4178170,L3,Tweet
aacb4807-89a7-4175-bdb4-d61a8f95bdfa,L3,Tweet
aad3b8c7-161b-4723-8263-59527e2a05d9,L3,Tweet
aad4ada9-8bb8-4654-adc8-00922a686179,L3,Tweet
aad72af5-f534-49fc-ad9a-d91fa1b2579e,L3,Tweet
aad822f8-5e72-445f-af80-599b425c89e5,L3,Tweet
aada19d0-1aa8-4a0b-a7e4-9a970cd9493e,L3,Tweet
aae375bf-40d3-4367-a66d-b8f2ce3a8895,L3,Tweet
aaeb257e-be40-4bb3-94d6-272e62c95dbb,L3,Tweet
aaf677ba-7109-4c7b-b6c0-6cc29160ab0b,L3,Tweet
aaf9532e-ae54-4ffd-90e0-efddad2fc237,L3,Tweet
ab012d32-10ce-4a9b-9d0a-0d897983ab7b,L3,Tweet
ab014317-880b-414d-b830-44e4f599c859,L3,Tweet
ab0a7df7-58ef-4e23-856a-fa86228b8864,L3,Tweet
ab129530-9db6-402e-9b75-593d1511d450,L3,Tweet
ab1ed10e-4364-4321-a121-eaf6c637738c,L3,Tweet
ab260031-87b3-4d25-acda-ca954ff5a77f,L3,Tweet
ab26106b-b464-4b6b-8705-e2accc37ecbd,L3,Tweet
ab34764b-78e9-4a19-92d7-6b4e900e5c46,L3,Tweet
ab40de45-5093-4d31-9137-a97c896b367e,L3,Tweet
ab492b3b-088e-489b-989c-337cdba1954c,L3,Tweet
ab4bb710-371d-48fc-9ce7-bfc2822074f6,L3,Tweet
ab4e0af4-86a0-4caf-948e-d74037d63c8d,L3,Tweet
ab5ae80e-c36e-49e9-b698-7b830b35fd37,L3,Tweet
ab5d66cd-8f3d-4ebe-b694-a12dab3f6a39,L3,Tweet
ab5fdf91-7a87-4320-81f2-5b49f7525d71,L3,Tweet
ab600d4c-7070-4f48-bb0c-0931b662700a,L3,Tweet
ab620249-c17c-4b72-9ccd-812af66e9eed,L3,Tweet
ab639789-db40-4176-854d-d3a0d9c91374,L3,Tweet
ab670d4c-7be9-47aa-86b1-51a6d0fe54e0,L3,Tweet
ab6a4498-1e6f-4832-8ff0-52113fd96e02,L3,Tweet
ab6bd66a-7251-44d4-9aa4-12c54773c6fe,L3,Tweet
ab6d7cc4-0b33-440f-8029-fd2369734879,L3,Tweet
ab76489f-cc9a-4555-9d40-5c6537027e24,L3,Tweet
ab7a18b9-e9b5-483f-a3e9-674f482c6bd8,L3,Tweet
ab8fbdd0-eea6-4f93-bafe-e49925cd6758,L3,Tweet
ab9bc185-cfd8-48c5-9a72-462caae4701c,L3,Tweet
ab9c0eb8-29cf-409f-b1cc-f42fd83695dc,L3,Tweet
aba42688-4f09-4ffc-aa24-a07d71c796e0,L3,Tweet
aba7731b-aa8a-4a72-88f8-902683d520a7,L3,Tweet
abad0104-463b-4a01-b864-39fa83a5ee5a,L3,Tweet
abbd02c1-9722-4eb3-9f8a-073c7d396f90,L3,Tweet
abc11776-f2ff-4c00-aa5b-ed81d8aca729,L3,Tweet
abc91317-3dd3-40f3-9ec1-9b599a86a6c0,L3,Tweet
abec735c-2d65-421e-9f94-95e5794632ec,L3,Tweet
abf3170c-d0e6-411c-b5a5-c9d34eb0eebc,L3,Tweet
abf4dbd6-7011-4e74-8c78-85d4e545c8dc,L3,Tweet
abf8b5bd-e82f-4c32-bfd8-3d00ac0c826f,L3,Tweet
ac0b7a68-d3cf-47e6-8f77-3d8eb29b4c65,L3,Tweet
ac124a73-b4ca-4c92-aa9b-1e0c58d78f21,L3,Tweet
ac232954-84eb-43cd-9c1f-489e3689151d,L3,Tweet
ac2df74e-3b14-4abd-beec-12c2acc0ddc6,L3,Tweet
ac2fe56a-d2bb-4984-b547-6971984e1fab,L3,Tweet
ac31a70d-4569-43ef-a0ed-edfc61938833,L3,Tweet
ac36e023-e303-43f9-8dfd-c52c724b68b2,L3,Tweet
ac3eab64-bba6-415b-a9f3-6e9ac2a1e417,L3,Tweet
ac4bd2d0-083c-4b35-891a-4bf300dccb62,L3,Tweet
ac62d7a2-d97a-4504-900d-1a2ee293e6af,L3,Tweet
ac66049f-65f6-4ad9-8349-871a840efa60,L3,Tweet
ac665ad7-f990-4c39-8760-4bb8a8f002a9,L3,Tweet
ac6dc4e6-4c7c-4897-9f58-6f7651882c67,L3,Tweet
ac70df51-8a60-4df5-baed-8b295af2bdf1,L3,Tweet
ac7adf65-a7f8-459d-b780-8518dd6a4bf4,L3,Tweet
ac877561-ffb2-4e3a-9918-9693e0dbd84b,L3,Tweet
ac8eb088-921f-4b9f-a47d-2f511bb81351,L3,Tweet
ac955e1d-ebb3-4746-90fc-b7b2a4901c2c,L3,Tweet
ac95c74d-0b77-4f13-9269-ba358355e8fb,L3,Tweet
ac9ff68d-23ec-4794-8ade-59e846e48f41,L3,Tweet
aca2412c-3085-426d-86b2-63a325e62a96,L3,Tweet
aca55cce-9bfd-4ede-b742-2e87e3aa3c30,L3,Tweet
aca67de4-ecfd-460b-9c1d-141c794c0782,L3,Tweet
acab4ad6-a2d9-43fc-8edc-645bf9a764be,L3,Tweet
acac3632-d1f0-4e59-9fc3-6a32f49c2db7,L3,Tweet
acb10e50-0165-4792-b616-8dea2e53a129,L3,Tweet
acb99a77-e572-4b66-a348-ad8b7c647e01,L3,Tweet
acc192dc-dc19-455a-9938-7a82b8999737,L3,Tweet
acd55717-f7e7-46c8-b881-cf41bdb7579e,L3,Tweet
acdd86ae-f62d-4e11-a3cd-bd42bff8066d,L3,Tweet
acde6b17-773f-4fda-af9a-d47cc6b91cb2,L3,Tweet
acdefe9a-3882-42dd-bcbe-2911d961a839,L3,Tweet
ace6ee68-7300-4368-8b36-673464422643,L3,Tweet
ace84a5e-cc67-4380-ba63-1223a5fd454c,L3,Tweet
ace8f4ec-08ce-45e1-8c04-8f9e5197a08f,L3,Tweet
ace9767b-643e-44d0-a91f-16f46fc05710,L3,Tweet
acf17853-b12f-4f37-b0c0-48def0de7af2,L3,Tweet
acf69460-eb0e-4da7-8eac-18d76f55812b,L3,Tweet
acfda864-d960-465b-ac9b-368b34044c29,L3,Tweet
acfefa8d-36f4-464b-b354-8edacffd0f3f,L3,Tweet
ad06e61b-52ca-42b0-8855-9808553920a0,L3,Tweet
ad11b565-fd9a-4394-baf6-f219162be938,L3,Tweet
ad1231a9-cca9-47c8-b932-12f88ebd4906,L3,Tweet
ad163b5e-c1dc-4298-a3b1-6855a6c811e0,L3,Tweet
ad3853bd-ad31-4c75-ae88-399709fff011,L3,Tweet
ad410a01-4251-42c2-a0fe-a84b5c91d2a4,L3,Tweet
ad433250-c428-461b-b0fd-82821b64a1d4,L3,Tweet
ad4cf07a-fe95-4b12-86fd-2eac7869fee5,L3,Tweet
ad4de51b-93e1-4339-9eb9-86deca82bdbd,L3,Tweet
ad576577-8553-4017-9105-f4a9c3e723e9,L3,Tweet
ad59fa5f-ac73-40f1-85ff-c7d986e8a6e8,L3,Tweet
ad5d1376-2e90-448e-bbf0-68b078f1279f,L3,Tweet
ad5d2c46-e04b-467b-bb19-98a9d86c47a4,L3,Tweet
ad5e4e91-98b8-4b8f-b410-b09586e561b0,L3,Tweet
ad655df0-0621-480a-b0cb-eb316a3ef7a9,L3,Tweet
ad6752cc-13d7-4ca2-baa5-564d3a311a1b,L3,Tweet
ad6bd95a-52c6-4ca7-801d-735fa3018a9b,L3,Tweet
ad788853-d616-4f50-a7ed-a02c13748c70,L3,Tweet
ad7cfba4-98c9-4c20-ae1c-7b65c2aa8bb4,L3,Tweet
ad844cc4-6cbd-4d5e-bbc9-d85121abf578,L3,Tweet
ad8abc8e-3270-4037-b8a9-ee2ddfdf40b9,L3,Tweet
ad8caba3-8a0f-4ae0-9110-7ab4b99edc85,L3,Tweet
ad8cf56a-2691-4b81-b1f7-ea27a8e90401,L3,Tweet
ad8d7cf2-c0db-44c8-90ef-0281d7acd2a4,L3,Tweet
ad9b705a-8bf6-4bee-ac76-f55b3edb7790,L3,Tweet
ada4afdf-8fc8-40d3-9f31-4eceedc093ee,L3,Tweet
adaeeeab-86d0-42da-9f39-035a2ade8716,L3,Tweet
adb0506a-3d29-4ea8-af2d-b0a1594b9d1a,L3,Tweet
adb4949c-74f9-4a38-b623-991883acacf8,L3,Tweet
adb91520-1b7a-4b59-8921-33985bcd02e6,L3,Tweet
add2f880-26a4-498f-83dc-0e7f9c31f6c2,L3,Tweet
add6fa19-d227-42b8-947d-21ea55edd54d,L3,Tweet
addcfc0d-18f7-4a48-bfcc-7f405b458efb,L3,Tweet
ade63cbf-9f33-406e-8b84-868ad8a92a7c,L3,Tweet
ade95556-1bca-48d8-98ad-3562fbf9966c,L3,Tweet
adf1fd45-4f54-4dc0-a68a-8348af209ef5,L3,Tweet
adf55f62-df67-4cd8-bfb9-6c429a1463a8,L3,Tweet
adf6f531-3f17-4277-ba10-54d2c5de7a0a,L3,Tweet
adf901be-0ddd-42e2-9023-17a88375bfd4,L3,Tweet
ae08cfe2-8113-4fad-a768-68568d09d876,L3,Tweet
ae27a87c-092a-49f4-977b-c0853d70ac39,L3,Tweet
ae292dd3-8112-4a29-93e4-f1aaf8cf42b9,L3,Tweet
ae29648c-68c2-40fa-9450-3d733be6f90b,L3,Tweet
ae2b20cb-e7d3-479a-bc7b-387c574f1860,L3,Tweet
ae3c0719-3327-4715-b67d-14c2a06f06d6,L3,Tweet
ae5d5c0c-1788-4408-afde-2bb6df09e6d7,L3,Tweet
ae5fee3f-bfe2-4972-a97d-b53e87e80735,L3,Tweet
ae634b7d-404c-4d13-bc7d-64248c8c3c73,L3,Tweet
ae7243c3-18a0-4c4f-92ca-183d57b28017,L3,Tweet
ae773770-f93a-450e-bc93-0e5db7142c09,L3,Tweet
ae793d8d-0d5b-4daf-a2bd-7e15c46315e2,L3,Tweet
ae7af6c1-241c-4118-8e91-0a5a5ba12122,L3,Tweet
ae7caee9-bee2-4b8d-abf5-ff7b3edea96e,L3,Tweet
ae8558f3-0858-4c11-bcc0-8f1d1a08c87d,L3,Tweet
ae8a3dbf-91a8-4f9b-a824-5c8121c93284,L3,Tweet
ae8e9574-db2d-40bf-ae4b-50c2bb987d7d,L3,Tweet
ae928af0-faff-44dc-93a4-3d0e958ec18f,L3,Tweet
ae954ae1-e2bb-4b80-981e-4942914fd6c8,L3,Tweet
ae984830-da36-49fb-a3ef-2ad9a84588d5,L3,Tweet
ae9d95ee-295b-4c89-bfed-86ededc04754,L3,Tweet
aea455af-6747-4e56-9de4-155fe6c490f6,L3,Tweet
aea4e5aa-b585-4dd0-bc8c-5917f09595b9,L3,Tweet
aeb18003-6e87-431d-bec0-daab8a77dbe4,L3,Tweet
aeb60ed4-c7ee-4886-80ba-6498003422bc,L3,Tweet
aeb9bac3-3aa4-4538-9944-4876f33c97e9,L3,Tweet
aed39c6b-d199-4f8f-afd0-9311b1b02be8,L3,Tweet
aed40924-b023-4f10-8289-b73e18fd7d2d,L3,Tweet
aed4204a-af36-4658-b50b-4fab07757537,L3,Tweet
aed9a96a-c4c2-4f9f-84f7-87237667f845,L3,Tweet
aede08fc-26b8-4f19-b4ae-d5e328d372af,L3,Tweet
aee3543d-bff9-4803-9901-c362441ed3bb,L3,Tweet
aeeabe21-bc5f-4a0d-86e9-33e7fe0a2b49,L3,Tweet
aeee5aa1-33fb-4027-8770-f4c40964f104,L3,Tweet
aef03bf6-4b5a-416e-8cc6-26b9cd0b3817,L3,Tweet
aef5870c-c099-4c99-8832-7dd49cad2104,L3,Tweet
aef5f03f-c691-4e9b-add6-4ee716703d05,L3,Tweet
af01c42b-90d4-438f-9753-519c6dba6ccf,L3,Tweet
af131934-cbe8-421e-a537-d14e9b80f6b2,L3,Tweet
af1c0891-7afd-4aaa-a953-e128d411eead,L3,Tweet
af1e58d9-49d4-4f6e-bba9-1d217da18edc,L3,Tweet
af32aa1b-bd1d-473e-9310-d2f690e8e96a,L3,Tweet
af32febf-a87b-4220-9e5d-12a8931fd933,L3,Tweet
af383b41-9394-46aa-8ea2-486d83f89d4c,L3,Tweet
af392110-3a4b-4c31-a79a-1faba4fe4144,L3,Tweet
af3ba847-defb-4ef9-9066-d6473a339ee1,L3,Tweet
af4a9293-ad7e-471c-ae9f-a36d9e094f7c,L3,Tweet
af4ab0f7-74d7-4a5e-96f5-41e8d169d31d,L3,Tweet
af527983-ffa0-4c6c-8bf8-842e6bbd4b0d,L3,Tweet
af54c418-ae9e-4e98-a8d5-3d6d8741754c,L3,Tweet
af5f575e-a1c1-40b3-90e2-0956b69ff16c,L3,Tweet
af69bb61-5098-44fd-b1ad-c60a7b932131,L3,Tweet
af6a6a1f-0750-4ddf-8e3c-c7d8c870e8cc,L3,Tweet
af6b0a06-4120-4b3f-a128-e3970533c0a9,L3,Tweet
af7803f0-c688-4d41-b3b5-e513ba3cef57,L3,Tweet
af7847e9-68b3-4592-9542-699f79f91c34,L3,Tweet
af79a1f4-d586-4672-ad9d-d071a841ee99,L3,Tweet
af7cb03e-252b-4860-a8de-18a1738c488f,L3,Tweet
af8128e3-c36d-4500-b278-4f810884fdaf,L3,Tweet
af8cd73e-9ecd-4a8c-8baf-c5a1f33799da,L3,Tweet
af8da680-7a57-44f6-94e9-bf8870f8dc26,L3,Tweet
af923a25-4ad5-466f-8d95-a25ecacd98ee,L3,Tweet
af96ce0f-f2e0-424d-9a00-6b1433b55bbb,L3,Tweet
af989c7b-d54c-4994-ad4a-e76e9149790f,L3,Tweet
af9f2a0a-9d7c-4aac-8c48-d8160d80e76c,L3,Tweet
afa56041-36aa-415e-a80d-c9dbe6f14cc0,L3,Tweet
afb0c69b-6f52-40be-badb-62f83fff9a0c,L3,Tweet
afb7596d-8fae-47a5-a6c5-fd6cf0c9d852,L3,Tweet
afb9c6fb-e28e-441c-a0b6-420bbb4193f0,L3,Tweet
afba8b80-89d2-467d-974f-392a70f95bf3,L3,Tweet
afbbf76c-6601-403b-a7fa-90777af210df,L3,Tweet
afbcf136-c2f3-4ab4-86cb-ab40ecb4271b,L3,Tweet
afcb67a3-fdb0-408d-9b46-890f44ec9ebc,L3,Tweet
afcf5c88-9438-4aee-be59-0f93244696f0,L3,Tweet
afdcb6c7-fe69-47e4-b46d-7e9f3d020924,L3,Tweet
afe55533-ab39-4905-96f2-782a4937d6b1,L3,Tweet
afec5f4e-f58e-437f-a040-95c68797d437,L3,Tweet
afedd094-1772-4a30-a455-583efc20c79b,L3,Tweet
aff5f769-5544-46fa-b96d-3f28f9b62148,L3,Tweet
affbf65c-ea75-4f1c-9397-3bcff91c836b,L3,Tweet
b00703af-2e4e-4e1c-8da5-16d825ee615f,L3,Tweet
b00c8285-5af9-4278-aacd-802a623134cf,L3,Tweet
b011bfe3-92d1-446f-a67b-65481ab3284a,L3,Tweet
b022993a-c22a-4a36-bbff-0ce919e8504e,L3,Tweet
b038255c-9969-4038-a6ca-3bfa4d0da861,L3,Tweet
b03b5d9a-2946-4219-96e9-96956d6766d4,L3,Tweet
b04510c1-b030-483a-8ad5-96ef1c56957e,L3,Tweet
b049a6f8-db08-4c58-bfb4-802cc8741a68,L3,Tweet
b04a32d9-1260-43ba-8e49-d5982ffb9596,L3,Tweet
b050f46a-e080-47ff-8ae4-0bf5a3f301b5,L3,Tweet
b0529f7b-2c3e-4e41-9086-914fc1bd7c1a,L3,Tweet
b0592646-1094-424f-9910-5cbfa4ad7e8e,L3,Tweet
b05c3484-c613-48f4-9b4d-17d007444021,L3,Tweet
b06a054a-7bac-4835-9a39-c9029d5a238b,L3,Tweet
b06e9620-8e0d-4ba8-827c-ada89d6bf1b0,L3,Tweet
b0814683-2c48-4828-b07e-3627aa1abe07,L3,Tweet
b08b8e57-cf98-44d4-8542-f7313e257d43,L3,Tweet
b08c3720-29d5-4fb5-b5a7-c87b618ac882,L3,Tweet
b090e985-6a93-4e55-bb50-af86a372232d,L3,Tweet
b098d6ac-b382-4170-9959-cca4035f2dbe,L3,Tweet
b09b48bc-2d93-44db-8457-6a0b87ac15e4,L3,Tweet
b09e2946-026c-4213-87b3-5a777564634a,L3,Tweet
b0a770d0-36f2-46e4-bea1-66ede768436b,L3,Tweet
b0aa0180-df38-431d-be6f-0126dfdc19e5,L3,Tweet
b0ad8f74-cc51-41cf-a9cd-9777f561bd84,L3,Tweet
b0aed942-aca4-482a-b3a4-b390c42dcc08,L3,Tweet
b0affccc-8138-4c94-a5da-d1c3e9d1b961,L3,Tweet
b0b5bb7b-bda9-4734-b7de-d32950a93751,L3,Tweet
b0b78c9f-21c0-4629-9bf3-0475cfc7917e,L3,Tweet
b0b7c09a-3a75-4818-9940-a6457b1af2d5,L3,Tweet
b0c13085-b141-4068-aab5-75281e94c225,L3,Tweet
b0c7be50-b06f-4a4a-8393-667f879b40a2,L3,Tweet
b0d0ca8d-6d23-4032-9c62-361e5773f556,L3,Tweet
b0d45b48-15df-45ed-8d2d-de28b683fb64,L3,Tweet
b0db610f-eb08-4bfb-886c-2a503ea64f53,L3,Tweet
b0e0518e-2317-4b5f-93cc-0a25e967fad5,L3,Tweet
b0e4a1da-86b8-4351-a292-4efbd478eb05,L3,Tweet
b0e8f77b-e287-4376-9f32-7e0b3b323ab3,L3,Tweet
b0ea0d0d-0d73-436b-a188-678eae7070b0,L3,Tweet
b0f0905a-437e-437f-b734-0f271283b391,L3,Tweet
b0faa4d3-08c2-4911-b155-b4b0d59f9158,L3,Tweet
b10620ef-2a68-4c81-9887-fdae32e9c97c,L3,Tweet
b108c7d1-646a-4bf2-b724-02ca555ec87c,L3,Tweet
b10b40d8-5d41-429a-b2ea-2a9e2ba47fca,L3,Tweet
b11025f7-c35c-4d89-b5e2-86483844c353,L3,Tweet
b11032aa-af1b-4121-b4f8-cd5792d7e080,L3,Tweet
b1169400-a302-4de7-b2f6-a88c62b6fa71,L3,Tweet
b1180859-9d29-4144-9daa-0b8c1cfe37ff,L3,Tweet
b11a6f3d-2fa2-4891-8dad-a72187715542,L3,Tweet
b1226320-f0a1-4e48-a856-832e164917c3,L3,Tweet
b1303e16-b1e1-48ea-8592-727b83218ddb,L3,Tweet
b1310255-7c92-4a90-b07e-39a65bbb4dde,L3,Tweet
b131da86-dd51-44af-accd-87426800214e,L3,Tweet
b135c77d-f5a8-4b5d-99b0-21e5c2ecbb42,L3,Tweet
b13cab48-03f9-4cf2-9baf-824ef3dfd6b5,L3,Tweet
b145885c-117d-4b4a-b029-bad216f92bbe,L3,Tweet
b150f465-1171-4af6-bd1f-5337a5d2e129,L3,Tweet
b1514674-0569-4659-82a0-e4d8a7f9d206,L3,Tweet
b15832a3-9f5c-491b-89c1-6a610f4ece1d,L3,Tweet
b159a50e-597c-472c-a91f-fd62f6fa6de5,L3,Tweet
b15a42d1-943d-4ad9-9434-1bc3b54e1899,L3,Tweet
b15e933d-e96c-4e29-a1ed-9fda049c9bce,L3,Tweet
b15f13c7-c6fe-42fa-8d8b-f0741a306119,L3,Tweet
b15f2af2-94aa-47d5-b21d-36e93c6f4416,L3,Tweet
b15f52e2-a307-444e-8e98-4f53dc763d94,L3,Tweet
b164bb7c-213b-49e4-8c30-58a31d1ee35a,L3,Tweet
b166fe32-3ed0-4610-926c-cece094aa98d,L3,Tweet
b1672a92-4345-41c2-a531-0af5395aac09,L3,Tweet
b1722837-121e-415c-ba38-c7788fed5a1d,L3,Tweet
b1735828-6192-4e9c-ac34-0b533be698f3,L3,Tweet
b178d894-b06b-4fe2-9933-ad8377ddfb51,L3,Tweet
b17d65ea-13bd-4cc9-afec-25ecd315020d,L3,Tweet
b18630f3-319f-45f9-89c6-a939be84f637,L3,Tweet
b18ac2fa-ffd9-4419-88d9-ec0cbd678fe5,L3,Tweet
b18f5620-7987-4e39-9741-6e38b3354967,L3,Tweet
b1a2412e-91fb-4584-989a-5fb83af75e97,L3,Tweet
b1afa4bc-64ee-4b2c-abc8-96f0bafe2fd9,L3,Tweet
b1b2f011-aeac-4d38-8fc3-28e55e68c9e6,L3,Tweet
b1b4e7e7-e99e-48d9-9235-8d318d40ced5,L3,Tweet
b1b53368-58f8-438a-85ed-e143ce99b975,L3,Tweet
b1b5b2dc-9aae-4e3d-b6dd-978a47cc52c3,L3,Tweet
b1b9a6e6-4f23-4fb5-87da-7251b8ca86a7,L3,Tweet
b1bf6524-0f5c-424a-96af-c36b8d528775,L3,Tweet
b1ca2fe3-52d7-4420-b9e3-dd54d2963367,L3,Tweet
b1cce67c-edac-4163-8ee7-9118ed6288b7,L3,Tweet
b1cd0873-bb6e-4243-8a46-70d0b6fd0c33,L3,Tweet
b1cd3fb6-fe64-4ee6-86ef-6793f23df364,L3,Tweet
b1d12c6c-c96f-483e-9ff3-3fd6c59f41ec,L3,Tweet
b1d7d5ee-5cfe-4530-a252-aac299dedb0b,L3,Tweet
b1db9f09-c8cb-4107-9fbd-4d7239c29a53,L3,Tweet
b1e1d506-8901-487e-962b-4f9ef35e8910,L3,Tweet
b1f32cb4-23cc-4120-b6bf-5d0822478046,L3,Tweet
b203ff8a-59f5-4389-8a1b-cf12f18847cb,L3,Tweet
b20654af-fe98-4cc9-b363-9747edbd1d54,L3,Tweet
b2124ac7-0d7a-4f8a-be8c-d59d8dbb6a49,L3,Tweet
b212aac3-9867-45bd-b9be-155acea66584,L3,Tweet
b21581e1-bcba-48b4-a0b4-69e40e9b3a2f,L3,Tweet
b216798e-547f-4324-ba92-eac7e731cef9,L3,Tweet
b21fb6b5-f432-4112-8734-07d4c98a8ab9,L3,Tweet
b22ec092-f437-468c-8462-12c102301da5,L3,Tweet
b230f22d-3f67-4621-8982-149bc89a0bb7,L3,Tweet
b2332b20-e60a-40bc-a104-d96968fbee3b,L3,Tweet
b238d388-4f27-4004-9650-5ee548f45d34,L3,Tweet
b2392a9f-6c29-4627-bacb-d7504560f794,L3,Tweet
b23bb837-9b7c-41dd-b1a3-64db8a7fbc82,L3,Tweet
b23fbc37-3a1b-4fbd-b276-4ac038d60515,L3,Tweet
b2467b50-c5f2-41a3-9255-b05218efbe46,L3,Tweet
b251fadd-7fab-45cb-aaaa-41ddb20c63b5,L3,Tweet
b26032b6-3102-444c-a58e-83af8b8df76c,L3,Tweet
b26674e8-ca60-4adf-9b20-1cb0a64ddc2f,L3,Tweet
b26f69e6-33ac-46a2-a32b-460c398598a0,L3,Tweet
b274c8f8-dc4d-4e1e-a34c-8b4b08c4c673,L3,Tweet
b2751997-b1b2-4989-a2f3-aadfa1b8eba2,L3,Tweet
b27b6131-80e8-401e-aba4-55ef94428ec2,L3,Tweet
b283a411-1568-43d8-bdd9-4fc294abaea3,L3,Tweet
b28ab347-55ee-4c63-8ca6-51b806544ad8,L3,Tweet
b292055c-0cb9-4661-9acb-147853a815d4,L3,Tweet
b299b82d-580c-408f-a78a-00874a139951,L3,Tweet
b29d1e4e-83d4-45a7-9be9-0fa6fb262329,L3,Tweet
b2a0b625-b65c-4c58-b911-2ae5e1326506,L3,Tweet
b2a225f1-4e0e-4ae3-9c16-1ff8f51e44fd,L3,Tweet
b2a2c5b6-13df-4762-a720-7fb71abc7a5f,L3,Tweet
b2adc805-8657-4752-90ec-567dfdd23021,L3,Tweet
b2b29346-24ac-4030-bde8-88f9fd67fc5b,L3,Tweet
b2bf298a-dc0c-44c1-86cd-b9024dda820e,L3,Tweet
b2cc5c81-4f1b-450f-bd66-cd2cc13bc56e,L3,Tweet
b2d67c45-83d4-4380-bcaa-e45632645671,L3,Tweet
b2dfeed1-3ffb-4f09-bae1-4e458ea1e302,L3,Tweet
b2e31b4f-e5cb-4877-8383-afb48195401d,L3,Tweet
b2e3e7b4-75af-4db3-8232-938556c9b791,L3,Tweet
b2e4361d-edcd-4b80-97e9-0a735b540c7c,L3,Tweet
b2edea90-34a1-4bfb-8296-a1ecd02dea3c,L3,Tweet
b2ee567c-ff17-4e1e-a054-8a498c4692bd,L3,Tweet
b2ef7537-6a57-48d8-9c1e-16b2bf95be06,L3,Tweet
b305507a-4854-46c9-8906-78f680908a37,L3,Tweet
b308ab0e-61df-428c-87cc-b71dac4bbfb7,L3,Tweet
b30aa1ed-7df2-40cc-a3e1-fad5b29af173,L3,Tweet
b30b47c9-55d7-4bf1-bae3-e59034a9ee5a,L3,Tweet
b30fbcde-b8a5-4b2d-b308-cf67e3f4ac55,L3,Tweet
b313dfe7-94b8-417d-a921-9d96ddd98415,L3,Tweet
b31c4a25-5d71-4feb-af31-93783e538281,L3,Tweet
b32e5615-c831-4bf2-9fdd-f7c5903be739,L3,Tweet
b34f6229-98d5-47b9-96b4-fafee8f01dd9,L3,Tweet
b350c618-4762-4295-99f7-b0e62085b63c,L3,Tweet
b355d638-4465-44e9-b4a8-91e7abd95004,L3,Tweet
b36843a3-5d5e-418a-a4dd-e0bbfaf276dd,L3,Tweet
b36d2093-33fa-4a66-b168-f4e7a9941c42,L3,Tweet
b370322f-ca3a-4406-8b9a-eb9394b6bf0b,L3,Tweet
b37b0fe1-2539-48fd-8e2a-17ffc097e595,L3,Tweet
b37f52bd-5935-4ee9-8086-abe0e5331967,L3,Tweet
b37f71f2-cee4-4333-a183-9090b409a14d,L3,Tweet
b38e8985-671c-4f70-ac42-496e022c03b9,L3,Tweet
b3943c02-96c9-4a63-b081-c3915357e778,L3,Tweet
b39d21d2-e32c-4488-9270-d3656a15a71b,L3,Tweet
b39fb2d0-0309-40f1-8ad9-15d4b9e04dd8,L3,Tweet
b3ab0d40-f225-4f42-b6c3-1965ce2b795c,L3,Tweet
b3b3bf3b-a177-4199-b8e2-bfec167febd4,L3,Tweet
b3bd8564-7a76-4b95-8b2e-881fb94a5c44,L3,Tweet
b3c00652-6699-4049-aa2b-a1a4aaca010c,L3,Tweet
b3c34f97-5afd-4d4d-9f9f-b6561db74b75,L3,Tweet
b3c51524-b4d1-4014-b842-412b47dcca07,L3,Tweet
b3d22343-d27b-48d3-97b6-2c8d560acce2,L3,Tweet
b3ef1119-46f8-45dc-8bf2-8454e661a1b8,L3,Tweet
b3fc490b-73ca-4390-aabd-94bf1fc611f6,L3,Tweet
b3fef051-58f5-4d63-97fa-11ee4f713817,L3,Tweet
b4008245-f9a4-4bce-b10a-9f2919d9026f,L3,Tweet
b4045627-72d3-4023-a9b3-da9317d991c8,L3,Tweet
b4063517-279b-498d-bcbf-a5f92a154ee3,L3,Tweet
b4136df2-3a99-4516-a2aa-9153c6a83391,L3,Tweet
b41c8320-177a-4c7f-8a3b-06caa04f5946,L3,Tweet
b41f5b59-65f2-4610-90f5-68a9244b3b49,L3,Tweet
b4347dad-03ee-4ad2-bbfa-22be6befce6a,L3,Tweet
b435fd7c-26d6-445b-9b44-20580fd3fed9,L3,Tweet
b4360780-94fa-4dd8-ab8d-45db55ab0ed1,L3,Tweet
b44dc14e-be41-4288-8836-0dd980aead7e,L3,Tweet
b454930f-fa8d-4cf2-abe4-c5ca1682915e,L3,Tweet
b4630be0-0ba3-4ab9-a453-ffa107aed2f8,L3,Tweet
b4653a7a-cb88-4a67-927a-ef2d819a1559,L3,Tweet
b46a099f-80d2-422d-aaa9-dc65738c5ea9,L3,Tweet
b4717666-57a7-4cfd-9121-09b7ff9c80b8,L3,Tweet
b4744449-735b-4e53-bb10-df31dde954df,L3,Tweet
b485e38a-c7dc-41e7-9792-394542cf9fce,L3,Tweet
b4874579-1a1a-427e-a38d-6fc105522a71,L3,Tweet
b489a132-e0e5-4786-afca-ef728910f338,L3,Tweet
b48b017c-e82a-457d-94f9-bb5be7ec846d,L3,Tweet
b48f17ed-ba56-4da6-9987-64773e91e934,L3,Tweet
b494be8c-f216-443d-a6a0-51583f1abd90,L3,Tweet
b49a60e1-4ee4-4680-8826-5757cb18633f,L3,Tweet
b49de674-ffdc-4eea-b772-7889bed73e72,L3,Tweet
b4a947fa-5d48-4434-9416-7db6331ae2c4,L3,Tweet
b4b6eb44-ff40-4eed-88fe-59252f807516,L3,Tweet
b4b8e84a-a171-45d3-9e5f-cc0798202656,L3,Tweet
b4be5fb3-df9d-4ceb-8072-836eb7298b3c,L3,Tweet
b4c19f11-ac6b-4f80-9840-02877e3dd15b,L3,Tweet
b4c3c53d-24db-4378-9107-ef2fb7c0b481,L3,Tweet
b4c9e606-12f8-4f10-acfa-1146ddf7b0f9,L3,Tweet
b4cae4c5-93d8-418d-8f2b-390c6ffcdb75,L3,Tweet
b4cb7810-51d4-471b-8121-18fc05e5318b,L3,Tweet
b4d3d9de-5aca-4bd1-8f79-c8f46a1c4353,L3,Tweet
b4d7d506-31e5-4ab9-ae3c-ab2e786ab50c,L3,Tweet
b4d8e1b9-0cae-4867-939a-74a956d916d0,L3,Tweet
b4dc2232-1020-4b3c-8b4a-5bae7242c928,L3,Tweet
b4e9feab-df25-4e0f-b092-c7f514699277,L3,Tweet
b4ee22c4-0fce-4364-bdc8-3cbc56f39161,L3,Tweet
b500940c-a904-4e61-88ad-7c65e32718f3,L3,Tweet
b504824f-448c-4edf-9f45-c325648ae136,L3,Tweet
b510325c-1776-4275-82df-70b8cc6c1a44,L3,Tweet
b5137c18-f9a6-416f-92a6-8f19d78f18f0,L3,Tweet
b5170446-81c5-42b0-9cb7-7a066b9300c9,L3,Tweet
b5171d54-d485-4312-9e0d-360e58ed6f8d,L3,Tweet
b51a7142-743e-499f-9d43-4abf1541be6b,L3,Tweet
b51f0f24-9594-48a2-ac52-23c4de8af64a,L3,Tweet
b5240be7-31b6-4ae8-b158-bcc2f86755db,L3,Tweet
b5374084-975f-47b4-bd5a-f060cdd0b7a0,L3,Tweet
b53874bd-56b5-4757-8747-384db63b20ed,L3,Tweet
b53900fd-4aaf-4622-8e4f-53fb95b925c2,L3,Tweet
b539a334-d4a4-4655-963c-8ca905e0877e,L3,Tweet
b53c0864-8974-43bd-9b40-7c83b893e831,L3,Tweet
b542814d-755d-491e-b257-c1429411e38e,L3,Tweet
b5454c0a-2b5e-4fe6-ac1c-c2b41084358b,L3,Tweet
b54b190a-0c7e-4b8b-b5ca-8104cfd607d6,L3,Tweet
b553e06e-dc5d-4914-add8-08cb29bdb405,L3,Tweet
b555ab34-ca08-42bd-b672-0e9e2e24aa5d,L3,Tweet
b555d9e9-9bc9-4e33-b698-4f11fcd60854,L3,Tweet
b55789d7-3f4f-4416-bee5-f98d9e59685b,L3,Tweet
b56bf071-3d3b-4f45-820c-34a54171467f,L3,Tweet
b56fb50e-ad3f-46a8-8f04-ff6faa358598,L3,Tweet
b5856a0c-4ded-4ee2-bca2-655ae197a6db,L3,Tweet
b5861a12-9a02-4ad6-a0ac-fd11ddb5bb1c,L3,Tweet
b5907145-27fd-4181-ba7a-3e058f7b2b07,L3,Tweet
b59e4447-f7c8-4653-be2e-cc92d4ddb911,L3,Tweet
b5a2a818-de5b-4b54-b619-44958b6ae08e,L3,Tweet
b5a6dddc-24ea-448c-be89-aa21923becca,L3,Tweet
b5b6fbef-2c9b-43ee-bf2a-2a49d5fd913a,L3,Tweet
b5bee46a-185a-490b-93e9-f675c734bfec,L3,Tweet
b5c18977-5479-41f1-9048-fef341245781,L3,Tweet
b5c4cde3-b300-43f1-ad27-7355e3b8c3aa,L3,Tweet
b5c8d421-df6a-4cd1-aa47-17a10049e34d,L3,Tweet
b5d207e8-fe4f-411e-9d54-74cdf334fe3d,L3,Tweet
b5d21b70-edca-4d75-8b10-b83d87c13ea3,L3,Tweet
b5d3348a-c360-45aa-9216-f5e68f4bf269,L3,Tweet
b5d886b2-07ff-4902-8d47-8cf6a8a4d6f5,L3,Tweet
b5e81cc2-ad17-4e93-be20-ea46d419ccbc,L3,Tweet
b5f12581-a98d-4b8e-ba41-47e884079faf,L3,Tweet
b5fd7e85-7468-473e-a705-db4f91876062,L3,Tweet
b6053877-e018-4230-9a5e-54753245584b,L3,Tweet
b60aeb6d-3005-41ff-aafd-ff264c377b69,L3,Tweet
b610155e-14d0-4806-a415-dfdec46cf3bc,L3,Tweet
b61d836d-f669-41c6-a790-4e25e1b13304,L3,Tweet
b6266e8a-b75f-4083-ae73-57fcd63c5113,L3,Tweet
b62791f6-b020-46af-89b2-28814239a52d,L3,Tweet
b62fd201-5a20-406b-be84-45c08705f3b2,L3,Tweet
b63f3c9e-4cac-4411-9d78-a7c8cd45442c,L3,Tweet
b6474d71-ef25-404e-82f4-a96b8eddceb6,L3,Tweet
b64f45a2-3163-4965-8158-20344b9df6bd,L3,Tweet
b65047ee-3837-4a43-8b65-c20c8f3c7bf9,L3,Tweet
b653ac59-0800-46ef-a050-c167012a4b89,L3,Tweet
b6576d62-1ca0-4207-9bc4-d0f929e45b85,L3,Tweet
b66681a5-9c5e-43e8-b6f1-df94953a3d43,L3,Tweet
b66769a0-163a-4608-8953-2a9788c752eb,L3,Tweet
b6721dd8-e709-4fe7-b032-69e0f8d5e4e5,L3,Tweet
b676bcbb-87d2-4287-aa14-4f729842e820,L3,Tweet
b67843e8-0b36-4aa9-825e-09d7cdb9ca8e,L3,Tweet
b67e9a89-63b1-458b-9680-4632aa769751,L3,Tweet
b6806cfc-5924-468c-a4b7-d210e77fcb61,L3,Tweet
b6896ed9-518d-4cb9-8e24-1c21858d0cad,L3,Tweet
b690c76a-624b-4b8d-9edb-1aa773583361,L3,Tweet
b6969b1c-22f2-403d-afaf-e9855e8fbdda,L3,Tweet
b699f035-498d-4e0b-b3ad-94a069730679,L3,Tweet
b6a07821-c552-43ae-b1a3-d751b050a269,L3,Tweet
b6a1931c-173d-4cbc-82ea-6a19b08cd21a,L3,Tweet
b6a50302-ed40-42d9-8819-f1ee9489cffc,L3,Tweet
b6ab5ef6-c17d-4cb2-833c-b9b89a5639c2,L3,Tweet
b6ab6113-1ecf-4c68-bfc9-1c84405d0ac7,L3,Tweet
b6dce01e-d1ba-4f6c-9500-e815d091d18d,L3,Tweet
b6f5d3ee-3683-46d0-8b6a-4617522cf3bb,L3,Tweet
b6fa6dd7-b38d-4fbd-958e-6a00fd9328ec,L3,Tweet
b7022125-5f1b-458e-8599-95fa737ffdb8,L3,Tweet
b702ade1-69f0-4f9a-8620-a601c884f259,L3,Tweet
b702ea72-adb5-47cb-b0ac-04a16faff8b6,L3,Tweet
b7037adb-bf4b-4614-a31f-27c368eb25c5,L3,Tweet
b7077303-036b-48e5-b630-4547daaef2ac,L3,Tweet
b709994c-cc95-4cdc-98b4-05db5afa4e4a,L3,Tweet
b712840d-8193-478e-b39c-37dbe6895c3a,L3,Tweet
b73137c0-54ef-4170-af53-65cc18015f42,L3,Tweet
b743c0e7-88f8-4037-ad33-e5b919a3165f,L3,Tweet
b74681ad-475a-4df3-b17b-8fb1e1e54099,L3,Tweet
b74d9d4b-3a7d-48f8-a88d-aab087b13338,L3,Tweet
b74d9f25-9ae8-49cd-8ed4-ee62b67ee772,L3,Tweet
b750c980-da16-44fd-804d-251b6cb0cf11,L3,Tweet
b752ed06-9b9d-49de-97b6-2905c326dd0b,L3,Tweet
b75b434e-f08e-4bcd-a922-bcb89360ab91,L3,Tweet
b763d621-ee76-4130-a64c-1a8f196ba84c,L3,Tweet
b7694e68-0788-4616-a8aa-04100d1246c6,L3,Tweet
b775df89-4b7e-4215-ba01-cbf3399b1661,L3,Tweet
b777a2ab-255b-4882-8cb3-42ecd70b00ea,L3,Tweet
b77ce743-1436-4513-aea6-ae6de39421a1,L3,Tweet
b77e017f-c873-4b67-8fba-fe68a53ac3f0,L3,Tweet
b789a37c-c009-4e91-8d46-5e510ca8f04d,L3,Tweet
b7969917-050d-4895-a033-6da5364de245,L3,Tweet
b7980a62-4e53-47e7-ab64-34de38d46a3f,L3,Tweet
b7a71f2c-d7c0-40a4-bdec-aae09a2aefb7,L3,Tweet
b7a75cbe-90a2-4186-aeab-b26ed39f506b,L3,Tweet
b7ad4268-374a-4faa-87d3-6621400eace2,L3,Tweet
b7b06042-1779-4906-8e9a-0025cd86669b,L3,Tweet
b7b0c863-99ae-4e82-82a3-ec53edd43bfc,L3,Tweet
b7b75b45-dd8a-451c-b8f6-6e82386d4052,L3,Tweet
b7b7fff5-2ad6-45fe-9569-a4fd7cf253e5,L3,Tweet
b7b87830-01ca-4f34-99aa-05e2b5ca2426,L3,Tweet
b7c03a4a-f1f4-4519-875e-a3d755d1c3da,L3,Tweet
b7c72ece-db7a-465a-b515-5a2c7a5702e8,L3,Tweet
b7c73d5f-1085-4ef6-a145-ae025297c80f,L3,Tweet
b7cb4882-96a2-4085-a5a8-b0ef571a4829,L3,Tweet
b7cebae2-d65b-4206-8984-949dd88e60cf,L3,Tweet
b7d2d8a9-8694-4b63-85f9-0cb776aa9e93,L3,Tweet
b7d32ac1-5350-481f-9eed-63a13800c28d,L3,Tweet
b7e1c631-8e70-478f-9d6d-623cfa1de36b,L3,Tweet
b7f00be5-dbaa-4deb-8585-021f3d4151c7,L3,Tweet
b7f61a0b-c30a-4036-a10e-eb562b531b55,L3,Tweet
b7f95f88-e4ba-4185-8906-351880e70682,L3,Tweet
b7ff44bc-dd1d-4db6-aff3-2140322ac20c,L3,Tweet
b80101a0-7f47-4d28-9780-e883fa328f3a,L3,Tweet
b80333c0-a20d-4ed2-b029-3cfaba2cd602,L3,Tweet
b806d68c-8228-4ab9-890c-a23fdee1a542,L3,Tweet
b8075c01-6a88-4f50-844f-d1c772833c62,L3,Tweet
b80e263b-b00d-4ecb-a4c0-35fc99cc90e4,L3,Tweet
b810bb43-6084-4259-b1c9-0b2c4a5e2e78,L3,Tweet
b816cc61-fee5-4d95-892a-cccc42d3dc4a,L3,Tweet
b8174a96-bd77-4e56-bbc8-ff1a4919d670,L3,Tweet
b8178310-e7df-4eed-aa19-5c0a2e75cedb,L3,Tweet
b81b4b86-23f7-4cf5-aab9-35f13966315e,L3,Tweet
b81ebcd7-4e46-4d13-97cd-e3f0ef263ea1,L3,Tweet
b8230a0e-dd94-4197-8f77-6a43d9da1b55,L3,Tweet
b829e3f7-847a-4af3-9fbc-7e972e55772e,L3,Tweet
b83008fd-3521-452e-863e-7e6750812607,L3,Tweet
b8309227-b633-4345-8276-62f20bd50f19,L3,Tweet
b8378e29-9cfb-48b2-aa80-7858dbdf365b,L3,Tweet
b848dde7-58ee-4ef0-9049-557f4d401813,L3,Tweet
b848f0ab-2264-40d2-81d1-608370904133,L3,Tweet
b84eccd2-d5a0-49ca-8571-5482b3a8ff58,L3,Tweet
b8541b14-e191-47fa-ad71-a2d155f6d3a5,L3,Tweet
b85a105f-709b-4f63-96b1-85b4da50c9e8,L3,Tweet
b86573a5-bc56-4d2a-a9be-78d7137c7f66,L3,Tweet
b86908b7-842e-4705-b115-fe6ad3d758b1,L3,Tweet
b86fd68b-5864-41ab-aa1a-836e285420aa,L3,Tweet
b870fb65-1ef8-4223-9051-1b3c4f18afd7,L3,Tweet
b871007e-9d31-40d3-a866-822cb12f8a63,L3,Tweet
b873734b-fb83-4ecd-ab27-68319a9966aa,L3,Tweet
b87b1088-7e34-465c-b245-ac96a5b339bb,L3,Tweet
b884787f-da8f-43f6-948d-59bb2dbdb44e,L3,Tweet
b889770a-eb39-4d5c-b135-1806b5cd9d0e,L3,Tweet
b88a207c-4b7e-478e-9a6d-9910fc3ecabb,L3,Tweet
b88c8dcb-278a-438e-aa05-8e74ec487105,L3,Tweet
b8985f07-8d32-495c-9ed0-626f3e86fb0a,L3,Tweet
b898e632-9c10-49f8-8750-5a9e31ae82c2,L3,Tweet
b899f339-aab8-4c74-b6d0-96466ee9cd8e,L3,Tweet
b89af48c-99a3-434d-b29c-5135f4fbce92,L3,Tweet
b8a2a6af-b82c-48be-922a-085838a699e4,L3,Tweet
b8a2b80b-3300-4961-a57c-6394808e34e1,L3,Tweet
b8adec5f-3289-4f9e-abcf-2c68b45498e1,L3,Tweet
b8b0ce64-0fd2-4cf5-a411-a33798bf212a,L3,Tweet
b8b14273-77cb-4b05-b4a0-6834b1e0995c,L3,Tweet
b8b7697c-13d0-4cab-a870-5ef50d1694af,L3,Tweet
b8b88615-95f5-43a1-9f1c-06eb6c955ad9,L3,Tweet
b8b8b8bf-84cf-4396-83db-a870b3810a60,L3,Tweet
b8b983b7-983b-444d-ae3c-edcabcb6eba0,L3,Tweet
b8bffad5-304d-4717-a444-ed0cd03e8901,L3,Tweet
b8c61574-e6c8-4929-b152-346666888e45,L3,Tweet
b8c716a5-67fb-4341-b674-cf0f2416d40d,L3,Tweet
b8c770b1-066f-463f-bdfd-221c12318231,L3,Tweet
b8cf355e-bfa3-4ba4-ba8e-7eb6e3c3fe58,L3,Tweet
b8eba164-ec30-4f48-8a5b-ad220d83405f,L3,Tweet
b8fa4466-9312-4a8e-9091-9e06b6c00b80,L3,Tweet
b8fa5d9d-a50e-4824-ac45-e1f8e1120573,L3,Tweet
b8fbed78-e1f5-475f-b323-a53d08d99758,L3,Tweet
b8fdf648-2e9d-4104-b3bf-b0d511b37c6f,L3,Tweet
b9052ce9-37a2-4237-a969-6eeb3dc54b88,L3,Tweet
b906c59d-ee9e-43a5-a928-ff34d17bc330,L3,Tweet
b9100968-3db7-4e8e-b94a-d0b754c43b0f,L3,Tweet
b914a3f0-be9b-4222-84ee-34b8054ec307,L3,Tweet
b9180780-2107-4328-865b-51dc6f635143,L3,Tweet
b91cdd85-d29f-40cc-ba67-ab3ed5ff4536,L3,Tweet
b92099d4-b33f-4bf1-ae03-92df5a8babb2,L3,Tweet
b920f14c-c620-4f28-b608-43ac3b8aa8b2,L3,Tweet
b92523a9-2667-439c-82dd-6f1ee533b2d3,L3,Tweet
b92eef3f-9680-455c-9bf8-0047aaa75eee,L3,Tweet
b932e6f0-33bf-4126-8ee8-5734a25fda68,L3,Tweet
b9376123-aaff-4fb6-9ad9-d83a6203cb21,L3,Tweet
b9438096-b440-4467-aea9-a29685eb354e,L3,Tweet
b945a633-c99a-4872-b80c-a4cd4446a808,L3,Tweet
b9476689-5f88-4100-9c88-9d205aede072,L3,Tweet
b94cc2ba-a05e-464a-814b-646ed953a3fb,L3,Tweet
b94f1a5e-1e50-46df-a289-53a500004412,L3,Tweet
b956f1aa-d308-47e9-afd0-794b0eb0f89c,L3,Tweet
b9576e5f-4134-4795-8fc8-57c1e01a6b25,L3,Tweet
b9580fd2-d657-4a6a-94ab-e168cd0df40b,L3,Tweet
b95baa51-c6a1-4545-a658-96c24dd0f163,L3,Tweet
b95fa0d4-76ae-474f-b714-6d28dd1b276b,L3,Tweet
b96cc792-7208-49c1-b953-2f7037c000e0,L3,Tweet
b9800f76-be71-432e-9093-b20e511db550,L3,Tweet
b983612d-e740-42ba-96a7-b128e55484ef,L3,Tweet
b988446a-4b4b-4c68-ae1c-b1515019bd31,L3,Tweet
b9a2b777-3f97-49c1-8494-3acd6037da5e,L3,Tweet
b9a2e6a9-5edc-4d6d-acd4-ee8c3f10dea8,L3,Tweet
b9a86f00-95c9-42fe-a733-78f4410b549e,L3,Tweet
b9b5932c-e3c8-48b1-a523-611ace2da79a,L3,Tweet
b9d5593c-6d10-4a53-a4e5-75721bb64894,L3,Tweet
b9d75259-169a-47b7-8d23-7fb70bbbc7b5,L3,Tweet
b9e71c8c-891d-4172-9a7b-bad58f9fd115,L3,Tweet
b9fd205b-181e-4342-bad5-8469ae2d31ee,L3,Tweet
b9ffe68c-1fef-4999-9fb1-30259da5d2b1,L3,Tweet
ba03d080-7b41-4361-87a3-d5e0535b1e4f,L3,Tweet
ba119038-96a7-40cb-8d6c-a7c03f394416,L3,Tweet
ba14baf2-04bd-4150-9332-2cd9ccc0f405,L3,Tweet
ba2666bd-d197-4efc-99c4-cde4ada53b7c,L3,Tweet
ba28efc0-8f27-4530-85c8-babd70c75a84,L3,Tweet
ba2a495d-4283-406c-98b8-8f9c656f857e,L3,Tweet
ba2ab45c-8953-4f1e-88ca-4aa9ae02414e,L3,Tweet
ba2dc3bc-1edd-4b57-824b-fdfb21982e5c,L3,Tweet
ba423db9-5bbc-4fec-9f49-cd5fc7be5824,L3,Tweet
ba483dca-43a2-491c-a299-44be85864b5f,L3,Tweet
ba4ef057-e954-4a70-b4a8-a131929851ec,L3,Tweet
ba523dea-e3a3-430f-8dfa-bf2fe70e4a24,L3,Tweet
ba53206b-f4db-4238-ac30-2e6cab9c5d0d,L3,Tweet
ba6671a5-c916-4ec7-bfde-33370529d087,L3,Tweet
ba79ce51-bf2a-4462-886e-cde8479d9300,L3,Tweet
ba81bafb-5b18-467f-a9fc-2aa41ca5f41b,L3,Tweet
ba823738-07e9-452d-ac57-d0db9bb1a7a6,L3,Tweet
ba8d7860-75e9-496d-b927-42248c3b4eb2,L3,Tweet
ba9edc9e-5152-4750-bd8e-10f1a561df7b,L3,Tweet
baa02a3b-6323-4fa9-9517-1c9fa473daa1,L3,Tweet
baa0a11d-36b9-4168-87cf-49ee6d5bbbd2,L3,Tweet
baa3798b-7ec9-4e15-a09f-1483c610720e,L3,Tweet
baa4d7d3-783d-427e-af98-6a71128adb4a,L3,Tweet
bab53067-3d47-427f-9d29-87c7c5db9250,L3,Tweet
babe7db6-2656-44a8-a444-ada12bbebecf,L3,Tweet
bac54d9b-8409-410a-8baf-e19085f29ee6,L3,Tweet
bad6b2c3-1e12-4832-a01d-cc8dc57df46c,L3,Tweet
bad92bc6-90fb-4bd0-a109-d211fab11f6d,L3,Tweet
bafaae21-dbba-4120-ae40-969ea0da4629,L3,Tweet
bafb7e05-acf3-48d9-9d7b-572d0ce903b8,L3,Tweet
bb05b46e-4cda-4c12-bcda-3f0f36a19654,L3,Tweet
bb091d75-0617-4e4a-a7f3-2c7eeebf0d1d,L3,Tweet
bb09d120-2af3-4283-985c-2ed346b9703b,L3,Tweet
bb1284ff-0c45-4ff2-869e-83c42a4b7a5a,L3,Tweet
bb1893a8-bda4-4da5-a7a8-7ac735da7c9e,L3,Tweet
bb253a4f-53b1-4a36-a3c9-f92e69b7ed58,L3,Tweet
bb27d28b-3551-49dd-a4c0-801eec80c9e8,L3,Tweet
bb393570-0a21-44b8-a6e7-a3ce052b5c83,L3,Tweet
bb3c64f1-dc15-4517-87f5-c147bdbd1933,L3,Tweet
bb4993b6-554c-410f-ad2e-d0c786c55be1,L3,Tweet
bb4a65ef-d288-4248-80e8-ed8d5bbe6ab9,L3,Tweet
bb611011-534c-4d28-8a2c-ba7ff91be6cb,L3,Tweet
bb6ea447-e421-4029-89d9-83806ae5e26e,L3,Tweet
bb7a8552-8996-48c8-b128-3816da64ab36,L3,Tweet
bb7cfb2d-f244-491f-bd84-4dde4415c338,L3,Tweet
bb82c040-1fa9-4985-a055-4622dfa612d9,L3,Tweet
bb893eba-7ced-4a8e-9faa-9224b895f432,L3,Tweet
bb98d60b-6ac3-4b87-ac53-96bafa0c8efa,L3,Tweet
bb9a504d-068d-4ad7-8f41-4af52e7e66c7,L3,Tweet
bbaa8681-1908-42de-9ef5-93b7e23b5301,L3,Tweet
bbb053d1-ad34-4293-9d75-6cdf032764b4,L3,Tweet
bbd3d2d4-3014-4a29-8ed8-3a9f84d285f2,L3,Tweet
bbd8ec88-1496-4110-9407-6e2eb8cd6b6e,L3,Tweet
bbe2ba23-a661-472b-bd86-4eb48d85e24e,L3,Tweet
bbe95204-415e-43bd-bff6-311cde9d5313,L3,Tweet
bbe9df80-45c8-4aa6-8cf0-29f915705a9a,L3,Tweet
bbf0b4c5-45d4-4461-9c83-055f0cd77411,L3,Tweet
bbfbbec3-2617-47e9-80b2-f076d63b781f,L3,Tweet
bbfcd619-76a0-4115-8504-531c5490aee5,L3,Tweet
bc00f7eb-25db-4aff-b428-e108b741e541,L3,Tweet
bc068e67-e826-485a-824b-b263e677f14b,L3,Tweet
bc0a2d50-0f91-491b-bfaf-441e8d726387,L3,Tweet
bc18e9fd-bc76-4a9c-b823-6a6655231a16,L3,Tweet
bc1ed4f4-d890-4223-aeda-0ed8abe32a04,L3,Tweet
bc24b4d2-b8b6-41a6-8c76-09e96fcedf42,L3,Tweet
bc2bc6ee-c5ac-4d60-9f86-74a4eb617708,L3,Tweet
bc33d1dd-dd21-4cfc-8fe6-5c36cc26e27c,L3,Tweet
bc33dfc5-0a22-4ec0-b36d-0d1c3c02d4f3,L3,Tweet
bc36d90a-68d2-488a-b5f0-e1c15042b4b7,L3,Tweet
bc3ef6a6-bb24-4415-bec1-5c352b904abe,L3,Tweet
bc403a71-970e-44aa-bf9e-73539e7d1c3b,L3,Tweet
bc406ebb-8ce1-479d-ac04-185181200bc2,L3,Tweet
bc479c6f-61a4-47ba-ac63-bc39316ab9d3,L3,Tweet
bc4aa573-1f9a-4fd4-97d8-7d240ebf60d6,L3,Tweet
bc4bc2b6-4797-4ee8-b672-d49f3d05aafc,L3,Tweet
bc4d831a-5a0b-4ce9-9e50-fe61935fa1b2,L3,Tweet
bc5b2cce-136b-4b67-8261-34079632b1b2,L3,Tweet
bc63443d-9006-4f3b-833a-366c5c28bd6e,L3,Tweet
bc702eea-7d8c-49be-a0c7-6aa6837047e6,L3,Tweet
bc7af02b-d177-40c3-a115-02782479fbcb,L3,Tweet
bc7c01dc-b698-4b1f-856b-a17f29535ae2,L3,Tweet
bc861c0d-3509-477a-8fa7-88bb18adfa02,L3,Tweet
bc8dc7ea-c8fd-4eb3-92c4-ab17e632560d,L3,Tweet
bc9175fe-5e4c-4099-b556-bfc99634ee3b,L3,Tweet
bc99439d-5946-4471-9c15-afae2aa96633,L3,Tweet
bca211cd-a3a6-49ff-b3cf-775b23b6c98d,L3,Tweet
bcabb0fa-58e1-4e09-9380-00dd17df9ad7,L3,Tweet
bcbcebd4-d50f-4028-898c-78b9a7a5f03f,L3,Tweet
bcbfaf58-14d2-4011-a492-2dab39271d94,L3,Tweet
bcc0c9ec-4b43-4471-ad4b-5f95f0c8de3a,L3,Tweet
bcc44f28-5c08-4122-9431-ec50a34ca0b5,L3,Tweet
bcd13e8a-c1ac-4947-a6ac-d3fce1490bb4,L3,Tweet
bcd21d19-f3da-4879-9107-eefca6febf31,L3,Tweet
bcd923cd-02dd-4fe1-9ae5-2fe87d702160,L3,Tweet
bcdebcbe-d040-4567-a077-0cfe35536851,L3,Tweet
bce6fca8-ded8-4871-a511-bb3b9b991881,L3,Tweet
bce8cf61-253a-4bb8-a295-ec3171ebda71,L3,Tweet
bce8e958-d82b-425f-9ec2-ec7f9c8983c1,L3,Tweet
bceacea1-773f-418f-bf6e-c123171fe8d7,L3,Tweet
bcebebf0-6ee5-4082-bfe1-3326856af90d,L3,Tweet
bcf37409-8ba9-4781-abf2-242925b6dc3c,L3,Tweet
bcf843c4-ae6c-4f17-8834-d28bd837fc6f,L3,Tweet
bcf872f0-c2fe-4f6e-83a2-1914a1ae361b,L3,Tweet
bcfe119c-5066-4061-8a88-cb540154ec68,L3,Tweet
bd04446b-2c59-463f-8fb1-093419699a3d,L3,Tweet
bd0808b5-59a8-4d56-9e3c-854dd03807dd,L3,Tweet
bd152f57-cf99-4094-9b71-f1ff46505e0a,L3,Tweet
bd191425-06af-4f7f-be78-861f1d77e3e2,L3,Tweet
bd1e37aa-f561-447d-8322-19fa9c5b23f2,L3,Tweet
bd1f53d6-640b-469e-89e6-1a934c58ee46,L3,Tweet
bd225c23-cbe6-4d25-8af6-5f97aa26c2cc,L3,Tweet
bd28027b-a635-4799-b704-b13a23ec34af,L3,Tweet
bd28e128-b886-490d-9a24-2e84ca6e72ef,L3,Tweet
bd2c2403-2e2f-4f8a-9f76-5c71b50291e1,L3,Tweet
bd33c95d-a0c2-4f69-b534-7c6e7dd96b4e,L3,Tweet
bd39a424-475a-4319-97b3-b799fecd820a,L3,Tweet
bd43e2a9-dc1f-48b9-8790-36f1090b397a,L3,Tweet
bd4f2461-189f-4166-a57a-50187743807b,L3,Tweet
bd51b5a7-ddca-4c3b-b78b-d7229723dfbb,L3,Tweet
bd560300-976c-4cae-a3b8-b0a8f675238b,L3,Tweet
bd6cf0ef-ce73-4539-a4f5-994178f3316d,L3,Tweet
bd6ddd97-c036-435f-bc23-464dcb0bea01,L3,Tweet
bd729a24-fc48-4f84-adaf-82d07fff1598,L3,Tweet
bd797110-c3a1-44e3-b79a-ff2f1b0f6763,L3,Tweet
bd8f4364-d9d5-44a3-82e3-29d99b7f782b,L3,Tweet
bd916a68-4b0b-4901-b2ed-57bff1d77bc8,L3,Tweet
bd9733af-f8e2-4cc9-9464-ebde7d4e85ef,L3,Tweet
bd9d7d02-8882-4a15-a0f5-a60fb05c8837,L3,Tweet
bda576cb-ba68-46c6-926c-d34454b1acc1,L3,Tweet
bdb1a612-48b7-43a1-890c-f5bf62c18066,L3,Tweet
bdb35751-a4e7-43dc-be2d-553ffdb2238a,L3,Tweet
bdb42123-b790-47a9-b9d3-672a878be6c6,L3,Tweet
bdbefec4-d4f2-4f13-9eac-5de18105d74e,L3,Tweet
bdc5eaca-6dbf-4695-a637-f286288c3b5e,L3,Tweet
bdc83d65-5d6c-4644-88c6-fceec39d46e8,L3,Tweet
bdcb9556-2ed7-4c06-94e6-48a2c5223231,L3,Tweet
bde27c71-8ebe-45dc-9737-ee14e7b2a724,L3,Tweet
bde4edad-67d1-4285-b4bb-b861abef7038,L3,Tweet
bde68131-ffab-4abb-8bc5-07ecc31e91a7,L3,Tweet
bdece734-37d7-459e-81b4-df3d398cc826,L3,Tweet
bdf59648-592e-4775-8fcf-343c0dae43b8,L3,Tweet
bdf5fed5-0b55-4eda-ac6b-0de7476550e3,L3,Tweet
bdf6d58b-947b-4e44-bf27-eab1d9098154,L3,Tweet
bdf8c1c3-9176-42b2-aba7-c538cf8d1353,L3,Tweet
bdfc48d3-0c69-44e2-b2e4-49530e17d5e9,L3,Tweet
be09f1e3-2e6b-48e6-be32-be6f3f2fef06,L3,Tweet
be0d603c-7d38-485b-a23e-baff8bd2768b,L3,Tweet
be0e4a57-9761-4ab4-bade-e0ed839b45f0,L3,Tweet
be0e9b0e-15e9-48f4-a22e-c4ee41152874,L3,Tweet
be12db56-362d-4474-9c88-2c5b302b57e2,L3,Tweet
be1495e6-6641-43ce-8884-a89b662a3f6d,L3,Tweet
be1552ab-dff2-4ab3-9a1f-c07c1affd59e,L3,Tweet
be193a53-fba0-43f7-ab26-cfc0f7e0e73b,L3,Tweet
be19ea02-ffa4-429f-b10d-1b0f53a09544,L3,Tweet
be1a790d-1fd8-464e-b161-f80c47d79d3d,L3,Tweet
be1c9922-09ab-4941-bf38-270da8ecea2d,L3,Tweet
be26c2ed-ae5c-4151-aeab-b1dafcd8a338,L3,Tweet
be29b4bf-e11e-4657-9344-7c86e405c6e7,L3,Tweet
be37f26f-2a16-4857-b2bc-1b46d1dd2318,L3,Tweet
be3cef95-efa4-4a55-a32e-62f8800f59ba,L3,Tweet
be3e1e5d-0d48-400f-af1d-8dcbe0b35c6c,L3,Tweet
be3f304e-8298-454b-971a-444b44aa11ff,L3,Tweet
be45c181-9730-41a9-b112-2eb1752c9a82,L3,Tweet
be4e302f-60b1-4c96-a31f-af5ffb70c031,L3,Tweet
be541162-6b52-4915-9481-c6d8fa523871,L3,Tweet
be639036-3763-4917-ae41-07897be3b72e,L3,Tweet
be6e3b94-daee-466c-bd36-31e41c4b70bb,L3,Tweet
be703bbc-f2af-4f9e-afd1-062c6ba94ae7,L3,Tweet
be7f3124-5144-4014-bc48-b2dc97890d72,L3,Tweet
be88d15e-9502-4289-8d2d-8d10cba884a8,L3,Tweet
be9ba0b8-dd1e-49de-a9da-91b191ff69f1,L3,Tweet
be9f474c-c23c-43cf-b1f2-d38aaf23760a,L3,Tweet
bea43a0e-3435-41b8-b9e6-e8932a584685,L3,Tweet
bea43f81-f1a1-4ed5-9783-9bd2eca90efe,L3,Tweet
bea6d4b6-71d7-4048-ac68-9bcf5b7af1a1,L3,Tweet
bea892ea-5ab1-47dd-ab1f-2aeef9f2912f,L3,Tweet
bea9c101-b115-4da9-bb9b-390f1314e0b4,L3,Tweet
beaf3384-8761-4d51-bba8-4448871c03e9,L3,Tweet
beb1637e-ce9e-48ab-8b48-048ed4df8b55,L3,Tweet
bec9bfc3-96d2-4e58-a0a5-ec28341e5f01,L3,Tweet
becb92c2-82d6-4571-9e58-87f761934686,L3,Tweet
bed11e2f-0153-4096-b423-013d566f69b3,L3,Tweet
bedbe07f-d393-46ca-be31-1ec90364c1ce,L3,Tweet
bedfe6c5-f14f-4b04-9397-e1c82dc0454f,L3,Tweet
bee0feab-189c-438e-a4b2-aba3715479e1,L3,Tweet
beeb5f66-8d9c-4615-88c3-1dc2e524b98b,L3,Tweet
beebc973-053d-418b-a7dc-5adaa58fadd6,L3,Tweet
beeed2e3-85ec-44be-8266-9e5a3957c816,L3,Tweet
beef5d30-48a4-48f2-b7a4-f294be158816,L3,Tweet
bef0ac43-d94d-41cf-9c0e-b197bf8f7022,L3,Tweet
bef21fb2-17ea-46ff-97ce-e7292b1eaf76,L3,Tweet
beff3ce8-e905-4cf6-9dfd-a6938faef9b1,L3,Tweet
bf0dd716-f7a7-47fd-8f16-7c736f8e5553,L3,Tweet
bf12761f-f475-4494-9e05-8f4fd708d5d3,L3,Tweet
bf1d32d0-e724-42e5-a1d8-8e50e15f1ac6,L3,Tweet
bf1d79b9-bef1-402a-8de6-5608a438b8e2,L3,Tweet
bf1e8822-2e57-4457-aa6c-347c32f6cefd,L3,Tweet
bf22c1da-f498-474d-9096-3baf6fce1d99,L3,Tweet
bf2d56bb-310b-40ab-a872-c6be8abe6e35,L3,Tweet
bf31a11f-a71d-494d-b88f-67d49e43d6ea,L3,Tweet
bf417c14-6f05-4eae-b931-4500371d6d8a,L3,Tweet
bf41a4a6-22f1-41a3-9a4e-8659e961ec33,L3,Tweet
bf420661-8eda-43c7-a347-a9a4d20d94d7,L3,Tweet
bf4c966d-21fe-472a-a004-7f69de67f53f,L3,Tweet
bf6072d6-7c70-4e14-914d-04fec5f4fc4c,L3,Tweet
bf6b8146-eebf-452c-a75f-b1934f0bfae1,L3,Tweet
bf6eb2dc-fb2f-4622-9339-9c5e7ba13fde,L3,Tweet
bf6f2333-b18d-4dd2-b9a5-4fb22bbee7b8,L3,Tweet
bf7380a5-dc71-4ab3-9a16-18b18bab1075,L3,Tweet
bf74a179-5d45-45b3-a1d2-a70129d14ebb,L3,Tweet
bf751b6a-c0df-4ea3-8860-106f1073da35,L3,Tweet
bf77da2a-e6fb-448c-8390-5303845e2e57,L3,Tweet
bf7bc771-ad32-4785-a47a-6d9f5a212d56,L3,Tweet
bf82c1b5-8b40-4f20-913b-a50f99f9a1d8,L3,Tweet
bf8fe979-8f97-48f7-832f-580fae0530cc,L3,Tweet
bf92ee5a-b844-4eff-a0a4-a227f45a42d0,L3,Tweet
bf98e2f8-78f1-4532-bb79-fc53237ebb7a,L3,Tweet
bfa344c2-ba38-4738-ba77-da99de6e9536,L3,Tweet
bfa77d46-1b94-417e-a05a-d8993a04da63,L3,Tweet
bfa9fb5e-4543-4faa-b785-fce90b038f5e,L3,Tweet
bfb0d594-9d92-4bc6-b91d-8301793d71ff,L3,Tweet
bfb52a80-49b3-4d14-8b7d-81d14f15edaa,L3,Tweet
bfb8044f-d2fc-4745-b3de-ba95479f0f6d,L3,Tweet
bfba07a3-f853-42a6-97e3-afdf0813634a,L3,Tweet
bfcd9af3-9448-49c7-a134-41c1c3cdee2e,L3,Tweet
bfd37879-1640-4745-bdb4-137b86743f89,L3,Tweet
bfd6c9fd-0053-49c5-8edc-4ed665810529,L3,Tweet
bfdc97e7-2394-4bdd-afdf-2b6461ffebaa,L3,Tweet
bfe383ea-ae88-43c9-b518-df96908e90fa,L3,Tweet
bfe567e4-1db1-4681-8fff-6c36d314be42,L3,Tweet
bfea4743-5d6f-47d2-aed8-219867b8d9cf,L3,Tweet
bfecdcdc-e9fe-4220-af20-823773f4a5ac,L3,Tweet
bfeec7f8-cb2a-4f0b-94f9-4948727c356e,L3,Tweet
bffe79fb-70d9-4ad0-bf57-ec34c8c2894e,L3,Tweet
c01de9fc-8e19-417a-b0e2-04f821602b47,L3,Tweet
c0277695-58d1-41b6-ba35-1660edd2c330,L3,Tweet
c02f4e46-483a-4f88-81c6-b31f48613b88,L3,Tweet
c0353316-9dd8-482e-ba0d-bd83e87dfc61,L3,Tweet
c03a4f7a-ee87-4763-abb9-10aa2060b67a,L3,Tweet
c03eccdd-b4a3-4e5c-acdb-9d13200513e8,L3,Tweet
c042c6b1-fa29-4698-bc06-5a4b5ac5267e,L3,Tweet
c04f1328-2ebe-44b2-986d-fc49f85960ee,L3,Tweet
c04f2586-70f8-4fe2-b152-3f7aba5c782c,L3,Tweet
c0515ba0-d4d0-44a6-a4e6-52510f1c87df,L3,Tweet
c052091e-ed29-440a-a219-5f06942fdf62,L3,Tweet
c055ca95-3fd3-4014-a125-b57543b2cc15,L3,Tweet
c05c0097-19bf-49ac-a93c-e74371e34c0d,L3,Tweet
c06942d1-8074-4a47-ada4-c9a049f3ccbf,L3,Tweet
c06c89f6-5321-45c2-9e3b-e5d20b18a3c3,L3,Tweet
c06f5898-29b8-4317-9390-300fd865653a,L3,Tweet
c0756313-bb8a-4262-90b5-d066e83715c5,L3,Tweet
c07ffb02-4f8b-4964-b1d8-717a9a59e9e0,L3,Tweet
c089c388-fc73-4e51-9a09-635c41dd0853,L3,Tweet
c08a3c3f-fc2f-4edc-9353-2051e87e8c36,L3,Tweet
c0a163b2-3e77-4cfb-8ea7-042ba03bbdb3,L3,Tweet
c0a4bdc7-7f6a-4d42-9dab-71aaf6ae9321,L3,Tweet
c0a7c0fd-9bd8-47e2-83b9-1affa378009e,L3,Tweet
c0ad713d-319b-48d7-b4fc-e78cf96706d4,L3,Tweet
c0af82cc-beab-4097-97be-4fdf3c868ac6,L3,Tweet
c0cc92a5-a83a-437a-995a-4b4e3bcd3101,L3,Tweet
c0cd791b-816a-4c38-bd29-5442d748c70c,L3,Tweet
c0cf1d8d-c194-482d-9e0d-c18e0bc16a2b,L3,Tweet
c0cfcf70-7174-4a0e-bc0d-ba28343bd44f,L3,Tweet
c0d1d10f-5436-424b-856a-8058196deee5,L3,Tweet
c0d3fb3f-b09b-45c0-bff3-0d9911d78f23,L3,Tweet
c0dbc7e9-a121-4b21-9281-dfa2d152a805,L3,Tweet
c0e85b70-70c2-4f03-995b-d3e7c8f35ab9,L3,Tweet
c0eaf4a7-c39d-441b-98f0-644f2203129d,L3,Tweet
c0ece209-1ce1-4f63-b322-5dd2438b0014,L3,Tweet
c1014791-4f1f-4a53-b121-1c06420083a6,L3,Tweet
c105849c-7128-4cbe-91cc-4e4c48e7d4f7,L3,Tweet
c1148adf-cacc-4885-8178-fb24da5461bb,L3,Tweet
c11ff554-1660-4c1d-8f6f-5840d8089c40,L3,Tweet
c12215b9-e845-4805-9f4f-be299167c8b9,L3,Tweet
c12a28ec-fdd4-4a6b-ae29-d92739780ecb,L3,Tweet
c13b9c2f-3f20-4632-bfc6-0966d146ebe3,L3,Tweet
c1409513-90ce-4a24-be96-a6523666363e,L3,Tweet
c141a665-868f-4fa6-8120-12de659f4058,L3,Tweet
c145a2db-741f-46cf-98fd-e38f2ea941b7,L3,Tweet
c14641ae-2700-4d00-8245-c2c50f50f7bb,L3,Tweet
c14d9d77-b4f6-488e-b0e0-c7a407a2d2b6,L3,Tweet
c15a8765-f565-492b-9505-ac2008e4a857,L3,Tweet
c164f522-27bc-472f-afe3-c39c883cb052,L3,Tweet
c16a27af-d729-4157-915d-297c1c206561,L3,Tweet
c16cb13e-039d-4920-8591-1882bd46587b,L3,Tweet
c16d2212-b1c3-48ee-9f94-51cbe86b4fad,L3,Tweet
c16d6799-96b5-4aa0-b564-e3cb3ae403ce,L3,Tweet
c17328d5-e005-4c31-a337-0ead901bbdbc,L3,Tweet
c1789439-922d-41b0-8b17-d1826664b177,L3,Tweet
c1821883-0c1d-4810-a2ec-9ca773449efd,L3,Tweet
c1845f58-aa70-4251-bc1b-ed2075c8534a,L3,Tweet
c18cbe28-7be8-47fd-b650-9b38700fd0e1,L3,Tweet
c18d0530-c9d2-4117-b4d9-d5c657d219d0,L3,Tweet
c192da36-e5b5-4fa2-bdd9-b3ba426f2d33,L3,Tweet
c1988e5c-6b01-4758-97ac-9717ddd604d3,L3,Tweet
c19c2144-ce29-4b3d-b55d-579d350c49a7,L3,Tweet
c1a3449e-7600-4b31-86e5-7c9f224dfacb,L3,Tweet
c1a93519-bcb6-4076-94aa-67157ce7f784,L3,Tweet
c1b43bce-1524-4f19-b537-3e21ea27855d,L3,Tweet
c1b61e28-5ba3-4beb-b8c2-67526e92e11d,L3,Tweet
c1c08245-f0ab-4cd7-b7c9-097e5cb19b8f,L3,Tweet
c1c08f8c-8395-47e7-b301-3b5227ac8384,L3,Tweet
c1c18ba0-7a52-473c-b691-7d6e74cb7fa6,L3,Tweet
c1cf7987-a5cb-4b1c-9356-63a7d04f193d,L3,Tweet
c1dc4676-abe2-4c3b-b0c1-85e8f7b5e40b,L3,Tweet
c1de7ba9-4905-4e21-93be-5f8b9da15672,L3,Tweet
c1dfff02-5a53-44e5-a6da-2f76e636d3ff,L3,Tweet
c1e53132-c0be-48e1-8815-b870de44a101,L3,Tweet
c1f27283-1bc0-4bc6-84db-2f0c90cf672c,L3,Tweet
c1f2b105-2158-4bc2-a4ab-bdf1463be3ed,L3,Tweet
c1f4218a-b976-4085-aeb0-3afb16f0c4c3,L3,Tweet
c2002933-2570-4a01-bc62-933490f0771d,L3,Tweet
c20091eb-2f29-442f-a147-4028b573da2c,L3,Tweet
c2029095-c52d-48d4-8eee-04f969953a6d,L3,Tweet
c202a740-54c6-450a-9fd0-b13846a6f092,L3,Tweet
c21cf60f-e16c-4c6f-9ecd-31a4447a0d47,L3,Tweet
c21e1b8e-c706-409e-b1e5-b141dbd16c7f,L3,Tweet
c2244ba3-8f62-496d-9446-4ed23f2ea6ae,L3,Tweet
c22709a0-1866-40e8-9d7d-5ba02bc234c4,L3,Tweet
c22e8c4b-be32-4fa9-8c9d-efff2ae202a4,L3,Tweet
c230a8f9-8b8a-485a-980d-e8f668458825,L3,Tweet
c2324d29-fc14-4d04-95ba-765f01e25119,L3,Tweet
c23c4d6c-80c8-4274-ad77-62f9b7bbaca6,L3,Tweet
c245df84-24da-4cda-a03d-51fc4a07f535,L3,Tweet
c248dd3a-de46-4db2-aed5-f64160cf56c4,L3,Tweet
c24ff4a8-5c11-43ad-b076-b463429d4e89,L3,Tweet
c2502252-7403-4489-ba79-f699eb1d10cb,L3,Tweet
c254847d-3608-4fab-8e25-fd27496b425f,L3,Tweet
c258d6a2-5044-4456-add0-eb49a5ebafe4,L3,Tweet
c26e4d0e-6dd6-4820-bad1-2901032d6858,L3,Tweet
c271b36d-23ae-4c4c-a4ca-f4fa60e7563f,L3,Tweet
c271b5cb-3a3a-4b66-994f-d96efa2d440a,L3,Tweet
c2742b5d-3dfe-4cd8-ab4f-eba8e3ce298a,L3,Tweet
c27960b7-36d4-45bd-8d7b-aa414ef43dc9,L3,Tweet
c279e3fb-c9fc-4f1a-8cf6-6c1a6f81a780,L3,Tweet
c27e64da-4638-4521-9804-338d6e5e5b7b,L3,Tweet
c2800ca3-2af8-4b52-8209-5beb7e4549bf,L3,Tweet
c284761e-2ea0-4826-b960-171869a4f103,L3,Tweet
c2871824-ed0e-4bfe-acd4-8d98d0984402,L3,Tweet
c28ecbe6-4ef6-4218-adef-b4c9200e4c77,L3,Tweet
c29476c5-8579-4226-8cd1-5e703ac098c5,L3,Tweet
c29e0376-0128-4a6f-9dd2-4c9bdaa3a238,L3,Tweet
c2aa6875-885b-49ad-975c-35c035f402e4,L3,Tweet
c2b2194d-c95f-4107-80b9-1a39d6611ff2,L3,Tweet
c2ca37bc-af15-4fc3-97a4-12c08d1e1c12,L3,Tweet
c2cacd6b-cd8b-4c0b-8efa-265ee91337bd,L3,Tweet
c2cf6bfe-2bb9-43e6-b0ee-7c47b82c1613,L3,Tweet
c2cfbbc1-7f77-4601-b1ca-e6b9da3ad17d,L3,Tweet
c2d54954-52c0-4b47-925b-9aa8cb69752d,L3,Tweet
c2db8567-245d-40ab-89a7-055fca4e5039,L3,Tweet
c2e9bc4c-c3a7-4f48-a6a5-07ebfe0f2181,L3,Tweet
c2f3c9b3-c13f-40f2-ad43-b466db6ccb71,L3,Tweet
c2f4e397-7534-4db2-9827-6bea8d0c6f85,L3,Tweet
c2fa0edb-f4a3-4439-b1e6-0e8634db0ab5,L3,Tweet
c30cee22-d8cd-4f08-9f4b-adb946a9339f,L3,Tweet
c31898a9-87cd-4b25-8d0b-2461772395c5,L3,Tweet
c31d0e4d-1bdb-454f-b3cc-72fa7200ccd6,L3,Tweet
c31dd7be-02e2-4119-aaee-69de256bfd5f,L3,Tweet
c331f967-0478-4b0f-9908-0843a3632b65,L3,Tweet
c338c011-730f-4b99-ac31-c853c43d5087,L3,Tweet
c34b4880-8b81-4fc0-a442-0e8bf9e5f570,L3,Tweet
c34f3044-6af4-4aad-9e63-13da2575059b,L3,Tweet
c35ac183-df85-4ef7-9620-b3e18446fa23,L3,Tweet
c3604470-d73b-499f-884b-d48756da866b,L3,Tweet
c36ff14c-9dc8-4707-8ded-e30d624f2718,L3,Tweet
c37f514a-a1e2-4302-b7e2-10961d0d7fc6,L3,Tweet
c380c175-e150-4621-b252-c9d9c88572b5,L3,Tweet
c38bc42c-28ba-419d-9996-a44362c77828,L3,Tweet
c3941812-b9b6-4eab-b375-387a33a470e1,L3,Tweet
c398aa39-e57d-4ecf-9532-84a3ef9b68b4,L3,Tweet
c3ac81bc-b12e-4126-8c18-c18865dfc9e4,L3,Tweet
c3b26c26-8eda-425a-9de3-31c25a0f1d8c,L3,Tweet
c3b2d15d-b2c5-4a5a-a769-ceeb15c65c60,L3,Tweet
c3b5ca14-ddba-421e-8684-87e0231145cc,L3,Tweet
c3c93846-43f1-4dd6-9fd1-39817cb4d0d7,L3,Tweet
c3c9fc27-41a0-47c7-b15c-520c8ccb8c56,L3,Tweet
c3d59ced-58b6-47c9-a564-91a8610f6441,L3,Tweet
c3d6b3cd-77c3-4021-9414-3a33316d97c0,L3,Tweet
c3d8f712-0114-4aff-a1d0-fe50737a6acb,L3,Tweet
c3dba26f-7a82-49ed-968c-1bf902e05f3f,L3,Tweet
c3deb68d-c448-4a3c-9258-9acc1f9979b2,L3,Tweet
c3e58ebe-fd76-4dc8-98ec-16ec07926040,L3,Tweet
c3e7fcc6-fafb-4956-8527-f6aa9935d1ec,L3,Tweet
c3f119f3-80df-4008-a009-d8b306fbb811,L3,Tweet
c3f12495-1ab5-41f7-ad79-1a6118fc2f28,L3,Tweet
c3f4c511-7dd6-48d9-be3d-e5b57b8e3b7d,L3,Tweet
c3ff2ec6-98b6-4def-814b-cf2aaea16be2,L3,Tweet
c400cd51-9fb5-4e30-8ed5-77d27b81b1ad,L3,Tweet
c40f776c-3f77-49d2-82da-37b62ce25076,L3,Tweet
c4286bb3-a681-41fd-b68b-42bd3c990bc2,L3,Tweet
c42d67ed-39f4-4258-87b3-11cab0cf5516,L3,Tweet
c43c21f6-e72f-4ae2-8374-db09626e3f4b,L3,Tweet
c43f19e8-64f6-40cf-bcb2-6b3c4c7582c6,L3,Tweet
c4428f84-b073-45bc-8840-468f69853032,L3,Tweet
c44518db-add7-4bb9-8b82-e6b12817a31e,L3,Tweet
c44c097a-a5d8-4aec-9ac9-33daba84db16,L3,Tweet
c45490a7-90bc-4b36-9a53-5bc48e8e978c,L3,Tweet
c456f7ad-9cc4-41ac-863d-ba3cf76c6143,L3,Tweet
c4582525-6ca3-4071-8529-49010d728708,L3,Tweet
c4594fc0-917c-49f0-ae9f-411cba7d2be2,L3,Tweet
c45f9d22-467c-4465-9095-317217d6d1e4,L3,Tweet
c4600b1c-a53a-43a4-b682-409766abfde2,L3,Tweet
c469df51-f119-4c8f-a2a6-1b9ced0ad5ff,L3,Tweet
c46aed93-d2e4-445d-8ae6-2c070dbc96ed,L3,Tweet
c47379ac-5bc3-44e3-b232-ccf55dbe4a39,L3,Tweet
c47a62b5-f984-4145-9e12-a7938ebda222,L3,Tweet
c48cede2-ad2e-4dd8-b83f-f8873b617029,L3,Tweet
c492c6ff-0b03-4715-89fd-4d83b1ce9425,L3,Tweet
c492f521-5d54-4a8d-ad12-61773e6932b2,L3,Tweet
c49e05af-01c1-4eb1-af9e-5d0c79d18399,L3,Tweet
c4a071c4-a6a2-4f25-b8ee-a1cf5fa2c98c,L3,Tweet
c4a44068-fec7-46a3-8725-5a36082a4c10,L3,Tweet
c4aeffbf-fb97-4551-9003-c1c5b8c321d6,L3,Tweet
c4b5a757-211e-4a55-822a-dc296437ce27,L3,Tweet
c4b7aeb1-bc7c-4827-a6ae-67370b8e65c5,L3,Tweet
c4ba6b9c-ff2a-4f61-b2c4-54e44b71481d,L3,Tweet
c4be3d93-19dc-4994-b485-eade4b9e6526,L3,Tweet
c4c39daf-a5b9-4d3f-b16d-a925c5d281c0,L3,Tweet
c4c5c664-fb97-408d-b568-842e4a04aca5,L3,Tweet
c4c6d72b-48ba-4094-99c3-896cf079f5ca,L3,Tweet
c4c82b3f-ee7c-4fe0-bdfb-d7035946425d,L3,Tweet
c4c9f229-acbe-4a44-a75e-4fb3823f9eca,L3,Tweet
c4ca9ae0-2114-4f51-931d-1f79c2deaf3e,L3,Tweet
c4d96e0e-cd02-47ad-a76d-2dfff8f41e42,L3,Tweet
c4da8dff-5bb4-400d-bf03-375218f5ae9c,L3,Tweet
c4deafc8-4b25-494f-abc0-f3308c069aac,L3,Tweet
c4e89d9a-4c0d-4c13-984e-a7185f7a0319,L3,Tweet
c4ec446c-597e-4af3-889e-67e535488123,L3,Tweet
c4ef2203-2eb9-40dc-9652-7556414c6717,L3,Tweet
c4f07930-6f84-426c-abd0-023c7f168e90,L3,Tweet
c4f73156-aae2-4c99-b47f-c4b584fa3101,L3,Tweet
c4f89847-ec60-445a-89c5-536b5d6b38cf,L3,Tweet
c4fd3c4a-4807-4ad2-bde2-c092eec97d6e,L3,Tweet
c501089d-5f5d-4b3c-897f-94e96445894c,L3,Tweet
c50362dd-fd04-4294-9a2a-67043f7fc056,L3,Tweet
c507bee1-1b95-4a3a-adae-f26afc660fb2,L3,Tweet
c509184f-6502-4390-94e3-8d61848c4f99,L3,Tweet
c5094036-e5f6-4948-93fc-7fe8d7ec416d,L3,Tweet
c50db932-c43b-47bc-8545-083dd6bc9abf,L3,Tweet
c512bcde-3154-4099-bce7-3f8047c2de6c,L3,Tweet
c52451aa-e2e0-443e-bc67-4b14541c1953,L3,Tweet
c52821b9-f478-4c63-b9c3-3cce4de51a4a,L3,Tweet
c53f6a31-f64f-4b29-a5fb-7af34c24cd58,L3,Tweet
c54286be-047d-4871-94db-73adbe2e02f5,L3,Tweet
c543d785-1ed9-4922-82bf-3a746bf85fb5,L3,Tweet
c546fd73-9ece-4cf2-8f09-621ae7923f3c,L3,Tweet
c54a7ab8-7227-470a-86fe-9adbf1b6f52a,L3,Tweet
c54b6cee-e7cc-4113-a037-152be387a4ee,L3,Tweet
c54da0c4-b23e-441a-952a-fa74a1bb816c,L3,Tweet
c551276f-49cd-4893-9070-6303b8e91600,L3,Tweet
c55847bc-cb2a-4d44-8d0f-8a87af70c446,L3,Tweet
c55b42c4-5c72-42f3-9735-a7db2e1f0144,L3,Tweet
c55cf836-d5b0-45bf-a566-fa858900afad,L3,Tweet
c57bb8e6-61ec-4dc2-8303-207c4cbfca8b,L3,Tweet
c5818e1b-c9ee-4f4d-bf59-7961ca3af6c0,L3,Tweet
c58b884a-2685-4976-9a01-ec4cb34f3f3d,L3,Tweet
c58c182b-e65f-4d6d-87ac-6b4f7c00cd0b,L3,Tweet
c5906812-b82b-4412-95f8-75e9ee0c36ff,L3,Tweet
c590719c-2a2b-47af-97c9-0354c51d70ee,L3,Tweet
c592e54c-49c3-4b1b-964d-1bc4bc307f31,L3,Tweet
c593f5ce-ed40-483f-acd7-bc6c4bed8996,L3,Tweet
c596dafa-b567-47bd-ad21-cdc5aaa0316b,L3,Tweet
c5a12fb8-da80-4d99-bcfb-818dc2ee5022,L3,Tweet
c5a69047-5d31-4262-b625-cfb69f2e131d,L3,Tweet
c5b30639-ea23-4833-a612-bf0abf791ddc,L3,Tweet
c5b8daef-508f-492a-b229-407363176943,L3,Tweet
c5c5141d-ca57-4646-8be1-4ddee48e32e3,L3,Tweet
c5d1f152-f4a8-421c-910e-7b0dba43b3a1,L3,Tweet
c5d37084-fbbe-458e-aae1-90083f2d91cd,L3,Tweet
c5da566a-8841-41d0-b153-e8a8802008ee,L3,Tweet
c5e13d02-acf6-4bba-9b5e-55e7df9f5fb0,L3,Tweet
c5ecc44e-9559-422d-aabf-fe9d48ca197f,L3,Tweet
c5f42824-6af7-411a-bbbf-3162f1da3432,L3,Tweet
c5f6653f-134e-4647-a614-643ea7b2386d,L3,Tweet
c5f6bdfb-579e-432d-83e9-43368a0b3e5d,L3,Tweet
c5f79a75-5d95-4212-b817-90e43431ffcb,L3,Tweet
c5f7d8b9-df81-4f0c-9347-279525ac0613,L3,Tweet
c5fab493-fb06-4ca0-ab2c-7d34bb5dc70f,L3,Tweet
c604c217-ac0f-4a70-8630-5d0e2e768497,L3,Tweet
c608b9ac-9e00-4f41-8bb5-2b0fb1d3bdc9,L3,Tweet
c61c8b94-be22-4977-ab97-968dacb4ded4,L3,Tweet
c62369db-1144-4d79-9f65-1ab38cb5385f,L3,Tweet
c62d0b63-156a-493f-9a9d-c9cdbc4801cf,L3,Tweet
c6305eab-9cf8-4968-9d09-cd047f18c7b6,L3,Tweet
c632f0be-3d0c-470e-9802-3c9d06b176a3,L3,Tweet
c63638f0-be98-4122-92ae-63d2a07442ad,L3,Tweet
c64076f9-5a4c-473b-9dbd-586d16db2cae,L3,Tweet
c640f483-9284-4698-93ef-0daa994cd5cb,L3,Tweet
c64cb25f-01e9-4e69-a54e-e4831e75cb19,L3,Tweet
c650d2d3-70c3-49af-a662-520c16088608,L3,Tweet
c65b065d-568f-4c66-925b-fdc99d0183e3,L3,Tweet
c679f4d3-72a7-4c89-8c71-4a533f193333,L3,Tweet
c67c168c-5f52-4c54-a5a5-01d22597c0f6,L3,Tweet
c680e4a6-fc8e-47e4-a275-ac95d6b89166,L3,Tweet
c69672d3-28a3-4222-965c-55b522fd9ddd,L3,Tweet
c6a55a46-f9ce-41e2-ab36-b761df83058b,L3,Tweet
c6a62526-c3fb-4cf3-8c94-4c0f2f570934,L3,Tweet
c6ad15d8-9ed7-46df-902e-1473e9988fc9,L3,Tweet
c6be89b5-2178-4df1-b980-c0e2c3b2db6c,L3,Tweet
c6c19d60-80ef-4d4b-b692-0804d6290292,L3,Tweet
c6c564fd-1d1c-4980-a71f-de707701ad9d,L3,Tweet
c6dbf82b-0a00-46de-8e4d-0a9e79e54f0c,L3,Tweet
c6de4e1d-4be4-4c99-953c-dad286d87166,L3,Tweet
c6de5dc8-c5e9-4c32-b339-926ca7896ed5,L3,Tweet
c6df0284-923c-4bf8-910c-54dc4f7ef0d1,L3,Tweet
c6ef3a22-94fc-4a61-9491-46a3daf226e9,L3,Tweet
c6f09734-1866-44e2-979c-e4776284af14,L3,Tweet
c6f5f921-92ed-4074-b042-a7c318c6e911,L3,Tweet
c6fc6934-d57d-4b7f-ac92-7b5b85d0fb3b,L3,Tweet
c6ffd5d5-9d9a-4b1c-9848-3271c04cd18a,L3,Tweet
c708b114-ec92-40b6-88bd-32092d4ec0f8,L3,Tweet
c71a3729-1197-4412-811b-b835badfbacc,L3,Tweet
c71cfa3e-e2f4-4a8b-aca9-314ca47a259d,L3,Tweet
c72af046-a7ff-4d1f-b8e2-5692843a2b9c,L3,Tweet
c72eddb6-5734-435e-b741-a75316806192,L3,Tweet
c7309060-e3a1-4a2e-bb8d-a45c559b4c18,L3,Tweet
c733c2f9-2175-4970-ba15-dc0219568b9f,L3,Tweet
c73d6899-19b3-4207-bdaa-d22d867e5318,L3,Tweet
c74ac31e-e5fd-42bc-b5d8-3769aa0f3588,L3,Tweet
c74db30f-deb6-499e-981d-770bf5d16716,L3,Tweet
c75618cb-4ccc-4915-a57a-b0ce77043068,L3,Tweet
c757c2c7-cd8d-4756-9ff7-65152f5108e1,L3,Tweet
c765dc0a-2255-4f7a-b497-d531e2f2dd7e,L3,Tweet
c76a0980-de0b-4279-9743-ec8c355b2086,L3,Tweet
c76d98ed-1e76-47ee-add3-052d60438d43,L3,Tweet
c77000f4-fa5a-4431-9d19-80e87eccd72e,L3,Tweet
c77483ac-ce6c-4318-9183-b5672b1278a5,L3,Tweet
c77626d0-ce98-453e-b970-e67437fe44eb,L3,Tweet
c778b2f1-b336-488d-801a-c5e7bf992e44,L3,Tweet
c77cd2cf-c07d-4bf0-9e2a-159065b5c50b,L3,Tweet
c78f7179-f6b5-44d0-b3f5-253d9035c457,L3,Tweet
c79500b6-969d-4573-bc58-4bff684ab328,L3,Tweet
c79b756e-0508-4b40-a19a-49d7419835af,L3,Tweet
c79e55a0-056d-43e3-b8da-55b7c28bf302,L3,Tweet
c79efc3e-5f73-415f-b8d6-15d2823090c8,L3,Tweet
c7bd4bd4-f132-4b22-a733-f0944cbe50a5,L3,Tweet
c7c10197-6eca-4abe-802f-545fcac829ea,L3,Tweet
c7c4d7ce-99ce-48f2-a203-f127e1761c2a,L3,Tweet
c7cbaed5-a9a9-404c-9851-fd14def663f0,L3,Tweet
c7d45fae-f8f1-441c-bb83-2b300ca02921,L3,Tweet
c7d5728f-39c5-42e8-a6eb-90678bd965f5,L3,Tweet
c7dd117e-cf87-4269-abd2-dbf34d21122c,L3,Tweet
c7dd6614-5023-4111-b330-6b2003299e37,L3,Tweet
c7e0bcf2-b815-4df1-a010-b1a193eefb84,L3,Tweet
c7e45963-b43c-443b-bad6-444cb4827bca,L3,Tweet
c7ef444a-1558-488a-901a-d9df27ca3450,L3,Tweet
c7f35b35-0f76-46c0-b96c-692f3f7d9028,L3,Tweet
c7f41074-7e88-4832-acac-08dd099cf5a8,L3,Tweet
c7f7c5f8-fcd7-4992-aab8-be4a2e7088e8,L3,Tweet
c7f81737-f77c-4197-9353-3c3235ce8da5,L3,Tweet
c801156d-e02e-4414-9720-8abb9fd13a62,L3,Tweet
c8020212-cb9f-496a-a426-a6efccd93320,L3,Tweet
c803f339-df4f-4460-b851-87d5d606af1c,L3,Tweet
c80c266b-b245-4e03-a014-bfca924ce534,L3,Tweet
c8110622-bc59-4dce-99c7-4c2ae6b7dd83,L3,Tweet
c815fc05-ccf9-46d1-9e10-d10c94ca25d5,L3,Tweet
c81d0069-dcd4-4006-a6ee-769ead6030e2,L3,Tweet
c81ebef1-60d1-492b-9521-bb6a4ce928ee,L3,Tweet
c82c32bf-47b5-4139-939a-c72d92934183,L3,Tweet
c83f5e9c-e37f-461a-93d5-4ae0d2500cc7,L3,Tweet
c84259de-7f39-4242-8075-480323106dbc,L3,Tweet
c848c88e-f200-451f-85b1-c5478bee3c0b,L3,Tweet
c8504afa-017a-4042-9392-906d495421e1,L3,Tweet
c8522d78-ab4d-4522-941e-cce8051dacee,L3,Tweet
c85366d2-c7d4-4858-a970-fc45aeb0f2ed,L3,Tweet
c854dbca-8b95-435c-b114-9f5918156486,L3,Tweet
c8552062-7197-4d1b-aac3-4865516c5ef2,L3,Tweet
c85cf14f-b6a6-4571-b6c5-55bc292d15d1,L3,Tweet
c863f5ea-ef7c-4872-abb0-1e1c49a671a4,L3,Tweet
c86f557e-f301-45d0-80b6-318a59a40f2a,L3,Tweet
c87218bc-75f3-4824-834a-3fecf43a2b9b,L3,Tweet
c88e78b5-d039-4e12-98f2-e52dc04ebd20,L3,Tweet
c88fc5f8-7ff4-49ed-afc5-5b2ccdd2cde5,L3,Tweet
c8935887-08b3-43d3-8537-7b2f1276bcf0,L3,Tweet
c8ab02a7-30ab-4535-b4ec-da83d417f90b,L3,Tweet
c8ab57ec-c96e-4acd-b8ae-684c93d8cc4e,L3,Tweet
c8b2b2d7-e673-485f-a3fc-1bb172c5d869,L3,Tweet
c8b46d30-8477-40f3-a68c-7f5bab446acb,L3,Tweet
c8b4ac20-5b81-4d5a-800f-a4cf62545e1f,L3,Tweet
c8bb9c51-f7ce-4bb6-92f2-502f4fd5946c,L3,Tweet
c8be92dc-ccc5-4713-9b1b-53cdaf55821d,L3,Tweet
c8c4d324-2f24-47c1-bd70-02da603298cd,L3,Tweet
c8c54bec-56dc-474c-b02f-1ce18d0d2a61,L3,Tweet
c8c9ca9a-d6d3-4520-a8e5-4da649d850dd,L3,Tweet
c8ccd294-1fc3-4c6b-b5fe-e6b323fb2df5,L3,Tweet
c8cf1446-1ab7-438d-8135-7fa1b80221cb,L3,Tweet
c8d3cf31-d8e9-47c6-bb3c-8ccff79590bb,L3,Tweet
c8d4ddd9-f280-4df0-b48a-75b49328ddb5,L3,Tweet
c8da0ec2-1853-4186-9a00-cce1f575dc58,L3,Tweet
c8e6211e-3906-4e6d-8f94-46c5f50281a5,L3,Tweet
c8e8b3d4-1b33-417b-9fd5-007ef479ba0f,L3,Tweet
c8ec82c7-d3b8-438d-9798-5ae9497bde94,L3,Tweet
c8ef9c5d-6ae6-4f05-a4c3-ef1f97c315d8,L3,Tweet
c8f56467-de0d-4d24-a992-fd4bb6e07998,L3,Tweet
c8fe327c-29eb-4a46-8cd0-2f5fa914b98b,L3,Tweet
c9047d7e-cc25-40b2-85bb-53237ecaad42,L3,Tweet
c91097af-24bb-4665-b982-485b9892155b,L3,Tweet
c912e564-fc1d-445f-a844-651319c5d1f1,L3,Tweet
c9201966-90b2-4758-bbe6-e5c3389336b9,L3,Tweet
c926d277-6fb7-4a2a-b8d2-bc55e49b9ce3,L3,Tweet
c9280d41-d095-4fd7-9079-a56de663794b,L3,Tweet
c92bee57-ae11-475a-8b3d-374d97fa4b77,L3,Tweet
c92e95c2-6203-4c4c-82c5-c9145cb7bd70,L3,Tweet
c931c62a-a5f4-42ed-8963-11e8bd4c1994,L3,Tweet
c9329ff9-8edf-40e1-824c-8ea5f16ad3b3,L3,Tweet
c933afb8-7c71-4423-ab93-c7d7fa3689ac,L3,Tweet
c9345e8e-74bb-470a-97a9-47d9b82820dc,L3,Tweet
c936bb86-9ec9-4bf5-8169-af13b2ce14fb,L3,Tweet
c938f224-41f8-4f42-9226-21af07566916,L3,Tweet
c94dab9d-a1f7-481b-93f8-1303df6da946,L3,Tweet
c9560c3b-3084-4260-abc4-95356f381a67,L3,Tweet
c95bd3f1-78e8-4ed9-b209-bf071b135efc,L3,Tweet
c9638711-0940-4837-93fd-717f063c8eca,L3,Tweet
c96c65f0-be01-4fec-bad8-dd2059a9229e,L3,Tweet
c96e045f-debb-470b-961c-ef62e84eab2d,L3,Tweet
c9738398-2095-4f59-a4fb-8ea2b1efe43d,L3,Tweet
c9842961-1160-4aca-8b65-0b5deb674734,L3,Tweet
c989795f-ab7f-4391-9f26-040ea2c0cd05,L3,Tweet
c99d8675-4388-4175-a7a3-4c7ca5ae311e,L3,Tweet
c99df862-b36d-409b-a48d-5622adc3e9e5,L3,Tweet
c9a38e70-9dfd-47c9-aafc-959d25cb1b54,L3,Tweet
c9a79c19-1e21-40a1-84b1-4b527c0d4428,L3,Tweet
c9ae0c69-4f4c-4c0a-bfed-38234947f3a8,L3,Tweet
c9b44786-a925-445d-b614-7af0a54cb885,L3,Tweet
c9b58e43-7670-41b1-b8ab-a1c85e57790a,L3,Tweet
c9b700cd-ff8d-43fc-9130-bbe0ae549d51,L3,Tweet
c9c049b5-0348-4e8b-9929-4c83137a8f3b,L3,Tweet
c9c9e957-4bae-4d8c-9283-dfa033d0e12d,L3,Tweet
c9cc248e-bc18-4c13-b690-69c883bd01a3,L3,Tweet
c9d5a337-e875-4220-bb26-5aa077ffe450,L3,Tweet
c9dc0f80-41b1-4143-9576-8c75efecfb19,L3,Tweet
c9e4871a-9b24-4f33-8795-ecd8017fef7d,L3,Tweet
c9f3cf0e-ad32-476a-9ebb-c3d221cb049c,L3,Tweet
c9f9b6b8-eeb5-41a0-83f6-de1eea30c804,L3,Tweet
c9ff89cc-e63a-4d13-820e-e279153829d5,L3,Tweet
ca13c4ba-7374-42be-b7d9-172c83745344,L3,Tweet
ca13ee5b-6cd4-479f-aa67-539d8096338a,L3,Tweet
ca26f667-bf17-4f50-8b38-beac9f734cee,L3,Tweet
ca3529ca-63a9-4825-b258-c341f3e80907,L3,Tweet
ca44b74e-dc82-487d-9b47-73eb0c9fea44,L3,Tweet
ca4ac519-6b03-4c42-a2a8-503b93903fdd,L3,Tweet
ca4c571b-dab8-4e84-96ae-8b9c53d9f4b8,L3,Tweet
ca53e9b5-f872-428f-b73e-11515f1188b5,L3,Tweet
ca54128c-950e-4573-8ddb-8238f5a7a952,L3,Tweet
ca5b216f-dbc8-4185-ada2-d5d8b8ad8393,L3,Tweet
ca5eba4b-d00f-4128-b884-3ae31491029c,L3,Tweet
ca64f2fc-4856-48dc-8c5d-17c06681b28d,L3,Tweet
ca67a2b1-eb73-40c2-ab91-3a0fcc2f5715,L3,Tweet
ca6cdfde-16ec-4ae3-b32f-161404af744f,L3,Tweet
ca701b95-b84f-4ac9-8d49-b368eda9a283,L3,Tweet
ca729b1f-04c8-4c1a-aacc-21a24d5194d5,L3,Tweet
ca736a73-4a67-4353-ba44-a75edb1cbf93,L3,Tweet
ca7fa24e-c9dc-44e0-91c5-283b660cda7c,L3,Tweet
ca84339d-4600-4901-90e1-5f77c4b12baa,L3,Tweet
ca847c9a-eaee-484b-a903-49dd40ad00ee,L3,Tweet
ca84ebab-561f-4caa-b299-73981d447a33,L3,Tweet
ca8a1185-65c0-42ea-b0e4-3e2ccaee0a56,L3,Tweet
ca9005a1-6297-486c-b44e-f142588c7c5c,L3,Tweet
ca91a1a0-6f14-4bb4-bab4-9e714ae442e3,L3,Tweet
ca93b036-6988-4b7a-bef3-2da7d168f037,L3,Tweet
ca9673a4-70d9-4192-ac03-dd083b968c19,L3,Tweet
ca9b9287-8051-40ba-8475-77e39fbd2b38,L3,Tweet
caa50c02-88e5-4674-a436-13188412fbb2,L3,Tweet
cab1494e-3f26-4ce7-8eee-fbe7ffadc35f,L3,Tweet
cab1987f-8407-45a5-8344-f2ae03f31ec3,L3,Tweet
cab5a655-ad44-4904-8646-09b72175e6e4,L3,Tweet
cabefcba-c52b-4269-9ba6-fadb8c5c615b,L3,Tweet
cad3d295-0ffe-4ab6-8254-36b2b2a12c6b,L3,Tweet
cad9facf-f0d2-4d24-89ad-4346bc59dd72,L3,Tweet
cae71329-7370-45c4-a5ea-f17b8888d557,L3,Tweet
caf21624-0aad-4f5d-a54f-d17fddb8e1cb,L3,Tweet
caf43a8c-1e0d-409d-9894-f5b39cab07a0,L3,Tweet
cafc0d41-7b6e-4b5c-9501-51d7c0f0ea47,L3,Tweet
cafd099c-6207-4bdb-8446-a91418437b27,L3,Tweet
cb07246f-f6dc-4221-8ce2-648b29a7b080,L3,Tweet
cb0797e9-e8e5-4e6e-b3af-34a20307cf60,L3,Tweet
cb0995ef-615d-4c46-ba9f-95d24e0390ac,L3,Tweet
cb0ddf43-0e03-41ab-95e6-cb9aad89e651,L3,Tweet
cb0f2b7e-e130-46c5-b720-32dc7666582a,L3,Tweet
cb13d745-98ff-4bda-9a2d-aefe3c035b8c,L3,Tweet
cb14e98c-10d5-41d2-b9a4-a20750135cb3,L3,Tweet
cb167b09-1d34-4516-ba81-c3ef61469a0f,L3,Tweet
cb190080-e336-4875-ac3d-9cc715c8e039,L3,Tweet
cb2d2a23-e5e3-42f8-90e8-ff07913a8a73,L3,Tweet
cb2ec66a-8a70-4684-8121-1ab410b813b4,L3,Tweet
cb306b51-91ce-4183-8d4a-91316fff24de,L3,Tweet
cb347856-ed07-4639-bf71-9d8ddac0cf39,L3,Tweet
cb3b1315-d591-4a9a-a134-9c00a13c9cc4,L3,Tweet
cb3cca9c-1a41-43ab-be8b-3c5d6ffc740a,L3,Tweet
cb3d45f2-2e08-424f-a242-1b99b15d92e9,L3,Tweet
cb44620b-2d54-4725-baf3-d73dd4370ead,L3,Tweet
cb468b05-d969-4d44-8176-e3a7af834ab3,L3,Tweet
cb4f99d4-c583-4fef-ad67-ad7fe7b8a6dc,L3,Tweet
cb50f537-be2b-45b4-989a-3ded36ae0708,L3,Tweet
cb532336-937b-4616-bc54-7cebc543b52c,L3,Tweet
cb5339df-32e5-4e44-8fef-9dc9d85b91a9,L3,Tweet
cb598d0a-9859-4dfb-871c-9cb84227d460,L3,Tweet
cb5f043a-27f7-4c02-9ea2-b99c6d9ece48,L3,Tweet
cb6bb935-be3d-47e1-86ab-be6ecbe7005c,L3,Tweet
cb795f54-4ef0-4981-bd2e-74833776b413,L3,Tweet
cb7c0e85-b5e6-477c-9c90-0982d9b4de37,L3,Tweet
cb7d9eb8-a107-4f79-8f4d-f5c5e942a2df,L3,Tweet
cb808b95-639d-44d5-b3f3-e5ceaa063479,L3,Tweet
cb825092-e51a-4288-afd0-363d661eddf8,L3,Tweet
cb87e7cb-f438-4477-bd62-d6f7c54bb5f5,L3,Tweet
cb8cfa92-95f4-4970-a1f3-b9da5164dac9,L3,Tweet
cb8e6781-4845-4b09-a45d-2abd406071c8,L3,Tweet
cb92ff51-544d-4627-9f62-28cb683c7701,L3,Tweet
cb9a663d-92f9-4e7d-99fc-9fd64b3f74a5,L3,Tweet
cba66d1a-b25f-4794-bdbb-94387523d89e,L3,Tweet
cbae5fb9-5d0f-4077-94b7-4efd0075434e,L3,Tweet
cbb44cc4-db59-4b51-98e7-34299a63feae,L3,Tweet
cbb5214e-87a8-4af4-826b-d0b64e55a731,L3,Tweet
cbcc37f1-d208-435f-b6f0-3c84e7e934b3,L3,Tweet
cbcc9595-b7b1-40c7-b631-29fe1818113f,L3,Tweet
cbd32f22-948a-4ac8-93ab-ae4f0c4a2fee,L3,Tweet
cbdebcae-8e19-4ac7-b549-dcd630337911,L3,Tweet
cbe467ad-ec46-4c19-88bd-aabbb54df541,L3,Tweet
cbe47ff0-e84a-4dd3-8c0f-fcb3fdc85e9a,L3,Tweet
cbe53720-d429-4721-abae-064aa91746c5,L3,Tweet
cbf29a59-436e-45c5-90f5-04d8273a4727,L3,Tweet
cbf637fa-6574-46c6-b91f-2bca29e02d21,L3,Tweet
cbfaac1c-67c6-4560-8ecc-442fe9bf3bd3,L3,Tweet
cbfd9c4a-54f7-419d-a504-2a2d0367e72b,L3,Tweet
cc09c7be-981a-4f19-adfe-c17db57d0d12,L3,Tweet
cc0b952f-d317-4e1e-9e1e-4a010b7a0454,L3,Tweet
cc17782b-8bd4-4270-831c-f81587460bca,L3,Tweet
cc1cd663-b004-4d00-bd91-2f8a13253781,L3,Tweet
cc1ecde5-af95-4522-bf4a-57d9772aee18,L3,Tweet
cc2bf2e2-42bf-42e3-a56c-04649443e1f6,L3,Tweet
cc2cbef7-ca84-46ea-8b4c-45d044f9ded7,L3,Tweet
cc2d0465-b3b2-4192-8742-e84f61401ebd,L3,Tweet
cc30d918-873d-47a9-a3bc-cd9afae26d80,L3,Tweet
cc347cfb-cbd8-47ec-9cda-eee1054136b2,L3,Tweet
cc370eeb-2c15-4784-9a12-a21ad9f94f27,L3,Tweet
cc46443c-e9f6-4bea-9767-f349bddd3434,L3,Tweet
cc622ce2-8025-4b67-af51-6c6c61237d68,L3,Tweet
cc648e93-0a1f-4863-b2fb-f2673cc47103,L3,Tweet
cc6792a3-f83c-42af-9f3a-ecfc8ad4afd6,L3,Tweet
cc78d8dd-d460-4ddb-a62e-4d3c889d450b,L3,Tweet
cc86e9b5-0a3d-4aad-b9e8-87891272b3d0,L3,Tweet
cc93b4b6-d948-4d92-a9e3-134460488105,L3,Tweet
cc94fb19-61ec-4659-a987-956f03e8e99d,L3,Tweet
cca1280a-3607-4008-a86f-de9e0077a5bd,L3,Tweet
cca80428-30a8-42cf-bad8-64d5c3d985e8,L3,Tweet
ccabe168-e3d9-4321-aae3-6b50a0a9c004,L3,Tweet
ccb1e0e5-5894-4bb0-bb11-131ccf6a8039,L3,Tweet
ccb77785-fa60-4f3c-85f5-d4685c40b895,L3,Tweet
ccb9eb8e-02cd-4174-b719-06d54dd5783b,L3,Tweet
ccbb3be8-a5e7-4d91-8663-998f7205d13c,L3,Tweet
ccbf44df-c2aa-461f-9838-96227957e033,L3,Tweet
ccce6a4c-17a9-4da5-a0ad-2cb9aadf3448,L3,Tweet
ccd7dfc3-075c-4e00-aa7a-da38edbb9eca,L3,Tweet
cce07d5d-dedd-44cd-961a-9b20b91bcfe5,L3,Tweet
cce90417-0dff-44ee-bc80-f85164d7b563,L3,Tweet
ccec20f8-5dbd-4a4c-b9e4-4814cda59a30,L3,Tweet
ccf0b007-8f57-435c-bca2-e7b9ec4fbf37,L3,Tweet
ccf85a1b-ea27-41e6-99ed-fbb9f1e34da8,L3,Tweet
ccfb4fc4-0070-42bb-8ee7-96c123d6960b,L3,Tweet
cd0411a6-1be1-43de-b69b-d1a797fc796a,L3,Tweet
cd0512ad-6a84-4108-b6ce-c77d92fceaa0,L3,Tweet
cd1bb79c-043a-4c2c-b1bd-7d99159a24c7,L3,Tweet
cd2f7fac-10f8-4c7f-bfe6-448da2d8458c,L3,Tweet
cd351c8c-6943-4612-a072-2857a26bf865,L3,Tweet
cd37bfe2-353f-44f6-bbbf-575a244e8c83,L3,Tweet
cd384d35-95f6-4032-b43d-0fc49659bd97,L3,Tweet
cd46eaba-a5b0-449a-9812-d6588d23bd94,L3,Tweet
cd52123c-449e-4299-9879-dbdd344d8de3,L3,Tweet
cd65e0ac-13ec-4cf4-97bb-0a788fb7e353,L3,Tweet
cd6663c8-d559-4636-a052-7de2714c079e,L3,Tweet
cd70a6ae-f674-484b-9b16-4e83e5de78a6,L3,Tweet
cd7b2e97-86f9-4b4b-9daf-942679907c30,L3,Tweet
cd7fd382-440b-4b2d-a906-8ffc0bf8ff38,L3,Tweet
cd849657-0c68-43f1-958e-f7b692a1e8b7,L3,Tweet
cd8d86f4-0d2d-4fef-8a3f-f312b06914c4,L3,Tweet
cd921a17-ecc3-470c-b4a7-40e390ba072a,L3,Tweet
cd97f79e-e7ed-43ab-ba85-59ea6a032eb6,L3,Tweet
cd9bb224-4191-409d-9cc3-479f7d7866a9,L3,Tweet
cda2df33-5782-4711-96cb-2ea0946529ce,L3,Tweet
cda3d351-b772-40f1-93c9-67db4463fe31,L3,Tweet
cdaa3451-e243-409f-8f28-b080fe757796,L3,Tweet
cdb6df16-2803-4db3-807f-67a15a7c0743,L3,Tweet
cdb7a641-0142-47ae-b1bc-8fcb23ba6433,L3,Tweet
cdc41838-5666-4fe1-9ec3-ffc46530f72d,L3,Tweet
cdca3a47-7bad-421e-a2d9-9a6110de9042,L3,Tweet
cdd7d0ea-5cd8-44f2-8863-6ab6c6bbcbf9,L3,Tweet
cdd8d77b-3af4-499b-87bd-3c22fbf9b55a,L3,Tweet
cde2245d-9eec-4dd2-b9d1-a4808f779c6b,L3,Tweet
cde375ee-222e-40e3-8f45-f41e91326a75,L3,Tweet
cde3f43c-fc87-4af3-a9ec-55e0be88b216,L3,Tweet
cde8a346-9ff4-4bbd-be36-b187471f4d6a,L3,Tweet
cdecb5a4-af9f-40aa-a49a-2031576e5814,L3,Tweet
cdee5761-0fc0-48a2-98fe-4b7d158f91e7,L3,Tweet
cdf193c0-370c-4c28-9365-f6919f44c4d8,L3,Tweet
cdf199e5-e86b-4eab-8bf2-bb5717767896,L3,Tweet
cdf737a0-e7e0-457c-846b-e3250b1fbeb0,L3,Tweet
cdfbba96-809b-4a62-ba05-c7758ea297d0,L3,Tweet
cdfc9e7a-4bc5-405a-a0da-8a740f0d0c5f,L3,Tweet
ce024deb-207e-475f-b515-4f451e4707f5,L3,Tweet
ce050130-6c85-4c68-944a-12e6b233b0ae,L3,Tweet
ce0be563-7c09-4491-a09f-053eb98910d4,L3,Tweet
ce1e5f27-893e-4d8f-a76e-0eee96289822,L3,Tweet
ce20a6f9-3cf6-4e6f-a05e-fefe13f27295,L3,Tweet
ce23467f-2463-409e-9947-6bc5481f7981,L3,Tweet
ce25d00f-393d-432a-9124-d2b9d2c883e7,L3,Tweet
ce2f45f8-cf6f-4504-b5b4-0096f3924f2f,L3,Tweet
ce2f8997-4d7e-4956-92bd-8f703ea06ae4,L3,Tweet
ce3d76ab-34f9-4bc4-a967-de8d0baa4564,L3,Tweet
ce4f2f9e-3fd3-4f83-ad6f-0c5633a1c589,L3,Tweet
ce594d44-57b6-4782-9cc5-3abaf3154a25,L3,Tweet
ce5cf356-9efc-4ea4-bdd6-bb41e3042091,L3,Tweet
ce61a64d-1acd-44ed-b2bf-987f87dd6ee8,L3,Tweet
ce657cec-4fea-4b69-ab75-f6cda647a5c9,L3,Tweet
ce68a298-5abe-4b35-8f3b-b90f43ac00da,L3,Tweet
ce7f87e9-da97-4332-809c-b15202414de1,L3,Tweet
ce882f26-60db-43f9-acfd-0522f0e78023,L3,Tweet
ce99c1bd-fb29-46d4-b2ac-632c0875d75e,L3,Tweet
ce9a0e63-3b7f-439e-af73-13e5a829965a,L3,Tweet
ce9b4a13-a539-4cfa-adff-312051c93e08,L3,Tweet
cea25b24-c0c8-4b1a-9b81-ba4f044200e3,L3,Tweet
ceac2398-79ef-424c-8e80-cf4f7121bb40,L3,Tweet
ceae04a8-f336-4d3b-aa29-d0ac54b8e695,L3,Tweet
ceb06e13-74fb-4562-8464-70d06df3cacb,L3,Tweet
ceb65b46-9c90-4a0c-929f-bc0407ce7307,L3,Tweet
cec31487-60e2-4f4a-aec2-6f72bdd56391,L3,Tweet
cec530aa-2859-4dd7-a212-269361478df7,L3,Tweet
cec8f027-b4c9-4fed-94f9-125a00f69444,L3,Tweet
ced84193-15bd-43ed-8f71-ba613d043336,L3,Tweet
ced84ede-d8df-4959-875d-645f9e7c97d1,L3,Tweet
cede6708-5b16-4215-80ed-a9441c48f562,L3,Tweet
cedf52d7-f819-43bd-adb2-da1d5c4a3bcd,L3,Tweet
cee2680d-1114-4d0f-8396-00610e0579a2,L3,Tweet
cee74b5b-0578-409c-bfc2-551804de0af4,L3,Tweet
cef15e86-c886-489f-85f7-9958eb637b35,L3,Tweet
cf046d2a-c30e-4089-a68f-3e43aae27cfc,L3,Tweet
cf063615-6aeb-4525-9620-d5cc091d9095,L3,Tweet
cf0b307a-06b7-4fb8-a940-f5766c0ce3aa,L3,Tweet
cf1413ce-59d1-4a72-adc9-108ccb3926f4,L3,Tweet
cf160aef-96a7-4dee-9561-a0b499ac7e3b,L3,Tweet
cf1b215c-3d82-41ad-b460-e439b9007028,L3,Tweet
cf2a9c0b-b793-4890-9813-2628aeafe243,L3,Tweet
cf2e01b2-50d1-468a-b3bc-aecc525c05d1,L3,Tweet
cf376ca3-28b5-4f93-be11-b52678350b92,L3,Tweet
cf424e20-517b-4aee-b7a2-fc4c0a5daf9b,L3,Tweet
cf48c6e6-afeb-4653-89a5-ff78c4a9a101,L3,Tweet
cf4992db-c336-4b50-a648-cd3eb1b15070,L3,Tweet
cf4c0803-4f24-4bfe-be8f-e4cce83ad4ef,L3,Tweet
cf4c53e1-291a-4d53-9f94-1ff2f781c1b9,L3,Tweet
cf4cd443-3e05-46df-af86-d683c6a39340,L3,Tweet
cf4da619-3ecc-486e-8323-de317382b410,L3,Tweet
cf505e1d-fa3f-477f-81d9-d68c284b6452,L3,Tweet
cf53b4af-8086-45ab-937a-edfcef2f57fa,L3,Tweet
cf546e59-6eb1-4fcf-bffa-06dbf949b7d6,L3,Tweet
cf63514d-713b-43f3-a23c-755003a8ec02,L3,Tweet
cf69a412-03f2-4635-b795-2eb03494bc70,L3,Tweet
cf749a40-9c34-4c14-abd2-1946f6df12cd,L3,Tweet
cf7a41bc-fddf-4ff5-b306-d261373af000,L3,Tweet
cf85e431-e735-4a7e-9b6a-f7012cd00d85,L3,Tweet
cf89d2b9-8aca-45b3-ba6a-73be82cfc321,L3,Tweet
cf8a10f3-d033-420b-bac4-07262215b55d,L3,Tweet
cfa274ed-2f13-462a-810d-21316eb8baf9,L3,Tweet
cfa31b17-b849-4d15-9e3f-43b63dfded7d,L3,Tweet
cfa56b6f-d528-4915-bf89-84826c068427,L3,Tweet
cfa6a7de-54d1-4cf6-90c1-736a865932ad,L3,Tweet
cfae4158-2bfb-4347-96a6-22272fdb268b,L3,Tweet
cfb01334-1ef3-400e-9fba-dcacde8a9fd9,L3,Tweet
cfb13570-f2e9-496e-857d-4d635305c967,L3,Tweet
cfb8de8d-54f0-4010-93a6-684dd9bebdf9,L3,Tweet
cfb9bcb7-239b-4fa6-beef-55fc34e812d1,L3,Tweet
cfc52c17-6386-4f1a-8e19-31e2858eb53c,L3,Tweet
cfc70e6f-06d4-4043-9fa5-175e6c469486,L3,Tweet
cfc7dbf7-836b-4d01-bd27-8e96f2961f93,L3,Tweet
cfc8245a-cad2-48b6-9ccf-37de30c0fe48,L3,Tweet
cfcb5130-90f1-4760-af29-f1561dfdcb7f,L3,Tweet
cfda3c85-c9b0-4503-97a1-44c54ab1b278,L3,Tweet
cfe0557c-2220-4f3f-ba50-c728c8eccda7,L3,Tweet
cfe18786-29c4-43c4-9272-abf8a5b688ae,L3,Tweet
cfe33ec9-9dc5-40b0-9db1-197f9888fe72,L3,Tweet
cfe90920-22f8-45b1-99b5-2a9bc32466dc,L3,Tweet
cfea9d28-7318-4490-a94a-69b0efb5b5a6,L3,Tweet
cfeeca5d-b1cd-4426-95d9-15f729723d39,L3,Tweet
cff91cd6-0cc9-4d34-b545-650a63a05657,L3,Tweet
cfffe64a-802a-4a81-94a5-796bce7aa309,L3,Tweet
d006441f-de16-4402-a61f-7d6ddb7950df,L3,Tweet
d0133143-6d1f-4c00-9053-f6a5b9fcd8ac,L3,Tweet
d019c419-df74-49ea-a037-12d5c4bfb994,L3,Tweet
d01a4986-9e4e-4c99-aca5-d73922375df0,L3,Tweet
d02831b1-1833-4bd5-9c84-5421c0f8c7e2,L3,Tweet
d02a6aac-dc19-4337-a94e-675b2a4595ca,L3,Tweet
d02bfb9e-4aa9-4866-9611-6dfa828e0f81,L3,Tweet
d03100e8-a1c6-4403-9bd6-d257b96029fd,L3,Tweet
d033ef67-7809-4d6f-aa44-db35ab8e13a5,L3,Tweet
d0395722-70f6-4e93-b791-0eccb37a91db,L3,Tweet
d0490938-850c-4e3c-8b8b-851958e4b73a,L3,Tweet
d0503ee7-97a7-4bdf-866d-42cc24c83e27,L3,Tweet
d05d3a1f-3365-46e2-8e01-f5d4f53e02a0,L3,Tweet
d05fae42-d5b5-47d5-aa35-8904178815fd,L3,Tweet
d068c1a3-c823-42c4-b113-ed83d20d7b57,L3,Tweet
d07b621e-65e5-4f93-b578-a62c18f80b92,L3,Tweet
d0877bae-2b93-41d1-a7ce-7c68034623e3,L3,Tweet
d0989d16-622d-4dae-96ab-f6ae7e5a59e5,L3,Tweet
d0994689-07b0-4a45-b5fd-8a3dfa8d414c,L3,Tweet
d0a24ba9-33fb-4ce4-bcde-a95a8a247fbd,L3,Tweet
d0acb245-7b29-48d4-a047-bac3c81bf6a4,L3,Tweet
d0ae0173-ffdd-4dbd-b3c0-c7a7ada12832,L3,Tweet
d0ae1b9c-742f-4550-b249-af67d6cf36fd,L3,Tweet
d0b07fa7-dad9-437f-9ff6-880b0222ccc7,L3,Tweet
d0b71ef6-901c-42e6-8cd8-e58c67589e71,L3,Tweet
d0b9adc1-0079-474e-997d-6a80e0873b05,L3,Tweet
d0bc5cbb-acc6-4e0d-99b9-94de928f239a,L3,Tweet
d0cecb1c-1d39-4d10-95f8-589e5922cc6e,L3,Tweet
d0d26d84-eb8b-4d73-b90c-7da53d60a46b,L3,Tweet
d0e7b155-dfbc-41a0-98c5-015c67a1948e,L3,Tweet
d0f54b21-5eb8-4fe2-9fef-b6a81021b23d,L3,Tweet
d0f5b310-c3ff-4e4e-a942-65d7bc8ef05c,L3,Tweet
d0fe6968-935d-4d5c-9501-6a5f261fcee2,L3,Tweet
d104d704-2dd1-4014-aa25-3629b21d972c,L3,Tweet
d1140051-9906-4a45-9c5f-3fd24be336b9,L3,Tweet
d11def8b-ceba-4586-9bed-5ca8594065c9,L3,Tweet
d11df38e-d4d7-4db8-98d9-25ad1cdc03fb,L3,Tweet
d12278b2-85e6-4809-b44b-4e5e79443807,L3,Tweet
d12688a0-cf09-4e3e-840e-5997f0755816,L3,Tweet
d12aca32-3297-4015-aa3f-acf3fc0e19d6,L3,Tweet
d12ed481-7c76-4273-be5a-e21e3e91f598,L3,Tweet
d135a998-ab51-4960-8d5b-a396f10d9ca2,L3,Tweet
d1364911-8827-47a2-8ccc-d9a702d5f47f,L3,Tweet
d13b6705-8a8a-4648-82e4-aa3b97cd41f5,L3,Tweet
d13cf6f5-d82a-4e74-b76f-b7e02bb91b2f,L3,Tweet
d13f8cf4-39c7-49f0-9410-67857617e377,L3,Tweet
d14f5677-750b-4d3b-ab3c-21f45d1b9f9d,L3,Tweet
d15bb2e7-1604-4ed1-b572-251d2f8ff553,L3,Tweet
d16290b5-0ace-4821-916d-ead62cc8f9a8,L3,Tweet
d162b956-d0a5-4cd0-afbb-74dd1f898713,L3,Tweet
d1805ff3-8eb9-4fa3-9cb8-4f93f65f77a9,L3,Tweet
d1875c5b-047a-441b-ba86-3bbedfa45a03,L3,Tweet
d18e52a9-96e6-480a-9232-056ef3e7d988,L3,Tweet
d1af6e9f-9eb7-4625-b329-3aac9e71f4c8,L3,Tweet
d1bebbfa-96de-4c78-be62-b10e5241c958,L3,Tweet
d1c68d24-c6e2-4c22-b980-7afcc8e6c351,L3,Tweet
d1cbd272-c29f-47ed-be64-6ef07d668841,L3,Tweet
d1cde0f3-722f-4451-b252-433972e4db61,L3,Tweet
d1ce80ba-8cf4-43e3-b320-88c341562140,L3,Tweet
d1d067a8-54b3-49a7-bc08-37fc95111152,L3,Tweet
d1d5561f-9845-4f5a-8469-01d8bcd6d8c7,L3,Tweet
d1da4c15-e4a3-4a89-ad94-401b3331968f,L3,Tweet
d1dcaaf7-d153-428f-b990-8e6a47d4fdc2,L3,Tweet
d1ea8548-cc6b-44ef-a660-0c0823d46765,L3,Tweet
d1eb48a9-4fa1-4c90-84f0-728324a00b27,L3,Tweet
d1f3723b-35b6-454a-9ff5-0cd9eef4d371,L3,Tweet
d2005697-c48d-49e8-b200-ad46a73b48de,L3,Tweet
d213fc1a-850b-4ac6-a282-74d0fe8b5d52,L3,Tweet
d218f431-aedf-450c-ad13-80d6c344c34e,L3,Tweet
d21a2be7-db8b-445a-b6f1-285e425ef628,L3,Tweet
d21c0f18-5f08-4a5f-9c16-74692cec4ebc,L3,Tweet
d2250f6f-30a3-4279-88f8-894905d4da0a,L3,Tweet
d2308588-1b20-4ebc-9747-875f8b3828d1,L3,Tweet
d236b68f-af3b-4e85-8770-8d88446ffa74,L3,Tweet
d23c6cd2-8a44-4a2e-a017-e94edfb8eeaf,L3,Tweet
d24149bb-88a0-4c3c-a04a-27f76be9cb20,L3,Tweet
d248b798-835f-4051-a9ec-97e845fcac4a,L3,Tweet
d2514c9d-a1a9-40fd-8405-2e58ef6fad7f,L3,Tweet
d251e039-4917-43eb-a979-ee17f9deff3e,L3,Tweet
d257245c-ef33-4543-9284-6c51cf74d8bd,L3,Tweet
d25b869c-96c2-437b-8bcd-1bb2721995ff,L3,Tweet
d260f177-d1af-45cd-b0f6-7254ad2d3857,L3,Tweet
d2666409-9a91-43ad-9ff9-f28d4e8312f5,L3,Tweet
d269a136-57c7-4c30-8de2-66d362d6196b,L3,Tweet
d27ee850-30c1-49b8-855f-27e00ce48e62,L3,Tweet
d28bafe5-2864-4657-87ff-241321f9dd4e,L3,Tweet
d2953467-0cf3-4598-88c2-20b0a26dc016,L3,Tweet
d29a94b3-52da-4936-b274-1de7a93f0bfe,L3,Tweet
d2a517e7-cac6-4609-809d-6c96cbc46807,L3,Tweet
d2a6ec59-dc43-4902-8074-00ba651b9aad,L3,Tweet
d2a87d3d-9e21-4178-ba5e-756826ed9363,L3,Tweet
d2ad65cb-e543-48f0-8b56-ad6957af6cbd,L3,Tweet
d2b030ba-bd5c-43ca-8436-e73c475c9374,L3,Tweet
d2b4c8f6-ae92-48a6-8059-c79df5c75fab,L3,Tweet
d2bc57c8-4480-4cb7-b3b1-e7e514dc1f91,L3,Tweet
d2bcb0dd-129f-486c-a771-96e080329d81,L3,Tweet
d2c1ab51-23a0-475f-8fbb-a1b0d244ab69,L3,Tweet
d2cbfe85-89bc-4f97-bb9b-2f57ac2e50bb,L3,Tweet
d2e8a2a9-30e3-4020-90f8-f3a7251fffa9,L3,Tweet
d2ebb9a4-823f-4190-88ff-8cb7df726188,L3,Tweet
d2edd7c4-268e-47e2-ab3d-23b007f20f49,L3,Tweet
d2eea8e9-d821-48fb-b41d-60bc1899dbde,L3,Tweet
d2f1aaf6-8859-44fc-9c0f-122d5a3acb18,L3,Tweet
d2f48b26-de73-4ada-90ed-3cf61d56b817,L3,Tweet
d3028c71-471b-4a2b-9684-1779a0cf1553,L3,Tweet
d305fb22-2283-44d0-bd03-099cd28fa432,L3,Tweet
d30f6407-b816-416a-9d18-28016f8c08ba,L3,Tweet
d326341f-3450-475f-a1aa-a8218d522b51,L3,Tweet
d32866b8-9307-405d-baf5-235e727edb32,L3,Tweet
d340bae1-b34a-4e25-8859-8f1d1b28f72e,L3,Tweet
d34362f4-79dc-4a07-9c4c-257b0ab03a18,L3,Tweet
d34c0357-6220-4490-bde6-e5dd6d85853b,L3,Tweet
d3559fc2-4a34-4751-b2fc-fbb11e57826c,L3,Tweet
d360d8fb-c755-44d9-a713-68ce1b31b156,L3,Tweet
d3675cd3-af85-4c2b-8a75-a2acf608ce50,L3,Tweet
d3687750-b053-4277-9fd6-0ea2620a7b9f,L3,Tweet
d36a243e-9d60-4b25-8d80-decd9040beac,L3,Tweet
d36c4d4e-7d2c-4f6d-9dfa-3f713893499f,L3,Tweet
d36e046d-c106-4fe5-af78-27942ac9230d,L3,Tweet
d386bef3-6dc2-45ea-8990-6c9d8ca3caa5,L3,Tweet
d38a7b67-1d0c-4b60-8561-7de0851f19b2,L3,Tweet
d3995395-0806-445b-b01f-2d812c1f6382,L3,Tweet
d3996eee-03b8-40bb-bae3-95f2df83e2ff,L3,Tweet
d39ed29a-5e21-45d9-8eb6-69832abc893b,L3,Tweet
d3a052c5-04db-4772-949a-3dcab474cce0,L3,Tweet
d3a2d15d-188f-40d5-b286-a984261c6193,L3,Tweet
d3ba4a5e-3b2d-4eca-a82a-f0228964ff88,L3,Tweet
d3cd5cd8-644f-4a20-93f3-0ffaa0a8e709,L3,Tweet
d3d7b690-d72c-46f3-9f89-4d91024aa82b,L3,Tweet
d3df3183-71e8-4a16-ad7e-73ce7257dc67,L3,Tweet
d3e181bc-b0f8-4aba-af11-1281093e0f90,L3,Tweet
d3ec01dc-6741-4dc0-84f2-e7a9ea005b92,L3,Tweet
d3fc7140-4499-40a9-82fd-999547754d0b,L3,Tweet
d3ffeec5-7b59-454f-a1a7-ea3f57dceba9,L3,Tweet
d435304c-8e32-4798-b2a4-2fd6dc342ea4,L3,Tweet
d4484c84-57bd-474d-8460-f5e69d72b923,L3,Tweet
d452f27d-2f3b-4add-a504-503737dac905,L3,Tweet
d453c48a-6580-4bbd-a6de-2a12e9c1d66d,L3,Tweet
d45c336a-04c4-424d-b601-9a3451862400,L3,Tweet
d45e0f8b-c4d8-4de8-a8a2-8e0aec1e3d98,L3,Tweet
d462e95b-8783-4fbe-a2e9-6ac4ea5a7323,L3,Tweet
d469c3ff-fbc5-4f54-a4e1-9e3e59d40ccb,L3,Tweet
d46ff454-ff5a-4c3b-8bcd-100aaa81c6ff,L3,Tweet
d4702b5a-d60b-4003-bef0-5981fabd0026,L3,Tweet
d474fe0f-ee8f-4465-a5e1-5915253ace5f,L3,Tweet
d4775c2c-8ee5-4cc0-84c7-6c8eaec557a5,L3,Tweet
d47f0ca9-6702-4887-ac18-65fec30607d6,L3,Tweet
d487da8a-a159-4256-8c9c-b2f458ab7f52,L3,Tweet
d4932b46-cee2-40bf-bab4-cd35732b2c0f,L3,Tweet
d495543f-ed59-4071-adab-064967f87bf0,L3,Tweet
d4a2453e-e7ea-45ad-84d3-4c9ba8d81601,L3,Tweet
d4a86cf9-f1be-4fa7-88dc-ed3163008b2e,L3,Tweet
d4aa5daf-2050-46d7-a3e4-7051b31a25ee,L3,Tweet
d4ad32f9-1727-4406-a619-08cad7f9e0fd,L3,Tweet
d4b0e37c-4df5-4003-a959-0a9c5084d0aa,L3,Tweet
d4bdda36-0a88-4b6e-a7f4-11d8e0e2b1c3,L3,Tweet
d4bff1ee-37cf-40ff-8909-f03bd3927f56,L3,Tweet
d4c533ce-8bb7-4304-9214-aae483d93fcb,L3,Tweet
d4d136c4-6e98-4119-939a-0e4a3afa9dab,L3,Tweet
d4d72647-4c5f-4d2e-a741-8e9cc31ed9cc,L3,Tweet
d4d88a0d-38ba-47ff-ae05-0b04811e69e0,L3,Tweet
d4dcb989-7355-4178-84c7-716575d05dff,L3,Tweet
d4e3de0a-3e51-4024-80f3-0e9ee508ae67,L3,Tweet
d4ea91d2-ca16-4180-82d5-44da5b6ddb31,L3,Tweet
d4ef4ff7-84ef-4fc7-982a-21f7c7c9095a,L3,Tweet
d4f028e6-1dbb-46f5-85e2-e03c048b327f,L3,Tweet
d4fca3e3-adf8-4974-b037-64d3a9f92a62,L3,Tweet
d5019e73-23ad-4dac-ba9c-396924dd504d,L3,Tweet
d505fc53-e0e0-477b-994a-cc1dbcb8d737,L3,Tweet
d509d439-ca9a-4179-a4d9-7a73d9099518,L3,Tweet
d50e543b-53d9-4b28-8e9d-59f174d9ce9e,L3,Tweet
d51cabc7-0645-4bc9-ad8c-28db2d363770,L3,Tweet
d51d1c6e-3c50-48b9-a38d-541bcd88e15e,L3,Tweet
d522e236-8490-4163-beed-d14234a82276,L3,Tweet
d53003d7-bcc2-4744-807b-bb8a0d87f664,L3,Tweet
d5347200-9d46-43be-b5f9-77726152d4f4,L3,Tweet
d53b4106-e70e-4152-8fd9-560b9424a95f,L3,Tweet
d54bcf01-7a33-4b50-897a-c5673bfbad49,L3,Tweet
d566f1ad-888e-4609-afcc-7d135927dca6,L3,Tweet
d56988dc-1db0-4217-ac65-cb37f5e04894,L3,Tweet
d576399f-69a7-452a-bfcc-b54c6e505009,L3,Tweet
d57a5e02-781c-4617-98a8-47b6f3075666,L3,Tweet
d57e7f00-a243-4617-84dc-cd3de0e0d2c9,L3,Tweet
d584ed71-00ce-42ff-b872-d3051bbbcf2f,L3,Tweet
d5871904-7b92-496d-8222-8d7d4c17ef48,L3,Tweet
d59303ff-7ff0-4d73-b1c8-98279f85a77c,L3,Tweet
d593c4c6-b5f6-4466-aaab-f7630df4420f,L3,Tweet
d5959fc1-c4cf-465f-848d-63ff99e57a6d,L3,Tweet
d59e2cda-3d53-444f-9f01-3fd3d050d3b7,L3,Tweet
d59fd3f5-124d-47a2-9da9-b230c55b8ca6,L3,Tweet
d5a38aae-0bf9-44a9-826f-b250883d15d5,L3,Tweet
d5a89d11-ebba-41c7-95d8-f791f1b56c89,L3,Tweet
d5aa0a96-af6d-4d2c-8d50-8f7fad949a00,L3,Tweet
d5ab0203-38d9-4ea9-a730-44642ba6cbaa,L3,Tweet
d5abcd03-9d1a-41a1-9173-37f1a8465baa,L3,Tweet
d5afc7b1-81cd-44b7-8d5c-08cac3dec684,L3,Tweet
d5b07864-ce08-4ea4-b84f-f65df11b61a1,L3,Tweet
d5b457c2-3cc4-4018-a608-6e1eeff592a1,L3,Tweet
d5b9b9c9-7bac-4094-a1f1-a8864823893c,L3,Tweet
d5b9e161-a60b-47a2-889e-a0c0b42d4c79,L3,Tweet
d5bbff03-737c-471d-b38c-360cccaa03e6,L3,Tweet
d5c058de-87ca-4a5a-af9c-bacbdc48ab91,L3,Tweet
d5c95a46-f779-4215-bb04-9581366926a5,L3,Tweet
d5d10362-814d-4d42-bec1-7fe628056eea,L3,Tweet
d5d40aa3-dcf1-4939-b51c-e45435288107,L3,Tweet
d5d9bf9a-9d56-4e14-b579-72cafa863e24,L3,Tweet
d5dd5d0f-1fda-4449-a456-fad8c93b36ed,L3,Tweet
d5e2f6c7-5b7c-453b-ba13-2929d63c17e3,L3,Tweet
d5ea9622-4bfa-4431-a7d3-0fe420537c46,L3,Tweet
d5ea96d8-3858-4cb1-a3a1-0addaf7d0e05,L3,Tweet
d5f4f506-55c8-4ddd-bf29-c9fe65211a37,L3,Tweet
d6000f4c-594d-491c-a859-cd2fa77eb1a6,L3,Tweet
d6173777-660c-494b-8ce1-b03136cc026b,L3,Tweet
d61f598b-11f0-4c58-9f4a-a75d6b78f4f9,L3,Tweet
d621dc90-b884-484c-bfbd-b8ab694251cc,L3,Tweet
d6298dc6-897a-496f-a2f2-87fdcc5ee5b7,L3,Tweet
d63a150a-51e9-4ecc-a85e-fa2cb4f36a3e,L3,Tweet
d63db929-dda3-487e-adfa-38ad4f4bcc8a,L3,Tweet
d646cf33-c896-45a1-be26-bd79d0163887,L3,Tweet
d651a89c-cd3a-4a99-b98f-87dff5ddffb8,L3,Tweet
d651b5b5-30b8-406d-aa61-d6fe12775cd9,L3,Tweet
d657a8d1-e05a-40d3-8792-0cbc5217178f,L3,Tweet
d659b2e2-e32f-451e-b812-f0c25e8bed97,L3,Tweet
d65c0b11-6d75-4311-9b2e-b020cbe78479,L3,Tweet
d660faab-4ac5-49de-b799-170742268157,L3,Tweet
d6622899-4c55-4292-91b2-93dad5385983,L3,Tweet
d6630881-6898-42bf-855a-6f5b3a52de64,L3,Tweet
d66dc944-6fe9-4486-a156-c88daeb5d36c,L3,Tweet
d66fe87e-4857-46af-b351-e13af8550fd7,L3,Tweet
d670fbd8-0fd8-40a0-83df-e09fab9f7e29,L3,Tweet
d67e63f2-473f-472f-b5a3-29527f448e01,L3,Tweet
d68026fd-ba2a-4480-b8fe-10f1f90813d0,L3,Tweet
d6842abf-79ae-4a5e-9af1-7808fc7fba67,L3,Tweet
d686b321-a7bb-408a-aa00-1aa62c095b62,L3,Tweet
d68d456a-dd73-43d6-84ea-a595eb8d521c,L3,Tweet
d6965bc6-fe57-4630-8cb4-066b560f5d51,L3,Tweet
d697e6b7-d278-4d25-a3c5-2d3227daf65c,L3,Tweet
d698a768-89c7-4c98-aae9-ec0b24e3d5b4,L3,Tweet
d6a19972-ff0e-41ba-aee6-d2bc98381215,L3,Tweet
d6b7b13a-f08f-4454-9b4d-b0b9806d2470,L3,Tweet
d6c2d101-9709-4162-8c3c-4d877caba177,L3,Tweet
d6c333ad-82da-4fd7-a334-a405f635a2da,L3,Tweet
d6c78c02-78f5-4e1d-9aa3-1b90fb7fce04,L3,Tweet
d6cd7206-c906-4b9e-bb1c-9b62d269551a,L3,Tweet
d6d3fd3a-6682-4cba-a570-b703668d6546,L3,Tweet
d6e6d080-052f-4da9-a5f5-c6973a0bf759,L3,Tweet
d6e9b665-df5b-4412-8cdb-f3797a4ea9b2,L3,Tweet
d6fa8f62-4f3b-47e2-8b2c-fd18f282849a,L3,Tweet
d715f283-f1b3-4c01-9dbd-ba4863fe289b,L3,Tweet
d7169de1-cd91-492e-b7a0-09518fa0b4b2,L3,Tweet
d716f50d-6058-459c-8dcd-48fb3f863e47,L3,Tweet
d72376b0-ea04-4375-9e8d-c52ce532ade7,L3,Tweet
d7298da8-45ee-46c9-bce3-f7b12e41032c,L3,Tweet
d72af2c8-cff9-434f-bc16-815b744c249a,L3,Tweet
d72ba0a8-6300-4dde-9a5a-58a5379da411,L3,Tweet
d731f6f3-1d24-48d5-9ee5-e23238656847,L3,Tweet
d73a39d5-b7cf-4e21-9e39-5a5e2bac7429,L3,Tweet
d73adcdc-541d-4554-809e-185824f9d283,L3,Tweet
d749f54b-cca3-4ca4-ad2d-0d9b317e5580,L3,Tweet
d74a7bdb-f23a-4812-adab-a9014ffc789c,L3,Tweet
d74d3418-18d8-4bd4-84f5-effcd35fb8d4,L3,Tweet
d75a5cc4-a7aa-42df-bbcf-c3f201b0a441,L3,Tweet
d7623eac-24cb-4784-b3ff-bb71878ce6df,L3,Tweet
d7695c18-d002-4d81-a53b-920a01568877,L3,Tweet
d773127a-21af-4ac0-a007-10b11a7065c7,L3,Tweet
d77a0c58-bfb3-403f-92da-004692808a87,L3,Tweet
d783eb8a-5b0b-477c-9b4a-f4658d947c6d,L3,Tweet
d7890bf3-f1af-47b9-bc57-e82c52ac91d0,L3,Tweet
d78f33e7-7c19-4d8e-b8f9-6ed49a13cdb8,L3,Tweet
d78f75f5-4051-4d47-a8ad-f479b82a5d6d,L3,Tweet
d7956686-23d7-4e49-84a3-30402508923b,L3,Tweet
d7992e81-52be-45ef-8209-c2f0a69db4d0,L3,Tweet
d79a8dc5-92ca-4a6b-973b-fc36913af165,L3,Tweet
d7a066d8-a4a6-42b8-95e4-e1f342f20e53,L3,Tweet
d7a97cb8-bd31-44c6-b03e-20b85b8d62c6,L3,Tweet
d7aba1e1-b108-45e0-9206-f70cb7bf3bab,L3,Tweet
d7adb8a8-1025-490b-aa5f-48511d766ffe,L3,Tweet
d7b130b4-883c-4ed7-8a8a-430c8a144ec0,L3,Tweet
d7b64019-d1c0-4624-bf8b-74b7874ae51d,L3,Tweet
d7ba0e2a-2b3d-4ae0-859a-5d88a575e251,L3,Tweet
d7c3903c-1eb4-4af0-8630-79a372c6c1f6,L3,Tweet
d7cb632d-0b60-4a1f-a2bd-41e3f48a04ae,L3,Tweet
d7cc9cc2-8d2b-41c7-ad2b-be1ca133b6ee,L3,Tweet
d7df3705-6aae-4f64-8fb0-df2edca029e4,L3,Tweet
d7e0d06b-eab0-4e15-94b2-fc61a33ea25e,L3,Tweet
d7e25540-3cc0-498f-b775-df6d0968a8e4,L3,Tweet
d7ec7cc5-7e8b-481c-a004-180d95b0cf61,L3,Tweet
d80fad3b-8233-4ade-87a7-512b4dcbfa7b,L3,Tweet
d81cfff4-ee8e-482b-8ec2-4cac6d2df821,L3,Tweet
d824c8e5-5d4e-4008-a3b7-c60a87205be5,L3,Tweet
d82885e1-59d8-447c-b8b4-e5c2b9337767,L3,Tweet
d82ee3f6-41e5-4f77-848a-5ca95fc5389f,L3,Tweet
d831dca8-07f7-422e-927d-edc28d864f74,L3,Tweet
d837ad66-3ddb-4ddc-a1e8-d409d616d14c,L3,Tweet
d83c753b-7bca-40b8-a721-678785e6a0e4,L3,Tweet
d83e62eb-c9d0-4063-a935-950c2ac26e91,L3,Tweet
d84b007f-66a4-4edb-93f0-ebecce8d32c8,L3,Tweet
d8554f06-5008-4b84-915c-45c14db43334,L3,Tweet
d8585dec-f4af-4aad-88cc-fc1091867f88,L3,Tweet
d85ca591-60b6-42df-a10d-cdf96ac38224,L3,Tweet
d867d4df-27fd-4e1e-b159-6a22492ee861,L3,Tweet
d869fc48-cdeb-4105-8204-4b0281277676,L3,Tweet
d86c4394-6bb3-4357-b990-0fe23a558573,L3,Tweet
d86ee751-0e6f-4f03-9dd4-ef2f09ad7bad,L3,Tweet
d8745984-552c-4f4f-b004-63ab030253f8,L3,Tweet
d875e95a-fb8e-423a-a117-a8a503082bd2,L3,Tweet
d88d07d7-8e3a-487d-b050-e1ac471f0f27,L3,Tweet
d8998c30-fc0b-48d0-9a81-3289e4e40918,L3,Tweet
d8a315d6-cef9-4560-991e-3227cfd7fcfb,L3,Tweet
d8a4cc39-b307-4482-8cb6-3496c28f4274,L3,Tweet
d8a9f035-dcee-4dc1-a7db-58fef0a06eda,L3,Tweet
d8ab5da6-fbd9-4a31-b105-b104ff239356,L3,Tweet
d8b8cf63-91c3-4b82-a1e7-dc9782de7893,L3,Tweet
d8bdecc3-f036-48e3-b17b-1c837e3b05cc,L3,Tweet
d8bf88f7-0180-45bd-9cca-e82b74976ac0,L3,Tweet
d8c9c135-da13-4c64-b180-0860f2d442b6,L3,Tweet
d8d04406-4f00-4c02-ae5a-b8479eb74548,L3,Tweet
d8d4b94c-ff35-4875-9cbf-c4859eb4f45b,L3,Tweet
d8d55965-ffd4-4ef8-b4ab-27d5b723134d,L3,Tweet
d8f3057d-ed1b-4af2-bfa9-8bc3fc3fa1df,L3,Tweet
d9019475-87da-4a6f-b729-de09d27fa843,L3,Tweet
d904374e-b0f1-4905-8e8f-d6878b0f9322,L3,Tweet
d91561ae-b588-4a2b-ab7e-044c5a4286bc,L3,Tweet
d92204fd-b4ce-45d0-971c-3dc43d918a2a,L3,Tweet
d92e1c75-8ac6-4eb9-a938-bbe6cf250093,L3,Tweet
d9313658-c4d3-4f6e-a678-58ab3f745258,L3,Tweet
d9352adf-5807-4953-a3fb-53cbc4c64bb7,L3,Tweet
d9353c29-5de8-4aa5-af6e-b0c1b8805bd9,L3,Tweet
d93994ea-5d47-4a1c-be47-9a33bba18165,L3,Tweet
d93ceedd-663a-48f4-a23a-ae1d8cac2e35,L3,Tweet
d9425c04-738d-4d76-9071-d673b0330617,L3,Tweet
d94ec385-95b9-475e-a5da-f677d0f71375,L3,Tweet
d951de1c-28c3-4104-94c3-9d5ec23c1864,L3,Tweet
d9574da1-6bc5-4326-b552-4b92a9fc6cc8,L3,Tweet
d95be7b7-5bb2-4935-856b-007ecd069d37,L3,Tweet
d96f805c-8318-4e31-82d7-854cf1733f3e,L3,Tweet
d9701540-8a99-4c13-9be3-ea2e3824a181,L3,Tweet
d9880670-fcb5-4692-b38a-a148014f2f6b,L3,Tweet
d995972a-2238-49ce-a680-a45a73cadc00,L3,Tweet
d99bd978-fa51-474c-9d71-0957111b34c5,L3,Tweet
d9a23b49-a471-40bd-b871-a3e614288243,L3,Tweet
d9a60bcb-75be-49f9-943d-f9faa34c605e,L3,Tweet
d9b07dbe-6bcc-4dd6-9139-4964ec11d23e,L3,Tweet
d9b3a77c-0425-4be2-bed4-bf4e00488633,L3,Tweet
d9b445af-c30e-43d0-a756-ec14abce0d2c,L3,Tweet
d9b46422-f840-4f38-8697-27db431c69f7,L3,Tweet
d9b6fd6b-b05d-4dc9-a46a-bffa93e9c2a8,L3,Tweet
d9ba1e6e-61d1-4623-af04-88f32d6cef48,L3,Tweet
d9cb9c8a-4f64-4c81-bf7d-b39c9a65f985,L3,Tweet
d9cfb1eb-efa7-4568-920c-1f5ab505693b,L3,Tweet
d9e3ad78-dfc1-46f2-8687-6cd76185824c,L3,Tweet
d9e930fe-413b-4284-9e47-d5e4c1093132,L3,Tweet
d9ef2798-c9b1-4104-835e-a95e473ae21f,L3,Tweet
d9f32128-fd53-40fe-b2a3-c11c800ecfb3,L3,Tweet
d9f3d037-9819-4e4e-97ea-defb5cac6345,L3,Tweet
d9fdab8e-f9c8-4f1d-ac5c-44587a9eeb3a,L3,Tweet
d9fe8554-5b2e-43d9-a73c-0d4007dfd906,L3,Tweet
da031641-1bcc-4bd6-9875-f89a6a3b62e2,L3,Tweet
da03dde2-5555-417e-9cd2-1398d9e498ae,L3,Tweet
da0b1730-9d83-4d13-89d4-22b7952302b8,L3,Tweet
da159c21-b88f-4965-ac61-903d3340369f,L3,Tweet
da2034c5-05ed-42e1-b6e7-0dc265458778,L3,Tweet
da2c1f2b-9936-466c-a568-08380f50df15,L3,Tweet
da308615-11ad-4725-9aea-f26ade379f3e,L3,Tweet
da335f1e-f290-443f-a523-90cc622613b8,L3,Tweet
da340cf3-5b44-4f00-99ca-f384a28f6122,L3,Tweet
da38f916-b9a9-4475-b940-206d66fd4a6a,L3,Tweet
da396587-4676-453c-92c6-70ffb4463e61,L3,Tweet
da3dba3c-67a3-4c15-a86f-271d8148cbb4,L3,Tweet
da41f89f-162c-4d80-a8ab-ce88e6055c37,L3,Tweet
da42dc16-2c6a-45dc-b4d1-a4078c4cff79,L3,Tweet
da44db9f-11e0-4ca3-a094-e52c23735e33,L3,Tweet
da55495c-4433-4a8e-b5ed-bbe36d7da8d1,L3,Tweet
da58a74f-1392-40be-afc1-188e6d68887f,L3,Tweet
da58fab3-ba09-404f-a416-a0be282ce53e,L3,Tweet
da713abb-7fc4-483d-a969-8bdbd8aecd5c,L3,Tweet
da71caa2-cf3b-47c9-a725-c71b88490e43,L3,Tweet
da7d4233-405a-4819-af88-434085503db6,L3,Tweet
da881d0c-9b4c-497d-96f3-c3ce399c9767,L3,Tweet
daa1fe12-ab8b-4615-8d6c-13703d4c446c,L3,Tweet
daa4e73b-1972-40f0-968c-6798b235abeb,L3,Tweet
daab3dc1-23d1-4a7b-b8fa-72064f63d94b,L3,Tweet
dab28429-8c79-44ea-980d-34682e0cdae3,L3,Tweet
dab4a795-ecfa-4d09-b911-df4e5afb2723,L3,Tweet
dac0a9b7-876b-4e84-80be-b7504beec22a,L3,Tweet
dacfc924-647b-489d-8d81-ef16044595a7,L3,Tweet
dad569a9-17e0-49ae-86ee-3fd4c1701b06,L3,Tweet
dad9ab0f-c5ce-4dd0-b4d8-84539ba67f6e,L3,Tweet
dae6eece-a211-4d41-b95f-850afc056e3e,L3,Tweet
daf5652a-89d2-4828-a4e4-4d140ff293bc,L3,Tweet
daf6c88e-a5b5-4b69-a849-b0116286c3c6,L3,Tweet
db0b74af-9bad-4abb-89ca-61c546eaef7c,L3,Tweet
db202c90-0094-4ad1-b902-5bc6c12e1e59,L3,Tweet
db2812aa-962a-48db-9e48-f61402967a49,L3,Tweet
db3883a0-fd57-4796-9c8e-cb8b128c8aa0,L3,Tweet
db394aef-f2c3-4494-9982-5ad0b184a3a1,L3,Tweet
db39d422-a44b-4bf9-bf6d-6c0c809cd26f,L3,Tweet
db3d3307-a371-4d8c-a4d2-126f71d7700e,L3,Tweet
db553f7c-9acb-4e10-8ee5-308fa9f4e34b,L3,Tweet
db666552-9c11-44f1-8974-6afb03b755e7,L3,Tweet
db683bbc-092f-4454-bab4-93d2c74d74aa,L3,Tweet
db699953-176e-49cb-9302-aa2ebdc97943,L3,Tweet
db6fbe70-4699-437a-943d-fb43776c899d,L3,Tweet
db750da2-8ce0-4742-accb-c91687413943,L3,Tweet
db78e082-b656-470b-aaa8-555bb2fcd06f,L3,Tweet
db78f459-1f88-48e4-91a0-32e34bc25abe,L3,Tweet
db85a384-49eb-41d2-a334-ff2f81843157,L3,Tweet
db8d97f9-4637-4b75-9c3e-2c4b41a5e02e,L3,Tweet
db928329-44cc-4689-9932-2d027819826e,L3,Tweet
db966146-b592-424f-9813-2a989ad0212a,L3,Tweet
db9b649c-9ec5-40fb-84e1-d7c147fcc115,L3,Tweet
db9ea413-7d0f-428d-a281-f05139811479,L3,Tweet
dbb43c5b-1a7f-4db7-9013-a77a6a2c0566,L3,Tweet
dbb9a598-ccdc-444e-a613-0f13688237b8,L3,Tweet
dbbc9b1d-b0f1-46b9-b831-2f2da176d95b,L3,Tweet
dbcf9bc3-a657-45c4-af9f-4f5639c05bc7,L3,Tweet
dbd399b8-a75c-4421-b3bb-c0a6e1f8b781,L3,Tweet
dbe07e86-fac6-415d-b44b-3906e8cfec41,L3,Tweet
dbec412d-39b6-42d6-b71d-7ed2df2341ee,L3,Tweet
dbee8d3b-8799-41d9-a9a2-c0a9a96ff437,L3,Tweet
dbf34c0a-b880-46a9-bd94-d3b684882dd5,L3,Tweet
dbf4fd6b-db71-4117-9209-d7c4d5e60854,L3,Tweet
dbf9095c-85d4-493f-a904-55056bfb53ca,L3,Tweet
dbfa9d50-5b06-4e38-9ed4-a0bf50dec63b,L3,Tweet
dbfac2d1-05e9-466e-a666-eeca5d440123,L3,Tweet
dbfe4954-a04c-4f44-8e4a-f8fa6dfe0881,L3,Tweet
dc0433fd-4fef-4f9d-857b-ee069297640a,L3,Tweet
dc0bc4f3-fa46-4156-87a7-3669f96560be,L3,Tweet
dc0cd192-6fb4-4ae9-830e-abe146c0b10a,L3,Tweet
dc15af2d-0037-41f1-8fd2-0a7db128c333,L3,Tweet
dc18e55c-2c88-49ed-a5b9-da80de25fb25,L3,Tweet
dc21ee4a-866b-4a37-b92f-afecd1207c88,L3,Tweet
dc3075fd-52d5-4352-8e6b-bd4860c0dd46,L3,Tweet
dc30b2ad-cd52-4cf0-90a2-516e814b0377,L3,Tweet
dc324468-33c3-4da0-914a-fb409a43b83c,L3,Tweet
dc37ec09-cadd-431e-9eb7-220f70c52210,L3,Tweet
dc3f874c-7c2e-4155-ac8d-bac57b79f195,L3,Tweet
dc426352-362b-42fc-af94-1e05225281dc,L3,Tweet
dc48874c-fc1e-4260-9795-94a624dd30b2,L3,Tweet
dc55b42c-f722-4230-aefe-9edea069f531,L3,Tweet
dc580b07-867a-4ff0-a4ea-b5a2455ea5a5,L3,Tweet
dc582582-2a43-4ece-91f4-c1267dc8554b,L3,Tweet
dc5e3f0c-3164-4659-9d20-451bfba6aa81,L3,Tweet
dc67a1fb-e4e3-4bf5-8005-2506be3d6d43,L3,Tweet
dc6cba22-5906-421a-b87b-43947ae51a13,L3,Tweet
dc6de7ae-875f-4d04-8f40-4bbcc58e4569,L3,Tweet
dc6ee20a-56b7-4e86-8953-31ec3cabd6a2,L3,Tweet
dc6f7e9f-b9fd-41e8-9cc4-ff5767a47d18,L3,Tweet
dc80c518-50dc-4e87-a04a-18f801f184dc,L3,Tweet
dc80c75a-d004-49c7-8be9-6d509882f362,L3,Tweet
dc8175c9-1703-46cc-9db8-80f9b47af778,L3,Tweet
dc8b2a1a-9985-4a73-b837-a787e65916dd,L3,Tweet
dc8b8a42-3ec9-481d-829c-2429daa9c1bf,L3,Tweet
dc8d1627-00b3-4bce-99c1-cac3c1bae56c,L3,Tweet
dc8eb807-8587-4fb1-84fe-ceb132818a83,L3,Tweet
dc93a9c7-cbd5-4d48-9302-85aee9242c0c,L3,Tweet
dca3fddb-97f4-449f-a2bf-9416338604e5,L3,Tweet
dca53b94-4110-4f50-a2aa-e2a97b3edfa3,L3,Tweet
dcbbe227-a91a-426a-9b14-840bd494da31,L3,Tweet
dcbf91ee-2822-4f20-9cd9-809facd773ac,L3,Tweet
dcc07044-df95-450e-a96b-79766e4c8c07,L3,Tweet
dcc677ef-81de-4286-bf91-54cb78997c13,L3,Tweet
dccfd6d8-a6a0-4282-9476-41c6a7c4b6cc,L3,Tweet
dcd7279b-1ff2-4ffa-bb23-dee5cd9faa28,L3,Tweet
dcd94eb8-0814-44f7-9ed5-fd41439a3955,L3,Tweet
dce75290-d7c1-4411-bda3-c1ec3f1cf1f3,L3,Tweet
dce91567-9def-4e86-a582-db4417ef02bf,L3,Tweet
dceb91cb-d91a-4f93-967d-28b436c13a84,L3,Tweet
dcf3d0dd-5752-4671-ad56-89015f9a772f,L3,Tweet
dcf4e69d-c343-482a-897a-0ad535755379,L3,Tweet
dcfb7caa-99be-42bb-a3ed-7c2ab094b2c9,L3,Tweet
dcfc696b-662a-423f-ae52-ea73b05ade6e,L3,Tweet
dd03b418-3edd-4385-bd55-244099b8e130,L3,Tweet
dd12f0d2-bcee-4c29-b06b-b95bcd57bd89,L3,Tweet
dd15ce6e-c5c4-440c-b01f-02912052d283,L3,Tweet
dd1be715-34a6-4140-9765-41e3930b17b1,L3,Tweet
dd1ee2bf-6e3e-4cd7-b4b8-50037a7fac47,L3,Tweet
dd2864b2-b86a-4f63-bb7f-062afd11dad2,L3,Tweet
dd2e52f4-327e-4a88-87d8-dcba2eb980e6,L3,Tweet
dd2f3bad-78f7-4b7f-bcbc-f38e27dc06d6,L3,Tweet
dd34374b-0b52-4a64-8540-2c68c50c2216,L3,Tweet
dd361668-ad40-42eb-91cb-4424b128df85,L3,Tweet
dd393420-f205-4b6a-a8fd-df28608700f9,L3,Tweet
dd3f51f6-d982-423e-93c4-253e68a048e7,L3,Tweet
dd434951-0f91-45bd-932f-794a8363196d,L3,Tweet
dd49537c-3475-4d27-9054-d7ee461e89c5,L3,Tweet
dd4caa89-d229-493b-8be8-252ea314f399,L3,Tweet
dd4f75e4-19d5-4e4f-b369-18f847929f87,L3,Tweet
dd54562c-f1cb-4a2b-8507-c7ea05f988fe,L3,Tweet
dd54faba-0099-4136-b98a-92832a73977b,L3,Tweet
dd56886f-aab6-4f01-88b4-38f6ac5c4483,L3,Tweet
dd5b4692-e78f-4cd5-8fe9-620267f47958,L3,Tweet
dd5e051d-dabd-4d0b-9b25-78c60a6d8e2c,L3,Tweet
dd5ededd-3369-4f35-be46-f40ab4cb22bd,L3,Tweet
dd67b486-c938-4648-96fb-9c11fbda266c,L3,Tweet
dd6e3a25-3ad9-48ac-ae7d-089e9795eb19,L3,Tweet
dd6f1b50-2fe7-4972-b1d9-b965a4e37c7a,L3,Tweet
dd7a62e7-d1b6-4d05-9024-a118c97f8f75,L3,Tweet
dd802c4b-3f54-4b6f-a150-fa5465c716e2,L3,Tweet
dd953f22-e5bd-4f5b-8980-594ebd091271,L3,Tweet
dd9a8633-c5c3-4eff-812d-1049234905ba,L3,Tweet
dd9e35c1-97df-4649-a780-fc19239f7e0f,L3,Tweet
ddaa8946-994d-4ccb-962b-a3d950c1d04d,L3,Tweet
ddab1812-d8dc-48b5-944f-24dcbaa7e111,L3,Tweet
ddb457b2-3477-4aab-b324-7220e447015d,L3,Tweet
ddb4de09-48a8-4413-b44e-66829394feb1,L3,Tweet
ddb62f5b-bb07-4115-917b-8d401c45a8e0,L3,Tweet
ddb92759-2414-4541-88c4-95eee7de9c2a,L3,Tweet
ddc0dab4-16a8-4a27-8815-4048797ff577,L3,Tweet
ddca9733-b068-4116-94bf-0ecb3050c3f3,L3,Tweet
ddcd2d22-447a-481f-8a2e-0cdab65f2f46,L3,Tweet
ddd0be62-e7ca-4a3e-a070-a5007a1468ee,L3,Tweet
ddd6a156-cdd4-4e65-9f32-1708ed511e63,L3,Tweet
dddc9fc6-0e3b-44ec-bc57-f2721a2f038e,L3,Tweet
dddd76ec-b540-413a-a5e9-c129fd56f780,L3,Tweet
dde35c9c-14b4-41ea-bbee-833425ec5ef8,L3,Tweet
dde8b55a-2702-459c-8067-3a6a2782eae4,L3,Tweet
ddf5fc05-b7f8-462f-8ae5-b2452c4e3817,L3,Tweet
ddf63997-7d3f-4cf4-9f9a-a8b42f63cf91,L3,Tweet
ddfabc6d-03c2-45ee-b322-807a944b59f5,L3,Tweet
de028a3e-b87c-43d5-bad9-d7eca9cf61fa,L3,Tweet
de2398a4-508a-4df6-a559-ca1d161a2395,L3,Tweet
de31c535-e71b-4876-b118-b2946fb08308,L3,Tweet
de3341ec-bc0e-4396-9989-18b38a50b7ee,L3,Tweet
de35eeb8-b644-4f96-91a3-3db3723dd5fb,L3,Tweet
de3bc7f3-46a4-4690-acb3-e07e4bf6289d,L3,Tweet
de42024d-56a2-4ae5-9462-c5186bf23b0a,L3,Tweet
de43a6aa-e391-4417-bd4f-45d24856d006,L3,Tweet
de45e173-7f62-4c99-9af3-089be38a031c,L3,Tweet
de47714b-1631-4c9c-9a5b-eef5f2cbe9a2,L3,Tweet
de49d2bc-cacf-420f-a3d4-50774e9d7060,L3,Tweet
de4ab3c6-4966-43df-9c36-4bafd9a66773,L3,Tweet
de55a9cc-330c-45d0-9de0-175ffdfa8aa4,L3,Tweet
de572a8c-9c17-41a6-a4a7-4f460352429e,L3,Tweet
de5a8e94-0799-4748-8987-26088d701abf,L3,Tweet
de6664f1-23e9-4fae-967f-fb8980dcf7e6,L3,Tweet
de6f75b3-b791-40f6-abcd-7973fb21d08c,L3,Tweet
de713c68-89e0-4226-a36d-65ff3d21f8d2,L3,Tweet
de7548b7-df66-403a-a4b6-41780b5232a3,L3,Tweet
de759530-76d7-47dd-9215-c149d9f3f31e,L3,Tweet
de7e078c-5367-42c8-99be-af4a557debc1,L3,Tweet
de8431ed-fa6e-4ee6-92ea-f084085cc404,L3,Tweet
de8d9ec8-df55-4a3f-bfb6-6c13e8aa8f3a,L3,Tweet
de9058e5-fa80-4c3f-b21e-b1a596f6fc0b,L3,Tweet
de97d007-0354-43df-8694-f4f6bf59a80d,L3,Tweet
deaa379e-1b3b-4aad-a511-8f1bc87bc389,L3,Tweet
deaacbce-5c35-494a-8e3b-23e38986e314,L3,Tweet
deb3953d-0b10-415c-b12c-fbfc2b54050c,L3,Tweet
debf506c-c30a-431c-a43e-d937eb2f33f3,L3,Tweet
debff50f-400a-4c68-b4ac-aaf2f1973968,L3,Tweet
dec0229e-1322-451a-a4c3-86a07f1d00be,L3,Tweet
ded2ce3d-4af9-4f0a-b236-bf2b1bc42bf1,L3,Tweet
ded3c2e7-8187-46c3-84fd-b3ef022b6e4a,L3,Tweet
deede2b6-e494-4a4e-b459-796a71e6d75a,L3,Tweet
defc2515-5822-4ddf-bfcf-3f0bf795f5e0,L3,Tweet
defd0356-524b-466f-8373-d15de7ca823f,L3,Tweet
df00e20f-50f5-413f-8ee8-37a2509afc02,L3,Tweet
df250375-5fd9-42ab-b5f5-8a8b6d43236c,L3,Tweet
df2b52c5-e1bf-4aae-a6ae-cf334bcafa8d,L3,Tweet
df2d57de-c5cb-4c76-b534-a95dcd608978,L3,Tweet
df3547d1-d052-4e66-a788-01a3e6380db0,L3,Tweet
df3b35de-c299-4512-824d-237575972b60,L3,Tweet
df3ec720-797e-4917-93ae-8164299f43d1,L3,Tweet
df4efeb1-cafc-4db7-906a-1a81944e4224,L3,Tweet
df5be0d6-082d-487c-a1d8-05302429818d,L3,Tweet
df6116e9-3233-4657-9d49-e8ddccb5de98,L3,Tweet
df62a974-bffe-44fb-ac95-5ad34cdfe3b8,L3,Tweet
df6bee87-1ca0-457c-95c8-045689ae25bc,L3,Tweet
df6fc31a-795c-4608-9af6-7a9f702788a4,L3,Tweet
df70cdf8-7ecb-4fba-8691-c16e1b5276c7,L3,Tweet
df727efd-51a9-4724-9b15-ceb0a1a1f67f,L3,Tweet
df793383-ac13-4032-ad56-c5b6cc965a87,L3,Tweet
df8ad38f-3cab-4c58-b32b-50ae3604ecdc,L3,Tweet
df8e38cd-653e-4779-9c6c-96ffa2a5867b,L3,Tweet
df936c7d-aca0-443e-9e7b-2a484b151ec4,L3,Tweet
df9af128-d958-466f-bb31-4117894c0077,L3,Tweet
df9f25fe-6e6e-4c78-b09b-4d3ba5dc7ffc,L3,Tweet
dfa9a220-bbd8-4dcb-9e3a-1e30d145187b,L3,Tweet
dfab4051-1031-4075-a39a-52a0dbb0e86c,L3,Tweet
dfb1420e-9bed-4f9d-abba-de0f40cd3261,L3,Tweet
dfb7107f-373c-432e-8b23-e6c932fca06c,L3,Tweet
dfbfdc75-132d-42db-a7d8-0cfda704709c,L3,Tweet
dfc49ee7-673d-4d30-9ae2-2e586c31573c,L3,Tweet
dfd2720f-8426-4465-bcd8-666446274373,L3,Tweet
dfdff2a9-7abd-4d30-955c-e5307eb04238,L3,Tweet
dfe293db-bdf5-485b-a695-e99d596e9be6,L3,Tweet
dfe3b920-b9aa-4841-a902-dc2f7f3bdb07,L3,Tweet
e002c4db-18ad-4e4f-924a-c0fbf07092bd,L3,Tweet
e00333fb-a01b-4ef6-951d-382dcf409039,L3,Tweet
e016c227-9068-495e-9d03-fde86adc2b69,L3,Tweet
e018464e-ea0c-42f3-98ad-41bb46a633d1,L3,Tweet
e0194fb4-50b3-421f-9cde-a70c0c76e885,L3,Tweet
e02d26eb-5640-4e04-af08-9dfee39ac46a,L3,Tweet
e032e5a4-5267-4a4c-87ba-5318ed5bfc22,L3,Tweet
e0365c63-afa5-4829-8394-65a5d65bdf8a,L3,Tweet
e0385779-9196-4d90-b9e5-62609d9bceb6,L3,Tweet
e0484e4b-8a46-406e-847d-01a6c53d519f,L3,Tweet
e04f40ee-bddc-4622-bacc-def45486c619,L3,Tweet
e054a29a-731f-4440-aa21-9474cbf13b02,L3,Tweet
e0571d8e-aa65-4b9d-bc99-46e6389ba8c7,L3,Tweet
e05a01b5-b642-423a-9b66-9b0734ade682,L3,Tweet
e05a6034-0d7c-4cea-a394-4e404a3bfb9f,L3,Tweet
e0623fd6-f3aa-46f4-85d4-c612adf7e100,L3,Tweet
e062f56c-3a00-4bfd-b938-2762ecd6a51f,L3,Tweet
e06717fd-780e-4043-b4be-4121e54081c2,L3,Tweet
e067ffba-815b-4da7-8eac-525a88165a71,L3,Tweet
e06bc168-b2a2-48e1-8d1b-c0e6f68acf0c,L3,Tweet
e076c1b5-8dfd-4643-99e2-c6db9c9078d6,L3,Tweet
e07bc9be-3b01-4bfa-8eb0-8904bf9ed84c,L3,Tweet
e07c5825-9322-48bc-bcc2-b2db2fd09a2b,L3,Tweet
e07d475a-77e1-4f52-8bcf-6e298d02e47a,L3,Tweet
e07ef061-e969-4db3-8964-6ba6740bc89f,L3,Tweet
e081d0f7-d389-44a6-babc-4d61fefb6ed8,L3,Tweet
e0834c5c-e1c4-4f14-827d-e52592a6ce5c,L3,Tweet
e08dd36e-fd0d-4ce8-945c-697fee5d107e,L3,Tweet
e090b23f-ac48-4a8e-86e7-e8715305546b,L3,Tweet
e093523b-556c-4f72-9ed2-8a22ddc3c7f5,L3,Tweet
e097b4dc-4a30-4f0d-99a1-e5e9e2a97cc8,L3,Tweet
e0982639-b3ef-4063-b8e9-6ad83397d302,L3,Tweet
e09f207e-6f98-4867-b2f8-61a1ae425064,L3,Tweet
e0a3f2c1-cf35-44bd-a7b2-807f4411e5d3,L3,Tweet
e0a80b0c-0f1d-48a4-b873-765ccac756f7,L3,Tweet
e0b16aa0-865a-4ead-aac8-60ff59ec3bab,L3,Tweet
e0b31bcc-b24f-4155-892b-f41141eb0087,L3,Tweet
e0b806f4-8f6f-4ac3-84ee-fa63dfc20413,L3,Tweet
e0b9898b-ca4e-4bd2-b952-be24a43724bc,L3,Tweet
e0b98ae2-fcd1-4fb6-b27d-cc01175c116b,L3,Tweet
e0c36549-81b2-4c19-bc2a-cdc142941276,L3,Tweet
e0c443b8-a359-4bb0-8fe9-05eb9acccff8,L3,Tweet
e0caa540-9387-481d-af73-d6c682fbac8b,L3,Tweet
e0dd3ee5-02fc-456a-a655-59cabe53a164,L3,Tweet
e0f63b21-4010-4edb-8460-d6d454261f12,L3,Tweet
e113127f-2563-4c1b-89ee-67f3c4ed6602,L3,Tweet
e13fd825-4100-4d88-9b46-7efc8f1727ef,L3,Tweet
e14d6ef5-d5e0-433a-b35f-b650d344317d,L3,Tweet
e14e71f0-1e2e-4b01-ba11-196907479da7,L3,Tweet
e14f9263-519b-4fd3-8cea-117bcb9a7253,L3,Tweet
e1681b2b-9fe9-4a19-a8a8-db7f21cbc83e,L3,Tweet
e1747ab1-ce75-489c-9307-236ff8893c33,L3,Tweet
e17a0177-aca5-4e47-ac37-d2d9d14f4853,L3,Tweet
e17a9331-3ceb-43b6-b949-ac7a55e940a3,L3,Tweet
e17bfade-34b6-40e9-9cff-ea0598807c40,L3,Tweet
e17d2fb0-3169-4bf7-aa13-60207055ac55,L3,Tweet
e17daa10-65bb-453b-8c7d-bc207b11ef04,L3,Tweet
e17fe904-ea1e-4edc-88d4-7d51fda06459,L3,Tweet
e18b4653-4d24-4dde-b8fe-de956724800a,L3,Tweet
e18f9696-0dfe-4524-b83b-bb9b7522677d,L3,Tweet
e1bcd64a-20d9-4bab-a897-03760aee4f70,L3,Tweet
e1c27f21-e4fd-44c3-9065-a01a1dd83628,L3,Tweet
e1c4d6dc-f4ea-4c2c-a0ca-163eb4e2d658,L3,Tweet
e1c5a4a1-675f-44fe-8646-c9aae091878c,L3,Tweet
e1c5d247-cea0-4440-bff1-595c4df94970,L3,Tweet
e1c63d3d-7ace-46b1-97ed-53d5e8f22807,L3,Tweet
e1d11f00-0008-4682-87b0-6baa8d8fbeac,L3,Tweet
e1dbbb79-63c6-475e-ae25-6ad60b1d1407,L3,Tweet
e1e0dadc-fb71-4f64-b668-4b9385032431,L3,Tweet
e1e453e3-42db-4ddc-96af-bde5cc2b7b9b,L3,Tweet
e1f30156-8320-416d-97f3-8ac2c965ec53,L3,Tweet
e1f54431-a30f-4969-bb83-6cf3a0213154,L3,Tweet
e20e7e13-960a-41d5-8f2b-bdfeecace72f,L3,Tweet
e213c1da-45c2-462e-9112-23f2b13bc1b4,L3,Tweet
e21e5ee3-82ff-4598-a98e-8780191f7987,L3,Tweet
e2226e70-328b-45a0-92b7-478c81cc1379,L3,Tweet
e224875e-6d31-4e2b-93d9-c59083be1205,L3,Tweet
e23354d9-d025-404c-bf2d-f307993f3080,L3,Tweet
e2338015-8664-482e-ad9c-32cbcec9e078,L3,Tweet
e233e6f4-ba90-4bf2-92e3-ea78253373f9,L3,Tweet
e2379dd4-9cf0-4bae-9b8e-23ec511cd452,L3,Tweet
e23b2fd1-d22c-4a92-95a6-5233d0a194a5,L3,Tweet
e23b8292-9bf5-4001-a30b-f8d28a536274,L3,Tweet
e244851b-6a09-4c8c-8d0c-df9a7376e9be,L3,Tweet
e2492cbd-be52-491d-9b2e-35ed1e11d22a,L3,Tweet
e24d617c-5f62-46ae-8eda-5ae9cc12b2b4,L3,Tweet
e26eee5e-edf9-4976-acef-36cdebf456d2,L3,Tweet
e27122d1-a138-4d61-a846-5bdeb828584e,L3,Tweet
e2787e92-9fb7-4f71-9a01-35152cff9eb0,L3,Tweet
e27937a1-09bd-42bd-a425-c87de92612c6,L3,Tweet
e285892b-1148-4fa1-997b-a04014c77650,L3,Tweet
e28c4912-cab0-49a5-912e-400b185a641e,L3,Tweet
e28fadff-d8a3-4d85-b2e3-03eebec5a41b,L3,Tweet
e293e285-16b5-4977-9c85-e74481b48887,L3,Tweet
e295a51f-2052-489c-9bfc-0c1f129f66e6,L3,Tweet
e2974ddf-e01c-4451-a670-132b9b0622f3,L3,Tweet
e29d8281-de86-4596-a52a-2bfd46a547e4,L3,Tweet
e29fb4b5-b203-429e-b08c-9214de5476f3,L3,Tweet
e2a10f6b-e093-43f1-8d75-4c8c12e73127,L3,Tweet
e2bc0cd5-6ac2-4234-beed-3a8ae81acad8,L3,Tweet
e2cabf0f-ad71-4f70-913e-ea3413b43d49,L3,Tweet
e2cfd3e8-3972-4a24-86c4-d9419b60f46b,L3,Tweet
e2d82447-172c-43cf-9c6d-5d89c4fc5221,L3,Tweet
e2e25ec2-527c-47e1-9387-57dc144770ca,L3,Tweet
e2ef60ce-5fa7-4ae1-97e8-778511630494,L3,Tweet
e2f64c6f-150b-4271-b415-3223096a1927,L3,Tweet
e2fef2a4-88fa-4ccd-b766-29f2d8b20b10,L3,Tweet
e304b305-8642-4862-be76-f65ebfd1f81e,L3,Tweet
e3135b9d-d609-4c63-9bf4-49ecbc2fb724,L3,Tweet
e315cbc8-214c-4432-901d-2027ef8a494f,L3,Tweet
e317d44d-04a1-4a52-89ab-1477b6716303,L3,Tweet
e327d582-03d0-494e-9cec-b7952be0eb78,L3,Tweet
e32b2d3c-96a8-4c02-96ec-d26bf6ce018c,L3,Tweet
e32b2d89-b30a-4267-b280-370c91ff88a8,L3,Tweet
e330324b-e966-4757-ad0c-773116c2b94a,L3,Tweet
e337a0f3-a09b-46cb-8831-92ab30642ad9,L3,Tweet
e346ecd4-b83e-484d-9c01-2943b2430c50,L3,Tweet
e3566d8e-ca0e-4494-9f88-081dc1fb4eb6,L3,Tweet
e35d8275-7d02-4c3b-a91c-837918833e71,L3,Tweet
e35dacec-6d91-44a4-8ed2-dce705185e47,L3,Tweet
e35fd37a-9423-41a5-9b44-e6b1f18aba47,L3,Tweet
e371985a-cb2a-41ac-a30c-f8069cc79b3f,L3,Tweet
e3762ce4-213d-435e-95d2-de1d391d4607,L3,Tweet
e3789064-bc9a-4af6-aa44-2884fe49f92c,L3,Tweet
e38a62ac-b70d-4b6c-ab86-43c97da1ff27,L3,Tweet
e3910c7f-758c-4e5d-b340-078a961f7063,L3,Tweet
e3910fda-1021-47a9-b854-0c541d240b87,L3,Tweet
e39e51a4-c351-4744-9869-b0db8457d1b4,L3,Tweet
e3a349ef-bee8-4abb-bdf2-1c2f62140071,L3,Tweet
e3a516e5-35a9-4d99-bc1d-53332f6d72c3,L3,Tweet
e3b48638-cecd-4d18-9e55-20b870689356,L3,Tweet
e3b6d491-207d-4c1f-9cc9-c92a20067f17,L3,Tweet
e3c5b964-829c-4c43-ae31-4e06783e8fd2,L3,Tweet
e3cae4b5-521b-46ac-9b20-f327425de800,L3,Tweet
e3cc662a-3980-4752-b561-dbffecf78272,L3,Tweet
e3ce1189-df84-447b-8c36-6d64a948ee60,L3,Tweet
e3cf6644-c6f8-4096-b8d7-ae0c9f077bbd,L3,Tweet
e3cfc0e6-1496-4ca0-94a0-eb125b6cea8e,L3,Tweet
e3d23f69-78f3-4e84-8c57-e4c45c345da0,L3,Tweet
e3d2d871-6281-4f24-8dd6-5abec7270b5e,L3,Tweet
e3d62986-8035-40fe-930d-60a5357a995b,L3,Tweet
e3e9edcc-ab0b-4c16-a81a-19d1471940e9,L3,Tweet
e3eb3f3b-c26e-4830-8bd9-30a0f973ca05,L3,Tweet
e3f9dc07-f2a4-4b80-87fb-9f0f0ca7380a,L3,Tweet
e40ce7f9-9c0c-444e-8b36-712e9559c4fd,L3,Tweet
e410f473-bc85-47f7-bc88-42d8c0e3dd9c,L3,Tweet
e4110202-c610-45e2-9679-95906d09792b,L3,Tweet
e41117d2-20af-4ae4-be35-5bf0739fe2ca,L3,Tweet
e41adb8e-1875-4bfe-80a6-68080d269fa5,L3,Tweet
e420de03-b1b9-4b1b-9c43-ed7213b54f18,L3,Tweet
e4243655-8a70-4838-9776-908403a79338,L3,Tweet
e426c742-ac77-4113-9e6e-a10f89be74c2,L3,Tweet
e42a3b31-40c2-4a6a-bedc-675850520ebc,L3,Tweet
e42add91-00d6-4e3c-9a05-e513efe5278d,L3,Tweet
e45d40b2-ad2d-4186-9001-338df93cfc07,L3,Tweet
e4618c1b-14be-493a-bd1a-1d52dc573191,L3,Tweet
e464ade1-a9d0-4e35-b4d0-66a51a56f264,L3,Tweet
e4684f27-ae01-457b-a8f2-6b6c987102c7,L3,Tweet
e476c8b4-25b6-47db-98db-033b1028eb29,L3,Tweet
e4807b77-5ef8-4cec-9f5e-41ba4cf99781,L3,Tweet
e4858b25-792d-4e7b-87c5-75416a580c34,L3,Tweet
e48bbaae-0e33-4ec9-a30d-b01bd284ae9d,L3,Tweet
e496cf77-932b-4c86-b4c4-55ee510f07eb,L3,Tweet
e49a3b1c-c1da-442a-ba4b-754456598a41,L3,Tweet
e49dfc81-af58-4826-be67-ee0bd5cb9187,L3,Tweet
e4a014b0-daba-4bb1-b9c6-7b7c7bd3bd77,L3,Tweet
e4ac78da-511f-4670-94d9-9a4059dcbd8e,L3,Tweet
e4b69d20-2c53-4500-99d3-394cd1ccd8f2,L3,Tweet
e4b9ee2d-9b15-4364-b1ed-2c7fef7a3188,L3,Tweet
e4c6b690-c4f2-406a-ae0a-fceaad9fa557,L3,Tweet
e4d32272-11d3-4c6f-90ab-43e71ec41ac6,L3,Tweet
e4d929d9-ee57-4ab9-9f98-04790e3c80ec,L3,Tweet
e4e22b25-00c4-4494-a7f8-56df03a24538,L3,Tweet
e4e3100e-eee3-484d-876a-71c42c561fd9,L3,Tweet
e4e55725-c379-4bca-81e8-92cfc8a1ecca,L3,Tweet
e4ec9b3b-e2cc-40b7-97f1-b7031921c856,L3,Tweet
e4ed313d-4847-415d-a89d-43fc49672f7a,L3,Tweet
e4f06aae-4dd1-461b-a412-bb361436503f,L3,Tweet
e4f9e5c8-03a4-4eec-b5d5-5f501e0fb410,L3,Tweet
e4fc8ec3-c25f-4741-8551-071e26c142f6,L3,Tweet
e4fe6a42-91a2-40a9-9b00-d17857a82991,L3,Tweet
e5048d76-e75f-42b5-afd2-0eb0c5f0ad11,L3,Tweet
e513f063-8b86-4126-af47-fe19694e4021,L3,Tweet
e5148dd3-a5c4-4849-a01d-8faf2d19c16b,L3,Tweet
e5158dfd-e472-41b6-8210-8ef0d2237705,L3,Tweet
e516f465-b612-4889-8a9b-02108a40f634,L3,Tweet
e5241a0d-deaf-4e5d-87ed-8e6bbcee6aef,L3,Tweet
e533b3e1-9e55-404d-8ac0-538589980016,L3,Tweet
e5340985-c915-45d5-a10e-b1d4ec60b5a8,L3,Tweet
e539b303-e5c3-4c99-b172-cbfbf0295034,L3,Tweet
e547cd5b-1dde-4b49-9d75-0b578e1f121d,L3,Tweet
e550c0c1-3af8-43cd-ba2a-86b8174447a3,L3,Tweet
e557b29c-329a-47d2-9e63-04bf1cc57c1b,L3,Tweet
e56617de-dac8-4011-877f-1cda9566786a,L3,Tweet
e567ff7f-16e4-4672-a998-6dabc3f766ed,L3,Tweet
e56d1dd2-aaae-4f64-acea-fe1e0909ae58,L3,Tweet
e571ff1f-7748-48cf-933e-87e99f6a87b7,L3,Tweet
e57500fa-321f-46c2-9843-58aa4f43ace5,L3,Tweet
e57546a7-d812-415d-81eb-3dff0a050181,L3,Tweet
e57eae8c-f973-4fcb-a2e9-09f606d9c783,L3,Tweet
e57f2cdc-f852-45ad-a30e-9289cd18e270,L3,Tweet
e5832e79-45f0-4450-9ef5-59bffa8fde45,L3,Tweet
e584d604-7d6a-41cd-b48d-fccc01cdb348,L3,Tweet
e586d39f-b141-4652-b6c7-7fefdb7d1394,L3,Tweet
e587c325-2c77-42ae-967a-fe1e4381bbcb,L3,Tweet
e58d869d-bebb-4a36-ad6f-7eb4c055e348,L3,Tweet
e598563b-58df-4085-8662-3a57b517bce9,L3,Tweet
e59f95d6-53e5-4cd9-94d9-89385b3db5a7,L3,Tweet
e5b1e5c5-9f4b-4698-a0be-75761a1f46e8,L3,Tweet
e5cd4f08-dc98-4bf0-b3e4-dbc1a460f930,L3,Tweet
e5d1d1e8-e12c-4449-921c-cda708209ce3,L3,Tweet
e5d1f2a4-0f68-4f54-bd20-076e9bdcb00d,L3,Tweet
e5d36581-7c37-4c21-bbcf-b1822ae667f1,L3,Tweet
e5d4a0c2-d5d9-4053-9434-784f77c8b1d1,L3,Tweet
e5dbe9c1-0c50-4c25-ba1c-27d86d2971c7,L3,Tweet
e5dd95e7-8d9a-4eda-92f9-478f7ee91f22,L3,Tweet
e5e5276e-7723-4110-8ea0-2efe8b93261d,L3,Tweet
e5e72e09-5784-4639-9ceb-1b4c860169eb,L3,Tweet
e5f17bc7-6fad-4420-bb83-aef42e8e0404,L3,Tweet
e5f33bbe-c99f-4735-8879-63718773a2a8,L3,Tweet
e5f737e8-4b93-4ebb-8c83-582e30b05754,L3,Tweet
e5fd4ea0-7cf9-48f6-81b7-107e3d555870,L3,Tweet
e600c90b-f7c1-4344-aa65-04d97eb22f22,L3,Tweet
e608984c-7294-41b9-90ca-4aa0ed1ab87b,L3,Tweet
e613dc91-1c00-4b8d-8363-2249a7534464,L3,Tweet
e6231b80-6082-45a1-96e8-ef72a219d47b,L3,Tweet
e62c09bc-6560-458d-a476-499aac93b954,L3,Tweet
e62e333a-f149-4a0e-a009-090e72abe7fc,L3,Tweet
e62e8e6b-6c7e-4c58-94a4-1073d16acf5f,L3,Tweet
e64151da-b42c-418b-acdd-40ad01f7bfa4,L3,Tweet
e6420b13-24a3-4029-aaa0-efc91bd10754,L3,Tweet
e65350dc-420c-4250-a4b0-ba0a2e10cd72,L3,Tweet
e6537272-bd7e-47b4-835f-4b08997dd4e8,L3,Tweet
e65fcd94-509d-44d2-aa24-8dbf00eadf93,L3,Tweet
e660c646-99ae-4cca-8251-50ea42189585,L3,Tweet
e664ef9a-f804-486d-8eab-85aea941009f,L3,Tweet
e67c62c2-9d39-4a58-8e11-a67bc59fcacb,L3,Tweet
e6954a95-7d07-4e7f-ac87-be5174086bff,L3,Tweet
e695b7bb-d425-4739-adc3-b97dad69af02,L3,Tweet
e696d587-8a06-45a9-bbb2-1b7bf8cddc7c,L3,Tweet
e69884a8-08e6-4b6c-b60d-3828df71d54f,L3,Tweet
e69a2c6a-c80e-4ed2-aee9-9a2ef7220da0,L3,Tweet
e6a094b3-65f6-481a-bf45-cb3a25845d91,L3,Tweet
e6a38c69-1b0d-451a-9e14-9a765b00cbb1,L3,Tweet
e6a9ac10-12b5-4af5-8115-a51a87a2fe03,L3,Tweet
e6afbedf-041e-44f7-8228-993fe3b4b4df,L3,Tweet
e6be4f90-0cde-4d64-90e3-3cc5edf5d78b,L3,Tweet
e6c47c82-c5c1-4dfb-9dea-50f00ba5e245,L3,Tweet
e6cb92ec-a485-48c9-b069-53b2402bf446,L3,Tweet
e6cd5b8a-10b7-4154-bd85-91bc0e07f084,L3,Tweet
e6ce06ea-bce0-453d-87a1-a09487f284e7,L3,Tweet
e6d031a1-1d95-453d-bdb9-e348cbe1e559,L3,Tweet
e6da2296-e71f-472a-96cc-4c0cd6a460bc,L3,Tweet
e6de7281-33d5-48a6-9e1c-4ebe7e429a91,L3,Tweet
e6de8775-a617-44e1-b93e-a3c46f738cb6,L3,Tweet
e6dfdaaa-6a37-4076-b79c-7370b9cd08f6,L3,Tweet
e6f869c6-28f7-4182-a6cd-5bcfbeb17de9,L3,Tweet
e6fc39ee-f079-41ef-b8dd-57897e460e4f,L3,Tweet
e70beb82-d8ee-49a2-9a13-3dc34feac89d,L3,Tweet
e7166343-a08f-4b5e-95cd-2580597135f0,L3,Tweet
e71eb836-3abc-41b2-80c5-b7be04994e83,L3,Tweet
e7250f6b-90bd-4122-9b67-03bc0756459b,L3,Tweet
e725cabc-df79-471c-b238-178666fddb78,L3,Tweet
e7402c7b-2776-4565-b8e2-4899dace5ef3,L3,Tweet
e75535f2-bb83-4074-9a5e-76db07f3d994,L3,Tweet
e7575f01-96d8-4c75-a6e3-411c185b341f,L3,Tweet
e7612cf3-2fab-46a4-9283-8e50f1dbbc67,L3,Tweet
e7615e20-3378-474a-b22b-ebbc6efbbb29,L3,Tweet
e761b7a6-9eef-4e9d-a9f7-5deae2e72f43,L3,Tweet
e763a92b-f8c7-46fb-b42a-c3ce1002558c,L3,Tweet
e76626ad-3b8a-4297-bae8-cdf24c48d305,L3,Tweet
e769d75b-6bb2-49f4-851d-fea93acd49fb,L3,Tweet
e76d42a2-2c85-4fd9-8bb4-67414d6ea724,L3,Tweet
e7706326-c400-40d8-b71c-300f6b2bbcc6,L3,Tweet
e7770b80-fbe1-4a11-b70b-fd8738373c7b,L3,Tweet
e7785d09-264b-4982-a4bb-9bc60a696134,L3,Tweet
e7788e0f-a92d-46a4-a417-1770c1cfe9ae,L3,Tweet
e77a3e3d-208a-448b-b562-c9154d344809,L3,Tweet
e78544d8-553f-4fa5-8884-b46d32d0c439,L3,Tweet
e7911b5f-5968-4419-bb8e-803cf05b4c36,L3,Tweet
e7940146-1893-442f-80e8-706d22e373ab,L3,Tweet
e7a76e0e-7d40-4079-bb75-93bcdcfe2e93,L3,Tweet
e7acd445-6e5c-4b59-b51e-db7da04c91f0,L3,Tweet
e7b407cd-ff54-488c-90ad-061f74c418f0,L3,Tweet
e7ba5179-3638-41e3-b25a-f5ed3ef55200,L3,Tweet
e7bdaed9-ff5c-4d34-978c-852af2c74391,L3,Tweet
e7c85260-a1f9-4052-a267-63400b3df849,L3,Tweet
e7cfc7f9-124f-44eb-b95c-7e59c2f8cb87,L3,Tweet
e7d0c5d6-f96c-4c2d-bcb8-9f1f5b31eee5,L3,Tweet
e7d4cbf2-b94b-46f0-881f-4caa2304a1e1,L3,Tweet
e7e579da-5ec1-4ea7-9dd5-40bf662f1a09,L3,Tweet
e7f4097f-cd1c-4eda-9851-c3423b2b60a3,L3,Tweet
e7f4168a-4139-41a3-a8c3-39e0fe316c48,L3,Tweet
e824ccba-ef8c-4f65-a64f-ee46d0a29f19,L3,Tweet
e835e8bb-36a7-4cef-a6c2-ed0e7245db4c,L3,Tweet
e8406d72-2d9f-4ecc-a015-a2766bf0a067,L3,Tweet
e842edf9-cd54-49d4-81d6-23d17412e8d9,L3,Tweet
e84e1387-6165-4b18-be02-db2db34233d8,L3,Tweet
e855502a-2b0a-40a8-a542-4fd76c3a1861,L3,Tweet
e8564148-ba21-47f2-89e0-cb89890eecd8,L3,Tweet
e85a8183-759a-4369-804b-ebb8e1d416a6,L3,Tweet
e85e2d2c-4d07-495e-b866-c5dd7eb4402c,L3,Tweet
e8624fc0-cfa1-4670-9bc0-e9af37655616,L3,Tweet
e871f278-4df8-47db-933e-c21498d98af7,L3,Tweet
e87b5c9e-454d-44a7-9c0a-93ca0acf70e5,L3,Tweet
e87e88a9-6be2-4dc3-9eea-a806681940d6,L3,Tweet
e88e929b-abbf-4d98-a848-f8a29ec04f9a,L3,Tweet
e88f7900-3fc8-43e7-a8f6-263c6a10fabe,L3,Tweet
e89c1e5b-4893-4f7f-afff-3bd5688c405c,L3,Tweet
e8a13d24-cd7f-467e-9444-aad9c162934f,L3,Tweet
e8b0fefe-9da4-41e5-9f8d-1cd598ba908d,L3,Tweet
e8c9a34a-b862-4eda-b325-73c4b0e77675,L3,Tweet
e8c9b37e-86c5-4cc6-82a3-03b261c3af09,L3,Tweet
e8cb0a51-ab61-491c-b372-2839fb91aaee,L3,Tweet
e8d53af6-9c3c-4df9-bf6f-a5ebbc313ae4,L3,Tweet
e8d67a5d-94bb-4ff9-a00f-a5af058c4ead,L3,Tweet
e8e4e873-4ac8-450b-a376-8c53d419c5ed,L3,Tweet
e8e53c72-bd10-47c9-8370-257a464b08b0,L3,Tweet
e8e6fcea-6dcc-488f-923c-80137a1e3282,L3,Tweet
e8e8b2ee-9694-483a-87be-773314b52efa,L3,Tweet
e8f6392e-fa6e-4908-ab6e-aa2b10e045dd,L3,Tweet
e8f65dc0-ef7b-4c2d-8f9f-4df952c9a03a,L3,Tweet
e8fed653-2e74-4863-8e62-90092e4b80f2,L3,Tweet
e9006762-bf2e-48fd-89b1-61b30eaab5b2,L3,Tweet
e90dab93-7234-4603-88ec-a5fe12551db3,L3,Tweet
e91934d6-2dca-4ced-9e55-3c01d2889efc,L3,Tweet
e919f0ad-1d2e-430d-8e12-d21da80eaf91,L3,Tweet
e91fb6f0-c1b5-4817-88be-a66b19967a08,L3,Tweet
e920b042-57df-4ff5-9025-21a71646f43f,L3,Tweet
e92fedd2-059a-4eae-a9a2-cdc1a733a3df,L3,Tweet
e9311c68-c514-45fb-a867-5f77daf43adc,L3,Tweet
e932a95e-e31c-4a4d-b7d4-a53413713c11,L3,Tweet
e9549dc4-4177-457d-9b14-2c9f488acb6a,L3,Tweet
e955f264-1bbc-4321-b6ef-1b8e386cc15a,L3,Tweet
e957e965-11ba-4af9-8122-688c4b36e977,L3,Tweet
e964835b-2b64-476a-9e80-d240eb7caa93,L3,Tweet
e966ea7a-bc65-46c1-965c-42be9d003e96,L3,Tweet
e96a671c-f891-4764-9313-f1882a7a8369,L3,Tweet
e97009d2-b4d2-4487-a0ef-2a9185a768cb,L3,Tweet
e971e5f6-928e-4ac6-9ca9-e4d383101c9e,L3,Tweet
e97f2c18-fd4a-4317-b11e-4bcdeccc034c,L3,Tweet
e9804946-c16c-4ebe-afd1-029d66fff48d,L3,Tweet
e9919281-e53e-4ed3-9f0c-3b91e966cfe1,L3,Tweet
e99ba153-7b34-474b-9122-82cad7a11d49,L3,Tweet
e9bb3288-f76d-4d5d-89a7-662a8b32f35d,L3,Tweet
e9cbe1c6-fc56-42c0-bfe2-4b8a7bdcef53,L3,Tweet
e9cbee34-2b66-4af9-96f8-ce957c563e30,L3,Tweet
e9d00ca8-1087-4915-bbfd-63a258845fc5,L3,Tweet
e9d8475c-6cad-4862-95db-4c3c7c616972,L3,Tweet
e9df0792-bd4b-49a2-83b7-a4fb914ad8c3,L3,Tweet
e9e78062-93b0-4104-bcbc-47df6c1b3288,L3,Tweet
e9f492f3-da2a-4387-b107-60659779c853,L3,Tweet
e9fc4d0a-1e45-4410-833a-f13786850f6c,L3,Tweet
ea00a7fe-3d4a-428f-b4bf-920db467f39d,L3,Tweet
ea02ee97-70d2-4fec-966f-9a6013c919cf,L3,Tweet
ea085fe8-b063-47d0-8aee-163754eddc7c,L3,Tweet
ea0d0681-e2eb-41d9-b4d6-5659500ea577,L3,Tweet
ea13ac64-3181-48ae-a31b-6d346a7fbd18,L3,Tweet
ea291d08-3f6d-4fee-b1e2-c0dd264d273b,L3,Tweet
ea2bf5b3-9fa8-489b-aa37-b8d96e20b32d,L3,Tweet
ea36a0e9-435b-4302-9405-d59c2ac92ee9,L3,Tweet
ea3b7fbc-38de-4ecd-9187-b28200a6e4c4,L3,Tweet
ea4f907b-7c89-447f-9403-3d84b6e7dab2,L3,Tweet
ea5ad0ce-faf5-4885-9a2a-77810c1577ec,L3,Tweet
ea61c30e-8db1-4d91-90b7-f2dd019d6207,L3,Tweet
ea67f8f6-db47-4c5a-82a6-19165d9fd714,L3,Tweet
ea7a47a2-0c49-4dde-bd1d-e6b34656defa,L3,Tweet
ea924063-5649-4039-a3b7-bdd31468cc6c,L3,Tweet
ea9d2af3-c8c3-40e4-b61f-822a8cc69d6d,L3,Tweet
ea9d42af-1606-4e6d-92a9-fb74b28cbe04,L3,Tweet
eaa068a9-61c0-4566-bf89-8efe5e4d2c05,L3,Tweet
eaa7464e-bb1a-49bc-a229-c08d7a548979,L3,Tweet
eaa8543a-7560-481e-b9d4-2bcc963582a1,L3,Tweet
eaab4214-004b-403f-9f38-c93096df9d80,L3,Tweet
eac0781c-13b3-4058-938f-89aa75714359,L3,Tweet
eac8dfbf-82d9-4d8a-b305-4890d18b9e8f,L3,Tweet
eacdba3e-d916-4539-a645-50ccebd46180,L3,Tweet
eacea541-fc7d-4eed-acda-87f1e77e6a4d,L3,Tweet
ead41d60-1210-4694-8d89-5c13705b3b1d,L3,Tweet
eadd37cf-48e2-4f61-b4d6-6f21932d3ba7,L3,Tweet
eadfe04f-fa29-4f19-86c8-8578ee31c23c,L3,Tweet
eaeb7769-064a-4fe7-a5a0-86dd4a13c0e2,L3,Tweet
eaf052e8-3dcb-4c8b-868f-b0478cef09bc,L3,Tweet
eaf6ca11-9c42-4e0f-a753-ce92409e8cfe,L3,Tweet
eb0130e2-834e-4109-bd60-e211fbf242cd,L3,Tweet
eb033e01-2ae8-454f-a0d1-ffa26620b3d3,L3,Tweet
eb0ee035-c2c0-476d-b66c-7822d01748f9,L3,Tweet
eb1200a4-5154-40a6-b525-b01099e4e7fb,L3,Tweet
eb126111-ddfc-4ea6-bb45-bd8c9c39f5bc,L3,Tweet
eb2c56c6-5f80-44c8-954f-c0ec73dfe7fc,L3,Tweet
eb3070d2-0c5b-4668-bde8-19085fbbe678,L3,Tweet
eb30abf6-6b0d-462c-bc4e-b64aa69bc11b,L3,Tweet
eb323830-fa6a-4b81-9953-778242047c9a,L3,Tweet
eb3ecaf2-bdea-4f60-a107-a11045e87294,L3,Tweet
eb429814-d646-429e-bac9-e26dbf3ec992,L3,Tweet
eb492eee-4188-43d4-bc81-f3a5364328d2,L3,Tweet
eb497de5-9ce2-4c8c-9b09-f3cc6c488e1e,L3,Tweet
eb4e32cc-fa97-4a79-91c3-896360f4a6ae,L3,Tweet
eb527df2-e671-4051-9dcf-1525b6ecfe22,L3,Tweet
eb52f609-a8da-4248-9fb2-fcbcf5423bc1,L3,Tweet
eb58b31a-2ee9-4325-ba8b-a4e2fbb03ec6,L3,Tweet
eb5eaacd-03d8-42e9-8340-200be0393fba,L3,Tweet
eb6888b6-13bf-42a5-843d-25231ec442f6,L3,Tweet
eb7d3d3c-03de-41b7-9a22-0f1922315038,L3,Tweet
eb88c750-2a2d-41fe-a1aa-5219774109bb,L3,Tweet
eb9fa450-4676-4aa2-a01a-847d7d66ccd3,L3,Tweet
eba7a1fe-5ff3-4245-aa82-c743ddb2bda7,L3,Tweet
ebac2d65-c7b3-4a69-a5c5-b0ee92f1254b,L3,Tweet
ebacfd5f-6219-47b9-ba5f-05b66fbbf58c,L3,Tweet
ebad0324-9965-426e-b7e4-6d310fe0b433,L3,Tweet
ebad4e69-b585-4f50-829b-e50a6ad480dc,L3,Tweet
ebafc870-8c24-44b9-8e1f-77d727334eae,L3,Tweet
ebb401d2-f10e-4bda-a6ad-844e503c7670,L3,Tweet
ebc6afe1-562d-4933-8ce9-0e411b349a4e,L3,Tweet
ebca1530-e4b9-4d77-b77c-efaf12b7d059,L3,Tweet
ebcdb5ad-9078-4067-bcc0-d0c768f7ef6b,L3,Tweet
ebd108e0-e9eb-441d-8a4e-1b6b87d6425a,L3,Tweet
ebd14342-96a2-4d2f-8a52-5f5312d5c38c,L3,Tweet
ebe71903-4b47-4ab0-8132-a61320f6274e,L3,Tweet
ebe7b7d3-2214-4139-9149-c86c3bba13ee,L3,Tweet
ebece863-050a-4644-b142-9602e82c4968,L3,Tweet
ebf1d870-9d2d-49f2-aed1-a19f0a9a32c0,L3,Tweet
ec0647b9-dbbf-4d22-9fa5-d2840a5cdd9a,L3,Tweet
ec0987b0-4dcc-46d3-8ff6-d5afef76200a,L3,Tweet
ec1261d1-7547-4997-860f-ac90064eb554,L3,Tweet
ec1f3b11-0e6d-44a9-8ffa-81621e076ef0,L3,Tweet
ec2adf63-f6a0-458c-a68b-48688cd5e579,L3,Tweet
ec2c9452-fa31-422d-98eb-b59d6d489b94,L3,Tweet
ec30806a-6631-44cd-903d-ecac3d5d341d,L3,Tweet
ec37eea4-544b-4e4a-b355-351083855565,L3,Tweet
ec38bea1-c4bc-4353-bb87-96aa926a6bfd,L3,Tweet
ec42e005-e5dc-444b-8069-c36fd9627d5c,L3,Tweet
ec4c82b4-46a2-41f8-9fa6-b8fece590699,L3,Tweet
ec4dcd1b-4405-44cc-b65a-85cde596f80c,L3,Tweet
ec51b1ed-9453-4af4-ad63-0e633bd30972,L3,Tweet
ec542185-9ad0-404c-bee3-b2b35b947381,L3,Tweet
ec556248-e3ec-4e17-92e3-a85a1bfb9c10,L3,Tweet
ec5ab2c6-a754-4fc1-b6b8-31b1e1b1281c,L3,Tweet
ec5dd5b5-62ea-4c1e-98c2-9f4034d65c24,L3,Tweet
ec5e2b40-8ee5-4035-bb41-f4db9832f7b5,L3,Tweet
ec804156-528a-41fd-a5b2-6be701f107e0,L3,Tweet
ec875429-e6e9-4fb5-b904-515451ad12dd,L3,Tweet
ec8bbb1e-bb99-4b56-9a8d-98b9eb8459c2,L3,Tweet
ec939867-ef28-4daf-94d7-b9ed3eb39b9d,L3,Tweet
ec992add-99ca-497a-a3f3-42381774bf03,L3,Tweet
eca7b70f-e034-426a-98eb-4aa3d965fe46,L3,Tweet
ecae9d09-639a-4f8a-8443-d61402fd8bb9,L3,Tweet
ecb0e33f-68c6-48aa-886e-add2b6422fcb,L3,Tweet
ecd544c3-46d6-4277-a954-8a03a83499c6,L3,Tweet
ecd67b11-f966-40eb-96df-a6137223e018,L3,Tweet
ecdec6ab-3d28-40f1-ab97-f3bbdf7ea553,L3,Tweet
ece008e7-ee31-4fc6-9bc1-4e752b0708e9,L3,Tweet
ecea8d22-1061-46b4-a1ee-6514b6e89524,L3,Tweet
ecef1cf6-2b2e-4d83-9374-b5edc1849462,L3,Tweet
ed0da053-1f1d-4821-bebd-17949214d98b,L3,Tweet
ed161813-7731-495d-9413-d2bda39fa0ec,L3,Tweet
ed23ef8a-19ca-4b75-9e9f-72c37a4d58c7,L3,Tweet
ed31568a-6f44-4eec-ad1d-21b1a2fae508,L3,Tweet
ed32af28-ca66-4fc8-9019-4f6f175d548f,L3,Tweet
ed3eb263-56fb-449d-8323-d776d949541c,L3,Tweet
ed516bb8-027b-4ffb-8233-a3676e8c7316,L3,Tweet
ed51fa47-e5f0-4931-9866-fb51329d6e1e,L3,Tweet
ed5b2842-3263-4355-bcec-a491d8602b7e,L3,Tweet
ed5d5b76-4b16-4a9c-ae33-cd4eb53e91be,L3,Tweet
ed647b9a-d8c3-44c3-977d-8615b9425e51,L3,Tweet
ed700a15-f78c-463b-b1af-e5ddb649bff7,L3,Tweet
ed738502-9202-419f-afb7-e5e3f8c6c7b0,L3,Tweet
ed778edc-0f7b-4baf-9ef2-c2042c23817d,L3,Tweet
ed790e26-b89f-40a8-addc-f3471e08ee6e,L3,Tweet
ed7ac412-a09b-4911-95fc-b8447ac53d4d,L3,Tweet
ed8585df-cb7d-4707-b3c8-9734c6f5d4fb,L3,Tweet
ed92694f-5be0-4e9e-96b7-8c8e7b267fb8,L3,Tweet
ed93ba58-014d-49a9-9249-b56ecfbfb0c3,L3,Tweet
ed9864a4-92bd-43ff-8242-e8b59d12febc,L3,Tweet
ed9a731c-2da5-4c29-b579-3847fa95e475,L3,Tweet
ed9ff32d-796c-449e-b11a-f09ca3c4d8eb,L3,Tweet
eda14807-b997-4131-9025-f4a2c01c7fda,L3,Tweet
eda3080c-1220-4ebc-9056-f4f4aadfd99c,L3,Tweet
eda9e390-3c5a-4453-bac6-eb6554260952,L3,Tweet
edb211fd-b5a8-434a-a1e7-26c9b8b10479,L3,Tweet
edb3a403-91c8-4bba-a723-9b73f6495b66,L3,Tweet
edb40c4b-034d-4bce-97eb-6aeee7227829,L3,Tweet
edb85fc0-405c-452b-bcee-367654ae186e,L3,Tweet
edbabfd8-ed95-45e8-b9f8-bb6eda69d32c,L3,Tweet
edce5f86-b5ea-44eb-bb8f-5b7d6c7a824b,L3,Tweet
edd09afb-dceb-4b8b-9a80-f95347cb6f40,L3,Tweet
edd89d64-5ab0-4ca5-9bc6-8d175e032be4,L3,Tweet
edde23b3-1e50-4408-a7e9-6b7b2b86aa2d,L3,Tweet
ede32f85-2e06-4aee-901d-d26d36e19c36,L3,Tweet
ede3a541-6589-470c-9aa3-49b0a359ab43,L3,Tweet
ede40ee3-63de-46c1-aa26-88148275a172,L3,Tweet
ededfdd6-f8a8-4718-a2f7-359bbaaac6a2,L3,Tweet
edee20bf-77b2-4c31-bcb3-536c3f415b45,L3,Tweet
edf5e6bb-75b2-44f4-8419-932832c6007a,L3,Tweet
edf647c6-65e7-4dfe-a53d-a134997838c6,L3,Tweet
edfe3322-28d4-4cb3-9ddc-4165156851c9,L3,Tweet
edfea497-3078-4935-9392-05d61f58e149,L3,Tweet
ee0a7849-0176-4c2f-9722-d3d364a694a8,L3,Tweet
ee0f6da3-6474-4438-970b-15fbb81283a5,L3,Tweet
ee179a08-5a86-4d65-ae39-b3be6021c3da,L3,Tweet
ee20ce54-5a3d-42e6-9806-95f138f4a52c,L3,Tweet
ee20df70-685d-4b10-8262-30340c745a92,L3,Tweet
ee22cfd5-c371-4b9d-affa-4885bce4dc70,L3,Tweet
ee2a09b1-eafb-4cc8-a3a6-fd14a40ab845,L3,Tweet
ee37f5a7-887f-4ea5-ad3a-02ead6925019,L3,Tweet
ee52fd04-c88d-4fe2-a0e0-c702d00ff072,L3,Tweet
ee5cae05-d941-4759-982d-3e12f5320edc,L3,Tweet
ee604641-c7be-46e4-a4fd-b3c3b0310ced,L3,Tweet
ee6491c4-85fe-4fd4-b2ee-12d254b0972d,L3,Tweet
ee6c0f37-3458-4d89-99d4-4ae492acaf0f,L3,Tweet
ee82c9c7-75a2-4804-b5d2-35d8d2c90388,L3,Tweet
ee874d72-8694-4a4c-a46c-ea49906998d2,L3,Tweet
ee8afc6f-833d-4581-9d42-134ccd0f34ac,L3,Tweet
ee8d973b-fb0d-43a6-a303-f64836c5c4cd,L3,Tweet
ee8fc070-f890-4535-8f1d-61aef6b89a9a,L3,Tweet
ee92745e-09d3-492e-83fa-5552208523b2,L3,Tweet
ee948e2b-3113-44f8-a4a1-dde9840e8d86,L3,Tweet
ee981e59-01db-46df-a9eb-a3c7da83976f,L3,Tweet
ee9e913f-52fd-4a6b-89ad-988bfa6902b8,L3,Tweet
eea29bdc-e8c6-43b5-af55-c641e57e1b70,L3,Tweet
eea2dfcb-e8a7-4a1b-8c26-735e85c1f222,L3,Tweet
eeb20894-ebef-4b46-9d49-6fcf74cc68ef,L3,Tweet
eebd26e2-ba74-47b9-8d17-51ef91715cc9,L3,Tweet
eec98e93-7dad-4b12-ba53-238a22feb17a,L3,Tweet
eece8bed-a0e3-41f6-87e4-751b1334daea,L3,Tweet
eed0c739-dcaa-4cb4-ba86-2bb1513a379a,L3,Tweet
eed16c63-7bc6-4ceb-82d0-612a53fa739c,L3,Tweet
eed221df-90cd-417e-82ab-d725bdab5c75,L3,Tweet
eed4f7ff-3baa-490b-b3af-ddb5dd386471,L3,Tweet
eed77692-10b2-40f3-bad2-5a069e279124,L3,Tweet
eee8d122-aec1-45ce-aaaf-7f7adc0335e3,L3,Tweet
eeea67f6-d018-41b8-8b10-469e9b8a382f,L3,Tweet
eef84dcb-c1aa-4187-86e7-c69ffdf5554d,L3,Tweet
eefd040b-1a45-4342-a23b-076af70eec8b,L3,Tweet
ef069754-6f2e-4333-8e63-1b08f8fe17de,L3,Tweet
ef1b1fd1-adf4-4c6f-b99d-a6faeabe0100,L3,Tweet
ef38e9be-9a89-4753-8ff3-466838b18359,L3,Tweet
ef3c8a49-0b91-4bb1-9b97-2a1eceac1408,L3,Tweet
ef3ca760-cfb0-4e36-9d18-e6805e00adec,L3,Tweet
ef429adf-72a0-42a5-96da-f6b29e4ef25e,L3,Tweet
ef46a7f5-99da-45aa-9314-b6ffa26561d6,L3,Tweet
ef4835f3-5352-42ec-adde-25e7fbfb02ee,L3,Tweet
ef4b074a-395c-431c-b43d-a2f6e72ec4e1,L3,Tweet
ef4cba2a-c1ca-409e-ac0b-cae5608f5483,L3,Tweet
ef5b4aca-7330-442b-8fac-9560ef91630c,L3,Tweet
ef5bd951-6cb7-4ddf-9116-6181818bc866,L3,Tweet
ef6084d0-5310-4073-9a11-7cb18abd49d5,L3,Tweet
ef62cf43-5a05-48c4-a642-824deaa9ce47,L3,Tweet
ef6efcf5-0f4f-4d17-aef9-11e544eeb38d,L3,Tweet
ef70a6a5-fc89-4380-8345-b73d82c2c9ff,L3,Tweet
ef89ad69-7e70-480d-b47d-01c174da3c43,L3,Tweet
ef89b16a-2d0d-4982-ab9f-be661a38dd1a,L3,Tweet
ef8a90cd-d48e-4c64-87a9-7fa7639d7b6d,L3,Tweet
ef8b2c9d-f705-434a-9380-4df737b0d676,L3,Tweet
ef907654-fc21-4965-999a-f49eafc4e9a3,L3,Tweet
ef92019e-135d-4c53-8093-6006525fd270,L3,Tweet
ef92fd77-0f9b-4e1d-ab3e-a04e260f05c1,L3,Tweet
ef9d158e-3438-4e98-bca8-8e71f94877b4,L3,Tweet
ef9ddb16-4cdc-42c0-934b-6115a91d777e,L3,Tweet
efb6906b-85a4-4480-89de-16ef92217c43,L3,Tweet
efb92055-d7f1-4843-acc6-281c286ea17d,L3,Tweet
efbba2b2-9ef1-4d9e-93c3-03605dccde1c,L3,Tweet
efbd6771-38d9-486b-99a9-1bcf65b7ac2d,L3,Tweet
efbe9154-c9bb-483e-ab21-139cf41fac36,L3,Tweet
efc2fee6-07cf-43c7-a1ed-09b4a35ef469,L3,Tweet
efc6365f-bd3d-4904-9a43-bb6589ea242c,L3,Tweet
efca211a-a1f9-4485-b639-c5d8776e8c92,L3,Tweet
efd64f1b-b766-45f3-8ce7-7c93fb89a9a6,L3,Tweet
efd88fff-2d25-4bf0-85f5-2c16afc6fcac,L3,Tweet
efdcb853-546e-4e0e-be57-f62fec5cc3eb,L3,Tweet
efe2c572-fe3c-4f13-b844-99a3f7c2278a,L3,Tweet
efe8438d-4325-4926-9b02-0f960d7696f1,L3,Tweet
efee1b35-544e-4a36-bd2a-b9d1b864c1cb,L3,Tweet
eff49f4e-4df5-4d10-8a0a-c1dd9e97cd44,L3,Tweet
eff8b2f2-e5b9-4c30-a277-977c36e1230a,L3,Tweet
eff8fd22-b036-4e48-98a2-aad613512e35,L3,Tweet
f0073750-f11d-47ee-b4e5-f58cfb77f201,L3,Tweet
f007ed74-72bf-49f7-9b8e-6eeff65f101e,L3,Tweet
f00a32f3-f4f5-4285-b038-495d1219a46c,L3,Tweet
f00c3d60-3b94-4bde-9a0f-a2aedbb41673,L3,Tweet
f018565f-4815-4601-b1c3-4c6f1b87b865,L3,Tweet
f019267f-bcf6-4ba7-baef-fd2fee3474bb,L3,Tweet
f0194ac0-7a92-4d39-8725-c962b85ca5db,L3,Tweet
f01a1305-531d-4b08-ba36-08fc2c75b48c,L3,Tweet
f01f4a00-8122-40dc-b931-995729500d8a,L3,Tweet
f0226f8d-4d0d-4f81-b21f-4934de674c90,L3,Tweet
f02c6b3c-611a-435e-ab05-b16aab0b8716,L3,Tweet
f02d9223-8310-4d51-911a-fc2186a8c745,L3,Tweet
f0321f01-6738-4b81-a4a8-a305e79d5b99,L3,Tweet
f033ffb8-6382-481c-a371-b75c3deca4ca,L3,Tweet
f03c2281-ac9e-4e79-838d-a6dc47d15e6f,L3,Tweet
f040bce5-bca1-440a-bcbf-faa958afa1e4,L3,Tweet
f048cc71-da46-4b2f-8d84-9d9135b1a824,L3,Tweet
f04cd8de-ed3f-4b89-9b56-9d482fadc9ba,L3,Tweet
f04f8118-99bd-4776-9bff-4bf11145a51f,L3,Tweet
f055c2f2-3971-4f06-a80b-40e422607d61,L3,Tweet
f0560906-8bc5-4d19-86c1-1a2a9ed856c3,L3,Tweet
f058e75a-36ec-4205-8cdd-70c835850ea3,L3,Tweet
f05efc6f-2c2e-434b-9be2-5797587de41e,L3,Tweet
f06a4fa9-7432-4b71-8324-9246e35ec29c,L3,Tweet
f07510da-ca24-4290-9098-9db157dbf6af,L3,Tweet
f0754311-b9b3-4168-81a5-cef4092a88ba,L3,Tweet
f078ac62-fcb4-4dac-baeb-a51919a3cf3f,L3,Tweet
f07dffd1-40b2-457e-b5fa-3c95bf764933,L3,Tweet
f081096d-d622-4136-800e-047866f80c1f,L3,Tweet
f081abd8-3c56-457d-8fef-90a96cdc31f5,L3,Tweet
f08a36a2-910c-42e7-a1b7-81e829eb57fe,L3,Tweet
f08c34b2-5101-4867-b275-a4b96eaa8436,L3,Tweet
f09059fd-1b37-4e85-8067-566c6f110f7e,L3,Tweet
f090d817-9009-43f8-b916-d306f19396e3,L3,Tweet
f095cbf9-c984-4705-a7d0-cc87d70e43e7,L3,Tweet
f0995511-aac6-41c1-affa-de6bc3f9c89e,L3,Tweet
f0a44c4d-2754-41b4-8f95-24a0880599ea,L3,Tweet
f0a6820a-7222-42c1-961f-f5eee225c674,L3,Tweet
f0ac6d8a-bdfd-46fe-8bbd-b26b16aef1d8,L3,Tweet
f0b28e88-c4f1-4822-97a1-540e8b0a398a,L3,Tweet
f0c23fd2-c0be-461c-9afb-da0db4aab4c0,L3,Tweet
f0c6ab13-fef3-4ce4-9e88-c9835bdc2158,L3,Tweet
f0c91394-e304-4157-b573-102a46681981,L3,Tweet
f0ca8086-4329-46de-9e05-0d52de90ceb1,L3,Tweet
f0d3237d-d279-44b2-97c3-0e5c3784a495,L3,Tweet
f0e2255b-df4d-480c-bef6-f5c95bb87b40,L3,Tweet
f0e58d09-6837-415f-8bd8-37b79b79826b,L3,Tweet
f0eae05c-2912-4a5a-820f-1d0875dee8d5,L3,Tweet
f0edde39-d6f7-4484-9792-7b6b15628bb9,L3,Tweet
f1030f66-3302-430b-ad48-67185ae357e0,L3,Tweet
f10494ee-a049-4fcd-9a93-e35b1943253c,L3,Tweet
f10d5ca0-d439-4873-ac25-eb022e0cc067,L3,Tweet
f10eb881-699f-48ce-a4c8-d6682c42f49d,L3,Tweet
f114cb27-bf73-4e23-bb27-79ea465871e1,L3,Tweet
f11777cf-494f-4546-b2c8-c87f8b31f76d,L3,Tweet
f11e7983-59e9-4f5c-8398-fca84dc1cc90,L3,Tweet
f13d0932-9006-42f6-9b65-feefebe6fcf2,L3,Tweet
f14d8f14-44dd-446f-826e-cbd2c7babdbb,L3,Tweet
f15a1481-8579-4f33-8bcf-e7206daaa12e,L3,Tweet
f1627d3f-e77a-4a3e-9be1-5300f4104ff4,L3,Tweet
f1638b87-1a32-40ff-8a2f-e7f21e2c57b2,L3,Tweet
f1667a64-84d9-4be1-a19b-b6dba7a10d58,L3,Tweet
f177ad57-c054-4ca9-81d9-bf9da7792c33,L3,Tweet
f184d90c-949c-4c1a-a828-0578e771bd1f,L3,Tweet
f1a4ff20-5aed-4733-b3a8-bd1f527e0b54,L3,Tweet
f1a9c803-a447-4f6a-bcf0-c9422fda64ae,L3,Tweet
f1ad84a4-b911-4c7d-82f2-dcb725187c60,L3,Tweet
f1c55690-0f4c-4f58-adc4-536fe846d7f5,L3,Tweet
f1d76c5b-28ea-497d-ae02-8c255603c8b0,L3,Tweet
f1d7a37e-6790-44e0-b99c-e313d261dd3d,L3,Tweet
f1df9859-95ba-4a92-a7f0-ac76c4855772,L3,Tweet
f1e28d91-07a4-4b8e-acd2-b72f2fc3cea5,L3,Tweet
f1e29131-2908-45c7-b145-9ddfe905833c,L3,Tweet
f1e2e98e-1d5e-461b-92e5-150e212ebe37,L3,Tweet
f1e54c10-d689-4828-bd01-8d953a6871d1,L3,Tweet
f1fa612a-a3ac-4765-ab20-e8cb1d43426b,L3,Tweet
f1fd2175-323a-4b19-970a-c8268149d3b0,L3,Tweet
f2089f4b-1e50-4c0f-b66d-69371c960e2a,L3,Tweet
f20e99aa-6858-45f3-a332-7dda113a4de5,L3,Tweet
f2110bd4-ddf5-477e-9d20-cfff61655e40,L3,Tweet
f2144f2d-b237-4f2a-8ef4-0f83605a1bc4,L3,Tweet
f214a771-cbdb-4b28-8d71-9bbaf98929be,L3,Tweet
f218eb49-1da2-44ec-b60f-db8c977e52c8,L3,Tweet
f21a8d82-555f-4ac1-a4eb-417e33dc13d6,L3,Tweet
f21bd4fa-8d9c-4b15-8a2c-b11222311f75,L3,Tweet
f21d336b-2e10-4230-b784-12ea3582cdab,L3,Tweet
f21e74f0-8e04-477c-ba09-de46997d2298,L3,Tweet
f220d18f-463e-4753-a6da-b9a68bcea367,L3,Tweet
f22bdcab-38f9-4f6c-8263-b3f2e7797a97,L3,Tweet
f2302990-44b3-4afb-b844-ac90a8d58c18,L3,Tweet
f23e3d2e-8ab3-4e7d-8826-af255327eaa3,L3,Tweet
f247899d-a16b-4c36-81e4-c36843e46380,L3,Tweet
f24bd0b1-8b0a-4a87-a258-44eddb82f753,L3,Tweet
f2583ced-09e5-4b47-87a6-03d027ae3814,L3,Tweet
f25b2233-4ad6-44f1-8f83-6d1a28318a6c,L3,Tweet
f2684922-77dc-4d84-ac7d-6c4b4ef6c966,L3,Tweet
f27028c6-5f8d-40e5-be6d-cf5ed3124325,L3,Tweet
f27905ac-622e-4a49-b107-25f7178a1afc,L3,Tweet
f27cf651-9a3d-429d-8542-e170ed94d90c,L3,Tweet
f27f9559-794a-49e7-bbf7-cd901033848c,L3,Tweet
f2ad9d8d-bfd1-4d2f-ba8c-394dd0c8e040,L3,Tweet
f2b4a569-e424-4e74-aafb-cb0e2ec2e2ec,L3,Tweet
f2bd630f-aff6-4df3-b24c-d6cfd87f3bf1,L3,Tweet
f2c589a4-b1bb-4b2e-832d-8ffa8aed3490,L3,Tweet
f2cee62a-0c76-4c46-be66-a89de321a69d,L3,Tweet
f2e9ae7f-5908-4b61-8cde-d01b2815c554,L3,Tweet
f2fddee5-8186-456a-b9ae-3dc747cdb90b,L3,Tweet
f2fe07da-7ddc-4f33-a800-4dd1595d87eb,L3,Tweet
f3001d65-e703-4780-8794-5cbeb8191f8b,L3,Tweet
f3017a94-301d-4a34-9ae0-1bc78e9bb9d0,L3,Tweet
f301e593-1d45-4806-91e0-c335e99a44af,L3,Tweet
f30a5dd2-e0e6-4ab6-a271-c8013af41385,L3,Tweet
f30ff2c7-c30c-4714-8d76-72299709a79d,L3,Tweet
f319595e-9415-43b3-9f4f-359ff25717bc,L3,Tweet
f325b87a-bf8e-4896-a6a8-6492b81dc5a0,L3,Tweet
f327642c-e016-4559-aa4c-f106af6bbb3e,L3,Tweet
f32953e5-15c4-4b8b-853e-16c61fc93ad3,L3,Tweet
f32ca9ca-80e4-4d75-b626-b908ee093fda,L3,Tweet
f334752f-50e5-4d04-be02-41870344768f,L3,Tweet
f3348286-640f-444b-a77d-76fd55ffd9a6,L3,Tweet
f334a0dd-7bc3-492f-ae0e-38617cc3338e,L3,Tweet
f33b33d3-37d7-4395-a015-620c138ec30f,L3,Tweet
f345044e-abae-4af8-a5b4-d1e94a982469,L3,Tweet
f34c1635-20d4-4655-a0a4-831cd279d0d4,L3,Tweet
f35c3c44-318d-401d-801d-44867fce18d9,L3,Tweet
f3656590-3cbd-42b6-bb9e-3f11f69e39a0,L3,Tweet
f3685945-7038-4303-baf3-b0770b81e511,L3,Tweet
f36dd4cf-5638-4dac-b956-9d68b4735573,L3,Tweet
f380b060-c393-45ce-8576-dce3e1e2e569,L3,Tweet
f3819c68-adfd-45f1-b031-81c9b5e07353,L3,Tweet
f3918d8e-cfc7-4034-9fe2-fdcb1b428be3,L3,Tweet
f393578d-3df7-4c2c-a5c1-bb1fda5aee18,L3,Tweet
f39ad3d1-cd09-4fc4-a7f1-4cad01376ae0,L3,Tweet
f39cfb79-a8a1-4dd0-8427-27b4109f7fc6,L3,Tweet
f39d8bdc-e5db-4738-bf8f-fc8858c3602f,L3,Tweet
f39ecb51-389b-4fc0-9389-241a0ef6b8a8,L3,Tweet
f3a27cea-d0fa-4666-9929-47902c5959f4,L3,Tweet
f3aa44cb-cfb5-4baa-bcc7-7281d513ffac,L3,Tweet
f3ac03e5-8c53-40d0-a918-11f917ce6d04,L3,Tweet
f3b50a7d-265d-4097-8a45-1547bd6d1d62,L3,Tweet
f3b8e5ff-517d-4c29-9a83-2d8480f42245,L3,Tweet
f3bc93c1-f4a2-4e42-a6a8-6452e26d316e,L3,Tweet
f3c2b58d-a550-4dfc-9015-0e748d9a38a2,L3,Tweet
f3ca0170-1207-4e88-93ee-6e054dc40742,L3,Tweet
f3ca0cc9-154f-4a4f-8897-00bcf72e8b23,L3,Tweet
f3d1d083-655b-4dd8-927b-8791f5852a80,L3,Tweet
f3ebf436-3376-4ead-9c02-727894ad072f,L3,Tweet
f3f7e6f1-87cb-4eb8-afae-0502d307e5b6,L3,Tweet
f4026e11-0823-4c23-a577-1366a3c2dc20,L3,Tweet
f40abe0b-70a0-4981-8ef6-060b40787c37,L3,Tweet
f40c7db2-df79-4571-8f92-d7f7e2a35969,L3,Tweet
f4157c7f-5667-4253-82d4-059f8513b477,L3,Tweet
f41bf4ae-3794-4416-aab4-cfd0a7d0d07c,L3,Tweet
f42058c0-d395-47c8-906a-01055f272446,L3,Tweet
f42ee7c0-25e8-4ea7-9dda-83547ad4326a,L3,Tweet
f43b10cd-5be1-457c-95e2-b6a9773d6fee,L3,Tweet
f43c4c20-1eba-454c-8fb7-5b88a7078aa6,L3,Tweet
f43c6440-c663-4db0-8f0e-5770629a6a06,L3,Tweet
f44558fd-32aa-4a38-bad1-0d03d83e0e72,L3,Tweet
f447a56e-65e3-436f-9f28-fbb27dc378c0,L3,Tweet
f44ad205-4679-4b03-80e5-b1dc33cb07b8,L3,Tweet
f44f4a7a-28c1-4220-a5e2-f5f677bae1db,L3,Tweet
f4501f70-b377-4102-a71a-5ce73501e76a,L3,Tweet
f45746e0-38d1-4164-9e54-3e3ef8e567d7,L3,Tweet
f458699a-c896-4f91-aeda-5fabbc7b7bdc,L3,Tweet
f45c656d-650d-4f3a-a8e9-011c4f276765,L3,Tweet
f477ad47-f6b7-452e-aad6-88ad25ece01a,L3,Tweet
f47ab855-ba00-492d-bd87-cec48472e83f,L3,Tweet
f47ce016-3586-46bd-9b45-5d9a92c42826,L3,Tweet
f4852ac2-67b5-4b2e-b0ea-338c74a6b493,L3,Tweet
f494c4aa-59d0-4c37-99f1-5a7cae8326c4,L3,Tweet
f4a0a5a9-e5b8-4ea6-9bce-817fff5f068e,L3,Tweet
f4a612a7-a927-4885-97ec-4365810e20d8,L3,Tweet
f4ab3edc-032c-477c-982b-9df7d1d770c7,L3,Tweet
f4ac7599-5bd9-49d0-8287-c32826cd48fb,L3,Tweet
f4ad6d1a-28aa-49ec-932e-7c95d49d319e,L3,Tweet
f4ad6ed2-441e-4f6a-9b05-841e50ab0373,L3,Tweet
f4b4fa86-0c3e-4b24-bf4f-1f2879cea17b,L3,Tweet
f4b9d0f9-dd24-4d55-8986-94048ebe7b85,L3,Tweet
f4bd45ad-0a2c-452d-911d-3f5fb7039023,L3,Tweet
f4c01e2d-aa07-40c6-9954-1e0feb3f7397,L3,Tweet
f4c0af60-0d83-428b-a3b9-e5281efdacac,L3,Tweet
f4d39246-75df-454e-958f-e7ef7a548411,L3,Tweet
f4d8206f-a7fd-4bb7-9f36-e46f07189693,L3,Tweet
f4d83c07-c6c5-4ab0-b07d-7b16c6e602fb,L3,Tweet
f4dace88-6f72-4805-bf78-06ee3e4ebd2e,L3,Tweet
f4dc9d46-b087-4a1c-bec7-fe61d2873222,L3,Tweet
f4e74dfa-0e0a-448f-8307-d773068af3a1,L3,Tweet
f4ed6c5e-720a-4d6c-985c-a9f59d63423f,L3,Tweet
f4f1fa92-bc25-4163-81a6-b5e2136ff5e2,L3,Tweet
f4fd2214-974d-4139-bc29-c88dba9d7acd,L3,Tweet
f4fdc672-3441-459c-84e5-81519fc0d0a0,L3,Tweet
f50acbcc-a777-4638-bb0c-86069141c11e,L3,Tweet
f50bda20-b3cb-4aa1-bc4e-b67598eaec2f,L3,Tweet
f51c90e4-da79-4b67-bbd5-6956231f84e2,L3,Tweet
f52ea17f-305a-4266-a736-eb45f44de1a4,L3,Tweet
f52f0c57-07eb-4fc4-8b1b-26a4eca94975,L3,Tweet
f52f163c-2dcd-4980-8412-22dec23d3cea,L3,Tweet
f538eba2-307f-408e-b82e-14114039055b,L3,Tweet
f53931c0-7c9f-4088-b0b0-d2118caff23e,L3,Tweet
f5399ee2-595a-40f1-b3ce-f264f00063c3,L3,Tweet
f54e72c8-633e-416e-a4d6-054f92c49723,L3,Tweet
f553f0e2-449e-43b1-b674-8b6634a01a14,L3,Tweet
f5573e09-77cb-415f-b6cf-f77915c3f41c,L3,Tweet
f56436a9-43f7-498a-8e2a-3f48a059d3fd,L3,Tweet
f568a5cc-ee7c-4b1b-b61f-1f789f13217b,L3,Tweet
f56c0ea3-c5c2-41ce-a7d6-edc1d5a3dfac,L3,Tweet
f57a2d4e-8d47-4d9e-bf23-806fb1d01e81,L3,Tweet
f57bdbb0-686b-47ab-8259-02ef89889fa4,L3,Tweet
f5853182-8c43-40e8-949a-6309e7e8ee23,L3,Tweet
f58f1fc4-7d68-4a1a-9c43-136fc3fe0312,L3,Tweet
f593973a-1684-49b8-8cf1-997b7f91a2d2,L3,Tweet
f59d8321-f721-4c3e-9054-aa6085b449a6,L3,Tweet
f5a284f1-fad6-4019-8b65-ad287ab74f0f,L3,Tweet
f5a3c39b-ed96-43b1-886c-cce7901d23d9,L3,Tweet
f5a60be4-390f-425e-8b51-58c52abcea63,L3,Tweet
f5b91258-a6d7-4b99-a287-2e4be3e50ce5,L3,Tweet
f5bef47f-47dc-4229-a829-59fdcb1e44f0,L3,Tweet
f5c42f4b-18c7-45da-aa5e-284d099ba5a0,L3,Tweet
f5c5e741-58c8-456b-bb2d-b09d6b3e7369,L3,Tweet
f5cfb825-8cfe-4ebc-a58f-616068ad772a,L3,Tweet
f5cfc0fd-517c-45bb-896b-f0b58ae36137,L3,Tweet
f5d211bd-6ea9-4a73-a536-0342fb47b554,L3,Tweet
f5d6a51c-6b85-461b-a025-4bbdc1217bd9,L3,Tweet
f5d6d144-923d-474f-99a2-7f10eabc261d,L3,Tweet
f5d78f5f-cda5-4183-82c1-1ca76d3acdb8,L3,Tweet
f5d97bec-c9c5-43a0-83bb-b8ffbe1deb50,L3,Tweet
f5f7b0bf-ba13-435f-b266-2397017529f6,L3,Tweet
f5f9bea6-eff1-4004-8ed4-7cf050c32fe9,L3,Tweet
f6036d11-b7dd-4fd2-b63e-e439fda31054,L3,Tweet
f605f65f-79a1-46af-88b7-8f6c79f76912,L3,Tweet
f60b1e93-d64d-493f-93ee-a122eb5fda9b,L3,Tweet
f613a472-59b4-486a-b5c4-9bd99b4ce06a,L3,Tweet
f61c1c37-624a-416e-aace-d792aab50887,L3,Tweet
f627f06c-045d-4cee-810b-721ebaa8160d,L3,Tweet
f628b125-34e4-4fad-b889-6f720db062da,L3,Tweet
f62cc81d-88de-4563-9ab2-c234530a9598,L3,Tweet
f643d0c6-59c1-4a54-94eb-628bd4afa4f5,L3,Tweet
f6464701-536c-497a-9f61-094a0e3f6163,L3,Tweet
f64a2de5-d0b9-4024-ae3b-018ee7d82129,L3,Tweet
f64dd7ca-1732-45c6-b269-6ac9879993e7,L3,Tweet
f65927f9-0909-4091-b3b3-76a9ec403c3c,L3,Tweet
f65964de-63ed-4fe8-97f2-2054e5877f1d,L3,Tweet
f659c2b2-235b-40bd-9d5e-a05d729654f9,L3,Tweet
f65a3b39-4441-468d-9244-b0baf5453e8a,L3,Tweet
f65ad2a0-4847-4412-88ce-0de8ea21f724,L3,Tweet
f65bc8ac-8099-4da8-bf34-2b73bb208551,L3,Tweet
f66a8d4f-56af-459e-a15c-267f2446a6d4,L3,Tweet
f66cfb01-2816-48b4-9277-7781ff1989c4,L3,Tweet
f6743754-0380-42a4-9e2d-9e6b792fbec4,L3,Tweet
f677a3d9-e089-4fa3-a433-89fdc8e69a9a,L3,Tweet
f6844e92-6c81-4192-ade8-3b0504317ac2,L3,Tweet
f68a9c0f-b8ee-421d-aad2-b574efd6d4bc,L3,Tweet
f6921a7c-3bf4-40f9-9af0-1f5f556d71e9,L3,Tweet
f694867f-be3a-4044-a10e-4b0d765038af,L3,Tweet
f6a46635-797a-49b4-b671-914ee6de7450,L3,Tweet
f6ae8f67-881b-4223-9e7b-e7f01a9f3ad9,L3,Tweet
f6b37e38-381e-46fb-9271-9105f89175b7,L3,Tweet
f6b52747-91de-4b8e-a6ef-629f63fa0512,L3,Tweet
f6b77e53-f5cd-4a6f-b965-0ef1bada305f,L3,Tweet
f6b85a43-ad23-4237-93f6-e7dcc9e0289e,L3,Tweet
f6bd29c8-f2d5-4d5b-b0c7-0cb46211d51a,L3,Tweet
f6c11799-d035-468c-800b-04dc503d799f,L3,Tweet
f6c1fa19-7ee6-4982-94d6-1d016b64aca1,L3,Tweet
f6c3425b-eafb-45df-829c-8100d6f547db,L3,Tweet
f6c3c722-3f62-48c5-b4f4-7f96bec9a54a,L3,Tweet
f6c49c26-b5c0-4e2f-88a8-347b088f6cce,L3,Tweet
f6c6394b-870c-4c01-98f9-6454549c04ad,L3,Tweet
f6ce880e-5796-408e-999f-a389c9f92e98,L3,Tweet
f6d49db0-8182-4bdc-b944-b365d3afca6f,L3,Tweet
f6dcb18e-85f3-4543-b9f0-d57bd022c322,L3,Tweet
f6dea32b-c9f0-4135-901f-b6aa763eb211,L3,Tweet
f6e6c5bd-a4ed-4c4f-9994-aa8575d52768,L3,Tweet
f6e90460-435f-48b4-81bd-c9e7d7e71ce6,L3,Tweet
f6f96689-cfde-40e2-b90e-7cae4d710df2,L3,Tweet
f6fe2833-0ac2-47ce-8531-74f46ed760b6,L3,Tweet
f6ffbf93-c8c5-49d1-b953-1a72b3c52e78,L3,Tweet
f702096c-6e45-4a3e-bf7e-34336ca592ad,L3,Tweet
f702c66d-2654-43b4-9bd4-31f06c6026e7,L3,Tweet
f707ec76-cf86-4753-afb1-1f7647f511d5,L3,Tweet
f7093ee3-61cf-44cf-a141-4809f32f3509,L3,Tweet
f70f8400-b751-4af2-91d9-f72ca9516c13,L3,Tweet
f722a018-2105-4174-b0d4-1ce8c8e077e9,L3,Tweet
f72cc002-3fb1-42fe-b236-96fe01d2a925,L3,Tweet
f72d164e-13f7-40b1-8219-27062084f30b,L3,Tweet
f72d26b4-60f3-4c42-a87e-8e76d18a5b20,L3,Tweet
f7303de6-98e1-4f79-a481-f37a13dbe9f9,L3,Tweet
f734eb95-f62a-4864-af17-d7b1dc2a6e9e,L3,Tweet
f73899c7-8e4e-4325-ab14-17d92dc6489b,L3,Tweet
f73cefae-28b0-419f-b72b-1270e576a916,L3,Tweet
f74624ae-5381-4520-91be-0ba9e9f36e9b,L3,Tweet
f74c7489-147f-473a-884e-4466ec38862b,L3,Tweet
f7541e26-c574-4560-a4ce-4289cc52b1d6,L3,Tweet
f7543cf2-52c0-4e52-a17b-ac14353914b5,L3,Tweet
f764271f-8e69-4cca-9f2d-27be46da7b6d,L3,Tweet
f76c0782-d93b-415f-b562-1448a3e3b543,L3,Tweet
f778d2d8-7ff4-4683-a201-6db5878b9427,L3,Tweet
f7844cc2-b658-4441-894e-89009a597f07,L3,Tweet
f78fbc26-cbac-4da3-899d-c66898347a78,L3,Tweet
f7902499-d2e2-4e8f-bd31-83f18845e2a0,L3,Tweet
f797c3b3-1ed8-4a0d-9b47-26e84c0a0db2,L3,Tweet
f7a013ba-5d04-4b78-a782-88cb03bb17be,L3,Tweet
f7a8153b-fb2e-4605-bc04-6f47a15f8b1d,L3,Tweet
f7b120e2-2d94-4ea6-9cd0-0785015929c7,L3,Tweet
f7b8eddb-6982-4e7e-8255-9dff0c1a7e96,L3,Tweet
f7c86ac9-247f-485a-9b04-f1a802766fca,L3,Tweet
f7cb577d-f2dd-404e-b4ec-92daf2193eaf,L3,Tweet
f7cee2ea-67b2-4a1f-9ca8-df8313440829,L3,Tweet
f7d3491b-3a5b-4a9e-96cd-0a14325c72d1,L3,Tweet
f7d82f69-c60f-40d2-ae95-5210a14bcf36,L3,Tweet
f7d94851-6de3-4b3b-9a03-e02a0e7bbda5,L3,Tweet
f7dc201d-94e6-45b8-80f1-748e77ce41f0,L3,Tweet
f7e7aaf1-b763-4d57-9644-5d75f9e1c720,L3,Tweet
f7ea4b99-a5dd-4bfa-9010-c52ab36d8fdd,L3,Tweet
f7f2c14b-a730-43bb-9bd9-5131fb30d1ef,L3,Tweet
f7f36afb-dea7-4c61-8f71-9d3655a897c6,L3,Tweet
f7f3bbdd-378c-40c8-a0ae-6016ca0c58a3,L3,Tweet
f7f5019f-28c4-4501-9f40-5f504eaece4a,L3,Tweet
f7f8d471-595b-4f0a-9927-e8ee327135e4,L3,Tweet
f7fce6c7-3b38-42d0-92b0-dc11fa00f7ea,L3,Tweet
f7fe5425-fc81-45f8-a830-48d8c456943d,L3,Tweet
f800c0a6-c1af-4a20-b3ad-8926af1e20aa,L3,Tweet
f800d100-f911-40a1-ab96-95b865060aee,L3,Tweet
f80ba472-a278-4053-9cdf-fc90527c5736,L3,Tweet
f810092d-9530-40d5-96ac-a09f655d0e24,L3,Tweet
f820fdac-81d6-4ea7-b01c-1fbfcc1e51e3,L3,Tweet
f828de95-b70b-4626-93a9-d91763174762,L3,Tweet
f829cf86-977e-44d3-8fe3-ee9e8656587e,L3,Tweet
f82abf4f-6198-4de4-85b8-2e9353355ebc,L3,Tweet
f8392f33-7583-4b22-8634-76133ecc58aa,L3,Tweet
f8444c7f-6d41-46c8-a5b6-1825cf401ad2,L3,Tweet
f85a9d62-20e2-41bd-a069-b223d04613ce,L3,Tweet
f85ad913-73df-4e67-be71-9dc602671d1c,L3,Tweet
f8644475-2b4d-4363-bf15-08635d1dddc3,L3,Tweet
f8684f17-f918-40cf-a267-19ad9febfa1f,L3,Tweet
f86e9d67-1dc5-4dc0-864c-82e7c0422e6e,L3,Tweet
f8705ed8-032f-4774-845c-7fb89f676c8b,L3,Tweet
f8769955-1236-43df-ad40-61aa97975057,L3,Tweet
f876b2eb-780a-4ebf-9dd0-91dd9230d9d3,L3,Tweet
f87a5a30-9c29-4321-93eb-0aab04da472d,L3,Tweet
f87b3aba-25d8-4c57-834c-3088b74230d9,L3,Tweet
f87bb187-b3e7-4519-8472-00c1beae2dc8,L3,Tweet
f87f90d2-b4e8-464a-a296-a752c0da2cbf,L3,Tweet
f89203a6-6d4d-4b4a-a3cb-a6871dcf7295,L3,Tweet
f8954156-1461-4446-a507-1d385e8747c2,L3,Tweet
f89b4d8a-159b-4b26-870e-0bef5c16b6ab,L3,Tweet
f8b57100-9106-4bf0-889f-784e0aee7c50,L3,Tweet
f8b79e67-69b6-47d1-9d21-d300d4e246b8,L3,Tweet
f8b89710-5357-4525-a823-bb7bb24ec647,L3,Tweet
f8ba5669-fcd8-4790-ace5-59e6e0bfd69b,L3,Tweet
f8ca275a-35ef-44bd-b398-eb36181615c7,L3,Tweet
f8ea0824-406d-489b-81e7-da5f69e4db7d,L3,Tweet
f8ea0ebb-77e0-4f8a-913b-8fa093d6e25d,L3,Tweet
f8ee3932-5929-4c97-a964-19970e71aadd,L3,Tweet
f8f7fff2-783d-4e80-af88-eb9a1725f30a,L3,Tweet
f905906b-bdfe-4163-af84-2c006aed3faa,L3,Tweet
f91591de-f2c5-480a-9dc0-650b2da354ba,L3,Tweet
f916c0db-280b-4be6-b968-0971d5041099,L3,Tweet
f91ed83e-fb19-4291-8786-9e207f48cb05,L3,Tweet
f92020b3-92ad-41e9-adb1-f7206b732db6,L3,Tweet
f92ba29b-9bd8-4a0d-af8a-e9f584b175f1,L3,Tweet
f9372f2f-a89b-4b42-84f4-5c86cf64e8f3,L3,Tweet
f9377838-d721-439d-98cc-2abf6ffba3c7,L3,Tweet
f93be41a-c3c5-49f2-9086-47fef46603e3,L3,Tweet
f94006e0-a591-4b88-a57d-95020685fa36,L3,Tweet
f9403551-3130-4c7a-9979-1aef572d8e28,L3,Tweet
f94af96a-082b-41d1-941d-e4f78015dca6,L3,Tweet
f96723e9-2e23-468d-906d-bea9c7695926,L3,Tweet
f96eba50-7c5d-4e7d-8967-c339e161a620,L3,Tweet
f97445fc-a6a0-4309-9371-63f77398cd6f,L3,Tweet
f97b81cb-52cb-49dd-8011-84cab4c612ce,L3,Tweet
f986def7-0928-4eab-b3bc-72b3718d8253,L3,Tweet
f99d1bfe-276d-4429-98c1-1e78d910a030,L3,Tweet
f9a1986b-1d3e-4eb6-8bb2-934f3f871cc2,L3,Tweet
f9a62087-5158-4b0d-8b5b-6d08ae40de6c,L3,Tweet
f9bbdb80-d3a9-4562-a0aa-9e497c4f2fa2,L3,Tweet
f9c4e952-173c-40fc-9766-254e88bca77e,L3,Tweet
f9ceda32-b61a-4f2b-9a5e-3e3cff885140,L3,Tweet
f9cf0547-61ad-4809-82f6-c4c9dc6de4b9,L3,Tweet
f9d1195a-439b-49b8-b7d3-ba63c755605e,L3,Tweet
f9d904b9-c5a4-42e7-a4f2-e0cbec99b5b9,L3,Tweet
f9d963a5-c650-4f8e-a44c-662c8ea9ef3f,L3,Tweet
f9e68ee5-cd08-4dd9-8451-84b26a3cb394,L3,Tweet
f9eb3254-d3bc-482b-8f62-b34244bb090b,L3,Tweet
f9f1f189-0fc6-4af6-89dd-c8f6463853c5,L3,Tweet
f9f371e6-1a81-4a04-b45f-f8f9d38f973b,L3,Tweet
f9fdbc1b-ae50-412f-8d92-1d13cdadbcad,L3,Tweet
f9fe116a-735c-4067-813a-6ef0df0c8977,L3,Tweet
fa081f0b-e99b-4ea2-ba26-8e4e2a3d9c40,L3,Tweet
fa0df7f4-4d87-4c91-8906-537caecc23bf,L3,Tweet
fa1d5056-ae61-4678-b2d8-49f78c483110,L3,Tweet
fa2e9e23-0e93-4108-86b0-eb5690e48fad,L3,Tweet
fa3954ea-b6b5-4219-bb98-5dd619e10a91,L3,Tweet
fa3df02c-d853-40c5-8e40-efde5661980e,L3,Tweet
fa4c922e-cb37-4070-a7f1-f62357858ef9,L3,Tweet
fa5a6bc2-8888-41bf-958d-d116f29e9b6c,L3,Tweet
fa5f9bee-a117-494b-a039-c4aa70730754,L3,Tweet
fa686421-e080-44eb-b9a0-32d482019bd9,L3,Tweet
fa755cae-6587-4550-9f28-42f8dc0d3cf0,L3,Tweet
fa7fb097-9f85-4d28-857b-15c6da4834aa,L3,Tweet
fa8a99ef-215d-451e-bded-be66936feba3,L3,Tweet
fa8d80f0-81c6-46c7-a9f3-b9ebddfc751e,L3,Tweet
fa8e52a4-e139-4f2d-9792-7298186619ad,L3,Tweet
fa982aef-b2ed-4416-91bd-2f20de93c122,L3,Tweet
fa9b47b8-4dd1-4270-a642-47f745af1eba,L3,Tweet
faa74829-b1f8-4c18-8b5d-08e90feaece3,L3,Tweet
faaf2355-94a9-41ea-aa1b-d1f1248d2a71,L3,Tweet
faaf2ac2-a451-4c64-906c-2005a7f5db54,L3,Tweet
fab08e68-ddff-4a8c-a6c2-705021c76c92,L3,Tweet
fab2a87b-4854-406f-baaa-8b22e1d256c8,L3,Tweet
fac4fbe8-5b6e-4e0a-aace-ee8023e4593d,L3,Tweet
fac5ea40-863e-46e2-9e07-89b557d1f378,L3,Tweet
fac76780-8359-469f-a60b-c189aa8d490e,L3,Tweet
facb9ccb-6330-4be6-835e-bd71d3b59715,L3,Tweet
fad0a33a-7d73-4728-8a4c-8ee05d486e46,L3,Tweet
fad68497-2658-41d8-9f6d-351b972c8141,L3,Tweet
fafc6761-82cb-4eb4-a40c-b4adb45038aa,L3,Tweet
fafe7393-0d2f-4982-bf22-d432a95e5b23,L3,Tweet
faff53f4-aa95-47a5-9377-468690706b2c,L3,Tweet
fb006586-a03f-4693-b334-8db300b4cfb0,L3,Tweet
fb03a086-7eaa-4f3f-b0fb-6d79e5caff31,L3,Tweet
fb04712a-8c72-43a9-9f8f-0437aaf37a7c,L3,Tweet
fb06946c-b29b-4a9d-ae69-1a8616ead2da,L3,Tweet
fb07dc33-d1c5-4126-a2bf-6893ef92f38f,L3,Tweet
fb0a35fa-4668-41b4-84d5-597323daca35,L3,Tweet
fb0a97dc-a26a-40d0-908b-8a5e89442659,L3,Tweet
fb0be173-9dbd-4c7a-ae1a-91acd394fb4a,L3,Tweet
fb129ca3-3d1e-4358-acb6-528e935618e6,L3,Tweet
fb1aaa15-1154-45e2-b3b4-36c2ef40351c,L3,Tweet
fb209011-2d80-49a6-bcff-46f99a682b72,L3,Tweet
fb24d624-d592-4679-a6fa-c11de395cb8e,L3,Tweet
fb27f742-030a-4637-b674-6336f62054c6,L3,Tweet
fb30924f-e6aa-4bac-828f-a745ebe4ce79,L3,Tweet
fb324a75-c6e5-44b5-b513-402346f3bf6c,L3,Tweet
fb3440d7-f4bf-4e89-bcd5-d877bc8bdd79,L3,Tweet
fb40fcdf-9ea4-4495-a50a-16a9f210eff7,L3,Tweet
fb421aef-7a36-46f5-aa02-cd1cb5a9c42b,L3,Tweet
fb456a44-4ec6-4365-a6df-faf47476d309,L3,Tweet
fb47d361-02b9-4720-85ab-8bb0fad398dd,L3,Tweet
fb639aa0-699b-4d2d-ad26-f179ebde8c93,L3,Tweet
fb65626e-4ade-4245-89ed-1503203c58d3,L3,Tweet
fb69a2c8-c8b0-4f08-86cd-dc2511bb2e45,L3,Tweet
fb70a731-c6ab-49e5-a1dc-395073a1d8e7,L3,Tweet
fb73b4c8-6128-4af9-9d69-bd19b40c6fa2,L3,Tweet
fb7a9883-c03e-46b7-97f3-c2ef4b4a4cfd,L3,Tweet
fb7e82e6-1164-421f-a5d1-25d097966d50,L3,Tweet
fb845cde-2426-4351-8709-5d317e4bd7d2,L3,Tweet
fb89f178-c3f0-4ada-89c0-c3b1b9e00781,L3,Tweet
fb8a873a-a024-4ee0-8018-17c198ea4a65,L3,Tweet
fb90aaf9-b276-40e4-aa89-8508a6688b14,L3,Tweet
fb9a9b67-cc5c-42f7-ace0-c89223dfb837,L3,Tweet
fb9ba873-918a-46fe-92a4-facb610bdee6,L3,Tweet
fb9dfae5-44cd-4ae9-bb13-d16a963eb27c,L3,Tweet
fba3b978-7980-43ba-8097-92fd9a5af9ba,L3,Tweet
fba9d888-2e32-41d9-861f-5b6ab0aa389a,L3,Tweet
fbb1e318-ceca-43cd-b1ed-dd3fb8219bf6,L3,Tweet
fbb388ad-eb10-413e-8c69-c3e5bb7ffede,L3,Tweet
fbb65d0f-61b9-427c-a875-234c6081143f,L3,Tweet
fbb74281-4d0d-4aaa-aa6d-e556d6ea48e3,L3,Tweet
fbb75bd9-f348-47af-bbd4-40e682a24274,L3,Tweet
fbbc3355-c152-449f-9be8-02cfbeeaffff,L3,Tweet
fbce260c-89e9-42d5-9dfb-6261428b40e5,L3,Tweet
fbce741b-f1ce-415c-8e00-12484905ce52,L3,Tweet
fbd45720-0480-4e07-b60f-56adc7f9b0ab,L3,Tweet
fbd94b49-e273-4df0-b665-602aebec2520,L3,Tweet
fbe1c720-c2f7-4ba2-87d3-3747b744779d,L3,Tweet
fbec0b70-af38-4cc2-979e-55e38aa0a577,L3,Tweet
fbed1cbf-0bec-4ee8-8d1c-7fcd8cf0996a,L3,Tweet
fbf55b82-ed61-4eb2-a94a-f2116b18a09b,L3,Tweet
fc015595-1095-4687-b2a6-5cc21d53de54,L3,Tweet
fc04c7ac-9b29-4cd2-b120-b60138348170,L3,Tweet
fc06188c-c366-4469-9a2c-7fe9f2ac5da3,L3,Tweet
fc167101-e9c1-44ce-8ce8-518cd2b1e804,L3,Tweet
fc31c41f-6f25-49b4-a689-644092755a46,L3,Tweet
fc38c48f-a44c-4838-a27a-b5c3025fc6bb,L3,Tweet
fc411f5a-9a4a-4263-8213-6b5d776cbbd2,L3,Tweet
fc46e3b8-901c-4ffd-957f-dd47d35b5bee,L3,Tweet
fc47a4b0-655e-42d8-b4b5-bf181e429ce4,L3,Tweet
fc48dce7-2f4a-42da-84bc-279e21b82bd4,L3,Tweet
fc591fb3-853d-4445-a70c-467fdeda501b,L3,Tweet
fc5f7520-81b4-400d-b802-8fa3f4e838cc,L3,Tweet
fc740211-5405-42b8-8f73-c8fd4beda0b7,L3,Tweet
fc8b8e10-7f54-42e9-84dc-175f5e4d1cb4,L3,Tweet
fc93af67-d26e-43a5-876a-0c06fa780d49,L3,Tweet
fc97ee61-a9e3-483a-89e2-c12e0de1c7d5,L3,Tweet
fca429cf-7bf8-4b09-8c81-df699a98acfd,L3,Tweet
fcaad6cc-fa87-4a7a-8ce9-13078f7134ee,L3,Tweet
fcadd38f-f240-4e66-97ef-250cf2fe0b98,L3,Tweet
fcc1ef3f-000e-441e-908d-2cb544b037b8,L3,Tweet
fcc45dd0-5e71-4017-b7c0-65173becd2c1,L3,Tweet
fcc47d0c-0f40-4771-99d3-460fc3f2851c,L3,Tweet
fcc67b0d-fc4d-4930-a89d-7dc800143c6e,L3,Tweet
fccf4f4d-7af9-4a95-acef-367a5cd30742,L3,Tweet
fcdfcd97-4d8d-4ac8-891d-5236785e87f9,L3,Tweet
fce58f0f-914b-4473-a8b7-04458cd04631,L3,Tweet
fce59ca9-0c8d-4134-93fb-d8a6851ed4cb,L3,Tweet
fce91a7b-1a8c-4220-84ed-25533a848711,L3,Tweet
fcec06c9-2a27-4505-a034-894e29225950,L3,Tweet
fcec52a4-6a89-4c9b-b7f1-f37c6a923ddd,L3,Tweet
fcefef47-a932-4563-a680-3270b759e823,L3,Tweet
fcf56936-f12c-41bd-9cf5-b828962debb0,L3,Tweet
fcf982ac-8d56-4f5e-9df4-14bb3d29e292,L3,Tweet
fd03f50c-de1a-4d42-a640-a7fa7648322c,L3,Tweet
fd166ca4-75e4-438d-b274-d735d1838053,L3,Tweet
fd1ce651-f0b4-4d22-8b73-f6f4f44a49eb,L3,Tweet
fd2078eb-68a1-4988-947b-7113ceb69b6e,L3,Tweet
fd2446f0-29d6-40a7-aa99-c401456d9f60,L3,Tweet
fd290b27-7386-4886-80fd-8c055195b0dc,L3,Tweet
fd290cb5-de1b-4d6a-914b-7cb3782bc6c0,L3,Tweet
fd3b9d03-5734-449c-8b9d-6274a8d2a491,L3,Tweet
fd3dff20-c867-4ae7-a0ad-d174b08b545e,L3,Tweet
fd48f8fc-d4ef-4c63-a7c2-f415a1eecead,L3,Tweet
fd4a3cc2-041e-4fe5-99ac-d3bd058f2ac0,L3,Tweet
fd5ca1f8-6bff-4177-bf4b-967653616835,L3,Tweet
fd5df897-5747-43d6-b24d-5f3773242b07,L3,Tweet
fd61866d-63a7-46d7-8a39-a0441607f598,L3,Tweet
fd69f784-3413-4d9a-9d26-bc2fdb05bb4d,L3,Tweet
fd6f7e3f-38b1-4df5-8cec-60396c80f1bc,L3,Tweet
fd794e72-eee8-4094-ae1b-6427c42c5a36,L3,Tweet
fd7d62af-dc9d-43d4-9e7e-60a476e57808,L3,Tweet
fd820a8c-812c-4917-86bd-50de69b837a5,L3,Tweet
fd8a75b4-ca00-4294-87a6-e143e2d2a75c,L3,Tweet
fd9359e6-582e-4d46-8828-9be9d4010db8,L3,Tweet
fd98fbd9-c0da-41de-993b-f3ca9f1d9eb6,L3,Tweet
fda44981-f0a1-44d9-acaa-1c912826f1b6,L3,Tweet
fda85256-1184-4311-88ae-de5779f5fff6,L3,Tweet
fdab53b4-2e0a-4c63-b7d4-8c2026dae989,L3,Tweet
fdb44659-2b50-4074-b900-b4994618fd3a,L3,Tweet
fdb60f5f-d690-4799-b11b-6dd236e955c4,L3,Tweet
fdb97036-f184-4d2e-92fa-9b82913719f0,L3,Tweet
fdc3a1f8-30eb-41e5-9357-acafdadd3a1f,L3,Tweet
fdc876da-9a9d-4fff-9ca8-517eae27779a,L3,Tweet
fdc9b6e1-780d-4e21-b853-aa089dfe7792,L3,Tweet
fdcd3d64-7946-44db-8840-534e452d3e11,L3,Tweet
fdcff315-a926-4562-9eb7-8d4c22c3fd17,L3,Tweet
fdd88134-7feb-4ffc-b31e-1dfa6aff2a28,L3,Tweet
fde3df94-2320-419f-a0e1-c41fecd53a39,L3,Tweet
fde43ac2-768a-4154-9f48-aacaf2f48012,L3,Tweet
fde8f240-e20a-40cd-8426-0789fcdbb0c2,L3,Tweet
fdf66a45-08b1-4efd-a50f-51b5f95086c2,L3,Tweet
fe007822-8430-4205-a76a-a5280931eafa,L3,Tweet
fe04b95e-db0c-48bd-8a4b-36a6d05ad9e7,L3,Tweet
fe06251f-f0ce-44d5-9358-7197ff8a1120,L3,Tweet
fe0ef127-6fea-4024-997a-1eebc9e8753d,L3,Tweet
fe1ab3b5-44c2-4b40-b50b-3006ead79561,L3,Tweet
fe2123df-6a43-4457-906f-04d23788bbf6,L3,Tweet
fe2febb5-62d3-4919-8a48-9eb8594163ec,L3,Tweet
fe3c50b1-da50-4edf-890f-abdc861eb4cb,L3,Tweet
fe448c4d-32a6-4177-8e71-ca4ef0d4c750,L3,Tweet
fe4c5e14-d4d5-4298-be64-6af1867a53fc,L3,Tweet
fe5025a6-6b41-4cac-9e94-d10791a37b20,L3,Tweet
fe5c5162-d7e5-49d2-9b2b-53237491a3e8,L3,Tweet
fe5d7178-1fbd-4ea1-84db-11daa25c5fc8,L3,Tweet
fe5ecae3-bfcf-4955-90fc-3dadaa2e86fb,L3,Tweet
fe5f29c9-5aca-4057-ae15-e8aff734e87f,L3,Tweet
fe6a9d3d-5784-49b4-bd5f-5fb54317122f,L3,Tweet
fe73448c-b14c-4424-84ae-769c3a91dfc1,L3,Tweet
fe7904e9-ee23-4593-acae-d75bce3b2ddd,L3,Tweet
fe7cd328-09f0-4eeb-8c5d-a416008434b7,L3,Tweet
fe923024-8991-4c2c-9bb2-f6b173275614,L3,Tweet
fe97bc6a-a8dd-4c53-9d01-a7cfc6011094,L3,Tweet
fea70cdd-48da-400e-af45-9e6b69377db6,L3,Tweet
feae5ee6-528a-41c9-a4ea-5c7b643e9762,L3,Tweet
feba46cc-42a6-4fa2-8781-b3fcca3d15af,L3,Tweet
febabce4-35d2-4f03-a75c-7657657162ee,L3,Tweet
febfdd91-e0d9-46ae-b854-da99a149161f,L3,Tweet
fed8046d-037d-4f42-bb90-1578940f90df,L3,Tweet
fefca5b2-3f03-4291-aba7-686fd8c40593,L3,Tweet
fefccc6e-6838-4ccb-8152-c72ebaf6dc48,L3,Tweet
fefd4111-54c3-469d-a2af-c14c07ec7cd6,L3,Tweet
ff07258d-fdc2-4178-8459-7f31f850ad1f,L3,Tweet
ff0fe3e3-c8f3-4475-817c-7d71dd71d2a5,L3,Tweet
ff10e66d-0ec3-4fef-b64f-5bd2861a16d6,L3,Tweet
ff12a723-56d3-41f6-9c56-6f5615c6897f,L3,Tweet
ff142265-070c-4a5b-abe9-9eb5079b5edd,L3,Tweet
ff17382a-fe31-49e4-b2e2-4dad12ccdf1c,L3,Tweet
ff22ee10-6618-4a83-92f2-2b74620c3b30,L3,Tweet
ff290f26-36e5-4b83-92b0-90233ef79a22,L3,Tweet
ff2d51e8-c435-48bc-a2ed-ad3b3834c656,L3,Tweet
ff31ef4d-6e54-44b9-852c-0502c20043ef,L3,Tweet
ff3423f6-fefe-4bee-ae2a-1d380c6916d9,L3,Tweet
ff383c22-3e02-4348-bfe7-0a3196cda922,L3,Tweet
ff3f0ac5-2e48-4942-b584-d28f169c9ea1,L3,Tweet
ff476919-09f2-46b7-a7b8-d01a50627e6a,L3,Tweet
ff4873d9-3502-4cf2-8ba2-e82124d2f4b3,L3,Tweet
ff52495f-6a99-40d1-9434-5fdcc5f4511c,L3,Tweet
ff66dbde-e703-4f9b-a532-0a2b14edb8c6,L3,Tweet
ff70c088-3f51-4490-afcc-e2588fa3e476,L3,Tweet
ff71619f-dc78-4de4-95e9-f10eb440afdd,L3,Tweet
ff724fc9-2642-47b8-ba41-440f75829f4e,L3,Tweet
ff81b2e4-ab1a-483f-97ff-709cd890ab82,L3,Tweet
ff8e1fb8-b064-4088-947f-8c83a2bc09cd,L3,Tweet
ff90db82-0e6c-4f4d-a114-40e4b62e5a8b,L3,Tweet
ffaccbcb-e87c-47d3-8da5-54d99ce610a5,L3,Tweet
ffb7af75-9cce-425c-81bd-bae3c00b92ed,L3,Tweet
ffd7e1b1-89a1-4ea9-ab44-8c3d83d6f2b9,L3,Tweet
ffdb35ed-bc6c-4ace-b76d-ec372ca54edd,L3,Tweet
ffe1a4cf-28a9-48be-869d-220b57879fb6,L3,Tweet
ffe2d122-cb32-461e-a5f0-ea487c9badd9,L3,Tweet
3f69db38-9a63-40b8-9e1f-9b614d73bb9a,L1,Profile
3f69db38-9a63-40b8-9e1f-9b614d73bb9a,L1,Profile
3f69db38-9a63-40b8-9e1f-9b614d73bb9a,L1,Profile
3f69db38-9a63-40b8-9e1f-9b614d73bb9a,L1,Profile
3f69db38-9a63-40b8-9e1f-9b614d73bb9a,L1,Profile
3f69db38-9a63-40b8-9e1f-9b614d73bb9a,L1,Profile
3f69db38-9a63-40b8-9e1f-9b614d73bb9a,L1,Profile
3f69db38-9a63-40b8-9e1f-9b614d73bb9a,L1,Profile
3f69db38-9a63-40b8-9e1f-9b614d73bb9a,L1,Profile
3f69db38-9a63-40b8-9e1f-9b614d73bb9a,L1,Profile
3f69db38-9a63-40b8-9e1f-9b614d73bb9a,L1,Profile
3f69db38-9a63-40b8-9e1f-9b614d73bb9a,L1,Profile
3f69db38-9a63-40b8-9e1f-9b614d73bb9a,L1,Profile
3f69db38-9a63-40b8-9e1f-9b614d73bb9a,L1,Profile
3f69db38-9a63-40b8-9e1f-9b614d73bb9a,L1,Profile
3f69db38-9a63-40b8-9e1f-9b614d73bb9a,L1,Profile
3f69db38-9a63-40b8-9e1f-9b614d73bb9a,L1,Profile
3f69db38-9a63-40b8-9e1f-9b614d73bb9a,L1,Profile
3f69db38-9a63-40b8-9e1f-9b614d73bb9a,L1,Profile
3f69db38-9a63-40b8-9e1f-9b614d73bb9a,L1,Profile
3f69db38-9a63-40b8-9e1f-9b614d73bb9a,L1,Profile
3f69db38-9a63-40b8-9e1f-9b614d73bb9a,L1,Profile
3f69db38-9a63-40b8-9e1f-9b614d73bb9a,L1,Profile
3f69db38-9a63-40b8-9e1f-9b614d73bb9a,L1,Profile
3f69db38-9a63-40b8-9e1f-9b614d73bb9a,L1,Profile
3f69db38-9a63-40b8-9e1f-9b614d73bb9a,L1,Profile
3f69db38-9a63-40b8-9e1f-9b614d73bb9a,L1,Profile
3f69db38-9a63-40b8-9e1f-9b614d73bb9a,L1,Profile
3f69db38-9a63-40b8-9e1f-9b614d73bb9a,L1,Profile
3f69db38-9a63-40b8-9e1f-9b614d73bb9a,L1,Profile
3f69db38-9a63-40b8-9e1f-9b614d73bb9a,L1,Profile
3f69db38-9a63-40b8-9e1f-9b614d73bb9a,L1,Profile
3f69db38-9a63-40b8-9e1f-9b614d73bb9a,L1,Profile
3f69db38-9a63-40b8-9e1f-9b614d73bb9a,L1,Profile
3f69db38-9a63-40b8-9e1f-9b614d73bb9a,L1,Profile
3f69db38-9a63-40b8-9e1f-9b614d73bb9a,L1,Profile
3f69db38-9a63-40b8-9e1f-9b614d73bb9a,L1,Profile
3f69db38-9a63-40b8-9e1f-9b614d73bb9a,L1,Profile
3f69db38-9a63-40b8-9e1f-9b614d73bb9a,L1,Profile
3f69db38-9a63-40b8-9e1f-9b614d73bb9a,L1,Profile
3f69db38-9a63-40b8-9e1f-9b614d73bb9a,L1,Profile
3f69db38-9a63-40b8-9e1f-9b614d73bb9a,L1,Profile
3f69db38-9a63-40b8-9e1f-9b614d73bb9a,L1,Profile
3f69db38-9a63-40b8-9e1f-9b614d73bb9a,L1,Profile
3f69db38-9a63-40b8-9e1f-9b614d73bb9a,L1,Profile
3f69db38-9a63-40b8-9e1f-9b614d73bb9a,L1,Profile
3f69db38-9a63-40b8-9e1f-9b614d73bb9a,L1,Profile
3f69db38-9a63-40b8-9e1f-9b614d73bb9a,L1,Profile
3f69db38-9a63-40b8-9e1f-9b614d73bb9a,L1,Profile
3f69db38-9a63-40b8-9e1f-9b614d73bb9a,L1,Profile
3f69db38-9a63-40b8-9e1f-9b614d73bb9a,L1,Profile
3f69db38-9a63-40b8-9e1f-9b614d73bb9a,L1,Profile
3f69db38-9a63-40b8-9e1f-9b614d73bb9a,L1,Profile
3f69db38-9a63-40b8-9e1f-9b614d73bb9a,L1,Profile
3f69db38-9a63-40b8-9e1f-9b614d73bb9a,L1,Profile
3f69db38-9a63-40b8-9e1f-9b614d73bb9a,L1,Profile
3f69db38-9a63-40b8-9e1f-9b614d73bb9a,L1,Profile
3f69db38-9a63-40b8-9e1f-9b614d73bb9a,L1,Profile
3f69db38-9a63-40b8-9e1f-9b614d73bb9a,L1,Profile
3f69db38-9a63-40b8-9e1f-9b614d73bb9a,L1,Profile
3f69db38-9a63-40b8-9e1f-9b614d73bb9a,L1,Profile
3f69db38-9a63-40b8-9e1f-9b614d73bb9a,L1,Profile
3f69db38-9a63-40b8-9e1f-9b614d73bb9a,L1,Profile
3f69db38-9a63-40b8-9e1f-9b614d73bb9a,L1,Profile
3f69db38-9a63-40b8-9e1f-9b614d73bb9a,L1,Profile
3f69db38-9a63-40b8-9e1f-9b614d73bb9a,L1,Profile
3f69db38-9a63-40b8-9e1f-9b614d73bb9a,L1,Profile
3f69db38-9a63-40b8-9e1f-9b614d73bb9a,L1,Profile
3f69db38-9a63-40b8-9e1f-9b614d73bb9a,L1,Profile
3f69db38-9a63-40b8-9e1f-9b614d73bb9a,L1,Profile
3f69db38-9a63-40b8-9e1f-9b614d73bb9a,L1,Profile
3f69db38-9a63-40b8-9e1f-9b614d73bb9a,L1,Profile
3f69db38-9a63-40b8-9e1f-9b614d73bb9a,L1,Profile
3f69db38-9a63-40b8-9e1f-9b614d73bb9a,L1,Profile
3f69db38-9a63-40b8-9e1f-9b614d73bb9a,L1,Profile
3f69db38-9a63-40b8-9e1f-9b614d73bb9a,L1,Profile
3f69db38-9a63-40b8-9e1f-9b614d73bb9a,L1,Profile
3f69db38-9a63-40b8-9e1f-9b614d73bb9a,L1,Profile
3f69db38-9a63-40b8-9e1f-9b614d73bb9a,L1,Profile
3f69db38-9a63-40b8-9e1f-9b614d73bb9a,L1,Profile
3f69db38-9a63-40b8-9e1f-9b614d73bb9a,L1,Profile
3f69db38-9a63-40b8-9e1f-9b614d73bb9a,L1,Profile
3f69db38-9a63-40b8-9e1f-9b614d73bb9a,L1,Profile
3f69db38-9a63-40b8-9e1f-9b614d73bb9a,L1,Profile
3f69db38-9a63-40b8-9e1f-9b614d73bb9a,L1,Profile
3f69db38-9a63-40b8-9e1f-9b614d73bb9a,L1,Profile
3f69db38-9a63-40b8-9e1f-9b614d73bb9a,L1,Profile
3f69db38-9a63-40b8-9e1f-9b614d73bb9a,L1,Profile
3f69db38-9a63-40b8-9e1f-9b614d73bb9a,L1,Profile
3f69db38-9a63-40b8-9e1f-9b614d73bb9a,L1,Profile
3f69db38-9a63-40b8-9e1f-9b614d73bb9a,L1,Profile
3f69db38-9a63-40b8-9e1f-9b614d73bb9a,L1,Profile
3f69db38-9a63-40b8-9e1f-9b614d73bb9a,L1,Profile
3f69db38-9a63-40b8-9e1f-9b614d73bb9a,L1,Profile
3f69db38-9a63-40b8-9e1f-9b614d73bb9a,L1,Profile
3f69db38-9a63-40b8-9e1f-9b614d73bb9a,L1,Profile
3f69db38-9a63-40b8-9e1f-9b614d73bb9a,L1,Profile
3f69db38-9a63-40b8-9e1f-9b614d73bb9a,L1,Profile
3f69db38-9a63-40b8-9e1f-9b614d73bb9a,L1,Profile
3f69db38-9a63-40b8-9e1f-9b614d73bb9a,L1,Profile
3f69db38-9a63-40b8-9e1f-9b614d73bb9a,L1,Profile
3f69db38-9a63-40b8-9e1f-9b614d73bb9a,L1,Profile
3f69db38-9a63-40b8-9e1f-9b614d73bb9a,L1,Profile
3f69db38-9a63-40b8-9e1f-9b614d73bb9a,L1,Profile
3f69db38-9a63-40b8-9e1f-9b614d73bb9a,L1,Profile
3f69db38-9a63-40b8-9e1f-9b614d73bb9a,L1,Profile
3f69db38-9a63-40b8-9e1f-9b614d73bb9a,L1,Profile
3f69db38-9a63-40b8-9e1f-9b614d73bb9a,L1,Profile
3f69db38-9a63-40b8-9e1f-9b614d73bb9a,L1,Profile
3f69db38-9a63-40b8-9e1f-9b614d73bb9a,L1,Profile
3f69db38-9a63-40b8-9e1f-9b614d73bb9a,L1,Profile
3f69db38-9a63-40b8-9e1f-9b614d73bb9a,L1,Profile
3f69db38-9a63-40b8-9e1f-9b614d73bb9a,L1,Profile
3f69db38-9a63-40b8-9e1f-9b614d73bb9a,L1,Profile
3f69db38-9a63-40b8-9e1f-9b614d73bb9a,L1,Profile
3f69db38-9a63-40b8-9e1f-9b614d73bb9a,L1,Profile
3f69db38-9a63-40b8-9e1f-9b614d73bb9a,L1,Profile
3f69db38-9a63-40b8-9e1f-9b614d73bb9a,L1,Profile
3f69db38-9a63-40b8-9e1f-9b614d73bb9a,L1,Profile
3f69db38-9a63-40b8-9e1f-9b614d73bb9a,L1,Profile
3f69db38-9a63-40b8-9e1f-9b614d73bb9a,L1,Profile
3f69db38-9a63-40b8-9e1f-9b614d73bb9a,L1,Profile
3f69db38-9a63-40b8-9e1f-9b614d73bb9a,L1,Profile
3f69db38-9a63-40b8-9e1f-9b614d73bb9a,L1,Profile
3f69db38-9a63-40b8-9e1f-9b614d73bb9a,L1,Profile
3f69db38-9a63-40b8-9e1f-9b614d73bb9a,L1,Profile
3f69db38-9a63-40b8-9e1f-9b614d73bb9a,L1,Profile
3f69db38-9a63-40b8-9e1f-9b614d73bb9a,L1,Profile
3f69db38-9a63-40b8-9e1f-9b614d73bb9a,L1,Profile
3f69db38-9a63-40b8-9e1f-9b614d73bb9a,L1,Profile
3f69db38-9a63-40b8-9e1f-9b614d73bb9a,L1,Profile
3f69db38-9a63-40b8-9e1f-9b614d73bb9a,L1,Profile
3f69db38-9a63-40b8-9e1f-9b614d73bb9a,L1,Profile
3f69db38-9a63-40b8-9e1f-9b614d73bb9a,L1,Profile
3f69db38-9a63-40b8-9e1f-9b614d73bb9a,L1,Profile
3f69db38-9a63-40b8-9e1f-9b614d73bb9a,L1,Profile
3f69db38-9a63-40b8-9e1f-9b614d73bb9a,L1,Profile
3f69db38-9a63-40b8-9e1f-9b614d73bb9a,L1,Profile
3f69db38-9a63-40b8-9e1f-9b614d73bb9a,L1,Profile
3f69db38-9a63-40b8-9e1f-9b614d73bb9a,L1,Profile
3f69db38-9a63-40b8-9e1f-9b614d73bb9a,L1,Profile
3f69db38-9a63-40b8-9e1f-9b614d73bb9a,L1,Profile
3f69db38-9a63-40b8-9e1f-9b614d73bb9a,L1,Profile
3f69db38-9a63-40b8-9e1f-9b614d73bb9a,L1,Profile
3f69db38-9a63-40b8-9e1f-9b614d73bb9a,L1,Profile
3f69db38-9a63-40b8-9e1f-9b614d73bb9a,L1,Profile
3f69db38-9a63-40b8-9e1f-9b614d73bb9a,L1,Profile
3f69db38-9a63-40b8-9e1f-9b614d73bb9a,L1,Profile
3f69db38-9a63-40b8-9e1f-9b614d73bb9a,L1,Profile
3f69db38-9a63-40b8-9e1f-9b614d73bb9a,L1,Profile
3f69db38-9a63-40b8-9e1f-9b614d73bb9a,L1,Profile
3f69db38-9a63-40b8-9e1f-9b614d73bb9a,L1,Profile
3f69db38-9a63-40b8-9e1f-9b614d73bb9a,L1,Profile
3f69db38-9a63-40b8-9e1f-9b614d73bb9a,L1,Profile
3f69db38-9a63-40b8-9e1f-9b614d73bb9a,L1,Profile
3f69db38-9a63-40b8-9e1f-9b614d73bb9a,L1,Profile
3f69db38-9a63-40b8-9e1f-9b614d73bb9a,L1,Profile
3f69db38-9a63-40b8-9e1f-9b614d73bb9a,L1,Profile
3f69db38-9a63-40b8-9e1f-9b614d73bb9a,L1,Profile
3f69db38-9a63-40b8-9e1f-9b614d73bb9a,L1,Profile
3f69db38-9a63-40b8-9e1f-9b614d73bb9a,L1,Profile
3f69db38-9a63-40b8-9e1f-9b614d73bb9a,L1,Profile
3f69db38-9a63-40b8-9e1f-9b614d73bb9a,L1,Profile
3f69db38-9a63-40b8-9e1f-9b614d73bb9a,L1,Profile
3f69db38-9a63-40b8-9e1f-9b614d73bb9a,L1,Profile
3f69db38-9a63-40b8-9e1f-9b614d73bb9a,L1,Profile
3f69db38-9a63-40b8-9e1f-9b614d73bb9a,L1,Profile
3f69db38-9a63-40b8-9e1f-9b614d73bb9a,L1,Profile
3f69db38-9a63-40b8-9e1f-9b614d73bb9a,L1,Profile
3f69db38-9a63-40b8-9e1f-9b614d73bb9a,L1,Profile
3f69db38-9a63-40b8-9e1f-9b614d73bb9a,L1,Profile
3f69db38-9a63-40b8-9e1f-9b614d73bb9a,L1,Profile
3f69db38-9a63-40b8-9e1f-9b614d73bb9a,L1,Profile
3f69db38-9a63-40b8-9e1f-9b614d73bb9a,L1,Profile
3f69db38-9a63-40b8-9e1f-9b614d73bb9a,L1,Profile
3f69db38-9a63-40b8-9e1f-9b614d73bb9a,L1,Profile
3f69db38-9a63-40b8-9e1f-9b614d73bb9a,L1,Profile
3f69db38-9a63-40b8-9e1f-9b614d73bb9a,L1,Profile
3f69db38-9a63-40b8-9e1f-9b614d73bb9a,L1,Profile
3f69db38-9a63-40b8-9e1f-9b614d73bb9a,L1,Profile
3f69db38-9a63-40b8-9e1f-9b614d73bb9a,L1,Profile
3f69db38-9a63-40b8-9e1f-9b614d73bb9a,L1,Profile
3f69db38-9a63-40b8-9e1f-9b614d73bb9a,L1,Profile
3f69db38-9a63-40b8-9e1f-9b614d73bb9a,L1,Profile
3f69db38-9a63-40b8-9e1f-9b614d73bb9a,L1,Profile
3f69db38-9a63-40b8-9e1f-9b614d73bb9a,L1,Profile
3f69db38-9a63-40b8-9e1f-9b614d73bb9a,L1,Profile
3f69db38-9a63-40b8-9e1f-9b614d73bb9a,L1,Profile
3f69db38-9a63-40b8-9e1f-9b614d73bb9a,L1,Profile
3f69db38-9a63-40b8-9e1f-9b614d73bb9a,L1,Profile
3f69db38-9a63-40b8-9e1f-9b614d73bb9a,L1,Profile
3f69db38-9a63-40b8-9e1f-9b614d73bb9a,L1,Profile
3f69db38-9a63-40b8-9e1f-9b614d73bb9a,L1,Profile
3f69db38-9a63-40b8-9e1f-9b614d73bb9a,L1,Profile
3f69db38-9a63-40b8-9e1f-9b614d73bb9a,L1,Profile
3f69db38-9a63-40b8-9e1f-9b614d73bb9a,L1,Profile
3f69db38-9a63-40b8-9e1f-9b614d73bb9a,L1,Profile
3f69db38-9a63-40b8-9e1f-9b614d73bb9a,L1,Profile
3f69db38-9a63-40b8-9e1f-9b614d73bb9a,L1,Profile
3f69db38-9a63-40b8-9e1f-9b614d73bb9a,L1,Profile
3f69db38-9a63-40b8-9e1f-9b614d73bb9a,L1,Profile
3f69db38-9a63-40b8-9e1f-9b614d73bb9a,L1,Profile
3f69db38-9a63-40b8-9e1f-9b614d73bb9a,L1,Profile
3f69db38-9a63-40b8-9e1f-9b614d73bb9a,L1,Profile
3f69db38-9a63-40b8-9e1f-9b614d73bb9a,L1,Profile
3f69db38-9a63-40b8-9e1f-9b614d73bb9a,L1,Profile
3f69db38-9a63-40b8-9e1f-9b614d73bb9a,L1,Profile
3f69db38-9a63-40b8-9e1f-9b614d73bb9a,L1,Profile
3f69db38-9a63-40b8-9e1f-9b614d73bb9a,L1,Profile
3f69db38-9a63-40b8-9e1f-9b614d73bb9a,L1,Profile
3f69db38-9a63-40b8-9e1f-9b614d73bb9a,L1,Profile
3f69db38-9a63-40b8-9e1f-9b614d73bb9a,L1,Profile
3f69db38-9a63-40b8-9e1f-9b614d73bb9a,L1,Profile
3f69db38-9a63-40b8-9e1f-9b614d73bb9a,L1,Profile
3f69db38-9a63-40b8-9e1f-9b614d73bb9a,L1,Profile
3f69db38-9a63-40b8-9e1f-9b614d73bb9a,L1,Profile
3f69db38-9a63-40b8-9e1f-9b614d73bb9a,L1,Profile
3f69db38-9a63-40b8-9e1f-9b614d73bb9a,L1,Profile
3f69db38-9a63-40b8-9e1f-9b614d73bb9a,L1,Profile
3f69db38-9a63-40b8-9e1f-9b614d73bb9a,L1,Profile
3f69db38-9a63-40b8-9e1f-9b614d73bb9a,L1,Profile
3f69db38-9a63-40b8-9e1f-9b614d73bb9a,L1,Profile
3f69db38-9a63-40b8-9e1f-9b614d73bb9a,L1,Profile
3f69db38-9a63-40b8-9e1f-9b614d73bb9a,L1,Profile
3f69db38-9a63-40b8-9e1f-9b614d73bb9a,L1,Profile
3f69db38-9a63-40b8-9e1f-9b614d73bb9a,L1,Profile
3f69db38-9a63-40b8-9e1f-9b614d73bb9a,L1,Profile
3f69db38-9a63-40b8-9e1f-9b614d73bb9a,L1,Profile
3f69db38-9a63-40b8-9e1f-9b614d73bb9a,L1,Profile
3f69db38-9a63-40b8-9e1f-9b614d73bb9a,L1,Profile
3f69db38-9a63-40b8-9e1f-9b614d73bb9a,L1,Profile
3f69db38-9a63-40b8-9e1f-9b614d73bb9a,L1,Profile
3f69db38-9a63-40b8-9e1f-9b614d73bb9a,L1,Profile
3f69db38-9a63-40b8-9e1f-9b614d73bb9a,L1,Profile
3f69db38-9a63-40b8-9e1f-9b614d73bb9a,L1,Profile
3f69db38-9a63-40b8-9e1f-9b614d73bb9a,L1,Profile
3f69db38-9a63-40b8-9e1f-9b614d73bb9a,L1,Profile
3f69db38-9a63-40b8-9e1f-9b614d73bb9a,L1,Profile
3f69db38-9a63-40b8-9e1f-9b614d73bb9a,L1,Profile
3f69db38-9a63-40b8-9e1f-9b614d73bb9a,L1,Profile
3f69db38-9a63-40b8-9e1f-9b614d73bb9a,L1,Profile
3f69db38-9a63-40b8-9e1f-9b614d73bb9a,L1,Profile
3f69db38-9a63-40b8-9e1f-9b614d73bb9a,L1,Profile
3f69db38-9a63-40b8-9e1f-9b614d73bb9a,L1,Profile
3f69db38-9a63-40b8-9e1f-9b614d73bb9a,L1,Profile
3f69db38-9a63-40b8-9e1f-9b614d73bb9a,L1,Profile
3f69db38-9a63-40b8-9e1f-9b614d73bb9a,L1,Profile
3f69db38-9a63-40b8-9e1f-9b614d73bb9a,L1,Profile
3f69db38-9a63-40b8-9e1f-9b614d73bb9a,L1,Profile
3f69db38-9a63-40b8-9e1f-9b614d73bb9a,L1,Profile
3f69db38-9a63-40b8-9e1f-9b614d73bb9a,L1,Profile
3f69db38-9a63-40b8-9e1f-9b614d73bb9a,L1,Profile
3f69db38-9a63-40b8-9e1f-9b614d73bb9a,L1,Profile
3f69db38-9a63-40b8-9e1f-9b614d73bb9a,L1,Profile
3f69db38-9a63-40b8-9e1f-9b614d73bb9a,L1,Profile
3f69db38-9a63-40b8-9e1f-9b614d73bb9a,L1,Profile
3f69db38-9a63-40b8-9e1f-9b614d73bb9a,L1,Profile
3f69db38-9a63-40b8-9e1f-9b614d73bb9a,L1,Profile
3f69db38-9a63-40b8-9e1f-9b614d73bb9a,L1,Profile
3f69db38-9a63-40b8-9e1f-9b614d73bb9a,L1,Profile
3f69db38-9a63-40b8-9e1f-9b614d73bb9a,L1,Profile
3f69db38-9a63-40b8-9e1f-9b614d73bb9a,L1,Profile
3f69db38-9a63-40b8-9e1f-9b614d73bb9a,L1,Profile
3f69db38-9a63-40b8-9e1f-9b614d73bb9a,L1,Profile
3f69db38-9a63-40b8-9e1f-9b614d73bb9a,L1,Profile
3f69db38-9a63-40b8-9e1f-9b614d73bb9a,L1,Profile
3f69db38-9a63-40b8-9e1f-9b614d73bb9a,L1,Profile
3f69db38-9a63-40b8-9e1f-9b614d73bb9a,L1,Profile
3f69db38-9a63-40b8-9e1f-9b614d73bb9a,L1,Profile
3f69db38-9a63-40b8-9e1f-9b614d73bb9a,L1,Profile
3f69db38-9a63-40b8-9e1f-9b614d73bb9a,L1,Profile
3f69db38-9a63-40b8-9e1f-9b614d73bb9a,L1,Profile
3f69db38-9a63-40b8-9e1f-9b614d73bb9a,L1,Profile
3f69db38-9a63-40b8-9e1f-9b614d73bb9a,L1,Profile
3f69db38-9a63-40b8-9e1f-9b614d73bb9a,L1,Profile
3f69db38-9a63-40b8-9e1f-9b614d73bb9a,L1,Profile
3f69db38-9a63-40b8-9e1f-9b614d73bb9a,L1,Profile
3f69db38-9a63-40b8-9e1f-9b614d73bb9a,L1,Profile
3f69db38-9a63-40b8-9e1f-9b614d73bb9a,L1,Profile
3f69db38-9a63-40b8-9e1f-9b614d73bb9a,L1,Profile
3f69db38-9a63-40b8-9e1f-9b614d73bb9a,L1,Profile
3f69db38-9a63-40b8-9e1f-9b614d73bb9a,L1,Profile
3f69db38-9a63-40b8-9e1f-9b614d73bb9a,L1,Profile
3f69db38-9a63-40b8-9e1f-9b614d73bb9a,L1,Profile
3f69db38-9a63-40b8-9e1f-9b614d73bb9a,L1,Profile
3f69db38-9a63-40b8-9e1f-9b614d73bb9a,L1,Profile
3f69db38-9a63-40b8-9e1f-9b614d73bb9a,L1,Profile
3f69db38-9a63-40b8-9e1f-9b614d73bb9a,L1,Profile
3f69db38-9a63-40b8-9e1f-9b614d73bb9a,L1,Profile
3f69db38-9a63-40b8-9e1f-9b614d73bb9a,L1,Profile
3f69db38-9a63-40b8-9e1f-9b614d73bb9a,L1,Profile
3f69db38-9a63-40b8-9e1f-9b614d73bb9a,L1,Profile
3f69db38-9a63-40b8-9e1f-9b614d73bb9a,L1,Profile
3f69db38-9a63-40b8-9e1f-9b614d73bb9a,L1,Profile
3f69db38-9a63-40b8-9e1f-9b614d73bb9a,L1,Profile
3f69db38-9a63-40b8-9e1f-9b614d73bb9a,L1,Profile
3f69db38-9a63-40b8-9e1f-9b614d73bb9a,L1,Profile
3f69db38-9a63-40b8-9e1f-9b614d73bb9a,L1,Profile
3f69db38-9a63-40b8-9e1f-9b614d73bb9a,L1,Profile
3f69db38-9a63-40b8-9e1f-9b614d73bb9a,L1,Profile
3f69db38-9a63-40b8-9e1f-9b614d73bb9a,L1,Profile
3f69db38-9a63-40b8-9e1f-9b614d73bb9a,L1,Profile
3f69db38-9a63-40b8-9e1f-9b614d73bb9a,L1,Profile
3f69db38-9a63-40b8-9e1f-9b614d73bb9a,L1,Profile
3f69db38-9a63-40b8-9e1f-9b614d73bb9a,L1,Profile
3f69db38-9a63-40b8-9e1f-9b614d73bb9a,L1,Profile
3f69db38-9a63-40b8-9e1f-9b614d73bb9a,L1,Profile
3f69db38-9a63-40b8-9e1f-9b614d73bb9a,L1,Profile
3f69db38-9a63-40b8-9e1f-9b614d73bb9a,L1,Profile
3f69db38-9a63-40b8-9e1f-9b614d73bb9a,L1,Profile
3f69db38-9a63-40b8-9e1f-9b614d73bb9a,L1,Profile
3f69db38-9a63-40b8-9e1f-9b614d73bb9a,L1,Profile
3f69db38-9a63-40b8-9e1f-9b614d73bb9a,L1,Profile
3f69db38-9a63-40b8-9e1f-9b614d73bb9a,L1,Profile
3f69db38-9a63-40b8-9e1f-9b614d73bb9a,L1,Profile
3f69db38-9a63-40b8-9e1f-9b614d73bb9a,L1,Profile
3f69db38-9a63-40b8-9e1f-9b614d73bb9a,L1,Profile
3f69db38-9a63-40b8-9e1f-9b614d73bb9a,L1,Profile
3f69db38-9a63-40b8-9e1f-9b614d73bb9a,L1,Profile
3f69db38-9a63-40b8-9e1f-9b614d73bb9a,L1,Profile
3f69db38-9a63-40b8-9e1f-9b614d73bb9a,L1,Profile
3f69db38-9a63-40b8-9e1f-9b614d73bb9a,L1,Profile
3f69db38-9a63-40b8-9e1f-9b614d73bb9a,L1,Profile
3f69db38-9a63-40b8-9e1f-9b614d73bb9a,L1,Profile
3f69db38-9a63-40b8-9e1f-9b614d73bb9a,L1,Profile
3f69db38-9a63-40b8-9e1f-9b614d73bb9a,L1,Profile
3f69db38-9a63-40b8-9e1f-9b614d73bb9a,L1,Profile
3f69db38-9a63-40b8-9e1f-9b614d73bb9a,L1,Profile
3f69db38-9a63-40b8-9e1f-9b614d73bb9a,L1,Profile
3f69db38-9a63-40b8-9e1f-9b614d73bb9a,L1,Profile
3f69db38-9a63-40b8-9e1f-9b614d73bb9a,L1,Profile
3f69db38-9a63-40b8-9e1f-9b614d73bb9a,L1,Profile
3f69db38-9a63-40b8-9e1f-9b614d73bb9a,L1,Profile
3f69db38-9a63-40b8-9e1f-9b614d73bb9a,L1,Profile
3f69db38-9a63-40b8-9e1f-9b614d73bb9a,L1,Profile
3f69db38-9a63-40b8-9e1f-9b614d73bb9a,L1,Profile
3f69db38-9a63-40b8-9e1f-9b614d73bb9a,L1,Profile
3f69db38-9a63-40b8-9e1f-9b614d73bb9a,L1,Profile
3f69db38-9a63-40b8-9e1f-9b614d73bb9a,L1,Profile
3f69db38-9a63-40b8-9e1f-9b614d73bb9a,L1,Profile
3f69db38-9a63-40b8-9e1f-9b614d73bb9a,L1,Profile
3f69db38-9a63-40b8-9e1f-9b614d73bb9a,L1,Profile
3f69db38-9a63-40b8-9e1f-9b614d73bb9a,L1,Profile
3f69db38-9a63-40b8-9e1f-9b614d73bb9a,L1,Profile
3f69db38-9a63-40b8-9e1f-9b614d73bb9a,L1,Profile
3f69db38-9a63-40b8-9e1f-9b614d73bb9a,L1,Profile
3f69db38-9a63-40b8-9e1f-9b614d73bb9a,L1,Profile
3f69db38-9a63-40b8-9e1f-9b614d73bb9a,L1,Profile
3f69db38-9a63-40b8-9e1f-9b614d73bb9a,L1,Profile
3f69db38-9a63-40b8-9e1f-9b614d73bb9a,L1,Profile
3f69db38-9a63-40b8-9e1f-9b614d73bb9a,L1,Profile
3f69db38-9a63-40b8-9e1f-9b614d73bb9a,L1,Profile
3f69db38-9a63-40b8-9e1f-9b614d73bb9a,L1,Profile
3f69db38-9a63-40b8-9e1f-9b614d73bb9a,L1,Profile
3f69db38-9a63-40b8-9e1f-9b614d73bb9a,L1,Profile
3f69db38-9a63-40b8-9e1f-9b614d73bb9a,L1,Profile
3f69db38-9a63-40b8-9e1f-9b614d73bb9a,L1,Profile
3f69db38-9a63-40b8-9e1f-9b614d73bb9a,L1,Profile
3f69db38-9a63-40b8-9e1f-9b614d73bb9a,L1,Profile
3f69db38-9a63-40b8-9e1f-9b614d73bb9a,L1,Profile
3f69db38-9a63-40b8-9e1f-9b614d73bb9a,L1,Profile
3f69db38-9a63-40b8-9e1f-9b614d73bb9a,L1,Profile
3f69db38-9a63-40b8-9e1f-9b614d73bb9a,L1,Profile
3f69db38-9a63-40b8-9e1f-9b614d73bb9a,L1,Profile
3f69db38-9a63-40b8-9e1f-9b614d73bb9a,L1,Profile
3f69db38-9a63-40b8-9e1f-9b614d73bb9a,L1,Profile
3f69db38-9a63-40b8-9e1f-9b614d73bb9a,L1,Profile
3f69db38-9a63-40b8-9e1f-9b614d73bb9a,L1,Profile
3f69db38-9a63-40b8-9e1f-9b614d73bb9a,L1,Profile
3f69db38-9a63-40b8-9e1f-9b614d73bb9a,L1,Profile
3f69db38-9a63-40b8-9e1f-9b614d73bb9a,L1,Profile
3f69db38-9a63-40b8-9e1f-9b614d73bb9a,L1,Profile
3f69db38-9a63-40b8-9e1f-9b614d73bb9a,L1,Profile
3f69db38-9a63-40b8-9e1f-9b614d73bb9a,L1,Profile
3f69db38-9a63-40b8-9e1f-9b614d73bb9a,L1,Profile
3f69db38-9a63-40b8-9e1f-9b614d73bb9a,L1,Profile
3f69db38-9a63-40b8-9e1f-9b614d73bb9a,L1,Profile
3f69db38-9a63-40b8-9e1f-9b614d73bb9a,L1,Profile
3f69db38-9a63-40b8-9e1f-9b614d73bb9a,L1,Profile
3f69db38-9a63-40b8-9e1f-9b614d73bb9a,L1,Profile
3f69db38-9a63-40b8-9e1f-9b614d73bb9a,L1,Profile
3f69db38-9a63-40b8-9e1f-9b614d73bb9a,L1,Profile
3f69db38-9a63-40b8-9e1f-9b614d73bb9a,L1,Profile
3f69db38-9a63-40b8-9e1f-9b614d73bb9a,L1,Profile
3f69db38-9a63-40b8-9e1f-9b614d73bb9a,L1,Profile
3f69db38-9a63-40b8-9e1f-9b614d73bb9a,L1,Profile
3f69db38-9a63-40b8-9e1f-9b614d73bb9a,L1,Profile
3f69db38-9a63-40b8-9e1f-9b614d73bb9a,L1,Profile
3f69db38-9a63-40b8-9e1f-9b614d73bb9a,L1,Profile
3f69db38-9a63-40b8-9e1f-9b614d73bb9a,L1,Profile
3f69db38-9a63-40b8-9e1f-9b614d73bb9a,L1,Profile
3f69db38-9a63-40b8-9e1f-9b614d73bb9a,L1,Profile
3f69db38-9a63-40b8-9e1f-9b614d73bb9a,L1,Profile
3f69db38-9a63-40b8-9e1f-9b614d73bb9a,L1,Profile
3f69db38-9a63-40b8-9e1f-9b614d73bb9a,L1,Profile
3f69db38-9a63-40b8-9e1f-9b614d73bb9a,L1,Profile
3f69db38-9a63-40b8-9e1f-9b614d73bb9a,L1,Profile
3f69db38-9a63-40b8-9e1f-9b614d73bb9a,L1,Profile
3f69db38-9a63-40b8-9e1f-9b614d73bb9a,L1,Profile
3f69db38-9a63-40b8-9e1f-9b614d73bb9a,L1,Profile
3f69db38-9a63-40b8-9e1f-9b614d73bb9a,L1,Profile
3f69db38-9a63-40b8-9e1f-9b614d73bb9a,L1,Profile
3f69db38-9a63-40b8-9e1f-9b614d73bb9a,L1,Profile
3f69db38-9a63-40b8-9e1f-9b614d73bb9a,L1,Profile
3f69db38-9a63-40b8-9e1f-9b614d73bb9a,L1,Profile
3f69db38-9a63-40b8-9e1f-9b614d73bb9a,L1,Profile
3f69db38-9a63-40b8-9e1f-9b614d73bb9a,L1,Profile
3f69db38-9a63-40b8-9e1f-9b614d73bb9a,L1,Profile
3f69db38-9a63-40b8-9e1f-9b614d73bb9a,L1,Profile
3f69db38-9a63-40b8-9e1f-9b614d73bb9a,L1,Profile
3f69db38-9a63-40b8-9e1f-9b614d73bb9a,L1,Profile
3f69db38-9a63-40b8-9e1f-9b614d73bb9a,L1,Profile
3f69db38-9a63-40b8-9e1f-9b614d73bb9a,L1,Profile
3f69db38-9a63-40b8-9e1f-9b614d73bb9a,L1,Profile
3f69db38-9a63-40b8-9e1f-9b614d73bb9a,L1,Profile
3f69db38-9a63-40b8-9e1f-9b614d73bb9a,L1,Profile
3f69db38-9a63-40b8-9e1f-9b614d73bb9a,L1,Profile
3f69db38-9a63-40b8-9e1f-9b614d73bb9a,L1,Profile
3f69db38-9a63-40b8-9e1f-9b614d73bb9a,L1,Profile
3f69db38-9a63-40b8-9e1f-9b614d73bb9a,L1,Profile
3f69db38-9a63-40b8-9e1f-9b614d73bb9a,L1,Profile
3f69db38-9a63-40b8-9e1f-9b614d73bb9a,L1,Profile
3f69db38-9a63-40b8-9e1f-9b614d73bb9a,L1,Profile
3f69db38-9a63-40b8-9e1f-9b614d73bb9a,L1,Profile
3f69db38-9a63-40b8-9e1f-9b614d73bb9a,L1,Profile
3f69db38-9a63-40b8-9e1f-9b614d73bb9a,L1,Profile
3f69db38-9a63-40b8-9e1f-9b614d73bb9a,L1,Profile
3f69db38-9a63-40b8-9e1f-9b614d73bb9a,L1,Profile
3f69db38-9a63-40b8-9e1f-9b614d73bb9a,L1,Profile
3f69db38-9a63-40b8-9e1f-9b614d73bb9a,L1,Profile
3f69db38-9a63-40b8-9e1f-9b614d73bb9a,L1,Profile
3f69db38-9a63-40b8-9e1f-9b614d73bb9a,L1,Profile
3f69db38-9a63-40b8-9e1f-9b614d73bb9a,L1,Profile
3f69db38-9a63-40b8-9e1f-9b614d73bb9a,L1,Profile
3f69db38-9a63-40b8-9e1f-9b614d73bb9a,L1,Profile
3f69db38-9a63-40b8-9e1f-9b614d73bb9a,L1,Profile
3f69db38-9a63-40b8-9e1f-9b614d73bb9a,L1,Profile
3f69db38-9a63-40b8-9e1f-9b614d73bb9a,L1,Profile
3f69db38-9a63-40b8-9e1f-9b614d73bb9a,L1,Profile
3f69db38-9a63-40b8-9e1f-9b614d73bb9a,L1,Profile
3f69db38-9a63-40b8-9e1f-9b614d73bb9a,L1,Profile
3f69db38-9a63-40b8-9e1f-9b614d73bb9a,L1,Profile
3f69db38-9a63-40b8-9e1f-9b614d73bb9a,L1,Profile
3f69db38-9a63-40b8-9e1f-9b614d73bb9a,L1,Profile
3f69db38-9a63-40b8-9e1f-9b614d73bb9a,L1,Profile
3f69db38-9a63-40b8-9e1f-9b614d73bb9a,L1,Profile
3f69db38-9a63-40b8-9e1f-9b614d73bb9a,L1,Profile
3f69db38-9a63-40b8-9e1f-9b614d73bb9a,L1,Profile
3f69db38-9a63-40b8-9e1f-9b614d73bb9a,L1,Profile
3f69db38-9a63-40b8-9e1f-9b614d73bb9a,L1,Profile
3f69db38-9a63-40b8-9e1f-9b614d73bb9a,L1,Profile
3f69db38-9a63-40b8-9e1f-9b614d73bb9a,L1,Profile
3f69db38-9a63-40b8-9e1f-9b614d73bb9a,L1,Profile
3f69db38-9a63-40b8-9e1f-9b614d73bb9a,L1,Profile
3f69db38-9a63-40b8-9e1f-9b614d73bb9a,L1,Profile
3f69db38-9a63-40b8-9e1f-9b614d73bb9a,L1,Profile
3f69db38-9a63-40b8-9e1f-9b614d73bb9a,L1,Profile
3f69db38-9a63-40b8-9e1f-9b614d73bb9a,L1,Profile
3f69db38-9a63-40b8-9e1f-9b614d73bb9a,L1,Profile
3f69db38-9a63-40b8-9e1f-9b614d73bb9a,L1,Profile
3f69db38-9a63-40b8-9e1f-9b614d73bb9a,L1,Profile
3f69db38-9a63-40b8-9e1f-9b614d73bb9a,L1,Profile
3f69db38-9a63-40b8-9e1f-9b614d73bb9a,L1,Profile
3f69db38-9a63-40b8-9e1f-9b614d73bb9a,L1,Profile
3f69db38-9a63-40b8-9e1f-9b614d73bb9a,L1,Profile
3f69db38-9a63-40b8-9e1f-9b614d73bb9a,L1,Profile
3f69db38-9a63-40b8-9e1f-9b614d73bb9a,L1,Profile
3f69db38-9a63-40b8-9e1f-9b614d73bb9a,L1,Profile
3f69db38-9a63-40b8-9e1f-9b614d73bb9a,L1,Profile
3f69db38-9a63-40b8-9e1f-9b614d73bb9a,L1,Profile
3f69db38-9a63-40b8-9e1f-9b614d73bb9a,L1,Profile
3f69db38-9a63-40b8-9e1f-9b614d73bb9a,L1,Profile
3f69db38-9a63-40b8-9e1f-9b614d73bb9a,L1,Profile
3f69db38-9a63-40b8-9e1f-9b614d73bb9a,L1,Profile
3f69db38-9a63-40b8-9e1f-9b614d73bb9a,L1,Profile
3f69db38-9a63-40b8-9e1f-9b614d73bb9a,L1,Profile
3f69db38-9a63-40b8-9e1f-9b614d73bb9a,L1,Profile
3f69db38-9a63-40b8-9e1f-9b614d73bb9a,L1,Profile
3f69db38-9a63-40b8-9e1f-9b614d73bb9a,L1,Profile
3f69db38-9a63-40b8-9e1f-9b614d73bb9a,L1,Profile
3f69db38-9a63-40b8-9e1f-9b614d73bb9a,L1,Profile
3f69db38-9a63-40b8-9e1f-9b614d73bb9a,L1,Profile
3f69db38-9a63-40b8-9e1f-9b614d73bb9a,L1,Profile
3f69db38-9a63-40b8-9e1f-9b614d73bb9a,L1,Profile
3f69db38-9a63-40b8-9e1f-9b614d73bb9a,L1,Profile
3f69db38-9a63-40b8-9e1f-9b614d73bb9a,L1,Profile
3f69db38-9a63-40b8-9e1f-9b614d73bb9a,L1,Profile
3f69db38-9a63-40b8-9e1f-9b614d73bb9a,L1,Profile
3f69db38-9a63-40b8-9e1f-9b614d73bb9a,L1,Profile
3f69db38-9a63-40b8-9e1f-9b614d73bb9a,L1,Profile
3f69db38-9a63-40b8-9e1f-9b614d73bb9a,L1,Profile
3f69db38-9a63-40b8-9e1f-9b614d73bb9a,L1,Profile
3f69db38-9a63-40b8-9e1f-9b614d73bb9a,L1,Profile
3f69db38-9a63-40b8-9e1f-9b614d73bb9a,L1,Profile
3f69db38-9a63-40b8-9e1f-9b614d73bb9a,L1,Profile
3f69db38-9a63-40b8-9e1f-9b614d73bb9a,L1,Profile
3f69db38-9a63-40b8-9e1f-9b614d73bb9a,L1,Profile
3f69db38-9a63-40b8-9e1f-9b614d73bb9a,L1,Profile
3f69db38-9a63-40b8-9e1f-9b614d73bb9a,L1,Profile
3f69db38-9a63-40b8-9e1f-9b614d73bb9a,L1,Profile
3f69db38-9a63-40b8-9e1f-9b614d73bb9a,L1,Profile
3f69db38-9a63-40b8-9e1f-9b614d73bb9a,L1,Profile
3f69db38-9a63-40b8-9e1f-9b614d73bb9a,L1,Profile
3f69db38-9a63-40b8-9e1f-9b614d73bb9a,L1,Profile
3f69db38-9a63-40b8-9e1f-9b614d73bb9a,L1,Profile
3f69db38-9a63-40b8-9e1f-9b614d73bb9a,L1,Profile
3f69db38-9a63-40b8-9e1f-9b614d73bb9a,L1,Profile
3f69db38-9a63-40b8-9e1f-9b614d73bb9a,L1,Profile
3f69db38-9a63-40b8-9e1f-9b614d73bb9a,L1,Profile
3f69db38-9a63-40b8-9e1f-9b614d73bb9a,L1,Profile
3f69db38-9a63-40b8-9e1f-9b614d73bb9a,L1,Profile
3f69db38-9a63-40b8-9e1f-9b614d73bb9a,L1,Profile
3f69db38-9a63-40b8-9e1f-9b614d73bb9a,L1,Profile
3f69db38-9a63-40b8-9e1f-9b614d73bb9a,L1,Profile
3f69db38-9a63-40b8-9e1f-9b614d73bb9a,L1,Profile
3f69db38-9a63-40b8-9e1f-9b614d73bb9a,L1,Profile
3f69db38-9a63-40b8-9e1f-9b614d73bb9a,L1,Profile
3f69db38-9a63-40b8-9e1f-9b614d73bb9a,L1,Profile
3f69db38-9a63-40b8-9e1f-9b614d73bb9a,L1,Profile
3f69db38-9a63-40b8-9e1f-9b614d73bb9a,L1,Profile
3f69db38-9a63-40b8-9e1f-9b614d73bb9a,L1,Profile
3f69db38-9a63-40b8-9e1f-9b614d73bb9a,L1,Profile
3f69db38-9a63-40b8-9e1f-9b614d73bb9a,L1,Profile
3f69db38-9a63-40b8-9e1f-9b614d73bb9a,L1,Profile
3f69db38-9a63-40b8-9e1f-9b614d73bb9a,L1,Profile
3f69db38-9a63-40b8-9e1f-9b614d73bb9a,L1,Profile
3f69db38-9a63-40b8-9e1f-9b614d73bb9a,L1,Profile
3f69db38-9a63-40b8-9e1f-9b614d73bb9a,L1,Profile
3f69db38-9a63-40b8-9e1f-9b614d73bb9a,L1,Profile
3f69db38-9a63-40b8-9e1f-9b614d73bb9a,L1,Profile
3f69db38-9a63-40b8-9e1f-9b614d73bb9a,L1,Profile
3f69db38-9a63-40b8-9e1f-9b614d73bb9a,L1,Profile
3f69db38-9a63-40b8-9e1f-9b614d73bb9a,L1,Profile
3f69db38-9a63-40b8-9e1f-9b614d73bb9a,L1,Profile
3f69db38-9a63-40b8-9e1f-9b614d73bb9a,L1,Profile
3f69db38-9a63-40b8-9e1f-9b614d73bb9a,L1,Profile
3f69db38-9a63-40b8-9e1f-9b614d73bb9a,L1,Profile
3f69db38-9a63-40b8-9e1f-9b614d73bb9a,L1,Profile
3f69db38-9a63-40b8-9e1f-9b614d73bb9a,L1,Profile
3f69db38-9a63-40b8-9e1f-9b614d73bb9a,L1,Profile
3f69db38-9a63-40b8-9e1f-9b614d73bb9a,L1,Profile
3f69db38-9a63-40b8-9e1f-9b614d73bb9a,L1,Profile
3f69db38-9a63-40b8-9e1f-9b614d73bb9a,L1,Profile
3f69db38-9a63-40b8-9e1f-9b614d73bb9a,L1,Profile
3f69db38-9a63-40b8-9e1f-9b614d73bb9a,L1,Profile
3f69db38-9a63-40b8-9e1f-9b614d73bb9a,L1,Profile
3f69db38-9a63-40b8-9e1f-9b614d73bb9a,L1,Profile
3f69db38-9a63-40b8-9e1f-9b614d73bb9a,L1,Profile
3f69db38-9a63-40b8-9e1f-9b614d73bb9a,L1,Profile
3f69db38-9a63-40b8-9e1f-9b614d73bb9a,L1,Profile
3f69db38-9a63-40b8-9e1f-9b614d73bb9a,L1,Profile
3f69db38-9a63-40b8-9e1f-9b614d73bb9a,L1,Profile
3f69db38-9a63-40b8-9e1f-9b614d73bb9a,L1,Profile
3f69db38-9a63-40b8-9e1f-9b614d73bb9a,L1,Profile
3f69db38-9a63-40b8-9e1f-9b614d73bb9a,L1,Profile
3f69db38-9a63-40b8-9e1f-9b614d73bb9a,L1,Profile
3f69db38-9a63-40b8-9e1f-9b614d73bb9a,L1,Profile
3f69db38-9a63-40b8-9e1f-9b614d73bb9a,L1,Profile
3f69db38-9a63-40b8-9e1f-9b614d73bb9a,L1,Profile
3f69db38-9a63-40b8-9e1f-9b614d73bb9a,L1,Profile
3f69db38-9a63-40b8-9e1f-9b614d73bb9a,L1,Profile
3f69db38-9a63-40b8-9e1f-9b614d73bb9a,L1,Profile
3f69db38-9a63-40b8-9e1f-9b614d73bb9a,L1,Profile
3f69db38-9a63-40b8-9e1f-9b614d73bb9a,L1,Profile
3f69db38-9a63-40b8-9e1f-9b614d73bb9a,L1,Profile
3f69db38-9a63-40b8-9e1f-9b614d73bb9a,L1,Profile
3f69db38-9a63-40b8-9e1f-9b614d73bb9a,L1,Profile
3f69db38-9a63-40b8-9e1f-9b614d73bb9a,L1,Profile
3f69db38-9a63-40b8-9e1f-9b614d73bb9a,L1,Profile
3f69db38-9a63-40b8-9e1f-9b614d73bb9a,L1,Profile
3f69db38-9a63-40b8-9e1f-9b614d73bb9a,L1,Profile
3f69db38-9a63-40b8-9e1f-9b614d73bb9a,L1,Profile
3f69db38-9a63-40b8-9e1f-9b614d73bb9a,L1,Profile
3f69db38-9a63-40b8-9e1f-9b614d73bb9a,L1,Profile
3f69db38-9a63-40b8-9e1f-9b614d73bb9a,L1,Profile
3f69db38-9a63-40b8-9e1f-9b614d73bb9a,L1,Profile
3f69db38-9a63-40b8-9e1f-9b614d73bb9a,L1,Profile
3f69db38-9a63-40b8-9e1f-9b614d73bb9a,L1,Profile
3f69db38-9a63-40b8-9e1f-9b614d73bb9a,L1,Profile
3f69db38-9a63-40b8-9e1f-9b614d73bb9a,L1,Profile
3f69db38-9a63-40b8-9e1f-9b614d73bb9a,L1,Profile
3f69db38-9a63-40b8-9e1f-9b614d73bb9a,L1,Profile
3f69db38-9a63-40b8-9e1f-9b614d73bb9a,L1,Profile
3f69db38-9a63-40b8-9e1f-9b614d73bb9a,L1,Profile
3f69db38-9a63-40b8-9e1f-9b614d73bb9a,L1,Profile
3f69db38-9a63-40b8-9e1f-9b614d73bb9a,L1,Profile
3f69db38-9a63-40b8-9e1f-9b614d73bb9a,L1,Profile
3f69db38-9a63-40b8-9e1f-9b614d73bb9a,L1,Profile
3f69db38-9a63-40b8-9e1f-9b614d73bb9a,L1,Profile
3f69db38-9a63-40b8-9e1f-9b614d73bb9a,L1,Profile
3f69db38-9a63-40b8-9e1f-9b614d73bb9a,L1,Profile
3f69db38-9a63-40b8-9e1f-9b614d73bb9a,L1,Profile
3f69db38-9a63-40b8-9e1f-9b614d73bb9a,L1,Profile
3f69db38-9a63-40b8-9e1f-9b614d73bb9a,L1,Profile
3f69db38-9a63-40b8-9e1f-9b614d73bb9a,L1,Profile
3f69db38-9a63-40b8-9e1f-9b614d73bb9a,L1,Profile
3f69db38-9a63-40b8-9e1f-9b614d73bb9a,L1,Profile
3f69db38-9a63-40b8-9e1f-9b614d73bb9a,L1,Profile
3f69db38-9a63-40b8-9e1f-9b614d73bb9a,L1,Profile
3f69db38-9a63-40b8-9e1f-9b614d73bb9a,L1,Profile
3f69db38-9a63-40b8-9e1f-9b614d73bb9a,L1,Profile
3f69db38-9a63-40b8-9e1f-9b614d73bb9a,L1,Profile
3f69db38-9a63-40b8-9e1f-9b614d73bb9a,L1,Profile
3f69db38-9a63-40b8-9e1f-9b614d73bb9a,L1,Profile
3f69db38-9a63-40b8-9e1f-9b614d73bb9a,L1,Profile
3f69db38-9a63-40b8-9e1f-9b614d73bb9a,L1,Profile
3f69db38-9a63-40b8-9e1f-9b614d73bb9a,L1,Profile
3f69db38-9a63-40b8-9e1f-9b614d73bb9a,L1,Profile
3f69db38-9a63-40b8-9e1f-9b614d73bb9a,L1,Profile
3f69db38-9a63-40b8-9e1f-9b614d73bb9a,L1,Profile
3f69db38-9a63-40b8-9e1f-9b614d73bb9a,L1,Profile
3f69db38-9a63-40b8-9e1f-9b614d73bb9a,L1,Profile
3f69db38-9a63-40b8-9e1f-9b614d73bb9a,L1,Profile
3f69db38-9a63-40b8-9e1f-9b614d73bb9a,L1,Profile
3f69db38-9a63-40b8-9e1f-9b614d73bb9a,L1,Profile
3f69db38-9a63-40b8-9e1f-9b614d73bb9a,L1,Profile
3f69db38-9a63-40b8-9e1f-9b614d73bb9a,L1,Profile
3f69db38-9a63-40b8-9e1f-9b614d73bb9a,L1,Profile
3f69db38-9a63-40b8-9e1f-9b614d73bb9a,L1,Profile
3f69db38-9a63-40b8-9e1f-9b614d73bb9a,L1,Profile
3f69db38-9a63-40b8-9e1f-9b614d73bb9a,L1,Profile
3f69db38-9a63-40b8-9e1f-9b614d73bb9a,L1,Profile
3f69db38-9a63-40b8-9e1f-9b614d73bb9a,L1,Profile
3f69db38-9a63-40b8-9e1f-9b614d73bb9a,L1,Profile
3f69db38-9a63-40b8-9e1f-9b614d73bb9a,L1,Profile
3f69db38-9a63-40b8-9e1f-9b614d73bb9a,L1,Profile
3f69db38-9a63-40b8-9e1f-9b614d73bb9a,L1,Profile
3f69db38-9a63-40b8-9e1f-9b614d73bb9a,L1,Profile
3f69db38-9a63-40b8-9e1f-9b614d73bb9a,L1,Profile
3f69db38-9a63-40b8-9e1f-9b614d73bb9a,L1,Profile
3f69db38-9a63-40b8-9e1f-9b614d73bb9a,L1,Profile
3f69db38-9a63-40b8-9e1f-9b614d73bb9a,L1,Profile
3f69db38-9a63-40b8-9e1f-9b614d73bb9a,L1,Profile
3f69db38-9a63-40b8-9e1f-9b614d73bb9a,L1,Profile
3f69db38-9a63-40b8-9e1f-9b614d73bb9a,L1,Profile
3f69db38-9a63-40b8-9e1f-9b614d73bb9a,L1,Profile
3f69db38-9a63-40b8-9e1f-9b614d73bb9a,L1,Profile
3f69db38-9a63-40b8-9e1f-9b614d73bb9a,L1,Profile
3f69db38-9a63-40b8-9e1f-9b614d73bb9a,L1,Profile
3f69db38-9a63-40b8-9e1f-9b614d73bb9a,L1,Profile
3f69db38-9a63-40b8-9e1f-9b614d73bb9a,L1,Profile
3f69db38-9a63-40b8-9e1f-9b614d73bb9a,L1,Profile
3f69db38-9a63-40b8-9e1f-9b614d73bb9a,L1,Profile
3f69db38-9a63-40b8-9e1f-9b614d73bb9a,L1,Profile
3f69db38-9a63-40b8-9e1f-9b614d73bb9a,L1,Profile
3f69db38-9a63-40b8-9e1f-9b614d73bb9a,L1,Profile
3f69db38-9a63-40b8-9e1f-9b614d73bb9a,L1,Profile
3f69db38-9a63-40b8-9e1f-9b614d73bb9a,L1,Profile
3f69db38-9a63-40b8-9e1f-9b614d73bb9a,L1,Profile
3f69db38-9a63-40b8-9e1f-9b614d73bb9a,L1,Profile
3f69db38-9a63-40b8-9e1f-9b614d73bb9a,L1,Profile
3f69db38-9a63-40b8-9e1f-9b614d73bb9a,L1,Profile
3f69db38-9a63-40b8-9e1f-9b614d73bb9a,L1,Profile
3f69db38-9a63-40b8-9e1f-9b614d73bb9a,L1,Profile
3f69db38-9a63-40b8-9e1f-9b614d73bb9a,L1,Profile
3f69db38-9a63-40b8-9e1f-9b614d73bb9a,L1,Profile
3f69db38-9a63-40b8-9e1f-9b614d73bb9a,L1,Profile
3f69db38-9a63-40b8-9e1f-9b614d73bb9a,L1,Profile
3f69db38-9a63-40b8-9e1f-9b614d73bb9a,L1,Profile
3f69db38-9a63-40b8-9e1f-9b614d73bb9a,L1,Profile
3f69db38-9a63-40b8-9e1f-9b614d73bb9a,L1,Profile
3f69db38-9a63-40b8-9e1f-9b614d73bb9a,L1,Profile
3f69db38-9a63-40b8-9e1f-9b614d73bb9a,L1,Profile
3f69db38-9a63-40b8-9e1f-9b614d73bb9a,L1,Profile
3f69db38-9a63-40b8-9e1f-9b614d73bb9a,L1,Profile
3f69db38-9a63-40b8-9e1f-9b614d73bb9a,L1,Profile
3f69db38-9a63-40b8-9e1f-9b614d73bb9a,L1,Profile
3f69db38-9a63-40b8-9e1f-9b614d73bb9a,L1,Profile
3f69db38-9a63-40b8-9e1f-9b614d73bb9a,L1,Profile
3f69db38-9a63-40b8-9e1f-9b614d73bb9a,L1,Profile
3f69db38-9a63-40b8-9e1f-9b614d73bb9a,L1,Profile
3f69db38-9a63-40b8-9e1f-9b614d73bb9a,L1,Profile
3f69db38-9a63-40b8-9e1f-9b614d73bb9a,L1,Profile
3f69db38-9a63-40b8-9e1f-9b614d73bb9a,L1,Profile
3f69db38-9a63-40b8-9e1f-9b614d73bb9a,L1,Profile
3f69db38-9a63-40b8-9e1f-9b614d73bb9a,L1,Profile
3f69db38-9a63-40b8-9e1f-9b614d73bb9a,L1,Profile
3f69db38-9a63-40b8-9e1f-9b614d73bb9a,L1,Profile
3f69db38-9a63-40b8-9e1f-9b614d73bb9a,L1,Profile
3f69db38-9a63-40b8-9e1f-9b614d73bb9a,L1,Profile
3f69db38-9a63-40b8-9e1f-9b614d73bb9a,L1,Profile
3f69db38-9a63-40b8-9e1f-9b614d73bb9a,L1,Profile
3f69db38-9a63-40b8-9e1f-9b614d73bb9a,L1,Profile
3f69db38-9a63-40b8-9e1f-9b614d73bb9a,L1,Profile
3f69db38-9a63-40b8-9e1f-9b614d73bb9a,L1,Profile
3f69db38-9a63-40b8-9e1f-9b614d73bb9a,L1,Profile
3f69db38-9a63-40b8-9e1f-9b614d73bb9a,L1,Profile
3f69db38-9a63-40b8-9e1f-9b614d73bb9a,L1,Profile
3f69db38-9a63-40b8-9e1f-9b614d73bb9a,L1,Profile
3f69db38-9a63-40b8-9e1f-9b614d73bb9a,L1,Profile
3f69db38-9a63-40b8-9e1f-9b614d73bb9a,L1,Profile
3f69db38-9a63-40b8-9e1f-9b614d73bb9a,L1,Profile
3f69db38-9a63-40b8-9e1f-9b614d73bb9a,L1,Profile
3f69db38-9a63-40b8-9e1f-9b614d73bb9a,L1,Profile
3f69db38-9a63-40b8-9e1f-9b614d73bb9a,L1,Profile
3f69db38-9a63-40b8-9e1f-9b614d73bb9a,L1,Profile
3f69db38-9a63-40b8-9e1f-9b614d73bb9a,L1,Profile
3f69db38-9a63-40b8-9e1f-9b614d73bb9a,L1,Profile
3f69db38-9a63-40b8-9e1f-9b614d73bb9a,L1,Profile
3f69db38-9a63-40b8-9e1f-9b614d73bb9a,L1,Profile
3f69db38-9a63-40b8-9e1f-9b614d73bb9a,L1,Profile
3f69db38-9a63-40b8-9e1f-9b614d73bb9a,L1,Profile
3f69db38-9a63-40b8-9e1f-9b614d73bb9a,L1,Profile
3f69db38-9a63-40b8-9e1f-9b614d73bb9a,L1,Profile
3f69db38-9a63-40b8-9e1f-9b614d73bb9a,L1,Profile
3f69db38-9a63-40b8-9e1f-9b614d73bb9a,L1,Profile
3f69db38-9a63-40b8-9e1f-9b614d73bb9a,L1,Profile
3f69db38-9a63-40b8-9e1f-9b614d73bb9a,L1,Profile
3f69db38-9a63-40b8-9e1f-9b614d73bb9a,L1,Profile
3f69db38-9a63-40b8-9e1f-9b614d73bb9a,L1,Profile
3f69db38-9a63-40b8-9e1f-9b614d73bb9a,L1,Profile
3f69db38-9a63-40b8-9e1f-9b614d73bb9a,L1,Profile
3f69db38-9a63-40b8-9e1f-9b614d73bb9a,L1,Profile
3f69db38-9a63-40b8-9e1f-9b614d73bb9a,L1,Profile
3f69db38-9a63-40b8-9e1f-9b614d73bb9a,L1,Profile
3f69db38-9a63-40b8-9e1f-9b614d73bb9a,L1,Profile
3f69db38-9a63-40b8-9e1f-9b614d73bb9a,L1,Profile
3f69db38-9a63-40b8-9e1f-9b614d73bb9a,L1,Profile
3f69db38-9a63-40b8-9e1f-9b614d73bb9a,L1,Profile
3f69db38-9a63-40b8-9e1f-9b614d73bb9a,L1,Profile
3f69db38-9a63-40b8-9e1f-9b614d73bb9a,L1,Profile
3f69db38-9a63-40b8-9e1f-9b614d73bb9a,L1,Profile
3f69db38-9a63-40b8-9e1f-9b614d73bb9a,L1,Profile
3f69db38-9a63-40b8-9e1f-9b614d73bb9a,L1,Profile
3f69db38-9a63-40b8-9e1f-9b614d73bb9a,L1,Profile
3f69db38-9a63-40b8-9e1f-9b614d73bb9a,L1,Profile
3f69db38-9a63-40b8-9e1f-9b614d73bb9a,L1,Profile
3f69db38-9a63-40b8-9e1f-9b614d73bb9a,L1,Profile
3f69db38-9a63-40b8-9e1f-9b614d73bb9a,L1,Profile
3f69db38-9a63-40b8-9e1f-9b614d73bb9a,L1,Profile
3f69db38-9a63-40b8-9e1f-9b614d73bb9a,L1,Profile
3f69db38-9a63-40b8-9e1f-9b614d73bb9a,L1,Profile
3f69db38-9a63-40b8-9e1f-9b614d73bb9a,L1,Profile
3f69db38-9a63-40b8-9e1f-9b614d73bb9a,L1,Profile
3f69db38-9a63-40b8-9e1f-9b614d73bb9a,L1,Profile
3f69db38-9a63-40b8-9e1f-9b614d73bb9a,L1,Profile
3f69db38-9a63-40b8-9e1f-9b614d73bb9a,L1,Profile
3f69db38-9a63-40b8-9e1f-9b614d73bb9a,L1,Profile
3f69db38-9a63-40b8-9e1f-9b614d73bb9a,L1,Profile
3f69db38-9a63-40b8-9e1f-9b614d73bb9a,L1,Profile
3f69db38-9a63-40b8-9e1f-9b614d73bb9a,L1,Profile
3f69db38-9a63-40b8-9e1f-9b614d73bb9a,L1,Profile
3f69db38-9a63-40b8-9e1f-9b614d73bb9a,L1,Profile
3f69db38-9a63-40b8-9e1f-9b614d73bb9a,L1,Profile
3f69db38-9a63-40b8-9e1f-9b614d73bb9a,L1,Profile
3f69db38-9a63-40b8-9e1f-9b614d73bb9a,L1,Profile
3f69db38-9a63-40b8-9e1f-9b614d73bb9a,L1,Profile
3f69db38-9a63-40b8-9e1f-9b614d73bb9a,L1,Profile
3f69db38-9a63-40b8-9e1f-9b614d73bb9a,L1,Profile
3f69db38-9a63-40b8-9e1f-9b614d73bb9a,L1,Profile
3f69db38-9a63-40b8-9e1f-9b614d73bb9a,L1,Profile
3f69db38-9a63-40b8-9e1f-9b614d73bb9a,L1,Profile
3f69db38-9a63-40b8-9e1f-9b614d73bb9a,L1,Profile
3f69db38-9a63-40b8-9e1f-9b614d73bb9a,L1,Profile
3f69db38-9a63-40b8-9e1f-9b614d73bb9a,L1,Profile
3f69db38-9a63-40b8-9e1f-9b614d73bb9a,L1,Profile
3f69db38-9a63-40b8-9e1f-9b614d73bb9a,L1,Profile
3f69db38-9a63-40b8-9e1f-9b614d73bb9a,L1,Profile
3f69db38-9a63-40b8-9e1f-9b614d73bb9a,L1,Profile
3f69db38-9a63-40b8-9e1f-9b614d73bb9a,L1,Profile
3f69db38-9a63-40b8-9e1f-9b614d73bb9a,L1,Profile
3f69db38-9a63-40b8-9e1f-9b614d73bb9a,L1,Profile
3f69db38-9a63-40b8-9e1f-9b614d73bb9a,L1,Profile
3f69db38-9a63-40b8-9e1f-9b614d73bb9a,L1,Profile
3f69db38-9a63-40b8-9e1f-9b614d73bb9a,L1,Profile
3f69db38-9a63-40b8-9e1f-9b614d73bb9a,L1,Profile
3f69db38-9a63-40b8-9e1f-9b614d73bb9a,L1,Profile
3f69db38-9a63-40b8-9e1f-9b614d73bb9a,L1,Profile
3f69db38-9a63-40b8-9e1f-9b614d73bb9a,L1,Profile
3f69db38-9a63-40b8-9e1f-9b614d73bb9a,L1,Profile
3f69db38-9a63-40b8-9e1f-9b614d73bb9a,L1,Profile
3f69db38-9a63-40b8-9e1f-9b614d73bb9a,L1,Profile
3f69db38-9a63-40b8-9e1f-9b614d73bb9a,L1,Profile
3f69db38-9a63-40b8-9e1f-9b614d73bb9a,L1,Profile
3f69db38-9a63-40b8-9e1f-9b614d73bb9a,L1,Profile
3f69db38-9a63-40b8-9e1f-9b614d73bb9a,L1,Profile
3f69db38-9a63-40b8-9e1f-9b614d73bb9a,L1,Profile
3f69db38-9a63-40b8-9e1f-9b614d73bb9a,L1,Profile
3f69db38-9a63-40b8-9e1f-9b614d73bb9a,L1,Profile
3f69db38-9a63-40b8-9e1f-9b614d73bb9a,L1,Profile
3f69db38-9a63-40b8-9e1f-9b614d73bb9a,L1,Profile
3f69db38-9a63-40b8-9e1f-9b614d73bb9a,L1,Profile
3f69db38-9a63-40b8-9e1f-9b614d73bb9a,L1,Profile
3f69db38-9a63-40b8-9e1f-9b614d73bb9a,L1,Profile
3f69db38-9a63-40b8-9e1f-9b614d73bb9a,L1,Profile
3f69db38-9a63-40b8-9e1f-9b614d73bb9a,L1,Profile
3f69db38-9a63-40b8-9e1f-9b614d73bb9a,L1,Profile
3f69db38-9a63-40b8-9e1f-9b614d73bb9a,L1,Profile
3f69db38-9a63-40b8-9e1f-9b614d73bb9a,L1,Profile
3f69db38-9a63-40b8-9e1f-9b614d73bb9a,L1,Profile
3f69db38-9a63-40b8-9e1f-9b614d73bb9a,L1,Profile
3f69db38-9a63-40b8-9e1f-9b614d73bb9a,L1,Profile
3f69db38-9a63-40b8-9e1f-9b614d73bb9a,L1,Profile
3f69db38-9a63-40b8-9e1f-9b614d73bb9a,L1,Profile
3f69db38-9a63-40b8-9e1f-9b614d73bb9a,L1,Profile
3f69db38-9a63-40b8-9e1f-9b614d73bb9a,L1,Profile
3f69db38-9a63-40b8-9e1f-9b614d73bb9a,L1,Profile
3f69db38-9a63-40b8-9e1f-9b614d73bb9a,L1,Profile
3f69db38-9a63-40b8-9e1f-9b614d73bb9a,L1,Profile
3f69db38-9a63-40b8-9e1f-9b614d73bb9a,L1,Profile
3f69db38-9a63-40b8-9e1f-9b614d73bb9a,L1,Profile
3f69db38-9a63-40b8-9e1f-9b614d73bb9a,L1,Profile
3f69db38-9a63-40b8-9e1f-9b614d73bb9a,L1,Profile
3f69db38-9a63-40b8-9e1f-9b614d73bb9a,L1,Profile
3f69db38-9a63-40b8-9e1f-9b614d73bb9a,L1,Profile
3f69db38-9a63-40b8-9e1f-9b614d73bb9a,L1,Profile
3f69db38-9a63-40b8-9e1f-9b614d73bb9a,L1,Profile
3f69db38-9a63-40b8-9e1f-9b614d73bb9a,L1,Profile
3f69db38-9a63-40b8-9e1f-9b614d73bb9a,L1,Profile
3f69db38-9a63-40b8-9e1f-9b614d73bb9a,L1,Profile
3f69db38-9a63-40b8-9e1f-9b614d73bb9a,L1,Profile
3f69db38-9a63-40b8-9e1f-9b614d73bb9a,L1,Profile
3f69db38-9a63-40b8-9e1f-9b614d73bb9a,L1,Profile
3f69db38-9a63-40b8-9e1f-9b614d73bb9a,L1,Profile
3f69db38-9a63-40b8-9e1f-9b614d73bb9a,L1,Profile
3f69db38-9a63-40b8-9e1f-9b614d73bb9a,L1,Profile
3f69db38-9a63-40b8-9e1f-9b614d73bb9a,L1,Profile
3f69db38-9a63-40b8-9e1f-9b614d73bb9a,L1,Profile
3f69db38-9a63-40b8-9e1f-9b614d73bb9a,L1,Profile
3f69db38-9a63-40b8-9e1f-9b614d73bb9a,L1,Profile
3f69db38-9a63-40b8-9e1f-9b614d73bb9a,L1,Profile
3f69db38-9a63-40b8-9e1f-9b614d73bb9a,L1,Profile
3f69db38-9a63-40b8-9e1f-9b614d73bb9a,L1,Profile
3f69db38-9a63-40b8-9e1f-9b614d73bb9a,L1,Profile
3f69db38-9a63-40b8-9e1f-9b614d73bb9a,L1,Profile
3f69db38-9a63-40b8-9e1f-9b614d73bb9a,L1,Profile
3f69db38-9a63-40b8-9e1f-9b614d73bb9a,L1,Profile
3f69db38-9a63-40b8-9e1f-9b614d73bb9a,L1,Profile
3f69db38-9a63-40b8-9e1f-9b614d73bb9a,L1,Profile
3f69db38-9a63-40b8-9e1f-9b614d73bb9a,L1,Profile
3f69db38-9a63-40b8-9e1f-9b614d73bb9a,L1,Profile
3f69db38-9a63-40b8-9e1f-9b614d73bb9a,L1,Profile
3f69db38-9a63-40b8-9e1f-9b614d73bb9a,L1,Profile
3f69db38-9a63-40b8-9e1f-9b614d73bb9a,L1,Profile
3f69db38-9a63-40b8-9e1f-9b614d73bb9a,L1,Profile
3f69db38-9a63-40b8-9e1f-9b614d73bb9a,L1,Profile
3f69db38-9a63-40b8-9e1f-9b614d73bb9a,L1,Profile
3f69db38-9a63-40b8-9e1f-9b614d73bb9a,L1,Profile
3f69db38-9a63-40b8-9e1f-9b614d73bb9a,L1,Profile
3f69db38-9a63-40b8-9e1f-9b614d73bb9a,L1,Profile
3f69db38-9a63-40b8-9e1f-9b614d73bb9a,L1,Profile
3f69db38-9a63-40b8-9e1f-9b614d73bb9a,L1,Profile
3f69db38-9a63-40b8-9e1f-9b614d73bb9a,L1,Profile
3f69db38-9a63-40b8-9e1f-9b614d73bb9a,L1,Profile
3f69db38-9a63-40b8-9e1f-9b614d73bb9a,L1,Profile
3f69db38-9a63-40b8-9e1f-9b614d73bb9a,L1,Profile
3f69db38-9a63-40b8-9e1f-9b614d73bb9a,L1,Profile
3f69db38-9a63-40b8-9e1f-9b614d73bb9a,L1,Profile
3f69db38-9a63-40b8-9e1f-9b614d73bb9a,L1,Profile
3f69db38-9a63-40b8-9e1f-9b614d73bb9a,L1,Profile
3f69db38-9a63-40b8-9e1f-9b614d73bb9a,L1,Profile
3f69db38-9a63-40b8-9e1f-9b614d73bb9a,L1,Profile
3f69db38-9a63-40b8-9e1f-9b614d73bb9a,L1,Profile
3f69db38-9a63-40b8-9e1f-9b614d73bb9a,L1,Profile
3f69db38-9a63-40b8-9e1f-9b614d73bb9a,L1,Profile
3f69db38-9a63-40b8-9e1f-9b614d73bb9a,L1,Profile
3f69db38-9a63-40b8-9e1f-9b614d73bb9a,L1,Profile
3f69db38-9a63-40b8-9e1f-9b614d73bb9a,L1,Profile
3f69db38-9a63-40b8-9e1f-9b614d73bb9a,L1,Profile
3f69db38-9a63-40b8-9e1f-9b614d73bb9a,L1,Profile
3f69db38-9a63-40b8-9e1f-9b614d73bb9a,L1,Profile
3f69db38-9a63-40b8-9e1f-9b614d73bb9a,L1,Profile
3f69db38-9a63-40b8-9e1f-9b614d73bb9a,L1,Profile
3f69db38-9a63-40b8-9e1f-9b614d73bb9a,L1,Profile
3f69db38-9a63-40b8-9e1f-9b614d73bb9a,L1,Profile
3f69db38-9a63-40b8-9e1f-9b614d73bb9a,L1,Profile
3f69db38-9a63-40b8-9e1f-9b614d73bb9a,L1,Profile
3f69db38-9a63-40b8-9e1f-9b614d73bb9a,L1,Profile
3f69db38-9a63-40b8-9e1f-9b614d73bb9a,L1,Profile
3f69db38-9a63-40b8-9e1f-9b614d73bb9a,L1,Profile
3f69db38-9a63-40b8-9e1f-9b614d73bb9a,L1,Profile
3f69db38-9a63-40b8-9e1f-9b614d73bb9a,L1,Profile
3f69db38-9a63-40b8-9e1f-9b614d73bb9a,L1,Profile
3f69db38-9a63-40b8-9e1f-9b614d73bb9a,L1,Profile
3f69db38-9a63-40b8-9e1f-9b614d73bb9a,L1,Profile
3f69db38-9a63-40b8-9e1f-9b614d73bb9a,L1,Profile
3f69db38-9a63-40b8-9e1f-9b614d73bb9a,L1,Profile
3f69db38-9a63-40b8-9e1f-9b614d73bb9a,L1,Profile
3f69db38-9a63-40b8-9e1f-9b614d73bb9a,L1,Profile
3f69db38-9a63-40b8-9e1f-9b614d73bb9a,L1,Profile
3f69db38-9a63-40b8-9e1f-9b614d73bb9a,L1,Profile
3f69db38-9a63-40b8-9e1f-9b614d73bb9a,L1,Profile
3f69db38-9a63-40b8-9e1f-9b614d73bb9a,L1,Profile
3f69db38-9a63-40b8-9e1f-9b614d73bb9a,L1,Profile
3f69db38-9a63-40b8-9e1f-9b614d73bb9a,L1,Profile
3f69db38-9a63-40b8-9e1f-9b614d73bb9a,L1,Profile
3f69db38-9a63-40b8-9e1f-9b614d73bb9a,L1,Profile
3f69db38-9a63-40b8-9e1f-9b614d73bb9a,L1,Profile
3f69db38-9a63-40b8-9e1f-9b614d73bb9a,L1,Profile
3f69db38-9a63-40b8-9e1f-9b614d73bb9a,L1,Profile
3f69db38-9a63-40b8-9e1f-9b614d73bb9a,L1,Profile
3f69db38-9a63-40b8-9e1f-9b614d73bb9a,L1,Profile
3f69db38-9a63-40b8-9e1f-9b614d73bb9a,L1,Profile
3f69db38-9a63-40b8-9e1f-9b614d73bb9a,L1,Profile
3f69db38-9a63-40b8-9e1f-9b614d73bb9a,L1,Profile
3f69db38-9a63-40b8-9e1f-9b614d73bb9a,L1,Profile
3f69db38-9a63-40b8-9e1f-9b614d73bb9a,L1,Profile
3f69db38-9a63-40b8-9e1f-9b614d73bb9a,L1,Profile
3f69db38-9a63-40b8-9e1f-9b614d73bb9a,L1,Profile
3f69db38-9a63-40b8-9e1f-9b614d73bb9a,L1,Profile
3f69db38-9a63-40b8-9e1f-9b614d73bb9a,L1,Profile
3f69db38-9a63-40b8-9e1f-9b614d73bb9a,L1,Profile
3f69db38-9a63-40b8-9e1f-9b614d73bb9a,L1,Profile
3f69db38-9a63-40b8-9e1f-9b614d73bb9a,L1,Profile
3f69db38-9a63-40b8-9e1f-9b614d73bb9a,L1,Profile
3f69db38-9a63-40b8-9e1f-9b614d73bb9a,L1,Profile
3f69db38-9a63-40b8-9e1f-9b614d73bb9a,L1,Profile
3f69db38-9a63-40b8-9e1f-9b614d73bb9a,L1,Profile
3f69db38-9a63-40b8-9e1f-9b614d73bb9a,L1,Profile
3f69db38-9a63-40b8-9e1f-9b614d73bb9a,L1,Profile
3f69db38-9a63-40b8-9e1f-9b614d73bb9a,L1,Profile
3f69db38-9a63-40b8-9e1f-9b614d73bb9a,L1,Profile
3f69db38-9a63-40b8-9e1f-9b614d73bb9a,L1,Profile
3f69db38-9a63-40b8-9e1f-9b614d73bb9a,L1,Profile
3f69db38-9a63-40b8-9e1f-9b614d73bb9a,L1,Profile
3f69db38-9a63-40b8-9e1f-9b614d73bb9a,L1,Profile
3f69db38-9a63-40b8-9e1f-9b614d73bb9a,L1,Profile
3f69db38-9a63-40b8-9e1f-9b614d73bb9a,L1,Profile
3f69db38-9a63-40b8-9e1f-9b614d73bb9a,L1,Profile
3f69db38-9a63-40b8-9e1f-9b614d73bb9a,L1,Profile
3f69db38-9a63-40b8-9e1f-9b614d73bb9a,L1,Profile
3f69db38-9a63-40b8-9e1f-9b614d73bb9a,L1,Profile
3f69db38-9a63-40b8-9e1f-9b614d73bb9a,L1,Profile
3f69db38-9a63-40b8-9e1f-9b614d73bb9a,L1,Profile
3f69db38-9a63-40b8-9e1f-9b614d73bb9a,L1,Profile
3f69db38-9a63-40b8-9e1f-9b614d73bb9a,L1,Profile
3f69db38-9a63-40b8-9e1f-9b614d73bb9a,L1,Profile
3f69db38-9a63-40b8-9e1f-9b614d73bb9a,L1,Profile
3f69db38-9a63-40b8-9e1f-9b614d73bb9a,L1,Profile
3f69db38-9a63-40b8-9e1f-9b614d73bb9a,L1,Profile
3f69db38-9a63-40b8-9e1f-9b614d73bb9a,L1,Profile
3f69db38-9a63-40b8-9e1f-9b614d73bb9a,L1,Profile
3f69db38-9a63-40b8-9e1f-9b614d73bb9a,L1,Profile
3f69db38-9a63-40b8-9e1f-9b614d73bb9a,L1,Profile
3f69db38-9a63-40b8-9e1f-9b614d73bb9a,L1,Profile
3f69db38-9a63-40b8-9e1f-9b614d73bb9a,L1,Profile
3f69db38-9a63-40b8-9e1f-9b614d73bb9a,L1,Profile
3f69db38-9a63-40b8-9e1f-9b614d73bb9a,L1,Profile
3f69db38-9a63-40b8-9e1f-9b614d73bb9a,L1,Profile
3f69db38-9a63-40b8-9e1f-9b614d73bb9a,L1,Profile
3f69db38-9a63-40b8-9e1f-9b614d73bb9a,L1,Profile
3f69db38-9a63-40b8-9e1f-9b614d73bb9a,L1,Profile
3f69db38-9a63-40b8-9e1f-9b614d73bb9a,L1,Profile
3f69db38-9a63-40b8-9e1f-9b614d73bb9a,L1,Profile
3f69db38-9a63-40b8-9e1f-9b614d73bb9a,L1,Profile
3f69db38-9a63-40b8-9e1f-9b614d73bb9a,L1,Profile
3f69db38-9a63-40b8-9e1f-9b614d73bb9a,L1,Profile
3f69db38-9a63-40b8-9e1f-9b614d73bb9a,L1,Profile
3f69db38-9a63-40b8-9e1f-9b614d73bb9a,L1,Profile
3f69db38-9a63-40b8-9e1f-9b614d73bb9a,L1,Profile
3f69db38-9a63-40b8-9e1f-9b614d73bb9a,L1,Profile
3f69db38-9a63-40b8-9e1f-9b614d73bb9a,L1,Profile
3f69db38-9a63-40b8-9e1f-9b614d73bb9a,L1,Profile
3f69db38-9a63-40b8-9e1f-9b614d73bb9a,L1,Profile
3f69db38-9a63-40b8-9e1f-9b614d73bb9a,L1,Profile
3f69db38-9a63-40b8-9e1f-9b614d73bb9a,L1,Profile
3f69db38-9a63-40b8-9e1f-9b614d73bb9a,L1,Profile
3f69db38-9a63-40b8-9e1f-9b614d73bb9a,L1,Profile
3f69db38-9a63-40b8-9e1f-9b614d73bb9a,L1,Profile
3f69db38-9a63-40b8-9e1f-9b614d73bb9a,L1,Profile
3f69db38-9a63-40b8-9e1f-9b614d73bb9a,L1,Profile
3f69db38-9a63-40b8-9e1f-9b614d73bb9a,L1,Profile
3f69db38-9a63-40b8-9e1f-9b614d73bb9a,L1,Profile
3f69db38-9a63-40b8-9e1f-9b614d73bb9a,L1,Profile
3f69db38-9a63-40b8-9e1f-9b614d73bb9a,L1,Profile
3f69db38-9a63-40b8-9e1f-9b614d73bb9a,L1,Profile
3f69db38-9a63-40b8-9e1f-9b614d73bb9a,L1,Profile
3f69db38-9a63-40b8-9e1f-9b614d73bb9a,L1,Profile
3f69db38-9a63-40b8-9e1f-9b614d73bb9a,L1,Profile
3f69db38-9a63-40b8-9e1f-9b614d73bb9a,L1,Profile
3f69db38-9a63-40b8-9e1f-9b614d73bb9a,L1,Profile
3f69db38-9a63-40b8-9e1f-9b614d73bb9a,L1,Profile
3f69db38-9a63-40b8-9e1f-9b614d73bb9a,L1,Profile
3f69db38-9a63-40b8-9e1f-9b614d73bb9a,L1,Profile
3f69db38-9a63-40b8-9e1f-9b614d73bb9a,L1,Profile
3f69db38-9a63-40b8-9e1f-9b614d73bb9a,L1,Profile
3f69db38-9a63-40b8-9e1f-9b614d73bb9a,L1,Profile
3f69db38-9a63-40b8-9e1f-9b614d73bb9a,L1,Profile
3f69db38-9a63-40b8-9e1f-9b614d73bb9a,L1,Profile
3f69db38-9a63-40b8-9e1f-9b614d73bb9a,L1,Profile
3f69db38-9a63-40b8-9e1f-9b614d73bb9a,L1,Profile
3f69db38-9a63-40b8-9e1f-9b614d73bb9a,L1,Profile
3f69db38-9a63-40b8-9e1f-9b614d73bb9a,L1,Profile
3f69db38-9a63-40b8-9e1f-9b614d73bb9a,L1,Profile
3f69db38-9a63-40b8-9e1f-9b614d73bb9a,L1,Profile
3f69db38-9a63-40b8-9e1f-9b614d73bb9a,L1,Profile
3f69db38-9a63-40b8-9e1f-9b614d73bb9a,L1,Profile
3f69db38-9a63-40b8-9e1f-9b614d73bb9a,L1,Profile
3f69db38-9a63-40b8-9e1f-9b614d73bb9a,L1,Profile
3f69db38-9a63-40b8-9e1f-9b614d73bb9a,L1,Profile
3f69db38-9a63-40b8-9e1f-9b614d73bb9a,L1,Profile
3f69db38-9a63-40b8-9e1f-9b614d73bb9a,L1,Profile
3f69db38-9a63-40b8-9e1f-9b614d73bb9a,L1,Profile
3f69db38-9a63-40b8-9e1f-9b614d73bb9a,L1,Profile
3f69db38-9a63-40b8-9e1f-9b614d73bb9a,L1,Profile
3f69db38-9a63-40b8-9e1f-9b614d73bb9a,L1,Profile
3f69db38-9a63-40b8-9e1f-9b614d73bb9a,L1,Profile
3f69db38-9a63-40b8-9e1f-9b614d73bb9a,L1,Profile
3f69db38-9a63-40b8-9e1f-9b614d73bb9a,L1,Profile
3f69db38-9a63-40b8-9e1f-9b614d73bb9a,L1,Profile
3f69db38-9a63-40b8-9e1f-9b614d73bb9a,L1,Profile
3f69db38-9a63-40b8-9e1f-9b614d73bb9a,L1,Profile
3f69db38-9a63-40b8-9e1f-9b614d73bb9a,L1,Profile
3f69db38-9a63-40b8-9e1f-9b614d73bb9a,L1,Profile
3f69db38-9a63-40b8-9e1f-9b614d73bb9a,L1,Profile
3f69db38-9a63-40b8-9e1f-9b614d73bb9a,L1,Profile
3f69db38-9a63-40b8-9e1f-9b614d73bb9a,L1,Profile
3f69db38-9a63-40b8-9e1f-9b614d73bb9a,L1,Profile
3f69db38-9a63-40b8-9e1f-9b614d73bb9a,L1,Profile
3f69db38-9a63-40b8-9e1f-9b614d73bb9a,L1,Profile
3f69db38-9a63-40b8-9e1f-9b614d73bb9a,L1,Profile
3f69db38-9a63-40b8-9e1f-9b614d73bb9a,L1,Profile
3f69db38-9a63-40b8-9e1f-9b614d73bb9a,L1,Profile
3f69db38-9a63-40b8-9e1f-9b614d73bb9a,L1,Profile
3f69db38-9a63-40b8-9e1f-9b614d73bb9a,L1,Profile
3f69db38-9a63-40b8-9e1f-9b614d73bb9a,L1,Profile
3f69db38-9a63-40b8-9e1f-9b614d73bb9a,L1,Profile
3f69db38-9a63-40b8-9e1f-9b614d73bb9a,L1,Profile
3f69db38-9a63-40b8-9e1f-9b614d73bb9a,L1,Profile
3f69db38-9a63-40b8-9e1f-9b614d73bb9a,L1,Profile
3f69db38-9a63-40b8-9e1f-9b614d73bb9a,L1,Profile
3f69db38-9a63-40b8-9e1f-9b614d73bb9a,L1,Profile
3f69db38-9a63-40b8-9e1f-9b614d73bb9a,L1,Profile
3f69db38-9a63-40b8-9e1f-9b614d73bb9a,L1,Profile
3f69db38-9a63-40b8-9e1f-9b614d73bb9a,L1,Profile
3f69db38-9a63-40b8-9e1f-9b614d73bb9a,L1,Profile
3f69db38-9a63-40b8-9e1f-9b614d73bb9a,L1,Profile
3f69db38-9a63-40b8-9e1f-9b614d73bb9a,L1,Profile
3f69db38-9a63-40b8-9e1f-9b614d73bb9a,L1,Profile
3f69db38-9a63-40b8-9e1f-9b614d73bb9a,L1,Profile
3f69db38-9a63-40b8-9e1f-9b614d73bb9a,L1,Profile
3f69db38-9a63-40b8-9e1f-9b614d73bb9a,L1,Profile
3f69db38-9a63-40b8-9e1f-9b614d73bb9a,L1,Profile
3f69db38-9a63-40b8-9e1f-9b614d73bb9a,L1,Profile
3f69db38-9a63-40b8-9e1f-9b614d73bb9a,L1,Profile
3f69db38-9a63-40b8-9e1f-9b614d73bb9a,L1,Profile
3f69db38-9a63-40b8-9e1f-9b614d73bb9a,L1,Profile
3f69db38-9a63-40b8-9e1f-9b614d73bb9a,L1,Profile
3f69db38-9a63-40b8-9e1f-9b614d73bb9a,L1,Profile
3f69db38-9a63-40b8-9e1f-9b614d73bb9a,L1,Profile
3f69db38-9a63-40b8-9e1f-9b614d73bb9a,L1,Profile
3f69db38-9a63-40b8-9e1f-9b614d73bb9a,L1,Profile
3f69db38-9a63-40b8-9e1f-9b614d73bb9a,L1,Profile
3f69db38-9a63-40b8-9e1f-9b614d73bb9a,L1,Profile
3f69db38-9a63-40b8-9e1f-9b614d73bb9a,L1,Profile
3f69db38-9a63-40b8-9e1f-9b614d73bb9a,L1,Profile
3f69db38-9a63-40b8-9e1f-9b614d73bb9a,L1,Profile
3f69db38-9a63-40b8-9e1f-9b614d73bb9a,L1,Profile
3f69db38-9a63-40b8-9e1f-9b614d73bb9a,L1,Profile
3f69db38-9a63-40b8-9e1f-9b614d73bb9a,L1,Profile
3f69db38-9a63-40b8-9e1f-9b614d73bb9a,L1,Profile
3f69db38-9a63-40b8-9e1f-9b614d73bb9a,L1,Profile
3f69db38-9a63-40b8-9e1f-9b614d73bb9a,L1,Profile
3f69db38-9a63-40b8-9e1f-9b614d73bb9a,L1,Profile
3f69db38-9a63-40b8-9e1f-9b614d73bb9a,L1,Profile
3f69db38-9a63-40b8-9e1f-9b614d73bb9a,L1,Profile
3f69db38-9a63-40b8-9e1f-9b614d73bb9a,L1,Profile
3f69db38-9a63-40b8-9e1f-9b614d73bb9a,L1,Profile
3f69db38-9a63-40b8-9e1f-9b614d73bb9a,L1,Profile
3f69db38-9a63-40b8-9e1f-9b614d73bb9a,L1,Profile
3f69db38-9a63-40b8-9e1f-9b614d73bb9a,L1,Profile
3f69db38-9a63-40b8-9e1f-9b614d73bb9a,L1,Profile
3f69db38-9a63-40b8-9e1f-9b614d73bb9a,L1,Profile
3f69db38-9a63-40b8-9e1f-9b614d73bb9a,L1,Profile
3f69db38-9a63-40b8-9e1f-9b614d73bb9a,L1,Profile
3f69db38-9a63-40b8-9e1f-9b614d73bb9a,L1,Profile
3f69db38-9a63-40b8-9e1f-9b614d73bb9a,L1,Profile
3f69db38-9a63-40b8-9e1f-9b614d73bb9a,L1,Profile
3f69db38-9a63-40b8-9e1f-9b614d73bb9a,L1,Profile
3f69db38-9a63-40b8-9e1f-9b614d73bb9a,L1,Profile
3f69db38-9a63-40b8-9e1f-9b614d73bb9a,L1,Profile
3f69db38-9a63-40b8-9e1f-9b614d73bb9a,L1,Profile
3f69db38-9a63-40b8-9e1f-9b614d73bb9a,L1,Profile
3f69db38-9a63-40b8-9e1f-9b614d73bb9a,L1,Profile
3f69db38-9a63-40b8-9e1f-9b614d73bb9a,L1,Profile
3f69db38-9a63-40b8-9e1f-9b614d73bb9a,L1,Profile
3f69db38-9a63-40b8-9e1f-9b614d73bb9a,L1,Profile
3f69db38-9a63-40b8-9e1f-9b614d73bb9a,L1,Profile
3f69db38-9a63-40b8-9e1f-9b614d73bb9a,L1,Profile
3f69db38-9a63-40b8-9e1f-9b614d73bb9a,L1,Profile
3f69db38-9a63-40b8-9e1f-9b614d73bb9a,L1,Profile
3f69db38-9a63-40b8-9e1f-9b614d73bb9a,L1,Profile
3f69db38-9a63-40b8-9e1f-9b614d73bb9a,L1,Profile
3f69db38-9a63-40b8-9e1f-9b614d73bb9a,L1,Profile
3f69db38-9a63-40b8-9e1f-9b614d73bb9a,L1,Profile
3f69db38-9a63-40b8-9e1f-9b614d73bb9a,L1,Profile
3f69db38-9a63-40b8-9e1f-9b614d73bb9a,L1,Profile
3f69db38-9a63-40b8-9e1f-9b614d73bb9a,L1,Profile
3f69db38-9a63-40b8-9e1f-9b614d73bb9a,L1,Profile
3f69db38-9a63-40b8-9e1f-9b614d73bb9a,L1,Profile
3f69db38-9a63-40b8-9e1f-9b614d73bb9a,L1,Profile
3f69db38-9a63-40b8-9e1f-9b614d73bb9a,L1,Profile
3f69db38-9a63-40b8-9e1f-9b614d73bb9a,L1,Profile
3f69db38-9a63-40b8-9e1f-9b614d73bb9a,L1,Profile
3f69db38-9a63-40b8-9e1f-9b614d73bb9a,L1,Profile
3f69db38-9a63-40b8-9e1f-9b614d73bb9a,L1,Profile
3f69db38-9a63-40b8-9e1f-9b614d73bb9a,L1,Profile
3f69db38-9a63-40b8-9e1f-9b614d73bb9a,L1,Profile
3f69db38-9a63-40b8-9e1f-9b614d73bb9a,L1,Profile
3f69db38-9a63-40b8-9e1f-9b614d73bb9a,L1,Profile
3f69db38-9a63-40b8-9e1f-9b614d73bb9a,L1,Profile
3f69db38-9a63-40b8-9e1f-9b614d73bb9a,L1,Profile
3f69db38-9a63-40b8-9e1f-9b614d73bb9a,L1,Profile
3f69db38-9a63-40b8-9e1f-9b614d73bb9a,L1,Profile
3f69db38-9a63-40b8-9e1f-9b614d73bb9a,L1,Profile
3f69db38-9a63-40b8-9e1f-9b614d73bb9a,L1,Profile
3f69db38-9a63-40b8-9e1f-9b614d73bb9a,L1,Profile
3f69db38-9a63-40b8-9e1f-9b614d73bb9a,L1,Profile
3f69db38-9a63-40b8-9e1f-9b614d73bb9a,L1,Profile
3f69db38-9a63-40b8-9e1f-9b614d73bb9a,L1,Profile
3f69db38-9a63-40b8-9e1f-9b614d73bb9a,L1,Profile
3f69db38-9a63-40b8-9e1f-9b614d73bb9a,L1,Profile
3f69db38-9a63-40b8-9e1f-9b614d73bb9a,L1,Profile
3f69db38-9a63-40b8-9e1f-9b614d73bb9a,L1,Profile
3f69db38-9a63-40b8-9e1f-9b614d73bb9a,L1,Profile
3f69db38-9a63-40b8-9e1f-9b614d73bb9a,L1,Profile
3f69db38-9a63-40b8-9e1f-9b614d73bb9a,L1,Profile
3f69db38-9a63-40b8-9e1f-9b614d73bb9a,L1,Profile
3f69db38-9a63-40b8-9e1f-9b614d73bb9a,L1,Profile
3f69db38-9a63-40b8-9e1f-9b614d73bb9a,L1,Profile
3f69db38-9a63-40b8-9e1f-9b614d73bb9a,L1,Profile
3f69db38-9a63-40b8-9e1f-9b614d73bb9a,L1,Profile
3f69db38-9a63-40b8-9e1f-9b614d73bb9a,L1,Profile
3f69db38-9a63-40b8-9e1f-9b614d73bb9a,L1,Profile
3f69db38-9a63-40b8-9e1f-9b614d73bb9a,L1,Profile
3f69db38-9a63-40b8-9e1f-9b614d73bb9a,L1,Profile
3f69db38-9a63-40b8-9e1f-9b614d73bb9a,L1,Profile
3f69db38-9a63-40b8-9e1f-9b614d73bb9a,L1,Profile
3f69db38-9a63-40b8-9e1f-9b614d73bb9a,L1,Profile
3f69db38-9a63-40b8-9e1f-9b614d73bb9a,L1,Profile
3f69db38-9a63-40b8-9e1f-9b614d73bb9a,L1,Profile
3f69db38-9a63-40b8-9e1f-9b614d73bb9a,L1,Profile
3f69db38-9a63-40b8-9e1f-9b614d73bb9a,L1,Profile
3f69db38-9a63-40b8-9e1f-9b614d73bb9a,L1,Profile
3f69db38-9a63-40b8-9e1f-9b614d73bb9a,L1,Profile
3f69db38-9a63-40b8-9e1f-9b614d73bb9a,L1,Profile
3f69db38-9a63-40b8-9e1f-9b614d73bb9a,L1,Profile
3f69db38-9a63-40b8-9e1f-9b614d73bb9a,L1,Profile
3f69db38-9a63-40b8-9e1f-9b614d73bb9a,L1,Profile
3f69db38-9a63-40b8-9e1f-9b614d73bb9a,L1,Profile
3f69db38-9a63-40b8-9e1f-9b614d73bb9a,L1,Profile
3f69db38-9a63-40b8-9e1f-9b614d73bb9a,L1,Profile
3f69db38-9a63-40b8-9e1f-9b614d73bb9a,L1,Profile
3f69db38-9a63-40b8-9e1f-9b614d73bb9a,L1,Profile
3f69db38-9a63-40b8-9e1f-9b614d73bb9a,L1,Profile
3f69db38-9a63-40b8-9e1f-9b614d73bb9a,L1,Profile
3f69db38-9a63-40b8-9e1f-9b614d73bb9a,L1,Profile
3f69db38-9a63-40b8-9e1f-9b614d73bb9a,L1,Profile
3f69db38-9a63-40b8-9e1f-9b614d73bb9a,L1,Profile
3f69db38-9a63-40b8-9e1f-9b614d73bb9a,L1,Profile
3f69db38-9a63-40b8-9e1f-9b614d73bb9a,L1,Profile
3f69db38-9a63-40b8-9e1f-9b614d73bb9a,L1,Profile
3f69db38-9a63-40b8-9e1f-9b614d73bb9a,L1,Profile
3f69db38-9a63-40b8-9e1f-9b614d73bb9a,L1,Profile
3f69db38-9a63-40b8-9e1f-9b614d73bb9a,L1,Profile
3f69db38-9a63-40b8-9e1f-9b614d73bb9a,L1,Profile
3f69db38-9a63-40b8-9e1f-9b614d73bb9a,L1,Profile
3f69db38-9a63-40b8-9e1f-9b614d73bb9a,L1,Profile
3f69db38-9a63-40b8-9e1f-9b614d73bb9a,L1,Profile
3f69db38-9a63-40b8-9e1f-9b614d73bb9a,L1,Profile
3f69db38-9a63-40b8-9e1f-9b614d73bb9a,L1,Profile
3f69db38-9a63-40b8-9e1f-9b614d73bb9a,L1,Profile
3f69db38-9a63-40b8-9e1f-9b614d73bb9a,L1,Profile
3f69db38-9a63-40b8-9e1f-9b614d73bb9a,L1,Profile
3f69db38-9a63-40b8-9e1f-9b614d73bb9a,L1,Profile
3f69db38-9a63-40b8-9e1f-9b614d73bb9a,L1,Profile
3f69db38-9a63-40b8-9e1f-9b614d73bb9a,L1,Profile
3f69db38-9a63-40b8-9e1f-9b614d73bb9a,L1,Profile
3f69db38-9a63-40b8-9e1f-9b614d73bb9a,L1,Profile
3f69db38-9a63-40b8-9e1f-9b614d73bb9a,L1,Profile
3f69db38-9a63-40b8-9e1f-9b614d73bb9a,L1,Profile
3f69db38-9a63-40b8-9e1f-9b614d73bb9a,L1,Profile
3f69db38-9a63-40b8-9e1f-9b614d73bb9a,L1,Profile
3f69db38-9a63-40b8-9e1f-9b614d73bb9a,L1,Profile
3f69db38-9a63-40b8-9e1f-9b614d73bb9a,L1,Profile
3f69db38-9a63-40b8-9e1f-9b614d73bb9a,L1,Profile
3f69db38-9a63-40b8-9e1f-9b614d73bb9a,L1,Profile
3f69db38-9a63-40b8-9e1f-9b614d73bb9a,L1,Profile
3f69db38-9a63-40b8-9e1f-9b614d73bb9a,L1,Profile
3f69db38-9a63-40b8-9e1f-9b614d73bb9a,L1,Profile
3f69db38-9a63-40b8-9e1f-9b614d73bb9a,L1,Profile
3f69db38-9a63-40b8-9e1f-9b614d73bb9a,L1,Profile
3f69db38-9a63-40b8-9e1f-9b614d73bb9a,L1,Profile
3f69db38-9a63-40b8-9e1f-9b614d73bb9a,L1,Profile
3f69db38-9a63-40b8-9e1f-9b614d73bb9a,L1,Profile
3f69db38-9a63-40b8-9e1f-9b614d73bb9a,L1,Profile
3f69db38-9a63-40b8-9e1f-9b614d73bb9a,L1,Profile
3f69db38-9a63-40b8-9e1f-9b614d73bb9a,L1,Profile
3f69db38-9a63-40b8-9e1f-9b614d73bb9a,L1,Profile
3f69db38-9a63-40b8-9e1f-9b614d73bb9a,L1,Profile
3f69db38-9a63-40b8-9e1f-9b614d73bb9a,L1,Profile
3f69db38-9a63-40b8-9e1f-9b614d73bb9a,L1,Profile
3f69db38-9a63-40b8-9e1f-9b614d73bb9a,L1,Profile
3f69db38-9a63-40b8-9e1f-9b614d73bb9a,L1,Profile
3f69db38-9a63-40b8-9e1f-9b614d73bb9a,L1,Profile
3f69db38-9a63-40b8-9e1f-9b614d73bb9a,L1,Profile
3f69db38-9a63-40b8-9e1f-9b614d73bb9a,L1,Profile
3f69db38-9a63-40b8-9e1f-9b614d73bb9a,L1,Profile
3f69db38-9a63-40b8-9e1f-9b614d73bb9a,L1,Profile
3f69db38-9a63-40b8-9e1f-9b614d73bb9a,L1,Profile
3f69db38-9a63-40b8-9e1f-9b614d73bb9a,L1,Profile
3f69db38-9a63-40b8-9e1f-9b614d73bb9a,L1,Profile
3f69db38-9a63-40b8-9e1f-9b614d73bb9a,L1,Profile
3f69db38-9a63-40b8-9e1f-9b614d73bb9a,L1,Profile
3f69db38-9a63-40b8-9e1f-9b614d73bb9a,L1,Profile
3f69db38-9a63-40b8-9e1f-9b614d73bb9a,L1,Profile
3f69db38-9a63-40b8-9e1f-9b614d73bb9a,L1,Profile
3f69db38-9a63-40b8-9e1f-9b614d73bb9a,L1,Profile
3f69db38-9a63-40b8-9e1f-9b614d73bb9a,L1,Profile
3f69db38-9a63-40b8-9e1f-9b614d73bb9a,L1,Profile
3f69db38-9a63-40b8-9e1f-9b614d73bb9a,L1,Profile
3f69db38-9a63-40b8-9e1f-9b614d73bb9a,L1,Profile
3f69db38-9a63-40b8-9e1f-9b614d73bb9a,L1,Profile
3f69db38-9a63-40b8-9e1f-9b614d73bb9a,L1,Profile
3f69db38-9a63-40b8-9e1f-9b614d73bb9a,L1,Profile
3f69db38-9a63-40b8-9e1f-9b614d73bb9a,L1,Profile
3f69db38-9a63-40b8-9e1f-9b614d73bb9a,L1,Profile
3f69db38-9a63-40b8-9e1f-9b614d73bb9a,L1,Profile
3f69db38-9a63-40b8-9e1f-9b614d73bb9a,L1,Profile
3f69db38-9a63-40b8-9e1f-9b614d73bb9a,L1,Profile
3f69db38-9a63-40b8-9e1f-9b614d73bb9a,L1,Profile
3f69db38-9a63-40b8-9e1f-9b614d73bb9a,L1,Profile
3f69db38-9a63-40b8-9e1f-9b614d73bb9a,L1,Profile
3f69db38-9a63-40b8-9e1f-9b614d73bb9a,L1,Profile
3f69db38-9a63-40b8-9e1f-9b614d73bb9a,L1,Profile
3f69db38-9a63-40b8-9e1f-9b614d73bb9a,L1,Profile
3f69db38-9a63-40b8-9e1f-9b614d73bb9a,L1,Profile
3f69db38-9a63-40b8-9e1f-9b614d73bb9a,L1,Profile
3f69db38-9a63-40b8-9e1f-9b614d73bb9a,L1,Profile
3f69db38-9a63-40b8-9e1f-9b614d73bb9a,L1,Profile
3f69db38-9a63-40b8-9e1f-9b614d73bb9a,L1,Profile
3f69db38-9a63-40b8-9e1f-9b614d73bb9a,L1,Profile
3f69db38-9a63-40b8-9e1f-9b614d73bb9a,L1,Profile
3f69db38-9a63-40b8-9e1f-9b614d73bb9a,L1,Profile
3f69db38-9a63-40b8-9e1f-9b614d73bb9a,L1,Profile
3f69db38-9a63-40b8-9e1f-9b614d73bb9a,L1,Profile
3f69db38-9a63-40b8-9e1f-9b614d73bb9a,L1,Profile
3f69db38-9a63-40b8-9e1f-9b614d73bb9a,L1,Profile
3f69db38-9a63-40b8-9e1f-9b614d73bb9a,L1,Profile
3f69db38-9a63-40b8-9e1f-9b614d73bb9a,L1,Profile
3f69db38-9a63-40b8-9e1f-9b614d73bb9a,L1,Profile
3f69db38-9a63-40b8-9e1f-9b614d73bb9a,L1,Profile
3f69db38-9a63-40b8-9e1f-9b614d73bb9a,L1,Profile
3f69db38-9a63-40b8-9e1f-9b614d73bb9a,L1,Profile
3f69db38-9a63-40b8-9e1f-9b614d73bb9a,L1,Profile
3f69db38-9a63-40b8-9e1f-9b614d73bb9a,L1,Profile
3f69db38-9a63-40b8-9e1f-9b614d73bb9a,L1,Profile
3f69db38-9a63-40b8-9e1f-9b614d73bb9a,L1,Profile
3f69db38-9a63-40b8-9e1f-9b614d73bb9a,L1,Profile
3f69db38-9a63-40b8-9e1f-9b614d73bb9a,L1,Profile
3f69db38-9a63-40b8-9e1f-9b614d73bb9a,L1,Profile
3f69db38-9a63-40b8-9e1f-9b614d73bb9a,L1,Profile
3f69db38-9a63-40b8-9e1f-9b614d73bb9a,L1,Profile
3f69db38-9a63-40b8-9e1f-9b614d73bb9a,L1,Profile
3f69db38-9a63-40b8-9e1f-9b614d73bb9a,L1,Profile
3f69db38-9a63-40b8-9e1f-9b614d73bb9a,L1,Profile
3f69db38-9a63-40b8-9e1f-9b614d73bb9a,L1,Profile
3f69db38-9a63-40b8-9e1f-9b614d73bb9a,L1,Profile
3f69db38-9a63-40b8-9e1f-9b614d73bb9a,L1,Profile
3f69db38-9a63-40b8-9e1f-9b614d73bb9a,L1,Profile
3f69db38-9a63-40b8-9e1f-9b614d73bb9a,L1,Profile
3f69db38-9a63-40b8-9e1f-9b614d73bb9a,L1,Profile
3f69db38-9a63-40b8-9e1f-9b614d73bb9a,L1,Profile
3f69db38-9a63-40b8-9e1f-9b614d73bb9a,L1,Profile
3f69db38-9a63-40b8-9e1f-9b614d73bb9a,L1,Profile
3f69db38-9a63-40b8-9e1f-9b614d73bb9a,L1,Profile
3f69db38-9a63-40b8-9e1f-9b614d73bb9a,L1,Profile
3f69db38-9a63-40b8-9e1f-9b614d73bb9a,L1,Profile
3f69db38-9a63-40b8-9e1f-9b614d73bb9a,L1,Profile
3f69db38-9a63-40b8-9e1f-9b614d73bb9a,L1,Profile
3f69db38-9a63-40b8-9e1f-9b614d73bb9a,L1,Profile
3f69db38-9a63-40b8-9e1f-9b614d73bb9a,L1,Profile
3f69db38-9a63-40b8-9e1f-9b614d73bb9a,L1,Profile
3f69db38-9a63-40b8-9e1f-9b614d73bb9a,L1,Profile
3f69db38-9a63-40b8-9e1f-9b614d73bb9a,L1,Profile
3f69db38-9a63-40b8-9e1f-9b614d73bb9a,L1,Profile
3f69db38-9a63-40b8-9e1f-9b614d73bb9a,L1,Profile
3f69db38-9a63-40b8-9e1f-9b614d73bb9a,L1,Profile
3f69db38-9a63-40b8-9e1f-9b614d73bb9a,L1,Profile
3f69db38-9a63-40b8-9e1f-9b614d73bb9a,L1,Profile
3f69db38-9a63-40b8-9e1f-9b614d73bb9a,L1,Profile
3f69db38-9a63-40b8-9e1f-9b614d73bb9a,L1,Profile
3f69db38-9a63-40b8-9e1f-9b614d73bb9a,L1,Profile
3f69db38-9a63-40b8-9e1f-9b614d73bb9a,L1,Profile
3f69db38-9a63-40b8-9e1f-9b614d73bb9a,L1,Profile
3f69db38-9a63-40b8-9e1f-9b614d73bb9a,L1,Profile
3f69db38-9a63-40b8-9e1f-9b614d73bb9a,L1,Profile
3f69db38-9a63-40b8-9e1f-9b614d73bb9a,L1,Profile
3f69db38-9a63-40b8-9e1f-9b614d73bb9a,L1,Profile
3f69db38-9a63-40b8-9e1f-9b614d73bb9a,L1,Profile
3f69db38-9a63-40b8-9e1f-9b614d73bb9a,L1,Profile
3f69db38-9a63-40b8-9e1f-9b614d73bb9a,L1,Profile
3f69db38-9a63-40b8-9e1f-9b614d73bb9a,L1,Profile
3f69db38-9a63-40b8-9e1f-9b614d73bb9a,L1,Profile
3f69db38-9a63-40b8-9e1f-9b614d73bb9a,L1,Profile
3f69db38-9a63-40b8-9e1f-9b614d73bb9a,L1,Profile
3f69db38-9a63-40b8-9e1f-9b614d73bb9a,L1,Profile
3f69db38-9a63-40b8-9e1f-9b614d73bb9a,L1,Profile
3f69db38-9a63-40b8-9e1f-9b614d73bb9a,L1,Profile
3f69db38-9a63-40b8-9e1f-9b614d73bb9a,L1,Profile
3f69db38-9a63-40b8-9e1f-9b614d73bb9a,L1,Profile
3f69db38-9a63-40b8-9e1f-9b614d73bb9a,L1,Profile
3f69db38-9a63-40b8-9e1f-9b614d73bb9a,L1,Profile
3f69db38-9a63-40b8-9e1f-9b614d73bb9a,L1,Profile
3f69db38-9a63-40b8-9e1f-9b614d73bb9a,L1,Profile
3f69db38-9a63-40b8-9e1f-9b614d73bb9a,L1,Profile
3f69db38-9a63-40b8-9e1f-9b614d73bb9a,L1,Profile
3f69db38-9a63-40b8-9e1f-9b614d73bb9a,L1,Profile
3f69db38-9a63-40b8-9e1f-9b614d73bb9a,L1,Profile
3f69db38-9a63-40b8-9e1f-9b614d73bb9a,L1,Profile
3f69db38-9a63-40b8-9e1f-9b614d73bb9a,L1,Profile
3f69db38-9a63-40b8-9e1f-9b614d73bb9a,L1,Profile
3f69db38-9a63-40b8-9e1f-9b614d73bb9a,L1,Profile
3f69db38-9a63-40b8-9e1f-9b614d73bb9a,L1,Profile
3f69db38-9a63-40b8-9e1f-9b614d73bb9a,L1,Profile
3f69db38-9a63-40b8-9e1f-9b614d73bb9a,L1,Profile
3f69db38-9a63-40b8-9e1f-9b614d73bb9a,L1,Profile
3f69db38-9a63-40b8-9e1f-9b614d73bb9a,L1,Profile
3f69db38-9a63-40b8-9e1f-9b614d73bb9a,L1,Profile
3f69db38-9a63-40b8-9e1f-9b614d73bb9a,L1,Profile
3f69db38-9a63-40b8-9e1f-9b614d73bb9a,L1,Profile
3f69db38-9a63-40b8-9e1f-9b614d73bb9a,L1,Profile
3f69db38-9a63-40b8-9e1f-9b614d73bb9a,L1,Profile
3f69db38-9a63-40b8-9e1f-9b614d73bb9a,L1,Profile
3f69db38-9a63-40b8-9e1f-9b614d73bb9a,L1,Profile
3f69db38-9a63-40b8-9e1f-9b614d73bb9a,L1,Profile
3f69db38-9a63-40b8-9e1f-9b614d73bb9a,L1,Profile
3f69db38-9a63-40b8-9e1f-9b614d73bb9a,L1,Profile
3f69db38-9a63-40b8-9e1f-9b614d73bb9a,L1,Profile
3f69db38-9a63-40b8-9e1f-9b614d73bb9a,L1,Profile
3f69db38-9a63-40b8-9e1f-9b614d73bb9a,L1,Profile
3f69db38-9a63-40b8-9e1f-9b614d73bb9a,L1,Profile
3f69db38-9a63-40b8-9e1f-9b614d73bb9a,L1,Profile
3f69db38-9a63-40b8-9e1f-9b614d73bb9a,L1,Profile
3f69db38-9a63-40b8-9e1f-9b614d73bb9a,L1,Profile
3f69db38-9a63-40b8-9e1f-9b614d73bb9a,L1,Profile
3f69db38-9a63-40b8-9e1f-9b614d73bb9a,L1,Profile
3f69db38-9a63-40b8-9e1f-9b614d73bb9a,L1,Profile
3f69db38-9a63-40b8-9e1f-9b614d73bb9a,L1,Profile
3f69db38-9a63-40b8-9e1f-9b614d73bb9a,L1,Profile
3f69db38-9a63-40b8-9e1f-9b614d73bb9a,L1,Profile
3f69db38-9a63-40b8-9e1f-9b614d73bb9a,L1,Profile
3f69db38-9a63-40b8-9e1f-9b614d73bb9a,L1,Profile
3f69db38-9a63-40b8-9e1f-9b614d73bb9a,L1,Profile
3f69db38-9a63-40b8-9e1f-9b614d73bb9a,L1,Profile
3f69db38-9a63-40b8-9e1f-9b614d73bb9a,L1,Profile
3f69db38-9a63-40b8-9e1f-9b614d73bb9a,L1,Profile
3f69db38-9a63-40b8-9e1f-9b614d73bb9a,L1,Profile
3f69db38-9a63-40b8-9e1f-9b614d73bb9a,L1,Profile
3f69db38-9a63-40b8-9e1f-9b614d73bb9a,L1,Profile
3f69db38-9a63-40b8-9e1f-9b614d73bb9a,L1,Profile
3f69db38-9a63-40b8-9e1f-9b614d73bb9a,L1,Profile
3f69db38-9a63-40b8-9e1f-9b614d73bb9a,L1,Profile
3f69db38-9a63-40b8-9e1f-9b614d73bb9a,L1,Profile
3f69db38-9a63-40b8-9e1f-9b614d73bb9a,L1,Profile
3f69db38-9a63-40b8-9e1f-9b614d73bb9a,L1,Profile
3f69db38-9a63-40b8-9e1f-9b614d73bb9a,L1,Profile
3f69db38-9a63-40b8-9e1f-9b614d73bb9a,L1,Profile
3f69db38-9a63-40b8-9e1f-9b614d73bb9a,L1,Profile
3f69db38-9a63-40b8-9e1f-9b614d73bb9a,L1,Profile
3f69db38-9a63-40b8-9e1f-9b614d73bb9a,L1,Profile
3f69db38-9a63-40b8-9e1f-9b614d73bb9a,L1,Profile
3f69db38-9a63-40b8-9e1f-9b614d73bb9a,L1,Profile
3f69db38-9a63-40b8-9e1f-9b614d73bb9a,L1,Profile
3f69db38-9a63-40b8-9e1f-9b614d73bb9a,L1,Profile
3f69db38-9a63-40b8-9e1f-9b614d73bb9a,L1,Profile
3f69db38-9a63-40b8-9e1f-9b614d73bb9a,L1,Profile
3f69db38-9a63-40b8-9e1f-9b614d73bb9a,L1,Profile
3f69db38-9a63-40b8-9e1f-9b614d73bb9a,L1,Profile
3f69db38-9a63-40b8-9e1f-9b614d73bb9a,L1,Profile
3f69db38-9a63-40b8-9e1f-9b614d73bb9a,L1,Profile
3f69db38-9a63-40b8-9e1f-9b614d73bb9a,L1,Profile
3f69db38-9a63-40b8-9e1f-9b614d73bb9a,L1,Profile
3f69db38-9a63-40b8-9e1f-9b614d73bb9a,L1,Profile
3f69db38-9a63-40b8-9e1f-9b614d73bb9a,L1,Profile
3f69db38-9a63-40b8-9e1f-9b614d73bb9a,L1,Profile
3f69db38-9a63-40b8-9e1f-9b614d73bb9a,L1,Profile
3f69db38-9a63-40b8-9e1f-9b614d73bb9a,L1,Profile
3f69db38-9a63-40b8-9e1f-9b614d73bb9a,L1,Profile
3f69db38-9a63-40b8-9e1f-9b614d73bb9a,L1,Profile
3f69db38-9a63-40b8-9e1f-9b614d73bb9a,L1,Profile
3f69db38-9a63-40b8-9e1f-9b614d73bb9a,L1,Profile
3f69db38-9a63-40b8-9e1f-9b614d73bb9a,L1,Profile
3f69db38-9a63-40b8-9e1f-9b614d73bb9a,L1,Profile
3f69db38-9a63-40b8-9e1f-9b614d73bb9a,L1,Profile
3f69db38-9a63-40b8-9e1f-9b614d73bb9a,L1,Profile
3f69db38-9a63-40b8-9e1f-9b614d73bb9a,L1,Profile
3f69db38-9a63-40b8-9e1f-9b614d73bb9a,L1,Profile
3f69db38-9a63-40b8-9e1f-9b614d73bb9a,L1,Profile
3f69db38-9a63-40b8-9e1f-9b614d73bb9a,L1,Profile
3f69db38-9a63-40b8-9e1f-9b614d73bb9a,L1,Profile
3f69db38-9a63-40b8-9e1f-9b614d73bb9a,L1,Profile
3f69db38-9a63-40b8-9e1f-9b614d73bb9a,L1,Profile
3f69db38-9a63-40b8-9e1f-9b614d73bb9a,L1,Profile
3f69db38-9a63-40b8-9e1f-9b614d73bb9a,L1,Profile
3f69db38-9a63-40b8-9e1f-9b614d73bb9a,L1,Profile
3f69db38-9a63-40b8-9e1f-9b614d73bb9a,L1,Profile
3f69db38-9a63-40b8-9e1f-9b614d73bb9a,L1,Profile
3f69db38-9a63-40b8-9e1f-9b614d73bb9a,L1,Profile
3f69db38-9a63-40b8-9e1f-9b614d73bb9a,L1,Profile
3f69db38-9a63-40b8-9e1f-9b614d73bb9a,L1,Profile
3f69db38-9a63-40b8-9e1f-9b614d73bb9a,L1,Profile
3f69db38-9a63-40b8-9e1f-9b614d73bb9a,L1,Profile
3f69db38-9a63-40b8-9e1f-9b614d73bb9a,L1,Profile
3f69db38-9a63-40b8-9e1f-9b614d73bb9a,L1,Profile
3f69db38-9a63-40b8-9e1f-9b614d73bb9a,L1,Profile
3f69db38-9a63-40b8-9e1f-9b614d73bb9a,L1,Profile
3f69db38-9a63-40b8-9e1f-9b614d73bb9a,L1,Profile
3f69db38-9a63-40b8-9e1f-9b614d73bb9a,L1,Profile
3f69db38-9a63-40b8-9e1f-9b614d73bb9a,L1,Profile
3f69db38-9a63-40b8-9e1f-9b614d73bb9a,L1,Profile
3f69db38-9a63-40b8-9e1f-9b614d73bb9a,L1,Profile
3f69db38-9a63-40b8-9e1f-9b614d73bb9a,L1,Profile
3f69db38-9a63-40b8-9e1f-9b614d73bb9a,L1,Profile
3f69db38-9a63-40b8-9e1f-9b614d73bb9a,L1,Profile
3f69db38-9a63-40b8-9e1f-9b614d73bb9a,L1,Profile
3f69db38-9a63-40b8-9e1f-9b614d73bb9a,L1,Profile
3f69db38-9a63-40b8-9e1f-9b614d73bb9a,L1,Profile
3f69db38-9a63-40b8-9e1f-9b614d73bb9a,L1,Profile
3f69db38-9a63-40b8-9e1f-9b614d73bb9a,L1,Profile
3f69db38-9a63-40b8-9e1f-9b614d73bb9a,L1,Profile
3f69db38-9a63-40b8-9e1f-9b614d73bb9a,L1,Profile
3f69db38-9a63-40b8-9e1f-9b614d73bb9a,L1,Profile
3f69db38-9a63-40b8-9e1f-9b614d73bb9a,L1,Profile
3f69db38-9a63-40b8-9e1f-9b614d73bb9a,L1,Profile
3f69db38-9a63-40b8-9e1f-9b614d73bb9a,L1,Profile
3f69db38-9a63-40b8-9e1f-9b614d73bb9a,L1,Profile
3f69db38-9a63-40b8-9e1f-9b614d73bb9a,L1,Profile
3f69db38-9a63-40b8-9e1f-9b614d73bb9a,L1,Profile
3f69db38-9a63-40b8-9e1f-9b614d73bb9a,L1,Profile
3f69db38-9a63-40b8-9e1f-9b614d73bb9a,L1,Profile
3f69db38-9a63-40b8-9e1f-9b614d73bb9a,L1,Profile
3f69db38-9a63-40b8-9e1f-9b614d73bb9a,L1,Profile
3f69db38-9a63-40b8-9e1f-9b614d73bb9a,L1,Profile
3f69db38-9a63-40b8-9e1f-9b614d73bb9a,L1,Profile
3f69db38-9a63-40b8-9e1f-9b614d73bb9a,L1,Profile
3f69db38-9a63-40b8-9e1f-9b614d73bb9a,L1,Profile
3f69db38-9a63-40b8-9e1f-9b614d73bb9a,L1,Profile
3f69db38-9a63-40b8-9e1f-9b614d73bb9a,L1,Profile
3f69db38-9a63-40b8-9e1f-9b614d73bb9a,L1,Profile
3f69db38-9a63-40b8-9e1f-9b614d73bb9a,L1,Profile
3f69db38-9a63-40b8-9e1f-9b614d73bb9a,L1,Profile
3f69db38-9a63-40b8-9e1f-9b614d73bb9a,L1,Profile
3f69db38-9a63-40b8-9e1f-9b614d73bb9a,L1,Profile
3f69db38-9a63-40b8-9e1f-9b614d73bb9a,L1,Profile
3f69db38-9a63-40b8-9e1f-9b614d73bb9a,L1,Profile
3f69db38-9a63-40b8-9e1f-9b614d73bb9a,L1,Profile
3f69db38-9a63-40b8-9e1f-9b614d73bb9a,L1,Profile
3f69db38-9a63-40b8-9e1f-9b614d73bb9a,L1,Profile
3f69db38-9a63-40b8-9e1f-9b614d73bb9a,L1,Profile
3f69db38-9a63-40b8-9e1f-9b614d73bb9a,L1,Profile
3f69db38-9a63-40b8-9e1f-9b614d73bb9a,L1,Profile
3f69db38-9a63-40b8-9e1f-9b614d73bb9a,L1,Profile
3f69db38-9a63-40b8-9e1f-9b614d73bb9a,L1,Profile
3f69db38-9a63-40b8-9e1f-9b614d73bb9a,L1,Profile
3f69db38-9a63-40b8-9e1f-9b614d73bb9a,L1,Profile
3f69db38-9a63-40b8-9e1f-9b614d73bb9a,L1,Profile
3f69db38-9a63-40b8-9e1f-9b614d73bb9a,L1,Profile
3f69db38-9a63-40b8-9e1f-9b614d73bb9a,L1,Profile
3f69db38-9a63-40b8-9e1f-9b614d73bb9a,L1,Profile
3f69db38-9a63-40b8-9e1f-9b614d73bb9a,L1,Profile
3f69db38-9a63-40b8-9e1f-9b614d73bb9a,L1,Profile
3f69db38-9a63-40b8-9e1f-9b614d73bb9a,L1,Profile
3f69db38-9a63-40b8-9e1f-9b614d73bb9a,L1,Profile
3f69db38-9a63-40b8-9e1f-9b614d73bb9a,L1,Profile
3f69db38-9a63-40b8-9e1f-9b614d73bb9a,L1,Profile
3f69db38-9a63-40b8-9e1f-9b614d73bb9a,L1,Profile
3f69db38-9a63-40b8-9e1f-9b614d73bb9a,L1,Profile
3f69db38-9a63-40b8-9e1f-9b614d73bb9a,L1,Profile
3f69db38-9a63-40b8-9e1f-9b614d73bb9a,L1,Profile
3f69db38-9a63-40b8-9e1f-9b614d73bb9a,L1,Profile
3f69db38-9a63-40b8-9e1f-9b614d73bb9a,L1,Profile
3f69db38-9a63-40b8-9e1f-9b614d73bb9a,L1,Profile
3f69db38-9a63-40b8-9e1f-9b614d73bb9a,L1,Profile
3f69db38-9a63-40b8-9e1f-9b614d73bb9a,L1,Profile
3f69db38-9a63-40b8-9e1f-9b614d73bb9a,L1,Profile
3f69db38-9a63-40b8-9e1f-9b614d73bb9a,L1,Profile
3f69db38-9a63-40b8-9e1f-9b614d73bb9a,L1,Profile
3f69db38-9a63-40b8-9e1f-9b614d73bb9a,L1,Profile
3f69db38-9a63-40b8-9e1f-9b614d73bb9a,L1,Profile
3f69db38-9a63-40b8-9e1f-9b614d73bb9a,L1,Profile
3f69db38-9a63-40b8-9e1f-9b614d73bb9a,L1,Profile
3f69db38-9a63-40b8-9e1f-9b614d73bb9a,L1,Profile
3f69db38-9a63-40b8-9e1f-9b614d73bb9a,L1,Profile
3f69db38-9a63-40b8-9e1f-9b614d73bb9a,L1,Profile
3f69db38-9a63-40b8-9e1f-9b614d73bb9a,L1,Profile
3f69db38-9a63-40b8-9e1f-9b614d73bb9a,L1,Profile
3f69db38-9a63-40b8-9e1f-9b614d73bb9a,L1,Profile
3f69db38-9a63-40b8-9e1f-9b614d73bb9a,L1,Profile
3f69db38-9a63-40b8-9e1f-9b614d73bb9a,L1,Profile
3f69db38-9a63-40b8-9e1f-9b614d73bb9a,L1,Profile
3f69db38-9a63-40b8-9e1f-9b614d73bb9a,L1,Profile
3f69db38-9a63-40b8-9e1f-9b614d73bb9a,L1,Profile
3f69db38-9a63-40b8-9e1f-9b614d73bb9a,L1,Profile
3f69db38-9a63-40b8-9e1f-9b614d73bb9a,L1,Profile
3f69db38-9a63-40b8-9e1f-9b614d73bb9a,L1,Profile
3f69db38-9a63-40b8-9e1f-9b614d73bb9a,L1,Profile
3f69db38-9a63-40b8-9e1f-9b614d73bb9a,L1,Profile
3f69db38-9a63-40b8-9e1f-9b614d73bb9a,L1,Profile
3f69db38-9a63-40b8-9e1f-9b614d73bb9a,L1,Profile
3f69db38-9a63-40b8-9e1f-9b614d73bb9a,L1,Profile
3f69db38-9a63-40b8-9e1f-9b614d73bb9a,L1,Profile
3f69db38-9a63-40b8-9e1f-9b614d73bb9a,L1,Profile
3f69db38-9a63-40b8-9e1f-9b614d73bb9a,L1,Profile
3f69db38-9a63-40b8-9e1f-9b614d73bb9a,L1,Profile
3f69db38-9a63-40b8-9e1f-9b614d73bb9a,L1,Profile
3f69db38-9a63-40b8-9e1f-9b614d73bb9a,L1,Profile
3f69db38-9a63-40b8-9e1f-9b614d73bb9a,L1,Profile
3f69db38-9a63-40b8-9e1f-9b614d73bb9a,L1,Profile
3f69db38-9a63-40b8-9e1f-9b614d73bb9a,L1,Profile
3f69db38-9a63-40b8-9e1f-9b614d73bb9a,L1,Profile
3f69db38-9a63-40b8-9e1f-9b614d73bb9a,L1,Profile
3f69db38-9a63-40b8-9e1f-9b614d73bb9a,L1,Profile
3f69db38-9a63-40b8-9e1f-9b614d73bb9a,L1,Profile
3f69db38-9a63-40b8-9e1f-9b614d73bb9a,L1,Profile
3f69db38-9a63-40b8-9e1f-9b614d73bb9a,L1,Profile
3f69db38-9a63-40b8-9e1f-9b614d73bb9a,L1,Profile
3f69db38-9a63-40b8-9e1f-9b614d73bb9a,L1,Profile
3f69db38-9a63-40b8-9e1f-9b614d73bb9a,L1,Profile
3f69db38-9a63-40b8-9e1f-9b614d73bb9a,L1,Profile
3f69db38-9a63-40b8-9e1f-9b614d73bb9a,L1,Profile
3f69db38-9a63-40b8-9e1f-9b614d73bb9a,L1,Profile
3f69db38-9a63-40b8-9e1f-9b614d73bb9a,L1,Profile
3f69db38-9a63-40b8-9e1f-9b614d73bb9a,L1,Profile
3f69db38-9a63-40b8-9e1f-9b614d73bb9a,L1,Profile
3f69db38-9a63-40b8-9e1f-9b614d73bb9a,L1,Profile
3f69db38-9a63-40b8-9e1f-9b614d73bb9a,L1,Profile
3f69db38-9a63-40b8-9e1f-9b614d73bb9a,L1,Profile
3f69db38-9a63-40b8-9e1f-9b614d73bb9a,L1,Profile
3f69db38-9a63-40b8-9e1f-9b614d73bb9a,L1,Profile
3f69db38-9a63-40b8-9e1f-9b614d73bb9a,L1,Profile
3f69db38-9a63-40b8-9e1f-9b614d73bb9a,L1,Profile
3f69db38-9a63-40b8-9e1f-9b614d73bb9a,L1,Profile
3f69db38-9a63-40b8-9e1f-9b614d73bb9a,L1,Profile
3f69db38-9a63-40b8-9e1f-9b614d73bb9a,L1,Profile
3f69db38-9a63-40b8-9e1f-9b614d73bb9a,L1,Profile
3f69db38-9a63-40b8-9e1f-9b614d73bb9a,L1,Profile
3f69db38-9a63-40b8-9e1f-9b614d73bb9a,L1,Profile
3f69db38-9a63-40b8-9e1f-9b614d73bb9a,L1,Profile
3f69db38-9a63-40b8-9e1f-9b614d73bb9a,L1,Profile
3f69db38-9a63-40b8-9e1f-9b614d73bb9a,L1,Profile
3f69db38-9a63-40b8-9e1f-9b614d73bb9a,L1,Profile
3f69db38-9a63-40b8-9e1f-9b614d73bb9a,L1,Profile
3f69db38-9a63-40b8-9e1f-9b614d73bb9a,L1,Profile
3f69db38-9a63-40b8-9e1f-9b614d73bb9a,L1,Profile
3f69db38-9a63-40b8-9e1f-9b614d73bb9a,L1,Profile
3f69db38-9a63-40b8-9e1f-9b614d73bb9a,L1,Profile
3f69db38-9a63-40b8-9e1f-9b614d73bb9a,L1,Profile
3f69db38-9a63-40b8-9e1f-9b614d73bb9a,L1,Profile
3f69db38-9a63-40b8-9e1f-9b614d73bb9a,L1,Profile
3f69db38-9a63-40b8-9e1f-9b614d73bb9a,L1,Profile
3f69db38-9a63-40b8-9e1f-9b614d73bb9a,L1,Profile
3f69db38-9a63-40b8-9e1f-9b614d73bb9a,L1,Profile
3f69db38-9a63-40b8-9e1f-9b614d73bb9a,L1,Profile
3f69db38-9a63-40b8-9e1f-9b614d73bb9a,L1,Profile
3f69db38-9a63-40b8-9e1f-9b614d73bb9a,L1,Profile
3f69db38-9a63-40b8-9e1f-9b614d73bb9a,L1,Profile
3f69db38-9a63-40b8-9e1f-9b614d73bb9a,L1,Profile
3f69db38-9a63-40b8-9e1f-9b614d73bb9a,L1,Profile
3f69db38-9a63-40b8-9e1f-9b614d73bb9a,L1,Profile
3f69db38-9a63-40b8-9e1f-9b614d73bb9a,L1,Profile
3f69db38-9a63-40b8-9e1f-9b614d73bb9a,L1,Profile
3f69db38-9a63-40b8-9e1f-9b614d73bb9a,L1,Profile
3f69db38-9a63-40b8-9e1f-9b614d73bb9a,L1,Profile
3f69db38-9a63-40b8-9e1f-9b614d73bb9a,L1,Profile
3f69db38-9a63-40b8-9e1f-9b614d73bb9a,L1,Profile
3f69db38-9a63-40b8-9e1f-9b614d73bb9a,L1,Profile
3f69db38-9a63-40b8-9e1f-9b614d73bb9a,L1,Profile
3f69db38-9a63-40b8-9e1f-9b614d73bb9a,L1,Profile
3f69db38-9a63-40b8-9e1f-9b614d73bb9a,L1,Profile
3f69db38-9a63-40b8-9e1f-9b614d73bb9a,L1,Profile
3f69db38-9a63-40b8-9e1f-9b614d73bb9a,L1,Profile
3f69db38-9a63-40b8-9e1f-9b614d73bb9a,L1,Profile
3f69db38-9a63-40b8-9e1f-9b614d73bb9a,L1,Profile
3f69db38-9a63-40b8-9e1f-9b614d73bb9a,L1,Profile
3f69db38-9a63-40b8-9e1f-9b614d73bb9a,L1,Profile
3f69db38-9a63-40b8-9e1f-9b614d73bb9a,L1,Profile
3f69db38-9a63-40b8-9e1f-9b614d73bb9a,L1,Profile
3f69db38-9a63-40b8-9e1f-9b614d73bb9a,L1,Profile
3f69db38-9a63-40b8-9e1f-9b614d73bb9a,L1,Profile
3f69db38-9a63-40b8-9e1f-9b614d73bb9a,L1,Profile
3f69db38-9a63-40b8-9e1f-9b614d73bb9a,L1,Profile
3f69db38-9a63-40b8-9e1f-9b614d73bb9a,L1,Profile
3f69db38-9a63-40b8-9e1f-9b614d73bb9a,L1,Profile
3f69db38-9a63-40b8-9e1f-9b614d73bb9a,L1,Profile
3f69db38-9a63-40b8-9e1f-9b614d73bb9a,L1,Profile
3f69db38-9a63-40b8-9e1f-9b614d73bb9a,L1,Profile
3f69db38-9a63-40b8-9e1f-9b614d73bb9a,L1,Profile
3f69db38-9a63-40b8-9e1f-9b614d73bb9a,L1,Profile
3f69db38-9a63-40b8-9e1f-9b614d73bb9a,L1,Profile
3f69db38-9a63-40b8-9e1f-9b614d73bb9a,L1,Profile
3f69db38-9a63-40b8-9e1f-9b614d73bb9a,L1,Profile
3f69db38-9a63-40b8-9e1f-9b614d73bb9a,L1,Profile
3f69db38-9a63-40b8-9e1f-9b614d73bb9a,L1,Profile
3f69db38-9a63-40b8-9e1f-9b614d73bb9a,L1,Profile
3f69db38-9a63-40b8-9e1f-9b614d73bb9a,L1,Profile
3f69db38-9a63-40b8-9e1f-9b614d73bb9a,L1,Profile
3f69db38-9a63-40b8-9e1f-9b614d73bb9a,L1,Profile
3f69db38-9a63-40b8-9e1f-9b614d73bb9a,L1,Profile
3f69db38-9a63-40b8-9e1f-9b614d73bb9a,L1,Profile
3f69db38-9a63-40b8-9e1f-9b614d73bb9a,L1,Profile
3f69db38-9a63-40b8-9e1f-9b614d73bb9a,L1,Profile
3f69db38-9a63-40b8-9e1f-9b614d73bb9a,L1,Profile
3f69db38-9a63-40b8-9e1f-9b614d73bb9a,L1,Profile
3f69db38-9a63-40b8-9e1f-9b614d73bb9a,L1,Profile
3f69db38-9a63-40b8-9e1f-9b614d73bb9a,L1,Profile
3f69db38-9a63-40b8-9e1f-9b614d73bb9a,L1,Profile
3f69db38-9a63-40b8-9e1f-9b614d73bb9a,L1,Profile
3f69db38-9a63-40b8-9e1f-9b614d73bb9a,L1,Profile
3f69db38-9a63-40b8-9e1f-9b614d73bb9a,L1,Profile
3f69db38-9a63-40b8-9e1f-9b614d73bb9a,L1,Profile
3f69db38-9a63-40b8-9e1f-9b614d73bb9a,L1,Profile
3f69db38-9a63-40b8-9e1f-9b614d73bb9a,L1,Profile
3f69db38-9a63-40b8-9e1f-9b614d73bb9a,L1,Profile
3f69db38-9a63-40b8-9e1f-9b614d73bb9a,L1,Profile
3f69db38-9a63-40b8-9e1f-9b614d73bb9a,L1,Profile
3f69db38-9a63-40b8-9e1f-9b614d73bb9a,L1,Profile
3f69db38-9a63-40b8-9e1f-9b614d73bb9a,L1,Profile
3f69db38-9a63-40b8-9e1f-9b614d73bb9a,L1,Profile
3f69db38-9a63-40b8-9e1f-9b614d73bb9a,L1,Profile
3f69db38-9a63-40b8-9e1f-9b614d73bb9a,L1,Profile
3f69db38-9a63-40b8-9e1f-9b614d73bb9a,L1,Profile
3f69db38-9a63-40b8-9e1f-9b614d73bb9a,L1,Profile
3f69db38-9a63-40b8-9e1f-9b614d73bb9a,L1,Profile
3f69db38-9a63-40b8-9e1f-9b614d73bb9a,L1,Profile
3f69db38-9a63-40b8-9e1f-9b614d73bb9a,L1,Profile
3f69db38-9a63-40b8-9e1f-9b614d73bb9a,L1,Profile
3f69db38-9a63-40b8-9e1f-9b614d73bb9a,L1,Profile
3f69db38-9a63-40b8-9e1f-9b614d73bb9a,L1,Profile
3f69db38-9a63-40b8-9e1f-9b614d73bb9a,L1,Profile
3f69db38-9a63-40b8-9e1f-9b614d73bb9a,L1,Profile
3f69db38-9a63-40b8-9e1f-9b614d73bb9a,L1,Profile
3f69db38-9a63-40b8-9e1f-9b614d73bb9a,L1,Profile
3f69db38-9a63-40b8-9e1f-9b614d73bb9a,L1,Profile
3f69db38-9a63-40b8-9e1f-9b614d73bb9a,L1,Profile
3f69db38-9a63-40b8-9e1f-9b614d73bb9a,L1,Profile
3f69db38-9a63-40b8-9e1f-9b614d73bb9a,L1,Profile
3f69db38-9a63-40b8-9e1f-9b614d73bb9a,L1,Profile
3f69db38-9a63-40b8-9e1f-9b614d73bb9a,L1,Profile
3f69db38-9a63-40b8-9e1f-9b614d73bb9a,L1,Profile
3f69db38-9a63-40b8-9e1f-9b614d73bb9a,L1,Profile
3f69db38-9a63-40b8-9e1f-9b614d73bb9a,L1,Profile
3f69db38-9a63-40b8-9e1f-9b614d73bb9a,L1,Profile
3f69db38-9a63-40b8-9e1f-9b614d73bb9a,L1,Profile
3f69db38-9a63-40b8-9e1f-9b614d73bb9a,L1,Profile
3f69db38-9a63-40b8-9e1f-9b614d73bb9a,L1,Profile
3f69db38-9a63-40b8-9e1f-9b614d73bb9a,L1,Profile
3f69db38-9a63-40b8-9e1f-9b614d73bb9a,L1,Profile
3f69db38-9a63-40b8-9e1f-9b614d73bb9a,L1,Profile
3f69db38-9a63-40b8-9e1f-9b614d73bb9a,L1,Profile
3f69db38-9a63-40b8-9e1f-9b614d73bb9a,L1,Profile
3f69db38-9a63-40b8-9e1f-9b614d73bb9a,L1,Profile
3f69db38-9a63-40b8-9e1f-9b614d73bb9a,L1,Profile
3f69db38-9a63-40b8-9e1f-9b614d73bb9a,L1,Profile
3f69db38-9a63-40b8-9e1f-9b614d73bb9a,L1,Profile
3f69db38-9a63-40b8-9e1f-9b614d73bb9a,L1,Profile
3f69db38-9a63-40b8-9e1f-9b614d73bb9a,L1,Profile
3f69db38-9a63-40b8-9e1f-9b614d73bb9a,L1,Profile
3f69db38-9a63-40b8-9e1f-9b614d73bb9a,L1,Profile
3f69db38-9a63-40b8-9e1f-9b614d73bb9a,L1,Profile
3f69db38-9a63-40b8-9e1f-9b614d73bb9a,L1,Profile
3f69db38-9a63-40b8-9e1f-9b614d73bb9a,L1,Profile
3f69db38-9a63-40b8-9e1f-9b614d73bb9a,L1,Profile
3f69db38-9a63-40b8-9e1f-9b614d73bb9a,L1,Profile
3f69db38-9a63-40b8-9e1f-9b614d73bb9a,L1,Profile
3f69db38-9a63-40b8-9e1f-9b614d73bb9a,L1,Profile
3f69db38-9a63-40b8-9e1f-9b614d73bb9a,L1,Profile
3f69db38-9a63-40b8-9e1f-9b614d73bb9a,L1,Profile
3f69db38-9a63-40b8-9e1f-9b614d73bb9a,L1,Profile
3f69db38-9a63-40b8-9e1f-9b614d73bb9a,L1,Profile
3f69db38-9a63-40b8-9e1f-9b614d73bb9a,L1,Profile
3f69db38-9a63-40b8-9e1f-9b614d73bb9a,L1,Profile
3f69db38-9a63-40b8-9e1f-9b614d73bb9a,L1,Profile
3f69db38-9a63-40b8-9e1f-9b614d73bb9a,L1,Profile
3f69db38-9a63-40b8-9e1f-9b614d73bb9a,L1,Profile
3f69db38-9a63-40b8-9e1f-9b614d73bb9a,L1,Profile
3f69db38-9a63-40b8-9e1f-9b614d73bb9a,L1,Profile
3f69db38-9a63-40b8-9e1f-9b614d73bb9a,L1,Profile
3f69db38-9a63-40b8-9e1f-9b614d73bb9a,L1,Profile
3f69db38-9a63-40b8-9e1f-9b614d73bb9a,L1,Profile
3f69db38-9a63-40b8-9e1f-9b614d73bb9a,L1,Profile
3f69db38-9a63-40b8-9e1f-9b614d73bb9a,L1,Profile
3f69db38-9a63-40b8-9e1f-9b614d73bb9a,L1,Profile
3f69db38-9a63-40b8-9e1f-9b614d73bb9a,L1,Profile
3f69db38-9a63-40b8-9e1f-9b614d73bb9a,L1,Profile
3f69db38-9a63-40b8-9e1f-9b614d73bb9a,L1,Profile
3f69db38-9a63-40b8-9e1f-9b614d73bb9a,L1,Profile
3f69db38-9a63-40b8-9e1f-9b614d73bb9a,L1,Profile
3f69db38-9a63-40b8-9e1f-9b614d73bb9a,L1,Profile
3f69db38-9a63-40b8-9e1f-9b614d73bb9a,L1,Profile
3f69db38-9a63-40b8-9e1f-9b614d73bb9a,L1,Profile
3f69db38-9a63-40b8-9e1f-9b614d73bb9a,L1,Profile
3f69db38-9a63-40b8-9e1f-9b614d73bb9a,L1,Profile
3f69db38-9a63-40b8-9e1f-9b614d73bb9a,L1,Profile
3f69db38-9a63-40b8-9e1f-9b614d73bb9a,L1,Profile
3f69db38-9a63-40b8-9e1f-9b614d73bb9a,L1,Profile
3f69db38-9a63-40b8-9e1f-9b614d73bb9a,L1,Profile
3f69db38-9a63-40b8-9e1f-9b614d73bb9a,L1,Profile
3f69db38-9a63-40b8-9e1f-9b614d73bb9a,L1,Profile
3f69db38-9a63-40b8-9e1f-9b614d73bb9a,L1,Profile
3f69db38-9a63-40b8-9e1f-9b614d73bb9a,L1,Profile
3f69db38-9a63-40b8-9e1f-9b614d73bb9a,L1,Profile
3f69db38-9a63-40b8-9e1f-9b614d73bb9a,L1,Profile
3f69db38-9a63-40b8-9e1f-9b614d73bb9a,L1,Profile
3f69db38-9a63-40b8-9e1f-9b614d73bb9a,L1,Profile
3f69db38-9a63-40b8-9e1f-9b614d73bb9a,L1,Profile
3f69db38-9a63-40b8-9e1f-9b614d73bb9a,L1,Profile
3f69db38-9a63-40b8-9e1f-9b614d73bb9a,L1,Profile
3f69db38-9a63-40b8-9e1f-9b614d73bb9a,L1,Profile
3f69db38-9a63-40b8-9e1f-9b614d73bb9a,L1,Profile
3f69db38-9a63-40b8-9e1f-9b614d73bb9a,L1,Profile
3f69db38-9a63-40b8-9e1f-9b614d73bb9a,L1,Profile
3f69db38-9a63-40b8-9e1f-9b614d73bb9a,L1,Profile
3f69db38-9a63-40b8-9e1f-9b614d73bb9a,L1,Profile
3f69db38-9a63-40b8-9e1f-9b614d73bb9a,L1,Profile
3f69db38-9a63-40b8-9e1f-9b614d73bb9a,L1,Profile
3f69db38-9a63-40b8-9e1f-9b614d73bb9a,L1,Profile
3f69db38-9a63-40b8-9e1f-9b614d73bb9a,L1,Profile
3f69db38-9a63-40b8-9e1f-9b614d73bb9a,L1,Profile
3f69db38-9a63-40b8-9e1f-9b614d73bb9a,L1,Profile
3f69db38-9a63-40b8-9e1f-9b614d73bb9a,L1,Profile
3f69db38-9a63-40b8-9e1f-9b614d73bb9a,L1,Profile
3f69db38-9a63-40b8-9e1f-9b614d73bb9a,L1,Profile
3f69db38-9a63-40b8-9e1f-9b614d73bb9a,L1,Profile
3f69db38-9a63-40b8-9e1f-9b614d73bb9a,L1,Profile
3f69db38-9a63-40b8-9e1f-9b614d73bb9a,L1,Profile
3f69db38-9a63-40b8-9e1f-9b614d73bb9a,L1,Profile
3f69db38-9a63-40b8-9e1f-9b614d73bb9a,L1,Profile
3f69db38-9a63-40b8-9e1f-9b614d73bb9a,L1,Profile
3f69db38-9a63-40b8-9e1f-9b614d73bb9a,L1,Profile
3f69db38-9a63-40b8-9e1f-9b614d73bb9a,L1,Profile
3f69db38-9a63-40b8-9e1f-9b614d73bb9a,L1,Profile
3f69db38-9a63-40b8-9e1f-9b614d73bb9a,L1,Profile
3f69db38-9a63-40b8-9e1f-9b614d73bb9a,L1,Profile
3f69db38-9a63-40b8-9e1f-9b614d73bb9a,L1,Profile
3f69db38-9a63-40b8-9e1f-9b614d73bb9a,L1,Profile
3f69db38-9a63-40b8-9e1f-9b614d73bb9a,L1,Profile
3f69db38-9a63-40b8-9e1f-9b614d73bb9a,L1,Profile
3f69db38-9a63-40b8-9e1f-9b614d73bb9a,L1,Profile
3f69db38-9a63-40b8-9e1f-9b614d73bb9a,L1,Profile
3f69db38-9a63-40b8-9e1f-9b614d73bb9a,L1,Profile
3f69db38-9a63-40b8-9e1f-9b614d73bb9a,L1,Profile
3f69db38-9a63-40b8-9e1f-9b614d73bb9a,L1,Profile
3f69db38-9a63-40b8-9e1f-9b614d73bb9a,L1,Profile
3f69db38-9a63-40b8-9e1f-9b614d73bb9a,L1,Profile
3f69db38-9a63-40b8-9e1f-9b614d73bb9a,L1,Profile
3f69db38-9a63-40b8-9e1f-9b614d73bb9a,L1,Profile
3f69db38-9a63-40b8-9e1f-9b614d73bb9a,L1,Profile
3f69db38-9a63-40b8-9e1f-9b614d73bb9a,L1,Profile
3f69db38-9a63-40b8-9e1f-9b614d73bb9a,L1,Profile
3f69db38-9a63-40b8-9e1f-9b614d73bb9a,L1,Profile
3f69db38-9a63-40b8-9e1f-9b614d73bb9a,L1,Profile
3f69db38-9a63-40b8-9e1f-9b614d73bb9a,L1,Profile
3f69db38-9a63-40b8-9e1f-9b614d73bb9a,L1,Profile
3f69db38-9a63-40b8-9e1f-9b614d73bb9a,L1,Profile
3f69db38-9a63-40b8-9e1f-9b614d73bb9a,L1,Profile
3f69db38-9a63-40b8-9e1f-9b614d73bb9a,L1,Profile
3f69db38-9a63-40b8-9e1f-9b614d73bb9a,L1,Profile
3f69db38-9a63-40b8-9e1f-9b614d73bb9a,L1,Profile
3f69db38-9a63-40b8-9e1f-9b614d73bb9a,L1,Profile
3f69db38-9a63-40b8-9e1f-9b614d73bb9a,L1,Profile
3f69db38-9a63-40b8-9e1f-9b614d73bb9a,L1,Profile
3f69db38-9a63-40b8-9e1f-9b614d73bb9a,L1,Profile
3f69db38-9a63-40b8-9e1f-9b614d73bb9a,L1,Profile
3f69db38-9a63-40b8-9e1f-9b614d73bb9a,L1,Profile
3f69db38-9a63-40b8-9e1f-9b614d73bb9a,L1,Profile
3f69db38-9a63-40b8-9e1f-9b614d73bb9a,L1,Profile
3f69db38-9a63-40b8-9e1f-9b614d73bb9a,L1,Profile
3f69db38-9a63-40b8-9e1f-9b614d73bb9a,L1,Profile
3f69db38-9a63-40b8-9e1f-9b614d73bb9a,L1,Profile
3f69db38-9a63-40b8-9e1f-9b614d73bb9a,L1,Profile
3f69db38-9a63-40b8-9e1f-9b614d73bb9a,L1,Profile
3f69db38-9a63-40b8-9e1f-9b614d73bb9a,L1,Profile
3f69db38-9a63-40b8-9e1f-9b614d73bb9a,L1,Profile
3f69db38-9a63-40b8-9e1f-9b614d73bb9a,L1,Profile
3f69db38-9a63-40b8-9e1f-9b614d73bb9a,L1,Profile
3f69db38-9a63-40b8-9e1f-9b614d73bb9a,L1,Profile
3f69db38-9a63-40b8-9e1f-9b614d73bb9a,L1,Profile
3f69db38-9a63-40b8-9e1f-9b614d73bb9a,L1,Profile
3f69db38-9a63-40b8-9e1f-9b614d73bb9a,L1,Profile
3f69db38-9a63-40b8-9e1f-9b614d73bb9a,L1,Profile
3f69db38-9a63-40b8-9e1f-9b614d73bb9a,L1,Profile
3f69db38-9a63-40b8-9e1f-9b614d73bb9a,L1,Profile
3f69db38-9a63-40b8-9e1f-9b614d73bb9a,L1,Profile
3f69db38-9a63-40b8-9e1f-9b614d73bb9a,L1,Profile
3f69db38-9a63-40b8-9e1f-9b614d73bb9a,L1,Profile
3f69db38-9a63-40b8-9e1f-9b614d73bb9a,L1,Profile
3f69db38-9a63-40b8-9e1f-9b614d73bb9a,L1,Profile
3f69db38-9a63-40b8-9e1f-9b614d73bb9a,L1,Profile
3f69db38-9a63-40b8-9e1f-9b614d73bb9a,L1,Profile
3f69db38-9a63-40b8-9e1f-9b614d73bb9a,L1,Profile
3f69db38-9a63-40b8-9e1f-9b614d73bb9a,L1,Profile
3f69db38-9a63-40b8-9e1f-9b614d73bb9a,L1,Profile
3f69db38-9a63-40b8-9e1f-9b614d73bb9a,L1,Profile
3f69db38-9a63-40b8-9e1f-9b614d73bb9a,L1,Profile
3f69db38-9a63-40b8-9e1f-9b614d73bb9a,L1,Profile
3f69db38-9a63-40b8-9e1f-9b614d73bb9a,L1,Profile
3f69db38-9a63-40b8-9e1f-9b614d73bb9a,L1,Profile
3f69db38-9a63-40b8-9e1f-9b614d73bb9a,L1,Profile
3f69db38-9a63-40b8-9e1f-9b614d73bb9a,L1,Profile
3f69db38-9a63-40b8-9e1f-9b614d73bb9a,L1,Profile
3f69db38-9a63-40b8-9e1f-9b614d73bb9a,L1,Profile
3f69db38-9a63-40b8-9e1f-9b614d73bb9a,L1,Profile
3f69db38-9a63-40b8-9e1f-9b614d73bb9a,L1,Profile
3f69db38-9a63-40b8-9e1f-9b614d73bb9a,L1,Profile
3f69db38-9a63-40b8-9e1f-9b614d73bb9a,L1,Profile
3f69db38-9a63-40b8-9e1f-9b614d73bb9a,L1,Profile
3f69db38-9a63-40b8-9e1f-9b614d73bb9a,L1,Profile
3f69db38-9a63-40b8-9e1f-9b614d73bb9a,L1,Profile
3f69db38-9a63-40b8-9e1f-9b614d73bb9a,L1,Profile
3f69db38-9a63-40b8-9e1f-9b614d73bb9a,L1,Profile
3f69db38-9a63-40b8-9e1f-9b614d73bb9a,L1,Profile
3f69db38-9a63-40b8-9e1f-9b614d73bb9a,L1,Profile
3f69db38-9a63-40b8-9e1f-9b614d73bb9a,L1,Profile
3f69db38-9a63-40b8-9e1f-9b614d73bb9a,L1,Profile
3f69db38-9a63-40b8-9e1f-9b614d73bb9a,L1,Profile
3f69db38-9a63-40b8-9e1f-9b614d73bb9a,L1,Profile
3f69db38-9a63-40b8-9e1f-9b614d73bb9a,L1,Profile
3f69db38-9a63-40b8-9e1f-9b614d73bb9a,L1,Profile
3f69db38-9a63-40b8-9e1f-9b614d73bb9a,L1,Profile
3f69db38-9a63-40b8-9e1f-9b614d73bb9a,L1,Profile
3f69db38-9a63-40b8-9e1f-9b614d73bb9a,L1,Profile
3f69db38-9a63-40b8-9e1f-9b614d73bb9a,L1,Profile
3f69db38-9a63-40b8-9e1f-9b614d73bb9a,L1,Profile
3f69db38-9a63-40b8-9e1f-9b614d73bb9a,L1,Profile
3f69db38-9a63-40b8-9e1f-9b614d73bb9a,L1,Profile
3f69db38-9a63-40b8-9e1f-9b614d73bb9a,L1,Profile
3f69db38-9a63-40b8-9e1f-9b614d73bb9a,L1,Profile
3f69db38-9a63-40b8-9e1f-9b614d73bb9a,L1,Profile
3f69db38-9a63-40b8-9e1f-9b614d73bb9a,L1,Profile
3f69db38-9a63-40b8-9e1f-9b614d73bb9a,L1,Profile
3f69db38-9a63-40b8-9e1f-9b614d73bb9a,L1,Profile
3f69db38-9a63-40b8-9e1f-9b614d73bb9a,L1,Profile
3f69db38-9a63-40b8-9e1f-9b614d73bb9a,L1,Profile
3f69db38-9a63-40b8-9e1f-9b614d73bb9a,L1,Profile
3f69db38-9a63-40b8-9e1f-9b614d73bb9a,L1,Profile
3f69db38-9a63-40b8-9e1f-9b614d73bb9a,L1,Profile
3f69db38-9a63-40b8-9e1f-9b614d73bb9a,L1,Profile
3f69db38-9a63-40b8-9e1f-9b614d73bb9a,L1,Profile
3f69db38-9a63-40b8-9e1f-9b614d73bb9a,L1,Profile
3f69db38-9a63-40b8-9e1f-9b614d73bb9a,L1,Profile
3f69db38-9a63-40b8-9e1f-9b614d73bb9a,L1,Profile
3f69db38-9a63-40b8-9e1f-9b614d73bb9a,L1,Profile
3f69db38-9a63-40b8-9e1f-9b614d73bb9a,L1,Profile
3f69db38-9a63-40b8-9e1f-9b614d73bb9a,L1,Profile
3f69db38-9a63-40b8-9e1f-9b614d73bb9a,L1,Profile
3f69db38-9a63-40b8-9e1f-9b614d73bb9a,L1,Profile
3f69db38-9a63-40b8-9e1f-9b614d73bb9a,L1,Profile
3f69db38-9a63-40b8-9e1f-9b614d73bb9a,L1,Profile
3f69db38-9a63-40b8-9e1f-9b614d73bb9a,L1,Profile
3f69db38-9a63-40b8-9e1f-9b614d73bb9a,L1,Profile
3f69db38-9a63-40b8-9e1f-9b614d73bb9a,L1,Profile
3f69db38-9a63-40b8-9e1f-9b614d73bb9a,L1,Profile
3f69db38-9a63-40b8-9e1f-9b614d73bb9a,L1,Profile
3f69db38-9a63-40b8-9e1f-9b614d73bb9a,L1,Profile
3f69db38-9a63-40b8-9e1f-9b614d73bb9a,L1,Profile
3f69db38-9a63-40b8-9e1f-9b614d73bb9a,L1,Profile
3f69db38-9a63-40b8-9e1f-9b614d73bb9a,L1,Profile
3f69db38-9a63-40b8-9e1f-9b614d73bb9a,L1,Profile
3f69db38-9a63-40b8-9e1f-9b614d73bb9a,L1,Profile
3f69db38-9a63-40b8-9e1f-9b614d73bb9a,L1,Profile
3f69db38-9a63-40b8-9e1f-9b614d73bb9a,L1,Profile
3f69db38-9a63-40b8-9e1f-9b614d73bb9a,L1,Profile
3f69db38-9a63-40b8-9e1f-9b614d73bb9a,L1,Profile
3f69db38-9a63-40b8-9e1f-9b614d73bb9a,L1,Profile
3f69db38-9a63-40b8-9e1f-9b614d73bb9a,L1,Profile
3f69db38-9a63-40b8-9e1f-9b614d73bb9a,L1,Profile
3f69db38-9a63-40b8-9e1f-9b614d73bb9a,L1,Profile
3f69db38-9a63-40b8-9e1f-9b614d73bb9a,L1,Profile
3f69db38-9a63-40b8-9e1f-9b614d73bb9a,L1,Profile
3f69db38-9a63-40b8-9e1f-9b614d73bb9a,L1,Profile
3f69db38-9a63-40b8-9e1f-9b614d73bb9a,L1,Profile
3f69db38-9a63-40b8-9e1f-9b614d73bb9a,L1,Profile
3f69db38-9a63-40b8-9e1f-9b614d73bb9a,L1,Profile
3f69db38-9a63-40b8-9e1f-9b614d73bb9a,L1,Profile
3f69db38-9a63-40b8-9e1f-9b614d73bb9a,L1,Profile
3f69db38-9a63-40b8-9e1f-9b614d73bb9a,L1,Profile
3f69db38-9a63-40b8-9e1f-9b614d73bb9a,L1,Profile
3f69db38-9a63-40b8-9e1f-9b614d73bb9a,L1,Profile
3f69db38-9a63-40b8-9e1f-9b614d73bb9a,L1,Profile
3f69db38-9a63-40b8-9e1f-9b614d73bb9a,L1,Profile
3f69db38-9a63-40b8-9e1f-9b614d73bb9a,L1,Profile
3f69db38-9a63-40b8-9e1f-9b614d73bb9a,L1,Profile
3f69db38-9a63-40b8-9e1f-9b614d73bb9a,L1,Profile
3f69db38-9a63-40b8-9e1f-9b614d73bb9a,L1,Profile
3f69db38-9a63-40b8-9e1f-9b614d73bb9a,L1,Profile
3f69db38-9a63-40b8-9e1f-9b614d73bb9a,L1,Profile
3f69db38-9a63-40b8-9e1f-9b614d73bb9a,L1,Profile
3f69db38-9a63-40b8-9e1f-9b614d73bb9a,L1,Profile
3f69db38-9a63-40b8-9e1f-9b614d73bb9a,L1,Profile
3f69db38-9a63-40b8-9e1f-9b614d73bb9a,L1,Profile
3f69db38-9a63-40b8-9e1f-9b614d73bb9a,L1,Profile
3f69db38-9a63-40b8-9e1f-9b614d73bb9a,L1,Profile
3f69db38-9a63-40b8-9e1f-9b614d73bb9a,L1,Profile
3f69db38-9a63-40b8-9e1f-9b614d73bb9a,L1,Profile
3f69db38-9a63-40b8-9e1f-9b614d73bb9a,L1,Profile
3f69db38-9a63-40b8-9e1f-9b614d73bb9a,L1,Profile
3f69db38-9a63-40b8-9e1f-9b614d73bb9a,L1,Profile
3f69db38-9a63-40b8-9e1f-9b614d73bb9a,L1,Profile
3f69db38-9a63-40b8-9e1f-9b614d73bb9a,L1,Profile
3f69db38-9a63-40b8-9e1f-9b614d73bb9a,L1,Profile
3f69db38-9a63-40b8-9e1f-9b614d73bb9a,L1,Profile
3f69db38-9a63-40b8-9e1f-9b614d73bb9a,L1,Profile
3f69db38-9a63-40b8-9e1f-9b614d73bb9a,L1,Profile
3f69db38-9a63-40b8-9e1f-9b614d73bb9a,L1,Profile
3f69db38-9a63-40b8-9e1f-9b614d73bb9a,L1,Profile
3f69db38-9a63-40b8-9e1f-9b614d73bb9a,L1,Profile
3f69db38-9a63-40b8-9e1f-9b614d73bb9a,L1,Profile
3f69db38-9a63-40b8-9e1f-9b614d73bb9a,L1,Profile
3f69db38-9a63-40b8-9e1f-9b614d73bb9a,L1,Profile
3f69db38-9a63-40b8-9e1f-9b614d73bb9a,L1,Profile
3f69db38-9a63-40b8-9e1f-9b614d73bb9a,L1,Profile
3f69db38-9a63-40b8-9e1f-9b614d73bb9a,L1,Profile
3f69db38-9a63-40b8-9e1f-9b614d73bb9a,L1,Profile
3f69db38-9a63-40b8-9e1f-9b614d73bb9a,L1,Profile
3f69db38-9a63-40b8-9e1f-9b614d73bb9a,L1,Profile
3f69db38-9a63-40b8-9e1f-9b614d73bb9a,L1,Profile
3f69db38-9a63-40b8-9e1f-9b614d73bb9a,L1,Profile
3f69db38-9a63-40b8-9e1f-9b614d73bb9a,L1,Profile
3f69db38-9a63-40b8-9e1f-9b614d73bb9a,L1,Profile
3f69db38-9a63-40b8-9e1f-9b614d73bb9a,L1,Profile
3f69db38-9a63-40b8-9e1f-9b614d73bb9a,L1,Profile
3f69db38-9a63-40b8-9e1f-9b614d73bb9a,L1,Profile
3f69db38-9a63-40b8-9e1f-9b614d73bb9a,L1,Profile
3f69db38-9a63-40b8-9e1f-9b614d73bb9a,L1,Profile
3f69db38-9a63-40b8-9e1f-9b614d73bb9a,L1,Profile
3f69db38-9a63-40b8-9e1f-9b614d73bb9a,L1,Profile
3f69db38-9a63-40b8-9e1f-9b614d73bb9a,L1,Profile
3f69db38-9a63-40b8-9e1f-9b614d73bb9a,L1,Profile
3f69db38-9a63-40b8-9e1f-9b614d73bb9a,L1,Profile
3f69db38-9a63-40b8-9e1f-9b614d73bb9a,L1,Profile
3f69db38-9a63-40b8-9e1f-9b614d73bb9a,L1,Profile
3f69db38-9a63-40b8-9e1f-9b614d73bb9a,L1,Profile
3f69db38-9a63-40b8-9e1f-9b614d73bb9a,L1,Profile
3f69db38-9a63-40b8-9e1f-9b614d73bb9a,L1,Profile
3f69db38-9a63-40b8-9e1f-9b614d73bb9a,L1,Profile
3f69db38-9a63-40b8-9e1f-9b614d73bb9a,L1,Profile
3f69db38-9a63-40b8-9e1f-9b614d73bb9a,L1,Profile
3f69db38-9a63-40b8-9e1f-9b614d73bb9a,L1,Profile
3f69db38-9a63-40b8-9e1f-9b614d73bb9a,L1,Profile
3f69db38-9a63-40b8-9e1f-9b614d73bb9a,L1,Profile
3f69db38-9a63-40b8-9e1f-9b614d73bb9a,L1,Profile
3f69db38-9a63-40b8-9e1f-9b614d73bb9a,L1,Profile
3f69db38-9a63-40b8-9e1f-9b614d73bb9a,L1,Profile
3f69db38-9a63-40b8-9e1f-9b614d73bb9a,L1,Profile
3f69db38-9a63-40b8-9e1f-9b614d73bb9a,L1,Profile
3f69db38-9a63-40b8-9e1f-9b614d73bb9a,L1,Profile
3f69db38-9a63-40b8-9e1f-9b614d73bb9a,L1,Profile
3f69db38-9a63-40b8-9e1f-9b614d73bb9a,L1,Profile
3f69db38-9a63-40b8-9e1f-9b614d73bb9a,L1,Profile
3f69db38-9a63-40b8-9e1f-9b614d73bb9a,L1,Profile
3f69db38-9a63-40b8-9e1f-9b614d73bb9a,L1,Profile
3f69db38-9a63-40b8-9e1f-9b614d73bb9a,L1,Profile
3f69db38-9a63-40b8-9e1f-9b614d73bb9a,L1,Profile
3f69db38-9a63-40b8-9e1f-9b614d73bb9a,L1,Profile
3f69db38-9a63-40b8-9e1f-9b614d73bb9a,L1,Profile
3f69db38-9a63-40b8-9e1f-9b614d73bb9a,L1,Profile
3f69db38-9a63-40b8-9e1f-9b614d73bb9a,L1,Profile
3f69db38-9a63-40b8-9e1f-9b614d73bb9a,L1,Profile
3f69db38-9a63-40b8-9e1f-9b614d73bb9a,L1,Profile
3f69db38-9a63-40b8-9e1f-9b614d73bb9a,L1,Profile
3f69db38-9a63-40b8-9e1f-9b614d73bb9a,L1,Profile
3f69db38-9a63-40b8-9e1f-9b614d73bb9a,L1,Profile
3f69db38-9a63-40b8-9e1f-9b614d73bb9a,L1,Profile
3f69db38-9a63-40b8-9e1f-9b614d73bb9a,L1,Profile
3f69db38-9a63-40b8-9e1f-9b614d73bb9a,L1,Profile
3f69db38-9a63-40b8-9e1f-9b614d73bb9a,L1,Profile
3f69db38-9a63-40b8-9e1f-9b614d73bb9a,L1,Profile
3f69db38-9a63-40b8-9e1f-9b614d73bb9a,L1,Profile
3f69db38-9a63-40b8-9e1f-9b614d73bb9a,L1,Profile
3f69db38-9a63-40b8-9e1f-9b614d73bb9a,L1,Profile
3f69db38-9a63-40b8-9e1f-9b614d73bb9a,L1,Profile
3f69db38-9a63-40b8-9e1f-9b614d73bb9a,L1,Profile
3f69db38-9a63-40b8-9e1f-9b614d73bb9a,L1,Profile
3f69db38-9a63-40b8-9e1f-9b614d73bb9a,L1,Profile
3f69db38-9a63-40b8-9e1f-9b614d73bb9a,L1,Profile
3f69db38-9a63-40b8-9e1f-9b614d73bb9a,L1,Profile
3f69db38-9a63-40b8-9e1f-9b614d73bb9a,L1,Profile
3f69db38-9a63-40b8-9e1f-9b614d73bb9a,L1,Profile
3f69db38-9a63-40b8-9e1f-9b614d73bb9a,L1,Profile
3f69db38-9a63-40b8-9e1f-9b614d73bb9a,L1,Profile
3f69db38-9a63-40b8-9e1f-9b614d73bb9a,L1,Profile
3f69db38-9a63-40b8-9e1f-9b614d73bb9a,L1,Profile
3f69db38-9a63-40b8-9e1f-9b614d73bb9a,L1,Profile
3f69db38-9a63-40b8-9e1f-9b614d73bb9a,L1,Profile
3f69db38-9a63-40b8-9e1f-9b614d73bb9a,L1,Profile
3f69db38-9a63-40b8-9e1f-9b614d73bb9a,L1,Profile
3f69db38-9a63-40b8-9e1f-9b614d73bb9a,L1,Profile
3f69db38-9a63-40b8-9e1f-9b614d73bb9a,L1,Profile
3f69db38-9a63-40b8-9e1f-9b614d73bb9a,L1,Profile
3f69db38-9a63-40b8-9e1f-9b614d73bb9a,L1,Profile
3f69db38-9a63-40b8-9e1f-9b614d73bb9a,L1,Profile
3f69db38-9a63-40b8-9e1f-9b614d73bb9a,L1,Profile
3f69db38-9a63-40b8-9e1f-9b614d73bb9a,L1,Profile
3f69db38-9a63-40b8-9e1f-9b614d73bb9a,L1,Profile
3f69db38-9a63-40b8-9e1f-9b614d73bb9a,L1,Profile
3f69db38-9a63-40b8-9e1f-9b614d73bb9a,L1,Profile
3f69db38-9a63-40b8-9e1f-9b614d73bb9a,L1,Profile
3f69db38-9a63-40b8-9e1f-9b614d73bb9a,L1,Profile
3f69db38-9a63-40b8-9e1f-9b614d73bb9a,L1,Profile
3f69db38-9a63-40b8-9e1f-9b614d73bb9a,L1,Profile
3f69db38-9a63-40b8-9e1f-9b614d73bb9a,L1,Profile
3f69db38-9a63-40b8-9e1f-9b614d73bb9a,L1,Profile
3f69db38-9a63-40b8-9e1f-9b614d73bb9a,L1,Profile
3f69db38-9a63-40b8-9e1f-9b614d73bb9a,L1,Profile
3f69db38-9a63-40b8-9e1f-9b614d73bb9a,L1,Profile
3f69db38-9a63-40b8-9e1f-9b614d73bb9a,L1,Profile
3f69db38-9a63-40b8-9e1f-9b614d73bb9a,L1,Profile
3f69db38-9a63-40b8-9e1f-9b614d73bb9a,L1,Profile
3f69db38-9a63-40b8-9e1f-9b614d73bb9a,L1,Profile
3f69db38-9a63-40b8-9e1f-9b614d73bb9a,L1,Profile
3f69db38-9a63-40b8-9e1f-9b614d73bb9a,L1,Profile
3f69db38-9a63-40b8-9e1f-9b614d73bb9a,L1,Profile
3f69db38-9a63-40b8-9e1f-9b614d73bb9a,L1,Profile
3f69db38-9a63-40b8-9e1f-9b614d73bb9a,L1,Profile
3f69db38-9a63-40b8-9e1f-9b614d73bb9a,L1,Profile
3f69db38-9a63-40b8-9e1f-9b614d73bb9a,L1,Profile
3f69db38-9a63-40b8-9e1f-9b614d73bb9a,L1,Profile
3f69db38-9a63-40b8-9e1f-9b614d73bb9a,L1,Profile
3f69db38-9a63-40b8-9e1f-9b614d73bb9a,L1,Profile
3f69db38-9a63-40b8-9e1f-9b614d73bb9a,L1,Profile
3f69db38-9a63-40b8-9e1f-9b614d73bb9a,L1,Profile
3f69db38-9a63-40b8-9e1f-9b614d73bb9a,L1,Profile
3f69db38-9a63-40b8-9e1f-9b614d73bb9a,L1,Profile
3f69db38-9a63-40b8-9e1f-9b614d73bb9a,L1,Profile
3f69db38-9a63-40b8-9e1f-9b614d73bb9a,L1,Profile
3f69db38-9a63-40b8-9e1f-9b614d73bb9a,L1,Profile
3f69db38-9a63-40b8-9e1f-9b614d73bb9a,L1,Profile
3f69db38-9a63-40b8-9e1f-9b614d73bb9a,L1,Profile
3f69db38-9a63-40b8-9e1f-9b614d73bb9a,L1,Profile
3f69db38-9a63-40b8-9e1f-9b614d73bb9a,L1,Profile
3f69db38-9a63-40b8-9e1f-9b614d73bb9a,L1,Profile
3f69db38-9a63-40b8-9e1f-9b614d73bb9a,L1,Profile
3f69db38-9a63-40b8-9e1f-9b614d73bb9a,L1,Profile
3f69db38-9a63-40b8-9e1f-9b614d73bb9a,L1,Profile
3f69db38-9a63-40b8-9e1f-9b614d73bb9a,L1,Profile
3f69db38-9a63-40b8-9e1f-9b614d73bb9a,L1,Profile
3f69db38-9a63-40b8-9e1f-9b614d73bb9a,L1,Profile
3f69db38-9a63-40b8-9e1f-9b614d73bb9a,L1,Profile
3f69db38-9a63-40b8-9e1f-9b614d73bb9a,L1,Profile
3f69db38-9a63-40b8-9e1f-9b614d73bb9a,L1,Profile
3f69db38-9a63-40b8-9e1f-9b614d73bb9a,L1,Profile
3f69db38-9a63-40b8-9e1f-9b614d73bb9a,L1,Profile
3f69db38-9a63-40b8-9e1f-9b614d73bb9a,L1,Profile
3f69db38-9a63-40b8-9e1f-9b614d73bb9a,L1,Profile
3f69db38-9a63-40b8-9e1f-9b614d73bb9a,L1,Profile
3f69db38-9a63-40b8-9e1f-9b614d73bb9a,L1,Profile
3f69db38-9a63-40b8-9e1f-9b614d73bb9a,L1,Profile
3f69db38-9a63-40b8-9e1f-9b614d73bb9a,L1,Profile
3f69db38-9a63-40b8-9e1f-9b614d73bb9a,L1,Profile
3f69db38-9a63-40b8-9e1f-9b614d73bb9a,L1,Profile
3f69db38-9a63-40b8-9e1f-9b614d73bb9a,L1,Profile
3f69db38-9a63-40b8-9e1f-9b614d73bb9a,L1,Profile
3f69db38-9a63-40b8-9e1f-9b614d73bb9a,L1,Profile
3f69db38-9a63-40b8-9e1f-9b614d73bb9a,L1,Profile
3f69db38-9a63-40b8-9e1f-9b614d73bb9a,L1,Profile
3f69db38-9a63-40b8-9e1f-9b614d73bb9a,L1,Profile
3f69db38-9a63-40b8-9e1f-9b614d73bb9a,L1,Profile
3f69db38-9a63-40b8-9e1f-9b614d73bb9a,L1,Profile
3f69db38-9a63-40b8-9e1f-9b614d73bb9a,L1,Profile
3f69db38-9a63-40b8-9e1f-9b614d73bb9a,L1,Profile
3f69db38-9a63-40b8-9e1f-9b614d73bb9a,L1,Profile
3f69db38-9a63-40b8-9e1f-9b614d73bb9a,L1,Profile
3f69db38-9a63-40b8-9e1f-9b614d73bb9a,L1,Profile
3f69db38-9a63-40b8-9e1f-9b614d73bb9a,L1,Profile
3f69db38-9a63-40b8-9e1f-9b614d73bb9a,L1,Profile
3f69db38-9a63-40b8-9e1f-9b614d73bb9a,L1,Profile
3f69db38-9a63-40b8-9e1f-9b614d73bb9a,L1,Profile
3f69db38-9a63-40b8-9e1f-9b614d73bb9a,L1,Profile
3f69db38-9a63-40b8-9e1f-9b614d73bb9a,L1,Profile
3f69db38-9a63-40b8-9e1f-9b614d73bb9a,L1,Profile
3f69db38-9a63-40b8-9e1f-9b614d73bb9a,L1,Profile
3f69db38-9a63-40b8-9e1f-9b614d73bb9a,L1,Profile
3f69db38-9a63-40b8-9e1f-9b614d73bb9a,L1,Profile
3f69db38-9a63-40b8-9e1f-9b614d73bb9a,L1,Profile
3f69db38-9a63-40b8-9e1f-9b614d73bb9a,L1,Profile
3f69db38-9a63-40b8-9e1f-9b614d73bb9a,L1,Profile
3f69db38-9a63-40b8-9e1f-9b614d73bb9a,L1,Profile
3f69db38-9a63-40b8-9e1f-9b614d73bb9a,L1,Profile
3f69db38-9a63-40b8-9e1f-9b614d73bb9a,L1,Profile
3f69db38-9a63-40b8-9e1f-9b614d73bb9a,L1,Profile
3f69db38-9a63-40b8-9e1f-9b614d73bb9a,L1,Profile
3f69db38-9a63-40b8-9e1f-9b614d73bb9a,L1,Profile
3f69db38-9a63-40b8-9e1f-9b614d73bb9a,L1,Profile
3f69db38-9a63-40b8-9e1f-9b614d73bb9a,L1,Profile
3f69db38-9a63-40b8-9e1f-9b614d73bb9a,L1,Profile
3f69db38-9a63-40b8-9e1f-9b614d73bb9a,L1,Profile
3f69db38-9a63-40b8-9e1f-9b614d73bb9a,L1,Profile
3f69db38-9a63-40b8-9e1f-9b614d73bb9a,L1,Profile
3f69db38-9a63-40b8-9e1f-9b614d73bb9a,L1,Profile
3f69db38-9a63-40b8-9e1f-9b614d73bb9a,L1,Profile
3f69db38-9a63-40b8-9e1f-9b614d73bb9a,L1,Profile
3f69db38-9a63-40b8-9e1f-9b614d73bb9a,L1,Profile
3f69db38-9a63-40b8-9e1f-9b614d73bb9a,L1,Profile
3f69db38-9a63-40b8-9e1f-9b614d73bb9a,L1,Profile
3f69db38-9a63-40b8-9e1f-9b614d73bb9a,L1,Profile
3f69db38-9a63-40b8-9e1f-9b614d73bb9a,L1,Profile
3f69db38-9a63-40b8-9e1f-9b614d73bb9a,L1,Profile
3f69db38-9a63-40b8-9e1f-9b614d73bb9a,L1,Profile
3f69db38-9a63-40b8-9e1f-9b614d73bb9a,L1,Profile
3f69db38-9a63-40b8-9e1f-9b614d73bb9a,L1,Profile
3f69db38-9a63-40b8-9e1f-9b614d73bb9a,L1,Profile
3f69db38-9a63-40b8-9e1f-9b614d73bb9a,L1,Profile
3f69db38-9a63-40b8-9e1f-9b614d73bb9a,L1,Profile
3f69db38-9a63-40b8-9e1f-9b614d73bb9a,L1,Profile
3f69db38-9a63-40b8-9e1f-9b614d73bb9a,L1,Profile
3f69db38-9a63-40b8-9e1f-9b614d73bb9a,L1,Profile
3f69db38-9a63-40b8-9e1f-9b614d73bb9a,L1,Profile
3f69db38-9a63-40b8-9e1f-9b614d73bb9a,L1,Profile
3f69db38-9a63-40b8-9e1f-9b614d73bb9a,L1,Profile
3f69db38-9a63-40b8-9e1f-9b614d73bb9a,L1,Profile
3f69db38-9a63-40b8-9e1f-9b614d73bb9a,L1,Profile
3f69db38-9a63-40b8-9e1f-9b614d73bb9a,L1,Profile
3f69db38-9a63-40b8-9e1f-9b614d73bb9a,L1,Profile
3f69db38-9a63-40b8-9e1f-9b614d73bb9a,L1,Profile
3f69db38-9a63-40b8-9e1f-9b614d73bb9a,L1,Profile
3f69db38-9a63-40b8-9e1f-9b614d73bb9a,L1,Profile
3f69db38-9a63-40b8-9e1f-9b614d73bb9a,L1,Profile
3f69db38-9a63-40b8-9e1f-9b614d73bb9a,L1,Profile
3f69db38-9a63-40b8-9e1f-9b614d73bb9a,L1,Profile
3f69db38-9a63-40b8-9e1f-9b614d73bb9a,L1,Profile
3f69db38-9a63-40b8-9e1f-9b614d73bb9a,L1,Profile
3f69db38-9a63-40b8-9e1f-9b614d73bb9a,L1,Profile
3f69db38-9a63-40b8-9e1f-9b614d73bb9a,L1,Profile
3f69db38-9a63-40b8-9e1f-9b614d73bb9a,L1,Profile
3f69db38-9a63-40b8-9e1f-9b614d73bb9a,L1,Profile
3f69db38-9a63-40b8-9e1f-9b614d73bb9a,L1,Profile
3f69db38-9a63-40b8-9e1f-9b614d73bb9a,L1,Profile
3f69db38-9a63-40b8-9e1f-9b614d73bb9a,L1,Profile
3f69db38-9a63-40b8-9e1f-9b614d73bb9a,L1,Profile
3f69db38-9a63-40b8-9e1f-9b614d73bb9a,L1,Profile
3f69db38-9a63-40b8-9e1f-9b614d73bb9a,L1,Profile
3f69db38-9a63-40b8-9e1f-9b614d73bb9a,L1,Profile
3f69db38-9a63-40b8-9e1f-9b614d73bb9a,L1,Profile
3f69db38-9a63-40b8-9e1f-9b614d73bb9a,L1,Profile
3f69db38-9a63-40b8-9e1f-9b614d73bb9a,L1,Profile
3f69db38-9a63-40b8-9e1f-9b614d73bb9a,L1,Profile
3f69db38-9a63-40b8-9e1f-9b614d73bb9a,L1,Profile
3f69db38-9a63-40b8-9e1f-9b614d73bb9a,L1,Profile
3f69db38-9a63-40b8-9e1f-9b614d73bb9a,L1,Profile
3f69db38-9a63-40b8-9e1f-9b614d73bb9a,L1,Profile
3f69db38-9a63-40b8-9e1f-9b614d73bb9a,L1,Profile
3f69db38-9a63-40b8-9e1f-9b614d73bb9a,L1,Profile
3f69db38-9a63-40b8-9e1f-9b614d73bb9a,L1,Profile
3f69db38-9a63-40b8-9e1f-9b614d73bb9a,L1,Profile
3f69db38-9a63-40b8-9e1f-9b614d73bb9a,L1,Profile
3f69db38-9a63-40b8-9e1f-9b614d73bb9a,L1,Profile
3f69db38-9a63-40b8-9e1f-9b614d73bb9a,L1,Profile
3f69db38-9a63-40b8-9e1f-9b614d73bb9a,L1,Profile
3f69db38-9a63-40b8-9e1f-9b614d73bb9a,L1,Profile
3f69db38-9a63-40b8-9e1f-9b614d73bb9a,L1,Profile
3f69db38-9a63-40b8-9e1f-9b614d73bb9a,L1,Profile
3f69db38-9a63-40b8-9e1f-9b614d73bb9a,L1,Profile
3f69db38-9a63-40b8-9e1f-9b614d73bb9a,L1,Profile
3f69db38-9a63-40b8-9e1f-9b614d73bb9a,L1,Profile
3f69db38-9a63-40b8-9e1f-9b614d73bb9a,L1,Profile
3f69db38-9a63-40b8-9e1f-9b614d73bb9a,L1,Profile
3f69db38-9a63-40b8-9e1f-9b614d73bb9a,L1,Profile
3f69db38-9a63-40b8-9e1f-9b614d73bb9a,L1,Profile
3f69db38-9a63-40b8-9e1f-9b614d73bb9a,L1,Profile
3f69db38-9a63-40b8-9e1f-9b614d73bb9a,L1,Profile
3f69db38-9a63-40b8-9e1f-9b614d73bb9a,L1,Profile
3f69db38-9a63-40b8-9e1f-9b614d73bb9a,L1,Profile
3f69db38-9a63-40b8-9e1f-9b614d73bb9a,L1,Profile
3f69db38-9a63-40b8-9e1f-9b614d73bb9a,L1,Profile
3f69db38-9a63-40b8-9e1f-9b614d73bb9a,L1,Profile
3f69db38-9a63-40b8-9e1f-9b614d73bb9a,L1,Profile
3f69db38-9a63-40b8-9e1f-9b614d73bb9a,L1,Profile
3f69db38-9a63-40b8-9e1f-9b614d73bb9a,L1,Profile
3f69db38-9a63-40b8-9e1f-9b614d73bb9a,L1,Profile
3f69db38-9a63-40b8-9e1f-9b614d73bb9a,L1,Profile
3f69db38-9a63-40b8-9e1f-9b614d73bb9a,L1,Profile
3f69db38-9a63-40b8-9e1f-9b614d73bb9a,L1,Profile
3f69db38-9a63-40b8-9e1f-9b614d73bb9a,L1,Profile
3f69db38-9a63-40b8-9e1f-9b614d73bb9a,L1,Profile
3f69db38-9a63-40b8-9e1f-9b614d73bb9a,L1,Profile
3f69db38-9a63-40b8-9e1f-9b614d73bb9a,L1,Profile
3f69db38-9a63-40b8-9e1f-9b614d73bb9a,L1,Profile
3f69db38-9a63-40b8-9e1f-9b614d73bb9a,L1,Profile
3f69db38-9a63-40b8-9e1f-9b614d73bb9a,L1,Profile
3f69db38-9a63-40b8-9e1f-9b614d73bb9a,L1,Profile
3f69db38-9a63-40b8-9e1f-9b614d73bb9a,L1,Profile
3f69db38-9a63-40b8-9e1f-9b614d73bb9a,L1,Profile
3f69db38-9a63-40b8-9e1f-9b614d73bb9a,L1,Profile
3f69db38-9a63-40b8-9e1f-9b614d73bb9a,L1,Profile
3f69db38-9a63-40b8-9e1f-9b614d73bb9a,L1,Profile
3f69db38-9a63-40b8-9e1f-9b614d73bb9a,L1,Profile
3f69db38-9a63-40b8-9e1f-9b614d73bb9a,L1,Profile
3f69db38-9a63-40b8-9e1f-9b614d73bb9a,L1,Profile
3f69db38-9a63-40b8-9e1f-9b614d73bb9a,L1,Profile
3f69db38-9a63-40b8-9e1f-9b614d73bb9a,L1,Profile
3f69db38-9a63-40b8-9e1f-9b614d73bb9a,L1,Profile
3f69db38-9a63-40b8-9e1f-9b614d73bb9a,L1,Profile
3f69db38-9a63-40b8-9e1f-9b614d73bb9a,L1,Profile
3f69db38-9a63-40b8-9e1f-9b614d73bb9a,L1,Profile
3f69db38-9a63-40b8-9e1f-9b614d73bb9a,L1,Profile
3f69db38-9a63-40b8-9e1f-9b614d73bb9a,L1,Profile
3f69db38-9a63-40b8-9e1f-9b614d73bb9a,L1,Profile
3f69db38-9a63-40b8-9e1f-9b614d73bb9a,L1,Profile
3f69db38-9a63-40b8-9e1f-9b614d73bb9a,L1,Profile
3f69db38-9a63-40b8-9e1f-9b614d73bb9a,L1,Profile
3f69db38-9a63-40b8-9e1f-9b614d73bb9a,L1,Profile
3f69db38-9a63-40b8-9e1f-9b614d73bb9a,L1,Profile
3f69db38-9a63-40b8-9e1f-9b614d73bb9a,L1,Profile
3f69db38-9a63-40b8-9e1f-9b614d73bb9a,L1,Profile
3f69db38-9a63-40b8-9e1f-9b614d73bb9a,L1,Profile
3f69db38-9a63-40b8-9e1f-9b614d73bb9a,L1,Profile
3f69db38-9a63-40b8-9e1f-9b614d73bb9a,L1,Profile
3f69db38-9a63-40b8-9e1f-9b614d73bb9a,L1,Profile
3f69db38-9a63-40b8-9e1f-9b614d73bb9a,L1,Profile
3f69db38-9a63-40b8-9e1f-9b614d73bb9a,L1,Profile
3f69db38-9a63-40b8-9e1f-9b614d73bb9a,L1,Profile
3f69db38-9a63-40b8-9e1f-9b614d73bb9a,L1,Profile
3f69db38-9a63-40b8-9e1f-9b614d73bb9a,L1,Profile
3f69db38-9a63-40b8-9e1f-9b614d73bb9a,L1,Profile
3f69db38-9a63-40b8-9e1f-9b614d73bb9a,L1,Profile
3f69db38-9a63-40b8-9e1f-9b614d73bb9a,L1,Profile
3f69db38-9a63-40b8-9e1f-9b614d73bb9a,L1,Profile
3f69db38-9a63-40b8-9e1f-9b614d73bb9a,L1,Profile
3f69db38-9a63-40b8-9e1f-9b614d73bb9a,L1,Profile
3f69db38-9a63-40b8-9e1f-9b614d73bb9a,L1,Profile
3f69db38-9a63-40b8-9e1f-9b614d73bb9a,L1,Profile
3f69db38-9a63-40b8-9e1f-9b614d73bb9a,L1,Profile
3f69db38-9a63-40b8-9e1f-9b614d73bb9a,L1,Profile
3f69db38-9a63-40b8-9e1f-9b614d73bb9a,L1,Profile
3f69db38-9a63-40b8-9e1f-9b614d73bb9a,L1,Profile
3f69db38-9a63-40b8-9e1f-9b614d73bb9a,L1,Profile
3f69db38-9a63-40b8-9e1f-9b614d73bb9a,L1,Profile
3f69db38-9a63-40b8-9e1f-9b614d73bb9a,L1,Profile
3f69db38-9a63-40b8-9e1f-9b614d73bb9a,L1,Profile
3f69db38-9a63-40b8-9e1f-9b614d73bb9a,L1,Profile
3f69db38-9a63-40b8-9e1f-9b614d73bb9a,L1,Profile
3f69db38-9a63-40b8-9e1f-9b614d73bb9a,L1,Profile
3f69db38-9a63-40b8-9e1f-9b614d73bb9a,L1,Profile
3f69db38-9a63-40b8-9e1f-9b614d73bb9a,L1,Profile
3f69db38-9a63-40b8-9e1f-9b614d73bb9a,L1,Profile
3f69db38-9a63-40b8-9e1f-9b614d73bb9a,L1,Profile
3f69db38-9a63-40b8-9e1f-9b614d73bb9a,L1,Profile
3f69db38-9a63-40b8-9e1f-9b614d73bb9a,L1,Profile
3f69db38-9a63-40b8-9e1f-9b614d73bb9a,L1,Profile
3f69db38-9a63-40b8-9e1f-9b614d73bb9a,L1,Profile
3f69db38-9a63-40b8-9e1f-9b614d73bb9a,L1,Profile
3f69db38-9a63-40b8-9e1f-9b614d73bb9a,L1,Profile
3f69db38-9a63-40b8-9e1f-9b614d73bb9a,L1,Profile
3f69db38-9a63-40b8-9e1f-9b614d73bb9a,L1,Profile
3f69db38-9a63-40b8-9e1f-9b614d73bb9a,L1,Profile
3f69db38-9a63-40b8-9e1f-9b614d73bb9a,L1,Profile
3f69db38-9a63-40b8-9e1f-9b614d73bb9a,L1,Profile
3f69db38-9a63-40b8-9e1f-9b614d73bb9a,L1,Profile
3f69db38-9a63-40b8-9e1f-9b614d73bb9a,L1,Profile
3f69db38-9a63-40b8-9e1f-9b614d73bb9a,L1,Profile
3f69db38-9a63-40b8-9e1f-9b614d73bb9a,L1,Profile
3f69db38-9a63-40b8-9e1f-9b614d73bb9a,L1,Profile
3f69db38-9a63-40b8-9e1f-9b614d73bb9a,L1,Profile
3f69db38-9a63-40b8-9e1f-9b614d73bb9a,L1,Profile
3f69db38-9a63-40b8-9e1f-9b614d73bb9a,L1,Profile
3f69db38-9a63-40b8-9e1f-9b614d73bb9a,L1,Profile
3f69db38-9a63-40b8-9e1f-9b614d73bb9a,L1,Profile
3f69db38-9a63-40b8-9e1f-9b614d73bb9a,L1,Profile
3f69db38-9a63-40b8-9e1f-9b614d73bb9a,L1,Profile
3f69db38-9a63-40b8-9e1f-9b614d73bb9a,L1,Profile
3f69db38-9a63-40b8-9e1f-9b614d73bb9a,L1,Profile
3f69db38-9a63-40b8-9e1f-9b614d73bb9a,L1,Profile
3f69db38-9a63-40b8-9e1f-9b614d73bb9a,L1,Profile
3f69db38-9a63-40b8-9e1f-9b614d73bb9a,L1,Profile
3f69db38-9a63-40b8-9e1f-9b614d73bb9a,L1,Profile
3f69db38-9a63-40b8-9e1f-9b614d73bb9a,L1,Profile
3f69db38-9a63-40b8-9e1f-9b614d73bb9a,L1,Profile
3f69db38-9a63-40b8-9e1f-9b614d73bb9a,L1,Profile
3f69db38-9a63-40b8-9e1f-9b614d73bb9a,L1,Profile
3f69db38-9a63-40b8-9e1f-9b614d73bb9a,L1,Profile
3f69db38-9a63-40b8-9e1f-9b614d73bb9a,L1,Profile
3f69db38-9a63-40b8-9e1f-9b614d73bb9a,L1,Profile
3f69db38-9a63-40b8-9e1f-9b614d73bb9a,L1,Profile
3f69db38-9a63-40b8-9e1f-9b614d73bb9a,L1,Profile
3f69db38-9a63-40b8-9e1f-9b614d73bb9a,L1,Profile
3f69db38-9a63-40b8-9e1f-9b614d73bb9a,L1,Profile
3f69db38-9a63-40b8-9e1f-9b614d73bb9a,L1,Profile
3f69db38-9a63-40b8-9e1f-9b614d73bb9a,L1,Profile
3f69db38-9a63-40b8-9e1f-9b614d73bb9a,L1,Profile
3f69db38-9a63-40b8-9e1f-9b614d73bb9a,L1,Profile
3f69db38-9a63-40b8-9e1f-9b614d73bb9a,L1,Profile
3f69db38-9a63-40b8-9e1f-9b614d73bb9a,L1,Profile
3f69db38-9a63-40b8-9e1f-9b614d73bb9a,L1,Profile
3f69db38-9a63-40b8-9e1f-9b614d73bb9a,L1,Profile
3f69db38-9a63-40b8-9e1f-9b614d73bb9a,L1,Profile
3f69db38-9a63-40b8-9e1f-9b614d73bb9a,L1,Profile
3f69db38-9a63-40b8-9e1f-9b614d73bb9a,L1,Profile
3f69db38-9a63-40b8-9e1f-9b614d73bb9a,L1,Profile
3f69db38-9a63-40b8-9e1f-9b614d73bb9a,L1,Profile
3f69db38-9a63-40b8-9e1f-9b614d73bb9a,L1,Profile
3f69db38-9a63-40b8-9e1f-9b614d73bb9a,L1,Profile
3f69db38-9a63-40b8-9e1f-9b614d73bb9a,L1,Profile
3f69db38-9a63-40b8-9e1f-9b614d73bb9a,L1,Profile
3f69db38-9a63-40b8-9e1f-9b614d73bb9a,L1,Profile
3f69db38-9a63-40b8-9e1f-9b614d73bb9a,L1,Profile
3f69db38-9a63-40b8-9e1f-9b614d73bb9a,L1,Profile
3f69db38-9a63-40b8-9e1f-9b614d73bb9a,L1,Profile
3f69db38-9a63-40b8-9e1f-9b614d73bb9a,L1,Profile
3f69db38-9a63-40b8-9e1f-9b614d73bb9a,L1,Profile
3f69db38-9a63-40b8-9e1f-9b614d73bb9a,L1,Profile
3f69db38-9a63-40b8-9e1f-9b614d73bb9a,L1,Profile
3f69db38-9a63-40b8-9e1f-9b614d73bb9a,L1,Profile
3f69db38-9a63-40b8-9e1f-9b614d73bb9a,L1,Profile
3f69db38-9a63-40b8-9e1f-9b614d73bb9a,L1,Profile
3f69db38-9a63-40b8-9e1f-9b614d73bb9a,L1,Profile
3f69db38-9a63-40b8-9e1f-9b614d73bb9a,L1,Profile
3f69db38-9a63-40b8-9e1f-9b614d73bb9a,L1,Profile
3f69db38-9a63-40b8-9e1f-9b614d73bb9a,L1,Profile
3f69db38-9a63-40b8-9e1f-9b614d73bb9a,L1,Profile
3f69db38-9a63-40b8-9e1f-9b614d73bb9a,L1,Profile
3f69db38-9a63-40b8-9e1f-9b614d73bb9a,L1,Profile
3f69db38-9a63-40b8-9e1f-9b614d73bb9a,L1,Profile
3f69db38-9a63-40b8-9e1f-9b614d73bb9a,L1,Profile
3f69db38-9a63-40b8-9e1f-9b614d73bb9a,L1,Profile
3f69db38-9a63-40b8-9e1f-9b614d73bb9a,L1,Profile
3f69db38-9a63-40b8-9e1f-9b614d73bb9a,L1,Profile
3f69db38-9a63-40b8-9e1f-9b614d73bb9a,L1,Profile
3f69db38-9a63-40b8-9e1f-9b614d73bb9a,L1,Profile
3f69db38-9a63-40b8-9e1f-9b614d73bb9a,L1,Profile
3f69db38-9a63-40b8-9e1f-9b614d73bb9a,L1,Profile
3f69db38-9a63-40b8-9e1f-9b614d73bb9a,L1,Profile
3f69db38-9a63-40b8-9e1f-9b614d73bb9a,L1,Profile
3f69db38-9a63-40b8-9e1f-9b614d73bb9a,L1,Profile
3f69db38-9a63-40b8-9e1f-9b614d73bb9a,L1,Profile
3f69db38-9a63-40b8-9e1f-9b614d73bb9a,L1,Profile
3f69db38-9a63-40b8-9e1f-9b614d73bb9a,L1,Profile
3f69db38-9a63-40b8-9e1f-9b614d73bb9a,L1,Profile
3f69db38-9a63-40b8-9e1f-9b614d73bb9a,L1,Profile
3f69db38-9a63-40b8-9e1f-9b614d73bb9a,L1,Profile
3f69db38-9a63-40b8-9e1f-9b614d73bb9a,L1,Profile
3f69db38-9a63-40b8-9e1f-9b614d73bb9a,L1,Profile
3f69db38-9a63-40b8-9e1f-9b614d73bb9a,L1,Profile
3f69db38-9a63-40b8-9e1f-9b614d73bb9a,L1,Profile
3f69db38-9a63-40b8-9e1f-9b614d73bb9a,L1,Profile
3f69db38-9a63-40b8-9e1f-9b614d73bb9a,L1,Profile
3f69db38-9a63-40b8-9e1f-9b614d73bb9a,L1,Profile
3f69db38-9a63-40b8-9e1f-9b614d73bb9a,L1,Profile
3f69db38-9a63-40b8-9e1f-9b614d73bb9a,L1,Profile
3f69db38-9a63-40b8-9e1f-9b614d73bb9a,L1,Profile
3f69db38-9a63-40b8-9e1f-9b614d73bb9a,L1,Profile
3f69db38-9a63-40b8-9e1f-9b614d73bb9a,L1,Profile
3f69db38-9a63-40b8-9e1f-9b614d73bb9a,L1,Profile
3f69db38-9a63-40b8-9e1f-9b614d73bb9a,L1,Profile
3f69db38-9a63-40b8-9e1f-9b614d73bb9a,L1,Profile
3f69db38-9a63-40b8-9e1f-9b614d73bb9a,L1,Profile
3f69db38-9a63-40b8-9e1f-9b614d73bb9a,L1,Profile
3f69db38-9a63-40b8-9e1f-9b614d73bb9a,L1,Profile
3f69db38-9a63-40b8-9e1f-9b614d73bb9a,L1,Profile
3f69db38-9a63-40b8-9e1f-9b614d73bb9a,L1,Profile
3f69db38-9a63-40b8-9e1f-9b614d73bb9a,L1,Profile
3f69db38-9a63-40b8-9e1f-9b614d73bb9a,L1,Profile
3f69db38-9a63-40b8-9e1f-9b614d73bb9a,L1,Profile
3f69db38-9a63-40b8-9e1f-9b614d73bb9a,L1,Profile
3f69db38-9a63-40b8-9e1f-9b614d73bb9a,L1,Profile
3f69db38-9a63-40b8-9e1f-9b614d73bb9a,L1,Profile
3f69db38-9a63-40b8-9e1f-9b614d73bb9a,L1,Profile
3f69db38-9a63-40b8-9e1f-9b614d73bb9a,L1,Profile
3f69db38-9a63-40b8-9e1f-9b614d73bb9a,L1,Profile
3f69db38-9a63-40b8-9e1f-9b614d73bb9a,L1,Profile
3f69db38-9a63-40b8-9e1f-9b614d73bb9a,L1,Profile
3f69db38-9a63-40b8-9e1f-9b614d73bb9a,L1,Profile
3f69db38-9a63-40b8-9e1f-9b614d73bb9a,L1,Profile
3f69db38-9a63-40b8-9e1f-9b614d73bb9a,L1,Profile
3f69db38-9a63-40b8-9e1f-9b614d73bb9a,L1,Profile
3f69db38-9a63-40b8-9e1f-9b614d73bb9a,L1,Profile
3f69db38-9a63-40b8-9e1f-9b614d73bb9a,L1,Profile
3f69db38-9a63-40b8-9e1f-9b614d73bb9a,L1,Profile
3f69db38-9a63-40b8-9e1f-9b614d73bb9a,L1,Profile
3f69db38-9a63-40b8-9e1f-9b614d73bb9a,L1,Profile
3f69db38-9a63-40b8-9e1f-9b614d73bb9a,L1,Profile
3f69db38-9a63-40b8-9e1f-9b614d73bb9a,L1,Profile
3f69db38-9a63-40b8-9e1f-9b614d73bb9a,L1,Profile
3f69db38-9a63-40b8-9e1f-9b614d73bb9a,L1,Profile
3f69db38-9a63-40b8-9e1f-9b614d73bb9a,L1,Profile
3f69db38-9a63-40b8-9e1f-9b614d73bb9a,L1,Profile
3f69db38-9a63-40b8-9e1f-9b614d73bb9a,L1,Profile
3f69db38-9a63-40b8-9e1f-9b614d73bb9a,L1,Profile
3f69db38-9a63-40b8-9e1f-9b614d73bb9a,L1,Profile
3f69db38-9a63-40b8-9e1f-9b614d73bb9a,L1,Profile
3f69db38-9a63-40b8-9e1f-9b614d73bb9a,L1,Profile
3f69db38-9a63-40b8-9e1f-9b614d73bb9a,L1,Profile
3f69db38-9a63-40b8-9e1f-9b614d73bb9a,L1,Profile
3f69db38-9a63-40b8-9e1f-9b614d73bb9a,L1,Profile
3f69db38-9a63-40b8-9e1f-9b614d73bb9a,L1,Profile
3f69db38-9a63-40b8-9e1f-9b614d73bb9a,L1,Profile
3f69db38-9a63-40b8-9e1f-9b614d73bb9a,L1,Profile
3f69db38-9a63-40b8-9e1f-9b614d73bb9a,L1,Profile
3f69db38-9a63-40b8-9e1f-9b614d73bb9a,L1,Profile
3f69db38-9a63-40b8-9e1f-9b614d73bb9a,L1,Profile
3f69db38-9a63-40b8-9e1f-9b614d73bb9a,L1,Profile
3f69db38-9a63-40b8-9e1f-9b614d73bb9a,L1,Profile
3f69db38-9a63-40b8-9e1f-9b614d73bb9a,L1,Profile
3f69db38-9a63-40b8-9e1f-9b614d73bb9a,L1,Profile
3f69db38-9a63-40b8-9e1f-9b614d73bb9a,L1,Profile
3f69db38-9a63-40b8-9e1f-9b614d73bb9a,L1,Profile
3f69db38-9a63-40b8-9e1f-9b614d73bb9a,L1,Profile
3f69db38-9a63-40b8-9e1f-9b614d73bb9a,L1,Profile
3f69db38-9a63-40b8-9e1f-9b614d73bb9a,L1,Profile
3f69db38-9a63-40b8-9e1f-9b614d73bb9a,L1,Profile
3f69db38-9a63-40b8-9e1f-9b614d73bb9a,L1,Profile
3f69db38-9a63-40b8-9e1f-9b614d73bb9a,L1,Profile
3f69db38-9a63-40b8-9e1f-9b614d73bb9a,L1,Profile
3f69db38-9a63-40b8-9e1f-9b614d73bb9a,L1,Profile
3f69db38-9a63-40b8-9e1f-9b614d73bb9a,L1,Profile
3f69db38-9a63-40b8-9e1f-9b614d73bb9a,L1,Profile
3f69db38-9a63-40b8-9e1f-9b614d73bb9a,L1,Profile
3f69db38-9a63-40b8-9e1f-9b614d73bb9a,L1,Profile
3f69db38-9a63-40b8-9e1f-9b614d73bb9a,L1,Profile
3f69db38-9a63-40b8-9e1f-9b614d73bb9a,L1,Profile
3f69db38-9a63-40b8-9e1f-9b614d73bb9a,L1,Profile
3f69db38-9a63-40b8-9e1f-9b614d73bb9a,L1,Profile
3f69db38-9a63-40b8-9e1f-9b614d73bb9a,L1,Profile
3f69db38-9a63-40b8-9e1f-9b614d73bb9a,L1,Profile
3f69db38-9a63-40b8-9e1f-9b614d73bb9a,L1,Profile
3f69db38-9a63-40b8-9e1f-9b614d73bb9a,L1,Profile
3f69db38-9a63-40b8-9e1f-9b614d73bb9a,L1,Profile
3f69db38-9a63-40b8-9e1f-9b614d73bb9a,L1,Profile
3f69db38-9a63-40b8-9e1f-9b614d73bb9a,L1,Profile
3f69db38-9a63-40b8-9e1f-9b614d73bb9a,L1,Profile
3f69db38-9a63-40b8-9e1f-9b614d73bb9a,L1,Profile
3f69db38-9a63-40b8-9e1f-9b614d73bb9a,L1,Profile
3f69db38-9a63-40b8-9e1f-9b614d73bb9a,L1,Profile
3f69db38-9a63-40b8-9e1f-9b614d73bb9a,L1,Profile
3f69db38-9a63-40b8-9e1f-9b614d73bb9a,L1,Profile
3f69db38-9a63-40b8-9e1f-9b614d73bb9a,L1,Profile
3f69db38-9a63-40b8-9e1f-9b614d73bb9a,L1,Profile
3f69db38-9a63-40b8-9e1f-9b614d73bb9a,L1,Profile
3f69db38-9a63-40b8-9e1f-9b614d73bb9a,L1,Profile
3f69db38-9a63-40b8-9e1f-9b614d73bb9a,L1,Profile
3f69db38-9a63-40b8-9e1f-9b614d73bb9a,L1,Profile
3f69db38-9a63-40b8-9e1f-9b614d73bb9a,L1,Profile
3f69db38-9a63-40b8-9e1f-9b614d73bb9a,L1,Profile
3f69db38-9a63-40b8-9e1f-9b614d73bb9a,L1,Profile
3f69db38-9a63-40b8-9e1f-9b614d73bb9a,L1,Profile
3f69db38-9a63-40b8-9e1f-9b614d73bb9a,L1,Profile
3f69db38-9a63-40b8-9e1f-9b614d73bb9a,L1,Profile
3f69db38-9a63-40b8-9e1f-9b614d73bb9a,L1,Profile
3f69db38-9a63-40b8-9e1f-9b614d73bb9a,L1,Profile
3f69db38-9a63-40b8-9e1f-9b614d73bb9a,L1,Profile
3f69db38-9a63-40b8-9e1f-9b614d73bb9a,L1,Profile
3f69db38-9a63-40b8-9e1f-9b614d73bb9a,L1,Profile
3f69db38-9a63-40b8-9e1f-9b614d73bb9a,L1,Profile
3f69db38-9a63-40b8-9e1f-9b614d73bb9a,L1,Profile
3f69db38-9a63-40b8-9e1f-9b614d73bb9a,L1,Profile
3f69db38-9a63-40b8-9e1f-9b614d73bb9a,L1,Profile
3f69db38-9a63-40b8-9e1f-9b614d73bb9a,L1,Profile
3f69db38-9a63-40b8-9e1f-9b614d73bb9a,L1,Profile
3f69db38-9a63-40b8-9e1f-9b614d73bb9a,L1,Profile
3f69db38-9a63-40b8-9e1f-9b614d73bb9a,L1,Profile
3f69db38-9a63-40b8-9e1f-9b614d73bb9a,L1,Profile
3f69db38-9a63-40b8-9e1f-9b614d73bb9a,L1,Profile
3f69db38-9a63-40b8-9e1f-9b614d73bb9a,L1,Profile
3f69db38-9a63-40b8-9e1f-9b614d73bb9a,L1,Profile
3f69db38-9a63-40b8-9e1f-9b614d73bb9a,L1,Profile
3f69db38-9a63-40b8-9e1f-9b614d73bb9a,L1,Profile
3f69db38-9a63-40b8-9e1f-9b614d73bb9a,L1,Profile
3f69db38-9a63-40b8-9e1f-9b614d73bb9a,L1,Profile
3f69db38-9a63-40b8-9e1f-9b614d73bb9a,L1,Profile
3f69db38-9a63-40b8-9e1f-9b614d73bb9a,L1,Profile
3f69db38-9a63-40b8-9e1f-9b614d73bb9a,L1,Profile
3f69db38-9a63-40b8-9e1f-9b614d73bb9a,L1,Profile
3f69db38-9a63-40b8-9e1f-9b614d73bb9a,L1,Profile
3f69db38-9a63-40b8-9e1f-9b614d73bb9a,L1,Profile
3f69db38-9a63-40b8-9e1f-9b614d73bb9a,L1,Profile
3f69db38-9a63-40b8-9e1f-9b614d73bb9a,L1,Profile
3f69db38-9a63-40b8-9e1f-9b614d73bb9a,L1,Profile
3f69db38-9a63-40b8-9e1f-9b614d73bb9a,L1,Profile
3f69db38-9a63-40b8-9e1f-9b614d73bb9a,L1,Profile
3f69db38-9a63-40b8-9e1f-9b614d73bb9a,L1,Profile
3f69db38-9a63-40b8-9e1f-9b614d73bb9a,L1,Profile
3f69db38-9a63-40b8-9e1f-9b614d73bb9a,L1,Profile
3f69db38-9a63-40b8-9e1f-9b614d73bb9a,L1,Profile
3f69db38-9a63-40b8-9e1f-9b614d73bb9a,L1,Profile
3f69db38-9a63-40b8-9e1f-9b614d73bb9a,L1,Profile
3f69db38-9a63-40b8-9e1f-9b614d73bb9a,L1,Profile
3f69db38-9a63-40b8-9e1f-9b614d73bb9a,L1,Profile
3f69db38-9a63-40b8-9e1f-9b614d73bb9a,L1,Profile
3f69db38-9a63-40b8-9e1f-9b614d73bb9a,L1,Profile
3f69db38-9a63-40b8-9e1f-9b614d73bb9a,L1,Profile
3f69db38-9a63-40b8-9e1f-9b614d73bb9a,L1,Profile
3f69db38-9a63-40b8-9e1f-9b614d73bb9a,L1,Profile
3f69db38-9a63-40b8-9e1f-9b614d73bb9a,L1,Profile
3f69db38-9a63-40b8-9e1f-9b614d73bb9a,L1,Profile
3f69db38-9a63-40b8-9e1f-9b614d73bb9a,L1,Profile
3f69db38-9a63-40b8-9e1f-9b614d73bb9a,L1,Profile
3f69db38-9a63-40b8-9e1f-9b614d73bb9a,L1,Profile
3f69db38-9a63-40b8-9e1f-9b614d73bb9a,L1,Profile
3f69db38-9a63-40b8-9e1f-9b614d73bb9a,L1,Profile
3f69db38-9a63-40b8-9e1f-9b614d73bb9a,L1,Profile
3f69db38-9a63-40b8-9e1f-9b614d73bb9a,L1,Profile
3f69db38-9a63-40b8-9e1f-9b614d73bb9a,L1,Profile
3f69db38-9a63-40b8-9e1f-9b614d73bb9a,L1,Profile
3f69db38-9a63-40b8-9e1f-9b614d73bb9a,L1,Profile
3f69db38-9a63-40b8-9e1f-9b614d73bb9a,L1,Profile
3f69db38-9a63-40b8-9e1f-9b614d73bb9a,L1,Profile
3f69db38-9a63-40b8-9e1f-9b614d73bb9a,L1,Profile
3f69db38-9a63-40b8-9e1f-9b614d73bb9a,L1,Profile
3f69db38-9a63-40b8-9e1f-9b614d73bb9a,L1,Profile
3f69db38-9a63-40b8-9e1f-9b614d73bb9a,L1,Profile
3f69db38-9a63-40b8-9e1f-9b614d73bb9a,L1,Profile
3f69db38-9a63-40b8-9e1f-9b614d73bb9a,L1,Profile
3f69db38-9a63-40b8-9e1f-9b614d73bb9a,L1,Profile
3f69db38-9a63-40b8-9e1f-9b614d73bb9a,L1,Profile
3f69db38-9a63-40b8-9e1f-9b614d73bb9a,L1,Profile
3f69db38-9a63-40b8-9e1f-9b614d73bb9a,L1,Profile
3f69db38-9a63-40b8-9e1f-9b614d73bb9a,L1,Profile
3f69db38-9a63-40b8-9e1f-9b614d73bb9a,L1,Profile
3f69db38-9a63-40b8-9e1f-9b614d73bb9a,L1,Profile
3f69db38-9a63-40b8-9e1f-9b614d73bb9a,L1,Profile
3f69db38-9a63-40b8-9e1f-9b614d73bb9a,L1,Profile
3f69db38-9a63-40b8-9e1f-9b614d73bb9a,L1,Profile
3f69db38-9a63-40b8-9e1f-9b614d73bb9a,L1,Profile
3f69db38-9a63-40b8-9e1f-9b614d73bb9a,L1,Profile
3f69db38-9a63-40b8-9e1f-9b614d73bb9a,L1,Profile
3f69db38-9a63-40b8-9e1f-9b614d73bb9a,L1,Profile
3f69db38-9a63-40b8-9e1f-9b614d73bb9a,L1,Profile
3f69db38-9a63-40b8-9e1f-9b614d73bb9a,L1,Profile
3f69db38-9a63-40b8-9e1f-9b614d73bb9a,L1,Profile
3f69db38-9a63-40b8-9e1f-9b614d73bb9a,L1,Profile
3f69db38-9a63-40b8-9e1f-9b614d73bb9a,L1,Profile
3f69db38-9a63-40b8-9e1f-9b614d73bb9a,L1,Profile
3f69db38-9a63-40b8-9e1f-9b614d73bb9a,L1,Profile
3f69db38-9a63-40b8-9e1f-9b614d73bb9a,L1,Profile
3f69db38-9a63-40b8-9e1f-9b614d73bb9a,L1,Profile
3f69db38-9a63-40b8-9e1f-9b614d73bb9a,L1,Profile
3f69db38-9a63-40b8-9e1f-9b614d73bb9a,L1,Profile
3f69db38-9a63-40b8-9e1f-9b614d73bb9a,L1,Profile
3f69db38-9a63-40b8-9e1f-9b614d73bb9a,L1,Profile
3f69db38-9a63-40b8-9e1f-9b614d73bb9a,L1,Profile
3f69db38-9a63-40b8-9e1f-9b614d73bb9a,L1,Profile
3f69db38-9a63-40b8-9e1f-9b614d73bb9a,L1,Profile
3f69db38-9a63-40b8-9e1f-9b614d73bb9a,L1,Profile
3f69db38-9a63-40b8-9e1f-9b614d73bb9a,L1,Profile
3f69db38-9a63-40b8-9e1f-9b614d73bb9a,L1,Profile
3f69db38-9a63-40b8-9e1f-9b614d73bb9a,L1,Profile
3f69db38-9a63-40b8-9e1f-9b614d73bb9a,L1,Profile
3f69db38-9a63-40b8-9e1f-9b614d73bb9a,L1,Profile
3f69db38-9a63-40b8-9e1f-9b614d73bb9a,L1,Profile
3f69db38-9a63-40b8-9e1f-9b614d73bb9a,L1,Profile
3f69db38-9a63-40b8-9e1f-9b614d73bb9a,L1,Profile
3f69db38-9a63-40b8-9e1f-9b614d73bb9a,L1,Profile
3f69db38-9a63-40b8-9e1f-9b614d73bb9a,L1,Profile
3f69db38-9a63-40b8-9e1f-9b614d73bb9a,L1,Profile
3f69db38-9a63-40b8-9e1f-9b614d73bb9a,L1,Profile
3f69db38-9a63-40b8-9e1f-9b614d73bb9a,L1,Profile
3f69db38-9a63-40b8-9e1f-9b614d73bb9a,L1,Profile
3f69db38-9a63-40b8-9e1f-9b614d73bb9a,L1,Profile
3f69db38-9a63-40b8-9e1f-9b614d73bb9a,L1,Profile
3f69db38-9a63-40b8-9e1f-9b614d73bb9a,L1,Profile
3f69db38-9a63-40b8-9e1f-9b614d73bb9a,L1,Profile
3f69db38-9a63-40b8-9e1f-9b614d73bb9a,L1,Profile
3f69db38-9a63-40b8-9e1f-9b614d73bb9a,L1,Profile
3f69db38-9a63-40b8-9e1f-9b614d73bb9a,L1,Profile
3f69db38-9a63-40b8-9e1f-9b614d73bb9a,L1,Profile
3f69db38-9a63-40b8-9e1f-9b614d73bb9a,L1,Profile
3f69db38-9a63-40b8-9e1f-9b614d73bb9a,L1,Profile
3f69db38-9a63-40b8-9e1f-9b614d73bb9a,L1,Profile
3f69db38-9a63-40b8-9e1f-9b614d73bb9a,L1,Profile
3f69db38-9a63-40b8-9e1f-9b614d73bb9a,L1,Profile
3f69db38-9a63-40b8-9e1f-9b614d73bb9a,L1,Profile
3f69db38-9a63-40b8-9e1f-9b614d73bb9a,L1,Profile
3f69db38-9a63-40b8-9e1f-9b614d73bb9a,L1,Profile
3f69db38-9a63-40b8-9e1f-9b614d73bb9a,L1,Profile
3f69db38-9a63-40b8-9e1f-9b614d73bb9a,L1,Profile
3f69db38-9a63-40b8-9e1f-9b614d73bb9a,L1,Profile
3f69db38-9a63-40b8-9e1f-9b614d73bb9a,L1,Profile
3f69db38-9a63-40b8-9e1f-9b614d73bb9a,L1,Profile
3f69db38-9a63-40b8-9e1f-9b614d73bb9a,L1,Profile
3f69db38-9a63-40b8-9e1f-9b614d73bb9a,L1,Profile
3f69db38-9a63-40b8-9e1f-9b614d73bb9a,L1,Profile
3f69db38-9a63-40b8-9e1f-9b614d73bb9a,L1,Profile
3f69db38-9a63-40b8-9e1f-9b614d73bb9a,L1,Profile
3f69db38-9a63-40b8-9e1f-9b614d73bb9a,L1,Profile
3f69db38-9a63-40b8-9e1f-9b614d73bb9a,L1,Profile
3f69db38-9a63-40b8-9e1f-9b614d73bb9a,L1,Profile
3f69db38-9a63-40b8-9e1f-9b614d73bb9a,L1,Profile
3f69db38-9a63-40b8-9e1f-9b614d73bb9a,L1,Profile
3f69db38-9a63-40b8-9e1f-9b614d73bb9a,L1,Profile
3f69db38-9a63-40b8-9e1f-9b614d73bb9a,L1,Profile
3f69db38-9a63-40b8-9e1f-9b614d73bb9a,L1,Profile
3f69db38-9a63-40b8-9e1f-9b614d73bb9a,L1,Profile
3f69db38-9a63-40b8-9e1f-9b614d73bb9a,L1,Profile
3f69db38-9a63-40b8-9e1f-9b614d73bb9a,L1,Profile
3f69db38-9a63-40b8-9e1f-9b614d73bb9a,L1,Profile
3f69db38-9a63-40b8-9e1f-9b614d73bb9a,L1,Profile
3f69db38-9a63-40b8-9e1f-9b614d73bb9a,L1,Profile
3f69db38-9a63-40b8-9e1f-9b614d73bb9a,L1,Profile
3f69db38-9a63-40b8-9e1f-9b614d73bb9a,L1,Profile
3f69db38-9a63-40b8-9e1f-9b614d73bb9a,L1,Profile
3f69db38-9a63-40b8-9e1f-9b614d73bb9a,L1,Profile
3f69db38-9a63-40b8-9e1f-9b614d73bb9a,L1,Profile
3f69db38-9a63-40b8-9e1f-9b614d73bb9a,L1,Profile
3f69db38-9a63-40b8-9e1f-9b614d73bb9a,L1,Profile
3f69db38-9a63-40b8-9e1f-9b614d73bb9a,L1,Profile
3f69db38-9a63-40b8-9e1f-9b614d73bb9a,L1,Profile
3f69db38-9a63-40b8-9e1f-9b614d73bb9a,L1,Profile
3f69db38-9a63-40b8-9e1f-9b614d73bb9a,L1,Profile
3f69db38-9a63-40b8-9e1f-9b614d73bb9a,L1,Profile
3f69db38-9a63-40b8-9e1f-9b614d73bb9a,L1,Profile
3f69db38-9a63-40b8-9e1f-9b614d73bb9a,L1,Profile
3f69db38-9a63-40b8-9e1f-9b614d73bb9a,L1,Profile
3f69db38-9a63-40b8-9e1f-9b614d73bb9a,L1,Profile
3f69db38-9a63-40b8-9e1f-9b614d73bb9a,L1,Profile
3f69db38-9a63-40b8-9e1f-9b614d73bb9a,L1,Profile
3f69db38-9a63-40b8-9e1f-9b614d73bb9a,L1,Profile
3f69db38-9a63-40b8-9e1f-9b614d73bb9a,L1,Profile
3f69db38-9a63-40b8-9e1f-9b614d73bb9a,L1,Profile
3f69db38-9a63-40b8-9e1f-9b614d73bb9a,L1,Profile
3f69db38-9a63-40b8-9e1f-9b614d73bb9a,L1,Profile
3f69db38-9a63-40b8-9e1f-9b614d73bb9a,L1,Profile
3f69db38-9a63-40b8-9e1f-9b614d73bb9a,L1,Profile
3f69db38-9a63-40b8-9e1f-9b614d73bb9a,L1,Profile
3f69db38-9a63-40b8-9e1f-9b614d73bb9a,L1,Profile
3f69db38-9a63-40b8-9e1f-9b614d73bb9a,L1,Profile
3f69db38-9a63-40b8-9e1f-9b614d73bb9a,L1,Profile
3f69db38-9a63-40b8-9e1f-9b614d73bb9a,L1,Profile
3f69db38-9a63-40b8-9e1f-9b614d73bb9a,L1,Profile
3f69db38-9a63-40b8-9e1f-9b614d73bb9a,L1,Profile
3f69db38-9a63-40b8-9e1f-9b614d73bb9a,L1,Profile
3f69db38-9a63-40b8-9e1f-9b614d73bb9a,L1,Profile
3f69db38-9a63-40b8-9e1f-9b614d73bb9a,L1,Profile
3f69db38-9a63-40b8-9e1f-9b614d73bb9a,L1,Profile
3f69db38-9a63-40b8-9e1f-9b614d73bb9a,L1,Profile
3f69db38-9a63-40b8-9e1f-9b614d73bb9a,L1,Profile
3f69db38-9a63-40b8-9e1f-9b614d73bb9a,L1,Profile
3f69db38-9a63-40b8-9e1f-9b614d73bb9a,L1,Profile
3f69db38-9a63-40b8-9e1f-9b614d73bb9a,L1,Profile
3f69db38-9a63-40b8-9e1f-9b614d73bb9a,L1,Profile
3f69db38-9a63-40b8-9e1f-9b614d73bb9a,L1,Profile
3f69db38-9a63-40b8-9e1f-9b614d73bb9a,L1,Profile
3f69db38-9a63-40b8-9e1f-9b614d73bb9a,L1,Profile
3f69db38-9a63-40b8-9e1f-9b614d73bb9a,L1,Profile
3f69db38-9a63-40b8-9e1f-9b614d73bb9a,L1,Profile
3f69db38-9a63-40b8-9e1f-9b614d73bb9a,L1,Profile
3f69db38-9a63-40b8-9e1f-9b614d73bb9a,L1,Profile
3f69db38-9a63-40b8-9e1f-9b614d73bb9a,L1,Profile
3f69db38-9a63-40b8-9e1f-9b614d73bb9a,L1,Profile
3f69db38-9a63-40b8-9e1f-9b614d73bb9a,L1,Profile
3f69db38-9a63-40b8-9e1f-9b614d73bb9a,L1,Profile
3f69db38-9a63-40b8-9e1f-9b614d73bb9a,L1,Profile
3f69db38-9a63-40b8-9e1f-9b614d73bb9a,L1,Profile
3f69db38-9a63-40b8-9e1f-9b614d73bb9a,L1,Profile
3f69db38-9a63-40b8-9e1f-9b614d73bb9a,L1,Profile
3f69db38-9a63-40b8-9e1f-9b614d73bb9a,L1,Profile
3f69db38-9a63-40b8-9e1f-9b614d73bb9a,L1,Profile
3f69db38-9a63-40b8-9e1f-9b614d73bb9a,L1,Profile
3f69db38-9a63-40b8-9e1f-9b614d73bb9a,L1,Profile
3f69db38-9a63-40b8-9e1f-9b614d73bb9a,L1,Profile
3f69db38-9a63-40b8-9e1f-9b614d73bb9a,L1,Profile
3f69db38-9a63-40b8-9e1f-9b614d73bb9a,L1,Profile
3f69db38-9a63-40b8-9e1f-9b614d73bb9a,L1,Profile
3f69db38-9a63-40b8-9e1f-9b614d73bb9a,L1,Profile
3f69db38-9a63-40b8-9e1f-9b614d73bb9a,L1,Profile
3f69db38-9a63-40b8-9e1f-9b614d73bb9a,L1,Profile
3f69db38-9a63-40b8-9e1f-9b614d73bb9a,L1,Profile
3f69db38-9a63-40b8-9e1f-9b614d73bb9a,L1,Profile
3f69db38-9a63-40b8-9e1f-9b614d73bb9a,L1,Profile
3f69db38-9a63-40b8-9e1f-9b614d73bb9a,L1,Profile
3f69db38-9a63-40b8-9e1f-9b614d73bb9a,L1,Profile
3f69db38-9a63-40b8-9e1f-9b614d73bb9a,L1,Profile
3f69db38-9a63-40b8-9e1f-9b614d73bb9a,L1,Profile
3f69db38-9a63-40b8-9e1f-9b614d73bb9a,L1,Profile
3f69db38-9a63-40b8-9e1f-9b614d73bb9a,L1,Profile
3f69db38-9a63-40b8-9e1f-9b614d73bb9a,L1,Profile
3f69db38-9a63-40b8-9e1f-9b614d73bb9a,L1,Profile
3f69db38-9a63-40b8-9e1f-9b614d73bb9a,L1,Profile
3f69db38-9a63-40b8-9e1f-9b614d73bb9a,L1,Profile
3f69db38-9a63-40b8-9e1f-9b614d73bb9a,L1,Profile
3f69db38-9a63-40b8-9e1f-9b614d73bb9a,L1,Profile
3f69db38-9a63-40b8-9e1f-9b614d73bb9a,L1,Profile
3f69db38-9a63-40b8-9e1f-9b614d73bb9a,L1,Profile
3f69db38-9a63-40b8-9e1f-9b614d73bb9a,L1,Profile
3f69db38-9a63-40b8-9e1f-9b614d73bb9a,L1,Profile
3f69db38-9a63-40b8-9e1f-9b614d73bb9a,L1,Profile
3f69db38-9a63-40b8-9e1f-9b614d73bb9a,L1,Profile
3f69db38-9a63-40b8-9e1f-9b614d73bb9a,L1,Profile
3f69db38-9a63-40b8-9e1f-9b614d73bb9a,L1,Profile
3f69db38-9a63-40b8-9e1f-9b614d73bb9a,L1,Profile
3f69db38-9a63-40b8-9e1f-9b614d73bb9a,L1,Profile
3f69db38-9a63-40b8-9e1f-9b614d73bb9a,L1,Profile
3f69db38-9a63-40b8-9e1f-9b614d73bb9a,L1,Profile
3f69db38-9a63-40b8-9e1f-9b614d73bb9a,L1,Profile
3f69db38-9a63-40b8-9e1f-9b614d73bb9a,L1,Profile
3f69db38-9a63-40b8-9e1f-9b614d73bb9a,L1,Profile
3f69db38-9a63-40b8-9e1f-9b614d73bb9a,L1,Profile
3f69db38-9a63-40b8-9e1f-9b614d73bb9a,L1,Profile
3f69db38-9a63-40b8-9e1f-9b614d73bb9a,L1,Profile
3f69db38-9a63-40b8-9e1f-9b614d73bb9a,L1,Profile
3f69db38-9a63-40b8-9e1f-9b614d73bb9a,L1,Profile
3f69db38-9a63-40b8-9e1f-9b614d73bb9a,L1,Profile
3f69db38-9a63-40b8-9e1f-9b614d73bb9a,L1,Profile
3f69db38-9a63-40b8-9e1f-9b614d73bb9a,L1,Profile
3f69db38-9a63-40b8-9e1f-9b614d73bb9a,L1,Profile
3f69db38-9a63-40b8-9e1f-9b614d73bb9a,L1,Profile
3f69db38-9a63-40b8-9e1f-9b614d73bb9a,L1,Profile
3f69db38-9a63-40b8-9e1f-9b614d73bb9a,L1,Profile
3f69db38-9a63-40b8-9e1f-9b614d73bb9a,L1,Profile
3f69db38-9a63-40b8-9e1f-9b614d73bb9a,L1,Profile
3f69db38-9a63-40b8-9e1f-9b614d73bb9a,L1,Profile
3f69db38-9a63-40b8-9e1f-9b614d73bb9a,L1,Profile
3f69db38-9a63-40b8-9e1f-9b614d73bb9a,L1,Profile
3f69db38-9a63-40b8-9e1f-9b614d73bb9a,L1,Profile
3f69db38-9a63-40b8-9e1f-9b614d73bb9a,L1,Profile
3f69db38-9a63-40b8-9e1f-9b614d73bb9a,L1,Profile
3f69db38-9a63-40b8-9e1f-9b614d73bb9a,L1,Profile
3f69db38-9a63-40b8-9e1f-9b614d73bb9a,L1,Profile
3f69db38-9a63-40b8-9e1f-9b614d73bb9a,L1,Profile
3f69db38-9a63-40b8-9e1f-9b614d73bb9a,L1,Profile
3f69db38-9a63-40b8-9e1f-9b614d73bb9a,L1,Profile
3f69db38-9a63-40b8-9e1f-9b614d73bb9a,L1,Profile
3f69db38-9a63-40b8-9e1f-9b614d73bb9a,L1,Profile
3f69db38-9a63-40b8-9e1f-9b614d73bb9a,L1,Profile
3f69db38-9a63-40b8-9e1f-9b614d73bb9a,L1,Profile
3f69db38-9a63-40b8-9e1f-9b614d73bb9a,L1,Profile
3f69db38-9a63-40b8-9e1f-9b614d73bb9a,L1,Profile
3f69db38-9a63-40b8-9e1f-9b614d73bb9a,L1,Profile
3f69db38-9a63-40b8-9e1f-9b614d73bb9a,L1,Profile
3f69db38-9a63-40b8-9e1f-9b614d73bb9a,L1,Profile
3f69db38-9a63-40b8-9e1f-9b614d73bb9a,L1,Profile
3f69db38-9a63-40b8-9e1f-9b614d73bb9a,L1,Profile
3f69db38-9a63-40b8-9e1f-9b614d73bb9a,L1,Profile
3f69db38-9a63-40b8-9e1f-9b614d73bb9a,L1,Profile
3f69db38-9a63-40b8-9e1f-9b614d73bb9a,L1,Profile
3f69db38-9a63-40b8-9e1f-9b614d73bb9a,L1,Profile
3f69db38-9a63-40b8-9e1f-9b614d73bb9a,L1,Profile
3f69db38-9a63-40b8-9e1f-9b614d73bb9a,L1,Profile
3f69db38-9a63-40b8-9e1f-9b614d73bb9a,L1,Profile
3f69db38-9a63-40b8-9e1f-9b614d73bb9a,L1,Profile
3f69db38-9a63-40b8-9e1f-9b614d73bb9a,L1,Profile
3f69db38-9a63-40b8-9e1f-9b614d73bb9a,L1,Profile
3f69db38-9a63-40b8-9e1f-9b614d73bb9a,L1,Profile
3f69db38-9a63-40b8-9e1f-9b614d73bb9a,L1,Profile
3f69db38-9a63-40b8-9e1f-9b614d73bb9a,L1,Profile
3f69db38-9a63-40b8-9e1f-9b614d73bb9a,L1,Profile
3f69db38-9a63-40b8-9e1f-9b614d73bb9a,L1,Profile
3f69db38-9a63-40b8-9e1f-9b614d73bb9a,L1,Profile
3f69db38-9a63-40b8-9e1f-9b614d73bb9a,L1,Profile
3f69db38-9a63-40b8-9e1f-9b614d73bb9a,L1,Profile
3f69db38-9a63-40b8-9e1f-9b614d73bb9a,L1,Profile
3f69db38-9a63-40b8-9e1f-9b614d73bb9a,L1,Profile
3f69db38-9a63-40b8-9e1f-9b614d73bb9a,L1,Profile
3f69db38-9a63-40b8-9e1f-9b614d73bb9a,L1,Profile
3f69db38-9a63-40b8-9e1f-9b614d73bb9a,L1,Profile
3f69db38-9a63-40b8-9e1f-9b614d73bb9a,L1,Profile
3f69db38-9a63-40b8-9e1f-9b614d73bb9a,L1,Profile
3f69db38-9a63-40b8-9e1f-9b614d73bb9a,L1,Profile
3f69db38-9a63-40b8-9e1f-9b614d73bb9a,L1,Profile
3f69db38-9a63-40b8-9e1f-9b614d73bb9a,L1,Profile
3f69db38-9a63-40b8-9e1f-9b614d73bb9a,L1,Profile
3f69db38-9a63-40b8-9e1f-9b614d73bb9a,L1,Profile
3f69db38-9a63-40b8-9e1f-9b614d73bb9a,L1,Profile
3f69db38-9a63-40b8-9e1f-9b614d73bb9a,L1,Profile
3f69db38-9a63-40b8-9e1f-9b614d73bb9a,L1,Profile
3f69db38-9a63-40b8-9e1f-9b614d73bb9a,L1,Profile
3f69db38-9a63-40b8-9e1f-9b614d73bb9a,L1,Profile
3f69db38-9a63-40b8-9e1f-9b614d73bb9a,L1,Profile
3f69db38-9a63-40b8-9e1f-9b614d73bb9a,L1,Profile
3f69db38-9a63-40b8-9e1f-9b614d73bb9a,L1,Profile
3f69db38-9a63-40b8-9e1f-9b614d73bb9a,L1,Profile
3f69db38-9a63-40b8-9e1f-9b614d73bb9a,L1,Profile
3f69db38-9a63-40b8-9e1f-9b614d73bb9a,L1,Profile
3f69db38-9a63-40b8-9e1f-9b614d73bb9a,L1,Profile
3f69db38-9a63-40b8-9e1f-9b614d73bb9a,L1,Profile
3f69db38-9a63-40b8-9e1f-9b614d73bb9a,L1,Profile
3f69db38-9a63-40b8-9e1f-9b614d73bb9a,L1,Profile
3f69db38-9a63-40b8-9e1f-9b614d73bb9a,L1,Profile
3f69db38-9a63-40b8-9e1f-9b614d73bb9a,L1,Profile
3f69db38-9a63-40b8-9e1f-9b614d73bb9a,L1,Profile
3f69db38-9a63-40b8-9e1f-9b614d73bb9a,L1,Profile
3f69db38-9a63-40b8-9e1f-9b614d73bb9a,L1,Profile
3f69db38-9a63-40b8-9e1f-9b614d73bb9a,L1,Profile
3f69db38-9a63-40b8-9e1f-9b614d73bb9a,L1,Profile
3f69db38-9a63-40b8-9e1f-9b614d73bb9a,L1,Profile
3f69db38-9a63-40b8-9e1f-9b614d73bb9a,L1,Profile
3f69db38-9a63-40b8-9e1f-9b614d73bb9a,L1,Profile
3f69db38-9a63-40b8-9e1f-9b614d73bb9a,L1,Profile
3f69db38-9a63-40b8-9e1f-9b614d73bb9a,L1,Profile
3f69db38-9a63-40b8-9e1f-9b614d73bb9a,L1,Profile
3f69db38-9a63-40b8-9e1f-9b614d73bb9a,L1,Profile
3f69db38-9a63-40b8-9e1f-9b614d73bb9a,L1,Profile
3f69db38-9a63-40b8-9e1f-9b614d73bb9a,L1,Profile
3f69db38-9a63-40b8-9e1f-9b614d73bb9a,L1,Profile
3f69db38-9a63-40b8-9e1f-9b614d73bb9a,L1,Profile
3f69db38-9a63-40b8-9e1f-9b614d73bb9a,L1,Profile
3f69db38-9a63-40b8-9e1f-9b614d73bb9a,L1,Profile
3f69db38-9a63-40b8-9e1f-9b614d73bb9a,L1,Profile
3f69db38-9a63-40b8-9e1f-9b614d73bb9a,L1,Profile
3f69db38-9a63-40b8-9e1f-9b614d73bb9a,L1,Profile
3f69db38-9a63-40b8-9e1f-9b614d73bb9a,L1,Profile
3f69db38-9a63-40b8-9e1f-9b614d73bb9a,L1,Profile
3f69db38-9a63-40b8-9e1f-9b614d73bb9a,L1,Profile
3f69db38-9a63-40b8-9e1f-9b614d73bb9a,L1,Profile
3f69db38-9a63-40b8-9e1f-9b614d73bb9a,L1,Profile
3f69db38-9a63-40b8-9e1f-9b614d73bb9a,L1,Profile
3f69db38-9a63-40b8-9e1f-9b614d73bb9a,L1,Profile
3f69db38-9a63-40b8-9e1f-9b614d73bb9a,L1,Profile
3f69db38-9a63-40b8-9e1f-9b614d73bb9a,L1,Profile
3f69db38-9a63-40b8-9e1f-9b614d73bb9a,L1,Profile
3f69db38-9a63-40b8-9e1f-9b614d73bb9a,L1,Profile
3f69db38-9a63-40b8-9e1f-9b614d73bb9a,L1,Profile
3f69db38-9a63-40b8-9e1f-9b614d73bb9a,L1,Profile
3f69db38-9a63-40b8-9e1f-9b614d73bb9a,L1,Profile
3f69db38-9a63-40b8-9e1f-9b614d73bb9a,L1,Profile
3f69db38-9a63-40b8-9e1f-9b614d73bb9a,L1,Profile
3f69db38-9a63-40b8-9e1f-9b614d73bb9a,L1,Profile
3f69db38-9a63-40b8-9e1f-9b614d73bb9a,L1,Profile
3f69db38-9a63-40b8-9e1f-9b614d73bb9a,L1,Profile
3f69db38-9a63-40b8-9e1f-9b614d73bb9a,L1,Profile
3f69db38-9a63-40b8-9e1f-9b614d73bb9a,L1,Profile
3f69db38-9a63-40b8-9e1f-9b614d73bb9a,L1,Profile
3f69db38-9a63-40b8-9e1f-9b614d73bb9a,L1,Profile
3f69db38-9a63-40b8-9e1f-9b614d73bb9a,L1,Profile
3f69db38-9a63-40b8-9e1f-9b614d73bb9a,L1,Profile
3f69db38-9a63-40b8-9e1f-9b614d73bb9a,L1,Profile
3f69db38-9a63-40b8-9e1f-9b614d73bb9a,L1,Profile
3f69db38-9a63-40b8-9e1f-9b614d73bb9a,L1,Profile
3f69db38-9a63-40b8-9e1f-9b614d73bb9a,L1,Profile
3f69db38-9a63-40b8-9e1f-9b614d73bb9a,L1,Profile
3f69db38-9a63-40b8-9e1f-9b614d73bb9a,L1,Profile
3f69db38-9a63-40b8-9e1f-9b614d73bb9a,L1,Profile
3f69db38-9a63-40b8-9e1f-9b614d73bb9a,L1,Profile
3f69db38-9a63-40b8-9e1f-9b614d73bb9a,L1,Profile
3f69db38-9a63-40b8-9e1f-9b614d73bb9a,L1,Profile
3f69db38-9a63-40b8-9e1f-9b614d73bb9a,L1,Profile
3f69db38-9a63-40b8-9e1f-9b614d73bb9a,L1,Profile
3f69db38-9a63-40b8-9e1f-9b614d73bb9a,L1,Profile
3f69db38-9a63-40b8-9e1f-9b614d73bb9a,L1,Profile
3f69db38-9a63-40b8-9e1f-9b614d73bb9a,L1,Profile
3f69db38-9a63-40b8-9e1f-9b614d73bb9a,L1,Profile
3f69db38-9a63-40b8-9e1f-9b614d73bb9a,L1,Profile
3f69db38-9a63-40b8-9e1f-9b614d73bb9a,L1,Profile
3f69db38-9a63-40b8-9e1f-9b614d73bb9a,L1,Profile
3f69db38-9a63-40b8-9e1f-9b614d73bb9a,L1,Profile
3f69db38-9a63-40b8-9e1f-9b614d73bb9a,L1,Profile
3f69db38-9a63-40b8-9e1f-9b614d73bb9a,L1,Profile
3f69db38-9a63-40b8-9e1f-9b614d73bb9a,L1,Profile
3f69db38-9a63-40b8-9e1f-9b614d73bb9a,L1,Profile
3f69db38-9a63-40b8-9e1f-9b614d73bb9a,L1,Profile
3f69db38-9a63-40b8-9e1f-9b614d73bb9a,L1,Profile
3f69db38-9a63-40b8-9e1f-9b614d73bb9a,L1,Profile
3f69db38-9a63-40b8-9e1f-9b614d73bb9a,L1,Profile
3f69db38-9a63-40b8-9e1f-9b614d73bb9a,L1,Profile
3f69db38-9a63-40b8-9e1f-9b614d73bb9a,L1,Profile
3f69db38-9a63-40b8-9e1f-9b614d73bb9a,L1,Profile
3f69db38-9a63-40b8-9e1f-9b614d73bb9a,L1,Profile
3f69db38-9a63-40b8-9e1f-9b614d73bb9a,L1,Profile
3f69db38-9a63-40b8-9e1f-9b614d73bb9a,L1,Profile
3f69db38-9a63-40b8-9e1f-9b614d73bb9a,L1,Profile
3f69db38-9a63-40b8-9e1f-9b614d73bb9a,L1,Profile
3f69db38-9a63-40b8-9e1f-9b614d73bb9a,L1,Profile
3f69db38-9a63-40b8-9e1f-9b614d73bb9a,L1,Profile
3f69db38-9a63-40b8-9e1f-9b614d73bb9a,L1,Profile
3f69db38-9a63-40b8-9e1f-9b614d73bb9a,L1,Profile
3f69db38-9a63-40b8-9e1f-9b614d73bb9a,L1,Profile
3f69db38-9a63-40b8-9e1f-9b614d73bb9a,L1,Profile
3f69db38-9a63-40b8-9e1f-9b614d73bb9a,L1,Profile
3f69db38-9a63-40b8-9e1f-9b614d73bb9a,L1,Profile
3f69db38-9a63-40b8-9e1f-9b614d73bb9a,L1,Profile
3f69db38-9a63-40b8-9e1f-9b614d73bb9a,L1,Profile
3f69db38-9a63-40b8-9e1f-9b614d73bb9a,L1,Profile
3f69db38-9a63-40b8-9e1f-9b614d73bb9a,L1,Profile
3f69db38-9a63-40b8-9e1f-9b614d73bb9a,L1,Profile
3f69db38-9a63-40b8-9e1f-9b614d73bb9a,L1,Profile
3f69db38-9a63-40b8-9e1f-9b614d73bb9a,L1,Profile
3f69db38-9a63-40b8-9e1f-9b614d73bb9a,L1,Profile
3f69db38-9a63-40b8-9e1f-9b614d73bb9a,L1,Profile
3f69db38-9a63-40b8-9e1f-9b614d73bb9a,L1,Profile
3f69db38-9a63-40b8-9e1f-9b614d73bb9a,L1,Profile
3f69db38-9a63-40b8-9e1f-9b614d73bb9a,L1,Profile
3f69db38-9a63-40b8-9e1f-9b614d73bb9a,L1,Profile
3f69db38-9a63-40b8-9e1f-9b614d73bb9a,L1,Profile
3f69db38-9a63-40b8-9e1f-9b614d73bb9a,L1,Profile
3f69db38-9a63-40b8-9e1f-9b614d73bb9a,L1,Profile
3f69db38-9a63-40b8-9e1f-9b614d73bb9a,L1,Profile
3f69db38-9a63-40b8-9e1f-9b614d73bb9a,L1,Profile
3f69db38-9a63-40b8-9e1f-9b614d73bb9a,L1,Profile
3f69db38-9a63-40b8-9e1f-9b614d73bb9a,L1,Profile
3f69db38-9a63-40b8-9e1f-9b614d73bb9a,L1,Profile
3f69db38-9a63-40b8-9e1f-9b614d73bb9a,L1,Profile
3f69db38-9a63-40b8-9e1f-9b614d73bb9a,L1,Profile
3f69db38-9a63-40b8-9e1f-9b614d73bb9a,L1,Profile
3f69db38-9a63-40b8-9e1f-9b614d73bb9a,L1,Profile
3f69db38-9a63-40b8-9e1f-9b614d73bb9a,L1,Profile
3f69db38-9a63-40b8-9e1f-9b614d73bb9a,L1,Profile
3f69db38-9a63-40b8-9e1f-9b614d73bb9a,L1,Profile
3f69db38-9a63-40b8-9e1f-9b614d73bb9a,L1,Profile
3f69db38-9a63-40b8-9e1f-9b614d73bb9a,L1,Profile
3f69db38-9a63-40b8-9e1f-9b614d73bb9a,L1,Profile
3f69db38-9a63-40b8-9e1f-9b614d73bb9a,L1,Profile
3f69db38-9a63-40b8-9e1f-9b614d73bb9a,L1,Profile
3f69db38-9a63-40b8-9e1f-9b614d73bb9a,L1,Profile
3f69db38-9a63-40b8-9e1f-9b614d73bb9a,L1,Profile
3f69db38-9a63-40b8-9e1f-9b614d73bb9a,L1,Profile
3f69db38-9a63-40b8-9e1f-9b614d73bb9a,L1,Profile
3f69db38-9a63-40b8-9e1f-9b614d73bb9a,L1,Profile
3f69db38-9a63-40b8-9e1f-9b614d73bb9a,L1,Profile
3f69db38-9a63-40b8-9e1f-9b614d73bb9a,L1,Profile
3f69db38-9a63-40b8-9e1f-9b614d73bb9a,L1,Profile
3f69db38-9a63-40b8-9e1f-9b614d73bb9a,L1,Profile
3f69db38-9a63-40b8-9e1f-9b614d73bb9a,L1,Profile
3f69db38-9a63-40b8-9e1f-9b614d73bb9a,L1,Profile
3f69db38-9a63-40b8-9e1f-9b614d73bb9a,L1,Profile
3f69db38-9a63-40b8-9e1f-9b614d73bb9a,L1,Profile
3f69db38-9a63-40b8-9e1f-9b614d73bb9a,L1,Profile
3f69db38-9a63-40b8-9e1f-9b614d73bb9a,L1,Profile
3f69db38-9a63-40b8-9e1f-9b614d73bb9a,L1,Profile
3f69db38-9a63-40b8-9e1f-9b614d73bb9a,L1,Profile
3f69db38-9a63-40b8-9e1f-9b614d73bb9a,L1,Profile
3f69db38-9a63-40b8-9e1f-9b614d73bb9a,L1,Profile
3f69db38-9a63-40b8-9e1f-9b614d73bb9a,L1,Profile
3f69db38-9a63-40b8-9e1f-9b614d73bb9a,L1,Profile
3f69db38-9a63-40b8-9e1f-9b614d73bb9a,L1,Profile
3f69db38-9a63-40b8-9e1f-9b614d73bb9a,L1,Profile
3f69db38-9a63-40b8-9e1f-9b614d73bb9a,L1,Profile
3f69db38-9a63-40b8-9e1f-9b614d73bb9a,L1,Profile
3f69db38-9a63-40b8-9e1f-9b614d73bb9a,L1,Profile
3f69db38-9a63-40b8-9e1f-9b614d73bb9a,L1,Profile
3f69db38-9a63-40b8-9e1f-9b614d73bb9a,L1,Profile
3f69db38-9a63-40b8-9e1f-9b614d73bb9a,L1,Profile
3f69db38-9a63-40b8-9e1f-9b614d73bb9a,L1,Profile
3f69db38-9a63-40b8-9e1f-9b614d73bb9a,L1,Profile
3f69db38-9a63-40b8-9e1f-9b614d73bb9a,L1,Profile
3f69db38-9a63-40b8-9e1f-9b614d73bb9a,L1,Profile
3f69db38-9a63-40b8-9e1f-9b614d73bb9a,L1,Profile
3f69db38-9a63-40b8-9e1f-9b614d73bb9a,L1,Profile
3f69db38-9a63-40b8-9e1f-9b614d73bb9a,L1,Profile
3f69db38-9a63-40b8-9e1f-9b614d73bb9a,L1,Profile
3f69db38-9a63-40b8-9e1f-9b614d73bb9a,L1,Profile
3f69db38-9a63-40b8-9e1f-9b614d73bb9a,L1,Profile
3f69db38-9a63-40b8-9e1f-9b614d73bb9a,L1,Profile
3f69db38-9a63-40b8-9e1f-9b614d73bb9a,L1,Profile
3f69db38-9a63-40b8-9e1f-9b614d73bb9a,L1,Profile
3f69db38-9a63-40b8-9e1f-9b614d73bb9a,L1,Profile
3f69db38-9a63-40b8-9e1f-9b614d73bb9a,L1,Profile
3f69db38-9a63-40b8-9e1f-9b614d73bb9a,L1,Profile
3f69db38-9a63-40b8-9e1f-9b614d73bb9a,L1,Profile
3f69db38-9a63-40b8-9e1f-9b614d73bb9a,L1,Profile
3f69db38-9a63-40b8-9e1f-9b614d73bb9a,L1,Profile
3f69db38-9a63-40b8-9e1f-9b614d73bb9a,L1,Profile
3f69db38-9a63-40b8-9e1f-9b614d73bb9a,L1,Profile
3f69db38-9a63-40b8-9e1f-9b614d73bb9a,L1,Profile
3f69db38-9a63-40b8-9e1f-9b614d73bb9a,L1,Profile
3f69db38-9a63-40b8-9e1f-9b614d73bb9a,L1,Profile
3f69db38-9a63-40b8-9e1f-9b614d73bb9a,L1,Profile
3f69db38-9a63-40b8-9e1f-9b614d73bb9a,L1,Profile
3f69db38-9a63-40b8-9e1f-9b614d73bb9a,L1,Profile
3f69db38-9a63-40b8-9e1f-9b614d73bb9a,L1,Profile
3f69db38-9a63-40b8-9e1f-9b614d73bb9a,L1,Profile
3f69db38-9a63-40b8-9e1f-9b614d73bb9a,L1,Profile
3f69db38-9a63-40b8-9e1f-9b614d73bb9a,L1,Profile
3f69db38-9a63-40b8-9e1f-9b614d73bb9a,L1,Profile
3f69db38-9a63-40b8-9e1f-9b614d73bb9a,L1,Profile
3f69db38-9a63-40b8-9e1f-9b614d73bb9a,L1,Profile
3f69db38-9a63-40b8-9e1f-9b614d73bb9a,L1,Profile
3f69db38-9a63-40b8-9e1f-9b614d73bb9a,L1,Profile
3f69db38-9a63-40b8-9e1f-9b614d73bb9a,L1,Profile
3f69db38-9a63-40b8-9e1f-9b614d73bb9a,L1,Profile
3f69db38-9a63-40b8-9e1f-9b614d73bb9a,L1,Profile
3f69db38-9a63-40b8-9e1f-9b614d73bb9a,L1,Profile
3f69db38-9a63-40b8-9e1f-9b614d73bb9a,L1,Profile
3f69db38-9a63-40b8-9e1f-9b614d73bb9a,L1,Profile
3f69db38-9a63-40b8-9e1f-9b614d73bb9a,L1,Profile
3f69db38-9a63-40b8-9e1f-9b614d73bb9a,L1,Profile
3f69db38-9a63-40b8-9e1f-9b614d73bb9a,L1,Profile
3f69db38-9a63-40b8-9e1f-9b614d73bb9a,L1,Profile
3f69db38-9a63-40b8-9e1f-9b614d73bb9a,L1,Profile
3f69db38-9a63-40b8-9e1f-9b614d73bb9a,L1,Profile
3f69db38-9a63-40b8-9e1f-9b614d73bb9a,L1,Profile
3f69db38-9a63-40b8-9e1f-9b614d73bb9a,L1,Profile
3f69db38-9a63-40b8-9e1f-9b614d73bb9a,L1,Profile
3f69db38-9a63-40b8-9e1f-9b614d73bb9a,L1,Profile
3f69db38-9a63-40b8-9e1f-9b614d73bb9a,L1,Profile
3f69db38-9a63-40b8-9e1f-9b614d73bb9a,L1,Profile
3f69db38-9a63-40b8-9e1f-9b614d73bb9a,L1,Profile
3f69db38-9a63-40b8-9e1f-9b614d73bb9a,L1,Profile
3f69db38-9a63-40b8-9e1f-9b614d73bb9a,L1,Profile
3f69db38-9a63-40b8-9e1f-9b614d73bb9a,L1,Profile
3f69db38-9a63-40b8-9e1f-9b614d73bb9a,L1,Profile
3f69db38-9a63-40b8-9e1f-9b614d73bb9a,L1,Profile
3f69db38-9a63-40b8-9e1f-9b614d73bb9a,L1,Profile
3f69db38-9a63-40b8-9e1f-9b614d73bb9a,L1,Profile
3f69db38-9a63-40b8-9e1f-9b614d73bb9a,L1,Profile
3f69db38-9a63-40b8-9e1f-9b614d73bb9a,L1,Profile
3f69db38-9a63-40b8-9e1f-9b614d73bb9a,L1,Profile
3f69db38-9a63-40b8-9e1f-9b614d73bb9a,L1,Profile
3f69db38-9a63-40b8-9e1f-9b614d73bb9a,L1,Profile
3f69db38-9a63-40b8-9e1f-9b614d73bb9a,L1,Profile
3f69db38-9a63-40b8-9e1f-9b614d73bb9a,L1,Profile
3f69db38-9a63-40b8-9e1f-9b614d73bb9a,L1,Profile
3f69db38-9a63-40b8-9e1f-9b614d73bb9a,L1,Profile
3f69db38-9a63-40b8-9e1f-9b614d73bb9a,L1,Profile
3f69db38-9a63-40b8-9e1f-9b614d73bb9a,L1,Profile
3f69db38-9a63-40b8-9e1f-9b614d73bb9a,L1,Profile
3f69db38-9a63-40b8-9e1f-9b614d73bb9a,L1,Profile
3f69db38-9a63-40b8-9e1f-9b614d73bb9a,L1,Profile
3f69db38-9a63-40b8-9e1f-9b614d73bb9a,L1,Profile
3f69db38-9a63-40b8-9e1f-9b614d73bb9a,L1,Profile
3f69db38-9a63-40b8-9e1f-9b614d73bb9a,L1,Profile
3f69db38-9a63-40b8-9e1f-9b614d73bb9a,L1,Profile
3f69db38-9a63-40b8-9e1f-9b614d73bb9a,L1,Profile
3f69db38-9a63-40b8-9e1f-9b614d73bb9a,L1,Profile
3f69db38-9a63-40b8-9e1f-9b614d73bb9a,L1,Profile
3f69db38-9a63-40b8-9e1f-9b614d73bb9a,L1,Profile
3f69db38-9a63-40b8-9e1f-9b614d73bb9a,L1,Profile
3f69db38-9a63-40b8-9e1f-9b614d73bb9a,L1,Profile
3f69db38-9a63-40b8-9e1f-9b614d73bb9a,L1,Profile
3f69db38-9a63-40b8-9e1f-9b614d73bb9a,L1,Profile
3f69db38-9a63-40b8-9e1f-9b614d73bb9a,L1,Profile
3f69db38-9a63-40b8-9e1f-9b614d73bb9a,L1,Profile
3f69db38-9a63-40b8-9e1f-9b614d73bb9a,L1,Profile
3f69db38-9a63-40b8-9e1f-9b614d73bb9a,L1,Profile
3f69db38-9a63-40b8-9e1f-9b614d73bb9a,L1,Profile
3f69db38-9a63-40b8-9e1f-9b614d73bb9a,L1,Profile
3f69db38-9a63-40b8-9e1f-9b614d73bb9a,L1,Profile
3f69db38-9a63-40b8-9e1f-9b614d73bb9a,L1,Profile
3f69db38-9a63-40b8-9e1f-9b614d73bb9a,L1,Profile
3f69db38-9a63-40b8-9e1f-9b614d73bb9a,L1,Profile
3f69db38-9a63-40b8-9e1f-9b614d73bb9a,L1,Profile
3f69db38-9a63-40b8-9e1f-9b614d73bb9a,L1,Profile
3f69db38-9a63-40b8-9e1f-9b614d73bb9a,L1,Profile
3f69db38-9a63-40b8-9e1f-9b614d73bb9a,L1,Profile
3f69db38-9a63-40b8-9e1f-9b614d73bb9a,L1,Profile
3f69db38-9a63-40b8-9e1f-9b614d73bb9a,L1,Profile
3f69db38-9a63-40b8-9e1f-9b614d73bb9a,L1,Profile
3f69db38-9a63-40b8-9e1f-9b614d73bb9a,L1,Profile
3f69db38-9a63-40b8-9e1f-9b614d73bb9a,L1,Profile
3f69db38-9a63-40b8-9e1f-9b614d73bb9a,L1,Profile
3f69db38-9a63-40b8-9e1f-9b614d73bb9a,L1,Profile
3f69db38-9a63-40b8-9e1f-9b614d73bb9a,L1,Profile
3f69db38-9a63-40b8-9e1f-9b614d73bb9a,L1,Profile
3f69db38-9a63-40b8-9e1f-9b614d73bb9a,L1,Profile
3f69db38-9a63-40b8-9e1f-9b614d73bb9a,L1,Profile
3f69db38-9a63-40b8-9e1f-9b614d73bb9a,L1,Profile
3f69db38-9a63-40b8-9e1f-9b614d73bb9a,L1,Profile
3f69db38-9a63-40b8-9e1f-9b614d73bb9a,L1,Profile
3f69db38-9a63-40b8-9e1f-9b614d73bb9a,L1,Profile
3f69db38-9a63-40b8-9e1f-9b614d73bb9a,L1,Profile
3f69db38-9a63-40b8-9e1f-9b614d73bb9a,L1,Profile
3f69db38-9a63-40b8-9e1f-9b614d73bb9a,L1,Profile
3f69db38-9a63-40b8-9e1f-9b614d73bb9a,L1,Profile
3f69db38-9a63-40b8-9e1f-9b614d73bb9a,L1,Profile
3f69db38-9a63-40b8-9e1f-9b614d73bb9a,L1,Profile
3f69db38-9a63-40b8-9e1f-9b614d73bb9a,L1,Profile
3f69db38-9a63-40b8-9e1f-9b614d73bb9a,L1,Profile
3f69db38-9a63-40b8-9e1f-9b614d73bb9a,L1,Profile
3f69db38-9a63-40b8-9e1f-9b614d73bb9a,L1,Profile
3f69db38-9a63-40b8-9e1f-9b614d73bb9a,L1,Profile
3f69db38-9a63-40b8-9e1f-9b614d73bb9a,L1,Profile
3f69db38-9a63-40b8-9e1f-9b614d73bb9a,L1,Profile
3f69db38-9a63-40b8-9e1f-9b614d73bb9a,L1,Profile
3f69db38-9a63-40b8-9e1f-9b614d73bb9a,L1,Profile
3f69db38-9a63-40b8-9e1f-9b614d73bb9a,L1,Profile
3f69db38-9a63-40b8-9e1f-9b614d73bb9a,L1,Profile
3f69db38-9a63-40b8-9e1f-9b614d73bb9a,L1,Profile
3f69db38-9a63-40b8-9e1f-9b614d73bb9a,L1,Profile
3f69db38-9a63-40b8-9e1f-9b614d73bb9a,L1,Profile
3f69db38-9a63-40b8-9e1f-9b614d73bb9a,L1,Profile
3f69db38-9a63-40b8-9e1f-9b614d73bb9a,L1,Profile
3f69db38-9a63-40b8-9e1f-9b614d73bb9a,L1,Profile
3f69db38-9a63-40b8-9e1f-9b614d73bb9a,L1,Profile
3f69db38-9a63-40b8-9e1f-9b614d73bb9a,L1,Profile
3f69db38-9a63-40b8-9e1f-9b614d73bb9a,L1,Profile
3f69db38-9a63-40b8-9e1f-9b614d73bb9a,L1,Profile
3f69db38-9a63-40b8-9e1f-9b614d73bb9a,L1,Profile
3f69db38-9a63-40b8-9e1f-9b614d73bb9a,L1,Profile
3f69db38-9a63-40b8-9e1f-9b614d73bb9a,L1,Profile
3f69db38-9a63-40b8-9e1f-9b614d73bb9a,L1,Profile
3f69db38-9a63-40b8-9e1f-9b614d73bb9a,L1,Profile
3f69db38-9a63-40b8-9e1f-9b614d73bb9a,L1,Profile
3f69db38-9a63-40b8-9e1f-9b614d73bb9a,L1,Profile
3f69db38-9a63-40b8-9e1f-9b614d73bb9a,L1,Profile
3f69db38-9a63-40b8-9e1f-9b614d73bb9a,L1,Profile
3f69db38-9a63-40b8-9e1f-9b614d73bb9a,L1,Profile
3f69db38-9a63-40b8-9e1f-9b614d73bb9a,L1,Profile
3f69db38-9a63-40b8-9e1f-9b614d73bb9a,L1,Profile
3f69db38-9a63-40b8-9e1f-9b614d73bb9a,L1,Profile
3f69db38-9a63-40b8-9e1f-9b614d73bb9a,L1,Profile
3f69db38-9a63-40b8-9e1f-9b614d73bb9a,L1,Profile
3f69db38-9a63-40b8-9e1f-9b614d73bb9a,L1,Profile
3f69db38-9a63-40b8-9e1f-9b614d73bb9a,L1,Profile
3f69db38-9a63-40b8-9e1f-9b614d73bb9a,L1,Profile
3f69db38-9a63-40b8-9e1f-9b614d73bb9a,L1,Profile
3f69db38-9a63-40b8-9e1f-9b614d73bb9a,L1,Profile
3f69db38-9a63-40b8-9e1f-9b614d73bb9a,L1,Profile
3f69db38-9a63-40b8-9e1f-9b614d73bb9a,L1,Profile
3f69db38-9a63-40b8-9e1f-9b614d73bb9a,L1,Profile
3f69db38-9a63-40b8-9e1f-9b614d73bb9a,L1,Profile
3f69db38-9a63-40b8-9e1f-9b614d73bb9a,L1,Profile
3f69db38-9a63-40b8-9e1f-9b614d73bb9a,L1,Profile
3f69db38-9a63-40b8-9e1f-9b614d73bb9a,L1,Profile
3f69db38-9a63-40b8-9e1f-9b614d73bb9a,L1,Profile
3f69db38-9a63-40b8-9e1f-9b614d73bb9a,L1,Profile
3f69db38-9a63-40b8-9e1f-9b614d73bb9a,L1,Profile
3f69db38-9a63-40b8-9e1f-9b614d73bb9a,L1,Profile
3f69db38-9a63-40b8-9e1f-9b614d73bb9a,L1,Profile
3f69db38-9a63-40b8-9e1f-9b614d73bb9a,L1,Profile
3f69db38-9a63-40b8-9e1f-9b614d73bb9a,L1,Profile
3f69db38-9a63-40b8-9e1f-9b614d73bb9a,L1,Profile
3f69db38-9a63-40b8-9e1f-9b614d73bb9a,L1,Profile
3f69db38-9a63-40b8-9e1f-9b614d73bb9a,L1,Profile
3f69db38-9a63-40b8-9e1f-9b614d73bb9a,L1,Profile
3f69db38-9a63-40b8-9e1f-9b614d73bb9a,L1,Profile
3f69db38-9a63-40b8-9e1f-9b614d73bb9a,L1,Profile
3f69db38-9a63-40b8-9e1f-9b614d73bb9a,L1,Profile
3f69db38-9a63-40b8-9e1f-9b614d73bb9a,L1,Profile
3f69db38-9a63-40b8-9e1f-9b614d73bb9a,L1,Profile
3f69db38-9a63-40b8-9e1f-9b614d73bb9a,L1,Profile
3f69db38-9a63-40b8-9e1f-9b614d73bb9a,L1,Profile
3f69db38-9a63-40b8-9e1f-9b614d73bb9a,L1,Profile
3f69db38-9a63-40b8-9e1f-9b614d73bb9a,L1,Profile
3f69db38-9a63-40b8-9e1f-9b614d73bb9a,L1,Profile
3f69db38-9a63-40b8-9e1f-9b614d73bb9a,L1,Profile
3f69db38-9a63-40b8-9e1f-9b614d73bb9a,L1,Profile
3f69db38-9a63-40b8-9e1f-9b614d73bb9a,L1,Profile
3f69db38-9a63-40b8-9e1f-9b614d73bb9a,L1,Profile
3f69db38-9a63-40b8-9e1f-9b614d73bb9a,L1,Profile
3f69db38-9a63-40b8-9e1f-9b614d73bb9a,L1,Profile
3f69db38-9a63-40b8-9e1f-9b614d73bb9a,L1,Profile
3f69db38-9a63-40b8-9e1f-9b614d73bb9a,L1,Profile
3f69db38-9a63-40b8-9e1f-9b614d73bb9a,L1,Profile
3f69db38-9a63-40b8-9e1f-9b614d73bb9a,L1,Profile
3f69db38-9a63-40b8-9e1f-9b614d73bb9a,L1,Profile
3f69db38-9a63-40b8-9e1f-9b614d73bb9a,L1,Profile
3f69db38-9a63-40b8-9e1f-9b614d73bb9a,L1,Profile
3f69db38-9a63-40b8-9e1f-9b614d73bb9a,L1,Profile
3f69db38-9a63-40b8-9e1f-9b614d73bb9a,L1,Profile
3f69db38-9a63-40b8-9e1f-9b614d73bb9a,L1,Profile
3f69db38-9a63-40b8-9e1f-9b614d73bb9a,L1,Profile
3f69db38-9a63-40b8-9e1f-9b614d73bb9a,L1,Profile
3f69db38-9a63-40b8-9e1f-9b614d73bb9a,L1,Profile
3f69db38-9a63-40b8-9e1f-9b614d73bb9a,L1,Profile
3f69db38-9a63-40b8-9e1f-9b614d73bb9a,L1,Profile
3f69db38-9a63-40b8-9e1f-9b614d73bb9a,L1,Profile
3f69db38-9a63-40b8-9e1f-9b614d73bb9a,L1,Profile
3f69db38-9a63-40b8-9e1f-9b614d73bb9a,L1,Profile
3f69db38-9a63-40b8-9e1f-9b614d73bb9a,L1,Profile
3f69db38-9a63-40b8-9e1f-9b614d73bb9a,L1,Profile
3f69db38-9a63-40b8-9e1f-9b614d73bb9a,L1,Profile
3f69db38-9a63-40b8-9e1f-9b614d73bb9a,L1,Profile
3f69db38-9a63-40b8-9e1f-9b614d73bb9a,L1,Profile
3f69db38-9a63-40b8-9e1f-9b614d73bb9a,L1,Profile
3f69db38-9a63-40b8-9e1f-9b614d73bb9a,L1,Profile
3f69db38-9a63-40b8-9e1f-9b614d73bb9a,L1,Profile
3f69db38-9a63-40b8-9e1f-9b614d73bb9a,L1,Profile
3f69db38-9a63-40b8-9e1f-9b614d73bb9a,L1,Profile
3f69db38-9a63-40b8-9e1f-9b614d73bb9a,L1,Profile
3f69db38-9a63-40b8-9e1f-9b614d73bb9a,L1,Profile
3f69db38-9a63-40b8-9e1f-9b614d73bb9a,L1,Profile
3f69db38-9a63-40b8-9e1f-9b614d73bb9a,L1,Profile
3f69db38-9a63-40b8-9e1f-9b614d73bb9a,L1,Profile
3f69db38-9a63-40b8-9e1f-9b614d73bb9a,L1,Profile
3f69db38-9a63-40b8-9e1f-9b614d73bb9a,L1,Profile
3f69db38-9a63-40b8-9e1f-9b614d73bb9a,L1,Profile
3f69db38-9a63-40b8-9e1f-9b614d73bb9a,L1,Profile
3f69db38-9a63-40b8-9e1f-9b614d73bb9a,L1,Profile
3f69db38-9a63-40b8-9e1f-9b614d73bb9a,L1,Profile
3f69db38-9a63-40b8-9e1f-9b614d73bb9a,L1,Profile
3f69db38-9a63-40b8-9e1f-9b614d73bb9a,L1,Profile
3f69db38-9a63-40b8-9e1f-9b614d73bb9a,L1,Profile
3f69db38-9a63-40b8-9e1f-9b614d73bb9a,L1,Profile
3f69db38-9a63-40b8-9e1f-9b614d73bb9a,L1,Profile
3f69db38-9a63-40b8-9e1f-9b614d73bb9a,L1,Profile
3f69db38-9a63-40b8-9e1f-9b614d73bb9a,L1,Profile
3f69db38-9a63-40b8-9e1f-9b614d73bb9a,L1,Profile
3f69db38-9a63-40b8-9e1f-9b614d73bb9a,L1,Profile
3f69db38-9a63-40b8-9e1f-9b614d73bb9a,L1,Profile
3f69db38-9a63-40b8-9e1f-9b614d73bb9a,L1,Profile
3f69db38-9a63-40b8-9e1f-9b614d73bb9a,L1,Profile
3f69db38-9a63-40b8-9e1f-9b614d73bb9a,L1,Profile
3f69db38-9a63-40b8-9e1f-9b614d73bb9a,L1,Profile
3f69db38-9a63-40b8-9e1f-9b614d73bb9a,L1,Profile
3f69db38-9a63-40b8-9e1f-9b614d73bb9a,L1,Profile
3f69db38-9a63-40b8-9e1f-9b614d73bb9a,L1,Profile
3f69db38-9a63-40b8-9e1f-9b614d73bb9a,L1,Profile
3f69db38-9a63-40b8-9e1f-9b614d73bb9a,L1,Profile
3f69db38-9a63-40b8-9e1f-9b614d73bb9a,L1,Profile
3f69db38-9a63-40b8-9e1f-9b614d73bb9a,L1,Profile
3f69db38-9a63-40b8-9e1f-9b614d73bb9a,L1,Profile
3f69db38-9a63-40b8-9e1f-9b614d73bb9a,L1,Profile
3f69db38-9a63-40b8-9e1f-9b614d73bb9a,L1,Profile
3f69db38-9a63-40b8-9e1f-9b614d73bb9a,L1,Profile
3f69db38-9a63-40b8-9e1f-9b614d73bb9a,L1,Profile
3f69db38-9a63-40b8-9e1f-9b614d73bb9a,L1,Profile
3f69db38-9a63-40b8-9e1f-9b614d73bb9a,L1,Profile
3f69db38-9a63-40b8-9e1f-9b614d73bb9a,L1,Profile
3f69db38-9a63-40b8-9e1f-9b614d73bb9a,L1,Profile
3f69db38-9a63-40b8-9e1f-9b614d73bb9a,L1,Profile
3f69db38-9a63-40b8-9e1f-9b614d73bb9a,L1,Profile
3f69db38-9a63-40b8-9e1f-9b614d73bb9a,L1,Profile
3f69db38-9a63-40b8-9e1f-9b614d73bb9a,L1,Profile
3f69db38-9a63-40b8-9e1f-9b614d73bb9a,L1,Profile
3f69db38-9a63-40b8-9e1f-9b614d73bb9a,L1,Profile
3f69db38-9a63-40b8-9e1f-9b614d73bb9a,L1,Profile
3f69db38-9a63-40b8-9e1f-9b614d73bb9a,L1,Profile
3f69db38-9a63-40b8-9e1f-9b614d73bb9a,L1,Profile
3f69db38-9a63-40b8-9e1f-9b614d73bb9a,L1,Profile
3f69db38-9a63-40b8-9e1f-9b614d73bb9a,L1,Profile
3f69db38-9a63-40b8-9e1f-9b614d73bb9a,L1,Profile
3f69db38-9a63-40b8-9e1f-9b614d73bb9a,L1,Profile
3f69db38-9a63-40b8-9e1f-9b614d73bb9a,L1,Profile
3f69db38-9a63-40b8-9e1f-9b614d73bb9a,L1,Profile
3f69db38-9a63-40b8-9e1f-9b614d73bb9a,L1,Profile
3f69db38-9a63-40b8-9e1f-9b614d73bb9a,L1,Profile
3f69db38-9a63-40b8-9e1f-9b614d73bb9a,L1,Profile
3f69db38-9a63-40b8-9e1f-9b614d73bb9a,L1,Profile
3f69db38-9a63-40b8-9e1f-9b614d73bb9a,L1,Profile
3f69db38-9a63-40b8-9e1f-9b614d73bb9a,L1,Profile
3f69db38-9a63-40b8-9e1f-9b614d73bb9a,L1,Profile
3f69db38-9a63-40b8-9e1f-9b614d73bb9a,L1,Profile
3f69db38-9a63-40b8-9e1f-9b614d73bb9a,L1,Profile
3f69db38-9a63-40b8-9e1f-9b614d73bb9a,L1,Profile
3f69db38-9a63-40b8-9e1f-9b614d73bb9a,L1,Profile
3f69db38-9a63-40b8-9e1f-9b614d73bb9a,L1,Profile
3f69db38-9a63-40b8-9e1f-9b614d73bb9a,L1,Profile
3f69db38-9a63-40b8-9e1f-9b614d73bb9a,L1,Profile
3f69db38-9a63-40b8-9e1f-9b614d73bb9a,L1,Profile
3f69db38-9a63-40b8-9e1f-9b614d73bb9a,L1,Profile
3f69db38-9a63-40b8-9e1f-9b614d73bb9a,L1,Profile
3f69db38-9a63-40b8-9e1f-9b614d73bb9a,L1,Profile
3f69db38-9a63-40b8-9e1f-9b614d73bb9a,L1,Profile
3f69db38-9a63-40b8-9e1f-9b614d73bb9a,L1,Profile
3f69db38-9a63-40b8-9e1f-9b614d73bb9a,L1,Profile
3f69db38-9a63-40b8-9e1f-9b614d73bb9a,L1,Profile
3f69db38-9a63-40b8-9e1f-9b614d73bb9a,L1,Profile
3f69db38-9a63-40b8-9e1f-9b614d73bb9a,L1,Profile
3f69db38-9a63-40b8-9e1f-9b614d73bb9a,L1,Profile
3f69db38-9a63-40b8-9e1f-9b614d73bb9a,L1,Profile
3f69db38-9a63-40b8-9e1f-9b614d73bb9a,L1,Profile
3f69db38-9a63-40b8-9e1f-9b614d73bb9a,L1,Profile
3f69db38-9a63-40b8-9e1f-9b614d73bb9a,L1,Profile
3f69db38-9a63-40b8-9e1f-9b614d73bb9a,L1,Profile
3f69db38-9a63-40b8-9e1f-9b614d73bb9a,L1,Profile
3f69db38-9a63-40b8-9e1f-9b614d73bb9a,L1,Profile
3f69db38-9a63-40b8-9e1f-9b614d73bb9a,L1,Profile
3f69db38-9a63-40b8-9e1f-9b614d73bb9a,L1,Profile
3f69db38-9a63-40b8-9e1f-9b614d73bb9a,L1,Profile
3f69db38-9a63-40b8-9e1f-9b614d73bb9a,L1,Profile
3f69db38-9a63-40b8-9e1f-9b614d73bb9a,L1,Profile
3f69db38-9a63-40b8-9e1f-9b614d73bb9a,L1,Profile
3f69db38-9a63-40b8-9e1f-9b614d73bb9a,L1,Profile
3f69db38-9a63-40b8-9e1f-9b614d73bb9a,L1,Profile
3f69db38-9a63-40b8-9e1f-9b614d73bb9a,L1,Profile
3f69db38-9a63-40b8-9e1f-9b614d73bb9a,L1,Profile
3f69db38-9a63-40b8-9e1f-9b614d73bb9a,L1,Profile
3f69db38-9a63-40b8-9e1f-9b614d73bb9a,L1,Profile
3f69db38-9a63-40b8-9e1f-9b614d73bb9a,L1,Profile
3f69db38-9a63-40b8-9e1f-9b614d73bb9a,L1,Profile
3f69db38-9a63-40b8-9e1f-9b614d73bb9a,L1,Profile
3f69db38-9a63-40b8-9e1f-9b614d73bb9a,L1,Profile
3f69db38-9a63-40b8-9e1f-9b614d73bb9a,L1,Profile
3f69db38-9a63-40b8-9e1f-9b614d73bb9a,L1,Profile
3f69db38-9a63-40b8-9e1f-9b614d73bb9a,L1,Profile
3f69db38-9a63-40b8-9e1f-9b614d73bb9a,L1,Profile
3f69db38-9a63-40b8-9e1f-9b614d73bb9a,L1,Profile
3f69db38-9a63-40b8-9e1f-9b614d73bb9a,L1,Profile
3f69db38-9a63-40b8-9e1f-9b614d73bb9a,L1,Profile
3f69db38-9a63-40b8-9e1f-9b614d73bb9a,L1,Profile
3f69db38-9a63-40b8-9e1f-9b614d73bb9a,L1,Profile
3f69db38-9a63-40b8-9e1f-9b614d73bb9a,L1,Profile
3f69db38-9a63-40b8-9e1f-9b614d73bb9a,L1,Profile
3f69db38-9a63-40b8-9e1f-9b614d73bb9a,L1,Profile
3f69db38-9a63-40b8-9e1f-9b614d73bb9a,L1,Profile
3f69db38-9a63-40b8-9e1f-9b614d73bb9a,L1,Profile
3f69db38-9a63-40b8-9e1f-9b614d73bb9a,L1,Profile
3f69db38-9a63-40b8-9e1f-9b614d73bb9a,L1,Profile
3f69db38-9a63-40b8-9e1f-9b614d73bb9a,L1,Profile
3f69db38-9a63-40b8-9e1f-9b614d73bb9a,L1,Profile
3f69db38-9a63-40b8-9e1f-9b614d73bb9a,L1,Profile
3f69db38-9a63-40b8-9e1f-9b614d73bb9a,L1,Profile
3f69db38-9a63-40b8-9e1f-9b614d73bb9a,L1,Profile
3f69db38-9a63-40b8-9e1f-9b614d73bb9a,L1,Profile
3f69db38-9a63-40b8-9e1f-9b614d73bb9a,L1,Profile
3f69db38-9a63-40b8-9e1f-9b614d73bb9a,L1,Profile
3f69db38-9a63-40b8-9e1f-9b614d73bb9a,L1,Profile
3f69db38-9a63-40b8-9e1f-9b614d73bb9a,L1,Profile
3f69db38-9a63-40b8-9e1f-9b614d73bb9a,L1,Profile
3f69db38-9a63-40b8-9e1f-9b614d73bb9a,L1,Profile
3f69db38-9a63-40b8-9e1f-9b614d73bb9a,L1,Profile
3f69db38-9a63-40b8-9e1f-9b614d73bb9a,L1,Profile
3f69db38-9a63-40b8-9e1f-9b614d73bb9a,L1,Profile
3f69db38-9a63-40b8-9e1f-9b614d73bb9a,L1,Profile
3f69db38-9a63-40b8-9e1f-9b614d73bb9a,L1,Profile
3f69db38-9a63-40b8-9e1f-9b614d73bb9a,L1,Profile
3f69db38-9a63-40b8-9e1f-9b614d73bb9a,L1,Profile
3f69db38-9a63-40b8-9e1f-9b614d73bb9a,L1,Profile
3f69db38-9a63-40b8-9e1f-9b614d73bb9a,L1,Profile
3f69db38-9a63-40b8-9e1f-9b614d73bb9a,L1,Profile
3f69db38-9a63-40b8-9e1f-9b614d73bb9a,L1,Profile
3f69db38-9a63-40b8-9e1f-9b614d73bb9a,L1,Profile
3f69db38-9a63-40b8-9e1f-9b614d73bb9a,L1,Profile
3f69db38-9a63-40b8-9e1f-9b614d73bb9a,L1,Profile
3f69db38-9a63-40b8-9e1f-9b614d73bb9a,L1,Profile
3f69db38-9a63-40b8-9e1f-9b614d73bb9a,L1,Profile
3f69db38-9a63-40b8-9e1f-9b614d73bb9a,L1,Profile
3f69db38-9a63-40b8-9e1f-9b614d73bb9a,L1,Profile
3f69db38-9a63-40b8-9e1f-9b614d73bb9a,L1,Profile
3f69db38-9a63-40b8-9e1f-9b614d73bb9a,L1,Profile
3f69db38-9a63-40b8-9e1f-9b614d73bb9a,L1,Profile
3f69db38-9a63-40b8-9e1f-9b614d73bb9a,L1,Profile
3f69db38-9a63-40b8-9e1f-9b614d73bb9a,L1,Profile
3f69db38-9a63-40b8-9e1f-9b614d73bb9a,L1,Profile
3f69db38-9a63-40b8-9e1f-9b614d73bb9a,L1,Profile
3f69db38-9a63-40b8-9e1f-9b614d73bb9a,L1,Profile
3f69db38-9a63-40b8-9e1f-9b614d73bb9a,L1,Profile
3f69db38-9a63-40b8-9e1f-9b614d73bb9a,L1,Profile
3f69db38-9a63-40b8-9e1f-9b614d73bb9a,L1,Profile
3f69db38-9a63-40b8-9e1f-9b614d73bb9a,L1,Profile
3f69db38-9a63-40b8-9e1f-9b614d73bb9a,L1,Profile
3f69db38-9a63-40b8-9e1f-9b614d73bb9a,L1,Profile
3f69db38-9a63-40b8-9e1f-9b614d73bb9a,L1,Profile
3f69db38-9a63-40b8-9e1f-9b614d73bb9a,L1,Profile
3f69db38-9a63-40b8-9e1f-9b614d73bb9a,L1,Profile
3f69db38-9a63-40b8-9e1f-9b614d73bb9a,L1,Profile
3f69db38-9a63-40b8-9e1f-9b614d73bb9a,L1,Profile
3f69db38-9a63-40b8-9e1f-9b614d73bb9a,L1,Profile
3f69db38-9a63-40b8-9e1f-9b614d73bb9a,L1,Profile
3f69db38-9a63-40b8-9e1f-9b614d73bb9a,L1,Profile
3f69db38-9a63-40b8-9e1f-9b614d73bb9a,L1,Profile
3f69db38-9a63-40b8-9e1f-9b614d73bb9a,L1,Profile
3f69db38-9a63-40b8-9e1f-9b614d73bb9a,L1,Profile
3f69db38-9a63-40b8-9e1f-9b614d73bb9a,L1,Profile
3f69db38-9a63-40b8-9e1f-9b614d73bb9a,L1,Profile
3f69db38-9a63-40b8-9e1f-9b614d73bb9a,L1,Profile
3f69db38-9a63-40b8-9e1f-9b614d73bb9a,L1,Profile
3f69db38-9a63-40b8-9e1f-9b614d73bb9a,L1,Profile
3f69db38-9a63-40b8-9e1f-9b614d73bb9a,L1,Profile
3f69db38-9a63-40b8-9e1f-9b614d73bb9a,L1,Profile
3f69db38-9a63-40b8-9e1f-9b614d73bb9a,L1,Profile
3f69db38-9a63-40b8-9e1f-9b614d73bb9a,L1,Profile
3f69db38-9a63-40b8-9e1f-9b614d73bb9a,L1,Profile
3f69db38-9a63-40b8-9e1f-9b614d73bb9a,L1,Profile
3f69db38-9a63-40b8-9e1f-9b614d73bb9a,L1,Profile
3f69db38-9a63-40b8-9e1f-9b614d73bb9a,L1,Profile
3f69db38-9a63-40b8-9e1f-9b614d73bb9a,L1,Profile
3f69db38-9a63-40b8-9e1f-9b614d73bb9a,L1,Profile
3f69db38-9a63-40b8-9e1f-9b614d73bb9a,L1,Profile
3f69db38-9a63-40b8-9e1f-9b614d73bb9a,L1,Profile
3f69db38-9a63-40b8-9e1f-9b614d73bb9a,L1,Profile
3f69db38-9a63-40b8-9e1f-9b614d73bb9a,L1,Profile
3f69db38-9a63-40b8-9e1f-9b614d73bb9a,L1,Profile
3f69db38-9a63-40b8-9e1f-9b614d73bb9a,L1,Profile
3f69db38-9a63-40b8-9e1f-9b614d73bb9a,L1,Profile
3f69db38-9a63-40b8-9e1f-9b614d73bb9a,L1,Profile
3f69db38-9a63-40b8-9e1f-9b614d73bb9a,L1,Profile
3f69db38-9a63-40b8-9e1f-9b614d73bb9a,L1,Profile
3f69db38-9a63-40b8-9e1f-9b614d73bb9a,L1,Profile
3f69db38-9a63-40b8-9e1f-9b614d73bb9a,L1,Profile
3f69db38-9a63-40b8-9e1f-9b614d73bb9a,L1,Profile
3f69db38-9a63-40b8-9e1f-9b614d73bb9a,L1,Profile
3f69db38-9a63-40b8-9e1f-9b614d73bb9a,L1,Profile
3f69db38-9a63-40b8-9e1f-9b614d73bb9a,L1,Profile
3f69db38-9a63-40b8-9e1f-9b614d73bb9a,L1,Profile
3f69db38-9a63-40b8-9e1f-9b614d73bb9a,L1,Profile
3f69db38-9a63-40b8-9e1f-9b614d73bb9a,L1,Profile
3f69db38-9a63-40b8-9e1f-9b614d73bb9a,L1,Profile
3f69db38-9a63-40b8-9e1f-9b614d73bb9a,L1,Profile
3f69db38-9a63-40b8-9e1f-9b614d73bb9a,L1,Profile
3f69db38-9a63-40b8-9e1f-9b614d73bb9a,L1,Profile
3f69db38-9a63-40b8-9e1f-9b614d73bb9a,L1,Profile
3f69db38-9a63-40b8-9e1f-9b614d73bb9a,L1,Profile
3f69db38-9a63-40b8-9e1f-9b614d73bb9a,L1,Profile
3f69db38-9a63-40b8-9e1f-9b614d73bb9a,L1,Profile
3f69db38-9a63-40b8-9e1f-9b614d73bb9a,L1,Profile
3f69db38-9a63-40b8-9e1f-9b614d73bb9a,L1,Profile
3f69db38-9a63-40b8-9e1f-9b614d73bb9a,L1,Profile
3f69db38-9a63-40b8-9e1f-9b614d73bb9a,L1,Profile
3f69db38-9a63-40b8-9e1f-9b614d73bb9a,L1,Profile
3f69db38-9a63-40b8-9e1f-9b614d73bb9a,L1,Profile
3f69db38-9a63-40b8-9e1f-9b614d73bb9a,L1,Profile
3f69db38-9a63-40b8-9e1f-9b614d73bb9a,L1,Profile
3f69db38-9a63-40b8-9e1f-9b614d73bb9a,L1,Profile
3f69db38-9a63-40b8-9e1f-9b614d73bb9a,L1,Profile
3f69db38-9a63-40b8-9e1f-9b614d73bb9a,L1,Profile
3f69db38-9a63-40b8-9e1f-9b614d73bb9a,L1,Profile
3f69db38-9a63-40b8-9e1f-9b614d73bb9a,L1,Profile
3f69db38-9a63-40b8-9e1f-9b614d73bb9a,L1,Profile
3f69db38-9a63-40b8-9e1f-9b614d73bb9a,L1,Profile
3f69db38-9a63-40b8-9e1f-9b614d73bb9a,L1,Profile
3f69db38-9a63-40b8-9e1f-9b614d73bb9a,L1,Profile
3f69db38-9a63-40b8-9e1f-9b614d73bb9a,L1,Profile
3f69db38-9a63-40b8-9e1f-9b614d73bb9a,L1,Profile
3f69db38-9a63-40b8-9e1f-9b614d73bb9a,L1,Profile
3f69db38-9a63-40b8-9e1f-9b614d73bb9a,L1,Profile
3f69db38-9a63-40b8-9e1f-9b614d73bb9a,L1,Profile
3f69db38-9a63-40b8-9e1f-9b614d73bb9a,L1,Profile
3f69db38-9a63-40b8-9e1f-9b614d73bb9a,L1,Profile
3f69db38-9a63-40b8-9e1f-9b614d73bb9a,L1,Profile
3f69db38-9a63-40b8-9e1f-9b614d73bb9a,L1,Profile
3f69db38-9a63-40b8-9e1f-9b614d73bb9a,L1,Profile
3f69db38-9a63-40b8-9e1f-9b614d73bb9a,L1,Profile
3f69db38-9a63-40b8-9e1f-9b614d73bb9a,L1,Profile
3f69db38-9a63-40b8-9e1f-9b614d73bb9a,L1,Profile
3f69db38-9a63-40b8-9e1f-9b614d73bb9a,L1,Profile
3f69db38-9a63-40b8-9e1f-9b614d73bb9a,L1,Profile
3f69db38-9a63-40b8-9e1f-9b614d73bb9a,L1,Profile
3f69db38-9a63-40b8-9e1f-9b614d73bb9a,L1,Profile
3f69db38-9a63-40b8-9e1f-9b614d73bb9a,L1,Profile
3f69db38-9a63-40b8-9e1f-9b614d73bb9a,L1,Profile
3f69db38-9a63-40b8-9e1f-9b614d73bb9a,L1,Profile
3f69db38-9a63-40b8-9e1f-9b614d73bb9a,L1,Profile
3f69db38-9a63-40b8-9e1f-9b614d73bb9a,L1,Profile
3f69db38-9a63-40b8-9e1f-9b614d73bb9a,L1,Profile
3f69db38-9a63-40b8-9e1f-9b614d73bb9a,L1,Profile
3f69db38-9a63-40b8-9e1f-9b614d73bb9a,L1,Profile
3f69db38-9a63-40b8-9e1f-9b614d73bb9a,L1,Profile
3f69db38-9a63-40b8-9e1f-9b614d73bb9a,L1,Profile
3f69db38-9a63-40b8-9e1f-9b614d73bb9a,L1,Profile
3f69db38-9a63-40b8-9e1f-9b614d73bb9a,L1,Profile
3f69db38-9a63-40b8-9e1f-9b614d73bb9a,L1,Profile
3f69db38-9a63-40b8-9e1f-9b614d73bb9a,L1,Profile
3f69db38-9a63-40b8-9e1f-9b614d73bb9a,L1,Profile
3f69db38-9a63-40b8-9e1f-9b614d73bb9a,L1,Profile
3f69db38-9a63-40b8-9e1f-9b614d73bb9a,L1,Profile
3f69db38-9a63-40b8-9e1f-9b614d73bb9a,L1,Profile
3f69db38-9a63-40b8-9e1f-9b614d73bb9a,L1,Profile
3f69db38-9a63-40b8-9e1f-9b614d73bb9a,L1,Profile
3f69db38-9a63-40b8-9e1f-9b614d73bb9a,L1,Profile
3f69db38-9a63-40b8-9e1f-9b614d73bb9a,L1,Profile
3f69db38-9a63-40b8-9e1f-9b614d73bb9a,L1,Profile
3f69db38-9a63-40b8-9e1f-9b614d73bb9a,L1,Profile
3f69db38-9a63-40b8-9e1f-9b614d73bb9a,L1,Profile
3f69db38-9a63-40b8-9e1f-9b614d73bb9a,L1,Profile
3f69db38-9a63-40b8-9e1f-9b614d73bb9a,L1,Profile
3f69db38-9a63-40b8-9e1f-9b614d73bb9a,L1,Profile
3f69db38-9a63-40b8-9e1f-9b614d73bb9a,L1,Profile
3f69db38-9a63-40b8-9e1f-9b614d73bb9a,L1,Profile
3f69db38-9a63-40b8-9e1f-9b614d73bb9a,L1,Profile
3f69db38-9a63-40b8-9e1f-9b614d73bb9a,L1,Profile
3f69db38-9a63-40b8-9e1f-9b614d73bb9a,L1,Profile
3f69db38-9a63-40b8-9e1f-9b614d73bb9a,L1,Profile
3f69db38-9a63-40b8-9e1f-9b614d73bb9a,L1,Profile
3f69db38-9a63-40b8-9e1f-9b614d73bb9a,L1,Profile
3f69db38-9a63-40b8-9e1f-9b614d73bb9a,L1,Profile
3f69db38-9a63-40b8-9e1f-9b614d73bb9a,L1,Profile
3f69db38-9a63-40b8-9e1f-9b614d73bb9a,L1,Profile
3f69db38-9a63-40b8-9e1f-9b614d73bb9a,L1,Profile
3f69db38-9a63-40b8-9e1f-9b614d73bb9a,L1,Profile
3f69db38-9a63-40b8-9e1f-9b614d73bb9a,L1,Profile
3f69db38-9a63-40b8-9e1f-9b614d73bb9a,L1,Profile
3f69db38-9a63-40b8-9e1f-9b614d73bb9a,L1,Profile
3f69db38-9a63-40b8-9e1f-9b614d73bb9a,L1,Profile
3f69db38-9a63-40b8-9e1f-9b614d73bb9a,L1,Profile
3f69db38-9a63-40b8-9e1f-9b614d73bb9a,L1,Profile
3f69db38-9a63-40b8-9e1f-9b614d73bb9a,L1,Profile
3f69db38-9a63-40b8-9e1f-9b614d73bb9a,L1,Profile
3f69db38-9a63-40b8-9e1f-9b614d73bb9a,L1,Profile
3f69db38-9a63-40b8-9e1f-9b614d73bb9a,L1,Profile
3f69db38-9a63-40b8-9e1f-9b614d73bb9a,L1,Profile
3f69db38-9a63-40b8-9e1f-9b614d73bb9a,L1,Profile
3f69db38-9a63-40b8-9e1f-9b614d73bb9a,L1,Profile
3f69db38-9a63-40b8-9e1f-9b614d73bb9a,L1,Profile
3f69db38-9a63-40b8-9e1f-9b614d73bb9a,L1,Profile
3f69db38-9a63-40b8-9e1f-9b614d73bb9a,L1,Profile
3f69db38-9a63-40b8-9e1f-9b614d73bb9a,L1,Profile
3f69db38-9a63-40b8-9e1f-9b614d73bb9a,L1,Profile
3f69db38-9a63-40b8-9e1f-9b614d73bb9a,L1,Profile
3f69db38-9a63-40b8-9e1f-9b614d73bb9a,L1,Profile
3f69db38-9a63-40b8-9e1f-9b614d73bb9a,L1,Profile
3f69db38-9a63-40b8-9e1f-9b614d73bb9a,L1,Profile
3f69db38-9a63-40b8-9e1f-9b614d73bb9a,L1,Profile
3f69db38-9a63-40b8-9e1f-9b614d73bb9a,L1,Profile
3f69db38-9a63-40b8-9e1f-9b614d73bb9a,L1,Profile
3f69db38-9a63-40b8-9e1f-9b614d73bb9a,L1,Profile
3f69db38-9a63-40b8-9e1f-9b614d73bb9a,L1,Profile
3f69db38-9a63-40b8-9e1f-9b614d73bb9a,L1,Profile
3f69db38-9a63-40b8-9e1f-9b614d73bb9a,L1,Profile
3f69db38-9a63-40b8-9e1f-9b614d73bb9a,L1,Profile
3f69db38-9a63-40b8-9e1f-9b614d73bb9a,L1,Profile
3f69db38-9a63-40b8-9e1f-9b614d73bb9a,L1,Profile
3f69db38-9a63-40b8-9e1f-9b614d73bb9a,L1,Profile
3f69db38-9a63-40b8-9e1f-9b614d73bb9a,L1,Profile
3f69db38-9a63-40b8-9e1f-9b614d73bb9a,L1,Profile
3f69db38-9a63-40b8-9e1f-9b614d73bb9a,L1,Profile
3f69db38-9a63-40b8-9e1f-9b614d73bb9a,L1,Profile
3f69db38-9a63-40b8-9e1f-9b614d73bb9a,L1,Profile
3f69db38-9a63-40b8-9e1f-9b614d73bb9a,L1,Profile
3f69db38-9a63-40b8-9e1f-9b614d73bb9a,L1,Profile
3f69db38-9a63-40b8-9e1f-9b614d73bb9a,L1,Profile
3f69db38-9a63-40b8-9e1f-9b614d73bb9a,L1,Profile
3f69db38-9a63-40b8-9e1f-9b614d73bb9a,L1,Profile
3f69db38-9a63-40b8-9e1f-9b614d73bb9a,L1,Profile
3f69db38-9a63-40b8-9e1f-9b614d73bb9a,L1,Profile
3f69db38-9a63-40b8-9e1f-9b614d73bb9a,L1,Profile
3f69db38-9a63-40b8-9e1f-9b614d73bb9a,L1,Profile
3f69db38-9a63-40b8-9e1f-9b614d73bb9a,L1,Profile
3f69db38-9a63-40b8-9e1f-9b614d73bb9a,L1,Profile
3f69db38-9a63-40b8-9e1f-9b614d73bb9a,L1,Profile
3f69db38-9a63-40b8-9e1f-9b614d73bb9a,L1,Profile
3f69db38-9a63-40b8-9e1f-9b614d73bb9a,L1,Profile
3f69db38-9a63-40b8-9e1f-9b614d73bb9a,L1,Profile
3f69db38-9a63-40b8-9e1f-9b614d73bb9a,L1,Profile
3f69db38-9a63-40b8-9e1f-9b614d73bb9a,L1,Profile
3f69db38-9a63-40b8-9e1f-9b614d73bb9a,L1,Profile
3f69db38-9a63-40b8-9e1f-9b614d73bb9a,L1,Profile
3f69db38-9a63-40b8-9e1f-9b614d73bb9a,L1,Profile
3f69db38-9a63-40b8-9e1f-9b614d73bb9a,L1,Profile
3f69db38-9a63-40b8-9e1f-9b614d73bb9a,L1,Profile
3f69db38-9a63-40b8-9e1f-9b614d73bb9a,L1,Profile
3f69db38-9a63-40b8-9e1f-9b614d73bb9a,L1,Profile
3f69db38-9a63-40b8-9e1f-9b614d73bb9a,L1,Profile
3f69db38-9a63-40b8-9e1f-9b614d73bb9a,L1,Profile
3f69db38-9a63-40b8-9e1f-9b614d73bb9a,L1,Profile
3f69db38-9a63-40b8-9e1f-9b614d73bb9a,L1,Profile
3f69db38-9a63-40b8-9e1f-9b614d73bb9a,L1,Profile
3f69db38-9a63-40b8-9e1f-9b614d73bb9a,L1,Profile
3f69db38-9a63-40b8-9e1f-9b614d73bb9a,L1,Profile
3f69db38-9a63-40b8-9e1f-9b614d73bb9a,L1,Profile
3f69db38-9a63-40b8-9e1f-9b614d73bb9a,L1,Profile
3f69db38-9a63-40b8-9e1f-9b614d73bb9a,L1,Profile
3f69db38-9a63-40b8-9e1f-9b614d73bb9a,L1,Profile
3f69db38-9a63-40b8-9e1f-9b614d73bb9a,L1,Profile
3f69db38-9a63-40b8-9e1f-9b614d73bb9a,L1,Profile
3f69db38-9a63-40b8-9e1f-9b614d73bb9a,L1,Profile
3f69db38-9a63-40b8-9e1f-9b614d73bb9a,L1,Profile
3f69db38-9a63-40b8-9e1f-9b614d73bb9a,L1,Profile
3f69db38-9a63-40b8-9e1f-9b614d73bb9a,L1,Profile
3f69db38-9a63-40b8-9e1f-9b614d73bb9a,L1,Profile
3f69db38-9a63-40b8-9e1f-9b614d73bb9a,L1,Profile
3f69db38-9a63-40b8-9e1f-9b614d73bb9a,L1,Profile
3f69db38-9a63-40b8-9e1f-9b614d73bb9a,L1,Profile
3f69db38-9a63-40b8-9e1f-9b614d73bb9a,L1,Profile
3f69db38-9a63-40b8-9e1f-9b614d73bb9a,L1,Profile
3f69db38-9a63-40b8-9e1f-9b614d73bb9a,L1,Profile
3f69db38-9a63-40b8-9e1f-9b614d73bb9a,L1,Profile
3f69db38-9a63-40b8-9e1f-9b614d73bb9a,L1,Profile
3f69db38-9a63-40b8-9e1f-9b614d73bb9a,L1,Profile
3f69db38-9a63-40b8-9e1f-9b614d73bb9a,L1,Profile
3f69db38-9a63-40b8-9e1f-9b614d73bb9a,L1,Profile
3f69db38-9a63-40b8-9e1f-9b614d73bb9a,L1,Profile
3f69db38-9a63-40b8-9e1f-9b614d73bb9a,L1,Profile
3f69db38-9a63-40b8-9e1f-9b614d73bb9a,L1,Profile
3f69db38-9a63-40b8-9e1f-9b614d73bb9a,L1,Profile
3f69db38-9a63-40b8-9e1f-9b614d73bb9a,L1,Profile
3f69db38-9a63-40b8-9e1f-9b614d73bb9a,L1,Profile
3f69db38-9a63-40b8-9e1f-9b614d73bb9a,L1,Profile
3f69db38-9a63-40b8-9e1f-9b614d73bb9a,L1,Profile
3f69db38-9a63-40b8-9e1f-9b614d73bb9a,L1,Profile
3f69db38-9a63-40b8-9e1f-9b614d73bb9a,L1,Profile
3f69db38-9a63-40b8-9e1f-9b614d73bb9a,L1,Profile
3f69db38-9a63-40b8-9e1f-9b614d73bb9a,L1,Profile
3f69db38-9a63-40b8-9e1f-9b614d73bb9a,L1,Profile
3f69db38-9a63-40b8-9e1f-9b614d73bb9a,L1,Profile
3f69db38-9a63-40b8-9e1f-9b614d73bb9a,L1,Profile
3f69db38-9a63-40b8-9e1f-9b614d73bb9a,L1,Profile
3f69db38-9a63-40b8-9e1f-9b614d73bb9a,L1,Profile
3f69db38-9a63-40b8-9e1f-9b614d73bb9a,L1,Profile
3f69db38-9a63-40b8-9e1f-9b614d73bb9a,L1,Profile
3f69db38-9a63-40b8-9e1f-9b614d73bb9a,L1,Profile
3f69db38-9a63-40b8-9e1f-9b614d73bb9a,L1,Profile
3f69db38-9a63-40b8-9e1f-9b614d73bb9a,L1,Profile
3f69db38-9a63-40b8-9e1f-9b614d73bb9a,L1,Profile
3f69db38-9a63-40b8-9e1f-9b614d73bb9a,L1,Profile
3f69db38-9a63-40b8-9e1f-9b614d73bb9a,L1,Profile
3f69db38-9a63-40b8-9e1f-9b614d73bb9a,L1,Profile
3f69db38-9a63-40b8-9e1f-9b614d73bb9a,L1,Profile
3f69db38-9a63-40b8-9e1f-9b614d73bb9a,L1,Profile
3f69db38-9a63-40b8-9e1f-9b614d73bb9a,L1,Profile
3f69db38-9a63-40b8-9e1f-9b614d73bb9a,L1,Profile
3f69db38-9a63-40b8-9e1f-9b614d73bb9a,L1,Profile
3f69db38-9a63-40b8-9e1f-9b614d73bb9a,L1,Profile
3f69db38-9a63-40b8-9e1f-9b614d73bb9a,L1,Profile
3f69db38-9a63-40b8-9e1f-9b614d73bb9a,L1,Profile
3f69db38-9a63-40b8-9e1f-9b614d73bb9a,L1,Profile
3f69db38-9a63-40b8-9e1f-9b614d73bb9a,L1,Profile
3f69db38-9a63-40b8-9e1f-9b614d73bb9a,L1,Profile
3f69db38-9a63-40b8-9e1f-9b614d73bb9a,L1,Profile
3f69db38-9a63-40b8-9e1f-9b614d73bb9a,L1,Profile
3f69db38-9a63-40b8-9e1f-9b614d73bb9a,L1,Profile
3f69db38-9a63-40b8-9e1f-9b614d73bb9a,L1,Profile
3f69db38-9a63-40b8-9e1f-9b614d73bb9a,L1,Profile
3f69db38-9a63-40b8-9e1f-9b614d73bb9a,L1,Profile
3f69db38-9a63-40b8-9e1f-9b614d73bb9a,L1,Profile
3f69db38-9a63-40b8-9e1f-9b614d73bb9a,L1,Profile
3f69db38-9a63-40b8-9e1f-9b614d73bb9a,L1,Profile
3f69db38-9a63-40b8-9e1f-9b614d73bb9a,L1,Profile
3f69db38-9a63-40b8-9e1f-9b614d73bb9a,L1,Profile
3f69db38-9a63-40b8-9e1f-9b614d73bb9a,L1,Profile
3f69db38-9a63-40b8-9e1f-9b614d73bb9a,L1,Profile
3f69db38-9a63-40b8-9e1f-9b614d73bb9a,L1,Profile
3f69db38-9a63-40b8-9e1f-9b614d73bb9a,L1,Profile
3f69db38-9a63-40b8-9e1f-9b614d73bb9a,L1,Profile
3f69db38-9a63-40b8-9e1f-9b614d73bb9a,L1,Profile
3f69db38-9a63-40b8-9e1f-9b614d73bb9a,L1,Profile
3f69db38-9a63-40b8-9e1f-9b614d73bb9a,L1,Profile
3f69db38-9a63-40b8-9e1f-9b614d73bb9a,L1,Profile
3f69db38-9a63-40b8-9e1f-9b614d73bb9a,L1,Profile
3f69db38-9a63-40b8-9e1f-9b614d73bb9a,L1,Profile
3f69db38-9a63-40b8-9e1f-9b614d73bb9a,L1,Profile
3f69db38-9a63-40b8-9e1f-9b614d73bb9a,L1,Profile
3f69db38-9a63-40b8-9e1f-9b614d73bb9a,L1,Profile
3f69db38-9a63-40b8-9e1f-9b614d73bb9a,L1,Profile
3f69db38-9a63-40b8-9e1f-9b614d73bb9a,L1,Profile
3f69db38-9a63-40b8-9e1f-9b614d73bb9a,L1,Profile
3f69db38-9a63-40b8-9e1f-9b614d73bb9a,L1,Profile
3f69db38-9a63-40b8-9e1f-9b614d73bb9a,L1,Profile
3f69db38-9a63-40b8-9e1f-9b614d73bb9a,L1,Profile
3f69db38-9a63-40b8-9e1f-9b614d73bb9a,L1,Profile
3f69db38-9a63-40b8-9e1f-9b614d73bb9a,L1,Profile
3f69db38-9a63-40b8-9e1f-9b614d73bb9a,L1,Profile
3f69db38-9a63-40b8-9e1f-9b614d73bb9a,L1,Profile
3f69db38-9a63-40b8-9e1f-9b614d73bb9a,L1,Profile
3f69db38-9a63-40b8-9e1f-9b614d73bb9a,L1,Profile
3f69db38-9a63-40b8-9e1f-9b614d73bb9a,L1,Profile
3f69db38-9a63-40b8-9e1f-9b614d73bb9a,L1,Profile
3f69db38-9a63-40b8-9e1f-9b614d73bb9a,L1,Profile
3f69db38-9a63-40b8-9e1f-9b614d73bb9a,L1,Profile
3f69db38-9a63-40b8-9e1f-9b614d73bb9a,L1,Profile
3f69db38-9a63-40b8-9e1f-9b614d73bb9a,L1,Profile
3f69db38-9a63-40b8-9e1f-9b614d73bb9a,L1,Profile
3f69db38-9a63-40b8-9e1f-9b614d73bb9a,L1,Profile
3f69db38-9a63-40b8-9e1f-9b614d73bb9a,L1,Profile
3f69db38-9a63-40b8-9e1f-9b614d73bb9a,L1,Profile
3f69db38-9a63-40b8-9e1f-9b614d73bb9a,L1,Profile
3f69db38-9a63-40b8-9e1f-9b614d73bb9a,L1,Profile
3f69db38-9a63-40b8-9e1f-9b614d73bb9a,L1,Profile
3f69db38-9a63-40b8-9e1f-9b614d73bb9a,L1,Profile
3f69db38-9a63-40b8-9e1f-9b614d73bb9a,L1,Profile
3f69db38-9a63-40b8-9e1f-9b614d73bb9a,L1,Profile
3f69db38-9a63-40b8-9e1f-9b614d73bb9a,L1,Profile
3f69db38-9a63-40b8-9e1f-9b614d73bb9a,L1,Profile
3f69db38-9a63-40b8-9e1f-9b614d73bb9a,L1,Profile
3f69db38-9a63-40b8-9e1f-9b614d73bb9a,L1,Profile
3f69db38-9a63-40b8-9e1f-9b614d73bb9a,L1,Profile
3f69db38-9a63-40b8-9e1f-9b614d73bb9a,L1,Profile
3f69db38-9a63-40b8-9e1f-9b614d73bb9a,L1,Profile
3f69db38-9a63-40b8-9e1f-9b614d73bb9a,L1,Profile
3f69db38-9a63-40b8-9e1f-9b614d73bb9a,L1,Profile
3f69db38-9a63-40b8-9e1f-9b614d73bb9a,L1,Profile
3f69db38-9a63-40b8-9e1f-9b614d73bb9a,L1,Profile
3f69db38-9a63-40b8-9e1f-9b614d73bb9a,L1,Profile
3f69db38-9a63-40b8-9e1f-9b614d73bb9a,L1,Profile
3f69db38-9a63-40b8-9e1f-9b614d73bb9a,L1,Profile
3f69db38-9a63-40b8-9e1f-9b614d73bb9a,L1,Profile
3f69db38-9a63-40b8-9e1f-9b614d73bb9a,L1,Profile
3f69db38-9a63-40b8-9e1f-9b614d73bb9a,L1,Profile
3f69db38-9a63-40b8-9e1f-9b614d73bb9a,L1,Profile
3f69db38-9a63-40b8-9e1f-9b614d73bb9a,L1,Profile
3f69db38-9a63-40b8-9e1f-9b614d73bb9a,L1,Profile
3f69db38-9a63-40b8-9e1f-9b614d73bb9a,L1,Profile
3f69db38-9a63-40b8-9e1f-9b614d73bb9a,L1,Profile
3f69db38-9a63-40b8-9e1f-9b614d73bb9a,L1,Profile
3f69db38-9a63-40b8-9e1f-9b614d73bb9a,L1,Profile
3f69db38-9a63-40b8-9e1f-9b614d73bb9a,L1,Profile
3f69db38-9a63-40b8-9e1f-9b614d73bb9a,L1,Profile
3f69db38-9a63-40b8-9e1f-9b614d73bb9a,L1,Profile
3f69db38-9a63-40b8-9e1f-9b614d73bb9a,L1,Profile
3f69db38-9a63-40b8-9e1f-9b614d73bb9a,L1,Profile
3f69db38-9a63-40b8-9e1f-9b614d73bb9a,L1,Profile
3f69db38-9a63-40b8-9e1f-9b614d73bb9a,L1,Profile
3f69db38-9a63-40b8-9e1f-9b614d73bb9a,L1,Profile
3f69db38-9a63-40b8-9e1f-9b614d73bb9a,L1,Profile
3f69db38-9a63-40b8-9e1f-9b614d73bb9a,L1,Profile
3f69db38-9a63-40b8-9e1f-9b614d73bb9a,L1,Profile
3f69db38-9a63-40b8-9e1f-9b614d73bb9a,L1,Profile
3f69db38-9a63-40b8-9e1f-9b614d73bb9a,L1,Profile
3f69db38-9a63-40b8-9e1f-9b614d73bb9a,L1,Profile
3f69db38-9a63-40b8-9e1f-9b614d73bb9a,L1,Profile
3f69db38-9a63-40b8-9e1f-9b614d73bb9a,L1,Profile
3f69db38-9a63-40b8-9e1f-9b614d73bb9a,L1,Profile
3f69db38-9a63-40b8-9e1f-9b614d73bb9a,L1,Profile
3f69db38-9a63-40b8-9e1f-9b614d73bb9a,L1,Profile
3f69db38-9a63-40b8-9e1f-9b614d73bb9a,L1,Profile
3f69db38-9a63-40b8-9e1f-9b614d73bb9a,L1,Profile
3f69db38-9a63-40b8-9e1f-9b614d73bb9a,L1,Profile
3f69db38-9a63-40b8-9e1f-9b614d73bb9a,L1,Profile
3f69db38-9a63-40b8-9e1f-9b614d73bb9a,L1,Profile
3f69db38-9a63-40b8-9e1f-9b614d73bb9a,L1,Profile
3f69db38-9a63-40b8-9e1f-9b614d73bb9a,L1,Profile
3f69db38-9a63-40b8-9e1f-9b614d73bb9a,L1,Profile
3f69db38-9a63-40b8-9e1f-9b614d73bb9a,L1,Profile
3f69db38-9a63-40b8-9e1f-9b614d73bb9a,L1,Profile
3f69db38-9a63-40b8-9e1f-9b614d73bb9a,L1,Profile
3f69db38-9a63-40b8-9e1f-9b614d73bb9a,L1,Profile
3f69db38-9a63-40b8-9e1f-9b614d73bb9a,L1,Profile
3f69db38-9a63-40b8-9e1f-9b614d73bb9a,L1,Profile
3f69db38-9a63-40b8-9e1f-9b614d73bb9a,L1,Profile
3f69db38-9a63-40b8-9e1f-9b614d73bb9a,L1,Profile
3f69db38-9a63-40b8-9e1f-9b614d73bb9a,L1,Profile
3f69db38-9a63-40b8-9e1f-9b614d73bb9a,L1,Profile
3f69db38-9a63-40b8-9e1f-9b614d73bb9a,L1,Profile
3f69db38-9a63-40b8-9e1f-9b614d73bb9a,L1,Profile
3f69db38-9a63-40b8-9e1f-9b614d73bb9a,L1,Profile
3f69db38-9a63-40b8-9e1f-9b614d73bb9a,L1,Profile
3f69db38-9a63-40b8-9e1f-9b614d73bb9a,L1,Profile
3f69db38-9a63-40b8-9e1f-9b614d73bb9a,L1,Profile
3f69db38-9a63-40b8-9e1f-9b614d73bb9a,L1,Profile
3f69db38-9a63-40b8-9e1f-9b614d73bb9a,L1,Profile
3f69db38-9a63-40b8-9e1f-9b614d73bb9a,L1,Profile
3f69db38-9a63-40b8-9e1f-9b614d73bb9a,L1,Profile
3f69db38-9a63-40b8-9e1f-9b614d73bb9a,L1,Profile
3f69db38-9a63-40b8-9e1f-9b614d73bb9a,L1,Profile
3f69db38-9a63-40b8-9e1f-9b614d73bb9a,L1,Profile
3f69db38-9a63-40b8-9e1f-9b614d73bb9a,L1,Profile
3f69db38-9a63-40b8-9e1f-9b614d73bb9a,L1,Profile
3f69db38-9a63-40b8-9e1f-9b614d73bb9a,L1,Profile
3f69db38-9a63-40b8-9e1f-9b614d73bb9a,L1,Profile
3f69db38-9a63-40b8-9e1f-9b614d73bb9a,L1,Profile
3f69db38-9a63-40b8-9e1f-9b614d73bb9a,L1,Profile
3f69db38-9a63-40b8-9e1f-9b614d73bb9a,L1,Profile
3f69db38-9a63-40b8-9e1f-9b614d73bb9a,L1,Profile
3f69db38-9a63-40b8-9e1f-9b614d73bb9a,L1,Profile
3f69db38-9a63-40b8-9e1f-9b614d73bb9a,L1,Profile
3f69db38-9a63-40b8-9e1f-9b614d73bb9a,L1,Profile
3f69db38-9a63-40b8-9e1f-9b614d73bb9a,L1,Profile
3f69db38-9a63-40b8-9e1f-9b614d73bb9a,L1,Profile
3f69db38-9a63-40b8-9e1f-9b614d73bb9a,L1,Profile
3f69db38-9a63-40b8-9e1f-9b614d73bb9a,L1,Profile
3f69db38-9a63-40b8-9e1f-9b614d73bb9a,L1,Profile
3f69db38-9a63-40b8-9e1f-9b614d73bb9a,L1,Profile
3f69db38-9a63-40b8-9e1f-9b614d73bb9a,L1,Profile
3f69db38-9a63-40b8-9e1f-9b614d73bb9a,L1,Profile
3f69db38-9a63-40b8-9e1f-9b614d73bb9a,L1,Profile
3f69db38-9a63-40b8-9e1f-9b614d73bb9a,L1,Profile
3f69db38-9a63-40b8-9e1f-9b614d73bb9a,L1,Profile
3f69db38-9a63-40b8-9e1f-9b614d73bb9a,L1,Profile
3f69db38-9a63-40b8-9e1f-9b614d73bb9a,L1,Profile
3f69db38-9a63-40b8-9e1f-9b614d73bb9a,L1,Profile
3f69db38-9a63-40b8-9e1f-9b614d73bb9a,L1,Profile
3f69db38-9a63-40b8-9e1f-9b614d73bb9a,L1,Profile
3f69db38-9a63-40b8-9e1f-9b614d73bb9a,L1,Profile
3f69db38-9a63-40b8-9e1f-9b614d73bb9a,L1,Profile
3f69db38-9a63-40b8-9e1f-9b614d73bb9a,L1,Profile
3f69db38-9a63-40b8-9e1f-9b614d73bb9a,L1,Profile
3f69db38-9a63-40b8-9e1f-9b614d73bb9a,L1,Profile
3f69db38-9a63-40b8-9e1f-9b614d73bb9a,L1,Profile
3f69db38-9a63-40b8-9e1f-9b614d73bb9a,L1,Profile
3f69db38-9a63-40b8-9e1f-9b614d73bb9a,L1,Profile
3f69db38-9a63-40b8-9e1f-9b614d73bb9a,L1,Profile
3f69db38-9a63-40b8-9e1f-9b614d73bb9a,L1,Profile
3f69db38-9a63-40b8-9e1f-9b614d73bb9a,L1,Profile
3f69db38-9a63-40b8-9e1f-9b614d73bb9a,L1,Profile
3f69db38-9a63-40b8-9e1f-9b614d73bb9a,L1,Profile
3f69db38-9a63-40b8-9e1f-9b614d73bb9a,L1,Profile
3f69db38-9a63-40b8-9e1f-9b614d73bb9a,L1,Profile
3f69db38-9a63-40b8-9e1f-9b614d73bb9a,L1,Profile
3f69db38-9a63-40b8-9e1f-9b614d73bb9a,L1,Profile
3f69db38-9a63-40b8-9e1f-9b614d73bb9a,L1,Profile
3f69db38-9a63-40b8-9e1f-9b614d73bb9a,L1,Profile
3f69db38-9a63-40b8-9e1f-9b614d73bb9a,L1,Profile
3f69db38-9a63-40b8-9e1f-9b614d73bb9a,L1,Profile
3f69db38-9a63-40b8-9e1f-9b614d73bb9a,L1,Profile
3f69db38-9a63-40b8-9e1f-9b614d73bb9a,L1,Profile
3f69db38-9a63-40b8-9e1f-9b614d73bb9a,L1,Profile
3f69db38-9a63-40b8-9e1f-9b614d73bb9a,L1,Profile
3f69db38-9a63-40b8-9e1f-9b614d73bb9a,L1,Profile
3f69db38-9a63-40b8-9e1f-9b614d73bb9a,L1,Profile
3f69db38-9a63-40b8-9e1f-9b614d73bb9a,L1,Profile
3f69db38-9a63-40b8-9e1f-9b614d73bb9a,L1,Profile
3f69db38-9a63-40b8-9e1f-9b614d73bb9a,L1,Profile
3f69db38-9a63-40b8-9e1f-9b614d73bb9a,L1,Profile
3f69db38-9a63-40b8-9e1f-9b614d73bb9a,L1,Profile
3f69db38-9a63-40b8-9e1f-9b614d73bb9a,L1,Profile
3f69db38-9a63-40b8-9e1f-9b614d73bb9a,L1,Profile
3f69db38-9a63-40b8-9e1f-9b614d73bb9a,L1,Profile
3f69db38-9a63-40b8-9e1f-9b614d73bb9a,L1,Profile
3f69db38-9a63-40b8-9e1f-9b614d73bb9a,L1,Profile
3f69db38-9a63-40b8-9e1f-9b614d73bb9a,L1,Profile
3f69db38-9a63-40b8-9e1f-9b614d73bb9a,L1,Profile
3f69db38-9a63-40b8-9e1f-9b614d73bb9a,L1,Profile
3f69db38-9a63-40b8-9e1f-9b614d73bb9a,L1,Profile
3f69db38-9a63-40b8-9e1f-9b614d73bb9a,L1,Profile
3f69db38-9a63-40b8-9e1f-9b614d73bb9a,L1,Profile
3f69db38-9a63-40b8-9e1f-9b614d73bb9a,L1,Profile
3f69db38-9a63-40b8-9e1f-9b614d73bb9a,L1,Profile
3f69db38-9a63-40b8-9e1f-9b614d73bb9a,L1,Profile
3f69db38-9a63-40b8-9e1f-9b614d73bb9a,L1,Profile
3f69db38-9a63-40b8-9e1f-9b614d73bb9a,L1,Profile
3f69db38-9a63-40b8-9e1f-9b614d73bb9a,L1,Profile
3f69db38-9a63-40b8-9e1f-9b614d73bb9a,L1,Profile
3f69db38-9a63-40b8-9e1f-9b614d73bb9a,L1,Profile
3f69db38-9a63-40b8-9e1f-9b614d73bb9a,L1,Profile
3f69db38-9a63-40b8-9e1f-9b614d73bb9a,L1,Profile
3f69db38-9a63-40b8-9e1f-9b614d73bb9a,L1,Profile
3f69db38-9a63-40b8-9e1f-9b614d73bb9a,L1,Profile
3f69db38-9a63-40b8-9e1f-9b614d73bb9a,L1,Profile
3f69db38-9a63-40b8-9e1f-9b614d73bb9a,L1,Profile
3f69db38-9a63-40b8-9e1f-9b614d73bb9a,L1,Profile
3f69db38-9a63-40b8-9e1f-9b614d73bb9a,L1,Profile
3f69db38-9a63-40b8-9e1f-9b614d73bb9a,L1,Profile
3f69db38-9a63-40b8-9e1f-9b614d73bb9a,L1,Profile
3f69db38-9a63-40b8-9e1f-9b614d73bb9a,L1,Profile
3f69db38-9a63-40b8-9e1f-9b614d73bb9a,L1,Profile
3f69db38-9a63-40b8-9e1f-9b614d73bb9a,L1,Profile
3f69db38-9a63-40b8-9e1f-9b614d73bb9a,L1,Profile
3f69db38-9a63-40b8-9e1f-9b614d73bb9a,L1,Profile
3f69db38-9a63-40b8-9e1f-9b614d73bb9a,L1,Profile
3f69db38-9a63-40b8-9e1f-9b614d73bb9a,L1,Profile
3f69db38-9a63-40b8-9e1f-9b614d73bb9a,L1,Profile
3f69db38-9a63-40b8-9e1f-9b614d73bb9a,L1,Profile
3f69db38-9a63-40b8-9e1f-9b614d73bb9a,L1,Profile
3f69db38-9a63-40b8-9e1f-9b614d73bb9a,L1,Profile
3f69db38-9a63-40b8-9e1f-9b614d73bb9a,L1,Profile
3f69db38-9a63-40b8-9e1f-9b614d73bb9a,L1,Profile
3f69db38-9a63-40b8-9e1f-9b614d73bb9a,L1,Profile
3f69db38-9a63-40b8-9e1f-9b614d73bb9a,L1,Profile
3f69db38-9a63-40b8-9e1f-9b614d73bb9a,L1,Profile
3f69db38-9a63-40b8-9e1f-9b614d73bb9a,L1,Profile
3f69db38-9a63-40b8-9e1f-9b614d73bb9a,L1,Profile
3f69db38-9a63-40b8-9e1f-9b614d73bb9a,L1,Profile
3f69db38-9a63-40b8-9e1f-9b614d73bb9a,L1,Profile
3f69db38-9a63-40b8-9e1f-9b614d73bb9a,L1,Profile
3f69db38-9a63-40b8-9e1f-9b614d73bb9a,L1,Profile
3f69db38-9a63-40b8-9e1f-9b614d73bb9a,L1,Profile
3f69db38-9a63-40b8-9e1f-9b614d73bb9a,L1,Profile
3f69db38-9a63-40b8-9e1f-9b614d73bb9a,L1,Profile
3f69db38-9a63-40b8-9e1f-9b614d73bb9a,L1,Profile
3f69db38-9a63-40b8-9e1f-9b614d73bb9a,L1,Profile
3f69db38-9a63-40b8-9e1f-9b614d73bb9a,L1,Profile
3f69db38-9a63-40b8-9e1f-9b614d73bb9a,L1,Profile
3f69db38-9a63-40b8-9e1f-9b614d73bb9a,L1,Profile
3f69db38-9a63-40b8-9e1f-9b614d73bb9a,L1,Profile
3f69db38-9a63-40b8-9e1f-9b614d73bb9a,L1,Profile
3f69db38-9a63-40b8-9e1f-9b614d73bb9a,L1,Profile
3f69db38-9a63-40b8-9e1f-9b614d73bb9a,L1,Profile
3f69db38-9a63-40b8-9e1f-9b614d73bb9a,L1,Profile
3f69db38-9a63-40b8-9e1f-9b614d73bb9a,L1,Profile
3f69db38-9a63-40b8-9e1f-9b614d73bb9a,L1,Profile
3f69db38-9a63-40b8-9e1f-9b614d73bb9a,L1,Profile
3f69db38-9a63-40b8-9e1f-9b614d73bb9a,L1,Profile
3f69db38-9a63-40b8-9e1f-9b614d73bb9a,L1,Profile
3f69db38-9a63-40b8-9e1f-9b614d73bb9a,L1,Profile
3f69db38-9a63-40b8-9e1f-9b614d73bb9a,L1,Profile
3f69db38-9a63-40b8-9e1f-9b614d73bb9a,L1,Profile
3f69db38-9a63-40b8-9e1f-9b614d73bb9a,L1,Profile
3f69db38-9a63-40b8-9e1f-9b614d73bb9a,L1,Profile
3f69db38-9a63-40b8-9e1f-9b614d73bb9a,L1,Profile
3f69db38-9a63-40b8-9e1f-9b614d73bb9a,L1,Profile
3f69db38-9a63-40b8-9e1f-9b614d73bb9a,L1,Profile
3f69db38-9a63-40b8-9e1f-9b614d73bb9a,L1,Profile
3f69db38-9a63-40b8-9e1f-9b614d73bb9a,L1,Profile
3f69db38-9a63-40b8-9e1f-9b614d73bb9a,L1,Profile
3f69db38-9a63-40b8-9e1f-9b614d73bb9a,L1,Profile
3f69db38-9a63-40b8-9e1f-9b614d73bb9a,L1,Profile
3f69db38-9a63-40b8-9e1f-9b614d73bb9a,L1,Profile
3f69db38-9a63-40b8-9e1f-9b614d73bb9a,L1,Profile
3f69db38-9a63-40b8-9e1f-9b614d73bb9a,L1,Profile
3f69db38-9a63-40b8-9e1f-9b614d73bb9a,L1,Profile
3f69db38-9a63-40b8-9e1f-9b614d73bb9a,L1,Profile
3f69db38-9a63-40b8-9e1f-9b614d73bb9a,L1,Profile
3f69db38-9a63-40b8-9e1f-9b614d73bb9a,L1,Profile
3f69db38-9a63-40b8-9e1f-9b614d73bb9a,L1,Profile
3f69db38-9a63-40b8-9e1f-9b614d73bb9a,L1,Profile
3f69db38-9a63-40b8-9e1f-9b614d73bb9a,L1,Profile
3f69db38-9a63-40b8-9e1f-9b614d73bb9a,L1,Profile
3f69db38-9a63-40b8-9e1f-9b614d73bb9a,L1,Profile
3f69db38-9a63-40b8-9e1f-9b614d73bb9a,L1,Profile
3f69db38-9a63-40b8-9e1f-9b614d73bb9a,L1,Profile
3f69db38-9a63-40b8-9e1f-9b614d73bb9a,L1,Profile
3f69db38-9a63-40b8-9e1f-9b614d73bb9a,L1,Profile
3f69db38-9a63-40b8-9e1f-9b614d73bb9a,L1,Profile
3f69db38-9a63-40b8-9e1f-9b614d73bb9a,L1,Profile
3f69db38-9a63-40b8-9e1f-9b614d73bb9a,L1,Profile
3f69db38-9a63-40b8-9e1f-9b614d73bb9a,L1,Profile
3f69db38-9a63-40b8-9e1f-9b614d73bb9a,L1,Profile
3f69db38-9a63-40b8-9e1f-9b614d73bb9a,L1,Profile
3f69db38-9a63-40b8-9e1f-9b614d73bb9a,L1,Profile
3f69db38-9a63-40b8-9e1f-9b614d73bb9a,L1,Profile
3f69db38-9a63-40b8-9e1f-9b614d73bb9a,L1,Profile
3f69db38-9a63-40b8-9e1f-9b614d73bb9a,L1,Profile
3f69db38-9a63-40b8-9e1f-9b614d73bb9a,L1,Profile
3f69db38-9a63-40b8-9e1f-9b614d73bb9a,L1,Profile
3f69db38-9a63-40b8-9e1f-9b614d73bb9a,L1,Profile
3f69db38-9a63-40b8-9e1f-9b614d73bb9a,L1,Profile
3f69db38-9a63-40b8-9e1f-9b614d73bb9a,L1,Profile
3f69db38-9a63-40b8-9e1f-9b614d73bb9a,L1,Profile
3f69db38-9a63-40b8-9e1f-9b614d73bb9a,L1,Profile
3f69db38-9a63-40b8-9e1f-9b614d73bb9a,L1,Profile
3f69db38-9a63-40b8-9e1f-9b614d73bb9a,L1,Profile
3f69db38-9a63-40b8-9e1f-9b614d73bb9a,L1,Profile
3f69db38-9a63-40b8-9e1f-9b614d73bb9a,L1,Profile
3f69db38-9a63-40b8-9e1f-9b614d73bb9a,L1,Profile
3f69db38-9a63-40b8-9e1f-9b614d73bb9a,L1,Profile
3f69db38-9a63-40b8-9e1f-9b614d73bb9a,L1,Profile
3f69db38-9a63-40b8-9e1f-9b614d73bb9a,L1,Profile
3f69db38-9a63-40b8-9e1f-9b614d73bb9a,L1,Profile
3f69db38-9a63-40b8-9e1f-9b614d73bb9a,L1,Profile
3f69db38-9a63-40b8-9e1f-9b614d73bb9a,L1,Profile
3f69db38-9a63-40b8-9e1f-9b614d73bb9a,L1,Profile
3f69db38-9a63-40b8-9e1f-9b614d73bb9a,L1,Profile
3f69db38-9a63-40b8-9e1f-9b614d73bb9a,L1,Profile
3f69db38-9a63-40b8-9e1f-9b614d73bb9a,L1,Profile
3f69db38-9a63-40b8-9e1f-9b614d73bb9a,L1,Profile
3f69db38-9a63-40b8-9e1f-9b614d73bb9a,L1,Profile
3f69db38-9a63-40b8-9e1f-9b614d73bb9a,L1,Profile
3f69db38-9a63-40b8-9e1f-9b614d73bb9a,L1,Profile
3f69db38-9a63-40b8-9e1f-9b614d73bb9a,L1,Profile
3f69db38-9a63-40b8-9e1f-9b614d73bb9a,L1,Profile
3f69db38-9a63-40b8-9e1f-9b614d73bb9a,L1,Profile
3f69db38-9a63-40b8-9e1f-9b614d73bb9a,L1,Profile
3f69db38-9a63-40b8-9e1f-9b614d73bb9a,L1,Profile
3f69db38-9a63-40b8-9e1f-9b614d73bb9a,L1,Profile
3f69db38-9a63-40b8-9e1f-9b614d73bb9a,L1,Profile
3f69db38-9a63-40b8-9e1f-9b614d73bb9a,L1,Profile
3f69db38-9a63-40b8-9e1f-9b614d73bb9a,L1,Profile
3f69db38-9a63-40b8-9e1f-9b614d73bb9a,L1,Profile
3f69db38-9a63-40b8-9e1f-9b614d73bb9a,L1,Profile
3f69db38-9a63-40b8-9e1f-9b614d73bb9a,L1,Profile
3f69db38-9a63-40b8-9e1f-9b614d73bb9a,L1,Profile
3f69db38-9a63-40b8-9e1f-9b614d73bb9a,L1,Profile
3f69db38-9a63-40b8-9e1f-9b614d73bb9a,L1,Profile
3f69db38-9a63-40b8-9e1f-9b614d73bb9a,L1,Profile
3f69db38-9a63-40b8-9e1f-9b614d73bb9a,L1,Profile
3f69db38-9a63-40b8-9e1f-9b614d73bb9a,L1,Profile
3f69db38-9a63-40b8-9e1f-9b614d73bb9a,L1,Profile
3f69db38-9a63-40b8-9e1f-9b614d73bb9a,L1,Profile
3f69db38-9a63-40b8-9e1f-9b614d73bb9a,L1,Profile
3f69db38-9a63-40b8-9e1f-9b614d73bb9a,L1,Profile
3f69db38-9a63-40b8-9e1f-9b614d73bb9a,L1,Profile
3f69db38-9a63-40b8-9e1f-9b614d73bb9a,L1,Profile
3f69db38-9a63-40b8-9e1f-9b614d73bb9a,L1,Profile
3f69db38-9a63-40b8-9e1f-9b614d73bb9a,L1,Profile
3f69db38-9a63-40b8-9e1f-9b614d73bb9a,L1,Profile
3f69db38-9a63-40b8-9e1f-9b614d73bb9a,L1,Profile
3f69db38-9a63-40b8-9e1f-9b614d73bb9a,L1,Profile
3f69db38-9a63-40b8-9e1f-9b614d73bb9a,L1,Profile
3f69db38-9a63-40b8-9e1f-9b614d73bb9a,L1,Profile
3f69db38-9a63-40b8-9e1f-9b614d73bb9a,L1,Profile
3f69db38-9a63-40b8-9e1f-9b614d73bb9a,L1,Profile
3f69db38-9a63-40b8-9e1f-9b614d73bb9a,L1,Profile
3f69db38-9a63-40b8-9e1f-9b614d73bb9a,L1,Profile
3f69db38-9a63-40b8-9e1f-9b614d73bb9a,L1,Profile
3f69db38-9a63-40b8-9e1f-9b614d73bb9a,L1,Profile
3f69db38-9a63-40b8-9e1f-9b614d73bb9a,L1,Profile
3f69db38-9a63-40b8-9e1f-9b614d73bb9a,L1,Profile
3f69db38-9a63-40b8-9e1f-9b614d73bb9a,L1,Profile
3f69db38-9a63-40b8-9e1f-9b614d73bb9a,L1,Profile
3f69db38-9a63-40b8-9e1f-9b614d73bb9a,L1,Profile
3f69db38-9a63-40b8-9e1f-9b614d73bb9a,L1,Profile
3f69db38-9a63-40b8-9e1f-9b614d73bb9a,L1,Profile
3f69db38-9a63-40b8-9e1f-9b614d73bb9a,L1,Profile
3f69db38-9a63-40b8-9e1f-9b614d73bb9a,L1,Profile
3f69db38-9a63-40b8-9e1f-9b614d73bb9a,L1,Profile
3f69db38-9a63-40b8-9e1f-9b614d73bb9a,L1,Profile
3f69db38-9a63-40b8-9e1f-9b614d73bb9a,L1,Profile
3f69db38-9a63-40b8-9e1f-9b614d73bb9a,L1,Profile
3f69db38-9a63-40b8-9e1f-9b614d73bb9a,L1,Profile
3f69db38-9a63-40b8-9e1f-9b614d73bb9a,L1,Profile
3f69db38-9a63-40b8-9e1f-9b614d73bb9a,L1,Profile
3f69db38-9a63-40b8-9e1f-9b614d73bb9a,L1,Profile
3f69db38-9a63-40b8-9e1f-9b614d73bb9a,L1,Profile
3f69db38-9a63-40b8-9e1f-9b614d73bb9a,L1,Profile
3f69db38-9a63-40b8-9e1f-9b614d73bb9a,L1,Profile
3f69db38-9a63-40b8-9e1f-9b614d73bb9a,L1,Profile
3f69db38-9a63-40b8-9e1f-9b614d73bb9a,L1,Profile
3f69db38-9a63-40b8-9e1f-9b614d73bb9a,L1,Profile
3f69db38-9a63-40b8-9e1f-9b614d73bb9a,L1,Profile
3f69db38-9a63-40b8-9e1f-9b614d73bb9a,L1,Profile
3f69db38-9a63-40b8-9e1f-9b614d73bb9a,L1,Profile
3f69db38-9a63-40b8-9e1f-9b614d73bb9a,L1,Profile
3f69db38-9a63-40b8-9e1f-9b614d73bb9a,L1,Profile
3f69db38-9a63-40b8-9e1f-9b614d73bb9a,L1,Profile
3f69db38-9a63-40b8-9e1f-9b614d73bb9a,L1,Profile
3f69db38-9a63-40b8-9e1f-9b614d73bb9a,L1,Profile
3f69db38-9a63-40b8-9e1f-9b614d73bb9a,L1,Profile
3f69db38-9a63-40b8-9e1f-9b614d73bb9a,L1,Profile
3f69db38-9a63-40b8-9e1f-9b614d73bb9a,L1,Profile
3f69db38-9a63-40b8-9e1f-9b614d73bb9a,L1,Profile
3f69db38-9a63-40b8-9e1f-9b614d73bb9a,L1,Profile
3f69db38-9a63-40b8-9e1f-9b614d73bb9a,L1,Profile
3f69db38-9a63-40b8-9e1f-9b614d73bb9a,L1,Profile
3f69db38-9a63-40b8-9e1f-9b614d73bb9a,L1,Profile
3f69db38-9a63-40b8-9e1f-9b614d73bb9a,L1,Profile
3f69db38-9a63-40b8-9e1f-9b614d73bb9a,L1,Profile
3f69db38-9a63-40b8-9e1f-9b614d73bb9a,L1,Profile
3f69db38-9a63-40b8-9e1f-9b614d73bb9a,L1,Profile
3f69db38-9a63-40b8-9e1f-9b614d73bb9a,L1,Profile
3f69db38-9a63-40b8-9e1f-9b614d73bb9a,L1,Profile
3f69db38-9a63-40b8-9e1f-9b614d73bb9a,L1,Profile
3f69db38-9a63-40b8-9e1f-9b614d73bb9a,L1,Profile
3f69db38-9a63-40b8-9e1f-9b614d73bb9a,L1,Profile
3f69db38-9a63-40b8-9e1f-9b614d73bb9a,L1,Profile
3f69db38-9a63-40b8-9e1f-9b614d73bb9a,L1,Profile
3f69db38-9a63-40b8-9e1f-9b614d73bb9a,L1,Profile
3f69db38-9a63-40b8-9e1f-9b614d73bb9a,L1,Profile
3f69db38-9a63-40b8-9e1f-9b614d73bb9a,L1,Profile
3f69db38-9a63-40b8-9e1f-9b614d73bb9a,L1,Profile
3f69db38-9a63-40b8-9e1f-9b614d73bb9a,L1,Profile
3f69db38-9a63-40b8-9e1f-9b614d73bb9a,L1,Profile
3f69db38-9a63-40b8-9e1f-9b614d73bb9a,L1,Profile
3f69db38-9a63-40b8-9e1f-9b614d73bb9a,L1,Profile
3f69db38-9a63-40b8-9e1f-9b614d73bb9a,L1,Profile
3f69db38-9a63-40b8-9e1f-9b614d73bb9a,L1,Profile
3f69db38-9a63-40b8-9e1f-9b614d73bb9a,L1,Profile
3f69db38-9a63-40b8-9e1f-9b614d73bb9a,L1,Profile
3f69db38-9a63-40b8-9e1f-9b614d73bb9a,L1,Profile
3f69db38-9a63-40b8-9e1f-9b614d73bb9a,L1,Profile
3f69db38-9a63-40b8-9e1f-9b614d73bb9a,L1,Profile
3f69db38-9a63-40b8-9e1f-9b614d73bb9a,L1,Profile
3f69db38-9a63-40b8-9e1f-9b614d73bb9a,L1,Profile
3f69db38-9a63-40b8-9e1f-9b614d73bb9a,L1,Profile
3f69db38-9a63-40b8-9e1f-9b614d73bb9a,L1,Profile
3f69db38-9a63-40b8-9e1f-9b614d73bb9a,L1,Profile
3f69db38-9a63-40b8-9e1f-9b614d73bb9a,L1,Profile
3f69db38-9a63-40b8-9e1f-9b614d73bb9a,L1,Profile
3f69db38-9a63-40b8-9e1f-9b614d73bb9a,L1,Profile
3f69db38-9a63-40b8-9e1f-9b614d73bb9a,L1,Profile
3f69db38-9a63-40b8-9e1f-9b614d73bb9a,L1,Profile
3f69db38-9a63-40b8-9e1f-9b614d73bb9a,L1,Profile
3f69db38-9a63-40b8-9e1f-9b614d73bb9a,L1,Profile
3f69db38-9a63-40b8-9e1f-9b614d73bb9a,L1,Profile
3f69db38-9a63-40b8-9e1f-9b614d73bb9a,L1,Profile
3f69db38-9a63-40b8-9e1f-9b614d73bb9a,L1,Profile
3f69db38-9a63-40b8-9e1f-9b614d73bb9a,L1,Profile
3f69db38-9a63-40b8-9e1f-9b614d73bb9a,L1,Profile
3f69db38-9a63-40b8-9e1f-9b614d73bb9a,L1,Profile
3f69db38-9a63-40b8-9e1f-9b614d73bb9a,L1,Profile
3f69db38-9a63-40b8-9e1f-9b614d73bb9a,L1,Profile
3f69db38-9a63-40b8-9e1f-9b614d73bb9a,L1,Profile
3f69db38-9a63-40b8-9e1f-9b614d73bb9a,L1,Profile
3f69db38-9a63-40b8-9e1f-9b614d73bb9a,L1,Profile
3f69db38-9a63-40b8-9e1f-9b614d73bb9a,L1,Profile
3f69db38-9a63-40b8-9e1f-9b614d73bb9a,L1,Profile
3f69db38-9a63-40b8-9e1f-9b614d73bb9a,L1,Profile
3f69db38-9a63-40b8-9e1f-9b614d73bb9a,L1,Profile
3f69db38-9a63-40b8-9e1f-9b614d73bb9a,L1,Profile
3f69db38-9a63-40b8-9e1f-9b614d73bb9a,L1,Profile
3f69db38-9a63-40b8-9e1f-9b614d73bb9a,L1,Profile
3f69db38-9a63-40b8-9e1f-9b614d73bb9a,L1,Profile
3f69db38-9a63-40b8-9e1f-9b614d73bb9a,L1,Profile
3f69db38-9a63-40b8-9e1f-9b614d73bb9a,L1,Profile
3f69db38-9a63-40b8-9e1f-9b614d73bb9a,L1,Profile
3f69db38-9a63-40b8-9e1f-9b614d73bb9a,L1,Profile
3f69db38-9a63-40b8-9e1f-9b614d73bb9a,L1,Profile
3f69db38-9a63-40b8-9e1f-9b614d73bb9a,L1,Profile
3f69db38-9a63-40b8-9e1f-9b614d73bb9a,L1,Profile
3f69db38-9a63-40b8-9e1f-9b614d73bb9a,L1,Profile
3f69db38-9a63-40b8-9e1f-9b614d73bb9a,L1,Profile
3f69db38-9a63-40b8-9e1f-9b614d73bb9a,L1,Profile
3f69db38-9a63-40b8-9e1f-9b614d73bb9a,L1,Profile
3f69db38-9a63-40b8-9e1f-9b614d73bb9a,L1,Profile
3f69db38-9a63-40b8-9e1f-9b614d73bb9a,L1,Profile
3f69db38-9a63-40b8-9e1f-9b614d73bb9a,L1,Profile
3f69db38-9a63-40b8-9e1f-9b614d73bb9a,L1,Profile
3f69db38-9a63-40b8-9e1f-9b614d73bb9a,L1,Profile
3f69db38-9a63-40b8-9e1f-9b614d73bb9a,L1,Profile
3f69db38-9a63-40b8-9e1f-9b614d73bb9a,L1,Profile
3f69db38-9a63-40b8-9e1f-9b614d73bb9a,L1,Profile
3f69db38-9a63-40b8-9e1f-9b614d73bb9a,L1,Profile
3f69db38-9a63-40b8-9e1f-9b614d73bb9a,L1,Profile
3f69db38-9a63-40b8-9e1f-9b614d73bb9a,L1,Profile
3f69db38-9a63-40b8-9e1f-9b614d73bb9a,L1,Profile
3f69db38-9a63-40b8-9e1f-9b614d73bb9a,L1,Profile
3f69db38-9a63-40b8-9e1f-9b614d73bb9a,L1,Profile
3f69db38-9a63-40b8-9e1f-9b614d73bb9a,L1,Profile
3f69db38-9a63-40b8-9e1f-9b614d73bb9a,L1,Profile
3f69db38-9a63-40b8-9e1f-9b614d73bb9a,L1,Profile
3f69db38-9a63-40b8-9e1f-9b614d73bb9a,L1,Profile
3f69db38-9a63-40b8-9e1f-9b614d73bb9a,L1,Profile
3f69db38-9a63-40b8-9e1f-9b614d73bb9a,L1,Profile
3f69db38-9a63-40b8-9e1f-9b614d73bb9a,L1,Profile
3f69db38-9a63-40b8-9e1f-9b614d73bb9a,L1,Profile
3f69db38-9a63-40b8-9e1f-9b614d73bb9a,L1,Profile
3f69db38-9a63-40b8-9e1f-9b614d73bb9a,L1,Profile
3f69db38-9a63-40b8-9e1f-9b614d73bb9a,L1,Profile
3f69db38-9a63-40b8-9e1f-9b614d73bb9a,L1,Profile
3f69db38-9a63-40b8-9e1f-9b614d73bb9a,L1,Profile
3f69db38-9a63-40b8-9e1f-9b614d73bb9a,L1,Profile
3f69db38-9a63-40b8-9e1f-9b614d73bb9a,L1,Profile
3f69db38-9a63-40b8-9e1f-9b614d73bb9a,L1,Profile
3f69db38-9a63-40b8-9e1f-9b614d73bb9a,L1,Profile
3f69db38-9a63-40b8-9e1f-9b614d73bb9a,L1,Profile
3f69db38-9a63-40b8-9e1f-9b614d73bb9a,L1,Profile
3f69db38-9a63-40b8-9e1f-9b614d73bb9a,L1,Profile
3f69db38-9a63-40b8-9e1f-9b614d73bb9a,L1,Profile
3f69db38-9a63-40b8-9e1f-9b614d73bb9a,L1,Profile
3f69db38-9a63-40b8-9e1f-9b614d73bb9a,L1,Profile
3f69db38-9a63-40b8-9e1f-9b614d73bb9a,L1,Profile
3f69db38-9a63-40b8-9e1f-9b614d73bb9a,L1,Profile
3f69db38-9a63-40b8-9e1f-9b614d73bb9a,L1,Profile
3f69db38-9a63-40b8-9e1f-9b614d73bb9a,L1,Profile
3f69db38-9a63-40b8-9e1f-9b614d73bb9a,L1,Profile
3f69db38-9a63-40b8-9e1f-9b614d73bb9a,L1,Profile
3f69db38-9a63-40b8-9e1f-9b614d73bb9a,L1,Profile
3f69db38-9a63-40b8-9e1f-9b614d73bb9a,L1,Profile
3f69db38-9a63-40b8-9e1f-9b614d73bb9a,L1,Profile
3f69db38-9a63-40b8-9e1f-9b614d73bb9a,L1,Profile
3f69db38-9a63-40b8-9e1f-9b614d73bb9a,L1,Profile
3f69db38-9a63-40b8-9e1f-9b614d73bb9a,L1,Profile
3f69db38-9a63-40b8-9e1f-9b614d73bb9a,L1,Profile
3f69db38-9a63-40b8-9e1f-9b614d73bb9a,L1,Profile
3f69db38-9a63-40b8-9e1f-9b614d73bb9a,L1,Profile
3f69db38-9a63-40b8-9e1f-9b614d73bb9a,L1,Profile
3f69db38-9a63-40b8-9e1f-9b614d73bb9a,L1,Profile
3f69db38-9a63-40b8-9e1f-9b614d73bb9a,L1,Profile
3f69db38-9a63-40b8-9e1f-9b614d73bb9a,L1,Profile
3f69db38-9a63-40b8-9e1f-9b614d73bb9a,L1,Profile
3f69db38-9a63-40b8-9e1f-9b614d73bb9a,L1,Profile
3f69db38-9a63-40b8-9e1f-9b614d73bb9a,L1,Profile
3f69db38-9a63-40b8-9e1f-9b614d73bb9a,L1,Profile
3f69db38-9a63-40b8-9e1f-9b614d73bb9a,L1,Profile
3f69db38-9a63-40b8-9e1f-9b614d73bb9a,L1,Profile
3f69db38-9a63-40b8-9e1f-9b614d73bb9a,L1,Profile
3f69db38-9a63-40b8-9e1f-9b614d73bb9a,L1,Profile
3f69db38-9a63-40b8-9e1f-9b614d73bb9a,L1,Profile
3f69db38-9a63-40b8-9e1f-9b614d73bb9a,L1,Profile
3f69db38-9a63-40b8-9e1f-9b614d73bb9a,L1,Profile
3f69db38-9a63-40b8-9e1f-9b614d73bb9a,L1,Profile
3f69db38-9a63-40b8-9e1f-9b614d73bb9a,L1,Profile
3f69db38-9a63-40b8-9e1f-9b614d73bb9a,L1,Profile
3f69db38-9a63-40b8-9e1f-9b614d73bb9a,L1,Profile
3f69db38-9a63-40b8-9e1f-9b614d73bb9a,L1,Profile
3f69db38-9a63-40b8-9e1f-9b614d73bb9a,L1,Profile
3f69db38-9a63-40b8-9e1f-9b614d73bb9a,L1,Profile
3f69db38-9a63-40b8-9e1f-9b614d73bb9a,L1,Profile
3f69db38-9a63-40b8-9e1f-9b614d73bb9a,L1,Profile
3f69db38-9a63-40b8-9e1f-9b614d73bb9a,L1,Profile
3f69db38-9a63-40b8-9e1f-9b614d73bb9a,L1,Profile
3f69db38-9a63-40b8-9e1f-9b614d73bb9a,L1,Profile
3f69db38-9a63-40b8-9e1f-9b614d73bb9a,L1,Profile
3f69db38-9a63-40b8-9e1f-9b614d73bb9a,L1,Profile
3f69db38-9a63-40b8-9e1f-9b614d73bb9a,L1,Profile
3f69db38-9a63-40b8-9e1f-9b614d73bb9a,L1,Profile
3f69db38-9a63-40b8-9e1f-9b614d73bb9a,L1,Profile
3f69db38-9a63-40b8-9e1f-9b614d73bb9a,L1,Profile
3f69db38-9a63-40b8-9e1f-9b614d73bb9a,L1,Profile
3f69db38-9a63-40b8-9e1f-9b614d73bb9a,L1,Profile
3f69db38-9a63-40b8-9e1f-9b614d73bb9a,L1,Profile
3f69db38-9a63-40b8-9e1f-9b614d73bb9a,L1,Profile
3f69db38-9a63-40b8-9e1f-9b614d73bb9a,L1,Profile
3f69db38-9a63-40b8-9e1f-9b614d73bb9a,L1,Profile
3f69db38-9a63-40b8-9e1f-9b614d73bb9a,L1,Profile
3f69db38-9a63-40b8-9e1f-9b614d73bb9a,L1,Profile
3f69db38-9a63-40b8-9e1f-9b614d73bb9a,L1,Profile
3f69db38-9a63-40b8-9e1f-9b614d73bb9a,L1,Profile
3f69db38-9a63-40b8-9e1f-9b614d73bb9a,L1,Profile
3f69db38-9a63-40b8-9e1f-9b614d73bb9a,L1,Profile
3f69db38-9a63-40b8-9e1f-9b614d73bb9a,L1,Profile
3f69db38-9a63-40b8-9e1f-9b614d73bb9a,L1,Profile
3f69db38-9a63-40b8-9e1f-9b614d73bb9a,L1,Profile
3f69db38-9a63-40b8-9e1f-9b614d73bb9a,L1,Profile
3f69db38-9a63-40b8-9e1f-9b614d73bb9a,L1,Profile
3f69db38-9a63-40b8-9e1f-9b614d73bb9a,L1,Profile
3f69db38-9a63-40b8-9e1f-9b614d73bb9a,L1,Profile
3f69db38-9a63-40b8-9e1f-9b614d73bb9a,L1,Profile
3f69db38-9a63-40b8-9e1f-9b614d73bb9a,L1,Profile
3f69db38-9a63-40b8-9e1f-9b614d73bb9a,L1,Profile
3f69db38-9a63-40b8-9e1f-9b614d73bb9a,L1,Profile
3f69db38-9a63-40b8-9e1f-9b614d73bb9a,L1,Profile
3f69db38-9a63-40b8-9e1f-9b614d73bb9a,L1,Profile
3f69db38-9a63-40b8-9e1f-9b614d73bb9a,L1,Profile
3f69db38-9a63-40b8-9e1f-9b614d73bb9a,L1,Profile
3f69db38-9a63-40b8-9e1f-9b614d73bb9a,L1,Profile
3f69db38-9a63-40b8-9e1f-9b614d73bb9a,L1,Profile
3f69db38-9a63-40b8-9e1f-9b614d73bb9a,L1,Profile
3f69db38-9a63-40b8-9e1f-9b614d73bb9a,L1,Profile
3f69db38-9a63-40b8-9e1f-9b614d73bb9a,L1,Profile
3f69db38-9a63-40b8-9e1f-9b614d73bb9a,L1,Profile
3f69db38-9a63-40b8-9e1f-9b614d73bb9a,L1,Profile
3f69db38-9a63-40b8-9e1f-9b614d73bb9a,L1,Profile
3f69db38-9a63-40b8-9e1f-9b614d73bb9a,L1,Profile
3f69db38-9a63-40b8-9e1f-9b614d73bb9a,L1,Profile
3f69db38-9a63-40b8-9e1f-9b614d73bb9a,L1,Profile
3f69db38-9a63-40b8-9e1f-9b614d73bb9a,L1,Profile
3f69db38-9a63-40b8-9e1f-9b614d73bb9a,L1,Profile
3f69db38-9a63-40b8-9e1f-9b614d73bb9a,L1,Profile
3f69db38-9a63-40b8-9e1f-9b614d73bb9a,L1,Profile
3f69db38-9a63-40b8-9e1f-9b614d73bb9a,L1,Profile
3f69db38-9a63-40b8-9e1f-9b614d73bb9a,L1,Profile
3f69db38-9a63-40b8-9e1f-9b614d73bb9a,L1,Profile
3f69db38-9a63-40b8-9e1f-9b614d73bb9a,L1,Profile
3f69db38-9a63-40b8-9e1f-9b614d73bb9a,L1,Profile
3f69db38-9a63-40b8-9e1f-9b614d73bb9a,L1,Profile
3f69db38-9a63-40b8-9e1f-9b614d73bb9a,L1,Profile
3f69db38-9a63-40b8-9e1f-9b614d73bb9a,L1,Profile
3f69db38-9a63-40b8-9e1f-9b614d73bb9a,L1,Profile
3f69db38-9a63-40b8-9e1f-9b614d73bb9a,L1,Profile
3f69db38-9a63-40b8-9e1f-9b614d73bb9a,L1,Profile
3f69db38-9a63-40b8-9e1f-9b614d73bb9a,L1,Profile
3f69db38-9a63-40b8-9e1f-9b614d73bb9a,L1,Profile
3f69db38-9a63-40b8-9e1f-9b614d73bb9a,L1,Profile
3f69db38-9a63-40b8-9e1f-9b614d73bb9a,L1,Profile
3f69db38-9a63-40b8-9e1f-9b614d73bb9a,L1,Profile
3f69db38-9a63-40b8-9e1f-9b614d73bb9a,L1,Profile
3f69db38-9a63-40b8-9e1f-9b614d73bb9a,L1,Profile
3f69db38-9a63-40b8-9e1f-9b614d73bb9a,L1,Profile
3f69db38-9a63-40b8-9e1f-9b614d73bb9a,L1,Profile
3f69db38-9a63-40b8-9e1f-9b614d73bb9a,L1,Profile
3f69db38-9a63-40b8-9e1f-9b614d73bb9a,L1,Profile
3f69db38-9a63-40b8-9e1f-9b614d73bb9a,L1,Profile
3f69db38-9a63-40b8-9e1f-9b614d73bb9a,L1,Profile
3f69db38-9a63-40b8-9e1f-9b614d73bb9a,L1,Profile
3f69db38-9a63-40b8-9e1f-9b614d73bb9a,L1,Profile
3f69db38-9a63-40b8-9e1f-9b614d73bb9a,L1,Profile
3f69db38-9a63-40b8-9e1f-9b614d73bb9a,L1,Profile
3f69db38-9a63-40b8-9e1f-9b614d73bb9a,L1,Profile
3f69db38-9a63-40b8-9e1f-9b614d73bb9a,L1,Profile
3f69db38-9a63-40b8-9e1f-9b614d73bb9a,L1,Profile
3f69db38-9a63-40b8-9e1f-9b614d73bb9a,L1,Profile
3f69db38-9a63-40b8-9e1f-9b614d73bb9a,L1,Profile
3f69db38-9a63-40b8-9e1f-9b614d73bb9a,L1,Profile
3f69db38-9a63-40b8-9e1f-9b614d73bb9a,L1,Profile
3f69db38-9a63-40b8-9e1f-9b614d73bb9a,L1,Profile
3f69db38-9a63-40b8-9e1f-9b614d73bb9a,L1,Profile
3f69db38-9a63-40b8-9e1f-9b614d73bb9a,L1,Profile
3f69db38-9a63-40b8-9e1f-9b614d73bb9a,L1,Profile
3f69db38-9a63-40b8-9e1f-9b614d73bb9a,L1,Profile
3f69db38-9a63-40b8-9e1f-9b614d73bb9a,L1,Profile
3f69db38-9a63-40b8-9e1f-9b614d73bb9a,L1,Profile
3f69db38-9a63-40b8-9e1f-9b614d73bb9a,L1,Profile
3f69db38-9a63-40b8-9e1f-9b614d73bb9a,L1,Profile
3f69db38-9a63-40b8-9e1f-9b614d73bb9a,L1,Profile
3f69db38-9a63-40b8-9e1f-9b614d73bb9a,L1,Profile
3f69db38-9a63-40b8-9e1f-9b614d73bb9a,L1,Profile
3f69db38-9a63-40b8-9e1f-9b614d73bb9a,L1,Profile
3f69db38-9a63-40b8-9e1f-9b614d73bb9a,L1,Profile
3f69db38-9a63-40b8-9e1f-9b614d73bb9a,L1,Profile
3f69db38-9a63-40b8-9e1f-9b614d73bb9a,L1,Profile
3f69db38-9a63-40b8-9e1f-9b614d73bb9a,L1,Profile
3f69db38-9a63-40b8-9e1f-9b614d73bb9a,L1,Profile
3f69db38-9a63-40b8-9e1f-9b614d73bb9a,L1,Profile
3f69db38-9a63-40b8-9e1f-9b614d73bb9a,L1,Profile
3f69db38-9a63-40b8-9e1f-9b614d73bb9a,L1,Profile
3f69db38-9a63-40b8-9e1f-9b614d73bb9a,L1,Profile
3f69db38-9a63-40b8-9e1f-9b614d73bb9a,L1,Profile
3f69db38-9a63-40b8-9e1f-9b614d73bb9a,L1,Profile
3f69db38-9a63-40b8-9e1f-9b614d73bb9a,L1,Profile
3f69db38-9a63-40b8-9e1f-9b614d73bb9a,L1,Profile
3f69db38-9a63-40b8-9e1f-9b614d73bb9a,L1,Profile
3f69db38-9a63-40b8-9e1f-9b614d73bb9a,L1,Profile
3f69db38-9a63-40b8-9e1f-9b614d73bb9a,L1,Profile
3f69db38-9a63-40b8-9e1f-9b614d73bb9a,L1,Profile
3f69db38-9a63-40b8-9e1f-9b614d73bb9a,L1,Profile
3f69db38-9a63-40b8-9e1f-9b614d73bb9a,L1,Profile
3f69db38-9a63-40b8-9e1f-9b614d73bb9a,L1,Profile
3f69db38-9a63-40b8-9e1f-9b614d73bb9a,L1,Profile
3f69db38-9a63-40b8-9e1f-9b614d73bb9a,L1,Profile
3f69db38-9a63-40b8-9e1f-9b614d73bb9a,L1,Profile
3f69db38-9a63-40b8-9e1f-9b614d73bb9a,L1,Profile
3f69db38-9a63-40b8-9e1f-9b614d73bb9a,L1,Profile
3f69db38-9a63-40b8-9e1f-9b614d73bb9a,L1,Profile
3f69db38-9a63-40b8-9e1f-9b614d73bb9a,L1,Profile
3f69db38-9a63-40b8-9e1f-9b614d73bb9a,L1,Profile
3f69db38-9a63-40b8-9e1f-9b614d73bb9a,L1,Profile
3f69db38-9a63-40b8-9e1f-9b614d73bb9a,L1,Profile
3f69db38-9a63-40b8-9e1f-9b614d73bb9a,L1,Profile
3f69db38-9a63-40b8-9e1f-9b614d73bb9a,L1,Profile
3f69db38-9a63-40b8-9e1f-9b614d73bb9a,L1,Profile
3f69db38-9a63-40b8-9e1f-9b614d73bb9a,L1,Profile
3f69db38-9a63-40b8-9e1f-9b614d73bb9a,L1,Profile
3f69db38-9a63-40b8-9e1f-9b614d73bb9a,L1,Profile
3f69db38-9a63-40b8-9e1f-9b614d73bb9a,L1,Profile
3f69db38-9a63-40b8-9e1f-9b614d73bb9a,L1,Profile
3f69db38-9a63-40b8-9e1f-9b614d73bb9a,L1,Profile
3f69db38-9a63-40b8-9e1f-9b614d73bb9a,L1,Profile
3f69db38-9a63-40b8-9e1f-9b614d73bb9a,L1,Profile
3f69db38-9a63-40b8-9e1f-9b614d73bb9a,L1,Profile
3f69db38-9a63-40b8-9e1f-9b614d73bb9a,L1,Profile
3f69db38-9a63-40b8-9e1f-9b614d73bb9a,L1,Profile
3f69db38-9a63-40b8-9e1f-9b614d73bb9a,L1,Profile
3f69db38-9a63-40b8-9e1f-9b614d73bb9a,L1,Profile
3f69db38-9a63-40b8-9e1f-9b614d73bb9a,L1,Profile
3f69db38-9a63-40b8-9e1f-9b614d73bb9a,L1,Profile
3f69db38-9a63-40b8-9e1f-9b614d73bb9a,L1,Profile
3f69db38-9a63-40b8-9e1f-9b614d73bb9a,L1,Profile
3f69db38-9a63-40b8-9e1f-9b614d73bb9a,L1,Profile
3f69db38-9a63-40b8-9e1f-9b614d73bb9a,L1,Profile
3f69db38-9a63-40b8-9e1f-9b614d73bb9a,L1,Profile
3f69db38-9a63-40b8-9e1f-9b614d73bb9a,L1,Profile
3f69db38-9a63-40b8-9e1f-9b614d73bb9a,L1,Profile
3f69db38-9a63-40b8-9e1f-9b614d73bb9a,L1,Profile
3f69db38-9a63-40b8-9e1f-9b614d73bb9a,L1,Profile
3f69db38-9a63-40b8-9e1f-9b614d73bb9a,L1,Profile
3f69db38-9a63-40b8-9e1f-9b614d73bb9a,L1,Profile
3f69db38-9a63-40b8-9e1f-9b614d73bb9a,L1,Profile
3f69db38-9a63-40b8-9e1f-9b614d73bb9a,L1,Profile
3f69db38-9a63-40b8-9e1f-9b614d73bb9a,L1,Profile
3f69db38-9a63-40b8-9e1f-9b614d73bb9a,L1,Profile
3f69db38-9a63-40b8-9e1f-9b614d73bb9a,L1,Profile
3f69db38-9a63-40b8-9e1f-9b614d73bb9a,L1,Profile
3f69db38-9a63-40b8-9e1f-9b614d73bb9a,L1,Profile
3f69db38-9a63-40b8-9e1f-9b614d73bb9a,L1,Profile
3f69db38-9a63-40b8-9e1f-9b614d73bb9a,L1,Profile
3f69db38-9a63-40b8-9e1f-9b614d73bb9a,L1,Profile
3f69db38-9a63-40b8-9e1f-9b614d73bb9a,L1,Profile
3f69db38-9a63-40b8-9e1f-9b614d73bb9a,L1,Profile
3f69db38-9a63-40b8-9e1f-9b614d73bb9a,L1,Profile
3f69db38-9a63-40b8-9e1f-9b614d73bb9a,L1,Profile
3f69db38-9a63-40b8-9e1f-9b614d73bb9a,L1,Profile
3f69db38-9a63-40b8-9e1f-9b614d73bb9a,L1,Profile
3f69db38-9a63-40b8-9e1f-9b614d73bb9a,L1,Profile
3f69db38-9a63-40b8-9e1f-9b614d73bb9a,L1,Profile
3f69db38-9a63-40b8-9e1f-9b614d73bb9a,L1,Profile
3f69db38-9a63-40b8-9e1f-9b614d73bb9a,L1,Profile
3f69db38-9a63-40b8-9e1f-9b614d73bb9a,L1,Profile
3f69db38-9a63-40b8-9e1f-9b614d73bb9a,L1,Profile
3f69db38-9a63-40b8-9e1f-9b614d73bb9a,L1,Profile
3f69db38-9a63-40b8-9e1f-9b614d73bb9a,L1,Profile
3f69db38-9a63-40b8-9e1f-9b614d73bb9a,L1,Profile
3f69db38-9a63-40b8-9e1f-9b614d73bb9a,L1,Profile
3f69db38-9a63-40b8-9e1f-9b614d73bb9a,L1,Profile
3f69db38-9a63-40b8-9e1f-9b614d73bb9a,L1,Profile
3f69db38-9a63-40b8-9e1f-9b614d73bb9a,L1,Profile
3f69db38-9a63-40b8-9e1f-9b614d73bb9a,L1,Profile
3f69db38-9a63-40b8-9e1f-9b614d73bb9a,L1,Profile
3f69db38-9a63-40b8-9e1f-9b614d73bb9a,L1,Profile
3f69db38-9a63-40b8-9e1f-9b614d73bb9a,L1,Profile
3f69db38-9a63-40b8-9e1f-9b614d73bb9a,L1,Profile
3f69db38-9a63-40b8-9e1f-9b614d73bb9a,L1,Profile
3f69db38-9a63-40b8-9e1f-9b614d73bb9a,L1,Profile
3f69db38-9a63-40b8-9e1f-9b614d73bb9a,L1,Profile
3f69db38-9a63-40b8-9e1f-9b614d73bb9a,L1,Profile
3f69db38-9a63-40b8-9e1f-9b614d73bb9a,L1,Profile
3f69db38-9a63-40b8-9e1f-9b614d73bb9a,L1,Profile
3f69db38-9a63-40b8-9e1f-9b614d73bb9a,L1,Profile
3f69db38-9a63-40b8-9e1f-9b614d73bb9a,L1,Profile
3f69db38-9a63-40b8-9e1f-9b614d73bb9a,L1,Profile
3f69db38-9a63-40b8-9e1f-9b614d73bb9a,L1,Profile
3f69db38-9a63-40b8-9e1f-9b614d73bb9a,L1,Profile
3f69db38-9a63-40b8-9e1f-9b614d73bb9a,L1,Profile
3f69db38-9a63-40b8-9e1f-9b614d73bb9a,L1,Profile
3f69db38-9a63-40b8-9e1f-9b614d73bb9a,L1,Profile
3f69db38-9a63-40b8-9e1f-9b614d73bb9a,L1,Profile
3f69db38-9a63-40b8-9e1f-9b614d73bb9a,L1,Profile
3f69db38-9a63-40b8-9e1f-9b614d73bb9a,L1,Profile
3f69db38-9a63-40b8-9e1f-9b614d73bb9a,L1,Profile
3f69db38-9a63-40b8-9e1f-9b614d73bb9a,L1,Profile
3f69db38-9a63-40b8-9e1f-9b614d73bb9a,L1,Profile
3f69db38-9a63-40b8-9e1f-9b614d73bb9a,L1,Profile
3f69db38-9a63-40b8-9e1f-9b614d73bb9a,L1,Profile
3f69db38-9a63-40b8-9e1f-9b614d73bb9a,L1,Profile
3f69db38-9a63-40b8-9e1f-9b614d73bb9a,L1,Profile
3f69db38-9a63-40b8-9e1f-9b614d73bb9a,L1,Profile
3f69db38-9a63-40b8-9e1f-9b614d73bb9a,L1,Profile
3f69db38-9a63-40b8-9e1f-9b614d73bb9a,L1,Profile
3f69db38-9a63-40b8-9e1f-9b614d73bb9a,L1,Profile
3f69db38-9a63-40b8-9e1f-9b614d73bb9a,L1,Profile
3f69db38-9a63-40b8-9e1f-9b614d73bb9a,L1,Profile
3f69db38-9a63-40b8-9e1f-9b614d73bb9a,L1,Profile
3f69db38-9a63-40b8-9e1f-9b614d73bb9a,L1,Profile
3f69db38-9a63-40b8-9e1f-9b614d73bb9a,L1,Profile
3f69db38-9a63-40b8-9e1f-9b614d73bb9a,L1,Profile
3f69db38-9a63-40b8-9e1f-9b614d73bb9a,L1,Profile
3f69db38-9a63-40b8-9e1f-9b614d73bb9a,L1,Profile
3f69db38-9a63-40b8-9e1f-9b614d73bb9a,L1,Profile
3f69db38-9a63-40b8-9e1f-9b614d73bb9a,L1,Profile
3f69db38-9a63-40b8-9e1f-9b614d73bb9a,L1,Profile
3f69db38-9a63-40b8-9e1f-9b614d73bb9a,L1,Profile
3f69db38-9a63-40b8-9e1f-9b614d73bb9a,L1,Profile
3f69db38-9a63-40b8-9e1f-9b614d73bb9a,L1,Profile
3f69db38-9a63-40b8-9e1f-9b614d73bb9a,L1,Profile
3f69db38-9a63-40b8-9e1f-9b614d73bb9a,L1,Profile
3f69db38-9a63-40b8-9e1f-9b614d73bb9a,L1,Profile
3f69db38-9a63-40b8-9e1f-9b614d73bb9a,L1,Profile
3f69db38-9a63-40b8-9e1f-9b614d73bb9a,L1,Profile
3f69db38-9a63-40b8-9e1f-9b614d73bb9a,L1,Profile
3f69db38-9a63-40b8-9e1f-9b614d73bb9a,L1,Profile
3f69db38-9a63-40b8-9e1f-9b614d73bb9a,L1,Profile
3f69db38-9a63-40b8-9e1f-9b614d73bb9a,L1,Profile
3f69db38-9a63-40b8-9e1f-9b614d73bb9a,L1,Profile
3f69db38-9a63-40b8-9e1f-9b614d73bb9a,L1,Profile
3f69db38-9a63-40b8-9e1f-9b614d73bb9a,L1,Profile
3f69db38-9a63-40b8-9e1f-9b614d73bb9a,L1,Profile
3f69db38-9a63-40b8-9e1f-9b614d73bb9a,L1,Profile
3f69db38-9a63-40b8-9e1f-9b614d73bb9a,L1,Profile
3f69db38-9a63-40b8-9e1f-9b614d73bb9a,L1,Profile
3f69db38-9a63-40b8-9e1f-9b614d73bb9a,L1,Profile
3f69db38-9a63-40b8-9e1f-9b614d73bb9a,L1,Profile
3f69db38-9a63-40b8-9e1f-9b614d73bb9a,L1,Profile
3f69db38-9a63-40b8-9e1f-9b614d73bb9a,L1,Profile
3f69db38-9a63-40b8-9e1f-9b614d73bb9a,L1,Profile
3f69db38-9a63-40b8-9e1f-9b614d73bb9a,L1,Profile
3f69db38-9a63-40b8-9e1f-9b614d73bb9a,L1,Profile
3f69db38-9a63-40b8-9e1f-9b614d73bb9a,L1,Profile
3f69db38-9a63-40b8-9e1f-9b614d73bb9a,L1,Profile
3f69db38-9a63-40b8-9e1f-9b614d73bb9a,L1,Profile
3f69db38-9a63-40b8-9e1f-9b614d73bb9a,L1,Profile
3f69db38-9a63-40b8-9e1f-9b614d73bb9a,L1,Profile
3f69db38-9a63-40b8-9e1f-9b614d73bb9a,L1,Profile
3f69db38-9a63-40b8-9e1f-9b614d73bb9a,L1,Profile
3f69db38-9a63-40b8-9e1f-9b614d73bb9a,L1,Profile
3f69db38-9a63-40b8-9e1f-9b614d73bb9a,L1,Profile
3f69db38-9a63-40b8-9e1f-9b614d73bb9a,L1,Profile
3f69db38-9a63-40b8-9e1f-9b614d73bb9a,L1,Profile
3f69db38-9a63-40b8-9e1f-9b614d73bb9a,L1,Profile
3f69db38-9a63-40b8-9e1f-9b614d73bb9a,L1,Profile
3f69db38-9a63-40b8-9e1f-9b614d73bb9a,L1,Profile
3f69db38-9a63-40b8-9e1f-9b614d73bb9a,L1,Profile
3f69db38-9a63-40b8-9e1f-9b614d73bb9a,L1,Profile
3f69db38-9a63-40b8-9e1f-9b614d73bb9a,L1,Profile
3f69db38-9a63-40b8-9e1f-9b614d73bb9a,L1,Profile
3f69db38-9a63-40b8-9e1f-9b614d73bb9a,L1,Profile
3f69db38-9a63-40b8-9e1f-9b614d73bb9a,L1,Profile
3f69db38-9a63-40b8-9e1f-9b614d73bb9a,L1,Profile
3f69db38-9a63-40b8-9e1f-9b614d73bb9a,L1,Profile
3f69db38-9a63-40b8-9e1f-9b614d73bb9a,L1,Profile
3f69db38-9a63-40b8-9e1f-9b614d73bb9a,L1,Profile
3f69db38-9a63-40b8-9e1f-9b614d73bb9a,L1,Profile
3f69db38-9a63-40b8-9e1f-9b614d73bb9a,L1,Profile
3f69db38-9a63-40b8-9e1f-9b614d73bb9a,L1,Profile
3f69db38-9a63-40b8-9e1f-9b614d73bb9a,L1,Profile
3f69db38-9a63-40b8-9e1f-9b614d73bb9a,L1,Profile
3f69db38-9a63-40b8-9e1f-9b614d73bb9a,L1,Profile
3f69db38-9a63-40b8-9e1f-9b614d73bb9a,L1,Profile
3f69db38-9a63-40b8-9e1f-9b614d73bb9a,L1,Profile
3f69db38-9a63-40b8-9e1f-9b614d73bb9a,L1,Profile
3f69db38-9a63-40b8-9e1f-9b614d73bb9a,L1,Profile
3f69db38-9a63-40b8-9e1f-9b614d73bb9a,L1,Profile
3f69db38-9a63-40b8-9e1f-9b614d73bb9a,L1,Profile
3f69db38-9a63-40b8-9e1f-9b614d73bb9a,L1,Profile
3f69db38-9a63-40b8-9e1f-9b614d73bb9a,L1,Profile
3f69db38-9a63-40b8-9e1f-9b614d73bb9a,L1,Profile
3f69db38-9a63-40b8-9e1f-9b614d73bb9a,L1,Profile
3f69db38-9a63-40b8-9e1f-9b614d73bb9a,L1,Profile
3f69db38-9a63-40b8-9e1f-9b614d73bb9a,L1,Profile
3f69db38-9a63-40b8-9e1f-9b614d73bb9a,L1,Profile
3f69db38-9a63-40b8-9e1f-9b614d73bb9a,L1,Profile
3f69db38-9a63-40b8-9e1f-9b614d73bb9a,L1,Profile
3f69db38-9a63-40b8-9e1f-9b614d73bb9a,L1,Profile
3f69db38-9a63-40b8-9e1f-9b614d73bb9a,L1,Profile
3f69db38-9a63-40b8-9e1f-9b614d73bb9a,L1,Profile
3f69db38-9a63-40b8-9e1f-9b614d73bb9a,L1,Profile
3f69db38-9a63-40b8-9e1f-9b614d73bb9a,L1,Profile
3f69db38-9a63-40b8-9e1f-9b614d73bb9a,L1,Profile
3f69db38-9a63-40b8-9e1f-9b614d73bb9a,L1,Profile
3f69db38-9a63-40b8-9e1f-9b614d73bb9a,L1,Profile
3f69db38-9a63-40b8-9e1f-9b614d73bb9a,L1,Profile
3f69db38-9a63-40b8-9e1f-9b614d73bb9a,L1,Profile
3f69db38-9a63-40b8-9e1f-9b614d73bb9a,L1,Profile
3f69db38-9a63-40b8-9e1f-9b614d73bb9a,L1,Profile
3f69db38-9a63-40b8-9e1f-9b614d73bb9a,L1,Profile
3f69db38-9a63-40b8-9e1f-9b614d73bb9a,L1,Profile
3f69db38-9a63-40b8-9e1f-9b614d73bb9a,L1,Profile
3f69db38-9a63-40b8-9e1f-9b614d73bb9a,L1,Profile
3f69db38-9a63-40b8-9e1f-9b614d73bb9a,L1,Profile
3f69db38-9a63-40b8-9e1f-9b614d73bb9a,L1,Profile
3f69db38-9a63-40b8-9e1f-9b614d73bb9a,L1,Profile
3f69db38-9a63-40b8-9e1f-9b614d73bb9a,L1,Profile
3f69db38-9a63-40b8-9e1f-9b614d73bb9a,L1,Profile
3f69db38-9a63-40b8-9e1f-9b614d73bb9a,L1,Profile
3f69db38-9a63-40b8-9e1f-9b614d73bb9a,L1,Profile
3f69db38-9a63-40b8-9e1f-9b614d73bb9a,L1,Profile
3f69db38-9a63-40b8-9e1f-9b614d73bb9a,L1,Profile
3f69db38-9a63-40b8-9e1f-9b614d73bb9a,L1,Profile
3f69db38-9a63-40b8-9e1f-9b614d73bb9a,L1,Profile
3f69db38-9a63-40b8-9e1f-9b614d73bb9a,L1,Profile
3f69db38-9a63-40b8-9e1f-9b614d73bb9a,L1,Profile
3f69db38-9a63-40b8-9e1f-9b614d73bb9a,L1,Profile
3f69db38-9a63-40b8-9e1f-9b614d73bb9a,L1,Profile
3f69db38-9a63-40b8-9e1f-9b614d73bb9a,L1,Profile
3f69db38-9a63-40b8-9e1f-9b614d73bb9a,L1,Profile
3f69db38-9a63-40b8-9e1f-9b614d73bb9a,L1,Profile
3f69db38-9a63-40b8-9e1f-9b614d73bb9a,L1,Profile
3f69db38-9a63-40b8-9e1f-9b614d73bb9a,L1,Profile
3f69db38-9a63-40b8-9e1f-9b614d73bb9a,L1,Profile
3f69db38-9a63-40b8-9e1f-9b614d73bb9a,L1,Profile
3f69db38-9a63-40b8-9e1f-9b614d73bb9a,L1,Profile
3f69db38-9a63-40b8-9e1f-9b614d73bb9a,L1,Profile
3f69db38-9a63-40b8-9e1f-9b614d73bb9a,L1,Profile
3f69db38-9a63-40b8-9e1f-9b614d73bb9a,L1,Profile
3f69db38-9a63-40b8-9e1f-9b614d73bb9a,L1,Profile
3f69db38-9a63-40b8-9e1f-9b614d73bb9a,L1,Profile
3f69db38-9a63-40b8-9e1f-9b614d73bb9a,L1,Profile
3f69db38-9a63-40b8-9e1f-9b614d73bb9a,L1,Profile
3f69db38-9a63-40b8-9e1f-9b614d73bb9a,L1,Profile
3f69db38-9a63-40b8-9e1f-9b614d73bb9a,L1,Profile
3f69db38-9a63-40b8-9e1f-9b614d73bb9a,L1,Profile
3f69db38-9a63-40b8-9e1f-9b614d73bb9a,L1,Profile
3f69db38-9a63-40b8-9e1f-9b614d73bb9a,L1,Profile
3f69db38-9a63-40b8-9e1f-9b614d73bb9a,L1,Profile
3f69db38-9a63-40b8-9e1f-9b614d73bb9a,L1,Profile
3f69db38-9a63-40b8-9e1f-9b614d73bb9a,L1,Profile
3f69db38-9a63-40b8-9e1f-9b614d73bb9a,L1,Profile
3f69db38-9a63-40b8-9e1f-9b614d73bb9a,L1,Profile
3f69db38-9a63-40b8-9e1f-9b614d73bb9a,L1,Profile
3f69db38-9a63-40b8-9e1f-9b614d73bb9a,L1,Profile
3f69db38-9a63-40b8-9e1f-9b614d73bb9a,L1,Profile
3f69db38-9a63-40b8-9e1f-9b614d73bb9a,L1,Profile
3f69db38-9a63-40b8-9e1f-9b614d73bb9a,L1,Profile
3f69db38-9a63-40b8-9e1f-9b614d73bb9a,L1,Profile
3f69db38-9a63-40b8-9e1f-9b614d73bb9a,L1,Profile
3f69db38-9a63-40b8-9e1f-9b614d73bb9a,L1,Profile
3f69db38-9a63-40b8-9e1f-9b614d73bb9a,L1,Profile
3f69db38-9a63-40b8-9e1f-9b614d73bb9a,L1,Profile
3f69db38-9a63-40b8-9e1f-9b614d73bb9a,L1,Profile
3f69db38-9a63-40b8-9e1f-9b614d73bb9a,L1,Profile
3f69db38-9a63-40b8-9e1f-9b614d73bb9a,L1,Profile
3f69db38-9a63-40b8-9e1f-9b614d73bb9a,L1,Profile
3f69db38-9a63-40b8-9e1f-9b614d73bb9a,L1,Profile
3f69db38-9a63-40b8-9e1f-9b614d73bb9a,L1,Profile
3f69db38-9a63-40b8-9e1f-9b614d73bb9a,L1,Profile
3f69db38-9a63-40b8-9e1f-9b614d73bb9a,L1,Profile
3f69db38-9a63-40b8-9e1f-9b614d73bb9a,L1,Profile
3f69db38-9a63-40b8-9e1f-9b614d73bb9a,L1,Profile
3f69db38-9a63-40b8-9e1f-9b614d73bb9a,L1,Profile
3f69db38-9a63-40b8-9e1f-9b614d73bb9a,L1,Profile
3f69db38-9a63-40b8-9e1f-9b614d73bb9a,L1,Profile
3f69db38-9a63-40b8-9e1f-9b614d73bb9a,L1,Profile
3f69db38-9a63-40b8-9e1f-9b614d73bb9a,L1,Profile
3f69db38-9a63-40b8-9e1f-9b614d73bb9a,L1,Profile
3f69db38-9a63-40b8-9e1f-9b614d73bb9a,L1,Profile
3f69db38-9a63-40b8-9e1f-9b614d73bb9a,L1,Profile
3f69db38-9a63-40b8-9e1f-9b614d73bb9a,L1,Profile
3f69db38-9a63-40b8-9e1f-9b614d73bb9a,L1,Profile
3f69db38-9a63-40b8-9e1f-9b614d73bb9a,L1,Profile
3f69db38-9a63-40b8-9e1f-9b614d73bb9a,L1,Profile
3f69db38-9a63-40b8-9e1f-9b614d73bb9a,L1,Profile
3f69db38-9a63-40b8-9e1f-9b614d73bb9a,L1,Profile
3f69db38-9a63-40b8-9e1f-9b614d73bb9a,L1,Profile
3f69db38-9a63-40b8-9e1f-9b614d73bb9a,L1,Profile
3f69db38-9a63-40b8-9e1f-9b614d73bb9a,L1,Profile
3f69db38-9a63-40b8-9e1f-9b614d73bb9a,L1,Profile
3f69db38-9a63-40b8-9e1f-9b614d73bb9a,L1,Profile
3f69db38-9a63-40b8-9e1f-9b614d73bb9a,L1,Profile
3f69db38-9a63-40b8-9e1f-9b614d73bb9a,L1,Profile
3f69db38-9a63-40b8-9e1f-9b614d73bb9a,L1,Profile
3f69db38-9a63-40b8-9e1f-9b614d73bb9a,L1,Profile
3f69db38-9a63-40b8-9e1f-9b614d73bb9a,L1,Profile
3f69db38-9a63-40b8-9e1f-9b614d73bb9a,L1,Profile
3f69db38-9a63-40b8-9e1f-9b614d73bb9a,L1,Profile
3f69db38-9a63-40b8-9e1f-9b614d73bb9a,L1,Profile
3f69db38-9a63-40b8-9e1f-9b614d73bb9a,L1,Profile
3f69db38-9a63-40b8-9e1f-9b614d73bb9a,L1,Profile
3f69db38-9a63-40b8-9e1f-9b614d73bb9a,L1,Profile
3f69db38-9a63-40b8-9e1f-9b614d73bb9a,L1,Profile
3f69db38-9a63-40b8-9e1f-9b614d73bb9a,L1,Profile
3f69db38-9a63-40b8-9e1f-9b614d73bb9a,L1,Profile
3f69db38-9a63-40b8-9e1f-9b614d73bb9a,L1,Profile
3f69db38-9a63-40b8-9e1f-9b614d73bb9a,L1,Profile
3f69db38-9a63-40b8-9e1f-9b614d73bb9a,L1,Profile
3f69db38-9a63-40b8-9e1f-9b614d73bb9a,L1,Profile
3f69db38-9a63-40b8-9e1f-9b614d73bb9a,L1,Profile
3f69db38-9a63-40b8-9e1f-9b614d73bb9a,L1,Profile
3f69db38-9a63-40b8-9e1f-9b614d73bb9a,L1,Profile
3f69db38-9a63-40b8-9e1f-9b614d73bb9a,L1,Profile
3f69db38-9a63-40b8-9e1f-9b614d73bb9a,L1,Profile
3f69db38-9a63-40b8-9e1f-9b614d73bb9a,L1,Profile
3f69db38-9a63-40b8-9e1f-9b614d73bb9a,L1,Profile
3f69db38-9a63-40b8-9e1f-9b614d73bb9a,L1,Profile
3f69db38-9a63-40b8-9e1f-9b614d73bb9a,L1,Profile
3f69db38-9a63-40b8-9e1f-9b614d73bb9a,L1,Profile
3f69db38-9a63-40b8-9e1f-9b614d73bb9a,L1,Profile
3f69db38-9a63-40b8-9e1f-9b614d73bb9a,L1,Profile
3f69db38-9a63-40b8-9e1f-9b614d73bb9a,L1,Profile
3f69db38-9a63-40b8-9e1f-9b614d73bb9a,L1,Profile
3f69db38-9a63-40b8-9e1f-9b614d73bb9a,L1,Profile
3f69db38-9a63-40b8-9e1f-9b614d73bb9a,L1,Profile
3f69db38-9a63-40b8-9e1f-9b614d73bb9a,L1,Profile
3f69db38-9a63-40b8-9e1f-9b614d73bb9a,L1,Profile
3f69db38-9a63-40b8-9e1f-9b614d73bb9a,L1,Profile
3f69db38-9a63-40b8-9e1f-9b614d73bb9a,L1,Profile
3f69db38-9a63-40b8-9e1f-9b614d73bb9a,L1,Profile
3f69db38-9a63-40b8-9e1f-9b614d73bb9a,L1,Profile
3f69db38-9a63-40b8-9e1f-9b614d73bb9a,L1,Profile
3f69db38-9a63-40b8-9e1f-9b614d73bb9a,L1,Profile
3f69db38-9a63-40b8-9e1f-9b614d73bb9a,L1,Profile
3f69db38-9a63-40b8-9e1f-9b614d73bb9a,L1,Profile
3f69db38-9a63-40b8-9e1f-9b614d73bb9a,L1,Profile
3f69db38-9a63-40b8-9e1f-9b614d73bb9a,L1,Profile
3f69db38-9a63-40b8-9e1f-9b614d73bb9a,L1,Profile
3f69db38-9a63-40b8-9e1f-9b614d73bb9a,L1,Profile
3f69db38-9a63-40b8-9e1f-9b614d73bb9a,L1,Profile
3f69db38-9a63-40b8-9e1f-9b614d73bb9a,L1,Profile
3f69db38-9a63-40b8-9e1f-9b614d73bb9a,L1,Profile
3f69db38-9a63-40b8-9e1f-9b614d73bb9a,L1,Profile
3f69db38-9a63-40b8-9e1f-9b614d73bb9a,L1,Profile
3f69db38-9a63-40b8-9e1f-9b614d73bb9a,L1,Profile
3f69db38-9a63-40b8-9e1f-9b614d73bb9a,L1,Profile
3f69db38-9a63-40b8-9e1f-9b614d73bb9a,L1,Profile
3f69db38-9a63-40b8-9e1f-9b614d73bb9a,L1,Profile
3f69db38-9a63-40b8-9e1f-9b614d73bb9a,L1,Profile
3f69db38-9a63-40b8-9e1f-9b614d73bb9a,L1,Profile
3f69db38-9a63-40b8-9e1f-9b614d73bb9a,L1,Profile
3f69db38-9a63-40b8-9e1f-9b614d73bb9a,L1,Profile
3f69db38-9a63-40b8-9e1f-9b614d73bb9a,L1,Profile
3f69db38-9a63-40b8-9e1f-9b614d73bb9a,L1,Profile
3f69db38-9a63-40b8-9e1f-9b614d73bb9a,L1,Profile
3f69db38-9a63-40b8-9e1f-9b614d73bb9a,L1,Profile
3f69db38-9a63-40b8-9e1f-9b614d73bb9a,L1,Profile
3f69db38-9a63-40b8-9e1f-9b614d73bb9a,L1,Profile
3f69db38-9a63-40b8-9e1f-9b614d73bb9a,L1,Profile
3f69db38-9a63-40b8-9e1f-9b614d73bb9a,L1,Profile
3f69db38-9a63-40b8-9e1f-9b614d73bb9a,L1,Profile
3f69db38-9a63-40b8-9e1f-9b614d73bb9a,L1,Profile
3f69db38-9a63-40b8-9e1f-9b614d73bb9a,L1,Profile
3f69db38-9a63-40b8-9e1f-9b614d73bb9a,L1,Profile
3f69db38-9a63-40b8-9e1f-9b614d73bb9a,L1,Profile
3f69db38-9a63-40b8-9e1f-9b614d73bb9a,L1,Profile
3f69db38-9a63-40b8-9e1f-9b614d73bb9a,L1,Profile
3f69db38-9a63-40b8-9e1f-9b614d73bb9a,L1,Profile
3f69db38-9a63-40b8-9e1f-9b614d73bb9a,L1,Profile
3f69db38-9a63-40b8-9e1f-9b614d73bb9a,L1,Profile
3f69db38-9a63-40b8-9e1f-9b614d73bb9a,L1,Profile
3f69db38-9a63-40b8-9e1f-9b614d73bb9a,L1,Profile
3f69db38-9a63-40b8-9e1f-9b614d73bb9a,L1,Profile
3f69db38-9a63-40b8-9e1f-9b614d73bb9a,L1,Profile
3f69db38-9a63-40b8-9e1f-9b614d73bb9a,L1,Profile
3f69db38-9a63-40b8-9e1f-9b614d73bb9a,L1,Profile
3f69db38-9a63-40b8-9e1f-9b614d73bb9a,L1,Profile
3f69db38-9a63-40b8-9e1f-9b614d73bb9a,L1,Profile
3f69db38-9a63-40b8-9e1f-9b614d73bb9a,L1,Profile
3f69db38-9a63-40b8-9e1f-9b614d73bb9a,L1,Profile
3f69db38-9a63-40b8-9e1f-9b614d73bb9a,L1,Profile
3f69db38-9a63-40b8-9e1f-9b614d73bb9a,L1,Profile
3f69db38-9a63-40b8-9e1f-9b614d73bb9a,L1,Profile
3f69db38-9a63-40b8-9e1f-9b614d73bb9a,L1,Profile
3f69db38-9a63-40b8-9e1f-9b614d73bb9a,L1,Profile
3f69db38-9a63-40b8-9e1f-9b614d73bb9a,L1,Profile
3f69db38-9a63-40b8-9e1f-9b614d73bb9a,L1,Profile
3f69db38-9a63-40b8-9e1f-9b614d73bb9a,L1,Profile
3f69db38-9a63-40b8-9e1f-9b614d73bb9a,L1,Profile
3f69db38-9a63-40b8-9e1f-9b614d73bb9a,L1,Profile
3f69db38-9a63-40b8-9e1f-9b614d73bb9a,L1,Profile
3f69db38-9a63-40b8-9e1f-9b614d73bb9a,L1,Profile
3f69db38-9a63-40b8-9e1f-9b614d73bb9a,L1,Profile
3f69db38-9a63-40b8-9e1f-9b614d73bb9a,L1,Profile
3f69db38-9a63-40b8-9e1f-9b614d73bb9a,L1,Profile
3f69db38-9a63-40b8-9e1f-9b614d73bb9a,L1,Profile
3f69db38-9a63-40b8-9e1f-9b614d73bb9a,L1,Profile
3f69db38-9a63-40b8-9e1f-9b614d73bb9a,L1,Profile
3f69db38-9a63-40b8-9e1f-9b614d73bb9a,L1,Profile
3f69db38-9a63-40b8-9e1f-9b614d73bb9a,L1,Profile
3f69db38-9a63-40b8-9e1f-9b614d73bb9a,L1,Profile
3f69db38-9a63-40b8-9e1f-9b614d73bb9a,L1,Profile
3f69db38-9a63-40b8-9e1f-9b614d73bb9a,L1,Profile
3f69db38-9a63-40b8-9e1f-9b614d73bb9a,L1,Profile
3f69db38-9a63-40b8-9e1f-9b614d73bb9a,L1,Profile
3f69db38-9a63-40b8-9e1f-9b614d73bb9a,L1,Profile
3f69db38-9a63-40b8-9e1f-9b614d73bb9a,L1,Profile
3f69db38-9a63-40b8-9e1f-9b614d73bb9a,L1,Profile
3f69db38-9a63-40b8-9e1f-9b614d73bb9a,L1,Profile
3f69db38-9a63-40b8-9e1f-9b614d73bb9a,L1,Profile
3f69db38-9a63-40b8-9e1f-9b614d73bb9a,L1,Profile
3f69db38-9a63-40b8-9e1f-9b614d73bb9a,L1,Profile
3f69db38-9a63-40b8-9e1f-9b614d73bb9a,L1,Profile
3f69db38-9a63-40b8-9e1f-9b614d73bb9a,L1,Profile
3f69db38-9a63-40b8-9e1f-9b614d73bb9a,L1,Profile
3f69db38-9a63-40b8-9e1f-9b614d73bb9a,L1,Profile
3f69db38-9a63-40b8-9e1f-9b614d73bb9a,L1,Profile
3f69db38-9a63-40b8-9e1f-9b614d73bb9a,L1,Profile
3f69db38-9a63-40b8-9e1f-9b614d73bb9a,L1,Profile
3f69db38-9a63-40b8-9e1f-9b614d73bb9a,L1,Profile
3f69db38-9a63-40b8-9e1f-9b614d73bb9a,L1,Profile
3f69db38-9a63-40b8-9e1f-9b614d73bb9a,L1,Profile
3f69db38-9a63-40b8-9e1f-9b614d73bb9a,L1,Profile
3f69db38-9a63-40b8-9e1f-9b614d73bb9a,L1,Profile
3f69db38-9a63-40b8-9e1f-9b614d73bb9a,L1,Profile
3f69db38-9a63-40b8-9e1f-9b614d73bb9a,L1,Profile
3f69db38-9a63-40b8-9e1f-9b614d73bb9a,L1,Profile
3f69db38-9a63-40b8-9e1f-9b614d73bb9a,L1,Profile
3f69db38-9a63-40b8-9e1f-9b614d73bb9a,L1,Profile
3f69db38-9a63-40b8-9e1f-9b614d73bb9a,L1,Profile
3f69db38-9a63-40b8-9e1f-9b614d73bb9a,L1,Profile
3f69db38-9a63-40b8-9e1f-9b614d73bb9a,L1,Profile
3f69db38-9a63-40b8-9e1f-9b614d73bb9a,L1,Profile
3f69db38-9a63-40b8-9e1f-9b614d73bb9a,L1,Profile
3f69db38-9a63-40b8-9e1f-9b614d73bb9a,L1,Profile
3f69db38-9a63-40b8-9e1f-9b614d73bb9a,L1,Profile
3f69db38-9a63-40b8-9e1f-9b614d73bb9a,L1,Profile
3f69db38-9a63-40b8-9e1f-9b614d73bb9a,L1,Profile
3f69db38-9a63-40b8-9e1f-9b614d73bb9a,L1,Profile
3f69db38-9a63-40b8-9e1f-9b614d73bb9a,L1,Profile
3f69db38-9a63-40b8-9e1f-9b614d73bb9a,L1,Profile
3f69db38-9a63-40b8-9e1f-9b614d73bb9a,L1,Profile
3f69db38-9a63-40b8-9e1f-9b614d73bb9a,L1,Profile
3f69db38-9a63-40b8-9e1f-9b614d73bb9a,L1,Profile
3f69db38-9a63-40b8-9e1f-9b614d73bb9a,L1,Profile
3f69db38-9a63-40b8-9e1f-9b614d73bb9a,L1,Profile
3f69db38-9a63-40b8-9e1f-9b614d73bb9a,L1,Profile
3f69db38-9a63-40b8-9e1f-9b614d73bb9a,L1,Profile
3f69db38-9a63-40b8-9e1f-9b614d73bb9a,L1,Profile
3f69db38-9a63-40b8-9e1f-9b614d73bb9a,L1,Profile
3f69db38-9a63-40b8-9e1f-9b614d73bb9a,L1,Profile
3f69db38-9a63-40b8-9e1f-9b614d73bb9a,L1,Profile
3f69db38-9a63-40b8-9e1f-9b614d73bb9a,L1,Profile
3f69db38-9a63-40b8-9e1f-9b614d73bb9a,L1,Profile
3f69db38-9a63-40b8-9e1f-9b614d73bb9a,L1,Profile
3f69db38-9a63-40b8-9e1f-9b614d73bb9a,L1,Profile
3f69db38-9a63-40b8-9e1f-9b614d73bb9a,L1,Profile
3f69db38-9a63-40b8-9e1f-9b614d73bb9a,L1,Profile
3f69db38-9a63-40b8-9e1f-9b614d73bb9a,L1,Profile
3f69db38-9a63-40b8-9e1f-9b614d73bb9a,L1,Profile
3f69db38-9a63-40b8-9e1f-9b614d73bb9a,L1,Profile
3f69db38-9a63-40b8-9e1f-9b614d73bb9a,L1,Profile
3f69db38-9a63-40b8-9e1f-9b614d73bb9a,L1,Profile
3f69db38-9a63-40b8-9e1f-9b614d73bb9a,L1,Profile
3f69db38-9a63-40b8-9e1f-9b614d73bb9a,L1,Profile
3f69db38-9a63-40b8-9e1f-9b614d73bb9a,L1,Profile
3f69db38-9a63-40b8-9e1f-9b614d73bb9a,L1,Profile
3f69db38-9a63-40b8-9e1f-9b614d73bb9a,L1,Profile
3f69db38-9a63-40b8-9e1f-9b614d73bb9a,L1,Profile
3f69db38-9a63-40b8-9e1f-9b614d73bb9a,L1,Profile
3f69db38-9a63-40b8-9e1f-9b614d73bb9a,L1,Profile
3f69db38-9a63-40b8-9e1f-9b614d73bb9a,L1,Profile
3f69db38-9a63-40b8-9e1f-9b614d73bb9a,L1,Profile
3f69db38-9a63-40b8-9e1f-9b614d73bb9a,L1,Profile
3f69db38-9a63-40b8-9e1f-9b614d73bb9a,L1,Profile
3f69db38-9a63-40b8-9e1f-9b614d73bb9a,L1,Profile
3f69db38-9a63-40b8-9e1f-9b614d73bb9a,L1,Profile
3f69db38-9a63-40b8-9e1f-9b614d73bb9a,L1,Profile
3f69db38-9a63-40b8-9e1f-9b614d73bb9a,L1,Profile
3f69db38-9a63-40b8-9e1f-9b614d73bb9a,L1,Profile
3f69db38-9a63-40b8-9e1f-9b614d73bb9a,L1,Profile
3f69db38-9a63-40b8-9e1f-9b614d73bb9a,L1,Profile
3f69db38-9a63-40b8-9e1f-9b614d73bb9a,L1,Profile
3f69db38-9a63-40b8-9e1f-9b614d73bb9a,L1,Profile
3f69db38-9a63-40b8-9e1f-9b614d73bb9a,L1,Profile
3f69db38-9a63-40b8-9e1f-9b614d73bb9a,L1,Profile
3f69db38-9a63-40b8-9e1f-9b614d73bb9a,L1,Profile
3f69db38-9a63-40b8-9e1f-9b614d73bb9a,L1,Profile
3f69db38-9a63-40b8-9e1f-9b614d73bb9a,L1,Profile
3f69db38-9a63-40b8-9e1f-9b614d73bb9a,L1,Profile
3f69db38-9a63-40b8-9e1f-9b614d73bb9a,L1,Profile
3f69db38-9a63-40b8-9e1f-9b614d73bb9a,L1,Profile
3f69db38-9a63-40b8-9e1f-9b614d73bb9a,L1,Profile
3f69db38-9a63-40b8-9e1f-9b614d73bb9a,L1,Profile
3f69db38-9a63-40b8-9e1f-9b614d73bb9a,L1,Profile
3f69db38-9a63-40b8-9e1f-9b614d73bb9a,L1,Profile
3f69db38-9a63-40b8-9e1f-9b614d73bb9a,L1,Profile
3f69db38-9a63-40b8-9e1f-9b614d73bb9a,L1,Profile
3f69db38-9a63-40b8-9e1f-9b614d73bb9a,L1,Profile
3f69db38-9a63-40b8-9e1f-9b614d73bb9a,L1,Profile
3f69db38-9a63-40b8-9e1f-9b614d73bb9a,L1,Profile
3f69db38-9a63-40b8-9e1f-9b614d73bb9a,L1,Profile
3f69db38-9a63-40b8-9e1f-9b614d73bb9a,L1,Profile
3f69db38-9a63-40b8-9e1f-9b614d73bb9a,L1,Profile
3f69db38-9a63-40b8-9e1f-9b614d73bb9a,L1,Profile
3f69db38-9a63-40b8-9e1f-9b614d73bb9a,L1,Profile
3f69db38-9a63-40b8-9e1f-9b614d73bb9a,L1,Profile
3f69db38-9a63-40b8-9e1f-9b614d73bb9a,L1,Profile
3f69db38-9a63-40b8-9e1f-9b614d73bb9a,L1,Profile
3f69db38-9a63-40b8-9e1f-9b614d73bb9a,L1,Profile
3f69db38-9a63-40b8-9e1f-9b614d73bb9a,L1,Profile
3f69db38-9a63-40b8-9e1f-9b614d73bb9a,L1,Profile
3f69db38-9a63-40b8-9e1f-9b614d73bb9a,L1,Profile
3f69db38-9a63-40b8-9e1f-9b614d73bb9a,L1,Profile
3f69db38-9a63-40b8-9e1f-9b614d73bb9a,L1,Profile
3f69db38-9a63-40b8-9e1f-9b614d73bb9a,L1,Profile
3f69db38-9a63-40b8-9e1f-9b614d73bb9a,L1,Profile
3f69db38-9a63-40b8-9e1f-9b614d73bb9a,L1,Profile
3f69db38-9a63-40b8-9e1f-9b614d73bb9a,L1,Profile
3f69db38-9a63-40b8-9e1f-9b614d73bb9a,L1,Profile
3f69db38-9a63-40b8-9e1f-9b614d73bb9a,L1,Profile
3f69db38-9a63-40b8-9e1f-9b614d73bb9a,L1,Profile
3f69db38-9a63-40b8-9e1f-9b614d73bb9a,L1,Profile
3f69db38-9a63-40b8-9e1f-9b614d73bb9a,L1,Profile
3f69db38-9a63-40b8-9e1f-9b614d73bb9a,L1,Profile
3f69db38-9a63-40b8-9e1f-9b614d73bb9a,L1,Profile
3f69db38-9a63-40b8-9e1f-9b614d73bb9a,L1,Profile
3f69db38-9a63-40b8-9e1f-9b614d73bb9a,L1,Profile
3f69db38-9a63-40b8-9e1f-9b614d73bb9a,L1,Profile
3f69db38-9a63-40b8-9e1f-9b614d73bb9a,L1,Profile
3f69db38-9a63-40b8-9e1f-9b614d73bb9a,L1,Profile
3f69db38-9a63-40b8-9e1f-9b614d73bb9a,L1,Profile
3f69db38-9a63-40b8-9e1f-9b614d73bb9a,L1,Profile
3f69db38-9a63-40b8-9e1f-9b614d73bb9a,L1,Profile
3f69db38-9a63-40b8-9e1f-9b614d73bb9a,L1,Profile
3f69db38-9a63-40b8-9e1f-9b614d73bb9a,L1,Profile
3f69db38-9a63-40b8-9e1f-9b614d73bb9a,L1,Profile
3f69db38-9a63-40b8-9e1f-9b614d73bb9a,L1,Profile
3f69db38-9a63-40b8-9e1f-9b614d73bb9a,L1,Profile
3f69db38-9a63-40b8-9e1f-9b614d73bb9a,L1,Profile
3f69db38-9a63-40b8-9e1f-9b614d73bb9a,L1,Profile
3f69db38-9a63-40b8-9e1f-9b614d73bb9a,L1,Profile
3f69db38-9a63-40b8-9e1f-9b614d73bb9a,L1,Profile
3f69db38-9a63-40b8-9e1f-9b614d73bb9a,L1,Profile
3f69db38-9a63-40b8-9e1f-9b614d73bb9a,L1,Profile
3f69db38-9a63-40b8-9e1f-9b614d73bb9a,L1,Profile
3f69db38-9a63-40b8-9e1f-9b614d73bb9a,L1,Profile
3f69db38-9a63-40b8-9e1f-9b614d73bb9a,L1,Profile
3f69db38-9a63-40b8-9e1f-9b614d73bb9a,L1,Profile
3f69db38-9a63-40b8-9e1f-9b614d73bb9a,L1,Profile
3f69db38-9a63-40b8-9e1f-9b614d73bb9a,L1,Profile
3f69db38-9a63-40b8-9e1f-9b614d73bb9a,L1,Profile
3f69db38-9a63-40b8-9e1f-9b614d73bb9a,L1,Profile
3f69db38-9a63-40b8-9e1f-9b614d73bb9a,L1,Profile
3f69db38-9a63-40b8-9e1f-9b614d73bb9a,L1,Profile
3f69db38-9a63-40b8-9e1f-9b614d73bb9a,L1,Profile
3f69db38-9a63-40b8-9e1f-9b614d73bb9a,L1,Profile
3f69db38-9a63-40b8-9e1f-9b614d73bb9a,L1,Profile
3f69db38-9a63-40b8-9e1f-9b614d73bb9a,L1,Profile
3f69db38-9a63-40b8-9e1f-9b614d73bb9a,L1,Profile
3f69db38-9a63-40b8-9e1f-9b614d73bb9a,L1,Profile
3f69db38-9a63-40b8-9e1f-9b614d73bb9a,L1,Profile
3f69db38-9a63-40b8-9e1f-9b614d73bb9a,L1,Profile
3f69db38-9a63-40b8-9e1f-9b614d73bb9a,L1,Profile
3f69db38-9a63-40b8-9e1f-9b614d73bb9a,L1,Profile
3f69db38-9a63-40b8-9e1f-9b614d73bb9a,L1,Profile
3f69db38-9a63-40b8-9e1f-9b614d73bb9a,L1,Profile
3f69db38-9a63-40b8-9e1f-9b614d73bb9a,L1,Profile
3f69db38-9a63-40b8-9e1f-9b614d73bb9a,L1,Profile
3f69db38-9a63-40b8-9e1f-9b614d73bb9a,L1,Profile
3f69db38-9a63-40b8-9e1f-9b614d73bb9a,L1,Profile
3f69db38-9a63-40b8-9e1f-9b614d73bb9a,L1,Profile
3f69db38-9a63-40b8-9e1f-9b614d73bb9a,L1,Profile
3f69db38-9a63-40b8-9e1f-9b614d73bb9a,L1,Profile
3f69db38-9a63-40b8-9e1f-9b614d73bb9a,L1,Profile
3f69db38-9a63-40b8-9e1f-9b614d73bb9a,L1,Profile
3f69db38-9a63-40b8-9e1f-9b614d73bb9a,L1,Profile
3f69db38-9a63-40b8-9e1f-9b614d73bb9a,L1,Profile
3f69db38-9a63-40b8-9e1f-9b614d73bb9a,L1,Profile
3f69db38-9a63-40b8-9e1f-9b614d73bb9a,L1,Profile
3f69db38-9a63-40b8-9e1f-9b614d73bb9a,L1,Profile
3f69db38-9a63-40b8-9e1f-9b614d73bb9a,L1,Profile
3f69db38-9a63-40b8-9e1f-9b614d73bb9a,L1,Profile
3f69db38-9a63-40b8-9e1f-9b614d73bb9a,L1,Profile
3f69db38-9a63-40b8-9e1f-9b614d73bb9a,L1,Profile
3f69db38-9a63-40b8-9e1f-9b614d73bb9a,L1,Profile
3f69db38-9a63-40b8-9e1f-9b614d73bb9a,L1,Profile
3f69db38-9a63-40b8-9e1f-9b614d73bb9a,L1,Profile
3f69db38-9a63-40b8-9e1f-9b614d73bb9a,L1,Profile
3f69db38-9a63-40b8-9e1f-9b614d73bb9a,L1,Profile
3f69db38-9a63-40b8-9e1f-9b614d73bb9a,L1,Profile
3f69db38-9a63-40b8-9e1f-9b614d73bb9a,L1,Profile
3f69db38-9a63-40b8-9e1f-9b614d73bb9a,L1,Profile
3f69db38-9a63-40b8-9e1f-9b614d73bb9a,L1,Profile
3f69db38-9a63-40b8-9e1f-9b614d73bb9a,L1,Profile
3f69db38-9a63-40b8-9e1f-9b614d73bb9a,L1,Profile
3f69db38-9a63-40b8-9e1f-9b614d73bb9a,L1,Profile
3f69db38-9a63-40b8-9e1f-9b614d73bb9a,L1,Profile
3f69db38-9a63-40b8-9e1f-9b614d73bb9a,L1,Profile
3f69db38-9a63-40b8-9e1f-9b614d73bb9a,L1,Profile
3f69db38-9a63-40b8-9e1f-9b614d73bb9a,L1,Profile
3f69db38-9a63-40b8-9e1f-9b614d73bb9a,L1,Profile
3f69db38-9a63-40b8-9e1f-9b614d73bb9a,L1,Profile
3f69db38-9a63-40b8-9e1f-9b614d73bb9a,L1,Profile
3f69db38-9a63-40b8-9e1f-9b614d73bb9a,L1,Profile
3f69db38-9a63-40b8-9e1f-9b614d73bb9a,L1,Profile
3f69db38-9a63-40b8-9e1f-9b614d73bb9a,L1,Profile
3f69db38-9a63-40b8-9e1f-9b614d73bb9a,L1,Profile
3f69db38-9a63-40b8-9e1f-9b614d73bb9a,L1,Profile
3f69db38-9a63-40b8-9e1f-9b614d73bb9a,L1,Profile
3f69db38-9a63-40b8-9e1f-9b614d73bb9a,L1,Profile
3f69db38-9a63-40b8-9e1f-9b614d73bb9a,L1,Profile
3f69db38-9a63-40b8-9e1f-9b614d73bb9a,L1,Profile
3f69db38-9a63-40b8-9e1f-9b614d73bb9a,L1,Profile
3f69db38-9a63-40b8-9e1f-9b614d73bb9a,L1,Profile
3f69db38-9a63-40b8-9e1f-9b614d73bb9a,L1,Profile
3f69db38-9a63-40b8-9e1f-9b614d73bb9a,L1,Profile
3f69db38-9a63-40b8-9e1f-9b614d73bb9a,L1,Profile
3f69db38-9a63-40b8-9e1f-9b614d73bb9a,L1,Profile
3f69db38-9a63-40b8-9e1f-9b614d73bb9a,L1,Profile
3f69db38-9a63-40b8-9e1f-9b614d73bb9a,L1,Profile
3f69db38-9a63-40b8-9e1f-9b614d73bb9a,L1,Profile
3f69db38-9a63-40b8-9e1f-9b614d73bb9a,L1,Profile
3f69db38-9a63-40b8-9e1f-9b614d73bb9a,L1,Profile
3f69db38-9a63-40b8-9e1f-9b614d73bb9a,L1,Profile
3f69db38-9a63-40b8-9e1f-9b614d73bb9a,L1,Profile
3f69db38-9a63-40b8-9e1f-9b614d73bb9a,L1,Profile
3f69db38-9a63-40b8-9e1f-9b614d73bb9a,L1,Profile
3f69db38-9a63-40b8-9e1f-9b614d73bb9a,L1,Profile
3f69db38-9a63-40b8-9e1f-9b614d73bb9a,L1,Profile
3f69db38-9a63-40b8-9e1f-9b614d73bb9a,L1,Profile
3f69db38-9a63-40b8-9e1f-9b614d73bb9a,L1,Profile
3f69db38-9a63-40b8-9e1f-9b614d73bb9a,L1,Profile
3f69db38-9a63-40b8-9e1f-9b614d73bb9a,L1,Profile
3f69db38-9a63-40b8-9e1f-9b614d73bb9a,L1,Profile
3f69db38-9a63-40b8-9e1f-9b614d73bb9a,L1,Profile
3f69db38-9a63-40b8-9e1f-9b614d73bb9a,L1,Profile
3f69db38-9a63-40b8-9e1f-9b614d73bb9a,L1,Profile
3f69db38-9a63-40b8-9e1f-9b614d73bb9a,L1,Profile
3f69db38-9a63-40b8-9e1f-9b614d73bb9a,L1,Profile
3f69db38-9a63-40b8-9e1f-9b614d73bb9a,L1,Profile
3f69db38-9a63-40b8-9e1f-9b614d73bb9a,L1,Profile
3f69db38-9a63-40b8-9e1f-9b614d73bb9a,L1,Profile
3f69db38-9a63-40b8-9e1f-9b614d73bb9a,L1,Profile
3f69db38-9a63-40b8-9e1f-9b614d73bb9a,L1,Profile
3f69db38-9a63-40b8-9e1f-9b614d73bb9a,L1,Profile
3f69db38-9a63-40b8-9e1f-9b614d73bb9a,L1,Profile
3f69db38-9a63-40b8-9e1f-9b614d73bb9a,L1,Profile
3f69db38-9a63-40b8-9e1f-9b614d73bb9a,L1,Profile
3f69db38-9a63-40b8-9e1f-9b614d73bb9a,L1,Profile
3f69db38-9a63-40b8-9e1f-9b614d73bb9a,L1,Profile
3f69db38-9a63-40b8-9e1f-9b614d73bb9a,L1,Profile
3f69db38-9a63-40b8-9e1f-9b614d73bb9a,L1,Profile
3f69db38-9a63-40b8-9e1f-9b614d73bb9a,L1,Profile
3f69db38-9a63-40b8-9e1f-9b614d73bb9a,L1,Profile
3f69db38-9a63-40b8-9e1f-9b614d73bb9a,L1,Profile
3f69db38-9a63-40b8-9e1f-9b614d73bb9a,L1,Profile
3f69db38-9a63-40b8-9e1f-9b614d73bb9a,L1,Profile
3f69db38-9a63-40b8-9e1f-9b614d73bb9a,L1,Profile
3f69db38-9a63-40b8-9e1f-9b614d73bb9a,L1,Profile
3f69db38-9a63-40b8-9e1f-9b614d73bb9a,L1,Profile
3f69db38-9a63-40b8-9e1f-9b614d73bb9a,L1,Profile
3f69db38-9a63-40b8-9e1f-9b614d73bb9a,L1,Profile
3f69db38-9a63-40b8-9e1f-9b614d73bb9a,L1,Profile
3f69db38-9a63-40b8-9e1f-9b614d73bb9a,L1,Profile
3f69db38-9a63-40b8-9e1f-9b614d73bb9a,L1,Profile
3f69db38-9a63-40b8-9e1f-9b614d73bb9a,L1,Profile
3f69db38-9a63-40b8-9e1f-9b614d73bb9a,L1,Profile
3f69db38-9a63-40b8-9e1f-9b614d73bb9a,L1,Profile
3f69db38-9a63-40b8-9e1f-9b614d73bb9a,L1,Profile
3f69db38-9a63-40b8-9e1f-9b614d73bb9a,L1,Profile
3f69db38-9a63-40b8-9e1f-9b614d73bb9a,L1,Profile
3f69db38-9a63-40b8-9e1f-9b614d73bb9a,L1,Profile
3f69db38-9a63-40b8-9e1f-9b614d73bb9a,L1,Profile
3f69db38-9a63-40b8-9e1f-9b614d73bb9a,L1,Profile
3f69db38-9a63-40b8-9e1f-9b614d73bb9a,L1,Profile
3f69db38-9a63-40b8-9e1f-9b614d73bb9a,L1,Profile
3f69db38-9a63-40b8-9e1f-9b614d73bb9a,L1,Profile
3f69db38-9a63-40b8-9e1f-9b614d73bb9a,L1,Profile
3f69db38-9a63-40b8-9e1f-9b614d73bb9a,L1,Profile
3f69db38-9a63-40b8-9e1f-9b614d73bb9a,L1,Profile
3f69db38-9a63-40b8-9e1f-9b614d73bb9a,L1,Profile
3f69db38-9a63-40b8-9e1f-9b614d73bb9a,L1,Profile
3f69db38-9a63-40b8-9e1f-9b614d73bb9a,L1,Profile
3f69db38-9a63-40b8-9e1f-9b614d73bb9a,L1,Profile
3f69db38-9a63-40b8-9e1f-9b614d73bb9a,L1,Profile
3f69db38-9a63-40b8-9e1f-9b614d73bb9a,L1,Profile
3f69db38-9a63-40b8-9e1f-9b614d73bb9a,L1,Profile
3f69db38-9a63-40b8-9e1f-9b614d73bb9a,L1,Profile
3f69db38-9a63-40b8-9e1f-9b614d73bb9a,L1,Profile
3f69db38-9a63-40b8-9e1f-9b614d73bb9a,L1,Profile
3f69db38-9a63-40b8-9e1f-9b614d73bb9a,L1,Profile
3f69db38-9a63-40b8-9e1f-9b614d73bb9a,L1,Profile
3f69db38-9a63-40b8-9e1f-9b614d73bb9a,L1,Profile
3f69db38-9a63-40b8-9e1f-9b614d73bb9a,L1,Profile
3f69db38-9a63-40b8-9e1f-9b614d73bb9a,L1,Profile
3f69db38-9a63-40b8-9e1f-9b614d73bb9a,L1,Profile
3f69db38-9a63-40b8-9e1f-9b614d73bb9a,L1,Profile
3f69db38-9a63-40b8-9e1f-9b614d73bb9a,L1,Profile
3f69db38-9a63-40b8-9e1f-9b614d73bb9a,L1,Profile
3f69db38-9a63-40b8-9e1f-9b614d73bb9a,L1,Profile
3f69db38-9a63-40b8-9e1f-9b614d73bb9a,L1,Profile
3f69db38-9a63-40b8-9e1f-9b614d73bb9a,L1,Profile
3f69db38-9a63-40b8-9e1f-9b614d73bb9a,L1,Profile
3f69db38-9a63-40b8-9e1f-9b614d73bb9a,L1,Profile
3f69db38-9a63-40b8-9e1f-9b614d73bb9a,L1,Profile
3f69db38-9a63-40b8-9e1f-9b614d73bb9a,L1,Profile
3f69db38-9a63-40b8-9e1f-9b614d73bb9a,L1,Profile
3f69db38-9a63-40b8-9e1f-9b614d73bb9a,L1,Profile
3f69db38-9a63-40b8-9e1f-9b614d73bb9a,L1,Profile
3f69db38-9a63-40b8-9e1f-9b614d73bb9a,L1,Profile
3f69db38-9a63-40b8-9e1f-9b614d73bb9a,L1,Profile
3f69db38-9a63-40b8-9e1f-9b614d73bb9a,L1,Profile
3f69db38-9a63-40b8-9e1f-9b614d73bb9a,L1,Profile
3f69db38-9a63-40b8-9e1f-9b614d73bb9a,L1,Profile
3f69db38-9a63-40b8-9e1f-9b614d73bb9a,L1,Profile
3f69db38-9a63-40b8-9e1f-9b614d73bb9a,L1,Profile
3f69db38-9a63-40b8-9e1f-9b614d73bb9a,L1,Profile
3f69db38-9a63-40b8-9e1f-9b614d73bb9a,L1,Profile
3f69db38-9a63-40b8-9e1f-9b614d73bb9a,L1,Profile
3f69db38-9a63-40b8-9e1f-9b614d73bb9a,L1,Profile
3f69db38-9a63-40b8-9e1f-9b614d73bb9a,L1,Profile
3f69db38-9a63-40b8-9e1f-9b614d73bb9a,L1,Profile
3f69db38-9a63-40b8-9e1f-9b614d73bb9a,L1,Profile
3f69db38-9a63-40b8-9e1f-9b614d73bb9a,L1,Profile
3f69db38-9a63-40b8-9e1f-9b614d73bb9a,L1,Profile
3f69db38-9a63-40b8-9e1f-9b614d73bb9a,L1,Profile
3f69db38-9a63-40b8-9e1f-9b614d73bb9a,L1,Profile
3f69db38-9a63-40b8-9e1f-9b614d73bb9a,L1,Profile
3f69db38-9a63-40b8-9e1f-9b614d73bb9a,L1,Profile
3f69db38-9a63-40b8-9e1f-9b614d73bb9a,L1,Profile
3f69db38-9a63-40b8-9e1f-9b614d73bb9a,L1,Profile
3f69db38-9a63-40b8-9e1f-9b614d73bb9a,L1,Profile
3f69db38-9a63-40b8-9e1f-9b614d73bb9a,L1,Profile
3f69db38-9a63-40b8-9e1f-9b614d73bb9a,L1,Profile
3f69db38-9a63-40b8-9e1f-9b614d73bb9a,L1,Profile
3f69db38-9a63-40b8-9e1f-9b614d73bb9a,L1,Profile
3f69db38-9a63-40b8-9e1f-9b614d73bb9a,L1,Profile
3f69db38-9a63-40b8-9e1f-9b614d73bb9a,L1,Profile
3f69db38-9a63-40b8-9e1f-9b614d73bb9a,L1,Profile
3f69db38-9a63-40b8-9e1f-9b614d73bb9a,L1,Profile
3f69db38-9a63-40b8-9e1f-9b614d73bb9a,L1,Profile
3f69db38-9a63-40b8-9e1f-9b614d73bb9a,L1,Profile
3f69db38-9a63-40b8-9e1f-9b614d73bb9a,L1,Profile
3f69db38-9a63-40b8-9e1f-9b614d73bb9a,L1,Profile
3f69db38-9a63-40b8-9e1f-9b614d73bb9a,L1,Profile
3f69db38-9a63-40b8-9e1f-9b614d73bb9a,L1,Profile
3f69db38-9a63-40b8-9e1f-9b614d73bb9a,L1,Profile
3f69db38-9a63-40b8-9e1f-9b614d73bb9a,L1,Profile
3f69db38-9a63-40b8-9e1f-9b614d73bb9a,L1,Profile
3f69db38-9a63-40b8-9e1f-9b614d73bb9a,L1,Profile
3f69db38-9a63-40b8-9e1f-9b614d73bb9a,L1,Profile
3f69db38-9a63-40b8-9e1f-9b614d73bb9a,L1,Profile
3f69db38-9a63-40b8-9e1f-9b614d73bb9a,L1,Profile
3f69db38-9a63-40b8-9e1f-9b614d73bb9a,L1,Profile
3f69db38-9a63-40b8-9e1f-9b614d73bb9a,L1,Profile
3f69db38-9a63-40b8-9e1f-9b614d73bb9a,L1,Profile
3f69db38-9a63-40b8-9e1f-9b614d73bb9a,L1,Profile
3f69db38-9a63-40b8-9e1f-9b614d73bb9a,L1,Profile
3f69db38-9a63-40b8-9e1f-9b614d73bb9a,L1,Profile
3f69db38-9a63-40b8-9e1f-9b614d73bb9a,L1,Profile
3f69db38-9a63-40b8-9e1f-9b614d73bb9a,L1,Profile
3f69db38-9a63-40b8-9e1f-9b614d73bb9a,L1,Profile
3f69db38-9a63-40b8-9e1f-9b614d73bb9a,L1,Profile
3f69db38-9a63-40b8-9e1f-9b614d73bb9a,L1,Profile
3f69db38-9a63-40b8-9e1f-9b614d73bb9a,L1,Profile
3f69db38-9a63-40b8-9e1f-9b614d73bb9a,L1,Profile
3f69db38-9a63-40b8-9e1f-9b614d73bb9a,L1,Profile
3f69db38-9a63-40b8-9e1f-9b614d73bb9a,L1,Profile
3f69db38-9a63-40b8-9e1f-9b614d73bb9a,L1,Profile
3f69db38-9a63-40b8-9e1f-9b614d73bb9a,L1,Profile
3f69db38-9a63-40b8-9e1f-9b614d73bb9a,L1,Profile
3f69db38-9a63-40b8-9e1f-9b614d73bb9a,L1,Profile
3f69db38-9a63-40b8-9e1f-9b614d73bb9a,L1,Profile
3f69db38-9a63-40b8-9e1f-9b614d73bb9a,L1,Profile
3f69db38-9a63-40b8-9e1f-9b614d73bb9a,L1,Profile
3f69db38-9a63-40b8-9e1f-9b614d73bb9a,L1,Profile
3f69db38-9a63-40b8-9e1f-9b614d73bb9a,L1,Profile
3f69db38-9a63-40b8-9e1f-9b614d73bb9a,L1,Profile
3f69db38-9a63-40b8-9e1f-9b614d73bb9a,L1,Profile
3f69db38-9a63-40b8-9e1f-9b614d73bb9a,L1,Profile
3f69db38-9a63-40b8-9e1f-9b614d73bb9a,L1,Profile
3f69db38-9a63-40b8-9e1f-9b614d73bb9a,L1,Profile
3f69db38-9a63-40b8-9e1f-9b614d73bb9a,L1,Profile
3f69db38-9a63-40b8-9e1f-9b614d73bb9a,L1,Profile
3f69db38-9a63-40b8-9e1f-9b614d73bb9a,L1,Profile
3f69db38-9a63-40b8-9e1f-9b614d73bb9a,L1,Profile
3f69db38-9a63-40b8-9e1f-9b614d73bb9a,L1,Profile
3f69db38-9a63-40b8-9e1f-9b614d73bb9a,L1,Profile
3f69db38-9a63-40b8-9e1f-9b614d73bb9a,L1,Profile
3f69db38-9a63-40b8-9e1f-9b614d73bb9a,L1,Profile
3f69db38-9a63-40b8-9e1f-9b614d73bb9a,L1,Profile
3f69db38-9a63-40b8-9e1f-9b614d73bb9a,L1,Profile
3f69db38-9a63-40b8-9e1f-9b614d73bb9a,L1,Profile
3f69db38-9a63-40b8-9e1f-9b614d73bb9a,L1,Profile
3f69db38-9a63-40b8-9e1f-9b614d73bb9a,L1,Profile
3f69db38-9a63-40b8-9e1f-9b614d73bb9a,L1,Profile
3f69db38-9a63-40b8-9e1f-9b614d73bb9a,L1,Profile
3f69db38-9a63-40b8-9e1f-9b614d73bb9a,L1,Profile
3f69db38-9a63-40b8-9e1f-9b614d73bb9a,L1,Profile
3f69db38-9a63-40b8-9e1f-9b614d73bb9a,L1,Profile
3f69db38-9a63-40b8-9e1f-9b614d73bb9a,L1,Profile
3f69db38-9a63-40b8-9e1f-9b614d73bb9a,L1,Profile
3f69db38-9a63-40b8-9e1f-9b614d73bb9a,L1,Profile
3f69db38-9a63-40b8-9e1f-9b614d73bb9a,L1,Profile
3f69db38-9a63-40b8-9e1f-9b614d73bb9a,L1,Profile
3f69db38-9a63-40b8-9e1f-9b614d73bb9a,L1,Profile
3f69db38-9a63-40b8-9e1f-9b614d73bb9a,L1,Profile
3f69db38-9a63-40b8-9e1f-9b614d73bb9a,L1,Profile
3f69db38-9a63-40b8-9e1f-9b614d73bb9a,L1,Profile
3f69db38-9a63-40b8-9e1f-9b614d73bb9a,L1,Profile
3f69db38-9a63-40b8-9e1f-9b614d73bb9a,L1,Profile
3f69db38-9a63-40b8-9e1f-9b614d73bb9a,L1,Profile
3f69db38-9a63-40b8-9e1f-9b614d73bb9a,L1,Profile
3f69db38-9a63-40b8-9e1f-9b614d73bb9a,L1,Profile
3f69db38-9a63-40b8-9e1f-9b614d73bb9a,L1,Profile
3f69db38-9a63-40b8-9e1f-9b614d73bb9a,L1,Profile
3f69db38-9a63-40b8-9e1f-9b614d73bb9a,L1,Profile
3f69db38-9a63-40b8-9e1f-9b614d73bb9a,L1,Profile
3f69db38-9a63-40b8-9e1f-9b614d73bb9a,L1,Profile
3f69db38-9a63-40b8-9e1f-9b614d73bb9a,L1,Profile
3f69db38-9a63-40b8-9e1f-9b614d73bb9a,L1,Profile
3f69db38-9a63-40b8-9e1f-9b614d73bb9a,L1,Profile
3f69db38-9a63-40b8-9e1f-9b614d73bb9a,L1,Profile
3f69db38-9a63-40b8-9e1f-9b614d73bb9a,L1,Profile
3f69db38-9a63-40b8-9e1f-9b614d73bb9a,L1,Profile
3f69db38-9a63-40b8-9e1f-9b614d73bb9a,L1,Profile
3f69db38-9a63-40b8-9e1f-9b614d73bb9a,L1,Profile
3f69db38-9a63-40b8-9e1f-9b614d73bb9a,L1,Profile
3f69db38-9a63-40b8-9e1f-9b614d73bb9a,L1,Profile
3f69db38-9a63-40b8-9e1f-9b614d73bb9a,L1,Profile
3f69db38-9a63-40b8-9e1f-9b614d73bb9a,L1,Profile
3f69db38-9a63-40b8-9e1f-9b614d73bb9a,L1,Profile
3f69db38-9a63-40b8-9e1f-9b614d73bb9a,L1,Profile
3f69db38-9a63-40b8-9e1f-9b614d73bb9a,L1,Profile
3f69db38-9a63-40b8-9e1f-9b614d73bb9a,L1,Profile
3f69db38-9a63-40b8-9e1f-9b614d73bb9a,L1,Profile
3f69db38-9a63-40b8-9e1f-9b614d73bb9a,L1,Profile
3f69db38-9a63-40b8-9e1f-9b614d73bb9a,L1,Profile
3f69db38-9a63-40b8-9e1f-9b614d73bb9a,L1,Profile
3f69db38-9a63-40b8-9e1f-9b614d73bb9a,L1,Profile
3f69db38-9a63-40b8-9e1f-9b614d73bb9a,L1,Profile
3f69db38-9a63-40b8-9e1f-9b614d73bb9a,L1,Profile
3f69db38-9a63-40b8-9e1f-9b614d73bb9a,L1,Profile
3f69db38-9a63-40b8-9e1f-9b614d73bb9a,L1,Profile
3f69db38-9a63-40b8-9e1f-9b614d73bb9a,L1,Profile
3f69db38-9a63-40b8-9e1f-9b614d73bb9a,L1,Profile
3f69db38-9a63-40b8-9e1f-9b614d73bb9a,L1,Profile
3f69db38-9a63-40b8-9e1f-9b614d73bb9a,L1,Profile
3f69db38-9a63-40b8-9e1f-9b614d73bb9a,L1,Profile
3f69db38-9a63-40b8-9e1f-9b614d73bb9a,L1,Profile
3f69db38-9a63-40b8-9e1f-9b614d73bb9a,L1,Profile
3f69db38-9a63-40b8-9e1f-9b614d73bb9a,L1,Profile
3f69db38-9a63-40b8-9e1f-9b614d73bb9a,L1,Profile
3f69db38-9a63-40b8-9e1f-9b614d73bb9a,L1,Profile
3f69db38-9a63-40b8-9e1f-9b614d73bb9a,L1,Profile
3f69db38-9a63-40b8-9e1f-9b614d73bb9a,L1,Profile
3f69db38-9a63-40b8-9e1f-9b614d73bb9a,L1,Profile
3f69db38-9a63-40b8-9e1f-9b614d73bb9a,L1,Profile
3f69db38-9a63-40b8-9e1f-9b614d73bb9a,L1,Profile
3f69db38-9a63-40b8-9e1f-9b614d73bb9a,L1,Profile
3f69db38-9a63-40b8-9e1f-9b614d73bb9a,L1,Profile
3f69db38-9a63-40b8-9e1f-9b614d73bb9a,L1,Profile
3f69db38-9a63-40b8-9e1f-9b614d73bb9a,L1,Profile
3f69db38-9a63-40b8-9e1f-9b614d73bb9a,L1,Profile
3f69db38-9a63-40b8-9e1f-9b614d73bb9a,L1,Profile
3f69db38-9a63-40b8-9e1f-9b614d73bb9a,L1,Profile
3f69db38-9a63-40b8-9e1f-9b614d73bb9a,L1,Profile
3f69db38-9a63-40b8-9e1f-9b614d73bb9a,L1,Profile
3f69db38-9a63-40b8-9e1f-9b614d73bb9a,L1,Profile
3f69db38-9a63-40b8-9e1f-9b614d73bb9a,L1,Profile
3f69db38-9a63-40b8-9e1f-9b614d73bb9a,L1,Profile
3f69db38-9a63-40b8-9e1f-9b614d73bb9a,L1,Profile
3f69db38-9a63-40b8-9e1f-9b614d73bb9a,L1,Profile
3f69db38-9a63-40b8-9e1f-9b614d73bb9a,L1,Profile
3f69db38-9a63-40b8-9e1f-9b614d73bb9a,L1,Profile
3f69db38-9a63-40b8-9e1f-9b614d73bb9a,L1,Profile
3f69db38-9a63-40b8-9e1f-9b614d73bb9a,L1,Profile
3f69db38-9a63-40b8-9e1f-9b614d73bb9a,L1,Profile
3f69db38-9a63-40b8-9e1f-9b614d73bb9a,L1,Profile
3f69db38-9a63-40b8-9e1f-9b614d73bb9a,L1,Profile
3f69db38-9a63-40b8-9e1f-9b614d73bb9a,L1,Profile
3f69db38-9a63-40b8-9e1f-9b614d73bb9a,L1,Profile
3f69db38-9a63-40b8-9e1f-9b614d73bb9a,L1,Profile
3f69db38-9a63-40b8-9e1f-9b614d73bb9a,L1,Profile
3f69db38-9a63-40b8-9e1f-9b614d73bb9a,L1,Profile
3f69db38-9a63-40b8-9e1f-9b614d73bb9a,L1,Profile
3f69db38-9a63-40b8-9e1f-9b614d73bb9a,L1,Profile
3f69db38-9a63-40b8-9e1f-9b614d73bb9a,L1,Profile
3f69db38-9a63-40b8-9e1f-9b614d73bb9a,L1,Profile
3f69db38-9a63-40b8-9e1f-9b614d73bb9a,L1,Profile
3f69db38-9a63-40b8-9e1f-9b614d73bb9a,L1,Profile
3f69db38-9a63-40b8-9e1f-9b614d73bb9a,L1,Profile
3f69db38-9a63-40b8-9e1f-9b614d73bb9a,L1,Profile
3f69db38-9a63-40b8-9e1f-9b614d73bb9a,L1,Profile
3f69db38-9a63-40b8-9e1f-9b614d73bb9a,L1,Profile
3f69db38-9a63-40b8-9e1f-9b614d73bb9a,L1,Profile
3f69db38-9a63-40b8-9e1f-9b614d73bb9a,L1,Profile
3f69db38-9a63-40b8-9e1f-9b614d73bb9a,L1,Profile
3f69db38-9a63-40b8-9e1f-9b614d73bb9a,L1,Profile
3f69db38-9a63-40b8-9e1f-9b614d73bb9a,L1,Profile
3f69db38-9a63-40b8-9e1f-9b614d73bb9a,L1,Profile
3f69db38-9a63-40b8-9e1f-9b614d73bb9a,L1,Profile
3f69db38-9a63-40b8-9e1f-9b614d73bb9a,L1,Profile
3f69db38-9a63-40b8-9e1f-9b614d73bb9a,L1,Profile
3f69db38-9a63-40b8-9e1f-9b614d73bb9a,L1,Profile
3f69db38-9a63-40b8-9e1f-9b614d73bb9a,L1,Profile
3f69db38-9a63-40b8-9e1f-9b614d73bb9a,L1,Profile
3f69db38-9a63-40b8-9e1f-9b614d73bb9a,L1,Profile
3f69db38-9a63-40b8-9e1f-9b614d73bb9a,L1,Profile
3f69db38-9a63-40b8-9e1f-9b614d73bb9a,L1,Profile
3f69db38-9a63-40b8-9e1f-9b614d73bb9a,L1,Profile
3f69db38-9a63-40b8-9e1f-9b614d73bb9a,L1,Profile
3f69db38-9a63-40b8-9e1f-9b614d73bb9a,L1,Profile
3f69db38-9a63-40b8-9e1f-9b614d73bb9a,L1,Profile
3f69db38-9a63-40b8-9e1f-9b614d73bb9a,L1,Profile
3f69db38-9a63-40b8-9e1f-9b614d73bb9a,L1,Profile
3f69db38-9a63-40b8-9e1f-9b614d73bb9a,L1,Profile
3f69db38-9a63-40b8-9e1f-9b614d73bb9a,L1,Profile
3f69db38-9a63-40b8-9e1f-9b614d73bb9a,L1,Profile
3f69db38-9a63-40b8-9e1f-9b614d73bb9a,L1,Profile
3f69db38-9a63-40b8-9e1f-9b614d73bb9a,L1,Profile
3f69db38-9a63-40b8-9e1f-9b614d73bb9a,L1,Profile
3f69db38-9a63-40b8-9e1f-9b614d73bb9a,L1,Profile
3f69db38-9a63-40b8-9e1f-9b614d73bb9a,L1,Profile
3f69db38-9a63-40b8-9e1f-9b614d73bb9a,L1,Profile
3f69db38-9a63-40b8-9e1f-9b614d73bb9a,L1,Profile
3f69db38-9a63-40b8-9e1f-9b614d73bb9a,L1,Profile
3f69db38-9a63-40b8-9e1f-9b614d73bb9a,L1,Profile
3f69db38-9a63-40b8-9e1f-9b614d73bb9a,L1,Profile
3f69db38-9a63-40b8-9e1f-9b614d73bb9a,L1,Profile
3f69db38-9a63-40b8-9e1f-9b614d73bb9a,L1,Profile
3f69db38-9a63-40b8-9e1f-9b614d73bb9a,L1,Profile
3f69db38-9a63-40b8-9e1f-9b614d73bb9a,L1,Profile
3f69db38-9a63-40b8-9e1f-9b614d73bb9a,L1,Profile
3f69db38-9a63-40b8-9e1f-9b614d73bb9a,L1,Profile
3f69db38-9a63-40b8-9e1f-9b614d73bb9a,L1,Profile
3f69db38-9a63-40b8-9e1f-9b614d73bb9a,L1,Profile
3f69db38-9a63-40b8-9e1f-9b614d73bb9a,L1,Profile
3f69db38-9a63-40b8-9e1f-9b614d73bb9a,L1,Profile
3f69db38-9a63-40b8-9e1f-9b614d73bb9a,L1,Profile
3f69db38-9a63-40b8-9e1f-9b614d73bb9a,L1,Profile
3f69db38-9a63-40b8-9e1f-9b614d73bb9a,L1,Profile
3f69db38-9a63-40b8-9e1f-9b614d73bb9a,L1,Profile
3f69db38-9a63-40b8-9e1f-9b614d73bb9a,L1,Profile
3f69db38-9a63-40b8-9e1f-9b614d73bb9a,L1,Profile
3f69db38-9a63-40b8-9e1f-9b614d73bb9a,L1,Profile
3f69db38-9a63-40b8-9e1f-9b614d73bb9a,L1,Profile
3f69db38-9a63-40b8-9e1f-9b614d73bb9a,L1,Profile
3f69db38-9a63-40b8-9e1f-9b614d73bb9a,L1,Profile
3f69db38-9a63-40b8-9e1f-9b614d73bb9a,L1,Profile
3f69db38-9a63-40b8-9e1f-9b614d73bb9a,L1,Profile
3f69db38-9a63-40b8-9e1f-9b614d73bb9a,L1,Profile
3f69db38-9a63-40b8-9e1f-9b614d73bb9a,L1,Profile
3f69db38-9a63-40b8-9e1f-9b614d73bb9a,L1,Profile
3f69db38-9a63-40b8-9e1f-9b614d73bb9a,L1,Profile
3f69db38-9a63-40b8-9e1f-9b614d73bb9a,L1,Profile
3f69db38-9a63-40b8-9e1f-9b614d73bb9a,L1,Profile
3f69db38-9a63-40b8-9e1f-9b614d73bb9a,L1,Profile
3f69db38-9a63-40b8-9e1f-9b614d73bb9a,L1,Profile
3f69db38-9a63-40b8-9e1f-9b614d73bb9a,L1,Profile
3f69db38-9a63-40b8-9e1f-9b614d73bb9a,L1,Profile
3f69db38-9a63-40b8-9e1f-9b614d73bb9a,L1,Profile
3f69db38-9a63-40b8-9e1f-9b614d73bb9a,L1,Profile
3f69db38-9a63-40b8-9e1f-9b614d73bb9a,L1,Profile
3f69db38-9a63-40b8-9e1f-9b614d73bb9a,L1,Profile
3f69db38-9a63-40b8-9e1f-9b614d73bb9a,L1,Profile
3f69db38-9a63-40b8-9e1f-9b614d73bb9a,L1,Profile
3f69db38-9a63-40b8-9e1f-9b614d73bb9a,L1,Profile
3f69db38-9a63-40b8-9e1f-9b614d73bb9a,L1,Profile
3f69db38-9a63-40b8-9e1f-9b614d73bb9a,L1,Profile
3f69db38-9a63-40b8-9e1f-9b614d73bb9a,L1,Profile
3f69db38-9a63-40b8-9e1f-9b614d73bb9a,L1,Profile
3f69db38-9a63-40b8-9e1f-9b614d73bb9a,L1,Profile
3f69db38-9a63-40b8-9e1f-9b614d73bb9a,L1,Profile
3f69db38-9a63-40b8-9e1f-9b614d73bb9a,L1,Profile
3f69db38-9a63-40b8-9e1f-9b614d73bb9a,L1,Profile
3f69db38-9a63-40b8-9e1f-9b614d73bb9a,L1,Profile
3f69db38-9a63-40b8-9e1f-9b614d73bb9a,L1,Profile
3f69db38-9a63-40b8-9e1f-9b614d73bb9a,L1,Profile
3f69db38-9a63-40b8-9e1f-9b614d73bb9a,L1,Profile
3f69db38-9a63-40b8-9e1f-9b614d73bb9a,L1,Profile
3f69db38-9a63-40b8-9e1f-9b614d73bb9a,L1,Profile
3f69db38-9a63-40b8-9e1f-9b614d73bb9a,L1,Profile
3f69db38-9a63-40b8-9e1f-9b614d73bb9a,L1,Profile
3f69db38-9a63-40b8-9e1f-9b614d73bb9a,L1,Profile
3f69db38-9a63-40b8-9e1f-9b614d73bb9a,L1,Profile
3f69db38-9a63-40b8-9e1f-9b614d73bb9a,L1,Profile
3f69db38-9a63-40b8-9e1f-9b614d73bb9a,L1,Profile
3f69db38-9a63-40b8-9e1f-9b614d73bb9a,L1,Profile
3f69db38-9a63-40b8-9e1f-9b614d73bb9a,L1,Profile
3f69db38-9a63-40b8-9e1f-9b614d73bb9a,L1,Profile
3f69db38-9a63-40b8-9e1f-9b614d73bb9a,L1,Profile
3f69db38-9a63-40b8-9e1f-9b614d73bb9a,L1,Profile
3f69db38-9a63-40b8-9e1f-9b614d73bb9a,L1,Profile
3f69db38-9a63-40b8-9e1f-9b614d73bb9a,L1,Profile
3f69db38-9a63-40b8-9e1f-9b614d73bb9a,L1,Profile
3f69db38-9a63-40b8-9e1f-9b614d73bb9a,L1,Profile
3f69db38-9a63-40b8-9e1f-9b614d73bb9a,L1,Profile
3f69db38-9a63-40b8-9e1f-9b614d73bb9a,L1,Profile
3f69db38-9a63-40b8-9e1f-9b614d73bb9a,L1,Profile
3f69db38-9a63-40b8-9e1f-9b614d73bb9a,L1,Profile
3f69db38-9a63-40b8-9e1f-9b614d73bb9a,L1,Profile
3f69db38-9a63-40b8-9e1f-9b614d73bb9a,L1,Profile
3f69db38-9a63-40b8-9e1f-9b614d73bb9a,L1,Profile
3f69db38-9a63-40b8-9e1f-9b614d73bb9a,L1,Profile
3f69db38-9a63-40b8-9e1f-9b614d73bb9a,L1,Profile
3f69db38-9a63-40b8-9e1f-9b614d73bb9a,L1,Profile
3f69db38-9a63-40b8-9e1f-9b614d73bb9a,L1,Profile
3f69db38-9a63-40b8-9e1f-9b614d73bb9a,L1,Profile
3f69db38-9a63-40b8-9e1f-9b614d73bb9a,L1,Profile
3f69db38-9a63-40b8-9e1f-9b614d73bb9a,L1,Profile
3f69db38-9a63-40b8-9e1f-9b614d73bb9a,L1,Profile
3f69db38-9a63-40b8-9e1f-9b614d73bb9a,L1,Profile
3f69db38-9a63-40b8-9e1f-9b614d73bb9a,L1,Profile
3f69db38-9a63-40b8-9e1f-9b614d73bb9a,L1,Profile
3f69db38-9a63-40b8-9e1f-9b614d73bb9a,L1,Profile
3f69db38-9a63-40b8-9e1f-9b614d73bb9a,L1,Profile
3f69db38-9a63-40b8-9e1f-9b614d73bb9a,L1,Profile
3f69db38-9a63-40b8-9e1f-9b614d73bb9a,L1,Profile
3f69db38-9a63-40b8-9e1f-9b614d73bb9a,L1,Profile
3f69db38-9a63-40b8-9e1f-9b614d73bb9a,L1,Profile
3f69db38-9a63-40b8-9e1f-9b614d73bb9a,L1,Profile
3f69db38-9a63-40b8-9e1f-9b614d73bb9a,L1,Profile
3f69db38-9a63-40b8-9e1f-9b614d73bb9a,L1,Profile
3f69db38-9a63-40b8-9e1f-9b614d73bb9a,L1,Profile
3f69db38-9a63-40b8-9e1f-9b614d73bb9a,L1,Profile
3f69db38-9a63-40b8-9e1f-9b614d73bb9a,L1,Profile
3f69db38-9a63-40b8-9e1f-9b614d73bb9a,L1,Profile
3f69db38-9a63-40b8-9e1f-9b614d73bb9a,L1,Profile
3f69db38-9a63-40b8-9e1f-9b614d73bb9a,L1,Profile
3f69db38-9a63-40b8-9e1f-9b614d73bb9a,L1,Profile
3f69db38-9a63-40b8-9e1f-9b614d73bb9a,L1,Profile
3f69db38-9a63-40b8-9e1f-9b614d73bb9a,L1,Profile
3f69db38-9a63-40b8-9e1f-9b614d73bb9a,L1,Profile
3f69db38-9a63-40b8-9e1f-9b614d73bb9a,L1,Profile
3f69db38-9a63-40b8-9e1f-9b614d73bb9a,L1,Profile
3f69db38-9a63-40b8-9e1f-9b614d73bb9a,L1,Profile
3f69db38-9a63-40b8-9e1f-9b614d73bb9a,L1,Profile
3f69db38-9a63-40b8-9e1f-9b614d73bb9a,L1,Profile
3f69db38-9a63-40b8-9e1f-9b614d73bb9a,L1,Profile
3f69db38-9a63-40b8-9e1f-9b614d73bb9a,L1,Profile
3f69db38-9a63-40b8-9e1f-9b614d73bb9a,L1,Profile
3f69db38-9a63-40b8-9e1f-9b614d73bb9a,L1,Profile
3f69db38-9a63-40b8-9e1f-9b614d73bb9a,L1,Profile
3f69db38-9a63-40b8-9e1f-9b614d73bb9a,L1,Profile
3f69db38-9a63-40b8-9e1f-9b614d73bb9a,L1,Profile
3f69db38-9a63-40b8-9e1f-9b614d73bb9a,L1,Profile
3f69db38-9a63-40b8-9e1f-9b614d73bb9a,L1,Profile
3f69db38-9a63-40b8-9e1f-9b614d73bb9a,L1,Profile
3f69db38-9a63-40b8-9e1f-9b614d73bb9a,L1,Profile
3f69db38-9a63-40b8-9e1f-9b614d73bb9a,L1,Profile
3f69db38-9a63-40b8-9e1f-9b614d73bb9a,L1,Profile
3f69db38-9a63-40b8-9e1f-9b614d73bb9a,L1,Profile
3f69db38-9a63-40b8-9e1f-9b614d73bb9a,L1,Profile
3f69db38-9a63-40b8-9e1f-9b614d73bb9a,L1,Profile
3f69db38-9a63-40b8-9e1f-9b614d73bb9a,L1,Profile
3f69db38-9a63-40b8-9e1f-9b614d73bb9a,L1,Profile
3f69db38-9a63-40b8-9e1f-9b614d73bb9a,L1,Profile
3f69db38-9a63-40b8-9e1f-9b614d73bb9a,L1,Profile
3f69db38-9a63-40b8-9e1f-9b614d73bb9a,L1,Profile
3f69db38-9a63-40b8-9e1f-9b614d73bb9a,L1,Profile
3f69db38-9a63-40b8-9e1f-9b614d73bb9a,L1,Profile
3f69db38-9a63-40b8-9e1f-9b614d73bb9a,L1,Profile
3f69db38-9a63-40b8-9e1f-9b614d73bb9a,L1,Profile
3f69db38-9a63-40b8-9e1f-9b614d73bb9a,L1,Profile
3f69db38-9a63-40b8-9e1f-9b614d73bb9a,L1,Profile
3f69db38-9a63-40b8-9e1f-9b614d73bb9a,L1,Profile
3f69db38-9a63-40b8-9e1f-9b614d73bb9a,L1,Profile
3f69db38-9a63-40b8-9e1f-9b614d73bb9a,L1,Profile
3f69db38-9a63-40b8-9e1f-9b614d73bb9a,L1,Profile
3f69db38-9a63-40b8-9e1f-9b614d73bb9a,L1,Profile
3f69db38-9a63-40b8-9e1f-9b614d73bb9a,L1,Profile
3f69db38-9a63-40b8-9e1f-9b614d73bb9a,L1,Profile
3f69db38-9a63-40b8-9e1f-9b614d73bb9a,L1,Profile
3f69db38-9a63-40b8-9e1f-9b614d73bb9a,L1,Profile
3f69db38-9a63-40b8-9e1f-9b614d73bb9a,L1,Profile
3f69db38-9a63-40b8-9e1f-9b614d73bb9a,L1,Profile
3f69db38-9a63-40b8-9e1f-9b614d73bb9a,L1,Profile
3f69db38-9a63-40b8-9e1f-9b614d73bb9a,L1,Profile
3f69db38-9a63-40b8-9e1f-9b614d73bb9a,L1,Profile
3f69db38-9a63-40b8-9e1f-9b614d73bb9a,L1,Profile
3f69db38-9a63-40b8-9e1f-9b614d73bb9a,L1,Profile
3f69db38-9a63-40b8-9e1f-9b614d73bb9a,L1,Profile
3f69db38-9a63-40b8-9e1f-9b614d73bb9a,L1,Profile
3f69db38-9a63-40b8-9e1f-9b614d73bb9a,L1,Profile
3f69db38-9a63-40b8-9e1f-9b614d73bb9a,L1,Profile
3f69db38-9a63-40b8-9e1f-9b614d73bb9a,L1,Profile
3f69db38-9a63-40b8-9e1f-9b614d73bb9a,L1,Profile
3f69db38-9a63-40b8-9e1f-9b614d73bb9a,L1,Profile
3f69db38-9a63-40b8-9e1f-9b614d73bb9a,L1,Profile
3f69db38-9a63-40b8-9e1f-9b614d73bb9a,L1,Profile
3f69db38-9a63-40b8-9e1f-9b614d73bb9a,L1,Profile
3f69db38-9a63-40b8-9e1f-9b614d73bb9a,L1,Profile
3f69db38-9a63-40b8-9e1f-9b614d73bb9a,L1,Profile
3f69db38-9a63-40b8-9e1f-9b614d73bb9a,L1,Profile
3f69db38-9a63-40b8-9e1f-9b614d73bb9a,L1,Profile
3f69db38-9a63-40b8-9e1f-9b614d73bb9a,L1,Profile
3f69db38-9a63-40b8-9e1f-9b614d73bb9a,L1,Profile
3f69db38-9a63-40b8-9e1f-9b614d73bb9a,L1,Profile
3f69db38-9a63-40b8-9e1f-9b614d73bb9a,L1,Profile
3f69db38-9a63-40b8-9e1f-9b614d73bb9a,L1,Profile
3f69db38-9a63-40b8-9e1f-9b614d73bb9a,L1,Profile
3f69db38-9a63-40b8-9e1f-9b614d73bb9a,L1,Profile
3f69db38-9a63-40b8-9e1f-9b614d73bb9a,L1,Profile
3f69db38-9a63-40b8-9e1f-9b614d73bb9a,L1,Profile
3f69db38-9a63-40b8-9e1f-9b614d73bb9a,L1,Profile
3f69db38-9a63-40b8-9e1f-9b614d73bb9a,L1,Profile
3f69db38-9a63-40b8-9e1f-9b614d73bb9a,L1,Profile
3f69db38-9a63-40b8-9e1f-9b614d73bb9a,L1,Profile
3f69db38-9a63-40b8-9e1f-9b614d73bb9a,L1,Profile
3f69db38-9a63-40b8-9e1f-9b614d73bb9a,L1,Profile
3f69db38-9a63-40b8-9e1f-9b614d73bb9a,L1,Profile
3f69db38-9a63-40b8-9e1f-9b614d73bb9a,L1,Profile
3f69db38-9a63-40b8-9e1f-9b614d73bb9a,L1,Profile
3f69db38-9a63-40b8-9e1f-9b614d73bb9a,L1,Profile
3f69db38-9a63-40b8-9e1f-9b614d73bb9a,L1,Profile
3f69db38-9a63-40b8-9e1f-9b614d73bb9a,L1,Profile
3f69db38-9a63-40b8-9e1f-9b614d73bb9a,L1,Profile
3f69db38-9a63-40b8-9e1f-9b614d73bb9a,L1,Profile
3f69db38-9a63-40b8-9e1f-9b614d73bb9a,L1,Profile
3f69db38-9a63-40b8-9e1f-9b614d73bb9a,L1,Profile
3f69db38-9a63-40b8-9e1f-9b614d73bb9a,L1,Profile
3f69db38-9a63-40b8-9e1f-9b614d73bb9a,L1,Profile
3f69db38-9a63-40b8-9e1f-9b614d73bb9a,L1,Profile
3f69db38-9a63-40b8-9e1f-9b614d73bb9a,L1,Profile
3f69db38-9a63-40b8-9e1f-9b614d73bb9a,L1,Profile
3f69db38-9a63-40b8-9e1f-9b614d73bb9a,L1,Profile
3f69db38-9a63-40b8-9e1f-9b614d73bb9a,L1,Profile
3f69db38-9a63-40b8-9e1f-9b614d73bb9a,L1,Profile
3f69db38-9a63-40b8-9e1f-9b614d73bb9a,L1,Profile
3f69db38-9a63-40b8-9e1f-9b614d73bb9a,L1,Profile
3f69db38-9a63-40b8-9e1f-9b614d73bb9a,L1,Profile
3f69db38-9a63-40b8-9e1f-9b614d73bb9a,L1,Profile
3f69db38-9a63-40b8-9e1f-9b614d73bb9a,L1,Profile
3f69db38-9a63-40b8-9e1f-9b614d73bb9a,L1,Profile
3f69db38-9a63-40b8-9e1f-9b614d73bb9a,L1,Profile
3f69db38-9a63-40b8-9e1f-9b614d73bb9a,L1,Profile
3f69db38-9a63-40b8-9e1f-9b614d73bb9a,L1,Profile
3f69db38-9a63-40b8-9e1f-9b614d73bb9a,L1,Profile
3f69db38-9a63-40b8-9e1f-9b614d73bb9a,L1,Profile
3f69db38-9a63-40b8-9e1f-9b614d73bb9a,L1,Profile
3f69db38-9a63-40b8-9e1f-9b614d73bb9a,L1,Profile
3f69db38-9a63-40b8-9e1f-9b614d73bb9a,L1,Profile
3f69db38-9a63-40b8-9e1f-9b614d73bb9a,L1,Profile
3f69db38-9a63-40b8-9e1f-9b614d73bb9a,L1,Profile
3f69db38-9a63-40b8-9e1f-9b614d73bb9a,L1,Profile
3f69db38-9a63-40b8-9e1f-9b614d73bb9a,L1,Profile
3f69db38-9a63-40b8-9e1f-9b614d73bb9a,L1,Profile
3f69db38-9a63-40b8-9e1f-9b614d73bb9a,L1,Profile
3f69db38-9a63-40b8-9e1f-9b614d73bb9a,L1,Profile
3f69db38-9a63-40b8-9e1f-9b614d73bb9a,L1,Profile
3f69db38-9a63-40b8-9e1f-9b614d73bb9a,L1,Profile
3f69db38-9a63-40b8-9e1f-9b614d73bb9a,L1,Profile
3f69db38-9a63-40b8-9e1f-9b614d73bb9a,L1,Profile
3f69db38-9a63-40b8-9e1f-9b614d73bb9a,L1,Profile
3f69db38-9a63-40b8-9e1f-9b614d73bb9a,L1,Profile
3f69db38-9a63-40b8-9e1f-9b614d73bb9a,L1,Profile
3f69db38-9a63-40b8-9e1f-9b614d73bb9a,L1,Profile
3f69db38-9a63-40b8-9e1f-9b614d73bb9a,L1,Profile
3f69db38-9a63-40b8-9e1f-9b614d73bb9a,L1,Profile
3f69db38-9a63-40b8-9e1f-9b614d73bb9a,L1,Profile
3f69db38-9a63-40b8-9e1f-9b614d73bb9a,L1,Profile
3f69db38-9a63-40b8-9e1f-9b614d73bb9a,L1,Profile
3f69db38-9a63-40b8-9e1f-9b614d73bb9a,L1,Profile
3f69db38-9a63-40b8-9e1f-9b614d73bb9a,L1,Profile
3f69db38-9a63-40b8-9e1f-9b614d73bb9a,L1,Profile
3f69db38-9a63-40b8-9e1f-9b614d73bb9a,L1,Profile
3f69db38-9a63-40b8-9e1f-9b614d73bb9a,L1,Profile
3f69db38-9a63-40b8-9e1f-9b614d73bb9a,L1,Profile
3f69db38-9a63-40b8-9e1f-9b614d73bb9a,L1,Profile
3f69db38-9a63-40b8-9e1f-9b614d73bb9a,L1,Profile
3f69db38-9a63-40b8-9e1f-9b614d73bb9a,L1,Profile
3f69db38-9a63-40b8-9e1f-9b614d73bb9a,L1,Profile
3f69db38-9a63-40b8-9e1f-9b614d73bb9a,L1,Profile
3f69db38-9a63-40b8-9e1f-9b614d73bb9a,L1,Profile
3f69db38-9a63-40b8-9e1f-9b614d73bb9a,L1,Profile
3f69db38-9a63-40b8-9e1f-9b614d73bb9a,L1,Profile
3f69db38-9a63-40b8-9e1f-9b614d73bb9a,L1,Profile
3f69db38-9a63-40b8-9e1f-9b614d73bb9a,L1,Profile
3f69db38-9a63-40b8-9e1f-9b614d73bb9a,L1,Profile
3f69db38-9a63-40b8-9e1f-9b614d73bb9a,L1,Profile
3f69db38-9a63-40b8-9e1f-9b614d73bb9a,L1,Profile
3f69db38-9a63-40b8-9e1f-9b614d73bb9a,L1,Profile
3f69db38-9a63-40b8-9e1f-9b614d73bb9a,L1,Profile
3f69db38-9a63-40b8-9e1f-9b614d73bb9a,L1,Profile
3f69db38-9a63-40b8-9e1f-9b614d73bb9a,L1,Profile
3f69db38-9a63-40b8-9e1f-9b614d73bb9a,L1,Profile
3f69db38-9a63-40b8-9e1f-9b614d73bb9a,L1,Profile
3f69db38-9a63-40b8-9e1f-9b614d73bb9a,L1,Profile
3f69db38-9a63-40b8-9e1f-9b614d73bb9a,L1,Profile
3f69db38-9a63-40b8-9e1f-9b614d73bb9a,L1,Profile
3f69db38-9a63-40b8-9e1f-9b614d73bb9a,L1,Profile
3f69db38-9a63-40b8-9e1f-9b614d73bb9a,L1,Profile
3f69db38-9a63-40b8-9e1f-9b614d73bb9a,L1,Profile
3f69db38-9a63-40b8-9e1f-9b614d73bb9a,L1,Profile
3f69db38-9a63-40b8-9e1f-9b614d73bb9a,L1,Profile
3f69db38-9a63-40b8-9e1f-9b614d73bb9a,L1,Profile
3f69db38-9a63-40b8-9e1f-9b614d73bb9a,L1,Profile
3f69db38-9a63-40b8-9e1f-9b614d73bb9a,L1,Profile
3f69db38-9a63-40b8-9e1f-9b614d73bb9a,L1,Profile
3f69db38-9a63-40b8-9e1f-9b614d73bb9a,L1,Profile
3f69db38-9a63-40b8-9e1f-9b614d73bb9a,L1,Profile
3f69db38-9a63-40b8-9e1f-9b614d73bb9a,L1,Profile
3f69db38-9a63-40b8-9e1f-9b614d73bb9a,L1,Profile
3f69db38-9a63-40b8-9e1f-9b614d73bb9a,L1,Profile
3f69db38-9a63-40b8-9e1f-9b614d73bb9a,L1,Profile
3f69db38-9a63-40b8-9e1f-9b614d73bb9a,L1,Profile
3f69db38-9a63-40b8-9e1f-9b614d73bb9a,L1,Profile
3f69db38-9a63-40b8-9e1f-9b614d73bb9a,L1,Profile
3f69db38-9a63-40b8-9e1f-9b614d73bb9a,L1,Profile
3f69db38-9a63-40b8-9e1f-9b614d73bb9a,L1,Profile
3f69db38-9a63-40b8-9e1f-9b614d73bb9a,L1,Profile
3f69db38-9a63-40b8-9e1f-9b614d73bb9a,L1,Profile
3f69db38-9a63-40b8-9e1f-9b614d73bb9a,L1,Profile
3f69db38-9a63-40b8-9e1f-9b614d73bb9a,L1,Profile
3f69db38-9a63-40b8-9e1f-9b614d73bb9a,L1,Profile
3f69db38-9a63-40b8-9e1f-9b614d73bb9a,L1,Profile
3f69db38-9a63-40b8-9e1f-9b614d73bb9a,L1,Profile
3f69db38-9a63-40b8-9e1f-9b614d73bb9a,L1,Profile
3f69db38-9a63-40b8-9e1f-9b614d73bb9a,L1,Profile
3f69db38-9a63-40b8-9e1f-9b614d73bb9a,L1,Profile
3f69db38-9a63-40b8-9e1f-9b614d73bb9a,L1,Profile
3f69db38-9a63-40b8-9e1f-9b614d73bb9a,L1,Profile
3f69db38-9a63-40b8-9e1f-9b614d73bb9a,L1,Profile
3f69db38-9a63-40b8-9e1f-9b614d73bb9a,L1,Profile
3f69db38-9a63-40b8-9e1f-9b614d73bb9a,L1,Profile
3f69db38-9a63-40b8-9e1f-9b614d73bb9a,L1,Profile
3f69db38-9a63-40b8-9e1f-9b614d73bb9a,L1,Profile
3f69db38-9a63-40b8-9e1f-9b614d73bb9a,L1,Profile
3f69db38-9a63-40b8-9e1f-9b614d73bb9a,L1,Profile
3f69db38-9a63-40b8-9e1f-9b614d73bb9a,L1,Profile
3f69db38-9a63-40b8-9e1f-9b614d73bb9a,L1,Profile
3f69db38-9a63-40b8-9e1f-9b614d73bb9a,L1,Profile
3f69db38-9a63-40b8-9e1f-9b614d73bb9a,L1,Profile
3f69db38-9a63-40b8-9e1f-9b614d73bb9a,L1,Profile
3f69db38-9a63-40b8-9e1f-9b614d73bb9a,L1,Profile
3f69db38-9a63-40b8-9e1f-9b614d73bb9a,L1,Profile
3f69db38-9a63-40b8-9e1f-9b614d73bb9a,L1,Profile
3f69db38-9a63-40b8-9e1f-9b614d73bb9a,L1,Profile
3f69db38-9a63-40b8-9e1f-9b614d73bb9a,L1,Profile
3f69db38-9a63-40b8-9e1f-9b614d73bb9a,L1,Profile
3f69db38-9a63-40b8-9e1f-9b614d73bb9a,L1,Profile
3f69db38-9a63-40b8-9e1f-9b614d73bb9a,L1,Profile
3f69db38-9a63-40b8-9e1f-9b614d73bb9a,L1,Profile
3f69db38-9a63-40b8-9e1f-9b614d73bb9a,L1,Profile
3f69db38-9a63-40b8-9e1f-9b614d73bb9a,L1,Profile
3f69db38-9a63-40b8-9e1f-9b614d73bb9a,L1,Profile
3f69db38-9a63-40b8-9e1f-9b614d73bb9a,L1,Profile
3f69db38-9a63-40b8-9e1f-9b614d73bb9a,L1,Profile
3f69db38-9a63-40b8-9e1f-9b614d73bb9a,L1,Profile
3f69db38-9a63-40b8-9e1f-9b614d73bb9a,L1,Profile
3f69db38-9a63-40b8-9e1f-9b614d73bb9a,L1,Profile
3f69db38-9a63-40b8-9e1f-9b614d73bb9a,L1,Profile
3f69db38-9a63-40b8-9e1f-9b614d73bb9a,L1,Profile
3f69db38-9a63-40b8-9e1f-9b614d73bb9a,L1,Profile
3f69db38-9a63-40b8-9e1f-9b614d73bb9a,L1,Profile
3f69db38-9a63-40b8-9e1f-9b614d73bb9a,L1,Profile
3f69db38-9a63-40b8-9e1f-9b614d73bb9a,L1,Profile
3f69db38-9a63-40b8-9e1f-9b614d73bb9a,L1,Profile
3f69db38-9a63-40b8-9e1f-9b614d73bb9a,L1,Profile
3f69db38-9a63-40b8-9e1f-9b614d73bb9a,L1,Profile
3f69db38-9a63-40b8-9e1f-9b614d73bb9a,L1,Profile
3f69db38-9a63-40b8-9e1f-9b614d73bb9a,L1,Profile
3f69db38-9a63-40b8-9e1f-9b614d73bb9a,L1,Profile
3f69db38-9a63-40b8-9e1f-9b614d73bb9a,L1,Profile
3f69db38-9a63-40b8-9e1f-9b614d73bb9a,L1,Profile
3f69db38-9a63-40b8-9e1f-9b614d73bb9a,L1,Profile
3f69db38-9a63-40b8-9e1f-9b614d73bb9a,L1,Profile
3f69db38-9a63-40b8-9e1f-9b614d73bb9a,L1,Profile
3f69db38-9a63-40b8-9e1f-9b614d73bb9a,L1,Profile
3f69db38-9a63-40b8-9e1f-9b614d73bb9a,L1,Profile
3f69db38-9a63-40b8-9e1f-9b614d73bb9a,L1,Profile
3f69db38-9a63-40b8-9e1f-9b614d73bb9a,L1,Profile
3f69db38-9a63-40b8-9e1f-9b614d73bb9a,L1,Profile
3f69db38-9a63-40b8-9e1f-9b614d73bb9a,L1,Profile
3f69db38-9a63-40b8-9e1f-9b614d73bb9a,L1,Profile
3f69db38-9a63-40b8-9e1f-9b614d73bb9a,L1,Profile
3f69db38-9a63-40b8-9e1f-9b614d73bb9a,L1,Profile
3f69db38-9a63-40b8-9e1f-9b614d73bb9a,L1,Profile
3f69db38-9a63-40b8-9e1f-9b614d73bb9a,L1,Profile
3f69db38-9a63-40b8-9e1f-9b614d73bb9a,L1,Profile
3f69db38-9a63-40b8-9e1f-9b614d73bb9a,L1,Profile
3f69db38-9a63-40b8-9e1f-9b614d73bb9a,L1,Profile
3f69db38-9a63-40b8-9e1f-9b614d73bb9a,L1,Profile
3f69db38-9a63-40b8-9e1f-9b614d73bb9a,L1,Profile
3f69db38-9a63-40b8-9e1f-9b614d73bb9a,L1,Profile
3f69db38-9a63-40b8-9e1f-9b614d73bb9a,L1,Profile
3f69db38-9a63-40b8-9e1f-9b614d73bb9a,L1,Profile
3f69db38-9a63-40b8-9e1f-9b614d73bb9a,L1,Profile
3f69db38-9a63-40b8-9e1f-9b614d73bb9a,L1,Profile
3f69db38-9a63-40b8-9e1f-9b614d73bb9a,L1,Profile
3f69db38-9a63-40b8-9e1f-9b614d73bb9a,L1,Profile
3f69db38-9a63-40b8-9e1f-9b614d73bb9a,L1,Profile
3f69db38-9a63-40b8-9e1f-9b614d73bb9a,L1,Profile
3f69db38-9a63-40b8-9e1f-9b614d73bb9a,L1,Profile
3f69db38-9a63-40b8-9e1f-9b614d73bb9a,L1,Profile
3f69db38-9a63-40b8-9e1f-9b614d73bb9a,L1,Profile
3f69db38-9a63-40b8-9e1f-9b614d73bb9a,L1,Profile
3f69db38-9a63-40b8-9e1f-9b614d73bb9a,L1,Profile
3f69db38-9a63-40b8-9e1f-9b614d73bb9a,L1,Profile
3f69db38-9a63-40b8-9e1f-9b614d73bb9a,L1,Profile
3f69db38-9a63-40b8-9e1f-9b614d73bb9a,L1,Profile
3f69db38-9a63-40b8-9e1f-9b614d73bb9a,L1,Profile
3f69db38-9a63-40b8-9e1f-9b614d73bb9a,L1,Profile
3f69db38-9a63-40b8-9e1f-9b614d73bb9a,L1,Profile
3f69db38-9a63-40b8-9e1f-9b614d73bb9a,L1,Profile
3f69db38-9a63-40b8-9e1f-9b614d73bb9a,L1,Profile
3f69db38-9a63-40b8-9e1f-9b614d73bb9a,L1,Profile
3f69db38-9a63-40b8-9e1f-9b614d73bb9a,L1,Profile
3f69db38-9a63-40b8-9e1f-9b614d73bb9a,L1,Profile
3f69db38-9a63-40b8-9e1f-9b614d73bb9a,L1,Profile
3f69db38-9a63-40b8-9e1f-9b614d73bb9a,L1,Profile
3f69db38-9a63-40b8-9e1f-9b614d73bb9a,L1,Profile
3f69db38-9a63-40b8-9e1f-9b614d73bb9a,L1,Profile
3f69db38-9a63-40b8-9e1f-9b614d73bb9a,L1,Profile
3f69db38-9a63-40b8-9e1f-9b614d73bb9a,L1,Profile
3f69db38-9a63-40b8-9e1f-9b614d73bb9a,L1,Profile
3f69db38-9a63-40b8-9e1f-9b614d73bb9a,L1,Profile
3f69db38-9a63-40b8-9e1f-9b614d73bb9a,L1,Profile
3f69db38-9a63-40b8-9e1f-9b614d73bb9a,L1,Profile
3f69db38-9a63-40b8-9e1f-9b614d73bb9a,L1,Profile
3f69db38-9a63-40b8-9e1f-9b614d73bb9a,L1,Profile
3f69db38-9a63-40b8-9e1f-9b614d73bb9a,L1,Profile
3f69db38-9a63-40b8-9e1f-9b614d73bb9a,L1,Profile
3f69db38-9a63-40b8-9e1f-9b614d73bb9a,L1,Profile
3f69db38-9a63-40b8-9e1f-9b614d73bb9a,L1,Profile
3f69db38-9a63-40b8-9e1f-9b614d73bb9a,L1,Profile
3f69db38-9a63-40b8-9e1f-9b614d73bb9a,L1,Profile
3f69db38-9a63-40b8-9e1f-9b614d73bb9a,L1,Profile
3f69db38-9a63-40b8-9e1f-9b614d73bb9a,L1,Profile
3f69db38-9a63-40b8-9e1f-9b614d73bb9a,L1,Profile
3f69db38-9a63-40b8-9e1f-9b614d73bb9a,L1,Profile
3f69db38-9a63-40b8-9e1f-9b614d73bb9a,L1,Profile
3f69db38-9a63-40b8-9e1f-9b614d73bb9a,L1,Profile
3f69db38-9a63-40b8-9e1f-9b614d73bb9a,L1,Profile
3f69db38-9a63-40b8-9e1f-9b614d73bb9a,L1,Profile
3f69db38-9a63-40b8-9e1f-9b614d73bb9a,L1,Profile
3f69db38-9a63-40b8-9e1f-9b614d73bb9a,L1,Profile
3f69db38-9a63-40b8-9e1f-9b614d73bb9a,L1,Profile
3f69db38-9a63-40b8-9e1f-9b614d73bb9a,L1,Profile
3f69db38-9a63-40b8-9e1f-9b614d73bb9a,L1,Profile
3f69db38-9a63-40b8-9e1f-9b614d73bb9a,L1,Profile
3f69db38-9a63-40b8-9e1f-9b614d73bb9a,L1,Profile
3f69db38-9a63-40b8-9e1f-9b614d73bb9a,L1,Profile
3f69db38-9a63-40b8-9e1f-9b614d73bb9a,L1,Profile
3f69db38-9a63-40b8-9e1f-9b614d73bb9a,L1,Profile
3f69db38-9a63-40b8-9e1f-9b614d73bb9a,L1,Profile
3f69db38-9a63-40b8-9e1f-9b614d73bb9a,L1,Profile
3f69db38-9a63-40b8-9e1f-9b614d73bb9a,L1,Profile
3f69db38-9a63-40b8-9e1f-9b614d73bb9a,L1,Profile
3f69db38-9a63-40b8-9e1f-9b614d73bb9a,L1,Profile
3f69db38-9a63-40b8-9e1f-9b614d73bb9a,L1,Profile
3f69db38-9a63-40b8-9e1f-9b614d73bb9a,L1,Profile
3f69db38-9a63-40b8-9e1f-9b614d73bb9a,L1,Profile
3f69db38-9a63-40b8-9e1f-9b614d73bb9a,L1,Profile
3f69db38-9a63-40b8-9e1f-9b614d73bb9a,L1,Profile
3f69db38-9a63-40b8-9e1f-9b614d73bb9a,L1,Profile
3f69db38-9a63-40b8-9e1f-9b614d73bb9a,L1,Profile
3f69db38-9a63-40b8-9e1f-9b614d73bb9a,L1,Profile
3f69db38-9a63-40b8-9e1f-9b614d73bb9a,L1,Profile
3f69db38-9a63-40b8-9e1f-9b614d73bb9a,L1,Profile
3f69db38-9a63-40b8-9e1f-9b614d73bb9a,L1,Profile
3f69db38-9a63-40b8-9e1f-9b614d73bb9a,L1,Profile
3f69db38-9a63-40b8-9e1f-9b614d73bb9a,L1,Profile
3f69db38-9a63-40b8-9e1f-9b614d73bb9a,L1,Profile
3f69db38-9a63-40b8-9e1f-9b614d73bb9a,L1,Profile
3f69db38-9a63-40b8-9e1f-9b614d73bb9a,L1,Profile
3f69db38-9a63-40b8-9e1f-9b614d73bb9a,L1,Profile
3f69db38-9a63-40b8-9e1f-9b614d73bb9a,L1,Profile
3f69db38-9a63-40b8-9e1f-9b614d73bb9a,L1,Profile
3f69db38-9a63-40b8-9e1f-9b614d73bb9a,L1,Profile
3f69db38-9a63-40b8-9e1f-9b614d73bb9a,L1,Profile
3f69db38-9a63-40b8-9e1f-9b614d73bb9a,L1,Profile
3f69db38-9a63-40b8-9e1f-9b614d73bb9a,L1,Profile
3f69db38-9a63-40b8-9e1f-9b614d73bb9a,L1,Profile
3f69db38-9a63-40b8-9e1f-9b614d73bb9a,L1,Profile
3f69db38-9a63-40b8-9e1f-9b614d73bb9a,L1,Profile
3f69db38-9a63-40b8-9e1f-9b614d73bb9a,L1,Profile
3f69db38-9a63-40b8-9e1f-9b614d73bb9a,L1,Profile
3f69db38-9a63-40b8-9e1f-9b614d73bb9a,L1,Profile
3f69db38-9a63-40b8-9e1f-9b614d73bb9a,L1,Profile
3f69db38-9a63-40b8-9e1f-9b614d73bb9a,L1,Profile
3f69db38-9a63-40b8-9e1f-9b614d73bb9a,L1,Profile
3f69db38-9a63-40b8-9e1f-9b614d73bb9a,L1,Profile
3f69db38-9a63-40b8-9e1f-9b614d73bb9a,L1,Profile
3f69db38-9a63-40b8-9e1f-9b614d73bb9a,L1,Profile
3f69db38-9a63-40b8-9e1f-9b614d73bb9a,L1,Profile
3f69db38-9a63-40b8-9e1f-9b614d73bb9a,L1,Profile
3f69db38-9a63-40b8-9e1f-9b614d73bb9a,L1,Profile
3f69db38-9a63-40b8-9e1f-9b614d73bb9a,L1,Profile
3f69db38-9a63-40b8-9e1f-9b614d73bb9a,L1,Profile
3f69db38-9a63-40b8-9e1f-9b614d73bb9a,L1,Profile
3f69db38-9a63-40b8-9e1f-9b614d73bb9a,L1,Profile
3f69db38-9a63-40b8-9e1f-9b614d73bb9a,L1,Profile
3f69db38-9a63-40b8-9e1f-9b614d73bb9a,L1,Profile
3f69db38-9a63-40b8-9e1f-9b614d73bb9a,L1,Profile
3f69db38-9a63-40b8-9e1f-9b614d73bb9a,L1,Profile
3f69db38-9a63-40b8-9e1f-9b614d73bb9a,L1,Profile
3f69db38-9a63-40b8-9e1f-9b614d73bb9a,L1,Profile
3f69db38-9a63-40b8-9e1f-9b614d73bb9a,L1,Profile
3f69db38-9a63-40b8-9e1f-9b614d73bb9a,L1,Profile
3f69db38-9a63-40b8-9e1f-9b614d73bb9a,L1,Profile
3f69db38-9a63-40b8-9e1f-9b614d73bb9a,L1,Profile
3f69db38-9a63-40b8-9e1f-9b614d73bb9a,L1,Profile
3f69db38-9a63-40b8-9e1f-9b614d73bb9a,L1,Profile
3f69db38-9a63-40b8-9e1f-9b614d73bb9a,L1,Profile
3f69db38-9a63-40b8-9e1f-9b614d73bb9a,L1,Profile
3f69db38-9a63-40b8-9e1f-9b614d73bb9a,L1,Profile
3f69db38-9a63-40b8-9e1f-9b614d73bb9a,L1,Profile
3f69db38-9a63-40b8-9e1f-9b614d73bb9a,L1,Profile
3f69db38-9a63-40b8-9e1f-9b614d73bb9a,L1,Profile
3f69db38-9a63-40b8-9e1f-9b614d73bb9a,L1,Profile
3f69db38-9a63-40b8-9e1f-9b614d73bb9a,L1,Profile
3f69db38-9a63-40b8-9e1f-9b614d73bb9a,L1,Profile
3f69db38-9a63-40b8-9e1f-9b614d73bb9a,L1,Profile
3f69db38-9a63-40b8-9e1f-9b614d73bb9a,L1,Profile
3f69db38-9a63-40b8-9e1f-9b614d73bb9a,L1,Profile
3f69db38-9a63-40b8-9e1f-9b614d73bb9a,L1,Profile
3f69db38-9a63-40b8-9e1f-9b614d73bb9a,L1,Profile
3f69db38-9a63-40b8-9e1f-9b614d73bb9a,L1,Profile
3f69db38-9a63-40b8-9e1f-9b614d73bb9a,L1,Profile
3f69db38-9a63-40b8-9e1f-9b614d73bb9a,L1,Profile
3f69db38-9a63-40b8-9e1f-9b614d73bb9a,L1,Profile
3f69db38-9a63-40b8-9e1f-9b614d73bb9a,L1,Profile
3f69db38-9a63-40b8-9e1f-9b614d73bb9a,L1,Profile
3f69db38-9a63-40b8-9e1f-9b614d73bb9a,L1,Profile
3f69db38-9a63-40b8-9e1f-9b614d73bb9a,L1,Profile
3f69db38-9a63-40b8-9e1f-9b614d73bb9a,L1,Profile
3f69db38-9a63-40b8-9e1f-9b614d73bb9a,L1,Profile
3f69db38-9a63-40b8-9e1f-9b614d73bb9a,L1,Profile
3f69db38-9a63-40b8-9e1f-9b614d73bb9a,L1,Profile
3f69db38-9a63-40b8-9e1f-9b614d73bb9a,L1,Profile
3f69db38-9a63-40b8-9e1f-9b614d73bb9a,L1,Profile
3f69db38-9a63-40b8-9e1f-9b614d73bb9a,L1,Profile
3f69db38-9a63-40b8-9e1f-9b614d73bb9a,L1,Profile
3f69db38-9a63-40b8-9e1f-9b614d73bb9a,L1,Profile
3f69db38-9a63-40b8-9e1f-9b614d73bb9a,L1,Profile
3f69db38-9a63-40b8-9e1f-9b614d73bb9a,L1,Profile
3f69db38-9a63-40b8-9e1f-9b614d73bb9a,L1,Profile
3f69db38-9a63-40b8-9e1f-9b614d73bb9a,L1,Profile
3f69db38-9a63-40b8-9e1f-9b614d73bb9a,L1,Profile
3f69db38-9a63-40b8-9e1f-9b614d73bb9a,L1,Profile
3f69db38-9a63-40b8-9e1f-9b614d73bb9a,L1,Profile
3f69db38-9a63-40b8-9e1f-9b614d73bb9a,L1,Profile
3f69db38-9a63-40b8-9e1f-9b614d73bb9a,L1,Profile
3f69db38-9a63-40b8-9e1f-9b614d73bb9a,L1,Profile
3f69db38-9a63-40b8-9e1f-9b614d73bb9a,L1,Profile
3f69db38-9a63-40b8-9e1f-9b614d73bb9a,L1,Profile
3f69db38-9a63-40b8-9e1f-9b614d73bb9a,L1,Profile
3f69db38-9a63-40b8-9e1f-9b614d73bb9a,L1,Profile
3f69db38-9a63-40b8-9e1f-9b614d73bb9a,L1,Profile
3f69db38-9a63-40b8-9e1f-9b614d73bb9a,L1,Profile
3f69db38-9a63-40b8-9e1f-9b614d73bb9a,L1,Profile
3f69db38-9a63-40b8-9e1f-9b614d73bb9a,L1,Profile
3f69db38-9a63-40b8-9e1f-9b614d73bb9a,L1,Profile
3f69db38-9a63-40b8-9e1f-9b614d73bb9a,L1,Profile
3f69db38-9a63-40b8-9e1f-9b614d73bb9a,L1,Profile
3f69db38-9a63-40b8-9e1f-9b614d73bb9a,L1,Profile
3f69db38-9a63-40b8-9e1f-9b614d73bb9a,L1,Profile
3f69db38-9a63-40b8-9e1f-9b614d73bb9a,L1,Profile
3f69db38-9a63-40b8-9e1f-9b614d73bb9a,L1,Profile
3f69db38-9a63-40b8-9e1f-9b614d73bb9a,L1,Profile
3f69db38-9a63-40b8-9e1f-9b614d73bb9a,L1,Profile
3f69db38-9a63-40b8-9e1f-9b614d73bb9a,L1,Profile
3f69db38-9a63-40b8-9e1f-9b614d73bb9a,L1,Profile
3f69db38-9a63-40b8-9e1f-9b614d73bb9a,L1,Profile
3f69db38-9a63-40b8-9e1f-9b614d73bb9a,L1,Profile
3f69db38-9a63-40b8-9e1f-9b614d73bb9a,L1,Profile
3f69db38-9a63-40b8-9e1f-9b614d73bb9a,L1,Profile
3f69db38-9a63-40b8-9e1f-9b614d73bb9a,L1,Profile
3f69db38-9a63-40b8-9e1f-9b614d73bb9a,L1,Profile
3f69db38-9a63-40b8-9e1f-9b614d73bb9a,L1,Profile
3f69db38-9a63-40b8-9e1f-9b614d73bb9a,L1,Profile
3f69db38-9a63-40b8-9e1f-9b614d73bb9a,L1,Profile
3f69db38-9a63-40b8-9e1f-9b614d73bb9a,L1,Profile
3f69db38-9a63-40b8-9e1f-9b614d73bb9a,L1,Profile
3f69db38-9a63-40b8-9e1f-9b614d73bb9a,L1,Profile
3f69db38-9a63-40b8-9e1f-9b614d73bb9a,L1,Profile
3f69db38-9a63-40b8-9e1f-9b614d73bb9a,L1,Profile
3f69db38-9a63-40b8-9e1f-9b614d73bb9a,L1,Profile
3f69db38-9a63-40b8-9e1f-9b614d73bb9a,L1,Profile
3f69db38-9a63-40b8-9e1f-9b614d73bb9a,L1,Profile
3f69db38-9a63-40b8-9e1f-9b614d73bb9a,L1,Profile
3f69db38-9a63-40b8-9e1f-9b614d73bb9a,L1,Profile
3f69db38-9a63-40b8-9e1f-9b614d73bb9a,L1,Profile
3f69db38-9a63-40b8-9e1f-9b614d73bb9a,L1,Profile
3f69db38-9a63-40b8-9e1f-9b614d73bb9a,L1,Profile
3f69db38-9a63-40b8-9e1f-9b614d73bb9a,L1,Profile
3f69db38-9a63-40b8-9e1f-9b614d73bb9a,L1,Profile
3f69db38-9a63-40b8-9e1f-9b614d73bb9a,L1,Profile
3f69db38-9a63-40b8-9e1f-9b614d73bb9a,L1,Profile
3f69db38-9a63-40b8-9e1f-9b614d73bb9a,L1,Profile
3f69db38-9a63-40b8-9e1f-9b614d73bb9a,L1,Profile
3f69db38-9a63-40b8-9e1f-9b614d73bb9a,L1,Profile
3f69db38-9a63-40b8-9e1f-9b614d73bb9a,L1,Profile
3f69db38-9a63-40b8-9e1f-9b614d73bb9a,L1,Profile
3f69db38-9a63-40b8-9e1f-9b614d73bb9a,L1,Profile
3f69db38-9a63-40b8-9e1f-9b614d73bb9a,L1,Profile
3f69db38-9a63-40b8-9e1f-9b614d73bb9a,L1,Profile
3f69db38-9a63-40b8-9e1f-9b614d73bb9a,L1,Profile
3f69db38-9a63-40b8-9e1f-9b614d73bb9a,L1,Profile
3f69db38-9a63-40b8-9e1f-9b614d73bb9a,L1,Profile
3f69db38-9a63-40b8-9e1f-9b614d73bb9a,L1,Profile
3f69db38-9a63-40b8-9e1f-9b614d73bb9a,L1,Profile
3f69db38-9a63-40b8-9e1f-9b614d73bb9a,L1,Profile
3f69db38-9a63-40b8-9e1f-9b614d73bb9a,L1,Profile
3f69db38-9a63-40b8-9e1f-9b614d73bb9a,L1,Profile
3f69db38-9a63-40b8-9e1f-9b614d73bb9a,L1,Profile
3f69db38-9a63-40b8-9e1f-9b614d73bb9a,L1,Profile
3f69db38-9a63-40b8-9e1f-9b614d73bb9a,L1,Profile
3f69db38-9a63-40b8-9e1f-9b614d73bb9a,L1,Profile
3f69db38-9a63-40b8-9e1f-9b614d73bb9a,L1,Profile
3f69db38-9a63-40b8-9e1f-9b614d73bb9a,L1,Profile
3f69db38-9a63-40b8-9e1f-9b614d73bb9a,L1,Profile
3f69db38-9a63-40b8-9e1f-9b614d73bb9a,L1,Profile
3f69db38-9a63-40b8-9e1f-9b614d73bb9a,L1,Profile
3f69db38-9a63-40b8-9e1f-9b614d73bb9a,L1,Profile
3f69db38-9a63-40b8-9e1f-9b614d73bb9a,L1,Profile
3f69db38-9a63-40b8-9e1f-9b614d73bb9a,L1,Profile
3f69db38-9a63-40b8-9e1f-9b614d73bb9a,L1,Profile
3f69db38-9a63-40b8-9e1f-9b614d73bb9a,L1,Profile
3f69db38-9a63-40b8-9e1f-9b614d73bb9a,L1,Profile
3f69db38-9a63-40b8-9e1f-9b614d73bb9a,L1,Profile
3f69db38-9a63-40b8-9e1f-9b614d73bb9a,L1,Profile
3f69db38-9a63-40b8-9e1f-9b614d73bb9a,L1,Profile
3f69db38-9a63-40b8-9e1f-9b614d73bb9a,L1,Profile
3f69db38-9a63-40b8-9e1f-9b614d73bb9a,L1,Profile
3f69db38-9a63-40b8-9e1f-9b614d73bb9a,L1,Profile
3f69db38-9a63-40b8-9e1f-9b614d73bb9a,L1,Profile
3f69db38-9a63-40b8-9e1f-9b614d73bb9a,L1,Profile
3f69db38-9a63-40b8-9e1f-9b614d73bb9a,L1,Profile
3f69db38-9a63-40b8-9e1f-9b614d73bb9a,L1,Profile
3f69db38-9a63-40b8-9e1f-9b614d73bb9a,L1,Profile
3f69db38-9a63-40b8-9e1f-9b614d73bb9a,L1,Profile
3f69db38-9a63-40b8-9e1f-9b614d73bb9a,L1,Profile
3f69db38-9a63-40b8-9e1f-9b614d73bb9a,L1,Profile
3f69db38-9a63-40b8-9e1f-9b614d73bb9a,L1,Profile
3f69db38-9a63-40b8-9e1f-9b614d73bb9a,L1,Profile
3f69db38-9a63-40b8-9e1f-9b614d73bb9a,L1,Profile
3f69db38-9a63-40b8-9e1f-9b614d73bb9a,L1,Profile
3f69db38-9a63-40b8-9e1f-9b614d73bb9a,L1,Profile
3f69db38-9a63-40b8-9e1f-9b614d73bb9a,L1,Profile
3f69db38-9a63-40b8-9e1f-9b614d73bb9a,L1,Profile
3f69db38-9a63-40b8-9e1f-9b614d73bb9a,L1,Profile
3f69db38-9a63-40b8-9e1f-9b614d73bb9a,L1,Profile
3f69db38-9a63-40b8-9e1f-9b614d73bb9a,L1,Profile
3f69db38-9a63-40b8-9e1f-9b614d73bb9a,L1,Profile
3f69db38-9a63-40b8-9e1f-9b614d73bb9a,L1,Profile
3f69db38-9a63-40b8-9e1f-9b614d73bb9a,L1,Profile
3f69db38-9a63-40b8-9e1f-9b614d73bb9a,L1,Profile
3f69db38-9a63-40b8-9e1f-9b614d73bb9a,L1,Profile
3f69db38-9a63-40b8-9e1f-9b614d73bb9a,L1,Profile
3f69db38-9a63-40b8-9e1f-9b614d73bb9a,L1,Profile
3f69db38-9a63-40b8-9e1f-9b614d73bb9a,L1,Profile
3f69db38-9a63-40b8-9e1f-9b614d73bb9a,L1,Profile
3f69db38-9a63-40b8-9e1f-9b614d73bb9a,L1,Profile
3f69db38-9a63-40b8-9e1f-9b614d73bb9a,L1,Profile
3f69db38-9a63-40b8-9e1f-9b614d73bb9a,L1,Profile
3f69db38-9a63-40b8-9e1f-9b614d73bb9a,L1,Profile
3f69db38-9a63-40b8-9e1f-9b614d73bb9a,L1,Profile
3f69db38-9a63-40b8-9e1f-9b614d73bb9a,L1,Profile
3f69db38-9a63-40b8-9e1f-9b614d73bb9a,L1,Profile
3f69db38-9a63-40b8-9e1f-9b614d73bb9a,L1,Profile
3f69db38-9a63-40b8-9e1f-9b614d73bb9a,L1,Profile
3f69db38-9a63-40b8-9e1f-9b614d73bb9a,L1,Profile
3f69db38-9a63-40b8-9e1f-9b614d73bb9a,L1,Profile
3f69db38-9a63-40b8-9e1f-9b614d73bb9a,L1,Profile
3f69db38-9a63-40b8-9e1f-9b614d73bb9a,L1,Profile
3f69db38-9a63-40b8-9e1f-9b614d73bb9a,L1,Profile
3f69db38-9a63-40b8-9e1f-9b614d73bb9a,L1,Profile
3f69db38-9a63-40b8-9e1f-9b614d73bb9a,L1,Profile
3f69db38-9a63-40b8-9e1f-9b614d73bb9a,L1,Profile
3f69db38-9a63-40b8-9e1f-9b614d73bb9a,L1,Profile
3f69db38-9a63-40b8-9e1f-9b614d73bb9a,L1,Profile
3f69db38-9a63-40b8-9e1f-9b614d73bb9a,L1,Profile
3f69db38-9a63-40b8-9e1f-9b614d73bb9a,L1,Profile
3f69db38-9a63-40b8-9e1f-9b614d73bb9a,L1,Profile
3f69db38-9a63-40b8-9e1f-9b614d73bb9a,L1,Profile
3f69db38-9a63-40b8-9e1f-9b614d73bb9a,L1,Profile
3f69db38-9a63-40b8-9e1f-9b614d73bb9a,L1,Profile
3f69db38-9a63-40b8-9e1f-9b614d73bb9a,L1,Profile
3f69db38-9a63-40b8-9e1f-9b614d73bb9a,L1,Profile
3f69db38-9a63-40b8-9e1f-9b614d73bb9a,L1,Profile
3f69db38-9a63-40b8-9e1f-9b614d73bb9a,L1,Profile
3f69db38-9a63-40b8-9e1f-9b614d73bb9a,L1,Profile
3f69db38-9a63-40b8-9e1f-9b614d73bb9a,L1,Profile
3f69db38-9a63-40b8-9e1f-9b614d73bb9a,L1,Profile
3f69db38-9a63-40b8-9e1f-9b614d73bb9a,L1,Profile
3f69db38-9a63-40b8-9e1f-9b614d73bb9a,L1,Profile
3f69db38-9a63-40b8-9e1f-9b614d73bb9a,L1,Profile
3f69db38-9a63-40b8-9e1f-9b614d73bb9a,L1,Profile
3f69db38-9a63-40b8-9e1f-9b614d73bb9a,L1,Profile
3f69db38-9a63-40b8-9e1f-9b614d73bb9a,L1,Profile
3f69db38-9a63-40b8-9e1f-9b614d73bb9a,L1,Profile
3f69db38-9a63-40b8-9e1f-9b614d73bb9a,L1,Profile
3f69db38-9a63-40b8-9e1f-9b614d73bb9a,L1,Profile
3f69db38-9a63-40b8-9e1f-9b614d73bb9a,L1,Profile
3f69db38-9a63-40b8-9e1f-9b614d73bb9a,L1,Profile
3f69db38-9a63-40b8-9e1f-9b614d73bb9a,L1,Profile
3f69db38-9a63-40b8-9e1f-9b614d73bb9a,L1,Profile
3f69db38-9a63-40b8-9e1f-9b614d73bb9a,L1,Profile
3f69db38-9a63-40b8-9e1f-9b614d73bb9a,L1,Profile
3f69db38-9a63-40b8-9e1f-9b614d73bb9a,L1,Profile
3f69db38-9a63-40b8-9e1f-9b614d73bb9a,L1,Profile
3f69db38-9a63-40b8-9e1f-9b614d73bb9a,L1,Profile
3f69db38-9a63-40b8-9e1f-9b614d73bb9a,L1,Profile
3f69db38-9a63-40b8-9e1f-9b614d73bb9a,L1,Profile
3f69db38-9a63-40b8-9e1f-9b614d73bb9a,L1,Profile
3f69db38-9a63-40b8-9e1f-9b614d73bb9a,L1,Profile
3f69db38-9a63-40b8-9e1f-9b614d73bb9a,L1,Profile
3f69db38-9a63-40b8-9e1f-9b614d73bb9a,L1,Profile
3f69db38-9a63-40b8-9e1f-9b614d73bb9a,L1,Profile
3f69db38-9a63-40b8-9e1f-9b614d73bb9a,L1,Profile
3f69db38-9a63-40b8-9e1f-9b614d73bb9a,L1,Profile
3f69db38-9a63-40b8-9e1f-9b614d73bb9a,L1,Profile
3f69db38-9a63-40b8-9e1f-9b614d73bb9a,L1,Profile
3f69db38-9a63-40b8-9e1f-9b614d73bb9a,L1,Profile
3f69db38-9a63-40b8-9e1f-9b614d73bb9a,L1,Profile
3f69db38-9a63-40b8-9e1f-9b614d73bb9a,L1,Profile
3f69db38-9a63-40b8-9e1f-9b614d73bb9a,L1,Profile
3f69db38-9a63-40b8-9e1f-9b614d73bb9a,L1,Profile
3f69db38-9a63-40b8-9e1f-9b614d73bb9a,L1,Profile
3f69db38-9a63-40b8-9e1f-9b614d73bb9a,L1,Profile
3f69db38-9a63-40b8-9e1f-9b614d73bb9a,L1,Profile
3f69db38-9a63-40b8-9e1f-9b614d73bb9a,L1,Profile
3f69db38-9a63-40b8-9e1f-9b614d73bb9a,L1,Profile
3f69db38-9a63-40b8-9e1f-9b614d73bb9a,L1,Profile
3f69db38-9a63-40b8-9e1f-9b614d73bb9a,L1,Profile
3f69db38-9a63-40b8-9e1f-9b614d73bb9a,L1,Profile
3f69db38-9a63-40b8-9e1f-9b614d73bb9a,L1,Profile
3f69db38-9a63-40b8-9e1f-9b614d73bb9a,L1,Profile
3f69db38-9a63-40b8-9e1f-9b614d73bb9a,L1,Profile
3f69db38-9a63-40b8-9e1f-9b614d73bb9a,L1,Profile
3f69db38-9a63-40b8-9e1f-9b614d73bb9a,L1,Profile
3f69db38-9a63-40b8-9e1f-9b614d73bb9a,L1,Profile
3f69db38-9a63-40b8-9e1f-9b614d73bb9a,L1,Profile
3f69db38-9a63-40b8-9e1f-9b614d73bb9a,L1,Profile
3f69db38-9a63-40b8-9e1f-9b614d73bb9a,L1,Profile
3f69db38-9a63-40b8-9e1f-9b614d73bb9a,L1,Profile
3f69db38-9a63-40b8-9e1f-9b614d73bb9a,L1,Profile
3f69db38-9a63-40b8-9e1f-9b614d73bb9a,L1,Profile
3f69db38-9a63-40b8-9e1f-9b614d73bb9a,L1,Profile
3f69db38-9a63-40b8-9e1f-9b614d73bb9a,L1,Profile
3f69db38-9a63-40b8-9e1f-9b614d73bb9a,L1,Profile
3f69db38-9a63-40b8-9e1f-9b614d73bb9a,L1,Profile
3f69db38-9a63-40b8-9e1f-9b614d73bb9a,L1,Profile
3f69db38-9a63-40b8-9e1f-9b614d73bb9a,L1,Profile
3f69db38-9a63-40b8-9e1f-9b614d73bb9a,L1,Profile
3f69db38-9a63-40b8-9e1f-9b614d73bb9a,L1,Profile
3f69db38-9a63-40b8-9e1f-9b614d73bb9a,L1,Profile
3f69db38-9a63-40b8-9e1f-9b614d73bb9a,L1,Profile
3f69db38-9a63-40b8-9e1f-9b614d73bb9a,L1,Profile
3f69db38-9a63-40b8-9e1f-9b614d73bb9a,L1,Profile
3f69db38-9a63-40b8-9e1f-9b614d73bb9a,L1,Profile
3f69db38-9a63-40b8-9e1f-9b614d73bb9a,L1,Profile
3f69db38-9a63-40b8-9e1f-9b614d73bb9a,L1,Profile
3f69db38-9a63-40b8-9e1f-9b614d73bb9a,L1,Profile
3f69db38-9a63-40b8-9e1f-9b614d73bb9a,L1,Profile
3f69db38-9a63-40b8-9e1f-9b614d73bb9a,L1,Profile
3f69db38-9a63-40b8-9e1f-9b614d73bb9a,L1,Profile
3f69db38-9a63-40b8-9e1f-9b614d73bb9a,L1,Profile
3f69db38-9a63-40b8-9e1f-9b614d73bb9a,L1,Profile
3f69db38-9a63-40b8-9e1f-9b614d73bb9a,L1,Profile
3f69db38-9a63-40b8-9e1f-9b614d73bb9a,L1,Profile
3f69db38-9a63-40b8-9e1f-9b614d73bb9a,L1,Profile
3f69db38-9a63-40b8-9e1f-9b614d73bb9a,L1,Profile
3f69db38-9a63-40b8-9e1f-9b614d73bb9a,L1,Profile
3f69db38-9a63-40b8-9e1f-9b614d73bb9a,L1,Profile
3f69db38-9a63-40b8-9e1f-9b614d73bb9a,L1,Profile
3f69db38-9a63-40b8-9e1f-9b614d73bb9a,L1,Profile
3f69db38-9a63-40b8-9e1f-9b614d73bb9a,L1,Profile
3f69db38-9a63-40b8-9e1f-9b614d73bb9a,L1,Profile
3f69db38-9a63-40b8-9e1f-9b614d73bb9a,L1,Profile
3f69db38-9a63-40b8-9e1f-9b614d73bb9a,L1,Profile
3f69db38-9a63-40b8-9e1f-9b614d73bb9a,L1,Profile
3f69db38-9a63-40b8-9e1f-9b614d73bb9a,L1,Profile
3f69db38-9a63-40b8-9e1f-9b614d73bb9a,L1,Profile
3f69db38-9a63-40b8-9e1f-9b614d73bb9a,L1,Profile
3f69db38-9a63-40b8-9e1f-9b614d73bb9a,L1,Profile
3f69db38-9a63-40b8-9e1f-9b614d73bb9a,L1,Profile
3f69db38-9a63-40b8-9e1f-9b614d73bb9a,L1,Profile
3f69db38-9a63-40b8-9e1f-9b614d73bb9a,L1,Profile
3f69db38-9a63-40b8-9e1f-9b614d73bb9a,L1,Profile
3f69db38-9a63-40b8-9e1f-9b614d73bb9a,L1,Profile
3f69db38-9a63-40b8-9e1f-9b614d73bb9a,L1,Profile
3f69db38-9a63-40b8-9e1f-9b614d73bb9a,L1,Profile
3f69db38-9a63-40b8-9e1f-9b614d73bb9a,L1,Profile
3f69db38-9a63-40b8-9e1f-9b614d73bb9a,L1,Profile
3f69db38-9a63-40b8-9e1f-9b614d73bb9a,L1,Profile
3f69db38-9a63-40b8-9e1f-9b614d73bb9a,L1,Profile
3f69db38-9a63-40b8-9e1f-9b614d73bb9a,L1,Profile
3f69db38-9a63-40b8-9e1f-9b614d73bb9a,L1,Profile
3f69db38-9a63-40b8-9e1f-9b614d73bb9a,L1,Profile
3f69db38-9a63-40b8-9e1f-9b614d73bb9a,L1,Profile
3f69db38-9a63-40b8-9e1f-9b614d73bb9a,L1,Profile
3f69db38-9a63-40b8-9e1f-9b614d73bb9a,L1,Profile
3f69db38-9a63-40b8-9e1f-9b614d73bb9a,L1,Profile
3f69db38-9a63-40b8-9e1f-9b614d73bb9a,L1,Profile
3f69db38-9a63-40b8-9e1f-9b614d73bb9a,L1,Profile
3f69db38-9a63-40b8-9e1f-9b614d73bb9a,L1,Profile
3f69db38-9a63-40b8-9e1f-9b614d73bb9a,L1,Profile
3f69db38-9a63-40b8-9e1f-9b614d73bb9a,L1,Profile
3f69db38-9a63-40b8-9e1f-9b614d73bb9a,L1,Profile
3f69db38-9a63-40b8-9e1f-9b614d73bb9a,L1,Profile
3f69db38-9a63-40b8-9e1f-9b614d73bb9a,L1,Profile
3f69db38-9a63-40b8-9e1f-9b614d73bb9a,L1,Profile
3f69db38-9a63-40b8-9e1f-9b614d73bb9a,L1,Profile
3f69db38-9a63-40b8-9e1f-9b614d73bb9a,L1,Profile
3f69db38-9a63-40b8-9e1f-9b614d73bb9a,L1,Profile
3f69db38-9a63-40b8-9e1f-9b614d73bb9a,L1,Profile
3f69db38-9a63-40b8-9e1f-9b614d73bb9a,L1,Profile
3f69db38-9a63-40b8-9e1f-9b614d73bb9a,L1,Profile
3f69db38-9a63-40b8-9e1f-9b614d73bb9a,L1,Profile
3f69db38-9a63-40b8-9e1f-9b614d73bb9a,L1,Profile
3f69db38-9a63-40b8-9e1f-9b614d73bb9a,L1,Profile
3f69db38-9a63-40b8-9e1f-9b614d73bb9a,L1,Profile
3f69db38-9a63-40b8-9e1f-9b614d73bb9a,L1,Profile
3f69db38-9a63-40b8-9e1f-9b614d73bb9a,L1,Profile
3f69db38-9a63-40b8-9e1f-9b614d73bb9a,L1,Profile
3f69db38-9a63-40b8-9e1f-9b614d73bb9a,L1,Profile
3f69db38-9a63-40b8-9e1f-9b614d73bb9a,L1,Profile
3f69db38-9a63-40b8-9e1f-9b614d73bb9a,L1,Profile
3f69db38-9a63-40b8-9e1f-9b614d73bb9a,L1,Profile
3f69db38-9a63-40b8-9e1f-9b614d73bb9a,L1,Profile
3f69db38-9a63-40b8-9e1f-9b614d73bb9a,L1,Profile
3f69db38-9a63-40b8-9e1f-9b614d73bb9a,L1,Profile
3f69db38-9a63-40b8-9e1f-9b614d73bb9a,L1,Profile
3f69db38-9a63-40b8-9e1f-9b614d73bb9a,L1,Profile
3f69db38-9a63-40b8-9e1f-9b614d73bb9a,L1,Profile
3f69db38-9a63-40b8-9e1f-9b614d73bb9a,L1,Profile
3f69db38-9a63-40b8-9e1f-9b614d73bb9a,L1,Profile
3f69db38-9a63-40b8-9e1f-9b614d73bb9a,L1,Profile
3f69db38-9a63-40b8-9e1f-9b614d73bb9a,L1,Profile
3f69db38-9a63-40b8-9e1f-9b614d73bb9a,L1,Profile
3f69db38-9a63-40b8-9e1f-9b614d73bb9a,L1,Profile
3f69db38-9a63-40b8-9e1f-9b614d73bb9a,L1,Profile
3f69db38-9a63-40b8-9e1f-9b614d73bb9a,L1,Profile
3f69db38-9a63-40b8-9e1f-9b614d73bb9a,L1,Profile
3f69db38-9a63-40b8-9e1f-9b614d73bb9a,L1,Profile
3f69db38-9a63-40b8-9e1f-9b614d73bb9a,L1,Profile
3f69db38-9a63-40b8-9e1f-9b614d73bb9a,L1,Profile
3f69db38-9a63-40b8-9e1f-9b614d73bb9a,L1,Profile
3f69db38-9a63-40b8-9e1f-9b614d73bb9a,L1,Profile
3f69db38-9a63-40b8-9e1f-9b614d73bb9a,L1,Profile
3f69db38-9a63-40b8-9e1f-9b614d73bb9a,L1,Profile
3f69db38-9a63-40b8-9e1f-9b614d73bb9a,L1,Profile
3f69db38-9a63-40b8-9e1f-9b614d73bb9a,L1,Profile
3f69db38-9a63-40b8-9e1f-9b614d73bb9a,L1,Profile
3f69db38-9a63-40b8-9e1f-9b614d73bb9a,L1,Profile
3f69db38-9a63-40b8-9e1f-9b614d73bb9a,L1,Profile
3f69db38-9a63-40b8-9e1f-9b614d73bb9a,L1,Profile
3f69db38-9a63-40b8-9e1f-9b614d73bb9a,L1,Profile
3f69db38-9a63-40b8-9e1f-9b614d73bb9a,L1,Profile
3f69db38-9a63-40b8-9e1f-9b614d73bb9a,L1,Profile
3f69db38-9a63-40b8-9e1f-9b614d73bb9a,L1,Profile
3f69db38-9a63-40b8-9e1f-9b614d73bb9a,L1,Profile
3f69db38-9a63-40b8-9e1f-9b614d73bb9a,L1,Profile
3f69db38-9a63-40b8-9e1f-9b614d73bb9a,L1,Profile
3f69db38-9a63-40b8-9e1f-9b614d73bb9a,L1,Profile
3f69db38-9a63-40b8-9e1f-9b614d73bb9a,L1,Profile
3f69db38-9a63-40b8-9e1f-9b614d73bb9a,L1,Profile
3f69db38-9a63-40b8-9e1f-9b614d73bb9a,L1,Profile
3f69db38-9a63-40b8-9e1f-9b614d73bb9a,L1,Profile
3f69db38-9a63-40b8-9e1f-9b614d73bb9a,L1,Profile
3f69db38-9a63-40b8-9e1f-9b614d73bb9a,L1,Profile
3f69db38-9a63-40b8-9e1f-9b614d73bb9a,L1,Profile
3f69db38-9a63-40b8-9e1f-9b614d73bb9a,L1,Profile
3f69db38-9a63-40b8-9e1f-9b614d73bb9a,L1,Profile
3f69db38-9a63-40b8-9e1f-9b614d73bb9a,L1,Profile
3f69db38-9a63-40b8-9e1f-9b614d73bb9a,L1,Profile
3f69db38-9a63-40b8-9e1f-9b614d73bb9a,L1,Profile
3f69db38-9a63-40b8-9e1f-9b614d73bb9a,L1,Profile
3f69db38-9a63-40b8-9e1f-9b614d73bb9a,L1,Profile
3f69db38-9a63-40b8-9e1f-9b614d73bb9a,L1,Profile
3f69db38-9a63-40b8-9e1f-9b614d73bb9a,L1,Profile
3f69db38-9a63-40b8-9e1f-9b614d73bb9a,L1,Profile
3f69db38-9a63-40b8-9e1f-9b614d73bb9a,L1,Profile
3f69db38-9a63-40b8-9e1f-9b614d73bb9a,L1,Profile
3f69db38-9a63-40b8-9e1f-9b614d73bb9a,L1,Profile
3f69db38-9a63-40b8-9e1f-9b614d73bb9a,L1,Profile
3f69db38-9a63-40b8-9e1f-9b614d73bb9a,L1,Profile
3f69db38-9a63-40b8-9e1f-9b614d73bb9a,L1,Profile
3f69db38-9a63-40b8-9e1f-9b614d73bb9a,L1,Profile
3f69db38-9a63-40b8-9e1f-9b614d73bb9a,L1,Profile
3f69db38-9a63-40b8-9e1f-9b614d73bb9a,L1,Profile
3f69db38-9a63-40b8-9e1f-9b614d73bb9a,L1,Profile
3f69db38-9a63-40b8-9e1f-9b614d73bb9a,L1,Profile
3f69db38-9a63-40b8-9e1f-9b614d73bb9a,L1,Profile
3f69db38-9a63-40b8-9e1f-9b614d73bb9a,L1,Profile
3f69db38-9a63-40b8-9e1f-9b614d73bb9a,L1,Profile
3f69db38-9a63-40b8-9e1f-9b614d73bb9a,L1,Profile
3f69db38-9a63-40b8-9e1f-9b614d73bb9a,L1,Profile
3f69db38-9a63-40b8-9e1f-9b614d73bb9a,L1,Profile
3f69db38-9a63-40b8-9e1f-9b614d73bb9a,L1,Profile
3f69db38-9a63-40b8-9e1f-9b614d73bb9a,L1,Profile
3f69db38-9a63-40b8-9e1f-9b614d73bb9a,L1,Profile
3f69db38-9a63-40b8-9e1f-9b614d73bb9a,L1,Profile
3f69db38-9a63-40b8-9e1f-9b614d73bb9a,L1,Profile
3f69db38-9a63-40b8-9e1f-9b614d73bb9a,L1,Profile
3f69db38-9a63-40b8-9e1f-9b614d73bb9a,L1,Profile
3f69db38-9a63-40b8-9e1f-9b614d73bb9a,L1,Profile
3f69db38-9a63-40b8-9e1f-9b614d73bb9a,L1,Profile
3f69db38-9a63-40b8-9e1f-9b614d73bb9a,L1,Profile
3f69db38-9a63-40b8-9e1f-9b614d73bb9a,L1,Profile
3f69db38-9a63-40b8-9e1f-9b614d73bb9a,L1,Profile
3f69db38-9a63-40b8-9e1f-9b614d73bb9a,L1,Profile
3f69db38-9a63-40b8-9e1f-9b614d73bb9a,L1,Profile
3f69db38-9a63-40b8-9e1f-9b614d73bb9a,L1,Profile
3f69db38-9a63-40b8-9e1f-9b614d73bb9a,L1,Profile
3f69db38-9a63-40b8-9e1f-9b614d73bb9a,L1,Profile
3f69db38-9a63-40b8-9e1f-9b614d73bb9a,L1,Profile
3f69db38-9a63-40b8-9e1f-9b614d73bb9a,L1,Profile
3f69db38-9a63-40b8-9e1f-9b614d73bb9a,L1,Profile
3f69db38-9a63-40b8-9e1f-9b614d73bb9a,L1,Profile
3f69db38-9a63-40b8-9e1f-9b614d73bb9a,L1,Profile
3f69db38-9a63-40b8-9e1f-9b614d73bb9a,L1,Profile
3f69db38-9a63-40b8-9e1f-9b614d73bb9a,L1,Profile
3f69db38-9a63-40b8-9e1f-9b614d73bb9a,L1,Profile
3f69db38-9a63-40b8-9e1f-9b614d73bb9a,L1,Profile
3f69db38-9a63-40b8-9e1f-9b614d73bb9a,L1,Profile
3f69db38-9a63-40b8-9e1f-9b614d73bb9a,L1,Profile
3f69db38-9a63-40b8-9e1f-9b614d73bb9a,L1,Profile
3f69db38-9a63-40b8-9e1f-9b614d73bb9a,L1,Profile
3f69db38-9a63-40b8-9e1f-9b614d73bb9a,L1,Profile
3f69db38-9a63-40b8-9e1f-9b614d73bb9a,L1,Profile
3f69db38-9a63-40b8-9e1f-9b614d73bb9a,L1,Profile
3f69db38-9a63-40b8-9e1f-9b614d73bb9a,L1,Profile
3f69db38-9a63-40b8-9e1f-9b614d73bb9a,L1,Profile
3f69db38-9a63-40b8-9e1f-9b614d73bb9a,L1,Profile
3f69db38-9a63-40b8-9e1f-9b614d73bb9a,L1,Profile
3f69db38-9a63-40b8-9e1f-9b614d73bb9a,L1,Profile
3f69db38-9a63-40b8-9e1f-9b614d73bb9a,L1,Profile
3f69db38-9a63-40b8-9e1f-9b614d73bb9a,L1,Profile
3f69db38-9a63-40b8-9e1f-9b614d73bb9a,L1,Profile
3f69db38-9a63-40b8-9e1f-9b614d73bb9a,L1,Profile
3f69db38-9a63-40b8-9e1f-9b614d73bb9a,L1,Profile
3f69db38-9a63-40b8-9e1f-9b614d73bb9a,L1,Profile
3f69db38-9a63-40b8-9e1f-9b614d73bb9a,L1,Profile
3f69db38-9a63-40b8-9e1f-9b614d73bb9a,L1,Profile
3f69db38-9a63-40b8-9e1f-9b614d73bb9a,L1,Profile
3f69db38-9a63-40b8-9e1f-9b614d73bb9a,L1,Profile
3f69db38-9a63-40b8-9e1f-9b614d73bb9a,L1,Profile
3f69db38-9a63-40b8-9e1f-9b614d73bb9a,L1,Profile
3f69db38-9a63-40b8-9e1f-9b614d73bb9a,L1,Profile
3f69db38-9a63-40b8-9e1f-9b614d73bb9a,L1,Profile
3f69db38-9a63-40b8-9e1f-9b614d73bb9a,L1,Profile
3f69db38-9a63-40b8-9e1f-9b614d73bb9a,L1,Profile
3f69db38-9a63-40b8-9e1f-9b614d73bb9a,L1,Profile
3f69db38-9a63-40b8-9e1f-9b614d73bb9a,L1,Profile
3f69db38-9a63-40b8-9e1f-9b614d73bb9a,L1,Profile
3f69db38-9a63-40b8-9e1f-9b614d73bb9a,L1,Profile
3f69db38-9a63-40b8-9e1f-9b614d73bb9a,L1,Profile
3f69db38-9a63-40b8-9e1f-9b614d73bb9a,L1,Profile
3f69db38-9a63-40b8-9e1f-9b614d73bb9a,L1,Profile
3f69db38-9a63-40b8-9e1f-9b614d73bb9a,L1,Profile
3f69db38-9a63-40b8-9e1f-9b614d73bb9a,L1,Profile
3f69db38-9a63-40b8-9e1f-9b614d73bb9a,L1,Profile
3f69db38-9a63-40b8-9e1f-9b614d73bb9a,L1,Profile
3f69db38-9a63-40b8-9e1f-9b614d73bb9a,L1,Profile
3f69db38-9a63-40b8-9e1f-9b614d73bb9a,L1,Profile
3f69db38-9a63-40b8-9e1f-9b614d73bb9a,L1,Profile
3f69db38-9a63-40b8-9e1f-9b614d73bb9a,L1,Profile
3f69db38-9a63-40b8-9e1f-9b614d73bb9a,L1,Profile
3f69db38-9a63-40b8-9e1f-9b614d73bb9a,L1,Profile
3f69db38-9a63-40b8-9e1f-9b614d73bb9a,L1,Profile
3f69db38-9a63-40b8-9e1f-9b614d73bb9a,L1,Profile
3f69db38-9a63-40b8-9e1f-9b614d73bb9a,L1,Profile
3f69db38-9a63-40b8-9e1f-9b614d73bb9a,L1,Profile
3f69db38-9a63-40b8-9e1f-9b614d73bb9a,L1,Profile
3f69db38-9a63-40b8-9e1f-9b614d73bb9a,L1,Profile
3f69db38-9a63-40b8-9e1f-9b614d73bb9a,L1,Profile
3f69db38-9a63-40b8-9e1f-9b614d73bb9a,L1,Profile
3f69db38-9a63-40b8-9e1f-9b614d73bb9a,L1,Profile
3f69db38-9a63-40b8-9e1f-9b614d73bb9a,L1,Profile
3f69db38-9a63-40b8-9e1f-9b614d73bb9a,L1,Profile
3f69db38-9a63-40b8-9e1f-9b614d73bb9a,L1,Profile
3f69db38-9a63-40b8-9e1f-9b614d73bb9a,L1,Profile
3f69db38-9a63-40b8-9e1f-9b614d73bb9a,L1,Profile
3f69db38-9a63-40b8-9e1f-9b614d73bb9a,L1,Profile
3f69db38-9a63-40b8-9e1f-9b614d73bb9a,L1,Profile
3f69db38-9a63-40b8-9e1f-9b614d73bb9a,L1,Profile
3f69db38-9a63-40b8-9e1f-9b614d73bb9a,L1,Profile
3f69db38-9a63-40b8-9e1f-9b614d73bb9a,L1,Profile
3f69db38-9a63-40b8-9e1f-9b614d73bb9a,L1,Profile
3f69db38-9a63-40b8-9e1f-9b614d73bb9a,L1,Profile
3f69db38-9a63-40b8-9e1f-9b614d73bb9a,L1,Profile
3f69db38-9a63-40b8-9e1f-9b614d73bb9a,L1,Profile
3f69db38-9a63-40b8-9e1f-9b614d73bb9a,L1,Profile
3f69db38-9a63-40b8-9e1f-9b614d73bb9a,L1,Profile
3f69db38-9a63-40b8-9e1f-9b614d73bb9a,L1,Profile
3f69db38-9a63-40b8-9e1f-9b614d73bb9a,L1,Profile
3f69db38-9a63-40b8-9e1f-9b614d73bb9a,L1,Profile
3f69db38-9a63-40b8-9e1f-9b614d73bb9a,L1,Profile
3f69db38-9a63-40b8-9e1f-9b614d73bb9a,L1,Profile
3f69db38-9a63-40b8-9e1f-9b614d73bb9a,L1,Profile
3f69db38-9a63-40b8-9e1f-9b614d73bb9a,L1,Profile
3f69db38-9a63-40b8-9e1f-9b614d73bb9a,L1,Profile
3f69db38-9a63-40b8-9e1f-9b614d73bb9a,L1,Profile
3f69db38-9a63-40b8-9e1f-9b614d73bb9a,L1,Profile
3f69db38-9a63-40b8-9e1f-9b614d73bb9a,L1,Profile
3f69db38-9a63-40b8-9e1f-9b614d73bb9a,L1,Profile
3f69db38-9a63-40b8-9e1f-9b614d73bb9a,L1,Profile
3f69db38-9a63-40b8-9e1f-9b614d73bb9a,L1,Profile
3f69db38-9a63-40b8-9e1f-9b614d73bb9a,L1,Profile
3f69db38-9a63-40b8-9e1f-9b614d73bb9a,L1,Profile
3f69db38-9a63-40b8-9e1f-9b614d73bb9a,L1,Profile
3f69db38-9a63-40b8-9e1f-9b614d73bb9a,L1,Profile
3f69db38-9a63-40b8-9e1f-9b614d73bb9a,L1,Profile
3f69db38-9a63-40b8-9e1f-9b614d73bb9a,L1,Profile
3f69db38-9a63-40b8-9e1f-9b614d73bb9a,L1,Profile
3f69db38-9a63-40b8-9e1f-9b614d73bb9a,L1,Profile
3f69db38-9a63-40b8-9e1f-9b614d73bb9a,L1,Profile
3f69db38-9a63-40b8-9e1f-9b614d73bb9a,L1,Profile
3f69db38-9a63-40b8-9e1f-9b614d73bb9a,L1,Profile
3f69db38-9a63-40b8-9e1f-9b614d73bb9a,L1,Profile
3f69db38-9a63-40b8-9e1f-9b614d73bb9a,L1,Profile
3f69db38-9a63-40b8-9e1f-9b614d73bb9a,L1,Profile
3f69db38-9a63-40b8-9e1f-9b614d73bb9a,L1,Profile
3f69db38-9a63-40b8-9e1f-9b614d73bb9a,L1,Profile
3f69db38-9a63-40b8-9e1f-9b614d73bb9a,L1,Profile
3f69db38-9a63-40b8-9e1f-9b614d73bb9a,L1,Profile
3f69db38-9a63-40b8-9e1f-9b614d73bb9a,L1,Profile
3f69db38-9a63-40b8-9e1f-9b614d73bb9a,L1,Profile
3f69db38-9a63-40b8-9e1f-9b614d73bb9a,L1,Profile
3f69db38-9a63-40b8-9e1f-9b614d73bb9a,L1,Profile
3f69db38-9a63-40b8-9e1f-9b614d73bb9a,L1,Profile
3f69db38-9a63-40b8-9e1f-9b614d73bb9a,L1,Profile
3f69db38-9a63-40b8-9e1f-9b614d73bb9a,L1,Profile
3f69db38-9a63-40b8-9e1f-9b614d73bb9a,L1,Profile
3f69db38-9a63-40b8-9e1f-9b614d73bb9a,L1,Profile
3f69db38-9a63-40b8-9e1f-9b614d73bb9a,L1,Profile
3f69db38-9a63-40b8-9e1f-9b614d73bb9a,L1,Profile
3f69db38-9a63-40b8-9e1f-9b614d73bb9a,L1,Profile
3f69db38-9a63-40b8-9e1f-9b614d73bb9a,L1,Profile
3f69db38-9a63-40b8-9e1f-9b614d73bb9a,L1,Profile
3f69db38-9a63-40b8-9e1f-9b614d73bb9a,L1,Profile
3f69db38-9a63-40b8-9e1f-9b614d73bb9a,L1,Profile
3f69db38-9a63-40b8-9e1f-9b614d73bb9a,L1,Profile
3f69db38-9a63-40b8-9e1f-9b614d73bb9a,L1,Profile
3f69db38-9a63-40b8-9e1f-9b614d73bb9a,L1,Profile
3f69db38-9a63-40b8-9e1f-9b614d73bb9a,L1,Profile
3f69db38-9a63-40b8-9e1f-9b614d73bb9a,L1,Profile
3f69db38-9a63-40b8-9e1f-9b614d73bb9a,L1,Profile
3f69db38-9a63-40b8-9e1f-9b614d73bb9a,L1,Profile
3f69db38-9a63-40b8-9e1f-9b614d73bb9a,L1,Profile
3f69db38-9a63-40b8-9e1f-9b614d73bb9a,L1,Profile
3f69db38-9a63-40b8-9e1f-9b614d73bb9a,L1,Profile
3f69db38-9a63-40b8-9e1f-9b614d73bb9a,L1,Profile
3f69db38-9a63-40b8-9e1f-9b614d73bb9a,L1,Profile
3f69db38-9a63-40b8-9e1f-9b614d73bb9a,L1,Profile
3f69db38-9a63-40b8-9e1f-9b614d73bb9a,L1,Profile
3f69db38-9a63-40b8-9e1f-9b614d73bb9a,L1,Profile
3f69db38-9a63-40b8-9e1f-9b614d73bb9a,L1,Profile
3f69db38-9a63-40b8-9e1f-9b614d73bb9a,L1,Profile
3f69db38-9a63-40b8-9e1f-9b614d73bb9a,L1,Profile
3f69db38-9a63-40b8-9e1f-9b614d73bb9a,L1,Profile
3f69db38-9a63-40b8-9e1f-9b614d73bb9a,L1,Profile
3f69db38-9a63-40b8-9e1f-9b614d73bb9a,L1,Profile
3f69db38-9a63-40b8-9e1f-9b614d73bb9a,L1,Profile
3f69db38-9a63-40b8-9e1f-9b614d73bb9a,L1,Profile
3f69db38-9a63-40b8-9e1f-9b614d73bb9a,L1,Profile
3f69db38-9a63-40b8-9e1f-9b614d73bb9a,L1,Profile
3f69db38-9a63-40b8-9e1f-9b614d73bb9a,L1,Profile
3f69db38-9a63-40b8-9e1f-9b614d73bb9a,L1,Profile
3f69db38-9a63-40b8-9e1f-9b614d73bb9a,L1,Profile
3f69db38-9a63-40b8-9e1f-9b614d73bb9a,L1,Profile
3f69db38-9a63-40b8-9e1f-9b614d73bb9a,L1,Profile
3f69db38-9a63-40b8-9e1f-9b614d73bb9a,L1,Profile
3f69db38-9a63-40b8-9e1f-9b614d73bb9a,L1,Profile
3f69db38-9a63-40b8-9e1f-9b614d73bb9a,L1,Profile
3f69db38-9a63-40b8-9e1f-9b614d73bb9a,L1,Profile
3f69db38-9a63-40b8-9e1f-9b614d73bb9a,L1,Profile
3f69db38-9a63-40b8-9e1f-9b614d73bb9a,L1,Profile
3f69db38-9a63-40b8-9e1f-9b614d73bb9a,L1,Profile
3f69db38-9a63-40b8-9e1f-9b614d73bb9a,L1,Profile
3f69db38-9a63-40b8-9e1f-9b614d73bb9a,L1,Profile
3f69db38-9a63-40b8-9e1f-9b614d73bb9a,L1,Profile
3f69db38-9a63-40b8-9e1f-9b614d73bb9a,L1,Profile
3f69db38-9a63-40b8-9e1f-9b614d73bb9a,L1,Profile
3f69db38-9a63-40b8-9e1f-9b614d73bb9a,L1,Profile
3f69db38-9a63-40b8-9e1f-9b614d73bb9a,L1,Profile
3f69db38-9a63-40b8-9e1f-9b614d73bb9a,L1,Profile
3f69db38-9a63-40b8-9e1f-9b614d73bb9a,L1,Profile
3f69db38-9a63-40b8-9e1f-9b614d73bb9a,L1,Profile
3f69db38-9a63-40b8-9e1f-9b614d73bb9a,L1,Profile
3f69db38-9a63-40b8-9e1f-9b614d73bb9a,L1,Profile
3f69db38-9a63-40b8-9e1f-9b614d73bb9a,L1,Profile
3f69db38-9a63-40b8-9e1f-9b614d73bb9a,L1,Profile
3f69db38-9a63-40b8-9e1f-9b614d73bb9a,L1,Profile
3f69db38-9a63-40b8-9e1f-9b614d73bb9a,L1,Profile
3f69db38-9a63-40b8-9e1f-9b614d73bb9a,L1,Profile
3f69db38-9a63-40b8-9e1f-9b614d73bb9a,L1,Profile
3f69db38-9a63-40b8-9e1f-9b614d73bb9a,L1,Profile
3f69db38-9a63-40b8-9e1f-9b614d73bb9a,L1,Profile
3f69db38-9a63-40b8-9e1f-9b614d73bb9a,L1,Profile
3f69db38-9a63-40b8-9e1f-9b614d73bb9a,L1,Profile
3f69db38-9a63-40b8-9e1f-9b614d73bb9a,L1,Profile
3f69db38-9a63-40b8-9e1f-9b614d73bb9a,L1,Profile
3f69db38-9a63-40b8-9e1f-9b614d73bb9a,L1,Profile
3f69db38-9a63-40b8-9e1f-9b614d73bb9a,L1,Profile
3f69db38-9a63-40b8-9e1f-9b614d73bb9a,L1,Profile
3f69db38-9a63-40b8-9e1f-9b614d73bb9a,L1,Profile
3f69db38-9a63-40b8-9e1f-9b614d73bb9a,L1,Profile
3f69db38-9a63-40b8-9e1f-9b614d73bb9a,L1,Profile
3f69db38-9a63-40b8-9e1f-9b614d73bb9a,L1,Profile
3f69db38-9a63-40b8-9e1f-9b614d73bb9a,L1,Profile
3f69db38-9a63-40b8-9e1f-9b614d73bb9a,L1,Profile
3f69db38-9a63-40b8-9e1f-9b614d73bb9a,L1,Profile
3f69db38-9a63-40b8-9e1f-9b614d73bb9a,L1,Profile
3f69db38-9a63-40b8-9e1f-9b614d73bb9a,L1,Profile
3f69db38-9a63-40b8-9e1f-9b614d73bb9a,L1,Profile
3f69db38-9a63-40b8-9e1f-9b614d73bb9a,L1,Profile
3f69db38-9a63-40b8-9e1f-9b614d73bb9a,L1,Profile
3f69db38-9a63-40b8-9e1f-9b614d73bb9a,L1,Profile
3f69db38-9a63-40b8-9e1f-9b614d73bb9a,L1,Profile
3f69db38-9a63-40b8-9e1f-9b614d73bb9a,L1,Profile
3f69db38-9a63-40b8-9e1f-9b614d73bb9a,L1,Profile
3f69db38-9a63-40b8-9e1f-9b614d73bb9a,L1,Profile
3f69db38-9a63-40b8-9e1f-9b614d73bb9a,L1,Profile
3f69db38-9a63-40b8-9e1f-9b614d73bb9a,L1,Profile
3f69db38-9a63-40b8-9e1f-9b614d73bb9a,L1,Profile
3f69db38-9a63-40b8-9e1f-9b614d73bb9a,L1,Profile
3f69db38-9a63-40b8-9e1f-9b614d73bb9a,L1,Profile
3f69db38-9a63-40b8-9e1f-9b614d73bb9a,L1,Profile
3f69db38-9a63-40b8-9e1f-9b614d73bb9a,L1,Profile
3f69db38-9a63-40b8-9e1f-9b614d73bb9a,L1,Profile
3f69db38-9a63-40b8-9e1f-9b614d73bb9a,L1,Profile
3f69db38-9a63-40b8-9e1f-9b614d73bb9a,L1,Profile
3f69db38-9a63-40b8-9e1f-9b614d73bb9a,L1,Profile
3f69db38-9a63-40b8-9e1f-9b614d73bb9a,L1,Profile
3f69db38-9a63-40b8-9e1f-9b614d73bb9a,L1,Profile
3f69db38-9a63-40b8-9e1f-9b614d73bb9a,L1,Profile
3f69db38-9a63-40b8-9e1f-9b614d73bb9a,L1,Profile
3f69db38-9a63-40b8-9e1f-9b614d73bb9a,L1,Profile
3f69db38-9a63-40b8-9e1f-9b614d73bb9a,L1,Profile
3f69db38-9a63-40b8-9e1f-9b614d73bb9a,L1,Profile
3f69db38-9a63-40b8-9e1f-9b614d73bb9a,L1,Profile
3f69db38-9a63-40b8-9e1f-9b614d73bb9a,L1,Profile
3f69db38-9a63-40b8-9e1f-9b614d73bb9a,L1,Profile
3f69db38-9a63-40b8-9e1f-9b614d73bb9a,L1,Profile
3f69db38-9a63-40b8-9e1f-9b614d73bb9a,L1,Profile
3f69db38-9a63-40b8-9e1f-9b614d73bb9a,L1,Profile
3f69db38-9a63-40b8-9e1f-9b614d73bb9a,L1,Profile
3f69db38-9a63-40b8-9e1f-9b614d73bb9a,L1,Profile
3f69db38-9a63-40b8-9e1f-9b614d73bb9a,L1,Profile
3f69db38-9a63-40b8-9e1f-9b614d73bb9a,L1,Profile
3f69db38-9a63-40b8-9e1f-9b614d73bb9a,L1,Profile
3f69db38-9a63-40b8-9e1f-9b614d73bb9a,L1,Profile
3f69db38-9a63-40b8-9e1f-9b614d73bb9a,L1,Profile
3f69db38-9a63-40b8-9e1f-9b614d73bb9a,L1,Profile
3f69db38-9a63-40b8-9e1f-9b614d73bb9a,L1,Profile
3f69db38-9a63-40b8-9e1f-9b614d73bb9a,L1,Profile
3f69db38-9a63-40b8-9e1f-9b614d73bb9a,L1,Profile
3f69db38-9a63-40b8-9e1f-9b614d73bb9a,L1,Profile
3f69db38-9a63-40b8-9e1f-9b614d73bb9a,L1,Profile
3f69db38-9a63-40b8-9e1f-9b614d73bb9a,L1,Profile
3f69db38-9a63-40b8-9e1f-9b614d73bb9a,L1,Profile
3f69db38-9a63-40b8-9e1f-9b614d73bb9a,L1,Profile
3f69db38-9a63-40b8-9e1f-9b614d73bb9a,L1,Profile
3f69db38-9a63-40b8-9e1f-9b614d73bb9a,L1,Profile
3f69db38-9a63-40b8-9e1f-9b614d73bb9a,L1,Profile
3f69db38-9a63-40b8-9e1f-9b614d73bb9a,L1,Profile
3f69db38-9a63-40b8-9e1f-9b614d73bb9a,L1,Profile
3f69db38-9a63-40b8-9e1f-9b614d73bb9a,L1,Profile
3f69db38-9a63-40b8-9e1f-9b614d73bb9a,L1,Profile
3f69db38-9a63-40b8-9e1f-9b614d73bb9a,L1,Profile
3f69db38-9a63-40b8-9e1f-9b614d73bb9a,L1,Profile
3f69db38-9a63-40b8-9e1f-9b614d73bb9a,L1,Profile
3f69db38-9a63-40b8-9e1f-9b614d73bb9a,L1,Profile
3f69db38-9a63-40b8-9e1f-9b614d73bb9a,L1,Profile
3f69db38-9a63-40b8-9e1f-9b614d73bb9a,L1,Profile
3f69db38-9a63-40b8-9e1f-9b614d73bb9a,L1,Profile
3f69db38-9a63-40b8-9e1f-9b614d73bb9a,L1,Profile
3f69db38-9a63-40b8-9e1f-9b614d73bb9a,L1,Profile
3f69db38-9a63-40b8-9e1f-9b614d73bb9a,L1,Profile
3f69db38-9a63-40b8-9e1f-9b614d73bb9a,L1,Profile
3f69db38-9a63-40b8-9e1f-9b614d73bb9a,L1,Profile
3f69db38-9a63-40b8-9e1f-9b614d73bb9a,L1,Profile
3f69db38-9a63-40b8-9e1f-9b614d73bb9a,L1,Profile
3f69db38-9a63-40b8-9e1f-9b614d73bb9a,L1,Profile
3f69db38-9a63-40b8-9e1f-9b614d73bb9a,L1,Profile
3f69db38-9a63-40b8-9e1f-9b614d73bb9a,L1,Profile
3f69db38-9a63-40b8-9e1f-9b614d73bb9a,L1,Profile
3f69db38-9a63-40b8-9e1f-9b614d73bb9a,L1,Profile
3f69db38-9a63-40b8-9e1f-9b614d73bb9a,L1,Profile
3f69db38-9a63-40b8-9e1f-9b614d73bb9a,L1,Profile
3f69db38-9a63-40b8-9e1f-9b614d73bb9a,L1,Profile
3f69db38-9a63-40b8-9e1f-9b614d73bb9a,L1,Profile
3f69db38-9a63-40b8-9e1f-9b614d73bb9a,L1,Profile
3f69db38-9a63-40b8-9e1f-9b614d73bb9a,L1,Profile
3f69db38-9a63-40b8-9e1f-9b614d73bb9a,L1,Profile
3f69db38-9a63-40b8-9e1f-9b614d73bb9a,L1,Profile
3f69db38-9a63-40b8-9e1f-9b614d73bb9a,L1,Profile
3f69db38-9a63-40b8-9e1f-9b614d73bb9a,L1,Profile
3f69db38-9a63-40b8-9e1f-9b614d73bb9a,L1,Profile
3f69db38-9a63-40b8-9e1f-9b614d73bb9a,L1,Profile
3f69db38-9a63-40b8-9e1f-9b614d73bb9a,L1,Profile
3f69db38-9a63-40b8-9e1f-9b614d73bb9a,L1,Profile
3f69db38-9a63-40b8-9e1f-9b614d73bb9a,L1,Profile
3f69db38-9a63-40b8-9e1f-9b614d73bb9a,L1,Profile
3f69db38-9a63-40b8-9e1f-9b614d73bb9a,L1,Profile
3f69db38-9a63-40b8-9e1f-9b614d73bb9a,L1,Profile
3f69db38-9a63-40b8-9e1f-9b614d73bb9a,L1,Profile
3f69db38-9a63-40b8-9e1f-9b614d73bb9a,L1,Profile
3f69db38-9a63-40b8-9e1f-9b614d73bb9a,L1,Profile
3f69db38-9a63-40b8-9e1f-9b614d73bb9a,L1,Profile
3f69db38-9a63-40b8-9e1f-9b614d73bb9a,L1,Profile
3f69db38-9a63-40b8-9e1f-9b614d73bb9a,L1,Profile
3f69db38-9a63-40b8-9e1f-9b614d73bb9a,L1,Profile
3f69db38-9a63-40b8-9e1f-9b614d73bb9a,L1,Profile
3f69db38-9a63-40b8-9e1f-9b614d73bb9a,L1,Profile
3f69db38-9a63-40b8-9e1f-9b614d73bb9a,L1,Profile
3f69db38-9a63-40b8-9e1f-9b614d73bb9a,L1,Profile
3f69db38-9a63-40b8-9e1f-9b614d73bb9a,L1,Profile
3f69db38-9a63-40b8-9e1f-9b614d73bb9a,L1,Profile
3f69db38-9a63-40b8-9e1f-9b614d73bb9a,L1,Profile
3f69db38-9a63-40b8-9e1f-9b614d73bb9a,L1,Profile
3f69db38-9a63-40b8-9e1f-9b614d73bb9a,L1,Profile
3f69db38-9a63-40b8-9e1f-9b614d73bb9a,L1,Profile
3f69db38-9a63-40b8-9e1f-9b614d73bb9a,L1,Profile
3f69db38-9a63-40b8-9e1f-9b614d73bb9a,L1,Profile
3f69db38-9a63-40b8-9e1f-9b614d73bb9a,L1,Profile
3f69db38-9a63-40b8-9e1f-9b614d73bb9a,L1,Profile
3f69db38-9a63-40b8-9e1f-9b614d73bb9a,L1,Profile
3f69db38-9a63-40b8-9e1f-9b614d73bb9a,L1,Profile
3f69db38-9a63-40b8-9e1f-9b614d73bb9a,L1,Profile
3f69db38-9a63-40b8-9e1f-9b614d73bb9a,L1,Profile
3f69db38-9a63-40b8-9e1f-9b614d73bb9a,L1,Profile
3f69db38-9a63-40b8-9e1f-9b614d73bb9a,L1,Profile
3f69db38-9a63-40b8-9e1f-9b614d73bb9a,L1,Profile
3f69db38-9a63-40b8-9e1f-9b614d73bb9a,L1,Profile
3f69db38-9a63-40b8-9e1f-9b614d73bb9a,L1,Profile
3f69db38-9a63-40b8-9e1f-9b614d73bb9a,L1,Profile
3f69db38-9a63-40b8-9e1f-9b614d73bb9a,L1,Profile
3f69db38-9a63-40b8-9e1f-9b614d73bb9a,L1,Profile
3f69db38-9a63-40b8-9e1f-9b614d73bb9a,L1,Profile
3f69db38-9a63-40b8-9e1f-9b614d73bb9a,L1,Profile
3f69db38-9a63-40b8-9e1f-9b614d73bb9a,L1,Profile
3f69db38-9a63-40b8-9e1f-9b614d73bb9a,L1,Profile
3f69db38-9a63-40b8-9e1f-9b614d73bb9a,L1,Profile
3f69db38-9a63-40b8-9e1f-9b614d73bb9a,L1,Profile
3f69db38-9a63-40b8-9e1f-9b614d73bb9a,L1,Profile
3f69db38-9a63-40b8-9e1f-9b614d73bb9a,L1,Profile
3f69db38-9a63-40b8-9e1f-9b614d73bb9a,L1,Profile
3f69db38-9a63-40b8-9e1f-9b614d73bb9a,L1,Profile
3f69db38-9a63-40b8-9e1f-9b614d73bb9a,L1,Profile
3f69db38-9a63-40b8-9e1f-9b614d73bb9a,L1,Profile
3f69db38-9a63-40b8-9e1f-9b614d73bb9a,L1,Profile
3f69db38-9a63-40b8-9e1f-9b614d73bb9a,L1,Profile
3f69db38-9a63-40b8-9e1f-9b614d73bb9a,L1,Profile
3f69db38-9a63-40b8-9e1f-9b614d73bb9a,L1,Profile
3f69db38-9a63-40b8-9e1f-9b614d73bb9a,L1,Profile
3f69db38-9a63-40b8-9e1f-9b614d73bb9a,L1,Profile
3f69db38-9a63-40b8-9e1f-9b614d73bb9a,L1,Profile
3f69db38-9a63-40b8-9e1f-9b614d73bb9a,L1,Profile
3f69db38-9a63-40b8-9e1f-9b614d73bb9a,L1,Profile
3f69db38-9a63-40b8-9e1f-9b614d73bb9a,L1,Profile
3f69db38-9a63-40b8-9e1f-9b614d73bb9a,L1,Profile
3f69db38-9a63-40b8-9e1f-9b614d73bb9a,L1,Profile
3f69db38-9a63-40b8-9e1f-9b614d73bb9a,L1,Profile
3f69db38-9a63-40b8-9e1f-9b614d73bb9a,L1,Profile
3f69db38-9a63-40b8-9e1f-9b614d73bb9a,L1,Profile
3f69db38-9a63-40b8-9e1f-9b614d73bb9a,L1,Profile
3f69db38-9a63-40b8-9e1f-9b614d73bb9a,L1,Profile
3f69db38-9a63-40b8-9e1f-9b614d73bb9a,L1,Profile
3f69db38-9a63-40b8-9e1f-9b614d73bb9a,L1,Profile
3f69db38-9a63-40b8-9e1f-9b614d73bb9a,L1,Profile
3f69db38-9a63-40b8-9e1f-9b614d73bb9a,L1,Profile
3f69db38-9a63-40b8-9e1f-9b614d73bb9a,L1,Profile
3f69db38-9a63-40b8-9e1f-9b614d73bb9a,L1,Profile
3f69db38-9a63-40b8-9e1f-9b614d73bb9a,L1,Profile
3f69db38-9a63-40b8-9e1f-9b614d73bb9a,L1,Profile
3f69db38-9a63-40b8-9e1f-9b614d73bb9a,L1,Profile
3f69db38-9a63-40b8-9e1f-9b614d73bb9a,L1,Profile
3f69db38-9a63-40b8-9e1f-9b614d73bb9a,L1,Profile
3f69db38-9a63-40b8-9e1f-9b614d73bb9a,L1,Profile
3f69db38-9a63-40b8-9e1f-9b614d73bb9a,L1,Profile
3f69db38-9a63-40b8-9e1f-9b614d73bb9a,L1,Profile
3f69db38-9a63-40b8-9e1f-9b614d73bb9a,L1,Profile
3f69db38-9a63-40b8-9e1f-9b614d73bb9a,L1,Profile
3f69db38-9a63-40b8-9e1f-9b614d73bb9a,L1,Profile
3f69db38-9a63-40b8-9e1f-9b614d73bb9a,L1,Profile
3f69db38-9a63-40b8-9e1f-9b614d73bb9a,L1,Profile
3f69db38-9a63-40b8-9e1f-9b614d73bb9a,L1,Profile
3f69db38-9a63-40b8-9e1f-9b614d73bb9a,L1,Profile
3f69db38-9a63-40b8-9e1f-9b614d73bb9a,L1,Profile
3f69db38-9a63-40b8-9e1f-9b614d73bb9a,L1,Profile
3f69db38-9a63-40b8-9e1f-9b614d73bb9a,L1,Profile
3f69db38-9a63-40b8-9e1f-9b614d73bb9a,L1,Profile
3f69db38-9a63-40b8-9e1f-9b614d73bb9a,L1,Profile
3f69db38-9a63-40b8-9e1f-9b614d73bb9a,L1,Profile
3f69db38-9a63-40b8-9e1f-9b614d73bb9a,L1,Profile
3f69db38-9a63-40b8-9e1f-9b614d73bb9a,L1,Profile
3f69db38-9a63-40b8-9e1f-9b614d73bb9a,L1,Profile
3f69db38-9a63-40b8-9e1f-9b614d73bb9a,L1,Profile
3f69db38-9a63-40b8-9e1f-9b614d73bb9a,L1,Profile
3f69db38-9a63-40b8-9e1f-9b614d73bb9a,L1,Profile
3f69db38-9a63-40b8-9e1f-9b614d73bb9a,L1,Profile
3f69db38-9a63-40b8-9e1f-9b614d73bb9a,L1,Profile
3f69db38-9a63-40b8-9e1f-9b614d73bb9a,L1,Profile
3f69db38-9a63-40b8-9e1f-9b614d73bb9a,L1,Profile
3f69db38-9a63-40b8-9e1f-9b614d73bb9a,L1,Profile
3f69db38-9a63-40b8-9e1f-9b614d73bb9a,L1,Profile
3f69db38-9a63-40b8-9e1f-9b614d73bb9a,L1,Profile
3f69db38-9a63-40b8-9e1f-9b614d73bb9a,L1,Profile
3f69db38-9a63-40b8-9e1f-9b614d73bb9a,L1,Profile
3f69db38-9a63-40b8-9e1f-9b614d73bb9a,L1,Profile
3f69db38-9a63-40b8-9e1f-9b614d73bb9a,L1,Profile
3f69db38-9a63-40b8-9e1f-9b614d73bb9a,L1,Profile
3f69db38-9a63-40b8-9e1f-9b614d73bb9a,L1,Profile
3f69db38-9a63-40b8-9e1f-9b614d73bb9a,L1,Profile
3f69db38-9a63-40b8-9e1f-9b614d73bb9a,L1,Profile
3f69db38-9a63-40b8-9e1f-9b614d73bb9a,L1,Profile
3f69db38-9a63-40b8-9e1f-9b614d73bb9a,L1,Profile
3f69db38-9a63-40b8-9e1f-9b614d73bb9a,L1,Profile
3f69db38-9a63-40b8-9e1f-9b614d73bb9a,L1,Profile
3f69db38-9a63-40b8-9e1f-9b614d73bb9a,L1,Profile
3f69db38-9a63-40b8-9e1f-9b614d73bb9a,L1,Profile
3f69db38-9a63-40b8-9e1f-9b614d73bb9a,L1,Profile
3f69db38-9a63-40b8-9e1f-9b614d73bb9a,L1,Profile
3f69db38-9a63-40b8-9e1f-9b614d73bb9a,L1,Profile
3f69db38-9a63-40b8-9e1f-9b614d73bb9a,L1,Profile
3f69db38-9a63-40b8-9e1f-9b614d73bb9a,L1,Profile
3f69db38-9a63-40b8-9e1f-9b614d73bb9a,L1,Profile
3f69db38-9a63-40b8-9e1f-9b614d73bb9a,L1,Profile
3f69db38-9a63-40b8-9e1f-9b614d73bb9a,L1,Profile
3f69db38-9a63-40b8-9e1f-9b614d73bb9a,L1,Profile
3f69db38-9a63-40b8-9e1f-9b614d73bb9a,L1,Profile
3f69db38-9a63-40b8-9e1f-9b614d73bb9a,L1,Profile
3f69db38-9a63-40b8-9e1f-9b614d73bb9a,L1,Profile
3f69db38-9a63-40b8-9e1f-9b614d73bb9a,L1,Profile
3f69db38-9a63-40b8-9e1f-9b614d73bb9a,L1,Profile
3f69db38-9a63-40b8-9e1f-9b614d73bb9a,L1,Profile
3f69db38-9a63-40b8-9e1f-9b614d73bb9a,L1,Profile
3f69db38-9a63-40b8-9e1f-9b614d73bb9a,L1,Profile
3f69db38-9a63-40b8-9e1f-9b614d73bb9a,L1,Profile
3f69db38-9a63-40b8-9e1f-9b614d73bb9a,L1,Profile
3f69db38-9a63-40b8-9e1f-9b614d73bb9a,L1,Profile
3f69db38-9a63-40b8-9e1f-9b614d73bb9a,L1,Profile
3f69db38-9a63-40b8-9e1f-9b614d73bb9a,L1,Profile
3f69db38-9a63-40b8-9e1f-9b614d73bb9a,L1,Profile
3f69db38-9a63-40b8-9e1f-9b614d73bb9a,L1,Profile
3f69db38-9a63-40b8-9e1f-9b614d73bb9a,L1,Profile
3f69db38-9a63-40b8-9e1f-9b614d73bb9a,L1,Profile
3f69db38-9a63-40b8-9e1f-9b614d73bb9a,L1,Profile
3f69db38-9a63-40b8-9e1f-9b614d73bb9a,L1,Profile
3f69db38-9a63-40b8-9e1f-9b614d73bb9a,L1,Profile
3f69db38-9a63-40b8-9e1f-9b614d73bb9a,L1,Profile
3f69db38-9a63-40b8-9e1f-9b614d73bb9a,L1,Profile
3f69db38-9a63-40b8-9e1f-9b614d73bb9a,L1,Profile
3f69db38-9a63-40b8-9e1f-9b614d73bb9a,L1,Profile
3f69db38-9a63-40b8-9e1f-9b614d73bb9a,L1,Profile
3f69db38-9a63-40b8-9e1f-9b614d73bb9a,L1,Profile
3f69db38-9a63-40b8-9e1f-9b614d73bb9a,L1,Profile
3f69db38-9a63-40b8-9e1f-9b614d73bb9a,L1,Profile
3f69db38-9a63-40b8-9e1f-9b614d73bb9a,L1,Profile
3f69db38-9a63-40b8-9e1f-9b614d73bb9a,L1,Profile
3f69db38-9a63-40b8-9e1f-9b614d73bb9a,L1,Profile
3f69db38-9a63-40b8-9e1f-9b614d73bb9a,L1,Profile
3f69db38-9a63-40b8-9e1f-9b614d73bb9a,L1,Profile
3f69db38-9a63-40b8-9e1f-9b614d73bb9a,L1,Profile
3f69db38-9a63-40b8-9e1f-9b614d73bb9a,L1,Profile
3f69db38-9a63-40b8-9e1f-9b614d73bb9a,L1,Profile
3f69db38-9a63-40b8-9e1f-9b614d73bb9a,L1,Profile
3f69db38-9a63-40b8-9e1f-9b614d73bb9a,L1,Profile
3f69db38-9a63-40b8-9e1f-9b614d73bb9a,L1,Profile
3f69db38-9a63-40b8-9e1f-9b614d73bb9a,L1,Profile
3f69db38-9a63-40b8-9e1f-9b614d73bb9a,L1,Profile
3f69db38-9a63-40b8-9e1f-9b614d73bb9a,L1,Profile
3f69db38-9a63-40b8-9e1f-9b614d73bb9a,L1,Profile
3f69db38-9a63-40b8-9e1f-9b614d73bb9a,L1,Profile
3f69db38-9a63-40b8-9e1f-9b614d73bb9a,L1,Profile
3f69db38-9a63-40b8-9e1f-9b614d73bb9a,L1,Profile
3f69db38-9a63-40b8-9e1f-9b614d73bb9a,L1,Profile
3f69db38-9a63-40b8-9e1f-9b614d73bb9a,L1,Profile
3f69db38-9a63-40b8-9e1f-9b614d73bb9a,L1,Profile
3f69db38-9a63-40b8-9e1f-9b614d73bb9a,L1,Profile
3f69db38-9a63-40b8-9e1f-9b614d73bb9a,L1,Profile
3f69db38-9a63-40b8-9e1f-9b614d73bb9a,L1,Profile
3f69db38-9a63-40b8-9e1f-9b614d73bb9a,L1,Profile
3f69db38-9a63-40b8-9e1f-9b614d73bb9a,L1,Profile
3f69db38-9a63-40b8-9e1f-9b614d73bb9a,L1,Profile
3f69db38-9a63-40b8-9e1f-9b614d73bb9a,L1,Profile
3f69db38-9a63-40b8-9e1f-9b614d73bb9a,L1,Profile
3f69db38-9a63-40b8-9e1f-9b614d73bb9a,L1,Profile
3f69db38-9a63-40b8-9e1f-9b614d73bb9a,L1,Profile
3f69db38-9a63-40b8-9e1f-9b614d73bb9a,L1,Profile
3f69db38-9a63-40b8-9e1f-9b614d73bb9a,L1,Profile
3f69db38-9a63-40b8-9e1f-9b614d73bb9a,L1,Profile
3f69db38-9a63-40b8-9e1f-9b614d73bb9a,L1,Profile
3f69db38-9a63-40b8-9e1f-9b614d73bb9a,L1,Profile
3f69db38-9a63-40b8-9e1f-9b614d73bb9a,L1,Profile
3f69db38-9a63-40b8-9e1f-9b614d73bb9a,L1,Profile
3f69db38-9a63-40b8-9e1f-9b614d73bb9a,L1,Profile
3f69db38-9a63-40b8-9e1f-9b614d73bb9a,L1,Profile
3f69db38-9a63-40b8-9e1f-9b614d73bb9a,L1,Profile
3f69db38-9a63-40b8-9e1f-9b614d73bb9a,L1,Profile
3f69db38-9a63-40b8-9e1f-9b614d73bb9a,L1,Profile
3f69db38-9a63-40b8-9e1f-9b614d73bb9a,L1,Profile
3f69db38-9a63-40b8-9e1f-9b614d73bb9a,L1,Profile
3f69db38-9a63-40b8-9e1f-9b614d73bb9a,L1,Profile
3f69db38-9a63-40b8-9e1f-9b614d73bb9a,L1,Profile
3f69db38-9a63-40b8-9e1f-9b614d73bb9a,L1,Profile
3f69db38-9a63-40b8-9e1f-9b614d73bb9a,L1,Profile
3f69db38-9a63-40b8-9e1f-9b614d73bb9a,L1,Profile
3f69db38-9a63-40b8-9e1f-9b614d73bb9a,L1,Profile
3f69db38-9a63-40b8-9e1f-9b614d73bb9a,L1,Profile
3f69db38-9a63-40b8-9e1f-9b614d73bb9a,L1,Profile
3f69db38-9a63-40b8-9e1f-9b614d73bb9a,L1,Profile
3f69db38-9a63-40b8-9e1f-9b614d73bb9a,L1,Profile
3f69db38-9a63-40b8-9e1f-9b614d73bb9a,L1,Profile
3f69db38-9a63-40b8-9e1f-9b614d73bb9a,L1,Profile
3f69db38-9a63-40b8-9e1f-9b614d73bb9a,L1,Profile
3f69db38-9a63-40b8-9e1f-9b614d73bb9a,L1,Profile
3f69db38-9a63-40b8-9e1f-9b614d73bb9a,L1,Profile
3f69db38-9a63-40b8-9e1f-9b614d73bb9a,L1,Profile
3f69db38-9a63-40b8-9e1f-9b614d73bb9a,L1,Profile
3f69db38-9a63-40b8-9e1f-9b614d73bb9a,L1,Profile
3f69db38-9a63-40b8-9e1f-9b614d73bb9a,L1,Profile
3f69db38-9a63-40b8-9e1f-9b614d73bb9a,L1,Profile
3f69db38-9a63-40b8-9e1f-9b614d73bb9a,L1,Profile
3f69db38-9a63-40b8-9e1f-9b614d73bb9a,L1,Profile
3f69db38-9a63-40b8-9e1f-9b614d73bb9a,L1,Profile
3f69db38-9a63-40b8-9e1f-9b614d73bb9a,L1,Profile
3f69db38-9a63-40b8-9e1f-9b614d73bb9a,L1,Profile
3f69db38-9a63-40b8-9e1f-9b614d73bb9a,L1,Profile
3f69db38-9a63-40b8-9e1f-9b614d73bb9a,L1,Profile
3f69db38-9a63-40b8-9e1f-9b614d73bb9a,L1,Profile
3f69db38-9a63-40b8-9e1f-9b614d73bb9a,L1,Profile
3f69db38-9a63-40b8-9e1f-9b614d73bb9a,L1,Profile
3f69db38-9a63-40b8-9e1f-9b614d73bb9a,L1,Profile
3f69db38-9a63-40b8-9e1f-9b614d73bb9a,L1,Profile
3f69db38-9a63-40b8-9e1f-9b614d73bb9a,L1,Profile
3f69db38-9a63-40b8-9e1f-9b614d73bb9a,L1,Profile
3f69db38-9a63-40b8-9e1f-9b614d73bb9a,L1,Profile
3f69db38-9a63-40b8-9e1f-9b614d73bb9a,L1,Profile
3f69db38-9a63-40b8-9e1f-9b614d73bb9a,L1,Profile
3f69db38-9a63-40b8-9e1f-9b614d73bb9a,L1,Profile
3f69db38-9a63-40b8-9e1f-9b614d73bb9a,L1,Profile
3f69db38-9a63-40b8-9e1f-9b614d73bb9a,L1,Profile
3f69db38-9a63-40b8-9e1f-9b614d73bb9a,L1,Profile
3f69db38-9a63-40b8-9e1f-9b614d73bb9a,L1,Profile
3f69db38-9a63-40b8-9e1f-9b614d73bb9a,L1,Profile
3f69db38-9a63-40b8-9e1f-9b614d73bb9a,L1,Profile
3f69db38-9a63-40b8-9e1f-9b614d73bb9a,L1,Profile
3f69db38-9a63-40b8-9e1f-9b614d73bb9a,L1,Profile
3f69db38-9a63-40b8-9e1f-9b614d73bb9a,L1,Profile
3f69db38-9a63-40b8-9e1f-9b614d73bb9a,L1,Profile
3f69db38-9a63-40b8-9e1f-9b614d73bb9a,L1,Profile
3f69db38-9a63-40b8-9e1f-9b614d73bb9a,L1,Profile
3f69db38-9a63-40b8-9e1f-9b614d73bb9a,L1,Profile
3f69db38-9a63-40b8-9e1f-9b614d73bb9a,L1,Profile
3f69db38-9a63-40b8-9e1f-9b614d73bb9a,L1,Profile
3f69db38-9a63-40b8-9e1f-9b614d73bb9a,L1,Profile
3f69db38-9a63-40b8-9e1f-9b614d73bb9a,L1,Profile
3f69db38-9a63-40b8-9e1f-9b614d73bb9a,L1,Profile
3f69db38-9a63-40b8-9e1f-9b614d73bb9a,L1,Profile
3f69db38-9a63-40b8-9e1f-9b614d73bb9a,L1,Profile
3f69db38-9a63-40b8-9e1f-9b614d73bb9a,L1,Profile
3f69db38-9a63-40b8-9e1f-9b614d73bb9a,L1,Profile
3f69db38-9a63-40b8-9e1f-9b614d73bb9a,L1,Profile
3f69db38-9a63-40b8-9e1f-9b614d73bb9a,L1,Profile
3f69db38-9a63-40b8-9e1f-9b614d73bb9a,L1,Profile
3f69db38-9a63-40b8-9e1f-9b614d73bb9a,L1,Profile
3f69db38-9a63-40b8-9e1f-9b614d73bb9a,L1,Profile
3f69db38-9a63-40b8-9e1f-9b614d73bb9a,L1,Profile
3f69db38-9a63-40b8-9e1f-9b614d73bb9a,L1,Profile
3f69db38-9a63-40b8-9e1f-9b614d73bb9a,L1,Profile
3f69db38-9a63-40b8-9e1f-9b614d73bb9a,L1,Profile
3f69db38-9a63-40b8-9e1f-9b614d73bb9a,L1,Profile
3f69db38-9a63-40b8-9e1f-9b614d73bb9a,L1,Profile
3f69db38-9a63-40b8-9e1f-9b614d73bb9a,L1,Profile
3f69db38-9a63-40b8-9e1f-9b614d73bb9a,L1,Profile
3f69db38-9a63-40b8-9e1f-9b614d73bb9a,L1,Profile
3f69db38-9a63-40b8-9e1f-9b614d73bb9a,L1,Profile
3f69db38-9a63-40b8-9e1f-9b614d73bb9a,L1,Profile
3f69db38-9a63-40b8-9e1f-9b614d73bb9a,L1,Profile
3f69db38-9a63-40b8-9e1f-9b614d73bb9a,L1,Profile
3f69db38-9a63-40b8-9e1f-9b614d73bb9a,L1,Profile
3f69db38-9a63-40b8-9e1f-9b614d73bb9a,L1,Profile
3f69db38-9a63-40b8-9e1f-9b614d73bb9a,L1,Profile
3f69db38-9a63-40b8-9e1f-9b614d73bb9a,L1,Profile
3f69db38-9a63-40b8-9e1f-9b614d73bb9a,L1,Profile
3f69db38-9a63-40b8-9e1f-9b614d73bb9a,L1,Profile
3f69db38-9a63-40b8-9e1f-9b614d73bb9a,L1,Profile
3f69db38-9a63-40b8-9e1f-9b614d73bb9a,L1,Profile
3f69db38-9a63-40b8-9e1f-9b614d73bb9a,L1,Profile
3f69db38-9a63-40b8-9e1f-9b614d73bb9a,L1,Profile
3f69db38-9a63-40b8-9e1f-9b614d73bb9a,L1,Profile
3f69db38-9a63-40b8-9e1f-9b614d73bb9a,L1,Profile
3f69db38-9a63-40b8-9e1f-9b614d73bb9a,L1,Profile
3f69db38-9a63-40b8-9e1f-9b614d73bb9a,L1,Profile
3f69db38-9a63-40b8-9e1f-9b614d73bb9a,L1,Profile
3f69db38-9a63-40b8-9e1f-9b614d73bb9a,L1,Profile
3f69db38-9a63-40b8-9e1f-9b614d73bb9a,L1,Profile
3f69db38-9a63-40b8-9e1f-9b614d73bb9a,L1,Profile
3f69db38-9a63-40b8-9e1f-9b614d73bb9a,L1,Profile
3f69db38-9a63-40b8-9e1f-9b614d73bb9a,L1,Profile
3f69db38-9a63-40b8-9e1f-9b614d73bb9a,L1,Profile
3f69db38-9a63-40b8-9e1f-9b614d73bb9a,L1,Profile
3f69db38-9a63-40b8-9e1f-9b614d73bb9a,L1,Profile
3f69db38-9a63-40b8-9e1f-9b614d73bb9a,L1,Profile
3f69db38-9a63-40b8-9e1f-9b614d73bb9a,L1,Profile
3f69db38-9a63-40b8-9e1f-9b614d73bb9a,L1,Profile
3f69db38-9a63-40b8-9e1f-9b614d73bb9a,L1,Profile
3f69db38-9a63-40b8-9e1f-9b614d73bb9a,L1,Profile
3f69db38-9a63-40b8-9e1f-9b614d73bb9a,L1,Profile
3f69db38-9a63-40b8-9e1f-9b614d73bb9a,L1,Profile
3f69db38-9a63-40b8-9e1f-9b614d73bb9a,L1,Profile
3f69db38-9a63-40b8-9e1f-9b614d73bb9a,L1,Profile
3f69db38-9a63-40b8-9e1f-9b614d73bb9a,L1,Profile
3f69db38-9a63-40b8-9e1f-9b614d73bb9a,L1,Profile
3f69db38-9a63-40b8-9e1f-9b614d73bb9a,L1,Profile
3f69db38-9a63-40b8-9e1f-9b614d73bb9a,L1,Profile
3f69db38-9a63-40b8-9e1f-9b614d73bb9a,L1,Profile
3f69db38-9a63-40b8-9e1f-9b614d73bb9a,L1,Profile
3f69db38-9a63-40b8-9e1f-9b614d73bb9a,L1,Profile
3f69db38-9a63-40b8-9e1f-9b614d73bb9a,L1,Profile
3f69db38-9a63-40b8-9e1f-9b614d73bb9a,L1,Profile
3f69db38-9a63-40b8-9e1f-9b614d73bb9a,L1,Profile
3f69db38-9a63-40b8-9e1f-9b614d73bb9a,L1,Profile
3f69db38-9a63-40b8-9e1f-9b614d73bb9a,L1,Profile
3f69db38-9a63-40b8-9e1f-9b614d73bb9a,L1,Profile
3f69db38-9a63-40b8-9e1f-9b614d73bb9a,L1,Profile
3f69db38-9a63-40b8-9e1f-9b614d73bb9a,L1,Profile
3f69db38-9a63-40b8-9e1f-9b614d73bb9a,L1,Profile
3f69db38-9a63-40b8-9e1f-9b614d73bb9a,L1,Profile
3f69db38-9a63-40b8-9e1f-9b614d73bb9a,L1,Profile
3f69db38-9a63-40b8-9e1f-9b614d73bb9a,L1,Profile
3f69db38-9a63-40b8-9e1f-9b614d73bb9a,L1,Profile
3f69db38-9a63-40b8-9e1f-9b614d73bb9a,L1,Profile
3f69db38-9a63-40b8-9e1f-9b614d73bb9a,L1,Profile
3f69db38-9a63-40b8-9e1f-9b614d73bb9a,L1,Profile
3f69db38-9a63-40b8-9e1f-9b614d73bb9a,L1,Profile
3f69db38-9a63-40b8-9e1f-9b614d73bb9a,L1,Profile
3f69db38-9a63-40b8-9e1f-9b614d73bb9a,L1,Profile
3f69db38-9a63-40b8-9e1f-9b614d73bb9a,L1,Profile
3f69db38-9a63-40b8-9e1f-9b614d73bb9a,L1,Profile
3f69db38-9a63-40b8-9e1f-9b614d73bb9a,L1,Profile
3f69db38-9a63-40b8-9e1f-9b614d73bb9a,L1,Profile
3f69db38-9a63-40b8-9e1f-9b614d73bb9a,L1,Profile
3f69db38-9a63-40b8-9e1f-9b614d73bb9a,L1,Profile
3f69db38-9a63-40b8-9e1f-9b614d73bb9a,L1,Profile
3f69db38-9a63-40b8-9e1f-9b614d73bb9a,L1,Profile
3f69db38-9a63-40b8-9e1f-9b614d73bb9a,L1,Profile
3f69db38-9a63-40b8-9e1f-9b614d73bb9a,L1,Profile
3f69db38-9a63-40b8-9e1f-9b614d73bb9a,L1,Profile
3f69db38-9a63-40b8-9e1f-9b614d73bb9a,L1,Profile
3f69db38-9a63-40b8-9e1f-9b614d73bb9a,L1,Profile
3f69db38-9a63-40b8-9e1f-9b614d73bb9a,L1,Profile
3f69db38-9a63-40b8-9e1f-9b614d73bb9a,L1,Profile
3f69db38-9a63-40b8-9e1f-9b614d73bb9a,L1,Profile
3f69db38-9a63-40b8-9e1f-9b614d73bb9a,L1,Profile
3f69db38-9a63-40b8-9e1f-9b614d73bb9a,L1,Profile
3f69db38-9a63-40b8-9e1f-9b614d73bb9a,L1,Profile
3f69db38-9a63-40b8-9e1f-9b614d73bb9a,L1,Profile
3f69db38-9a63-40b8-9e1f-9b614d73bb9a,L1,Profile
3f69db38-9a63-40b8-9e1f-9b614d73bb9a,L1,Profile
3f69db38-9a63-40b8-9e1f-9b614d73bb9a,L1,Profile
3f69db38-9a63-40b8-9e1f-9b614d73bb9a,L1,Profile
3f69db38-9a63-40b8-9e1f-9b614d73bb9a,L1,Profile
3f69db38-9a63-40b8-9e1f-9b614d73bb9a,L1,Profile
3f69db38-9a63-40b8-9e1f-9b614d73bb9a,L1,Profile
3f69db38-9a63-40b8-9e1f-9b614d73bb9a,L1,Profile
3f69db38-9a63-40b8-9e1f-9b614d73bb9a,L1,Profile
3f69db38-9a63-40b8-9e1f-9b614d73bb9a,L1,Profile
3f69db38-9a63-40b8-9e1f-9b614d73bb9a,L1,Profile
3f69db38-9a63-40b8-9e1f-9b614d73bb9a,L1,Profile
3f69db38-9a63-40b8-9e1f-9b614d73bb9a,L1,Profile
3f69db38-9a63-40b8-9e1f-9b614d73bb9a,L1,Profile
3f69db38-9a63-40b8-9e1f-9b614d73bb9a,L1,Profile
3f69db38-9a63-40b8-9e1f-9b614d73bb9a,L1,Profile
3f69db38-9a63-40b8-9e1f-9b614d73bb9a,L1,Profile
3f69db38-9a63-40b8-9e1f-9b614d73bb9a,L1,Profile
3f69db38-9a63-40b8-9e1f-9b614d73bb9a,L1,Profile
3f69db38-9a63-40b8-9e1f-9b614d73bb9a,L1,Profile
3f69db38-9a63-40b8-9e1f-9b614d73bb9a,L1,Profile
3f69db38-9a63-40b8-9e1f-9b614d73bb9a,L1,Profile
3f69db38-9a63-40b8-9e1f-9b614d73bb9a,L1,Profile
3f69db38-9a63-40b8-9e1f-9b614d73bb9a,L1,Profile
3f69db38-9a63-40b8-9e1f-9b614d73bb9a,L1,Profile
3f69db38-9a63-40b8-9e1f-9b614d73bb9a,L1,Profile
3f69db38-9a63-40b8-9e1f-9b614d73bb9a,L1,Profile
3f69db38-9a63-40b8-9e1f-9b614d73bb9a,L1,Profile
3f69db38-9a63-40b8-9e1f-9b614d73bb9a,L1,Profile
3f69db38-9a63-40b8-9e1f-9b614d73bb9a,L1,Profile
3f69db38-9a63-40b8-9e1f-9b614d73bb9a,L1,Profile
3f69db38-9a63-40b8-9e1f-9b614d73bb9a,L1,Profile
3f69db38-9a63-40b8-9e1f-9b614d73bb9a,L1,Profile
3f69db38-9a63-40b8-9e1f-9b614d73bb9a,L1,Profile
3f69db38-9a63-40b8-9e1f-9b614d73bb9a,L1,Profile
3f69db38-9a63-40b8-9e1f-9b614d73bb9a,L1,Profile
3f69db38-9a63-40b8-9e1f-9b614d73bb9a,L1,Profile
3f69db38-9a63-40b8-9e1f-9b614d73bb9a,L1,Profile
3f69db38-9a63-40b8-9e1f-9b614d73bb9a,L1,Profile
3f69db38-9a63-40b8-9e1f-9b614d73bb9a,L1,Profile
3f69db38-9a63-40b8-9e1f-9b614d73bb9a,L1,Profile
3f69db38-9a63-40b8-9e1f-9b614d73bb9a,L1,Profile
3f69db38-9a63-40b8-9e1f-9b614d73bb9a,L1,Profile
3f69db38-9a63-40b8-9e1f-9b614d73bb9a,L1,Profile
3f69db38-9a63-40b8-9e1f-9b614d73bb9a,L1,Profile
3f69db38-9a63-40b8-9e1f-9b614d73bb9a,L1,Profile
3f69db38-9a63-40b8-9e1f-9b614d73bb9a,L1,Profile
3f69db38-9a63-40b8-9e1f-9b614d73bb9a,L1,Profile
3f69db38-9a63-40b8-9e1f-9b614d73bb9a,L1,Profile
3f69db38-9a63-40b8-9e1f-9b614d73bb9a,L1,Profile
3f69db38-9a63-40b8-9e1f-9b614d73bb9a,L1,Profile
3f69db38-9a63-40b8-9e1f-9b614d73bb9a,L1,Profile
3f69db38-9a63-40b8-9e1f-9b614d73bb9a,L1,Profile
3f69db38-9a63-40b8-9e1f-9b614d73bb9a,L1,Profile
3f69db38-9a63-40b8-9e1f-9b614d73bb9a,L1,Profile
3f69db38-9a63-40b8-9e1f-9b614d73bb9a,L1,Profile
3f69db38-9a63-40b8-9e1f-9b614d73bb9a,L1,Profile
3f69db38-9a63-40b8-9e1f-9b614d73bb9a,L1,Profile
3f69db38-9a63-40b8-9e1f-9b614d73bb9a,L1,Profile
3f69db38-9a63-40b8-9e1f-9b614d73bb9a,L1,Profile
3f69db38-9a63-40b8-9e1f-9b614d73bb9a,L1,Profile
3f69db38-9a63-40b8-9e1f-9b614d73bb9a,L1,Profile
3f69db38-9a63-40b8-9e1f-9b614d73bb9a,L1,Profile
3f69db38-9a63-40b8-9e1f-9b614d73bb9a,L1,Profile
3f69db38-9a63-40b8-9e1f-9b614d73bb9a,L1,Profile
3f69db38-9a63-40b8-9e1f-9b614d73bb9a,L1,Profile
3f69db38-9a63-40b8-9e1f-9b614d73bb9a,L1,Profile
3f69db38-9a63-40b8-9e1f-9b614d73bb9a,L1,Profile
3f69db38-9a63-40b8-9e1f-9b614d73bb9a,L1,Profile
3f69db38-9a63-40b8-9e1f-9b614d73bb9a,L1,Profile
3f69db38-9a63-40b8-9e1f-9b614d73bb9a,L1,Profile
3f69db38-9a63-40b8-9e1f-9b614d73bb9a,L1,Profile
3f69db38-9a63-40b8-9e1f-9b614d73bb9a,L1,Profile
3f69db38-9a63-40b8-9e1f-9b614d73bb9a,L1,Profile
3f69db38-9a63-40b8-9e1f-9b614d73bb9a,L1,Profile
3f69db38-9a63-40b8-9e1f-9b614d73bb9a,L1,Profile
3f69db38-9a63-40b8-9e1f-9b614d73bb9a,L1,Profile
3f69db38-9a63-40b8-9e1f-9b614d73bb9a,L1,Profile
3f69db38-9a63-40b8-9e1f-9b614d73bb9a,L1,Profile
3f69db38-9a63-40b8-9e1f-9b614d73bb9a,L1,Profile
3f69db38-9a63-40b8-9e1f-9b614d73bb9a,L1,Profile
3f69db38-9a63-40b8-9e1f-9b614d73bb9a,L1,Profile
3f69db38-9a63-40b8-9e1f-9b614d73bb9a,L1,Profile
3f69db38-9a63-40b8-9e1f-9b614d73bb9a,L1,Profile
3f69db38-9a63-40b8-9e1f-9b614d73bb9a,L1,Profile
3f69db38-9a63-40b8-9e1f-9b614d73bb9a,L1,Profile
3f69db38-9a63-40b8-9e1f-9b614d73bb9a,L1,Profile
3f69db38-9a63-40b8-9e1f-9b614d73bb9a,L1,Profile
3f69db38-9a63-40b8-9e1f-9b614d73bb9a,L1,Profile
3f69db38-9a63-40b8-9e1f-9b614d73bb9a,L1,Profile
3f69db38-9a63-40b8-9e1f-9b614d73bb9a,L1,Profile
3f69db38-9a63-40b8-9e1f-9b614d73bb9a,L1,Profile
3f69db38-9a63-40b8-9e1f-9b614d73bb9a,L1,Profile
3f69db38-9a63-40b8-9e1f-9b614d73bb9a,L1,Profile
3f69db38-9a63-40b8-9e1f-9b614d73bb9a,L1,Profile
3f69db38-9a63-40b8-9e1f-9b614d73bb9a,L1,Profile
3f69db38-9a63-40b8-9e1f-9b614d73bb9a,L1,Profile
3f69db38-9a63-40b8-9e1f-9b614d73bb9a,L1,Profile
3f69db38-9a63-40b8-9e1f-9b614d73bb9a,L1,Profile
3f69db38-9a63-40b8-9e1f-9b614d73bb9a,L1,Profile
3f69db38-9a63-40b8-9e1f-9b614d73bb9a,L1,Profile
3f69db38-9a63-40b8-9e1f-9b614d73bb9a,L1,Profile
3f69db38-9a63-40b8-9e1f-9b614d73bb9a,L1,Profile
3f69db38-9a63-40b8-9e1f-9b614d73bb9a,L1,Profile
3f69db38-9a63-40b8-9e1f-9b614d73bb9a,L1,Profile
3f69db38-9a63-40b8-9e1f-9b614d73bb9a,L1,Profile
3f69db38-9a63-40b8-9e1f-9b614d73bb9a,L1,Profile
3f69db38-9a63-40b8-9e1f-9b614d73bb9a,L1,Profile
3f69db38-9a63-40b8-9e1f-9b614d73bb9a,L1,Profile
3f69db38-9a63-40b8-9e1f-9b614d73bb9a,L1,Profile
3f69db38-9a63-40b8-9e1f-9b614d73bb9a,L1,Profile
3f69db38-9a63-40b8-9e1f-9b614d73bb9a,L1,Profile
3f69db38-9a63-40b8-9e1f-9b614d73bb9a,L1,Profile
3f69db38-9a63-40b8-9e1f-9b614d73bb9a,L1,Profile
3f69db38-9a63-40b8-9e1f-9b614d73bb9a,L1,Profile
3f69db38-9a63-40b8-9e1f-9b614d73bb9a,L1,Profile
3f69db38-9a63-40b8-9e1f-9b614d73bb9a,L1,Profile
3f69db38-9a63-40b8-9e1f-9b614d73bb9a,L1,Profile
3f69db38-9a63-40b8-9e1f-9b614d73bb9a,L1,Profile
3f69db38-9a63-40b8-9e1f-9b614d73bb9a,L1,Profile
3f69db38-9a63-40b8-9e1f-9b614d73bb9a,L1,Profile
3f69db38-9a63-40b8-9e1f-9b614d73bb9a,L1,Profile
3f69db38-9a63-40b8-9e1f-9b614d73bb9a,L1,Profile
3f69db38-9a63-40b8-9e1f-9b614d73bb9a,L1,Profile
3f69db38-9a63-40b8-9e1f-9b614d73bb9a,L1,Profile
3f69db38-9a63-40b8-9e1f-9b614d73bb9a,L1,Profile
3f69db38-9a63-40b8-9e1f-9b614d73bb9a,L1,Profile
3f69db38-9a63-40b8-9e1f-9b614d73bb9a,L1,Profile
3f69db38-9a63-40b8-9e1f-9b614d73bb9a,L1,Profile
3f69db38-9a63-40b8-9e1f-9b614d73bb9a,L1,Profile
3f69db38-9a63-40b8-9e1f-9b614d73bb9a,L1,Profile
3f69db38-9a63-40b8-9e1f-9b614d73bb9a,L1,Profile
3f69db38-9a63-40b8-9e1f-9b614d73bb9a,L1,Profile
3f69db38-9a63-40b8-9e1f-9b614d73bb9a,L1,Profile
3f69db38-9a63-40b8-9e1f-9b614d73bb9a,L1,Profile
3f69db38-9a63-40b8-9e1f-9b614d73bb9a,L1,Profile
3f69db38-9a63-40b8-9e1f-9b614d73bb9a,L1,Profile
3f69db38-9a63-40b8-9e1f-9b614d73bb9a,L1,Profile
3f69db38-9a63-40b8-9e1f-9b614d73bb9a,L1,Profile
3f69db38-9a63-40b8-9e1f-9b614d73bb9a,L1,Profile
3f69db38-9a63-40b8-9e1f-9b614d73bb9a,L1,Profile
3f69db38-9a63-40b8-9e1f-9b614d73bb9a,L1,Profile
3f69db38-9a63-40b8-9e1f-9b614d73bb9a,L1,Profile
3f69db38-9a63-40b8-9e1f-9b614d73bb9a,L1,Profile
3f69db38-9a63-40b8-9e1f-9b614d73bb9a,L1,Profile
3f69db38-9a63-40b8-9e1f-9b614d73bb9a,L1,Profile
3f69db38-9a63-40b8-9e1f-9b614d73bb9a,L1,Profile
3f69db38-9a63-40b8-9e1f-9b614d73bb9a,L1,Profile
3f69db38-9a63-40b8-9e1f-9b614d73bb9a,L1,Profile
3f69db38-9a63-40b8-9e1f-9b614d73bb9a,L1,Profile
3f69db38-9a63-40b8-9e1f-9b614d73bb9a,L1,Profile
3f69db38-9a63-40b8-9e1f-9b614d73bb9a,L1,Profile
3f69db38-9a63-40b8-9e1f-9b614d73bb9a,L1,Profile
3f69db38-9a63-40b8-9e1f-9b614d73bb9a,L1,Profile
3f69db38-9a63-40b8-9e1f-9b614d73bb9a,L1,Profile
3f69db38-9a63-40b8-9e1f-9b614d73bb9a,L1,Profile
3f69db38-9a63-40b8-9e1f-9b614d73bb9a,L1,Profile
3f69db38-9a63-40b8-9e1f-9b614d73bb9a,L1,Profile
3f69db38-9a63-40b8-9e1f-9b614d73bb9a,L1,Profile
3f69db38-9a63-40b8-9e1f-9b614d73bb9a,L1,Profile
3f69db38-9a63-40b8-9e1f-9b614d73bb9a,L1,Profile
3f69db38-9a63-40b8-9e1f-9b614d73bb9a,L1,Profile
3f69db38-9a63-40b8-9e1f-9b614d73bb9a,L1,Profile
3f69db38-9a63-40b8-9e1f-9b614d73bb9a,L1,Profile
3f69db38-9a63-40b8-9e1f-9b614d73bb9a,L1,Profile
3f69db38-9a63-40b8-9e1f-9b614d73bb9a,L1,Profile
3f69db38-9a63-40b8-9e1f-9b614d73bb9a,L1,Profile
3f69db38-9a63-40b8-9e1f-9b614d73bb9a,L1,Profile
3f69db38-9a63-40b8-9e1f-9b614d73bb9a,L1,Profile
3f69db38-9a63-40b8-9e1f-9b614d73bb9a,L1,Profile
3f69db38-9a63-40b8-9e1f-9b614d73bb9a,L1,Profile
3f69db38-9a63-40b8-9e1f-9b614d73bb9a,L1,Profile
3f69db38-9a63-40b8-9e1f-9b614d73bb9a,L1,Profile
3f69db38-9a63-40b8-9e1f-9b614d73bb9a,L1,Profile
3f69db38-9a63-40b8-9e1f-9b614d73bb9a,L1,Profile
3f69db38-9a63-40b8-9e1f-9b614d73bb9a,L1,Profile
3f69db38-9a63-40b8-9e1f-9b614d73bb9a,L1,Profile
3f69db38-9a63-40b8-9e1f-9b614d73bb9a,L1,Profile
3f69db38-9a63-40b8-9e1f-9b614d73bb9a,L1,Profile
3f69db38-9a63-40b8-9e1f-9b614d73bb9a,L1,Profile
3f69db38-9a63-40b8-9e1f-9b614d73bb9a,L1,Profile
3f69db38-9a63-40b8-9e1f-9b614d73bb9a,L1,Profile
3f69db38-9a63-40b8-9e1f-9b614d73bb9a,L1,Profile
3f69db38-9a63-40b8-9e1f-9b614d73bb9a,L1,Profile
3f69db38-9a63-40b8-9e1f-9b614d73bb9a,L1,Profile
3f69db38-9a63-40b8-9e1f-9b614d73bb9a,L1,Profile
3f69db38-9a63-40b8-9e1f-9b614d73bb9a,L1,Profile
3f69db38-9a63-40b8-9e1f-9b614d73bb9a,L1,Profile
3f69db38-9a63-40b8-9e1f-9b614d73bb9a,L1,Profile
3f69db38-9a63-40b8-9e1f-9b614d73bb9a,L1,Profile
3f69db38-9a63-40b8-9e1f-9b614d73bb9a,L1,Profile
3f69db38-9a63-40b8-9e1f-9b614d73bb9a,L1,Profile
3f69db38-9a63-40b8-9e1f-9b614d73bb9a,L1,Profile
3f69db38-9a63-40b8-9e1f-9b614d73bb9a,L1,Profile
3f69db38-9a63-40b8-9e1f-9b614d73bb9a,L1,Profile
3f69db38-9a63-40b8-9e1f-9b614d73bb9a,L1,Profile
3f69db38-9a63-40b8-9e1f-9b614d73bb9a,L1,Profile
3f69db38-9a63-40b8-9e1f-9b614d73bb9a,L1,Profile
3f69db38-9a63-40b8-9e1f-9b614d73bb9a,L1,Profile
3f69db38-9a63-40b8-9e1f-9b614d73bb9a,L1,Profile
3f69db38-9a63-40b8-9e1f-9b614d73bb9a,L1,Profile
3f69db38-9a63-40b8-9e1f-9b614d73bb9a,L1,Profile
3f69db38-9a63-40b8-9e1f-9b614d73bb9a,L1,Profile
3f69db38-9a63-40b8-9e1f-9b614d73bb9a,L1,Profile
3f69db38-9a63-40b8-9e1f-9b614d73bb9a,L1,Profile
3f69db38-9a63-40b8-9e1f-9b614d73bb9a,L1,Profile
3f69db38-9a63-40b8-9e1f-9b614d73bb9a,L1,Profile
3f69db38-9a63-40b8-9e1f-9b614d73bb9a,L1,Profile
3f69db38-9a63-40b8-9e1f-9b614d73bb9a,L1,Profile
3f69db38-9a63-40b8-9e1f-9b614d73bb9a,L1,Profile
3f69db38-9a63-40b8-9e1f-9b614d73bb9a,L1,Profile
3f69db38-9a63-40b8-9e1f-9b614d73bb9a,L1,Profile
3f69db38-9a63-40b8-9e1f-9b614d73bb9a,L1,Profile
3f69db38-9a63-40b8-9e1f-9b614d73bb9a,L1,Profile
3f69db38-9a63-40b8-9e1f-9b614d73bb9a,L1,Profile
3f69db38-9a63-40b8-9e1f-9b614d73bb9a,L1,Profile
3f69db38-9a63-40b8-9e1f-9b614d73bb9a,L1,Profile
3f69db38-9a63-40b8-9e1f-9b614d73bb9a,L1,Profile
3f69db38-9a63-40b8-9e1f-9b614d73bb9a,L1,Profile
3f69db38-9a63-40b8-9e1f-9b614d73bb9a,L1,Profile
3f69db38-9a63-40b8-9e1f-9b614d73bb9a,L1,Profile
3f69db38-9a63-40b8-9e1f-9b614d73bb9a,L1,Profile
3f69db38-9a63-40b8-9e1f-9b614d73bb9a,L1,Profile
3f69db38-9a63-40b8-9e1f-9b614d73bb9a,L1,Profile
3f69db38-9a63-40b8-9e1f-9b614d73bb9a,L1,Profile
3f69db38-9a63-40b8-9e1f-9b614d73bb9a,L1,Profile
3f69db38-9a63-40b8-9e1f-9b614d73bb9a,L1,Profile
3f69db38-9a63-40b8-9e1f-9b614d73bb9a,L1,Profile
3f69db38-9a63-40b8-9e1f-9b614d73bb9a,L1,Profile
3f69db38-9a63-40b8-9e1f-9b614d73bb9a,L1,Profile
3f69db38-9a63-40b8-9e1f-9b614d73bb9a,L1,Profile
3f69db38-9a63-40b8-9e1f-9b614d73bb9a,L1,Profile
3f69db38-9a63-40b8-9e1f-9b614d73bb9a,L1,Profile
3f69db38-9a63-40b8-9e1f-9b614d73bb9a,L1,Profile
3f69db38-9a63-40b8-9e1f-9b614d73bb9a,L1,Profile
3f69db38-9a63-40b8-9e1f-9b614d73bb9a,L1,Profile
3f69db38-9a63-40b8-9e1f-9b614d73bb9a,L1,Profile
3f69db38-9a63-40b8-9e1f-9b614d73bb9a,L1,Profile
3f69db38-9a63-40b8-9e1f-9b614d73bb9a,L1,Profile
3f69db38-9a63-40b8-9e1f-9b614d73bb9a,L1,Profile
3f69db38-9a63-40b8-9e1f-9b614d73bb9a,L1,Profile
3f69db38-9a63-40b8-9e1f-9b614d73bb9a,L1,Profile
3f69db38-9a63-40b8-9e1f-9b614d73bb9a,L1,Profile
3f69db38-9a63-40b8-9e1f-9b614d73bb9a,L1,Profile
3f69db38-9a63-40b8-9e1f-9b614d73bb9a,L1,Profile
3f69db38-9a63-40b8-9e1f-9b614d73bb9a,L1,Profile
3f69db38-9a63-40b8-9e1f-9b614d73bb9a,L1,Profile
3f69db38-9a63-40b8-9e1f-9b614d73bb9a,L1,Profile
3f69db38-9a63-40b8-9e1f-9b614d73bb9a,L1,Profile
3f69db38-9a63-40b8-9e1f-9b614d73bb9a,L1,Profile
3f69db38-9a63-40b8-9e1f-9b614d73bb9a,L1,Profile
3f69db38-9a63-40b8-9e1f-9b614d73bb9a,L1,Profile
3f69db38-9a63-40b8-9e1f-9b614d73bb9a,L1,Profile
3f69db38-9a63-40b8-9e1f-9b614d73bb9a,L1,Profile
3f69db38-9a63-40b8-9e1f-9b614d73bb9a,L1,Profile
3f69db38-9a63-40b8-9e1f-9b614d73bb9a,L1,Profile
3f69db38-9a63-40b8-9e1f-9b614d73bb9a,L1,Profile
3f69db38-9a63-40b8-9e1f-9b614d73bb9a,L1,Profile
3f69db38-9a63-40b8-9e1f-9b614d73bb9a,L1,Profile
3f69db38-9a63-40b8-9e1f-9b614d73bb9a,L1,Profile
3f69db38-9a63-40b8-9e1f-9b614d73bb9a,L1,Profile
3f69db38-9a63-40b8-9e1f-9b614d73bb9a,L1,Profile
3f69db38-9a63-40b8-9e1f-9b614d73bb9a,L1,Profile
3f69db38-9a63-40b8-9e1f-9b614d73bb9a,L1,Profile
3f69db38-9a63-40b8-9e1f-9b614d73bb9a,L1,Profile
3f69db38-9a63-40b8-9e1f-9b614d73bb9a,L1,Profile
3f69db38-9a63-40b8-9e1f-9b614d73bb9a,L1,Profile
3f69db38-9a63-40b8-9e1f-9b614d73bb9a,L1,Profile
3f69db38-9a63-40b8-9e1f-9b614d73bb9a,L1,Profile
3f69db38-9a63-40b8-9e1f-9b614d73bb9a,L1,Profile
3f69db38-9a63-40b8-9e1f-9b614d73bb9a,L1,Profile
3f69db38-9a63-40b8-9e1f-9b614d73bb9a,L1,Profile
3f69db38-9a63-40b8-9e1f-9b614d73bb9a,L1,Profile
3f69db38-9a63-40b8-9e1f-9b614d73bb9a,L1,Profile
3f69db38-9a63-40b8-9e1f-9b614d73bb9a,L1,Profile
3f69db38-9a63-40b8-9e1f-9b614d73bb9a,L1,Profile
3f69db38-9a63-40b8-9e1f-9b614d73bb9a,L1,Profile
3f69db38-9a63-40b8-9e1f-9b614d73bb9a,L1,Profile
3f69db38-9a63-40b8-9e1f-9b614d73bb9a,L1,Profile
3f69db38-9a63-40b8-9e1f-9b614d73bb9a,L1,Profile
3f69db38-9a63-40b8-9e1f-9b614d73bb9a,L1,Profile
3f69db38-9a63-40b8-9e1f-9b614d73bb9a,L1,Profile
3f69db38-9a63-40b8-9e1f-9b614d73bb9a,L1,Profile
3f69db38-9a63-40b8-9e1f-9b614d73bb9a,L1,Profile
3f69db38-9a63-40b8-9e1f-9b614d73bb9a,L1,Profile
3f69db38-9a63-40b8-9e1f-9b614d73bb9a,L1,Profile
3f69db38-9a63-40b8-9e1f-9b614d73bb9a,L1,Profile
3f69db38-9a63-40b8-9e1f-9b614d73bb9a,L1,Profile
3f69db38-9a63-40b8-9e1f-9b614d73bb9a,L1,Profile
3f69db38-9a63-40b8-9e1f-9b614d73bb9a,L1,Profile
3f69db38-9a63-40b8-9e1f-9b614d73bb9a,L1,Profile
3f69db38-9a63-40b8-9e1f-9b614d73bb9a,L1,Profile
3f69db38-9a63-40b8-9e1f-9b614d73bb9a,L1,Profile
3f69db38-9a63-40b8-9e1f-9b614d73bb9a,L1,Profile
3f69db38-9a63-40b8-9e1f-9b614d73bb9a,L1,Profile
3f69db38-9a63-40b8-9e1f-9b614d73bb9a,L1,Profile
3f69db38-9a63-40b8-9e1f-9b614d73bb9a,L1,Profile
3f69db38-9a63-40b8-9e1f-9b614d73bb9a,L1,Profile
3f69db38-9a63-40b8-9e1f-9b614d73bb9a,L1,Profile
3f69db38-9a63-40b8-9e1f-9b614d73bb9a,L1,Profile
3f69db38-9a63-40b8-9e1f-9b614d73bb9a,L1,Profile
3f69db38-9a63-40b8-9e1f-9b614d73bb9a,L1,Profile
3f69db38-9a63-40b8-9e1f-9b614d73bb9a,L1,Profile
3f69db38-9a63-40b8-9e1f-9b614d73bb9a,L1,Profile
3f69db38-9a63-40b8-9e1f-9b614d73bb9a,L1,Profile
3f69db38-9a63-40b8-9e1f-9b614d73bb9a,L1,Profile
3f69db38-9a63-40b8-9e1f-9b614d73bb9a,L1,Profile
3f69db38-9a63-40b8-9e1f-9b614d73bb9a,L1,Profile
3f69db38-9a63-40b8-9e1f-9b614d73bb9a,L1,Profile
3f69db38-9a63-40b8-9e1f-9b614d73bb9a,L1,Profile
3f69db38-9a63-40b8-9e1f-9b614d73bb9a,L1,Profile
3f69db38-9a63-40b8-9e1f-9b614d73bb9a,L1,Profile
3f69db38-9a63-40b8-9e1f-9b614d73bb9a,L1,Profile
3f69db38-9a63-40b8-9e1f-9b614d73bb9a,L1,Profile
3f69db38-9a63-40b8-9e1f-9b614d73bb9a,L1,Profile
3f69db38-9a63-40b8-9e1f-9b614d73bb9a,L1,Profile
3f69db38-9a63-40b8-9e1f-9b614d73bb9a,L1,Profile
3f69db38-9a63-40b8-9e1f-9b614d73bb9a,L1,Profile
3f69db38-9a63-40b8-9e1f-9b614d73bb9a,L1,Profile
3f69db38-9a63-40b8-9e1f-9b614d73bb9a,L1,Profile
3f69db38-9a63-40b8-9e1f-9b614d73bb9a,L1,Profile
3f69db38-9a63-40b8-9e1f-9b614d73bb9a,L1,Profile
3f69db38-9a63-40b8-9e1f-9b614d73bb9a,L1,Profile
3f69db38-9a63-40b8-9e1f-9b614d73bb9a,L1,Profile
3f69db38-9a63-40b8-9e1f-9b614d73bb9a,L1,Profile
3f69db38-9a63-40b8-9e1f-9b614d73bb9a,L1,Profile
3f69db38-9a63-40b8-9e1f-9b614d73bb9a,L1,Profile
3f69db38-9a63-40b8-9e1f-9b614d73bb9a,L1,Profile
3f69db38-9a63-40b8-9e1f-9b614d73bb9a,L1,Profile
3f69db38-9a63-40b8-9e1f-9b614d73bb9a,L1,Profile
3f69db38-9a63-40b8-9e1f-9b614d73bb9a,L1,Profile
3f69db38-9a63-40b8-9e1f-9b614d73bb9a,L1,Profile
3f69db38-9a63-40b8-9e1f-9b614d73bb9a,L1,Profile
3f69db38-9a63-40b8-9e1f-9b614d73bb9a,L1,Profile
3f69db38-9a63-40b8-9e1f-9b614d73bb9a,L1,Profile
3f69db38-9a63-40b8-9e1f-9b614d73bb9a,L1,Profile
3f69db38-9a63-40b8-9e1f-9b614d73bb9a,L1,Profile
3f69db38-9a63-40b8-9e1f-9b614d73bb9a,L1,Profile
3f69db38-9a63-40b8-9e1f-9b614d73bb9a,L1,Profile
3f69db38-9a63-40b8-9e1f-9b614d73bb9a,L1,Profile
3f69db38-9a63-40b8-9e1f-9b614d73bb9a,L1,Profile
3f69db38-9a63-40b8-9e1f-9b614d73bb9a,L1,Profile
3f69db38-9a63-40b8-9e1f-9b614d73bb9a,L1,Profile
3f69db38-9a63-40b8-9e1f-9b614d73bb9a,L1,Profile
3f69db38-9a63-40b8-9e1f-9b614d73bb9a,L1,Profile
3f69db38-9a63-40b8-9e1f-9b614d73bb9a,L1,Profile
3f69db38-9a63-40b8-9e1f-9b614d73bb9a,L1,Profile
3f69db38-9a63-40b8-9e1f-9b614d73bb9a,L1,Profile
3f69db38-9a63-40b8-9e1f-9b614d73bb9a,L1,Profile
3f69db38-9a63-40b8-9e1f-9b614d73bb9a,L1,Profile
3f69db38-9a63-40b8-9e1f-9b614d73bb9a,L1,Profile
3f69db38-9a63-40b8-9e1f-9b614d73bb9a,L1,Profile
3f69db38-9a63-40b8-9e1f-9b614d73bb9a,L1,Profile
3f69db38-9a63-40b8-9e1f-9b614d73bb9a,L1,Profile
3f69db38-9a63-40b8-9e1f-9b614d73bb9a,L1,Profile
3f69db38-9a63-40b8-9e1f-9b614d73bb9a,L1,Profile
3f69db38-9a63-40b8-9e1f-9b614d73bb9a,L1,Profile
3f69db38-9a63-40b8-9e1f-9b614d73bb9a,L1,Profile
3f69db38-9a63-40b8-9e1f-9b614d73bb9a,L1,Profile
3f69db38-9a63-40b8-9e1f-9b614d73bb9a,L1,Profile
3f69db38-9a63-40b8-9e1f-9b614d73bb9a,L1,Profile
3f69db38-9a63-40b8-9e1f-9b614d73bb9a,L1,Profile
3f69db38-9a63-40b8-9e1f-9b614d73bb9a,L1,Profile
3f69db38-9a63-40b8-9e1f-9b614d73bb9a,L1,Profile
3f69db38-9a63-40b8-9e1f-9b614d73bb9a,L1,Profile
3f69db38-9a63-40b8-9e1f-9b614d73bb9a,L1,Profile
3f69db38-9a63-40b8-9e1f-9b614d73bb9a,L1,Profile
3f69db38-9a63-40b8-9e1f-9b614d73bb9a,L1,Profile
3f69db38-9a63-40b8-9e1f-9b614d73bb9a,L1,Profile
3f69db38-9a63-40b8-9e1f-9b614d73bb9a,L1,Profile
3f69db38-9a63-40b8-9e1f-9b614d73bb9a,L1,Profile
3f69db38-9a63-40b8-9e1f-9b614d73bb9a,L1,Profile
3f69db38-9a63-40b8-9e1f-9b614d73bb9a,L1,Profile
3f69db38-9a63-40b8-9e1f-9b614d73bb9a,L1,Profile
3f69db38-9a63-40b8-9e1f-9b614d73bb9a,L1,Profile
3f69db38-9a63-40b8-9e1f-9b614d73bb9a,L1,Profile
3f69db38-9a63-40b8-9e1f-9b614d73bb9a,L1,Profile
3f69db38-9a63-40b8-9e1f-9b614d73bb9a,L1,Profile
3f69db38-9a63-40b8-9e1f-9b614d73bb9a,L1,Profile
3f69db38-9a63-40b8-9e1f-9b614d73bb9a,L1,Profile
3f69db38-9a63-40b8-9e1f-9b614d73bb9a,L1,Profile
3f69db38-9a63-40b8-9e1f-9b614d73bb9a,L1,Profile
3f69db38-9a63-40b8-9e1f-9b614d73bb9a,L1,Profile
3f69db38-9a63-40b8-9e1f-9b614d73bb9a,L1,Profile
3f69db38-9a63-40b8-9e1f-9b614d73bb9a,L1,Profile
3f69db38-9a63-40b8-9e1f-9b614d73bb9a,L1,Profile
3f69db38-9a63-40b8-9e1f-9b614d73bb9a,L1,Profile
3f69db38-9a63-40b8-9e1f-9b614d73bb9a,L1,Profile
3f69db38-9a63-40b8-9e1f-9b614d73bb9a,L1,Profile
3f69db38-9a63-40b8-9e1f-9b614d73bb9a,L1,Profile
3f69db38-9a63-40b8-9e1f-9b614d73bb9a,L1,Profile
3f69db38-9a63-40b8-9e1f-9b614d73bb9a,L1,Profile
3f69db38-9a63-40b8-9e1f-9b614d73bb9a,L1,Profile
3f69db38-9a63-40b8-9e1f-9b614d73bb9a,L1,Profile
3f69db38-9a63-40b8-9e1f-9b614d73bb9a,L1,Profile
3f69db38-9a63-40b8-9e1f-9b614d73bb9a,L1,Profile
3f69db38-9a63-40b8-9e1f-9b614d73bb9a,L1,Profile
3f69db38-9a63-40b8-9e1f-9b614d73bb9a,L1,Profile
3f69db38-9a63-40b8-9e1f-9b614d73bb9a,L1,Profile
3f69db38-9a63-40b8-9e1f-9b614d73bb9a,L1,Profile
3f69db38-9a63-40b8-9e1f-9b614d73bb9a,L1,Profile
3f69db38-9a63-40b8-9e1f-9b614d73bb9a,L1,Profile
3f69db38-9a63-40b8-9e1f-9b614d73bb9a,L1,Profile
3f69db38-9a63-40b8-9e1f-9b614d73bb9a,L1,Profile
3f69db38-9a63-40b8-9e1f-9b614d73bb9a,L1,Profile
3f69db38-9a63-40b8-9e1f-9b614d73bb9a,L1,Profile
3f69db38-9a63-40b8-9e1f-9b614d73bb9a,L1,Profile
3f69db38-9a63-40b8-9e1f-9b614d73bb9a,L1,Profile
3f69db38-9a63-40b8-9e1f-9b614d73bb9a,L1,Profile
3f69db38-9a63-40b8-9e1f-9b614d73bb9a,L1,Profile
3f69db38-9a63-40b8-9e1f-9b614d73bb9a,L1,Profile
3f69db38-9a63-40b8-9e1f-9b614d73bb9a,L1,Profile
3f69db38-9a63-40b8-9e1f-9b614d73bb9a,L1,Profile
3f69db38-9a63-40b8-9e1f-9b614d73bb9a,L1,Profile
3f69db38-9a63-40b8-9e1f-9b614d73bb9a,L1,Profile
3f69db38-9a63-40b8-9e1f-9b614d73bb9a,L1,Profile
3f69db38-9a63-40b8-9e1f-9b614d73bb9a,L1,Profile
3f69db38-9a63-40b8-9e1f-9b614d73bb9a,L1,Profile
3f69db38-9a63-40b8-9e1f-9b614d73bb9a,L1,Profile
3f69db38-9a63-40b8-9e1f-9b614d73bb9a,L1,Profile
3f69db38-9a63-40b8-9e1f-9b614d73bb9a,L1,Profile
3f69db38-9a63-40b8-9e1f-9b614d73bb9a,L1,Profile
3f69db38-9a63-40b8-9e1f-9b614d73bb9a,L1,Profile
3f69db38-9a63-40b8-9e1f-9b614d73bb9a,L1,Profile
3f69db38-9a63-40b8-9e1f-9b614d73bb9a,L1,Profile
3f69db38-9a63-40b8-9e1f-9b614d73bb9a,L1,Profile
3f69db38-9a63-40b8-9e1f-9b614d73bb9a,L1,Profile
3f69db38-9a63-40b8-9e1f-9b614d73bb9a,L1,Profile
3f69db38-9a63-40b8-9e1f-9b614d73bb9a,L1,Profile
3f69db38-9a63-40b8-9e1f-9b614d73bb9a,L1,Profile
3f69db38-9a63-40b8-9e1f-9b614d73bb9a,L1,Profile
3f69db38-9a63-40b8-9e1f-9b614d73bb9a,L1,Profile
3f69db38-9a63-40b8-9e1f-9b614d73bb9a,L1,Profile
3f69db38-9a63-40b8-9e1f-9b614d73bb9a,L1,Profile
3f69db38-9a63-40b8-9e1f-9b614d73bb9a,L1,Profile
3f69db38-9a63-40b8-9e1f-9b614d73bb9a,L1,Profile
3f69db38-9a63-40b8-9e1f-9b614d73bb9a,L1,Profile
3f69db38-9a63-40b8-9e1f-9b614d73bb9a,L1,Profile
3f69db38-9a63-40b8-9e1f-9b614d73bb9a,L1,Profile
3f69db38-9a63-40b8-9e1f-9b614d73bb9a,L1,Profile
3f69db38-9a63-40b8-9e1f-9b614d73bb9a,L1,Profile
3f69db38-9a63-40b8-9e1f-9b614d73bb9a,L1,Profile
3f69db38-9a63-40b8-9e1f-9b614d73bb9a,L1,Profile
3f69db38-9a63-40b8-9e1f-9b614d73bb9a,L1,Profile
3f69db38-9a63-40b8-9e1f-9b614d73bb9a,L1,Profile
3f69db38-9a63-40b8-9e1f-9b614d73bb9a,L1,Profile
3f69db38-9a63-40b8-9e1f-9b614d73bb9a,L1,Profile
3f69db38-9a63-40b8-9e1f-9b614d73bb9a,L1,Profile
3f69db38-9a63-40b8-9e1f-9b614d73bb9a,L1,Profile
3f69db38-9a63-40b8-9e1f-9b614d73bb9a,L1,Profile
3f69db38-9a63-40b8-9e1f-9b614d73bb9a,L1,Profile
3f69db38-9a63-40b8-9e1f-9b614d73bb9a,L1,Profile
3f69db38-9a63-40b8-9e1f-9b614d73bb9a,L1,Profile
3f69db38-9a63-40b8-9e1f-9b614d73bb9a,L1,Profile
3f69db38-9a63-40b8-9e1f-9b614d73bb9a,L1,Profile
3f69db38-9a63-40b8-9e1f-9b614d73bb9a,L1,Profile
3f69db38-9a63-40b8-9e1f-9b614d73bb9a,L1,Profile
3f69db38-9a63-40b8-9e1f-9b614d73bb9a,L1,Profile
3f69db38-9a63-40b8-9e1f-9b614d73bb9a,L1,Profile
3f69db38-9a63-40b8-9e1f-9b614d73bb9a,L1,Profile
3f69db38-9a63-40b8-9e1f-9b614d73bb9a,L1,Profile
3f69db38-9a63-40b8-9e1f-9b614d73bb9a,L1,Profile
3f69db38-9a63-40b8-9e1f-9b614d73bb9a,L1,Profile
3f69db38-9a63-40b8-9e1f-9b614d73bb9a,L1,Profile
3f69db38-9a63-40b8-9e1f-9b614d73bb9a,L1,Profile
3f69db38-9a63-40b8-9e1f-9b614d73bb9a,L1,Profile
3f69db38-9a63-40b8-9e1f-9b614d73bb9a,L1,Profile
3f69db38-9a63-40b8-9e1f-9b614d73bb9a,L1,Profile
3f69db38-9a63-40b8-9e1f-9b614d73bb9a,L1,Profile
3f69db38-9a63-40b8-9e1f-9b614d73bb9a,L1,Profile
3f69db38-9a63-40b8-9e1f-9b614d73bb9a,L1,Profile
3f69db38-9a63-40b8-9e1f-9b614d73bb9a,L1,Profile
3f69db38-9a63-40b8-9e1f-9b614d73bb9a,L1,Profile
3f69db38-9a63-40b8-9e1f-9b614d73bb9a,L1,Profile
3f69db38-9a63-40b8-9e1f-9b614d73bb9a,L1,Profile
3f69db38-9a63-40b8-9e1f-9b614d73bb9a,L1,Profile
3f69db38-9a63-40b8-9e1f-9b614d73bb9a,L1,Profile
3f69db38-9a63-40b8-9e1f-9b614d73bb9a,L1,Profile
3f69db38-9a63-40b8-9e1f-9b614d73bb9a,L1,Profile
3f69db38-9a63-40b8-9e1f-9b614d73bb9a,L1,Profile
3f69db38-9a63-40b8-9e1f-9b614d73bb9a,L1,Profile
3f69db38-9a63-40b8-9e1f-9b614d73bb9a,L1,Profile
3f69db38-9a63-40b8-9e1f-9b614d73bb9a,L1,Profile
3f69db38-9a63-40b8-9e1f-9b614d73bb9a,L1,Profile
3f69db38-9a63-40b8-9e1f-9b614d73bb9a,L1,Profile
3f69db38-9a63-40b8-9e1f-9b614d73bb9a,L1,Profile
3f69db38-9a63-40b8-9e1f-9b614d73bb9a,L1,Profile
3f69db38-9a63-40b8-9e1f-9b614d73bb9a,L1,Profile
3f69db38-9a63-40b8-9e1f-9b614d73bb9a,L1,Profile
3f69db38-9a63-40b8-9e1f-9b614d73bb9a,L1,Profile
3f69db38-9a63-40b8-9e1f-9b614d73bb9a,L1,Profile
3f69db38-9a63-40b8-9e1f-9b614d73bb9a,L1,Profile
3f69db38-9a63-40b8-9e1f-9b614d73bb9a,L1,Profile
3f69db38-9a63-40b8-9e1f-9b614d73bb9a,L1,Profile
3f69db38-9a63-40b8-9e1f-9b614d73bb9a,L1,Profile
3f69db38-9a63-40b8-9e1f-9b614d73bb9a,L1,Profile
3f69db38-9a63-40b8-9e1f-9b614d73bb9a,L1,Profile
3f69db38-9a63-40b8-9e1f-9b614d73bb9a,L1,Profile
3f69db38-9a63-40b8-9e1f-9b614d73bb9a,L1,Profile
3f69db38-9a63-40b8-9e1f-9b614d73bb9a,L1,Profile
3f69db38-9a63-40b8-9e1f-9b614d73bb9a,L1,Profile
3f69db38-9a63-40b8-9e1f-9b614d73bb9a,L1,Profile
3f69db38-9a63-40b8-9e1f-9b614d73bb9a,L1,Profile
3f69db38-9a63-40b8-9e1f-9b614d73bb9a,L1,Profile
3f69db38-9a63-40b8-9e1f-9b614d73bb9a,L1,Profile
3f69db38-9a63-40b8-9e1f-9b614d73bb9a,L1,Profile
3f69db38-9a63-40b8-9e1f-9b614d73bb9a,L1,Profile
3f69db38-9a63-40b8-9e1f-9b614d73bb9a,L1,Profile
3f69db38-9a63-40b8-9e1f-9b614d73bb9a,L1,Profile
3f69db38-9a63-40b8-9e1f-9b614d73bb9a,L1,Profile
3f69db38-9a63-40b8-9e1f-9b614d73bb9a,L1,Profile
3f69db38-9a63-40b8-9e1f-9b614d73bb9a,L1,Profile
3f69db38-9a63-40b8-9e1f-9b614d73bb9a,L1,Profile
3f69db38-9a63-40b8-9e1f-9b614d73bb9a,L1,Profile
3f69db38-9a63-40b8-9e1f-9b614d73bb9a,L1,Profile
3f69db38-9a63-40b8-9e1f-9b614d73bb9a,L1,Profile
3f69db38-9a63-40b8-9e1f-9b614d73bb9a,L1,Profile
3f69db38-9a63-40b8-9e1f-9b614d73bb9a,L1,Profile
3f69db38-9a63-40b8-9e1f-9b614d73bb9a,L1,Profile
3f69db38-9a63-40b8-9e1f-9b614d73bb9a,L1,Profile
3f69db38-9a63-40b8-9e1f-9b614d73bb9a,L1,Profile
3f69db38-9a63-40b8-9e1f-9b614d73bb9a,L1,Profile
3f69db38-9a63-40b8-9e1f-9b614d73bb9a,L1,Profile
3f69db38-9a63-40b8-9e1f-9b614d73bb9a,L1,Profile
3f69db38-9a63-40b8-9e1f-9b614d73bb9a,L1,Profile
3f69db38-9a63-40b8-9e1f-9b614d73bb9a,L1,Profile
3f69db38-9a63-40b8-9e1f-9b614d73bb9a,L1,Profile
3f69db38-9a63-40b8-9e1f-9b614d73bb9a,L1,Profile
3f69db38-9a63-40b8-9e1f-9b614d73bb9a,L1,Profile
3f69db38-9a63-40b8-9e1f-9b614d73bb9a,L1,Profile
3f69db38-9a63-40b8-9e1f-9b614d73bb9a,L1,Profile
3f69db38-9a63-40b8-9e1f-9b614d73bb9a,L1,Profile
3f69db38-9a63-40b8-9e1f-9b614d73bb9a,L1,Profile
3f69db38-9a63-40b8-9e1f-9b614d73bb9a,L1,Profile
3f69db38-9a63-40b8-9e1f-9b614d73bb9a,L1,Profile
3f69db38-9a63-40b8-9e1f-9b614d73bb9a,L1,Profile
3f69db38-9a63-40b8-9e1f-9b614d73bb9a,L1,Profile
3f69db38-9a63-40b8-9e1f-9b614d73bb9a,L1,Profile
3f69db38-9a63-40b8-9e1f-9b614d73bb9a,L1,Profile
3f69db38-9a63-40b8-9e1f-9b614d73bb9a,L1,Profile
3f69db38-9a63-40b8-9e1f-9b614d73bb9a,L1,Profile
3f69db38-9a63-40b8-9e1f-9b614d73bb9a,L1,Profile
3f69db38-9a63-40b8-9e1f-9b614d73bb9a,L1,Profile
3f69db38-9a63-40b8-9e1f-9b614d73bb9a,L1,Profile
3f69db38-9a63-40b8-9e1f-9b614d73bb9a,L1,Profile
3f69db38-9a63-40b8-9e1f-9b614d73bb9a,L1,Profile
3f69db38-9a63-40b8-9e1f-9b614d73bb9a,L1,Profile
3f69db38-9a63-40b8-9e1f-9b614d73bb9a,L1,Profile
3f69db38-9a63-40b8-9e1f-9b614d73bb9a,L1,Profile
3f69db38-9a63-40b8-9e1f-9b614d73bb9a,L1,Profile
3f69db38-9a63-40b8-9e1f-9b614d73bb9a,L1,Profile
3f69db38-9a63-40b8-9e1f-9b614d73bb9a,L1,Profile
3f69db38-9a63-40b8-9e1f-9b614d73bb9a,L1,Profile
3f69db38-9a63-40b8-9e1f-9b614d73bb9a,L1,Profile
3f69db38-9a63-40b8-9e1f-9b614d73bb9a,L1,Profile
3f69db38-9a63-40b8-9e1f-9b614d73bb9a,L1,Profile
3f69db38-9a63-40b8-9e1f-9b614d73bb9a,L1,Profile
3f69db38-9a63-40b8-9e1f-9b614d73bb9a,L1,Profile
3f69db38-9a63-40b8-9e1f-9b614d73bb9a,L1,Profile
3f69db38-9a63-40b8-9e1f-9b614d73bb9a,L1,Profile
3f69db38-9a63-40b8-9e1f-9b614d73bb9a,L1,Profile
3f69db38-9a63-40b8-9e1f-9b614d73bb9a,L1,Profile
3f69db38-9a63-40b8-9e1f-9b614d73bb9a,L1,Profile
3f69db38-9a63-40b8-9e1f-9b614d73bb9a,L1,Profile
3f69db38-9a63-40b8-9e1f-9b614d73bb9a,L1,Profile
3f69db38-9a63-40b8-9e1f-9b614d73bb9a,L1,Profile
3f69db38-9a63-40b8-9e1f-9b614d73bb9a,L1,Profile
3f69db38-9a63-40b8-9e1f-9b614d73bb9a,L1,Profile
3f69db38-9a63-40b8-9e1f-9b614d73bb9a,L1,Profile
3f69db38-9a63-40b8-9e1f-9b614d73bb9a,L1,Profile
3f69db38-9a63-40b8-9e1f-9b614d73bb9a,L1,Profile
3f69db38-9a63-40b8-9e1f-9b614d73bb9a,L1,Profile
3f69db38-9a63-40b8-9e1f-9b614d73bb9a,L1,Profile
3f69db38-9a63-40b8-9e1f-9b614d73bb9a,L1,Profile
3f69db38-9a63-40b8-9e1f-9b614d73bb9a,L1,Profile
3f69db38-9a63-40b8-9e1f-9b614d73bb9a,L1,Profile
3f69db38-9a63-40b8-9e1f-9b614d73bb9a,L1,Profile
3f69db38-9a63-40b8-9e1f-9b614d73bb9a,L1,Profile
3f69db38-9a63-40b8-9e1f-9b614d73bb9a,L1,Profile
3f69db38-9a63-40b8-9e1f-9b614d73bb9a,L1,Profile
3f69db38-9a63-40b8-9e1f-9b614d73bb9a,L1,Profile
3f69db38-9a63-40b8-9e1f-9b614d73bb9a,L1,Profile
3f69db38-9a63-40b8-9e1f-9b614d73bb9a,L1,Profile
3f69db38-9a63-40b8-9e1f-9b614d73bb9a,L1,Profile
3f69db38-9a63-40b8-9e1f-9b614d73bb9a,L1,Profile
3f69db38-9a63-40b8-9e1f-9b614d73bb9a,L1,Profile
3f69db38-9a63-40b8-9e1f-9b614d73bb9a,L1,Profile
3f69db38-9a63-40b8-9e1f-9b614d73bb9a,L1,Profile
3f69db38-9a63-40b8-9e1f-9b614d73bb9a,L1,Profile
3f69db38-9a63-40b8-9e1f-9b614d73bb9a,L1,Profile
3f69db38-9a63-40b8-9e1f-9b614d73bb9a,L1,Profile
3f69db38-9a63-40b8-9e1f-9b614d73bb9a,L1,Profile
3f69db38-9a63-40b8-9e1f-9b614d73bb9a,L1,Profile
3f69db38-9a63-40b8-9e1f-9b614d73bb9a,L1,Profile
3f69db38-9a63-40b8-9e1f-9b614d73bb9a,L1,Profile
3f69db38-9a63-40b8-9e1f-9b614d73bb9a,L1,Profile
3f69db38-9a63-40b8-9e1f-9b614d73bb9a,L1,Profile
3f69db38-9a63-40b8-9e1f-9b614d73bb9a,L1,Profile
3f69db38-9a63-40b8-9e1f-9b614d73bb9a,L1,Profile
3f69db38-9a63-40b8-9e1f-9b614d73bb9a,L1,Profile
3f69db38-9a63-40b8-9e1f-9b614d73bb9a,L1,Profile
3f69db38-9a63-40b8-9e1f-9b614d73bb9a,L1,Profile
3f69db38-9a63-40b8-9e1f-9b614d73bb9a,L1,Profile
3f69db38-9a63-40b8-9e1f-9b614d73bb9a,L1,Profile
3f69db38-9a63-40b8-9e1f-9b614d73bb9a,L1,Profile
3f69db38-9a63-40b8-9e1f-9b614d73bb9a,L1,Profile
3f69db38-9a63-40b8-9e1f-9b614d73bb9a,L1,Profile
3f69db38-9a63-40b8-9e1f-9b614d73bb9a,L1,Profile
3f69db38-9a63-40b8-9e1f-9b614d73bb9a,L1,Profile
3f69db38-9a63-40b8-9e1f-9b614d73bb9a,L1,Profile
3f69db38-9a63-40b8-9e1f-9b614d73bb9a,L1,Profile
3f69db38-9a63-40b8-9e1f-9b614d73bb9a,L1,Profile
3f69db38-9a63-40b8-9e1f-9b614d73bb9a,L1,Profile
3f69db38-9a63-40b8-9e1f-9b614d73bb9a,L1,Profile
3f69db38-9a63-40b8-9e1f-9b614d73bb9a,L1,Profile
3f69db38-9a63-40b8-9e1f-9b614d73bb9a,L1,Profile
3f69db38-9a63-40b8-9e1f-9b614d73bb9a,L1,Profile
3f69db38-9a63-40b8-9e1f-9b614d73bb9a,L1,Profile
3f69db38-9a63-40b8-9e1f-9b614d73bb9a,L1,Profile
3f69db38-9a63-40b8-9e1f-9b614d73bb9a,L1,Profile
3f69db38-9a63-40b8-9e1f-9b614d73bb9a,L1,Profile
3f69db38-9a63-40b8-9e1f-9b614d73bb9a,L1,Profile
3f69db38-9a63-40b8-9e1f-9b614d73bb9a,L1,Profile
3f69db38-9a63-40b8-9e1f-9b614d73bb9a,L1,Profile
3f69db38-9a63-40b8-9e1f-9b614d73bb9a,L1,Profile
3f69db38-9a63-40b8-9e1f-9b614d73bb9a,L1,Profile
3f69db38-9a63-40b8-9e1f-9b614d73bb9a,L1,Profile
3f69db38-9a63-40b8-9e1f-9b614d73bb9a,L1,Profile
3f69db38-9a63-40b8-9e1f-9b614d73bb9a,L1,Profile
3f69db38-9a63-40b8-9e1f-9b614d73bb9a,L1,Profile
3f69db38-9a63-40b8-9e1f-9b614d73bb9a,L1,Profile
3f69db38-9a63-40b8-9e1f-9b614d73bb9a,L1,Profile
3f69db38-9a63-40b8-9e1f-9b614d73bb9a,L1,Profile
3f69db38-9a63-40b8-9e1f-9b614d73bb9a,L1,Profile
3f69db38-9a63-40b8-9e1f-9b614d73bb9a,L1,Profile
3f69db38-9a63-40b8-9e1f-9b614d73bb9a,L1,Profile
3f69db38-9a63-40b8-9e1f-9b614d73bb9a,L1,Profile
3f69db38-9a63-40b8-9e1f-9b614d73bb9a,L1,Profile
3f69db38-9a63-40b8-9e1f-9b614d73bb9a,L1,Profile
3f69db38-9a63-40b8-9e1f-9b614d73bb9a,L1,Profile
3f69db38-9a63-40b8-9e1f-9b614d73bb9a,L1,Profile
3f69db38-9a63-40b8-9e1f-9b614d73bb9a,L1,Profile
3f69db38-9a63-40b8-9e1f-9b614d73bb9a,L1,Profile
3f69db38-9a63-40b8-9e1f-9b614d73bb9a,L1,Profile
3f69db38-9a63-40b8-9e1f-9b614d73bb9a,L1,Profile
3f69db38-9a63-40b8-9e1f-9b614d73bb9a,L1,Profile
3f69db38-9a63-40b8-9e1f-9b614d73bb9a,L1,Profile
3f69db38-9a63-40b8-9e1f-9b614d73bb9a,L1,Profile
3f69db38-9a63-40b8-9e1f-9b614d73bb9a,L1,Profile
3f69db38-9a63-40b8-9e1f-9b614d73bb9a,L1,Profile
3f69db38-9a63-40b8-9e1f-9b614d73bb9a,L1,Profile
3f69db38-9a63-40b8-9e1f-9b614d73bb9a,L1,Profile
3f69db38-9a63-40b8-9e1f-9b614d73bb9a,L1,Profile
3f69db38-9a63-40b8-9e1f-9b614d73bb9a,L1,Profile
3f69db38-9a63-40b8-9e1f-9b614d73bb9a,L1,Profile
3f69db38-9a63-40b8-9e1f-9b614d73bb9a,L1,Profile
3f69db38-9a63-40b8-9e1f-9b614d73bb9a,L1,Profile
3f69db38-9a63-40b8-9e1f-9b614d73bb9a,L1,Profile
3f69db38-9a63-40b8-9e1f-9b614d73bb9a,L1,Profile
3f69db38-9a63-40b8-9e1f-9b614d73bb9a,L1,Profile
3f69db38-9a63-40b8-9e1f-9b614d73bb9a,L1,Profile
3f69db38-9a63-40b8-9e1f-9b614d73bb9a,L1,Profile
3f69db38-9a63-40b8-9e1f-9b614d73bb9a,L1,Profile
3f69db38-9a63-40b8-9e1f-9b614d73bb9a,L1,Profile
3f69db38-9a63-40b8-9e1f-9b614d73bb9a,L1,Profile
3f69db38-9a63-40b8-9e1f-9b614d73bb9a,L1,Profile
3f69db38-9a63-40b8-9e1f-9b614d73bb9a,L1,Profile
3f69db38-9a63-40b8-9e1f-9b614d73bb9a,L1,Profile
3f69db38-9a63-40b8-9e1f-9b614d73bb9a,L1,Profile
3f69db38-9a63-40b8-9e1f-9b614d73bb9a,L1,Profile
3f69db38-9a63-40b8-9e1f-9b614d73bb9a,L1,Profile
3f69db38-9a63-40b8-9e1f-9b614d73bb9a,L1,Profile
3f69db38-9a63-40b8-9e1f-9b614d73bb9a,L1,Profile
3f69db38-9a63-40b8-9e1f-9b614d73bb9a,L1,Profile
3f69db38-9a63-40b8-9e1f-9b614d73bb9a,L1,Profile
3f69db38-9a63-40b8-9e1f-9b614d73bb9a,L1,Profile
3f69db38-9a63-40b8-9e1f-9b614d73bb9a,L1,Profile
3f69db38-9a63-40b8-9e1f-9b614d73bb9a,L1,Profile
3f69db38-9a63-40b8-9e1f-9b614d73bb9a,L1,Profile
3f69db38-9a63-40b8-9e1f-9b614d73bb9a,L1,Profile
3f69db38-9a63-40b8-9e1f-9b614d73bb9a,L1,Profile
3f69db38-9a63-40b8-9e1f-9b614d73bb9a,L1,Profile
3f69db38-9a63-40b8-9e1f-9b614d73bb9a,L1,Profile
3f69db38-9a63-40b8-9e1f-9b614d73bb9a,L1,Profile
3f69db38-9a63-40b8-9e1f-9b614d73bb9a,L1,Profile
3f69db38-9a63-40b8-9e1f-9b614d73bb9a,L1,Profile
3f69db38-9a63-40b8-9e1f-9b614d73bb9a,L1,Profile
3f69db38-9a63-40b8-9e1f-9b614d73bb9a,L1,Profile
3f69db38-9a63-40b8-9e1f-9b614d73bb9a,L1,Profile
3f69db38-9a63-40b8-9e1f-9b614d73bb9a,L1,Profile
3f69db38-9a63-40b8-9e1f-9b614d73bb9a,L1,Profile
3f69db38-9a63-40b8-9e1f-9b614d73bb9a,L1,Profile
3f69db38-9a63-40b8-9e1f-9b614d73bb9a,L1,Profile
3f69db38-9a63-40b8-9e1f-9b614d73bb9a,L1,Profile
3f69db38-9a63-40b8-9e1f-9b614d73bb9a,L1,Profile
3f69db38-9a63-40b8-9e1f-9b614d73bb9a,L1,Profile
3f69db38-9a63-40b8-9e1f-9b614d73bb9a,L1,Profile
3f69db38-9a63-40b8-9e1f-9b614d73bb9a,L1,Profile
3f69db38-9a63-40b8-9e1f-9b614d73bb9a,L1,Profile
3f69db38-9a63-40b8-9e1f-9b614d73bb9a,L1,Profile
3f69db38-9a63-40b8-9e1f-9b614d73bb9a,L1,Profile
3f69db38-9a63-40b8-9e1f-9b614d73bb9a,L1,Profile
3f69db38-9a63-40b8-9e1f-9b614d73bb9a,L1,Profile
3f69db38-9a63-40b8-9e1f-9b614d73bb9a,L1,Profile
3f69db38-9a63-40b8-9e1f-9b614d73bb9a,L1,Profile
3f69db38-9a63-40b8-9e1f-9b614d73bb9a,L1,Profile
3f69db38-9a63-40b8-9e1f-9b614d73bb9a,L1,Profile
3f69db38-9a63-40b8-9e1f-9b614d73bb9a,L1,Profile
3f69db38-9a63-40b8-9e1f-9b614d73bb9a,L1,Profile
3f69db38-9a63-40b8-9e1f-9b614d73bb9a,L1,Profile
3f69db38-9a63-40b8-9e1f-9b614d73bb9a,L1,Profile
3f69db38-9a63-40b8-9e1f-9b614d73bb9a,L1,Profile
3f69db38-9a63-40b8-9e1f-9b614d73bb9a,L1,Profile
3f69db38-9a63-40b8-9e1f-9b614d73bb9a,L1,Profile
3f69db38-9a63-40b8-9e1f-9b614d73bb9a,L1,Profile
3f69db38-9a63-40b8-9e1f-9b614d73bb9a,L1,Profile
3f69db38-9a63-40b8-9e1f-9b614d73bb9a,L1,Profile
3f69db38-9a63-40b8-9e1f-9b614d73bb9a,L1,Profile
3f69db38-9a63-40b8-9e1f-9b614d73bb9a,L1,Profile
3f69db38-9a63-40b8-9e1f-9b614d73bb9a,L1,Profile
3f69db38-9a63-40b8-9e1f-9b614d73bb9a,L1,Profile
3f69db38-9a63-40b8-9e1f-9b614d73bb9a,L1,Profile
3f69db38-9a63-40b8-9e1f-9b614d73bb9a,L1,Profile
3f69db38-9a63-40b8-9e1f-9b614d73bb9a,L1,Profile
3f69db38-9a63-40b8-9e1f-9b614d73bb9a,L1,Profile
3f69db38-9a63-40b8-9e1f-9b614d73bb9a,L1,Profile
3f69db38-9a63-40b8-9e1f-9b614d73bb9a,L1,Profile
3f69db38-9a63-40b8-9e1f-9b614d73bb9a,L1,Profile
3f69db38-9a63-40b8-9e1f-9b614d73bb9a,L1,Profile
3f69db38-9a63-40b8-9e1f-9b614d73bb9a,L1,Profile
3f69db38-9a63-40b8-9e1f-9b614d73bb9a,L1,Profile
3f69db38-9a63-40b8-9e1f-9b614d73bb9a,L1,Profile
3f69db38-9a63-40b8-9e1f-9b614d73bb9a,L1,Profile
3f69db38-9a63-40b8-9e1f-9b614d73bb9a,L1,Profile
3f69db38-9a63-40b8-9e1f-9b614d73bb9a,L1,Profile
3f69db38-9a63-40b8-9e1f-9b614d73bb9a,L1,Profile
3f69db38-9a63-40b8-9e1f-9b614d73bb9a,L1,Profile
3f69db38-9a63-40b8-9e1f-9b614d73bb9a,L1,Profile
3f69db38-9a63-40b8-9e1f-9b614d73bb9a,L1,Profile
3f69db38-9a63-40b8-9e1f-9b614d73bb9a,L1,Profile
3f69db38-9a63-40b8-9e1f-9b614d73bb9a,L1,Profile
3f69db38-9a63-40b8-9e1f-9b614d73bb9a,L1,Profile
3f69db38-9a63-40b8-9e1f-9b614d73bb9a,L1,Profile
3f69db38-9a63-40b8-9e1f-9b614d73bb9a,L1,Profile
3f69db38-9a63-40b8-9e1f-9b614d73bb9a,L1,Profile
3f69db38-9a63-40b8-9e1f-9b614d73bb9a,L1,Profile
3f69db38-9a63-40b8-9e1f-9b614d73bb9a,L1,Profile
3f69db38-9a63-40b8-9e1f-9b614d73bb9a,L1,Profile
3f69db38-9a63-40b8-9e1f-9b614d73bb9a,L1,Profile
3f69db38-9a63-40b8-9e1f-9b614d73bb9a,L1,Profile
3f69db38-9a63-40b8-9e1f-9b614d73bb9a,L1,Profile
3f69db38-9a63-40b8-9e1f-9b614d73bb9a,L1,Profile
3f69db38-9a63-40b8-9e1f-9b614d73bb9a,L1,Profile
3f69db38-9a63-40b8-9e1f-9b614d73bb9a,L1,Profile
3f69db38-9a63-40b8-9e1f-9b614d73bb9a,L1,Profile
3f69db38-9a63-40b8-9e1f-9b614d73bb9a,L1,Profile
3f69db38-9a63-40b8-9e1f-9b614d73bb9a,L1,Profile
3f69db38-9a63-40b8-9e1f-9b614d73bb9a,L1,Profile
3f69db38-9a63-40b8-9e1f-9b614d73bb9a,L1,Profile
3f69db38-9a63-40b8-9e1f-9b614d73bb9a,L1,Profile
3f69db38-9a63-40b8-9e1f-9b614d73bb9a,L1,Profile
3f69db38-9a63-40b8-9e1f-9b614d73bb9a,L1,Profile
3f69db38-9a63-40b8-9e1f-9b614d73bb9a,L1,Profile
3f69db38-9a63-40b8-9e1f-9b614d73bb9a,L1,Profile
3f69db38-9a63-40b8-9e1f-9b614d73bb9a,L1,Profile
3f69db38-9a63-40b8-9e1f-9b614d73bb9a,L1,Profile
3f69db38-9a63-40b8-9e1f-9b614d73bb9a,L1,Profile
3f69db38-9a63-40b8-9e1f-9b614d73bb9a,L1,Profile
3f69db38-9a63-40b8-9e1f-9b614d73bb9a,L1,Profile
3f69db38-9a63-40b8-9e1f-9b614d73bb9a,L1,Profile
3f69db38-9a63-40b8-9e1f-9b614d73bb9a,L1,Profile
3f69db38-9a63-40b8-9e1f-9b614d73bb9a,L1,Profile
3f69db38-9a63-40b8-9e1f-9b614d73bb9a,L1,Profile
3f69db38-9a63-40b8-9e1f-9b614d73bb9a,L1,Profile
3f69db38-9a63-40b8-9e1f-9b614d73bb9a,L1,Profile
3f69db38-9a63-40b8-9e1f-9b614d73bb9a,L1,Profile
3f69db38-9a63-40b8-9e1f-9b614d73bb9a,L1,Profile
3f69db38-9a63-40b8-9e1f-9b614d73bb9a,L1,Profile
3f69db38-9a63-40b8-9e1f-9b614d73bb9a,L1,Profile
3f69db38-9a63-40b8-9e1f-9b614d73bb9a,L1,Profile
3f69db38-9a63-40b8-9e1f-9b614d73bb9a,L1,Profile
3f69db38-9a63-40b8-9e1f-9b614d73bb9a,L1,Profile
3f69db38-9a63-40b8-9e1f-9b614d73bb9a,L1,Profile
3f69db38-9a63-40b8-9e1f-9b614d73bb9a,L1,Profile
3f69db38-9a63-40b8-9e1f-9b614d73bb9a,L1,Profile
3f69db38-9a63-40b8-9e1f-9b614d73bb9a,L1,Profile
3f69db38-9a63-40b8-9e1f-9b614d73bb9a,L1,Profile
3f69db38-9a63-40b8-9e1f-9b614d73bb9a,L1,Profile
3f69db38-9a63-40b8-9e1f-9b614d73bb9a,L1,Profile
3f69db38-9a63-40b8-9e1f-9b614d73bb9a,L1,Profile
3f69db38-9a63-40b8-9e1f-9b614d73bb9a,L1,Profile
3f69db38-9a63-40b8-9e1f-9b614d73bb9a,L1,Profile
3f69db38-9a63-40b8-9e1f-9b614d73bb9a,L1,Profile
3f69db38-9a63-40b8-9e1f-9b614d73bb9a,L1,Profile
3f69db38-9a63-40b8-9e1f-9b614d73bb9a,L1,Profile
3f69db38-9a63-40b8-9e1f-9b614d73bb9a,L1,Profile
3f69db38-9a63-40b8-9e1f-9b614d73bb9a,L1,Profile
3f69db38-9a63-40b8-9e1f-9b614d73bb9a,L1,Profile
3f69db38-9a63-40b8-9e1f-9b614d73bb9a,L1,Profile
3f69db38-9a63-40b8-9e1f-9b614d73bb9a,L1,Profile
3f69db38-9a63-40b8-9e1f-9b614d73bb9a,L1,Profile
3f69db38-9a63-40b8-9e1f-9b614d73bb9a,L1,Profile
3f69db38-9a63-40b8-9e1f-9b614d73bb9a,L1,Profile
3f69db38-9a63-40b8-9e1f-9b614d73bb9a,L1,Profile
3f69db38-9a63-40b8-9e1f-9b614d73bb9a,L1,Profile
3f69db38-9a63-40b8-9e1f-9b614d73bb9a,L1,Profile
3f69db38-9a63-40b8-9e1f-9b614d73bb9a,L1,Profile
3f69db38-9a63-40b8-9e1f-9b614d73bb9a,L1,Profile
3f69db38-9a63-40b8-9e1f-9b614d73bb9a,L1,Profile
3f69db38-9a63-40b8-9e1f-9b614d73bb9a,L1,Profile
3f69db38-9a63-40b8-9e1f-9b614d73bb9a,L1,Profile
3f69db38-9a63-40b8-9e1f-9b614d73bb9a,L1,Profile
3f69db38-9a63-40b8-9e1f-9b614d73bb9a,L1,Profile
3f69db38-9a63-40b8-9e1f-9b614d73bb9a,L1,Profile
3f69db38-9a63-40b8-9e1f-9b614d73bb9a,L1,Profile
3f69db38-9a63-40b8-9e1f-9b614d73bb9a,L1,Profile
3f69db38-9a63-40b8-9e1f-9b614d73bb9a,L1,Profile
3f69db38-9a63-40b8-9e1f-9b614d73bb9a,L1,Profile
3f69db38-9a63-40b8-9e1f-9b614d73bb9a,L1,Profile
3f69db38-9a63-40b8-9e1f-9b614d73bb9a,L1,Profile
3f69db38-9a63-40b8-9e1f-9b614d73bb9a,L1,Profile
3f69db38-9a63-40b8-9e1f-9b614d73bb9a,L1,Profile
3f69db38-9a63-40b8-9e1f-9b614d73bb9a,L1,Profile
3f69db38-9a63-40b8-9e1f-9b614d73bb9a,L1,Profile
3f69db38-9a63-40b8-9e1f-9b614d73bb9a,L1,Profile
3f69db38-9a63-40b8-9e1f-9b614d73bb9a,L1,Profile
3f69db38-9a63-40b8-9e1f-9b614d73bb9a,L1,Profile
3f69db38-9a63-40b8-9e1f-9b614d73bb9a,L1,Profile
3f69db38-9a63-40b8-9e1f-9b614d73bb9a,L1,Profile
3f69db38-9a63-40b8-9e1f-9b614d73bb9a,L1,Profile
3f69db38-9a63-40b8-9e1f-9b614d73bb9a,L1,Profile
3f69db38-9a63-40b8-9e1f-9b614d73bb9a,L1,Profile
3f69db38-9a63-40b8-9e1f-9b614d73bb9a,L1,Profile
3f69db38-9a63-40b8-9e1f-9b614d73bb9a,L1,Profile
3f69db38-9a63-40b8-9e1f-9b614d73bb9a,L1,Profile
3f69db38-9a63-40b8-9e1f-9b614d73bb9a,L1,Profile
3f69db38-9a63-40b8-9e1f-9b614d73bb9a,L1,Profile
3f69db38-9a63-40b8-9e1f-9b614d73bb9a,L1,Profile
3f69db38-9a63-40b8-9e1f-9b614d73bb9a,L1,Profile
3f69db38-9a63-40b8-9e1f-9b614d73bb9a,L1,Profile
3f69db38-9a63-40b8-9e1f-9b614d73bb9a,L1,Profile
3f69db38-9a63-40b8-9e1f-9b614d73bb9a,L1,Profile
3f69db38-9a63-40b8-9e1f-9b614d73bb9a,L1,Profile
3f69db38-9a63-40b8-9e1f-9b614d73bb9a,L1,Profile
3f69db38-9a63-40b8-9e1f-9b614d73bb9a,L1,Profile
3f69db38-9a63-40b8-9e1f-9b614d73bb9a,L1,Profile
3f69db38-9a63-40b8-9e1f-9b614d73bb9a,L1,Profile
3f69db38-9a63-40b8-9e1f-9b614d73bb9a,L1,Profile
3f69db38-9a63-40b8-9e1f-9b614d73bb9a,L1,Profile
3f69db38-9a63-40b8-9e1f-9b614d73bb9a,L1,Profile
3f69db38-9a63-40b8-9e1f-9b614d73bb9a,L1,Profile
3f69db38-9a63-40b8-9e1f-9b614d73bb9a,L1,Profile
3f69db38-9a63-40b8-9e1f-9b614d73bb9a,L1,Profile
3f69db38-9a63-40b8-9e1f-9b614d73bb9a,L1,Profile
3f69db38-9a63-40b8-9e1f-9b614d73bb9a,L1,Profile
3f69db38-9a63-40b8-9e1f-9b614d73bb9a,L1,Profile
3f69db38-9a63-40b8-9e1f-9b614d73bb9a,L1,Profile
3f69db38-9a63-40b8-9e1f-9b614d73bb9a,L1,Profile
3f69db38-9a63-40b8-9e1f-9b614d73bb9a,L1,Profile
3f69db38-9a63-40b8-9e1f-9b614d73bb9a,L1,Profile
3f69db38-9a63-40b8-9e1f-9b614d73bb9a,L1,Profile
3f69db38-9a63-40b8-9e1f-9b614d73bb9a,L1,Profile
3f69db38-9a63-40b8-9e1f-9b614d73bb9a,L1,Profile
3f69db38-9a63-40b8-9e1f-9b614d73bb9a,L1,Profile
3f69db38-9a63-40b8-9e1f-9b614d73bb9a,L1,Profile
3f69db38-9a63-40b8-9e1f-9b614d73bb9a,L1,Profile
3f69db38-9a63-40b8-9e1f-9b614d73bb9a,L1,Profile
3f69db38-9a63-40b8-9e1f-9b614d73bb9a,L1,Profile
3f69db38-9a63-40b8-9e1f-9b614d73bb9a,L1,Profile
3f69db38-9a63-40b8-9e1f-9b614d73bb9a,L1,Profile
3f69db38-9a63-40b8-9e1f-9b614d73bb9a,L1,Profile
3f69db38-9a63-40b8-9e1f-9b614d73bb9a,L1,Profile
3f69db38-9a63-40b8-9e1f-9b614d73bb9a,L1,Profile
3f69db38-9a63-40b8-9e1f-9b614d73bb9a,L1,Profile
3f69db38-9a63-40b8-9e1f-9b614d73bb9a,L1,Profile
3f69db38-9a63-40b8-9e1f-9b614d73bb9a,L1,Profile
3f69db38-9a63-40b8-9e1f-9b614d73bb9a,L1,Profile
3f69db38-9a63-40b8-9e1f-9b614d73bb9a,L1,Profile
3f69db38-9a63-40b8-9e1f-9b614d73bb9a,L1,Profile
3f69db38-9a63-40b8-9e1f-9b614d73bb9a,L1,Profile
3f69db38-9a63-40b8-9e1f-9b614d73bb9a,L1,Profile
3f69db38-9a63-40b8-9e1f-9b614d73bb9a,L1,Profile
3f69db38-9a63-40b8-9e1f-9b614d73bb9a,L1,Profile
3f69db38-9a63-40b8-9e1f-9b614d73bb9a,L1,Profile
3f69db38-9a63-40b8-9e1f-9b614d73bb9a,L1,Profile
3f69db38-9a63-40b8-9e1f-9b614d73bb9a,L1,Profile
3f69db38-9a63-40b8-9e1f-9b614d73bb9a,L1,Profile
3f69db38-9a63-40b8-9e1f-9b614d73bb9a,L1,Profile
3f69db38-9a63-40b8-9e1f-9b614d73bb9a,L1,Profile
3f69db38-9a63-40b8-9e1f-9b614d73bb9a,L1,Profile
3f69db38-9a63-40b8-9e1f-9b614d73bb9a,L1,Profile
3f69db38-9a63-40b8-9e1f-9b614d73bb9a,L1,Profile
3f69db38-9a63-40b8-9e1f-9b614d73bb9a,L1,Profile
3f69db38-9a63-40b8-9e1f-9b614d73bb9a,L1,Profile
3f69db38-9a63-40b8-9e1f-9b614d73bb9a,L1,Profile
3f69db38-9a63-40b8-9e1f-9b614d73bb9a,L1,Profile
3f69db38-9a63-40b8-9e1f-9b614d73bb9a,L1,Profile
3f69db38-9a63-40b8-9e1f-9b614d73bb9a,L1,Profile
3f69db38-9a63-40b8-9e1f-9b614d73bb9a,L1,Profile
3f69db38-9a63-40b8-9e1f-9b614d73bb9a,L1,Profile
3f69db38-9a63-40b8-9e1f-9b614d73bb9a,L1,Profile
3f69db38-9a63-40b8-9e1f-9b614d73bb9a,L1,Profile
3f69db38-9a63-40b8-9e1f-9b614d73bb9a,L1,Profile
3f69db38-9a63-40b8-9e1f-9b614d73bb9a,L1,Profile
3f69db38-9a63-40b8-9e1f-9b614d73bb9a,L1,Profile
3f69db38-9a63-40b8-9e1f-9b614d73bb9a,L1,Profile
3f69db38-9a63-40b8-9e1f-9b614d73bb9a,L1,Profile
3f69db38-9a63-40b8-9e1f-9b614d73bb9a,L1,Profile
3f69db38-9a63-40b8-9e1f-9b614d73bb9a,L1,Profile
3f69db38-9a63-40b8-9e1f-9b614d73bb9a,L1,Profile
3f69db38-9a63-40b8-9e1f-9b614d73bb9a,L1,Profile
3f69db38-9a63-40b8-9e1f-9b614d73bb9a,L1,Profile
3f69db38-9a63-40b8-9e1f-9b614d73bb9a,L1,Profile
3f69db38-9a63-40b8-9e1f-9b614d73bb9a,L1,Profile
3f69db38-9a63-40b8-9e1f-9b614d73bb9a,L1,Profile
3f69db38-9a63-40b8-9e1f-9b614d73bb9a,L1,Profile
3f69db38-9a63-40b8-9e1f-9b614d73bb9a,L1,Profile
3f69db38-9a63-40b8-9e1f-9b614d73bb9a,L1,Profile
3f69db38-9a63-40b8-9e1f-9b614d73bb9a,L1,Profile
3f69db38-9a63-40b8-9e1f-9b614d73bb9a,L1,Profile
3f69db38-9a63-40b8-9e1f-9b614d73bb9a,L1,Profile
3f69db38-9a63-40b8-9e1f-9b614d73bb9a,L1,Profile
3f69db38-9a63-40b8-9e1f-9b614d73bb9a,L1,Profile
3f69db38-9a63-40b8-9e1f-9b614d73bb9a,L1,Profile
3f69db38-9a63-40b8-9e1f-9b614d73bb9a,L1,Profile
3f69db38-9a63-40b8-9e1f-9b614d73bb9a,L1,Profile
3f69db38-9a63-40b8-9e1f-9b614d73bb9a,L1,Profile
3f69db38-9a63-40b8-9e1f-9b614d73bb9a,L1,Profile
3f69db38-9a63-40b8-9e1f-9b614d73bb9a,L1,Profile
3f69db38-9a63-40b8-9e1f-9b614d73bb9a,L1,Profile
3f69db38-9a63-40b8-9e1f-9b614d73bb9a,L1,Profile
3f69db38-9a63-40b8-9e1f-9b614d73bb9a,L1,Profile
3f69db38-9a63-40b8-9e1f-9b614d73bb9a,L1,Profile
3f69db38-9a63-40b8-9e1f-9b614d73bb9a,L1,Profile
3f69db38-9a63-40b8-9e1f-9b614d73bb9a,L1,Profile
3f69db38-9a63-40b8-9e1f-9b614d73bb9a,L1,Profile
3f69db38-9a63-40b8-9e1f-9b614d73bb9a,L1,Profile
3f69db38-9a63-40b8-9e1f-9b614d73bb9a,L1,Profile
3f69db38-9a63-40b8-9e1f-9b614d73bb9a,L1,Profile
3f69db38-9a63-40b8-9e1f-9b614d73bb9a,L1,Profile
3f69db38-9a63-40b8-9e1f-9b614d73bb9a,L1,Profile
3f69db38-9a63-40b8-9e1f-9b614d73bb9a,L1,Profile
3f69db38-9a63-40b8-9e1f-9b614d73bb9a,L1,Profile
3f69db38-9a63-40b8-9e1f-9b614d73bb9a,L1,Profile
3f69db38-9a63-40b8-9e1f-9b614d73bb9a,L1,Profile
3f69db38-9a63-40b8-9e1f-9b614d73bb9a,L1,Profile
3f69db38-9a63-40b8-9e1f-9b614d73bb9a,L1,Profile
3f69db38-9a63-40b8-9e1f-9b614d73bb9a,L1,Profile
3f69db38-9a63-40b8-9e1f-9b614d73bb9a,L1,Profile
3f69db38-9a63-40b8-9e1f-9b614d73bb9a,L1,Profile
3f69db38-9a63-40b8-9e1f-9b614d73bb9a,L1,Profile
3f69db38-9a63-40b8-9e1f-9b614d73bb9a,L1,Profile
3f69db38-9a63-40b8-9e1f-9b614d73bb9a,L1,Profile
3f69db38-9a63-40b8-9e1f-9b614d73bb9a,L1,Profile
3f69db38-9a63-40b8-9e1f-9b614d73bb9a,L1,Profile
3f69db38-9a63-40b8-9e1f-9b614d73bb9a,L1,Profile
3f69db38-9a63-40b8-9e1f-9b614d73bb9a,L1,Profile
3f69db38-9a63-40b8-9e1f-9b614d73bb9a,L1,Profile
3f69db38-9a63-40b8-9e1f-9b614d73bb9a,L1,Profile
3f69db38-9a63-40b8-9e1f-9b614d73bb9a,L1,Profile
3f69db38-9a63-40b8-9e1f-9b614d73bb9a,L1,Profile
3f69db38-9a63-40b8-9e1f-9b614d73bb9a,L1,Profile
3f69db38-9a63-40b8-9e1f-9b614d73bb9a,L1,Profile
3f69db38-9a63-40b8-9e1f-9b614d73bb9a,L1,Profile
3f69db38-9a63-40b8-9e1f-9b614d73bb9a,L1,Profile
3f69db38-9a63-40b8-9e1f-9b614d73bb9a,L1,Profile
3f69db38-9a63-40b8-9e1f-9b614d73bb9a,L1,Profile
3f69db38-9a63-40b8-9e1f-9b614d73bb9a,L1,Profile
3f69db38-9a63-40b8-9e1f-9b614d73bb9a,L1,Profile
3f69db38-9a63-40b8-9e1f-9b614d73bb9a,L1,Profile
3f69db38-9a63-40b8-9e1f-9b614d73bb9a,L1,Profile
3f69db38-9a63-40b8-9e1f-9b614d73bb9a,L1,Profile
3f69db38-9a63-40b8-9e1f-9b614d73bb9a,L1,Profile
3f69db38-9a63-40b8-9e1f-9b614d73bb9a,L1,Profile
3f69db38-9a63-40b8-9e1f-9b614d73bb9a,L1,Profile
3f69db38-9a63-40b8-9e1f-9b614d73bb9a,L1,Profile
3f69db38-9a63-40b8-9e1f-9b614d73bb9a,L1,Profile
3f69db38-9a63-40b8-9e1f-9b614d73bb9a,L1,Profile
3f69db38-9a63-40b8-9e1f-9b614d73bb9a,L1,Profile
3f69db38-9a63-40b8-9e1f-9b614d73bb9a,L1,Profile
3f69db38-9a63-40b8-9e1f-9b614d73bb9a,L1,Profile
3f69db38-9a63-40b8-9e1f-9b614d73bb9a,L1,Profile
3f69db38-9a63-40b8-9e1f-9b614d73bb9a,L1,Profile
3f69db38-9a63-40b8-9e1f-9b614d73bb9a,L1,Profile
3f69db38-9a63-40b8-9e1f-9b614d73bb9a,L1,Profile
3f69db38-9a63-40b8-9e1f-9b614d73bb9a,L1,Profile
3f69db38-9a63-40b8-9e1f-9b614d73bb9a,L1,Profile
3f69db38-9a63-40b8-9e1f-9b614d73bb9a,L1,Profile
3f69db38-9a63-40b8-9e1f-9b614d73bb9a,L1,Profile
3f69db38-9a63-40b8-9e1f-9b614d73bb9a,L1,Profile
3f69db38-9a63-40b8-9e1f-9b614d73bb9a,L1,Profile
3f69db38-9a63-40b8-9e1f-9b614d73bb9a,L1,Profile
3f69db38-9a63-40b8-9e1f-9b614d73bb9a,L1,Profile
3f69db38-9a63-40b8-9e1f-9b614d73bb9a,L1,Profile
3f69db38-9a63-40b8-9e1f-9b614d73bb9a,L1,Profile
3f69db38-9a63-40b8-9e1f-9b614d73bb9a,L1,Profile
3f69db38-9a63-40b8-9e1f-9b614d73bb9a,L1,Profile
3f69db38-9a63-40b8-9e1f-9b614d73bb9a,L1,Profile
3f69db38-9a63-40b8-9e1f-9b614d73bb9a,L1,Profile
3f69db38-9a63-40b8-9e1f-9b614d73bb9a,L1,Profile
3f69db38-9a63-40b8-9e1f-9b614d73bb9a,L1,Profile
3f69db38-9a63-40b8-9e1f-9b614d73bb9a,L1,Profile
3f69db38-9a63-40b8-9e1f-9b614d73bb9a,L1,Profile
3f69db38-9a63-40b8-9e1f-9b614d73bb9a,L1,Profile
3f69db38-9a63-40b8-9e1f-9b614d73bb9a,L1,Profile
3f69db38-9a63-40b8-9e1f-9b614d73bb9a,L1,Profile
3f69db38-9a63-40b8-9e1f-9b614d73bb9a,L1,Profile
3f69db38-9a63-40b8-9e1f-9b614d73bb9a,L1,Profile
3f69db38-9a63-40b8-9e1f-9b614d73bb9a,L1,Profile
3f69db38-9a63-40b8-9e1f-9b614d73bb9a,L1,Profile
3f69db38-9a63-40b8-9e1f-9b614d73bb9a,L1,Profile
3f69db38-9a63-40b8-9e1f-9b614d73bb9a,L1,Profile
3f69db38-9a63-40b8-9e1f-9b614d73bb9a,L1,Profile
3f69db38-9a63-40b8-9e1f-9b614d73bb9a,L1,Profile
3f69db38-9a63-40b8-9e1f-9b614d73bb9a,L1,Profile
3f69db38-9a63-40b8-9e1f-9b614d73bb9a,L1,Profile
3f69db38-9a63-40b8-9e1f-9b614d73bb9a,L1,Profile
3f69db38-9a63-40b8-9e1f-9b614d73bb9a,L1,Profile
3f69db38-9a63-40b8-9e1f-9b614d73bb9a,L1,Profile
3f69db38-9a63-40b8-9e1f-9b614d73bb9a,L1,Profile
3f69db38-9a63-40b8-9e1f-9b614d73bb9a,L1,Profile
3f69db38-9a63-40b8-9e1f-9b614d73bb9a,L1,Profile
3f69db38-9a63-40b8-9e1f-9b614d73bb9a,L1,Profile
3f69db38-9a63-40b8-9e1f-9b614d73bb9a,L1,Profile
3f69db38-9a63-40b8-9e1f-9b614d73bb9a,L1,Profile
3f69db38-9a63-40b8-9e1f-9b614d73bb9a,L1,Profile
3f69db38-9a63-40b8-9e1f-9b614d73bb9a,L1,Profile
3f69db38-9a63-40b8-9e1f-9b614d73bb9a,L1,Profile
3f69db38-9a63-40b8-9e1f-9b614d73bb9a,L1,Profile
3f69db38-9a63-40b8-9e1f-9b614d73bb9a,L1,Profile
3f69db38-9a63-40b8-9e1f-9b614d73bb9a,L1,Profile
3f69db38-9a63-40b8-9e1f-9b614d73bb9a,L1,Profile
3f69db38-9a63-40b8-9e1f-9b614d73bb9a,L1,Profile
3f69db38-9a63-40b8-9e1f-9b614d73bb9a,L1,Profile
3f69db38-9a63-40b8-9e1f-9b614d73bb9a,L1,Profile
3f69db38-9a63-40b8-9e1f-9b614d73bb9a,L1,Profile
3f69db38-9a63-40b8-9e1f-9b614d73bb9a,L1,Profile
3f69db38-9a63-40b8-9e1f-9b614d73bb9a,L1,Profile
3f69db38-9a63-40b8-9e1f-9b614d73bb9a,L1,Profile
3f69db38-9a63-40b8-9e1f-9b614d73bb9a,L1,Profile
3f69db38-9a63-40b8-9e1f-9b614d73bb9a,L1,Profile
3f69db38-9a63-40b8-9e1f-9b614d73bb9a,L1,Profile
3f69db38-9a63-40b8-9e1f-9b614d73bb9a,L1,Profile
3f69db38-9a63-40b8-9e1f-9b614d73bb9a,L1,Profile
3f69db38-9a63-40b8-9e1f-9b614d73bb9a,L1,Profile
3f69db38-9a63-40b8-9e1f-9b614d73bb9a,L1,Profile
3f69db38-9a63-40b8-9e1f-9b614d73bb9a,L1,Profile
3f69db38-9a63-40b8-9e1f-9b614d73bb9a,L1,Profile
3f69db38-9a63-40b8-9e1f-9b614d73bb9a,L1,Profile
3f69db38-9a63-40b8-9e1f-9b614d73bb9a,L1,Profile
3f69db38-9a63-40b8-9e1f-9b614d73bb9a,L1,Profile
3f69db38-9a63-40b8-9e1f-9b614d73bb9a,L1,Profile
3f69db38-9a63-40b8-9e1f-9b614d73bb9a,L1,Profile
3f69db38-9a63-40b8-9e1f-9b614d73bb9a,L1,Profile
3f69db38-9a63-40b8-9e1f-9b614d73bb9a,L1,Profile
3f69db38-9a63-40b8-9e1f-9b614d73bb9a,L1,Profile
3f69db38-9a63-40b8-9e1f-9b614d73bb9a,L1,Profile
3f69db38-9a63-40b8-9e1f-9b614d73bb9a,L1,Profile
3f69db38-9a63-40b8-9e1f-9b614d73bb9a,L1,Profile
3f69db38-9a63-40b8-9e1f-9b614d73bb9a,L1,Profile
3f69db38-9a63-40b8-9e1f-9b614d73bb9a,L1,Profile
3f69db38-9a63-40b8-9e1f-9b614d73bb9a,L1,Profile
3f69db38-9a63-40b8-9e1f-9b614d73bb9a,L1,Profile
3f69db38-9a63-40b8-9e1f-9b614d73bb9a,L1,Profile
3f69db38-9a63-40b8-9e1f-9b614d73bb9a,L1,Profile
3f69db38-9a63-40b8-9e1f-9b614d73bb9a,L1,Profile
3f69db38-9a63-40b8-9e1f-9b614d73bb9a,L1,Profile
3f69db38-9a63-40b8-9e1f-9b614d73bb9a,L1,Profile
3f69db38-9a63-40b8-9e1f-9b614d73bb9a,L1,Profile
3f69db38-9a63-40b8-9e1f-9b614d73bb9a,L1,Profile
3f69db38-9a63-40b8-9e1f-9b614d73bb9a,L1,Profile
3f69db38-9a63-40b8-9e1f-9b614d73bb9a,L1,Profile
3f69db38-9a63-40b8-9e1f-9b614d73bb9a,L1,Profile
3f69db38-9a63-40b8-9e1f-9b614d73bb9a,L1,Profile
3f69db38-9a63-40b8-9e1f-9b614d73bb9a,L1,Profile
3f69db38-9a63-40b8-9e1f-9b614d73bb9a,L1,Profile
3f69db38-9a63-40b8-9e1f-9b614d73bb9a,L1,Profile
3f69db38-9a63-40b8-9e1f-9b614d73bb9a,L1,Profile
3f69db38-9a63-40b8-9e1f-9b614d73bb9a,L1,Profile
3f69db38-9a63-40b8-9e1f-9b614d73bb9a,L1,Profile
3f69db38-9a63-40b8-9e1f-9b614d73bb9a,L1,Profile
3f69db38-9a63-40b8-9e1f-9b614d73bb9a,L1,Profile
3f69db38-9a63-40b8-9e1f-9b614d73bb9a,L1,Profile
3f69db38-9a63-40b8-9e1f-9b614d73bb9a,L1,Profile
3f69db38-9a63-40b8-9e1f-9b614d73bb9a,L1,Profile
3f69db38-9a63-40b8-9e1f-9b614d73bb9a,L1,Profile
3f69db38-9a63-40b8-9e1f-9b614d73bb9a,L1,Profile
3f69db38-9a63-40b8-9e1f-9b614d73bb9a,L1,Profile
3f69db38-9a63-40b8-9e1f-9b614d73bb9a,L1,Profile
3f69db38-9a63-40b8-9e1f-9b614d73bb9a,L1,Profile
3f69db38-9a63-40b8-9e1f-9b614d73bb9a,L1,Profile
3f69db38-9a63-40b8-9e1f-9b614d73bb9a,L1,Profile
3f69db38-9a63-40b8-9e1f-9b614d73bb9a,L1,Profile
3f69db38-9a63-40b8-9e1f-9b614d73bb9a,L1,Profile
3f69db38-9a63-40b8-9e1f-9b614d73bb9a,L1,Profile
3f69db38-9a63-40b8-9e1f-9b614d73bb9a,L1,Profile
3f69db38-9a63-40b8-9e1f-9b614d73bb9a,L1,Profile
3f69db38-9a63-40b8-9e1f-9b614d73bb9a,L1,Profile
3f69db38-9a63-40b8-9e1f-9b614d73bb9a,L1,Profile
3f69db38-9a63-40b8-9e1f-9b614d73bb9a,L1,Profile
3f69db38-9a63-40b8-9e1f-9b614d73bb9a,L1,Profile
3f69db38-9a63-40b8-9e1f-9b614d73bb9a,L1,Profile
3f69db38-9a63-40b8-9e1f-9b614d73bb9a,L1,Profile
3f69db38-9a63-40b8-9e1f-9b614d73bb9a,L1,Profile
3f69db38-9a63-40b8-9e1f-9b614d73bb9a,L1,Profile
3f69db38-9a63-40b8-9e1f-9b614d73bb9a,L1,Profile
3f69db38-9a63-40b8-9e1f-9b614d73bb9a,L1,Profile
3f69db38-9a63-40b8-9e1f-9b614d73bb9a,L1,Profile
3f69db38-9a63-40b8-9e1f-9b614d73bb9a,L1,Profile
3f69db38-9a63-40b8-9e1f-9b614d73bb9a,L1,Profile
3f69db38-9a63-40b8-9e1f-9b614d73bb9a,L1,Profile
3f69db38-9a63-40b8-9e1f-9b614d73bb9a,L1,Profile
3f69db38-9a63-40b8-9e1f-9b614d73bb9a,L1,Profile
3f69db38-9a63-40b8-9e1f-9b614d73bb9a,L1,Profile
3f69db38-9a63-40b8-9e1f-9b614d73bb9a,L1,Profile
3f69db38-9a63-40b8-9e1f-9b614d73bb9a,L1,Profile
3f69db38-9a63-40b8-9e1f-9b614d73bb9a,L1,Profile
3f69db38-9a63-40b8-9e1f-9b614d73bb9a,L1,Profile
3f69db38-9a63-40b8-9e1f-9b614d73bb9a,L1,Profile
3f69db38-9a63-40b8-9e1f-9b614d73bb9a,L1,Profile
3f69db38-9a63-40b8-9e1f-9b614d73bb9a,L1,Profile
3f69db38-9a63-40b8-9e1f-9b614d73bb9a,L1,Profile
3f69db38-9a63-40b8-9e1f-9b614d73bb9a,L1,Profile
3f69db38-9a63-40b8-9e1f-9b614d73bb9a,L1,Profile
3f69db38-9a63-40b8-9e1f-9b614d73bb9a,L1,Profile
3f69db38-9a63-40b8-9e1f-9b614d73bb9a,L1,Profile
3f69db38-9a63-40b8-9e1f-9b614d73bb9a,L1,Profile
3f69db38-9a63-40b8-9e1f-9b614d73bb9a,L1,Profile
3f69db38-9a63-40b8-9e1f-9b614d73bb9a,L1,Profile
3f69db38-9a63-40b8-9e1f-9b614d73bb9a,L1,Profile
3f69db38-9a63-40b8-9e1f-9b614d73bb9a,L1,Profile
3f69db38-9a63-40b8-9e1f-9b614d73bb9a,L1,Profile
3f69db38-9a63-40b8-9e1f-9b614d73bb9a,L1,Profile
3f69db38-9a63-40b8-9e1f-9b614d73bb9a,L1,Profile
3f69db38-9a63-40b8-9e1f-9b614d73bb9a,L1,Profile
3f69db38-9a63-40b8-9e1f-9b614d73bb9a,L1,Profile
3f69db38-9a63-40b8-9e1f-9b614d73bb9a,L1,Profile
3f69db38-9a63-40b8-9e1f-9b614d73bb9a,L1,Profile
3f69db38-9a63-40b8-9e1f-9b614d73bb9a,L1,Profile
3f69db38-9a63-40b8-9e1f-9b614d73bb9a,L1,Profile
3f69db38-9a63-40b8-9e1f-9b614d73bb9a,L1,Profile
3f69db38-9a63-40b8-9e1f-9b614d73bb9a,L1,Profile
3f69db38-9a63-40b8-9e1f-9b614d73bb9a,L1,Profile
3f69db38-9a63-40b8-9e1f-9b614d73bb9a,L1,Profile
3f69db38-9a63-40b8-9e1f-9b614d73bb9a,L1,Profile
3f69db38-9a63-40b8-9e1f-9b614d73bb9a,L1,Profile
3f69db38-9a63-40b8-9e1f-9b614d73bb9a,L1,Profile
3f69db38-9a63-40b8-9e1f-9b614d73bb9a,L1,Profile
3f69db38-9a63-40b8-9e1f-9b614d73bb9a,L1,Profile
3f69db38-9a63-40b8-9e1f-9b614d73bb9a,L1,Profile
3f69db38-9a63-40b8-9e1f-9b614d73bb9a,L1,Profile
3f69db38-9a63-40b8-9e1f-9b614d73bb9a,L1,Profile
3f69db38-9a63-40b8-9e1f-9b614d73bb9a,L1,Profile
3f69db38-9a63-40b8-9e1f-9b614d73bb9a,L1,Profile
3f69db38-9a63-40b8-9e1f-9b614d73bb9a,L1,Profile
3f69db38-9a63-40b8-9e1f-9b614d73bb9a,L1,Profile
3f69db38-9a63-40b8-9e1f-9b614d73bb9a,L1,Profile
3f69db38-9a63-40b8-9e1f-9b614d73bb9a,L1,Profile
3f69db38-9a63-40b8-9e1f-9b614d73bb9a,L1,Profile
3f69db38-9a63-40b8-9e1f-9b614d73bb9a,L1,Profile
3f69db38-9a63-40b8-9e1f-9b614d73bb9a,L1,Profile
3f69db38-9a63-40b8-9e1f-9b614d73bb9a,L1,Profile
3f69db38-9a63-40b8-9e1f-9b614d73bb9a,L1,Profile
3f69db38-9a63-40b8-9e1f-9b614d73bb9a,L1,Profile
3f69db38-9a63-40b8-9e1f-9b614d73bb9a,L1,Profile
3f69db38-9a63-40b8-9e1f-9b614d73bb9a,L1,Profile
3f69db38-9a63-40b8-9e1f-9b614d73bb9a,L1,Profile
3f69db38-9a63-40b8-9e1f-9b614d73bb9a,L1,Profile
3f69db38-9a63-40b8-9e1f-9b614d73bb9a,L1,Profile
3f69db38-9a63-40b8-9e1f-9b614d73bb9a,L1,Profile
3f69db38-9a63-40b8-9e1f-9b614d73bb9a,L1,Profile
3f69db38-9a63-40b8-9e1f-9b614d73bb9a,L1,Profile
3f69db38-9a63-40b8-9e1f-9b614d73bb9a,L1,Profile
3f69db38-9a63-40b8-9e1f-9b614d73bb9a,L1,Profile
3f69db38-9a63-40b8-9e1f-9b614d73bb9a,L1,Profile
3f69db38-9a63-40b8-9e1f-9b614d73bb9a,L1,Profile
3f69db38-9a63-40b8-9e1f-9b614d73bb9a,L1,Profile
3f69db38-9a63-40b8-9e1f-9b614d73bb9a,L1,Profile
3f69db38-9a63-40b8-9e1f-9b614d73bb9a,L1,Profile
3f69db38-9a63-40b8-9e1f-9b614d73bb9a,L1,Profile
3f69db38-9a63-40b8-9e1f-9b614d73bb9a,L1,Profile
3f69db38-9a63-40b8-9e1f-9b614d73bb9a,L1,Profile
3f69db38-9a63-40b8-9e1f-9b614d73bb9a,L1,Profile
3f69db38-9a63-40b8-9e1f-9b614d73bb9a,L1,Profile
3f69db38-9a63-40b8-9e1f-9b614d73bb9a,L1,Profile
3f69db38-9a63-40b8-9e1f-9b614d73bb9a,L1,Profile
3f69db38-9a63-40b8-9e1f-9b614d73bb9a,L1,Profile
3f69db38-9a63-40b8-9e1f-9b614d73bb9a,L1,Profile
3f69db38-9a63-40b8-9e1f-9b614d73bb9a,L1,Profile
3f69db38-9a63-40b8-9e1f-9b614d73bb9a,L1,Profile
3f69db38-9a63-40b8-9e1f-9b614d73bb9a,L1,Profile
3f69db38-9a63-40b8-9e1f-9b614d73bb9a,L1,Profile
3f69db38-9a63-40b8-9e1f-9b614d73bb9a,L1,Profile
3f69db38-9a63-40b8-9e1f-9b614d73bb9a,L1,Profile
3f69db38-9a63-40b8-9e1f-9b614d73bb9a,L1,Profile
3f69db38-9a63-40b8-9e1f-9b614d73bb9a,L1,Profile
3f69db38-9a63-40b8-9e1f-9b614d73bb9a,L1,Profile
3f69db38-9a63-40b8-9e1f-9b614d73bb9a,L1,Profile
3f69db38-9a63-40b8-9e1f-9b614d73bb9a,L1,Profile
3f69db38-9a63-40b8-9e1f-9b614d73bb9a,L1,Profile
3f69db38-9a63-40b8-9e1f-9b614d73bb9a,L1,Profile
3f69db38-9a63-40b8-9e1f-9b614d73bb9a,L1,Profile
3f69db38-9a63-40b8-9e1f-9b614d73bb9a,L1,Profile
3f69db38-9a63-40b8-9e1f-9b614d73bb9a,L1,Profile
3f69db38-9a63-40b8-9e1f-9b614d73bb9a,L1,Profile
3f69db38-9a63-40b8-9e1f-9b614d73bb9a,L1,Profile
3f69db38-9a63-40b8-9e1f-9b614d73bb9a,L1,Profile
3f69db38-9a63-40b8-9e1f-9b614d73bb9a,L1,Profile
3f69db38-9a63-40b8-9e1f-9b614d73bb9a,L1,Profile
3f69db38-9a63-40b8-9e1f-9b614d73bb9a,L1,Profile
3f69db38-9a63-40b8-9e1f-9b614d73bb9a,L1,Profile
3f69db38-9a63-40b8-9e1f-9b614d73bb9a,L1,Profile
3f69db38-9a63-40b8-9e1f-9b614d73bb9a,L1,Profile
3f69db38-9a63-40b8-9e1f-9b614d73bb9a,L1,Profile
3f69db38-9a63-40b8-9e1f-9b614d73bb9a,L1,Profile
3f69db38-9a63-40b8-9e1f-9b614d73bb9a,L1,Profile
3f69db38-9a63-40b8-9e1f-9b614d73bb9a,L1,Profile
3f69db38-9a63-40b8-9e1f-9b614d73bb9a,L1,Profile
3f69db38-9a63-40b8-9e1f-9b614d73bb9a,L1,Profile
3f69db38-9a63-40b8-9e1f-9b614d73bb9a,L1,Profile
3f69db38-9a63-40b8-9e1f-9b614d73bb9a,L1,Profile
3f69db38-9a63-40b8-9e1f-9b614d73bb9a,L1,Profile
3f69db38-9a63-40b8-9e1f-9b614d73bb9a,L1,Profile
3f69db38-9a63-40b8-9e1f-9b614d73bb9a,L1,Profile
3f69db38-9a63-40b8-9e1f-9b614d73bb9a,L1,Profile
3f69db38-9a63-40b8-9e1f-9b614d73bb9a,L1,Profile
3f69db38-9a63-40b8-9e1f-9b614d73bb9a,L1,Profile
3f69db38-9a63-40b8-9e1f-9b614d73bb9a,L1,Profile
3f69db38-9a63-40b8-9e1f-9b614d73bb9a,L1,Profile
3f69db38-9a63-40b8-9e1f-9b614d73bb9a,L1,Profile
3f69db38-9a63-40b8-9e1f-9b614d73bb9a,L1,Profile
3f69db38-9a63-40b8-9e1f-9b614d73bb9a,L1,Profile
3f69db38-9a63-40b8-9e1f-9b614d73bb9a,L1,Profile
3f69db38-9a63-40b8-9e1f-9b614d73bb9a,L1,Profile
3f69db38-9a63-40b8-9e1f-9b614d73bb9a,L1,Profile
3f69db38-9a63-40b8-9e1f-9b614d73bb9a,L1,Profile
3f69db38-9a63-40b8-9e1f-9b614d73bb9a,L1,Profile
3f69db38-9a63-40b8-9e1f-9b614d73bb9a,L1,Profile
3f69db38-9a63-40b8-9e1f-9b614d73bb9a,L1,Profile
3f69db38-9a63-40b8-9e1f-9b614d73bb9a,L1,Profile
3f69db38-9a63-40b8-9e1f-9b614d73bb9a,L1,Profile
3f69db38-9a63-40b8-9e1f-9b614d73bb9a,L1,Profile
3f69db38-9a63-40b8-9e1f-9b614d73bb9a,L1,Profile
3f69db38-9a63-40b8-9e1f-9b614d73bb9a,L1,Profile
3f69db38-9a63-40b8-9e1f-9b614d73bb9a,L1,Profile
3f69db38-9a63-40b8-9e1f-9b614d73bb9a,L1,Profile
3f69db38-9a63-40b8-9e1f-9b614d73bb9a,L1,Profile
3f69db38-9a63-40b8-9e1f-9b614d73bb9a,L1,Profile
3f69db38-9a63-40b8-9e1f-9b614d73bb9a,L1,Profile
3f69db38-9a63-40b8-9e1f-9b614d73bb9a,L1,Profile
3f69db38-9a63-40b8-9e1f-9b614d73bb9a,L1,Profile
3f69db38-9a63-40b8-9e1f-9b614d73bb9a,L1,Profile
3f69db38-9a63-40b8-9e1f-9b614d73bb9a,L1,Profile
3f69db38-9a63-40b8-9e1f-9b614d73bb9a,L1,Profile
3f69db38-9a63-40b8-9e1f-9b614d73bb9a,L1,Profile
3f69db38-9a63-40b8-9e1f-9b614d73bb9a,L1,Profile
3f69db38-9a63-40b8-9e1f-9b614d73bb9a,L1,Profile
3f69db38-9a63-40b8-9e1f-9b614d73bb9a,L1,Profile
3f69db38-9a63-40b8-9e1f-9b614d73bb9a,L1,Profile
3f69db38-9a63-40b8-9e1f-9b614d73bb9a,L1,Profile
3f69db38-9a63-40b8-9e1f-9b614d73bb9a,L1,Profile
3f69db38-9a63-40b8-9e1f-9b614d73bb9a,L1,Profile
3f69db38-9a63-40b8-9e1f-9b614d73bb9a,L1,Profile
3f69db38-9a63-40b8-9e1f-9b614d73bb9a,L1,Profile
3f69db38-9a63-40b8-9e1f-9b614d73bb9a,L1,Profile
3f69db38-9a63-40b8-9e1f-9b614d73bb9a,L1,Profile
3f69db38-9a63-40b8-9e1f-9b614d73bb9a,L1,Profile
3f69db38-9a63-40b8-9e1f-9b614d73bb9a,L1,Profile
3f69db38-9a63-40b8-9e1f-9b614d73bb9a,L1,Profile
3f69db38-9a63-40b8-9e1f-9b614d73bb9a,L1,Profile
3f69db38-9a63-40b8-9e1f-9b614d73bb9a,L1,Profile
3f69db38-9a63-40b8-9e1f-9b614d73bb9a,L1,Profile
3f69db38-9a63-40b8-9e1f-9b614d73bb9a,L1,Profile
3f69db38-9a63-40b8-9e1f-9b614d73bb9a,L1,Profile
3f69db38-9a63-40b8-9e1f-9b614d73bb9a,L1,Profile
3f69db38-9a63-40b8-9e1f-9b614d73bb9a,L1,Profile
3f69db38-9a63-40b8-9e1f-9b614d73bb9a,L1,Profile
3f69db38-9a63-40b8-9e1f-9b614d73bb9a,L1,Profile
3f69db38-9a63-40b8-9e1f-9b614d73bb9a,L1,Profile
3f69db38-9a63-40b8-9e1f-9b614d73bb9a,L1,Profile
3f69db38-9a63-40b8-9e1f-9b614d73bb9a,L1,Profile
3f69db38-9a63-40b8-9e1f-9b614d73bb9a,L1,Profile
3f69db38-9a63-40b8-9e1f-9b614d73bb9a,L1,Profile
3f69db38-9a63-40b8-9e1f-9b614d73bb9a,L1,Profile
3f69db38-9a63-40b8-9e1f-9b614d73bb9a,L1,Profile
3f69db38-9a63-40b8-9e1f-9b614d73bb9a,L1,Profile
3f69db38-9a63-40b8-9e1f-9b614d73bb9a,L1,Profile
3f69db38-9a63-40b8-9e1f-9b614d73bb9a,L1,Profile
3f69db38-9a63-40b8-9e1f-9b614d73bb9a,L1,Profile
3f69db38-9a63-40b8-9e1f-9b614d73bb9a,L1,Profile
3f69db38-9a63-40b8-9e1f-9b614d73bb9a,L1,Profile
3f69db38-9a63-40b8-9e1f-9b614d73bb9a,L1,Profile
3f69db38-9a63-40b8-9e1f-9b614d73bb9a,L1,Profile
3f69db38-9a63-40b8-9e1f-9b614d73bb9a,L1,Profile
3f69db38-9a63-40b8-9e1f-9b614d73bb9a,L1,Profile
3f69db38-9a63-40b8-9e1f-9b614d73bb9a,L1,Profile
3f69db38-9a63-40b8-9e1f-9b614d73bb9a,L1,Profile
3f69db38-9a63-40b8-9e1f-9b614d73bb9a,L1,Profile
3f69db38-9a63-40b8-9e1f-9b614d73bb9a,L1,Profile
3f69db38-9a63-40b8-9e1f-9b614d73bb9a,L1,Profile
3f69db38-9a63-40b8-9e1f-9b614d73bb9a,L1,Profile
3f69db38-9a63-40b8-9e1f-9b614d73bb9a,L1,Profile
3f69db38-9a63-40b8-9e1f-9b614d73bb9a,L1,Profile
3f69db38-9a63-40b8-9e1f-9b614d73bb9a,L1,Profile
3f69db38-9a63-40b8-9e1f-9b614d73bb9a,L1,Profile
3f69db38-9a63-40b8-9e1f-9b614d73bb9a,L1,Profile
3f69db38-9a63-40b8-9e1f-9b614d73bb9a,L1,Profile
3f69db38-9a63-40b8-9e1f-9b614d73bb9a,L1,Profile
3f69db38-9a63-40b8-9e1f-9b614d73bb9a,L1,Profile
3f69db38-9a63-40b8-9e1f-9b614d73bb9a,L1,Profile
3f69db38-9a63-40b8-9e1f-9b614d73bb9a,L1,Profile
3f69db38-9a63-40b8-9e1f-9b614d73bb9a,L1,Profile
3f69db38-9a63-40b8-9e1f-9b614d73bb9a,L1,Profile
3f69db38-9a63-40b8-9e1f-9b614d73bb9a,L1,Profile
3f69db38-9a63-40b8-9e1f-9b614d73bb9a,L1,Profile
3f69db38-9a63-40b8-9e1f-9b614d73bb9a,L1,Profile
3f69db38-9a63-40b8-9e1f-9b614d73bb9a,L1,Profile
3f69db38-9a63-40b8-9e1f-9b614d73bb9a,L1,Profile
3f69db38-9a63-40b8-9e1f-9b614d73bb9a,L1,Profile
3f69db38-9a63-40b8-9e1f-9b614d73bb9a,L1,Profile
3f69db38-9a63-40b8-9e1f-9b614d73bb9a,L1,Profile
3f69db38-9a63-40b8-9e1f-9b614d73bb9a,L1,Profile
3f69db38-9a63-40b8-9e1f-9b614d73bb9a,L1,Profile
3f69db38-9a63-40b8-9e1f-9b614d73bb9a,L1,Profile
3f69db38-9a63-40b8-9e1f-9b614d73bb9a,L1,Profile
3f69db38-9a63-40b8-9e1f-9b614d73bb9a,L1,Profile
3f69db38-9a63-40b8-9e1f-9b614d73bb9a,L1,Profile
3f69db38-9a63-40b8-9e1f-9b614d73bb9a,L1,Profile
3f69db38-9a63-40b8-9e1f-9b614d73bb9a,L1,Profile
3f69db38-9a63-40b8-9e1f-9b614d73bb9a,L1,Profile
3f69db38-9a63-40b8-9e1f-9b614d73bb9a,L1,Profile
3f69db38-9a63-40b8-9e1f-9b614d73bb9a,L1,Profile
3f69db38-9a63-40b8-9e1f-9b614d73bb9a,L1,Profile
3f69db38-9a63-40b8-9e1f-9b614d73bb9a,L1,Profile
3f69db38-9a63-40b8-9e1f-9b614d73bb9a,L1,Profile
3f69db38-9a63-40b8-9e1f-9b614d73bb9a,L1,Profile
3f69db38-9a63-40b8-9e1f-9b614d73bb9a,L1,Profile
3f69db38-9a63-40b8-9e1f-9b614d73bb9a,L1,Profile
3f69db38-9a63-40b8-9e1f-9b614d73bb9a,L1,Profile
3f69db38-9a63-40b8-9e1f-9b614d73bb9a,L1,Profile
3f69db38-9a63-40b8-9e1f-9b614d73bb9a,L1,Profile
3f69db38-9a63-40b8-9e1f-9b614d73bb9a,L1,Profile
3f69db38-9a63-40b8-9e1f-9b614d73bb9a,L1,Profile
3f69db38-9a63-40b8-9e1f-9b614d73bb9a,L1,Profile
3f69db38-9a63-40b8-9e1f-9b614d73bb9a,L1,Profile
3f69db38-9a63-40b8-9e1f-9b614d73bb9a,L1,Profile
3f69db38-9a63-40b8-9e1f-9b614d73bb9a,L1,Profile
3f69db38-9a63-40b8-9e1f-9b614d73bb9a,L1,Profile
3f69db38-9a63-40b8-9e1f-9b614d73bb9a,L1,Profile
3f69db38-9a63-40b8-9e1f-9b614d73bb9a,L1,Profile
3f69db38-9a63-40b8-9e1f-9b614d73bb9a,L1,Profile
3f69db38-9a63-40b8-9e1f-9b614d73bb9a,L1,Profile
3f69db38-9a63-40b8-9e1f-9b614d73bb9a,L1,Profile
3f69db38-9a63-40b8-9e1f-9b614d73bb9a,L1,Profile
3f69db38-9a63-40b8-9e1f-9b614d73bb9a,L1,Profile
3f69db38-9a63-40b8-9e1f-9b614d73bb9a,L1,Profile
3f69db38-9a63-40b8-9e1f-9b614d73bb9a,L1,Profile
3f69db38-9a63-40b8-9e1f-9b614d73bb9a,L1,Profile
3f69db38-9a63-40b8-9e1f-9b614d73bb9a,L1,Profile
3f69db38-9a63-40b8-9e1f-9b614d73bb9a,L1,Profile
3f69db38-9a63-40b8-9e1f-9b614d73bb9a,L1,Profile
3f69db38-9a63-40b8-9e1f-9b614d73bb9a,L1,Profile
3f69db38-9a63-40b8-9e1f-9b614d73bb9a,L1,Profile
3f69db38-9a63-40b8-9e1f-9b614d73bb9a,L1,Profile
3f69db38-9a63-40b8-9e1f-9b614d73bb9a,L1,Profile
3f69db38-9a63-40b8-9e1f-9b614d73bb9a,L1,Profile
3f69db38-9a63-40b8-9e1f-9b614d73bb9a,L1,Profile
3f69db38-9a63-40b8-9e1f-9b614d73bb9a,L1,Profile
3f69db38-9a63-40b8-9e1f-9b614d73bb9a,L1,Profile
3f69db38-9a63-40b8-9e1f-9b614d73bb9a,L1,Profile
3f69db38-9a63-40b8-9e1f-9b614d73bb9a,L1,Profile
3f69db38-9a63-40b8-9e1f-9b614d73bb9a,L1,Profile
3f69db38-9a63-40b8-9e1f-9b614d73bb9a,L1,Profile
3f69db38-9a63-40b8-9e1f-9b614d73bb9a,L1,Profile
3f69db38-9a63-40b8-9e1f-9b614d73bb9a,L1,Profile
3f69db38-9a63-40b8-9e1f-9b614d73bb9a,L1,Profile
3f69db38-9a63-40b8-9e1f-9b614d73bb9a,L1,Profile
3f69db38-9a63-40b8-9e1f-9b614d73bb9a,L1,Profile
3f69db38-9a63-40b8-9e1f-9b614d73bb9a,L1,Profile
3f69db38-9a63-40b8-9e1f-9b614d73bb9a,L1,Profile
3f69db38-9a63-40b8-9e1f-9b614d73bb9a,L1,Profile
3f69db38-9a63-40b8-9e1f-9b614d73bb9a,L1,Profile
3f69db38-9a63-40b8-9e1f-9b614d73bb9a,L1,Profile
3f69db38-9a63-40b8-9e1f-9b614d73bb9a,L1,Profile
3f69db38-9a63-40b8-9e1f-9b614d73bb9a,L1,Profile
3f69db38-9a63-40b8-9e1f-9b614d73bb9a,L1,Profile
3f69db38-9a63-40b8-9e1f-9b614d73bb9a,L1,Profile
3f69db38-9a63-40b8-9e1f-9b614d73bb9a,L1,Profile
3f69db38-9a63-40b8-9e1f-9b614d73bb9a,L1,Profile
3f69db38-9a63-40b8-9e1f-9b614d73bb9a,L1,Profile
3f69db38-9a63-40b8-9e1f-9b614d73bb9a,L1,Profile
3f69db38-9a63-40b8-9e1f-9b614d73bb9a,L1,Profile
3f69db38-9a63-40b8-9e1f-9b614d73bb9a,L1,Profile
3f69db38-9a63-40b8-9e1f-9b614d73bb9a,L1,Profile
3f69db38-9a63-40b8-9e1f-9b614d73bb9a,L1,Profile
3f69db38-9a63-40b8-9e1f-9b614d73bb9a,L1,Profile
3f69db38-9a63-40b8-9e1f-9b614d73bb9a,L1,Profile
3f69db38-9a63-40b8-9e1f-9b614d73bb9a,L1,Profile
3f69db38-9a63-40b8-9e1f-9b614d73bb9a,L1,Profile
3f69db38-9a63-40b8-9e1f-9b614d73bb9a,L1,Profile
3f69db38-9a63-40b8-9e1f-9b614d73bb9a,L1,Profile
3f69db38-9a63-40b8-9e1f-9b614d73bb9a,L1,Profile
3f69db38-9a63-40b8-9e1f-9b614d73bb9a,L1,Profile
3f69db38-9a63-40b8-9e1f-9b614d73bb9a,L1,Profile
3f69db38-9a63-40b8-9e1f-9b614d73bb9a,L1,Profile
3f69db38-9a63-40b8-9e1f-9b614d73bb9a,L1,Profile
3f69db38-9a63-40b8-9e1f-9b614d73bb9a,L1,Profile
3f69db38-9a63-40b8-9e1f-9b614d73bb9a,L1,Profile
3f69db38-9a63-40b8-9e1f-9b614d73bb9a,L1,Profile
3f69db38-9a63-40b8-9e1f-9b614d73bb9a,L1,Profile
3f69db38-9a63-40b8-9e1f-9b614d73bb9a,L1,Profile
3f69db38-9a63-40b8-9e1f-9b614d73bb9a,L1,Profile
3f69db38-9a63-40b8-9e1f-9b614d73bb9a,L1,Profile
3f69db38-9a63-40b8-9e1f-9b614d73bb9a,L1,Profile
3f69db38-9a63-40b8-9e1f-9b614d73bb9a,L1,Profile
3f69db38-9a63-40b8-9e1f-9b614d73bb9a,L1,Profile
3f69db38-9a63-40b8-9e1f-9b614d73bb9a,L1,Profile
3f69db38-9a63-40b8-9e1f-9b614d73bb9a,L1,Profile
3f69db38-9a63-40b8-9e1f-9b614d73bb9a,L1,Profile
3f69db38-9a63-40b8-9e1f-9b614d73bb9a,L1,Profile
3f69db38-9a63-40b8-9e1f-9b614d73bb9a,L1,Profile
3f69db38-9a63-40b8-9e1f-9b614d73bb9a,L1,Profile
3f69db38-9a63-40b8-9e1f-9b614d73bb9a,L1,Profile
3f69db38-9a63-40b8-9e1f-9b614d73bb9a,L1,Profile
3f69db38-9a63-40b8-9e1f-9b614d73bb9a,L1,Profile
3f69db38-9a63-40b8-9e1f-9b614d73bb9a,L1,Profile
3f69db38-9a63-40b8-9e1f-9b614d73bb9a,L1,Profile
3f69db38-9a63-40b8-9e1f-9b614d73bb9a,L1,Profile
3f69db38-9a63-40b8-9e1f-9b614d73bb9a,L1,Profile
3f69db38-9a63-40b8-9e1f-9b614d73bb9a,L1,Profile
3f69db38-9a63-40b8-9e1f-9b614d73bb9a,L1,Profile
3f69db38-9a63-40b8-9e1f-9b614d73bb9a,L1,Profile
3f69db38-9a63-40b8-9e1f-9b614d73bb9a,L1,Profile
3f69db38-9a63-40b8-9e1f-9b614d73bb9a,L1,Profile
3f69db38-9a63-40b8-9e1f-9b614d73bb9a,L1,Profile
3f69db38-9a63-40b8-9e1f-9b614d73bb9a,L1,Profile
3f69db38-9a63-40b8-9e1f-9b614d73bb9a,L1,Profile
3f69db38-9a63-40b8-9e1f-9b614d73bb9a,L1,Profile
3f69db38-9a63-40b8-9e1f-9b614d73bb9a,L1,Profile
3f69db38-9a63-40b8-9e1f-9b614d73bb9a,L1,Profile
3f69db38-9a63-40b8-9e1f-9b614d73bb9a,L1,Profile
3f69db38-9a63-40b8-9e1f-9b614d73bb9a,L1,Profile
3f69db38-9a63-40b8-9e1f-9b614d73bb9a,L1,Profile
3f69db38-9a63-40b8-9e1f-9b614d73bb9a,L1,Profile
3f69db38-9a63-40b8-9e1f-9b614d73bb9a,L1,Profile
3f69db38-9a63-40b8-9e1f-9b614d73bb9a,L1,Profile
3f69db38-9a63-40b8-9e1f-9b614d73bb9a,L1,Profile
3f69db38-9a63-40b8-9e1f-9b614d73bb9a,L1,Profile
3f69db38-9a63-40b8-9e1f-9b614d73bb9a,L1,Profile
3f69db38-9a63-40b8-9e1f-9b614d73bb9a,L1,Profile
3f69db38-9a63-40b8-9e1f-9b614d73bb9a,L1,Profile
3f69db38-9a63-40b8-9e1f-9b614d73bb9a,L1,Profile
3f69db38-9a63-40b8-9e1f-9b614d73bb9a,L1,Profile
3f69db38-9a63-40b8-9e1f-9b614d73bb9a,L1,Profile
3f69db38-9a63-40b8-9e1f-9b614d73bb9a,L1,Profile
3f69db38-9a63-40b8-9e1f-9b614d73bb9a,L1,Profile
3f69db38-9a63-40b8-9e1f-9b614d73bb9a,L1,Profile
3f69db38-9a63-40b8-9e1f-9b614d73bb9a,L1,Profile
3f69db38-9a63-40b8-9e1f-9b614d73bb9a,L1,Profile
3f69db38-9a63-40b8-9e1f-9b614d73bb9a,L1,Profile
3f69db38-9a63-40b8-9e1f-9b614d73bb9a,L1,Profile
3f69db38-9a63-40b8-9e1f-9b614d73bb9a,L1,Profile
3f69db38-9a63-40b8-9e1f-9b614d73bb9a,L1,Profile
3f69db38-9a63-40b8-9e1f-9b614d73bb9a,L1,Profile
3f69db38-9a63-40b8-9e1f-9b614d73bb9a,L1,Profile
3f69db38-9a63-40b8-9e1f-9b614d73bb9a,L1,Profile
3f69db38-9a63-40b8-9e1f-9b614d73bb9a,L1,Profile
3f69db38-9a63-40b8-9e1f-9b614d73bb9a,L1,Profile
3f69db38-9a63-40b8-9e1f-9b614d73bb9a,L1,Profile
3f69db38-9a63-40b8-9e1f-9b614d73bb9a,L1,Profile
3f69db38-9a63-40b8-9e1f-9b614d73bb9a,L1,Profile
3f69db38-9a63-40b8-9e1f-9b614d73bb9a,L1,Profile
3f69db38-9a63-40b8-9e1f-9b614d73bb9a,L1,Profile
3f69db38-9a63-40b8-9e1f-9b614d73bb9a,L1,Profile
3f69db38-9a63-40b8-9e1f-9b614d73bb9a,L1,Profile
3f69db38-9a63-40b8-9e1f-9b614d73bb9a,L1,Profile
3f69db38-9a63-40b8-9e1f-9b614d73bb9a,L1,Profile
3f69db38-9a63-40b8-9e1f-9b614d73bb9a,L1,Profile
3f69db38-9a63-40b8-9e1f-9b614d73bb9a,L1,Profile
3f69db38-9a63-40b8-9e1f-9b614d73bb9a,L1,Profile
3f69db38-9a63-40b8-9e1f-9b614d73bb9a,L1,Profile
3f69db38-9a63-40b8-9e1f-9b614d73bb9a,L1,Profile
3f69db38-9a63-40b8-9e1f-9b614d73bb9a,L1,Profile
3f69db38-9a63-40b8-9e1f-9b614d73bb9a,L1,Profile
3f69db38-9a63-40b8-9e1f-9b614d73bb9a,L1,Profile
3f69db38-9a63-40b8-9e1f-9b614d73bb9a,L1,Profile
3f69db38-9a63-40b8-9e1f-9b614d73bb9a,L1,Profile
3f69db38-9a63-40b8-9e1f-9b614d73bb9a,L1,Profile
3f69db38-9a63-40b8-9e1f-9b614d73bb9a,L1,Profile
3f69db38-9a63-40b8-9e1f-9b614d73bb9a,L1,Profile
3f69db38-9a63-40b8-9e1f-9b614d73bb9a,L1,Profile
3f69db38-9a63-40b8-9e1f-9b614d73bb9a,L1,Profile
3f69db38-9a63-40b8-9e1f-9b614d73bb9a,L1,Profile
3f69db38-9a63-40b8-9e1f-9b614d73bb9a,L1,Profile
3f69db38-9a63-40b8-9e1f-9b614d73bb9a,L1,Profile
3f69db38-9a63-40b8-9e1f-9b614d73bb9a,L1,Profile
3f69db38-9a63-40b8-9e1f-9b614d73bb9a,L1,Profile
3f69db38-9a63-40b8-9e1f-9b614d73bb9a,L1,Profile
3f69db38-9a63-40b8-9e1f-9b614d73bb9a,L1,Profile
3f69db38-9a63-40b8-9e1f-9b614d73bb9a,L1,Profile
3f69db38-9a63-40b8-9e1f-9b614d73bb9a,L1,Profile
3f69db38-9a63-40b8-9e1f-9b614d73bb9a,L1,Profile
3f69db38-9a63-40b8-9e1f-9b614d73bb9a,L1,Profile
3f69db38-9a63-40b8-9e1f-9b614d73bb9a,L1,Profile
3f69db38-9a63-40b8-9e1f-9b614d73bb9a,L1,Profile
3f69db38-9a63-40b8-9e1f-9b614d73bb9a,L1,Profile
3f69db38-9a63-40b8-9e1f-9b614d73bb9a,L1,Profile
3f69db38-9a63-40b8-9e1f-9b614d73bb9a,L1,Profile
3f69db38-9a63-40b8-9e1f-9b614d73bb9a,L1,Profile
3f69db38-9a63-40b8-9e1f-9b614d73bb9a,L1,Profile
3f69db38-9a63-40b8-9e1f-9b614d73bb9a,L1,Profile
3f69db38-9a63-40b8-9e1f-9b614d73bb9a,L1,Profile
3f69db38-9a63-40b8-9e1f-9b614d73bb9a,L1,Profile
3f69db38-9a63-40b8-9e1f-9b614d73bb9a,L1,Profile
3f69db38-9a63-40b8-9e1f-9b614d73bb9a,L1,Profile
3f69db38-9a63-40b8-9e1f-9b614d73bb9a,L1,Profile
3f69db38-9a63-40b8-9e1f-9b614d73bb9a,L1,Profile
3f69db38-9a63-40b8-9e1f-9b614d73bb9a,L1,Profile
3f69db38-9a63-40b8-9e1f-9b614d73bb9a,L1,Profile
3f69db38-9a63-40b8-9e1f-9b614d73bb9a,L1,Profile
3f69db38-9a63-40b8-9e1f-9b614d73bb9a,L1,Profile
3f69db38-9a63-40b8-9e1f-9b614d73bb9a,L1,Profile
3f69db38-9a63-40b8-9e1f-9b614d73bb9a,L1,Profile
3f69db38-9a63-40b8-9e1f-9b614d73bb9a,L1,Profile
3f69db38-9a63-40b8-9e1f-9b614d73bb9a,L1,Profile
3f69db38-9a63-40b8-9e1f-9b614d73bb9a,L1,Profile
3f69db38-9a63-40b8-9e1f-9b614d73bb9a,L1,Profile
3f69db38-9a63-40b8-9e1f-9b614d73bb9a,L1,Profile
3f69db38-9a63-40b8-9e1f-9b614d73bb9a,L1,Profile
3f69db38-9a63-40b8-9e1f-9b614d73bb9a,L1,Profile
3f69db38-9a63-40b8-9e1f-9b614d73bb9a,L1,Profile
3f69db38-9a63-40b8-9e1f-9b614d73bb9a,L1,Profile
3f69db38-9a63-40b8-9e1f-9b614d73bb9a,L1,Profile
3f69db38-9a63-40b8-9e1f-9b614d73bb9a,L1,Profile
3f69db38-9a63-40b8-9e1f-9b614d73bb9a,L1,Profile
3f69db38-9a63-40b8-9e1f-9b614d73bb9a,L1,Profile
3f69db38-9a63-40b8-9e1f-9b614d73bb9a,L1,Profile
3f69db38-9a63-40b8-9e1f-9b614d73bb9a,L1,Profile
3f69db38-9a63-40b8-9e1f-9b614d73bb9a,L1,Profile
3f69db38-9a63-40b8-9e1f-9b614d73bb9a,L1,Profile
3f69db38-9a63-40b8-9e1f-9b614d73bb9a,L1,Profile
3f69db38-9a63-40b8-9e1f-9b614d73bb9a,L1,Profile
3f69db38-9a63-40b8-9e1f-9b614d73bb9a,L1,Profile
3f69db38-9a63-40b8-9e1f-9b614d73bb9a,L1,Profile
3f69db38-9a63-40b8-9e1f-9b614d73bb9a,L1,Profile
3f69db38-9a63-40b8-9e1f-9b614d73bb9a,L1,Profile
3f69db38-9a63-40b8-9e1f-9b614d73bb9a,L1,Profile
3f69db38-9a63-40b8-9e1f-9b614d73bb9a,L1,Profile
3f69db38-9a63-40b8-9e1f-9b614d73bb9a,L1,Profile
3f69db38-9a63-40b8-9e1f-9b614d73bb9a,L1,Profile
3f69db38-9a63-40b8-9e1f-9b614d73bb9a,L1,Profile
3f69db38-9a63-40b8-9e1f-9b614d73bb9a,L1,Profile
3f69db38-9a63-40b8-9e1f-9b614d73bb9a,L1,Profile
3f69db38-9a63-40b8-9e1f-9b614d73bb9a,L1,Profile
3f69db38-9a63-40b8-9e1f-9b614d73bb9a,L1,Profile
3f69db38-9a63-40b8-9e1f-9b614d73bb9a,L1,Profile
3f69db38-9a63-40b8-9e1f-9b614d73bb9a,L1,Profile
3f69db38-9a63-40b8-9e1f-9b614d73bb9a,L1,Profile
3f69db38-9a63-40b8-9e1f-9b614d73bb9a,L1,Profile
3f69db38-9a63-40b8-9e1f-9b614d73bb9a,L1,Profile
3f69db38-9a63-40b8-9e1f-9b614d73bb9a,L1,Profile
3f69db38-9a63-40b8-9e1f-9b614d73bb9a,L1,Profile
3f69db38-9a63-40b8-9e1f-9b614d73bb9a,L1,Profile
3f69db38-9a63-40b8-9e1f-9b614d73bb9a,L1,Profile
3f69db38-9a63-40b8-9e1f-9b614d73bb9a,L1,Profile
3f69db38-9a63-40b8-9e1f-9b614d73bb9a,L1,Profile
3f69db38-9a63-40b8-9e1f-9b614d73bb9a,L1,Profile
3f69db38-9a63-40b8-9e1f-9b614d73bb9a,L1,Profile
3f69db38-9a63-40b8-9e1f-9b614d73bb9a,L1,Profile
3f69db38-9a63-40b8-9e1f-9b614d73bb9a,L1,Profile
3f69db38-9a63-40b8-9e1f-9b614d73bb9a,L1,Profile
3f69db38-9a63-40b8-9e1f-9b614d73bb9a,L1,Profile
3f69db38-9a63-40b8-9e1f-9b614d73bb9a,L1,Profile
3f69db38-9a63-40b8-9e1f-9b614d73bb9a,L1,Profile
3f69db38-9a63-40b8-9e1f-9b614d73bb9a,L1,Profile
3f69db38-9a63-40b8-9e1f-9b614d73bb9a,L1,Profile
3f69db38-9a63-40b8-9e1f-9b614d73bb9a,L1,Profile
3f69db38-9a63-40b8-9e1f-9b614d73bb9a,L1,Profile
3f69db38-9a63-40b8-9e1f-9b614d73bb9a,L1,Profile
3f69db38-9a63-40b8-9e1f-9b614d73bb9a,L1,Profile
3f69db38-9a63-40b8-9e1f-9b614d73bb9a,L1,Profile
3f69db38-9a63-40b8-9e1f-9b614d73bb9a,L1,Profile
3f69db38-9a63-40b8-9e1f-9b614d73bb9a,L1,Profile
3f69db38-9a63-40b8-9e1f-9b614d73bb9a,L1,Profile
3f69db38-9a63-40b8-9e1f-9b614d73bb9a,L1,Profile
3f69db38-9a63-40b8-9e1f-9b614d73bb9a,L1,Profile
3f69db38-9a63-40b8-9e1f-9b614d73bb9a,L1,Profile
3f69db38-9a63-40b8-9e1f-9b614d73bb9a,L1,Profile
3f69db38-9a63-40b8-9e1f-9b614d73bb9a,L1,Profile
3f69db38-9a63-40b8-9e1f-9b614d73bb9a,L1,Profile
3f69db38-9a63-40b8-9e1f-9b614d73bb9a,L1,Profile
3f69db38-9a63-40b8-9e1f-9b614d73bb9a,L1,Profile
3f69db38-9a63-40b8-9e1f-9b614d73bb9a,L1,Profile
3f69db38-9a63-40b8-9e1f-9b614d73bb9a,L1,Profile
3f69db38-9a63-40b8-9e1f-9b614d73bb9a,L1,Profile
3f69db38-9a63-40b8-9e1f-9b614d73bb9a,L1,Profile
3f69db38-9a63-40b8-9e1f-9b614d73bb9a,L1,Profile
3f69db38-9a63-40b8-9e1f-9b614d73bb9a,L1,Profile
3f69db38-9a63-40b8-9e1f-9b614d73bb9a,L1,Profile
3f69db38-9a63-40b8-9e1f-9b614d73bb9a,L1,Profile
3f69db38-9a63-40b8-9e1f-9b614d73bb9a,L1,Profile
3f69db38-9a63-40b8-9e1f-9b614d73bb9a,L1,Profile
3f69db38-9a63-40b8-9e1f-9b614d73bb9a,L1,Profile
3f69db38-9a63-40b8-9e1f-9b614d73bb9a,L1,Profile
3f69db38-9a63-40b8-9e1f-9b614d73bb9a,L1,Profile
3f69db38-9a63-40b8-9e1f-9b614d73bb9a,L1,Profile
3f69db38-9a63-40b8-9e1f-9b614d73bb9a,L1,Profile
3f69db38-9a63-40b8-9e1f-9b614d73bb9a,L1,Profile
3f69db38-9a63-40b8-9e1f-9b614d73bb9a,L1,Profile
3f69db38-9a63-40b8-9e1f-9b614d73bb9a,L1,Profile
3f69db38-9a63-40b8-9e1f-9b614d73bb9a,L1,Profile
3f69db38-9a63-40b8-9e1f-9b614d73bb9a,L1,Profile
3f69db38-9a63-40b8-9e1f-9b614d73bb9a,L1,Profile
3f69db38-9a63-40b8-9e1f-9b614d73bb9a,L1,Profile
3f69db38-9a63-40b8-9e1f-9b614d73bb9a,L1,Profile
3f69db38-9a63-40b8-9e1f-9b614d73bb9a,L1,Profile
3f69db38-9a63-40b8-9e1f-9b614d73bb9a,L1,Profile
3f69db38-9a63-40b8-9e1f-9b614d73bb9a,L1,Profile
3f69db38-9a63-40b8-9e1f-9b614d73bb9a,L1,Profile
3f69db38-9a63-40b8-9e1f-9b614d73bb9a,L1,Profile
3f69db38-9a63-40b8-9e1f-9b614d73bb9a,L1,Profile
3f69db38-9a63-40b8-9e1f-9b614d73bb9a,L1,Profile
3f69db38-9a63-40b8-9e1f-9b614d73bb9a,L1,Profile
3f69db38-9a63-40b8-9e1f-9b614d73bb9a,L1,Profile
3f69db38-9a63-40b8-9e1f-9b614d73bb9a,L1,Profile
3f69db38-9a63-40b8-9e1f-9b614d73bb9a,L1,Profile
3f69db38-9a63-40b8-9e1f-9b614d73bb9a,L1,Profile
3f69db38-9a63-40b8-9e1f-9b614d73bb9a,L1,Profile
3f69db38-9a63-40b8-9e1f-9b614d73bb9a,L1,Profile
3f69db38-9a63-40b8-9e1f-9b614d73bb9a,L1,Profile
3f69db38-9a63-40b8-9e1f-9b614d73bb9a,L1,Profile
3f69db38-9a63-40b8-9e1f-9b614d73bb9a,L1,Profile
3f69db38-9a63-40b8-9e1f-9b614d73bb9a,L1,Profile
3f69db38-9a63-40b8-9e1f-9b614d73bb9a,L1,Profile
3f69db38-9a63-40b8-9e1f-9b614d73bb9a,L1,Profile
3f69db38-9a63-40b8-9e1f-9b614d73bb9a,L1,Profile
3f69db38-9a63-40b8-9e1f-9b614d73bb9a,L1,Profile
3f69db38-9a63-40b8-9e1f-9b614d73bb9a,L1,Profile
3f69db38-9a63-40b8-9e1f-9b614d73bb9a,L1,Profile
3f69db38-9a63-40b8-9e1f-9b614d73bb9a,L1,Profile
3f69db38-9a63-40b8-9e1f-9b614d73bb9a,L1,Profile
3f69db38-9a63-40b8-9e1f-9b614d73bb9a,L1,Profile
3f69db38-9a63-40b8-9e1f-9b614d73bb9a,L1,Profile
3f69db38-9a63-40b8-9e1f-9b614d73bb9a,L1,Profile
3f69db38-9a63-40b8-9e1f-9b614d73bb9a,L1,Profile
3f69db38-9a63-40b8-9e1f-9b614d73bb9a,L1,Profile
3f69db38-9a63-40b8-9e1f-9b614d73bb9a,L1,Profile
3f69db38-9a63-40b8-9e1f-9b614d73bb9a,L1,Profile
3f69db38-9a63-40b8-9e1f-9b614d73bb9a,L1,Profile
3f69db38-9a63-40b8-9e1f-9b614d73bb9a,L1,Profile
3f69db38-9a63-40b8-9e1f-9b614d73bb9a,L1,Profile
3f69db38-9a63-40b8-9e1f-9b614d73bb9a,L1,Profile
3f69db38-9a63-40b8-9e1f-9b614d73bb9a,L1,Profile
3f69db38-9a63-40b8-9e1f-9b614d73bb9a,L1,Profile
3f69db38-9a63-40b8-9e1f-9b614d73bb9a,L1,Profile
3f69db38-9a63-40b8-9e1f-9b614d73bb9a,L1,Profile
3f69db38-9a63-40b8-9e1f-9b614d73bb9a,L1,Profile
3f69db38-9a63-40b8-9e1f-9b614d73bb9a,L1,Profile
3f69db38-9a63-40b8-9e1f-9b614d73bb9a,L1,Profile
3f69db38-9a63-40b8-9e1f-9b614d73bb9a,L1,Profile
3f69db38-9a63-40b8-9e1f-9b614d73bb9a,L1,Profile
3f69db38-9a63-40b8-9e1f-9b614d73bb9a,L1,Profile
3f69db38-9a63-40b8-9e1f-9b614d73bb9a,L1,Profile
3f69db38-9a63-40b8-9e1f-9b614d73bb9a,L1,Profile
3f69db38-9a63-40b8-9e1f-9b614d73bb9a,L1,Profile
3f69db38-9a63-40b8-9e1f-9b614d73bb9a,L1,Profile
3f69db38-9a63-40b8-9e1f-9b614d73bb9a,L1,Profile
3f69db38-9a63-40b8-9e1f-9b614d73bb9a,L1,Profile
3f69db38-9a63-40b8-9e1f-9b614d73bb9a,L1,Profile
3f69db38-9a63-40b8-9e1f-9b614d73bb9a,L1,Profile
3f69db38-9a63-40b8-9e1f-9b614d73bb9a,L1,Profile
3f69db38-9a63-40b8-9e1f-9b614d73bb9a,L1,Profile
3f69db38-9a63-40b8-9e1f-9b614d73bb9a,L1,Profile
3f69db38-9a63-40b8-9e1f-9b614d73bb9a,L1,Profile
3f69db38-9a63-40b8-9e1f-9b614d73bb9a,L1,Profile
3f69db38-9a63-40b8-9e1f-9b614d73bb9a,L1,Profile
3f69db38-9a63-40b8-9e1f-9b614d73bb9a,L1,Profile
3f69db38-9a63-40b8-9e1f-9b614d73bb9a,L1,Profile
3f69db38-9a63-40b8-9e1f-9b614d73bb9a,L1,Profile
3f69db38-9a63-40b8-9e1f-9b614d73bb9a,L1,Profile
3f69db38-9a63-40b8-9e1f-9b614d73bb9a,L1,Profile
3f69db38-9a63-40b8-9e1f-9b614d73bb9a,L1,Profile
3f69db38-9a63-40b8-9e1f-9b614d73bb9a,L1,Profile
3f69db38-9a63-40b8-9e1f-9b614d73bb9a,L1,Profile
3f69db38-9a63-40b8-9e1f-9b614d73bb9a,L1,Profile
3f69db38-9a63-40b8-9e1f-9b614d73bb9a,L1,Profile
3f69db38-9a63-40b8-9e1f-9b614d73bb9a,L1,Profile
3f69db38-9a63-40b8-9e1f-9b614d73bb9a,L1,Profile
3f69db38-9a63-40b8-9e1f-9b614d73bb9a,L1,Profile
3f69db38-9a63-40b8-9e1f-9b614d73bb9a,L1,Profile
3f69db38-9a63-40b8-9e1f-9b614d73bb9a,L1,Profile
3f69db38-9a63-40b8-9e1f-9b614d73bb9a,L1,Profile
3f69db38-9a63-40b8-9e1f-9b614d73bb9a,L1,Profile
3f69db38-9a63-40b8-9e1f-9b614d73bb9a,L1,Profile
3f69db38-9a63-40b8-9e1f-9b614d73bb9a,L1,Profile
3f69db38-9a63-40b8-9e1f-9b614d73bb9a,L1,Profile
3f69db38-9a63-40b8-9e1f-9b614d73bb9a,L1,Profile
3f69db38-9a63-40b8-9e1f-9b614d73bb9a,L1,Profile
3f69db38-9a63-40b8-9e1f-9b614d73bb9a,L1,Profile
3f69db38-9a63-40b8-9e1f-9b614d73bb9a,L1,Profile
3f69db38-9a63-40b8-9e1f-9b614d73bb9a,L1,Profile
3f69db38-9a63-40b8-9e1f-9b614d73bb9a,L1,Profile
3f69db38-9a63-40b8-9e1f-9b614d73bb9a,L1,Profile
3f69db38-9a63-40b8-9e1f-9b614d73bb9a,L1,Profile
3f69db38-9a63-40b8-9e1f-9b614d73bb9a,L1,Profile
3f69db38-9a63-40b8-9e1f-9b614d73bb9a,L1,Profile
3f69db38-9a63-40b8-9e1f-9b614d73bb9a,L1,Profile
3f69db38-9a63-40b8-9e1f-9b614d73bb9a,L1,Profile
3f69db38-9a63-40b8-9e1f-9b614d73bb9a,L1,Profile
3f69db38-9a63-40b8-9e1f-9b614d73bb9a,L1,Profile
3f69db38-9a63-40b8-9e1f-9b614d73bb9a,L1,Profile
3f69db38-9a63-40b8-9e1f-9b614d73bb9a,L1,Profile
3f69db38-9a63-40b8-9e1f-9b614d73bb9a,L1,Profile
3f69db38-9a63-40b8-9e1f-9b614d73bb9a,L1,Profile
3f69db38-9a63-40b8-9e1f-9b614d73bb9a,L1,Profile
3f69db38-9a63-40b8-9e1f-9b614d73bb9a,L1,Profile
3f69db38-9a63-40b8-9e1f-9b614d73bb9a,L1,Profile
3f69db38-9a63-40b8-9e1f-9b614d73bb9a,L1,Profile
3f69db38-9a63-40b8-9e1f-9b614d73bb9a,L1,Profile
3f69db38-9a63-40b8-9e1f-9b614d73bb9a,L1,Profile
3f69db38-9a63-40b8-9e1f-9b614d73bb9a,L1,Profile
3f69db38-9a63-40b8-9e1f-9b614d73bb9a,L1,Profile
3f69db38-9a63-40b8-9e1f-9b614d73bb9a,L1,Profile
3f69db38-9a63-40b8-9e1f-9b614d73bb9a,L1,Profile
3f69db38-9a63-40b8-9e1f-9b614d73bb9a,L1,Profile
3f69db38-9a63-40b8-9e1f-9b614d73bb9a,L1,Profile
3f69db38-9a63-40b8-9e1f-9b614d73bb9a,L1,Profile
3f69db38-9a63-40b8-9e1f-9b614d73bb9a,L1,Profile
3f69db38-9a63-40b8-9e1f-9b614d73bb9a,L1,Profile
3f69db38-9a63-40b8-9e1f-9b614d73bb9a,L1,Profile
3f69db38-9a63-40b8-9e1f-9b614d73bb9a,L1,Profile
3f69db38-9a63-40b8-9e1f-9b614d73bb9a,L1,Profile
3f69db38-9a63-40b8-9e1f-9b614d73bb9a,L1,Profile
3f69db38-9a63-40b8-9e1f-9b614d73bb9a,L1,Profile
3f69db38-9a63-40b8-9e1f-9b614d73bb9a,L1,Profile
3f69db38-9a63-40b8-9e1f-9b614d73bb9a,L1,Profile
3f69db38-9a63-40b8-9e1f-9b614d73bb9a,L1,Profile
3f69db38-9a63-40b8-9e1f-9b614d73bb9a,L1,Profile
3f69db38-9a63-40b8-9e1f-9b614d73bb9a,L1,Profile
3f69db38-9a63-40b8-9e1f-9b614d73bb9a,L1,Profile
3f69db38-9a63-40b8-9e1f-9b614d73bb9a,L1,Profile
3f69db38-9a63-40b8-9e1f-9b614d73bb9a,L1,Profile
3f69db38-9a63-40b8-9e1f-9b614d73bb9a,L1,Profile
3f69db38-9a63-40b8-9e1f-9b614d73bb9a,L1,Profile
3f69db38-9a63-40b8-9e1f-9b614d73bb9a,L1,Profile
3f69db38-9a63-40b8-9e1f-9b614d73bb9a,L1,Profile
3f69db38-9a63-40b8-9e1f-9b614d73bb9a,L1,Profile
3f69db38-9a63-40b8-9e1f-9b614d73bb9a,L1,Profile
3f69db38-9a63-40b8-9e1f-9b614d73bb9a,L1,Profile
3f69db38-9a63-40b8-9e1f-9b614d73bb9a,L1,Profile
3f69db38-9a63-40b8-9e1f-9b614d73bb9a,L1,Profile
3f69db38-9a63-40b8-9e1f-9b614d73bb9a,L1,Profile
3f69db38-9a63-40b8-9e1f-9b614d73bb9a,L1,Profile
3f69db38-9a63-40b8-9e1f-9b614d73bb9a,L1,Profile
3f69db38-9a63-40b8-9e1f-9b614d73bb9a,L1,Profile
3f69db38-9a63-40b8-9e1f-9b614d73bb9a,L1,Profile
3f69db38-9a63-40b8-9e1f-9b614d73bb9a,L1,Profile
3f69db38-9a63-40b8-9e1f-9b614d73bb9a,L1,Profile
3f69db38-9a63-40b8-9e1f-9b614d73bb9a,L1,Profile
3f69db38-9a63-40b8-9e1f-9b614d73bb9a,L1,Profile
3f69db38-9a63-40b8-9e1f-9b614d73bb9a,L1,Profile
3f69db38-9a63-40b8-9e1f-9b614d73bb9a,L1,Profile
3f69db38-9a63-40b8-9e1f-9b614d73bb9a,L1,Profile
3f69db38-9a63-40b8-9e1f-9b614d73bb9a,L1,Profile
3f69db38-9a63-40b8-9e1f-9b614d73bb9a,L1,Profile
3f69db38-9a63-40b8-9e1f-9b614d73bb9a,L1,Profile
3f69db38-9a63-40b8-9e1f-9b614d73bb9a,L1,Profile
3f69db38-9a63-40b8-9e1f-9b614d73bb9a,L1,Profile
3f69db38-9a63-40b8-9e1f-9b614d73bb9a,L1,Profile
3f69db38-9a63-40b8-9e1f-9b614d73bb9a,L1,Profile
3f69db38-9a63-40b8-9e1f-9b614d73bb9a,L1,Profile
3f69db38-9a63-40b8-9e1f-9b614d73bb9a,L1,Profile
3f69db38-9a63-40b8-9e1f-9b614d73bb9a,L1,Profile
3f69db38-9a63-40b8-9e1f-9b614d73bb9a,L1,Profile
3f69db38-9a63-40b8-9e1f-9b614d73bb9a,L1,Profile
3f69db38-9a63-40b8-9e1f-9b614d73bb9a,L1,Profile
3f69db38-9a63-40b8-9e1f-9b614d73bb9a,L1,Profile
3f69db38-9a63-40b8-9e1f-9b614d73bb9a,L1,Profile
3f69db38-9a63-40b8-9e1f-9b614d73bb9a,L1,Profile
3f69db38-9a63-40b8-9e1f-9b614d73bb9a,L1,Profile
3f69db38-9a63-40b8-9e1f-9b614d73bb9a,L1,Profile
3f69db38-9a63-40b8-9e1f-9b614d73bb9a,L1,Profile
3f69db38-9a63-40b8-9e1f-9b614d73bb9a,L1,Profile
3f69db38-9a63-40b8-9e1f-9b614d73bb9a,L1,Profile
3f69db38-9a63-40b8-9e1f-9b614d73bb9a,L1,Profile
3f69db38-9a63-40b8-9e1f-9b614d73bb9a,L1,Profile
3f69db38-9a63-40b8-9e1f-9b614d73bb9a,L1,Profile
3f69db38-9a63-40b8-9e1f-9b614d73bb9a,L1,Profile
3f69db38-9a63-40b8-9e1f-9b614d73bb9a,L1,Profile
3f69db38-9a63-40b8-9e1f-9b614d73bb9a,L1,Profile
3f69db38-9a63-40b8-9e1f-9b614d73bb9a,L1,Profile
3f69db38-9a63-40b8-9e1f-9b614d73bb9a,L1,Profile
3f69db38-9a63-40b8-9e1f-9b614d73bb9a,L1,Profile
3f69db38-9a63-40b8-9e1f-9b614d73bb9a,L1,Profile
3f69db38-9a63-40b8-9e1f-9b614d73bb9a,L1,Profile
3f69db38-9a63-40b8-9e1f-9b614d73bb9a,L1,Profile
3f69db38-9a63-40b8-9e1f-9b614d73bb9a,L1,Profile
3f69db38-9a63-40b8-9e1f-9b614d73bb9a,L1,Profile
3f69db38-9a63-40b8-9e1f-9b614d73bb9a,L1,Profile
3f69db38-9a63-40b8-9e1f-9b614d73bb9a,L1,Profile
3f69db38-9a63-40b8-9e1f-9b614d73bb9a,L1,Profile
3f69db38-9a63-40b8-9e1f-9b614d73bb9a,L1,Profile
3f69db38-9a63-40b8-9e1f-9b614d73bb9a,L1,Profile
3f69db38-9a63-40b8-9e1f-9b614d73bb9a,L1,Profile
3f69db38-9a63-40b8-9e1f-9b614d73bb9a,L1,Profile
3f69db38-9a63-40b8-9e1f-9b614d73bb9a,L1,Profile
3f69db38-9a63-40b8-9e1f-9b614d73bb9a,L1,Profile
3f69db38-9a63-40b8-9e1f-9b614d73bb9a,L1,Profile
3f69db38-9a63-40b8-9e1f-9b614d73bb9a,L1,Profile
3f69db38-9a63-40b8-9e1f-9b614d73bb9a,L1,Profile
3f69db38-9a63-40b8-9e1f-9b614d73bb9a,L1,Profile
3f69db38-9a63-40b8-9e1f-9b614d73bb9a,L1,Profile
3f69db38-9a63-40b8-9e1f-9b614d73bb9a,L1,Profile
3f69db38-9a63-40b8-9e1f-9b614d73bb9a,L1,Profile
3f69db38-9a63-40b8-9e1f-9b614d73bb9a,L1,Profile
3f69db38-9a63-40b8-9e1f-9b614d73bb9a,L1,Profile
3f69db38-9a63-40b8-9e1f-9b614d73bb9a,L1,Profile
3f69db38-9a63-40b8-9e1f-9b614d73bb9a,L1,Profile
3f69db38-9a63-40b8-9e1f-9b614d73bb9a,L1,Profile
3f69db38-9a63-40b8-9e1f-9b614d73bb9a,L1,Profile
3f69db38-9a63-40b8-9e1f-9b614d73bb9a,L1,Profile
3f69db38-9a63-40b8-9e1f-9b614d73bb9a,L1,Profile
3f69db38-9a63-40b8-9e1f-9b614d73bb9a,L1,Profile
3f69db38-9a63-40b8-9e1f-9b614d73bb9a,L1,Profile
3f69db38-9a63-40b8-9e1f-9b614d73bb9a,L1,Profile
3f69db38-9a63-40b8-9e1f-9b614d73bb9a,L1,Profile
3f69db38-9a63-40b8-9e1f-9b614d73bb9a,L1,Profile
3f69db38-9a63-40b8-9e1f-9b614d73bb9a,L1,Profile
3f69db38-9a63-40b8-9e1f-9b614d73bb9a,L1,Profile
3f69db38-9a63-40b8-9e1f-9b614d73bb9a,L1,Profile
3f69db38-9a63-40b8-9e1f-9b614d73bb9a,L1,Profile
3f69db38-9a63-40b8-9e1f-9b614d73bb9a,L1,Profile
3f69db38-9a63-40b8-9e1f-9b614d73bb9a,L1,Profile
3f69db38-9a63-40b8-9e1f-9b614d73bb9a,L1,Profile
3f69db38-9a63-40b8-9e1f-9b614d73bb9a,L1,Profile
3f69db38-9a63-40b8-9e1f-9b614d73bb9a,L1,Profile
3f69db38-9a63-40b8-9e1f-9b614d73bb9a,L1,Profile
3f69db38-9a63-40b8-9e1f-9b614d73bb9a,L1,Profile
3f69db38-9a63-40b8-9e1f-9b614d73bb9a,L1,Profile
3f69db38-9a63-40b8-9e1f-9b614d73bb9a,L1,Profile
3f69db38-9a63-40b8-9e1f-9b614d73bb9a,L1,Profile
3f69db38-9a63-40b8-9e1f-9b614d73bb9a,L1,Profile
3f69db38-9a63-40b8-9e1f-9b614d73bb9a,L1,Profile
3f69db38-9a63-40b8-9e1f-9b614d73bb9a,L1,Profile
3f69db38-9a63-40b8-9e1f-9b614d73bb9a,L1,Profile
3f69db38-9a63-40b8-9e1f-9b614d73bb9a,L1,Profile
3f69db38-9a63-40b8-9e1f-9b614d73bb9a,L1,Profile
3f69db38-9a63-40b8-9e1f-9b614d73bb9a,L1,Profile
3f69db38-9a63-40b8-9e1f-9b614d73bb9a,L1,Profile
3f69db38-9a63-40b8-9e1f-9b614d73bb9a,L1,Profile
3f69db38-9a63-40b8-9e1f-9b614d73bb9a,L1,Profile
3f69db38-9a63-40b8-9e1f-9b614d73bb9a,L1,Profile
3f69db38-9a63-40b8-9e1f-9b614d73bb9a,L1,Profile
3f69db38-9a63-40b8-9e1f-9b614d73bb9a,L1,Profile
3f69db38-9a63-40b8-9e1f-9b614d73bb9a,L1,Profile
3f69db38-9a63-40b8-9e1f-9b614d73bb9a,L1,Profile
3f69db38-9a63-40b8-9e1f-9b614d73bb9a,L1,Profile
3f69db38-9a63-40b8-9e1f-9b614d73bb9a,L1,Profile
3f69db38-9a63-40b8-9e1f-9b614d73bb9a,L1,Profile
3f69db38-9a63-40b8-9e1f-9b614d73bb9a,L1,Profile
3f69db38-9a63-40b8-9e1f-9b614d73bb9a,L1,Profile
3f69db38-9a63-40b8-9e1f-9b614d73bb9a,L1,Profile
3f69db38-9a63-40b8-9e1f-9b614d73bb9a,L1,Profile
3f69db38-9a63-40b8-9e1f-9b614d73bb9a,L1,Profile
3f69db38-9a63-40b8-9e1f-9b614d73bb9a,L1,Profile
3f69db38-9a63-40b8-9e1f-9b614d73bb9a,L1,Profile
3f69db38-9a63-40b8-9e1f-9b614d73bb9a,L1,Profile
3f69db38-9a63-40b8-9e1f-9b614d73bb9a,L1,Profile
3f69db38-9a63-40b8-9e1f-9b614d73bb9a,L1,Profile
3f69db38-9a63-40b8-9e1f-9b614d73bb9a,L1,Profile
3f69db38-9a63-40b8-9e1f-9b614d73bb9a,L1,Profile
3f69db38-9a63-40b8-9e1f-9b614d73bb9a,L1,Profile
3f69db38-9a63-40b8-9e1f-9b614d73bb9a,L1,Profile
3f69db38-9a63-40b8-9e1f-9b614d73bb9a,L1,Profile
3f69db38-9a63-40b8-9e1f-9b614d73bb9a,L1,Profile
3f69db38-9a63-40b8-9e1f-9b614d73bb9a,L1,Profile
3f69db38-9a63-40b8-9e1f-9b614d73bb9a,L1,Profile
3f69db38-9a63-40b8-9e1f-9b614d73bb9a,L1,Profile
3f69db38-9a63-40b8-9e1f-9b614d73bb9a,L1,Profile
3f69db38-9a63-40b8-9e1f-9b614d73bb9a,L1,Profile
3f69db38-9a63-40b8-9e1f-9b614d73bb9a,L1,Profile
3f69db38-9a63-40b8-9e1f-9b614d73bb9a,L1,Profile
3f69db38-9a63-40b8-9e1f-9b614d73bb9a,L1,Profile
3f69db38-9a63-40b8-9e1f-9b614d73bb9a,L1,Profile
3f69db38-9a63-40b8-9e1f-9b614d73bb9a,L1,Profile
3f69db38-9a63-40b8-9e1f-9b614d73bb9a,L1,Profile
3f69db38-9a63-40b8-9e1f-9b614d73bb9a,L1,Profile
3f69db38-9a63-40b8-9e1f-9b614d73bb9a,L1,Profile
3f69db38-9a63-40b8-9e1f-9b614d73bb9a,L1,Profile
3f69db38-9a63-40b8-9e1f-9b614d73bb9a,L1,Profile
3f69db38-9a63-40b8-9e1f-9b614d73bb9a,L1,Profile
3f69db38-9a63-40b8-9e1f-9b614d73bb9a,L1,Profile
3f69db38-9a63-40b8-9e1f-9b614d73bb9a,L1,Profile
3f69db38-9a63-40b8-9e1f-9b614d73bb9a,L1,Profile
3f69db38-9a63-40b8-9e1f-9b614d73bb9a,L1,Profile
3f69db38-9a63-40b8-9e1f-9b614d73bb9a,L1,Profile
3f69db38-9a63-40b8-9e1f-9b614d73bb9a,L1,Profile
3f69db38-9a63-40b8-9e1f-9b614d73bb9a,L1,Profile
3f69db38-9a63-40b8-9e1f-9b614d73bb9a,L1,Profile
3f69db38-9a63-40b8-9e1f-9b614d73bb9a,L1,Profile
3f69db38-9a63-40b8-9e1f-9b614d73bb9a,L1,Profile
3f69db38-9a63-40b8-9e1f-9b614d73bb9a,L1,Profile
3f69db38-9a63-40b8-9e1f-9b614d73bb9a,L1,Profile
3f69db38-9a63-40b8-9e1f-9b614d73bb9a,L1,Profile
3f69db38-9a63-40b8-9e1f-9b614d73bb9a,L1,Profile
3f69db38-9a63-40b8-9e1f-9b614d73bb9a,L1,Profile
3f69db38-9a63-40b8-9e1f-9b614d73bb9a,L1,Profile
3f69db38-9a63-40b8-9e1f-9b614d73bb9a,L1,Profile
3f69db38-9a63-40b8-9e1f-9b614d73bb9a,L1,Profile
3f69db38-9a63-40b8-9e1f-9b614d73bb9a,L1,Profile
3f69db38-9a63-40b8-9e1f-9b614d73bb9a,L1,Profile
3f69db38-9a63-40b8-9e1f-9b614d73bb9a,L1,Profile
3f69db38-9a63-40b8-9e1f-9b614d73bb9a,L1,Profile
3f69db38-9a63-40b8-9e1f-9b614d73bb9a,L1,Profile
3f69db38-9a63-40b8-9e1f-9b614d73bb9a,L1,Profile
3f69db38-9a63-40b8-9e1f-9b614d73bb9a,L1,Profile
3f69db38-9a63-40b8-9e1f-9b614d73bb9a,L1,Profile
3f69db38-9a63-40b8-9e1f-9b614d73bb9a,L1,Profile
3f69db38-9a63-40b8-9e1f-9b614d73bb9a,L1,Profile
3f69db38-9a63-40b8-9e1f-9b614d73bb9a,L1,Profile
3f69db38-9a63-40b8-9e1f-9b614d73bb9a,L1,Profile
3f69db38-9a63-40b8-9e1f-9b614d73bb9a,L1,Profile
3f69db38-9a63-40b8-9e1f-9b614d73bb9a,L1,Profile
3f69db38-9a63-40b8-9e1f-9b614d73bb9a,L1,Profile
3f69db38-9a63-40b8-9e1f-9b614d73bb9a,L1,Profile
3f69db38-9a63-40b8-9e1f-9b614d73bb9a,L1,Profile
3f69db38-9a63-40b8-9e1f-9b614d73bb9a,L1,Profile
3f69db38-9a63-40b8-9e1f-9b614d73bb9a,L1,Profile
3f69db38-9a63-40b8-9e1f-9b614d73bb9a,L1,Profile
3f69db38-9a63-40b8-9e1f-9b614d73bb9a,L1,Profile
3f69db38-9a63-40b8-9e1f-9b614d73bb9a,L1,Profile
3f69db38-9a63-40b8-9e1f-9b614d73bb9a,L1,Profile
3f69db38-9a63-40b8-9e1f-9b614d73bb9a,L1,Profile
3f69db38-9a63-40b8-9e1f-9b614d73bb9a,L1,Profile
3f69db38-9a63-40b8-9e1f-9b614d73bb9a,L1,Profile
3f69db38-9a63-40b8-9e1f-9b614d73bb9a,L1,Profile
3f69db38-9a63-40b8-9e1f-9b614d73bb9a,L1,Profile
3f69db38-9a63-40b8-9e1f-9b614d73bb9a,L1,Profile
3f69db38-9a63-40b8-9e1f-9b614d73bb9a,L1,Profile
3f69db38-9a63-40b8-9e1f-9b614d73bb9a,L1,Profile
3f69db38-9a63-40b8-9e1f-9b614d73bb9a,L1,Profile
3f69db38-9a63-40b8-9e1f-9b614d73bb9a,L1,Profile
3f69db38-9a63-40b8-9e1f-9b614d73bb9a,L1,Profile
3f69db38-9a63-40b8-9e1f-9b614d73bb9a,L1,Profile
3f69db38-9a63-40b8-9e1f-9b614d73bb9a,L1,Profile
3f69db38-9a63-40b8-9e1f-9b614d73bb9a,L1,Profile
3f69db38-9a63-40b8-9e1f-9b614d73bb9a,L1,Profile
3f69db38-9a63-40b8-9e1f-9b614d73bb9a,L1,Profile
3f69db38-9a63-40b8-9e1f-9b614d73bb9a,L1,Profile
3f69db38-9a63-40b8-9e1f-9b614d73bb9a,L1,Profile
3f69db38-9a63-40b8-9e1f-9b614d73bb9a,L1,Profile
3f69db38-9a63-40b8-9e1f-9b614d73bb9a,L1,Profile
3f69db38-9a63-40b8-9e1f-9b614d73bb9a,L1,Profile
3f69db38-9a63-40b8-9e1f-9b614d73bb9a,L1,Profile
3f69db38-9a63-40b8-9e1f-9b614d73bb9a,L1,Profile
3f69db38-9a63-40b8-9e1f-9b614d73bb9a,L1,Profile
3f69db38-9a63-40b8-9e1f-9b614d73bb9a,L1,Profile
3f69db38-9a63-40b8-9e1f-9b614d73bb9a,L1,Profile
3f69db38-9a63-40b8-9e1f-9b614d73bb9a,L1,Profile
3f69db38-9a63-40b8-9e1f-9b614d73bb9a,L1,Profile
3f69db38-9a63-40b8-9e1f-9b614d73bb9a,L1,Profile
3f69db38-9a63-40b8-9e1f-9b614d73bb9a,L1,Profile
3f69db38-9a63-40b8-9e1f-9b614d73bb9a,L1,Profile
3f69db38-9a63-40b8-9e1f-9b614d73bb9a,L1,Profile
3f69db38-9a63-40b8-9e1f-9b614d73bb9a,L1,Profile
3f69db38-9a63-40b8-9e1f-9b614d73bb9a,L1,Profile
3f69db38-9a63-40b8-9e1f-9b614d73bb9a,L1,Profile
3f69db38-9a63-40b8-9e1f-9b614d73bb9a,L1,Profile
3f69db38-9a63-40b8-9e1f-9b614d73bb9a,L1,Profile
3f69db38-9a63-40b8-9e1f-9b614d73bb9a,L1,Profile
3f69db38-9a63-40b8-9e1f-9b614d73bb9a,L1,Profile
3f69db38-9a63-40b8-9e1f-9b614d73bb9a,L1,Profile
3f69db38-9a63-40b8-9e1f-9b614d73bb9a,L1,Profile
3f69db38-9a63-40b8-9e1f-9b614d73bb9a,L1,Profile
3f69db38-9a63-40b8-9e1f-9b614d73bb9a,L1,Profile
3f69db38-9a63-40b8-9e1f-9b614d73bb9a,L1,Profile
3f69db38-9a63-40b8-9e1f-9b614d73bb9a,L1,Profile
3f69db38-9a63-40b8-9e1f-9b614d73bb9a,L1,Profile
3f69db38-9a63-40b8-9e1f-9b614d73bb9a,L1,Profile
3f69db38-9a63-40b8-9e1f-9b614d73bb9a,L1,Profile
3f69db38-9a63-40b8-9e1f-9b614d73bb9a,L1,Profile
3f69db38-9a63-40b8-9e1f-9b614d73bb9a,L1,Profile
3f69db38-9a63-40b8-9e1f-9b614d73bb9a,L1,Profile
3f69db38-9a63-40b8-9e1f-9b614d73bb9a,L1,Profile
3f69db38-9a63-40b8-9e1f-9b614d73bb9a,L1,Profile
3f69db38-9a63-40b8-9e1f-9b614d73bb9a,L1,Profile
3f69db38-9a63-40b8-9e1f-9b614d73bb9a,L1,Profile
3f69db38-9a63-40b8-9e1f-9b614d73bb9a,L1,Profile
3f69db38-9a63-40b8-9e1f-9b614d73bb9a,L1,Profile
3f69db38-9a63-40b8-9e1f-9b614d73bb9a,L1,Profile
3f69db38-9a63-40b8-9e1f-9b614d73bb9a,L1,Profile
3f69db38-9a63-40b8-9e1f-9b614d73bb9a,L1,Profile
3f69db38-9a63-40b8-9e1f-9b614d73bb9a,L1,Profile
3f69db38-9a63-40b8-9e1f-9b614d73bb9a,L1,Profile
3f69db38-9a63-40b8-9e1f-9b614d73bb9a,L1,Profile
3f69db38-9a63-40b8-9e1f-9b614d73bb9a,L1,Profile
3f69db38-9a63-40b8-9e1f-9b614d73bb9a,L1,Profile
3f69db38-9a63-40b8-9e1f-9b614d73bb9a,L1,Profile
3f69db38-9a63-40b8-9e1f-9b614d73bb9a,L1,Profile
3f69db38-9a63-40b8-9e1f-9b614d73bb9a,L1,Profile
3f69db38-9a63-40b8-9e1f-9b614d73bb9a,L1,Profile
3f69db38-9a63-40b8-9e1f-9b614d73bb9a,L1,Profile
3f69db38-9a63-40b8-9e1f-9b614d73bb9a,L1,Profile
3f69db38-9a63-40b8-9e1f-9b614d73bb9a,L1,Profile
3f69db38-9a63-40b8-9e1f-9b614d73bb9a,L1,Profile
3f69db38-9a63-40b8-9e1f-9b614d73bb9a,L1,Profile
3f69db38-9a63-40b8-9e1f-9b614d73bb9a,L1,Profile
3f69db38-9a63-40b8-9e1f-9b614d73bb9a,L1,Profile
3f69db38-9a63-40b8-9e1f-9b614d73bb9a,L1,Profile
3f69db38-9a63-40b8-9e1f-9b614d73bb9a,L1,Profile
3f69db38-9a63-40b8-9e1f-9b614d73bb9a,L1,Profile
3f69db38-9a63-40b8-9e1f-9b614d73bb9a,L1,Profile
3f69db38-9a63-40b8-9e1f-9b614d73bb9a,L1,Profile
3f69db38-9a63-40b8-9e1f-9b614d73bb9a,L1,Profile
3f69db38-9a63-40b8-9e1f-9b614d73bb9a,L1,Profile
3f69db38-9a63-40b8-9e1f-9b614d73bb9a,L1,Profile
3f69db38-9a63-40b8-9e1f-9b614d73bb9a,L1,Profile
3f69db38-9a63-40b8-9e1f-9b614d73bb9a,L1,Profile
3f69db38-9a63-40b8-9e1f-9b614d73bb9a,L1,Profile
3f69db38-9a63-40b8-9e1f-9b614d73bb9a,L1,Profile
3f69db38-9a63-40b8-9e1f-9b614d73bb9a,L1,Profile
3f69db38-9a63-40b8-9e1f-9b614d73bb9a,L1,Profile
3f69db38-9a63-40b8-9e1f-9b614d73bb9a,L1,Profile
3f69db38-9a63-40b8-9e1f-9b614d73bb9a,L1,Profile
3f69db38-9a63-40b8-9e1f-9b614d73bb9a,L1,Profile
3f69db38-9a63-40b8-9e1f-9b614d73bb9a,L1,Profile
3f69db38-9a63-40b8-9e1f-9b614d73bb9a,L1,Profile
3f69db38-9a63-40b8-9e1f-9b614d73bb9a,L1,Profile
3f69db38-9a63-40b8-9e1f-9b614d73bb9a,L1,Profile
3f69db38-9a63-40b8-9e1f-9b614d73bb9a,L1,Profile
3f69db38-9a63-40b8-9e1f-9b614d73bb9a,L1,Profile
3f69db38-9a63-40b8-9e1f-9b614d73bb9a,L1,Profile
3f69db38-9a63-40b8-9e1f-9b614d73bb9a,L1,Profile
3f69db38-9a63-40b8-9e1f-9b614d73bb9a,L1,Profile
3f69db38-9a63-40b8-9e1f-9b614d73bb9a,L1,Profile
3f69db38-9a63-40b8-9e1f-9b614d73bb9a,L1,Profile
3f69db38-9a63-40b8-9e1f-9b614d73bb9a,L1,Profile
3f69db38-9a63-40b8-9e1f-9b614d73bb9a,L1,Profile
3f69db38-9a63-40b8-9e1f-9b614d73bb9a,L1,Profile
3f69db38-9a63-40b8-9e1f-9b614d73bb9a,L1,Profile
3f69db38-9a63-40b8-9e1f-9b614d73bb9a,L1,Profile
3f69db38-9a63-40b8-9e1f-9b614d73bb9a,L1,Profile
3f69db38-9a63-40b8-9e1f-9b614d73bb9a,L1,Profile
3f69db38-9a63-40b8-9e1f-9b614d73bb9a,L1,Profile
3f69db38-9a63-40b8-9e1f-9b614d73bb9a,L1,Profile
3f69db38-9a63-40b8-9e1f-9b614d73bb9a,L1,Profile
3f69db38-9a63-40b8-9e1f-9b614d73bb9a,L1,Profile
3f69db38-9a63-40b8-9e1f-9b614d73bb9a,L1,Profile
3f69db38-9a63-40b8-9e1f-9b614d73bb9a,L1,Profile
3f69db38-9a63-40b8-9e1f-9b614d73bb9a,L1,Profile
3f69db38-9a63-40b8-9e1f-9b614d73bb9a,L1,Profile
3f69db38-9a63-40b8-9e1f-9b614d73bb9a,L1,Profile
3f69db38-9a63-40b8-9e1f-9b614d73bb9a,L1,Profile
3f69db38-9a63-40b8-9e1f-9b614d73bb9a,L1,Profile
3f69db38-9a63-40b8-9e1f-9b614d73bb9a,L1,Profile
3f69db38-9a63-40b8-9e1f-9b614d73bb9a,L1,Profile
3f69db38-9a63-40b8-9e1f-9b614d73bb9a,L1,Profile
3f69db38-9a63-40b8-9e1f-9b614d73bb9a,L1,Profile
3f69db38-9a63-40b8-9e1f-9b614d73bb9a,L1,Profile
3f69db38-9a63-40b8-9e1f-9b614d73bb9a,L1,Profile
3f69db38-9a63-40b8-9e1f-9b614d73bb9a,L1,Profile
3f69db38-9a63-40b8-9e1f-9b614d73bb9a,L1,Profile
3f69db38-9a63-40b8-9e1f-9b614d73bb9a,L1,Profile
3f69db38-9a63-40b8-9e1f-9b614d73bb9a,L1,Profile
3f69db38-9a63-40b8-9e1f-9b614d73bb9a,L1,Profile
3f69db38-9a63-40b8-9e1f-9b614d73bb9a,L1,Profile
3f69db38-9a63-40b8-9e1f-9b614d73bb9a,L1,Profile
3f69db38-9a63-40b8-9e1f-9b614d73bb9a,L1,Profile
3f69db38-9a63-40b8-9e1f-9b614d73bb9a,L1,Profile
3f69db38-9a63-40b8-9e1f-9b614d73bb9a,L1,Profile
3f69db38-9a63-40b8-9e1f-9b614d73bb9a,L1,Profile
3f69db38-9a63-40b8-9e1f-9b614d73bb9a,L1,Profile
3f69db38-9a63-40b8-9e1f-9b614d73bb9a,L1,Profile
3f69db38-9a63-40b8-9e1f-9b614d73bb9a,L1,Profile
3f69db38-9a63-40b8-9e1f-9b614d73bb9a,L1,Profile
3f69db38-9a63-40b8-9e1f-9b614d73bb9a,L1,Profile
3f69db38-9a63-40b8-9e1f-9b614d73bb9a,L1,Profile
3f69db38-9a63-40b8-9e1f-9b614d73bb9a,L1,Profile
3f69db38-9a63-40b8-9e1f-9b614d73bb9a,L1,Profile
3f69db38-9a63-40b8-9e1f-9b614d73bb9a,L1,Profile
3f69db38-9a63-40b8-9e1f-9b614d73bb9a,L1,Profile
3f69db38-9a63-40b8-9e1f-9b614d73bb9a,L1,Profile
3f69db38-9a63-40b8-9e1f-9b614d73bb9a,L1,Profile
3f69db38-9a63-40b8-9e1f-9b614d73bb9a,L1,Profile
3f69db38-9a63-40b8-9e1f-9b614d73bb9a,L1,Profile
3f69db38-9a63-40b8-9e1f-9b614d73bb9a,L1,Profile
3f69db38-9a63-40b8-9e1f-9b614d73bb9a,L1,Profile
3f69db38-9a63-40b8-9e1f-9b614d73bb9a,L1,Profile
3f69db38-9a63-40b8-9e1f-9b614d73bb9a,L1,Profile
3f69db38-9a63-40b8-9e1f-9b614d73bb9a,L1,Profile
3f69db38-9a63-40b8-9e1f-9b614d73bb9a,L1,Profile
3f69db38-9a63-40b8-9e1f-9b614d73bb9a,L1,Profile
3f69db38-9a63-40b8-9e1f-9b614d73bb9a,L1,Profile
3f69db38-9a63-40b8-9e1f-9b614d73bb9a,L1,Profile
3f69db38-9a63-40b8-9e1f-9b614d73bb9a,L1,Profile
3f69db38-9a63-40b8-9e1f-9b614d73bb9a,L1,Profile
3f69db38-9a63-40b8-9e1f-9b614d73bb9a,L1,Profile
3f69db38-9a63-40b8-9e1f-9b614d73bb9a,L1,Profile
3f69db38-9a63-40b8-9e1f-9b614d73bb9a,L1,Profile
3f69db38-9a63-40b8-9e1f-9b614d73bb9a,L1,Profile
3f69db38-9a63-40b8-9e1f-9b614d73bb9a,L1,Profile
3f69db38-9a63-40b8-9e1f-9b614d73bb9a,L1,Profile
3f69db38-9a63-40b8-9e1f-9b614d73bb9a,L1,Profile
3f69db38-9a63-40b8-9e1f-9b614d73bb9a,L1,Profile
3f69db38-9a63-40b8-9e1f-9b614d73bb9a,L1,Profile
3f69db38-9a63-40b8-9e1f-9b614d73bb9a,L1,Profile
3f69db38-9a63-40b8-9e1f-9b614d73bb9a,L1,Profile
3f69db38-9a63-40b8-9e1f-9b614d73bb9a,L1,Profile
3f69db38-9a63-40b8-9e1f-9b614d73bb9a,L1,Profile
3f69db38-9a63-40b8-9e1f-9b614d73bb9a,L1,Profile
3f69db38-9a63-40b8-9e1f-9b614d73bb9a,L1,Profile
3f69db38-9a63-40b8-9e1f-9b614d73bb9a,L1,Profile
3f69db38-9a63-40b8-9e1f-9b614d73bb9a,L1,Profile
3f69db38-9a63-40b8-9e1f-9b614d73bb9a,L1,Profile
3f69db38-9a63-40b8-9e1f-9b614d73bb9a,L1,Profile
3f69db38-9a63-40b8-9e1f-9b614d73bb9a,L1,Profile
3f69db38-9a63-40b8-9e1f-9b614d73bb9a,L1,Profile
3f69db38-9a63-40b8-9e1f-9b614d73bb9a,L1,Profile
3f69db38-9a63-40b8-9e1f-9b614d73bb9a,L1,Profile
3f69db38-9a63-40b8-9e1f-9b614d73bb9a,L1,Profile
3f69db38-9a63-40b8-9e1f-9b614d73bb9a,L1,Profile
3f69db38-9a63-40b8-9e1f-9b614d73bb9a,L1,Profile
3f69db38-9a63-40b8-9e1f-9b614d73bb9a,L1,Profile
3f69db38-9a63-40b8-9e1f-9b614d73bb9a,L1,Profile
3f69db38-9a63-40b8-9e1f-9b614d73bb9a,L1,Profile
3f69db38-9a63-40b8-9e1f-9b614d73bb9a,L1,Profile
3f69db38-9a63-40b8-9e1f-9b614d73bb9a,L1,Profile
3f69db38-9a63-40b8-9e1f-9b614d73bb9a,L1,Profile
3f69db38-9a63-40b8-9e1f-9b614d73bb9a,L1,Profile
3f69db38-9a63-40b8-9e1f-9b614d73bb9a,L1,Profile
3f69db38-9a63-40b8-9e1f-9b614d73bb9a,L1,Profile
3f69db38-9a63-40b8-9e1f-9b614d73bb9a,L1,Profile
3f69db38-9a63-40b8-9e1f-9b614d73bb9a,L1,Profile
3f69db38-9a63-40b8-9e1f-9b614d73bb9a,L1,Profile
3f69db38-9a63-40b8-9e1f-9b614d73bb9a,L1,Profile
3f69db38-9a63-40b8-9e1f-9b614d73bb9a,L1,Profile
3f69db38-9a63-40b8-9e1f-9b614d73bb9a,L1,Profile
3f69db38-9a63-40b8-9e1f-9b614d73bb9a,L1,Profile
3f69db38-9a63-40b8-9e1f-9b614d73bb9a,L1,Profile
3f69db38-9a63-40b8-9e1f-9b614d73bb9a,L1,Profile
3f69db38-9a63-40b8-9e1f-9b614d73bb9a,L1,Profile
3f69db38-9a63-40b8-9e1f-9b614d73bb9a,L1,Profile
3f69db38-9a63-40b8-9e1f-9b614d73bb9a,L1,Profile
3f69db38-9a63-40b8-9e1f-9b614d73bb9a,L1,Profile
3f69db38-9a63-40b8-9e1f-9b614d73bb9a,L1,Profile
3f69db38-9a63-40b8-9e1f-9b614d73bb9a,L1,Profile
3f69db38-9a63-40b8-9e1f-9b614d73bb9a,L1,Profile
3f69db38-9a63-40b8-9e1f-9b614d73bb9a,L1,Profile
3f69db38-9a63-40b8-9e1f-9b614d73bb9a,L1,Profile
3f69db38-9a63-40b8-9e1f-9b614d73bb9a,L1,Profile
3f69db38-9a63-40b8-9e1f-9b614d73bb9a,L1,Profile
3f69db38-9a63-40b8-9e1f-9b614d73bb9a,L1,Profile
3f69db38-9a63-40b8-9e1f-9b614d73bb9a,L1,Profile
3f69db38-9a63-40b8-9e1f-9b614d73bb9a,L1,Profile
3f69db38-9a63-40b8-9e1f-9b614d73bb9a,L1,Profile
3f69db38-9a63-40b8-9e1f-9b614d73bb9a,L1,Profile
3f69db38-9a63-40b8-9e1f-9b614d73bb9a,L1,Profile
3f69db38-9a63-40b8-9e1f-9b614d73bb9a,L1,Profile
3f69db38-9a63-40b8-9e1f-9b614d73bb9a,L1,Profile
3f69db38-9a63-40b8-9e1f-9b614d73bb9a,L1,Profile
3f69db38-9a63-40b8-9e1f-9b614d73bb9a,L1,Profile
3f69db38-9a63-40b8-9e1f-9b614d73bb9a,L1,Profile
3f69db38-9a63-40b8-9e1f-9b614d73bb9a,L1,Profile
3f69db38-9a63-40b8-9e1f-9b614d73bb9a,L1,Profile
3f69db38-9a63-40b8-9e1f-9b614d73bb9a,L1,Profile
3f69db38-9a63-40b8-9e1f-9b614d73bb9a,L1,Profile
3f69db38-9a63-40b8-9e1f-9b614d73bb9a,L1,Profile
3f69db38-9a63-40b8-9e1f-9b614d73bb9a,L1,Profile
3f69db38-9a63-40b8-9e1f-9b614d73bb9a,L1,Profile
3f69db38-9a63-40b8-9e1f-9b614d73bb9a,L1,Profile
3f69db38-9a63-40b8-9e1f-9b614d73bb9a,L1,Profile
3f69db38-9a63-40b8-9e1f-9b614d73bb9a,L1,Profile
3f69db38-9a63-40b8-9e1f-9b614d73bb9a,L1,Profile
3f69db38-9a63-40b8-9e1f-9b614d73bb9a,L1,Profile
3f69db38-9a63-40b8-9e1f-9b614d73bb9a,L1,Profile
3f69db38-9a63-40b8-9e1f-9b614d73bb9a,L1,Profile
3f69db38-9a63-40b8-9e1f-9b614d73bb9a,L1,Profile
3f69db38-9a63-40b8-9e1f-9b614d73bb9a,L1,Profile
3f69db38-9a63-40b8-9e1f-9b614d73bb9a,L1,Profile
3f69db38-9a63-40b8-9e1f-9b614d73bb9a,L1,Profile
3f69db38-9a63-40b8-9e1f-9b614d73bb9a,L1,Profile
3f69db38-9a63-40b8-9e1f-9b614d73bb9a,L1,Profile
3f69db38-9a63-40b8-9e1f-9b614d73bb9a,L1,Profile
3f69db38-9a63-40b8-9e1f-9b614d73bb9a,L1,Profile
3f69db38-9a63-40b8-9e1f-9b614d73bb9a,L1,Profile
3f69db38-9a63-40b8-9e1f-9b614d73bb9a,L1,Profile
3f69db38-9a63-40b8-9e1f-9b614d73bb9a,L1,Profile
3f69db38-9a63-40b8-9e1f-9b614d73bb9a,L1,Profile
3f69db38-9a63-40b8-9e1f-9b614d73bb9a,L1,Profile
3f69db38-9a63-40b8-9e1f-9b614d73bb9a,L1,Profile
3f69db38-9a63-40b8-9e1f-9b614d73bb9a,L1,Profile
3f69db38-9a63-40b8-9e1f-9b614d73bb9a,L1,Profile
3f69db38-9a63-40b8-9e1f-9b614d73bb9a,L1,Profile
3f69db38-9a63-40b8-9e1f-9b614d73bb9a,L1,Profile
3f69db38-9a63-40b8-9e1f-9b614d73bb9a,L1,Profile
3f69db38-9a63-40b8-9e1f-9b614d73bb9a,L1,Profile
3f69db38-9a63-40b8-9e1f-9b614d73bb9a,L1,Profile
3f69db38-9a63-40b8-9e1f-9b614d73bb9a,L1,Profile
3f69db38-9a63-40b8-9e1f-9b614d73bb9a,L1,Profile
3f69db38-9a63-40b8-9e1f-9b614d73bb9a,L1,Profile
3f69db38-9a63-40b8-9e1f-9b614d73bb9a,L1,Profile
3f69db38-9a63-40b8-9e1f-9b614d73bb9a,L1,Profile
3f69db38-9a63-40b8-9e1f-9b614d73bb9a,L1,Profile
3f69db38-9a63-40b8-9e1f-9b614d73bb9a,L1,Profile
3f69db38-9a63-40b8-9e1f-9b614d73bb9a,L1,Profile
3f69db38-9a63-40b8-9e1f-9b614d73bb9a,L1,Profile
3f69db38-9a63-40b8-9e1f-9b614d73bb9a,L1,Profile
3f69db38-9a63-40b8-9e1f-9b614d73bb9a,L1,Profile
3f69db38-9a63-40b8-9e1f-9b614d73bb9a,L1,Profile
3f69db38-9a63-40b8-9e1f-9b614d73bb9a,L1,Profile
3f69db38-9a63-40b8-9e1f-9b614d73bb9a,L1,Profile
3f69db38-9a63-40b8-9e1f-9b614d73bb9a,L1,Profile
3f69db38-9a63-40b8-9e1f-9b614d73bb9a,L1,Profile
3f69db38-9a63-40b8-9e1f-9b614d73bb9a,L1,Profile
3f69db38-9a63-40b8-9e1f-9b614d73bb9a,L1,Profile
3f69db38-9a63-40b8-9e1f-9b614d73bb9a,L1,Profile
3f69db38-9a63-40b8-9e1f-9b614d73bb9a,L1,Profile
3f69db38-9a63-40b8-9e1f-9b614d73bb9a,L1,Profile
3f69db38-9a63-40b8-9e1f-9b614d73bb9a,L1,Profile
3f69db38-9a63-40b8-9e1f-9b614d73bb9a,L1,Profile
3f69db38-9a63-40b8-9e1f-9b614d73bb9a,L1,Profile
3f69db38-9a63-40b8-9e1f-9b614d73bb9a,L1,Profile
3f69db38-9a63-40b8-9e1f-9b614d73bb9a,L1,Profile
3f69db38-9a63-40b8-9e1f-9b614d73bb9a,L1,Profile
3f69db38-9a63-40b8-9e1f-9b614d73bb9a,L1,Profile
3f69db38-9a63-40b8-9e1f-9b614d73bb9a,L1,Profile
3f69db38-9a63-40b8-9e1f-9b614d73bb9a,L1,Profile
3f69db38-9a63-40b8-9e1f-9b614d73bb9a,L1,Profile
3f69db38-9a63-40b8-9e1f-9b614d73bb9a,L1,Profile
3f69db38-9a63-40b8-9e1f-9b614d73bb9a,L1,Profile
3f69db38-9a63-40b8-9e1f-9b614d73bb9a,L1,Profile
3f69db38-9a63-40b8-9e1f-9b614d73bb9a,L1,Profile
3f69db38-9a63-40b8-9e1f-9b614d73bb9a,L1,Profile
3f69db38-9a63-40b8-9e1f-9b614d73bb9a,L1,Profile
3f69db38-9a63-40b8-9e1f-9b614d73bb9a,L1,Profile
3f69db38-9a63-40b8-9e1f-9b614d73bb9a,L1,Profile
3f69db38-9a63-40b8-9e1f-9b614d73bb9a,L1,Profile
3f69db38-9a63-40b8-9e1f-9b614d73bb9a,L1,Profile
3f69db38-9a63-40b8-9e1f-9b614d73bb9a,L1,Profile
3f69db38-9a63-40b8-9e1f-9b614d73bb9a,L1,Profile
3f69db38-9a63-40b8-9e1f-9b614d73bb9a,L1,Profile
3f69db38-9a63-40b8-9e1f-9b614d73bb9a,L1,Profile
3f69db38-9a63-40b8-9e1f-9b614d73bb9a,L1,Profile
3f69db38-9a63-40b8-9e1f-9b614d73bb9a,L1,Profile
3f69db38-9a63-40b8-9e1f-9b614d73bb9a,L1,Profile
3f69db38-9a63-40b8-9e1f-9b614d73bb9a,L1,Profile
3f69db38-9a63-40b8-9e1f-9b614d73bb9a,L1,Profile
3f69db38-9a63-40b8-9e1f-9b614d73bb9a,L1,Profile
3f69db38-9a63-40b8-9e1f-9b614d73bb9a,L1,Profile
3f69db38-9a63-40b8-9e1f-9b614d73bb9a,L1,Profile
3f69db38-9a63-40b8-9e1f-9b614d73bb9a,L1,Profile
3f69db38-9a63-40b8-9e1f-9b614d73bb9a,L1,Profile
3f69db38-9a63-40b8-9e1f-9b614d73bb9a,L1,Profile
3f69db38-9a63-40b8-9e1f-9b614d73bb9a,L1,Profile
3f69db38-9a63-40b8-9e1f-9b614d73bb9a,L1,Profile
3f69db38-9a63-40b8-9e1f-9b614d73bb9a,L1,Profile
3f69db38-9a63-40b8-9e1f-9b614d73bb9a,L1,Profile
3f69db38-9a63-40b8-9e1f-9b614d73bb9a,L1,Profile
3f69db38-9a63-40b8-9e1f-9b614d73bb9a,L1,Profile
3f69db38-9a63-40b8-9e1f-9b614d73bb9a,L1,Profile
3f69db38-9a63-40b8-9e1f-9b614d73bb9a,L1,Profile
3f69db38-9a63-40b8-9e1f-9b614d73bb9a,L1,Profile
3f69db38-9a63-40b8-9e1f-9b614d73bb9a,L1,Profile
3f69db38-9a63-40b8-9e1f-9b614d73bb9a,L1,Profile
3f69db38-9a63-40b8-9e1f-9b614d73bb9a,L1,Profile
3f69db38-9a63-40b8-9e1f-9b614d73bb9a,L1,Profile
3f69db38-9a63-40b8-9e1f-9b614d73bb9a,L1,Profile
3f69db38-9a63-40b8-9e1f-9b614d73bb9a,L1,Profile
3f69db38-9a63-40b8-9e1f-9b614d73bb9a,L1,Profile
3f69db38-9a63-40b8-9e1f-9b614d73bb9a,L1,Profile
3f69db38-9a63-40b8-9e1f-9b614d73bb9a,L1,Profile
3f69db38-9a63-40b8-9e1f-9b614d73bb9a,L1,Profile
3f69db38-9a63-40b8-9e1f-9b614d73bb9a,L1,Profile
3f69db38-9a63-40b8-9e1f-9b614d73bb9a,L1,Profile
3f69db38-9a63-40b8-9e1f-9b614d73bb9a,L1,Profile
3f69db38-9a63-40b8-9e1f-9b614d73bb9a,L1,Profile
3f69db38-9a63-40b8-9e1f-9b614d73bb9a,L1,Profile
3f69db38-9a63-40b8-9e1f-9b614d73bb9a,L1,Profile
3f69db38-9a63-40b8-9e1f-9b614d73bb9a,L1,Profile
3f69db38-9a63-40b8-9e1f-9b614d73bb9a,L1,Profile
3f69db38-9a63-40b8-9e1f-9b614d73bb9a,L1,Profile
3f69db38-9a63-40b8-9e1f-9b614d73bb9a,L1,Profile
3f69db38-9a63-40b8-9e1f-9b614d73bb9a,L1,Profile
3f69db38-9a63-40b8-9e1f-9b614d73bb9a,L1,Profile
3f69db38-9a63-40b8-9e1f-9b614d73bb9a,L1,Profile
3f69db38-9a63-40b8-9e1f-9b614d73bb9a,L1,Profile
3f69db38-9a63-40b8-9e1f-9b614d73bb9a,L1,Profile
3f69db38-9a63-40b8-9e1f-9b614d73bb9a,L1,Profile
3f69db38-9a63-40b8-9e1f-9b614d73bb9a,L1,Profile
3f69db38-9a63-40b8-9e1f-9b614d73bb9a,L1,Profile
3f69db38-9a63-40b8-9e1f-9b614d73bb9a,L1,Profile
3f69db38-9a63-40b8-9e1f-9b614d73bb9a,L1,Profile
3f69db38-9a63-40b8-9e1f-9b614d73bb9a,L1,Profile
3f69db38-9a63-40b8-9e1f-9b614d73bb9a,L1,Profile
3f69db38-9a63-40b8-9e1f-9b614d73bb9a,L1,Profile
3f69db38-9a63-40b8-9e1f-9b614d73bb9a,L1,Profile
3f69db38-9a63-40b8-9e1f-9b614d73bb9a,L1,Profile
3f69db38-9a63-40b8-9e1f-9b614d73bb9a,L1,Profile
3f69db38-9a63-40b8-9e1f-9b614d73bb9a,L1,Profile
3f69db38-9a63-40b8-9e1f-9b614d73bb9a,L1,Profile
3f69db38-9a63-40b8-9e1f-9b614d73bb9a,L1,Profile
3f69db38-9a63-40b8-9e1f-9b614d73bb9a,L1,Profile
3f69db38-9a63-40b8-9e1f-9b614d73bb9a,L1,Profile
3f69db38-9a63-40b8-9e1f-9b614d73bb9a,L1,Profile
3f69db38-9a63-40b8-9e1f-9b614d73bb9a,L1,Profile
3f69db38-9a63-40b8-9e1f-9b614d73bb9a,L1,Profile
3f69db38-9a63-40b8-9e1f-9b614d73bb9a,L1,Profile
3f69db38-9a63-40b8-9e1f-9b614d73bb9a,L1,Profile
3f69db38-9a63-40b8-9e1f-9b614d73bb9a,L1,Profile
3f69db38-9a63-40b8-9e1f-9b614d73bb9a,L1,Profile
3f69db38-9a63-40b8-9e1f-9b614d73bb9a,L1,Profile
3f69db38-9a63-40b8-9e1f-9b614d73bb9a,L1,Profile
3f69db38-9a63-40b8-9e1f-9b614d73bb9a,L1,Profile
3f69db38-9a63-40b8-9e1f-9b614d73bb9a,L1,Profile
3f69db38-9a63-40b8-9e1f-9b614d73bb9a,L1,Profile
3f69db38-9a63-40b8-9e1f-9b614d73bb9a,L1,Profile
3f69db38-9a63-40b8-9e1f-9b614d73bb9a,L1,Profile
3f69db38-9a63-40b8-9e1f-9b614d73bb9a,L1,Profile
3f69db38-9a63-40b8-9e1f-9b614d73bb9a,L1,Profile
3f69db38-9a63-40b8-9e1f-9b614d73bb9a,L1,Profile
3f69db38-9a63-40b8-9e1f-9b614d73bb9a,L1,Profile
3f69db38-9a63-40b8-9e1f-9b614d73bb9a,L1,Profile
3f69db38-9a63-40b8-9e1f-9b614d73bb9a,L1,Profile
3f69db38-9a63-40b8-9e1f-9b614d73bb9a,L1,Profile
3f69db38-9a63-40b8-9e1f-9b614d73bb9a,L1,Profile
3f69db38-9a63-40b8-9e1f-9b614d73bb9a,L1,Profile
3f69db38-9a63-40b8-9e1f-9b614d73bb9a,L1,Profile
3f69db38-9a63-40b8-9e1f-9b614d73bb9a,L1,Profile
3f69db38-9a63-40b8-9e1f-9b614d73bb9a,L1,Profile
3f69db38-9a63-40b8-9e1f-9b614d73bb9a,L1,Profile
3f69db38-9a63-40b8-9e1f-9b614d73bb9a,L1,Profile
3f69db38-9a63-40b8-9e1f-9b614d73bb9a,L1,Profile
3f69db38-9a63-40b8-9e1f-9b614d73bb9a,L1,Profile
3f69db38-9a63-40b8-9e1f-9b614d73bb9a,L1,Profile
3f69db38-9a63-40b8-9e1f-9b614d73bb9a,L1,Profile
3f69db38-9a63-40b8-9e1f-9b614d73bb9a,L1,Profile
3f69db38-9a63-40b8-9e1f-9b614d73bb9a,L1,Profile
3f69db38-9a63-40b8-9e1f-9b614d73bb9a,L1,Profile
3f69db38-9a63-40b8-9e1f-9b614d73bb9a,L1,Profile
3f69db38-9a63-40b8-9e1f-9b614d73bb9a,L1,Profile
3f69db38-9a63-40b8-9e1f-9b614d73bb9a,L1,Profile
3f69db38-9a63-40b8-9e1f-9b614d73bb9a,L1,Profile
3f69db38-9a63-40b8-9e1f-9b614d73bb9a,L1,Profile
3f69db38-9a63-40b8-9e1f-9b614d73bb9a,L1,Profile
3f69db38-9a63-40b8-9e1f-9b614d73bb9a,L1,Profile
3f69db38-9a63-40b8-9e1f-9b614d73bb9a,L1,Profile
3f69db38-9a63-40b8-9e1f-9b614d73bb9a,L1,Profile
3f69db38-9a63-40b8-9e1f-9b614d73bb9a,L1,Profile
3f69db38-9a63-40b8-9e1f-9b614d73bb9a,L1,Profile
3f69db38-9a63-40b8-9e1f-9b614d73bb9a,L1,Profile
3f69db38-9a63-40b8-9e1f-9b614d73bb9a,L1,Profile
3f69db38-9a63-40b8-9e1f-9b614d73bb9a,L1,Profile
3f69db38-9a63-40b8-9e1f-9b614d73bb9a,L1,Profile
3f69db38-9a63-40b8-9e1f-9b614d73bb9a,L1,Profile
3f69db38-9a63-40b8-9e1f-9b614d73bb9a,L1,Profile
3f69db38-9a63-40b8-9e1f-9b614d73bb9a,L1,Profile
3f69db38-9a63-40b8-9e1f-9b614d73bb9a,L1,Profile
3f69db38-9a63-40b8-9e1f-9b614d73bb9a,L1,Profile
3f69db38-9a63-40b8-9e1f-9b614d73bb9a,L1,Profile
3f69db38-9a63-40b8-9e1f-9b614d73bb9a,L1,Profile
3f69db38-9a63-40b8-9e1f-9b614d73bb9a,L1,Profile
3f69db38-9a63-40b8-9e1f-9b614d73bb9a,L1,Profile
3f69db38-9a63-40b8-9e1f-9b614d73bb9a,L1,Profile
3f69db38-9a63-40b8-9e1f-9b614d73bb9a,L1,Profile
3f69db38-9a63-40b8-9e1f-9b614d73bb9a,L1,Profile
3f69db38-9a63-40b8-9e1f-9b614d73bb9a,L1,Profile
3f69db38-9a63-40b8-9e1f-9b614d73bb9a,L1,Profile
3f69db38-9a63-40b8-9e1f-9b614d73bb9a,L1,Profile
3f69db38-9a63-40b8-9e1f-9b614d73bb9a,L1,Profile
3f69db38-9a63-40b8-9e1f-9b614d73bb9a,L1,Profile
3f69db38-9a63-40b8-9e1f-9b614d73bb9a,L1,Profile
3f69db38-9a63-40b8-9e1f-9b614d73bb9a,L1,Profile
3f69db38-9a63-40b8-9e1f-9b614d73bb9a,L1,Profile
3f69db38-9a63-40b8-9e1f-9b614d73bb9a,L1,Profile
3f69db38-9a63-40b8-9e1f-9b614d73bb9a,L1,Profile
3f69db38-9a63-40b8-9e1f-9b614d73bb9a,L1,Profile
3f69db38-9a63-40b8-9e1f-9b614d73bb9a,L1,Profile
3f69db38-9a63-40b8-9e1f-9b614d73bb9a,L1,Profile
3f69db38-9a63-40b8-9e1f-9b614d73bb9a,L1,Profile
3f69db38-9a63-40b8-9e1f-9b614d73bb9a,L1,Profile
3f69db38-9a63-40b8-9e1f-9b614d73bb9a,L1,Profile
3f69db38-9a63-40b8-9e1f-9b614d73bb9a,L1,Profile
3f69db38-9a63-40b8-9e1f-9b614d73bb9a,L1,Profile
3f69db38-9a63-40b8-9e1f-9b614d73bb9a,L1,Profile
3f69db38-9a63-40b8-9e1f-9b614d73bb9a,L1,Profile
3f69db38-9a63-40b8-9e1f-9b614d73bb9a,L1,Profile
3f69db38-9a63-40b8-9e1f-9b614d73bb9a,L1,Profile
3f69db38-9a63-40b8-9e1f-9b614d73bb9a,L1,Profile
3f69db38-9a63-40b8-9e1f-9b614d73bb9a,L1,Profile
3f69db38-9a63-40b8-9e1f-9b614d73bb9a,L1,Profile
3f69db38-9a63-40b8-9e1f-9b614d73bb9a,L1,Profile
3f69db38-9a63-40b8-9e1f-9b614d73bb9a,L1,Profile
3f69db38-9a63-40b8-9e1f-9b614d73bb9a,L1,Profile
3f69db38-9a63-40b8-9e1f-9b614d73bb9a,L1,Profile
3f69db38-9a63-40b8-9e1f-9b614d73bb9a,L1,Profile
3f69db38-9a63-40b8-9e1f-9b614d73bb9a,L1,Profile
3f69db38-9a63-40b8-9e1f-9b614d73bb9a,L1,Profile
3f69db38-9a63-40b8-9e1f-9b614d73bb9a,L1,Profile
3f69db38-9a63-40b8-9e1f-9b614d73bb9a,L1,Profile
3f69db38-9a63-40b8-9e1f-9b614d73bb9a,L1,Profile
3f69db38-9a63-40b8-9e1f-9b614d73bb9a,L1,Profile
3f69db38-9a63-40b8-9e1f-9b614d73bb9a,L1,Profile
3f69db38-9a63-40b8-9e1f-9b614d73bb9a,L1,Profile
3f69db38-9a63-40b8-9e1f-9b614d73bb9a,L1,Profile
3f69db38-9a63-40b8-9e1f-9b614d73bb9a,L1,Profile
3f69db38-9a63-40b8-9e1f-9b614d73bb9a,L1,Profile
3f69db38-9a63-40b8-9e1f-9b614d73bb9a,L1,Profile
3f69db38-9a63-40b8-9e1f-9b614d73bb9a,L1,Profile
3f69db38-9a63-40b8-9e1f-9b614d73bb9a,L1,Profile
3f69db38-9a63-40b8-9e1f-9b614d73bb9a,L1,Profile
3f69db38-9a63-40b8-9e1f-9b614d73bb9a,L1,Profile
3f69db38-9a63-40b8-9e1f-9b614d73bb9a,L1,Profile
3f69db38-9a63-40b8-9e1f-9b614d73bb9a,L1,Profile
3f69db38-9a63-40b8-9e1f-9b614d73bb9a,L1,Profile
3f69db38-9a63-40b8-9e1f-9b614d73bb9a,L1,Profile
3f69db38-9a63-40b8-9e1f-9b614d73bb9a,L1,Profile
3f69db38-9a63-40b8-9e1f-9b614d73bb9a,L1,Profile
3f69db38-9a63-40b8-9e1f-9b614d73bb9a,L1,Profile
3f69db38-9a63-40b8-9e1f-9b614d73bb9a,L1,Profile
3f69db38-9a63-40b8-9e1f-9b614d73bb9a,L1,Profile
3f69db38-9a63-40b8-9e1f-9b614d73bb9a,L1,Profile
3f69db38-9a63-40b8-9e1f-9b614d73bb9a,L1,Profile
3f69db38-9a63-40b8-9e1f-9b614d73bb9a,L1,Profile
3f69db38-9a63-40b8-9e1f-9b614d73bb9a,L1,Profile
3f69db38-9a63-40b8-9e1f-9b614d73bb9a,L1,Profile
3f69db38-9a63-40b8-9e1f-9b614d73bb9a,L1,Profile
3f69db38-9a63-40b8-9e1f-9b614d73bb9a,L1,Profile
3f69db38-9a63-40b8-9e1f-9b614d73bb9a,L1,Profile
3f69db38-9a63-40b8-9e1f-9b614d73bb9a,L1,Profile
3f69db38-9a63-40b8-9e1f-9b614d73bb9a,L1,Profile
3f69db38-9a63-40b8-9e1f-9b614d73bb9a,L1,Profile
3f69db38-9a63-40b8-9e1f-9b614d73bb9a,L1,Profile
3f69db38-9a63-40b8-9e1f-9b614d73bb9a,L1,Profile
3f69db38-9a63-40b8-9e1f-9b614d73bb9a,L1,Profile
3f69db38-9a63-40b8-9e1f-9b614d73bb9a,L1,Profile
3f69db38-9a63-40b8-9e1f-9b614d73bb9a,L1,Profile
3f69db38-9a63-40b8-9e1f-9b614d73bb9a,L1,Profile
3f69db38-9a63-40b8-9e1f-9b614d73bb9a,L1,Profile
3f69db38-9a63-40b8-9e1f-9b614d73bb9a,L1,Profile
3f69db38-9a63-40b8-9e1f-9b614d73bb9a,L1,Profile
3f69db38-9a63-40b8-9e1f-9b614d73bb9a,L1,Profile
3f69db38-9a63-40b8-9e1f-9b614d73bb9a,L1,Profile
3f69db38-9a63-40b8-9e1f-9b614d73bb9a,L1,Profile
3f69db38-9a63-40b8-9e1f-9b614d73bb9a,L1,Profile
3f69db38-9a63-40b8-9e1f-9b614d73bb9a,L1,Profile
3f69db38-9a63-40b8-9e1f-9b614d73bb9a,L1,Profile
3f69db38-9a63-40b8-9e1f-9b614d73bb9a,L1,Profile
3f69db38-9a63-40b8-9e1f-9b614d73bb9a,L1,Profile
3f69db38-9a63-40b8-9e1f-9b614d73bb9a,L1,Profile
3f69db38-9a63-40b8-9e1f-9b614d73bb9a,L1,Profile
3f69db38-9a63-40b8-9e1f-9b614d73bb9a,L1,Profile
3f69db38-9a63-40b8-9e1f-9b614d73bb9a,L1,Profile
3f69db38-9a63-40b8-9e1f-9b614d73bb9a,L1,Profile
3f69db38-9a63-40b8-9e1f-9b614d73bb9a,L1,Profile
3f69db38-9a63-40b8-9e1f-9b614d73bb9a,L1,Profile
3f69db38-9a63-40b8-9e1f-9b614d73bb9a,L1,Profile
3f69db38-9a63-40b8-9e1f-9b614d73bb9a,L1,Profile
3f69db38-9a63-40b8-9e1f-9b614d73bb9a,L1,Profile
3f69db38-9a63-40b8-9e1f-9b614d73bb9a,L1,Profile
3f69db38-9a63-40b8-9e1f-9b614d73bb9a,L1,Profile
3f69db38-9a63-40b8-9e1f-9b614d73bb9a,L1,Profile
3f69db38-9a63-40b8-9e1f-9b614d73bb9a,L1,Profile
3f69db38-9a63-40b8-9e1f-9b614d73bb9a,L1,Profile
3f69db38-9a63-40b8-9e1f-9b614d73bb9a,L1,Profile
3f69db38-9a63-40b8-9e1f-9b614d73bb9a,L1,Profile
3f69db38-9a63-40b8-9e1f-9b614d73bb9a,L1,Profile
3f69db38-9a63-40b8-9e1f-9b614d73bb9a,L1,Profile
3f69db38-9a63-40b8-9e1f-9b614d73bb9a,L1,Profile
3f69db38-9a63-40b8-9e1f-9b614d73bb9a,L1,Profile
3f69db38-9a63-40b8-9e1f-9b614d73bb9a,L1,Profile
3f69db38-9a63-40b8-9e1f-9b614d73bb9a,L1,Profile
3f69db38-9a63-40b8-9e1f-9b614d73bb9a,L1,Profile
3f69db38-9a63-40b8-9e1f-9b614d73bb9a,L1,Profile
3f69db38-9a63-40b8-9e1f-9b614d73bb9a,L1,Profile
3f69db38-9a63-40b8-9e1f-9b614d73bb9a,L1,Profile
3f69db38-9a63-40b8-9e1f-9b614d73bb9a,L1,Profile
3f69db38-9a63-40b8-9e1f-9b614d73bb9a,L1,Profile
3f69db38-9a63-40b8-9e1f-9b614d73bb9a,L1,Profile
3f69db38-9a63-40b8-9e1f-9b614d73bb9a,L1,Profile
3f69db38-9a63-40b8-9e1f-9b614d73bb9a,L1,Profile
3f69db38-9a63-40b8-9e1f-9b614d73bb9a,L1,Profile
3f69db38-9a63-40b8-9e1f-9b614d73bb9a,L1,Profile
3f69db38-9a63-40b8-9e1f-9b614d73bb9a,L1,Profile
3f69db38-9a63-40b8-9e1f-9b614d73bb9a,L1,Profile
3f69db38-9a63-40b8-9e1f-9b614d73bb9a,L1,Profile
3f69db38-9a63-40b8-9e1f-9b614d73bb9a,L1,Profile
3f69db38-9a63-40b8-9e1f-9b614d73bb9a,L1,Profile
3f69db38-9a63-40b8-9e1f-9b614d73bb9a,L1,Profile
3f69db38-9a63-40b8-9e1f-9b614d73bb9a,L1,Profile
3f69db38-9a63-40b8-9e1f-9b614d73bb9a,L1,Profile
3f69db38-9a63-40b8-9e1f-9b614d73bb9a,L1,Profile
3f69db38-9a63-40b8-9e1f-9b614d73bb9a,L1,Profile
3f69db38-9a63-40b8-9e1f-9b614d73bb9a,L1,Profile
3f69db38-9a63-40b8-9e1f-9b614d73bb9a,L1,Profile
3f69db38-9a63-40b8-9e1f-9b614d73bb9a,L1,Profile
3f69db38-9a63-40b8-9e1f-9b614d73bb9a,L1,Profile
3f69db38-9a63-40b8-9e1f-9b614d73bb9a,L1,Profile
3f69db38-9a63-40b8-9e1f-9b614d73bb9a,L1,Profile
3f69db38-9a63-40b8-9e1f-9b614d73bb9a,L1,Profile
3f69db38-9a63-40b8-9e1f-9b614d73bb9a,L1,Profile
3f69db38-9a63-40b8-9e1f-9b614d73bb9a,L1,Profile
3f69db38-9a63-40b8-9e1f-9b614d73bb9a,L1,Profile
3f69db38-9a63-40b8-9e1f-9b614d73bb9a,L1,Profile
3f69db38-9a63-40b8-9e1f-9b614d73bb9a,L1,Profile
3f69db38-9a63-40b8-9e1f-9b614d73bb9a,L1,Profile
3f69db38-9a63-40b8-9e1f-9b614d73bb9a,L1,Profile
3f69db38-9a63-40b8-9e1f-9b614d73bb9a,L1,Profile
3f69db38-9a63-40b8-9e1f-9b614d73bb9a,L1,Profile
3f69db38-9a63-40b8-9e1f-9b614d73bb9a,L1,Profile
3f69db38-9a63-40b8-9e1f-9b614d73bb9a,L1,Profile
3f69db38-9a63-40b8-9e1f-9b614d73bb9a,L1,Profile
3f69db38-9a63-40b8-9e1f-9b614d73bb9a,L1,Profile
3f69db38-9a63-40b8-9e1f-9b614d73bb9a,L1,Profile
3f69db38-9a63-40b8-9e1f-9b614d73bb9a,L1,Profile
3f69db38-9a63-40b8-9e1f-9b614d73bb9a,L1,Profile
3f69db38-9a63-40b8-9e1f-9b614d73bb9a,L1,Profile
3f69db38-9a63-40b8-9e1f-9b614d73bb9a,L1,Profile
3f69db38-9a63-40b8-9e1f-9b614d73bb9a,L1,Profile
3f69db38-9a63-40b8-9e1f-9b614d73bb9a,L1,Profile
3f69db38-9a63-40b8-9e1f-9b614d73bb9a,L1,Profile
3f69db38-9a63-40b8-9e1f-9b614d73bb9a,L1,Profile
3f69db38-9a63-40b8-9e1f-9b614d73bb9a,L1,Profile
3f69db38-9a63-40b8-9e1f-9b614d73bb9a,L1,Profile
3f69db38-9a63-40b8-9e1f-9b614d73bb9a,L1,Profile
3f69db38-9a63-40b8-9e1f-9b614d73bb9a,L1,Profile
3f69db38-9a63-40b8-9e1f-9b614d73bb9a,L1,Profile
3f69db38-9a63-40b8-9e1f-9b614d73bb9a,L1,Profile
3f69db38-9a63-40b8-9e1f-9b614d73bb9a,L1,Profile
3f69db38-9a63-40b8-9e1f-9b614d73bb9a,L1,Profile
3f69db38-9a63-40b8-9e1f-9b614d73bb9a,L1,Profile
3f69db38-9a63-40b8-9e1f-9b614d73bb9a,L1,Profile
3f69db38-9a63-40b8-9e1f-9b614d73bb9a,L1,Profile
3f69db38-9a63-40b8-9e1f-9b614d73bb9a,L1,Profile
3f69db38-9a63-40b8-9e1f-9b614d73bb9a,L1,Profile
3f69db38-9a63-40b8-9e1f-9b614d73bb9a,L1,Profile
3f69db38-9a63-40b8-9e1f-9b614d73bb9a,L1,Profile
3f69db38-9a63-40b8-9e1f-9b614d73bb9a,L1,Profile
3f69db38-9a63-40b8-9e1f-9b614d73bb9a,L1,Profile
3f69db38-9a63-40b8-9e1f-9b614d73bb9a,L1,Profile
3f69db38-9a63-40b8-9e1f-9b614d73bb9a,L1,Profile
3f69db38-9a63-40b8-9e1f-9b614d73bb9a,L1,Profile
3f69db38-9a63-40b8-9e1f-9b614d73bb9a,L1,Profile
3f69db38-9a63-40b8-9e1f-9b614d73bb9a,L1,Profile
3f69db38-9a63-40b8-9e1f-9b614d73bb9a,L1,Profile
3f69db38-9a63-40b8-9e1f-9b614d73bb9a,L1,Profile
3f69db38-9a63-40b8-9e1f-9b614d73bb9a,L1,Profile
3f69db38-9a63-40b8-9e1f-9b614d73bb9a,L1,Profile
3f69db38-9a63-40b8-9e1f-9b614d73bb9a,L1,Profile
3f69db38-9a63-40b8-9e1f-9b614d73bb9a,L1,Profile
3f69db38-9a63-40b8-9e1f-9b614d73bb9a,L1,Profile
3f69db38-9a63-40b8-9e1f-9b614d73bb9a,L1,Profile
3f69db38-9a63-40b8-9e1f-9b614d73bb9a,L1,Profile
3f69db38-9a63-40b8-9e1f-9b614d73bb9a,L1,Profile
3f69db38-9a63-40b8-9e1f-9b614d73bb9a,L1,Profile
3f69db38-9a63-40b8-9e1f-9b614d73bb9a,L1,Profile
3f69db38-9a63-40b8-9e1f-9b614d73bb9a,L1,Profile
3f69db38-9a63-40b8-9e1f-9b614d73bb9a,L1,Profile
3f69db38-9a63-40b8-9e1f-9b614d73bb9a,L1,Profile
3f69db38-9a63-40b8-9e1f-9b614d73bb9a,L1,Profile
3f69db38-9a63-40b8-9e1f-9b614d73bb9a,L1,Profile
3f69db38-9a63-40b8-9e1f-9b614d73bb9a,L1,Profile
3f69db38-9a63-40b8-9e1f-9b614d73bb9a,L1,Profile
3f69db38-9a63-40b8-9e1f-9b614d73bb9a,L1,Profile
3f69db38-9a63-40b8-9e1f-9b614d73bb9a,L1,Profile
3f69db38-9a63-40b8-9e1f-9b614d73bb9a,L1,Profile
3f69db38-9a63-40b8-9e1f-9b614d73bb9a,L1,Profile
3f69db38-9a63-40b8-9e1f-9b614d73bb9a,L1,Profile
3f69db38-9a63-40b8-9e1f-9b614d73bb9a,L1,Profile
3f69db38-9a63-40b8-9e1f-9b614d73bb9a,L1,Profile
3f69db38-9a63-40b8-9e1f-9b614d73bb9a,L1,Profile
3f69db38-9a63-40b8-9e1f-9b614d73bb9a,L1,Profile
3f69db38-9a63-40b8-9e1f-9b614d73bb9a,L1,Profile
3f69db38-9a63-40b8-9e1f-9b614d73bb9a,L1,Profile
3f69db38-9a63-40b8-9e1f-9b614d73bb9a,L1,Profile
3f69db38-9a63-40b8-9e1f-9b614d73bb9a,L1,Profile
3f69db38-9a63-40b8-9e1f-9b614d73bb9a,L1,Profile
3f69db38-9a63-40b8-9e1f-9b614d73bb9a,L1,Profile
3f69db38-9a63-40b8-9e1f-9b614d73bb9a,L1,Profile
3f69db38-9a63-40b8-9e1f-9b614d73bb9a,L1,Profile
3f69db38-9a63-40b8-9e1f-9b614d73bb9a,L1,Profile
3f69db38-9a63-40b8-9e1f-9b614d73bb9a,L1,Profile
3f69db38-9a63-40b8-9e1f-9b614d73bb9a,L1,Profile
3f69db38-9a63-40b8-9e1f-9b614d73bb9a,L1,Profile
3f69db38-9a63-40b8-9e1f-9b614d73bb9a,L1,Profile
3f69db38-9a63-40b8-9e1f-9b614d73bb9a,L1,Profile
3f69db38-9a63-40b8-9e1f-9b614d73bb9a,L1,Profile
3f69db38-9a63-40b8-9e1f-9b614d73bb9a,L1,Profile
3f69db38-9a63-40b8-9e1f-9b614d73bb9a,L1,Profile
3f69db38-9a63-40b8-9e1f-9b614d73bb9a,L1,Profile
3f69db38-9a63-40b8-9e1f-9b614d73bb9a,L1,Profile
3f69db38-9a63-40b8-9e1f-9b614d73bb9a,L1,Profile
3f69db38-9a63-40b8-9e1f-9b614d73bb9a,L1,Profile
3f69db38-9a63-40b8-9e1f-9b614d73bb9a,L1,Profile
3f69db38-9a63-40b8-9e1f-9b614d73bb9a,L1,Profile
3f69db38-9a63-40b8-9e1f-9b614d73bb9a,L1,Profile
3f69db38-9a63-40b8-9e1f-9b614d73bb9a,L1,Profile
3f69db38-9a63-40b8-9e1f-9b614d73bb9a,L1,Profile
3f69db38-9a63-40b8-9e1f-9b614d73bb9a,L1,Profile
3f69db38-9a63-40b8-9e1f-9b614d73bb9a,L1,Profile
3f69db38-9a63-40b8-9e1f-9b614d73bb9a,L1,Profile
3f69db38-9a63-40b8-9e1f-9b614d73bb9a,L1,Profile
3f69db38-9a63-40b8-9e1f-9b614d73bb9a,L1,Profile
3f69db38-9a63-40b8-9e1f-9b614d73bb9a,L1,Profile
3f69db38-9a63-40b8-9e1f-9b614d73bb9a,L1,Profile
3f69db38-9a63-40b8-9e1f-9b614d73bb9a,L1,Profile
3f69db38-9a63-40b8-9e1f-9b614d73bb9a,L1,Profile
3f69db38-9a63-40b8-9e1f-9b614d73bb9a,L1,Profile
3f69db38-9a63-40b8-9e1f-9b614d73bb9a,L1,Profile
3f69db38-9a63-40b8-9e1f-9b614d73bb9a,L1,Profile
3f69db38-9a63-40b8-9e1f-9b614d73bb9a,L1,Profile
3f69db38-9a63-40b8-9e1f-9b614d73bb9a,L1,Profile
3f69db38-9a63-40b8-9e1f-9b614d73bb9a,L1,Profile
3f69db38-9a63-40b8-9e1f-9b614d73bb9a,L1,Profile
3f69db38-9a63-40b8-9e1f-9b614d73bb9a,L1,Profile
3f69db38-9a63-40b8-9e1f-9b614d73bb9a,L1,Profile
3f69db38-9a63-40b8-9e1f-9b614d73bb9a,L1,Profile
3f69db38-9a63-40b8-9e1f-9b614d73bb9a,L1,Profile
3f69db38-9a63-40b8-9e1f-9b614d73bb9a,L1,Profile
3f69db38-9a63-40b8-9e1f-9b614d73bb9a,L1,Profile
3f69db38-9a63-40b8-9e1f-9b614d73bb9a,L1,Profile
3f69db38-9a63-40b8-9e1f-9b614d73bb9a,L1,Profile
3f69db38-9a63-40b8-9e1f-9b614d73bb9a,L1,Profile
3f69db38-9a63-40b8-9e1f-9b614d73bb9a,L1,Profile
3f69db38-9a63-40b8-9e1f-9b614d73bb9a,L1,Profile
3f69db38-9a63-40b8-9e1f-9b614d73bb9a,L1,Profile
3f69db38-9a63-40b8-9e1f-9b614d73bb9a,L1,Profile
3f69db38-9a63-40b8-9e1f-9b614d73bb9a,L1,Profile
3f69db38-9a63-40b8-9e1f-9b614d73bb9a,L1,Profile
3f69db38-9a63-40b8-9e1f-9b614d73bb9a,L1,Profile
3f69db38-9a63-40b8-9e1f-9b614d73bb9a,L1,Profile
3f69db38-9a63-40b8-9e1f-9b614d73bb9a,L1,Profile
3f69db38-9a63-40b8-9e1f-9b614d73bb9a,L1,Profile
3f69db38-9a63-40b8-9e1f-9b614d73bb9a,L1,Profile
3f69db38-9a63-40b8-9e1f-9b614d73bb9a,L1,Profile
3f69db38-9a63-40b8-9e1f-9b614d73bb9a,L1,Profile
3f69db38-9a63-40b8-9e1f-9b614d73bb9a,L1,Profile
3f69db38-9a63-40b8-9e1f-9b614d73bb9a,L1,Profile
3f69db38-9a63-40b8-9e1f-9b614d73bb9a,L1,Profile
3f69db38-9a63-40b8-9e1f-9b614d73bb9a,L1,Profile
3f69db38-9a63-40b8-9e1f-9b614d73bb9a,L1,Profile
3f69db38-9a63-40b8-9e1f-9b614d73bb9a,L1,Profile
3f69db38-9a63-40b8-9e1f-9b614d73bb9a,L1,Profile
3f69db38-9a63-40b8-9e1f-9b614d73bb9a,L1,Profile
3f69db38-9a63-40b8-9e1f-9b614d73bb9a,L1,Profile
3f69db38-9a63-40b8-9e1f-9b614d73bb9a,L1,Profile
3f69db38-9a63-40b8-9e1f-9b614d73bb9a,L1,Profile
3f69db38-9a63-40b8-9e1f-9b614d73bb9a,L1,Profile
3f69db38-9a63-40b8-9e1f-9b614d73bb9a,L1,Profile
3f69db38-9a63-40b8-9e1f-9b614d73bb9a,L1,Profile
3f69db38-9a63-40b8-9e1f-9b614d73bb9a,L1,Profile
3f69db38-9a63-40b8-9e1f-9b614d73bb9a,L1,Profile
3f69db38-9a63-40b8-9e1f-9b614d73bb9a,L1,Profile
3f69db38-9a63-40b8-9e1f-9b614d73bb9a,L1,Profile
3f69db38-9a63-40b8-9e1f-9b614d73bb9a,L1,Profile
3f69db38-9a63-40b8-9e1f-9b614d73bb9a,L1,Profile
3f69db38-9a63-40b8-9e1f-9b614d73bb9a,L1,Profile
3f69db38-9a63-40b8-9e1f-9b614d73bb9a,L1,Profile
3f69db38-9a63-40b8-9e1f-9b614d73bb9a,L1,Profile
3f69db38-9a63-40b8-9e1f-9b614d73bb9a,L1,Profile
3f69db38-9a63-40b8-9e1f-9b614d73bb9a,L1,Profile
3f69db38-9a63-40b8-9e1f-9b614d73bb9a,L1,Profile
3f69db38-9a63-40b8-9e1f-9b614d73bb9a,L1,Profile
3f69db38-9a63-40b8-9e1f-9b614d73bb9a,L1,Profile
3f69db38-9a63-40b8-9e1f-9b614d73bb9a,L1,Profile
3f69db38-9a63-40b8-9e1f-9b614d73bb9a,L1,Profile
3f69db38-9a63-40b8-9e1f-9b614d73bb9a,L1,Profile
3f69db38-9a63-40b8-9e1f-9b614d73bb9a,L1,Profile
3f69db38-9a63-40b8-9e1f-9b614d73bb9a,L1,Profile
3f69db38-9a63-40b8-9e1f-9b614d73bb9a,L1,Profile
3f69db38-9a63-40b8-9e1f-9b614d73bb9a,L1,Profile
3f69db38-9a63-40b8-9e1f-9b614d73bb9a,L1,Profile
3f69db38-9a63-40b8-9e1f-9b614d73bb9a,L1,Profile
3f69db38-9a63-40b8-9e1f-9b614d73bb9a,L1,Profile
3f69db38-9a63-40b8-9e1f-9b614d73bb9a,L1,Profile
3f69db38-9a63-40b8-9e1f-9b614d73bb9a,L1,Profile
3f69db38-9a63-40b8-9e1f-9b614d73bb9a,L1,Profile
3f69db38-9a63-40b8-9e1f-9b614d73bb9a,L1,Profile
3f69db38-9a63-40b8-9e1f-9b614d73bb9a,L1,Profile
3f69db38-9a63-40b8-9e1f-9b614d73bb9a,L1,Profile
3f69db38-9a63-40b8-9e1f-9b614d73bb9a,L1,Profile
3f69db38-9a63-40b8-9e1f-9b614d73bb9a,L1,Profile
3f69db38-9a63-40b8-9e1f-9b614d73bb9a,L1,Profile
3f69db38-9a63-40b8-9e1f-9b614d73bb9a,L1,Profile
3f69db38-9a63-40b8-9e1f-9b614d73bb9a,L1,Profile
3f69db38-9a63-40b8-9e1f-9b614d73bb9a,L1,Profile
3f69db38-9a63-40b8-9e1f-9b614d73bb9a,L1,Profile
3f69db38-9a63-40b8-9e1f-9b614d73bb9a,L1,Profile
3f69db38-9a63-40b8-9e1f-9b614d73bb9a,L1,Profile
3f69db38-9a63-40b8-9e1f-9b614d73bb9a,L1,Profile
3f69db38-9a63-40b8-9e1f-9b614d73bb9a,L1,Profile
3f69db38-9a63-40b8-9e1f-9b614d73bb9a,L1,Profile
3f69db38-9a63-40b8-9e1f-9b614d73bb9a,L1,Profile
3f69db38-9a63-40b8-9e1f-9b614d73bb9a,L1,Profile
3f69db38-9a63-40b8-9e1f-9b614d73bb9a,L1,Profile
3f69db38-9a63-40b8-9e1f-9b614d73bb9a,L1,Profile
3f69db38-9a63-40b8-9e1f-9b614d73bb9a,L1,Profile
3f69db38-9a63-40b8-9e1f-9b614d73bb9a,L1,Profile
3f69db38-9a63-40b8-9e1f-9b614d73bb9a,L1,Profile
3f69db38-9a63-40b8-9e1f-9b614d73bb9a,L1,Profile
3f69db38-9a63-40b8-9e1f-9b614d73bb9a,L1,Profile
3f69db38-9a63-40b8-9e1f-9b614d73bb9a,L1,Profile
3f69db38-9a63-40b8-9e1f-9b614d73bb9a,L1,Profile
3f69db38-9a63-40b8-9e1f-9b614d73bb9a,L1,Profile
3f69db38-9a63-40b8-9e1f-9b614d73bb9a,L1,Profile
3f69db38-9a63-40b8-9e1f-9b614d73bb9a,L1,Profile
3f69db38-9a63-40b8-9e1f-9b614d73bb9a,L1,Profile
3f69db38-9a63-40b8-9e1f-9b614d73bb9a,L1,Profile
3f69db38-9a63-40b8-9e1f-9b614d73bb9a,L1,Profile
3f69db38-9a63-40b8-9e1f-9b614d73bb9a,L1,Profile
3f69db38-9a63-40b8-9e1f-9b614d73bb9a,L1,Profile
3f69db38-9a63-40b8-9e1f-9b614d73bb9a,L1,Profile
3f69db38-9a63-40b8-9e1f-9b614d73bb9a,L1,Profile
3f69db38-9a63-40b8-9e1f-9b614d73bb9a,L1,Profile
3f69db38-9a63-40b8-9e1f-9b614d73bb9a,L1,Profile
3f69db38-9a63-40b8-9e1f-9b614d73bb9a,L1,Profile
3f69db38-9a63-40b8-9e1f-9b614d73bb9a,L1,Profile
3f69db38-9a63-40b8-9e1f-9b614d73bb9a,L1,Profile
3f69db38-9a63-40b8-9e1f-9b614d73bb9a,L1,Profile
3f69db38-9a63-40b8-9e1f-9b614d73bb9a,L1,Profile
3f69db38-9a63-40b8-9e1f-9b614d73bb9a,L1,Profile
3f69db38-9a63-40b8-9e1f-9b614d73bb9a,L1,Profile
3f69db38-9a63-40b8-9e1f-9b614d73bb9a,L1,Profile
3f69db38-9a63-40b8-9e1f-9b614d73bb9a,L1,Profile
3f69db38-9a63-40b8-9e1f-9b614d73bb9a,L1,Profile
3f69db38-9a63-40b8-9e1f-9b614d73bb9a,L1,Profile
3f69db38-9a63-40b8-9e1f-9b614d73bb9a,L1,Profile
3f69db38-9a63-40b8-9e1f-9b614d73bb9a,L1,Profile
3f69db38-9a63-40b8-9e1f-9b614d73bb9a,L1,Profile
3f69db38-9a63-40b8-9e1f-9b614d73bb9a,L1,Profile
3f69db38-9a63-40b8-9e1f-9b614d73bb9a,L1,Profile
3f69db38-9a63-40b8-9e1f-9b614d73bb9a,L1,Profile
3f69db38-9a63-40b8-9e1f-9b614d73bb9a,L1,Profile
3f69db38-9a63-40b8-9e1f-9b614d73bb9a,L1,Profile
3f69db38-9a63-40b8-9e1f-9b614d73bb9a,L1,Profile
3f69db38-9a63-40b8-9e1f-9b614d73bb9a,L1,Profile
3f69db38-9a63-40b8-9e1f-9b614d73bb9a,L1,Profile
3f69db38-9a63-40b8-9e1f-9b614d73bb9a,L1,Profile
3f69db38-9a63-40b8-9e1f-9b614d73bb9a,L1,Profile
3f69db38-9a63-40b8-9e1f-9b614d73bb9a,L1,Profile
3f69db38-9a63-40b8-9e1f-9b614d73bb9a,L1,Profile
3f69db38-9a63-40b8-9e1f-9b614d73bb9a,L1,Profile
3f69db38-9a63-40b8-9e1f-9b614d73bb9a,L1,Profile
3f69db38-9a63-40b8-9e1f-9b614d73bb9a,L1,Profile
3f69db38-9a63-40b8-9e1f-9b614d73bb9a,L1,Profile
3f69db38-9a63-40b8-9e1f-9b614d73bb9a,L1,Profile
3f69db38-9a63-40b8-9e1f-9b614d73bb9a,L1,Profile
3f69db38-9a63-40b8-9e1f-9b614d73bb9a,L1,Profile
3f69db38-9a63-40b8-9e1f-9b614d73bb9a,L1,Profile
3f69db38-9a63-40b8-9e1f-9b614d73bb9a,L1,Profile
3f69db38-9a63-40b8-9e1f-9b614d73bb9a,L1,Profile
3f69db38-9a63-40b8-9e1f-9b614d73bb9a,L1,Profile
3f69db38-9a63-40b8-9e1f-9b614d73bb9a,L1,Profile
3f69db38-9a63-40b8-9e1f-9b614d73bb9a,L1,Profile
3f69db38-9a63-40b8-9e1f-9b614d73bb9a,L1,Profile
3f69db38-9a63-40b8-9e1f-9b614d73bb9a,L1,Profile
3f69db38-9a63-40b8-9e1f-9b614d73bb9a,L1,Profile
3f69db38-9a63-40b8-9e1f-9b614d73bb9a,L1,Profile
3f69db38-9a63-40b8-9e1f-9b614d73bb9a,L1,Profile
3f69db38-9a63-40b8-9e1f-9b614d73bb9a,L1,Profile
3f69db38-9a63-40b8-9e1f-9b614d73bb9a,L1,Profile
3f69db38-9a63-40b8-9e1f-9b614d73bb9a,L1,Profile
3f69db38-9a63-40b8-9e1f-9b614d73bb9a,L1,Profile
3f69db38-9a63-40b8-9e1f-9b614d73bb9a,L1,Profile
3f69db38-9a63-40b8-9e1f-9b614d73bb9a,L1,Profile
3f69db38-9a63-40b8-9e1f-9b614d73bb9a,L1,Profile
3f69db38-9a63-40b8-9e1f-9b614d73bb9a,L1,Profile
3f69db38-9a63-40b8-9e1f-9b614d73bb9a,L1,Profile
3f69db38-9a63-40b8-9e1f-9b614d73bb9a,L1,Profile
3f69db38-9a63-40b8-9e1f-9b614d73bb9a,L1,Profile
3f69db38-9a63-40b8-9e1f-9b614d73bb9a,L1,Profile
3f69db38-9a63-40b8-9e1f-9b614d73bb9a,L1,Profile
3f69db38-9a63-40b8-9e1f-9b614d73bb9a,L1,Profile
3f69db38-9a63-40b8-9e1f-9b614d73bb9a,L1,Profile
3f69db38-9a63-40b8-9e1f-9b614d73bb9a,L1,Profile
3f69db38-9a63-40b8-9e1f-9b614d73bb9a,L1,Profile
3f69db38-9a63-40b8-9e1f-9b614d73bb9a,L1,Profile
3f69db38-9a63-40b8-9e1f-9b614d73bb9a,L1,Profile
3f69db38-9a63-40b8-9e1f-9b614d73bb9a,L1,Profile
3f69db38-9a63-40b8-9e1f-9b614d73bb9a,L1,Profile
3f69db38-9a63-40b8-9e1f-9b614d73bb9a,L1,Profile
3f69db38-9a63-40b8-9e1f-9b614d73bb9a,L1,Profile
3f69db38-9a63-40b8-9e1f-9b614d73bb9a,L1,Profile
3f69db38-9a63-40b8-9e1f-9b614d73bb9a,L1,Profile
3f69db38-9a63-40b8-9e1f-9b614d73bb9a,L1,Profile
3f69db38-9a63-40b8-9e1f-9b614d73bb9a,L1,Profile
3f69db38-9a63-40b8-9e1f-9b614d73bb9a,L1,Profile
3f69db38-9a63-40b8-9e1f-9b614d73bb9a,L1,Profile
3f69db38-9a63-40b8-9e1f-9b614d73bb9a,L1,Profile
3f69db38-9a63-40b8-9e1f-9b614d73bb9a,L1,Profile
3f69db38-9a63-40b8-9e1f-9b614d73bb9a,L1,Profile
3f69db38-9a63-40b8-9e1f-9b614d73bb9a,L1,Profile
3f69db38-9a63-40b8-9e1f-9b614d73bb9a,L1,Profile
3f69db38-9a63-40b8-9e1f-9b614d73bb9a,L1,Profile
3f69db38-9a63-40b8-9e1f-9b614d73bb9a,L1,Profile
3f69db38-9a63-40b8-9e1f-9b614d73bb9a,L1,Profile
3f69db38-9a63-40b8-9e1f-9b614d73bb9a,L1,Profile
3f69db38-9a63-40b8-9e1f-9b614d73bb9a,L1,Profile
3f69db38-9a63-40b8-9e1f-9b614d73bb9a,L1,Profile
3f69db38-9a63-40b8-9e1f-9b614d73bb9a,L1,Profile
3f69db38-9a63-40b8-9e1f-9b614d73bb9a,L1,Profile
3f69db38-9a63-40b8-9e1f-9b614d73bb9a,L1,Profile
3f69db38-9a63-40b8-9e1f-9b614d73bb9a,L1,Profile
3f69db38-9a63-40b8-9e1f-9b614d73bb9a,L1,Profile
3f69db38-9a63-40b8-9e1f-9b614d73bb9a,L1,Profile
3f69db38-9a63-40b8-9e1f-9b614d73bb9a,L1,Profile
3f69db38-9a63-40b8-9e1f-9b614d73bb9a,L1,Profile
3f69db38-9a63-40b8-9e1f-9b614d73bb9a,L1,Profile
3f69db38-9a63-40b8-9e1f-9b614d73bb9a,L1,Profile
3f69db38-9a63-40b8-9e1f-9b614d73bb9a,L1,Profile
3f69db38-9a63-40b8-9e1f-9b614d73bb9a,L1,Profile
3f69db38-9a63-40b8-9e1f-9b614d73bb9a,L1,Profile
3f69db38-9a63-40b8-9e1f-9b614d73bb9a,L1,Profile
3f69db38-9a63-40b8-9e1f-9b614d73bb9a,L1,Profile
3f69db38-9a63-40b8-9e1f-9b614d73bb9a,L1,Profile
3f69db38-9a63-40b8-9e1f-9b614d73bb9a,L1,Profile
3f69db38-9a63-40b8-9e1f-9b614d73bb9a,L1,Profile
3f69db38-9a63-40b8-9e1f-9b614d73bb9a,L1,Profile
3f69db38-9a63-40b8-9e1f-9b614d73bb9a,L1,Profile
3f69db38-9a63-40b8-9e1f-9b614d73bb9a,L1,Profile
3f69db38-9a63-40b8-9e1f-9b614d73bb9a,L1,Profile
3f69db38-9a63-40b8-9e1f-9b614d73bb9a,L1,Profile
3f69db38-9a63-40b8-9e1f-9b614d73bb9a,L1,Profile
3f69db38-9a63-40b8-9e1f-9b614d73bb9a,L1,Profile
3f69db38-9a63-40b8-9e1f-9b614d73bb9a,L1,Profile
3f69db38-9a63-40b8-9e1f-9b614d73bb9a,L1,Profile
3f69db38-9a63-40b8-9e1f-9b614d73bb9a,L1,Profile
3f69db38-9a63-40b8-9e1f-9b614d73bb9a,L1,Profile
3f69db38-9a63-40b8-9e1f-9b614d73bb9a,L1,Profile
3f69db38-9a63-40b8-9e1f-9b614d73bb9a,L1,Profile
3f69db38-9a63-40b8-9e1f-9b614d73bb9a,L1,Profile
3f69db38-9a63-40b8-9e1f-9b614d73bb9a,L1,Profile
3f69db38-9a63-40b8-9e1f-9b614d73bb9a,L1,Profile
3f69db38-9a63-40b8-9e1f-9b614d73bb9a,L1,Profile
3f69db38-9a63-40b8-9e1f-9b614d73bb9a,L1,Profile
3f69db38-9a63-40b8-9e1f-9b614d73bb9a,L1,Profile
3f69db38-9a63-40b8-9e1f-9b614d73bb9a,L1,Profile
3f69db38-9a63-40b8-9e1f-9b614d73bb9a,L1,Profile
3f69db38-9a63-40b8-9e1f-9b614d73bb9a,L1,Profile
3f69db38-9a63-40b8-9e1f-9b614d73bb9a,L1,Profile
3f69db38-9a63-40b8-9e1f-9b614d73bb9a,L1,Profile
3f69db38-9a63-40b8-9e1f-9b614d73bb9a,L1,Profile
3f69db38-9a63-40b8-9e1f-9b614d73bb9a,L1,Profile
3f69db38-9a63-40b8-9e1f-9b614d73bb9a,L1,Profile
3f69db38-9a63-40b8-9e1f-9b614d73bb9a,L1,Profile
3f69db38-9a63-40b8-9e1f-9b614d73bb9a,L1,Profile
3f69db38-9a63-40b8-9e1f-9b614d73bb9a,L1,Profile
3f69db38-9a63-40b8-9e1f-9b614d73bb9a,L1,Profile
3f69db38-9a63-40b8-9e1f-9b614d73bb9a,L1,Profile
3f69db38-9a63-40b8-9e1f-9b614d73bb9a,L1,Profile
3f69db38-9a63-40b8-9e1f-9b614d73bb9a,L1,Profile
3f69db38-9a63-40b8-9e1f-9b614d73bb9a,L1,Profile
3f69db38-9a63-40b8-9e1f-9b614d73bb9a,L1,Profile
3f69db38-9a63-40b8-9e1f-9b614d73bb9a,L1,Profile
3f69db38-9a63-40b8-9e1f-9b614d73bb9a,L1,Profile
3f69db38-9a63-40b8-9e1f-9b614d73bb9a,L1,Profile
3f69db38-9a63-40b8-9e1f-9b614d73bb9a,L1,Profile
3f69db38-9a63-40b8-9e1f-9b614d73bb9a,L1,Profile
3f69db38-9a63-40b8-9e1f-9b614d73bb9a,L1,Profile
3f69db38-9a63-40b8-9e1f-9b614d73bb9a,L1,Profile
3f69db38-9a63-40b8-9e1f-9b614d73bb9a,L1,Profile
3f69db38-9a63-40b8-9e1f-9b614d73bb9a,L1,Profile
3f69db38-9a63-40b8-9e1f-9b614d73bb9a,L1,Profile
3f69db38-9a63-40b8-9e1f-9b614d73bb9a,L1,Profile
3f69db38-9a63-40b8-9e1f-9b614d73bb9a,L1,Profile
3f69db38-9a63-40b8-9e1f-9b614d73bb9a,L1,Profile
3f69db38-9a63-40b8-9e1f-9b614d73bb9a,L1,Profile
3f69db38-9a63-40b8-9e1f-9b614d73bb9a,L1,Profile
3f69db38-9a63-40b8-9e1f-9b614d73bb9a,L1,Profile
3f69db38-9a63-40b8-9e1f-9b614d73bb9a,L1,Profile
3f69db38-9a63-40b8-9e1f-9b614d73bb9a,L1,Profile
3f69db38-9a63-40b8-9e1f-9b614d73bb9a,L1,Profile
3f69db38-9a63-40b8-9e1f-9b614d73bb9a,L1,Profile
3f69db38-9a63-40b8-9e1f-9b614d73bb9a,L1,Profile
3f69db38-9a63-40b8-9e1f-9b614d73bb9a,L1,Profile
3f69db38-9a63-40b8-9e1f-9b614d73bb9a,L1,Profile
3f69db38-9a63-40b8-9e1f-9b614d73bb9a,L1,Profile
3f69db38-9a63-40b8-9e1f-9b614d73bb9a,L1,Profile
3f69db38-9a63-40b8-9e1f-9b614d73bb9a,L1,Profile
3f69db38-9a63-40b8-9e1f-9b614d73bb9a,L1,Profile
3f69db38-9a63-40b8-9e1f-9b614d73bb9a,L1,Profile
3f69db38-9a63-40b8-9e1f-9b614d73bb9a,L1,Profile
3f69db38-9a63-40b8-9e1f-9b614d73bb9a,L1,Profile
3f69db38-9a63-40b8-9e1f-9b614d73bb9a,L1,Profile
3f69db38-9a63-40b8-9e1f-9b614d73bb9a,L1,Profile
3f69db38-9a63-40b8-9e1f-9b614d73bb9a,L1,Profile
3f69db38-9a63-40b8-9e1f-9b614d73bb9a,L1,Profile
3f69db38-9a63-40b8-9e1f-9b614d73bb9a,L1,Profile
3f69db38-9a63-40b8-9e1f-9b614d73bb9a,L1,Profile
3f69db38-9a63-40b8-9e1f-9b614d73bb9a,L1,Profile
3f69db38-9a63-40b8-9e1f-9b614d73bb9a,L1,Profile
3f69db38-9a63-40b8-9e1f-9b614d73bb9a,L1,Profile
3f69db38-9a63-40b8-9e1f-9b614d73bb9a,L1,Profile
3f69db38-9a63-40b8-9e1f-9b614d73bb9a,L1,Profile
3f69db38-9a63-40b8-9e1f-9b614d73bb9a,L1,Profile
3f69db38-9a63-40b8-9e1f-9b614d73bb9a,L1,Profile
3f69db38-9a63-40b8-9e1f-9b614d73bb9a,L1,Profile
3f69db38-9a63-40b8-9e1f-9b614d73bb9a,L1,Profile
3f69db38-9a63-40b8-9e1f-9b614d73bb9a,L1,Profile
3f69db38-9a63-40b8-9e1f-9b614d73bb9a,L1,Profile
3f69db38-9a63-40b8-9e1f-9b614d73bb9a,L1,Profile
3f69db38-9a63-40b8-9e1f-9b614d73bb9a,L1,Profile
3f69db38-9a63-40b8-9e1f-9b614d73bb9a,L1,Profile
3f69db38-9a63-40b8-9e1f-9b614d73bb9a,L1,Profile
3f69db38-9a63-40b8-9e1f-9b614d73bb9a,L1,Profile
3f69db38-9a63-40b8-9e1f-9b614d73bb9a,L1,Profile
3f69db38-9a63-40b8-9e1f-9b614d73bb9a,L1,Profile
3f69db38-9a63-40b8-9e1f-9b614d73bb9a,L1,Profile
3f69db38-9a63-40b8-9e1f-9b614d73bb9a,L1,Profile
3f69db38-9a63-40b8-9e1f-9b614d73bb9a,L1,Profile
3f69db38-9a63-40b8-9e1f-9b614d73bb9a,L1,Profile
3f69db38-9a63-40b8-9e1f-9b614d73bb9a,L1,Profile
3f69db38-9a63-40b8-9e1f-9b614d73bb9a,L1,Profile
3f69db38-9a63-40b8-9e1f-9b614d73bb9a,L1,Profile
3f69db38-9a63-40b8-9e1f-9b614d73bb9a,L1,Profile
3f69db38-9a63-40b8-9e1f-9b614d73bb9a,L1,Profile
3f69db38-9a63-40b8-9e1f-9b614d73bb9a,L1,Profile
3f69db38-9a63-40b8-9e1f-9b614d73bb9a,L1,Profile
3f69db38-9a63-40b8-9e1f-9b614d73bb9a,L1,Profile
3f69db38-9a63-40b8-9e1f-9b614d73bb9a,L1,Profile
3f69db38-9a63-40b8-9e1f-9b614d73bb9a,L1,Profile
3f69db38-9a63-40b8-9e1f-9b614d73bb9a,L1,Profile
3f69db38-9a63-40b8-9e1f-9b614d73bb9a,L1,Profile
3f69db38-9a63-40b8-9e1f-9b614d73bb9a,L1,Profile
3f69db38-9a63-40b8-9e1f-9b614d73bb9a,L1,Profile
3f69db38-9a63-40b8-9e1f-9b614d73bb9a,L1,Profile
3f69db38-9a63-40b8-9e1f-9b614d73bb9a,L1,Profile
3f69db38-9a63-40b8-9e1f-9b614d73bb9a,L1,Profile
3f69db38-9a63-40b8-9e1f-9b614d73bb9a,L1,Profile
3f69db38-9a63-40b8-9e1f-9b614d73bb9a,L1,Profile
3f69db38-9a63-40b8-9e1f-9b614d73bb9a,L1,Profile
3f69db38-9a63-40b8-9e1f-9b614d73bb9a,L1,Profile
3f69db38-9a63-40b8-9e1f-9b614d73bb9a,L1,Profile
3f69db38-9a63-40b8-9e1f-9b614d73bb9a,L1,Profile
3f69db38-9a63-40b8-9e1f-9b614d73bb9a,L1,Profile
3f69db38-9a63-40b8-9e1f-9b614d73bb9a,L1,Profile
3f69db38-9a63-40b8-9e1f-9b614d73bb9a,L1,Profile
3f69db38-9a63-40b8-9e1f-9b614d73bb9a,L1,Profile
3f69db38-9a63-40b8-9e1f-9b614d73bb9a,L1,Profile
3f69db38-9a63-40b8-9e1f-9b614d73bb9a,L1,Profile
3f69db38-9a63-40b8-9e1f-9b614d73bb9a,L1,Profile
3f69db38-9a63-40b8-9e1f-9b614d73bb9a,L1,Profile
3f69db38-9a63-40b8-9e1f-9b614d73bb9a,L1,Profile
3f69db38-9a63-40b8-9e1f-9b614d73bb9a,L1,Profile
3f69db38-9a63-40b8-9e1f-9b614d73bb9a,L1,Profile
3f69db38-9a63-40b8-9e1f-9b614d73bb9a,L1,Profile
3f69db38-9a63-40b8-9e1f-9b614d73bb9a,L1,Profile
3f69db38-9a63-40b8-9e1f-9b614d73bb9a,L1,Profile
3f69db38-9a63-40b8-9e1f-9b614d73bb9a,L1,Profile
3f69db38-9a63-40b8-9e1f-9b614d73bb9a,L1,Profile
3f69db38-9a63-40b8-9e1f-9b614d73bb9a,L1,Profile
3f69db38-9a63-40b8-9e1f-9b614d73bb9a,L1,Profile
3f69db38-9a63-40b8-9e1f-9b614d73bb9a,L1,Profile
3f69db38-9a63-40b8-9e1f-9b614d73bb9a,L1,Profile
3f69db38-9a63-40b8-9e1f-9b614d73bb9a,L1,Profile
3f69db38-9a63-40b8-9e1f-9b614d73bb9a,L1,Profile
3f69db38-9a63-40b8-9e1f-9b614d73bb9a,L1,Profile
3f69db38-9a63-40b8-9e1f-9b614d73bb9a,L1,Profile
3f69db38-9a63-40b8-9e1f-9b614d73bb9a,L1,Profile
3f69db38-9a63-40b8-9e1f-9b614d73bb9a,L1,Profile
3f69db38-9a63-40b8-9e1f-9b614d73bb9a,L1,Profile
3f69db38-9a63-40b8-9e1f-9b614d73bb9a,L1,Profile
3f69db38-9a63-40b8-9e1f-9b614d73bb9a,L1,Profile
3f69db38-9a63-40b8-9e1f-9b614d73bb9a,L1,Profile
3f69db38-9a63-40b8-9e1f-9b614d73bb9a,L1,Profile
3f69db38-9a63-40b8-9e1f-9b614d73bb9a,L1,Profile
3f69db38-9a63-40b8-9e1f-9b614d73bb9a,L1,Profile
3f69db38-9a63-40b8-9e1f-9b614d73bb9a,L1,Profile
3f69db38-9a63-40b8-9e1f-9b614d73bb9a,L1,Profile
3f69db38-9a63-40b8-9e1f-9b614d73bb9a,L1,Profile
3f69db38-9a63-40b8-9e1f-9b614d73bb9a,L1,Profile
3f69db38-9a63-40b8-9e1f-9b614d73bb9a,L1,Profile
3f69db38-9a63-40b8-9e1f-9b614d73bb9a,L1,Profile
3f69db38-9a63-40b8-9e1f-9b614d73bb9a,L1,Profile
3f69db38-9a63-40b8-9e1f-9b614d73bb9a,L1,Profile
3f69db38-9a63-40b8-9e1f-9b614d73bb9a,L1,Profile
3f69db38-9a63-40b8-9e1f-9b614d73bb9a,L1,Profile
3f69db38-9a63-40b8-9e1f-9b614d73bb9a,L1,Profile
3f69db38-9a63-40b8-9e1f-9b614d73bb9a,L1,Profile
3f69db38-9a63-40b8-9e1f-9b614d73bb9a,L1,Profile
3f69db38-9a63-40b8-9e1f-9b614d73bb9a,L1,Profile
3f69db38-9a63-40b8-9e1f-9b614d73bb9a,L1,Profile
3f69db38-9a63-40b8-9e1f-9b614d73bb9a,L1,Profile
3f69db38-9a63-40b8-9e1f-9b614d73bb9a,L1,Profile
3f69db38-9a63-40b8-9e1f-9b614d73bb9a,L1,Profile
3f69db38-9a63-40b8-9e1f-9b614d73bb9a,L1,Profile
3f69db38-9a63-40b8-9e1f-9b614d73bb9a,L1,Profile
3f69db38-9a63-40b8-9e1f-9b614d73bb9a,L1,Profile
3f69db38-9a63-40b8-9e1f-9b614d73bb9a,L1,Profile
3f69db38-9a63-40b8-9e1f-9b614d73bb9a,L1,Profile
3f69db38-9a63-40b8-9e1f-9b614d73bb9a,L1,Profile
3f69db38-9a63-40b8-9e1f-9b614d73bb9a,L1,Profile
3f69db38-9a63-40b8-9e1f-9b614d73bb9a,L1,Profile
3f69db38-9a63-40b8-9e1f-9b614d73bb9a,L1,Profile
3f69db38-9a63-40b8-9e1f-9b614d73bb9a,L1,Profile
3f69db38-9a63-40b8-9e1f-9b614d73bb9a,L1,Profile
3f69db38-9a63-40b8-9e1f-9b614d73bb9a,L1,Profile
3f69db38-9a63-40b8-9e1f-9b614d73bb9a,L1,Profile
3f69db38-9a63-40b8-9e1f-9b614d73bb9a,L1,Profile
3f69db38-9a63-40b8-9e1f-9b614d73bb9a,L1,Profile
3f69db38-9a63-40b8-9e1f-9b614d73bb9a,L1,Profile
3f69db38-9a63-40b8-9e1f-9b614d73bb9a,L1,Profile
3f69db38-9a63-40b8-9e1f-9b614d73bb9a,L1,Profile
3f69db38-9a63-40b8-9e1f-9b614d73bb9a,L1,Profile
3f69db38-9a63-40b8-9e1f-9b614d73bb9a,L1,Profile
3f69db38-9a63-40b8-9e1f-9b614d73bb9a,L1,Profile
3f69db38-9a63-40b8-9e1f-9b614d73bb9a,L1,Profile
3f69db38-9a63-40b8-9e1f-9b614d73bb9a,L1,Profile
3f69db38-9a63-40b8-9e1f-9b614d73bb9a,L1,Profile
3f69db38-9a63-40b8-9e1f-9b614d73bb9a,L1,Profile
3f69db38-9a63-40b8-9e1f-9b614d73bb9a,L1,Profile
3f69db38-9a63-40b8-9e1f-9b614d73bb9a,L1,Profile
3f69db38-9a63-40b8-9e1f-9b614d73bb9a,L1,Profile
3f69db38-9a63-40b8-9e1f-9b614d73bb9a,L1,Profile
3f69db38-9a63-40b8-9e1f-9b614d73bb9a,L1,Profile
3f69db38-9a63-40b8-9e1f-9b614d73bb9a,L1,Profile
3f69db38-9a63-40b8-9e1f-9b614d73bb9a,L1,Profile
3f69db38-9a63-40b8-9e1f-9b614d73bb9a,L1,Profile
3f69db38-9a63-40b8-9e1f-9b614d73bb9a,L1,Profile
3f69db38-9a63-40b8-9e1f-9b614d73bb9a,L1,Profile
3f69db38-9a63-40b8-9e1f-9b614d73bb9a,L1,Profile
3f69db38-9a63-40b8-9e1f-9b614d73bb9a,L1,Profile
3f69db38-9a63-40b8-9e1f-9b614d73bb9a,L1,Profile
3f69db38-9a63-40b8-9e1f-9b614d73bb9a,L1,Profile
3f69db38-9a63-40b8-9e1f-9b614d73bb9a,L1,Profile
3f69db38-9a63-40b8-9e1f-9b614d73bb9a,L1,Profile
3f69db38-9a63-40b8-9e1f-9b614d73bb9a,L1,Profile
3f69db38-9a63-40b8-9e1f-9b614d73bb9a,L1,Profile
3f69db38-9a63-40b8-9e1f-9b614d73bb9a,L1,Profile
3f69db38-9a63-40b8-9e1f-9b614d73bb9a,L1,Profile
3f69db38-9a63-40b8-9e1f-9b614d73bb9a,L1,Profile
3f69db38-9a63-40b8-9e1f-9b614d73bb9a,L1,Profile
3f69db38-9a63-40b8-9e1f-9b614d73bb9a,L1,Profile
3f69db38-9a63-40b8-9e1f-9b614d73bb9a,L1,Profile
3f69db38-9a63-40b8-9e1f-9b614d73bb9a,L1,Profile
3f69db38-9a63-40b8-9e1f-9b614d73bb9a,L1,Profile
3f69db38-9a63-40b8-9e1f-9b614d73bb9a,L1,Profile
3f69db38-9a63-40b8-9e1f-9b614d73bb9a,L1,Profile
3f69db38-9a63-40b8-9e1f-9b614d73bb9a,L1,Profile
3f69db38-9a63-40b8-9e1f-9b614d73bb9a,L1,Profile
3f69db38-9a63-40b8-9e1f-9b614d73bb9a,L1,Profile
3f69db38-9a63-40b8-9e1f-9b614d73bb9a,L1,Profile
3f69db38-9a63-40b8-9e1f-9b614d73bb9a,L1,Profile
3f69db38-9a63-40b8-9e1f-9b614d73bb9a,L1,Profile
3f69db38-9a63-40b8-9e1f-9b614d73bb9a,L1,Profile
3f69db38-9a63-40b8-9e1f-9b614d73bb9a,L1,Profile
3f69db38-9a63-40b8-9e1f-9b614d73bb9a,L1,Profile
3f69db38-9a63-40b8-9e1f-9b614d73bb9a,L1,Profile
3f69db38-9a63-40b8-9e1f-9b614d73bb9a,L1,Profile
3f69db38-9a63-40b8-9e1f-9b614d73bb9a,L1,Profile
3f69db38-9a63-40b8-9e1f-9b614d73bb9a,L1,Profile
3f69db38-9a63-40b8-9e1f-9b614d73bb9a,L1,Profile
3f69db38-9a63-40b8-9e1f-9b614d73bb9a,L1,Profile
3f69db38-9a63-40b8-9e1f-9b614d73bb9a,L1,Profile
3f69db38-9a63-40b8-9e1f-9b614d73bb9a,L1,Profile
3f69db38-9a63-40b8-9e1f-9b614d73bb9a,L1,Profile
3f69db38-9a63-40b8-9e1f-9b614d73bb9a,L1,Profile
3f69db38-9a63-40b8-9e1f-9b614d73bb9a,L1,Profile
3f69db38-9a63-40b8-9e1f-9b614d73bb9a,L1,Profile
3f69db38-9a63-40b8-9e1f-9b614d73bb9a,L1,Profile
3f69db38-9a63-40b8-9e1f-9b614d73bb9a,L1,Profile
3f69db38-9a63-40b8-9e1f-9b614d73bb9a,L1,Profile
3f69db38-9a63-40b8-9e1f-9b614d73bb9a,L1,Profile
3f69db38-9a63-40b8-9e1f-9b614d73bb9a,L1,Profile
3f69db38-9a63-40b8-9e1f-9b614d73bb9a,L1,Profile
3f69db38-9a63-40b8-9e1f-9b614d73bb9a,L1,Profile
3f69db38-9a63-40b8-9e1f-9b614d73bb9a,L1,Profile
3f69db38-9a63-40b8-9e1f-9b614d73bb9a,L1,Profile
3f69db38-9a63-40b8-9e1f-9b614d73bb9a,L1,Profile
3f69db38-9a63-40b8-9e1f-9b614d73bb9a,L1,Profile
3f69db38-9a63-40b8-9e1f-9b614d73bb9a,L1,Profile
3f69db38-9a63-40b8-9e1f-9b614d73bb9a,L1,Profile
3f69db38-9a63-40b8-9e1f-9b614d73bb9a,L1,Profile
3f69db38-9a63-40b8-9e1f-9b614d73bb9a,L1,Profile
3f69db38-9a63-40b8-9e1f-9b614d73bb9a,L1,Profile
3f69db38-9a63-40b8-9e1f-9b614d73bb9a,L1,Profile
3f69db38-9a63-40b8-9e1f-9b614d73bb9a,L1,Profile
3f69db38-9a63-40b8-9e1f-9b614d73bb9a,L1,Profile
3f69db38-9a63-40b8-9e1f-9b614d73bb9a,L1,Profile
3f69db38-9a63-40b8-9e1f-9b614d73bb9a,L1,Profile
3f69db38-9a63-40b8-9e1f-9b614d73bb9a,L1,Profile
3f69db38-9a63-40b8-9e1f-9b614d73bb9a,L1,Profile
3f69db38-9a63-40b8-9e1f-9b614d73bb9a,L1,Profile
3f69db38-9a63-40b8-9e1f-9b614d73bb9a,L1,Profile
3f69db38-9a63-40b8-9e1f-9b614d73bb9a,L1,Profile
3f69db38-9a63-40b8-9e1f-9b614d73bb9a,L1,Profile
3f69db38-9a63-40b8-9e1f-9b614d73bb9a,L1,Profile
3f69db38-9a63-40b8-9e1f-9b614d73bb9a,L1,Profile
3f69db38-9a63-40b8-9e1f-9b614d73bb9a,L1,Profile
3f69db38-9a63-40b8-9e1f-9b614d73bb9a,L1,Profile
3f69db38-9a63-40b8-9e1f-9b614d73bb9a,L1,Profile
3f69db38-9a63-40b8-9e1f-9b614d73bb9a,L1,Profile
3f69db38-9a63-40b8-9e1f-9b614d73bb9a,L1,Profile
3f69db38-9a63-40b8-9e1f-9b614d73bb9a,L1,Profile
3f69db38-9a63-40b8-9e1f-9b614d73bb9a,L1,Profile
3f69db38-9a63-40b8-9e1f-9b614d73bb9a,L1,Profile
3f69db38-9a63-40b8-9e1f-9b614d73bb9a,L1,Profile
3f69db38-9a63-40b8-9e1f-9b614d73bb9a,L1,Profile
3f69db38-9a63-40b8-9e1f-9b614d73bb9a,L1,Profile
3f69db38-9a63-40b8-9e1f-9b614d73bb9a,L1,Profile
3f69db38-9a63-40b8-9e1f-9b614d73bb9a,L1,Profile
3f69db38-9a63-40b8-9e1f-9b614d73bb9a,L1,Profile
3f69db38-9a63-40b8-9e1f-9b614d73bb9a,L1,Profile
3f69db38-9a63-40b8-9e1f-9b614d73bb9a,L1,Profile
3f69db38-9a63-40b8-9e1f-9b614d73bb9a,L1,Profile
3f69db38-9a63-40b8-9e1f-9b614d73bb9a,L1,Profile
3f69db38-9a63-40b8-9e1f-9b614d73bb9a,L1,Profile
3f69db38-9a63-40b8-9e1f-9b614d73bb9a,L1,Profile
3f69db38-9a63-40b8-9e1f-9b614d73bb9a,L1,Profile
3f69db38-9a63-40b8-9e1f-9b614d73bb9a,L1,Profile
3f69db38-9a63-40b8-9e1f-9b614d73bb9a,L1,Profile
3f69db38-9a63-40b8-9e1f-9b614d73bb9a,L1,Profile
3f69db38-9a63-40b8-9e1f-9b614d73bb9a,L1,Profile
3f69db38-9a63-40b8-9e1f-9b614d73bb9a,L1,Profile
3f69db38-9a63-40b8-9e1f-9b614d73bb9a,L1,Profile
3f69db38-9a63-40b8-9e1f-9b614d73bb9a,L1,Profile
3f69db38-9a63-40b8-9e1f-9b614d73bb9a,L1,Profile
3f69db38-9a63-40b8-9e1f-9b614d73bb9a,L1,Profile
3f69db38-9a63-40b8-9e1f-9b614d73bb9a,L1,Profile
3f69db38-9a63-40b8-9e1f-9b614d73bb9a,L1,Profile
3f69db38-9a63-40b8-9e1f-9b614d73bb9a,L1,Profile
3f69db38-9a63-40b8-9e1f-9b614d73bb9a,L1,Profile
3f69db38-9a63-40b8-9e1f-9b614d73bb9a,L1,Profile
3f69db38-9a63-40b8-9e1f-9b614d73bb9a,L1,Profile
3f69db38-9a63-40b8-9e1f-9b614d73bb9a,L1,Profile
3f69db38-9a63-40b8-9e1f-9b614d73bb9a,L1,Profile
3f69db38-9a63-40b8-9e1f-9b614d73bb9a,L1,Profile
3f69db38-9a63-40b8-9e1f-9b614d73bb9a,L1,Profile
3f69db38-9a63-40b8-9e1f-9b614d73bb9a,L1,Profile
3f69db38-9a63-40b8-9e1f-9b614d73bb9a,L1,Profile
3f69db38-9a63-40b8-9e1f-9b614d73bb9a,L1,Profile
3f69db38-9a63-40b8-9e1f-9b614d73bb9a,L1,Profile
3f69db38-9a63-40b8-9e1f-9b614d73bb9a,L1,Profile
3f69db38-9a63-40b8-9e1f-9b614d73bb9a,L1,Profile
3f69db38-9a63-40b8-9e1f-9b614d73bb9a,L1,Profile
3f69db38-9a63-40b8-9e1f-9b614d73bb9a,L1,Profile
3f69db38-9a63-40b8-9e1f-9b614d73bb9a,L1,Profile
3f69db38-9a63-40b8-9e1f-9b614d73bb9a,L1,Profile
3f69db38-9a63-40b8-9e1f-9b614d73bb9a,L1,Profile
3f69db38-9a63-40b8-9e1f-9b614d73bb9a,L1,Profile
3f69db38-9a63-40b8-9e1f-9b614d73bb9a,L1,Profile
3f69db38-9a63-40b8-9e1f-9b614d73bb9a,L1,Profile
3f69db38-9a63-40b8-9e1f-9b614d73bb9a,L1,Profile
3f69db38-9a63-40b8-9e1f-9b614d73bb9a,L1,Profile
3f69db38-9a63-40b8-9e1f-9b614d73bb9a,L1,Profile
3f69db38-9a63-40b8-9e1f-9b614d73bb9a,L1,Profile
3f69db38-9a63-40b8-9e1f-9b614d73bb9a,L1,Profile
3f69db38-9a63-40b8-9e1f-9b614d73bb9a,L1,Profile
3f69db38-9a63-40b8-9e1f-9b614d73bb9a,L1,Profile
3f69db38-9a63-40b8-9e1f-9b614d73bb9a,L1,Profile
3f69db38-9a63-40b8-9e1f-9b614d73bb9a,L1,Profile
3f69db38-9a63-40b8-9e1f-9b614d73bb9a,L1,Profile
3f69db38-9a63-40b8-9e1f-9b614d73bb9a,L1,Profile
3f69db38-9a63-40b8-9e1f-9b614d73bb9a,L1,Profile
3f69db38-9a63-40b8-9e1f-9b614d73bb9a,L1,Profile
3f69db38-9a63-40b8-9e1f-9b614d73bb9a,L1,Profile
3f69db38-9a63-40b8-9e1f-9b614d73bb9a,L1,Profile
3f69db38-9a63-40b8-9e1f-9b614d73bb9a,L1,Profile
3f69db38-9a63-40b8-9e1f-9b614d73bb9a,L1,Profile
3f69db38-9a63-40b8-9e1f-9b614d73bb9a,L1,Profile
3f69db38-9a63-40b8-9e1f-9b614d73bb9a,L1,Profile
3f69db38-9a63-40b8-9e1f-9b614d73bb9a,L1,Profile
3f69db38-9a63-40b8-9e1f-9b614d73bb9a,L1,Profile
3f69db38-9a63-40b8-9e1f-9b614d73bb9a,L1,Profile
3f69db38-9a63-40b8-9e1f-9b614d73bb9a,L1,Profile
3f69db38-9a63-40b8-9e1f-9b614d73bb9a,L1,Profile
3f69db38-9a63-40b8-9e1f-9b614d73bb9a,L1,Profile
3f69db38-9a63-40b8-9e1f-9b614d73bb9a,L1,Profile
3f69db38-9a63-40b8-9e1f-9b614d73bb9a,L1,Profile
3f69db38-9a63-40b8-9e1f-9b614d73bb9a,L1,Profile
3f69db38-9a63-40b8-9e1f-9b614d73bb9a,L1,Profile
3f69db38-9a63-40b8-9e1f-9b614d73bb9a,L1,Profile
3f69db38-9a63-40b8-9e1f-9b614d73bb9a,L1,Profile
3f69db38-9a63-40b8-9e1f-9b614d73bb9a,L1,Profile
3f69db38-9a63-40b8-9e1f-9b614d73bb9a,L1,Profile
3f69db38-9a63-40b8-9e1f-9b614d73bb9a,L1,Profile
3f69db38-9a63-40b8-9e1f-9b614d73bb9a,L1,Profile
3f69db38-9a63-40b8-9e1f-9b614d73bb9a,L1,Profile
3f69db38-9a63-40b8-9e1f-9b614d73bb9a,L1,Profile
3f69db38-9a63-40b8-9e1f-9b614d73bb9a,L1,Profile
3f69db38-9a63-40b8-9e1f-9b614d73bb9a,L1,Profile
3f69db38-9a63-40b8-9e1f-9b614d73bb9a,L1,Profile
3f69db38-9a63-40b8-9e1f-9b614d73bb9a,L1,Profile
3f69db38-9a63-40b8-9e1f-9b614d73bb9a,L1,Profile
3f69db38-9a63-40b8-9e1f-9b614d73bb9a,L1,Profile
3f69db38-9a63-40b8-9e1f-9b614d73bb9a,L1,Profile
3f69db38-9a63-40b8-9e1f-9b614d73bb9a,L1,Profile
3f69db38-9a63-40b8-9e1f-9b614d73bb9a,L1,Profile
3f69db38-9a63-40b8-9e1f-9b614d73bb9a,L1,Profile
3f69db38-9a63-40b8-9e1f-9b614d73bb9a,L1,Profile
3f69db38-9a63-40b8-9e1f-9b614d73bb9a,L1,Profile
3f69db38-9a63-40b8-9e1f-9b614d73bb9a,L1,Profile
3f69db38-9a63-40b8-9e1f-9b614d73bb9a,L1,Profile
3f69db38-9a63-40b8-9e1f-9b614d73bb9a,L1,Profile
3f69db38-9a63-40b8-9e1f-9b614d73bb9a,L1,Profile
3f69db38-9a63-40b8-9e1f-9b614d73bb9a,L1,Profile
3f69db38-9a63-40b8-9e1f-9b614d73bb9a,L1,Profile
3f69db38-9a63-40b8-9e1f-9b614d73bb9a,L1,Profile
3f69db38-9a63-40b8-9e1f-9b614d73bb9a,L1,Profile
3f69db38-9a63-40b8-9e1f-9b614d73bb9a,L1,Profile
3f69db38-9a63-40b8-9e1f-9b614d73bb9a,L1,Profile
3f69db38-9a63-40b8-9e1f-9b614d73bb9a,L1,Profile
3f69db38-9a63-40b8-9e1f-9b614d73bb9a,L1,Profile
3f69db38-9a63-40b8-9e1f-9b614d73bb9a,L1,Profile
3f69db38-9a63-40b8-9e1f-9b614d73bb9a,L1,Profile
3f69db38-9a63-40b8-9e1f-9b614d73bb9a,L1,Profile
3f69db38-9a63-40b8-9e1f-9b614d73bb9a,L1,Profile
3f69db38-9a63-40b8-9e1f-9b614d73bb9a,L1,Profile
3f69db38-9a63-40b8-9e1f-9b614d73bb9a,L1,Profile
3f69db38-9a63-40b8-9e1f-9b614d73bb9a,L1,Profile
3f69db38-9a63-40b8-9e1f-9b614d73bb9a,L1,Profile
3f69db38-9a63-40b8-9e1f-9b614d73bb9a,L1,Profile
3f69db38-9a63-40b8-9e1f-9b614d73bb9a,L1,Profile
3f69db38-9a63-40b8-9e1f-9b614d73bb9a,L1,Profile
3f69db38-9a63-40b8-9e1f-9b614d73bb9a,L1,Profile
3f69db38-9a63-40b8-9e1f-9b614d73bb9a,L1,Profile
3f69db38-9a63-40b8-9e1f-9b614d73bb9a,L1,Profile
3f69db38-9a63-40b8-9e1f-9b614d73bb9a,L1,Profile
3f69db38-9a63-40b8-9e1f-9b614d73bb9a,L1,Profile
3f69db38-9a63-40b8-9e1f-9b614d73bb9a,L1,Profile
3f69db38-9a63-40b8-9e1f-9b614d73bb9a,L1,Profile
3f69db38-9a63-40b8-9e1f-9b614d73bb9a,L1,Profile
3f69db38-9a63-40b8-9e1f-9b614d73bb9a,L1,Profile
3f69db38-9a63-40b8-9e1f-9b614d73bb9a,L1,Profile
3f69db38-9a63-40b8-9e1f-9b614d73bb9a,L1,Profile
3f69db38-9a63-40b8-9e1f-9b614d73bb9a,L1,Profile
3f69db38-9a63-40b8-9e1f-9b614d73bb9a,L1,Profile
3f69db38-9a63-40b8-9e1f-9b614d73bb9a,L1,Profile
3f69db38-9a63-40b8-9e1f-9b614d73bb9a,L1,Profile
3f69db38-9a63-40b8-9e1f-9b614d73bb9a,L1,Profile
3f69db38-9a63-40b8-9e1f-9b614d73bb9a,L1,Profile
3f69db38-9a63-40b8-9e1f-9b614d73bb9a,L1,Profile
3f69db38-9a63-40b8-9e1f-9b614d73bb9a,L1,Profile
3f69db38-9a63-40b8-9e1f-9b614d73bb9a,L1,Profile
3f69db38-9a63-40b8-9e1f-9b614d73bb9a,L1,Profile
3f69db38-9a63-40b8-9e1f-9b614d73bb9a,L1,Profile
3f69db38-9a63-40b8-9e1f-9b614d73bb9a,L1,Profile
3f69db38-9a63-40b8-9e1f-9b614d73bb9a,L1,Profile
3f69db38-9a63-40b8-9e1f-9b614d73bb9a,L1,Profile
3f69db38-9a63-40b8-9e1f-9b614d73bb9a,L1,Profile
3f69db38-9a63-40b8-9e1f-9b614d73bb9a,L1,Profile
3f69db38-9a63-40b8-9e1f-9b614d73bb9a,L1,Profile
3f69db38-9a63-40b8-9e1f-9b614d73bb9a,L1,Profile
3f69db38-9a63-40b8-9e1f-9b614d73bb9a,L1,Profile
3f69db38-9a63-40b8-9e1f-9b614d73bb9a,L1,Profile
3f69db38-9a63-40b8-9e1f-9b614d73bb9a,L1,Profile
3f69db38-9a63-40b8-9e1f-9b614d73bb9a,L1,Profile
3f69db38-9a63-40b8-9e1f-9b614d73bb9a,L1,Profile
3f69db38-9a63-40b8-9e1f-9b614d73bb9a,L1,Profile
3f69db38-9a63-40b8-9e1f-9b614d73bb9a,L1,Profile
3f69db38-9a63-40b8-9e1f-9b614d73bb9a,L1,Profile
3f69db38-9a63-40b8-9e1f-9b614d73bb9a,L1,Profile
3f69db38-9a63-40b8-9e1f-9b614d73bb9a,L1,Profile
3f69db38-9a63-40b8-9e1f-9b614d73bb9a,L1,Profile
3f69db38-9a63-40b8-9e1f-9b614d73bb9a,L1,Profile
3f69db38-9a63-40b8-9e1f-9b614d73bb9a,L1,Profile
3f69db38-9a63-40b8-9e1f-9b614d73bb9a,L1,Profile
3f69db38-9a63-40b8-9e1f-9b614d73bb9a,L1,Profile
3f69db38-9a63-40b8-9e1f-9b614d73bb9a,L1,Profile
3f69db38-9a63-40b8-9e1f-9b614d73bb9a,L1,Profile
3f69db38-9a63-40b8-9e1f-9b614d73bb9a,L1,Profile
3f69db38-9a63-40b8-9e1f-9b614d73bb9a,L1,Profile
3f69db38-9a63-40b8-9e1f-9b614d73bb9a,L1,Profile
3f69db38-9a63-40b8-9e1f-9b614d73bb9a,L1,Profile
3f69db38-9a63-40b8-9e1f-9b614d73bb9a,L1,Profile
3f69db38-9a63-40b8-9e1f-9b614d73bb9a,L1,Profile
3f69db38-9a63-40b8-9e1f-9b614d73bb9a,L1,Profile
3f69db38-9a63-40b8-9e1f-9b614d73bb9a,L1,Profile
3f69db38-9a63-40b8-9e1f-9b614d73bb9a,L1,Profile
3f69db38-9a63-40b8-9e1f-9b614d73bb9a,L1,Profile
3f69db38-9a63-40b8-9e1f-9b614d73bb9a,L1,Profile
3f69db38-9a63-40b8-9e1f-9b614d73bb9a,L1,Profile
3f69db38-9a63-40b8-9e1f-9b614d73bb9a,L1,Profile
3f69db38-9a63-40b8-9e1f-9b614d73bb9a,L1,Profile
3f69db38-9a63-40b8-9e1f-9b614d73bb9a,L1,Profile
3f69db38-9a63-40b8-9e1f-9b614d73bb9a,L1,Profile
3f69db38-9a63-40b8-9e1f-9b614d73bb9a,L1,Profile
3f69db38-9a63-40b8-9e1f-9b614d73bb9a,L1,Profile
3f69db38-9a63-40b8-9e1f-9b614d73bb9a,L1,Profile
3f69db38-9a63-40b8-9e1f-9b614d73bb9a,L1,Profile
3f69db38-9a63-40b8-9e1f-9b614d73bb9a,L1,Profile
3f69db38-9a63-40b8-9e1f-9b614d73bb9a,L1,Profile
3f69db38-9a63-40b8-9e1f-9b614d73bb9a,L1,Profile
3f69db38-9a63-40b8-9e1f-9b614d73bb9a,L1,Profile
3f69db38-9a63-40b8-9e1f-9b614d73bb9a,L1,Profile
3f69db38-9a63-40b8-9e1f-9b614d73bb9a,L1,Profile
3f69db38-9a63-40b8-9e1f-9b614d73bb9a,L1,Profile
3f69db38-9a63-40b8-9e1f-9b614d73bb9a,L1,Profile
3f69db38-9a63-40b8-9e1f-9b614d73bb9a,L1,Profile
3f69db38-9a63-40b8-9e1f-9b614d73bb9a,L1,Profile
3f69db38-9a63-40b8-9e1f-9b614d73bb9a,L1,Profile
3f69db38-9a63-40b8-9e1f-9b614d73bb9a,L1,Profile
3f69db38-9a63-40b8-9e1f-9b614d73bb9a,L1,Profile
3f69db38-9a63-40b8-9e1f-9b614d73bb9a,L1,Profile
3f69db38-9a63-40b8-9e1f-9b614d73bb9a,L1,Profile
3f69db38-9a63-40b8-9e1f-9b614d73bb9a,L1,Profile
3f69db38-9a63-40b8-9e1f-9b614d73bb9a,L1,Profile
3f69db38-9a63-40b8-9e1f-9b614d73bb9a,L1,Profile
3f69db38-9a63-40b8-9e1f-9b614d73bb9a,L1,Profile
3f69db38-9a63-40b8-9e1f-9b614d73bb9a,L1,Profile
3f69db38-9a63-40b8-9e1f-9b614d73bb9a,L1,Profile
3f69db38-9a63-40b8-9e1f-9b614d73bb9a,L1,Profile
3f69db38-9a63-40b8-9e1f-9b614d73bb9a,L1,Profile
3f69db38-9a63-40b8-9e1f-9b614d73bb9a,L1,Profile
3f69db38-9a63-40b8-9e1f-9b614d73bb9a,L1,Profile
3f69db38-9a63-40b8-9e1f-9b614d73bb9a,L1,Profile
3f69db38-9a63-40b8-9e1f-9b614d73bb9a,L1,Profile
3f69db38-9a63-40b8-9e1f-9b614d73bb9a,L1,Profile
3f69db38-9a63-40b8-9e1f-9b614d73bb9a,L1,Profile
3f69db38-9a63-40b8-9e1f-9b614d73bb9a,L1,Profile
3f69db38-9a63-40b8-9e1f-9b614d73bb9a,L1,Profile
3f69db38-9a63-40b8-9e1f-9b614d73bb9a,L1,Profile
3f69db38-9a63-40b8-9e1f-9b614d73bb9a,L1,Profile
3f69db38-9a63-40b8-9e1f-9b614d73bb9a,L1,Profile
3f69db38-9a63-40b8-9e1f-9b614d73bb9a,L1,Profile
3f69db38-9a63-40b8-9e1f-9b614d73bb9a,L1,Profile
3f69db38-9a63-40b8-9e1f-9b614d73bb9a,L1,Profile
3f69db38-9a63-40b8-9e1f-9b614d73bb9a,L1,Profile
3f69db38-9a63-40b8-9e1f-9b614d73bb9a,L1,Profile
3f69db38-9a63-40b8-9e1f-9b614d73bb9a,L1,Profile
3f69db38-9a63-40b8-9e1f-9b614d73bb9a,L1,Profile
3f69db38-9a63-40b8-9e1f-9b614d73bb9a,L1,Profile
3f69db38-9a63-40b8-9e1f-9b614d73bb9a,L1,Profile
3f69db38-9a63-40b8-9e1f-9b614d73bb9a,L1,Profile
3f69db38-9a63-40b8-9e1f-9b614d73bb9a,L1,Profile
3f69db38-9a63-40b8-9e1f-9b614d73bb9a,L1,Profile
3f69db38-9a63-40b8-9e1f-9b614d73bb9a,L1,Profile
3f69db38-9a63-40b8-9e1f-9b614d73bb9a,L1,Profile
3f69db38-9a63-40b8-9e1f-9b614d73bb9a,L1,Profile
3f69db38-9a63-40b8-9e1f-9b614d73bb9a,L1,Profile
3f69db38-9a63-40b8-9e1f-9b614d73bb9a,L1,Profile
3f69db38-9a63-40b8-9e1f-9b614d73bb9a,L1,Profile
3f69db38-9a63-40b8-9e1f-9b614d73bb9a,L1,Profile
3f69db38-9a63-40b8-9e1f-9b614d73bb9a,L1,Profile
3f69db38-9a63-40b8-9e1f-9b614d73bb9a,L1,Profile
3f69db38-9a63-40b8-9e1f-9b614d73bb9a,L1,Profile
3f69db38-9a63-40b8-9e1f-9b614d73bb9a,L1,Profile
3f69db38-9a63-40b8-9e1f-9b614d73bb9a,L1,Profile
3f69db38-9a63-40b8-9e1f-9b614d73bb9a,L1,Profile
3f69db38-9a63-40b8-9e1f-9b614d73bb9a,L1,Profile
3f69db38-9a63-40b8-9e1f-9b614d73bb9a,L1,Profile
3f69db38-9a63-40b8-9e1f-9b614d73bb9a,L1,Profile
3f69db38-9a63-40b8-9e1f-9b614d73bb9a,L1,Profile
3f69db38-9a63-40b8-9e1f-9b614d73bb9a,L1,Profile
3f69db38-9a63-40b8-9e1f-9b614d73bb9a,L1,Profile
3f69db38-9a63-40b8-9e1f-9b614d73bb9a,L1,Profile
3f69db38-9a63-40b8-9e1f-9b614d73bb9a,L1,Profile
3f69db38-9a63-40b8-9e1f-9b614d73bb9a,L1,Profile
3f69db38-9a63-40b8-9e1f-9b614d73bb9a,L1,Profile
3f69db38-9a63-40b8-9e1f-9b614d73bb9a,L1,Profile
3f69db38-9a63-40b8-9e1f-9b614d73bb9a,L1,Profile
3f69db38-9a63-40b8-9e1f-9b614d73bb9a,L1,Profile
3f69db38-9a63-40b8-9e1f-9b614d73bb9a,L1,Profile
3f69db38-9a63-40b8-9e1f-9b614d73bb9a,L1,Profile
3f69db38-9a63-40b8-9e1f-9b614d73bb9a,L1,Profile
3f69db38-9a63-40b8-9e1f-9b614d73bb9a,L1,Profile
3f69db38-9a63-40b8-9e1f-9b614d73bb9a,L1,Profile
3f69db38-9a63-40b8-9e1f-9b614d73bb9a,L1,Profile
3f69db38-9a63-40b8-9e1f-9b614d73bb9a,L1,Profile
3f69db38-9a63-40b8-9e1f-9b614d73bb9a,L1,Profile
3f69db38-9a63-40b8-9e1f-9b614d73bb9a,L1,Profile
3f69db38-9a63-40b8-9e1f-9b614d73bb9a,L1,Profile
3f69db38-9a63-40b8-9e1f-9b614d73bb9a,L1,Profile
3f69db38-9a63-40b8-9e1f-9b614d73bb9a,L1,Profile
3f69db38-9a63-40b8-9e1f-9b614d73bb9a,L1,Profile
3f69db38-9a63-40b8-9e1f-9b614d73bb9a,L1,Profile
3f69db38-9a63-40b8-9e1f-9b614d73bb9a,L1,Profile
3f69db38-9a63-40b8-9e1f-9b614d73bb9a,L1,Profile
3f69db38-9a63-40b8-9e1f-9b614d73bb9a,L1,Profile
3f69db38-9a63-40b8-9e1f-9b614d73bb9a,L1,Profile
3f69db38-9a63-40b8-9e1f-9b614d73bb9a,L1,Profile
3f69db38-9a63-40b8-9e1f-9b614d73bb9a,L1,Profile
3f69db38-9a63-40b8-9e1f-9b614d73bb9a,L1,Profile
3f69db38-9a63-40b8-9e1f-9b614d73bb9a,L1,Profile
3f69db38-9a63-40b8-9e1f-9b614d73bb9a,L1,Profile
3f69db38-9a63-40b8-9e1f-9b614d73bb9a,L1,Profile
3f69db38-9a63-40b8-9e1f-9b614d73bb9a,L1,Profile
3f69db38-9a63-40b8-9e1f-9b614d73bb9a,L1,Profile
3f69db38-9a63-40b8-9e1f-9b614d73bb9a,L1,Profile
3f69db38-9a63-40b8-9e1f-9b614d73bb9a,L1,Profile
3f69db38-9a63-40b8-9e1f-9b614d73bb9a,L1,Profile
3f69db38-9a63-40b8-9e1f-9b614d73bb9a,L1,Profile
3f69db38-9a63-40b8-9e1f-9b614d73bb9a,L1,Profile
3f69db38-9a63-40b8-9e1f-9b614d73bb9a,L1,Profile
3f69db38-9a63-40b8-9e1f-9b614d73bb9a,L1,Profile
3f69db38-9a63-40b8-9e1f-9b614d73bb9a,L1,Profile
3f69db38-9a63-40b8-9e1f-9b614d73bb9a,L1,Profile
3f69db38-9a63-40b8-9e1f-9b614d73bb9a,L1,Profile
3f69db38-9a63-40b8-9e1f-9b614d73bb9a,L1,Profile
3f69db38-9a63-40b8-9e1f-9b614d73bb9a,L1,Profile
3f69db38-9a63-40b8-9e1f-9b614d73bb9a,L1,Profile
3f69db38-9a63-40b8-9e1f-9b614d73bb9a,L1,Profile
3f69db38-9a63-40b8-9e1f-9b614d73bb9a,L1,Profile
3f69db38-9a63-40b8-9e1f-9b614d73bb9a,L1,Profile
3f69db38-9a63-40b8-9e1f-9b614d73bb9a,L1,Profile
3f69db38-9a63-40b8-9e1f-9b614d73bb9a,L1,Profile
3f69db38-9a63-40b8-9e1f-9b614d73bb9a,L1,Profile
3f69db38-9a63-40b8-9e1f-9b614d73bb9a,L1,Profile
3f69db38-9a63-40b8-9e1f-9b614d73bb9a,L1,Profile
3f69db38-9a63-40b8-9e1f-9b614d73bb9a,L1,Profile
3f69db38-9a63-40b8-9e1f-9b614d73bb9a,L1,Profile
3f69db38-9a63-40b8-9e1f-9b614d73bb9a,L1,Profile
3f69db38-9a63-40b8-9e1f-9b614d73bb9a,L1,Profile
3f69db38-9a63-40b8-9e1f-9b614d73bb9a,L1,Profile
3f69db38-9a63-40b8-9e1f-9b614d73bb9a,L1,Profile
3f69db38-9a63-40b8-9e1f-9b614d73bb9a,L1,Profile
3f69db38-9a63-40b8-9e1f-9b614d73bb9a,L1,Profile
3f69db38-9a63-40b8-9e1f-9b614d73bb9a,L1,Profile
3f69db38-9a63-40b8-9e1f-9b614d73bb9a,L1,Profile
3f69db38-9a63-40b8-9e1f-9b614d73bb9a,L1,Profile
3f69db38-9a63-40b8-9e1f-9b614d73bb9a,L1,Profile
3f69db38-9a63-40b8-9e1f-9b614d73bb9a,L1,Profile
3f69db38-9a63-40b8-9e1f-9b614d73bb9a,L1,Profile
3f69db38-9a63-40b8-9e1f-9b614d73bb9a,L1,Profile
3f69db38-9a63-40b8-9e1f-9b614d73bb9a,L1,Profile
3f69db38-9a63-40b8-9e1f-9b614d73bb9a,L1,Profile
3f69db38-9a63-40b8-9e1f-9b614d73bb9a,L1,Profile
3f69db38-9a63-40b8-9e1f-9b614d73bb9a,L1,Profile
3f69db38-9a63-40b8-9e1f-9b614d73bb9a,L1,Profile
3f69db38-9a63-40b8-9e1f-9b614d73bb9a,L1,Profile
3f69db38-9a63-40b8-9e1f-9b614d73bb9a,L1,Profile
3f69db38-9a63-40b8-9e1f-9b614d73bb9a,L1,Profile
3f69db38-9a63-40b8-9e1f-9b614d73bb9a,L1,Profile
3f69db38-9a63-40b8-9e1f-9b614d73bb9a,L1,Profile
3f69db38-9a63-40b8-9e1f-9b614d73bb9a,L1,Profile
3f69db38-9a63-40b8-9e1f-9b614d73bb9a,L1,Profile
3f69db38-9a63-40b8-9e1f-9b614d73bb9a,L1,Profile
3f69db38-9a63-40b8-9e1f-9b614d73bb9a,L1,Profile
3f69db38-9a63-40b8-9e1f-9b614d73bb9a,L1,Profile
3f69db38-9a63-40b8-9e1f-9b614d73bb9a,L1,Profile
3f69db38-9a63-40b8-9e1f-9b614d73bb9a,L1,Profile
3f69db38-9a63-40b8-9e1f-9b614d73bb9a,L1,Profile
3f69db38-9a63-40b8-9e1f-9b614d73bb9a,L1,Profile
3f69db38-9a63-40b8-9e1f-9b614d73bb9a,L1,Profile
3f69db38-9a63-40b8-9e1f-9b614d73bb9a,L1,Profile
3f69db38-9a63-40b8-9e1f-9b614d73bb9a,L1,Profile
3f69db38-9a63-40b8-9e1f-9b614d73bb9a,L1,Profile
3f69db38-9a63-40b8-9e1f-9b614d73bb9a,L1,Profile
3f69db38-9a63-40b8-9e1f-9b614d73bb9a,L1,Profile
3f69db38-9a63-40b8-9e1f-9b614d73bb9a,L1,Profile
3f69db38-9a63-40b8-9e1f-9b614d73bb9a,L1,Profile
3f69db38-9a63-40b8-9e1f-9b614d73bb9a,L1,Profile
3f69db38-9a63-40b8-9e1f-9b614d73bb9a,L1,Profile
3f69db38-9a63-40b8-9e1f-9b614d73bb9a,L1,Profile
3f69db38-9a63-40b8-9e1f-9b614d73bb9a,L1,Profile
3f69db38-9a63-40b8-9e1f-9b614d73bb9a,L1,Profile
3f69db38-9a63-40b8-9e1f-9b614d73bb9a,L1,Profile
3f69db38-9a63-40b8-9e1f-9b614d73bb9a,L1,Profile
3f69db38-9a63-40b8-9e1f-9b614d73bb9a,L1,Profile
3f69db38-9a63-40b8-9e1f-9b614d73bb9a,L1,Profile
3f69db38-9a63-40b8-9e1f-9b614d73bb9a,L1,Profile
3f69db38-9a63-40b8-9e1f-9b614d73bb9a,L1,Profile
3f69db38-9a63-40b8-9e1f-9b614d73bb9a,L1,Profile
3f69db38-9a63-40b8-9e1f-9b614d73bb9a,L1,Profile
3f69db38-9a63-40b8-9e1f-9b614d73bb9a,L1,Profile
3f69db38-9a63-40b8-9e1f-9b614d73bb9a,L1,Profile
3f69db38-9a63-40b8-9e1f-9b614d73bb9a,L1,Profile
3f69db38-9a63-40b8-9e1f-9b614d73bb9a,L1,Profile
3f69db38-9a63-40b8-9e1f-9b614d73bb9a,L1,Profile
3f69db38-9a63-40b8-9e1f-9b614d73bb9a,L1,Profile
3f69db38-9a63-40b8-9e1f-9b614d73bb9a,L1,Profile
3f69db38-9a63-40b8-9e1f-9b614d73bb9a,L1,Profile
3f69db38-9a63-40b8-9e1f-9b614d73bb9a,L1,Profile
3f69db38-9a63-40b8-9e1f-9b614d73bb9a,L1,Profile
3f69db38-9a63-40b8-9e1f-9b614d73bb9a,L1,Profile
3f69db38-9a63-40b8-9e1f-9b614d73bb9a,L1,Profile
3f69db38-9a63-40b8-9e1f-9b614d73bb9a,L1,Profile
3f69db38-9a63-40b8-9e1f-9b614d73bb9a,L1,Profile
3f69db38-9a63-40b8-9e1f-9b614d73bb9a,L1,Profile
3f69db38-9a63-40b8-9e1f-9b614d73bb9a,L1,Profile
3f69db38-9a63-40b8-9e1f-9b614d73bb9a,L1,Profile
3f69db38-9a63-40b8-9e1f-9b614d73bb9a,L1,Profile
3f69db38-9a63-40b8-9e1f-9b614d73bb9a,L1,Profile
3f69db38-9a63-40b8-9e1f-9b614d73bb9a,L1,Profile
3f69db38-9a63-40b8-9e1f-9b614d73bb9a,L1,Profile
3f69db38-9a63-40b8-9e1f-9b614d73bb9a,L1,Profile
3f69db38-9a63-40b8-9e1f-9b614d73bb9a,L1,Profile
3f69db38-9a63-40b8-9e1f-9b614d73bb9a,L1,Profile
3f69db38-9a63-40b8-9e1f-9b614d73bb9a,L1,Profile
3f69db38-9a63-40b8-9e1f-9b614d73bb9a,L1,Profile
3f69db38-9a63-40b8-9e1f-9b614d73bb9a,L1,Profile
3f69db38-9a63-40b8-9e1f-9b614d73bb9a,L1,Profile
3f69db38-9a63-40b8-9e1f-9b614d73bb9a,L1,Profile
3f69db38-9a63-40b8-9e1f-9b614d73bb9a,L1,Profile
3f69db38-9a63-40b8-9e1f-9b614d73bb9a,L1,Profile
3f69db38-9a63-40b8-9e1f-9b614d73bb9a,L1,Profile
3f69db38-9a63-40b8-9e1f-9b614d73bb9a,L1,Profile
3f69db38-9a63-40b8-9e1f-9b614d73bb9a,L1,Profile
3f69db38-9a63-40b8-9e1f-9b614d73bb9a,L1,Profile
3f69db38-9a63-40b8-9e1f-9b614d73bb9a,L1,Profile
3f69db38-9a63-40b8-9e1f-9b614d73bb9a,L1,Profile
3f69db38-9a63-40b8-9e1f-9b614d73bb9a,L1,Profile
3f69db38-9a63-40b8-9e1f-9b614d73bb9a,L1,Profile
3f69db38-9a63-40b8-9e1f-9b614d73bb9a,L1,Profile
3f69db38-9a63-40b8-9e1f-9b614d73bb9a,L1,Profile
3f69db38-9a63-40b8-9e1f-9b614d73bb9a,L1,Profile
3f69db38-9a63-40b8-9e1f-9b614d73bb9a,L1,Profile
3f69db38-9a63-40b8-9e1f-9b614d73bb9a,L1,Profile
3f69db38-9a63-40b8-9e1f-9b614d73bb9a,L1,Profile
3f69db38-9a63-40b8-9e1f-9b614d73bb9a,L1,Profile
3f69db38-9a63-40b8-9e1f-9b614d73bb9a,L1,Profile
3f69db38-9a63-40b8-9e1f-9b614d73bb9a,L1,Profile
3f69db38-9a63-40b8-9e1f-9b614d73bb9a,L1,Profile
3f69db38-9a63-40b8-9e1f-9b614d73bb9a,L1,Profile
3f69db38-9a63-40b8-9e1f-9b614d73bb9a,L1,Profile
3f69db38-9a63-40b8-9e1f-9b614d73bb9a,L1,Profile
3f69db38-9a63-40b8-9e1f-9b614d73bb9a,L1,Profile
3f69db38-9a63-40b8-9e1f-9b614d73bb9a,L1,Profile
3f69db38-9a63-40b8-9e1f-9b614d73bb9a,L1,Profile
3f69db38-9a63-40b8-9e1f-9b614d73bb9a,L1,Profile
3f69db38-9a63-40b8-9e1f-9b614d73bb9a,L1,Profile
3f69db38-9a63-40b8-9e1f-9b614d73bb9a,L1,Profile
3f69db38-9a63-40b8-9e1f-9b614d73bb9a,L1,Profile
3f69db38-9a63-40b8-9e1f-9b614d73bb9a,L1,Profile
3f69db38-9a63-40b8-9e1f-9b614d73bb9a,L1,Profile
3f69db38-9a63-40b8-9e1f-9b614d73bb9a,L1,Profile
3f69db38-9a63-40b8-9e1f-9b614d73bb9a,L1,Profile
3f69db38-9a63-40b8-9e1f-9b614d73bb9a,L1,Profile
3f69db38-9a63-40b8-9e1f-9b614d73bb9a,L1,Profile
3f69db38-9a63-40b8-9e1f-9b614d73bb9a,L1,Profile
3f69db38-9a63-40b8-9e1f-9b614d73bb9a,L1,Profile
3f69db38-9a63-40b8-9e1f-9b614d73bb9a,L1,Profile
3f69db38-9a63-40b8-9e1f-9b614d73bb9a,L1,Profile
3f69db38-9a63-40b8-9e1f-9b614d73bb9a,L1,Profile
3f69db38-9a63-40b8-9e1f-9b614d73bb9a,L1,Profile
3f69db38-9a63-40b8-9e1f-9b614d73bb9a,L1,Profile
3f69db38-9a63-40b8-9e1f-9b614d73bb9a,L1,Profile
3f69db38-9a63-40b8-9e1f-9b614d73bb9a,L1,Profile
3f69db38-9a63-40b8-9e1f-9b614d73bb9a,L1,Profile
3f69db38-9a63-40b8-9e1f-9b614d73bb9a,L1,Profile
3f69db38-9a63-40b8-9e1f-9b614d73bb9a,L1,Profile
3f69db38-9a63-40b8-9e1f-9b614d73bb9a,L1,Profile
